Workbook

Sheet Page de garde
A1: 1. Expérimentateur 1 : copier et coller le n° de prestation et renseigner la date de réalisation de chaque réplica ainsi que le visa de l'expérimentateur.
A2: R1 | B2: Numéro d'expérience : | E2: Date de réalisation :
A3: R2 | B3: Numéro d'expérience : | E3: Date de réalisation :
A4: R3 | B4: Numéro d'expérience : | E4: Date de réalisation :
A5: 2. Expérimentateur 1 : copier et coller la dilution appliquée et le nom donné pour chaque des échantillons par le client. Conserver la mise en forme de l'exemple en italique. Ne pas remplir la colonne "nom sur graphique".
A6: Nom sur le graphique | B6: Code WF | C6: Concentration | D6: Unité | E6: Nom de l'échantillon donné par le client | F6: Dopage (+Testostérone / + EE2, ….)
A7: =IF(ISBLANK(liste_groupe[[#This Row],[Code WF]])," ",IF(ISBLANK(liste_groupe[[#This Row],[Unité]]),CONCATENATE(liste_groupe[[#This Row],[Nom de l''échantillon donné par le client]],liste_groupe[[#This Row],[Dopage (+Testostérone / + EE2, ….)]]),CONCATENATE(liste_groupe[[#This Row],[Nom de l''échantillon donné par le client]],"-",liste_groupe[[#This Row],[Concentration]],liste_groupe[[#This Row],[Unité]],liste_groupe[[#This Row],[Dopage (+Testostérone / + EE2, ….)]]))) -> Témoin solvant | B7: Témoin | E7: Témoin solvant
A8: =IF(ISBLANK(liste_groupe[[#This Row],[Code WF]])," ",IF(ISBLANK(liste_groupe[[#This Row],[Unité]]),CONCATENATE(liste_groupe[[#This Row],[Nom de l''échantillon donné par le client]],liste_groupe[[#This Row],[Dopage (+Testostérone / + EE2, ….)]]),CONCATENATE(liste_groupe[[#This Row],[Nom de l''échantillon donné par le client]],"-",liste_groupe[[#This Row],[Concentration]],liste_groupe[[#This Row],[Unité]],liste_groupe[[#This Row],[Dopage (+Testostérone / + EE2, ….)]]))) -> EE2-22.5ng/L | B8: Témoin | C8: 22.5 | D8: ng/L | E8: EE2
A9: =IF(ISBLANK(liste_groupe[[#This Row],[Code WF]])," ",IF(ISBLANK(liste_groupe[[#This Row],[Unité]]),CONCATENATE(liste_groupe[[#This Row],[Nom de l''échantillon donné par le client]],liste_groupe[[#This Row],[Dopage (+Testostérone / + EE2, ….)]]),CONCATENATE(liste_groupe[[#This Row],[Nom de l''échantillon donné par le client]],"-",liste_groupe[[#This Row],[Concentration]],liste_groupe[[#This Row],[Unité]],liste_groupe[[#This Row],[Dopage (+Testostérone / + EE2, ….)]]))) -> EE2-33.8ng/L | B9: Témoin | C9: 33.8 | D9: ng/L | E9: EE2
A10: =IF(ISBLANK(liste_groupe[[#This Row],[Code WF]])," ",IF(ISBLANK(liste_groupe[[#This Row],[Unité]]),CONCATENATE(liste_groupe[[#This Row],[Nom de l''échantillon donné par le client]],liste_groupe[[#This Row],[Dopage (+Testostérone / + EE2, ….)]]),CONCATENATE(liste_groupe[[#This Row],[Nom de l''échantillon donné par le client]],"-",liste_groupe[[#This Row],[Concentration]],liste_groupe[[#This Row],[Unité]],liste_groupe[[#This Row],[Dopage (+Testostérone / + EE2, ….)]]))) -> EE2-50.6ng/L | B10: Témoin | C10: 50.6 | D10: ng/L | E10: EE2
A11: =IF(ISBLANK(liste_groupe[[#This Row],[Code WF]])," ",IF(ISBLANK(liste_groupe[[#This Row],[Unité]]),CONCATENATE(liste_groupe[[#This Row],[Nom de l''échantillon donné par le client]],liste_groupe[[#This Row],[Dopage (+Testostérone / + EE2, ….)]]),CONCATENATE(liste_groupe[[#This Row],[Nom de l''échantillon donné par le client]],"-",liste_groupe[[#This Row],[Concentration]],liste_groupe[[#This Row],[Unité]],liste_groupe[[#This Row],[Dopage (+Testostérone / + EE2, ….)]]))) -> EE2-76ng/L | B11: Témoin | C11: 76 | D11: ng/L | E11: EE2
A12: =IF(ISBLANK(liste_groupe[[#This Row],[Code WF]])," ",IF(ISBLANK(liste_groupe[[#This Row],[Unité]]),CONCATENATE(liste_groupe[[#This Row],[Nom de l''échantillon donné par le client]],liste_groupe[[#This Row],[Dopage (+Testostérone / + EE2, ….)]]),CONCATENATE(liste_groupe[[#This Row],[Nom de l''échantillon donné par le client]],"-",liste_groupe[[#This Row],[Concentration]],liste_groupe[[#This Row],[Unité]],liste_groupe[[#This Row],[Dopage (+Testostérone / + EE2, ….)]]))) -> EE2-114ng/L | B12: Témoin | C12: 114 | D12: ng/L | E12: EE2
A13: =IF(ISBLANK(liste_groupe[[#This Row],[Code WF]])," ",IF(ISBLANK(liste_groupe[[#This Row],[Unité]]),CONCATENATE(liste_groupe[[#This Row],[Nom de l''échantillon donné par le client]],liste_groupe[[#This Row],[Dopage (+Testostérone / + EE2, ….)]]),CONCATENATE(liste_groupe[[#This Row],[Nom de l''échantillon donné par le client]],"-",liste_groupe[[#This Row],[Concentration]],liste_groupe[[#This Row],[Unité]],liste_groupe[[#This Row],[Dopage (+Testostérone / + EE2, ….)]]))) -> EE2-170.9ng/L | B13: Témoin | C13: 170.9 | D13: ng/L | E13: EE2
A14: =IF(ISBLANK(liste_groupe[[#This Row],[Code WF]])," ",IF(ISBLANK(liste_groupe[[#This Row],[Unité]]),CONCATENATE(liste_groupe[[#This Row],[Nom de l''échantillon donné par le client]],liste_groupe[[#This Row],[Dopage (+Testostérone / + EE2, ….)]]),CONCATENATE(liste_groupe[[#This Row],[Nom de l''échantillon donné par le client]],"-",liste_groupe[[#This Row],[Concentration]],liste_groupe[[#This Row],[Unité]],liste_groupe[[#This Row],[Dopage (+Testostérone / + EE2, ….)]]))) -> EE2-488ng/L | B14: Témoin | C14: 488 | D14: ng/L | E14: EE2
A15: =IF(ISBLANK(liste_groupe[[#This Row],[Code WF]])," ",IF(ISBLANK(liste_groupe[[#This Row],[Unité]]),CONCATENATE(liste_groupe[[#This Row],[Nom de l''échantillon donné par le client]],liste_groupe[[#This Row],[Dopage (+Testostérone / + EE2, ….)]]),CONCATENATE(liste_groupe[[#This Row],[Nom de l''échantillon donné par le client]],"-",liste_groupe[[#This Row],[Concentration]],liste_groupe[[#This Row],[Unité]],liste_groupe[[#This Row],[Dopage (+Testostérone / + EE2, ….)]]))) -> BPA-1mg/L | B15: Test | C15: 1 | D15: mg/L | E15: BPA
A16: =IF(ISBLANK(liste_groupe[[#This Row],[Code WF]])," ",IF(ISBLANK(liste_groupe[[#This Row],[Unité]]),CONCATENATE(liste_groupe[[#This Row],[Nom de l''échantillon donné par le client]],liste_groupe[[#This Row],[Dopage (+Testostérone / + EE2, ….)]]),CONCATENATE(liste_groupe[[#This Row],[Nom de l''échantillon donné par le client]],"-",liste_groupe[[#This Row],[Concentration]],liste_groupe[[#This Row],[Unité]],liste_groupe[[#This Row],[Dopage (+Testostérone / + EE2, ….)]]))) -> BPA-2mg/L | B16: Test | C16: 2 | D16: mg/L | E16: BPA
A17: =IF(ISBLANK(liste_groupe[[#This Row],[Code WF]])," ",IF(ISBLANK(liste_groupe[[#This Row],[Unité]]),CONCATENATE(liste_groupe[[#This Row],[Nom de l''échantillon donné par le client]],liste_groupe[[#This Row],[Dopage (+Testostérone / + EE2, ….)]]),CONCATENATE(liste_groupe[[#This Row],[Nom de l''échantillon donné par le client]],"-",liste_groupe[[#This Row],[Concentration]],liste_groupe[[#This Row],[Unité]],liste_groupe[[#This Row],[Dopage (+Testostérone / + EE2, ….)]]))) -> BPA-3mg/L | B17: Test | C17: 3 | D17: mg/L | E17: BPA
A18: =IF(ISBLANK(liste_groupe[[#This Row],[Code WF]])," ",IF(ISBLANK(liste_groupe[[#This Row],[Unité]]),CONCATENATE(liste_groupe[[#This Row],[Nom de l''échantillon donné par le client]],liste_groupe[[#This Row],[Dopage (+Testostérone / + EE2, ….)]]),CONCATENATE(liste_groupe[[#This Row],[Nom de l''échantillon donné par le client]],"-",liste_groupe[[#This Row],[Concentration]],liste_groupe[[#This Row],[Unité]],liste_groupe[[#This Row],[Dopage (+Testostérone / + EE2, ….)]]))) -> BPA-4mg/L | B18: Test | C18: 4 | D18: mg/L | E18: BPA
A19: =IF(ISBLANK(liste_groupe[[#This Row],[Code WF]])," ",IF(ISBLANK(liste_groupe[[#This Row],[Unité]]),CONCATENATE(liste_groupe[[#This Row],[Nom de l''échantillon donné par le client]],liste_groupe[[#This Row],[Dopage (+Testostérone / + EE2, ….)]]),CONCATENATE(liste_groupe[[#This Row],[Nom de l''échantillon donné par le client]],"-",liste_groupe[[#This Row],[Concentration]],liste_groupe[[#This Row],[Unité]],liste_groupe[[#This Row],[Dopage (+Testostérone / + EE2, ….)]]))) -> BPA-5mg/L | B19: Test | C19: 5 | D19: mg/L | E19: BPA
A20: =IF(ISBLANK(liste_groupe[[#This Row],[Code WF]])," ",IF(ISBLANK(liste_groupe[[#This Row],[Unité]]),CONCATENATE(liste_groupe[[#This Row],[Nom de l''échantillon donné par le client]],liste_groupe[[#This Row],[Dopage (+Testostérone / + EE2, ….)]]),CONCATENATE(liste_groupe[[#This Row],[Nom de l''échantillon donné par le client]],"-",liste_groupe[[#This Row],[Concentration]],liste_groupe[[#This Row],[Unité]],liste_groupe[[#This Row],[Dopage (+Testostérone / + EE2, ….)]])))
A21: =IF(ISBLANK(liste_groupe[[#This Row],[Code WF]])," ",IF(ISBLANK(liste_groupe[[#This Row],[Unité]]),CONCATENATE(liste_groupe[[#This Row],[Nom de l''échantillon donné par le client]],liste_groupe[[#This Row],[Dopage (+Testostérone / + EE2, ….)]]),CONCATENATE(liste_groupe[[#This Row],[Nom de l''échantillon donné par le client]],"-",liste_groupe[[#This Row],[Concentration]],liste_groupe[[#This Row],[Unité]],liste_groupe[[#This Row],[Dopage (+Testostérone / + EE2, ….)]])))
A22: =IF(ISBLANK(liste_groupe[[#This Row],[Code WF]])," ",IF(ISBLANK(liste_groupe[[#This Row],[Unité]]),CONCATENATE(liste_groupe[[#This Row],[Nom de l''échantillon donné par le client]],liste_groupe[[#This Row],[Dopage (+Testostérone / + EE2, ….)]]),CONCATENATE(liste_groupe[[#This Row],[Nom de l''échantillon donné par le client]],"-",liste_groupe[[#This Row],[Concentration]],liste_groupe[[#This Row],[Unité]],liste_groupe[[#This Row],[Dopage (+Testostérone / + EE2, ….)]])))
A23: =IF(ISBLANK(liste_groupe[[#This Row],[Code WF]])," ",IF(ISBLANK(liste_groupe[[#This Row],[Unité]]),CONCATENATE(liste_groupe[[#This Row],[Nom de l''échantillon donné par le client]],liste_groupe[[#This Row],[Dopage (+Testostérone / + EE2, ….)]]),CONCATENATE(liste_groupe[[#This Row],[Nom de l''échantillon donné par le client]],"-",liste_groupe[[#This Row],[Concentration]],liste_groupe[[#This Row],[Unité]],liste_groupe[[#This Row],[Dopage (+Testostérone / + EE2, ….)]])))
A24: =IF(ISBLANK(liste_groupe[[#This Row],[Code WF]])," ",IF(ISBLANK(liste_groupe[[#This Row],[Unité]]),CONCATENATE(liste_groupe[[#This Row],[Nom de l''échantillon donné par le client]],liste_groupe[[#This Row],[Dopage (+Testostérone / + EE2, ….)]]),CONCATENATE(liste_groupe[[#This Row],[Nom de l''échantillon donné par le client]],"-",liste_groupe[[#This Row],[Concentration]],liste_groupe[[#This Row],[Unité]],liste_groupe[[#This Row],[Dopage (+Testostérone / + EE2, ….)]])))
A25: =IF(ISBLANK(liste_groupe[[#This Row],[Code WF]])," ",IF(ISBLANK(liste_groupe[[#This Row],[Unité]]),CONCATENATE(liste_groupe[[#This Row],[Nom de l''échantillon donné par le client]],liste_groupe[[#This Row],[Dopage (+Testostérone / + EE2, ….)]]),CONCATENATE(liste_groupe[[#This Row],[Nom de l''échantillon donné par le client]],"-",liste_groupe[[#This Row],[Concentration]],liste_groupe[[#This Row],[Unité]],liste_groupe[[#This Row],[Dopage (+Testostérone / + EE2, ….)]])))
A26: =IF(ISBLANK(liste_groupe[[#This Row],[Code WF]])," ",IF(ISBLANK(liste_groupe[[#This Row],[Unité]]),CONCATENATE(liste_groupe[[#This Row],[Nom de l''échantillon donné par le client]],liste_groupe[[#This Row],[Dopage (+Testostérone / + EE2, ….)]]),CONCATENATE(liste_groupe[[#This Row],[Nom de l''échantillon donné par le client]],"-",liste_groupe[[#This Row],[Concentration]],liste_groupe[[#This Row],[Unité]],liste_groupe[[#This Row],[Dopage (+Testostérone / + EE2, ….)]])))
A27: =IF(ISBLANK(liste_groupe[[#This Row],[Code WF]])," ",IF(ISBLANK(liste_groupe[[#This Row],[Unité]]),CONCATENATE(liste_groupe[[#This Row],[Nom de l''échantillon donné par le client]],liste_groupe[[#This Row],[Dopage (+Testostérone / + EE2, ….)]]),CONCATENATE(liste_groupe[[#This Row],[Nom de l''échantillon donné par le client]],"-",liste_groupe[[#This Row],[Concentration]],liste_groupe[[#This Row],[Unité]],liste_groupe[[#This Row],[Dopage (+Testostérone / + EE2, ….)]])))
A28: =IF(ISBLANK(liste_groupe[[#This Row],[Code WF]])," ",IF(ISBLANK(liste_groupe[[#This Row],[Unité]]),CONCATENATE(liste_groupe[[#This Row],[Nom de l''échantillon donné par le client]],liste_groupe[[#This Row],[Dopage (+Testostérone / + EE2, ….)]]),CONCATENATE(liste_groupe[[#This Row],[Nom de l''échantillon donné par le client]],"-",liste_groupe[[#This Row],[Concentration]],liste_groupe[[#This Row],[Unité]],liste_groupe[[#This Row],[Dopage (+Testostérone / + EE2, ….)]])))
A29: =IF(ISBLANK(liste_groupe[[#This Row],[Code WF]])," ",IF(ISBLANK(liste_groupe[[#This Row],[Unité]]),CONCATENATE(liste_groupe[[#This Row],[Nom de l''échantillon donné par le client]],liste_groupe[[#This Row],[Dopage (+Testostérone / + EE2, ….)]]),CONCATENATE(liste_groupe[[#This Row],[Nom de l''échantillon donné par le client]],"-",liste_groupe[[#This Row],[Concentration]],liste_groupe[[#This Row],[Unité]],liste_groupe[[#This Row],[Dopage (+Testostérone / + EE2, ….)]])))
A30: =IF(ISBLANK(liste_groupe[[#This Row],[Code WF]])," ",IF(ISBLANK(liste_groupe[[#This Row],[Unité]]),CONCATENATE(liste_groupe[[#This Row],[Nom de l''échantillon donné par le client]],liste_groupe[[#This Row],[Dopage (+Testostérone / + EE2, ….)]]),CONCATENATE(liste_groupe[[#This Row],[Nom de l''échantillon donné par le client]],"-",liste_groupe[[#This Row],[Concentration]],liste_groupe[[#This Row],[Unité]],liste_groupe[[#This Row],[Dopage (+Testostérone / + EE2, ….)]])))
A31: =IF(ISBLANK(liste_groupe[[#This Row],[Code WF]])," ",IF(ISBLANK(liste_groupe[[#This Row],[Unité]]),CONCATENATE(liste_groupe[[#This Row],[Nom de l''échantillon donné par le client]],liste_groupe[[#This Row],[Dopage (+Testostérone / + EE2, ….)]]),CONCATENATE(liste_groupe[[#This Row],[Nom de l''échantillon donné par le client]],"-",liste_groupe[[#This Row],[Concentration]],liste_groupe[[#This Row],[Unité]],liste_groupe[[#This Row],[Dopage (+Testostérone / + EE2, ….)]])))
... A35: =IF(ISBLANK(liste_groupe[[#This Row],[Code WF]])," ",IF(ISBLANK(liste_groupe[[#This Row],[Unité]]),CONCATENATE(liste_groupe[[#This Row],[Nom de l''échantillon donné par le client]],liste_groupe[[#This Row],[Dopage (+Testostérone / + EE2, ….)]]),CONCATENATE(liste_groupe[[#This Row],[Nom de l''échantillon donné par le client]],"-",liste_groupe[[#This Row],[Concentration]],liste_groupe[[#This Row],[Unité]],liste_groupe[[#This Row],[Dopage (+Testostérone / + EE2, ….)]])))
A36: =IF(ISBLANK(liste_groupe[[#This Row],[Code WF]])," ",IF(ISBLANK(liste_groupe[[#This Row],[Unité]]),CONCATENATE(liste_groupe[[#This Row],[Nom de l''échantillon donné par le client]],liste_groupe[[#This Row],[Dopage (+Testostérone / + EE2, ….)]]),CONCATENATE(liste_groupe[[#This Row],[Nom de l''échantillon donné par le client]],"-",liste_groupe[[#This Row],[Concentration]],liste_groupe[[#This Row],[Unité]],liste_groupe[[#This Row],[Dopage (+Testostérone / + EE2, ….)]]))) -> Testo -30µg/L | B36: Témoin | C36: 30 | D36: µg/L | E36: Testo
A37: =IF(ISBLANK(liste_groupe[[#This Row],[Code WF]])," ",IF(ISBLANK(liste_groupe[[#This Row],[Unité]]),CONCATENATE(liste_groupe[[#This Row],[Nom de l''échantillon donné par le client]],liste_groupe[[#This Row],[Dopage (+Testostérone / + EE2, ….)]]),CONCATENATE(liste_groupe[[#This Row],[Nom de l''échantillon donné par le client]],"-",liste_groupe[[#This Row],[Concentration]],liste_groupe[[#This Row],[Unité]],liste_groupe[[#This Row],[Dopage (+Testostérone / + EE2, ….)]]))) -> Testo 30µg/L + EE2 -64ng/L | B37: Témoin | C37: 64 | D37: ng/L | E37: Testo 30µg/L + EE2
A38: =IF(ISBLANK(liste_groupe[[#This Row],[Code WF]])," ",IF(ISBLANK(liste_groupe[[#This Row],[Unité]]),CONCATENATE(liste_groupe[[#This Row],[Nom de l''échantillon donné par le client]],liste_groupe[[#This Row],[Dopage (+Testostérone / + EE2, ….)]]),CONCATENATE(liste_groupe[[#This Row],[Nom de l''échantillon donné par le client]],"-",liste_groupe[[#This Row],[Concentration]],liste_groupe[[#This Row],[Unité]],liste_groupe[[#This Row],[Dopage (+Testostérone / + EE2, ….)]]))) -> Testo 30µg/L + FAD-10µg/L | B38: Témoin | C38: 10 | D38: µg/L | E38: Testo 30µg/L + FAD
A39: =IF(ISBLANK(liste_groupe[[#This Row],[Code WF]])," ",IF(ISBLANK(liste_groupe[[#This Row],[Unité]]),CONCATENATE(liste_groupe[[#This Row],[Nom de l''échantillon donné par le client]],liste_groupe[[#This Row],[Dopage (+Testostérone / + EE2, ….)]]),CONCATENATE(liste_groupe[[#This Row],[Nom de l''échantillon donné par le client]],"-",liste_groupe[[#This Row],[Concentration]],liste_groupe[[#This Row],[Unité]],liste_groupe[[#This Row],[Dopage (+Testostérone / + EE2, ….)]]))) -> BPA-1mg/L + Testostérone | B39: =B15 -> Test | C39: =C15 -> 1 | D39: =D15 -> mg/L | E39: =E15 -> BPA | F39: + Testostérone
A40: =IF(ISBLANK(liste_groupe[[#This Row],[Code WF]])," ",IF(ISBLANK(liste_groupe[[#This Row],[Unité]]),CONCATENATE(liste_groupe[[#This Row],[Nom de l''échantillon donné par le client]],liste_groupe[[#This Row],[Dopage (+Testostérone / + EE2, ….)]]),CONCATENATE(liste_groupe[[#This Row],[Nom de l''échantillon donné par le client]],"-",liste_groupe[[#This Row],[Concentration]],liste_groupe[[#This Row],[Unité]],liste_groupe[[#This Row],[Dopage (+Testostérone / + EE2, ….)]]))) -> BPA-2mg/L + Testostérone | B40: =B16 -> Test | C40: =C16 -> 2 | D40: =D16 -> mg/L | E40: =E16 -> BPA | F40: + Testostérone
A41: =IF(ISBLANK(liste_groupe[[#This Row],[Code WF]])," ",IF(ISBLANK(liste_groupe[[#This Row],[Unité]]),CONCATENATE(liste_groupe[[#This Row],[Nom de l''échantillon donné par le client]],liste_groupe[[#This Row],[Dopage (+Testostérone / + EE2, ….)]]),CONCATENATE(liste_groupe[[#This Row],[Nom de l''échantillon donné par le client]],"-",liste_groupe[[#This Row],[Concentration]],liste_groupe[[#This Row],[Unité]],liste_groupe[[#This Row],[Dopage (+Testostérone / + EE2, ….)]]))) -> BPA-3mg/L + Testostérone | B41: =B17 -> Test | C41: =C17 -> 3 | D41: =D17 -> mg/L | E41: =E17 -> BPA | F41: + Testostérone
A42: =IF(ISBLANK(liste_groupe[[#This Row],[Code WF]])," ",IF(ISBLANK(liste_groupe[[#This Row],[Unité]]),CONCATENATE(liste_groupe[[#This Row],[Nom de l''échantillon donné par le client]],liste_groupe[[#This Row],[Dopage (+Testostérone / + EE2, ….)]]),CONCATENATE(liste_groupe[[#This Row],[Nom de l''échantillon donné par le client]],"-",liste_groupe[[#This Row],[Concentration]],liste_groupe[[#This Row],[Unité]],liste_groupe[[#This Row],[Dopage (+Testostérone / + EE2, ….)]]))) -> BPA-4mg/L + Testostérone | B42: =B18 -> Test | C42: =C18 -> 4 | D42: =D18 -> mg/L | E42: =E18 -> BPA | F42: + Testostérone
A43: =IF(ISBLANK(liste_groupe[[#This Row],[Code WF]])," ",IF(ISBLANK(liste_groupe[[#This Row],[Unité]]),CONCATENATE(liste_groupe[[#This Row],[Nom de l''échantillon donné par le client]],liste_groupe[[#This Row],[Dopage (+Testostérone / + EE2, ….)]]),CONCATENATE(liste_groupe[[#This Row],[Nom de l''échantillon donné par le client]],"-",liste_groupe[[#This Row],[Concentration]],liste_groupe[[#This Row],[Unité]],liste_groupe[[#This Row],[Dopage (+Testostérone / + EE2, ….)]]))) -> BPA-5mg/L + Testostérone | B43: =B19 -> Test | C43: =C19 -> 5 | D43: =D19 -> mg/L | E43: =E19 -> BPA | F43: + Testostérone
A44: =IF(ISBLANK(liste_groupe[[#This Row],[Code WF]])," ",IF(ISBLANK(liste_groupe[[#This Row],[Unité]]),CONCATENATE(liste_groupe[[#This Row],[Nom de l''échantillon donné par le client]],liste_groupe[[#This Row],[Dopage (+Testostérone / + EE2, ….)]]),CONCATENATE(liste_groupe[[#This Row],[Nom de l''échantillon donné par le client]],"-",liste_groupe[[#This Row],[Concentration]],liste_groupe[[#This Row],[Unité]],liste_groupe[[#This Row],[Dopage (+Testostérone / + EE2, ….)]]))) -> 0-00 + Testostérone | B44: =B20 -> 0 | C44: =C20 -> 0 | D44: =D20 -> 0 | E44: =E20 -> 0 | F44: + Testostérone
A45: =IF(ISBLANK(liste_groupe[[#This Row],[Code WF]])," ",IF(ISBLANK(liste_groupe[[#This Row],[Unité]]),CONCATENATE(liste_groupe[[#This Row],[Nom de l''échantillon donné par le client]],liste_groupe[[#This Row],[Dopage (+Testostérone / + EE2, ….)]]),CONCATENATE(liste_groupe[[#This Row],[Nom de l''échantillon donné par le client]],"-",liste_groupe[[#This Row],[Concentration]],liste_groupe[[#This Row],[Unité]],liste_groupe[[#This Row],[Dopage (+Testostérone / + EE2, ….)]]))) -> 0-00 + Testostérone | B45: =B21 -> 0 | C45: =C21 -> 0 | D45: =D21 -> 0 | E45: =E21 -> 0 | F45: + Testostérone
A46: =IF(ISBLANK(liste_groupe[[#This Row],[Code WF]])," ",IF(ISBLANK(liste_groupe[[#This Row],[Unité]]),CONCATENATE(liste_groupe[[#This Row],[Nom de l''échantillon donné par le client]],liste_groupe[[#This Row],[Dopage (+Testostérone / + EE2, ….)]]),CONCATENATE(liste_groupe[[#This Row],[Nom de l''échantillon donné par le client]],"-",liste_groupe[[#This Row],[Concentration]],liste_groupe[[#This Row],[Unité]],liste_groupe[[#This Row],[Dopage (+Testostérone / + EE2, ….)]]))) -> 0-00 + Testostérone | B46: =B22 -> 0 | C46: =C22 -> 0 | D46: =D22 -> 0 | E46: =E22 -> 0 | F46: + Testostérone
A47: =IF(ISBLANK(liste_groupe[[#This Row],[Code WF]])," ",IF(ISBLANK(liste_groupe[[#This Row],[Unité]]),CONCATENATE(liste_groupe[[#This Row],[Nom de l''échantillon donné par le client]],liste_groupe[[#This Row],[Dopage (+Testostérone / + EE2, ….)]]),CONCATENATE(liste_groupe[[#This Row],[Nom de l''échantillon donné par le client]],"-",liste_groupe[[#This Row],[Concentration]],liste_groupe[[#This Row],[Unité]],liste_groupe[[#This Row],[Dopage (+Testostérone / + EE2, ….)]]))) -> 0-00 + Testostérone | B47: =B23 -> 0 | C47: =C23 -> 0 | D47: =D23 -> 0 | E47: =E23 -> 0 | F47: + Testostérone
A48: =IF(ISBLANK(liste_groupe[[#This Row],[Code WF]])," ",IF(ISBLANK(liste_groupe[[#This Row],[Unité]]),CONCATENATE(liste_groupe[[#This Row],[Nom de l''échantillon donné par le client]],liste_groupe[[#This Row],[Dopage (+Testostérone / + EE2, ….)]]),CONCATENATE(liste_groupe[[#This Row],[Nom de l''échantillon donné par le client]],"-",liste_groupe[[#This Row],[Concentration]],liste_groupe[[#This Row],[Unité]],liste_groupe[[#This Row],[Dopage (+Testostérone / + EE2, ….)]]))) -> 0-00 + Testostérone | B48: =B24 -> 0 | C48: =C24 -> 0 | D48: =D24 -> 0 | E48: =E24 -> 0 | F48: + Testostérone
A49: =IF(ISBLANK(liste_groupe[[#This Row],[Code WF]])," ",IF(ISBLANK(liste_groupe[[#This Row],[Unité]]),CONCATENATE(liste_groupe[[#This Row],[Nom de l''échantillon donné par le client]],liste_groupe[[#This Row],[Dopage (+Testostérone / + EE2, ….)]]),CONCATENATE(liste_groupe[[#This Row],[Nom de l''échantillon donné par le client]],"-",liste_groupe[[#This Row],[Concentration]],liste_groupe[[#This Row],[Unité]],liste_groupe[[#This Row],[Dopage (+Testostérone / + EE2, ….)]]))) -> 0-00 + Testostérone | B49: =B25 -> 0 | C49: =C25 -> 0 | D49: =D25 -> 0 | E49: =E25 -> 0 | F49: + Testostérone
A50: =IF(ISBLANK(liste_groupe[[#This Row],[Code WF]])," ",IF(ISBLANK(liste_groupe[[#This Row],[Unité]]),CONCATENATE(liste_groupe[[#This Row],[Nom de l''échantillon donné par le client]],liste_groupe[[#This Row],[Dopage (+Testostérone / + EE2, ….)]]),CONCATENATE(liste_groupe[[#This Row],[Nom de l''échantillon donné par le client]],"-",liste_groupe[[#This Row],[Concentration]],liste_groupe[[#This Row],[Unité]],liste_groupe[[#This Row],[Dopage (+Testostérone / + EE2, ….)]]))) -> 0-00 + Testostérone | B50: =B26 -> 0 | C50: =C26 -> 0 | D50: =D26 -> 0 | E50: =E26 -> 0 | F50: + Testostérone
... A58: =IF(ISBLANK(liste_groupe[[#This Row],[Code WF]])," ",IF(ISBLANK(liste_groupe[[#This Row],[Unité]]),CONCATENATE(liste_groupe[[#This Row],[Nom de l''échantillon donné par le client]],liste_groupe[[#This Row],[Dopage (+Testostérone / + EE2, ….)]]),CONCATENATE(liste_groupe[[#This Row],[Nom de l''échantillon donné par le client]],"-",liste_groupe[[#This Row],[Concentration]],liste_groupe[[#This Row],[Unité]],liste_groupe[[#This Row],[Dopage (+Testostérone / + EE2, ….)]]))) -> 0-00 + Testostérone | B58: =B34 -> 0 | C58: =C34 -> 0 | D58: =D34 -> 0 | E58: =E34 -> 0 | F58: + Testostérone

Sheet Feuil1
A1: Nom groupe | B1: N° de valeur | C1: file name | D1: total area | E1: mean intensity | G1: total fluorescence | I1: nbre de larves
A2: 01 EE2 0 | B2: A | C2: C:\Users\Olympus\Desktop\20190122\plaque1/@01 EE2 0/A1_1.tif | D2: 4931.616 | E2: 73.0526 | G2: 360268
A3: 01 EE2 0 | B3: A | C3: C:\Users\Olympus\Desktop\20190122\plaque1/@01 EE2 0/A1_2.tif | D3: 5234.4345 | E3: 71.1281 | G3: 372315
A4: 01 EE2 0 | B4: A | C4: C:\Users\Olympus\Desktop\20190122\plaque1/@01 EE2 0/A1_3.tif | D4: 3547.3027 | E4: 66.9878 | G4: 237626
A5: 01 EE2 0 | B5: A | C5: C:\Users\Olympus\Desktop\20190122\plaque3/@01 EE2 0/A1_3.tif | D5: 21456.8555 | E5: 67.0655 | G5: 1439015
A6: 01 EE2 0 | B6: A | C6: C:\Users\Olympus\Desktop\20190122\plaque3/@01 EE2 0/A1_2.tif | D6: 21586.6348 | E6: 66.4108 | G6: 1433586
A7: 01 EE2 0 | B7: A | C7: C:\Users\Olympus\Desktop\20190122\plaque3/@01 EE2 0/A1_1.tif | D7: 15984.4921 | E7: 69.7767 | G7: 1115346

Sheet Raw data R1
A1: Nom groupe | B1: N° de valeur | C1: file name | D1: total area | E1: mean intensity | G1: total fluorescence | I1: nbre de larves | L1: (Tous)
A2: =IFERROR(LEFT(RIGHT(C2,LEN(C2)-SEARCH("@",C2)),SEARCH("/",RIGHT(C2,LEN(C2)-SEARCH("@",C2)-1))),"") | B2: =LEFT(RIGHT(RIGHT(Tableau4[[#This Row],[file name]],LEN(Tableau4[[#This Row],[file name]])-SEARCH("@",Tableau4[[#This Row],[file name]])),LEN(RIGHT(Tableau4[[#This Row],[file name]],LEN(Tableau4[[#This Row],[file name]])-SEARCH("@",Tableau4[[#This Row],[file name]])))-SEARCH("/",RIGHT(Tableau4[[#This Row],[file name]],LEN(Tableau4[[#This Row],[file name]])-SEARCH("@",Tableau4[[#This Row],[file name]])))),1) -> #VALUE! | K2: Filtre lignes : Enlever (vide) et Néant | L2: Filtre colonnes : Enlever (vide) et " "
A3: =IFERROR(LEFT(RIGHT(C3,LEN(C3)-SEARCH("@",C3)),SEARCH("/",RIGHT(C3,LEN(C3)-SEARCH("@",C3)-1))),"") | B3: =LEFT(RIGHT(RIGHT(Tableau4[[#This Row],[file name]],LEN(Tableau4[[#This Row],[file name]])-SEARCH("@",Tableau4[[#This Row],[file name]])),LEN(RIGHT(Tableau4[[#This Row],[file name]],LEN(Tableau4[[#This Row],[file name]])-SEARCH("@",Tableau4[[#This Row],[file name]])))-SEARCH("/",RIGHT(Tableau4[[#This Row],[file name]],LEN(Tableau4[[#This Row],[file name]])-SEARCH("@",Tableau4[[#This Row],[file name]])))),1) -> #VALUE! | K3: Moyenne de total fluorescence | L3: Étiquettes de colonnes
A4: =IFERROR(LEFT(RIGHT(C4,LEN(C4)-SEARCH("@",C4)),SEARCH("/",RIGHT(C4,LEN(C4)-SEARCH("@",C4)-1))),"") | B4: =LEFT(RIGHT(RIGHT(Tableau4[[#This Row],[file name]],LEN(Tableau4[[#This Row],[file name]])-SEARCH("@",Tableau4[[#This Row],[file name]])),LEN(RIGHT(Tableau4[[#This Row],[file name]],LEN(Tableau4[[#This Row],[file name]])-SEARCH("@",Tableau4[[#This Row],[file name]])))-SEARCH("/",RIGHT(Tableau4[[#This Row],[file name]],LEN(Tableau4[[#This Row],[file name]])-SEARCH("@",Tableau4[[#This Row],[file name]])))),1) -> #VALUE! | K4: Étiquettes de lignes
A5: =IFERROR(LEFT(RIGHT(C5,LEN(C5)-SEARCH("@",C5)),SEARCH("/",RIGHT(C5,LEN(C5)-SEARCH("@",C5)-1))),"") | B5: =LEFT(RIGHT(RIGHT(Tableau4[[#This Row],[file name]],LEN(Tableau4[[#This Row],[file name]])-SEARCH("@",Tableau4[[#This Row],[file name]])),LEN(RIGHT(Tableau4[[#This Row],[file name]],LEN(Tableau4[[#This Row],[file name]])-SEARCH("@",Tableau4[[#This Row],[file name]])))-SEARCH("/",RIGHT(Tableau4[[#This Row],[file name]],LEN(Tableau4[[#This Row],[file name]])-SEARCH("@",Tableau4[[#This Row],[file name]])))),1) -> #VALUE! | K5: #VALEUR!
A6: =IFERROR(LEFT(RIGHT(C6,LEN(C6)-SEARCH("@",C6)),SEARCH("/",RIGHT(C6,LEN(C6)-SEARCH("@",C6)-1))),"") | B6: =LEFT(RIGHT(RIGHT(Tableau4[[#This Row],[file name]],LEN(Tableau4[[#This Row],[file name]])-SEARCH("@",Tableau4[[#This Row],[file name]])),LEN(RIGHT(Tableau4[[#This Row],[file name]],LEN(Tableau4[[#This Row],[file name]])-SEARCH("@",Tableau4[[#This Row],[file name]])))-SEARCH("/",RIGHT(Tableau4[[#This Row],[file name]],LEN(Tableau4[[#This Row],[file name]])-SEARCH("@",Tableau4[[#This Row],[file name]])))),1) -> #VALUE!
A7: =IFERROR(LEFT(RIGHT(C7,LEN(C7)-SEARCH("@",C7)),SEARCH("/",RIGHT(C7,LEN(C7)-SEARCH("@",C7)-1))),"") | B7: =LEFT(RIGHT(RIGHT(Tableau4[[#This Row],[file name]],LEN(Tableau4[[#This Row],[file name]])-SEARCH("@",Tableau4[[#This Row],[file name]])),LEN(RIGHT(Tableau4[[#This Row],[file name]],LEN(Tableau4[[#This Row],[file name]])-SEARCH("@",Tableau4[[#This Row],[file name]])))-SEARCH("/",RIGHT(Tableau4[[#This Row],[file name]],LEN(Tableau4[[#This Row],[file name]])-SEARCH("@",Tableau4[[#This Row],[file name]])))),1) -> #VALUE!
A8: =IFERROR(LEFT(RIGHT(C8,LEN(C8)-SEARCH("@",C8)),SEARCH("/",RIGHT(C8,LEN(C8)-SEARCH("@",C8)-1))),"") | B8: =LEFT(RIGHT(RIGHT(Tableau4[[#This Row],[file name]],LEN(Tableau4[[#This Row],[file name]])-SEARCH("@",Tableau4[[#This Row],[file name]])),LEN(RIGHT(Tableau4[[#This Row],[file name]],LEN(Tableau4[[#This Row],[file name]])-SEARCH("@",Tableau4[[#This Row],[file name]])))-SEARCH("/",RIGHT(Tableau4[[#This Row],[file name]],LEN(Tableau4[[#This Row],[file name]])-SEARCH("@",Tableau4[[#This Row],[file name]])))),1) -> #VALUE!
A9: =IFERROR(LEFT(RIGHT(C9,LEN(C9)-SEARCH("@",C9)),SEARCH("/",RIGHT(C9,LEN(C9)-SEARCH("@",C9)-1))),"") | B9: =LEFT(RIGHT(RIGHT(Tableau4[[#This Row],[file name]],LEN(Tableau4[[#This Row],[file name]])-SEARCH("@",Tableau4[[#This Row],[file name]])),LEN(RIGHT(Tableau4[[#This Row],[file name]],LEN(Tableau4[[#This Row],[file name]])-SEARCH("@",Tableau4[[#This Row],[file name]])))-SEARCH("/",RIGHT(Tableau4[[#This Row],[file name]],LEN(Tableau4[[#This Row],[file name]])-SEARCH("@",Tableau4[[#This Row],[file name]])))),1) -> #VALUE!
A10: =IFERROR(LEFT(RIGHT(C10,LEN(C10)-SEARCH("@",C10)),SEARCH("/",RIGHT(C10,LEN(C10)-SEARCH("@",C10)-1))),"") | B10: =LEFT(RIGHT(RIGHT(Tableau4[[#This Row],[file name]],LEN(Tableau4[[#This Row],[file name]])-SEARCH("@",Tableau4[[#This Row],[file name]])),LEN(RIGHT(Tableau4[[#This Row],[file name]],LEN(Tableau4[[#This Row],[file name]])-SEARCH("@",Tableau4[[#This Row],[file name]])))-SEARCH("/",RIGHT(Tableau4[[#This Row],[file name]],LEN(Tableau4[[#This Row],[file name]])-SEARCH("@",Tableau4[[#This Row],[file name]])))),1) -> #VALUE!
A11: =IFERROR(LEFT(RIGHT(C11,LEN(C11)-SEARCH("@",C11)),SEARCH("/",RIGHT(C11,LEN(C11)-SEARCH("@",C11)-1))),"") | B11: =LEFT(RIGHT(RIGHT(Tableau4[[#This Row],[file name]],LEN(Tableau4[[#This Row],[file name]])-SEARCH("@",Tableau4[[#This Row],[file name]])),LEN(RIGHT(Tableau4[[#This Row],[file name]],LEN(Tableau4[[#This Row],[file name]])-SEARCH("@",Tableau4[[#This Row],[file name]])))-SEARCH("/",RIGHT(Tableau4[[#This Row],[file name]],LEN(Tableau4[[#This Row],[file name]])-SEARCH("@",Tableau4[[#This Row],[file name]])))),1) -> #VALUE!
A12: =IFERROR(LEFT(RIGHT(C12,LEN(C12)-SEARCH("@",C12)),SEARCH("/",RIGHT(C12,LEN(C12)-SEARCH("@",C12)-1))),"") | B12: =LEFT(RIGHT(RIGHT(Tableau4[[#This Row],[file name]],LEN(Tableau4[[#This Row],[file name]])-SEARCH("@",Tableau4[[#This Row],[file name]])),LEN(RIGHT(Tableau4[[#This Row],[file name]],LEN(Tableau4[[#This Row],[file name]])-SEARCH("@",Tableau4[[#This Row],[file name]])))-SEARCH("/",RIGHT(Tableau4[[#This Row],[file name]],LEN(Tableau4[[#This Row],[file name]])-SEARCH("@",Tableau4[[#This Row],[file name]])))),1) -> #VALUE!
A13: =IFERROR(LEFT(RIGHT(C13,LEN(C13)-SEARCH("@",C13)),SEARCH("/",RIGHT(C13,LEN(C13)-SEARCH("@",C13)-1))),"") | B13: =LEFT(RIGHT(RIGHT(Tableau4[[#This Row],[file name]],LEN(Tableau4[[#This Row],[file name]])-SEARCH("@",Tableau4[[#This Row],[file name]])),LEN(RIGHT(Tableau4[[#This Row],[file name]],LEN(Tableau4[[#This Row],[file name]])-SEARCH("@",Tableau4[[#This Row],[file name]])))-SEARCH("/",RIGHT(Tableau4[[#This Row],[file name]],LEN(Tableau4[[#This Row],[file name]])-SEARCH("@",Tableau4[[#This Row],[file name]])))),1) -> #VALUE!
A14: =IFERROR(LEFT(RIGHT(C14,LEN(C14)-SEARCH("@",C14)),SEARCH("/",RIGHT(C14,LEN(C14)-SEARCH("@",C14)-1))),"") | B14: =LEFT(RIGHT(RIGHT(Tableau4[[#This Row],[file name]],LEN(Tableau4[[#This Row],[file name]])-SEARCH("@",Tableau4[[#This Row],[file name]])),LEN(RIGHT(Tableau4[[#This Row],[file name]],LEN(Tableau4[[#This Row],[file name]])-SEARCH("@",Tableau4[[#This Row],[file name]])))-SEARCH("/",RIGHT(Tableau4[[#This Row],[file name]],LEN(Tableau4[[#This Row],[file name]])-SEARCH("@",Tableau4[[#This Row],[file name]])))),1) -> #VALUE!
A15: =IFERROR(LEFT(RIGHT(C15,LEN(C15)-SEARCH("@",C15)),SEARCH("/",RIGHT(C15,LEN(C15)-SEARCH("@",C15)-1))),"") | B15: =LEFT(RIGHT(RIGHT(Tableau4[[#This Row],[file name]],LEN(Tableau4[[#This Row],[file name]])-SEARCH("@",Tableau4[[#This Row],[file name]])),LEN(RIGHT(Tableau4[[#This Row],[file name]],LEN(Tableau4[[#This Row],[file name]])-SEARCH("@",Tableau4[[#This Row],[file name]])))-SEARCH("/",RIGHT(Tableau4[[#This Row],[file name]],LEN(Tableau4[[#This Row],[file name]])-SEARCH("@",Tableau4[[#This Row],[file name]])))),1) -> #VALUE!
A16: =IFERROR(LEFT(RIGHT(C16,LEN(C16)-SEARCH("@",C16)),SEARCH("/",RIGHT(C16,LEN(C16)-SEARCH("@",C16)-1))),"") | B16: =LEFT(RIGHT(RIGHT(Tableau4[[#This Row],[file name]],LEN(Tableau4[[#This Row],[file name]])-SEARCH("@",Tableau4[[#This Row],[file name]])),LEN(RIGHT(Tableau4[[#This Row],[file name]],LEN(Tableau4[[#This Row],[file name]])-SEARCH("@",Tableau4[[#This Row],[file name]])))-SEARCH("/",RIGHT(Tableau4[[#This Row],[file name]],LEN(Tableau4[[#This Row],[file name]])-SEARCH("@",Tableau4[[#This Row],[file name]])))),1) -> #VALUE!
A17: =IFERROR(LEFT(RIGHT(C17,LEN(C17)-SEARCH("@",C17)),SEARCH("/",RIGHT(C17,LEN(C17)-SEARCH("@",C17)-1))),"") | B17: =LEFT(RIGHT(RIGHT(Tableau4[[#This Row],[file name]],LEN(Tableau4[[#This Row],[file name]])-SEARCH("@",Tableau4[[#This Row],[file name]])),LEN(RIGHT(Tableau4[[#This Row],[file name]],LEN(Tableau4[[#This Row],[file name]])-SEARCH("@",Tableau4[[#This Row],[file name]])))-SEARCH("/",RIGHT(Tableau4[[#This Row],[file name]],LEN(Tableau4[[#This Row],[file name]])-SEARCH("@",Tableau4[[#This Row],[file name]])))),1) -> #VALUE!
... A1557: =IFERROR(LEFT(RIGHT(C1557,LEN(C1557)-SEARCH("@",C1557)),SEARCH("/",RIGHT(C1557,LEN(C1557)-SEARCH("@",C1557)-1))),"") | B1557: =LEFT(RIGHT(RIGHT(Tableau4[[#This Row],[file name]],LEN(Tableau4[[#This Row],[file name]])-SEARCH("@",Tableau4[[#This Row],[file name]])),LEN(RIGHT(Tableau4[[#This Row],[file name]],LEN(Tableau4[[#This Row],[file name]])-SEARCH("@",Tableau4[[#This Row],[file name]])))-SEARCH("/",RIGHT(Tableau4[[#This Row],[file name]],LEN(Tableau4[[#This Row],[file name]])-SEARCH("@",Tableau4[[#This Row],[file name]])))),1) -> #VALUE!

Sheet R1
A1: 3. Expérimentateur 1 : copier et coller les valeurs des intensités totales de fluorescences obtenues dans le fichier raw data lors du traitement des images.
A3: R1 | B3: Non dopé | O3: avec testo
A4: Noms des groupes | B4: ='Page de garde'!A7 -> Témoin solvant | C4: ='Page de garde'!A9 -> EE2-33.8ng/L | D4: ='Page de garde'!A10 -> EE2-50.6ng/L | E4: ='Page de garde'!A11 -> EE2-76ng/L | F4: ='Page de garde'!A12 -> EE2-114ng/L | G4: ='Page de garde'!A13 -> EE2-170.9ng/L | H4: ='Page de garde'!A14 -> EE2-488ng/L | I4: ='Page de garde'!A15 -> BPA-1mg/L | J4: ='Page de garde'!A16 -> BPA-2mg/L | K4: ='Page de garde'!A17 -> BPA-3mg/L | L4: ='Page de garde'!A18 -> BPA-4mg/L | M4: ='Page de garde'!A19 -> BPA-5mg/L | O4: ='Page de garde'!A36 -> Testo -30µg/L | P4: ='Page de garde'!A37 -> Testo 30µg/L + EE2 -64ng/L | Q4: ='Page de garde'!A38 -> Testo 30µg/L + FAD-10µg/L | R4: ='Page de garde'!A39 -> BPA-1mg/L + Testostérone | S4: ='Page de garde'!A40 -> BPA-2mg/L + Testostérone | T4: ='Page de garde'!A41 -> BPA-3mg/L + Testostérone | U4: ='Page de garde'!A42 -> BPA-4mg/L + Testostérone | V4: ='Page de garde'!A43 -> BPA-5mg/L + Testostérone
A5: Données brutes | B5: 20425 | C5: 5266 | D5: 20553 | E5: 128302 | F5: 2580598 | G5: 3454849 | H5: 11408250 | I5: 26958 | J5: 46257 | K5: 12973 | L5: 69342 | M5: 3444338 | O5: 194963 | P5: 6070749 | Q5: 75076 | R5: 931513 | S5: 3187706 | T5: 5106170 | U5: 6402154 | V5: 8723974
B6: 32635 | C6: 5201 | D6: 96829 | E6: 66856 | F6: 885196 | G6: 3028557 | H6: 5936158 | I6: 17952 | J6: 8558 | K6: 4153 | L6: 918180 | M6: 787290 | O6: 1134466 | P6: 8310940 | Q6: 157 | R6: 772285 | S6: 3260 | T6: 3380758 | U6: 6265154 | V6: 2122346
B7: 1139 | C7: 28796 | D7: 28299 | E7: 179643 | F7: 871190 | G7: 1398458 | H7: 8722663 | I7: 6724 | J7: 3409 | K7: 1105 | L7: 804 | M7: 1446680 | O7: 243058 | P7: 11367047 | Q7: 2464 | R7: 232067 | S7: 2701432 | T7: 5168766 | U7: 6316551 | V7: 2430089
B8: 30470 | C8: 370 | D8: 2034472 | E8: 30966 | F8: 2085460 | G8: 2681815 | H8: 3792581 | I8: 544 | J8: 6017 | K8: 46339 | L8: 327993 | M8: 515668 | O8: 15329 | P8: 2918381 | Q8: 7204 | R8: 1155997 | S8: 5004744 | T8: 2402939 | U8: 2872481 | V8: 4992345
B9: 6298 | C9: 1971 | D9: 39163 | E9: 3075288 | F9: 1300276 | G9: 2910091 | H9: 4361678 | I9: 14958 | J9: 7121 | K9: 69212 | L9: 41371 | M9: 1449356 | O9: 670341 | P9: 3507096 | Q9: 17771 | R9: 4838257 | S9: 5596532 | T9: 4595815 | U9: 1985492 | V9: 8326641
B10: 21291 | C10: 28 | D10: 10345 | E10: 16916 | F10: 1004811 | G10: 1903433 | H10: 6052165 | I10: 24264 | J10: 42515 | K10: 1341 | L10: 861104 | M10: 152 | O10: 1195331 | P10: 4729680 | Q10: 29626 | R10: 693829 | S10: 248994 | T10: 2297774 | U10: 6644573 | V10: 7258536
B11: 2065 | C11: 130 | D11: 53999 | E11: 349294 | F11: 150975 | G11: 3809116 | I11: 3809 | J11: 397 | K11: 481 | L11: 583912 | M11: 315017 | O11: 30683 | P11: 10342504 | Q11: 11046 | R11: 1218101 | S11: 4083461 | T11: 6432400 | U11: 6464218 | V11: 6566624
C12: 580662 | D12: 52353 | I12: 1728 | J12: 1421 | K12: 20595 | L12: 12287 | O12: 642339 | P12: 10194498 | Q12: 24173 | R12: 273401 | S12: 2387692 | T12: 5087643 | U12: 3117086
O13: 5320920
O14: 6723
O15: 125073
O16: 1072115
O17: 2237625
O18: 695941
O19: 2663838
A22: =A4 -> Noms des groupes | B22: =B4 -> Témoin solvant | C22: =C4 -> EE2-33.8ng/L | D22: =D4 -> EE2-50.6ng/L | E22: =E4 -> EE2-76ng/L | F22: =F4 -> EE2-114ng/L | G22: =G4 -> EE2-170.9ng/L | H22: =H4 -> EE2-488ng/L | ... M22: =M4 -> BPA-5mg/L | N22: Nom des groupes | O22: =O4 -> Testo -30µg/L | P22: =P4 -> Testo 30µg/L + EE2 -64ng/L | Q22: =Q4 -> Testo 30µg/L + FAD-10µg/L | R22: =R4 -> BPA-1mg/L + Testostérone | S22: =S4 -> BPA-2mg/L + Testostérone | T22: =T4 -> BPA-3mg/L + Testostérone | U22: =U4 -> BPA-4mg/L + Testostérone | V22: =V4 -> BPA-5mg/L + Testostérone
A23: mean | B23: =AVERAGE(B5:B20) -> 16331.857 | C23: =AVERAGE(C5:C20) -> 77803 | D23: =AVERAGE(D5:D20) -> 292001.62 | E23: =AVERAGE(E5:E20) -> 549609.29 | F23: =AVERAGE(F5:F20) -> 1268358 | G23: =AVERAGE(G5:G20) -> 2740902.7 | H23: =AVERAGE(H5:H20) -> 6712249.2 | I23: =AVERAGE(I5:I20) -> 12117.125 | ... M23: =AVERAGE(M5:M20) -> 1136928.7 | N23: mean | O23: =AVERAGE(O5:O20) -> 1083249.7 | P23: =AVERAGE(P5:P20) -> 7180111.9 | Q23: =AVERAGE(Q5:Q20) -> 20939.625 | R23: =AVERAGE(R5:R20) -> 1264431.2 | S23: =AVERAGE(S5:S20) -> 2901727.6 | T23: =AVERAGE(T5:T20) -> 4309033.1 | U23: =AVERAGE(U5:U20) -> 5008463.6 | V23: =AVERAGE(V5:V20) -> 5774365
A24: SD | B24: =STDEV(B5:B20) -> 13178.713 | C24: =STDEV(C5:C20) -> 203410.19 | D24: =STDEV(D5:D20) -> 704562 | E24: =STDEV(E5:E20) -> 1119475.9 | F24: =STDEV(F5:F20) -> 817843.26 | G24: =STDEV(G5:G20) -> 843521.71 | H24: =STDEV(H5:H20) -> 2869908.1 | I24: =STDEV(I5:I20) -> 10350.268 | ... M24: =STDEV(M5:M20) -> 1154246.3 | N24: SD | O24: =STDEV(O5:O20) -> 1417725.6 | P24: =STDEV(P5:P20) -> 3311994.3 | Q24: =STDEV(Q5:Q20) -> 24161.695 | R24: =STDEV(R5:R20) -> 1488656.2 | S24: =STDEV(S5:S20) -> 2032078 | T24: =STDEV(T5:T20) -> 1469294.5 | U24: =STDEV(U5:U20) -> 1975091.3 | V24: =STDEV(V5:V20) -> 2682589.7
B26: Non dopé | O26: avec testo
A27: Noms des groupes | B27: =B4 -> Témoin solvant | C27: =C4 -> EE2-33.8ng/L | D27: =D4 -> EE2-50.6ng/L | E27: =E4 -> EE2-76ng/L | F27: =F4 -> EE2-114ng/L | G27: =G4 -> EE2-170.9ng/L | H27: =H4 -> EE2-488ng/L | I27: =I4 -> BPA-1mg/L | ... M27: =M4 -> BPA-5mg/L | O27: =O4 -> Testo -30µg/L | P27: =P4 -> Testo 30µg/L + EE2 -64ng/L | Q27: =Q4 -> Testo 30µg/L + FAD-10µg/L | R27: =R4 -> BPA-1mg/L + Testostérone | S27: =S4 -> BPA-2mg/L + Testostérone | T27: =T4 -> BPA-3mg/L + Testostérone | U27: =U4 -> BPA-4mg/L + Testostérone | V27: =V4 -> BPA-5mg/L + Testostérone
A28: Données normalisées sur la moyenne du groupe "Testo" | B28: =IF(B5="","",(B5/$O$23)) -> 0.018855302 | C28: =IF(C5="","",(C5/$O$23)) -> 0.0048612985 | D28: =IF(D5="","",(D5/$O$23)) -> 0.018973465 | E28: =IF(E5="","",(E5/$O$23)) -> 0.11844176 | F28: =IF(F5="","",(F5/$O$23)) -> 2.3822744 | G28: =IF(G5="","",(G5/$O$23)) -> 3.1893377 | H28: =IF(H5="","",(H5/$O$23)) -> 10.531506 | I28: =IF(I5="","",(I5/$O$23)) -> 0.02488623 | ... M28: =IF(M5="","",(M5/$O$23)) -> 3.1796345 | O28: =IF(O5="","",(O5/$O$23)) -> 0.17997975 | P28: =IF(P5="","",(P5/$O$23)) -> 5.6042011 | Q28: =IF(Q5="","",(Q5/$O$23)) -> 0.069306276 | R28: =IF(R5="","",(R5/$O$23)) -> 0.85992457 | S28: =IF(S5="","",(S5/$O$23)) -> 2.9427251 | T28: =IF(T5="","",(T5/$O$23)) -> 4.7137517 | U28: =IF(U5="","",(U5/$O$23)) -> 5.9101371 | V28: =IF(V5="","",(V5/$O$23)) -> 8.0535211
B29: =IF(B6="","",(B6/$O$23)) -> 0.030126942 | C29: =IF(C6="","",(C6/$O$23)) -> 0.0048012939 | D29: =IF(D6="","",(D6/$O$23)) -> 0.089387519 | E29: =IF(E6="","",(E6/$O$23)) -> 0.061717997 | F29: =IF(F6="","",(F6/$O$23)) -> 0.81716711 | G29: =IF(G6="","",(G6/$O$23)) -> 2.795807 | H29: =IF(H6="","",(H6/$O$23)) -> 5.4799537 | I29: =IF(I6="","",(I6/$O$23)) -> 0.016572357 | ... M29: =IF(M6="","",(M6/$O$23)) -> 0.72678536 | O29: =IF(O6="","",(O6/$O$23)) -> 1.0472803 | P29: =IF(P6="","",(P6/$O$23)) -> 7.6722295 | Q29: =IF(Q6="","",(Q6/$O$23)) -> 0.00014493427 | R29: =IF(R6="","",(R6/$O$23)) -> 0.71293352 | S29: =IF(S6="","",(S6/$O$23)) -> 0.0030094632 | T29: =IF(T6="","",(T6/$O$23)) -> 3.1209407 | U29: =IF(U6="","",(U6/$O$23)) -> 5.7836658 | V29: =IF(V6="","",(V6/$O$23)) -> 1.9592399
B30: =IF(B7="","",(B7/$O$23)) -> 0.0010514658 | C30: =IF(C7="","",(C7/$O$23)) -> 0.026582976 | D30: =IF(D7="","",(D7/$O$23)) -> 0.026124171 | E30: =IF(E7="","",(E7/$O$23)) -> 0.16583712 | F30: =IF(F7="","",(F7/$O$23)) -> 0.8042375 | G30: =IF(G7="","",(G7/$O$23)) -> 1.290984 | H30: =IF(H7="","",(H7/$O$23)) -> 8.0523108 | I30: =IF(I7="","",(I7/$O$23)) -> 0.0062072486 | ... M30: =IF(M7="","",(M7/$O$23)) -> 1.3355001 | O30: =IF(O7="","",(O7/$O$23)) -> 0.22437856 | P30: =IF(P7="","",(P7/$O$23)) -> 10.493469 | Q30: =IF(Q7="","",(Q7/$O$23)) -> 0.0022746372 | R30: =IF(R7="","",(R7/$O$23)) -> 0.21423224 | S30: =IF(S7="","",(S7/$O$23)) -> 2.4938221 | T30: =IF(T7="","",(T7/$O$23)) -> 4.7715371 | U30: =IF(U7="","",(U7/$O$23)) -> 5.8311128 | V30: =IF(V7="","",(V7/$O$23)) -> 2.2433323
B31: =IF(B8="","",(B8/$O$23)) -> 0.028128326 | C31: =IF(C8="","",(C8/$O$23)) -> 0.00034156484 | D31: =IF(D8="","",(D8/$O$23)) -> 1.8781192 | E31: =IF(E8="","",(E8/$O$23)) -> 0.028586208 | F31: =IF(F8="","",(F8/$O$23)) -> 1.9251887 | G31: =IF(G8="","",(G8/$O$23)) -> 2.4757127 | H31: =IF(H8="","",(H8/$O$23)) -> 3.5011144 | I31: =IF(I8="","",(I8/$O$23)) -> 0.00050219263 | ... M31: =IF(M8="","",(M8/$O$23)) -> 0.476038 | O31: =IF(O8="","",(O8/$O$23)) -> 0.014150939 | P31: =IF(P8="","",(P8/$O$23)) -> 2.6940982 | Q31: =IF(Q8="","",(Q8/$O$23)) -> 0.0066503598 | R31: =IF(R8="","",(R8/$O$23)) -> 1.0671566 | S31: =IF(S8="","",(S8/$O$23)) -> 4.6201205 | T31: =IF(T8="","",(T8/$O$23)) -> 2.2182689 | U31: =IF(U8="","",(U8/$O$23)) -> 2.6517257 | V31: =IF(V8="","",(V8/$O$23)) -> 4.6086744
B32: =IF(B9="","",(B9/$O$23)) -> 0.0058139875 | C32: =IF(C9="","",(C9/$O$23)) -> 0.0018195251 | D32: =IF(D9="","",(D9/$O$23)) -> 0.036153254 | E32: =IF(E9="","",(E9/$O$23)) -> 2.8389466 | F32: =IF(F9="","",(F9/$O$23)) -> 1.2003475 | G32: =IF(G9="","",(G9/$O$23)) -> 2.6864453 | H32: =IF(H9="","",(H9/$O$23)) -> 4.0264753 | I32: =IF(I9="","",(I9/$O$23)) -> 0.013808451 | ... M32: =IF(M9="","",(M9/$O$23)) -> 1.3379704 | O32: =IF(O9="","",(O9/$O$23)) -> 0.6188241 | P32: =IF(P9="","",(P9/$O$23)) -> 3.2375694 | Q32: =IF(Q9="","",(Q9/$O$23)) -> 0.016405267 | R32: =IF(R9="","",(R9/$O$23)) -> 4.4664283 | S32: =IF(S9="","",(S9/$O$23)) -> 5.1664285 | T32: =IF(T9="","",(T9/$O$23)) -> 4.2426184 | U32: =IF(U9="","",(U9/$O$23)) -> 1.8329034 | V32: =IF(V9="","",(V9/$O$23)) -> 7.6867238
B33: =IF(B10="","",(B10/$O$23)) -> 0.019654749 | C33: =IF(C10="","",(C10/$O$23)) -> 2.584815e-05 | D33: =IF(D10="","",(D10/$O$23)) -> 0.0095499683 | E33: =IF(E10="","",(E10/$O$23)) -> 0.015615975 | F33: =IF(F10="","",(F10/$O$23)) -> 0.92758948 | G33: =IF(G10="","",(G10/$O$23)) -> 1.7571508 | H33: =IF(H10="","",(H10/$O$23)) -> 5.5870453 | I33: =IF(I10="","",(I10/$O$23)) -> 0.022399268 | ... M33: =IF(M10="","",(M10/$O$23)) -> 0.00014031853 | O33: =IF(O10="","",(O10/$O$23)) -> 1.1034677 | P33: =IF(P10="","",(P10/$O$23)) -> 4.3661957 | Q33: =IF(Q10="","",(Q10/$O$23)) -> 0.027349189 | R33: =IF(R10="","",(R10/$O$23)) -> 0.64050701 | S33: =IF(S10="","",(S10/$O$23)) -> 0.22985837 | T33: =IF(T10="","",(T10/$O$23)) -> 2.121186 | U33: =IF(U10="","",(U10/$O$23)) -> 6.1339257 | V33: =IF(V10="","",(V10/$O$23)) -> 6.7007046
B34: =IF(B11="","",(B11/$O$23)) -> 0.0019063011 | C34: =IF(C11="","",(C11/$O$23)) -> 0.00012000927 | D34: =IF(D11="","",(D11/$O$23)) -> 0.049849081 | E34: =IF(E11="","",(E11/$O$23)) -> 0.32245013 | F34: =IF(F11="","",(F11/$O$23)) -> 0.1393723 | G34: =IF(G11="","",(G11/$O$23)) -> 3.5163786 | H34: =IF(H11="","",(H11/$O$23)) | I34: =IF(I11="","",(I11/$O$23)) -> 0.0035162716 | ... M34: =IF(M11="","",(M11/$O$23)) -> 0.29080738 | O34: =IF(O11="","",(O11/$O$23)) -> 0.028324957 | P34: =IF(P11="","",(P11/$O$23)) -> 9.5476641 | Q34: =IF(Q11="","",(Q11/$O$23)) -> 0.010197095 | R34: =IF(R11="","",(R11/$O$23)) -> 1.1244878 | S34: =IF(S11="","",(S11/$O$23)) -> 3.7696397 | T34: =IF(T11="","",(T11/$O$23)) -> 5.9380586 | U34: =IF(U11="","",(U11/$O$23)) -> 5.9674313 | V34: =IF(V11="","",(V11/$O$23)) -> 6.0619672
B35: =IF(B12="","",(B12/$O$23)) | C35: =IF(C12="","",(C12/$O$23)) -> 0.53603709 | D35: =IF(D12="","",(D12/$O$23)) -> 0.048329579 | E35: =IF(E12="","",(E12/$O$23)) | F35: =IF(F12="","",(F12/$O$23)) | G35: =IF(G12="","",(G12/$O$23)) | H35: =IF(H12="","",(H12/$O$23)) | I35: =IF(I12="","",(I12/$O$23)) -> 0.0015952001 | ... M35: =IF(M12="","",(M12/$O$23)) | O35: =IF(O12="","",(O12/$O$23)) -> 0.5929741 | P35: =IF(P12="","",(P12/$O$23)) -> 9.4110327 | Q35: =IF(Q12="","",(Q12/$O$23)) -> 0.022315262 | R35: =IF(R12="","",(R12/$O$23)) -> 0.25238965 | S35: =IF(S12="","",(S12/$O$23)) -> 2.2041936 | T35: =IF(T12="","",(T12/$O$23)) -> 4.6966486 | U35: =IF(U12="","",(U12/$O$23)) -> 2.8775324 | V35: =IF(V12="","",(V12/$O$23))
B36: =IF(B13="","",(B13/$O$23)) | C36: =IF(C13="","",(C13/$O$23)) | D36: =IF(D13="","",(D13/$O$23)) | E36: =IF(E13="","",(E13/$O$23)) | F36: =IF(F13="","",(F13/$O$23)) | G36: =IF(G13="","",(G13/$O$23)) | H36: =IF(H13="","",(H13/$O$23)) | I36: =IF(I13="","",(I13/$O$23)) | ... M36: =IF(M13="","",(M13/$O$23)) | O36: =IF(O13="","",(O13/$O$23)) -> 4.9119978 | P36: =IF(P13="","",(P13/$O$23)) | Q36: =IF(Q13="","",(Q13/$O$23)) | R36: =IF(R13="","",(R13/$O$23)) | S36: =IF(S13="","",(S13/$O$23)) | T36: =IF(T13="","",(T13/$O$23)) | U36: =IF(U13="","",(U13/$O$23)) | V36: =IF(V13="","",(V13/$O$23))
B37: =IF(B14="","",(B14/$O$23)) | C37: =IF(C14="","",(C14/$O$23)) | D37: =IF(D14="","",(D14/$O$23)) | E37: =IF(E14="","",(E14/$O$23)) | F37: =IF(F14="","",(F14/$O$23)) | G37: =IF(G14="","",(G14/$O$23)) | H37: =IF(H14="","",(H14/$O$23)) | I37: =IF(I14="","",(I14/$O$23)) | ... M37: =IF(M14="","",(M14/$O$23)) | O37: =IF(O14="","",(O14/$O$23)) -> 0.0062063255 | P37: =IF(P14="","",(P14/$O$23)) | Q37: =IF(Q14="","",(Q14/$O$23)) | R37: =IF(R14="","",(R14/$O$23)) | S37: =IF(S14="","",(S14/$O$23)) | T37: =IF(T14="","",(T14/$O$23)) | U37: =IF(U14="","",(U14/$O$23)) | V37: =IF(V14="","",(V14/$O$23))
B38: =IF(B15="","",(B15/$O$23)) | C38: =IF(C15="","",(C15/$O$23)) | D38: =IF(D15="","",(D15/$O$23)) | E38: =IF(E15="","",(E15/$O$23)) | F38: =IF(F15="","",(F15/$O$23)) | G38: =IF(G15="","",(G15/$O$23)) | H38: =IF(H15="","",(H15/$O$23)) | I38: =IF(I15="","",(I15/$O$23)) | ... M38: =IF(M15="","",(M15/$O$23)) | O38: =IF(O15="","",(O15/$O$23)) -> 0.11546092 | P38: =IF(P15="","",(P15/$O$23)) | Q38: =IF(Q15="","",(Q15/$O$23)) | R38: =IF(R15="","",(R15/$O$23)) | S38: =IF(S15="","",(S15/$O$23)) | T38: =IF(T15="","",(T15/$O$23)) | U38: =IF(U15="","",(U15/$O$23)) | V38: =IF(V15="","",(V15/$O$23))
B39: =IF(B16="","",(B16/$O$23)) | C39: =IF(C16="","",(C16/$O$23)) | D39: =IF(D16="","",(D16/$O$23)) | E39: =IF(E16="","",(E16/$O$23)) | F39: =IF(F16="","",(F16/$O$23)) | G39: =IF(G16="","",(G16/$O$23)) | H39: =IF(H16="","",(H16/$O$23)) | I39: =IF(I16="","",(I16/$O$23)) | ... M39: =IF(M16="","",(M16/$O$23)) | O39: =IF(O16="","",(O16/$O$23)) -> 0.98972105 | P39: =IF(P16="","",(P16/$O$23)) | Q39: =IF(Q16="","",(Q16/$O$23)) | R39: =IF(R16="","",(R16/$O$23)) | S39: =IF(S16="","",(S16/$O$23)) | T39: =IF(T16="","",(T16/$O$23)) | U39: =IF(U16="","",(U16/$O$23)) | V39: =IF(V16="","",(V16/$O$23))
B40: =IF(B17="","",(B17/$O$23)) | C40: =IF(C17="","",(C17/$O$23)) | D40: =IF(D17="","",(D17/$O$23)) | E40: =IF(E17="","",(E17/$O$23)) | F40: =IF(F17="","",(F17/$O$23)) | G40: =IF(G17="","",(G17/$O$23)) | H40: =IF(H17="","",(H17/$O$23)) | I40: =IF(I17="","",(I17/$O$23)) | ... M40: =IF(M17="","",(M17/$O$23)) | O40: =IF(O17="","",(O17/$O$23)) -> 2.0656595 | P40: =IF(P17="","",(P17/$O$23)) | Q40: =IF(Q17="","",(Q17/$O$23)) | R40: =IF(R17="","",(R17/$O$23)) | S40: =IF(S17="","",(S17/$O$23)) | T40: =IF(T17="","",(T17/$O$23)) | U40: =IF(U17="","",(U17/$O$23)) | V40: =IF(V17="","",(V17/$O$23))
... B43: =IF(B20="","",(B20/$O$23)) | C43: =IF(C20="","",(C20/$O$23)) | D43: =IF(D20="","",(D20/$O$23)) | E43: =IF(E20="","",(E20/$O$23)) | F43: =IF(F20="","",(F20/$O$23)) | G43: =IF(G20="","",(G20/$O$23)) | H43: =IF(H20="","",(H20/$O$23)) | I43: =IF(I20="","",(I20/$O$23)) | ... M43: =IF(M20="","",(M20/$O$23)) | O43: =IF(O20="","",(O20/$O$23)) | P43: =IF(P20="","",(P20/$O$23)) | Q43: =IF(Q20="","",(Q20/$O$23)) | R43: =IF(R20="","",(R20/$O$23)) | S43: =IF(S20="","",(S20/$O$23)) | T43: =IF(T20="","",(T20/$O$23)) | U43: =IF(U20="","",(U20/$O$23)) | V43: =IF(V20="","",(V20/$O$23))
A45: =A4 -> Noms des groupes | B45: =B4 -> Témoin solvant | C45: =C4 -> EE2-33.8ng/L | D45: =D4 -> EE2-50.6ng/L | E45: =E4 -> EE2-76ng/L | F45: =F4 -> EE2-114ng/L | G45: =G4 -> EE2-170.9ng/L | H45: =H4 -> EE2-488ng/L | ... M45: =M4 -> BPA-5mg/L | N45: =N22 -> Nom des groupes | O45: =O4 -> Testo -30µg/L | P45: =P4 -> Testo 30µg/L + EE2 -64ng/L | Q45: =Q4 -> Testo 30µg/L + FAD-10µg/L | R45: =R4 -> BPA-1mg/L + Testostérone | S45: =S4 -> BPA-2mg/L + Testostérone | T45: =T4 -> BPA-3mg/L + Testostérone | U45: =U4 -> BPA-4mg/L + Testostérone | V45: =V4 -> BPA-5mg/L + Testostérone
A46: mean | B46: =AVERAGE(B28:B43) -> 0.015076725 | C46: =AVERAGE(C28:C43) -> 0.071823701 | D46: =AVERAGE(D28:D43) -> 0.26956078 | E46: =AVERAGE(E28:E43) -> 0.50737083 | F46: =AVERAGE(F28:F43) -> 1.1708824 | G46: =AVERAGE(G28:G43) -> 2.5302595 | H46: =AVERAGE(H28:H43) -> 6.1964009 | I46: =AVERAGE(I28:I43) -> 0.011185902 | ... M46: =AVERAGE(M28:M43) -> 1.0495537 | N46: mean | O46: =AVERAGE(O28:O43) -> 1 | P46: =AVERAGE(P28:P43) -> 6.6283075 | Q46: =AVERAGE(Q28:Q43) -> 0.019330378 | R46: =AVERAGE(R28:R43) -> 1.1672575 | S46: =AVERAGE(S28:S43) -> 2.6787247 | T46: =AVERAGE(T28:T43) -> 3.9778763 | U46: =AVERAGE(U28:U43) -> 4.6235543 | V46: =AVERAGE(V28:V43) -> 5.3305948
A47: SD | B47: =STDEV(B28:B43) -> 0.012165906 | C47: =STDEV(C28:C43) -> 0.18777775 | D47: =STDEV(D28:D43) -> 0.65041516 | E47: =STDEV(E28:E43) -> 1.0334422 | F47: =STDEV(F28:F43) -> 0.75499055 | G47: =STDEV(G28:G43) -> 0.77869557 | H47: =STDEV(H28:H43) -> 2.6493506 | I47: =STDEV(I28:I43) -> 0.0095548316 | ... M47: =STDEV(M28:M43) -> 1.0655404 | N47: SD | O47: =STDEV(O28:O43) -> 1.3087709 | P47: =STDEV(P28:P43) -> 3.0574616 | Q47: =STDEV(Q28:Q43) -> 0.022304826 | R47: =STDEV(R28:R43) -> 1.3742503 | S47: =STDEV(S28:S43) -> 1.8759092 | T47: =STDEV(T28:T43) -> 1.3563766 | U47: =STDEV(U28:U43) -> 1.823302 | V47: =STDEV(V28:V43) -> 2.4764279
A48: SEM | B48: =B47/SQRT(COUNT(B28:B43)) -> 0.0045982801 | C48: =C47/SQRT(COUNT(C28:C43)) -> 0.066389461 | D48: =D47/SQRT(COUNT(D28:D43)) -> 0.22995648 | E48: =E47/SQRT(COUNT(E28:E43)) -> 0.39060443 | F48: =F47/SQRT(COUNT(F28:F43)) -> 0.2853596 | G48: =G47/SQRT(COUNT(G28:G43)) -> 0.29431926 | H48: =H47/SQRT(COUNT(H28:H43)) -> 1.0815928 | I48: =I47/SQRT(COUNT(I28:I43)) -> 0.0033781431 | ... M48: =M47/SQRT(COUNT(M28:M43)) -> 0.40273641 | N48: SEM | O48: =O47/SQRT(COUNT(O28:O43)) -> 0.33792319 | P48: =P47/SQRT(COUNT(P28:P43)) -> 1.0809759 | Q48: =Q47/SQRT(COUNT(Q28:Q43)) -> 0.0078859468 | R48: =R47/SQRT(COUNT(R28:R43)) -> 0.48587086 | S48: =S47/SQRT(COUNT(S28:S43)) -> 0.66323405 | T48: =T47/SQRT(COUNT(T28:T43)) -> 0.47955155 | U48: =U47/SQRT(COUNT(U28:U43)) -> 0.64463461 | V48: =V47/SQRT(COUNT(V28:V43)) -> 0.93600176
A50: 4. Expérimentateur 1 : réaliser les tests statistiques avec les données normalisées et renseigner les résultats ainsi que le test statistique utilisé dans le tableau violet.
A52: =A27 -> Noms des groupes | B52: =B27 -> Témoin solvant | C52: =C27 -> EE2-33.8ng/L | D52: =D27 -> EE2-50.6ng/L | E52: =E27 -> EE2-76ng/L | F52: =F27 -> EE2-114ng/L | G52: =G27 -> EE2-170.9ng/L | H52: =H27 -> EE2-488ng/L | I52: =I4 -> BPA-1mg/L | J52: =J4 -> BPA-2mg/L | K52: =K27 -> BPA-3mg/L | L52: =L27 -> BPA-4mg/L | M52: =M27 -> BPA-5mg/L | O52: =O27 -> Testo -30µg/L | P52: =P27 -> Testo 30µg/L + EE2 -64ng/L | Q52: =Q27 -> Testo 30µg/L + FAD-10µg/L | R52: =R27 -> BPA-1mg/L + Testostérone | S52: =S27 -> BPA-2mg/L + Testostérone | T52: =T27 -> BPA-3mg/L + Testostérone | U52: =U27 -> BPA-4mg/L + Testostérone | V52: =V27 -> BPA-5mg/L + Testostérone
A53: Mean | B53: =B46 -> 0.015076725 | C53: =C46 -> 0.071823701 | D53: =D46 -> 0.26956078 | E53: =E46 -> 0.50737083 | F53: =F46 -> 1.1708824 | G53: =G46 -> 2.5302595 | H53: =H46 -> 6.1964009 | I53: =I46 -> 0.011185902 | ... M53: =M46 -> 1.0495537 | O53: =O46 -> 1 | P53: =P46 -> 6.6283075 | Q53: =Q46 -> 0.019330378 | R53: =R46 -> 1.1672575 | S53: =S46 -> 2.6787247 | T53: =T46 -> 3.9778763 | U53: =U46 -> 4.6235543 | V53: =V46 -> 5.3305948
A54: SEM | B54: =B48 -> 0.0045982801 | C54: =C48 -> 0.066389461 | D54: =D48 -> 0.22995648 | E54: =E48 -> 0.39060443 | F54: =F48 -> 0.2853596 | G54: =G48 -> 0.29431926 | H54: =H48 -> 1.0815928 | I54: =I48 -> 0.0033781431 | ... M54: =M48 -> 0.40273641 | O54: =O48 -> 0.33792319 | P54: =P48 -> 1.0809759 | Q54: =Q48 -> 0.0078859468 | R54: =R48 -> 0.48587086 | S54: =S48 -> 0.66323405 | T54: =T48 -> 0.47955155 | U54: =U48 -> 0.64463461 | V54: =V48 -> 0.93600176
A55: % induction | B55: =(B53*100/$B$53)-100 -> 0 | C55: =(C53*100/$B$53)-100 -> 376.38795 | D55: =(D53*100/$B$53)-100 -> 1687.9266 | E55: =(E53*100/$B$53)-100 -> 3265.259 | F55: =(F53*100/$B$53)-100 -> 7666.159 | G55: =(G53*100/$B$53)-100 -> 16682.554 | H55: =(H53*100/$B$53)-100 -> 40999.118 | I55: =(I53*100/$B$53)-100 -> -25.806815 | ... M55: =(M53*100/$B$53)-100 -> 6861.4172 | O55: =(O53*100/$O$53)-100 -> 0 | P55: =(P53*100/$O$53)-100 -> 562.83075 | Q55: =(Q53*100/$O$53)-100 -> -98.066962 | R55: =(R53*100/$O$53)-100 -> 16.725746 | S55: =(S53*100/$O$53)-100 -> 167.87247 | T55: =(T53*100/$O$53)-100 -> 297.78763 | U55: =(U53*100/$O$53)-100 -> 362.35543 | V55: =(V53*100/$O$53)-100 -> 433.05948
A56: Test de normalité : valeur du p | B56: =[1]!SWTEST(B28:B43) -> #NAME? | C56: =[1]!SWTEST(C28:C43) -> #NAME? | D56: =[1]!SWTEST(D28:D43) -> #NAME? | E56: =[1]!SWTEST(E28:E43) -> #NAME? | F56: =[1]!SWTEST(F28:F43) -> #NAME? | G56: =[1]!SWTEST(G28:G43) -> #NAME? | H56: =[1]!SWTEST(H28:H43) -> #NAME? | I56: =[1]!SWTEST(I28:I43) -> #NAME? | ... M56: =[1]!SWTEST(M28:M43) -> #NAME? | O56: =[1]!SWTEST(O28:O43) -> #NAME? | P56: =[1]!SWTEST(P28:P43) -> #NAME? | Q56: =[1]!SWTEST(Q28:Q43) -> #NAME? | R56: =[1]!SWTEST(R28:R43) -> #NAME? | S56: =[1]!SWTEST(S28:S43) -> #NAME? | T56: =[1]!SWTEST(T28:T43) -> #NAME? | U56: =[1]!SWTEST(U28:U43) -> #NAME? | V56: =[1]!SWTEST(V28:V43) -> #NAME?
A57: Test de normalité : résultat normal? | B57: =IF(B56>0.05,"Oui","Non") -> #NAME? | C57: =IF(C56>0.05,"Oui","Non") -> #NAME? | D57: =IF(D56>0.05,"Oui","Non") -> #NAME? | E57: =IF(E56>0.05,"Oui","Non") -> #NAME? | F57: =IF(F56>0.05,"Oui","Non") -> #NAME? | G57: =IF(G56>0.05,"Oui","Non") -> #NAME? | H57: =IF(H56>0.05,"Oui","Non") -> #NAME? | I57: =IF(I56>0.05,"Oui","Non") -> #NAME? | ... M57: =IF(M56>0.05,"Oui","Non") -> #NAME? | O57: =IF(O56>0.05,"Oui","Non") -> #NAME? | P57: =IF(P56>0.05,"Oui","Non") -> #NAME? | Q57: =IF(Q56>0.05,"Oui","Non") -> #NAME? | R57: =IF(R56>0.05,"Oui","Non") -> #NAME? | S57: =IF(S56>0.05,"Oui","Non") -> #NAME? | T57: =IF(T56>0.05,"Oui","Non") -> #NAME? | U57: =IF(U56>0.05,"Oui","Non") -> #NAME? | V57: =IF(V56>0.05,"Oui","Non") -> #NAME?
A59: Test statistique utilisé | C59: =IF($B57="Non",IF(C$57="Non","Mann Withney",IF(C$57="Oui","Mann Withney","")),IF($B$57="Oui",IF(C$57="Oui","T-Test Welch",IF(C$57="Non","Mann Withney","")))) -> #NAME? | D59: =IF($B57="Non",IF(D$57="Non","Mann Withney",IF(D$57="Oui","Mann Withney","")),IF($B$57="Oui",IF(D$57="Oui","T-Test Welch",IF(D$57="Non","Mann Withney","")))) -> #NAME? | E59: =IF($B57="Non",IF(E$57="Non","Mann Withney",IF(E$57="Oui","Mann Withney","")),IF($B$57="Oui",IF(E$57="Oui","T-Test Welch",IF(E$57="Non","Mann Withney","")))) -> #NAME? | F59: =IF($B57="Non",IF(F$57="Non","Mann Withney",IF(F$57="Oui","Mann Withney","")),IF($B$57="Oui",IF(F$57="Oui","T-Test Welch",IF(F$57="Non","Mann Withney","")))) -> #NAME? | G59: =IF($B57="Non",IF(G$57="Non","Mann Withney",IF(G$57="Oui","Mann Withney","")),IF($B$57="Oui",IF(G$57="Oui","T-Test Welch",IF(G$57="Non","Mann Withney","")))) -> #NAME? | H59: =IF($B57="Non",IF(H$57="Non","Mann Withney",IF(H$57="Oui","Mann Withney","")),IF($B$57="Oui",IF(H$57="Oui","T-Test Welch",IF(H$57="Non","Mann Withney","")))) -> #NAME? | I59: =IF($B57="Non",IF(I$57="Non","Mann Withney",IF(I$57="Oui","Mann Withney","")),IF($B$57="Oui",IF(I$57="Oui","T-Test Welch",IF(I$57="Non","Mann Withney","")))) -> #NAME? | J59: =IF($B57="Non",IF(J$57="Non","Mann Withney",IF(J$57="Oui","Mann Withney","")),IF($B$57="Oui",IF(J$57="Oui","T-Test Welch",IF(J$57="Non","Mann Withney","")))) -> #NAME? | ... M59: =IF($B57="Non",IF(M$57="Non","Mann Withney",IF(M$57="Oui","Mann Withney","")),IF($B$57="Oui",IF(M$57="Oui","T-Test Welch",IF(M$57="Non","Mann Withney","")))) -> #NAME? | O59: =IF($B57="Non",IF(O$57="Non","Mann Withney",IF(O$57="Oui","Mann Withney","")),IF($B$57="Oui",IF(O$57="Oui","T-Test Welch",IF(O$57="Non","Mann Withney","")))) -> #NAME? | P59: =IF($O57="Non",IF(P$57="Non","Mann Withney",IF(P$57="Oui","Mann Withney","")),IF($O$57="Oui",IF(P$57="Oui","T-Test Welch",IF(P$57="Non","Mann Withney","")))) -> #NAME? | Q59: =IF($O57="Non",IF(Q$57="Non","Mann Withney",IF(Q$57="Oui","Mann Withney","")),IF($O$57="Oui",IF(Q$57="Oui","T-Test Welch",IF(Q$57="Non","Mann Withney","")))) -> #NAME? | R59: =IF($O57="Non",IF(R$57="Non","Mann Withney",IF(R$57="Oui","Mann Withney","")),IF($O$57="Oui",IF(R$57="Oui","T-Test Welch",IF(R$57="Non","Mann Withney","")))) -> #NAME? | S59: =IF($O57="Non",IF(S$57="Non","Mann Withney",IF(S$57="Oui","Mann Withney","")),IF($O$57="Oui",IF(S$57="Oui","T-Test Welch",IF(S$57="Non","Mann Withney","")))) -> #NAME? | T59: =IF($O57="Non",IF(T$57="Non","Mann Withney",IF(T$57="Oui","Mann Withney","")),IF($O$57="Oui",IF(T$57="Oui","T-Test Welch",IF(T$57="Non","Mann Withney","")))) -> #NAME? | U59: =IF($O57="Non",IF(U$57="Non","Mann Withney",IF(U$57="Oui","Mann Withney","")),IF($O$57="Oui",IF(U$57="Oui","T-Test Welch",IF(U$57="Non","Mann Withney","")))) -> #NAME? | V59: =IF($O57="Non",IF(V$57="Non","Mann Withney",IF(V$57="Oui","Mann Withney","")),IF($O$57="Oui",IF(V$57="Oui","T-Test Welch",IF(V$57="Non","Mann Withney","")))) -> #NAME?
A60: Test statistique : valeur du p | C60: =IF(C59="Mann Withney",[1]!MTEST($B28:$B43,C28:C43,2), IF(C59="T-Test Welch",_xlfn.T.TEST($B28:$B43,C28:C43,2,3),"")) -> #NAME? | D60: =IF(D59="Mann Withney",[1]!MTEST($B28:$B43,D28:D43,2), IF(D59="T-Test Welch",_xlfn.T.TEST($B28:$B43,D28:D43,2,3),"")) -> #NAME? | E60: =IF(E59="Mann Withney",[1]!MTEST($B28:$B43,E28:E43,2), IF(E59="T-Test Welch",_xlfn.T.TEST($B28:$B43,E28:E43,2,3),"")) -> #NAME? | F60: =IF(F59="Mann Withney",[1]!MTEST($B28:$B43,F28:F43,2), IF(F59="T-Test Welch",_xlfn.T.TEST($B28:$B43,F28:F43,2,3),"")) -> #NAME? | G60: =IF(G59="Mann Withney",[1]!MTEST($B28:$B43,G28:G43,2), IF(G59="T-Test Welch",_xlfn.T.TEST($B28:$B43,G28:G43,2,3),"")) -> #NAME? | H60: =IF(H59="Mann Withney",[1]!MTEST($B28:$B43,H28:H43,2), IF(H59="T-Test Welch",_xlfn.T.TEST($B28:$B43,H28:H43,2,3),"")) -> #NAME? | I60: =IF(I59="Mann Withney",[1]!MTEST($B28:$B43,I28:I43,2), IF(I59="T-Test Welch",_xlfn.T.TEST($B28:$B43,I28:I43,2,3),"")) -> #NAME? | J60: =IF(J59="Mann Withney",[1]!MTEST($B28:$B43,J28:J43,2), IF(J59="T-Test Welch",_xlfn.T.TEST($B28:$B43,J28:J43,2,3),"")) -> #NAME? | ... M60: =IF(M59="Mann Withney",[1]!MTEST($B28:$B43,M28:M43,2), IF(M59="T-Test Welch",_xlfn.T.TEST($B28:$B43,M28:M43,2,3),"")) -> #NAME? | O60: =IF(O59="Mann Withney",[1]!MTEST($B28:$B43,O28:O43,2), IF(O59="T-Test Welch",_xlfn.T.TEST($B28:$B43,O28:O43,2,3),"")) -> #NAME? | P60: =IF(P59="Mann Withney",[1]!MTEST($O28:$O43,P28:P43,2), IF(P59="T-Test Welch",_xlfn.T.TEST($O28:$O43,P28:P43,2,3),"")) -> #NAME? | Q60: =IF(Q59="Mann Withney",[1]!MTEST($O28:$O43,Q28:Q43,2), IF(Q59="T-Test Welch",_xlfn.T.TEST($O28:$O43,Q28:Q43,2,3),"")) -> #NAME? | R60: =IF(R59="Mann Withney",[1]!MTEST($O28:$O43,R28:R43,2), IF(R59="T-Test Welch",_xlfn.T.TEST($O28:$O43,R28:R43,2,3),"")) -> #NAME? | S60: =IF(S59="Mann Withney",[1]!MTEST($O28:$O43,S28:S43,2), IF(S59="T-Test Welch",_xlfn.T.TEST($O28:$O43,S28:S43,2,3),"")) -> #NAME? | T60: =IF(T59="Mann Withney",[1]!MTEST($O28:$O43,T28:T43,2), IF(T59="T-Test Welch",_xlfn.T.TEST($O28:$O43,T28:T43,2,3),"")) -> #NAME? | U60: =IF(U59="Mann Withney",[1]!MTEST($O28:$O43,U28:U43,2), IF(U59="T-Test Welch",_xlfn.T.TEST($O28:$O43,U28:U43,2,3),"")) -> #NAME? | V60: =IF(V59="Mann Withney",[1]!MTEST($O28:$O43,V28:V43,2), IF(V59="T-Test Welch",_xlfn.T.TEST($O28:$O43,V28:V43,2,3),"")) -> #NAME?
A61: Annotation | C61: =IF(C60>0.05,"NS",IF(C60>0.01,"*",IF(C60>0.001,"**","***"))) -> #NAME? | D61: =IF(D60>0.05,"NS",IF(D60>0.01,"*",IF(D60>0.001,"**","***"))) -> #NAME? | E61: =IF(E60>0.05,"NS",IF(E60>0.01,"*",IF(E60>0.001,"**","***"))) -> #NAME? | F61: =IF(F60>0.05,"NS",IF(F60>0.01,"*",IF(F60>0.001,"**","***"))) -> #NAME? | G61: =IF(G60>0.05,"NS",IF(G60>0.01,"*",IF(G60>0.001,"**","***"))) -> #NAME? | H61: =IF(H60>0.05,"NS",IF(H60>0.01,"*",IF(H60>0.001,"**","***"))) -> #NAME? | I61: =IF(I60>0.05,"NS",IF(I60>0.01,"*",IF(I60>0.001,"**","***"))) -> #NAME? | J61: =IF(J60>0.05,"NS",IF(J60>0.01,"*",IF(J60>0.001,"**","***"))) -> #NAME? | ... M61: =IF(M60>0.05,"NS",IF(M60>0.01,"*",IF(M60>0.001,"**","***"))) -> #NAME? | O61: =IF(O60>0.05,"NS",IF(O60>0.01,"*",IF(O60>0.001,"**","***"))) -> #NAME? | P61: =IF(P60>0.05,"NS",IF(P60>0.01,"*",IF(P60>0.001,"**","***"))) -> #NAME? | Q61: =IF(Q60>0.05,"NS",IF(Q60>0.01,"*",IF(Q60>0.001,"**","***"))) -> #NAME? | R61: =IF(R60>0.05,"NS",IF(R60>0.01,"*",IF(R60>0.001,"**","***"))) -> #NAME? | S61: =IF(S60>0.05,"NS",IF(S60>0.01,"*",IF(S60>0.001,"**","***"))) -> #NAME? | T61: =IF(T60>0.05,"NS",IF(T60>0.01,"*",IF(T60>0.001,"**","***"))) -> #NAME? | U61: =IF(U60>0.05,"NS",IF(U60>0.01,"*",IF(U60>0.001,"**","***"))) -> #NAME? | V61: =IF(V60>0.05,"NS",IF(V60>0.01,"*",IF(V60>0.001,"**","***"))) -> #NAME?
A63: Eléments pour la mise en forme conditionnelles des résutats - calcul équivalent hormonal (eqH)
A64: LOD | B64: =B46+(3*B47) -> 0.051574441
A65: LOQ | B65: =B46+(10*B47) -> 0.13673578
A67: 5. Expérimentateur 1 : remplissage du suivi qualité (SQ) et transmission à l'expérimenteur 2.

Sheet Raw data R2
A1: Nom groupe | B1: N° de valeur | C1: file name | D1: total area | E1: mean intensity | G1: total fluorescence | I1: nbre de larves | L1: (Tous)
A2: =IFERROR(LEFT(RIGHT(C2,LEN(C2)-SEARCH("@",C2)),SEARCH("/",RIGHT(C2,LEN(C2)-SEARCH("@",C2)-1))),"") | B2: =LEFT(RIGHT(RIGHT(Tableau46[[#This Row],[file name]],LEN(Tableau46[[#This Row],[file name]])-SEARCH("@",Tableau46[[#This Row],[file name]])),LEN(RIGHT(Tableau46[[#This Row],[file name]],LEN(Tableau46[[#This Row],[file name]])-SEARCH("@",Tableau46[[#This Row],[file name]])))-SEARCH("/",RIGHT(Tableau46[[#This Row],[file name]],LEN(Tableau46[[#This Row],[file name]])-SEARCH("@",Tableau46[[#This Row],[file name]])))),1) -> #VALUE! | K2: Filtre lignes : Enlever (vide) et Néant | L2: Filtre colonnes : Enlever (vide) et " "
A3: =IFERROR(LEFT(RIGHT(C3,LEN(C3)-SEARCH("@",C3)),SEARCH("/",RIGHT(C3,LEN(C3)-SEARCH("@",C3)-1))),"") | B3: =LEFT(RIGHT(RIGHT(Tableau46[[#This Row],[file name]],LEN(Tableau46[[#This Row],[file name]])-SEARCH("@",Tableau46[[#This Row],[file name]])),LEN(RIGHT(Tableau46[[#This Row],[file name]],LEN(Tableau46[[#This Row],[file name]])-SEARCH("@",Tableau46[[#This Row],[file name]])))-SEARCH("/",RIGHT(Tableau46[[#This Row],[file name]],LEN(Tableau46[[#This Row],[file name]])-SEARCH("@",Tableau46[[#This Row],[file name]])))),1) -> #VALUE! | K3: Moyenne de total fluorescence | L3: Étiquettes de colonnes
A4: =IFERROR(LEFT(RIGHT(C4,LEN(C4)-SEARCH("@",C4)),SEARCH("/",RIGHT(C4,LEN(C4)-SEARCH("@",C4)-1))),"") | B4: =LEFT(RIGHT(RIGHT(Tableau46[[#This Row],[file name]],LEN(Tableau46[[#This Row],[file name]])-SEARCH("@",Tableau46[[#This Row],[file name]])),LEN(RIGHT(Tableau46[[#This Row],[file name]],LEN(Tableau46[[#This Row],[file name]])-SEARCH("@",Tableau46[[#This Row],[file name]])))-SEARCH("/",RIGHT(Tableau46[[#This Row],[file name]],LEN(Tableau46[[#This Row],[file name]])-SEARCH("@",Tableau46[[#This Row],[file name]])))),1) -> #VALUE! | K4: Étiquettes de lignes
A5: =IFERROR(LEFT(RIGHT(C5,LEN(C5)-SEARCH("@",C5)),SEARCH("/",RIGHT(C5,LEN(C5)-SEARCH("@",C5)-1))),"") | B5: =LEFT(RIGHT(RIGHT(Tableau46[[#This Row],[file name]],LEN(Tableau46[[#This Row],[file name]])-SEARCH("@",Tableau46[[#This Row],[file name]])),LEN(RIGHT(Tableau46[[#This Row],[file name]],LEN(Tableau46[[#This Row],[file name]])-SEARCH("@",Tableau46[[#This Row],[file name]])))-SEARCH("/",RIGHT(Tableau46[[#This Row],[file name]],LEN(Tableau46[[#This Row],[file name]])-SEARCH("@",Tableau46[[#This Row],[file name]])))),1) -> #VALUE! | K5: #VALEUR!
A6: =IFERROR(LEFT(RIGHT(C6,LEN(C6)-SEARCH("@",C6)),SEARCH("/",RIGHT(C6,LEN(C6)-SEARCH("@",C6)-1))),"") | B6: =LEFT(RIGHT(RIGHT(Tableau46[[#This Row],[file name]],LEN(Tableau46[[#This Row],[file name]])-SEARCH("@",Tableau46[[#This Row],[file name]])),LEN(RIGHT(Tableau46[[#This Row],[file name]],LEN(Tableau46[[#This Row],[file name]])-SEARCH("@",Tableau46[[#This Row],[file name]])))-SEARCH("/",RIGHT(Tableau46[[#This Row],[file name]],LEN(Tableau46[[#This Row],[file name]])-SEARCH("@",Tableau46[[#This Row],[file name]])))),1) -> #VALUE!
A7: =IFERROR(LEFT(RIGHT(C7,LEN(C7)-SEARCH("@",C7)),SEARCH("/",RIGHT(C7,LEN(C7)-SEARCH("@",C7)-1))),"") | B7: =LEFT(RIGHT(RIGHT(Tableau46[[#This Row],[file name]],LEN(Tableau46[[#This Row],[file name]])-SEARCH("@",Tableau46[[#This Row],[file name]])),LEN(RIGHT(Tableau46[[#This Row],[file name]],LEN(Tableau46[[#This Row],[file name]])-SEARCH("@",Tableau46[[#This Row],[file name]])))-SEARCH("/",RIGHT(Tableau46[[#This Row],[file name]],LEN(Tableau46[[#This Row],[file name]])-SEARCH("@",Tableau46[[#This Row],[file name]])))),1) -> #VALUE!
A8: =IFERROR(LEFT(RIGHT(C8,LEN(C8)-SEARCH("@",C8)),SEARCH("/",RIGHT(C8,LEN(C8)-SEARCH("@",C8)-1))),"") | B8: =LEFT(RIGHT(RIGHT(Tableau46[[#This Row],[file name]],LEN(Tableau46[[#This Row],[file name]])-SEARCH("@",Tableau46[[#This Row],[file name]])),LEN(RIGHT(Tableau46[[#This Row],[file name]],LEN(Tableau46[[#This Row],[file name]])-SEARCH("@",Tableau46[[#This Row],[file name]])))-SEARCH("/",RIGHT(Tableau46[[#This Row],[file name]],LEN(Tableau46[[#This Row],[file name]])-SEARCH("@",Tableau46[[#This Row],[file name]])))),1) -> #VALUE!
A9: =IFERROR(LEFT(RIGHT(C9,LEN(C9)-SEARCH("@",C9)),SEARCH("/",RIGHT(C9,LEN(C9)-SEARCH("@",C9)-1))),"") | B9: =LEFT(RIGHT(RIGHT(Tableau46[[#This Row],[file name]],LEN(Tableau46[[#This Row],[file name]])-SEARCH("@",Tableau46[[#This Row],[file name]])),LEN(RIGHT(Tableau46[[#This Row],[file name]],LEN(Tableau46[[#This Row],[file name]])-SEARCH("@",Tableau46[[#This Row],[file name]])))-SEARCH("/",RIGHT(Tableau46[[#This Row],[file name]],LEN(Tableau46[[#This Row],[file name]])-SEARCH("@",Tableau46[[#This Row],[file name]])))),1) -> #VALUE!
A10: =IFERROR(LEFT(RIGHT(C10,LEN(C10)-SEARCH("@",C10)),SEARCH("/",RIGHT(C10,LEN(C10)-SEARCH("@",C10)-1))),"") | B10: =LEFT(RIGHT(RIGHT(Tableau46[[#This Row],[file name]],LEN(Tableau46[[#This Row],[file name]])-SEARCH("@",Tableau46[[#This Row],[file name]])),LEN(RIGHT(Tableau46[[#This Row],[file name]],LEN(Tableau46[[#This Row],[file name]])-SEARCH("@",Tableau46[[#This Row],[file name]])))-SEARCH("/",RIGHT(Tableau46[[#This Row],[file name]],LEN(Tableau46[[#This Row],[file name]])-SEARCH("@",Tableau46[[#This Row],[file name]])))),1) -> #VALUE!
A11: =IFERROR(LEFT(RIGHT(C11,LEN(C11)-SEARCH("@",C11)),SEARCH("/",RIGHT(C11,LEN(C11)-SEARCH("@",C11)-1))),"") | B11: =LEFT(RIGHT(RIGHT(Tableau46[[#This Row],[file name]],LEN(Tableau46[[#This Row],[file name]])-SEARCH("@",Tableau46[[#This Row],[file name]])),LEN(RIGHT(Tableau46[[#This Row],[file name]],LEN(Tableau46[[#This Row],[file name]])-SEARCH("@",Tableau46[[#This Row],[file name]])))-SEARCH("/",RIGHT(Tableau46[[#This Row],[file name]],LEN(Tableau46[[#This Row],[file name]])-SEARCH("@",Tableau46[[#This Row],[file name]])))),1) -> #VALUE!
A12: =IFERROR(LEFT(RIGHT(C12,LEN(C12)-SEARCH("@",C12)),SEARCH("/",RIGHT(C12,LEN(C12)-SEARCH("@",C12)-1))),"") | B12: =LEFT(RIGHT(RIGHT(Tableau46[[#This Row],[file name]],LEN(Tableau46[[#This Row],[file name]])-SEARCH("@",Tableau46[[#This Row],[file name]])),LEN(RIGHT(Tableau46[[#This Row],[file name]],LEN(Tableau46[[#This Row],[file name]])-SEARCH("@",Tableau46[[#This Row],[file name]])))-SEARCH("/",RIGHT(Tableau46[[#This Row],[file name]],LEN(Tableau46[[#This Row],[file name]])-SEARCH("@",Tableau46[[#This Row],[file name]])))),1) -> #VALUE!
A13: =IFERROR(LEFT(RIGHT(C13,LEN(C13)-SEARCH("@",C13)),SEARCH("/",RIGHT(C13,LEN(C13)-SEARCH("@",C13)-1))),"") | B13: =LEFT(RIGHT(RIGHT(Tableau46[[#This Row],[file name]],LEN(Tableau46[[#This Row],[file name]])-SEARCH("@",Tableau46[[#This Row],[file name]])),LEN(RIGHT(Tableau46[[#This Row],[file name]],LEN(Tableau46[[#This Row],[file name]])-SEARCH("@",Tableau46[[#This Row],[file name]])))-SEARCH("/",RIGHT(Tableau46[[#This Row],[file name]],LEN(Tableau46[[#This Row],[file name]])-SEARCH("@",Tableau46[[#This Row],[file name]])))),1) -> #VALUE!
A14: =IFERROR(LEFT(RIGHT(C14,LEN(C14)-SEARCH("@",C14)),SEARCH("/",RIGHT(C14,LEN(C14)-SEARCH("@",C14)-1))),"") | B14: =LEFT(RIGHT(RIGHT(Tableau46[[#This Row],[file name]],LEN(Tableau46[[#This Row],[file name]])-SEARCH("@",Tableau46[[#This Row],[file name]])),LEN(RIGHT(Tableau46[[#This Row],[file name]],LEN(Tableau46[[#This Row],[file name]])-SEARCH("@",Tableau46[[#This Row],[file name]])))-SEARCH("/",RIGHT(Tableau46[[#This Row],[file name]],LEN(Tableau46[[#This Row],[file name]])-SEARCH("@",Tableau46[[#This Row],[file name]])))),1) -> #VALUE!
A15: =IFERROR(LEFT(RIGHT(C15,LEN(C15)-SEARCH("@",C15)),SEARCH("/",RIGHT(C15,LEN(C15)-SEARCH("@",C15)-1))),"") | B15: =LEFT(RIGHT(RIGHT(Tableau46[[#This Row],[file name]],LEN(Tableau46[[#This Row],[file name]])-SEARCH("@",Tableau46[[#This Row],[file name]])),LEN(RIGHT(Tableau46[[#This Row],[file name]],LEN(Tableau46[[#This Row],[file name]])-SEARCH("@",Tableau46[[#This Row],[file name]])))-SEARCH("/",RIGHT(Tableau46[[#This Row],[file name]],LEN(Tableau46[[#This Row],[file name]])-SEARCH("@",Tableau46[[#This Row],[file name]])))),1) -> #VALUE!
A16: =IFERROR(LEFT(RIGHT(C16,LEN(C16)-SEARCH("@",C16)),SEARCH("/",RIGHT(C16,LEN(C16)-SEARCH("@",C16)-1))),"") | B16: =LEFT(RIGHT(RIGHT(Tableau46[[#This Row],[file name]],LEN(Tableau46[[#This Row],[file name]])-SEARCH("@",Tableau46[[#This Row],[file name]])),LEN(RIGHT(Tableau46[[#This Row],[file name]],LEN(Tableau46[[#This Row],[file name]])-SEARCH("@",Tableau46[[#This Row],[file name]])))-SEARCH("/",RIGHT(Tableau46[[#This Row],[file name]],LEN(Tableau46[[#This Row],[file name]])-SEARCH("@",Tableau46[[#This Row],[file name]])))),1) -> #VALUE!
A17: =IFERROR(LEFT(RIGHT(C17,LEN(C17)-SEARCH("@",C17)),SEARCH("/",RIGHT(C17,LEN(C17)-SEARCH("@",C17)-1))),"") | B17: =LEFT(RIGHT(RIGHT(Tableau46[[#This Row],[file name]],LEN(Tableau46[[#This Row],[file name]])-SEARCH("@",Tableau46[[#This Row],[file name]])),LEN(RIGHT(Tableau46[[#This Row],[file name]],LEN(Tableau46[[#This Row],[file name]])-SEARCH("@",Tableau46[[#This Row],[file name]])))-SEARCH("/",RIGHT(Tableau46[[#This Row],[file name]],LEN(Tableau46[[#This Row],[file name]])-SEARCH("@",Tableau46[[#This Row],[file name]])))),1) -> #VALUE!
... A1531: =IFERROR(LEFT(RIGHT(C1531,LEN(C1531)-SEARCH("@",C1531)),SEARCH("/",RIGHT(C1531,LEN(C1531)-SEARCH("@",C1531)-1))),"") | B1531: =LEFT(RIGHT(RIGHT(Tableau46[[#This Row],[file name]],LEN(Tableau46[[#This Row],[file name]])-SEARCH("@",Tableau46[[#This Row],[file name]])),LEN(RIGHT(Tableau46[[#This Row],[file name]],LEN(Tableau46[[#This Row],[file name]])-SEARCH("@",Tableau46[[#This Row],[file name]])))-SEARCH("/",RIGHT(Tableau46[[#This Row],[file name]],LEN(Tableau46[[#This Row],[file name]])-SEARCH("@",Tableau46[[#This Row],[file name]])))),1) -> #VALUE!

Sheet R2
A1: 6. Expérimentateur 2 : copier et coller les valeurs des intensités totales de fluorescences obtenues dans le fichier raw data lors du traitement des images. Ne pas supprimer les colonnes correspondant aux concentrations non lues.
A3: R2 | B3: Non dopé | O3: avec testo
A4: Noms des groupes | B4: ='Page de garde'!A7 -> Témoin solvant | C4: ='Page de garde'!A9 -> EE2-33.8ng/L | D4: ='Page de garde'!A10 -> EE2-50.6ng/L | E4: ='Page de garde'!A11 -> EE2-76ng/L | F4: ='Page de garde'!A12 -> EE2-114ng/L | G4: ='Page de garde'!A13 -> EE2-170.9ng/L | H4: ='Page de garde'!A14 -> EE2-488ng/L | I4: ='Page de garde'!A15 -> BPA-1mg/L | J4: ='Page de garde'!A16 -> BPA-2mg/L | K4: ='Page de garde'!A17 -> BPA-3mg/L | L4: ='Page de garde'!A18 -> BPA-4mg/L | M4: ='Page de garde'!A19 -> BPA-5mg/L | O4: ='Page de garde'!A36 -> Testo -30µg/L | P4: ='Page de garde'!A37 -> Testo 30µg/L + EE2 -64ng/L | Q4: ='Page de garde'!A38 -> Testo 30µg/L + FAD-10µg/L | R4: ='Page de garde'!A39 -> BPA-1mg/L + Testostérone | S4: ='Page de garde'!A40 -> BPA-2mg/L + Testostérone | T4: ='Page de garde'!A41 -> BPA-3mg/L + Testostérone | U4: ='Page de garde'!A42 -> BPA-4mg/L + Testostérone | V4: ='Page de garde'!A43 -> BPA-5mg/L + Testostérone
A5: Données brutes | B5: 341346 | C5: 49962 | D5: 46002 | E5: 859704 | F5: 2582836 | G5: 5162975 | H5: 9612003 | I5: 89289 | J5: 43930 | K5: 53287 | L5: 113970 | M5: 3350107 | O5: 139897 | P5: 6654239 | Q5: 486365 | R5: 5823564 | S5: 660827 | T5: 2500405 | U5: 2824785 | V5: 2806386
B6: 85962 | C6: 50766 | D6: 198878 | E6: 3492845 | F6: 1023201 | G6: 6215654 | H6: 9051795 | I6: 23573 | J6: 846429 | K6: 123069 | L6: 149786 | M6: 494877 | O6: 217163 | P6: 6248328 | Q6: 55985 | R6: 125320 | S6: 1450280 | T6: 1778733 | U6: 7407366 | V6: 3307501
B7: 58616 | C7: 202708 | D7: 142140 | E7: 2056087 | F7: 1901571 | G7: 5698899 | H7: 8528732 | I7: 164825 | J7: 150643 | K7: 78864 | L7: 920894 | M7: 180068 | O7: 110923 | P7: 8850646 | Q7: 181854 | R7: 305069 | S7: 1932572 | T7: 3375797 | U7: 6969120 | V7: 7404935
B8: 77241 | C8: 32261 | D8: 84557 | E8: 1696581 | F8: 3053297 | G8: 6080086 | H8: 19764273 | I8: 332263 | J8: 14139 | K8: 157159 | L8: 146712 | M8: 1978513 | O8: 120070 | P8: 6435481 | Q8: 35208 | R8: 14010 | S8: 3297498 | T8: 241509 | U8: 4409046 | V8: 4009701
B9: 155715 | C9: 34456 | D9: 86266 | E9: 3760830 | F9: 5746894 | G9: 8378617 | H9: 11624024 | I9: 133770 | J9: 81458 | K9: 113369 | L9: 773415 | M9: 6366489 | O9: 1228892 | P9: 7287235 | Q9: 263194 | R9: 3134116 | S9: 418966 | T9: 2639225 | U9: 4873243 | V9: 2418238
B10: 148514 | C10: 96871 | D10: 43949 | E10: 668770 | F10: 9227517 | G10: 2631251 | H10: 8905748 | I10: 378477 | J10: 4446 | K10: 76702 | L10: 10964 | M10: 48912 | O10: 450016 | P10: 4463677 | Q10: 390024 | R10: 185294 | S10: 952931 | T10: 4588873 | U10: 10642563 | V10: 2258995
B11: 7253 | C11: 54971 | D11: 48908 | E11: 2967954 | F11: 6165683 | G11: 3948149 | H11: 14310533 | I11: 73674 | J11: 34310 | K11: 100845 | L11: 225691 | M11: 295160 | O11: 81341 | P11: 5810268 | Q11: 105669 | R11: 1083991 | S11: 633322 | T11: 1120718 | U11: 4773935 | V11: 2185283
B12: 87950 | C12: 44256 | E12: 357171 | F12: 4988230 | G12: 8204967 | H12: 14371213 | I12: 238119 | J12: 148157 | K12: 73620 | L12: 2698199 | M12: 6944491 | O12: 1335327 | Q12: 262441 | R12: 483685 | S12: 179130 | T12: 895643 | U12: 1070572 | V12: 3656079
O13: 52306
O14: 218248
O15: 449155
O16: 1439472
O17: 26769
O18: 16708
O19: 53538
O20: 6596512
A22: =A4 -> Noms des groupes | B22: =B4 -> Témoin solvant | C22: =C4 -> EE2-33.8ng/L | D22: =D4 -> EE2-50.6ng/L | E22: =E4 -> EE2-76ng/L | F22: =F4 -> EE2-114ng/L | G22: =G4 -> EE2-170.9ng/L | H22: =H4 -> EE2-488ng/L | ... M22: =M4 -> BPA-5mg/L | N22: Noms des groupes | O22: =O4 -> Testo -30µg/L | P22: =P4 -> Testo 30µg/L + EE2 -64ng/L | Q22: =Q4 -> Testo 30µg/L + FAD-10µg/L | R22: =R4 -> BPA-1mg/L + Testostérone | S22: =S4 -> BPA-2mg/L + Testostérone | T22: =T4 -> BPA-3mg/L + Testostérone | U22: =U4 -> BPA-4mg/L + Testostérone | V22: =V4 -> BPA-5mg/L + Testostérone
A23: mean | B23: =AVERAGE(B5:B20) -> 120324.62 | C23: =AVERAGE(C5:C20) -> 70781.375 | D23: =AVERAGE(D5:D20) -> 92957.143 | E23: =AVERAGE(E5:E20) -> 1982492.8 | F23: =AVERAGE(F5:F20) -> 4336153.6 | G23: =AVERAGE(G5:G20) -> 5790074.8 | H23: =AVERAGE(H5:H20) -> 12021040 | I23: =AVERAGE(I5:I20) -> 179248.75 | J23: =AVERAGE(J5:J20) -> 165439 | L23: =AVERAGE(L5:L20) -> 629953.88 | N23: mean | O23: =AVERAGE(O5:O20) -> 783521.06 | P23: =AVERAGE(P5:P20) -> 6535696.3 | Q23: =AVERAGE(Q5:Q20) -> 222592.5 | R23: =AVERAGE(R5:R20) -> 1394381.1 | S23: =AVERAGE(S5:S20) -> 1190690.8 | T23: =AVERAGE(T5:T20) -> 2142612.9 | U23: =AVERAGE(U5:U20) -> 5371328.8 | V23: =AVERAGE(V5:V20) -> 3505889.8
A24: SD | B24: =STDEV(B5:B20) -> 101119.32 | C24: =STDEV(C5:C20) -> 56916.33 | D24: =STDEV(D5:D20) -> 58167.038 | E24: =STDEV(E5:E20) -> 1316387.7 | F24: =STDEV(F5:F20) -> 2707415.7 | G24: =STDEV(G5:G20) -> 1948255.8 | H24: =STDEV(H5:H20) -> 3917023.4 | I24: =STDEV(I5:I20) -> 126672.27 | J24: =STDEV(J5:J20) -> 280837.39 | L24: =STDEV(L5:L20) -> 899187.36 | N24: SD | O24: =STDEV(O5:O20) -> 1625123.4 | P24: =STDEV(P5:P20) -> 1344742.2 | Q24: =STDEV(Q5:Q20) -> 159931.84 | R24: =STDEV(R5:R20) -> 2061015 | S24: =STDEV(S5:S20) -> 1022823.2 | T24: =STDEV(T5:T20) -> 1425551.4 | U24: =STDEV(U5:U20) -> 2951915.7 | V24: =STDEV(V5:V20) -> 1710861.7
B26: Non dopé | O26: avec testo
A27: Noms des groupes | B27: =B4 -> Témoin solvant | C27: =C4 -> EE2-33.8ng/L | D27: =D4 -> EE2-50.6ng/L | E27: =E4 -> EE2-76ng/L | F27: =F4 -> EE2-114ng/L | G27: =G4 -> EE2-170.9ng/L | H27: =H4 -> EE2-488ng/L | I27: =I4 -> BPA-1mg/L | ... M27: =M4 -> BPA-5mg/L | O27: =O4 -> Testo -30µg/L | P27: =P4 -> Testo 30µg/L + EE2 -64ng/L | Q27: =Q4 -> Testo 30µg/L + FAD-10µg/L | R27: =R4 -> BPA-1mg/L + Testostérone | S27: =S4 -> BPA-2mg/L + Testostérone | T27: =T4 -> BPA-3mg/L + Testostérone | U27: =U4 -> BPA-4mg/L + Testostérone | V27: =V4 -> BPA-5mg/L + Testostérone
A28: Données normalisées sur la moyenne du groupe "Testo" | B28: =IF(B5="","",(B5/$O$23)) -> 0.43565644 | C28: =IF(C5="","",(C5/$O$23)) -> 0.063765995 | D28: =IF(D5="","",(D5/$O$23)) -> 0.058711887 | E28: =IF(E5="","",(E5/$O$23)) -> 1.0972315 | F28: =IF(F5="","",(F5/$O$23)) -> 3.2964474 | G28: =IF(G5="","",(G5/$O$23)) -> 6.5894527 | H28: =IF(H5="","",(H5/$O$23)) -> 12.267702 | I28: =IF(I5="","",(I5/$O$23)) -> 0.11395865 | ... M28: =IF(M5="","",(M5/$O$23)) -> 4.2757076 | O28: =IF(O5="","",(O5/$O$23)) -> 0.17854912 | P28: =IF(P5="","",(P5/$O$23)) -> 8.4927379 | Q28: =IF(Q5="","",(Q5/$O$23)) -> 0.62074273 | R28: =IF(R5="","",(R5/$O$23)) -> 7.4325558 | S28: =IF(S5="","",(S5/$O$23)) -> 0.84340681 | T28: =IF(T5="","",(T5/$O$23)) -> 3.1912416 | U28: =IF(U5="","",(U5/$O$23)) -> 3.6052445 | V28: =IF(V5="","",(V5/$O$23)) -> 3.581762
B29: =IF(B6="","",(B6/$O$23)) -> 0.10971243 | C29: =IF(C6="","",(C6/$O$23)) -> 0.064792132 | D29: =IF(D6="","",(D6/$O$23)) -> 0.25382598 | E29: =IF(E6="","",(E6/$O$23)) -> 4.4578827 | F29: =IF(F6="","",(F6/$O$23)) -> 1.3059011 | G29: =IF(G6="","",(G6/$O$23)) -> 7.9329763 | H29: =IF(H6="","",(H6/$O$23)) -> 11.552714 | I29: =IF(I6="","",(I6/$O$23)) -> 0.030085981 | ... M29: =IF(M6="","",(M6/$O$23)) -> 0.63160651 | O29: =IF(O6="","",(O6/$O$23)) -> 0.27716294 | P29: =IF(P6="","",(P6/$O$23)) -> 7.9746778 | Q29: =IF(Q6="","",(Q6/$O$23)) -> 0.071453089 | R29: =IF(R6="","",(R6/$O$23)) -> 0.15994465 | S29: =IF(S6="","",(S6/$O$23)) -> 1.8509777 | T29: =IF(T6="","",(T6/$O$23)) -> 2.2701789 | U29: =IF(U6="","",(U6/$O$23)) -> 9.4539462 | V29: =IF(V6="","",(V6/$O$23)) -> 4.22133
B30: =IF(B7="","",(B7/$O$23)) -> 0.074811007 | C30: =IF(C7="","",(C7/$O$23)) -> 0.25871417 | D30: =IF(D7="","",(D7/$O$23)) -> 0.18141184 | E30: =IF(E7="","",(E7/$O$23)) -> 2.624163 | F30: =IF(F7="","",(F7/$O$23)) -> 2.4269558 | G30: =IF(G7="","",(G7/$O$23)) -> 7.2734471 | H30: =IF(H7="","",(H7/$O$23)) -> 10.885134 | I30: =IF(I7="","",(I7/$O$23)) -> 0.21036448 | ... M30: =IF(M7="","",(M7/$O$23)) -> 0.22981897 | O30: =IF(O7="","",(O7/$O$23)) -> 0.1415699 | P30: =IF(P7="","",(P7/$O$23)) -> 11.29599 | Q30: =IF(Q7="","",(Q7/$O$23)) -> 0.23209842 | R30: =IF(R7="","",(R7/$O$23)) -> 0.38935648 | S30: =IF(S7="","",(S7/$O$23)) -> 2.4665221 | T30: =IF(T7="","",(T7/$O$23)) -> 4.3084955 | U30: =IF(U7="","",(U7/$O$23)) -> 8.8946173 | V30: =IF(V7="","",(V7/$O$23)) -> 9.4508436
B31: =IF(B8="","",(B8/$O$23)) -> 0.098581906 | C31: =IF(C8="","",(C8/$O$23)) -> 0.041174388 | D31: =IF(D8="","",(D8/$O$23)) -> 0.10791924 | E31: =IF(E8="","",(E8/$O$23)) -> 2.1653292 | F31: =IF(F8="","",(F8/$O$23)) -> 3.8968921 | G31: =IF(G8="","",(G8/$O$23)) -> 7.7599522 | H31: =IF(H8="","",(H8/$O$23)) -> 25.224942 | I31: =IF(I8="","",(I8/$O$23)) -> 0.4240639 | ... M31: =IF(M8="","",(M8/$O$23)) -> 2.5251561 | O31: =IF(O8="","",(O8/$O$23)) -> 0.15324413 | P31: =IF(P8="","",(P8/$O$23)) -> 8.2135392 | Q31: =IF(Q8="","",(Q8/$O$23)) -> 0.044935614 | R31: =IF(R8="","",(R8/$O$23)) -> 0.017880821 | S31: =IF(S8="","",(S8/$O$23)) -> 4.2085633 | T31: =IF(T8="","",(T8/$O$23)) -> 0.30823549 | U31: =IF(U8="","",(U8/$O$23)) -> 5.6272208 | V31: =IF(V8="","",(V8/$O$23)) -> 5.1175408
B32: =IF(B9="","",(B9/$O$23)) -> 0.19873748 | C32: =IF(C9="","",(C9/$O$23)) -> 0.043975844 | D32: =IF(D9="","",(D9/$O$23)) -> 0.11010042 | E32: =IF(E9="","",(E9/$O$23)) -> 4.7999093 | F32: =IF(F9="","",(F9/$O$23)) -> 7.3347026 | G32: =IF(G9="","",(G9/$O$23)) -> 10.693544 | H32: =IF(H9="","",(H9/$O$23)) -> 14.835624 | I32: =IF(I9="","",(I9/$O$23)) -> 0.1707293 | ... M32: =IF(M9="","",(M9/$O$23)) -> 8.1254855 | O32: =IF(O9="","",(O9/$O$23)) -> 1.5684224 | P32: =IF(P9="","",(P9/$O$23)) -> 9.3006243 | Q32: =IF(Q9="","",(Q9/$O$23)) -> 0.33591184 | R32: =IF(R9="","",(R9/$O$23)) -> 4.0000405 | S32: =IF(S9="","",(S9/$O$23)) -> 0.53472206 | T32: =IF(T9="","",(T9/$O$23)) -> 3.3684161 | U32: =IF(U9="","",(U9/$O$23)) -> 6.2196707 | V32: =IF(V9="","",(V9/$O$23)) -> 3.0863727
B33: =IF(B10="","",(B10/$O$23)) -> 0.18954691 | C33: =IF(C10="","",(C10/$O$23)) -> 0.12363548 | D33: =IF(D10="","",(D10/$O$23)) -> 0.056091664 | E33: =IF(E10="","",(E10/$O$23)) -> 0.85354438 | F33: =IF(F10="","",(F10/$O$23)) -> 11.776987 | G33: =IF(G10="","",(G10/$O$23)) -> 3.358239 | H33: =IF(H10="","",(H10/$O$23)) -> 11.366316 | I33: =IF(I10="","",(I10/$O$23)) -> 0.48304636 | ... M33: =IF(M10="","",(M10/$O$23)) -> 0.06242589 | O33: =IF(O10="","",(O10/$O$23)) -> 0.57435087 | P33: =IF(P10="","",(P10/$O$23)) -> 5.6969458 | Q33: =IF(Q10="","",(Q10/$O$23)) -> 0.49778368 | R33: =IF(R10="","",(R10/$O$23)) -> 0.23648886 | S33: =IF(S10="","",(S10/$O$23)) -> 1.2162162 | T33: =IF(T10="","",(T10/$O$23)) -> 5.8567322 | U33: =IF(U10="","",(U10/$O$23)) -> 13.582995 | V33: =IF(V10="","",(V10/$O$23)) -> 2.8831324
B34: =IF(B11="","",(B11/$O$23)) -> 0.0092569305 | C34: =IF(C11="","",(C11/$O$23)) -> 0.070158931 | D34: =IF(D11="","",(D11/$O$23)) -> 0.062420785 | E34: =IF(E11="","",(E11/$O$23)) -> 3.7879696 | F34: =IF(F11="","",(F11/$O$23)) -> 7.8691988 | G34: =IF(G11="","",(G11/$O$23)) -> 5.0389826 | H34: =IF(H11="","",(H11/$O$23)) -> 18.264388 | I34: =IF(I11="","",(I11/$O$23)) -> 0.09402938 | ... M34: =IF(M11="","",(M11/$O$23)) -> 0.37670972 | O34: =IF(O11="","",(O11/$O$23)) -> 0.10381469 | P34: =IF(P11="","",(P11/$O$23)) -> 7.4155862 | Q34: =IF(Q11="","",(Q11/$O$23)) -> 0.13486427 | R34: =IF(R11="","",(R11/$O$23)) -> 1.3834867 | S34: =IF(S11="","",(S11/$O$23)) -> 0.80830246 | T34: =IF(T11="","",(T11/$O$23)) -> 1.430361 | U34: =IF(U11="","",(U11/$O$23)) -> 6.0929249 | V34: =IF(V11="","",(V11/$O$23)) -> 2.7890546
B35: =IF(B12="","",(B12/$O$23)) -> 0.11224969 | C35: =IF(C12="","",(C12/$O$23)) -> 0.056483485 | D35: =IF(D12="","",(D12/$O$23)) | E35: =IF(E12="","",(E12/$O$23)) -> 0.45585373 | F35: =IF(F12="","",(F12/$O$23)) -> 6.3664275 | G35: =IF(G12="","",(G12/$O$23)) -> 10.471916 | H35: =IF(H12="","",(H12/$O$23)) -> 18.341834 | I35: =IF(I12="","",(I12/$O$23)) -> 0.30390887 | ... M35: =IF(M12="","",(M12/$O$23)) -> 8.8631836 | O35: =IF(O12="","",(O12/$O$23)) -> 1.7042643 | P35: =IF(P12="","",(P12/$O$23)) | Q35: =IF(Q12="","",(Q12/$O$23)) -> 0.33495079 | R35: =IF(R12="","",(R12/$O$23)) -> 0.61732227 | S35: =IF(S12="","",(S12/$O$23)) -> 0.22862181 | T35: =IF(T12="","",(T12/$O$23)) -> 1.1431001 | U35: =IF(U12="","",(U12/$O$23)) -> 1.3663602 | V35: =IF(V12="","",(V12/$O$23)) -> 4.6662166
B36: =IF(B13="","",(B13/$O$23)) | C36: =IF(C13="","",(C13/$O$23)) | D36: =IF(D13="","",(D13/$O$23)) | E36: =IF(E13="","",(E13/$O$23)) | F36: =IF(F13="","",(F13/$O$23)) | G36: =IF(G13="","",(G13/$O$23)) | H36: =IF(H13="","",(H13/$O$23)) | I36: =IF(I13="","",(I13/$O$23)) | ... M36: =IF(M13="","",(M13/$O$23)) | O36: =IF(O13="","",(O13/$O$23)) -> 0.066757618 | P36: =IF(P13="","",(P13/$O$23)) | Q36: =IF(Q13="","",(Q13/$O$23)) | R36: =IF(R13="","",(R13/$O$23)) | S36: =IF(S13="","",(S13/$O$23)) | T36: =IF(T13="","",(T13/$O$23)) | U36: =IF(U13="","",(U13/$O$23)) | V36: =IF(V13="","",(V13/$O$23))
B37: =IF(B14="","",(B14/$O$23)) | C37: =IF(C14="","",(C14/$O$23)) | D37: =IF(D14="","",(D14/$O$23)) | E37: =IF(E14="","",(E14/$O$23)) | F37: =IF(F14="","",(F14/$O$23)) | G37: =IF(G14="","",(G14/$O$23)) | H37: =IF(H14="","",(H14/$O$23)) | I37: =IF(I14="","",(I14/$O$23)) | ... M37: =IF(M14="","",(M14/$O$23)) | O37: =IF(O14="","",(O14/$O$23)) -> 0.27854771 | P37: =IF(P14="","",(P14/$O$23)) | Q37: =IF(Q14="","",(Q14/$O$23)) | R37: =IF(R14="","",(R14/$O$23)) | S37: =IF(S14="","",(S14/$O$23)) | T37: =IF(T14="","",(T14/$O$23)) | U37: =IF(U14="","",(U14/$O$23)) | V37: =IF(V14="","",(V14/$O$23))
B38: =IF(B15="","",(B15/$O$23)) | C38: =IF(C15="","",(C15/$O$23)) | D38: =IF(D15="","",(D15/$O$23)) | E38: =IF(E15="","",(E15/$O$23)) | F38: =IF(F15="","",(F15/$O$23)) | G38: =IF(G15="","",(G15/$O$23)) | H38: =IF(H15="","",(H15/$O$23)) | I38: =IF(I15="","",(I15/$O$23)) | ... M38: =IF(M15="","",(M15/$O$23)) | O38: =IF(O15="","",(O15/$O$23)) -> 0.57325198 | P38: =IF(P15="","",(P15/$O$23)) | Q38: =IF(Q15="","",(Q15/$O$23)) | R38: =IF(R15="","",(R15/$O$23)) | S38: =IF(S15="","",(S15/$O$23)) | T38: =IF(T15="","",(T15/$O$23)) | U38: =IF(U15="","",(U15/$O$23)) | V38: =IF(V15="","",(V15/$O$23))
B39: =IF(B16="","",(B16/$O$23)) | C39: =IF(C16="","",(C16/$O$23)) | D39: =IF(D16="","",(D16/$O$23)) | E39: =IF(E16="","",(E16/$O$23)) | F39: =IF(F16="","",(F16/$O$23)) | G39: =IF(G16="","",(G16/$O$23)) | H39: =IF(H16="","",(H16/$O$23)) | I39: =IF(I16="","",(I16/$O$23)) | ... M39: =IF(M16="","",(M16/$O$23)) | O39: =IF(O16="","",(O16/$O$23)) -> 1.8371835 | P39: =IF(P16="","",(P16/$O$23)) | Q39: =IF(Q16="","",(Q16/$O$23)) | R39: =IF(R16="","",(R16/$O$23)) | S39: =IF(S16="","",(S16/$O$23)) | T39: =IF(T16="","",(T16/$O$23)) | U39: =IF(U16="","",(U16/$O$23)) | V39: =IF(V16="","",(V16/$O$23))
B40: =IF(B17="","",(B17/$O$23)) | C40: =IF(C17="","",(C17/$O$23)) | D40: =IF(D17="","",(D17/$O$23)) | E40: =IF(E17="","",(E17/$O$23)) | F40: =IF(F17="","",(F17/$O$23)) | G40: =IF(G17="","",(G17/$O$23)) | H40: =IF(H17="","",(H17/$O$23)) | I40: =IF(I17="","",(I17/$O$23)) | ... M40: =IF(M17="","",(M17/$O$23)) | O40: =IF(O17="","",(O17/$O$23)) -> 0.034165004 | P40: =IF(P17="","",(P17/$O$23)) | Q40: =IF(Q17="","",(Q17/$O$23)) | R40: =IF(R17="","",(R17/$O$23)) | S40: =IF(S17="","",(S17/$O$23)) | T40: =IF(T17="","",(T17/$O$23)) | U40: =IF(U17="","",(U17/$O$23)) | V40: =IF(V17="","",(V17/$O$23))
... B43: =IF(B20="","",(B20/$O$23)) | C43: =IF(C20="","",(C20/$O$23)) | D43: =IF(D20="","",(D20/$O$23)) | E43: =IF(E20="","",(E20/$O$23)) | F43: =IF(F20="","",(F20/$O$23)) | G43: =IF(G20="","",(G20/$O$23)) | H43: =IF(H20="","",(H20/$O$23)) | I43: =IF(I20="","",(I20/$O$23)) | ... M43: =IF(M20="","",(M20/$O$23)) | O43: =IF(O20="","",(O20/$O$23)) -> 8.4190615 | P43: =IF(P20="","",(P20/$O$23)) | Q43: =IF(Q20="","",(Q20/$O$23)) | R43: =IF(R20="","",(R20/$O$23)) | S43: =IF(S20="","",(S20/$O$23)) | T43: =IF(T20="","",(T20/$O$23)) | U43: =IF(U20="","",(U20/$O$23)) | V43: =IF(V20="","",(V20/$O$23))
A45: =A4 -> Noms des groupes | B45: =B4 -> Témoin solvant | C45: =C4 -> EE2-33.8ng/L | D45: =D4 -> EE2-50.6ng/L | E45: =E4 -> EE2-76ng/L | F45: =F4 -> EE2-114ng/L | G45: =G4 -> EE2-170.9ng/L | H45: =H4 -> EE2-488ng/L | ... M45: =M4 -> BPA-5mg/L | O45: =O4 -> Testo -30µg/L | P45: =P4 -> Testo 30µg/L + EE2 -64ng/L | Q45: =Q4 -> Testo 30µg/L + FAD-10µg/L | R45: =R4 -> BPA-1mg/L + Testostérone | S45: =S4 -> BPA-2mg/L + Testostérone | T45: =T4 -> BPA-3mg/L + Testostérone | U45: =U4 -> BPA-4mg/L + Testostérone | V45: =V4 -> BPA-5mg/L + Testostérone
A46: mean | B46: =AVERAGE(B28:B43) -> 0.1535691 | C46: =AVERAGE(C28:C43) -> 0.090337552 | D46: =AVERAGE(D28:D43) -> 0.11864026 | E46: =AVERAGE(E28:E43) -> 2.5302354 | F46: =AVERAGE(F28:F43) -> 5.534189 | G46: =AVERAGE(G28:G43) -> 7.3898138 | H46: =AVERAGE(H28:H43) -> 15.342332 | I46: =AVERAGE(I28:I43) -> 0.22877336 | ... M46: =AVERAGE(M28:M43) -> 3.1362617 | N46: mean | O46: =AVERAGE(O28:O43) -> 1 | P46: =AVERAGE(P28:P43) -> 8.341443 | Q46: =AVERAGE(Q28:Q43) -> 0.28409255 | R46: =AVERAGE(R28:R43) -> 1.7796345 | S46: =AVERAGE(S28:S43) -> 1.5196666 | T46: =AVERAGE(T28:T43) -> 2.7345951 | U46: =AVERAGE(U28:U43) -> 6.8553725 | V46: =AVERAGE(V28:V43) -> 4.4745316
A47: SD | B47: =STDEV(B28:B43) -> 0.12905757 | C47: =STDEV(C28:C43) -> 0.072641735 | D47: =STDEV(D28:D43) -> 0.074238001 | E47: =STDEV(E28:E43) -> 1.6800923 | F47: =STDEV(F28:F43) -> 3.4554472 | G47: =STDEV(G28:G43) -> 2.4865392 | H47: =STDEV(H28:H43) -> 4.9992573 | I47: =STDEV(I28:I43) -> 0.16167054 | ... M47: =STDEV(M28:M43) -> 3.608444 | N47: SD | O47: =STDEV(O28:O43) -> 2.0741286 | P47: =STDEV(P28:P43) -> 1.7162808 | Q47: =STDEV(Q28:Q43) -> 0.20411939 | R47: =STDEV(R28:R43) -> 2.6304526 | S47: =STDEV(S28:S43) -> 1.3054189 | T47: =STDEV(T28:T43) -> 1.8194168 | U47: =STDEV(U28:U43) -> 3.7675002 | V47: =STDEV(V28:V43) -> 2.1835555
A48: SEM | B48: =B47/SQRT(COUNT(B28:B43)) -> 0.04562874 | C48: =C47/SQRT(COUNT(C28:C43)) -> 0.025682732 | D48: =D47/SQRT(COUNT(D28:D43)) -> 0.028059327 | E48: =E47/SQRT(COUNT(E28:E43)) -> 0.59400232 | F48: =F47/SQRT(COUNT(F28:F43)) -> 1.2216851 | G48: =G47/SQRT(COUNT(G28:G43)) -> 0.87912435 | H48: =H47/SQRT(COUNT(H28:H43)) -> 1.7675044 | I48: =I47/SQRT(COUNT(I28:I43)) -> 0.057159166 | ... M48: =M47/SQRT(COUNT(M28:M43)) -> 1.2757776 | N48: SEM | O48: =O47/SQRT(COUNT(O28:O43)) -> 0.51853215 | P48: =P47/SQRT(COUNT(P28:P43)) -> 0.64869317 | Q48: =Q47/SQRT(COUNT(Q28:Q43)) -> 0.072167104 | R48: =R47/SQRT(COUNT(R28:R43)) -> 0.93000545 | S48: =S47/SQRT(COUNT(S28:S43)) -> 0.46153526 | T48: =T47/SQRT(COUNT(T28:T43)) -> 0.643261 | U48: =U47/SQRT(COUNT(U28:U43)) -> 1.3320125 | V48: =V47/SQRT(COUNT(V28:V43)) -> 0.77200345
A50: 7. Expérimentateur 2 : réaliser les tests statistiques avec les données normalisées et renseigner les résultats ainsi que le test statistique utilisé dans le tableau violet.
A52: =A27 -> Noms des groupes | B52: =B27 -> Témoin solvant | C52: =C27 -> EE2-33.8ng/L | D52: =D27 -> EE2-50.6ng/L | E52: =E27 -> EE2-76ng/L | F52: =F27 -> EE2-114ng/L | G52: =G27 -> EE2-170.9ng/L | H52: =H27 -> EE2-488ng/L | I52: =I4 -> BPA-1mg/L | J52: =J4 -> BPA-2mg/L | K52: =K4 -> BPA-3mg/L | L52: =L4 -> BPA-4mg/L | M52: =M4 -> BPA-5mg/L | O52: =O27 -> Testo -30µg/L | P52: =P27 -> Testo 30µg/L + EE2 -64ng/L | Q52: =Q27 -> Testo 30µg/L + FAD-10µg/L | R52: =R27 -> BPA-1mg/L + Testostérone | S52: =S27 -> BPA-2mg/L + Testostérone | T52: =T27 -> BPA-3mg/L + Testostérone | U52: =U27 -> BPA-4mg/L + Testostérone | V52: =V27 -> BPA-5mg/L + Testostérone
A53: Mean | B53: =B46 -> 0.1535691 | C53: =C46 -> 0.090337552 | D53: =D46 -> 0.11864026 | E53: =E46 -> 2.5302354 | F53: =F46 -> 5.534189 | G53: =G46 -> 7.3898138 | H53: =H46 -> 15.342332 | I53: =I46 -> 0.22877336 | ... M53: =M46 -> 3.1362617 | O53: =O46 -> 1 | P53: =P46 -> 8.341443 | Q53: =Q46 -> 0.28409255 | R53: =R46 -> 1.7796345 | S53: =S46 -> 1.5196666 | T53: =T46 -> 2.7345951 | U53: =U46 -> 6.8553725 | V53: =V46 -> 4.4745316
A54: SEM | B54: =B48 -> 0.04562874 | C54: =C48 -> 0.025682732 | D54: =D48 -> 0.028059327 | E54: =E48 -> 0.59400232 | F54: =F48 -> 1.2216851 | G54: =G48 -> 0.87912435 | H54: =H48 -> 1.7675044 | I54: =I48 -> 0.057159166 | ... M54: =M48 -> 1.2757776 | O54: =O48 -> 0.51853215 | P54: =P48 -> 0.64869317 | Q54: =Q48 -> 0.072167104 | R54: =R48 -> 0.93000545 | S54: =S48 -> 0.46153526 | T54: =T48 -> 0.643261 | U54: =U48 -> 1.3320125 | V54: =V48 -> 0.77200345
A55: % induction | B55: =(B53*100/$B53)-100 -> 0 | C55: =(C53*100/$B53)-100 -> -41.174656 | D55: =(D53*100/$B53)-100 -> -22.744706 | E55: =(E53*100/$B53)-100 -> 1547.6201 | F55: =(F53*100/$B53)-100 -> 3503.7126 | G55: =(G53*100/$B53)-100 -> 4712.0447 | H55: =(H53*100/$B53)-100 -> 9890.507 | I55: =(I53*100/$B53)-100 -> 48.970961 | ... M55: =(M53*100/$B53)-100 -> 1942.2479 | O55: =(O53*100/$O53)-100 -> 0 | P55: =(P53*100/$O53)-100 -> 734.1443 | Q55: =(Q53*100/$O53)-100 -> -71.590745 | R55: =(R53*100/$O53)-100 -> 77.963451 | S55: =(S53*100/$O53)-100 -> 51.966655 | T55: =(T53*100/$O53)-100 -> 173.45951 | U55: =(U53*100/$O53)-100 -> 585.53725 | V55: =(V53*100/$O53)-100 -> 347.45316
A56: Test de normalité : valeur du p | B56: =[1]!SWTEST(B28:B43) -> #NAME? | C56: =[1]!SWTEST(C28:C43) -> #NAME? | D56: =[1]!SWTEST(D28:D43) -> #NAME? | E56: =[1]!SWTEST(E28:E43) -> #NAME? | F56: =[1]!SWTEST(F28:F43) -> #NAME? | G56: =[1]!SWTEST(G28:G43) -> #NAME? | H56: =[1]!SWTEST(H28:H43) -> #NAME? | I56: =[1]!SWTEST(I28:I43) -> #NAME? | ... M56: =[1]!SWTEST(M28:M43) -> #NAME? | O56: =[1]!SWTEST(O28:O43) -> #NAME? | P56: =[1]!SWTEST(P28:P43) -> #NAME? | Q56: =[1]!SWTEST(Q28:Q43) -> #NAME? | R56: =[1]!SWTEST(R28:R43) -> #NAME? | S56: =[1]!SWTEST(S28:S43) -> #NAME? | T56: =[1]!SWTEST(T28:T43) -> #NAME? | U56: =[1]!SWTEST(U28:U43) -> #NAME? | V56: =[1]!SWTEST(V28:V43) -> #NAME?
A57: Test de normalité : résultat normal? | B57: =IF(B56>0.05,"Oui","Non") -> #NAME? | C57: =IF(C56>0.05,"Oui","Non") -> #NAME? | D57: =IF(D56>0.05,"Oui","Non") -> #NAME? | E57: =IF(E56>0.05,"Oui","Non") -> #NAME? | F57: =IF(F56>0.05,"Oui","Non") -> #NAME? | G57: =IF(G56>0.05,"Oui","Non") -> #NAME? | H57: =IF(H56>0.05,"Oui","Non") -> #NAME? | I57: =IF(I56>0.05,"Oui","Non") -> #NAME? | ... M57: =IF(M56>0.05,"Oui","Non") -> #NAME? | O57: =IF(O56>0.05,"Oui","Non") -> #NAME? | P57: =IF(P56>0.05,"Oui","Non") -> #NAME? | Q57: =IF(Q56>0.05,"Oui","Non") -> #NAME? | R57: =IF(R56>0.05,"Oui","Non") -> #NAME? | S57: =IF(S56>0.05,"Oui","Non") -> #NAME? | T57: =IF(T56>0.05,"Oui","Non") -> #NAME? | U57: =IF(U56>0.05,"Oui","Non") -> #NAME? | V57: =IF(V56>0.05,"Oui","Non") -> #NAME?
A59: Test statistique utilisé | C59: =IF($B57="Non",IF(C57="Non","MW",IF(C57="Oui","MW","")),IF($B57="Oui",IF(C57="Oui","T-Test Welch",IF(C57="Non","MW","")))) -> #NAME? | D59: =IF($B57="Non",IF(D57="Non","MW",IF(D57="Oui","MW","")),IF($B57="Oui",IF(D57="Oui","T-Test Welch",IF(D57="Non","MW","")))) -> #NAME? | E59: =IF($B57="Non",IF(E57="Non","MW",IF(E57="Oui","MW","")),IF($B57="Oui",IF(E57="Oui","T-Test Welch",IF(E57="Non","MW","")))) -> #NAME? | F59: =IF($B57="Non",IF(F57="Non","MW",IF(F57="Oui","MW","")),IF($B57="Oui",IF(F57="Oui","T-Test Welch",IF(F57="Non","MW","")))) -> #NAME? | G59: =IF($B57="Non",IF(G57="Non","MW",IF(G57="Oui","MW","")),IF($B57="Oui",IF(G57="Oui","T-Test Welch",IF(G57="Non","MW","")))) -> #NAME? | H59: =IF($B57="Non",IF(H57="Non","MW",IF(H57="Oui","MW","")),IF($B57="Oui",IF(H57="Oui","T-Test Welch",IF(H57="Non","MW","")))) -> #NAME? | I59: =IF($B57="Non",IF(I57="Non","MW",IF(I57="Oui","MW","")),IF($B57="Oui",IF(I57="Oui","T-Test Welch",IF(I57="Non","MW","")))) -> #NAME? | J59: =IF($B57="Non",IF(J57="Non","MW",IF(J57="Oui","MW","")),IF($B57="Oui",IF(J57="Oui","T-Test Welch",IF(J57="Non","MW","")))) -> #NAME? | ... M59: =IF($B57="Non",IF(M57="Non","MW",IF(M57="Oui","MW","")),IF($B57="Oui",IF(M57="Oui","T-Test Welch",IF(M57="Non","MW","")))) -> #NAME? | O59: =IF($B57="Non",IF(O57="Non","MW",IF(O57="Oui","MW","")),IF($B57="Oui",IF(O57="Oui","T-Test Welch",IF(O57="Non","MW","")))) -> #NAME? | P59: =IF($O57="Non",IF(P57="Non","MW",IF(P57="Oui","MW","")),IF($O57="Oui",IF(P57="Oui","T-Test Welch",IF(P57="Non","MW","")))) -> #NAME? | Q59: =IF($O57="Non",IF(Q57="Non","MW",IF(Q57="Oui","MW","")),IF($O57="Oui",IF(Q57="Oui","T-Test Welch",IF(Q57="Non","MW","")))) -> #NAME? | R59: =IF($O57="Non",IF(R57="Non","MW",IF(R57="Oui","MW","")),IF($O57="Oui",IF(R57="Oui","T-Test Welch",IF(R57="Non","MW","")))) -> #NAME? | S59: =IF($O57="Non",IF(S57="Non","MW",IF(S57="Oui","MW","")),IF($O57="Oui",IF(S57="Oui","T-Test Welch",IF(S57="Non","MW","")))) -> #NAME? | T59: =IF($O57="Non",IF(T57="Non","MW",IF(T57="Oui","MW","")),IF($O57="Oui",IF(T57="Oui","T-Test Welch",IF(T57="Non","MW","")))) -> #NAME? | U59: =IF($O57="Non",IF(U57="Non","MW",IF(U57="Oui","MW","")),IF($O57="Oui",IF(U57="Oui","T-Test Welch",IF(U57="Non","MW","")))) -> #NAME? | V59: =IF($O57="Non",IF(V57="Non","MW",IF(V57="Oui","MW","")),IF($O57="Oui",IF(V57="Oui","T-Test Welch",IF(V57="Non","MW","")))) -> #NAME?
A60: Test statistique : valeur du p | C60: =IF(C59="MW",[1]!MTEST($B28:$B43,C28:C43,2), IF(C59="T-Test Welch",_xlfn.T.TEST($B28:$B43,C28:C43,2,3),"")) -> #NAME? | D60: =IF(D59="MW",[1]!MTEST($B28:$B43,D28:D43,2), IF(D59="T-Test Welch",_xlfn.T.TEST($B28:$B43,D28:D43,2,3),"")) -> #NAME? | E60: =IF(E59="MW",[1]!MTEST($B28:$B43,E28:E43,2), IF(E59="T-Test Welch",_xlfn.T.TEST($B28:$B43,E28:E43,2,3),"")) -> #NAME? | F60: =IF(F59="MW",[1]!MTEST($B28:$B43,F28:F43,2), IF(F59="T-Test Welch",_xlfn.T.TEST($B28:$B43,F28:F43,2,3),"")) -> #NAME? | G60: =IF(G59="MW",[1]!MTEST($B28:$B43,G28:G43,2), IF(G59="T-Test Welch",_xlfn.T.TEST($B28:$B43,G28:G43,2,3),"")) -> #NAME? | H60: =IF(H59="MW",[1]!MTEST($B28:$B43,H28:H43,2), IF(H59="T-Test Welch",_xlfn.T.TEST($B28:$B43,H28:H43,2,3),"")) -> #NAME? | I60: =IF(I59="MW",[1]!MTEST($B28:$B43,I28:I43,2), IF(I59="T-Test Welch",_xlfn.T.TEST($B28:$B43,I28:I43,2,3),"")) -> #NAME? | J60: =IF(J59="MW",[1]!MTEST($B28:$B43,J28:J43,2), IF(J59="T-Test Welch",_xlfn.T.TEST($B28:$B43,J28:J43,2,3),"")) -> #NAME? | ... M60: =IF(M59="MW",[1]!MTEST($B28:$B43,M28:M43,2), IF(M59="T-Test Welch",_xlfn.T.TEST($B28:$B43,M28:M43,2,3),"")) -> #NAME? | O60: =IF(O59="MW",[1]!MTEST($B28:$B43,O28:O43,2), IF(O59="T-Test Welch",_xlfn.T.TEST($B28:$B43,O28:O43,2,3),"")) -> #NAME? | P60: =IF(P59="MW",[1]!MTEST($O28:$O43,P28:P43,2), IF(P59="T-Test Welch",_xlfn.T.TEST($O28:$O43,P28:P43,2,3),"")) -> #NAME? | Q60: =IF(Q59="MW",[1]!MTEST($O28:$O43,Q28:Q43,2), IF(Q59="T-Test Welch",_xlfn.T.TEST($O28:$O43,Q28:Q43,2,3),"")) -> #NAME? | R60: =IF(R59="MW",[1]!MTEST($O28:$O43,R28:R43,2), IF(R59="T-Test Welch",_xlfn.T.TEST($O28:$O43,R28:R43,2,3),"")) -> #NAME? | S60: =IF(S59="MW",[1]!MTEST($O28:$O43,S28:S43,2), IF(S59="T-Test Welch",_xlfn.T.TEST($O28:$O43,S28:S43,2,3),"")) -> #NAME? | T60: =IF(T59="MW",[1]!MTEST($O28:$O43,T28:T43,2), IF(T59="T-Test Welch",_xlfn.T.TEST($O28:$O43,T28:T43,2,3),"")) -> #NAME? | U60: =IF(U59="MW",[1]!MTEST($O28:$O43,U28:U43,2), IF(U59="T-Test Welch",_xlfn.T.TEST($O28:$O43,U28:U43,2,3),"")) -> #NAME? | V60: =IF(V59="MW",[1]!MTEST($O28:$O43,V28:V43,2), IF(V59="T-Test Welch",_xlfn.T.TEST($O28:$O43,V28:V43,2,3),"")) -> #NAME?
A61: Annotation | C61: =IF(C60>0.05,"NS",IF(C60>0.01,"*",IF(C60>0.001,"**","***"))) -> #NAME? | D61: =IF(D60>0.05,"NS",IF(D60>0.01,"*",IF(D60>0.001,"**","***"))) -> #NAME? | E61: =IF(E60>0.05,"NS",IF(E60>0.01,"*",IF(E60>0.001,"**","***"))) -> #NAME? | F61: =IF(F60>0.05,"NS",IF(F60>0.01,"*",IF(F60>0.001,"**","***"))) -> #NAME? | G61: =IF(G60>0.05,"NS",IF(G60>0.01,"*",IF(G60>0.001,"**","***"))) -> #NAME? | H61: =IF(H60>0.05,"NS",IF(H60>0.01,"*",IF(H60>0.001,"**","***"))) -> #NAME? | I61: =IF(I60>0.05,"NS",IF(I60>0.01,"*",IF(I60>0.001,"**","***"))) -> #NAME? | J61: =IF(J60>0.05,"NS",IF(J60>0.01,"*",IF(J60>0.001,"**","***"))) -> #NAME? | ... M61: =IF(M60>0.05,"NS",IF(M60>0.01,"*",IF(M60>0.001,"**","***"))) -> #NAME? | O61: =IF(O60>0.05,"NS",IF(O60>0.01,"*",IF(O60>0.001,"**","***"))) -> #NAME? | P61: =IF(P60>0.05,"NS",IF(P60>0.01,"*",IF(P60>0.001,"**","***"))) -> #NAME? | Q61: =IF(Q60>0.05,"NS",IF(Q60>0.01,"*",IF(Q60>0.001,"**","***"))) -> #NAME? | R61: =IF(R60>0.05,"NS",IF(R60>0.01,"*",IF(R60>0.001,"**","***"))) -> #NAME? | S61: =IF(S60>0.05,"NS",IF(S60>0.01,"*",IF(S60>0.001,"**","***"))) -> #NAME? | T61: =IF(T60>0.05,"NS",IF(T60>0.01,"*",IF(T60>0.001,"**","***"))) -> #NAME? | U61: =IF(U60>0.05,"NS",IF(U60>0.01,"*",IF(U60>0.001,"**","***"))) -> #NAME? | V61: =IF(V60>0.05,"NS",IF(V60>0.01,"*",IF(V60>0.001,"**","***"))) -> #NAME?
A63: Eléments pour la mise en forme conditionnelles des résutats - calcul équivalent hormonal (eqH)
A64: LOD | B64: =B46+(3*B47) -> 0.5407418
A65: LOQ | B65: =B46+(10*B47) -> 1.4441448
A67: 8. Expérimentateur 2 : se reporter à l'onglet "pooled normalised values".

Sheet Raw data R3
A1: Nom groupe | B1: N° de valeur | C1: file name | D1: total area | E1: mean intensity | G1: total fluorescence | I1: nbre de larves | L1: (Tous)
A2: =IFERROR(LEFT(RIGHT(C2,LEN(C2)-SEARCH("@",C2)),SEARCH("/",RIGHT(C2,LEN(C2)-SEARCH("@",C2)-1))),"") | B2: =LEFT(RIGHT(RIGHT(Tableau467[[#This Row],[file name]],LEN(Tableau467[[#This Row],[file name]])-SEARCH("@",Tableau467[[#This Row],[file name]])),LEN(RIGHT(Tableau467[[#This Row],[file name]],LEN(Tableau467[[#This Row],[file name]])-SEARCH("@",Tableau467[[#This Row],[file name]])))-SEARCH("/",RIGHT(Tableau467[[#This Row],[file name]],LEN(Tableau467[[#This Row],[file name]])-SEARCH("@",Tableau467[[#This Row],[file name]])))),1) -> #VALUE! | K2: Filtre lignes : Enlever (vide) et Néant | L2: Filtre colonnes : Enlever (vide) et " "
A3: =IFERROR(LEFT(RIGHT(C3,LEN(C3)-SEARCH("@",C3)),SEARCH("/",RIGHT(C3,LEN(C3)-SEARCH("@",C3)-1))),"") | B3: =LEFT(RIGHT(RIGHT(Tableau467[[#This Row],[file name]],LEN(Tableau467[[#This Row],[file name]])-SEARCH("@",Tableau467[[#This Row],[file name]])),LEN(RIGHT(Tableau467[[#This Row],[file name]],LEN(Tableau467[[#This Row],[file name]])-SEARCH("@",Tableau467[[#This Row],[file name]])))-SEARCH("/",RIGHT(Tableau467[[#This Row],[file name]],LEN(Tableau467[[#This Row],[file name]])-SEARCH("@",Tableau467[[#This Row],[file name]])))),1) -> #VALUE! | K3: Moyenne de total fluorescence | L3: Étiquettes de colonnes
A4: =IFERROR(LEFT(RIGHT(C4,LEN(C4)-SEARCH("@",C4)),SEARCH("/",RIGHT(C4,LEN(C4)-SEARCH("@",C4)-1))),"") | B4: =LEFT(RIGHT(RIGHT(Tableau467[[#This Row],[file name]],LEN(Tableau467[[#This Row],[file name]])-SEARCH("@",Tableau467[[#This Row],[file name]])),LEN(RIGHT(Tableau467[[#This Row],[file name]],LEN(Tableau467[[#This Row],[file name]])-SEARCH("@",Tableau467[[#This Row],[file name]])))-SEARCH("/",RIGHT(Tableau467[[#This Row],[file name]],LEN(Tableau467[[#This Row],[file name]])-SEARCH("@",Tableau467[[#This Row],[file name]])))),1) -> #VALUE! | K4: Étiquettes de lignes
A5: =IFERROR(LEFT(RIGHT(C5,LEN(C5)-SEARCH("@",C5)),SEARCH("/",RIGHT(C5,LEN(C5)-SEARCH("@",C5)-1))),"") | B5: =LEFT(RIGHT(RIGHT(Tableau467[[#This Row],[file name]],LEN(Tableau467[[#This Row],[file name]])-SEARCH("@",Tableau467[[#This Row],[file name]])),LEN(RIGHT(Tableau467[[#This Row],[file name]],LEN(Tableau467[[#This Row],[file name]])-SEARCH("@",Tableau467[[#This Row],[file name]])))-SEARCH("/",RIGHT(Tableau467[[#This Row],[file name]],LEN(Tableau467[[#This Row],[file name]])-SEARCH("@",Tableau467[[#This Row],[file name]])))),1) -> #VALUE! | K5: #VALEUR!
A6: =IFERROR(LEFT(RIGHT(C6,LEN(C6)-SEARCH("@",C6)),SEARCH("/",RIGHT(C6,LEN(C6)-SEARCH("@",C6)-1))),"") | B6: =LEFT(RIGHT(RIGHT(Tableau467[[#This Row],[file name]],LEN(Tableau467[[#This Row],[file name]])-SEARCH("@",Tableau467[[#This Row],[file name]])),LEN(RIGHT(Tableau467[[#This Row],[file name]],LEN(Tableau467[[#This Row],[file name]])-SEARCH("@",Tableau467[[#This Row],[file name]])))-SEARCH("/",RIGHT(Tableau467[[#This Row],[file name]],LEN(Tableau467[[#This Row],[file name]])-SEARCH("@",Tableau467[[#This Row],[file name]])))),1) -> #VALUE!
A7: =IFERROR(LEFT(RIGHT(C7,LEN(C7)-SEARCH("@",C7)),SEARCH("/",RIGHT(C7,LEN(C7)-SEARCH("@",C7)-1))),"") | B7: =LEFT(RIGHT(RIGHT(Tableau467[[#This Row],[file name]],LEN(Tableau467[[#This Row],[file name]])-SEARCH("@",Tableau467[[#This Row],[file name]])),LEN(RIGHT(Tableau467[[#This Row],[file name]],LEN(Tableau467[[#This Row],[file name]])-SEARCH("@",Tableau467[[#This Row],[file name]])))-SEARCH("/",RIGHT(Tableau467[[#This Row],[file name]],LEN(Tableau467[[#This Row],[file name]])-SEARCH("@",Tableau467[[#This Row],[file name]])))),1) -> #VALUE!
A8: =IFERROR(LEFT(RIGHT(C8,LEN(C8)-SEARCH("@",C8)),SEARCH("/",RIGHT(C8,LEN(C8)-SEARCH("@",C8)-1))),"") | B8: =LEFT(RIGHT(RIGHT(Tableau467[[#This Row],[file name]],LEN(Tableau467[[#This Row],[file name]])-SEARCH("@",Tableau467[[#This Row],[file name]])),LEN(RIGHT(Tableau467[[#This Row],[file name]],LEN(Tableau467[[#This Row],[file name]])-SEARCH("@",Tableau467[[#This Row],[file name]])))-SEARCH("/",RIGHT(Tableau467[[#This Row],[file name]],LEN(Tableau467[[#This Row],[file name]])-SEARCH("@",Tableau467[[#This Row],[file name]])))),1) -> #VALUE!
A9: =IFERROR(LEFT(RIGHT(C9,LEN(C9)-SEARCH("@",C9)),SEARCH("/",RIGHT(C9,LEN(C9)-SEARCH("@",C9)-1))),"") | B9: =LEFT(RIGHT(RIGHT(Tableau467[[#This Row],[file name]],LEN(Tableau467[[#This Row],[file name]])-SEARCH("@",Tableau467[[#This Row],[file name]])),LEN(RIGHT(Tableau467[[#This Row],[file name]],LEN(Tableau467[[#This Row],[file name]])-SEARCH("@",Tableau467[[#This Row],[file name]])))-SEARCH("/",RIGHT(Tableau467[[#This Row],[file name]],LEN(Tableau467[[#This Row],[file name]])-SEARCH("@",Tableau467[[#This Row],[file name]])))),1) -> #VALUE!
A10: =IFERROR(LEFT(RIGHT(C10,LEN(C10)-SEARCH("@",C10)),SEARCH("/",RIGHT(C10,LEN(C10)-SEARCH("@",C10)-1))),"") | B10: =LEFT(RIGHT(RIGHT(Tableau467[[#This Row],[file name]],LEN(Tableau467[[#This Row],[file name]])-SEARCH("@",Tableau467[[#This Row],[file name]])),LEN(RIGHT(Tableau467[[#This Row],[file name]],LEN(Tableau467[[#This Row],[file name]])-SEARCH("@",Tableau467[[#This Row],[file name]])))-SEARCH("/",RIGHT(Tableau467[[#This Row],[file name]],LEN(Tableau467[[#This Row],[file name]])-SEARCH("@",Tableau467[[#This Row],[file name]])))),1) -> #VALUE!
A11: =IFERROR(LEFT(RIGHT(C11,LEN(C11)-SEARCH("@",C11)),SEARCH("/",RIGHT(C11,LEN(C11)-SEARCH("@",C11)-1))),"") | B11: =LEFT(RIGHT(RIGHT(Tableau467[[#This Row],[file name]],LEN(Tableau467[[#This Row],[file name]])-SEARCH("@",Tableau467[[#This Row],[file name]])),LEN(RIGHT(Tableau467[[#This Row],[file name]],LEN(Tableau467[[#This Row],[file name]])-SEARCH("@",Tableau467[[#This Row],[file name]])))-SEARCH("/",RIGHT(Tableau467[[#This Row],[file name]],LEN(Tableau467[[#This Row],[file name]])-SEARCH("@",Tableau467[[#This Row],[file name]])))),1) -> #VALUE!
A12: =IFERROR(LEFT(RIGHT(C12,LEN(C12)-SEARCH("@",C12)),SEARCH("/",RIGHT(C12,LEN(C12)-SEARCH("@",C12)-1))),"") | B12: =LEFT(RIGHT(RIGHT(Tableau467[[#This Row],[file name]],LEN(Tableau467[[#This Row],[file name]])-SEARCH("@",Tableau467[[#This Row],[file name]])),LEN(RIGHT(Tableau467[[#This Row],[file name]],LEN(Tableau467[[#This Row],[file name]])-SEARCH("@",Tableau467[[#This Row],[file name]])))-SEARCH("/",RIGHT(Tableau467[[#This Row],[file name]],LEN(Tableau467[[#This Row],[file name]])-SEARCH("@",Tableau467[[#This Row],[file name]])))),1) -> #VALUE!
A13: =IFERROR(LEFT(RIGHT(C13,LEN(C13)-SEARCH("@",C13)),SEARCH("/",RIGHT(C13,LEN(C13)-SEARCH("@",C13)-1))),"") | B13: =LEFT(RIGHT(RIGHT(Tableau467[[#This Row],[file name]],LEN(Tableau467[[#This Row],[file name]])-SEARCH("@",Tableau467[[#This Row],[file name]])),LEN(RIGHT(Tableau467[[#This Row],[file name]],LEN(Tableau467[[#This Row],[file name]])-SEARCH("@",Tableau467[[#This Row],[file name]])))-SEARCH("/",RIGHT(Tableau467[[#This Row],[file name]],LEN(Tableau467[[#This Row],[file name]])-SEARCH("@",Tableau467[[#This Row],[file name]])))),1) -> #VALUE!
A14: =IFERROR(LEFT(RIGHT(C14,LEN(C14)-SEARCH("@",C14)),SEARCH("/",RIGHT(C14,LEN(C14)-SEARCH("@",C14)-1))),"") | B14: =LEFT(RIGHT(RIGHT(Tableau467[[#This Row],[file name]],LEN(Tableau467[[#This Row],[file name]])-SEARCH("@",Tableau467[[#This Row],[file name]])),LEN(RIGHT(Tableau467[[#This Row],[file name]],LEN(Tableau467[[#This Row],[file name]])-SEARCH("@",Tableau467[[#This Row],[file name]])))-SEARCH("/",RIGHT(Tableau467[[#This Row],[file name]],LEN(Tableau467[[#This Row],[file name]])-SEARCH("@",Tableau467[[#This Row],[file name]])))),1) -> #VALUE!
A15: =IFERROR(LEFT(RIGHT(C15,LEN(C15)-SEARCH("@",C15)),SEARCH("/",RIGHT(C15,LEN(C15)-SEARCH("@",C15)-1))),"") | B15: =LEFT(RIGHT(RIGHT(Tableau467[[#This Row],[file name]],LEN(Tableau467[[#This Row],[file name]])-SEARCH("@",Tableau467[[#This Row],[file name]])),LEN(RIGHT(Tableau467[[#This Row],[file name]],LEN(Tableau467[[#This Row],[file name]])-SEARCH("@",Tableau467[[#This Row],[file name]])))-SEARCH("/",RIGHT(Tableau467[[#This Row],[file name]],LEN(Tableau467[[#This Row],[file name]])-SEARCH("@",Tableau467[[#This Row],[file name]])))),1) -> #VALUE!
A16: =IFERROR(LEFT(RIGHT(C16,LEN(C16)-SEARCH("@",C16)),SEARCH("/",RIGHT(C16,LEN(C16)-SEARCH("@",C16)-1))),"") | B16: =LEFT(RIGHT(RIGHT(Tableau467[[#This Row],[file name]],LEN(Tableau467[[#This Row],[file name]])-SEARCH("@",Tableau467[[#This Row],[file name]])),LEN(RIGHT(Tableau467[[#This Row],[file name]],LEN(Tableau467[[#This Row],[file name]])-SEARCH("@",Tableau467[[#This Row],[file name]])))-SEARCH("/",RIGHT(Tableau467[[#This Row],[file name]],LEN(Tableau467[[#This Row],[file name]])-SEARCH("@",Tableau467[[#This Row],[file name]])))),1) -> #VALUE!
A17: =IFERROR(LEFT(RIGHT(C17,LEN(C17)-SEARCH("@",C17)),SEARCH("/",RIGHT(C17,LEN(C17)-SEARCH("@",C17)-1))),"") | B17: =LEFT(RIGHT(RIGHT(Tableau467[[#This Row],[file name]],LEN(Tableau467[[#This Row],[file name]])-SEARCH("@",Tableau467[[#This Row],[file name]])),LEN(RIGHT(Tableau467[[#This Row],[file name]],LEN(Tableau467[[#This Row],[file name]])-SEARCH("@",Tableau467[[#This Row],[file name]])))-SEARCH("/",RIGHT(Tableau467[[#This Row],[file name]],LEN(Tableau467[[#This Row],[file name]])-SEARCH("@",Tableau467[[#This Row],[file name]])))),1) -> #VALUE!
... A1711: =IFERROR(LEFT(RIGHT(C1711,LEN(C1711)-SEARCH("@",C1711)),SEARCH("/",RIGHT(C1711,LEN(C1711)-SEARCH("@",C1711)-1))),"") | B1711: =LEFT(RIGHT(RIGHT(Tableau467[[#This Row],[file name]],LEN(Tableau467[[#This Row],[file name]])-SEARCH("@",Tableau467[[#This Row],[file name]])),LEN(RIGHT(Tableau467[[#This Row],[file name]],LEN(Tableau467[[#This Row],[file name]])-SEARCH("@",Tableau467[[#This Row],[file name]])))-SEARCH("/",RIGHT(Tableau467[[#This Row],[file name]],LEN(Tableau467[[#This Row],[file name]])-SEARCH("@",Tableau467[[#This Row],[file name]])))),1) -> #VALUE!

Sheet R3
A1: 6. Expérimentateur 2 : copier et coller les valeurs des intensités totales de fluorescences obtenues dans le fichier raw data lors du traitement des images. Ne pas supprimer les colonnes correspondant aux concentrations non lues.
A3: R3 | B3: Non dopé | O3: avec testo
A4: Noms des groupes | B4: ='Page de garde'!A7 -> Témoin solvant | C4: ='Page de garde'!A9 -> EE2-33.8ng/L | D4: ='Page de garde'!A10 -> EE2-50.6ng/L | E4: ='Page de garde'!A11 -> EE2-76ng/L | F4: ='Page de garde'!A12 -> EE2-114ng/L | G4: ='Page de garde'!A13 -> EE2-170.9ng/L | H4: ='Page de garde'!A14 -> EE2-488ng/L | I4: ='Page de garde'!A15 -> BPA-1mg/L | J4: ='Page de garde'!A16 -> BPA-2mg/L | K4: ='Page de garde'!A17 -> BPA-3mg/L | L4: ='Page de garde'!A18 -> BPA-4mg/L | M4: ='Page de garde'!A19 -> BPA-5mg/L | O4: ='Page de garde'!A36 -> Testo -30µg/L | P4: ='Page de garde'!A37 -> Testo 30µg/L + EE2 -64ng/L | Q4: ='Page de garde'!A38 -> Testo 30µg/L + FAD-10µg/L | R4: ='Page de garde'!A39 -> BPA-1mg/L + Testostérone | S4: ='Page de garde'!A40 -> BPA-2mg/L + Testostérone | T4: ='Page de garde'!A41 -> BPA-3mg/L + Testostérone | U4: ='Page de garde'!A42 -> BPA-4mg/L + Testostérone | V4: ='Page de garde'!A43 -> BPA-5mg/L + Testostérone
A5: Données brutes | B5: 48001 | C5: 138126 | D5: 857600 | E5: 2318491 | F5: 6946848 | G5: 9030355 | H5: 9967032 | I5: 192481 | J5: 122949 | K5: 603326 | L5: 5926531 | M5: 3880523 | O5: 544674 | P5: 5695292 | Q5: 175090 | R5: 858472 | S5: 392060 | T5: 2807365 | U5: 692740 | V5: 6533198
B6: 240663 | C6: 3003 | D6: 119273 | E6: 1138116 | F6: 12808177 | G6: 6858609 | H6: 8947695 | I6: 286812 | J6: 286193 | K6: 107590 | L6: 3682746 | M6: 1868509 | O6: 726220 | P6: 2784297 | Q6: 224003 | R6: 54435 | S6: 1058757 | T6: 5347024 | U6: 7476765 | V6: 7235216
B7: 396000 | C7: 175198 | D7: 160631 | E7: 1611123 | F7: 4266387 | G7: 11353185 | H7: 18180232 | I7: 13116 | J7: 53993 | K7: 49042 | L7: 2526716 | M7: 5594623 | O7: 2420609 | P7: 3636272 | Q7: 52684 | R7: 4507831 | S7: 863103 | T7: 2669364 | U7: 3972637 | V7: 4836985
B8: 143925 | C8: 244741 | D8: 214272 | E8: 2331440 | F8: 6224820 | G8: 13387294 | H8: 16046437 | I8: 116793 | J8: 46787 | K8: 220392 | L8: 4928481 | M8: 4357378 | O8: 289987 | P8: 9821042 | Q8: 129903 | R8: 271711 | S8: 119622 | T8: 1018646 | U8: 3597501 | V8: 8547048
B9: 293654 | C9: 425140 | D9: 216539 | E9: 5572016 | F9: 5832274 | G9: 9530218 | H9: 18689961 | I9: 482253 | J9: 201710 | K9: 44109 | L9: 100235 | M9: 4850134 | O9: 2441257 | P9: 8014440 | Q9: 466872 | R9: 1265664 | S9: 396187 | T9: 3759401 | U9: 2084839 | V9: 1364018
B10: 4171 | C10: 1339897 | D10: 367066 | E10: 1575868 | F10: 8809433 | G10: 5358844 | H10: 8931123 | I10: 51212 | J10: 108126 | K10: 89591 | L10: 3500211 | M10: 3140822 | O10: 209930 | P10: 4749642 | Q10: 18468 | R10: 886104 | S10: 1151063 | T10: 5221253 | U10: 378256 | V10: 1932910
B11: 108672 | C11: 186603 | D11: 466742 | E11: 4195838 | F11: 4369270 | G11: 7633605 | H11: 12897906 | I11: 137011 | J11: 17773 | K11: 492352 | L11: 890926 | M11: 243793 | O11: 293019 | P11: 10084973 | Q11: 346292 | R11: 1021743 | S11: 2677703 | T11: 97572 | U11: 6169428 | V11: 146031
B12: 210888 | C12: 267211 | D12: 114111 | F12: 6169881 | G12: 8473237 | H12: 9075722 | I12: 258663 | J12: 116353 | K12: 14458307 | L12: 279198 | O12: 552708 | P12: 5737468 | R12: 1005506 | S12: 818428 | T12: 1901491 | U12: 4705607 | V12: 11775851
O13: 333057
O14: 110613
O15: 2818156
O16: 346885
O17: 140177
O18: 45057
O19: 43237
O20: 29101
A22: =A4 -> Noms des groupes | B22: =B4 -> Témoin solvant | C22: =C4 -> EE2-33.8ng/L | D22: =D4 -> EE2-50.6ng/L | E22: =E4 -> EE2-76ng/L | F22: =F4 -> EE2-114ng/L | G22: =G4 -> EE2-170.9ng/L | H22: =H4 -> EE2-488ng/L | ... M22: =M4 -> BPA-5mg/L | N22: Noms des groupes | O22: =O4 -> Testo -30µg/L | P22: =P4 -> Testo 30µg/L + EE2 -64ng/L | Q22: =Q4 -> Testo 30µg/L + FAD-10µg/L | R22: =R4 -> BPA-1mg/L + Testostérone | S22: =S4 -> BPA-2mg/L + Testostérone | T22: =T4 -> BPA-3mg/L + Testostérone | U22: =U4 -> BPA-4mg/L + Testostérone | V22: =V4 -> BPA-5mg/L + Testostérone
A23: mean | B23: =AVERAGE(B5:B20) -> 180746.75 | C23: =AVERAGE(C5:C20) -> 347489.88 | D23: =AVERAGE(D5:D20) -> 314529.25 | E23: =AVERAGE(E5:E20) -> 2677556 | F23: =AVERAGE(F5:F20) -> 6928386.2 | G23: =AVERAGE(G5:G20) -> 8953168.4 | H23: =AVERAGE(H5:H20) -> 12842014 | I23: =AVERAGE(I5:I20) -> 192292.62 | J23: =AVERAGE(J5:J20) -> 119235.5 | L23: =AVERAGE(L5:L20) -> 2729380.5 | N23: mean | O23: =AVERAGE(O5:O20) -> 709042.94 | P23: =AVERAGE(P5:P20) -> 6315428.2 | Q23: =AVERAGE(Q5:Q20) -> 201901.71 | R23: =AVERAGE(R5:R20) -> 1233933.2 | S23: =AVERAGE(S5:S20) -> 934615.38 | T23: =AVERAGE(T5:T20) -> 2852764.5 | U23: =AVERAGE(U5:U20) -> 3634721.6 | V23: =AVERAGE(V5:V20) -> 5296407.1
A24: SD | B24: =STDEV(B5:B20) -> 130346.52 | C24: =STDEV(C5:C20) -> 418496.8 | D24: =STDEV(D5:D20) -> 251420.37 | E24: =STDEV(E5:E20) -> 1615171.5 | F24: =STDEV(F5:F20) -> 2777916.2 | G24: =STDEV(G5:G20) -> 2536545 | H24: =STDEV(H5:H20) -> 4240582.4 | I24: =STDEV(I5:I20) -> 150323.58 | J24: =STDEV(J5:J20) -> 88335.705 | L24: =STDEV(L5:L20) -> 2167872.2 | N24: SD | O24: =STDEV(O5:O20) -> 942644.46 | P24: =STDEV(P5:P20) -> 2730842.3 | Q24: =STDEV(Q5:Q20) -> 159876.42 | R24: =STDEV(R5:R20) -> 1383353.1 | S24: =STDEV(S5:S20) -> 789910.88 | T24: =STDEV(T5:T20) -> 1872689.1 | U24: =STDEV(U5:U20) -> 2510274.9 | V24: =STDEV(V5:V20) -> 3988424.9
B26: Non dopé | O26: avec testo
A27: Noms des groupes | B27: =B4 -> Témoin solvant | C27: =C4 -> EE2-33.8ng/L | D27: =D4 -> EE2-50.6ng/L | E27: =E4 -> EE2-76ng/L | F27: =F4 -> EE2-114ng/L | G27: =G4 -> EE2-170.9ng/L | H27: =H4 -> EE2-488ng/L | I27: =I4 -> BPA-1mg/L | ... M27: =M4 -> BPA-5mg/L | O27: =O4 -> Testo -30µg/L | P27: =P4 -> Testo 30µg/L + EE2 -64ng/L | Q27: =Q4 -> Testo 30µg/L + FAD-10µg/L | R27: =R4 -> BPA-1mg/L + Testostérone | S27: =S4 -> BPA-2mg/L + Testostérone | T27: =T4 -> BPA-3mg/L + Testostérone | U27: =U4 -> BPA-4mg/L + Testostérone | V27: =V4 -> BPA-5mg/L + Testostérone
A28: Données normalisées sur la moyenne du groupe "Testo" | B28: =IF(B5="","",(B5/$O$23)) -> 0.067698298 | C28: =IF(C5="","",(C5/$O$23)) -> 0.19480626 | D28: =IF(D5="","",(D5/$O$23)) -> 1.2095177 | E28: =IF(E5="","",(E5/$O$23)) -> 3.269888 | F28: =IF(F5="","",(F5/$O$23)) -> 9.7974997 | G28: =IF(G5="","",(G5/$O$23)) -> 12.735978 | H28: =IF(H5="","",(H5/$O$23)) -> 14.057022 | I28: =IF(I5="","",(I5/$O$23)) -> 0.27146593 | ... M28: =IF(M5="","",(M5/$O$23)) -> 5.4729027 | O28: =IF(O5="","",(O5/$O$23)) -> 0.76818197 | P28: =IF(P5="","",(P5/$O$23)) -> 8.0323655 | Q28: =IF(Q5="","",(Q5/$O$23)) -> 0.2469385 | R28: =IF(R5="","",(R5/$O$23)) -> 1.2107476 | S28: =IF(S5="","",(S5/$O$23)) -> 0.55294254 | T28: =IF(T5="","",(T5/$O$23)) -> 3.9593723 | U28: =IF(U5="","",(U5/$O$23)) -> 0.97700712 | V28: =IF(V5="","",(V5/$O$23)) -> 9.2141077
B29: =IF(B6="","",(B6/$O$23)) -> 0.3394195 | C29: =IF(C6="","",(C6/$O$23)) -> 0.0042352865 | D29: =IF(D6="","",(D6/$O$23)) -> 0.16821689 | E29: =IF(E6="","",(E6/$O$23)) -> 1.605144 | F29: =IF(F6="","",(F6/$O$23)) -> 18.064036 | G29: =IF(G6="","",(G6/$O$23)) -> 9.6730517 | H29: =IF(H6="","",(H6/$O$23)) -> 12.619398 | I29: =IF(I6="","",(I6/$O$23)) -> 0.40450583 | ... M29: =IF(M6="","",(M6/$O$23)) -> 2.6352551 | O29: =IF(O6="","",(O6/$O$23)) -> 1.0242257 | P29: =IF(P6="","",(P6/$O$23)) -> 3.9268384 | Q29: =IF(Q6="","",(Q6/$O$23)) -> 0.31592304 | R29: =IF(R6="","",(R6/$O$23)) -> 0.076772502 | S29: =IF(S6="","",(S6/$O$23)) -> 1.4932199 | T29: =IF(T6="","",(T6/$O$23)) -> 7.541185 | U29: =IF(U6="","",(U6/$O$23)) -> 10.544869 | V29: =IF(V6="","",(V6/$O$23)) -> 10.2042
B30: =IF(B7="","",(B7/$O$23)) -> 0.55849932 | C30: =IF(C7="","",(C7/$O$23)) -> 0.24709082 | D30: =IF(D7="","",(D7/$O$23)) -> 0.22654622 | E30: =IF(E7="","",(E7/$O$23)) -> 2.2722503 | F30: =IF(F7="","",(F7/$O$23)) -> 6.0171067 | G30: =IF(G7="","",(G7/$O$23)) -> 16.011985 | H30: =IF(H7="","",(H7/$O$23)) -> 25.640523 | I30: =IF(I7="","",(I7/$O$23)) -> 0.018498175 | ... M30: =IF(M7="","",(M7/$O$23)) -> 7.8903868 | O30: =IF(O7="","",(O7/$O$23)) -> 3.4139103 | P30: =IF(P7="","",(P7/$O$23)) -> 5.1284228 | Q30: =IF(Q7="","",(Q7/$O$23)) -> 0.074302975 | R30: =IF(R7="","",(R7/$O$23)) -> 6.3576277 | S30: =IF(S7="","",(S7/$O$23)) -> 1.2172789 | T30: =IF(T7="","",(T7/$O$23)) -> 3.7647424 | U30: =IF(U7="","",(U7/$O$23)) -> 5.6028158 | V30: =IF(V7="","",(V7/$O$23)) -> 6.8218506
B31: =IF(B8="","",(B8/$O$23)) -> 0.20298489 | C31: =IF(C8="","",(C8/$O$23)) -> 0.34517092 | D31: =IF(D8="","",(D8/$O$23)) -> 0.30219891 | E31: =IF(E8="","",(E8/$O$23)) -> 3.2881507 | F31: =IF(F8="","",(F8/$O$23)) -> 8.7791862 | G31: =IF(G8="","",(G8/$O$23)) -> 18.880795 | H31: =IF(H8="","",(H8/$O$23)) -> 22.631122 | I31: =IF(I8="","",(I8/$O$23)) -> 0.16471922 | ... M31: =IF(M8="","",(M8/$O$23)) -> 6.145436 | O31: =IF(O8="","",(O8/$O$23)) -> 0.40898369 | P31: =IF(P8="","",(P8/$O$23)) -> 13.851124 | Q31: =IF(Q8="","",(Q8/$O$23)) -> 0.18320893 | R31: =IF(R8="","",(R8/$O$23)) -> 0.3832081 | S31: =IF(S8="","",(S8/$O$23)) -> 0.16870911 | T31: =IF(T8="","",(T8/$O$23)) -> 1.4366492 | U31: =IF(U8="","",(U8/$O$23)) -> 5.0737421 | V31: =IF(V8="","",(V8/$O$23)) -> 12.054345
B32: =IF(B9="","",(B9/$O$23)) -> 0.41415545 | C32: =IF(C9="","",(C9/$O$23)) -> 0.59959697 | D32: =IF(D9="","",(D9/$O$23)) -> 0.30539617 | E32: =IF(E9="","",(E9/$O$23)) -> 7.8585029 | F32: =IF(F9="","",(F9/$O$23)) -> 8.2255583 | G32: =IF(G9="","",(G9/$O$23)) -> 13.44096 | H32: =IF(H9="","",(H9/$O$23)) -> 26.359421 | I32: =IF(I9="","",(I9/$O$23)) -> 0.6801464 | ... M32: =IF(M9="","",(M9/$O$23)) -> 6.8403953 | O32: =IF(O9="","",(O9/$O$23)) -> 3.4430313 | P32: =IF(P9="","",(P9/$O$23)) -> 11.30318 | Q32: =IF(Q9="","",(Q9/$O$23)) -> 0.65845378 | R32: =IF(R9="","",(R9/$O$23)) -> 1.7850315 | S32: =IF(S9="","",(S9/$O$23)) -> 0.55876306 | T32: =IF(T9="","",(T9/$O$23)) -> 5.3020781 | U32: =IF(U9="","",(U9/$O$23)) -> 2.9403565 | V32: =IF(V9="","",(V9/$O$23)) -> 1.9237453
B33: =IF(B10="","",(B10/$O$23)) -> 0.0058825775 | C33: =IF(C10="","",(C10/$O$23)) -> 1.8897262 | D33: =IF(D10="","",(D10/$O$23)) -> 0.5176922 | E33: =IF(E10="","",(E10/$O$23)) -> 2.2225283 | F33: =IF(F10="","",(F10/$O$23)) -> 12.4244 | G33: =IF(G10="","",(G10/$O$23)) -> 7.5578554 | H33: =IF(H10="","",(H10/$O$23)) -> 12.596026 | I33: =IF(I10="","",(I10/$O$23)) -> 0.072226938 | ... M33: =IF(M10="","",(M10/$O$23)) -> 4.429664 | O33: =IF(O10="","",(O10/$O$23)) -> 0.29607516 | P33: =IF(P10="","",(P10/$O$23)) -> 6.6986663 | Q33: =IF(Q10="","",(Q10/$O$23)) -> 0.026046377 | R33: =IF(R10="","",(R10/$O$23)) -> 1.2497184 | S33: =IF(S10="","",(S10/$O$23)) -> 1.6234038 | T33: =IF(T10="","",(T10/$O$23)) -> 7.3638037 | U33: =IF(U10="","",(U10/$O$23)) -> 0.53347404 | V33: =IF(V10="","",(V10/$O$23)) -> 2.7260831
B34: =IF(B11="","",(B11/$O$23)) -> 0.15326575 | C34: =IF(C11="","",(C11/$O$23)) -> 0.26317588 | D34: =IF(D11="","",(D11/$O$23)) -> 0.65827043 | E34: =IF(E11="","",(E11/$O$23)) -> 5.9176078 | F34: =IF(F11="","",(F11/$O$23)) -> 6.1622079 | G34: =IF(G11="","",(G11/$O$23)) -> 10.766069 | H34: =IF(H11="","",(H11/$O$23)) -> 18.190585 | I34: =IF(I11="","",(I11/$O$23)) -> 0.19323371 | ... M34: =IF(M11="","",(M11/$O$23)) -> 0.3438339 | O34: =IF(O11="","",(O11/$O$23)) -> 0.41325988 | P34: =IF(P11="","",(P11/$O$23)) -> 14.22336 | Q34: =IF(Q11="","",(Q11/$O$23)) -> 0.48839355 | R34: =IF(R11="","",(R11/$O$23)) -> 1.4410171 | S34: =IF(S11="","",(S11/$O$23)) -> 3.7765033 | T34: =IF(T11="","",(T11/$O$23)) -> 0.13761085 | U34: =IF(U11="","",(U11/$O$23)) -> 8.701064 | V34: =IF(V11="","",(V11/$O$23)) -> 0.20595509
B35: =IF(B12="","",(B12/$O$23)) -> 0.29742628 | C35: =IF(C12="","",(C12/$O$23)) -> 0.37686152 | D35: =IF(D12="","",(D12/$O$23)) -> 0.16093666 | E35: =IF(E12="","",(E12/$O$23)) | F35: =IF(F12="","",(F12/$O$23)) -> 8.7017029 | G35: =IF(G12="","",(G12/$O$23)) -> 11.950245 | H35: =IF(H12="","",(H12/$O$23)) -> 12.799961 | I35: =IF(I12="","",(I12/$O$23)) -> 0.36480583 | ... M35: =IF(M12="","",(M12/$O$23)) | O35: =IF(O12="","",(O12/$O$23)) -> 0.77951274 | P35: =IF(P12="","",(P12/$O$23)) -> 8.0918485 | Q35: =IF(Q12="","",(Q12/$O$23)) | R35: =IF(R12="","",(R12/$O$23)) -> 1.4181172 | S35: =IF(S12="","",(S12/$O$23)) -> 1.1542714 | T35: =IF(T12="","",(T12/$O$23)) -> 2.6817713 | U35: =IF(U12="","",(U12/$O$23)) -> 6.6365614 | V35: =IF(V12="","",(V12/$O$23)) -> 16.608093
B36: =IF(B13="","",(B13/$O$23)) | C36: =IF(C13="","",(C13/$O$23)) | D36: =IF(D13="","",(D13/$O$23)) | E36: =IF(E13="","",(E13/$O$23)) | F36: =IF(F13="","",(F13/$O$23)) | G36: =IF(G13="","",(G13/$O$23)) | H36: =IF(H13="","",(H13/$O$23)) | I36: =IF(I13="","",(I13/$O$23)) | ... M36: =IF(M13="","",(M13/$O$23)) | O36: =IF(O13="","",(O13/$O$23)) -> 0.46972755 | P36: =IF(P13="","",(P13/$O$23)) | Q36: =IF(Q13="","",(Q13/$O$23)) | R36: =IF(R13="","",(R13/$O$23)) | S36: =IF(S13="","",(S13/$O$23)) | T36: =IF(T13="","",(T13/$O$23)) | U36: =IF(U13="","",(U13/$O$23)) | V36: =IF(V13="","",(V13/$O$23))
B37: =IF(B14="","",(B14/$O$23)) | C37: =IF(C14="","",(C14/$O$23)) | D37: =IF(D14="","",(D14/$O$23)) | E37: =IF(E14="","",(E14/$O$23)) | F37: =IF(F14="","",(F14/$O$23)) | G37: =IF(G14="","",(G14/$O$23)) | H37: =IF(H14="","",(H14/$O$23)) | I37: =IF(I14="","",(I14/$O$23)) | ... M37: =IF(M14="","",(M14/$O$23)) | O37: =IF(O14="","",(O14/$O$23)) -> 0.15600325 | P37: =IF(P14="","",(P14/$O$23)) | Q37: =IF(Q14="","",(Q14/$O$23)) | R37: =IF(R14="","",(R14/$O$23)) | S37: =IF(S14="","",(S14/$O$23)) | T37: =IF(T14="","",(T14/$O$23)) | U37: =IF(U14="","",(U14/$O$23)) | V37: =IF(V14="","",(V14/$O$23))
B38: =IF(B15="","",(B15/$O$23)) | C38: =IF(C15="","",(C15/$O$23)) | D38: =IF(D15="","",(D15/$O$23)) | E38: =IF(E15="","",(E15/$O$23)) | F38: =IF(F15="","",(F15/$O$23)) | G38: =IF(G15="","",(G15/$O$23)) | H38: =IF(H15="","",(H15/$O$23)) | I38: =IF(I15="","",(I15/$O$23)) | ... M38: =IF(M15="","",(M15/$O$23)) | O38: =IF(O15="","",(O15/$O$23)) -> 3.9745915 | P38: =IF(P15="","",(P15/$O$23)) | Q38: =IF(Q15="","",(Q15/$O$23)) | R38: =IF(R15="","",(R15/$O$23)) | S38: =IF(S15="","",(S15/$O$23)) | T38: =IF(T15="","",(T15/$O$23)) | U38: =IF(U15="","",(U15/$O$23)) | V38: =IF(V15="","",(V15/$O$23))
B39: =IF(B16="","",(B16/$O$23)) | C39: =IF(C16="","",(C16/$O$23)) | D39: =IF(D16="","",(D16/$O$23)) | E39: =IF(E16="","",(E16/$O$23)) | F39: =IF(F16="","",(F16/$O$23)) | G39: =IF(G16="","",(G16/$O$23)) | H39: =IF(H16="","",(H16/$O$23)) | I39: =IF(I16="","",(I16/$O$23)) | ... M39: =IF(M16="","",(M16/$O$23)) | O39: =IF(O16="","",(O16/$O$23)) -> 0.48922989 | P39: =IF(P16="","",(P16/$O$23)) | Q39: =IF(Q16="","",(Q16/$O$23)) | R39: =IF(R16="","",(R16/$O$23)) | S39: =IF(S16="","",(S16/$O$23)) | T39: =IF(T16="","",(T16/$O$23)) | U39: =IF(U16="","",(U16/$O$23)) | V39: =IF(V16="","",(V16/$O$23))
B40: =IF(B17="","",(B17/$O$23)) | C40: =IF(C17="","",(C17/$O$23)) | D40: =IF(D17="","",(D17/$O$23)) | E40: =IF(E17="","",(E17/$O$23)) | F40: =IF(F17="","",(F17/$O$23)) | G40: =IF(G17="","",(G17/$O$23)) | H40: =IF(H17="","",(H17/$O$23)) | I40: =IF(I17="","",(I17/$O$23)) | ... M40: =IF(M17="","",(M17/$O$23)) | O40: =IF(O17="","",(O17/$O$23)) -> 0.19769889 | P40: =IF(P17="","",(P17/$O$23)) | Q40: =IF(Q17="","",(Q17/$O$23)) | R40: =IF(R17="","",(R17/$O$23)) | S40: =IF(S17="","",(S17/$O$23)) | T40: =IF(T17="","",(T17/$O$23)) | U40: =IF(U17="","",(U17/$O$23)) | V40: =IF(V17="","",(V17/$O$23))
... B43: =IF(B20="","",(B20/$O$23)) | C43: =IF(C20="","",(C20/$O$23)) | D43: =IF(D20="","",(D20/$O$23)) | E43: =IF(E20="","",(E20/$O$23)) | F43: =IF(F20="","",(F20/$O$23)) | G43: =IF(G20="","",(G20/$O$23)) | H43: =IF(H20="","",(H20/$O$23)) | I43: =IF(I20="","",(I20/$O$23)) | ... M43: =IF(M20="","",(M20/$O$23)) | O43: =IF(O20="","",(O20/$O$23)) -> 0.041042648 | P43: =IF(P20="","",(P20/$O$23)) | Q43: =IF(Q20="","",(Q20/$O$23)) | R43: =IF(R20="","",(R20/$O$23)) | S43: =IF(S20="","",(S20/$O$23)) | T43: =IF(T20="","",(T20/$O$23)) | U43: =IF(U20="","",(U20/$O$23)) | V43: =IF(V20="","",(V20/$O$23))
A45: =A4 -> Noms des groupes | B45: =B4 -> Témoin solvant | C45: =C4 -> EE2-33.8ng/L | D45: =D4 -> EE2-50.6ng/L | E45: =E4 -> EE2-76ng/L | F45: =F4 -> EE2-114ng/L | G45: =G4 -> EE2-170.9ng/L | H45: =H4 -> EE2-488ng/L | ... M45: =M4 -> BPA-5mg/L | O45: =O4 -> Testo -30µg/L | P45: =P4 -> Testo 30µg/L + EE2 -64ng/L | Q45: =Q4 -> Testo 30µg/L + FAD-10µg/L | R45: =R4 -> BPA-1mg/L + Testostérone | S45: =S4 -> BPA-2mg/L + Testostérone | T45: =T4 -> BPA-3mg/L + Testostérone | U45: =U4 -> BPA-4mg/L + Testostérone | V45: =V4 -> BPA-5mg/L + Testostérone
A46: mean | B46: =AVERAGE(B28:B43) -> 0.25491651 | C46: =AVERAGE(C28:C43) -> 0.49008298 | D46: =AVERAGE(D28:D43) -> 0.4435969 | E46: =AVERAGE(E28:E43) -> 3.776296 | F46: =AVERAGE(F28:F43) -> 9.7714622 | G46: =AVERAGE(G28:G43) -> 12.627117 | H46: =AVERAGE(H28:H43) -> 18.111757 | I46: =AVERAGE(I28:I43) -> 0.27120025 | ... M46: =AVERAGE(M28:M43) -> 4.8225534 | N46: mean | O46: =AVERAGE(O28:O43) -> 1 | P46: =AVERAGE(P28:P43) -> 8.9069757 | Q46: =AVERAGE(Q28:Q43) -> 0.28475245 | R46: =AVERAGE(R28:R43) -> 1.74028 | S46: =AVERAGE(S28:S43) -> 1.3181365 | T46: =AVERAGE(T28:T43) -> 4.0234016 | U46: =AVERAGE(U28:U43) -> 5.1262363 | V46: =AVERAGE(V28:V43) -> 7.4697974
A47: SD | B47: =STDEV(B28:B43) -> 0.18383445 | C47: =STDEV(C28:C43) -> 0.59022772 | D47: =STDEV(D28:D43) -> 0.35459118 | E47: =STDEV(E28:E43) -> 2.2779601 | F47: =STDEV(F28:F43) -> 3.9178392 | G47: =STDEV(G28:G43) -> 3.5774208 | H47: =STDEV(H28:H43) -> 5.9807131 | I47: =STDEV(I28:I43) -> 0.21200913 | ... M47: =STDEV(M28:M43) -> 2.6030055 | N47: SD | O47: =STDEV(O28:O43) -> 1.3294603 | P47: =STDEV(P28:P43) -> 3.8514484 | Q47: =STDEV(Q28:Q43) -> 0.22548199 | R47: =STDEV(R28:R43) -> 1.9510146 | S47: =STDEV(S28:S43) -> 1.1140522 | T47: =STDEV(T28:T43) -> 2.6411506 | U47: =STDEV(U28:U43) -> 3.5403708 | V47: =STDEV(V28:V43) -> 5.6250823
A48: SEM | B48: =B47/SQRT(COUNT(B28:B43)) -> 0.064995292 | C48: =C47/SQRT(COUNT(C28:C43)) -> 0.20867701 | D48: =D47/SQRT(COUNT(D28:D43)) -> 0.12536691 | E48: =E47/SQRT(COUNT(E28:E43)) -> 0.86098799 | F48: =F47/SQRT(COUNT(F28:F43)) -> 1.3851653 | G48: =G47/SQRT(COUNT(G28:G43)) -> 1.2648093 | H48: =H47/SQRT(COUNT(H28:H43)) -> 2.1145014 | I48: =I47/SQRT(COUNT(I28:I43)) -> 0.074956549 | ... M48: =M47/SQRT(COUNT(M28:M43)) -> 0.98384359 | N48: SEM | O48: =O47/SQRT(COUNT(O28:O43)) -> 0.33236508 | P48: =P47/SQRT(COUNT(P28:P43)) -> 1.3616926 | Q48: =Q47/SQRT(COUNT(Q28:Q43)) -> 0.085224183 | R48: =R47/SQRT(COUNT(R28:R43)) -> 0.68978783 | S48: =S47/SQRT(COUNT(S28:S43)) -> 0.39387695 | T48: =T47/SQRT(COUNT(T28:T43)) -> 0.93378773 | U48: =U47/SQRT(COUNT(U28:U43)) -> 1.2517101 | V48: =V47/SQRT(COUNT(V28:V43)) -> 1.9887669
A50: 7. Expérimentateur 2 : réaliser les tests statistiques avec les données normalisées et renseigner les résultats ainsi que le test statistique utilisé dans le tableau violet.
A52: =A27 -> Noms des groupes | B52: =B27 -> Témoin solvant | C52: =C27 -> EE2-33.8ng/L | D52: =D27 -> EE2-50.6ng/L | E52: =E27 -> EE2-76ng/L | F52: =F27 -> EE2-114ng/L | G52: =G27 -> EE2-170.9ng/L | H52: =H27 -> EE2-488ng/L | I52: =I4 -> BPA-1mg/L | J52: =J4 -> BPA-2mg/L | K52: =K4 -> BPA-3mg/L | L52: =L4 -> BPA-4mg/L | M52: =M4 -> BPA-5mg/L | O52: =O27 -> Testo -30µg/L | P52: =P27 -> Testo 30µg/L + EE2 -64ng/L | Q52: =Q27 -> Testo 30µg/L + FAD-10µg/L | R52: =R27 -> BPA-1mg/L + Testostérone | S52: =S27 -> BPA-2mg/L + Testostérone | T52: =T27 -> BPA-3mg/L + Testostérone | U52: =U27 -> BPA-4mg/L + Testostérone | V52: =V27 -> BPA-5mg/L + Testostérone
A53: Mean | B53: =B46 -> 0.25491651 | C53: =C46 -> 0.49008298 | D53: =D46 -> 0.4435969 | E53: =E46 -> 3.776296 | F53: =F46 -> 9.7714622 | G53: =G46 -> 12.627117 | H53: =H46 -> 18.111757 | I53: =I46 -> 0.27120025 | ... M53: =M46 -> 4.8225534 | O53: =O46 -> 1 | P53: =P46 -> 8.9069757 | Q53: =Q46 -> 0.28475245 | R53: =R46 -> 1.74028 | S53: =S46 -> 1.3181365 | T53: =T46 -> 4.0234016 | U53: =U46 -> 5.1262363 | V53: =V46 -> 7.4697974
A54: SEM | B54: =B48 -> 0.064995292 | C54: =C48 -> 0.20867701 | D54: =D48 -> 0.12536691 | E54: =E48 -> 0.86098799 | F54: =F48 -> 1.3851653 | G54: =G48 -> 1.2648093 | H54: =H48 -> 2.1145014 | I54: =I48 -> 0.074956549 | ... M54: =M48 -> 0.98384359 | O54: =O48 -> 0.33236508 | P54: =P48 -> 1.3616926 | Q54: =Q48 -> 0.085224183 | R54: =R48 -> 0.68978783 | S54: =S48 -> 0.39387695 | T54: =T48 -> 0.93378773 | U54: =U48 -> 1.2517101 | V54: =V48 -> 1.9887669
A55: % induction | B55: =(B53*100/$B53)-100 -> 0 | C55: =(C53*100/$B53)-100 -> 92.25235 | D55: =(D53*100/$B53)-100 -> 74.016545 | E55: =(E53*100/$B53)-100 -> 1381.3854 | F55: =(F53*100/$B53)-100 -> 3733.201 | G55: =(G53*100/$B53)-100 -> 4853.4326 | H55: =(H53*100/$B53)-100 -> 7004.9762 | I55: =(I53*100/$B53)-100 -> 6.3878742 | ... M55: =(M53*100/$B53)-100 -> 1791.8168 | O55: =(O53*100/$O53)-100 -> 0 | P55: =(P53*100/$O53)-100 -> 790.69757 | Q55: =(Q53*100/$O53)-100 -> -71.524755 | R55: =(R53*100/$O53)-100 -> 74.028001 | S55: =(S53*100/$O53)-100 -> 31.81365 | T55: =(T53*100/$O53)-100 -> 302.34016 | U55: =(U53*100/$O53)-100 -> 412.62363 | V55: =(V53*100/$O53)-100 -> 646.97974
A56: Test de normalité : valeur du p | B56: =[1]!SWTEST(B28:B43) -> #NAME? | C56: =[1]!SWTEST(C28:C43) -> #NAME? | D56: =[1]!SWTEST(D28:D43) -> #NAME? | E56: =[1]!SWTEST(E28:E43) -> #NAME? | F56: =[1]!SWTEST(F28:F43) -> #NAME? | G56: =[1]!SWTEST(G28:G43) -> #NAME? | H56: =[1]!SWTEST(H28:H43) -> #NAME? | I56: =[1]!SWTEST(I28:I43) -> #NAME? | ... M56: =[1]!SWTEST(M28:M43) -> #NAME? | O56: =[1]!SWTEST(O28:O43) -> #NAME? | P56: =[1]!SWTEST(P28:P43) -> #NAME? | Q56: =[1]!SWTEST(Q28:Q43) -> #NAME? | R56: =[1]!SWTEST(R28:R43) -> #NAME? | S56: =[1]!SWTEST(S28:S43) -> #NAME? | T56: =[1]!SWTEST(T28:T43) -> #NAME? | U56: =[1]!SWTEST(U28:U43) -> #NAME? | V56: =[1]!SWTEST(V28:V43) -> #NAME?
A57: Test de normalité : résultat normal? | B57: =IF(B56>0.05,"Oui","Non") -> #NAME? | C57: =IF(C56>0.05,"Oui","Non") -> #NAME? | D57: =IF(D56>0.05,"Oui","Non") -> #NAME? | E57: =IF(E56>0.05,"Oui","Non") -> #NAME? | F57: =IF(F56>0.05,"Oui","Non") -> #NAME? | G57: =IF(G56>0.05,"Oui","Non") -> #NAME? | H57: =IF(H56>0.05,"Oui","Non") -> #NAME? | I57: =IF(I56>0.05,"Oui","Non") -> #NAME? | ... M57: =IF(M56>0.05,"Oui","Non") -> #NAME? | O57: =IF(O56>0.05,"Oui","Non") -> #NAME? | P57: =IF(P56>0.05,"Oui","Non") -> #NAME? | Q57: =IF(Q56>0.05,"Oui","Non") -> #NAME? | R57: =IF(R56>0.05,"Oui","Non") -> #NAME? | S57: =IF(S56>0.05,"Oui","Non") -> #NAME? | T57: =IF(T56>0.05,"Oui","Non") -> #NAME? | U57: =IF(U56>0.05,"Oui","Non") -> #NAME? | V57: =IF(V56>0.05,"Oui","Non") -> #NAME?
A59: Test statistique utilisé | C59: =IF($B57="Non",IF(C57="Non","MW",IF(C57="Oui","MW","")),IF($B57="Oui",IF(C57="Oui","T-Test Welch",IF(C57="Non","MW","")))) -> #NAME? | D59: =IF($B57="Non",IF(D57="Non","MW",IF(D57="Oui","MW","")),IF($B57="Oui",IF(D57="Oui","T-Test Welch",IF(D57="Non","MW","")))) -> #NAME? | E59: =IF($B57="Non",IF(E57="Non","MW",IF(E57="Oui","MW","")),IF($B57="Oui",IF(E57="Oui","T-Test Welch",IF(E57="Non","MW","")))) -> #NAME? | F59: =IF($B57="Non",IF(F57="Non","MW",IF(F57="Oui","MW","")),IF($B57="Oui",IF(F57="Oui","T-Test Welch",IF(F57="Non","MW","")))) -> #NAME? | G59: =IF($B57="Non",IF(G57="Non","MW",IF(G57="Oui","MW","")),IF($B57="Oui",IF(G57="Oui","T-Test Welch",IF(G57="Non","MW","")))) -> #NAME? | H59: =IF($B57="Non",IF(H57="Non","MW",IF(H57="Oui","MW","")),IF($B57="Oui",IF(H57="Oui","T-Test Welch",IF(H57="Non","MW","")))) -> #NAME? | I59: =IF($B57="Non",IF(I57="Non","MW",IF(I57="Oui","MW","")),IF($B57="Oui",IF(I57="Oui","T-Test Welch",IF(I57="Non","MW","")))) -> #NAME? | J59: =IF($B57="Non",IF(J57="Non","MW",IF(J57="Oui","MW","")),IF($B57="Oui",IF(J57="Oui","T-Test Welch",IF(J57="Non","MW","")))) -> #NAME? | ... M59: =IF($B57="Non",IF(M57="Non","MW",IF(M57="Oui","MW","")),IF($B57="Oui",IF(M57="Oui","T-Test Welch",IF(M57="Non","MW","")))) -> #NAME? | O59: =IF($B57="Non",IF(O57="Non","MW",IF(O57="Oui","MW","")),IF($B57="Oui",IF(O57="Oui","T-Test Welch",IF(O57="Non","MW","")))) -> #NAME? | P59: =IF($O57="Non",IF(P57="Non","MW",IF(P57="Oui","MW","")),IF($O57="Oui",IF(P57="Oui","T-Test Welch",IF(P57="Non","MW","")))) -> #NAME? | Q59: =IF($O57="Non",IF(Q57="Non","MW",IF(Q57="Oui","MW","")),IF($O57="Oui",IF(Q57="Oui","T-Test Welch",IF(Q57="Non","MW","")))) -> #NAME? | R59: =IF($O57="Non",IF(R57="Non","MW",IF(R57="Oui","MW","")),IF($O57="Oui",IF(R57="Oui","T-Test Welch",IF(R57="Non","MW","")))) -> #NAME? | S59: =IF($O57="Non",IF(S57="Non","MW",IF(S57="Oui","MW","")),IF($O57="Oui",IF(S57="Oui","T-Test Welch",IF(S57="Non","MW","")))) -> #NAME? | T59: =IF($O57="Non",IF(T57="Non","MW",IF(T57="Oui","MW","")),IF($O57="Oui",IF(T57="Oui","T-Test Welch",IF(T57="Non","MW","")))) -> #NAME? | U59: =IF($O57="Non",IF(U57="Non","MW",IF(U57="Oui","MW","")),IF($O57="Oui",IF(U57="Oui","T-Test Welch",IF(U57="Non","MW","")))) -> #NAME? | V59: =IF($O57="Non",IF(V57="Non","MW",IF(V57="Oui","MW","")),IF($O57="Oui",IF(V57="Oui","T-Test Welch",IF(V57="Non","MW","")))) -> #NAME?
A60: Test statistique : valeur du p | C60: =IF(C59="MW",[1]!MTEST($B28:$B43,C28:C43,2), IF(C59="T-Test Welch",_xlfn.T.TEST($B28:$B43,C28:C43,2,3),"")) -> #NAME? | D60: =IF(D59="MW",[1]!MTEST($B28:$B43,D28:D43,2), IF(D59="T-Test Welch",_xlfn.T.TEST($B28:$B43,D28:D43,2,3),"")) -> #NAME? | E60: =IF(E59="MW",[1]!MTEST($B28:$B43,E28:E43,2), IF(E59="T-Test Welch",_xlfn.T.TEST($B28:$B43,E28:E43,2,3),"")) -> #NAME? | F60: =IF(F59="MW",[1]!MTEST($B28:$B43,F28:F43,2), IF(F59="T-Test Welch",_xlfn.T.TEST($B28:$B43,F28:F43,2,3),"")) -> #NAME? | G60: =IF(G59="MW",[1]!MTEST($B28:$B43,G28:G43,2), IF(G59="T-Test Welch",_xlfn.T.TEST($B28:$B43,G28:G43,2,3),"")) -> #NAME? | H60: =IF(H59="MW",[1]!MTEST($B28:$B43,H28:H43,2), IF(H59="T-Test Welch",_xlfn.T.TEST($B28:$B43,H28:H43,2,3),"")) -> #NAME? | I60: =IF(I59="MW",[1]!MTEST($B28:$B43,I28:I43,2), IF(I59="T-Test Welch",_xlfn.T.TEST($B28:$B43,I28:I43,2,3),"")) -> #NAME? | J60: =IF(J59="MW",[1]!MTEST($B28:$B43,J28:J43,2), IF(J59="T-Test Welch",_xlfn.T.TEST($B28:$B43,J28:J43,2,3),"")) -> #NAME? | ... M60: =IF(M59="MW",[1]!MTEST($B28:$B43,M28:M43,2), IF(M59="T-Test Welch",_xlfn.T.TEST($B28:$B43,M28:M43,2,3),"")) -> #NAME? | O60: =IF(O59="MW",[1]!MTEST($B28:$B43,O28:O43,2), IF(O59="T-Test Welch",_xlfn.T.TEST($B28:$B43,O28:O43,2,3),"")) -> #NAME? | P60: =IF(P59="MW",[1]!MTEST($O28:$O43,P28:P43,2), IF(P59="T-Test Welch",_xlfn.T.TEST($O28:$O43,P28:P43,2,3),"")) -> #NAME? | Q60: =IF(Q59="MW",[1]!MTEST($O28:$O43,Q28:Q43,2), IF(Q59="T-Test Welch",_xlfn.T.TEST($O28:$O43,Q28:Q43,2,3),"")) -> #NAME? | R60: =IF(R59="MW",[1]!MTEST($O28:$O43,R28:R43,2), IF(R59="T-Test Welch",_xlfn.T.TEST($O28:$O43,R28:R43,2,3),"")) -> #NAME? | S60: =IF(S59="MW",[1]!MTEST($O28:$O43,S28:S43,2), IF(S59="T-Test Welch",_xlfn.T.TEST($O28:$O43,S28:S43,2,3),"")) -> #NAME? | T60: =IF(T59="MW",[1]!MTEST($O28:$O43,T28:T43,2), IF(T59="T-Test Welch",_xlfn.T.TEST($O28:$O43,T28:T43,2,3),"")) -> #NAME? | U60: =IF(U59="MW",[1]!MTEST($O28:$O43,U28:U43,2), IF(U59="T-Test Welch",_xlfn.T.TEST($O28:$O43,U28:U43,2,3),"")) -> #NAME? | V60: =IF(V59="MW",[1]!MTEST($O28:$O43,V28:V43,2), IF(V59="T-Test Welch",_xlfn.T.TEST($O28:$O43,V28:V43,2,3),"")) -> #NAME?
A61: Annotation | C61: =IF(C60>0.05,"NS",IF(C60>0.01,"*",IF(C60>0.001,"**","***"))) -> #NAME? | D61: =IF(D60>0.05,"NS",IF(D60>0.01,"*",IF(D60>0.001,"**","***"))) -> #NAME? | E61: =IF(E60>0.05,"NS",IF(E60>0.01,"*",IF(E60>0.001,"**","***"))) -> #NAME? | F61: =IF(F60>0.05,"NS",IF(F60>0.01,"*",IF(F60>0.001,"**","***"))) -> #NAME? | G61: =IF(G60>0.05,"NS",IF(G60>0.01,"*",IF(G60>0.001,"**","***"))) -> #NAME? | H61: =IF(H60>0.05,"NS",IF(H60>0.01,"*",IF(H60>0.001,"**","***"))) -> #NAME? | I61: =IF(I60>0.05,"NS",IF(I60>0.01,"*",IF(I60>0.001,"**","***"))) -> #NAME? | J61: =IF(J60>0.05,"NS",IF(J60>0.01,"*",IF(J60>0.001,"**","***"))) -> #NAME? | ... M61: =IF(M60>0.05,"NS",IF(M60>0.01,"*",IF(M60>0.001,"**","***"))) -> #NAME? | O61: =IF(O60>0.05,"NS",IF(O60>0.01,"*",IF(O60>0.001,"**","***"))) -> #NAME? | P61: =IF(P60>0.05,"NS",IF(P60>0.01,"*",IF(P60>0.001,"**","***"))) -> #NAME? | Q61: =IF(Q60>0.05,"NS",IF(Q60>0.01,"*",IF(Q60>0.001,"**","***"))) -> #NAME? | R61: =IF(R60>0.05,"NS",IF(R60>0.01,"*",IF(R60>0.001,"**","***"))) -> #NAME? | S61: =IF(S60>0.05,"NS",IF(S60>0.01,"*",IF(S60>0.001,"**","***"))) -> #NAME? | T61: =IF(T60>0.05,"NS",IF(T60>0.01,"*",IF(T60>0.001,"**","***"))) -> #NAME? | U61: =IF(U60>0.05,"NS",IF(U60>0.01,"*",IF(U60>0.001,"**","***"))) -> #NAME? | V61: =IF(V60>0.05,"NS",IF(V60>0.01,"*",IF(V60>0.001,"**","***"))) -> #NAME?
A63: Eléments pour la mise en forme conditionnelles des résutats - calcul équivalent hormonal (eqH)
A64: LOD | B64: =B46+(3*B47) -> 0.80641985
A65: LOQ | B65: =B46+(10*B47) -> 2.093261
A67: 8. Expérimentateur 2 : se reporter à l'onglet "pooled normalised values".

Sheet pooled normalised values
A1: N°BDC : | B1: ='Page de garde'!#REF! -> #REF!
B3: Non dopé | O3: avec testo
A4: Noms des groupes | B4: ='R1'!B4 -> Témoin solvant | C4: ='R1'!C4 -> EE2-33.8ng/L | D4: ='R1'!D4 -> EE2-50.6ng/L | E4: ='R1'!E4 -> EE2-76ng/L | F4: ='R1'!F4 -> EE2-114ng/L | G4: ='R1'!G4 -> EE2-170.9ng/L | H4: ='R1'!H4 -> EE2-488ng/L | I4: ='R1'!I4 -> BPA-1mg/L | ... M4: ='R1'!M4 -> BPA-5mg/L | O4: ='R1'!O4 -> Testo -30µg/L | P4: ='R1'!P4 -> Testo 30µg/L + EE2 -64ng/L | Q4: ='R1'!Q4 -> Testo 30µg/L + FAD-10µg/L | R4: ='R1'!R4 -> BPA-1mg/L + Testostérone | S4: ='R1'!S4 -> BPA-2mg/L + Testostérone | T4: ='R1'!T4 -> BPA-3mg/L + Testostérone | U4: ='R1'!U4 -> BPA-4mg/L + Testostérone | V4: ='R1'!V4 -> BPA-5mg/L + Testostérone
C5: n'utilisez pas cette ligne SVP
A6: Rep1 | B6: ='R1'!B28 -> 0.018855302 | C6: ='R1'!C28 -> 0.0048612985 | D6: ='R1'!D28 -> 0.018973465 | E6: ='R1'!E28 -> 0.11844176 | F6: ='R1'!F28 -> 2.3822744 | G6: ='R1'!G28 -> 3.1893377 | H6: ='R1'!H28 -> 10.531506 | I6: ='R1'!I28 -> 0.02488623 | ... M6: ='R1'!M28 -> 3.1796345 | O6: ='R1'!O28 -> 0.17997975 | P6: ='R1'!P28 -> 5.6042011 | Q6: ='R1'!Q28 -> 0.069306276 | R6: ='R1'!R28 -> 0.85992457 | S6: ='R1'!S28 -> 2.9427251 | T6: ='R1'!T28 -> 4.7137517 | U6: ='R1'!U28 -> 5.9101371 | V6: ='R1'!V28 -> 8.0535211
A7: Données normalisées sur la moyenne du groupe "Testo" | B7: ='R1'!B29 -> 0.030126942 | C7: ='R1'!C29 -> 0.0048012939 | D7: ='R1'!D29 -> 0.089387519 | E7: ='R1'!E29 -> 0.061717997 | F7: ='R1'!F29 -> 0.81716711 | G7: ='R1'!G29 -> 2.795807 | H7: ='R1'!H29 -> 5.4799537 | I7: ='R1'!I29 -> 0.016572357 | ... M7: ='R1'!M29 -> 0.72678536 | O7: ='R1'!O29 -> 1.0472803 | P7: ='R1'!P29 -> 7.6722295 | Q7: ='R1'!Q29 -> 0.00014493427 | R7: ='R1'!R29 -> 0.71293352 | S7: ='R1'!S29 -> 0.0030094632 | T7: ='R1'!T29 -> 3.1209407 | U7: ='R1'!U29 -> 5.7836658 | V7: ='R1'!V29 -> 1.9592399
B8: ='R1'!B30 -> 0.0010514658 | C8: ='R1'!C30 -> 0.026582976 | D8: ='R1'!D30 -> 0.026124171 | E8: ='R1'!E30 -> 0.16583712 | F8: ='R1'!F30 -> 0.8042375 | G8: ='R1'!G30 -> 1.290984 | H8: ='R1'!H30 -> 8.0523108 | I8: ='R1'!I30 -> 0.0062072486 | ... M8: ='R1'!M30 -> 1.3355001 | O8: ='R1'!O30 -> 0.22437856 | P8: ='R1'!P30 -> 10.493469 | Q8: ='R1'!Q30 -> 0.0022746372 | R8: ='R1'!R30 -> 0.21423224 | S8: ='R1'!S30 -> 2.4938221 | T8: ='R1'!T30 -> 4.7715371 | U8: ='R1'!U30 -> 5.8311128 | V8: ='R1'!V30 -> 2.2433323
B9: ='R1'!B31 -> 0.028128326 | C9: ='R1'!C31 -> 0.00034156484 | D9: ='R1'!D31 -> 1.8781192 | E9: ='R1'!E31 -> 0.028586208 | F9: ='R1'!F31 -> 1.9251887 | G9: ='R1'!G31 -> 2.4757127 | H9: ='R1'!H31 -> 3.5011144 | I9: ='R1'!I31 -> 0.00050219263 | ... M9: ='R1'!M31 -> 0.476038 | O9: ='R1'!O31 -> 0.014150939 | P9: ='R1'!P31 -> 2.6940982 | Q9: ='R1'!Q31 -> 0.0066503598 | R9: ='R1'!R31 -> 1.0671566 | S9: ='R1'!S31 -> 4.6201205 | T9: ='R1'!T31 -> 2.2182689 | U9: ='R1'!U31 -> 2.6517257 | V9: ='R1'!V31 -> 4.6086744
B10: ='R1'!B32 -> 0.0058139875 | C10: ='R1'!C32 -> 0.0018195251 | D10: ='R1'!D32 -> 0.036153254 | E10: ='R1'!E32 -> 2.8389466 | F10: ='R1'!F32 -> 1.2003475 | G10: ='R1'!G32 -> 2.6864453 | H10: ='R1'!H32 -> 4.0264753 | I10: ='R1'!I32 -> 0.013808451 | ... M10: ='R1'!M32 -> 1.3379704 | O10: ='R1'!O32 -> 0.6188241 | P10: ='R1'!P32 -> 3.2375694 | Q10: ='R1'!Q32 -> 0.016405267 | R10: ='R1'!R32 -> 4.4664283 | S10: ='R1'!S32 -> 5.1664285 | T10: ='R1'!T32 -> 4.2426184 | U10: ='R1'!U32 -> 1.8329034 | V10: ='R1'!V32 -> 7.6867238
B11: ='R1'!B33 -> 0.019654749 | C11: ='R1'!C33 -> 2.584815e-05 | D11: ='R1'!D33 -> 0.0095499683 | E11: ='R1'!E33 -> 0.015615975 | F11: ='R1'!F33 -> 0.92758948 | G11: ='R1'!G33 -> 1.7571508 | H11: ='R1'!H33 -> 5.5870453 | I11: ='R1'!I33 -> 0.022399268 | ... M11: ='R1'!M33 -> 0.00014031853 | O11: ='R1'!O33 -> 1.1034677 | P11: ='R1'!P33 -> 4.3661957 | Q11: ='R1'!Q33 -> 0.027349189 | R11: ='R1'!R33 -> 0.64050701 | S11: ='R1'!S33 -> 0.22985837 | T11: ='R1'!T33 -> 2.121186 | U11: ='R1'!U33 -> 6.1339257 | V11: ='R1'!V33 -> 6.7007046
B12: ='R1'!B34 -> 0.0019063011 | C12: ='R1'!C34 -> 0.00012000927 | D12: ='R1'!D34 -> 0.049849081 | E12: ='R1'!E34 -> 0.32245013 | F12: ='R1'!F34 -> 0.1393723 | G12: ='R1'!G34 -> 3.5163786 | H12: ='R1'!H34 | I12: ='R1'!I34 -> 0.0035162716 | ... M12: ='R1'!M34 -> 0.29080738 | O12: ='R1'!O34 -> 0.028324957 | P12: ='R1'!P34 -> 9.5476641 | Q12: ='R1'!Q34 -> 0.010197095 | R12: ='R1'!R34 -> 1.1244878 | S12: ='R1'!S34 -> 3.7696397 | T12: ='R1'!T34 -> 5.9380586 | U12: ='R1'!U34 -> 5.9674313 | V12: ='R1'!V34 -> 6.0619672
B13: ='R1'!B35 | C13: ='R1'!C35 -> 0.53603709 | D13: ='R1'!D35 -> 0.048329579 | E13: ='R1'!E35 | F13: ='R1'!F35 | G13: ='R1'!G35 | H13: ='R1'!H35 | I13: ='R1'!I35 -> 0.0015952001 | ... M13: ='R1'!M35 | O13: ='R1'!O35 -> 0.5929741 | P13: ='R1'!P35 -> 9.4110327 | Q13: ='R1'!Q35 -> 0.022315262 | R13: ='R1'!R35 -> 0.25238965 | S13: ='R1'!S35 -> 2.2041936 | T13: ='R1'!T35 -> 4.6966486 | U13: ='R1'!U35 -> 2.8775324 | V13: ='R1'!V35
B14: ='R1'!B36 | C14: ='R1'!C36 | D14: ='R1'!D36 | E14: ='R1'!E36 | F14: ='R1'!F36 | G14: ='R1'!G36 | H14: ='R1'!H36 | I14: ='R1'!I36 | ... M14: ='R1'!M36 | O14: ='R1'!O36 -> 4.9119978 | P14: ='R1'!P36 | Q14: ='R1'!Q36 | R14: ='R1'!R36 | S14: ='R1'!S36 | T14: ='R1'!T36 | U14: ='R1'!U36 | V14: ='R1'!V36
B15: ='R1'!B37 | C15: ='R1'!C37 | D15: ='R1'!D37 | E15: ='R1'!E37 | F15: ='R1'!F37 | G15: ='R1'!G37 | H15: ='R1'!H37 | I15: ='R1'!I37 | ... M15: ='R1'!M37 | O15: ='R1'!O37 -> 0.0062063255 | P15: ='R1'!P37 | Q15: ='R1'!Q37 | R15: ='R1'!R37 | S15: ='R1'!S37 | T15: ='R1'!T37 | U15: ='R1'!U37 | V15: ='R1'!V37
B16: ='R1'!B38 | C16: ='R1'!C38 | D16: ='R1'!D38 | E16: ='R1'!E38 | F16: ='R1'!F38 | G16: ='R1'!G38 | H16: ='R1'!H38 | I16: ='R1'!I38 | ... M16: ='R1'!M38 | O16: ='R1'!O38 -> 0.11546092 | P16: ='R1'!P38 | Q16: ='R1'!Q38 | R16: ='R1'!R38 | S16: ='R1'!S38 | T16: ='R1'!T38 | U16: ='R1'!U38 | V16: ='R1'!V38
B17: ='R1'!B39 | C17: ='R1'!C39 | D17: ='R1'!D39 | E17: ='R1'!E39 | F17: ='R1'!F39 | G17: ='R1'!G39 | H17: ='R1'!H39 | I17: ='R1'!I39 | ... M17: ='R1'!M39 | O17: ='R1'!O39 -> 0.98972105 | P17: ='R1'!P39 | Q17: ='R1'!Q39 | R17: ='R1'!R39 | S17: ='R1'!S39 | T17: ='R1'!T39 | U17: ='R1'!U39 | V17: ='R1'!V39
B18: ='R1'!B40 | C18: ='R1'!C40 | D18: ='R1'!D40 | E18: ='R1'!E40 | F18: ='R1'!F40 | G18: ='R1'!G40 | H18: ='R1'!H40 | I18: ='R1'!I40 | ... M18: ='R1'!M40 | O18: ='R1'!O40 -> 2.0656595 | P18: ='R1'!P40 | Q18: ='R1'!Q40 | R18: ='R1'!R40 | S18: ='R1'!S40 | T18: ='R1'!T40 | U18: ='R1'!U40 | V18: ='R1'!V40
B19: ='R1'!B41 | C19: ='R1'!C41 | D19: ='R1'!D41 | E19: ='R1'!E41 | F19: ='R1'!F41 | G19: ='R1'!G41 | H19: ='R1'!H41 | I19: ='R1'!I41 | ... M19: ='R1'!M41 | O19: ='R1'!O41 -> 0.64245669 | P19: ='R1'!P41 | Q19: ='R1'!Q41 | R19: ='R1'!R41 | S19: ='R1'!S41 | T19: ='R1'!T41 | U19: ='R1'!U41 | V19: ='R1'!V41
... B21: ='R1'!B43 | C21: ='R1'!C43 | D21: ='R1'!D43 | E21: ='R1'!E43 | F21: ='R1'!F43 | G21: ='R1'!G43 | H21: ='R1'!H43 | I21: ='R1'!I43 | ... M21: ='R1'!M43 | O21: ='R1'!O43 | P21: ='R1'!P43 | Q21: ='R1'!Q43 | R21: ='R1'!R43 | S21: ='R1'!S43 | T21: ='R1'!T43 | U21: ='R1'!U43 | V21: ='R1'!V43
A22: Rep2 | B22: ='R2'!B28 -> 0.43565644 | C22: ='R2'!C28 -> 0.063765995 | D22: ='R2'!D28 -> 0.058711887 | E22: ='R2'!E28 -> 1.0972315 | F22: ='R2'!F28 -> 3.2964474 | G22: ='R2'!G28 -> 6.5894527 | H22: ='R2'!H28 -> 12.267702 | I22: ='R2'!I28 -> 0.11395865 | ... M22: ='R2'!M28 -> 4.2757076 | O22: ='R2'!O28 -> 0.17854912 | P22: ='R2'!P28 -> 8.4927379 | Q22: ='R2'!Q28 -> 0.62074273 | R22: ='R2'!R28 -> 7.4325558 | S22: ='R2'!S28 -> 0.84340681 | T22: ='R2'!T28 -> 3.1912416 | U22: ='R2'!U28 -> 3.6052445 | V22: ='R2'!V28 -> 3.581762
A23: Données normalisées sur la moyenne du groupe "Testo" | B23: ='R2'!B29 -> 0.10971243 | C23: ='R2'!C29 -> 0.064792132 | D23: ='R2'!D29 -> 0.25382598 | E23: ='R2'!E29 -> 4.4578827 | F23: ='R2'!F29 -> 1.3059011 | G23: ='R2'!G29 -> 7.9329763 | H23: ='R2'!H29 -> 11.552714 | I23: ='R2'!I29 -> 0.030085981 | ... M23: ='R2'!M29 -> 0.63160651 | O23: ='R2'!O29 -> 0.27716294 | P23: ='R2'!P29 -> 7.9746778 | Q23: ='R2'!Q29 -> 0.071453089 | R23: ='R2'!R29 -> 0.15994465 | S23: ='R2'!S29 -> 1.8509777 | T23: ='R2'!T29 -> 2.2701789 | U23: ='R2'!U29 -> 9.4539462 | V23: ='R2'!V29 -> 4.22133
B24: ='R2'!B30 -> 0.074811007 | C24: ='R2'!C30 -> 0.25871417 | D24: ='R2'!D30 -> 0.18141184 | E24: ='R2'!E30 -> 2.624163 | F24: ='R2'!F30 -> 2.4269558 | G24: ='R2'!G30 -> 7.2734471 | H24: ='R2'!H30 -> 10.885134 | I24: ='R2'!I30 -> 0.21036448 | ... M24: ='R2'!M30 -> 0.22981897 | O24: ='R2'!O30 -> 0.1415699 | P24: ='R2'!P30 -> 11.29599 | Q24: ='R2'!Q30 -> 0.23209842 | R24: ='R2'!R30 -> 0.38935648 | S24: ='R2'!S30 -> 2.4665221 | T24: ='R2'!T30 -> 4.3084955 | U24: ='R2'!U30 -> 8.8946173 | V24: ='R2'!V30 -> 9.4508436
B25: ='R2'!B31 -> 0.098581906 | C25: ='R2'!C31 -> 0.041174388 | D25: ='R2'!D31 -> 0.10791924 | E25: ='R2'!E31 -> 2.1653292 | F25: ='R2'!F31 -> 3.8968921 | G25: ='R2'!G31 -> 7.7599522 | H25: ='R2'!H31 -> 25.224942 | I25: ='R2'!I31 -> 0.4240639 | ... M25: ='R2'!M31 -> 2.5251561 | O25: ='R2'!O31 -> 0.15324413 | P25: ='R2'!P31 -> 8.2135392 | Q25: ='R2'!Q31 -> 0.044935614 | R25: ='R2'!R31 -> 0.017880821 | S25: ='R2'!S31 -> 4.2085633 | T25: ='R2'!T31 -> 0.30823549 | U25: ='R2'!U31 -> 5.6272208 | V25: ='R2'!V31 -> 5.1175408
B26: ='R2'!B32 -> 0.19873748 | C26: ='R2'!C32 -> 0.043975844 | D26: ='R2'!D32 -> 0.11010042 | E26: ='R2'!E32 -> 4.7999093 | F26: ='R2'!F32 -> 7.3347026 | G26: ='R2'!G32 -> 10.693544 | H26: ='R2'!H32 -> 14.835624 | I26: ='R2'!I32 -> 0.1707293 | ... M26: ='R2'!M32 -> 8.1254855 | O26: ='R2'!O32 -> 1.5684224 | P26: ='R2'!P32 -> 9.3006243 | Q26: ='R2'!Q32 -> 0.33591184 | R26: ='R2'!R32 -> 4.0000405 | S26: ='R2'!S32 -> 0.53472206 | T26: ='R2'!T32 -> 3.3684161 | U26: ='R2'!U32 -> 6.2196707 | V26: ='R2'!V32 -> 3.0863727
B27: ='R2'!B33 -> 0.18954691 | C27: ='R2'!C33 -> 0.12363548 | D27: ='R2'!D33 -> 0.056091664 | E27: ='R2'!E33 -> 0.85354438 | F27: ='R2'!F33 -> 11.776987 | G27: ='R2'!G33 -> 3.358239 | H27: ='R2'!H33 -> 11.366316 | I27: ='R2'!I33 -> 0.48304636 | ... M27: ='R2'!M33 -> 0.06242589 | O27: ='R2'!O33 -> 0.57435087 | P27: ='R2'!P33 -> 5.6969458 | Q27: ='R2'!Q33 -> 0.49778368 | R27: ='R2'!R33 -> 0.23648886 | S27: ='R2'!S33 -> 1.2162162 | T27: ='R2'!T33 -> 5.8567322 | U27: ='R2'!U33 -> 13.582995 | V27: ='R2'!V33 -> 2.8831324
B28: ='R2'!B34 -> 0.0092569305 | C28: ='R2'!C34 -> 0.070158931 | D28: ='R2'!D34 -> 0.062420785 | E28: ='R2'!E34 -> 3.7879696 | F28: ='R2'!F34 -> 7.8691988 | G28: ='R2'!G34 -> 5.0389826 | H28: ='R2'!H34 -> 18.264388 | I28: ='R2'!I34 -> 0.09402938 | ... M28: ='R2'!M34 -> 0.37670972 | O28: ='R2'!O34 -> 0.10381469 | P28: ='R2'!P34 -> 7.4155862 | Q28: ='R2'!Q34 -> 0.13486427 | R28: ='R2'!R34 -> 1.3834867 | S28: ='R2'!S34 -> 0.80830246 | T28: ='R2'!T34 -> 1.430361 | U28: ='R2'!U34 -> 6.0929249 | V28: ='R2'!V34 -> 2.7890546
B29: ='R2'!B35 -> 0.11224969 | C29: ='R2'!C35 -> 0.056483485 | D29: ='R2'!D35 | E29: ='R2'!E35 -> 0.45585373 | F29: ='R2'!F35 -> 6.3664275 | G29: ='R2'!G35 -> 10.471916 | H29: ='R2'!H35 -> 18.341834 | I29: ='R2'!I35 -> 0.30390887 | ... M29: ='R2'!M35 -> 8.8631836 | O29: ='R2'!O35 -> 1.7042643 | P29: ='R2'!P35 | Q29: ='R2'!Q35 -> 0.33495079 | R29: ='R2'!R35 -> 0.61732227 | S29: ='R2'!S35 -> 0.22862181 | T29: ='R2'!T35 -> 1.1431001 | U29: ='R2'!U35 -> 1.3663602 | V29: ='R2'!V35 -> 4.6662166
B30: ='R2'!B36 | C30: ='R2'!C36 | D30: ='R2'!D36 | E30: ='R2'!E36 | F30: ='R2'!F36 | G30: ='R2'!G36 | H30: ='R2'!H36 | I30: ='R2'!I36 | ... M30: ='R2'!M36 | O30: ='R2'!O36 -> 0.066757618 | P30: ='R2'!P36 | Q30: ='R2'!Q36 | R30: ='R2'!R36 | S30: ='R2'!S36 | T30: ='R2'!T36 | U30: ='R2'!U36 | V30: ='R2'!V36
B31: ='R2'!B37 | C31: ='R2'!C37 | D31: ='R2'!D37 | E31: ='R2'!E37 | F31: ='R2'!F37 | G31: ='R2'!G37 | H31: ='R2'!H37 | I31: ='R2'!I37 | ... M31: ='R2'!M37 | O31: ='R2'!O37 -> 0.27854771 | P31: ='R2'!P37 | Q31: ='R2'!Q37 | R31: ='R2'!R37 | S31: ='R2'!S37 | T31: ='R2'!T37 | U31: ='R2'!U37 | V31: ='R2'!V37
B32: ='R2'!B38 | C32: ='R2'!C38 | D32: ='R2'!D38 | E32: ='R2'!E38 | F32: ='R2'!F38 | G32: ='R2'!G38 | H32: ='R2'!H38 | I32: ='R2'!I38 | ... M32: ='R2'!M38 | O32: ='R2'!O38 -> 0.57325198 | P32: ='R2'!P38 | Q32: ='R2'!Q38 | R32: ='R2'!R38 | S32: ='R2'!S38 | T32: ='R2'!T38 | U32: ='R2'!U38 | V32: ='R2'!V38
B33: ='R2'!B39 | C33: ='R2'!C39 | D33: ='R2'!D39 | E33: ='R2'!E39 | F33: ='R2'!F39 | G33: ='R2'!G39 | H33: ='R2'!H39 | I33: ='R2'!I39 | ... M33: ='R2'!M39 | O33: ='R2'!O39 -> 1.8371835 | P33: ='R2'!P39 | Q33: ='R2'!Q39 | R33: ='R2'!R39 | S33: ='R2'!S39 | T33: ='R2'!T39 | U33: ='R2'!U39 | V33: ='R2'!V39
B34: ='R2'!B40 | C34: ='R2'!C40 | D34: ='R2'!D40 | E34: ='R2'!E40 | F34: ='R2'!F40 | G34: ='R2'!G40 | H34: ='R2'!H40 | I34: ='R2'!I40 | ... M34: ='R2'!M40 | O34: ='R2'!O40 -> 0.034165004 | P34: ='R2'!P40 | Q34: ='R2'!Q40 | R34: ='R2'!R40 | S34: ='R2'!S40 | T34: ='R2'!T40 | U34: ='R2'!U40 | V34: ='R2'!V40
B35: ='R2'!B41 | C35: ='R2'!C41 | D35: ='R2'!D41 | E35: ='R2'!E41 | F35: ='R2'!F41 | G35: ='R2'!G41 | H35: ='R2'!H41 | I35: ='R2'!I41 | ... M35: ='R2'!M41 | O35: ='R2'!O41 -> 0.021324251 | P35: ='R2'!P41 | Q35: ='R2'!Q41 | R35: ='R2'!R41 | S35: ='R2'!S41 | T35: ='R2'!T41 | U35: ='R2'!U41 | V35: ='R2'!V41
... B37: ='R2'!B43 | C37: ='R2'!C43 | D37: ='R2'!D43 | E37: ='R2'!E43 | F37: ='R2'!F43 | G37: ='R2'!G43 | H37: ='R2'!H43 | I37: ='R2'!I43 | ... M37: ='R2'!M43 | O37: ='R2'!O43 -> 8.4190615 | P37: ='R2'!P43 | Q37: ='R2'!Q43 | R37: ='R2'!R43 | S37: ='R2'!S43 | T37: ='R2'!T43 | U37: ='R2'!U43 | V37: ='R2'!V43
A38: Rep3 | B38: ='R3'!B28 -> 0.067698298 | C38: ='R3'!C28 -> 0.19480626 | D38: ='R3'!D28 -> 1.2095177 | E38: ='R3'!E28 -> 3.269888 | F38: ='R3'!F28 -> 9.7974997 | G38: ='R3'!G28 -> 12.735978 | H38: ='R3'!H28 -> 14.057022 | I38: ='R3'!I28 -> 0.27146593 | ... M38: ='R3'!M28 -> 5.4729027 | O38: ='R3'!O28 -> 0.76818197 | P38: ='R3'!P28 -> 8.0323655 | Q38: ='R3'!Q28 -> 0.2469385 | R38: ='R3'!R28 -> 1.2107476 | S38: ='R3'!S28 -> 0.55294254 | T38: ='R3'!T28 -> 3.9593723 | U38: ='R3'!U28 -> 0.97700712 | V38: ='R3'!V28 -> 9.2141077
A39: Données normalisées sur la moyenne du groupe "Testo" | B39: ='R3'!B29 -> 0.3394195 | C39: ='R3'!C29 -> 0.0042352865 | D39: ='R3'!D29 -> 0.16821689 | E39: ='R3'!E29 -> 1.605144 | F39: ='R3'!F29 -> 18.064036 | G39: ='R3'!G29 -> 9.6730517 | H39: ='R3'!H29 -> 12.619398 | I39: ='R3'!I29 -> 0.40450583 | ... M39: ='R3'!M29 -> 2.6352551 | O39: ='R3'!O29 -> 1.0242257 | P39: ='R3'!P29 -> 3.9268384 | Q39: ='R3'!Q29 -> 0.31592304 | R39: ='R3'!R29 -> 0.076772502 | S39: ='R3'!S29 -> 1.4932199 | T39: ='R3'!T29 -> 7.541185 | U39: ='R3'!U29 -> 10.544869 | V39: ='R3'!V29 -> 10.2042
B40: ='R3'!B30 -> 0.55849932 | C40: ='R3'!C30 -> 0.24709082 | D40: ='R3'!D30 -> 0.22654622 | E40: ='R3'!E30 -> 2.2722503 | F40: ='R3'!F30 -> 6.0171067 | G40: ='R3'!G30 -> 16.011985 | H40: ='R3'!H30 -> 25.640523 | I40: ='R3'!I30 -> 0.018498175 | ... M40: ='R3'!M30 -> 7.8903868 | O40: ='R3'!O30 -> 3.4139103 | P40: ='R3'!P30 -> 5.1284228 | Q40: ='R3'!Q30 -> 0.074302975 | R40: ='R3'!R30 -> 6.3576277 | S40: ='R3'!S30 -> 1.2172789 | T40: ='R3'!T30 -> 3.7647424 | U40: ='R3'!U30 -> 5.6028158 | V40: ='R3'!V30 -> 6.8218506
B41: ='R3'!B31 -> 0.20298489 | C41: ='R3'!C31 -> 0.34517092 | D41: ='R3'!D31 -> 0.30219891 | E41: ='R3'!E31 -> 3.2881507 | F41: ='R3'!F31 -> 8.7791862 | G41: ='R3'!G31 -> 18.880795 | H41: ='R3'!H31 -> 22.631122 | I41: ='R3'!I31 -> 0.16471922 | ... M41: ='R3'!M31 -> 6.145436 | O41: ='R3'!O31 -> 0.40898369 | P41: ='R3'!P31 -> 13.851124 | Q41: ='R3'!Q31 -> 0.18320893 | R41: ='R3'!R31 -> 0.3832081 | S41: ='R3'!S31 -> 0.16870911 | T41: ='R3'!T31 -> 1.4366492 | U41: ='R3'!U31 -> 5.0737421 | V41: ='R3'!V31 -> 12.054345
B42: ='R3'!B32 -> 0.41415545 | C42: ='R3'!C32 -> 0.59959697 | D42: ='R3'!D32 -> 0.30539617 | E42: ='R3'!E32 -> 7.8585029 | F42: ='R3'!F32 -> 8.2255583 | G42: ='R3'!G32 -> 13.44096 | H42: ='R3'!H32 -> 26.359421 | I42: ='R3'!I32 -> 0.6801464 | ... M42: ='R3'!M32 -> 6.8403953 | O42: ='R3'!O32 -> 3.4430313 | P42: ='R3'!P32 -> 11.30318 | Q42: ='R3'!Q32 -> 0.65845378 | R42: ='R3'!R32 -> 1.7850315 | S42: ='R3'!S32 -> 0.55876306 | T42: ='R3'!T32 -> 5.3020781 | U42: ='R3'!U32 -> 2.9403565 | V42: ='R3'!V32 -> 1.9237453
B43: ='R3'!B33 -> 0.0058825775 | C43: ='R3'!C33 -> 1.8897262 | D43: ='R3'!D33 -> 0.5176922 | E43: ='R3'!E33 -> 2.2225283 | F43: ='R3'!F33 -> 12.4244 | G43: ='R3'!G33 -> 7.5578554 | H43: ='R3'!H33 -> 12.596026 | I43: ='R3'!I33 -> 0.072226938 | ... M43: ='R3'!M33 -> 4.429664 | O43: ='R3'!O33 -> 0.29607516 | P43: ='R3'!P33 -> 6.6986663 | Q43: ='R3'!Q33 -> 0.026046377 | R43: ='R3'!R33 -> 1.2497184 | S43: ='R3'!S33 -> 1.6234038 | T43: ='R3'!T33 -> 7.3638037 | U43: ='R3'!U33 -> 0.53347404 | V43: ='R3'!V33 -> 2.7260831
B44: ='R3'!B34 -> 0.15326575 | C44: ='R3'!C34 -> 0.26317588 | D44: ='R3'!D34 -> 0.65827043 | E44: ='R3'!E34 -> 5.9176078 | F44: ='R3'!F34 -> 6.1622079 | G44: ='R3'!G34 -> 10.766069 | H44: ='R3'!H34 -> 18.190585 | I44: ='R3'!I34 -> 0.19323371 | ... M44: ='R3'!M34 -> 0.3438339 | O44: ='R3'!O34 -> 0.41325988 | P44: ='R3'!P34 -> 14.22336 | Q44: ='R3'!Q34 -> 0.48839355 | R44: ='R3'!R34 -> 1.4410171 | S44: ='R3'!S34 -> 3.7765033 | T44: ='R3'!T34 -> 0.13761085 | U44: ='R3'!U34 -> 8.701064 | V44: ='R3'!V34 -> 0.20595509
B45: ='R3'!B35 -> 0.29742628 | C45: ='R3'!C35 -> 0.37686152 | D45: ='R3'!D35 -> 0.16093666 | E45: ='R3'!E35 | F45: ='R3'!F35 -> 8.7017029 | G45: ='R3'!G35 -> 11.950245 | H45: ='R3'!H35 -> 12.799961 | I45: ='R3'!I35 -> 0.36480583 | ... M45: ='R3'!M35 | O45: ='R3'!O35 -> 0.77951274 | P45: ='R3'!P35 -> 8.0918485 | Q45: ='R3'!Q35 | R45: ='R3'!R35 -> 1.4181172 | S45: ='R3'!S35 -> 1.1542714 | T45: ='R3'!T35 -> 2.6817713 | U45: ='R3'!U35 -> 6.6365614 | V45: ='R3'!V35 -> 16.608093
B46: ='R3'!B36 | C46: ='R3'!C36 | D46: ='R3'!D36 | E46: ='R3'!E36 | F46: ='R3'!F36 | G46: ='R3'!G36 | H46: ='R3'!H36 | I46: ='R3'!I36 | ... M46: ='R3'!M36 | O46: ='R3'!O36 -> 0.46972755 | P46: ='R3'!P36 | Q46: ='R3'!Q36 | R46: ='R3'!R36 | S46: ='R3'!S36 | T46: ='R3'!T36 | U46: ='R3'!U36 | V46: ='R3'!V36
B47: ='R3'!B37 | C47: ='R3'!C37 | D47: ='R3'!D37 | E47: ='R3'!E37 | F47: ='R3'!F37 | G47: ='R3'!G37 | H47: ='R3'!H37 | I47: ='R3'!I37 | ... M47: ='R3'!M37 | O47: ='R3'!O37 -> 0.15600325 | P47: ='R3'!P37 | Q47: ='R3'!Q37 | R47: ='R3'!R37 | S47: ='R3'!S37 | T47: ='R3'!T37 | U47: ='R3'!U37 | V47: ='R3'!V37
B48: ='R3'!B38 | C48: ='R3'!C38 | D48: ='R3'!D38 | E48: ='R3'!E38 | F48: ='R3'!F38 | G48: ='R3'!G38 | H48: ='R3'!H38 | I48: ='R3'!I38 | ... M48: ='R3'!M38 | O48: ='R3'!O38 -> 3.9745915 | P48: ='R3'!P38 | Q48: ='R3'!Q38 | R48: ='R3'!R38 | S48: ='R3'!S38 | T48: ='R3'!T38 | U48: ='R3'!U38 | V48: ='R3'!V38
B49: ='R3'!B39 | C49: ='R3'!C39 | D49: ='R3'!D39 | E49: ='R3'!E39 | F49: ='R3'!F39 | G49: ='R3'!G39 | H49: ='R3'!H39 | I49: ='R3'!I39 | ... M49: ='R3'!M39 | O49: ='R3'!O39 -> 0.48922989 | P49: ='R3'!P39 | Q49: ='R3'!Q39 | R49: ='R3'!R39 | S49: ='R3'!S39 | T49: ='R3'!T39 | U49: ='R3'!U39 | V49: ='R3'!V39
B50: ='R3'!B40 | C50: ='R3'!C40 | D50: ='R3'!D40 | E50: ='R3'!E40 | F50: ='R3'!F40 | G50: ='R3'!G40 | H50: ='R3'!H40 | I50: ='R3'!I40 | ... M50: ='R3'!M40 | O50: ='R3'!O40 -> 0.19769889 | P50: ='R3'!P40 | Q50: ='R3'!Q40 | R50: ='R3'!R40 | S50: ='R3'!S40 | T50: ='R3'!T40 | U50: ='R3'!U40 | V50: ='R3'!V40
B51: ='R3'!B41 | C51: ='R3'!C41 | D51: ='R3'!D41 | E51: ='R3'!E41 | F51: ='R3'!F41 | G51: ='R3'!G41 | H51: ='R3'!H41 | I51: ='R3'!I41 | ... M51: ='R3'!M41 | O51: ='R3'!O41 -> 0.063546222 | P51: ='R3'!P41 | Q51: ='R3'!Q41 | R51: ='R3'!R41 | S51: ='R3'!S41 | T51: ='R3'!T41 | U51: ='R3'!U41 | V51: ='R3'!V41
... B53: ='R3'!B43 | C53: ='R3'!C43 | D53: ='R3'!D43 | E53: ='R3'!E43 | F53: ='R3'!F43 | G53: ='R3'!G43 | H53: ='R3'!H43 | I53: ='R3'!I43 | ... M53: ='R3'!M43 | O53: ='R3'!O43 -> 0.041042648 | P53: ='R3'!P43 | Q53: ='R3'!Q43 | R53: ='R3'!R43 | S53: ='R3'!S43 | T53: ='R3'!T43 | U53: ='R3'!U43 | V53: ='R3'!V43
A55: Nom des groupes | B55: =B4 -> Témoin solvant | C55: =C4 -> EE2-33.8ng/L | D55: =D4 -> EE2-50.6ng/L | E55: =E4 -> EE2-76ng/L | F55: =F4 -> EE2-114ng/L | G55: =G4 -> EE2-170.9ng/L | H55: =H4 -> EE2-488ng/L | I55: =I4 -> BPA-1mg/L | ... M55: =M4 -> BPA-5mg/L | O55: =O4 -> Testo -30µg/L | P55: =P4 -> Testo 30µg/L + EE2 -64ng/L | Q55: =Q4 -> Testo 30µg/L + FAD-10µg/L | R55: =R4 -> BPA-1mg/L + Testostérone | S55: =S4 -> BPA-2mg/L + Testostérone | T55: =T4 -> BPA-3mg/L + Testostérone | U55: =U4 -> BPA-4mg/L + Testostérone | V55: =V4 -> BPA-5mg/L + Testostérone
A56: Moy. | B56: =AVERAGE(B6:B53) -> 0.14667052 | C56: =AVERAGE(C6:C53) -> 0.21741474 | D56: =AVERAGE(D6:D53) -> 0.28416275 | E56: =AVERAGE(E6:E53) -> 2.2830705 | F56: =AVERAGE(F6:F53) -> 5.6800603 | G56: =AVERAGE(G6:G53) -> 7.7324898 | H56: =AVERAGE(H6:H53) -> 13.855051 | I56: =AVERAGE(I6:I53) -> 0.17038651 | ... M56: =AVERAGE(M6:M53) -> 3.0088565 | O56: =AVERAGE(O6:O53) -> 1 | P56: =AVERAGE(P6:P53) -> 7.9422768 | Q56: =AVERAGE(Q6:Q53) -> 0.1922022 | R56: =AVERAGE(R6:R53) -> 1.5623907 | S56: =AVERAGE(S6:S53) -> 1.8388426 | T56: =AVERAGE(T6:T53) -> 3.5786243 | U56: =AVERAGE(U6:U53) -> 5.5350544 | V56: =AVERAGE(V6:V53) -> 5.7769042
A57: SD | B57: =STDEV(B6:B53) -> 0.16087566 | C57: =STDEV(C6:C53) -> 0.39650041 | D57: =STDEV(D6:D53) -> 0.44062635 | E57: =STDEV(E6:E53) -> 2.1321814 | F57: =STDEV(F6:F53) -> 4.6263214 | G57: =STDEV(G6:G53) -> 4.8549167 | H57: =STDEV(H6:H53) -> 6.8138785 | I57: =STDEV(I6:I53) -> 0.1876136 | ... M57: =STDEV(M6:M53) -> 2.997146 | O57: =STDEV(O6:O53) -> 1.5812932 | P57: =STDEV(P6:P53) -> 3.084554 | Q57: =STDEV(Q6:Q53) -> 0.20962903 | R57: =STDEV(R6:R53) -> 1.9801172 | S57: =STDEV(S6:S53) -> 1.5305177 | T57: =STDEV(T6:T53) -> 2.0155579 | U57: =STDEV(U6:U53) -> 3.1780404 | V57: =STDEV(V6:V53) -> 3.870361
A58: SEM | B58: =B57/SQRT(COUNT(B6:B53)) -> 0.033544895 | C58: =C57/SQRT(COUNT(C6:C53)) -> 0.080935306 | D58: =D57/SQRT(COUNT(D6:D53)) -> 0.091876945 | E58: =E57/SQRT(COUNT(E6:E53)) -> 0.4545826 | F58: =F57/SQRT(COUNT(F6:F53)) -> 0.9646547 | G58: =G57/SQRT(COUNT(G6:G53)) -> 1.0123201 | H58: =H57/SQRT(COUNT(H6:H53)) -> 1.4527238 | I58: =I57/SQRT(COUNT(I6:I53)) -> 0.038296466 | ... M58: =M57/SQRT(COUNT(M6:M53)) -> 0.63899366 | O58: =O57/SQRT(COUNT(O6:O53)) -> 0.23065531 | P58: =P57/SQRT(COUNT(P6:P53)) -> 0.64317397 | Q58: =Q57/SQRT(COUNT(Q6:Q53)) -> 0.043710675 | R58: =R57/SQRT(COUNT(R6:R53)) -> 0.40418974 | S58: =S57/SQRT(COUNT(S6:S53)) -> 0.31241562 | T58: =T57/SQRT(COUNT(T6:T53)) -> 0.41142403 | U58: =U57/SQRT(COUNT(U6:U53)) -> 0.64871477 | V58: =V57/SQRT(COUNT(V6:V53)) -> 0.80702605
A60: 9. Expérimentateur 2 : vérifier que le nombre de valeurs est > ou égale à 14. Vérifier que le nombre de valeurs est > ou égale à 27 pour le groupe "Testo".
A62: Nom des groupes | B62: =B4 -> Témoin solvant | C62: =C4 -> EE2-33.8ng/L | D62: =D4 -> EE2-50.6ng/L | E62: =E4 -> EE2-76ng/L | F62: =F4 -> EE2-114ng/L | G62: =G4 -> EE2-170.9ng/L | H62: =H4 -> EE2-488ng/L | I62: =I4 -> BPA-1mg/L | ... M62: =M4 -> BPA-5mg/L | O62: =O4 -> Testo -30µg/L | P62: =P4 -> Testo 30µg/L + EE2 -64ng/L | Q62: =Q4 -> Testo 30µg/L + FAD-10µg/L | R62: =R4 -> BPA-1mg/L + Testostérone | S62: =S4 -> BPA-2mg/L + Testostérone | T62: =T4 -> BPA-3mg/L + Testostérone | U62: =U4 -> BPA-4mg/L + Testostérone | V62: =V4 -> BPA-5mg/L + Testostérone
A63: Nbre de valeurs | B63: =COUNT(B6:B53) -> 23 | C63: =COUNT(C6:C53) -> 24 | D63: =COUNT(D6:D53) -> 23 | E63: =COUNT(E6:E53) -> 22 | F63: =COUNT(F6:F53) -> 23 | G63: =COUNT(G6:G53) -> 23 | H63: =COUNT(H6:H53) -> 22 | I63: =COUNT(I6:I53) -> 24 | ... M63: =COUNT(M6:M53) -> 22 | O63: =COUNT(O6:O53) -> 47 | P63: =COUNT(P6:P53) -> 23 | Q63: =COUNT(Q6:Q53) -> 23 | R63: =COUNT(R6:R53) -> 24 | S63: =COUNT(S6:S53) -> 24 | T63: =COUNT(T6:T53) -> 24 | U63: =COUNT(U6:U53) -> 24 | V63: =COUNT(V6:V53) -> 23
B64: =IF(B63>=21,"OK","ATTENTION") -> OK | C64: =IF(C63>=21,"OK","ATTENTION") -> OK | D64: =IF(D63>=21,"OK","ATTENTION") -> OK | E64: =IF(E63>=21,"OK","ATTENTION") -> OK | F64: =IF(F63>=21,"OK","ATTENTION") -> OK | G64: =IF(G63>=21,"OK","ATTENTION") -> OK | H64: =IF(H63>=21,"OK","ATTENTION") -> OK | I64: =IF(I63>=21,"OK","ATTENTION") -> OK | ... M64: =IF(M63>=21,"OK","ATTENTION") -> OK | O64: =IF(O63>=41,"OK","ATTENTION") -> OK | P64: =IF(P63>=21,"OK","ATTENTION") -> OK | Q64: =IF(Q63>=21,"OK","ATTENTION") -> OK | R64: =IF(R63>=21,"OK","ATTENTION") -> OK | S64: =IF(S63>=21,"OK","ATTENTION") -> OK | T64: =IF(T63>=21,"OK","ATTENTION") -> OK | U64: =IF(U63>=21,"OK","ATTENTION") -> OK | V64: =IF(V63>=21,"OK","ATTENTION") -> OK
A65: 10. Expérimentateur 2 : vérifier que le calcul des ratio s'affiche en vert.
B66: Ratio à atteindre
A67: Evian/EE2 488 ng /L >= | B67: 3.5
A68: Evian/Testo + EE2 64 ng/L >= | B68: 2
A69: Evian/ Testo + FAD <= | B69: 0.5
A70: 11. Expérimentateur 2 : vérifier les valeurs des écarts type. En cas de valeur abbéantes ou incohérent, consulter le référent test.
A72: 12. Expérimentateur 2 : réaliser les tests statistiques avec les données du pool et renseigner les résultats ainsi que le test statistique utilisé dans le tableau violet.
J73: 1 | K73: 2 | L73: 3 | M73: 4 | R73: 1 | S73: 2 | T73: 3 | U73: 4 | V73: 5
A74: Noms des groupes | B74: =B4 -> Témoin solvant | C74: =C4 -> EE2-33.8ng/L | D74: =D4 -> EE2-50.6ng/L | E74: =E4 -> EE2-76ng/L | F74: =F4 -> EE2-114ng/L | G74: =G4 -> EE2-170.9ng/L | H74: =H4 -> EE2-488ng/L | I74: =I4 -> BPA-1mg/L | ... M74: =M4 -> BPA-5mg/L | O74: =O4 -> Testo -30µg/L | P74: =P4 -> Testo 30µg/L + EE2 -64ng/L | Q74: =Q4 -> Testo 30µg/L + FAD-10µg/L | R74: =R4 -> BPA-1mg/L + Testostérone | S74: =S4 -> BPA-2mg/L + Testostérone | T74: =T4 -> BPA-3mg/L + Testostérone | U74: =U4 -> BPA-4mg/L + Testostérone | V74: =V4 -> BPA-5mg/L + Testostérone
A75: Mean | B75: =B56 -> 0.14667052 | C75: =C56 -> 0.21741474 | D75: =D56 -> 0.28416275 | E75: =E56 -> 2.2830705 | F75: =F56 -> 5.6800603 | G75: =G56 -> 7.7324898 | H75: =H56 -> 13.855051 | I75: =I56 -> 0.17038651 | ... M75: =M56 -> 3.0088565 | O75: =O56 -> 1 | P75: =P56 -> 7.9422768 | Q75: =Q56 -> 0.1922022 | R75: =R56 -> 1.5623907 | S75: =S56 -> 1.8388426 | T75: =T56 -> 3.5786243 | U75: =U56 -> 5.5350544 | V75: =V56 -> 5.7769042
A76: SEM | B76: =B58 -> 0.033544895 | C76: =C58 -> 0.080935306 | D76: =D58 -> 0.091876945 | E76: =E58 -> 0.4545826 | F76: =F58 -> 0.9646547 | G76: =G58 -> 1.0123201 | H76: =H58 -> 1.4527238 | I76: =I58 -> 0.038296466 | ... M76: =M58 -> 0.63899366 | O76: =O58 -> 0.23065531 | P76: =P58 -> 0.64317397 | Q76: =Q58 -> 0.043710675 | R76: =R58 -> 0.40418974 | S76: =S58 -> 0.31241562 | T76: =T58 -> 0.41142403 | U76: =U58 -> 0.64871477 | V76: =V58 -> 0.80702605
A77: % induction | B77: =(B75*100/$B$75)-100 -> 0 | C77: =(C75*100/$B$75)-100 -> 48.233432 | D77: =(D75*100/$B$75)-100 -> 93.742241 | E77: =(E75*100/$B$75)-100 -> 1456.5981 | F77: =(F75*100/$B$75)-100 -> 3772.6666 | G77: =(G75*100/$B$75)-100 -> 5172.0136 | H77: =(H75*100/$B$75)-100 -> 9346.3774 | I77: =(I75*100/$B$75)-100 -> 16.169567 | ... M77: =(M75*100/$B$75)-100 -> 1951.4392 | O77: =(O75*100/$O$75)-100 -> 0 | P77: =(P75*100/$O$75)-100 -> 694.22768 | Q77: =(Q75*100/$O$75)-100 -> -80.77978 | R77: =(R75*100/$O$75)-100 -> 56.239066 | S77: =(S75*100/$O$75)-100 -> 83.884258 | T77: =(T75*100/$O$75)-100 -> 257.86243 | U77: =(U75*100/$O$75)-100 -> 453.50544 | V77: =(V75*100/$O$75)-100 -> 477.69042
A78: Test de normalité : valeur du p | B78: =[1]!DPTEST(B6:B53) -> #NAME? | C78: =[1]!DPTEST(C6:C53) -> #NAME? | D78: =[1]!DPTEST(D6:D53) -> #NAME? | E78: =[1]!DPTEST(E6:E53) -> #NAME? | F78: =[1]!DPTEST(F6:F53) -> #NAME? | G78: =[1]!DPTEST(G6:G53) -> #NAME? | H78: =[1]!DPTEST(H6:H53) -> #NAME? | I78: =[1]!DPTEST(I6:I53) -> #NAME? | ... M78: =[1]!DPTEST(M6:M53) -> #NAME? | O78: =[1]!DPTEST(O6:O53) -> #NAME? | P78: =[1]!DPTEST(P6:P53) -> #NAME? | Q78: =[1]!DPTEST(Q6:Q53) -> #NAME? | R78: =[1]!DPTEST(R6:R53) -> #NAME? | S78: =[1]!DPTEST(S6:S53) -> #NAME? | T78: =[1]!DPTEST(T6:T53) -> #NAME? | U78: =[1]!DPTEST(U6:U53) -> #NAME? | V78: =[1]!DPTEST(V6:V53) -> #NAME?
A79: Test de normalité : résultat normal? | B79: =IF(B78>0.05,"Oui","Non") -> #NAME? | C79: =IF(C78>0.05,"Oui","Non") -> #NAME? | D79: =IF(D78>0.05,"Oui","Non") -> #NAME? | E79: =IF(E78>0.05,"Oui","Non") -> #NAME? | F79: =IF(F78>0.05,"Oui","Non") -> #NAME? | G79: =IF(G78>0.05,"Oui","Non") -> #NAME? | H79: =IF(H78>0.05,"Oui","Non") -> #NAME? | I79: =IF(I78>0.05,"Oui","Non") -> #NAME? | ... M79: =IF(M78>0.05,"Oui","Non") -> #NAME? | O79: =IF(O78>0.05,"Oui","Non") -> #NAME? | P79: =IF(P78>0.05,"Oui","Non") -> #NAME? | Q79: =IF(Q78>0.05,"Oui","Non") -> #NAME? | R79: =IF(R78>0.05,"Oui","Non") -> #NAME? | S79: =IF(S78>0.05,"Oui","Non") -> #NAME? | T79: =IF(T78>0.05,"Oui","Non") -> #NAME? | U79: =IF(U78>0.05,"Oui","Non") -> #NAME? | V79: =IF(V78>0.05,"Oui","Non") -> #NAME?
A80: Tous les groupes du gamme sont normale?
A81: Test statistique utilisé | C81: Kruskal-Wallis | D81: Kruskal-Wallis | E81: Kruskal-Wallis | F81: Kruskal-Wallis | G81: Kruskal-Wallis | H81: Kruskal-Wallis | I81: Kruskal-Wallis | J81: Kruskal-Wallis | K81: Kruskal-Wallis | L81: Kruskal-Wallis | M81: Kruskal-Wallis | O81: =IF($B79="Non",IF(O79="Non","Mann Withney",IF(O79="Oui","Mann Withney","")),IF($B79="Oui",IF(O79="Oui","T-Test Welch",IF(O79="Non","Mann Withney","")))) -> #NAME? | P81: =IF($O79="Non",IF(P79="Non","Mann Withney",IF(P$79="Oui","Mann Withney","")),IF($O79="Oui",IF(P79="Oui","T-Test Welch",IF(P79="Non","Mann Withney","")))) -> #NAME? | Q81: =IF($O79="Non",IF(Q79="Non","Mann Withney",IF(Q$79="Oui","Mann Withney","")),IF($O79="Oui",IF(Q79="Oui","T-Test Welch",IF(Q79="Non","Mann Withney","")))) -> #NAME? | R81: Kruskal-Wallis | S81: Kruskal-Wallis | T81: Kruskal-Wallis | U81: Kruskal-Wallis | V81: Kruskal-Wallis
A82: Test statistique : valeur du p | C82: >0,99 | D82: >0,99 | E82: 0.01 | F82: <0,001 | G82: <0,001 | H82: <0,001 | I82: >0,99 | J82: >0,99 | K82: >0,99 | L82: 0.02 | M82: <0,001 | O82: =IF(O81="Mann Withney",[1]!MTEST($B6:$B53,O6:O53,2), IF(O81="T-Test Welch",_xlfn.T.TEST($B6:$B53,O6:O53,2,3),"")) -> #NAME? | P82: =IF(P81="Mann Withney",[1]!MTEST($O6:$O53,P6:P53,2), IF(P81="T-Test Welch",_xlfn.T.TEST($O6:$O53,P6:P53,2,3),"")) -> #NAME? | Q82: =IF(Q81="Mann Withney",[1]!MTEST($O6:$O53,Q6:Q53,2), IF(Q81="T-Test Welch",_xlfn.T.TEST($O6:$O53,Q6:Q53,2,3),"")) -> #NAME? | R82: 0.73 | S82: 0.11 | T82: <0,001 | U82: <0,001 | V82: <0,001
A83: Annotation | C83: ns | D83: ns | E83: * | F83: *** | G83: *** | H83: *** | I83: ns | J83: ns | K83: ns | L83: * | M83: *** | O83: =IF(O82>0.05,"NS",IF(O82>0.01,"*",IF(O82>0.001,"**","***"))) -> #NAME? | P83: =IF(P82>0.05,"NS",IF(P82>0.01,"*",IF(P82>0.001,"**","***"))) -> #NAME? | Q83: =IF(Q82>0.05,"NS",IF(Q82>0.01,"*",IF(Q82>0.001,"**","***"))) -> #NAME? | R83: ns | S83: ns | T83: *** | U83: *** | V83: ***
A85: Eléments pour la mise en forme conditionnelles des résutats - calcul équivalent hormonal (eqH)
A86: LOD | B86: =B56+(3*B57) -> 0.62929751
A87: LOQ | B87: =B56+(10*B57) -> 1.7554271
A89: 13. Expérimentateur 2 : masquer les colonnes de la feuille R1 et R2 correspondant au groupe des échantilons n'ayant été lu que sur le réplica 1.
A91: 14. Expérimentateur 2 : vérifier la cohérence des deux réplicas et des réplicas avec le pool à l'aide des graphiques "Graph". En cas de divergences consulter le référent test.
A93: 15. Expérimentateur 2 : réaliser le calcul de l'équivalent hormonal (eqh) à l'aide du logiciel et PRISM. Seules les moyennes des témoins, des échantillons non dopées apparraissant en vert et les moyennes des échantillons dopées étant statiquement différentes des témoins (*, **, ***) pourrons être calculées en eqh. Se reporter à l'onglet "summary results".
B94: =B75/$B$75 -> 1 | C94: =C75/$B$75 -> 1.4823343 | D94: =D75/$B$75 -> 1.9374224 | E94: =E75/$B$75 -> 15.565981 | F94: =F75/$B$75 -> 38.726666 | G94: =G75/$B$75 -> 52.720136 | H94: =H75/$B$75 -> 94.463774 | I94: =I75/$B$75 -> 1.1616957 | ... V94: =V75/$B$75 -> 39.386948

Sheet summary results
A1: 16. Expérimentateur 2 : copier et coller les résultats obtenus dans prisme selon l'ordre défini.
A2: 17. Expérimentateur 2:
B5: ng/L EE2 | C5: upper limit | D5: lower limit | E5: Valeur fluo extrapolée | F5: Résultat stat si NS | G5: EqH - testo | H5: Dilution | I5: EqH Extrapolation à 100% | J5: Valeur du seuil de référence | K5: % atteinte du seuil | L5: Numéro ligne | M5: Valeur échelle | N5: Etiquette
A6: EE2 64ng/L | B6: 64 | G6: =IF(F6="NS","NC",ROUND(B6,2-(1+INT(LOG10(ABS(B6)))))) -> 64
A7: ='Page de garde'!A15 -> BPA-1mg/L | F7: =HLOOKUP(A7,'pooled normalised values'!$B$74:$V$83,10,FALSE) -> ns | G7: =IF(F7="NS","NC",ROUND(B7,2-(1+INT(LOG10(ABS(B7)))))) -> NC | H7: =IF(VLOOKUP(A7,liste_groupe[],4,FALSE)="%",VLOOKUP(A7,liste_groupe[],3,FALSE)/100,IF(ISBLANK(VLOOKUP(A7,liste_groupe[],4,FALSE)),"Non","Non")) -> Non | I7: =IF(F7="NS","NC",IF(H7="Non",G7,G7*(1/H7))) -> NC | J7: 64 | K7: =IF(F7="NS",0,ROUND(I7/J7*100,0)) -> 0 | L7: 1 | M7: =IF(K7>100,125,K7) -> 0 | N7: =IF(H7="Non",CONCATENATE(VLOOKUP(A7,liste_groupe[],5,FALSE),"-",VLOOKUP(A7,liste_groupe[],3,FALSE),VLOOKUP(A7,liste_groupe[],4,FALSE)," : ",ROUND(K7,0),"%"),CONCATENATE(VLOOKUP(A7,liste_groupe[],5,FALSE)," : ",ROUND(K7,0),"%")) -> BPA-1mg/L : 0%
A8: ='Page de garde'!A16 -> BPA-2mg/L | F8: =HLOOKUP(A8,'pooled normalised values'!$B$74:$V$83,10,FALSE) -> ns | G8: =IF(F8="NS","NC",ROUND(B8,2-(1+INT(LOG10(ABS(B8)))))) -> NC | H8: =IF(VLOOKUP(A8,liste_groupe[],4,FALSE)="%",VLOOKUP(A8,liste_groupe[],3,FALSE)/100,IF(ISBLANK(VLOOKUP(A8,liste_groupe[],4,FALSE)),"Non","Non")) -> Non | I8: =IF(F8="NS","NC",IF(H8="Non",G8,G8*(1/H8))) -> NC | J8: 64 | K8: =IF(F8="NS",0,ROUND(I8/J8*100,0)) -> 0 | M8: =IF(K8>100,125,K8) -> 0 | N8: =IF(H8="Non",CONCATENATE(VLOOKUP(A8,liste_groupe[],5,FALSE),"-",VLOOKUP(A8,liste_groupe[],3,FALSE),VLOOKUP(A8,liste_groupe[],4,FALSE)," : ",ROUND(K8,0),"%"),CONCATENATE(VLOOKUP(A8,liste_groupe[],5,FALSE)," : ",ROUND(K8,0),"%")) -> BPA-2mg/L : 0%
A9: ='Page de garde'!A17 -> BPA-3mg/L | F9: =HLOOKUP(A9,'pooled normalised values'!$B$74:$V$83,10,FALSE) -> ns | G9: =IF(F9="NS","NC",ROUND(B9,2-(1+INT(LOG10(ABS(B9)))))) -> NC | H9: =IF(VLOOKUP(A9,liste_groupe[],4,FALSE)="%",VLOOKUP(A9,liste_groupe[],3,FALSE)/100,IF(ISBLANK(VLOOKUP(A9,liste_groupe[],4,FALSE)),"Non","Non")) -> Non | I9: =IF(F9="NS","NC",IF(H9="Non",G9,G9*(1/H9))) -> NC | J9: 64 | K9: =IF(F9="NS",0,ROUND(I9/J9*100,0)) -> 0 | M9: =IF(K9>100,125,K9) -> 0 | N9: =IF(H9="Non",CONCATENATE(VLOOKUP(A9,liste_groupe[],5,FALSE),"-",VLOOKUP(A9,liste_groupe[],3,FALSE),VLOOKUP(A9,liste_groupe[],4,FALSE)," : ",ROUND(K9,0),"%"),CONCATENATE(VLOOKUP(A9,liste_groupe[],5,FALSE)," : ",ROUND(K9,0),"%")) -> BPA-3mg/L : 0%
A10: ='Page de garde'!A18 -> BPA-4mg/L | F10: =HLOOKUP(A10,'pooled normalised values'!$B$74:$V$83,10,FALSE) -> * | G10: =IF(F10="NS","NC",ROUND(B10,2-(1+INT(LOG10(ABS(B10)))))) -> #NUM! | H10: =IF(VLOOKUP(A10,liste_groupe[],4,FALSE)="%",VLOOKUP(A10,liste_groupe[],3,FALSE)/100,IF(ISBLANK(VLOOKUP(A10,liste_groupe[],4,FALSE)),"Non","Non")) -> Non | I10: =IF(F10="NS","NC",IF(H10="Non",G10,G10*(1/H10))) -> #NUM! | J10: 64 | K10: =IF(F10="NS",0,ROUND(I10/J10*100,0)) -> #NUM! | M10: =IF(K10>100,125,K10) -> #NUM! | N10: =IF(H10="Non",CONCATENATE(VLOOKUP(A10,liste_groupe[],5,FALSE),"-",VLOOKUP(A10,liste_groupe[],3,FALSE),VLOOKUP(A10,liste_groupe[],4,FALSE)," : ",ROUND(K10,0),"%"),CONCATENATE(VLOOKUP(A10,liste_groupe[],5,FALSE)," : ",ROUND(K10,0),"%")) -> #NUM!
A11: ='Page de garde'!A19 -> BPA-5mg/L | F11: =HLOOKUP(A11,'pooled normalised values'!$B$74:$V$83,10,FALSE) -> *** | G11: =IF(F11="NS","NC",ROUND(B11,2-(1+INT(LOG10(ABS(B11)))))) -> #NUM! | H11: =IF(VLOOKUP(A11,liste_groupe[],4,FALSE)="%",VLOOKUP(A11,liste_groupe[],3,FALSE)/100,IF(ISBLANK(VLOOKUP(A11,liste_groupe[],4,FALSE)),"Non","Non")) -> Non | I11: =IF(F11="NS","NC",IF(H11="Non",G11,G11*(1/H11))) -> #NUM! | J11: 64 | K11: =IF(F11="NS",0,ROUND(I11/J11*100,0)) -> #NUM! | M11: =IF(K11>100,125,K11) -> #NUM! | N11: =IF(H11="Non",CONCATENATE(VLOOKUP(A11,liste_groupe[],5,FALSE),"-",VLOOKUP(A11,liste_groupe[],3,FALSE),VLOOKUP(A11,liste_groupe[],4,FALSE)," : ",ROUND(K11,0),"%"),CONCATENATE(VLOOKUP(A11,liste_groupe[],5,FALSE)," : ",ROUND(K11,0),"%")) -> #NUM!
A12: ='Page de garde'!A20 | F12: =HLOOKUP(A12,'pooled normalised values'!$B$74:$V$83,10,FALSE) -> #N/A | G12: =IF(F12="NS","NC",ROUND(B12,2-(1+INT(LOG10(ABS(B12)))))) -> #N/A | H12: =IF(VLOOKUP(A12,liste_groupe[],4,FALSE)="%",VLOOKUP(A12,liste_groupe[],3,FALSE)/100,IF(ISBLANK(VLOOKUP(A12,liste_groupe[],4,FALSE)),"Non","Non")) -> Non | I12: =IF(F12="NS","NC",IF(H12="Non",G12,G12*(1/H12))) -> #N/A | J12: 64 | K12: =IF(F12="NS",0,ROUND(I12/J12*100,0)) -> #N/A | M12: =IF(K12>100,125,K12) -> #N/A | N12: =IF(H12="Non",CONCATENATE(VLOOKUP(A12,liste_groupe[],5,FALSE),"-",VLOOKUP(A12,liste_groupe[],3,FALSE),VLOOKUP(A12,liste_groupe[],4,FALSE)," : ",ROUND(K12,0),"%"),CONCATENATE(VLOOKUP(A12,liste_groupe[],5,FALSE)," : ",ROUND(K12,0),"%")) -> #N/A
A13: ='Page de garde'!A21 | F13: =HLOOKUP(A13,'pooled normalised values'!$B$74:$V$83,10,FALSE) -> #N/A | G13: =IF(F13="NS","NC",ROUND(B13,2-(1+INT(LOG10(ABS(B13)))))) -> #N/A | H13: =IF(VLOOKUP(A13,liste_groupe[],4,FALSE)="%",VLOOKUP(A13,liste_groupe[],3,FALSE)/100,IF(ISBLANK(VLOOKUP(A13,liste_groupe[],4,FALSE)),"Non","Non")) -> Non | I13: =IF(F13="NS","NC",IF(H13="Non",G13,G13*(1/H13))) -> #N/A | J13: 64 | K13: =IF(F13="NS",0,ROUND(I13/J13*100,0)) -> #N/A | M13: =IF(K13>100,125,K13) -> #N/A | N13: =IF(H13="Non",CONCATENATE(VLOOKUP(A13,liste_groupe[],5,FALSE),"-",VLOOKUP(A13,liste_groupe[],3,FALSE),VLOOKUP(A13,liste_groupe[],4,FALSE)," : ",ROUND(K13,0),"%"),CONCATENATE(VLOOKUP(A13,liste_groupe[],5,FALSE)," : ",ROUND(K13,0),"%")) -> #N/A
A14: ='Page de garde'!A22 | F14: =HLOOKUP(A14,'pooled normalised values'!$B$74:$V$83,10,FALSE) -> #N/A | G14: =IF(F14="NS","NC",ROUND(B14,2-(1+INT(LOG10(ABS(B14)))))) -> #N/A | H14: =IF(VLOOKUP(A14,liste_groupe[],4,FALSE)="%",VLOOKUP(A14,liste_groupe[],3,FALSE)/100,IF(ISBLANK(VLOOKUP(A14,liste_groupe[],4,FALSE)),"Non","Non")) -> Non | I14: =IF(F14="NS","NC",IF(H14="Non",G14,G14*(1/H14))) -> #N/A | J14: 64 | K14: =IF(F14="NS",0,ROUND(I14/J14*100,0)) -> #N/A | M14: =IF(K14>100,125,K14) -> #N/A | N14: =IF(H14="Non",CONCATENATE(VLOOKUP(A14,liste_groupe[],5,FALSE),"-",VLOOKUP(A14,liste_groupe[],3,FALSE),VLOOKUP(A14,liste_groupe[],4,FALSE)," : ",ROUND(K14,0),"%"),CONCATENATE(VLOOKUP(A14,liste_groupe[],5,FALSE)," : ",ROUND(K14,0),"%")) -> #N/A
A15: ='Page de garde'!A23 | F15: =HLOOKUP(A15,'pooled normalised values'!$B$74:$V$83,10,FALSE) -> #N/A | G15: =IF(F15="NS","NC",ROUND(B15,2-(1+INT(LOG10(ABS(B15)))))) -> #N/A | H15: =IF(VLOOKUP(A15,liste_groupe[],4,FALSE)="%",VLOOKUP(A15,liste_groupe[],3,FALSE)/100,IF(ISBLANK(VLOOKUP(A15,liste_groupe[],4,FALSE)),"Non","Non")) -> Non | I15: =IF(F15="NS","NC",IF(H15="Non",G15,G15*(1/H15))) -> #N/A | J15: 64 | K15: =IF(F15="NS",0,ROUND(I15/J15*100,0)) -> #N/A | M15: =IF(K15>100,125,K15) -> #N/A | N15: =IF(H15="Non",CONCATENATE(VLOOKUP(A15,liste_groupe[],5,FALSE),"-",VLOOKUP(A15,liste_groupe[],3,FALSE),VLOOKUP(A15,liste_groupe[],4,FALSE)," : ",ROUND(K15,0),"%"),CONCATENATE(VLOOKUP(A15,liste_groupe[],5,FALSE)," : ",ROUND(K15,0),"%")) -> #N/A
A16: ='Page de garde'!A24 | F16: =HLOOKUP(A16,'pooled normalised values'!$B$74:$V$83,10,FALSE) -> #N/A | G16: =IF(F16="NS","NC",ROUND(B16,2-(1+INT(LOG10(ABS(B16)))))) -> #N/A | H16: =IF(VLOOKUP(A16,liste_groupe[],4,FALSE)="%",VLOOKUP(A16,liste_groupe[],3,FALSE)/100,IF(ISBLANK(VLOOKUP(A16,liste_groupe[],4,FALSE)),"Non","Non")) -> Non | I16: =IF(F16="NS","NC",IF(H16="Non",G16,G16*(1/H16))) -> #N/A | J16: 64 | K16: =IF(F16="NS",0,ROUND(I16/J16*100,0)) -> #N/A | M16: =IF(K16>100,125,K16) -> #N/A | N16: =IF(H16="Non",CONCATENATE(VLOOKUP(A16,liste_groupe[],5,FALSE),"-",VLOOKUP(A16,liste_groupe[],3,FALSE),VLOOKUP(A16,liste_groupe[],4,FALSE)," : ",ROUND(K16,0),"%"),CONCATENATE(VLOOKUP(A16,liste_groupe[],5,FALSE)," : ",ROUND(K16,0),"%")) -> #N/A
A17: ='Page de garde'!A25 | F17: =HLOOKUP(A17,'pooled normalised values'!$B$74:$V$83,10,FALSE) -> #N/A | G17: =IF(F17="NS","NC",ROUND(B17,2-(1+INT(LOG10(ABS(B17)))))) -> #N/A | H17: =IF(VLOOKUP(A17,liste_groupe[],4,FALSE)="%",VLOOKUP(A17,liste_groupe[],3,FALSE)/100,IF(ISBLANK(VLOOKUP(A17,liste_groupe[],4,FALSE)),"Non","Non")) -> Non | I17: =IF(F17="NS","NC",IF(H17="Non",G17,G17*(1/H17))) -> #N/A | J17: 64 | K17: =IF(F17="NS",0,ROUND(I17/J17*100,0)) -> #N/A | M17: =IF(K17>100,125,K17) -> #N/A | N17: =IF(H17="Non",CONCATENATE(VLOOKUP(A17,liste_groupe[],5,FALSE),"-",VLOOKUP(A17,liste_groupe[],3,FALSE),VLOOKUP(A17,liste_groupe[],4,FALSE)," : ",ROUND(K17,0),"%"),CONCATENATE(VLOOKUP(A17,liste_groupe[],5,FALSE)," : ",ROUND(K17,0),"%")) -> #N/A
A18: ='Page de garde'!A26 | F18: =HLOOKUP(A18,'pooled normalised values'!$B$74:$V$83,10,FALSE) -> #N/A | G18: =IF(F18="NS","NC",ROUND(B18,2-(1+INT(LOG10(ABS(B18)))))) -> #N/A | H18: =IF(VLOOKUP(A18,liste_groupe[],4,FALSE)="%",VLOOKUP(A18,liste_groupe[],3,FALSE)/100,IF(ISBLANK(VLOOKUP(A18,liste_groupe[],4,FALSE)),"Non","Non")) -> Non | I18: =IF(F18="NS","NC",IF(H18="Non",G18,G18*(1/H18))) -> #N/A | J18: 64 | K18: =IF(F18="NS",0,ROUND(I18/J18*100,0)) -> #N/A | M18: =IF(K18>100,125,K18) -> #N/A | N18: =IF(H18="Non",CONCATENATE(VLOOKUP(A18,liste_groupe[],5,FALSE),"-",VLOOKUP(A18,liste_groupe[],3,FALSE),VLOOKUP(A18,liste_groupe[],4,FALSE)," : ",ROUND(K18,0),"%"),CONCATENATE(VLOOKUP(A18,liste_groupe[],5,FALSE)," : ",ROUND(K18,0),"%")) -> #N/A
A19: ='Page de garde'!A27 | F19: =HLOOKUP(A19,'pooled normalised values'!$B$74:$V$83,10,FALSE) -> #N/A | G19: =IF(F19="NS","NC",ROUND(B19,2-(1+INT(LOG10(ABS(B19)))))) -> #N/A | H19: =IF(VLOOKUP(A19,liste_groupe[],4,FALSE)="%",VLOOKUP(A19,liste_groupe[],3,FALSE)/100,IF(ISBLANK(VLOOKUP(A19,liste_groupe[],4,FALSE)),"Non","Non")) -> Non | I19: =IF(F19="NS","NC",IF(H19="Non",G19,G19*(1/H19))) -> #N/A | J19: 64 | K19: =IF(F19="NS",0,ROUND(I19/J19*100,0)) -> #N/A | M19: =IF(K19>100,125,K19) -> #N/A | N19: =IF(H19="Non",CONCATENATE(VLOOKUP(A19,liste_groupe[],5,FALSE),"-",VLOOKUP(A19,liste_groupe[],3,FALSE),VLOOKUP(A19,liste_groupe[],4,FALSE)," : ",ROUND(K19,0),"%"),CONCATENATE(VLOOKUP(A19,liste_groupe[],5,FALSE)," : ",ROUND(K19,0),"%")) -> #N/A
... A26: ='Page de garde'!A34 | F26: =HLOOKUP(A26,'pooled normalised values'!$B$74:$V$83,10,FALSE) -> #N/A | G26: =IF(F26="NS","NC",ROUND(B26,2-(1+INT(LOG10(ABS(B26)))))) -> #N/A | H26: =IF(VLOOKUP(A26,liste_groupe[],4,FALSE)="%",VLOOKUP(A26,liste_groupe[],3,FALSE)/100,IF(ISBLANK(VLOOKUP(A26,liste_groupe[],4,FALSE)),"Non","Non")) -> Non | I26: =IF(F26="NS","NC",IF(H26="Non",G26,G26*(1/H26))) -> #N/A | J26: 64 | K26: =IF(F26="NS",0,ROUND(I26/J26*100,0)) -> #N/A | M26: =IF(K26>100,125,K26) -> #N/A | N26: =IF(H26="Non",CONCATENATE(VLOOKUP(A26,liste_groupe[],5,FALSE),"-",VLOOKUP(A26,liste_groupe[],3,FALSE),VLOOKUP(A26,liste_groupe[],4,FALSE)," : ",ROUND(K26,0),"%"),CONCATENATE(VLOOKUP(A26,liste_groupe[],5,FALSE)," : ",ROUND(K26,0),"%")) -> #N/A
B28: ng/L EE2 | C28: upper limit | D28: lower limit | E28: Valeur fluo extrapolée | F28: Résultat stat si NS | G28: EqH - testo | H28: Dilution | I28: EqH Extrapolation à 100% | J28: Valeur du seuil de référence | K28: % atteinte du seuil | L28: Numéro ligne | M28: Valeur échelle | N28: Etiquette
A29: Testosterone
A30: Testo+ EE2 | G30: =IF(F30="NS","NC",ROUND(B30-$B$29,2-(1+INT(LOG10(ABS(B30-$B$29)))))) -> #NUM!
A31: Testo+ Fad | G31: =IF(F31="NS","NC",ROUND(B31-$B$29,2-(1+INT(LOG10(ABS(B31-$B$29)))))) -> #NUM!
A32: ='Page de garde'!A39 -> BPA-1mg/L + Testostérone | F32: =HLOOKUP(A32,'pooled normalised values'!$B$74:$V$83,10,FALSE) -> ns | G32: =IF(F32="NS","NC",ROUND(B32-$B$29,2-(1+INT(LOG10(ABS(B32-$B$29)))))) -> NC | H32: =IF(VLOOKUP(A32,liste_groupe[],4,FALSE)="%",VLOOKUP(A32,liste_groupe[],3,FALSE)/100,IF(ISBLANK(VLOOKUP(A32,liste_groupe[],4,FALSE)),"Non","Non")) -> Non | I32: =IF(F32="NS","NC",IF(H32="Non",G32,G32*(1/H32))) -> NC | J32: =IF(G32<0,$G$31,$G$30) -> #NUM! | K32: =IF(F32="NS",0,IF(I32<0,-ROUND(I32/J32*100,0),ROUND(I32/J32*100,0))) -> 0 | L32: 1 | M32: =IF(I32<0,IF(K32<-100,-125,K32),IF(K32>100,125,K32)) -> 0 | N32: =IF(H32="Non",CONCATENATE(VLOOKUP(A32,liste_groupe[],5,FALSE),"-",VLOOKUP(A32,liste_groupe[],3,FALSE),VLOOKUP(A32,liste_groupe[],4,FALSE)," : ",ROUND(K32,0),"%"),CONCATENATE(VLOOKUP(A32,liste_groupe[],5,FALSE)," : ",ROUND(K32,0),"%")) -> BPA-1mg/L : 0%
A33: ='Page de garde'!A40 -> BPA-2mg/L + Testostérone | F33: =HLOOKUP(A33,'pooled normalised values'!$B$74:$V$83,10,FALSE) -> ns | G33: =IF(F33="NS","NC",ROUND(B33-$B$29,2-(1+INT(LOG10(ABS(B33-$B$29)))))) -> NC | H33: =IF(VLOOKUP(A33,liste_groupe[],4,FALSE)="%",VLOOKUP(A33,liste_groupe[],3,FALSE)/100,IF(ISBLANK(VLOOKUP(A33,liste_groupe[],4,FALSE)),"Non","Non")) -> Non | I33: =IF(F33="NS","NC",IF(H33="Non",G33,G33*(1/H33))) -> NC | J33: =IF(G33<0,$G$31,$G$30) -> #NUM! | K33: =IF(F33="NS",0,IF(I33<0,-ROUND(I33/J33*100,0),ROUND(I33/J33*100,0))) -> 0 | M33: =IF(I33<0,IF(K33<-100,-125,K33),IF(K33>100,125,K33)) -> 0 | N33: =IF(H33="Non",CONCATENATE(VLOOKUP(A33,liste_groupe[],5,FALSE),"-",VLOOKUP(A33,liste_groupe[],3,FALSE),VLOOKUP(A33,liste_groupe[],4,FALSE)," : ",ROUND(K33,0),"%"),CONCATENATE(VLOOKUP(A33,liste_groupe[],5,FALSE)," : ",ROUND(K33,0),"%")) -> BPA-2mg/L : 0%
A34: ='Page de garde'!A41 -> BPA-3mg/L + Testostérone | F34: =HLOOKUP(A34,'pooled normalised values'!$B$74:$V$83,10,FALSE) -> *** | G34: =IF(F34="NS","NC",ROUND(B34-$B$29,2-(1+INT(LOG10(ABS(B34-$B$29)))))) -> #NUM! | H34: =IF(VLOOKUP(A34,liste_groupe[],4,FALSE)="%",VLOOKUP(A34,liste_groupe[],3,FALSE)/100,IF(ISBLANK(VLOOKUP(A34,liste_groupe[],4,FALSE)),"Non","Non")) -> Non | I34: =IF(F34="NS","NC",IF(H34="Non",G34,G34*(1/H34))) -> #NUM! | J34: =IF(G34<0,$G$31,$G$30) -> #NUM! | K34: =IF(F34="NS",0,IF(I34<0,-ROUND(I34/J34*100,0),ROUND(I34/J34*100,0))) -> #NUM! | M34: =IF(I34<0,IF(K34<-100,-125,K34),IF(K34>100,125,K34)) -> #NUM! | N34: =IF(H34="Non",CONCATENATE(VLOOKUP(A34,liste_groupe[],5,FALSE),"-",VLOOKUP(A34,liste_groupe[],3,FALSE),VLOOKUP(A34,liste_groupe[],4,FALSE)," : ",ROUND(K34,0),"%"),CONCATENATE(VLOOKUP(A34,liste_groupe[],5,FALSE)," : ",ROUND(K34,0),"%")) -> #NUM!
A35: ='Page de garde'!A42 -> BPA-4mg/L + Testostérone | F35: =HLOOKUP(A35,'pooled normalised values'!$B$74:$V$83,10,FALSE) -> *** | G35: =IF(F35="NS","NC",ROUND(B35-$B$29,2-(1+INT(LOG10(ABS(B35-$B$29)))))) -> #NUM! | H35: =IF(VLOOKUP(A35,liste_groupe[],4,FALSE)="%",VLOOKUP(A35,liste_groupe[],3,FALSE)/100,IF(ISBLANK(VLOOKUP(A35,liste_groupe[],4,FALSE)),"Non","Non")) -> Non | I35: =IF(F35="NS","NC",IF(H35="Non",G35,G35*(1/H35))) -> #NUM! | J35: =IF(G35<0,$G$31,$G$30) -> #NUM! | K35: =IF(F35="NS",0,IF(I35<0,-ROUND(I35/J35*100,0),ROUND(I35/J35*100,0))) -> #NUM! | M35: =IF(I35<0,IF(K35<-100,-125,K35),IF(K35>100,125,K35)) -> #NUM! | N35: =IF(H35="Non",CONCATENATE(VLOOKUP(A35,liste_groupe[],5,FALSE),"-",VLOOKUP(A35,liste_groupe[],3,FALSE),VLOOKUP(A35,liste_groupe[],4,FALSE)," : ",ROUND(K35,0),"%"),CONCATENATE(VLOOKUP(A35,liste_groupe[],5,FALSE)," : ",ROUND(K35,0),"%")) -> #NUM!
A36: ='Page de garde'!A43 -> BPA-5mg/L + Testostérone | F36: =HLOOKUP(A36,'pooled normalised values'!$B$74:$V$83,10,FALSE) -> *** | G36: =IF(F36="NS","NC",ROUND(B36-$B$29,2-(1+INT(LOG10(ABS(B36-$B$29)))))) -> #NUM! | H36: =IF(VLOOKUP(A36,liste_groupe[],4,FALSE)="%",VLOOKUP(A36,liste_groupe[],3,FALSE)/100,IF(ISBLANK(VLOOKUP(A36,liste_groupe[],4,FALSE)),"Non","Non")) -> Non | I36: =IF(F36="NS","NC",IF(H36="Non",G36,G36*(1/H36))) -> #NUM! | J36: =IF(G36<0,$G$31,$G$30) -> #NUM! | K36: =IF(F36="NS",0,IF(I36<0,-ROUND(I36/J36*100,0),ROUND(I36/J36*100,0))) -> #NUM! | M36: =IF(I36<0,IF(K36<-100,-125,K36),IF(K36>100,125,K36)) -> #NUM! | N36: =IF(H36="Non",CONCATENATE(VLOOKUP(A36,liste_groupe[],5,FALSE),"-",VLOOKUP(A36,liste_groupe[],3,FALSE),VLOOKUP(A36,liste_groupe[],4,FALSE)," : ",ROUND(K36,0),"%"),CONCATENATE(VLOOKUP(A36,liste_groupe[],5,FALSE)," : ",ROUND(K36,0),"%")) -> #NUM!
A37: ='Page de garde'!A44 -> 0-00 + Testostérone | F37: =HLOOKUP(A37,'pooled normalised values'!$B$74:$V$83,10,FALSE) -> #N/A | G37: =IF(F37="NS","NC",ROUND(B37-$B$29,2-(1+INT(LOG10(ABS(B37-$B$29)))))) -> #N/A | H37: =IF(VLOOKUP(A37,liste_groupe[],4,FALSE)="%",VLOOKUP(A37,liste_groupe[],3,FALSE)/100,IF(ISBLANK(VLOOKUP(A37,liste_groupe[],4,FALSE)),"Non","Non")) -> Non | I37: =IF(F37="NS","NC",IF(H37="Non",G37,G37*(1/H37))) -> #N/A | J37: =IF(G37<0,$G$31,$G$30) -> #N/A | K37: =IF(F37="NS",0,IF(I37<0,-ROUND(I37/J37*100,0),ROUND(I37/J37*100,0))) -> #N/A | M37: =IF(I37<0,IF(K37<-100,-125,K37),IF(K37>100,125,K37)) -> #N/A | N37: =IF(H37="Non",CONCATENATE(VLOOKUP(A37,liste_groupe[],5,FALSE),"-",VLOOKUP(A37,liste_groupe[],3,FALSE),VLOOKUP(A37,liste_groupe[],4,FALSE)," : ",ROUND(K37,0),"%"),CONCATENATE(VLOOKUP(A37,liste_groupe[],5,FALSE)," : ",ROUND(K37,0),"%")) -> #N/A
A38: ='Page de garde'!A45 -> 0-00 + Testostérone | F38: =HLOOKUP(A38,'pooled normalised values'!$B$74:$V$83,10,FALSE) -> #N/A | G38: =IF(F38="NS","NC",ROUND(B38-$B$29,2-(1+INT(LOG10(ABS(B38-$B$29)))))) -> #N/A | H38: =IF(VLOOKUP(A38,liste_groupe[],4,FALSE)="%",VLOOKUP(A38,liste_groupe[],3,FALSE)/100,IF(ISBLANK(VLOOKUP(A38,liste_groupe[],4,FALSE)),"Non","Non")) -> Non | I38: =IF(F38="NS","NC",IF(H38="Non",G38,G38*(1/H38))) -> #N/A | J38: =IF(G38<0,$G$31,$G$30) -> #N/A | K38: =IF(F38="NS",0,IF(I38<0,-ROUND(I38/J38*100,0),ROUND(I38/J38*100,0))) -> #N/A | M38: =IF(I38<0,IF(K38<-100,-125,K38),IF(K38>100,125,K38)) -> #N/A | N38: =IF(H38="Non",CONCATENATE(VLOOKUP(A38,liste_groupe[],5,FALSE),"-",VLOOKUP(A38,liste_groupe[],3,FALSE),VLOOKUP(A38,liste_groupe[],4,FALSE)," : ",ROUND(K38,0),"%"),CONCATENATE(VLOOKUP(A38,liste_groupe[],5,FALSE)," : ",ROUND(K38,0),"%")) -> #N/A
A39: ='Page de garde'!A46 -> 0-00 + Testostérone | F39: =HLOOKUP(A39,'pooled normalised values'!$B$74:$V$83,10,FALSE) -> #N/A | G39: =IF(F39="NS","NC",ROUND(B39-$B$29,2-(1+INT(LOG10(ABS(B39-$B$29)))))) -> #N/A | H39: =IF(VLOOKUP(A39,liste_groupe[],4,FALSE)="%",VLOOKUP(A39,liste_groupe[],3,FALSE)/100,IF(ISBLANK(VLOOKUP(A39,liste_groupe[],4,FALSE)),"Non","Non")) -> Non | I39: =IF(F39="NS","NC",IF(H39="Non",G39,G39*(1/H39))) -> #N/A | J39: =IF(G39<0,$G$31,$G$30) -> #N/A | K39: =IF(F39="NS",0,IF(I39<0,-ROUND(I39/J39*100,0),ROUND(I39/J39*100,0))) -> #N/A | M39: =IF(I39<0,IF(K39<-100,-125,K39),IF(K39>100,125,K39)) -> #N/A | N39: =IF(H39="Non",CONCATENATE(VLOOKUP(A39,liste_groupe[],5,FALSE),"-",VLOOKUP(A39,liste_groupe[],3,FALSE),VLOOKUP(A39,liste_groupe[],4,FALSE)," : ",ROUND(K39,0),"%"),CONCATENATE(VLOOKUP(A39,liste_groupe[],5,FALSE)," : ",ROUND(K39,0),"%")) -> #N/A
A40: ='Page de garde'!A47 -> 0-00 + Testostérone | F40: =HLOOKUP(A40,'pooled normalised values'!$B$74:$V$83,10,FALSE) -> #N/A | G40: =IF(F40="NS","NC",ROUND(B40-$B$29,2-(1+INT(LOG10(ABS(B40-$B$29)))))) -> #N/A | H40: =IF(VLOOKUP(A40,liste_groupe[],4,FALSE)="%",VLOOKUP(A40,liste_groupe[],3,FALSE)/100,IF(ISBLANK(VLOOKUP(A40,liste_groupe[],4,FALSE)),"Non","Non")) -> Non | I40: =IF(F40="NS","NC",IF(H40="Non",G40,G40*(1/H40))) -> #N/A | J40: =IF(G40<0,$G$31,$G$30) -> #N/A | K40: =IF(F40="NS",0,IF(I40<0,-ROUND(I40/J40*100,0),ROUND(I40/J40*100,0))) -> #N/A | M40: =IF(I40<0,IF(K40<-100,-125,K40),IF(K40>100,125,K40)) -> #N/A | N40: =IF(H40="Non",CONCATENATE(VLOOKUP(A40,liste_groupe[],5,FALSE),"-",VLOOKUP(A40,liste_groupe[],3,FALSE),VLOOKUP(A40,liste_groupe[],4,FALSE)," : ",ROUND(K40,0),"%"),CONCATENATE(VLOOKUP(A40,liste_groupe[],5,FALSE)," : ",ROUND(K40,0),"%")) -> #N/A
A41: ='Page de garde'!A48 -> 0-00 + Testostérone | F41: =HLOOKUP(A41,'pooled normalised values'!$B$74:$V$83,10,FALSE) -> #N/A | G41: =IF(F41="NS","NC",ROUND(B41-$B$29,2-(1+INT(LOG10(ABS(B41-$B$29)))))) -> #N/A | H41: =IF(VLOOKUP(A41,liste_groupe[],4,FALSE)="%",VLOOKUP(A41,liste_groupe[],3,FALSE)/100,IF(ISBLANK(VLOOKUP(A41,liste_groupe[],4,FALSE)),"Non","Non")) -> Non | I41: =IF(F41="NS","NC",IF(H41="Non",G41,G41*(1/H41))) -> #N/A | J41: =IF(G41<0,$G$31,$G$30) -> #N/A | K41: =IF(F41="NS",0,IF(I41<0,-ROUND(I41/J41*100,0),ROUND(I41/J41*100,0))) -> #N/A | M41: =IF(I41<0,IF(K41<-100,-125,K41),IF(K41>100,125,K41)) -> #N/A | N41: =IF(H41="Non",CONCATENATE(VLOOKUP(A41,liste_groupe[],5,FALSE),"-",VLOOKUP(A41,liste_groupe[],3,FALSE),VLOOKUP(A41,liste_groupe[],4,FALSE)," : ",ROUND(K41,0),"%"),CONCATENATE(VLOOKUP(A41,liste_groupe[],5,FALSE)," : ",ROUND(K41,0),"%")) -> #N/A
A42: ='Page de garde'!A49 -> 0-00 + Testostérone | F42: =HLOOKUP(A42,'pooled normalised values'!$B$74:$V$83,10,FALSE) -> #N/A | G42: =IF(F42="NS","NC",ROUND(B42-$B$29,2-(1+INT(LOG10(ABS(B42-$B$29)))))) -> #N/A | H42: =IF(VLOOKUP(A42,liste_groupe[],4,FALSE)="%",VLOOKUP(A42,liste_groupe[],3,FALSE)/100,IF(ISBLANK(VLOOKUP(A42,liste_groupe[],4,FALSE)),"Non","Non")) -> Non | I42: =IF(F42="NS","NC",IF(H42="Non",G42,G42*(1/H42))) -> #N/A | J42: =IF(G42<0,$G$31,$G$30) -> #N/A | K42: =IF(F42="NS",0,IF(I42<0,-ROUND(I42/J42*100,0),ROUND(I42/J42*100,0))) -> #N/A | M42: =IF(I42<0,IF(K42<-100,-125,K42),IF(K42>100,125,K42)) -> #N/A | N42: =IF(H42="Non",CONCATENATE(VLOOKUP(A42,liste_groupe[],5,FALSE),"-",VLOOKUP(A42,liste_groupe[],3,FALSE),VLOOKUP(A42,liste_groupe[],4,FALSE)," : ",ROUND(K42,0),"%"),CONCATENATE(VLOOKUP(A42,liste_groupe[],5,FALSE)," : ",ROUND(K42,0),"%")) -> #N/A
A43: ='Page de garde'!A50 -> 0-00 + Testostérone | F43: =HLOOKUP(A43,'pooled normalised values'!$B$74:$V$83,10,FALSE) -> #N/A | G43: =IF(F43="NS","NC",ROUND(B43-$B$29,2-(1+INT(LOG10(ABS(B43-$B$29)))))) -> #N/A | H43: =IF(VLOOKUP(A43,liste_groupe[],4,FALSE)="%",VLOOKUP(A43,liste_groupe[],3,FALSE)/100,IF(ISBLANK(VLOOKUP(A43,liste_groupe[],4,FALSE)),"Non","Non")) -> Non | I43: =IF(F43="NS","NC",IF(H43="Non",G43,G43*(1/H43))) -> #N/A | J43: =IF(G43<0,$G$31,$G$30) -> #N/A | K43: =IF(F43="NS",0,IF(I43<0,-ROUND(I43/J43*100,0),ROUND(I43/J43*100,0))) -> #N/A | M43: =IF(I43<0,IF(K43<-100,-125,K43),IF(K43>100,125,K43)) -> #N/A | N43: =IF(H43="Non",CONCATENATE(VLOOKUP(A43,liste_groupe[],5,FALSE),"-",VLOOKUP(A43,liste_groupe[],3,FALSE),VLOOKUP(A43,liste_groupe[],4,FALSE)," : ",ROUND(K43,0),"%"),CONCATENATE(VLOOKUP(A43,liste_groupe[],5,FALSE)," : ",ROUND(K43,0),"%")) -> #N/A
A44: ='Page de garde'!A51 -> 0-00 + Testostérone | F44: =HLOOKUP(A44,'pooled normalised values'!$B$74:$V$83,10,FALSE) -> #N/A | G44: =IF(F44="NS","NC",ROUND(B44-$B$29,2-(1+INT(LOG10(ABS(B44-$B$29)))))) -> #N/A | H44: =IF(VLOOKUP(A44,liste_groupe[],4,FALSE)="%",VLOOKUP(A44,liste_groupe[],3,FALSE)/100,IF(ISBLANK(VLOOKUP(A44,liste_groupe[],4,FALSE)),"Non","Non")) -> Non | I44: =IF(F44="NS","NC",IF(H44="Non",G44,G44*(1/H44))) -> #N/A | J44: =IF(G44<0,$G$31,$G$30) -> #N/A | K44: =IF(F44="NS",0,IF(I44<0,-ROUND(I44/J44*100,0),ROUND(I44/J44*100,0))) -> #N/A | M44: =IF(I44<0,IF(K44<-100,-125,K44),IF(K44>100,125,K44)) -> #N/A | N44: =IF(H44="Non",CONCATENATE(VLOOKUP(A44,liste_groupe[],5,FALSE),"-",VLOOKUP(A44,liste_groupe[],3,FALSE),VLOOKUP(A44,liste_groupe[],4,FALSE)," : ",ROUND(K44,0),"%"),CONCATENATE(VLOOKUP(A44,liste_groupe[],5,FALSE)," : ",ROUND(K44,0),"%")) -> #N/A
... A51: ='Page de garde'!A58 -> 0-00 + Testostérone | F51: =HLOOKUP(A51,'pooled normalised values'!$B$74:$V$83,10,FALSE) -> #N/A | G51: =IF(F51="NS","NC",ROUND(B51-$B$29,2-(1+INT(LOG10(ABS(B51-$B$29)))))) -> #N/A | H51: =IF(VLOOKUP(A51,liste_groupe[],4,FALSE)="%",VLOOKUP(A51,liste_groupe[],3,FALSE)/100,IF(ISBLANK(VLOOKUP(A51,liste_groupe[],4,FALSE)),"Non","Non")) -> Non | I51: =IF(F51="NS","NC",IF(H51="Non",G51,G51*(1/H51))) -> #N/A | J51: =IF(G51<0,$G$31,$G$30) -> #N/A | K51: =IF(F51="NS",0,IF(I51<0,-ROUND(I51/J51*100,0),ROUND(I51/J51*100,0))) -> #N/A | M51: =IF(I51<0,IF(K51<-100,-125,K51),IF(K51>100,125,K51)) -> #N/A | N51: =IF(H51="Non",CONCATENATE(VLOOKUP(A51,liste_groupe[],5,FALSE),"-",VLOOKUP(A51,liste_groupe[],3,FALSE),VLOOKUP(A51,liste_groupe[],4,FALSE)," : ",ROUND(K51,0),"%"),CONCATENATE(VLOOKUP(A51,liste_groupe[],5,FALSE)," : ",ROUND(K51,0),"%")) -> #N/A
A53: 18. Expérimentateur 2 : transmission des résultats avec le SQ rempli au responsable du laboratoire.

Sheet Notice
A1: Description | B1: Problème | C1: EqH RAPPORT | D1: % atteinte du seuil RAPPORT | E1: Valeur échelle sur graphique RAPPORT | F1: EqH BASE DE DONNEES | G1: % BASE DE DONNEES
A2: Diminution de fluo en non dopé | B2: Impossible de calculer un EQH et pas de seuil déterminé donc impossible d'évaluer si l'échantillon dépasse un seuil | C2: Non calculable | D2: Mettre le % de variation de fluo avec un renvoi: "*: variation de fluorescence non-calibrée" | E2: % de variation de fluo | F2: Non calculable | G2: Non calculable

Sheet Graph format rapport CHG
A2: Evian | B2: ='pooled normalised values'!B75 -> 0.14667052 | D2: Etiquettes | F2: ='pooled normalised values'!J74 -> BPA-2mg/L | G2: ='pooled normalised values'!K74 -> BPA-3mg/L | H2: ='pooled normalised values'!L74 -> BPA-4mg/L | I2: ='pooled normalised values'!M74 -> BPA-5mg/L | J2: ='pooled normalised values'!#REF! -> #REF! | K2: ='pooled normalised values'!#REF! -> #REF! | L2: ='pooled normalised values'!#REF! -> #REF! | M2: ='pooled normalised values'!#REF! -> #REF! | N2: ='pooled normalised values'!#REF! -> #REF! | O2: ='pooled normalised values'!#REF! -> #REF! | P2: ='pooled normalised values'!#REF! -> #REF! | Q2: ='pooled normalised values'!#REF! -> #REF! | ... S2: ='pooled normalised values'!#REF! -> #REF! | V2: ='pooled normalised values'!R74 -> BPA-1mg/L + Testostérone | W2: ='pooled normalised values'!S74 -> BPA-2mg/L + Testostérone | X2: ='pooled normalised values'!T74 -> BPA-3mg/L + Testostérone | Y2: ='pooled normalised values'!U74 -> BPA-4mg/L + Testostérone | Z2: ='pooled normalised values'!V74 -> BPA-5mg/L + Testostérone | AA2: ='pooled normalised values'!#REF! -> #REF! | AB2: ='pooled normalised values'!#REF! -> #REF! | AC2: ='pooled normalised values'!#REF! -> #REF! | AD2: ='pooled normalised values'!#REF! -> #REF! | AE2: ='pooled normalised values'!#REF! -> #REF! | AF2: ='pooled normalised values'!#REF! -> #REF! | AG2: ='pooled normalised values'!#REF! -> #REF! | AH2: ='pooled normalised values'!#REF! -> #REF! | AI2: ='pooled normalised values'!#REF! -> #REF! | AK2: Etiquettes
A3: EE2 64ng/l | B3: ='summary results'!E6 -> 0 | D3: Moyenne | F3: =HLOOKUP(F2,'pooled normalised values'!B74:V83,2,FALSE) -> 0.13088753 | G3: =HLOOKUP(G2,'pooled normalised values'!C74:W83,2,FALSE) -> 0.99136063 | H3: =HLOOKUP(H2,'pooled normalised values'!C74:X83,2,FALSE) -> 1.6594075 | I3: =HLOOKUP(I2,'pooled normalised values'!D74:Y83,2,FALSE) -> 3.0088565 | J3: =HLOOKUP(J2,'pooled normalised values'!E74:Z83,2,FALSE) -> #REF! | K3: =HLOOKUP(K2,'pooled normalised values'!F74:AA83,2,FALSE) -> #REF! | L3: =HLOOKUP(L2,'pooled normalised values'!G74:AB83,2,FALSE) -> #REF! | M3: =HLOOKUP(M2,'pooled normalised values'!H74:AC83,2,FALSE) -> #REF! | N3: =HLOOKUP(N2,'pooled normalised values'!I74:AD83,2,FALSE) -> #REF! | O3: =HLOOKUP(O2,'pooled normalised values'!J74:AE83,2,FALSE) -> #REF! | ... S3: =HLOOKUP(S2,'pooled normalised values'!N74:AI83,2,FALSE) -> #REF! | V3: =HLOOKUP(V2,'pooled normalised values'!N74:AL83,2,FALSE) -> 1.5623907 | W3: =HLOOKUP(W2,'pooled normalised values'!N74:AM83,2,FALSE) -> 1.8388426 | X3: =HLOOKUP(X2,'pooled normalised values'!N74:AN83,2,FALSE) -> 3.5786243 | Y3: =HLOOKUP(Y2,'pooled normalised values'!N74:AO83,2,FALSE) -> 5.5350544 | Z3: =HLOOKUP(Z2,'pooled normalised values'!N74:AP83,2,FALSE) -> 5.7769042 | AA3: =HLOOKUP(AA2,'pooled normalised values'!N74:AQ83,2,FALSE) -> #REF! | AB3: =HLOOKUP(AB2,'pooled normalised values'!N74:AR83,2,FALSE) -> #REF! | AC3: =HLOOKUP(AC2,'pooled normalised values'!N74:AS83,2,FALSE) -> #REF! | AD3: =HLOOKUP(AD2,'pooled normalised values'!N74:AT83,2,FALSE) -> #REF! | AE3: =HLOOKUP(AE2,'pooled normalised values'!N74:AU83,2,FALSE) -> #REF! | AF3: =HLOOKUP(AF2,'pooled normalised values'!N74:AV83,2,FALSE) -> #REF! | AG3: =HLOOKUP(AG2,'pooled normalised values'!N74:AW83,2,FALSE) -> #REF! | AH3: =HLOOKUP(AH2,'pooled normalised values'!N74:AX83,2,FALSE) -> #REF! | AI3: =HLOOKUP(AI2,'pooled normalised values'!N74:AY83,2,FALSE) -> #REF! | AK3: Moyenne
