Workbook

Sheet Page de garde
A1: 1. Expérimentateur 1 : copier et coller le n° de prestation et renseigner la date de réalisation de chaque réplica ainsi que le visa de l'expérimentateur.
A2: R1 | B2: Numéro d'expérience : | E2: Date de réalisation :
A3: R2 | B3: Numéro d'expérience : | E3: Date de réalisation :
A4: R3 | B4: Numéro d'expérience : | E4: Date de réalisation :
A5: 2. Expérimentateur 1 : copier et coller la dilution appliquée et le nom donné pour chaque des échantillons par le client. Conserver la mise en forme de l'exemple en italique. Ne pas remplir la colonne "nom sur graphique".
A6: Nom sur le graphique | B6: Code WF | C6: Concentration | D6: Unité | E6: Nom de l'échantillon donné par le client | F6: Dopage (+Testostérone / + EE2, ….)
A7: =IF(ISBLANK(liste_groupe[[#This Row],[Code WF]])," ",IF(ISBLANK(liste_groupe[[#This Row],[Unité]]),CONCATENATE(liste_groupe[[#This Row],[Nom de l''échantillon donné par le client]],liste_groupe[[#This Row],[Dopage (+Testostérone / + EE2, ….)]]),CONCATENATE(liste_groupe[[#This Row],[Nom de l''échantillon donné par le client]],"-",liste_groupe[[#This Row],[Concentration]],liste_groupe[[#This Row],[Unité]],liste_groupe[[#This Row],[Dopage (+Testostérone / + EE2, ….)]]))) -> Témoin solvant | B7: Témoin | E7: Témoin solvant
A8: =IF(ISBLANK(liste_groupe[[#This Row],[Code WF]])," ",IF(ISBLANK(liste_groupe[[#This Row],[Unité]]),CONCATENATE(liste_groupe[[#This Row],[Nom de l''échantillon donné par le client]],liste_groupe[[#This Row],[Dopage (+Testostérone / + EE2, ….)]]),CONCATENATE(liste_groupe[[#This Row],[Nom de l''échantillon donné par le client]],"-",liste_groupe[[#This Row],[Concentration]],liste_groupe[[#This Row],[Unité]],liste_groupe[[#This Row],[Dopage (+Testostérone / + EE2, ….)]]))) -> EE2-22.5ng/L | B8: Témoin | C8: 22.5 | D8: ng/L | E8: EE2
A9: =IF(ISBLANK(liste_groupe[[#This Row],[Code WF]])," ",IF(ISBLANK(liste_groupe[[#This Row],[Unité]]),CONCATENATE(liste_groupe[[#This Row],[Nom de l''échantillon donné par le client]],liste_groupe[[#This Row],[Dopage (+Testostérone / + EE2, ….)]]),CONCATENATE(liste_groupe[[#This Row],[Nom de l''échantillon donné par le client]],"-",liste_groupe[[#This Row],[Concentration]],liste_groupe[[#This Row],[Unité]],liste_groupe[[#This Row],[Dopage (+Testostérone / + EE2, ….)]]))) -> EE2-33.8ng/L | B9: Témoin | C9: 33.8 | D9: ng/L | E9: EE2
A10: =IF(ISBLANK(liste_groupe[[#This Row],[Code WF]])," ",IF(ISBLANK(liste_groupe[[#This Row],[Unité]]),CONCATENATE(liste_groupe[[#This Row],[Nom de l''échantillon donné par le client]],liste_groupe[[#This Row],[Dopage (+Testostérone / + EE2, ….)]]),CONCATENATE(liste_groupe[[#This Row],[Nom de l''échantillon donné par le client]],"-",liste_groupe[[#This Row],[Concentration]],liste_groupe[[#This Row],[Unité]],liste_groupe[[#This Row],[Dopage (+Testostérone / + EE2, ….)]]))) -> EE2-50.6ng/L | B10: Témoin | C10: 50.6 | D10: ng/L | E10: EE2
A11: =IF(ISBLANK(liste_groupe[[#This Row],[Code WF]])," ",IF(ISBLANK(liste_groupe[[#This Row],[Unité]]),CONCATENATE(liste_groupe[[#This Row],[Nom de l''échantillon donné par le client]],liste_groupe[[#This Row],[Dopage (+Testostérone / + EE2, ….)]]),CONCATENATE(liste_groupe[[#This Row],[Nom de l''échantillon donné par le client]],"-",liste_groupe[[#This Row],[Concentration]],liste_groupe[[#This Row],[Unité]],liste_groupe[[#This Row],[Dopage (+Testostérone / + EE2, ….)]]))) -> EE2-76ng/L | B11: Témoin | C11: 76 | D11: ng/L | E11: EE2
A12: =IF(ISBLANK(liste_groupe[[#This Row],[Code WF]])," ",IF(ISBLANK(liste_groupe[[#This Row],[Unité]]),CONCATENATE(liste_groupe[[#This Row],[Nom de l''échantillon donné par le client]],liste_groupe[[#This Row],[Dopage (+Testostérone / + EE2, ….)]]),CONCATENATE(liste_groupe[[#This Row],[Nom de l''échantillon donné par le client]],"-",liste_groupe[[#This Row],[Concentration]],liste_groupe[[#This Row],[Unité]],liste_groupe[[#This Row],[Dopage (+Testostérone / + EE2, ….)]]))) -> EE2-114ng/L | B12: Témoin | C12: 114 | D12: ng/L | E12: EE2
A13: =IF(ISBLANK(liste_groupe[[#This Row],[Code WF]])," ",IF(ISBLANK(liste_groupe[[#This Row],[Unité]]),CONCATENATE(liste_groupe[[#This Row],[Nom de l''échantillon donné par le client]],liste_groupe[[#This Row],[Dopage (+Testostérone / + EE2, ….)]]),CONCATENATE(liste_groupe[[#This Row],[Nom de l''échantillon donné par le client]],"-",liste_groupe[[#This Row],[Concentration]],liste_groupe[[#This Row],[Unité]],liste_groupe[[#This Row],[Dopage (+Testostérone / + EE2, ….)]]))) -> EE2-170.9ng/L | B13: Témoin | C13: 170.9 | D13: ng/L | E13: EE2
A14: =IF(ISBLANK(liste_groupe[[#This Row],[Code WF]])," ",IF(ISBLANK(liste_groupe[[#This Row],[Unité]]),CONCATENATE(liste_groupe[[#This Row],[Nom de l''échantillon donné par le client]],liste_groupe[[#This Row],[Dopage (+Testostérone / + EE2, ….)]]),CONCATENATE(liste_groupe[[#This Row],[Nom de l''échantillon donné par le client]],"-",liste_groupe[[#This Row],[Concentration]],liste_groupe[[#This Row],[Unité]],liste_groupe[[#This Row],[Dopage (+Testostérone / + EE2, ….)]]))) -> EE2-488ng/L | B14: Témoin | C14: 488 | D14: ng/L | E14: EE2
A15: =IF(ISBLANK(liste_groupe[[#This Row],[Code WF]])," ",IF(ISBLANK(liste_groupe[[#This Row],[Unité]]),CONCATENATE(liste_groupe[[#This Row],[Nom de l''échantillon donné par le client]],liste_groupe[[#This Row],[Dopage (+Testostérone / + EE2, ….)]]),CONCATENATE(liste_groupe[[#This Row],[Nom de l''échantillon donné par le client]],"-",liste_groupe[[#This Row],[Concentration]],liste_groupe[[#This Row],[Unité]],liste_groupe[[#This Row],[Dopage (+Testostérone / + EE2, ….)]]))) -> Fadrozole-0.016µg/L | B15: Test | C15: 0.016 | D15: µg/L | E15: Fadrozole
A16: =IF(ISBLANK(liste_groupe[[#This Row],[Code WF]])," ",IF(ISBLANK(liste_groupe[[#This Row],[Unité]]),CONCATENATE(liste_groupe[[#This Row],[Nom de l''échantillon donné par le client]],liste_groupe[[#This Row],[Dopage (+Testostérone / + EE2, ….)]]),CONCATENATE(liste_groupe[[#This Row],[Nom de l''échantillon donné par le client]],"-",liste_groupe[[#This Row],[Concentration]],liste_groupe[[#This Row],[Unité]],liste_groupe[[#This Row],[Dopage (+Testostérone / + EE2, ….)]]))) -> Fadrozole-0.08µg/L | B16: Test | C16: 0.08 | D16: µg/L | E16: Fadrozole
A17: =IF(ISBLANK(liste_groupe[[#This Row],[Code WF]])," ",IF(ISBLANK(liste_groupe[[#This Row],[Unité]]),CONCATENATE(liste_groupe[[#This Row],[Nom de l''échantillon donné par le client]],liste_groupe[[#This Row],[Dopage (+Testostérone / + EE2, ….)]]),CONCATENATE(liste_groupe[[#This Row],[Nom de l''échantillon donné par le client]],"-",liste_groupe[[#This Row],[Concentration]],liste_groupe[[#This Row],[Unité]],liste_groupe[[#This Row],[Dopage (+Testostérone / + EE2, ….)]]))) -> Fadrozole-0.4µg/L | B17: Test | C17: 0.4 | D17: µg/L | E17: Fadrozole
A18: =IF(ISBLANK(liste_groupe[[#This Row],[Code WF]])," ",IF(ISBLANK(liste_groupe[[#This Row],[Unité]]),CONCATENATE(liste_groupe[[#This Row],[Nom de l''échantillon donné par le client]],liste_groupe[[#This Row],[Dopage (+Testostérone / + EE2, ….)]]),CONCATENATE(liste_groupe[[#This Row],[Nom de l''échantillon donné par le client]],"-",liste_groupe[[#This Row],[Concentration]],liste_groupe[[#This Row],[Unité]],liste_groupe[[#This Row],[Dopage (+Testostérone / + EE2, ….)]]))) -> Fadrozole-2µg/L | B18: Test | C18: 2 | D18: µg/L | E18: Fadrozole
A19: =IF(ISBLANK(liste_groupe[[#This Row],[Code WF]])," ",IF(ISBLANK(liste_groupe[[#This Row],[Unité]]),CONCATENATE(liste_groupe[[#This Row],[Nom de l''échantillon donné par le client]],liste_groupe[[#This Row],[Dopage (+Testostérone / + EE2, ….)]]),CONCATENATE(liste_groupe[[#This Row],[Nom de l''échantillon donné par le client]],"-",liste_groupe[[#This Row],[Concentration]],liste_groupe[[#This Row],[Unité]],liste_groupe[[#This Row],[Dopage (+Testostérone / + EE2, ….)]]))) -> Fadrozole-10 µg/L | B19: Test | C19: 10 | D19: µg/L | E19: Fadrozole
A20: =IF(ISBLANK(liste_groupe[[#This Row],[Code WF]])," ",IF(ISBLANK(liste_groupe[[#This Row],[Unité]]),CONCATENATE(liste_groupe[[#This Row],[Nom de l''échantillon donné par le client]],liste_groupe[[#This Row],[Dopage (+Testostérone / + EE2, ….)]]),CONCATENATE(liste_groupe[[#This Row],[Nom de l''échantillon donné par le client]],"-",liste_groupe[[#This Row],[Concentration]],liste_groupe[[#This Row],[Unité]],liste_groupe[[#This Row],[Dopage (+Testostérone / + EE2, ….)]])))
A21: =IF(ISBLANK(liste_groupe[[#This Row],[Code WF]])," ",IF(ISBLANK(liste_groupe[[#This Row],[Unité]]),CONCATENATE(liste_groupe[[#This Row],[Nom de l''échantillon donné par le client]],liste_groupe[[#This Row],[Dopage (+Testostérone / + EE2, ….)]]),CONCATENATE(liste_groupe[[#This Row],[Nom de l''échantillon donné par le client]],"-",liste_groupe[[#This Row],[Concentration]],liste_groupe[[#This Row],[Unité]],liste_groupe[[#This Row],[Dopage (+Testostérone / + EE2, ….)]])))
A22: =IF(ISBLANK(liste_groupe[[#This Row],[Code WF]])," ",IF(ISBLANK(liste_groupe[[#This Row],[Unité]]),CONCATENATE(liste_groupe[[#This Row],[Nom de l''échantillon donné par le client]],liste_groupe[[#This Row],[Dopage (+Testostérone / + EE2, ….)]]),CONCATENATE(liste_groupe[[#This Row],[Nom de l''échantillon donné par le client]],"-",liste_groupe[[#This Row],[Concentration]],liste_groupe[[#This Row],[Unité]],liste_groupe[[#This Row],[Dopage (+Testostérone / + EE2, ….)]])))
A23: =IF(ISBLANK(liste_groupe[[#This Row],[Code WF]])," ",IF(ISBLANK(liste_groupe[[#This Row],[Unité]]),CONCATENATE(liste_groupe[[#This Row],[Nom de l''échantillon donné par le client]],liste_groupe[[#This Row],[Dopage (+Testostérone / + EE2, ….)]]),CONCATENATE(liste_groupe[[#This Row],[Nom de l''échantillon donné par le client]],"-",liste_groupe[[#This Row],[Concentration]],liste_groupe[[#This Row],[Unité]],liste_groupe[[#This Row],[Dopage (+Testostérone / + EE2, ….)]])))
A24: =IF(ISBLANK(liste_groupe[[#This Row],[Code WF]])," ",IF(ISBLANK(liste_groupe[[#This Row],[Unité]]),CONCATENATE(liste_groupe[[#This Row],[Nom de l''échantillon donné par le client]],liste_groupe[[#This Row],[Dopage (+Testostérone / + EE2, ….)]]),CONCATENATE(liste_groupe[[#This Row],[Nom de l''échantillon donné par le client]],"-",liste_groupe[[#This Row],[Concentration]],liste_groupe[[#This Row],[Unité]],liste_groupe[[#This Row],[Dopage (+Testostérone / + EE2, ….)]])))
A25: =IF(ISBLANK(liste_groupe[[#This Row],[Code WF]])," ",IF(ISBLANK(liste_groupe[[#This Row],[Unité]]),CONCATENATE(liste_groupe[[#This Row],[Nom de l''échantillon donné par le client]],liste_groupe[[#This Row],[Dopage (+Testostérone / + EE2, ….)]]),CONCATENATE(liste_groupe[[#This Row],[Nom de l''échantillon donné par le client]],"-",liste_groupe[[#This Row],[Concentration]],liste_groupe[[#This Row],[Unité]],liste_groupe[[#This Row],[Dopage (+Testostérone / + EE2, ….)]])))
A26: =IF(ISBLANK(liste_groupe[[#This Row],[Code WF]])," ",IF(ISBLANK(liste_groupe[[#This Row],[Unité]]),CONCATENATE(liste_groupe[[#This Row],[Nom de l''échantillon donné par le client]],liste_groupe[[#This Row],[Dopage (+Testostérone / + EE2, ….)]]),CONCATENATE(liste_groupe[[#This Row],[Nom de l''échantillon donné par le client]],"-",liste_groupe[[#This Row],[Concentration]],liste_groupe[[#This Row],[Unité]],liste_groupe[[#This Row],[Dopage (+Testostérone / + EE2, ….)]])))
A27: =IF(ISBLANK(liste_groupe[[#This Row],[Code WF]])," ",IF(ISBLANK(liste_groupe[[#This Row],[Unité]]),CONCATENATE(liste_groupe[[#This Row],[Nom de l''échantillon donné par le client]],liste_groupe[[#This Row],[Dopage (+Testostérone / + EE2, ….)]]),CONCATENATE(liste_groupe[[#This Row],[Nom de l''échantillon donné par le client]],"-",liste_groupe[[#This Row],[Concentration]],liste_groupe[[#This Row],[Unité]],liste_groupe[[#This Row],[Dopage (+Testostérone / + EE2, ….)]])))
A28: =IF(ISBLANK(liste_groupe[[#This Row],[Code WF]])," ",IF(ISBLANK(liste_groupe[[#This Row],[Unité]]),CONCATENATE(liste_groupe[[#This Row],[Nom de l''échantillon donné par le client]],liste_groupe[[#This Row],[Dopage (+Testostérone / + EE2, ….)]]),CONCATENATE(liste_groupe[[#This Row],[Nom de l''échantillon donné par le client]],"-",liste_groupe[[#This Row],[Concentration]],liste_groupe[[#This Row],[Unité]],liste_groupe[[#This Row],[Dopage (+Testostérone / + EE2, ….)]])))
A29: =IF(ISBLANK(liste_groupe[[#This Row],[Code WF]])," ",IF(ISBLANK(liste_groupe[[#This Row],[Unité]]),CONCATENATE(liste_groupe[[#This Row],[Nom de l''échantillon donné par le client]],liste_groupe[[#This Row],[Dopage (+Testostérone / + EE2, ….)]]),CONCATENATE(liste_groupe[[#This Row],[Nom de l''échantillon donné par le client]],"-",liste_groupe[[#This Row],[Concentration]],liste_groupe[[#This Row],[Unité]],liste_groupe[[#This Row],[Dopage (+Testostérone / + EE2, ….)]])))
A30: =IF(ISBLANK(liste_groupe[[#This Row],[Code WF]])," ",IF(ISBLANK(liste_groupe[[#This Row],[Unité]]),CONCATENATE(liste_groupe[[#This Row],[Nom de l''échantillon donné par le client]],liste_groupe[[#This Row],[Dopage (+Testostérone / + EE2, ….)]]),CONCATENATE(liste_groupe[[#This Row],[Nom de l''échantillon donné par le client]],"-",liste_groupe[[#This Row],[Concentration]],liste_groupe[[#This Row],[Unité]],liste_groupe[[#This Row],[Dopage (+Testostérone / + EE2, ….)]])))
A31: =IF(ISBLANK(liste_groupe[[#This Row],[Code WF]])," ",IF(ISBLANK(liste_groupe[[#This Row],[Unité]]),CONCATENATE(liste_groupe[[#This Row],[Nom de l''échantillon donné par le client]],liste_groupe[[#This Row],[Dopage (+Testostérone / + EE2, ….)]]),CONCATENATE(liste_groupe[[#This Row],[Nom de l''échantillon donné par le client]],"-",liste_groupe[[#This Row],[Concentration]],liste_groupe[[#This Row],[Unité]],liste_groupe[[#This Row],[Dopage (+Testostérone / + EE2, ….)]])))
... A35: =IF(ISBLANK(liste_groupe[[#This Row],[Code WF]])," ",IF(ISBLANK(liste_groupe[[#This Row],[Unité]]),CONCATENATE(liste_groupe[[#This Row],[Nom de l''échantillon donné par le client]],liste_groupe[[#This Row],[Dopage (+Testostérone / + EE2, ….)]]),CONCATENATE(liste_groupe[[#This Row],[Nom de l''échantillon donné par le client]],"-",liste_groupe[[#This Row],[Concentration]],liste_groupe[[#This Row],[Unité]],liste_groupe[[#This Row],[Dopage (+Testostérone / + EE2, ….)]])))
A36: =IF(ISBLANK(liste_groupe[[#This Row],[Code WF]])," ",IF(ISBLANK(liste_groupe[[#This Row],[Unité]]),CONCATENATE(liste_groupe[[#This Row],[Nom de l''échantillon donné par le client]],liste_groupe[[#This Row],[Dopage (+Testostérone / + EE2, ….)]]),CONCATENATE(liste_groupe[[#This Row],[Nom de l''échantillon donné par le client]],"-",liste_groupe[[#This Row],[Concentration]],liste_groupe[[#This Row],[Unité]],liste_groupe[[#This Row],[Dopage (+Testostérone / + EE2, ….)]]))) -> Testo -30µg/L | B36: Témoin | C36: 30 | D36: µg/L | E36: Testo
A37: =IF(ISBLANK(liste_groupe[[#This Row],[Code WF]])," ",IF(ISBLANK(liste_groupe[[#This Row],[Unité]]),CONCATENATE(liste_groupe[[#This Row],[Nom de l''échantillon donné par le client]],liste_groupe[[#This Row],[Dopage (+Testostérone / + EE2, ….)]]),CONCATENATE(liste_groupe[[#This Row],[Nom de l''échantillon donné par le client]],"-",liste_groupe[[#This Row],[Concentration]],liste_groupe[[#This Row],[Unité]],liste_groupe[[#This Row],[Dopage (+Testostérone / + EE2, ….)]]))) -> Testo 30µg/L + EE2 -64ng/L | B37: Témoin | C37: 64 | D37: ng/L | E37: Testo 30µg/L + EE2
A38: =IF(ISBLANK(liste_groupe[[#This Row],[Code WF]])," ",IF(ISBLANK(liste_groupe[[#This Row],[Unité]]),CONCATENATE(liste_groupe[[#This Row],[Nom de l''échantillon donné par le client]],liste_groupe[[#This Row],[Dopage (+Testostérone / + EE2, ….)]]),CONCATENATE(liste_groupe[[#This Row],[Nom de l''échantillon donné par le client]],"-",liste_groupe[[#This Row],[Concentration]],liste_groupe[[#This Row],[Unité]],liste_groupe[[#This Row],[Dopage (+Testostérone / + EE2, ….)]]))) -> Testo 30µg/L + FAD-10µg/L | B38: Témoin | C38: 10 | D38: µg/L | E38: Testo 30µg/L + FAD
A39: =IF(ISBLANK(liste_groupe[[#This Row],[Code WF]])," ",IF(ISBLANK(liste_groupe[[#This Row],[Unité]]),CONCATENATE(liste_groupe[[#This Row],[Nom de l''échantillon donné par le client]],liste_groupe[[#This Row],[Dopage (+Testostérone / + EE2, ….)]]),CONCATENATE(liste_groupe[[#This Row],[Nom de l''échantillon donné par le client]],"-",liste_groupe[[#This Row],[Concentration]],liste_groupe[[#This Row],[Unité]],liste_groupe[[#This Row],[Dopage (+Testostérone / + EE2, ….)]]))) -> Fadrozole-0.016µg/L + Testostérone | B39: =B15 -> Test | C39: =C15 -> 0.016 | D39: =D15 -> µg/L | E39: =E15 -> Fadrozole | F39: + Testostérone
A40: =IF(ISBLANK(liste_groupe[[#This Row],[Code WF]])," ",IF(ISBLANK(liste_groupe[[#This Row],[Unité]]),CONCATENATE(liste_groupe[[#This Row],[Nom de l''échantillon donné par le client]],liste_groupe[[#This Row],[Dopage (+Testostérone / + EE2, ….)]]),CONCATENATE(liste_groupe[[#This Row],[Nom de l''échantillon donné par le client]],"-",liste_groupe[[#This Row],[Concentration]],liste_groupe[[#This Row],[Unité]],liste_groupe[[#This Row],[Dopage (+Testostérone / + EE2, ….)]]))) -> Fadrozole-0.08µg/L + Testostérone | B40: =B16 -> Test | C40: =C16 -> 0.08 | D40: =D16 -> µg/L | E40: =E16 -> Fadrozole | F40: + Testostérone
A41: =IF(ISBLANK(liste_groupe[[#This Row],[Code WF]])," ",IF(ISBLANK(liste_groupe[[#This Row],[Unité]]),CONCATENATE(liste_groupe[[#This Row],[Nom de l''échantillon donné par le client]],liste_groupe[[#This Row],[Dopage (+Testostérone / + EE2, ….)]]),CONCATENATE(liste_groupe[[#This Row],[Nom de l''échantillon donné par le client]],"-",liste_groupe[[#This Row],[Concentration]],liste_groupe[[#This Row],[Unité]],liste_groupe[[#This Row],[Dopage (+Testostérone / + EE2, ….)]]))) -> Fadrozole-0.4µg/L + Testostérone | B41: =B17 -> Test | C41: =C17 -> 0.4 | D41: =D17 -> µg/L | E41: =E17 -> Fadrozole | F41: + Testostérone
A42: =IF(ISBLANK(liste_groupe[[#This Row],[Code WF]])," ",IF(ISBLANK(liste_groupe[[#This Row],[Unité]]),CONCATENATE(liste_groupe[[#This Row],[Nom de l''échantillon donné par le client]],liste_groupe[[#This Row],[Dopage (+Testostérone / + EE2, ….)]]),CONCATENATE(liste_groupe[[#This Row],[Nom de l''échantillon donné par le client]],"-",liste_groupe[[#This Row],[Concentration]],liste_groupe[[#This Row],[Unité]],liste_groupe[[#This Row],[Dopage (+Testostérone / + EE2, ….)]]))) -> Fadrozole-2µg/L + Testostérone | B42: =B18 -> Test | C42: =C18 -> 2 | D42: =D18 -> µg/L | E42: =E18 -> Fadrozole | F42: + Testostérone
A43: =IF(ISBLANK(liste_groupe[[#This Row],[Code WF]])," ",IF(ISBLANK(liste_groupe[[#This Row],[Unité]]),CONCATENATE(liste_groupe[[#This Row],[Nom de l''échantillon donné par le client]],liste_groupe[[#This Row],[Dopage (+Testostérone / + EE2, ….)]]),CONCATENATE(liste_groupe[[#This Row],[Nom de l''échantillon donné par le client]],"-",liste_groupe[[#This Row],[Concentration]],liste_groupe[[#This Row],[Unité]],liste_groupe[[#This Row],[Dopage (+Testostérone / + EE2, ….)]]))) -> Fadrozole-10 µg/L + Testostérone | B43: =B19 -> Test | C43: =C19 -> 10 | D43: =D19 -> µg/L | E43: =E19 -> Fadrozole | F43: + Testostérone
A44: =IF(ISBLANK(liste_groupe[[#This Row],[Code WF]])," ",IF(ISBLANK(liste_groupe[[#This Row],[Unité]]),CONCATENATE(liste_groupe[[#This Row],[Nom de l''échantillon donné par le client]],liste_groupe[[#This Row],[Dopage (+Testostérone / + EE2, ….)]]),CONCATENATE(liste_groupe[[#This Row],[Nom de l''échantillon donné par le client]],"-",liste_groupe[[#This Row],[Concentration]],liste_groupe[[#This Row],[Unité]],liste_groupe[[#This Row],[Dopage (+Testostérone / + EE2, ….)]]))) -> 0-00 + Testostérone | B44: =B20 -> 0 | C44: =C20 -> 0 | D44: =D20 -> 0 | E44: =E20 -> 0 | F44: + Testostérone
A45: =IF(ISBLANK(liste_groupe[[#This Row],[Code WF]])," ",IF(ISBLANK(liste_groupe[[#This Row],[Unité]]),CONCATENATE(liste_groupe[[#This Row],[Nom de l''échantillon donné par le client]],liste_groupe[[#This Row],[Dopage (+Testostérone / + EE2, ….)]]),CONCATENATE(liste_groupe[[#This Row],[Nom de l''échantillon donné par le client]],"-",liste_groupe[[#This Row],[Concentration]],liste_groupe[[#This Row],[Unité]],liste_groupe[[#This Row],[Dopage (+Testostérone / + EE2, ….)]]))) -> 0-00 + Testostérone | B45: =B21 -> 0 | C45: =C21 -> 0 | D45: =D21 -> 0 | E45: =E21 -> 0 | F45: + Testostérone
A46: =IF(ISBLANK(liste_groupe[[#This Row],[Code WF]])," ",IF(ISBLANK(liste_groupe[[#This Row],[Unité]]),CONCATENATE(liste_groupe[[#This Row],[Nom de l''échantillon donné par le client]],liste_groupe[[#This Row],[Dopage (+Testostérone / + EE2, ….)]]),CONCATENATE(liste_groupe[[#This Row],[Nom de l''échantillon donné par le client]],"-",liste_groupe[[#This Row],[Concentration]],liste_groupe[[#This Row],[Unité]],liste_groupe[[#This Row],[Dopage (+Testostérone / + EE2, ….)]]))) -> 0-00 + Testostérone | B46: =B22 -> 0 | C46: =C22 -> 0 | D46: =D22 -> 0 | E46: =E22 -> 0 | F46: + Testostérone
A47: =IF(ISBLANK(liste_groupe[[#This Row],[Code WF]])," ",IF(ISBLANK(liste_groupe[[#This Row],[Unité]]),CONCATENATE(liste_groupe[[#This Row],[Nom de l''échantillon donné par le client]],liste_groupe[[#This Row],[Dopage (+Testostérone / + EE2, ….)]]),CONCATENATE(liste_groupe[[#This Row],[Nom de l''échantillon donné par le client]],"-",liste_groupe[[#This Row],[Concentration]],liste_groupe[[#This Row],[Unité]],liste_groupe[[#This Row],[Dopage (+Testostérone / + EE2, ….)]]))) -> 0-00 + Testostérone | B47: =B23 -> 0 | C47: =C23 -> 0 | D47: =D23 -> 0 | E47: =E23 -> 0 | F47: + Testostérone
A48: =IF(ISBLANK(liste_groupe[[#This Row],[Code WF]])," ",IF(ISBLANK(liste_groupe[[#This Row],[Unité]]),CONCATENATE(liste_groupe[[#This Row],[Nom de l''échantillon donné par le client]],liste_groupe[[#This Row],[Dopage (+Testostérone / + EE2, ….)]]),CONCATENATE(liste_groupe[[#This Row],[Nom de l''échantillon donné par le client]],"-",liste_groupe[[#This Row],[Concentration]],liste_groupe[[#This Row],[Unité]],liste_groupe[[#This Row],[Dopage (+Testostérone / + EE2, ….)]]))) -> 0-00 + Testostérone | B48: =B24 -> 0 | C48: =C24 -> 0 | D48: =D24 -> 0 | E48: =E24 -> 0 | F48: + Testostérone
A49: =IF(ISBLANK(liste_groupe[[#This Row],[Code WF]])," ",IF(ISBLANK(liste_groupe[[#This Row],[Unité]]),CONCATENATE(liste_groupe[[#This Row],[Nom de l''échantillon donné par le client]],liste_groupe[[#This Row],[Dopage (+Testostérone / + EE2, ….)]]),CONCATENATE(liste_groupe[[#This Row],[Nom de l''échantillon donné par le client]],"-",liste_groupe[[#This Row],[Concentration]],liste_groupe[[#This Row],[Unité]],liste_groupe[[#This Row],[Dopage (+Testostérone / + EE2, ….)]]))) -> 0-00 + Testostérone | B49: =B25 -> 0 | C49: =C25 -> 0 | D49: =D25 -> 0 | E49: =E25 -> 0 | F49: + Testostérone
A50: =IF(ISBLANK(liste_groupe[[#This Row],[Code WF]])," ",IF(ISBLANK(liste_groupe[[#This Row],[Unité]]),CONCATENATE(liste_groupe[[#This Row],[Nom de l''échantillon donné par le client]],liste_groupe[[#This Row],[Dopage (+Testostérone / + EE2, ….)]]),CONCATENATE(liste_groupe[[#This Row],[Nom de l''échantillon donné par le client]],"-",liste_groupe[[#This Row],[Concentration]],liste_groupe[[#This Row],[Unité]],liste_groupe[[#This Row],[Dopage (+Testostérone / + EE2, ….)]]))) -> 0-00 + Testostérone | B50: =B26 -> 0 | C50: =C26 -> 0 | D50: =D26 -> 0 | E50: =E26 -> 0 | F50: + Testostérone
... A58: =IF(ISBLANK(liste_groupe[[#This Row],[Code WF]])," ",IF(ISBLANK(liste_groupe[[#This Row],[Unité]]),CONCATENATE(liste_groupe[[#This Row],[Nom de l''échantillon donné par le client]],liste_groupe[[#This Row],[Dopage (+Testostérone / + EE2, ….)]]),CONCATENATE(liste_groupe[[#This Row],[Nom de l''échantillon donné par le client]],"-",liste_groupe[[#This Row],[Concentration]],liste_groupe[[#This Row],[Unité]],liste_groupe[[#This Row],[Dopage (+Testostérone / + EE2, ….)]]))) -> 0-00 + Testostérone | B58: =B34 -> 0 | C58: =C34 -> 0 | D58: =D34 -> 0 | E58: =E34 -> 0 | F58: + Testostérone

Sheet Feuil1
A1: Nom groupe | B1: N° de valeur | C1: file name | D1: total area | E1: mean intensity | G1: total fluorescence | I1: nbre de larves
A2: 01 EE2 0 | B2: A | C2: C:\Users\Olympus\Desktop\20190122\plaque1/@01 EE2 0/A1_1.tif | D2: 4931.616 | E2: 73.0526 | G2: 360268
A3: 01 EE2 0 | B3: A | C3: C:\Users\Olympus\Desktop\20190122\plaque1/@01 EE2 0/A1_2.tif | D3: 5234.4345 | E3: 71.1281 | G3: 372315
A4: 01 EE2 0 | B4: A | C4: C:\Users\Olympus\Desktop\20190122\plaque1/@01 EE2 0/A1_3.tif | D4: 3547.3027 | E4: 66.9878 | G4: 237626
A5: 01 EE2 0 | B5: A | C5: C:\Users\Olympus\Desktop\20190122\plaque3/@01 EE2 0/A1_3.tif | D5: 21456.8555 | E5: 67.0655 | G5: 1439015
A6: 01 EE2 0 | B6: A | C6: C:\Users\Olympus\Desktop\20190122\plaque3/@01 EE2 0/A1_2.tif | D6: 21586.6348 | E6: 66.4108 | G6: 1433586
A7: 01 EE2 0 | B7: A | C7: C:\Users\Olympus\Desktop\20190122\plaque3/@01 EE2 0/A1_1.tif | D7: 15984.4921 | E7: 69.7767 | G7: 1115346

Sheet Raw data R1
A1: Nom groupe | B1: N° de valeur | C1: file name | D1: total area | E1: mean intensity | G1: total fluorescence | I1: nbre de larves | L1: (Tous)
A2: =IFERROR(LEFT(RIGHT(C2,LEN(C2)-SEARCH("@",C2)),SEARCH("/",RIGHT(C2,LEN(C2)-SEARCH("@",C2)-1))),"") | B2: =LEFT(RIGHT(RIGHT(Tableau4[[#This Row],[file name]],LEN(Tableau4[[#This Row],[file name]])-SEARCH("@",Tableau4[[#This Row],[file name]])),LEN(RIGHT(Tableau4[[#This Row],[file name]],LEN(Tableau4[[#This Row],[file name]])-SEARCH("@",Tableau4[[#This Row],[file name]])))-SEARCH("/",RIGHT(Tableau4[[#This Row],[file name]],LEN(Tableau4[[#This Row],[file name]])-SEARCH("@",Tableau4[[#This Row],[file name]])))),1) -> #VALUE! | K2: Filtre lignes : Enlever (vide) et Néant | L2: Filtre colonnes : Enlever (vide) et " "
A3: =IFERROR(LEFT(RIGHT(C3,LEN(C3)-SEARCH("@",C3)),SEARCH("/",RIGHT(C3,LEN(C3)-SEARCH("@",C3)-1))),"") | B3: =LEFT(RIGHT(RIGHT(Tableau4[[#This Row],[file name]],LEN(Tableau4[[#This Row],[file name]])-SEARCH("@",Tableau4[[#This Row],[file name]])),LEN(RIGHT(Tableau4[[#This Row],[file name]],LEN(Tableau4[[#This Row],[file name]])-SEARCH("@",Tableau4[[#This Row],[file name]])))-SEARCH("/",RIGHT(Tableau4[[#This Row],[file name]],LEN(Tableau4[[#This Row],[file name]])-SEARCH("@",Tableau4[[#This Row],[file name]])))),1) -> #VALUE! | K3: Moyenne de total fluorescence | L3: Étiquettes de colonnes
A4: =IFERROR(LEFT(RIGHT(C4,LEN(C4)-SEARCH("@",C4)),SEARCH("/",RIGHT(C4,LEN(C4)-SEARCH("@",C4)-1))),"") | B4: =LEFT(RIGHT(RIGHT(Tableau4[[#This Row],[file name]],LEN(Tableau4[[#This Row],[file name]])-SEARCH("@",Tableau4[[#This Row],[file name]])),LEN(RIGHT(Tableau4[[#This Row],[file name]],LEN(Tableau4[[#This Row],[file name]])-SEARCH("@",Tableau4[[#This Row],[file name]])))-SEARCH("/",RIGHT(Tableau4[[#This Row],[file name]],LEN(Tableau4[[#This Row],[file name]])-SEARCH("@",Tableau4[[#This Row],[file name]])))),1) -> #VALUE! | K4: Étiquettes de lignes
A5: =IFERROR(LEFT(RIGHT(C5,LEN(C5)-SEARCH("@",C5)),SEARCH("/",RIGHT(C5,LEN(C5)-SEARCH("@",C5)-1))),"") | B5: =LEFT(RIGHT(RIGHT(Tableau4[[#This Row],[file name]],LEN(Tableau4[[#This Row],[file name]])-SEARCH("@",Tableau4[[#This Row],[file name]])),LEN(RIGHT(Tableau4[[#This Row],[file name]],LEN(Tableau4[[#This Row],[file name]])-SEARCH("@",Tableau4[[#This Row],[file name]])))-SEARCH("/",RIGHT(Tableau4[[#This Row],[file name]],LEN(Tableau4[[#This Row],[file name]])-SEARCH("@",Tableau4[[#This Row],[file name]])))),1) -> #VALUE! | K5: #VALEUR!
A6: =IFERROR(LEFT(RIGHT(C6,LEN(C6)-SEARCH("@",C6)),SEARCH("/",RIGHT(C6,LEN(C6)-SEARCH("@",C6)-1))),"") | B6: =LEFT(RIGHT(RIGHT(Tableau4[[#This Row],[file name]],LEN(Tableau4[[#This Row],[file name]])-SEARCH("@",Tableau4[[#This Row],[file name]])),LEN(RIGHT(Tableau4[[#This Row],[file name]],LEN(Tableau4[[#This Row],[file name]])-SEARCH("@",Tableau4[[#This Row],[file name]])))-SEARCH("/",RIGHT(Tableau4[[#This Row],[file name]],LEN(Tableau4[[#This Row],[file name]])-SEARCH("@",Tableau4[[#This Row],[file name]])))),1) -> #VALUE!
A7: =IFERROR(LEFT(RIGHT(C7,LEN(C7)-SEARCH("@",C7)),SEARCH("/",RIGHT(C7,LEN(C7)-SEARCH("@",C7)-1))),"") | B7: =LEFT(RIGHT(RIGHT(Tableau4[[#This Row],[file name]],LEN(Tableau4[[#This Row],[file name]])-SEARCH("@",Tableau4[[#This Row],[file name]])),LEN(RIGHT(Tableau4[[#This Row],[file name]],LEN(Tableau4[[#This Row],[file name]])-SEARCH("@",Tableau4[[#This Row],[file name]])))-SEARCH("/",RIGHT(Tableau4[[#This Row],[file name]],LEN(Tableau4[[#This Row],[file name]])-SEARCH("@",Tableau4[[#This Row],[file name]])))),1) -> #VALUE!
A8: =IFERROR(LEFT(RIGHT(C8,LEN(C8)-SEARCH("@",C8)),SEARCH("/",RIGHT(C8,LEN(C8)-SEARCH("@",C8)-1))),"") | B8: =LEFT(RIGHT(RIGHT(Tableau4[[#This Row],[file name]],LEN(Tableau4[[#This Row],[file name]])-SEARCH("@",Tableau4[[#This Row],[file name]])),LEN(RIGHT(Tableau4[[#This Row],[file name]],LEN(Tableau4[[#This Row],[file name]])-SEARCH("@",Tableau4[[#This Row],[file name]])))-SEARCH("/",RIGHT(Tableau4[[#This Row],[file name]],LEN(Tableau4[[#This Row],[file name]])-SEARCH("@",Tableau4[[#This Row],[file name]])))),1) -> #VALUE!
A9: =IFERROR(LEFT(RIGHT(C9,LEN(C9)-SEARCH("@",C9)),SEARCH("/",RIGHT(C9,LEN(C9)-SEARCH("@",C9)-1))),"") | B9: =LEFT(RIGHT(RIGHT(Tableau4[[#This Row],[file name]],LEN(Tableau4[[#This Row],[file name]])-SEARCH("@",Tableau4[[#This Row],[file name]])),LEN(RIGHT(Tableau4[[#This Row],[file name]],LEN(Tableau4[[#This Row],[file name]])-SEARCH("@",Tableau4[[#This Row],[file name]])))-SEARCH("/",RIGHT(Tableau4[[#This Row],[file name]],LEN(Tableau4[[#This Row],[file name]])-SEARCH("@",Tableau4[[#This Row],[file name]])))),1) -> #VALUE!
A10: =IFERROR(LEFT(RIGHT(C10,LEN(C10)-SEARCH("@",C10)),SEARCH("/",RIGHT(C10,LEN(C10)-SEARCH("@",C10)-1))),"") | B10: =LEFT(RIGHT(RIGHT(Tableau4[[#This Row],[file name]],LEN(Tableau4[[#This Row],[file name]])-SEARCH("@",Tableau4[[#This Row],[file name]])),LEN(RIGHT(Tableau4[[#This Row],[file name]],LEN(Tableau4[[#This Row],[file name]])-SEARCH("@",Tableau4[[#This Row],[file name]])))-SEARCH("/",RIGHT(Tableau4[[#This Row],[file name]],LEN(Tableau4[[#This Row],[file name]])-SEARCH("@",Tableau4[[#This Row],[file name]])))),1) -> #VALUE!
A11: =IFERROR(LEFT(RIGHT(C11,LEN(C11)-SEARCH("@",C11)),SEARCH("/",RIGHT(C11,LEN(C11)-SEARCH("@",C11)-1))),"") | B11: =LEFT(RIGHT(RIGHT(Tableau4[[#This Row],[file name]],LEN(Tableau4[[#This Row],[file name]])-SEARCH("@",Tableau4[[#This Row],[file name]])),LEN(RIGHT(Tableau4[[#This Row],[file name]],LEN(Tableau4[[#This Row],[file name]])-SEARCH("@",Tableau4[[#This Row],[file name]])))-SEARCH("/",RIGHT(Tableau4[[#This Row],[file name]],LEN(Tableau4[[#This Row],[file name]])-SEARCH("@",Tableau4[[#This Row],[file name]])))),1) -> #VALUE!
A12: =IFERROR(LEFT(RIGHT(C12,LEN(C12)-SEARCH("@",C12)),SEARCH("/",RIGHT(C12,LEN(C12)-SEARCH("@",C12)-1))),"") | B12: =LEFT(RIGHT(RIGHT(Tableau4[[#This Row],[file name]],LEN(Tableau4[[#This Row],[file name]])-SEARCH("@",Tableau4[[#This Row],[file name]])),LEN(RIGHT(Tableau4[[#This Row],[file name]],LEN(Tableau4[[#This Row],[file name]])-SEARCH("@",Tableau4[[#This Row],[file name]])))-SEARCH("/",RIGHT(Tableau4[[#This Row],[file name]],LEN(Tableau4[[#This Row],[file name]])-SEARCH("@",Tableau4[[#This Row],[file name]])))),1) -> #VALUE!
A13: =IFERROR(LEFT(RIGHT(C13,LEN(C13)-SEARCH("@",C13)),SEARCH("/",RIGHT(C13,LEN(C13)-SEARCH("@",C13)-1))),"") | B13: =LEFT(RIGHT(RIGHT(Tableau4[[#This Row],[file name]],LEN(Tableau4[[#This Row],[file name]])-SEARCH("@",Tableau4[[#This Row],[file name]])),LEN(RIGHT(Tableau4[[#This Row],[file name]],LEN(Tableau4[[#This Row],[file name]])-SEARCH("@",Tableau4[[#This Row],[file name]])))-SEARCH("/",RIGHT(Tableau4[[#This Row],[file name]],LEN(Tableau4[[#This Row],[file name]])-SEARCH("@",Tableau4[[#This Row],[file name]])))),1) -> #VALUE!
A14: =IFERROR(LEFT(RIGHT(C14,LEN(C14)-SEARCH("@",C14)),SEARCH("/",RIGHT(C14,LEN(C14)-SEARCH("@",C14)-1))),"") | B14: =LEFT(RIGHT(RIGHT(Tableau4[[#This Row],[file name]],LEN(Tableau4[[#This Row],[file name]])-SEARCH("@",Tableau4[[#This Row],[file name]])),LEN(RIGHT(Tableau4[[#This Row],[file name]],LEN(Tableau4[[#This Row],[file name]])-SEARCH("@",Tableau4[[#This Row],[file name]])))-SEARCH("/",RIGHT(Tableau4[[#This Row],[file name]],LEN(Tableau4[[#This Row],[file name]])-SEARCH("@",Tableau4[[#This Row],[file name]])))),1) -> #VALUE!
A15: =IFERROR(LEFT(RIGHT(C15,LEN(C15)-SEARCH("@",C15)),SEARCH("/",RIGHT(C15,LEN(C15)-SEARCH("@",C15)-1))),"") | B15: =LEFT(RIGHT(RIGHT(Tableau4[[#This Row],[file name]],LEN(Tableau4[[#This Row],[file name]])-SEARCH("@",Tableau4[[#This Row],[file name]])),LEN(RIGHT(Tableau4[[#This Row],[file name]],LEN(Tableau4[[#This Row],[file name]])-SEARCH("@",Tableau4[[#This Row],[file name]])))-SEARCH("/",RIGHT(Tableau4[[#This Row],[file name]],LEN(Tableau4[[#This Row],[file name]])-SEARCH("@",Tableau4[[#This Row],[file name]])))),1) -> #VALUE!
A16: =IFERROR(LEFT(RIGHT(C16,LEN(C16)-SEARCH("@",C16)),SEARCH("/",RIGHT(C16,LEN(C16)-SEARCH("@",C16)-1))),"") | B16: =LEFT(RIGHT(RIGHT(Tableau4[[#This Row],[file name]],LEN(Tableau4[[#This Row],[file name]])-SEARCH("@",Tableau4[[#This Row],[file name]])),LEN(RIGHT(Tableau4[[#This Row],[file name]],LEN(Tableau4[[#This Row],[file name]])-SEARCH("@",Tableau4[[#This Row],[file name]])))-SEARCH("/",RIGHT(Tableau4[[#This Row],[file name]],LEN(Tableau4[[#This Row],[file name]])-SEARCH("@",Tableau4[[#This Row],[file name]])))),1) -> #VALUE!
A17: =IFERROR(LEFT(RIGHT(C17,LEN(C17)-SEARCH("@",C17)),SEARCH("/",RIGHT(C17,LEN(C17)-SEARCH("@",C17)-1))),"") | B17: =LEFT(RIGHT(RIGHT(Tableau4[[#This Row],[file name]],LEN(Tableau4[[#This Row],[file name]])-SEARCH("@",Tableau4[[#This Row],[file name]])),LEN(RIGHT(Tableau4[[#This Row],[file name]],LEN(Tableau4[[#This Row],[file name]])-SEARCH("@",Tableau4[[#This Row],[file name]])))-SEARCH("/",RIGHT(Tableau4[[#This Row],[file name]],LEN(Tableau4[[#This Row],[file name]])-SEARCH("@",Tableau4[[#This Row],[file name]])))),1) -> #VALUE!
... A1557: =IFERROR(LEFT(RIGHT(C1557,LEN(C1557)-SEARCH("@",C1557)),SEARCH("/",RIGHT(C1557,LEN(C1557)-SEARCH("@",C1557)-1))),"") | B1557: =LEFT(RIGHT(RIGHT(Tableau4[[#This Row],[file name]],LEN(Tableau4[[#This Row],[file name]])-SEARCH("@",Tableau4[[#This Row],[file name]])),LEN(RIGHT(Tableau4[[#This Row],[file name]],LEN(Tableau4[[#This Row],[file name]])-SEARCH("@",Tableau4[[#This Row],[file name]])))-SEARCH("/",RIGHT(Tableau4[[#This Row],[file name]],LEN(Tableau4[[#This Row],[file name]])-SEARCH("@",Tableau4[[#This Row],[file name]])))),1) -> #VALUE!

Sheet R1
A1: 3. Expérimentateur 1 : copier et coller les valeurs des intensités totales de fluorescences obtenues dans le fichier raw data lors du traitement des images.
A3: R1 | B3: Non dopé | O3: avec testo
A4: Noms des groupes | B4: ='Page de garde'!A7 -> Témoin solvant | C4: ='Page de garde'!A9 -> EE2-33.8ng/L | D4: ='Page de garde'!A10 -> EE2-50.6ng/L | E4: ='Page de garde'!A11 -> EE2-76ng/L | F4: ='Page de garde'!A12 -> EE2-114ng/L | G4: ='Page de garde'!A13 -> EE2-170.9ng/L | H4: ='Page de garde'!A14 -> EE2-488ng/L | I4: ='Page de garde'!A15 -> Fadrozole-0.016µg/L | J4: ='Page de garde'!A16 -> Fadrozole-0.08µg/L | K4: ='Page de garde'!A17 -> Fadrozole-0.4µg/L | L4: ='Page de garde'!A18 -> Fadrozole-2µg/L | M4: ='Page de garde'!A19 -> Fadrozole-10 µg/L | O4: ='Page de garde'!A36 -> Testo -30µg/L | P4: ='Page de garde'!A37 -> Testo 30µg/L + EE2 -64ng/L | Q4: ='Page de garde'!A38 -> Testo 30µg/L + FAD-10µg/L | R4: ='Page de garde'!A39 -> Fadrozole-0.016µg/L + Testostérone | S4: ='Page de garde'!A40 -> Fadrozole-0.08µg/L + Testostérone | T4: ='Page de garde'!A41 -> Fadrozole-0.4µg/L + Testostérone | U4: ='Page de garde'!A42 -> Fadrozole-2µg/L + Testostérone | V4: ='Page de garde'!A43 -> Fadrozole-10 µg/L + Testostérone
A5: Données brutes | B5: 158766 | C5: 57136 | D5: 186916 | E5: 1223699 | F5: 2276002 | G5: 5426030 | H5: 14275997 | I5: 305488 | J5: 100730 | K5: 460106 | L5: 95067 | M5: 135736 | O5: 819719 | P5: 3016064 | Q5: 168672 | R5: 704190 | S5: 331980 | T5: 396011 | U5: 279614 | V5: 246421
B6: 261710 | C6: 436459 | D6: 4102877 | E6: 637027 | F6: 6327600 | G6: 12479308 | H6: 5166605 | J6: 28464 | K6: 206076 | L6: 222536 | M6: 293601 | O6: 380926 | P6: 6364434 | Q6: 140088 | R6: 762324 | S6: 1216717 | T6: 3486935 | U6: 252554 | V6: 97877
B7: 101318 | C7: 309636 | D7: 163681 | E7: 1644129 | F7: 5805732 | G7: 6832013 | H7: 13720090 | I7: 77093 | J7: 268593 | K7: 80537 | L7: 45186 | M7: 262847 | O7: 46897 | P7: 5294147 | Q7: 189563 | R7: 63918 | S7: 66285 | T7: 587766 | U7: 285975 | V7: 375150
B8: 86576 | C8: 340614 | D8: 41827 | E8: 229004 | F8: 6172423 | G8: 10358241 | H8: 9790582 | I8: 78821 | J8: 47629 | K8: 338230 | L8: 310877 | M8: 56167 | O8: 6736051 | P8: 4331760 | Q8: 35504 | R8: 740718 | S8: 301847 | T8: 220674 | U8: 6326925 | V8: 107794
B9: 112558 | C9: 102767 | D9: 184680 | E9: 56960 | F9: 3221587 | G9: 1245206 | H9: 14734883 | I9: 10921 | J9: 94381 | K9: 248839 | L9: 116135 | M9: 69572 | O9: 28732 | P9: 4275985 | Q9: 45650 | R9: 2799406 | S9: 3367912 | T9: 1000867 | U9: 798422 | V9: 162300
B10: 7589 | C10: 854529 | D10: 168508 | E10: 183911 | F10: 3427207 | G10: 8430899 | H10: 11851558 | I10: 98396 | J10: 214045 | K10: 134101 | L10: 46784 | M10: 48565 | O10: 1319588 | P10: 6080033 | Q10: 58464 | R10: 323828 | S10: 4872627 | T10: 653321 | U10: 587834 | V10: 3059019
B11: 47764 | C11: 26914 | D11: 68208 | E11: 909449 | F11: 4703796 | G11: 8972192 | H11: 14321736 | I11: 19959 | J11: 590542 | K11: 21507 | L11: 103763 | M11: 42573 | O11: 2132397 | P11: 7760937 | Q11: 287830 | R11: 2090821 | S11: 615157 | T11: 408620 | U11: 200305 | V11: 68296
B12: 123468 | C12: 44440 | E12: 71596 | F12: 5762709 | G12: 7213127 | H12: 18016628 | I12: 265729 | J12: 34192 | K12: 387269 | L12: 12177 | M12: 17355 | O12: 4916 | Q12: 84801 | R12: 666750 | S12: 1324940 | T12: 348858 | U12: 309587 | V12: 220464
O13: 1283555
O14: 1050960
O15: 156410
O16: 4685186
O17: 534144
O18: 488837
O19: 78980
O20: 498265
A22: =A4 -> Noms des groupes | B22: =B4 -> Témoin solvant | C22: =C4 -> EE2-33.8ng/L | D22: =D4 -> EE2-50.6ng/L | E22: =E4 -> EE2-76ng/L | F22: =F4 -> EE2-114ng/L | G22: =G4 -> EE2-170.9ng/L | H22: =H4 -> EE2-488ng/L | ... M22: =M4 -> Fadrozole-10 µg/L | N22: Nom des groupes | O22: =O4 -> Testo -30µg/L | P22: =P4 -> Testo 30µg/L + EE2 -64ng/L | Q22: =Q4 -> Testo 30µg/L + FAD-10µg/L | R22: =R4 -> Fadrozole-0.016µg/L + Testostérone | S22: =S4 -> Fadrozole-0.08µg/L + Testostérone | T22: =T4 -> Fadrozole-0.4µg/L + Testostérone | U22: =U4 -> Fadrozole-2µg/L + Testostérone | V22: =V4 -> Fadrozole-10 µg/L + Testostérone
A23: mean | B23: =AVERAGE(B5:B20) -> 112468.62 | C23: =AVERAGE(C5:C20) -> 271561.88 | D23: =AVERAGE(D5:D20) -> 702385.29 | E23: =AVERAGE(E5:E20) -> 619471.88 | F23: =AVERAGE(F5:F20) -> 4712132 | G23: =AVERAGE(G5:G20) -> 7619627 | H23: =AVERAGE(H5:H20) -> 12734760 | I23: =AVERAGE(I5:I20) -> 122343.86 | ... M23: =AVERAGE(M5:M20) -> 115802 | N23: mean | O23: =AVERAGE(O5:O20) -> 1265347.7 | P23: =AVERAGE(P5:P20) -> 5303337.1 | Q23: =AVERAGE(Q5:Q20) -> 126321.5 | R23: =AVERAGE(R5:R20) -> 1018994.4 | S23: =AVERAGE(S5:S20) -> 1512183.1 | T23: =AVERAGE(T5:T20) -> 887881.5 | U23: =AVERAGE(U5:U20) -> 1130152 | V23: =AVERAGE(V5:V20) -> 542165.12
A24: SD | B24: =STDEV(B5:B20) -> 76081.364 | C24: =STDEV(C5:C20) -> 282632.18 | D24: =STDEV(D5:D20) -> 1500600.8 | E24: =STDEV(E5:E20) -> 592594 | F24: =STDEV(F5:F20) -> 1551470 | G24: =STDEV(G5:G20) -> 3377124.5 | H24: =STDEV(H5:H20) -> 3863540.2 | I24: =STDEV(I5:I20) -> 116557.69 | ... M24: =STDEV(M5:M20) -> 106167.48 | N24: SD | O24: =STDEV(O5:O20) -> 1868537.2 | P24: =STDEV(P5:P20) -> 1581144 | Q24: =STDEV(Q5:Q20) -> 87138.532 | R24: =STDEV(R5:R20) -> 932017.81 | S24: =STDEV(S5:S20) -> 1715964.7 | T24: =STDEV(T5:T20) -> 1077051.1 | U24: =STDEV(U5:U20) -> 2109663.9 | V24: =STDEV(V5:V20) -> 1021785.8
B26: Non dopé | O26: avec testo
A27: Noms des groupes | B27: =B4 -> Témoin solvant | C27: =C4 -> EE2-33.8ng/L | D27: =D4 -> EE2-50.6ng/L | E27: =E4 -> EE2-76ng/L | F27: =F4 -> EE2-114ng/L | G27: =G4 -> EE2-170.9ng/L | H27: =H4 -> EE2-488ng/L | I27: =I4 -> Fadrozole-0.016µg/L | ... M27: =M4 -> Fadrozole-10 µg/L | O27: =O4 -> Testo -30µg/L | P27: =P4 -> Testo 30µg/L + EE2 -64ng/L | Q27: =Q4 -> Testo 30µg/L + FAD-10µg/L | R27: =R4 -> Fadrozole-0.016µg/L + Testostérone | S27: =S4 -> Fadrozole-0.08µg/L + Testostérone | T27: =T4 -> Fadrozole-0.4µg/L + Testostérone | U27: =U4 -> Fadrozole-2µg/L + Testostérone | V27: =V4 -> Fadrozole-10 µg/L + Testostérone
A28: Données normalisées sur la moyenne du groupe "Testo" | B28: =IF(B5="","",(B5/$O$23)) -> 0.12547223 | C28: =IF(C5="","",(C5/$O$23)) -> 0.045154388 | D28: =IF(D5="","",(D5/$O$23)) -> 0.14771908 | E28: =IF(E5="","",(E5/$O$23)) -> 0.96708518 | F28: =IF(F5="","",(F5/$O$23)) -> 1.7987167 | G28: =IF(G5="","",(G5/$O$23)) -> 4.2881732 | H28: =IF(H5="","",(H5/$O$23)) -> 11.282272 | I28: =IF(I5="","",(I5/$O$23)) -> 0.24142613 | ... M28: =IF(M5="","",(M5/$O$23)) -> 0.1072717 | O28: =IF(O5="","",(O5/$O$23)) -> 0.64782115 | P28: =IF(P5="","",(P5/$O$23)) -> 2.3835852 | Q28: =IF(Q5="","",(Q5/$O$23)) -> 0.13330091 | R28: =IF(R5="","",(R5/$O$23)) -> 0.55651898 | S28: =IF(S5="","",(S5/$O$23)) -> 0.26236267 | T28: =IF(T5="","",(T5/$O$23)) -> 0.31296615 | U28: =IF(U5="","",(U5/$O$23)) -> 0.220978 | V28: =IF(V5="","",(V5/$O$23)) -> 0.19474568
B29: =IF(B6="","",(B6/$O$23)) -> 0.20682853 | C29: =IF(C6="","",(C6/$O$23)) -> 0.34493207 | D29: =IF(D6="","",(D6/$O$23)) -> 3.2424898 | E29: =IF(E6="","",(E6/$O$23)) -> 0.50344028 | F29: =IF(F6="","",(F6/$O$23)) -> 5.0006809 | G29: =IF(G6="","",(G6/$O$23)) -> 9.8623549 | H29: =IF(H6="","",(H6/$O$23)) -> 4.0831505 | I29: =IF(I6="","",(I6/$O$23)) | ... M29: =IF(M6="","",(M6/$O$23)) -> 0.23203188 | O29: =IF(O6="","",(O6/$O$23)) -> 0.30104453 | P29: =IF(P6="","",(P6/$O$23)) -> 5.0297907 | Q29: =IF(Q6="","",(Q6/$O$23)) -> 0.11071107 | R29: =IF(R6="","",(R6/$O$23)) -> 0.60246208 | S29: =IF(S6="","",(S6/$O$23)) -> 0.96156733 | T29: =IF(T6="","",(T6/$O$23)) -> 2.7557129 | U29: =IF(U6="","",(U6/$O$23)) -> 0.19959257 | V29: =IF(V6="","",(V6/$O$23)) -> 0.077351862
B30: =IF(B7="","",(B7/$O$23)) -> 0.080071273 | C30: =IF(C7="","",(C7/$O$23)) -> 0.24470428 | D30: =IF(D7="","",(D7/$O$23)) -> 0.12935654 | E30: =IF(E7="","",(E7/$O$23)) -> 1.2993496 | F30: =IF(F7="","",(F7/$O$23)) -> 4.5882504 | G30: =IF(G7="","",(G7/$O$23)) -> 5.3993168 | H30: =IF(H7="","",(H7/$O$23)) -> 10.842941 | I30: =IF(I7="","",(I7/$O$23)) -> 0.060926337 | ... M30: =IF(M7="","",(M7/$O$23)) -> 0.2077271 | O30: =IF(O7="","",(O7/$O$23)) -> 0.037062541 | P30: =IF(P7="","",(P7/$O$23)) -> 4.1839465 | Q30: =IF(Q7="","",(Q7/$O$23)) -> 0.149811 | R30: =IF(R7="","",(R7/$O$23)) -> 0.050514179 | S30: =IF(S7="","",(S7/$O$23)) -> 0.052384811 | T30: =IF(T7="","",(T7/$O$23)) -> 0.46450948 | U30: =IF(U7="","",(U7/$O$23)) -> 0.22600508 | V30: =IF(V7="","",(V7/$O$23)) -> 0.29647978
B31: =IF(B8="","",(B8/$O$23)) -> 0.06842072 | C31: =IF(C8="","",(C8/$O$23)) -> 0.26918609 | D31: =IF(D8="","",(D8/$O$23)) -> 0.033055737 | E31: =IF(E8="","",(E8/$O$23)) -> 0.18098109 | F31: =IF(F8="","",(F8/$O$23)) -> 4.878045 | G31: =IF(G8="","",(G8/$O$23)) -> 8.1860828 | H31: =IF(H8="","",(H8/$O$23)) -> 7.7374639 | I31: =IF(I8="","",(I8/$O$23)) -> 0.06229197 | ... M31: =IF(M8="","",(M8/$O$23)) -> 0.04438859 | O31: =IF(O8="","",(O8/$O$23)) -> 5.3234783 | P31: =IF(P8="","",(P8/$O$23)) -> 3.4233753 | Q31: =IF(Q8="","",(Q8/$O$23)) -> 0.028058691 | R31: =IF(R8="","",(R8/$O$23)) -> 0.58538693 | S31: =IF(S8="","",(S8/$O$23)) -> 0.23854866 | T31: =IF(T8="","",(T8/$O$23)) -> 0.17439792 | U31: =IF(U8="","",(U8/$O$23)) -> 5.0001474 | V31: =IF(V8="","",(V8/$O$23)) -> 0.085189234
B32: =IF(B9="","",(B9/$O$23)) -> 0.088954207 | C32: =IF(C9="","",(C9/$O$23)) -> 0.081216413 | D32: =IF(D9="","",(D9/$O$23)) -> 0.14595198 | E32: =IF(E9="","",(E9/$O$23)) -> 0.045015295 | F32: =IF(F9="","",(F9/$O$23)) -> 2.5460093 | G32: =IF(G9="","",(G9/$O$23)) -> 0.98408209 | H32: =IF(H9="","",(H9/$O$23)) -> 11.644928 | I32: =IF(I9="","",(I9/$O$23)) -> 0.0086308294 | ... M32: =IF(M9="","",(M9/$O$23)) -> 0.054982516 | O32: =IF(O9="","",(O9/$O$23)) -> 0.022706802 | P32: =IF(P9="","",(P9/$O$23)) -> 3.3792965 | Q32: =IF(Q9="","",(Q9/$O$23)) -> 0.036077041 | R32: =IF(R9="","",(R9/$O$23)) -> 2.2123611 | S32: =IF(S9="","",(S9/$O$23)) -> 2.6616495 | T32: =IF(T9="","",(T9/$O$23)) -> 0.79098181 | U32: =IF(U9="","",(U9/$O$23)) -> 0.63099021 | V32: =IF(V9="","",(V9/$O$23)) -> 0.12826514
B33: =IF(B10="","",(B10/$O$23)) -> 0.005997561 | C33: =IF(C10="","",(C10/$O$23)) -> 0.67533138 | D33: =IF(D10="","",(D10/$O$23)) -> 0.1331713 | E33: =IF(E10="","",(E10/$O$23)) -> 0.14534424 | F33: =IF(F10="","",(F10/$O$23)) -> 2.7085101 | G33: =IF(G10="","",(G10/$O$23)) -> 6.662911 | H33: =IF(H10="","",(H10/$O$23)) -> 9.3662462 | I33: =IF(I10="","",(I10/$O$23)) -> 0.077762026 | ... M33: =IF(M10="","",(M10/$O$23)) -> 0.038380755 | O33: =IF(O10="","",(O10/$O$23)) -> 1.0428659 | P33: =IF(P10="","",(P10/$O$23)) -> 4.8050295 | Q33: =IF(Q10="","",(Q10/$O$23)) -> 0.046203902 | R33: =IF(R10="","",(R10/$O$23)) -> 0.25592017 | S33: =IF(S10="","",(S10/$O$23)) -> 3.8508206 | T33: =IF(T10="","",(T10/$O$23)) -> 0.51631738 | U33: =IF(U10="","",(U10/$O$23)) -> 0.46456322 | V33: =IF(V10="","",(V10/$O$23)) -> 2.4175324
B34: =IF(B11="","",(B11/$O$23)) -> 0.037747728 | C34: =IF(C11="","",(C11/$O$23)) -> 0.021270043 | D34: =IF(D11="","",(D11/$O$23)) -> 0.053904552 | E34: =IF(E11="","",(E11/$O$23)) -> 0.71873447 | F34: =IF(F11="","",(F11/$O$23)) -> 3.7173941 | G34: =IF(G11="","",(G11/$O$23)) -> 7.090693 | H34: =IF(H11="","",(H11/$O$23)) -> 11.31842 | I34: =IF(I11="","",(I11/$O$23)) -> 0.01577353 | ... M34: =IF(M11="","",(M11/$O$23)) -> 0.033645298 | O34: =IF(O11="","",(O11/$O$23)) -> 1.6852261 | P34: =IF(P11="","",(P11/$O$23)) -> 6.1334423 | Q34: =IF(Q11="","",(Q11/$O$23)) -> 0.22747108 | R34: =IF(R11="","",(R11/$O$23)) -> 1.6523688 | S34: =IF(S11="","",(S11/$O$23)) -> 0.4861565 | T34: =IF(T11="","",(T11/$O$23)) -> 0.322931 | U34: =IF(U11="","",(U11/$O$23)) -> 0.15830036 | V34: =IF(V11="","",(V11/$O$23)) -> 0.053974098
B35: =IF(B12="","",(B12/$O$23)) -> 0.097576343 | C35: =IF(C12="","",(C12/$O$23)) -> 0.035120782 | D35: =IF(D12="","",(D12/$O$23)) | E35: =IF(E12="","",(E12/$O$23)) -> 0.056582077 | F35: =IF(F12="","",(F12/$O$23)) -> 4.5542494 | G35: =IF(G12="","",(G12/$O$23)) -> 5.7005099 | H35: =IF(H12="","",(H12/$O$23)) -> 14.23848 | I35: =IF(I12="","",(I12/$O$23)) -> 0.21000473 | ... M35: =IF(M12="","",(M12/$O$23)) -> 0.013715598 | O35: =IF(O12="","",(O12/$O$23)) -> 0.0038850982 | P35: =IF(P12="","",(P12/$O$23)) | Q35: =IF(Q12="","",(Q12/$O$23)) -> 0.067017944 | R35: =IF(R12="","",(R12/$O$23)) -> 0.52693027 | S35: =IF(S12="","",(S12/$O$23)) -> 1.0470956 | T35: =IF(T12="","",(T12/$O$23)) -> 0.2757013 | U35: =IF(U12="","",(U12/$O$23)) -> 0.24466556 | V35: =IF(V12="","",(V12/$O$23)) -> 0.17423195
B36: =IF(B13="","",(B13/$O$23)) | C36: =IF(C13="","",(C13/$O$23)) | D36: =IF(D13="","",(D13/$O$23)) | E36: =IF(E13="","",(E13/$O$23)) | F36: =IF(F13="","",(F13/$O$23)) | G36: =IF(G13="","",(G13/$O$23)) | H36: =IF(H13="","",(H13/$O$23)) | I36: =IF(I13="","",(I13/$O$23)) | ... M36: =IF(M13="","",(M13/$O$23)) | O36: =IF(O13="","",(O13/$O$23)) -> 1.0143892 | P36: =IF(P13="","",(P13/$O$23)) | Q36: =IF(Q13="","",(Q13/$O$23)) | R36: =IF(R13="","",(R13/$O$23)) | S36: =IF(S13="","",(S13/$O$23)) | T36: =IF(T13="","",(T13/$O$23)) | U36: =IF(U13="","",(U13/$O$23)) | V36: =IF(V13="","",(V13/$O$23))
B37: =IF(B14="","",(B14/$O$23)) | C37: =IF(C14="","",(C14/$O$23)) | D37: =IF(D14="","",(D14/$O$23)) | E37: =IF(E14="","",(E14/$O$23)) | F37: =IF(F14="","",(F14/$O$23)) | G37: =IF(G14="","",(G14/$O$23)) | H37: =IF(H14="","",(H14/$O$23)) | I37: =IF(I14="","",(I14/$O$23)) | ... M37: =IF(M14="","",(M14/$O$23)) | O37: =IF(O14="","",(O14/$O$23)) -> 0.83057014 | P37: =IF(P14="","",(P14/$O$23)) | Q37: =IF(Q14="","",(Q14/$O$23)) | R37: =IF(R14="","",(R14/$O$23)) | S37: =IF(S14="","",(S14/$O$23)) | T37: =IF(T14="","",(T14/$O$23)) | U37: =IF(U14="","",(U14/$O$23)) | V37: =IF(V14="","",(V14/$O$23))
B38: =IF(B15="","",(B15/$O$23)) | C38: =IF(C15="","",(C15/$O$23)) | D38: =IF(D15="","",(D15/$O$23)) | E38: =IF(E15="","",(E15/$O$23)) | F38: =IF(F15="","",(F15/$O$23)) | G38: =IF(G15="","",(G15/$O$23)) | H38: =IF(H15="","",(H15/$O$23)) | I38: =IF(I15="","",(I15/$O$23)) | ... M38: =IF(M15="","",(M15/$O$23)) | O38: =IF(O15="","",(O15/$O$23)) -> 0.12361029 | P38: =IF(P15="","",(P15/$O$23)) | Q38: =IF(Q15="","",(Q15/$O$23)) | R38: =IF(R15="","",(R15/$O$23)) | S38: =IF(S15="","",(S15/$O$23)) | T38: =IF(T15="","",(T15/$O$23)) | U38: =IF(U15="","",(U15/$O$23)) | V38: =IF(V15="","",(V15/$O$23))
B39: =IF(B16="","",(B16/$O$23)) | C39: =IF(C16="","",(C16/$O$23)) | D39: =IF(D16="","",(D16/$O$23)) | E39: =IF(E16="","",(E16/$O$23)) | F39: =IF(F16="","",(F16/$O$23)) | G39: =IF(G16="","",(G16/$O$23)) | H39: =IF(H16="","",(H16/$O$23)) | I39: =IF(I16="","",(I16/$O$23)) | ... M39: =IF(M16="","",(M16/$O$23)) | O39: =IF(O16="","",(O16/$O$23)) -> 3.7026867 | P39: =IF(P16="","",(P16/$O$23)) | Q39: =IF(Q16="","",(Q16/$O$23)) | R39: =IF(R16="","",(R16/$O$23)) | S39: =IF(S16="","",(S16/$O$23)) | T39: =IF(T16="","",(T16/$O$23)) | U39: =IF(U16="","",(U16/$O$23)) | V39: =IF(V16="","",(V16/$O$23))
B40: =IF(B17="","",(B17/$O$23)) | C40: =IF(C17="","",(C17/$O$23)) | D40: =IF(D17="","",(D17/$O$23)) | E40: =IF(E17="","",(E17/$O$23)) | F40: =IF(F17="","",(F17/$O$23)) | G40: =IF(G17="","",(G17/$O$23)) | H40: =IF(H17="","",(H17/$O$23)) | I40: =IF(I17="","",(I17/$O$23)) | ... M40: =IF(M17="","",(M17/$O$23)) | O40: =IF(O17="","",(O17/$O$23)) -> 0.4221322 | P40: =IF(P17="","",(P17/$O$23)) | Q40: =IF(Q17="","",(Q17/$O$23)) | R40: =IF(R17="","",(R17/$O$23)) | S40: =IF(S17="","",(S17/$O$23)) | T40: =IF(T17="","",(T17/$O$23)) | U40: =IF(U17="","",(U17/$O$23)) | V40: =IF(V17="","",(V17/$O$23))
... B43: =IF(B20="","",(B20/$O$23)) | C43: =IF(C20="","",(C20/$O$23)) | D43: =IF(D20="","",(D20/$O$23)) | E43: =IF(E20="","",(E20/$O$23)) | F43: =IF(F20="","",(F20/$O$23)) | G43: =IF(G20="","",(G20/$O$23)) | H43: =IF(H20="","",(H20/$O$23)) | I43: =IF(I20="","",(I20/$O$23)) | ... M43: =IF(M20="","",(M20/$O$23)) | O43: =IF(O20="","",(O20/$O$23)) -> 0.39377715 | P43: =IF(P20="","",(P20/$O$23)) | Q43: =IF(Q20="","",(Q20/$O$23)) | R43: =IF(R20="","",(R20/$O$23)) | S43: =IF(S20="","",(S20/$O$23)) | T43: =IF(T20="","",(T20/$O$23)) | U43: =IF(U20="","",(U20/$O$23)) | V43: =IF(V20="","",(V20/$O$23))
A45: =A4 -> Noms des groupes | B45: =B4 -> Témoin solvant | C45: =C4 -> EE2-33.8ng/L | D45: =D4 -> EE2-50.6ng/L | E45: =E4 -> EE2-76ng/L | F45: =F4 -> EE2-114ng/L | G45: =G4 -> EE2-170.9ng/L | H45: =H4 -> EE2-488ng/L | ... M45: =M4 -> Fadrozole-10 µg/L | N45: =N22 -> Nom des groupes | O45: =O4 -> Testo -30µg/L | P45: =P4 -> Testo 30µg/L + EE2 -64ng/L | Q45: =Q4 -> Testo 30µg/L + FAD-10µg/L | R45: =R4 -> Fadrozole-0.016µg/L + Testostérone | S45: =S4 -> Fadrozole-0.08µg/L + Testostérone | T45: =T4 -> Fadrozole-0.4µg/L + Testostérone | U45: =U4 -> Fadrozole-2µg/L + Testostérone | V45: =V4 -> Fadrozole-10 µg/L + Testostérone
A46: mean | B46: =AVERAGE(B28:B43) -> 0.088883574 | C46: =AVERAGE(C28:C43) -> 0.21461443 | D46: =AVERAGE(D28:D43) -> 0.55509272 | E46: =AVERAGE(E28:E43) -> 0.48956653 | F46: =AVERAGE(F28:F43) -> 3.723982 | G46: =AVERAGE(G28:G43) -> 6.0217655 | H46: =AVERAGE(H28:H43) -> 10.064238 | I46: =AVERAGE(I28:I43) -> 0.096687937 | ... M46: =AVERAGE(M28:M43) -> 0.091517929 | N46: mean | O46: =AVERAGE(O28:O43) -> 1 | P46: =AVERAGE(P28:P43) -> 4.1912094 | Q46: =AVERAGE(Q28:Q43) -> 0.099831454 | R46: =AVERAGE(R28:R43) -> 0.80530781 | S46: =AVERAGE(S28:S43) -> 1.1950732 | T46: =AVERAGE(T28:T43) -> 0.70168975 | U46: =AVERAGE(U28:U43) -> 0.89315531 | V46: =AVERAGE(V28:V43) -> 0.42847127
A47: SD | B47: =STDEV(B28:B43) -> 0.060126845 | C47: =STDEV(C28:C43) -> 0.22336326 | D47: =STDEV(D28:D43) -> 1.1859197 | E47: =STDEV(E28:E43) -> 0.46832504 | F47: =STDEV(F28:F43) -> 1.2261215 | G47: =STDEV(G28:G43) -> 2.6689301 | H47: =STDEV(H28:H43) -> 3.0533428 | I47: =STDEV(I28:I43) -> 0.092115147 | ... M47: =STDEV(M28:M43) -> 0.083903802 | N47: SD | O47: =STDEV(O28:O43) -> 1.4766986 | P47: =STDEV(P28:P43) -> 1.2495727 | Q47: =STDEV(Q28:Q43) -> 0.068865287 | R47: =STDEV(R28:R43) -> 0.73657052 | S47: =STDEV(S28:S43) -> 1.3561211 | T47: =STDEV(T28:T43) -> 0.85118982 | U47: =STDEV(U28:U43) -> 1.6672603 | V47: =STDEV(V28:V43) -> 0.80751385
A48: SEM | B48: =B47/SQRT(COUNT(B28:B43)) -> 0.02125805 | C48: =C47/SQRT(COUNT(C28:C43)) -> 0.078970838 | D48: =D47/SQRT(COUNT(D28:D43)) -> 0.44823553 | E48: =E47/SQRT(COUNT(E28:E43)) -> 0.16557791 | F48: =F47/SQRT(COUNT(F28:F43)) -> 0.43349943 | G48: =G47/SQRT(COUNT(G28:G43)) -> 0.94360928 | H48: =H47/SQRT(COUNT(H28:H43)) -> 1.0795197 | I48: =I47/SQRT(COUNT(I28:I43)) -> 0.034816253 | ... M48: =M47/SQRT(COUNT(M28:M43)) -> 0.029664474 | N48: SEM | O48: =O47/SQRT(COUNT(O28:O43)) -> 0.36917466 | P48: =P47/SQRT(COUNT(P28:P43)) -> 0.4722941 | Q48: =Q47/SQRT(COUNT(Q28:Q43)) -> 0.024347556 | R48: =R47/SQRT(COUNT(R28:R43)) -> 0.26041701 | S48: =S47/SQRT(COUNT(S28:S43)) -> 0.4794612 | T48: =T47/SQRT(COUNT(T28:T43)) -> 0.30094105 | U48: =U47/SQRT(COUNT(U28:U43)) -> 0.58946552 | V48: =V47/SQRT(COUNT(V28:V43)) -> 0.28549926
A50: 4. Expérimentateur 1 : réaliser les tests statistiques avec les données normalisées et renseigner les résultats ainsi que le test statistique utilisé dans le tableau violet.
A52: =A27 -> Noms des groupes | B52: =B27 -> Témoin solvant | C52: =C27 -> EE2-33.8ng/L | D52: =D27 -> EE2-50.6ng/L | E52: =E27 -> EE2-76ng/L | F52: =F27 -> EE2-114ng/L | G52: =G27 -> EE2-170.9ng/L | H52: =H27 -> EE2-488ng/L | I52: =I4 -> Fadrozole-0.016µg/L | J52: =J4 -> Fadrozole-0.08µg/L | K52: =K27 -> Fadrozole-0.4µg/L | L52: =L27 -> Fadrozole-2µg/L | M52: =M27 -> Fadrozole-10 µg/L | O52: =O27 -> Testo -30µg/L | P52: =P27 -> Testo 30µg/L + EE2 -64ng/L | Q52: =Q27 -> Testo 30µg/L + FAD-10µg/L | R52: =R27 -> Fadrozole-0.016µg/L + Testostérone | S52: =S27 -> Fadrozole-0.08µg/L + Testostérone | T52: =T27 -> Fadrozole-0.4µg/L + Testostérone | U52: =U27 -> Fadrozole-2µg/L + Testostérone | V52: =V27 -> Fadrozole-10 µg/L + Testostérone
A53: Mean | B53: =B46 -> 0.088883574 | C53: =C46 -> 0.21461443 | D53: =D46 -> 0.55509272 | E53: =E46 -> 0.48956653 | F53: =F46 -> 3.723982 | G53: =G46 -> 6.0217655 | H53: =H46 -> 10.064238 | I53: =I46 -> 0.096687937 | ... M53: =M46 -> 0.091517929 | O53: =O46 -> 1 | P53: =P46 -> 4.1912094 | Q53: =Q46 -> 0.099831454 | R53: =R46 -> 0.80530781 | S53: =S46 -> 1.1950732 | T53: =T46 -> 0.70168975 | U53: =U46 -> 0.89315531 | V53: =V46 -> 0.42847127
A54: SEM | B54: =B48 -> 0.02125805 | C54: =C48 -> 0.078970838 | D54: =D48 -> 0.44823553 | E54: =E48 -> 0.16557791 | F54: =F48 -> 0.43349943 | G54: =G48 -> 0.94360928 | H54: =H48 -> 1.0795197 | I54: =I48 -> 0.034816253 | ... M54: =M48 -> 0.029664474 | O54: =O48 -> 0.36917466 | P54: =P48 -> 0.4722941 | Q54: =Q48 -> 0.024347556 | R54: =R48 -> 0.26041701 | S54: =S48 -> 0.4794612 | T54: =T48 -> 0.30094105 | U54: =U48 -> 0.58946552 | V54: =V48 -> 0.28549926
A55: % induction | B55: =(B53*100/$B$53)-100 -> 0 | C55: =(C53*100/$B$53)-100 -> 141.45567 | D55: =(D53*100/$B$53)-100 -> 524.51665 | E55: =(E53*100/$B$53)-100 -> 450.79528 | F55: =(F53*100/$B$53)-100 -> 4089.7302 | G55: =(G53*100/$B$53)-100 -> 6674.8912 | H55: =(H53*100/$B$53)-100 -> 11222.944 | I55: =(I53*100/$B$53)-100 -> 8.7804329 | ... M55: =(M53*100/$B$53)-100 -> 2.9638266 | O55: =(O53*100/$O$53)-100 -> 0 | P55: =(P53*100/$O$53)-100 -> 319.12094 | Q55: =(Q53*100/$O$53)-100 -> -90.016855 | R55: =(R53*100/$O$53)-100 -> -19.469219 | S55: =(S53*100/$O$53)-100 -> 19.507321 | T55: =(T53*100/$O$53)-100 -> -29.831025 | U55: =(U53*100/$O$53)-100 -> -10.684469 | V55: =(V53*100/$O$53)-100 -> -57.152873
A56: Test de normalité : valeur du p | B56: =[1]!SWTEST(B28:B43) -> #NAME? | C56: =[1]!SWTEST(C28:C43) -> #NAME? | D56: =[1]!SWTEST(D28:D43) -> #NAME? | E56: =[1]!SWTEST(E28:E43) -> #NAME? | F56: =[1]!SWTEST(F28:F43) -> #NAME? | G56: =[1]!SWTEST(G28:G43) -> #NAME? | H56: =[1]!SWTEST(H28:H43) -> #NAME? | I56: =[1]!SWTEST(I28:I43) -> #NAME? | ... M56: =[1]!SWTEST(M28:M43) -> #NAME? | O56: =[1]!SWTEST(O28:O43) -> #NAME? | P56: =[1]!SWTEST(P28:P43) -> #NAME? | Q56: =[1]!SWTEST(Q28:Q43) -> #NAME? | R56: =[1]!SWTEST(R28:R43) -> #NAME? | S56: =[1]!SWTEST(S28:S43) -> #NAME? | T56: =[1]!SWTEST(T28:T43) -> #NAME? | U56: =[1]!SWTEST(U28:U43) -> #NAME? | V56: =[1]!SWTEST(V28:V43) -> #NAME?
A57: Test de normalité : résultat normal? | B57: =IF(B56>0.05,"Oui","Non") -> #NAME? | C57: =IF(C56>0.05,"Oui","Non") -> #NAME? | D57: =IF(D56>0.05,"Oui","Non") -> #NAME? | E57: =IF(E56>0.05,"Oui","Non") -> #NAME? | F57: =IF(F56>0.05,"Oui","Non") -> #NAME? | G57: =IF(G56>0.05,"Oui","Non") -> #NAME? | H57: =IF(H56>0.05,"Oui","Non") -> #NAME? | I57: =IF(I56>0.05,"Oui","Non") -> #NAME? | ... M57: =IF(M56>0.05,"Oui","Non") -> #NAME? | O57: =IF(O56>0.05,"Oui","Non") -> #NAME? | P57: =IF(P56>0.05,"Oui","Non") -> #NAME? | Q57: =IF(Q56>0.05,"Oui","Non") -> #NAME? | R57: =IF(R56>0.05,"Oui","Non") -> #NAME? | S57: =IF(S56>0.05,"Oui","Non") -> #NAME? | T57: =IF(T56>0.05,"Oui","Non") -> #NAME? | U57: =IF(U56>0.05,"Oui","Non") -> #NAME? | V57: =IF(V56>0.05,"Oui","Non") -> #NAME?
A59: Test statistique utilisé | C59: =IF($B57="Non",IF(C$57="Non","Mann Withney",IF(C$57="Oui","Mann Withney","")),IF($B$57="Oui",IF(C$57="Oui","T-Test Welch",IF(C$57="Non","Mann Withney","")))) -> #NAME? | D59: =IF($B57="Non",IF(D$57="Non","Mann Withney",IF(D$57="Oui","Mann Withney","")),IF($B$57="Oui",IF(D$57="Oui","T-Test Welch",IF(D$57="Non","Mann Withney","")))) -> #NAME? | E59: =IF($B57="Non",IF(E$57="Non","Mann Withney",IF(E$57="Oui","Mann Withney","")),IF($B$57="Oui",IF(E$57="Oui","T-Test Welch",IF(E$57="Non","Mann Withney","")))) -> #NAME? | F59: =IF($B57="Non",IF(F$57="Non","Mann Withney",IF(F$57="Oui","Mann Withney","")),IF($B$57="Oui",IF(F$57="Oui","T-Test Welch",IF(F$57="Non","Mann Withney","")))) -> #NAME? | G59: =IF($B57="Non",IF(G$57="Non","Mann Withney",IF(G$57="Oui","Mann Withney","")),IF($B$57="Oui",IF(G$57="Oui","T-Test Welch",IF(G$57="Non","Mann Withney","")))) -> #NAME? | H59: =IF($B57="Non",IF(H$57="Non","Mann Withney",IF(H$57="Oui","Mann Withney","")),IF($B$57="Oui",IF(H$57="Oui","T-Test Welch",IF(H$57="Non","Mann Withney","")))) -> #NAME? | I59: =IF($B57="Non",IF(I$57="Non","Mann Withney",IF(I$57="Oui","Mann Withney","")),IF($B$57="Oui",IF(I$57="Oui","T-Test Welch",IF(I$57="Non","Mann Withney","")))) -> #NAME? | J59: =IF($B57="Non",IF(J$57="Non","Mann Withney",IF(J$57="Oui","Mann Withney","")),IF($B$57="Oui",IF(J$57="Oui","T-Test Welch",IF(J$57="Non","Mann Withney","")))) -> #NAME? | ... M59: =IF($B57="Non",IF(M$57="Non","Mann Withney",IF(M$57="Oui","Mann Withney","")),IF($B$57="Oui",IF(M$57="Oui","T-Test Welch",IF(M$57="Non","Mann Withney","")))) -> #NAME? | O59: =IF($B57="Non",IF(O$57="Non","Mann Withney",IF(O$57="Oui","Mann Withney","")),IF($B$57="Oui",IF(O$57="Oui","T-Test Welch",IF(O$57="Non","Mann Withney","")))) -> #NAME? | P59: =IF($O57="Non",IF(P$57="Non","Mann Withney",IF(P$57="Oui","Mann Withney","")),IF($O$57="Oui",IF(P$57="Oui","T-Test Welch",IF(P$57="Non","Mann Withney","")))) -> #NAME? | Q59: =IF($O57="Non",IF(Q$57="Non","Mann Withney",IF(Q$57="Oui","Mann Withney","")),IF($O$57="Oui",IF(Q$57="Oui","T-Test Welch",IF(Q$57="Non","Mann Withney","")))) -> #NAME? | R59: =IF($O57="Non",IF(R$57="Non","Mann Withney",IF(R$57="Oui","Mann Withney","")),IF($O$57="Oui",IF(R$57="Oui","T-Test Welch",IF(R$57="Non","Mann Withney","")))) -> #NAME? | S59: =IF($O57="Non",IF(S$57="Non","Mann Withney",IF(S$57="Oui","Mann Withney","")),IF($O$57="Oui",IF(S$57="Oui","T-Test Welch",IF(S$57="Non","Mann Withney","")))) -> #NAME? | T59: =IF($O57="Non",IF(T$57="Non","Mann Withney",IF(T$57="Oui","Mann Withney","")),IF($O$57="Oui",IF(T$57="Oui","T-Test Welch",IF(T$57="Non","Mann Withney","")))) -> #NAME? | U59: =IF($O57="Non",IF(U$57="Non","Mann Withney",IF(U$57="Oui","Mann Withney","")),IF($O$57="Oui",IF(U$57="Oui","T-Test Welch",IF(U$57="Non","Mann Withney","")))) -> #NAME? | V59: =IF($O57="Non",IF(V$57="Non","Mann Withney",IF(V$57="Oui","Mann Withney","")),IF($O$57="Oui",IF(V$57="Oui","T-Test Welch",IF(V$57="Non","Mann Withney","")))) -> #NAME?
A60: Test statistique : valeur du p | C60: =IF(C59="Mann Withney",[1]!MTEST($B28:$B43,C28:C43,2), IF(C59="T-Test Welch",_xlfn.T.TEST($B28:$B43,C28:C43,2,3),"")) -> #NAME? | D60: =IF(D59="Mann Withney",[1]!MTEST($B28:$B43,D28:D43,2), IF(D59="T-Test Welch",_xlfn.T.TEST($B28:$B43,D28:D43,2,3),"")) -> #NAME? | E60: =IF(E59="Mann Withney",[1]!MTEST($B28:$B43,E28:E43,2), IF(E59="T-Test Welch",_xlfn.T.TEST($B28:$B43,E28:E43,2,3),"")) -> #NAME? | F60: =IF(F59="Mann Withney",[1]!MTEST($B28:$B43,F28:F43,2), IF(F59="T-Test Welch",_xlfn.T.TEST($B28:$B43,F28:F43,2,3),"")) -> #NAME? | G60: =IF(G59="Mann Withney",[1]!MTEST($B28:$B43,G28:G43,2), IF(G59="T-Test Welch",_xlfn.T.TEST($B28:$B43,G28:G43,2,3),"")) -> #NAME? | H60: =IF(H59="Mann Withney",[1]!MTEST($B28:$B43,H28:H43,2), IF(H59="T-Test Welch",_xlfn.T.TEST($B28:$B43,H28:H43,2,3),"")) -> #NAME? | I60: =IF(I59="Mann Withney",[1]!MTEST($B28:$B43,I28:I43,2), IF(I59="T-Test Welch",_xlfn.T.TEST($B28:$B43,I28:I43,2,3),"")) -> #NAME? | J60: =IF(J59="Mann Withney",[1]!MTEST($B28:$B43,J28:J43,2), IF(J59="T-Test Welch",_xlfn.T.TEST($B28:$B43,J28:J43,2,3),"")) -> #NAME? | ... M60: =IF(M59="Mann Withney",[1]!MTEST($B28:$B43,M28:M43,2), IF(M59="T-Test Welch",_xlfn.T.TEST($B28:$B43,M28:M43,2,3),"")) -> #NAME? | O60: =IF(O59="Mann Withney",[1]!MTEST($B28:$B43,O28:O43,2), IF(O59="T-Test Welch",_xlfn.T.TEST($B28:$B43,O28:O43,2,3),"")) -> #NAME? | P60: =IF(P59="Mann Withney",[1]!MTEST($O28:$O43,P28:P43,2), IF(P59="T-Test Welch",_xlfn.T.TEST($O28:$O43,P28:P43,2,3),"")) -> #NAME? | Q60: =IF(Q59="Mann Withney",[1]!MTEST($O28:$O43,Q28:Q43,2), IF(Q59="T-Test Welch",_xlfn.T.TEST($O28:$O43,Q28:Q43,2,3),"")) -> #NAME? | R60: =IF(R59="Mann Withney",[1]!MTEST($O28:$O43,R28:R43,2), IF(R59="T-Test Welch",_xlfn.T.TEST($O28:$O43,R28:R43,2,3),"")) -> #NAME? | S60: =IF(S59="Mann Withney",[1]!MTEST($O28:$O43,S28:S43,2), IF(S59="T-Test Welch",_xlfn.T.TEST($O28:$O43,S28:S43,2,3),"")) -> #NAME? | T60: =IF(T59="Mann Withney",[1]!MTEST($O28:$O43,T28:T43,2), IF(T59="T-Test Welch",_xlfn.T.TEST($O28:$O43,T28:T43,2,3),"")) -> #NAME? | U60: =IF(U59="Mann Withney",[1]!MTEST($O28:$O43,U28:U43,2), IF(U59="T-Test Welch",_xlfn.T.TEST($O28:$O43,U28:U43,2,3),"")) -> #NAME? | V60: =IF(V59="Mann Withney",[1]!MTEST($O28:$O43,V28:V43,2), IF(V59="T-Test Welch",_xlfn.T.TEST($O28:$O43,V28:V43,2,3),"")) -> #NAME?
A61: Annotation | C61: =IF(C60>0.05,"NS",IF(C60>0.01,"*",IF(C60>0.001,"**","***"))) -> #NAME? | D61: =IF(D60>0.05,"NS",IF(D60>0.01,"*",IF(D60>0.001,"**","***"))) -> #NAME? | E61: =IF(E60>0.05,"NS",IF(E60>0.01,"*",IF(E60>0.001,"**","***"))) -> #NAME? | F61: =IF(F60>0.05,"NS",IF(F60>0.01,"*",IF(F60>0.001,"**","***"))) -> #NAME? | G61: =IF(G60>0.05,"NS",IF(G60>0.01,"*",IF(G60>0.001,"**","***"))) -> #NAME? | H61: =IF(H60>0.05,"NS",IF(H60>0.01,"*",IF(H60>0.001,"**","***"))) -> #NAME? | I61: =IF(I60>0.05,"NS",IF(I60>0.01,"*",IF(I60>0.001,"**","***"))) -> #NAME? | J61: =IF(J60>0.05,"NS",IF(J60>0.01,"*",IF(J60>0.001,"**","***"))) -> #NAME? | ... M61: =IF(M60>0.05,"NS",IF(M60>0.01,"*",IF(M60>0.001,"**","***"))) -> #NAME? | O61: =IF(O60>0.05,"NS",IF(O60>0.01,"*",IF(O60>0.001,"**","***"))) -> #NAME? | P61: =IF(P60>0.05,"NS",IF(P60>0.01,"*",IF(P60>0.001,"**","***"))) -> #NAME? | Q61: =IF(Q60>0.05,"NS",IF(Q60>0.01,"*",IF(Q60>0.001,"**","***"))) -> #NAME? | R61: =IF(R60>0.05,"NS",IF(R60>0.01,"*",IF(R60>0.001,"**","***"))) -> #NAME? | S61: =IF(S60>0.05,"NS",IF(S60>0.01,"*",IF(S60>0.001,"**","***"))) -> #NAME? | T61: =IF(T60>0.05,"NS",IF(T60>0.01,"*",IF(T60>0.001,"**","***"))) -> #NAME? | U61: =IF(U60>0.05,"NS",IF(U60>0.01,"*",IF(U60>0.001,"**","***"))) -> #NAME? | V61: =IF(V60>0.05,"NS",IF(V60>0.01,"*",IF(V60>0.001,"**","***"))) -> #NAME?
A63: Eléments pour la mise en forme conditionnelles des résutats - calcul équivalent hormonal (eqH)
A64: LOD | B64: =B46+(3*B47) -> 0.26926411
A65: LOQ | B65: =B46+(10*B47) -> 0.69015202
A67: 5. Expérimentateur 1 : remplissage du suivi qualité (SQ) et transmission à l'expérimenteur 2.

Sheet Raw data R2
A1: Nom groupe | B1: N° de valeur | C1: file name | D1: total area | E1: mean intensity | G1: total fluorescence | I1: nbre de larves | L1: (Tous)
A2: =IFERROR(LEFT(RIGHT(C2,LEN(C2)-SEARCH("@",C2)),SEARCH("/",RIGHT(C2,LEN(C2)-SEARCH("@",C2)-1))),"") | B2: =LEFT(RIGHT(RIGHT(Tableau46[[#This Row],[file name]],LEN(Tableau46[[#This Row],[file name]])-SEARCH("@",Tableau46[[#This Row],[file name]])),LEN(RIGHT(Tableau46[[#This Row],[file name]],LEN(Tableau46[[#This Row],[file name]])-SEARCH("@",Tableau46[[#This Row],[file name]])))-SEARCH("/",RIGHT(Tableau46[[#This Row],[file name]],LEN(Tableau46[[#This Row],[file name]])-SEARCH("@",Tableau46[[#This Row],[file name]])))),1) -> #VALUE! | K2: Filtre lignes : Enlever (vide) et Néant | L2: Filtre colonnes : Enlever (vide) et " "
A3: =IFERROR(LEFT(RIGHT(C3,LEN(C3)-SEARCH("@",C3)),SEARCH("/",RIGHT(C3,LEN(C3)-SEARCH("@",C3)-1))),"") | B3: =LEFT(RIGHT(RIGHT(Tableau46[[#This Row],[file name]],LEN(Tableau46[[#This Row],[file name]])-SEARCH("@",Tableau46[[#This Row],[file name]])),LEN(RIGHT(Tableau46[[#This Row],[file name]],LEN(Tableau46[[#This Row],[file name]])-SEARCH("@",Tableau46[[#This Row],[file name]])))-SEARCH("/",RIGHT(Tableau46[[#This Row],[file name]],LEN(Tableau46[[#This Row],[file name]])-SEARCH("@",Tableau46[[#This Row],[file name]])))),1) -> #VALUE! | K3: Moyenne de total fluorescence | L3: Étiquettes de colonnes
A4: =IFERROR(LEFT(RIGHT(C4,LEN(C4)-SEARCH("@",C4)),SEARCH("/",RIGHT(C4,LEN(C4)-SEARCH("@",C4)-1))),"") | B4: =LEFT(RIGHT(RIGHT(Tableau46[[#This Row],[file name]],LEN(Tableau46[[#This Row],[file name]])-SEARCH("@",Tableau46[[#This Row],[file name]])),LEN(RIGHT(Tableau46[[#This Row],[file name]],LEN(Tableau46[[#This Row],[file name]])-SEARCH("@",Tableau46[[#This Row],[file name]])))-SEARCH("/",RIGHT(Tableau46[[#This Row],[file name]],LEN(Tableau46[[#This Row],[file name]])-SEARCH("@",Tableau46[[#This Row],[file name]])))),1) -> #VALUE! | K4: Étiquettes de lignes
A5: =IFERROR(LEFT(RIGHT(C5,LEN(C5)-SEARCH("@",C5)),SEARCH("/",RIGHT(C5,LEN(C5)-SEARCH("@",C5)-1))),"") | B5: =LEFT(RIGHT(RIGHT(Tableau46[[#This Row],[file name]],LEN(Tableau46[[#This Row],[file name]])-SEARCH("@",Tableau46[[#This Row],[file name]])),LEN(RIGHT(Tableau46[[#This Row],[file name]],LEN(Tableau46[[#This Row],[file name]])-SEARCH("@",Tableau46[[#This Row],[file name]])))-SEARCH("/",RIGHT(Tableau46[[#This Row],[file name]],LEN(Tableau46[[#This Row],[file name]])-SEARCH("@",Tableau46[[#This Row],[file name]])))),1) -> #VALUE! | K5: #VALEUR!
A6: =IFERROR(LEFT(RIGHT(C6,LEN(C6)-SEARCH("@",C6)),SEARCH("/",RIGHT(C6,LEN(C6)-SEARCH("@",C6)-1))),"") | B6: =LEFT(RIGHT(RIGHT(Tableau46[[#This Row],[file name]],LEN(Tableau46[[#This Row],[file name]])-SEARCH("@",Tableau46[[#This Row],[file name]])),LEN(RIGHT(Tableau46[[#This Row],[file name]],LEN(Tableau46[[#This Row],[file name]])-SEARCH("@",Tableau46[[#This Row],[file name]])))-SEARCH("/",RIGHT(Tableau46[[#This Row],[file name]],LEN(Tableau46[[#This Row],[file name]])-SEARCH("@",Tableau46[[#This Row],[file name]])))),1) -> #VALUE!
A7: =IFERROR(LEFT(RIGHT(C7,LEN(C7)-SEARCH("@",C7)),SEARCH("/",RIGHT(C7,LEN(C7)-SEARCH("@",C7)-1))),"") | B7: =LEFT(RIGHT(RIGHT(Tableau46[[#This Row],[file name]],LEN(Tableau46[[#This Row],[file name]])-SEARCH("@",Tableau46[[#This Row],[file name]])),LEN(RIGHT(Tableau46[[#This Row],[file name]],LEN(Tableau46[[#This Row],[file name]])-SEARCH("@",Tableau46[[#This Row],[file name]])))-SEARCH("/",RIGHT(Tableau46[[#This Row],[file name]],LEN(Tableau46[[#This Row],[file name]])-SEARCH("@",Tableau46[[#This Row],[file name]])))),1) -> #VALUE!
A8: =IFERROR(LEFT(RIGHT(C8,LEN(C8)-SEARCH("@",C8)),SEARCH("/",RIGHT(C8,LEN(C8)-SEARCH("@",C8)-1))),"") | B8: =LEFT(RIGHT(RIGHT(Tableau46[[#This Row],[file name]],LEN(Tableau46[[#This Row],[file name]])-SEARCH("@",Tableau46[[#This Row],[file name]])),LEN(RIGHT(Tableau46[[#This Row],[file name]],LEN(Tableau46[[#This Row],[file name]])-SEARCH("@",Tableau46[[#This Row],[file name]])))-SEARCH("/",RIGHT(Tableau46[[#This Row],[file name]],LEN(Tableau46[[#This Row],[file name]])-SEARCH("@",Tableau46[[#This Row],[file name]])))),1) -> #VALUE!
A9: =IFERROR(LEFT(RIGHT(C9,LEN(C9)-SEARCH("@",C9)),SEARCH("/",RIGHT(C9,LEN(C9)-SEARCH("@",C9)-1))),"") | B9: =LEFT(RIGHT(RIGHT(Tableau46[[#This Row],[file name]],LEN(Tableau46[[#This Row],[file name]])-SEARCH("@",Tableau46[[#This Row],[file name]])),LEN(RIGHT(Tableau46[[#This Row],[file name]],LEN(Tableau46[[#This Row],[file name]])-SEARCH("@",Tableau46[[#This Row],[file name]])))-SEARCH("/",RIGHT(Tableau46[[#This Row],[file name]],LEN(Tableau46[[#This Row],[file name]])-SEARCH("@",Tableau46[[#This Row],[file name]])))),1) -> #VALUE!
A10: =IFERROR(LEFT(RIGHT(C10,LEN(C10)-SEARCH("@",C10)),SEARCH("/",RIGHT(C10,LEN(C10)-SEARCH("@",C10)-1))),"") | B10: =LEFT(RIGHT(RIGHT(Tableau46[[#This Row],[file name]],LEN(Tableau46[[#This Row],[file name]])-SEARCH("@",Tableau46[[#This Row],[file name]])),LEN(RIGHT(Tableau46[[#This Row],[file name]],LEN(Tableau46[[#This Row],[file name]])-SEARCH("@",Tableau46[[#This Row],[file name]])))-SEARCH("/",RIGHT(Tableau46[[#This Row],[file name]],LEN(Tableau46[[#This Row],[file name]])-SEARCH("@",Tableau46[[#This Row],[file name]])))),1) -> #VALUE!
A11: =IFERROR(LEFT(RIGHT(C11,LEN(C11)-SEARCH("@",C11)),SEARCH("/",RIGHT(C11,LEN(C11)-SEARCH("@",C11)-1))),"") | B11: =LEFT(RIGHT(RIGHT(Tableau46[[#This Row],[file name]],LEN(Tableau46[[#This Row],[file name]])-SEARCH("@",Tableau46[[#This Row],[file name]])),LEN(RIGHT(Tableau46[[#This Row],[file name]],LEN(Tableau46[[#This Row],[file name]])-SEARCH("@",Tableau46[[#This Row],[file name]])))-SEARCH("/",RIGHT(Tableau46[[#This Row],[file name]],LEN(Tableau46[[#This Row],[file name]])-SEARCH("@",Tableau46[[#This Row],[file name]])))),1) -> #VALUE!
A12: =IFERROR(LEFT(RIGHT(C12,LEN(C12)-SEARCH("@",C12)),SEARCH("/",RIGHT(C12,LEN(C12)-SEARCH("@",C12)-1))),"") | B12: =LEFT(RIGHT(RIGHT(Tableau46[[#This Row],[file name]],LEN(Tableau46[[#This Row],[file name]])-SEARCH("@",Tableau46[[#This Row],[file name]])),LEN(RIGHT(Tableau46[[#This Row],[file name]],LEN(Tableau46[[#This Row],[file name]])-SEARCH("@",Tableau46[[#This Row],[file name]])))-SEARCH("/",RIGHT(Tableau46[[#This Row],[file name]],LEN(Tableau46[[#This Row],[file name]])-SEARCH("@",Tableau46[[#This Row],[file name]])))),1) -> #VALUE!
A13: =IFERROR(LEFT(RIGHT(C13,LEN(C13)-SEARCH("@",C13)),SEARCH("/",RIGHT(C13,LEN(C13)-SEARCH("@",C13)-1))),"") | B13: =LEFT(RIGHT(RIGHT(Tableau46[[#This Row],[file name]],LEN(Tableau46[[#This Row],[file name]])-SEARCH("@",Tableau46[[#This Row],[file name]])),LEN(RIGHT(Tableau46[[#This Row],[file name]],LEN(Tableau46[[#This Row],[file name]])-SEARCH("@",Tableau46[[#This Row],[file name]])))-SEARCH("/",RIGHT(Tableau46[[#This Row],[file name]],LEN(Tableau46[[#This Row],[file name]])-SEARCH("@",Tableau46[[#This Row],[file name]])))),1) -> #VALUE!
A14: =IFERROR(LEFT(RIGHT(C14,LEN(C14)-SEARCH("@",C14)),SEARCH("/",RIGHT(C14,LEN(C14)-SEARCH("@",C14)-1))),"") | B14: =LEFT(RIGHT(RIGHT(Tableau46[[#This Row],[file name]],LEN(Tableau46[[#This Row],[file name]])-SEARCH("@",Tableau46[[#This Row],[file name]])),LEN(RIGHT(Tableau46[[#This Row],[file name]],LEN(Tableau46[[#This Row],[file name]])-SEARCH("@",Tableau46[[#This Row],[file name]])))-SEARCH("/",RIGHT(Tableau46[[#This Row],[file name]],LEN(Tableau46[[#This Row],[file name]])-SEARCH("@",Tableau46[[#This Row],[file name]])))),1) -> #VALUE!
A15: =IFERROR(LEFT(RIGHT(C15,LEN(C15)-SEARCH("@",C15)),SEARCH("/",RIGHT(C15,LEN(C15)-SEARCH("@",C15)-1))),"") | B15: =LEFT(RIGHT(RIGHT(Tableau46[[#This Row],[file name]],LEN(Tableau46[[#This Row],[file name]])-SEARCH("@",Tableau46[[#This Row],[file name]])),LEN(RIGHT(Tableau46[[#This Row],[file name]],LEN(Tableau46[[#This Row],[file name]])-SEARCH("@",Tableau46[[#This Row],[file name]])))-SEARCH("/",RIGHT(Tableau46[[#This Row],[file name]],LEN(Tableau46[[#This Row],[file name]])-SEARCH("@",Tableau46[[#This Row],[file name]])))),1) -> #VALUE!
A16: =IFERROR(LEFT(RIGHT(C16,LEN(C16)-SEARCH("@",C16)),SEARCH("/",RIGHT(C16,LEN(C16)-SEARCH("@",C16)-1))),"") | B16: =LEFT(RIGHT(RIGHT(Tableau46[[#This Row],[file name]],LEN(Tableau46[[#This Row],[file name]])-SEARCH("@",Tableau46[[#This Row],[file name]])),LEN(RIGHT(Tableau46[[#This Row],[file name]],LEN(Tableau46[[#This Row],[file name]])-SEARCH("@",Tableau46[[#This Row],[file name]])))-SEARCH("/",RIGHT(Tableau46[[#This Row],[file name]],LEN(Tableau46[[#This Row],[file name]])-SEARCH("@",Tableau46[[#This Row],[file name]])))),1) -> #VALUE!
A17: =IFERROR(LEFT(RIGHT(C17,LEN(C17)-SEARCH("@",C17)),SEARCH("/",RIGHT(C17,LEN(C17)-SEARCH("@",C17)-1))),"") | B17: =LEFT(RIGHT(RIGHT(Tableau46[[#This Row],[file name]],LEN(Tableau46[[#This Row],[file name]])-SEARCH("@",Tableau46[[#This Row],[file name]])),LEN(RIGHT(Tableau46[[#This Row],[file name]],LEN(Tableau46[[#This Row],[file name]])-SEARCH("@",Tableau46[[#This Row],[file name]])))-SEARCH("/",RIGHT(Tableau46[[#This Row],[file name]],LEN(Tableau46[[#This Row],[file name]])-SEARCH("@",Tableau46[[#This Row],[file name]])))),1) -> #VALUE!
... A1531: =IFERROR(LEFT(RIGHT(C1531,LEN(C1531)-SEARCH("@",C1531)),SEARCH("/",RIGHT(C1531,LEN(C1531)-SEARCH("@",C1531)-1))),"") | B1531: =LEFT(RIGHT(RIGHT(Tableau46[[#This Row],[file name]],LEN(Tableau46[[#This Row],[file name]])-SEARCH("@",Tableau46[[#This Row],[file name]])),LEN(RIGHT(Tableau46[[#This Row],[file name]],LEN(Tableau46[[#This Row],[file name]])-SEARCH("@",Tableau46[[#This Row],[file name]])))-SEARCH("/",RIGHT(Tableau46[[#This Row],[file name]],LEN(Tableau46[[#This Row],[file name]])-SEARCH("@",Tableau46[[#This Row],[file name]])))),1) -> #VALUE!

Sheet R2
A1: 6. Expérimentateur 2 : copier et coller les valeurs des intensités totales de fluorescences obtenues dans le fichier raw data lors du traitement des images. Ne pas supprimer les colonnes correspondant aux concentrations non lues.
A3: R2 | B3: Non dopé | O3: avec testo
A4: Noms des groupes | B4: ='Page de garde'!A7 -> Témoin solvant | C4: ='Page de garde'!A9 -> EE2-33.8ng/L | D4: ='Page de garde'!A10 -> EE2-50.6ng/L | E4: ='Page de garde'!A11 -> EE2-76ng/L | F4: ='Page de garde'!A12 -> EE2-114ng/L | G4: ='Page de garde'!A13 -> EE2-170.9ng/L | H4: ='Page de garde'!A14 -> EE2-488ng/L | I4: ='Page de garde'!A15 -> Fadrozole-0.016µg/L | J4: ='Page de garde'!A16 -> Fadrozole-0.08µg/L | K4: ='Page de garde'!A17 -> Fadrozole-0.4µg/L | L4: ='Page de garde'!A18 -> Fadrozole-2µg/L | M4: ='Page de garde'!A19 -> Fadrozole-10 µg/L | O4: ='Page de garde'!A36 -> Testo -30µg/L | P4: ='Page de garde'!A37 -> Testo 30µg/L + EE2 -64ng/L | Q4: ='Page de garde'!A38 -> Testo 30µg/L + FAD-10µg/L | R4: ='Page de garde'!A39 -> Fadrozole-0.016µg/L + Testostérone | S4: ='Page de garde'!A40 -> Fadrozole-0.08µg/L + Testostérone | T4: ='Page de garde'!A41 -> Fadrozole-0.4µg/L + Testostérone | U4: ='Page de garde'!A42 -> Fadrozole-2µg/L + Testostérone | V4: ='Page de garde'!A43 -> Fadrozole-10 µg/L + Testostérone
A5: Données brutes | B5: 16004 | C5: 44275 | D5: 84335 | E5: 56759 | F5: 635672 | G5: 5320367 | H5: 5752161 | I5: 11180 | J5: 13007 | K5: 2215 | L5: 6396 | M5: 212 | O5: 1533268 | P5: 12366433 | Q5: 26932 | R5: 643584 | S5: 1657930 | T5: 761042 | U5: 1177412 | V5: 183364
B6: 25 | C6: 135239 | D6: 54395 | E6: 689836 | F6: 5342877 | G6: 5151762 | H6: 9697788 | I6: 19351 | J6: 2952 | K6: 1813 | L6: 35036 | M6: 11470 | O6: 756579 | P6: 10283725 | Q6: 20399 | R6: 175366 | S6: 65511 | T6: 109 | U6: 1379903 | V6: 15526
B7: 12686 | C7: 30927 | D7: 2549196 | E7: 1314250 | F7: 11727 | G7: 2502303 | H7: 4621560 | I7: 21926 | J7: 3527 | K7: 30457 | L7: 6572 | M7: 11113 | O7: 2158852 | P7: 12335567 | Q7: 43427 | R7: 80106 | S7: 119675 | T7: 29206 | U7: 13593 | V7: 65958
B8: 11008 | C8: 112012 | D8: 59409 | E8: 750221 | F8: 3851055 | G8: 1961183 | H8: 4771477 | I8: 7435 | J8: 68440 | K8: 4225 | L8: 20374 | M8: 16891 | O8: 351834 | P8: 6964463 | Q8: 11442 | R8: 2029755 | S8: 2425342 | T8: 226134 | U8: 95500 | V8: 18948
B9: 36506 | C9: 26878 | D9: 27310 | E9: 3691988 | F9: 2899183 | G9: 3538908 | H9: 5071291 | I9: 2756 | J9: 49809 | K9: 30484 | L9: 21835 | M9: 15639 | O9: 7281 | P9: 8365911 | Q9: 92326 | R9: 1971882 | S9: 472131 | T9: 67576 | U9: 328509 | V9: 9644
B10: 17717 | C10: 48285 | D10: 160966 | E10: 2161546 | F10: 2467623 | G10: 4181222 | H10: 4191230 | I10: 1080 | J10: 7901 | K10: 34908 | L10: 309686 | M10: 2963 | O10: 214038 | P10: 6548075 | Q10: 32774 | R10: 12158 | S10: 492964 | T10: 628674 | U10: 101094 | V10: 4054
B11: 4179 | C11: 0 | D11: 62196 | E11: 161971 | F11: 3637237 | G11: 3017964 | H11: 5437701 | I11: 28440 | J11: 79 | K11: 654 | L11: 2569 | M11: 22172 | O11: 582344 | P11: 8099428 | Q11: 17635 | R11: 267222 | S11: 1997791 | T11: 670014 | U11: 2231 | V11: 51287
C12: 702 | D12: 6050 | E12: 1253702 | F12: 725198 | G12: 4942591 | H12: 8192981 | I12: 1448 | K12: 65027 | L12: 24816 | M12: 22296 | O12: 1436365 | S12: 3179701 | T12: 18370 | U12: 625 | V12: 23351
O13: 255348
O14: 186050
O15: 666483
O16: 1457314
O17: 2540184
A22: =A4 -> Noms des groupes | B22: =B4 -> Témoin solvant | C22: =C4 -> EE2-33.8ng/L | D22: =D4 -> EE2-50.6ng/L | E22: =E4 -> EE2-76ng/L | F22: =F4 -> EE2-114ng/L | G22: =G4 -> EE2-170.9ng/L | H22: =H4 -> EE2-488ng/L | ... M22: =M4 -> Fadrozole-10 µg/L | N22: Noms des groupes | O22: =O4 -> Testo -30µg/L | P22: =P4 -> Testo 30µg/L + EE2 -64ng/L | Q22: =Q4 -> Testo 30µg/L + FAD-10µg/L | R22: =R4 -> Fadrozole-0.016µg/L + Testostérone | S22: =S4 -> Fadrozole-0.08µg/L + Testostérone | T22: =T4 -> Fadrozole-0.4µg/L + Testostérone | U22: =U4 -> Fadrozole-2µg/L + Testostérone | V22: =V4 -> Fadrozole-10 µg/L + Testostérone
A23: mean | B23: =AVERAGE(B5:B20) -> 14017.857 | C23: =AVERAGE(C5:C20) -> 49789.75 | D23: =AVERAGE(D5:D20) -> 375482.12 | E23: =AVERAGE(E5:E20) -> 1260034.1 | F23: =AVERAGE(F5:F20) -> 2446321.5 | G23: =AVERAGE(G5:G20) -> 3827037.5 | H23: =AVERAGE(H5:H20) -> 5967023.6 | I23: =AVERAGE(I5:I20) -> 11702 | J23: =AVERAGE(J5:J20) -> 20816.429 | L23: =AVERAGE(L5:L20) -> 53410.5 | N23: mean | O23: =AVERAGE(O5:O20) -> 934303.08 | P23: =AVERAGE(P5:P20) -> 9280514.6 | Q23: =AVERAGE(Q5:Q20) -> 34990.714 | R23: =AVERAGE(R5:R20) -> 740010.43 | S23: =AVERAGE(S5:S20) -> 1301380.6 | T23: =AVERAGE(T5:T20) -> 300140.62 | U23: =AVERAGE(U5:U20) -> 387358.38 | V23: =AVERAGE(V5:V20) -> 46516.5
A24: SD | B24: =STDEV(B5:B20) -> 11738.691 | C24: =STDEV(C5:C20) -> 49244.633 | D24: =STDEV(D5:D20) -> 879502.06 | E24: =STDEV(E5:E20) -> 1193359.7 | F24: =STDEV(F5:F20) -> 1857613.5 | G24: =STDEV(G5:G20) -> 1272162.8 | H24: =STDEV(H5:H20) -> 1941840.9 | I24: =STDEV(I5:I20) -> 10417.568 | J24: =STDEV(J5:J20) -> 27032.303 | L24: =STDEV(L5:L20) -> 104135.82 | N24: SD | O24: =STDEV(O5:O20) -> 812824.93 | P24: =STDEV(P5:P20) -> 2412621.5 | Q24: =STDEV(Q5:Q20) -> 27377.13 | R24: =STDEV(R5:R20) -> 884857.99 | S24: =STDEV(S5:S20) -> 1175249.9 | T24: =STDEV(T5:T20) -> 329404.89 | U24: =STDEV(U5:U20) -> 562838.19 | V24: =STDEV(V5:V20) -> 59218.345
B26: Non dopé | O26: avec testo
A27: Noms des groupes | B27: =B4 -> Témoin solvant | C27: =C4 -> EE2-33.8ng/L | D27: =D4 -> EE2-50.6ng/L | E27: =E4 -> EE2-76ng/L | F27: =F4 -> EE2-114ng/L | G27: =G4 -> EE2-170.9ng/L | H27: =H4 -> EE2-488ng/L | I27: =I4 -> Fadrozole-0.016µg/L | ... M27: =M4 -> Fadrozole-10 µg/L | O27: =O4 -> Testo -30µg/L | P27: =P4 -> Testo 30µg/L + EE2 -64ng/L | Q27: =Q4 -> Testo 30µg/L + FAD-10µg/L | R27: =R4 -> Fadrozole-0.016µg/L + Testostérone | S27: =S4 -> Fadrozole-0.08µg/L + Testostérone | T27: =T4 -> Fadrozole-0.4µg/L + Testostérone | U27: =U4 -> Fadrozole-2µg/L + Testostérone | V27: =V4 -> Fadrozole-10 µg/L + Testostérone
A28: Données normalisées sur la moyenne du groupe "Testo" | B28: =IF(B5="","",(B5/$O$23)) -> 0.017129345 | C28: =IF(C5="","",(C5/$O$23)) -> 0.047388263 | D28: =IF(D5="","",(D5/$O$23)) -> 0.090265142 | E28: =IF(E5="","",(E5/$O$23)) -> 0.060750094 | F28: =IF(F5="","",(F5/$O$23)) -> 0.68037023 | G28: =IF(G5="","",(G5/$O$23)) -> 5.6944766 | H28: =IF(H5="","",(H5/$O$23)) -> 6.1566328 | I28: =IF(I5="","",(I5/$O$23)) -> 0.011966138 | ... M28: =IF(M5="","",(M5/$O$23)) -> 0.0002269071 | O28: =IF(O5="","",(O5/$O$23)) -> 1.641082 | P28: =IF(P5="","",(P5/$O$23)) -> 13.235997 | Q28: =IF(Q5="","",(Q5/$O$23)) -> 0.028825764 | R28: =IF(R5="","",(R5/$O$23)) -> 0.68883857 | S28: =IF(S5="","",(S5/$O$23)) -> 1.7745098 | T28: =IF(T5="","",(T5/$O$23)) -> 0.81455581 | U28: =IF(U5="","",(U5/$O$23)) -> 1.2602035 | V28: =IF(V5="","",(V5/$O$23)) -> 0.19625751
B29: =IF(B6="","",(B6/$O$23)) -> 2.6757913e-05 | C29: =IF(C6="","",(C6/$O$23)) -> 0.14474853 | D29: =IF(D6="","",(D6/$O$23)) -> 0.058219866 | E29: =IF(E6="","",(E6/$O$23)) -> 0.73834285 | F29: =IF(F6="","",(F6/$O$23)) -> 5.7185694 | G29: =IF(G6="","",(G6/$O$23)) -> 5.5140159 | H29: =IF(H6="","",(H6/$O$23)) -> 10.379703 | I29: =IF(I6="","",(I6/$O$23)) -> 0.020711695 | ... M29: =IF(M6="","",(M6/$O$23)) -> 0.01227653 | O29: =IF(O6="","",(O6/$O$23)) -> 0.80977899 | P29: =IF(P6="","",(P6/$O$23)) -> 11.006841 | Q29: =IF(Q6="","",(Q6/$O$23)) -> 0.021833386 | R29: =IF(R6="","",(R6/$O$23)) -> 0.18769712 | S29: =IF(S6="","",(S6/$O$23)) -> 0.070117504 | T29: =IF(T6="","",(T6/$O$23)) -> 0.0001166645 | U29: =IF(U6="","",(U6/$O$23)) -> 1.476933 | V29: =IF(V6="","",(V6/$O$23)) -> 0.016617734
B30: =IF(B7="","",(B7/$O$23)) -> 0.013578035 | C30: =IF(C7="","",(C7/$O$23)) -> 0.033101678 | D30: =IF(D7="","",(D7/$O$23)) -> 2.7284465 | E30: =IF(E7="","",(E7/$O$23)) -> 1.4066635 | F30: =IF(F7="","",(F7/$O$23)) -> 0.012551602 | G30: =IF(G7="","",(G7/$O$23)) -> 2.6782562 | H30: =IF(H7="","",(H7/$O$23)) -> 4.9465319 | I30: =IF(I7="","",(I7/$O$23)) -> 0.02346776 | ... M30: =IF(M7="","",(M7/$O$23)) -> 0.011894427 | O30: =IF(O7="","",(O7/$O$23)) -> 2.3106549 | P30: =IF(P7="","",(P7/$O$23)) -> 13.202961 | Q30: =IF(Q7="","",(Q7/$O$23)) -> 0.046480635 | R30: =IF(R7="","",(R7/$O$23)) -> 0.085738774 | S30: =IF(S7="","",(S7/$O$23)) -> 0.12809013 | T30: =IF(T7="","",(T7/$O$23)) -> 0.031259664 | U30: =IF(U7="","",(U7/$O$23)) -> 0.014548812 | V30: =IF(V7="","",(V7/$O$23)) -> 0.070595936
B31: =IF(B8="","",(B8/$O$23)) -> 0.011782044 | C31: =IF(C8="","",(C8/$O$23)) -> 0.11988829 | D31: =IF(D8="","",(D8/$O$23)) -> 0.063586433 | E31: =IF(E8="","",(E8/$O$23)) -> 0.80297392 | F31: =IF(F8="","",(F8/$O$23)) -> 4.1218477 | G31: =IF(G8="","",(G8/$O$23)) -> 2.0990865 | H31: =IF(H8="","",(H8/$O$23)) -> 5.1069906 | I31: =IF(I8="","",(I8/$O$23)) -> 0.0079578032 | ... M31: =IF(M8="","",(M8/$O$23)) -> 0.018078716 | O31: =IF(O8="","",(O8/$O$23)) -> 0.37657374 | P31: =IF(P8="","",(P8/$O$23)) -> 7.4541797 | Q31: =IF(Q8="","",(Q8/$O$23)) -> 0.012246561 | R31: =IF(R8="","",(R8/$O$23)) -> 2.1724803 | S31: =IF(S8="","",(S8/$O$23)) -> 2.5958836 | T31: =IF(T8="","",(T8/$O$23)) -> 0.24203495 | U31: =IF(U8="","",(U8/$O$23)) -> 0.10221523 | V31: =IF(V8="","",(V8/$O$23)) -> 0.020280357
B32: =IF(B9="","",(B9/$O$23)) -> 0.039072974 | C32: =IF(C9="","",(C9/$O$23)) -> 0.028767967 | D32: =IF(D9="","",(D9/$O$23)) -> 0.029230344 | E32: =IF(E9="","",(E9/$O$23)) -> 3.9515957 | F32: =IF(F9="","",(F9/$O$23)) -> 3.1030434 | G32: =IF(G9="","",(G9/$O$23)) -> 3.7877516 | H32: =IF(H9="","",(H9/$O$23)) -> 5.4278864 | I32: =IF(I9="","",(I9/$O$23)) -> 0.0029497923 | ... M32: =IF(M9="","",(M9/$O$23)) -> 0.01673868 | O32: =IF(O9="","",(O9/$O$23)) -> 0.0077929744 | P32: =IF(P9="","",(P9/$O$23)) -> 8.9541726 | Q32: =IF(Q9="","",(Q9/$O$23)) -> 0.098818041 | R32: =IF(R9="","",(R9/$O$23)) -> 2.1105378 | S32: =IF(S9="","",(S9/$O$23)) -> 0.5053296 | T32: =IF(T9="","",(T9/$O$23)) -> 0.072327708 | U32: =IF(U9="","",(U9/$O$23)) -> 0.3516086 | V32: =IF(V9="","",(V9/$O$23)) -> 0.010322132
B33: =IF(B10="","",(B10/$O$23)) -> 0.018962797 | C33: =IF(C10="","",(C10/$O$23)) -> 0.051680232 | D33: =IF(D10="","",(D10/$O$23)) -> 0.17228457 | E33: =IF(E10="","",(E10/$O$23)) -> 2.3135384 | F33: =IF(F10="","",(F10/$O$23)) -> 2.6411376 | G33: =IF(G10="","",(G10/$O$23)) -> 4.4752309 | H33: =IF(H10="","",(H10/$O$23)) -> 4.4859426 | I33: =IF(I10="","",(I10/$O$23)) -> 0.0011559418 | ... M33: =IF(M10="","",(M10/$O$23)) -> 0.0031713478 | O33: =IF(O10="","",(O10/$O$23)) -> 0.2290884 | P33: =IF(P10="","",(P10/$O$23)) -> 7.0085127 | Q33: =IF(Q10="","",(Q10/$O$23)) -> 0.035078553 | R33: =IF(R10="","",(R10/$O$23)) -> 0.013012908 | S33: =IF(S10="","",(S10/$O$23)) -> 0.5276275 | T33: =IF(T10="","",(T10/$O$23)) -> 0.67288016 | U33: =IF(U10="","",(U10/$O$23)) -> 0.10820258 | V33: =IF(V10="","",(V10/$O$23)) -> 0.0043390631
B34: =IF(B11="","",(B11/$O$23)) -> 0.0044728527 | C34: =IF(C11="","",(C11/$O$23)) -> 0 | D34: =IF(D11="","",(D11/$O$23)) -> 0.066569405 | E34: =IF(E11="","",(E11/$O$23)) -> 0.17336023 | F34: =IF(F11="","",(F11/$O$23)) -> 3.8929948 | G34: =IF(G11="","",(G11/$O$23)) -> 3.2301767 | H34: =IF(H11="","",(H11/$O$23)) -> 5.8200611 | I34: =IF(I11="","",(I11/$O$23)) -> 0.030439801 | ... M34: =IF(M11="","",(M11/$O$23)) -> 0.023731057 | O34: =IF(O11="","",(O11/$O$23)) -> 0.62329239 | P34: =IF(P11="","",(P11/$O$23)) -> 8.6689514 | Q34: =IF(Q11="","",(Q11/$O$23)) -> 0.018875031 | R34: =IF(R11="","",(R11/$O$23)) -> 0.28601212 | S34: =IF(S11="","",(S11/$O$23)) -> 2.1382687 | T34: =IF(T11="","",(T11/$O$23)) -> 0.71712704 | U34: =IF(U11="","",(U11/$O$23)) -> 0.0023878761 | V34: =IF(V11="","",(V11/$O$23)) -> 0.054893322
B35: =IF(B12="","",(B12/$O$23)) | C35: =IF(C12="","",(C12/$O$23)) -> 0.00075136218 | D35: =IF(D12="","",(D12/$O$23)) -> 0.0064754148 | E35: =IF(E12="","",(E12/$O$23)) -> 1.3418579 | F35: =IF(F12="","",(F12/$O$23)) -> 0.77619139 | G35: =IF(G12="","",(G12/$O$23)) -> 5.2901367 | H35: =IF(H12="","",(H12/$O$23)) -> 8.7690828 | I35: =IF(I12="","",(I12/$O$23)) -> 0.0015498183 | ... M35: =IF(M12="","",(M12/$O$23)) -> 0.023863777 | O35: =IF(O12="","",(O12/$O$23)) -> 1.5373652 | P35: =IF(P12="","",(P12/$O$23)) | Q35: =IF(Q12="","",(Q12/$O$23)) | R35: =IF(R12="","",(R12/$O$23)) | S35: =IF(S12="","",(S12/$O$23)) -> 3.4032864 | T35: =IF(T12="","",(T12/$O$23)) -> 0.019661714 | U35: =IF(U12="","",(U12/$O$23)) -> 0.00066894781 | V35: =IF(V12="","",(V12/$O$23)) -> 0.024992961
B36: =IF(B13="","",(B13/$O$23)) | C36: =IF(C13="","",(C13/$O$23)) | D36: =IF(D13="","",(D13/$O$23)) | E36: =IF(E13="","",(E13/$O$23)) | F36: =IF(F13="","",(F13/$O$23)) | G36: =IF(G13="","",(G13/$O$23)) | H36: =IF(H13="","",(H13/$O$23)) | I36: =IF(I13="","",(I13/$O$23)) | ... M36: =IF(M13="","",(M13/$O$23)) | O36: =IF(O13="","",(O13/$O$23)) -> 0.27330318 | P36: =IF(P13="","",(P13/$O$23)) | Q36: =IF(Q13="","",(Q13/$O$23)) | R36: =IF(R13="","",(R13/$O$23)) | S36: =IF(S13="","",(S13/$O$23)) | T36: =IF(T13="","",(T13/$O$23)) | U36: =IF(U13="","",(U13/$O$23)) | V36: =IF(V13="","",(V13/$O$23))
B37: =IF(B14="","",(B14/$O$23)) | C37: =IF(C14="","",(C14/$O$23)) | D37: =IF(D14="","",(D14/$O$23)) | E37: =IF(E14="","",(E14/$O$23)) | F37: =IF(F14="","",(F14/$O$23)) | G37: =IF(G14="","",(G14/$O$23)) | H37: =IF(H14="","",(H14/$O$23)) | I37: =IF(I14="","",(I14/$O$23)) | ... M37: =IF(M14="","",(M14/$O$23)) | O37: =IF(O14="","",(O14/$O$23)) -> 0.19913238 | P37: =IF(P14="","",(P14/$O$23)) | Q37: =IF(Q14="","",(Q14/$O$23)) | R37: =IF(R14="","",(R14/$O$23)) | S37: =IF(S14="","",(S14/$O$23)) | T37: =IF(T14="","",(T14/$O$23)) | U37: =IF(U14="","",(U14/$O$23)) | V37: =IF(V14="","",(V14/$O$23))
B38: =IF(B15="","",(B15/$O$23)) | C38: =IF(C15="","",(C15/$O$23)) | D38: =IF(D15="","",(D15/$O$23)) | E38: =IF(E15="","",(E15/$O$23)) | F38: =IF(F15="","",(F15/$O$23)) | G38: =IF(G15="","",(G15/$O$23)) | H38: =IF(H15="","",(H15/$O$23)) | I38: =IF(I15="","",(I15/$O$23)) | ... M38: =IF(M15="","",(M15/$O$23)) | O38: =IF(O15="","",(O15/$O$23)) -> 0.71334775 | P38: =IF(P15="","",(P15/$O$23)) | Q38: =IF(Q15="","",(Q15/$O$23)) | R38: =IF(R15="","",(R15/$O$23)) | S38: =IF(S15="","",(S15/$O$23)) | T38: =IF(T15="","",(T15/$O$23)) | U38: =IF(U15="","",(U15/$O$23)) | V38: =IF(V15="","",(V15/$O$23))
B39: =IF(B16="","",(B16/$O$23)) | C39: =IF(C16="","",(C16/$O$23)) | D39: =IF(D16="","",(D16/$O$23)) | E39: =IF(E16="","",(E16/$O$23)) | F39: =IF(F16="","",(F16/$O$23)) | G39: =IF(G16="","",(G16/$O$23)) | H39: =IF(H16="","",(H16/$O$23)) | I39: =IF(I16="","",(I16/$O$23)) | ... M39: =IF(M16="","",(M16/$O$23)) | O39: =IF(O16="","",(O16/$O$23)) -> 1.5597872 | P39: =IF(P16="","",(P16/$O$23)) | Q39: =IF(Q16="","",(Q16/$O$23)) | R39: =IF(R16="","",(R16/$O$23)) | S39: =IF(S16="","",(S16/$O$23)) | T39: =IF(T16="","",(T16/$O$23)) | U39: =IF(U16="","",(U16/$O$23)) | V39: =IF(V16="","",(V16/$O$23))
B40: =IF(B17="","",(B17/$O$23)) | C40: =IF(C17="","",(C17/$O$23)) | D40: =IF(D17="","",(D17/$O$23)) | E40: =IF(E17="","",(E17/$O$23)) | F40: =IF(F17="","",(F17/$O$23)) | G40: =IF(G17="","",(G17/$O$23)) | H40: =IF(H17="","",(H17/$O$23)) | I40: =IF(I17="","",(I17/$O$23)) | ... M40: =IF(M17="","",(M17/$O$23)) | O40: =IF(O17="","",(O17/$O$23)) -> 2.7188009 | P40: =IF(P17="","",(P17/$O$23)) | Q40: =IF(Q17="","",(Q17/$O$23)) | R40: =IF(R17="","",(R17/$O$23)) | S40: =IF(S17="","",(S17/$O$23)) | T40: =IF(T17="","",(T17/$O$23)) | U40: =IF(U17="","",(U17/$O$23)) | V40: =IF(V17="","",(V17/$O$23))
... B43: =IF(B20="","",(B20/$O$23)) | C43: =IF(C20="","",(C20/$O$23)) | D43: =IF(D20="","",(D20/$O$23)) | E43: =IF(E20="","",(E20/$O$23)) | F43: =IF(F20="","",(F20/$O$23)) | G43: =IF(G20="","",(G20/$O$23)) | H43: =IF(H20="","",(H20/$O$23)) | I43: =IF(I20="","",(I20/$O$23)) | ... M43: =IF(M20="","",(M20/$O$23)) | O43: =IF(O20="","",(O20/$O$23)) | P43: =IF(P20="","",(P20/$O$23)) | Q43: =IF(Q20="","",(Q20/$O$23)) | R43: =IF(R20="","",(R20/$O$23)) | S43: =IF(S20="","",(S20/$O$23)) | T43: =IF(T20="","",(T20/$O$23)) | U43: =IF(U20="","",(U20/$O$23)) | V43: =IF(V20="","",(V20/$O$23))
A45: =A4 -> Noms des groupes | B45: =B4 -> Témoin solvant | C45: =C4 -> EE2-33.8ng/L | D45: =D4 -> EE2-50.6ng/L | E45: =E4 -> EE2-76ng/L | F45: =F4 -> EE2-114ng/L | G45: =G4 -> EE2-170.9ng/L | H45: =H4 -> EE2-488ng/L | ... M45: =M4 -> Fadrozole-10 µg/L | O45: =O4 -> Testo -30µg/L | P45: =P4 -> Testo 30µg/L + EE2 -64ng/L | Q45: =Q4 -> Testo 30µg/L + FAD-10µg/L | R45: =R4 -> Fadrozole-0.016µg/L + Testostérone | S45: =S4 -> Fadrozole-0.08µg/L + Testostérone | T45: =T4 -> Fadrozole-0.4µg/L + Testostérone | U45: =U4 -> Fadrozole-2µg/L + Testostérone | V45: =V4 -> Fadrozole-10 µg/L + Testostérone
A46: mean | B46: =AVERAGE(B28:B43) -> 0.015003544 | C46: =AVERAGE(C28:C43) -> 0.053290791 | D46: =AVERAGE(D28:D43) -> 0.40188471 | E46: =AVERAGE(E28:E43) -> 1.3486353 | F46: =AVERAGE(F28:F43) -> 2.6183383 | G46: =AVERAGE(G28:G43) -> 4.0961414 | H46: =AVERAGE(H28:H43) -> 6.3866038 | I46: =AVERAGE(I28:I43) -> 0.012524844 | ... M46: =AVERAGE(M28:M43) -> 0.01374768 | N46: mean | O46: =AVERAGE(O28:O43) -> 1 | P46: =AVERAGE(P28:P43) -> 9.9330879 | Q46: =AVERAGE(Q28:Q43) -> 0.037451139 | R46: =AVERAGE(R28:R43) -> 0.79204537 | S46: =AVERAGE(S28:S43) -> 1.3928892 | T46: =AVERAGE(T28:T43) -> 0.32124546 | U46: =AVERAGE(U28:U43) -> 0.41459606 | V46: =AVERAGE(V28:V43) -> 0.049787378
A47: SD | B47: =STDEV(B28:B43) -> 0.012564115 | C47: =STDEV(C28:C43) -> 0.052707344 | D47: =STDEV(D28:D43) -> 0.94134557 | E47: =STDEV(E28:E43) -> 1.2772726 | F47: =STDEV(F28:F43) -> 1.9882344 | G47: =STDEV(G28:G43) -> 1.3616168 | H47: =STDEV(H28:H43) -> 2.0783843 | I47: =STDEV(I28:I43) -> 0.011150095 | ... M47: =STDEV(M28:M43) -> 0.0087011996 | N47: SD | O47: =STDEV(O28:O43) -> 0.86997994 | P47: =STDEV(P28:P43) -> 2.5822686 | Q47: =STDEV(Q28:Q43) -> 0.029302194 | R47: =STDEV(R28:R43) -> 0.9470781 | S47: =STDEV(S28:S43) -> 1.2578893 | T47: =STDEV(T28:T43) -> 0.35256749 | U47: =STDEV(U28:U43) -> 0.602415 | V47: =STDEV(V28:V43) -> 0.063382372
A48: SEM | B48: =B47/SQRT(COUNT(B28:B43)) -> 0.0047487891 | C48: =C47/SQRT(COUNT(C28:C43)) -> 0.01863486 | D48: =D47/SQRT(COUNT(D28:D43)) -> 0.33281592 | E48: =E47/SQRT(COUNT(E28:E43)) -> 0.45158405 | F48: =F47/SQRT(COUNT(F28:F43)) -> 0.702947 | G48: =G47/SQRT(COUNT(G28:G43)) -> 0.48140425 | H48: =H47/SQRT(COUNT(H28:H43)) -> 0.73481982 | I48: =I47/SQRT(COUNT(I28:I43)) -> 0.003942154 | ... M48: =M47/SQRT(COUNT(M28:M43)) -> 0.0030763386 | N48: SEM | O48: =O47/SQRT(COUNT(O28:O43)) -> 0.24128902 | P48: =P47/SQRT(COUNT(P28:P43)) -> 0.97600579 | Q48: =Q47/SQRT(COUNT(Q28:Q43)) -> 0.011075188 | R48: =R47/SQRT(COUNT(R28:R43)) -> 0.35796188 | S48: =S47/SQRT(COUNT(S28:S43)) -> 0.44473104 | T48: =T47/SQRT(COUNT(T28:T43)) -> 0.12465143 | U48: =U47/SQRT(COUNT(U28:U43)) -> 0.21298587 | V48: =V47/SQRT(COUNT(V28:V43)) -> 0.022409052
A50: 7. Expérimentateur 2 : réaliser les tests statistiques avec les données normalisées et renseigner les résultats ainsi que le test statistique utilisé dans le tableau violet.
A52: =A27 -> Noms des groupes | B52: =B27 -> Témoin solvant | C52: =C27 -> EE2-33.8ng/L | D52: =D27 -> EE2-50.6ng/L | E52: =E27 -> EE2-76ng/L | F52: =F27 -> EE2-114ng/L | G52: =G27 -> EE2-170.9ng/L | H52: =H27 -> EE2-488ng/L | I52: =I4 -> Fadrozole-0.016µg/L | J52: =J4 -> Fadrozole-0.08µg/L | K52: =K4 -> Fadrozole-0.4µg/L | L52: =L4 -> Fadrozole-2µg/L | M52: =M4 -> Fadrozole-10 µg/L | O52: =O27 -> Testo -30µg/L | P52: =P27 -> Testo 30µg/L + EE2 -64ng/L | Q52: =Q27 -> Testo 30µg/L + FAD-10µg/L | R52: =R27 -> Fadrozole-0.016µg/L + Testostérone | S52: =S27 -> Fadrozole-0.08µg/L + Testostérone | T52: =T27 -> Fadrozole-0.4µg/L + Testostérone | U52: =U27 -> Fadrozole-2µg/L + Testostérone | V52: =V27 -> Fadrozole-10 µg/L + Testostérone
A53: Mean | B53: =B46 -> 0.015003544 | C53: =C46 -> 0.053290791 | D53: =D46 -> 0.40188471 | E53: =E46 -> 1.3486353 | F53: =F46 -> 2.6183383 | G53: =G46 -> 4.0961414 | H53: =H46 -> 6.3866038 | I53: =I46 -> 0.012524844 | ... M53: =M46 -> 0.01374768 | O53: =O46 -> 1 | P53: =P46 -> 9.9330879 | Q53: =Q46 -> 0.037451139 | R53: =R46 -> 0.79204537 | S53: =S46 -> 1.3928892 | T53: =T46 -> 0.32124546 | U53: =U46 -> 0.41459606 | V53: =V46 -> 0.049787378
A54: SEM | B54: =B48 -> 0.0047487891 | C54: =C48 -> 0.01863486 | D54: =D48 -> 0.33281592 | E54: =E48 -> 0.45158405 | F54: =F48 -> 0.702947 | G54: =G48 -> 0.48140425 | H54: =H48 -> 0.73481982 | I54: =I48 -> 0.003942154 | ... M54: =M48 -> 0.0030763386 | O54: =O48 -> 0.24128902 | P54: =P48 -> 0.97600579 | Q54: =Q48 -> 0.011075188 | R54: =R48 -> 0.35796188 | S54: =S48 -> 0.44473104 | T54: =T48 -> 0.12465143 | U54: =U48 -> 0.21298587 | V54: =V48 -> 0.022409052
A55: % induction | B55: =(B53*100/$B53)-100 -> 0 | C55: =(C53*100/$B53)-100 -> 255.18803 | D55: =(D53*100/$B53)-100 -> 2578.5986 | E55: =(E53*100/$B53)-100 -> 8888.7785 | F55: =(F53*100/$B53)-100 -> 17351.465 | G55: =(G53*100/$B53)-100 -> 27201.159 | H55: =(H53*100/$B53)-100 -> 42467.302 | I55: =(I53*100/$B53)-100 -> -16.520764 | ... M55: =(M53*100/$B53)-100 -> -8.3704459 | O55: =(O53*100/$O53)-100 -> 0 | P55: =(P53*100/$O53)-100 -> 893.30879 | Q55: =(Q53*100/$O53)-100 -> -96.254886 | R55: =(R53*100/$O53)-100 -> -20.795463 | S55: =(S53*100/$O53)-100 -> 39.288916 | T55: =(T53*100/$O53)-100 -> -67.875454 | U55: =(U53*100/$O53)-100 -> -58.540394 | V55: =(V53*100/$O53)-100 -> -95.021262
A56: Test de normalité : valeur du p | B56: =[1]!SWTEST(B28:B43) -> #NAME? | C56: =[1]!SWTEST(C28:C43) -> #NAME? | D56: =[1]!SWTEST(D28:D43) -> #NAME? | E56: =[1]!SWTEST(E28:E43) -> #NAME? | F56: =[1]!SWTEST(F28:F43) -> #NAME? | G56: =[1]!SWTEST(G28:G43) -> #NAME? | H56: =[1]!SWTEST(H28:H43) -> #NAME? | I56: =[1]!SWTEST(I28:I43) -> #NAME? | ... M56: =[1]!SWTEST(M28:M43) -> #NAME? | O56: =[1]!SWTEST(O28:O43) -> #NAME? | P56: =[1]!SWTEST(P28:P43) -> #NAME? | Q56: =[1]!SWTEST(Q28:Q43) -> #NAME? | R56: =[1]!SWTEST(R28:R43) -> #NAME? | S56: =[1]!SWTEST(S28:S43) -> #NAME? | T56: =[1]!SWTEST(T28:T43) -> #NAME? | U56: =[1]!SWTEST(U28:U43) -> #NAME? | V56: =[1]!SWTEST(V28:V43) -> #NAME?
A57: Test de normalité : résultat normal? | B57: =IF(B56>0.05,"Oui","Non") -> #NAME? | C57: =IF(C56>0.05,"Oui","Non") -> #NAME? | D57: =IF(D56>0.05,"Oui","Non") -> #NAME? | E57: =IF(E56>0.05,"Oui","Non") -> #NAME? | F57: =IF(F56>0.05,"Oui","Non") -> #NAME? | G57: =IF(G56>0.05,"Oui","Non") -> #NAME? | H57: =IF(H56>0.05,"Oui","Non") -> #NAME? | I57: =IF(I56>0.05,"Oui","Non") -> #NAME? | ... M57: =IF(M56>0.05,"Oui","Non") -> #NAME? | O57: =IF(O56>0.05,"Oui","Non") -> #NAME? | P57: =IF(P56>0.05,"Oui","Non") -> #NAME? | Q57: =IF(Q56>0.05,"Oui","Non") -> #NAME? | R57: =IF(R56>0.05,"Oui","Non") -> #NAME? | S57: =IF(S56>0.05,"Oui","Non") -> #NAME? | T57: =IF(T56>0.05,"Oui","Non") -> #NAME? | U57: =IF(U56>0.05,"Oui","Non") -> #NAME? | V57: =IF(V56>0.05,"Oui","Non") -> #NAME?
A59: Test statistique utilisé | C59: =IF($B57="Non",IF(C57="Non","MW",IF(C57="Oui","MW","")),IF($B57="Oui",IF(C57="Oui","T-Test Welch",IF(C57="Non","MW","")))) -> #NAME? | D59: =IF($B57="Non",IF(D57="Non","MW",IF(D57="Oui","MW","")),IF($B57="Oui",IF(D57="Oui","T-Test Welch",IF(D57="Non","MW","")))) -> #NAME? | E59: =IF($B57="Non",IF(E57="Non","MW",IF(E57="Oui","MW","")),IF($B57="Oui",IF(E57="Oui","T-Test Welch",IF(E57="Non","MW","")))) -> #NAME? | F59: =IF($B57="Non",IF(F57="Non","MW",IF(F57="Oui","MW","")),IF($B57="Oui",IF(F57="Oui","T-Test Welch",IF(F57="Non","MW","")))) -> #NAME? | G59: =IF($B57="Non",IF(G57="Non","MW",IF(G57="Oui","MW","")),IF($B57="Oui",IF(G57="Oui","T-Test Welch",IF(G57="Non","MW","")))) -> #NAME? | H59: =IF($B57="Non",IF(H57="Non","MW",IF(H57="Oui","MW","")),IF($B57="Oui",IF(H57="Oui","T-Test Welch",IF(H57="Non","MW","")))) -> #NAME? | I59: =IF($B57="Non",IF(I57="Non","MW",IF(I57="Oui","MW","")),IF($B57="Oui",IF(I57="Oui","T-Test Welch",IF(I57="Non","MW","")))) -> #NAME? | J59: =IF($B57="Non",IF(J57="Non","MW",IF(J57="Oui","MW","")),IF($B57="Oui",IF(J57="Oui","T-Test Welch",IF(J57="Non","MW","")))) -> #NAME? | ... M59: =IF($B57="Non",IF(M57="Non","MW",IF(M57="Oui","MW","")),IF($B57="Oui",IF(M57="Oui","T-Test Welch",IF(M57="Non","MW","")))) -> #NAME? | O59: =IF($B57="Non",IF(O57="Non","MW",IF(O57="Oui","MW","")),IF($B57="Oui",IF(O57="Oui","T-Test Welch",IF(O57="Non","MW","")))) -> #NAME? | P59: =IF($O57="Non",IF(P57="Non","MW",IF(P57="Oui","MW","")),IF($O57="Oui",IF(P57="Oui","T-Test Welch",IF(P57="Non","MW","")))) -> #NAME? | Q59: =IF($O57="Non",IF(Q57="Non","MW",IF(Q57="Oui","MW","")),IF($O57="Oui",IF(Q57="Oui","T-Test Welch",IF(Q57="Non","MW","")))) -> #NAME? | R59: =IF($O57="Non",IF(R57="Non","MW",IF(R57="Oui","MW","")),IF($O57="Oui",IF(R57="Oui","T-Test Welch",IF(R57="Non","MW","")))) -> #NAME? | S59: =IF($O57="Non",IF(S57="Non","MW",IF(S57="Oui","MW","")),IF($O57="Oui",IF(S57="Oui","T-Test Welch",IF(S57="Non","MW","")))) -> #NAME? | T59: =IF($O57="Non",IF(T57="Non","MW",IF(T57="Oui","MW","")),IF($O57="Oui",IF(T57="Oui","T-Test Welch",IF(T57="Non","MW","")))) -> #NAME? | U59: =IF($O57="Non",IF(U57="Non","MW",IF(U57="Oui","MW","")),IF($O57="Oui",IF(U57="Oui","T-Test Welch",IF(U57="Non","MW","")))) -> #NAME? | V59: =IF($O57="Non",IF(V57="Non","MW",IF(V57="Oui","MW","")),IF($O57="Oui",IF(V57="Oui","T-Test Welch",IF(V57="Non","MW","")))) -> #NAME?
A60: Test statistique : valeur du p | C60: =IF(C59="MW",[1]!MTEST($B28:$B43,C28:C43,2), IF(C59="T-Test Welch",_xlfn.T.TEST($B28:$B43,C28:C43,2,3),"")) -> #NAME? | D60: =IF(D59="MW",[1]!MTEST($B28:$B43,D28:D43,2), IF(D59="T-Test Welch",_xlfn.T.TEST($B28:$B43,D28:D43,2,3),"")) -> #NAME? | E60: =IF(E59="MW",[1]!MTEST($B28:$B43,E28:E43,2), IF(E59="T-Test Welch",_xlfn.T.TEST($B28:$B43,E28:E43,2,3),"")) -> #NAME? | F60: =IF(F59="MW",[1]!MTEST($B28:$B43,F28:F43,2), IF(F59="T-Test Welch",_xlfn.T.TEST($B28:$B43,F28:F43,2,3),"")) -> #NAME? | G60: =IF(G59="MW",[1]!MTEST($B28:$B43,G28:G43,2), IF(G59="T-Test Welch",_xlfn.T.TEST($B28:$B43,G28:G43,2,3),"")) -> #NAME? | H60: =IF(H59="MW",[1]!MTEST($B28:$B43,H28:H43,2), IF(H59="T-Test Welch",_xlfn.T.TEST($B28:$B43,H28:H43,2,3),"")) -> #NAME? | I60: =IF(I59="MW",[1]!MTEST($B28:$B43,I28:I43,2), IF(I59="T-Test Welch",_xlfn.T.TEST($B28:$B43,I28:I43,2,3),"")) -> #NAME? | J60: =IF(J59="MW",[1]!MTEST($B28:$B43,J28:J43,2), IF(J59="T-Test Welch",_xlfn.T.TEST($B28:$B43,J28:J43,2,3),"")) -> #NAME? | ... M60: =IF(M59="MW",[1]!MTEST($B28:$B43,M28:M43,2), IF(M59="T-Test Welch",_xlfn.T.TEST($B28:$B43,M28:M43,2,3),"")) -> #NAME? | O60: =IF(O59="MW",[1]!MTEST($B28:$B43,O28:O43,2), IF(O59="T-Test Welch",_xlfn.T.TEST($B28:$B43,O28:O43,2,3),"")) -> #NAME? | P60: =IF(P59="MW",[1]!MTEST($O28:$O43,P28:P43,2), IF(P59="T-Test Welch",_xlfn.T.TEST($O28:$O43,P28:P43,2,3),"")) -> #NAME? | Q60: =IF(Q59="MW",[1]!MTEST($O28:$O43,Q28:Q43,2), IF(Q59="T-Test Welch",_xlfn.T.TEST($O28:$O43,Q28:Q43,2,3),"")) -> #NAME? | R60: =IF(R59="MW",[1]!MTEST($O28:$O43,R28:R43,2), IF(R59="T-Test Welch",_xlfn.T.TEST($O28:$O43,R28:R43,2,3),"")) -> #NAME? | S60: =IF(S59="MW",[1]!MTEST($O28:$O43,S28:S43,2), IF(S59="T-Test Welch",_xlfn.T.TEST($O28:$O43,S28:S43,2,3),"")) -> #NAME? | T60: =IF(T59="MW",[1]!MTEST($O28:$O43,T28:T43,2), IF(T59="T-Test Welch",_xlfn.T.TEST($O28:$O43,T28:T43,2,3),"")) -> #NAME? | U60: =IF(U59="MW",[1]!MTEST($O28:$O43,U28:U43,2), IF(U59="T-Test Welch",_xlfn.T.TEST($O28:$O43,U28:U43,2,3),"")) -> #NAME? | V60: =IF(V59="MW",[1]!MTEST($O28:$O43,V28:V43,2), IF(V59="T-Test Welch",_xlfn.T.TEST($O28:$O43,V28:V43,2,3),"")) -> #NAME?
A61: Annotation | C61: =IF(C60>0.05,"NS",IF(C60>0.01,"*",IF(C60>0.001,"**","***"))) -> #NAME? | D61: =IF(D60>0.05,"NS",IF(D60>0.01,"*",IF(D60>0.001,"**","***"))) -> #NAME? | E61: =IF(E60>0.05,"NS",IF(E60>0.01,"*",IF(E60>0.001,"**","***"))) -> #NAME? | F61: =IF(F60>0.05,"NS",IF(F60>0.01,"*",IF(F60>0.001,"**","***"))) -> #NAME? | G61: =IF(G60>0.05,"NS",IF(G60>0.01,"*",IF(G60>0.001,"**","***"))) -> #NAME? | H61: =IF(H60>0.05,"NS",IF(H60>0.01,"*",IF(H60>0.001,"**","***"))) -> #NAME? | I61: =IF(I60>0.05,"NS",IF(I60>0.01,"*",IF(I60>0.001,"**","***"))) -> #NAME? | J61: =IF(J60>0.05,"NS",IF(J60>0.01,"*",IF(J60>0.001,"**","***"))) -> #NAME? | ... M61: =IF(M60>0.05,"NS",IF(M60>0.01,"*",IF(M60>0.001,"**","***"))) -> #NAME? | O61: =IF(O60>0.05,"NS",IF(O60>0.01,"*",IF(O60>0.001,"**","***"))) -> #NAME? | P61: =IF(P60>0.05,"NS",IF(P60>0.01,"*",IF(P60>0.001,"**","***"))) -> #NAME? | Q61: =IF(Q60>0.05,"NS",IF(Q60>0.01,"*",IF(Q60>0.001,"**","***"))) -> #NAME? | R61: =IF(R60>0.05,"NS",IF(R60>0.01,"*",IF(R60>0.001,"**","***"))) -> #NAME? | S61: =IF(S60>0.05,"NS",IF(S60>0.01,"*",IF(S60>0.001,"**","***"))) -> #NAME? | T61: =IF(T60>0.05,"NS",IF(T60>0.01,"*",IF(T60>0.001,"**","***"))) -> #NAME? | U61: =IF(U60>0.05,"NS",IF(U60>0.01,"*",IF(U60>0.001,"**","***"))) -> #NAME? | V61: =IF(V60>0.05,"NS",IF(V60>0.01,"*",IF(V60>0.001,"**","***"))) -> #NAME?
A63: Eléments pour la mise en forme conditionnelles des résutats - calcul équivalent hormonal (eqH)
A64: LOD | B64: =B46+(3*B47) -> 0.052695889
A65: LOQ | B65: =B46+(10*B47) -> 0.14064469
A67: 8. Expérimentateur 2 : se reporter à l'onglet "pooled normalised values".

Sheet Raw data R3
A1: Nom groupe | B1: N° de valeur | C1: file name | D1: total area | E1: mean intensity | G1: total fluorescence | I1: nbre de larves | L1: (Tous)
A2: =IFERROR(LEFT(RIGHT(C2,LEN(C2)-SEARCH("@",C2)),SEARCH("/",RIGHT(C2,LEN(C2)-SEARCH("@",C2)-1))),"") | B2: =LEFT(RIGHT(RIGHT(Tableau467[[#This Row],[file name]],LEN(Tableau467[[#This Row],[file name]])-SEARCH("@",Tableau467[[#This Row],[file name]])),LEN(RIGHT(Tableau467[[#This Row],[file name]],LEN(Tableau467[[#This Row],[file name]])-SEARCH("@",Tableau467[[#This Row],[file name]])))-SEARCH("/",RIGHT(Tableau467[[#This Row],[file name]],LEN(Tableau467[[#This Row],[file name]])-SEARCH("@",Tableau467[[#This Row],[file name]])))),1) -> #VALUE! | K2: Filtre lignes : Enlever (vide) et Néant | L2: Filtre colonnes : Enlever (vide) et " "
A3: =IFERROR(LEFT(RIGHT(C3,LEN(C3)-SEARCH("@",C3)),SEARCH("/",RIGHT(C3,LEN(C3)-SEARCH("@",C3)-1))),"") | B3: =LEFT(RIGHT(RIGHT(Tableau467[[#This Row],[file name]],LEN(Tableau467[[#This Row],[file name]])-SEARCH("@",Tableau467[[#This Row],[file name]])),LEN(RIGHT(Tableau467[[#This Row],[file name]],LEN(Tableau467[[#This Row],[file name]])-SEARCH("@",Tableau467[[#This Row],[file name]])))-SEARCH("/",RIGHT(Tableau467[[#This Row],[file name]],LEN(Tableau467[[#This Row],[file name]])-SEARCH("@",Tableau467[[#This Row],[file name]])))),1) -> #VALUE! | K3: Moyenne de total fluorescence | L3: Étiquettes de colonnes
A4: =IFERROR(LEFT(RIGHT(C4,LEN(C4)-SEARCH("@",C4)),SEARCH("/",RIGHT(C4,LEN(C4)-SEARCH("@",C4)-1))),"") | B4: =LEFT(RIGHT(RIGHT(Tableau467[[#This Row],[file name]],LEN(Tableau467[[#This Row],[file name]])-SEARCH("@",Tableau467[[#This Row],[file name]])),LEN(RIGHT(Tableau467[[#This Row],[file name]],LEN(Tableau467[[#This Row],[file name]])-SEARCH("@",Tableau467[[#This Row],[file name]])))-SEARCH("/",RIGHT(Tableau467[[#This Row],[file name]],LEN(Tableau467[[#This Row],[file name]])-SEARCH("@",Tableau467[[#This Row],[file name]])))),1) -> #VALUE! | K4: Étiquettes de lignes
A5: =IFERROR(LEFT(RIGHT(C5,LEN(C5)-SEARCH("@",C5)),SEARCH("/",RIGHT(C5,LEN(C5)-SEARCH("@",C5)-1))),"") | B5: =LEFT(RIGHT(RIGHT(Tableau467[[#This Row],[file name]],LEN(Tableau467[[#This Row],[file name]])-SEARCH("@",Tableau467[[#This Row],[file name]])),LEN(RIGHT(Tableau467[[#This Row],[file name]],LEN(Tableau467[[#This Row],[file name]])-SEARCH("@",Tableau467[[#This Row],[file name]])))-SEARCH("/",RIGHT(Tableau467[[#This Row],[file name]],LEN(Tableau467[[#This Row],[file name]])-SEARCH("@",Tableau467[[#This Row],[file name]])))),1) -> #VALUE! | K5: #VALEUR!
A6: =IFERROR(LEFT(RIGHT(C6,LEN(C6)-SEARCH("@",C6)),SEARCH("/",RIGHT(C6,LEN(C6)-SEARCH("@",C6)-1))),"") | B6: =LEFT(RIGHT(RIGHT(Tableau467[[#This Row],[file name]],LEN(Tableau467[[#This Row],[file name]])-SEARCH("@",Tableau467[[#This Row],[file name]])),LEN(RIGHT(Tableau467[[#This Row],[file name]],LEN(Tableau467[[#This Row],[file name]])-SEARCH("@",Tableau467[[#This Row],[file name]])))-SEARCH("/",RIGHT(Tableau467[[#This Row],[file name]],LEN(Tableau467[[#This Row],[file name]])-SEARCH("@",Tableau467[[#This Row],[file name]])))),1) -> #VALUE!
A7: =IFERROR(LEFT(RIGHT(C7,LEN(C7)-SEARCH("@",C7)),SEARCH("/",RIGHT(C7,LEN(C7)-SEARCH("@",C7)-1))),"") | B7: =LEFT(RIGHT(RIGHT(Tableau467[[#This Row],[file name]],LEN(Tableau467[[#This Row],[file name]])-SEARCH("@",Tableau467[[#This Row],[file name]])),LEN(RIGHT(Tableau467[[#This Row],[file name]],LEN(Tableau467[[#This Row],[file name]])-SEARCH("@",Tableau467[[#This Row],[file name]])))-SEARCH("/",RIGHT(Tableau467[[#This Row],[file name]],LEN(Tableau467[[#This Row],[file name]])-SEARCH("@",Tableau467[[#This Row],[file name]])))),1) -> #VALUE!
A8: =IFERROR(LEFT(RIGHT(C8,LEN(C8)-SEARCH("@",C8)),SEARCH("/",RIGHT(C8,LEN(C8)-SEARCH("@",C8)-1))),"") | B8: =LEFT(RIGHT(RIGHT(Tableau467[[#This Row],[file name]],LEN(Tableau467[[#This Row],[file name]])-SEARCH("@",Tableau467[[#This Row],[file name]])),LEN(RIGHT(Tableau467[[#This Row],[file name]],LEN(Tableau467[[#This Row],[file name]])-SEARCH("@",Tableau467[[#This Row],[file name]])))-SEARCH("/",RIGHT(Tableau467[[#This Row],[file name]],LEN(Tableau467[[#This Row],[file name]])-SEARCH("@",Tableau467[[#This Row],[file name]])))),1) -> #VALUE!
A9: =IFERROR(LEFT(RIGHT(C9,LEN(C9)-SEARCH("@",C9)),SEARCH("/",RIGHT(C9,LEN(C9)-SEARCH("@",C9)-1))),"") | B9: =LEFT(RIGHT(RIGHT(Tableau467[[#This Row],[file name]],LEN(Tableau467[[#This Row],[file name]])-SEARCH("@",Tableau467[[#This Row],[file name]])),LEN(RIGHT(Tableau467[[#This Row],[file name]],LEN(Tableau467[[#This Row],[file name]])-SEARCH("@",Tableau467[[#This Row],[file name]])))-SEARCH("/",RIGHT(Tableau467[[#This Row],[file name]],LEN(Tableau467[[#This Row],[file name]])-SEARCH("@",Tableau467[[#This Row],[file name]])))),1) -> #VALUE!
A10: =IFERROR(LEFT(RIGHT(C10,LEN(C10)-SEARCH("@",C10)),SEARCH("/",RIGHT(C10,LEN(C10)-SEARCH("@",C10)-1))),"") | B10: =LEFT(RIGHT(RIGHT(Tableau467[[#This Row],[file name]],LEN(Tableau467[[#This Row],[file name]])-SEARCH("@",Tableau467[[#This Row],[file name]])),LEN(RIGHT(Tableau467[[#This Row],[file name]],LEN(Tableau467[[#This Row],[file name]])-SEARCH("@",Tableau467[[#This Row],[file name]])))-SEARCH("/",RIGHT(Tableau467[[#This Row],[file name]],LEN(Tableau467[[#This Row],[file name]])-SEARCH("@",Tableau467[[#This Row],[file name]])))),1) -> #VALUE!
A11: =IFERROR(LEFT(RIGHT(C11,LEN(C11)-SEARCH("@",C11)),SEARCH("/",RIGHT(C11,LEN(C11)-SEARCH("@",C11)-1))),"") | B11: =LEFT(RIGHT(RIGHT(Tableau467[[#This Row],[file name]],LEN(Tableau467[[#This Row],[file name]])-SEARCH("@",Tableau467[[#This Row],[file name]])),LEN(RIGHT(Tableau467[[#This Row],[file name]],LEN(Tableau467[[#This Row],[file name]])-SEARCH("@",Tableau467[[#This Row],[file name]])))-SEARCH("/",RIGHT(Tableau467[[#This Row],[file name]],LEN(Tableau467[[#This Row],[file name]])-SEARCH("@",Tableau467[[#This Row],[file name]])))),1) -> #VALUE!
A12: =IFERROR(LEFT(RIGHT(C12,LEN(C12)-SEARCH("@",C12)),SEARCH("/",RIGHT(C12,LEN(C12)-SEARCH("@",C12)-1))),"") | B12: =LEFT(RIGHT(RIGHT(Tableau467[[#This Row],[file name]],LEN(Tableau467[[#This Row],[file name]])-SEARCH("@",Tableau467[[#This Row],[file name]])),LEN(RIGHT(Tableau467[[#This Row],[file name]],LEN(Tableau467[[#This Row],[file name]])-SEARCH("@",Tableau467[[#This Row],[file name]])))-SEARCH("/",RIGHT(Tableau467[[#This Row],[file name]],LEN(Tableau467[[#This Row],[file name]])-SEARCH("@",Tableau467[[#This Row],[file name]])))),1) -> #VALUE!
A13: =IFERROR(LEFT(RIGHT(C13,LEN(C13)-SEARCH("@",C13)),SEARCH("/",RIGHT(C13,LEN(C13)-SEARCH("@",C13)-1))),"") | B13: =LEFT(RIGHT(RIGHT(Tableau467[[#This Row],[file name]],LEN(Tableau467[[#This Row],[file name]])-SEARCH("@",Tableau467[[#This Row],[file name]])),LEN(RIGHT(Tableau467[[#This Row],[file name]],LEN(Tableau467[[#This Row],[file name]])-SEARCH("@",Tableau467[[#This Row],[file name]])))-SEARCH("/",RIGHT(Tableau467[[#This Row],[file name]],LEN(Tableau467[[#This Row],[file name]])-SEARCH("@",Tableau467[[#This Row],[file name]])))),1) -> #VALUE!
A14: =IFERROR(LEFT(RIGHT(C14,LEN(C14)-SEARCH("@",C14)),SEARCH("/",RIGHT(C14,LEN(C14)-SEARCH("@",C14)-1))),"") | B14: =LEFT(RIGHT(RIGHT(Tableau467[[#This Row],[file name]],LEN(Tableau467[[#This Row],[file name]])-SEARCH("@",Tableau467[[#This Row],[file name]])),LEN(RIGHT(Tableau467[[#This Row],[file name]],LEN(Tableau467[[#This Row],[file name]])-SEARCH("@",Tableau467[[#This Row],[file name]])))-SEARCH("/",RIGHT(Tableau467[[#This Row],[file name]],LEN(Tableau467[[#This Row],[file name]])-SEARCH("@",Tableau467[[#This Row],[file name]])))),1) -> #VALUE!
A15: =IFERROR(LEFT(RIGHT(C15,LEN(C15)-SEARCH("@",C15)),SEARCH("/",RIGHT(C15,LEN(C15)-SEARCH("@",C15)-1))),"") | B15: =LEFT(RIGHT(RIGHT(Tableau467[[#This Row],[file name]],LEN(Tableau467[[#This Row],[file name]])-SEARCH("@",Tableau467[[#This Row],[file name]])),LEN(RIGHT(Tableau467[[#This Row],[file name]],LEN(Tableau467[[#This Row],[file name]])-SEARCH("@",Tableau467[[#This Row],[file name]])))-SEARCH("/",RIGHT(Tableau467[[#This Row],[file name]],LEN(Tableau467[[#This Row],[file name]])-SEARCH("@",Tableau467[[#This Row],[file name]])))),1) -> #VALUE!
A16: =IFERROR(LEFT(RIGHT(C16,LEN(C16)-SEARCH("@",C16)),SEARCH("/",RIGHT(C16,LEN(C16)-SEARCH("@",C16)-1))),"") | B16: =LEFT(RIGHT(RIGHT(Tableau467[[#This Row],[file name]],LEN(Tableau467[[#This Row],[file name]])-SEARCH("@",Tableau467[[#This Row],[file name]])),LEN(RIGHT(Tableau467[[#This Row],[file name]],LEN(Tableau467[[#This Row],[file name]])-SEARCH("@",Tableau467[[#This Row],[file name]])))-SEARCH("/",RIGHT(Tableau467[[#This Row],[file name]],LEN(Tableau467[[#This Row],[file name]])-SEARCH("@",Tableau467[[#This Row],[file name]])))),1) -> #VALUE!
A17: =IFERROR(LEFT(RIGHT(C17,LEN(C17)-SEARCH("@",C17)),SEARCH("/",RIGHT(C17,LEN(C17)-SEARCH("@",C17)-1))),"") | B17: =LEFT(RIGHT(RIGHT(Tableau467[[#This Row],[file name]],LEN(Tableau467[[#This Row],[file name]])-SEARCH("@",Tableau467[[#This Row],[file name]])),LEN(RIGHT(Tableau467[[#This Row],[file name]],LEN(Tableau467[[#This Row],[file name]])-SEARCH("@",Tableau467[[#This Row],[file name]])))-SEARCH("/",RIGHT(Tableau467[[#This Row],[file name]],LEN(Tableau467[[#This Row],[file name]])-SEARCH("@",Tableau467[[#This Row],[file name]])))),1) -> #VALUE!
... A1711: =IFERROR(LEFT(RIGHT(C1711,LEN(C1711)-SEARCH("@",C1711)),SEARCH("/",RIGHT(C1711,LEN(C1711)-SEARCH("@",C1711)-1))),"") | B1711: =LEFT(RIGHT(RIGHT(Tableau467[[#This Row],[file name]],LEN(Tableau467[[#This Row],[file name]])-SEARCH("@",Tableau467[[#This Row],[file name]])),LEN(RIGHT(Tableau467[[#This Row],[file name]],LEN(Tableau467[[#This Row],[file name]])-SEARCH("@",Tableau467[[#This Row],[file name]])))-SEARCH("/",RIGHT(Tableau467[[#This Row],[file name]],LEN(Tableau467[[#This Row],[file name]])-SEARCH("@",Tableau467[[#This Row],[file name]])))),1) -> #VALUE!

Sheet R3
A1: 6. Expérimentateur 2 : copier et coller les valeurs des intensités totales de fluorescences obtenues dans le fichier raw data lors du traitement des images. Ne pas supprimer les colonnes correspondant aux concentrations non lues.
A3: R3 | B3: Non dopé | O3: avec testo
A4: Noms des groupes | B4: ='Page de garde'!A7 -> Témoin solvant | C4: ='Page de garde'!A9 -> EE2-33.8ng/L | D4: ='Page de garde'!A10 -> EE2-50.6ng/L | E4: ='Page de garde'!A11 -> EE2-76ng/L | F4: ='Page de garde'!A12 -> EE2-114ng/L | G4: ='Page de garde'!A13 -> EE2-170.9ng/L | H4: ='Page de garde'!A14 -> EE2-488ng/L | I4: ='Page de garde'!A15 -> Fadrozole-0.016µg/L | J4: ='Page de garde'!A16 -> Fadrozole-0.08µg/L | K4: ='Page de garde'!A17 -> Fadrozole-0.4µg/L | L4: ='Page de garde'!A18 -> Fadrozole-2µg/L | M4: ='Page de garde'!A19 -> Fadrozole-10 µg/L | O4: ='Page de garde'!A36 -> Testo -30µg/L | P4: ='Page de garde'!A37 -> Testo 30µg/L + EE2 -64ng/L | Q4: ='Page de garde'!A38 -> Testo 30µg/L + FAD-10µg/L | R4: ='Page de garde'!A39 -> Fadrozole-0.016µg/L + Testostérone | S4: ='Page de garde'!A40 -> Fadrozole-0.08µg/L + Testostérone | T4: ='Page de garde'!A41 -> Fadrozole-0.4µg/L + Testostérone | U4: ='Page de garde'!A42 -> Fadrozole-2µg/L + Testostérone | V4: ='Page de garde'!A43 -> Fadrozole-10 µg/L + Testostérone
A5: Données brutes | B5: 2058 | C5: 16428 | D5: 64771 | E5: 1271354 | F5: 2083582 | G5: 2330178 | H5: 7334193 | I5: 14610 | J5: 11991 | K5: 89505 | L5: 9788 | M5: 13157 | O5: 22012 | P5: 3927887 | Q5: 22378 | R5: 23632 | S5: 933875 | T5: 1412188 | U5: 85595 | V5: 7881
B6: 20355 | C6: 0 | D6: 46826 | E6: 75173 | F6: 2201523 | G6: 2941287 | H6: 6087949 | I6: 4324 | J6: 8362 | K6: 25 | L6: 45011 | M6: 25 | O6: 396 | P6: 7678095 | Q6: 241113 | R6: 9111 | S6: 1068289 | T6: 8391 | U6: 25542 | V6: 1865
B7: 8480 | C7: 3987 | D7: 65061 | E7: 1505149 | F7: 298782 | G7: 1801335 | H7: 7412364 | I7: 56043 | J7: 2737 | K7: 394 | L7: 32108 | M7: 258 | O7: 52236 | P7: 5835880 | Q7: 23185 | R7: 34276 | S7: 295064 | T7: 158977 | U7: 509407 | V7: 20069
B8: 2538 | C8: 6096 | D8: 14621 | E8: 2032365 | F8: 1645857 | G8: 3400336 | H8: 5848921 | I8: 4782 | J8: 18488 | K8: 26071 | L8: 4654 | M8: 12026 | O8: 3740618 | P8: 10433008 | Q8: 22812 | R8: 589359 | S8: 2035 | T8: 23262 | U8: 29618 | V8: 17340
B9: 3899 | C9: 1005 | D9: 6770 | E9: 1099778 | F9: 9132751 | G9: 3738309 | H9: 4520704 | I9: 5112 | J9: 33713 | K9: 688 | L9: 19070 | M9: 6961 | O9: 617824 | P9: 9886459 | Q9: 3875 | R9: 54611 | S9: 117078 | T9: 6109 | U9: 19320 | V9: 237
B10: 476 | C10: 7331 | D10: 776 | E10: 2427292 | F10: 2327681 | G10: 3997146 | H10: 10376224 | I10: 15178 | J10: 3889 | K10: 22582 | L10: 11098 | M10: 12744 | O10: 39842 | P10: 6367101 | Q10: 10547 | R10: 356523 | S10: 85925 | T10: 13944 | U10: 1706204 | V10: 7416
B11: 33638 | C11: 2408 | D11: 12714 | E11: 385113 | F11: 497214 | G11: 3367660 | H11: 4669383 | I11: 60404 | J11: 2959 | K11: 14350 | L11: 1864 | M11: 3222 | O11: 363 | P11: 9975423 | Q11: 8572 | R11: 1328021 | S11: 85317 | T11: 10614 | U11: 137451 | V11: 19534
B12: 6693 | C12: 2240 | D12: 4076 | E12: 72583 | I12: 7157 | K12: 13352 | L12: 33858 | O12: 12605 | Q12: 1593 | R12: 760215 | S12: 513073 | T12: 1113230 | U12: 13904 | V12: 3505
O13: 72402
O14: 9322
O15: 2122
O16: 12393
O17: 1600842
O18: 7762
O19: 1482
A22: =A4 -> Noms des groupes | B22: =B4 -> Témoin solvant | C22: =C4 -> EE2-33.8ng/L | D22: =D4 -> EE2-50.6ng/L | E22: =E4 -> EE2-76ng/L | F22: =F4 -> EE2-114ng/L | G22: =G4 -> EE2-170.9ng/L | H22: =H4 -> EE2-488ng/L | ... M22: =M4 -> Fadrozole-10 µg/L | N22: Noms des groupes | O22: =O4 -> Testo -30µg/L | P22: =P4 -> Testo 30µg/L + EE2 -64ng/L | Q22: =Q4 -> Testo 30µg/L + FAD-10µg/L | R22: =R4 -> Fadrozole-0.016µg/L + Testostérone | S22: =S4 -> Fadrozole-0.08µg/L + Testostérone | T22: =T4 -> Fadrozole-0.4µg/L + Testostérone | U22: =U4 -> Fadrozole-2µg/L + Testostérone | V22: =V4 -> Fadrozole-10 µg/L + Testostérone
A23: mean | B23: =AVERAGE(B5:B20) -> 9767.125 | C23: =AVERAGE(C5:C20) -> 4936.875 | D23: =AVERAGE(D5:D20) -> 26951.875 | E23: =AVERAGE(E5:E20) -> 1108600.9 | F23: =AVERAGE(F5:F20) -> 2598198.6 | G23: =AVERAGE(G5:G20) -> 3082321.6 | H23: =AVERAGE(H5:H20) -> 6607105.4 | I23: =AVERAGE(I5:I20) -> 20951.25 | J23: =AVERAGE(J5:J20) -> 11734.143 | L23: =AVERAGE(L5:L20) -> 19681.375 | N23: mean | O23: =AVERAGE(O5:O20) -> 412814.73 | P23: =AVERAGE(P5:P20) -> 7729121.9 | Q23: =AVERAGE(Q5:Q20) -> 41759.375 | R23: =AVERAGE(R5:R20) -> 394468.5 | S23: =AVERAGE(S5:S20) -> 387582 | T23: =AVERAGE(T5:T20) -> 343339.38 | U23: =AVERAGE(U5:U20) -> 315880.12 | V23: =AVERAGE(V5:V20) -> 9730.875
A24: SD | B24: =STDEV(B5:B20) -> 11498.319 | C24: =STDEV(C5:C20) -> 5257.9782 | D24: =STDEV(D5:D20) -> 27381.251 | E24: =STDEV(E5:E20) -> 881625.46 | F24: =STDEV(F5:F20) -> 2994554.6 | G24: =STDEV(G5:G20) -> 782763.45 | H24: =STDEV(H5:H20) -> 2013933.1 | I24: =STDEV(I5:I20) -> 23423.326 | J24: =STDEV(J5:J20) -> 11251.815 | L24: =STDEV(L5:L20) -> 15639.672 | N24: SD | O24: =STDEV(O5:O20) -> 1013864.4 | P24: =STDEV(P5:P20) -> 2480001 | Q24: =STDEV(Q5:Q20) -> 81016.483 | R24: =STDEV(R5:R20) -> 474488.42 | S24: =STDEV(S5:S20) -> 412360.04 | T24: =STDEV(T5:T20) -> 575292.5 | U24: =STDEV(U5:U20) -> 585625.56 | V24: =STDEV(V5:V20) -> 8110.1764
B26: Non dopé | O26: avec testo
A27: Noms des groupes | B27: =B4 -> Témoin solvant | C27: =C4 -> EE2-33.8ng/L | D27: =D4 -> EE2-50.6ng/L | E27: =E4 -> EE2-76ng/L | F27: =F4 -> EE2-114ng/L | G27: =G4 -> EE2-170.9ng/L | H27: =H4 -> EE2-488ng/L | I27: =I4 -> Fadrozole-0.016µg/L | ... M27: =M4 -> Fadrozole-10 µg/L | O27: =O4 -> Testo -30µg/L | P27: =P4 -> Testo 30µg/L + EE2 -64ng/L | Q27: =Q4 -> Testo 30µg/L + FAD-10µg/L | R27: =R4 -> Fadrozole-0.016µg/L + Testostérone | S27: =S4 -> Fadrozole-0.08µg/L + Testostérone | T27: =T4 -> Fadrozole-0.4µg/L + Testostérone | U27: =U4 -> Fadrozole-2µg/L + Testostérone | V27: =V4 -> Fadrozole-10 µg/L + Testostérone
A28: Données normalisées sur la moyenne du groupe "Testo" | B28: =IF(B5="","",(B5/$O$23)) -> 0.0049852872 | C28: =IF(C5="","",(C5/$O$23)) -> 0.039795091 | D28: =IF(D5="","",(D5/$O$23)) -> 0.15690089 | E28: =IF(E5="","",(E5/$O$23)) -> 3.0797205 | F28: =IF(F5="","",(F5/$O$23)) -> 5.0472569 | G28: =IF(G5="","",(G5/$O$23)) -> 5.6446096 | H28: =IF(H5="","",(H5/$O$23)) -> 17.766306 | I28: =IF(I5="","",(I5/$O$23)) -> 0.035391179 | ... M28: =IF(M5="","",(M5/$O$23)) -> 0.03187144 | O28: =IF(O5="","",(O5/$O$23)) -> 0.05332174 | P28: =IF(P5="","",(P5/$O$23)) -> 9.5148905 | Q28: =IF(Q5="","",(Q5/$O$23)) -> 0.054208337 | R28: =IF(R5="","",(R5/$O$23)) -> 0.057246019 | S28: =IF(S5="","",(S5/$O$23)) -> 2.2622133 | T28: =IF(T5="","",(T5/$O$23)) -> 3.420876 | U28: =IF(U5="","",(U5/$O$23)) -> 0.20734483 | V28: =IF(V5="","",(V5/$O$23)) -> 0.019090888
B29: =IF(B6="","",(B6/$O$23)) -> 0.049307833 | C29: =IF(C6="","",(C6/$O$23)) -> 0 | D29: =IF(D6="","",(D6/$O$23)) -> 0.11343103 | E29: =IF(E6="","",(E6/$O$23)) -> 0.18209864 | F29: =IF(F6="","",(F6/$O$23)) -> 5.3329565 | G29: =IF(G6="","",(G6/$O$23)) -> 7.1249565 | H29: =IF(H6="","",(H6/$O$23)) -> 14.747412 | I29: =IF(I6="","",(I6/$O$23)) -> 0.010474432 | ... M29: =IF(M6="","",(M6/$O$23)) -> 6.0559854e-05 | O29: =IF(O6="","",(O6/$O$23)) -> 0.00095926809 | P29: =IF(P6="","",(P6/$O$23)) -> 18.599373 | Q29: =IF(Q6="","",(Q6/$O$23)) -> 0.58407072 | R29: =IF(R6="","",(R6/$O$23)) -> 0.022070433 | S29: =IF(S6="","",(S6/$O$23)) -> 2.587817 | T29: =IF(T6="","",(T6/$O$23)) -> 0.020326309 | U29: =IF(U6="","",(U6/$O$23)) -> 0.061872792 | V29: =IF(V6="","",(V6/$O$23)) -> 0.0045177651
B30: =IF(B7="","",(B7/$O$23)) -> 0.020541902 | C30: =IF(C7="","",(C7/$O$23)) -> 0.0096580855 | D30: =IF(D7="","",(D7/$O$23)) -> 0.15760339 | E30: =IF(E7="","",(E7/$O$23)) -> 3.6460642 | F30: =IF(F7="","",(F7/$O$23)) -> 0.72376777 | G30: =IF(G7="","",(G7/$O$23)) -> 4.3635434 | H30: =IF(H7="","",(H7/$O$23)) -> 17.955667 | I30: =IF(I7="","",(I7/$O$23)) -> 0.13575824 | ... M30: =IF(M7="","",(M7/$O$23)) -> 0.00062497769 | O30: =IF(O7="","",(O7/$O$23)) -> 0.12653618 | P30: =IF(P7="","",(P7/$O$23)) -> 14.136802 | Q30: =IF(Q7="","",(Q7/$O$23)) -> 0.056163209 | R30: =IF(R7="","",(R7/$O$23)) -> 0.083029982 | S30: =IF(S7="","",(S7/$O$23)) -> 0.71476131 | T30: =IF(T7="","",(T7/$O$23)) -> 0.38510496 | U30: =IF(U7="","",(U7/$O$23)) -> 1.2339845 | V30: =IF(V7="","",(V7/$O$23)) -> 0.048615028
B31: =IF(B8="","",(B8/$O$23)) -> 0.0061480364 | C31: =IF(C8="","",(C8/$O$23)) -> 0.014766915 | D31: =IF(D8="","",(D8/$O$23)) -> 0.035417825 | E31: =IF(E8="","",(E8/$O$23)) -> 4.9231891 | F31: =IF(F8="","",(F8/$O$23)) -> 3.9869144 | G31: =IF(G8="","",(G8/$O$23)) -> 8.2369541 | H31: =IF(H8="","",(H8/$O$23)) -> 14.168392 | I31: =IF(I8="","",(I8/$O$23)) -> 0.011583889 | ... M31: =IF(M8="","",(M8/$O$23)) -> 0.029131712 | O31: =IF(O8="","",(O8/$O$23)) -> 9.0612512 | P31: =IF(P8="","",(P8/$O$23)) -> 25.272858 | Q31: =IF(Q8="","",(Q8/$O$23)) -> 0.055259656 | R31: =IF(R8="","",(R8/$O$23)) -> 1.4276598 | S31: =IF(S8="","",(S8/$O$23)) -> 0.0049295721 | T31: =IF(T8="","",(T8/$O$23)) -> 0.056349733 | U31: =IF(U8="","",(U8/$O$23)) -> 0.07174647 | V31: =IF(V8="","",(V8/$O$23)) -> 0.042004315
B32: =IF(B9="","",(B9/$O$23)) -> 0.0094449148 | C32: =IF(C9="","",(C9/$O$23)) -> 0.0024345061 | D32: =IF(D9="","",(D9/$O$23)) -> 0.016399608 | E32: =IF(E9="","",(E9/$O$23)) -> 2.6640958 | F32: =IF(F9="","",(F9/$O$23)) -> 22.123123 | G32: =IF(G9="","",(G9/$O$23)) -> 9.0556579 | H32: =IF(H9="","",(H9/$O$23)) -> 10.950927 | I32: =IF(I9="","",(I9/$O$23)) -> 0.012383279 | ... M32: =IF(M9="","",(M9/$O$23)) -> 0.016862286 | O32: =IF(O9="","",(O9/$O$23)) -> 1.4966133 | P32: =IF(P9="","",(P9/$O$23)) -> 23.948901 | Q32: =IF(Q9="","",(Q9/$O$23)) -> 0.0093867774 | R32: =IF(R9="","",(R9/$O$23)) -> 0.13228937 | S32: =IF(S9="","",(S9/$O$23)) -> 0.28360906 | T32: =IF(T9="","",(T9/$O$23)) -> 0.014798406 | U32: =IF(U9="","",(U9/$O$23)) -> 0.046800655 | V32: =IF(V9="","",(V9/$O$23)) -> 0.00057410742
B33: =IF(B10="","",(B10/$O$23)) -> 0.0011530596 | C33: =IF(C10="","",(C10/$O$23)) -> 0.017758572 | D33: =IF(D10="","",(D10/$O$23)) -> 0.0018797779 | E33: =IF(E10="","",(E10/$O$23)) -> 5.879858 | F33: =IF(F10="","",(F10/$O$23)) -> 5.6385609 | G33: =IF(G10="","",(G10/$O$23)) -> 9.6826631 | H33: =IF(H10="","",(H10/$O$23)) -> 25.135304 | I33: =IF(I10="","",(I10/$O$23)) -> 0.036767099 | ... M33: =IF(M10="","",(M10/$O$23)) -> 0.030870991 | O33: =IF(O10="","",(O10/$O$23)) -> 0.096513028 | P33: =IF(P10="","",(P10/$O$23)) -> 15.423628 | Q33: =IF(Q10="","",(Q10/$O$23)) -> 0.025548991 | R33: =IF(R10="","",(R10/$O$23)) -> 0.86363923 | S33: =IF(S10="","",(S10/$O$23)) -> 0.20814422 | T33: =IF(T10="","",(T10/$O$23)) -> 0.033777864 | U33: =IF(U10="","",(U10/$O$23)) -> 4.1330986 | V33: =IF(V10="","",(V10/$O$23)) -> 0.017964475
B34: =IF(B11="","",(B11/$O$23)) -> 0.081484495 | C34: =IF(C11="","",(C11/$O$23)) -> 0.0058331251 | D34: =IF(D11="","",(D11/$O$23)) -> 0.030798319 | E34: =IF(E11="","",(E11/$O$23)) -> 0.93289548 | F34: =IF(F11="","",(F11/$O$23)) -> 1.2044483 | G34: =IF(G11="","",(G11/$O$23)) -> 8.1577999 | H34: =IF(H11="","",(H11/$O$23)) -> 11.311086 | I34: =IF(I11="","",(I11/$O$23)) -> 0.1463223 | ... M34: =IF(M11="","",(M11/$O$23)) -> 0.007804954 | O34: =IF(O11="","",(O11/$O$23)) -> 0.00087932908 | P34: =IF(P11="","",(P11/$O$23)) -> 24.164406 | Q34: =IF(Q11="","",(Q11/$O$23)) -> 0.020764763 | R34: =IF(R11="","",(R11/$O$23)) -> 3.2169903 | S34: =IF(S11="","",(S11/$O$23)) -> 0.2066714 | T34: =IF(T11="","",(T11/$O$23)) -> 0.025711292 | U34: =IF(U11="","",(U11/$O$23)) -> 0.3329605 | V34: =IF(V11="","",(V11/$O$23)) -> 0.047319048
B35: =IF(B12="","",(B12/$O$23)) -> 0.016213084 | C35: =IF(C12="","",(C12/$O$23)) -> 0.0054261629 | D35: =IF(D12="","",(D12/$O$23)) -> 0.0098736786 | E35: =IF(E12="","",(E12/$O$23)) -> 0.17582464 | F35: =IF(F12="","",(F12/$O$23)) | G35: =IF(G12="","",(G12/$O$23)) | H35: =IF(H12="","",(H12/$O$23)) | I35: =IF(I12="","",(I12/$O$23)) -> 0.017337075 | ... M35: =IF(M12="","",(M12/$O$23)) | O35: =IF(O12="","",(O12/$O$23)) -> 0.030534278 | P35: =IF(P12="","",(P12/$O$23)) | Q35: =IF(Q12="","",(Q12/$O$23)) -> 0.0038588739 | R35: =IF(R12="","",(R12/$O$23)) -> 1.8415404 | S35: =IF(S12="","",(S12/$O$23)) -> 1.242865 | T35: =IF(T12="","",(T12/$O$23)) -> 2.6966819 | U35: =IF(U12="","",(U12/$O$23)) -> 0.033680968 | V35: =IF(V12="","",(V12/$O$23)) -> 0.0084904915
B36: =IF(B13="","",(B13/$O$23)) | C36: =IF(C13="","",(C13/$O$23)) | D36: =IF(D13="","",(D13/$O$23)) | E36: =IF(E13="","",(E13/$O$23)) | F36: =IF(F13="","",(F13/$O$23)) | G36: =IF(G13="","",(G13/$O$23)) | H36: =IF(H13="","",(H13/$O$23)) | I36: =IF(I13="","",(I13/$O$23)) | ... M36: =IF(M13="","",(M13/$O$23)) | O36: =IF(O13="","",(O13/$O$23)) -> 0.17538618 | P36: =IF(P13="","",(P13/$O$23)) | Q36: =IF(Q13="","",(Q13/$O$23)) | R36: =IF(R13="","",(R13/$O$23)) | S36: =IF(S13="","",(S13/$O$23)) | T36: =IF(T13="","",(T13/$O$23)) | U36: =IF(U13="","",(U13/$O$23)) | V36: =IF(V13="","",(V13/$O$23))
B37: =IF(B14="","",(B14/$O$23)) | C37: =IF(C14="","",(C14/$O$23)) | D37: =IF(D14="","",(D14/$O$23)) | E37: =IF(E14="","",(E14/$O$23)) | F37: =IF(F14="","",(F14/$O$23)) | G37: =IF(G14="","",(G14/$O$23)) | H37: =IF(H14="","",(H14/$O$23)) | I37: =IF(I14="","",(I14/$O$23)) | ... M37: =IF(M14="","",(M14/$O$23)) | O37: =IF(O14="","",(O14/$O$23)) -> 0.022581558 | P37: =IF(P14="","",(P14/$O$23)) | Q37: =IF(Q14="","",(Q14/$O$23)) | R37: =IF(R14="","",(R14/$O$23)) | S37: =IF(S14="","",(S14/$O$23)) | T37: =IF(T14="","",(T14/$O$23)) | U37: =IF(U14="","",(U14/$O$23)) | V37: =IF(V14="","",(V14/$O$23))
B38: =IF(B15="","",(B15/$O$23)) | C38: =IF(C15="","",(C15/$O$23)) | D38: =IF(D15="","",(D15/$O$23)) | E38: =IF(E15="","",(E15/$O$23)) | F38: =IF(F15="","",(F15/$O$23)) | G38: =IF(G15="","",(G15/$O$23)) | H38: =IF(H15="","",(H15/$O$23)) | I38: =IF(I15="","",(I15/$O$23)) | ... M38: =IF(M15="","",(M15/$O$23)) | O38: =IF(O15="","",(O15/$O$23)) -> 0.0051403204 | P38: =IF(P15="","",(P15/$O$23)) | Q38: =IF(Q15="","",(Q15/$O$23)) | R38: =IF(R15="","",(R15/$O$23)) | S38: =IF(S15="","",(S15/$O$23)) | T38: =IF(T15="","",(T15/$O$23)) | U38: =IF(U15="","",(U15/$O$23)) | V38: =IF(V15="","",(V15/$O$23))
B39: =IF(B16="","",(B16/$O$23)) | C39: =IF(C16="","",(C16/$O$23)) | D39: =IF(D16="","",(D16/$O$23)) | E39: =IF(E16="","",(E16/$O$23)) | F39: =IF(F16="","",(F16/$O$23)) | G39: =IF(G16="","",(G16/$O$23)) | H39: =IF(H16="","",(H16/$O$23)) | I39: =IF(I16="","",(I16/$O$23)) | ... M39: =IF(M16="","",(M16/$O$23)) | O39: =IF(O16="","",(O16/$O$23)) -> 0.030020731 | P39: =IF(P16="","",(P16/$O$23)) | Q39: =IF(Q16="","",(Q16/$O$23)) | R39: =IF(R16="","",(R16/$O$23)) | S39: =IF(S16="","",(S16/$O$23)) | T39: =IF(T16="","",(T16/$O$23)) | U39: =IF(U16="","",(U16/$O$23)) | V39: =IF(V16="","",(V16/$O$23))
B40: =IF(B17="","",(B17/$O$23)) | C40: =IF(C17="","",(C17/$O$23)) | D40: =IF(D17="","",(D17/$O$23)) | E40: =IF(E17="","",(E17/$O$23)) | F40: =IF(F17="","",(F17/$O$23)) | G40: =IF(G17="","",(G17/$O$23)) | H40: =IF(H17="","",(H17/$O$23)) | I40: =IF(I17="","",(I17/$O$23)) | ... M40: =IF(M17="","",(M17/$O$23)) | O40: =IF(O17="","",(O17/$O$23)) -> 3.8778703 | P40: =IF(P17="","",(P17/$O$23)) | Q40: =IF(Q17="","",(Q17/$O$23)) | R40: =IF(R17="","",(R17/$O$23)) | S40: =IF(S17="","",(S17/$O$23)) | T40: =IF(T17="","",(T17/$O$23)) | U40: =IF(U17="","",(U17/$O$23)) | V40: =IF(V17="","",(V17/$O$23))
... B43: =IF(B20="","",(B20/$O$23)) | C43: =IF(C20="","",(C20/$O$23)) | D43: =IF(D20="","",(D20/$O$23)) | E43: =IF(E20="","",(E20/$O$23)) | F43: =IF(F20="","",(F20/$O$23)) | G43: =IF(G20="","",(G20/$O$23)) | H43: =IF(H20="","",(H20/$O$23)) | I43: =IF(I20="","",(I20/$O$23)) | ... M43: =IF(M20="","",(M20/$O$23)) | O43: =IF(O20="","",(O20/$O$23)) | P43: =IF(P20="","",(P20/$O$23)) | Q43: =IF(Q20="","",(Q20/$O$23)) | R43: =IF(R20="","",(R20/$O$23)) | S43: =IF(S20="","",(S20/$O$23)) | T43: =IF(T20="","",(T20/$O$23)) | U43: =IF(U20="","",(U20/$O$23)) | V43: =IF(V20="","",(V20/$O$23))
A45: =A4 -> Noms des groupes | B45: =B4 -> Témoin solvant | C45: =C4 -> EE2-33.8ng/L | D45: =D4 -> EE2-50.6ng/L | E45: =E4 -> EE2-76ng/L | F45: =F4 -> EE2-114ng/L | G45: =G4 -> EE2-170.9ng/L | H45: =H4 -> EE2-488ng/L | ... M45: =M4 -> Fadrozole-10 µg/L | O45: =O4 -> Testo -30µg/L | P45: =P4 -> Testo 30µg/L + EE2 -64ng/L | Q45: =Q4 -> Testo 30µg/L + FAD-10µg/L | R45: =R4 -> Fadrozole-0.016µg/L + Testostérone | S45: =S4 -> Fadrozole-0.08µg/L + Testostérone | T45: =T4 -> Fadrozole-0.4µg/L + Testostérone | U45: =U4 -> Fadrozole-2µg/L + Testostérone | V45: =V4 -> Fadrozole-10 µg/L + Testostérone
A46: mean | B46: =AVERAGE(B28:B43) -> 0.023659827 | C46: =AVERAGE(C28:C43) -> 0.011959057 | D46: =AVERAGE(D28:D43) -> 0.065288065 | E46: =AVERAGE(E28:E43) -> 2.6854683 | F46: =AVERAGE(F28:F43) -> 6.2938611 | G46: =AVERAGE(G28:G43) -> 7.4665978 | H46: =AVERAGE(H28:H43) -> 16.005014 | I46: =AVERAGE(I28:I43) -> 0.050752186 | ... M46: =AVERAGE(M28:M43) -> 0.016746703 | N46: mean | O46: =AVERAGE(O28:O43) -> 1 | P46: =AVERAGE(P28:P43) -> 18.72298 | Q46: =AVERAGE(Q28:Q43) -> 0.10115767 | R46: =AVERAGE(R28:R43) -> 0.95555819 | S46: =AVERAGE(S28:S43) -> 0.93887637 | T46: =AVERAGE(T28:T43) -> 0.8317033 | U46: =AVERAGE(U28:U43) -> 0.76518617 | V46: =AVERAGE(V28:V43) -> 0.023572015
A47: SD | B47: =STDEV(B28:B43) -> 0.027853462 | C47: =STDEV(C28:C43) -> 0.012736896 | D47: =STDEV(D28:D43) -> 0.066328182 | E47: =STDEV(E28:E43) -> 2.1356444 | F47: =STDEV(F28:F43) -> 7.2539916 | G47: =STDEV(G28:G43) -> 1.8961616 | H47: =STDEV(H28:H43) -> 4.8785397 | I47: =STDEV(I28:I43) -> 0.056740529 | ... M47: =STDEV(M28:M43) -> 0.014141825 | N47: SD | O47: =STDEV(O28:O43) -> 2.4559792 | P47: =STDEV(P28:P43) -> 6.0075398 | Q47: =STDEV(Q28:Q43) -> 0.19625386 | R47: =STDEV(R28:R43) -> 1.149398 | S47: =STDEV(S28:S43) -> 0.99889855 | T47: =STDEV(T28:T43) -> 1.3935852 | U47: =STDEV(U28:U43) -> 1.4186159 | V47: =STDEV(V28:V43) -> 0.019646044
A48: SEM | B48: =B47/SQRT(COUNT(B28:B43)) -> 0.0098476859 | C48: =C47/SQRT(COUNT(C28:C43)) -> 0.0045031726 | D48: =D47/SQRT(COUNT(D28:D43)) -> 0.023450554 | E48: =E47/SQRT(COUNT(E28:E43)) -> 0.75506431 | F48: =F47/SQRT(COUNT(F28:F43)) -> 2.7417511 | G48: =G47/SQRT(COUNT(G28:G43)) -> 0.71668173 | H48: =H47/SQRT(COUNT(H28:H43)) -> 1.8439147 | I48: =I47/SQRT(COUNT(I28:I43)) -> 0.020060806 | ... M48: =M47/SQRT(COUNT(M28:M43)) -> 0.0053451074 | N48: SEM | O48: =O47/SQRT(COUNT(O28:O43)) -> 0.63413109 | P48: =P47/SQRT(COUNT(P28:P43)) -> 2.2706366 | Q48: =Q47/SQRT(COUNT(Q28:Q43)) -> 0.069386216 | R48: =R47/SQRT(COUNT(R28:R43)) -> 0.40637355 | S48: =S47/SQRT(COUNT(S28:S43)) -> 0.35316397 | T48: =T47/SQRT(COUNT(T28:T43)) -> 0.49270677 | U48: =U47/SQRT(COUNT(U28:U43)) -> 0.50155647 | V48: =V47/SQRT(COUNT(V28:V43)) -> 0.0069459254
A50: 7. Expérimentateur 2 : réaliser les tests statistiques avec les données normalisées et renseigner les résultats ainsi que le test statistique utilisé dans le tableau violet.
A52: =A27 -> Noms des groupes | B52: =B27 -> Témoin solvant | C52: =C27 -> EE2-33.8ng/L | D52: =D27 -> EE2-50.6ng/L | E52: =E27 -> EE2-76ng/L | F52: =F27 -> EE2-114ng/L | G52: =G27 -> EE2-170.9ng/L | H52: =H27 -> EE2-488ng/L | I52: =I4 -> Fadrozole-0.016µg/L | J52: =J4 -> Fadrozole-0.08µg/L | K52: =K4 -> Fadrozole-0.4µg/L | L52: =L4 -> Fadrozole-2µg/L | M52: =M4 -> Fadrozole-10 µg/L | O52: =O27 -> Testo -30µg/L | P52: =P27 -> Testo 30µg/L + EE2 -64ng/L | Q52: =Q27 -> Testo 30µg/L + FAD-10µg/L | R52: =R27 -> Fadrozole-0.016µg/L + Testostérone | S52: =S27 -> Fadrozole-0.08µg/L + Testostérone | T52: =T27 -> Fadrozole-0.4µg/L + Testostérone | U52: =U27 -> Fadrozole-2µg/L + Testostérone | V52: =V27 -> Fadrozole-10 µg/L + Testostérone
A53: Mean | B53: =B46 -> 0.023659827 | C53: =C46 -> 0.011959057 | D53: =D46 -> 0.065288065 | E53: =E46 -> 2.6854683 | F53: =F46 -> 6.2938611 | G53: =G46 -> 7.4665978 | H53: =H46 -> 16.005014 | I53: =I46 -> 0.050752186 | ... M53: =M46 -> 0.016746703 | O53: =O46 -> 1 | P53: =P46 -> 18.72298 | Q53: =Q46 -> 0.10115767 | R53: =R46 -> 0.95555819 | S53: =S46 -> 0.93887637 | T53: =T46 -> 0.8317033 | U53: =U46 -> 0.76518617 | V53: =V46 -> 0.023572015
A54: SEM | B54: =B48 -> 0.0098476859 | C54: =C48 -> 0.0045031726 | D54: =D48 -> 0.023450554 | E54: =E48 -> 0.75506431 | F54: =F48 -> 2.7417511 | G54: =G48 -> 0.71668173 | H54: =H48 -> 1.8439147 | I54: =I48 -> 0.020060806 | ... M54: =M48 -> 0.0053451074 | O54: =O48 -> 0.63413109 | P54: =P48 -> 2.2706366 | Q54: =Q48 -> 0.069386216 | R54: =R48 -> 0.40637355 | S54: =S48 -> 0.35316397 | T54: =T48 -> 0.49270677 | U54: =U48 -> 0.50155647 | V54: =V48 -> 0.0069459254
A55: % induction | B55: =(B53*100/$B53)-100 -> 0 | C55: =(C53*100/$B53)-100 -> -49.454164 | D55: =(D53*100/$B53)-100 -> 175.94481 | E55: =(E53*100/$B53)-100 -> 11250.33 | F55: =(F53*100/$B53)-100 -> 26501.467 | G55: =(G53*100/$B53)-100 -> 31458.126 | H55: =(H53*100/$B53)-100 -> 67546.369 | I55: =(I53*100/$B53)-100 -> 114.50785 | ... M55: =(M53*100/$B53)-100 -> -29.218826 | O55: =(O53*100/$O53)-100 -> 0 | P55: =(P53*100/$O53)-100 -> 1772.298 | Q55: =(Q53*100/$O53)-100 -> -89.884233 | R55: =(R53*100/$O53)-100 -> -4.4441809 | S55: =(S53*100/$O53)-100 -> -6.1123626 | T55: =(T53*100/$O53)-100 -> -16.82967 | U55: =(U53*100/$O53)-100 -> -23.481383 | V55: =(V53*100/$O53)-100 -> -97.642799
A56: Test de normalité : valeur du p | B56: =[1]!SWTEST(B28:B43) -> #NAME? | C56: =[1]!SWTEST(C28:C43) -> #NAME? | D56: =[1]!SWTEST(D28:D43) -> #NAME? | E56: =[1]!SWTEST(E28:E43) -> #NAME? | F56: =[1]!SWTEST(F28:F43) -> #NAME? | G56: =[1]!SWTEST(G28:G43) -> #NAME? | H56: =[1]!SWTEST(H28:H43) -> #NAME? | I56: =[1]!SWTEST(I28:I43) -> #NAME? | ... M56: =[1]!SWTEST(M28:M43) -> #NAME? | O56: =[1]!SWTEST(O28:O43) -> #NAME? | P56: =[1]!SWTEST(P28:P43) -> #NAME? | Q56: =[1]!SWTEST(Q28:Q43) -> #NAME? | R56: =[1]!SWTEST(R28:R43) -> #NAME? | S56: =[1]!SWTEST(S28:S43) -> #NAME? | T56: =[1]!SWTEST(T28:T43) -> #NAME? | U56: =[1]!SWTEST(U28:U43) -> #NAME? | V56: =[1]!SWTEST(V28:V43) -> #NAME?
A57: Test de normalité : résultat normal? | B57: =IF(B56>0.05,"Oui","Non") -> #NAME? | C57: =IF(C56>0.05,"Oui","Non") -> #NAME? | D57: =IF(D56>0.05,"Oui","Non") -> #NAME? | E57: =IF(E56>0.05,"Oui","Non") -> #NAME? | F57: =IF(F56>0.05,"Oui","Non") -> #NAME? | G57: =IF(G56>0.05,"Oui","Non") -> #NAME? | H57: =IF(H56>0.05,"Oui","Non") -> #NAME? | I57: =IF(I56>0.05,"Oui","Non") -> #NAME? | ... M57: =IF(M56>0.05,"Oui","Non") -> #NAME? | O57: =IF(O56>0.05,"Oui","Non") -> #NAME? | P57: =IF(P56>0.05,"Oui","Non") -> #NAME? | Q57: =IF(Q56>0.05,"Oui","Non") -> #NAME? | R57: =IF(R56>0.05,"Oui","Non") -> #NAME? | S57: =IF(S56>0.05,"Oui","Non") -> #NAME? | T57: =IF(T56>0.05,"Oui","Non") -> #NAME? | U57: =IF(U56>0.05,"Oui","Non") -> #NAME? | V57: =IF(V56>0.05,"Oui","Non") -> #NAME?
A59: Test statistique utilisé | C59: =IF($B57="Non",IF(C57="Non","MW",IF(C57="Oui","MW","")),IF($B57="Oui",IF(C57="Oui","T-Test Welch",IF(C57="Non","MW","")))) -> #NAME? | D59: =IF($B57="Non",IF(D57="Non","MW",IF(D57="Oui","MW","")),IF($B57="Oui",IF(D57="Oui","T-Test Welch",IF(D57="Non","MW","")))) -> #NAME? | E59: =IF($B57="Non",IF(E57="Non","MW",IF(E57="Oui","MW","")),IF($B57="Oui",IF(E57="Oui","T-Test Welch",IF(E57="Non","MW","")))) -> #NAME? | F59: =IF($B57="Non",IF(F57="Non","MW",IF(F57="Oui","MW","")),IF($B57="Oui",IF(F57="Oui","T-Test Welch",IF(F57="Non","MW","")))) -> #NAME? | G59: =IF($B57="Non",IF(G57="Non","MW",IF(G57="Oui","MW","")),IF($B57="Oui",IF(G57="Oui","T-Test Welch",IF(G57="Non","MW","")))) -> #NAME? | H59: =IF($B57="Non",IF(H57="Non","MW",IF(H57="Oui","MW","")),IF($B57="Oui",IF(H57="Oui","T-Test Welch",IF(H57="Non","MW","")))) -> #NAME? | I59: =IF($B57="Non",IF(I57="Non","MW",IF(I57="Oui","MW","")),IF($B57="Oui",IF(I57="Oui","T-Test Welch",IF(I57="Non","MW","")))) -> #NAME? | J59: =IF($B57="Non",IF(J57="Non","MW",IF(J57="Oui","MW","")),IF($B57="Oui",IF(J57="Oui","T-Test Welch",IF(J57="Non","MW","")))) -> #NAME? | ... M59: =IF($B57="Non",IF(M57="Non","MW",IF(M57="Oui","MW","")),IF($B57="Oui",IF(M57="Oui","T-Test Welch",IF(M57="Non","MW","")))) -> #NAME? | O59: =IF($B57="Non",IF(O57="Non","MW",IF(O57="Oui","MW","")),IF($B57="Oui",IF(O57="Oui","T-Test Welch",IF(O57="Non","MW","")))) -> #NAME? | P59: =IF($O57="Non",IF(P57="Non","MW",IF(P57="Oui","MW","")),IF($O57="Oui",IF(P57="Oui","T-Test Welch",IF(P57="Non","MW","")))) -> #NAME? | Q59: =IF($O57="Non",IF(Q57="Non","MW",IF(Q57="Oui","MW","")),IF($O57="Oui",IF(Q57="Oui","T-Test Welch",IF(Q57="Non","MW","")))) -> #NAME? | R59: =IF($O57="Non",IF(R57="Non","MW",IF(R57="Oui","MW","")),IF($O57="Oui",IF(R57="Oui","T-Test Welch",IF(R57="Non","MW","")))) -> #NAME? | S59: =IF($O57="Non",IF(S57="Non","MW",IF(S57="Oui","MW","")),IF($O57="Oui",IF(S57="Oui","T-Test Welch",IF(S57="Non","MW","")))) -> #NAME? | T59: =IF($O57="Non",IF(T57="Non","MW",IF(T57="Oui","MW","")),IF($O57="Oui",IF(T57="Oui","T-Test Welch",IF(T57="Non","MW","")))) -> #NAME? | U59: =IF($O57="Non",IF(U57="Non","MW",IF(U57="Oui","MW","")),IF($O57="Oui",IF(U57="Oui","T-Test Welch",IF(U57="Non","MW","")))) -> #NAME? | V59: =IF($O57="Non",IF(V57="Non","MW",IF(V57="Oui","MW","")),IF($O57="Oui",IF(V57="Oui","T-Test Welch",IF(V57="Non","MW","")))) -> #NAME?
A60: Test statistique : valeur du p | C60: =IF(C59="MW",[1]!MTEST($B28:$B43,C28:C43,2), IF(C59="T-Test Welch",_xlfn.T.TEST($B28:$B43,C28:C43,2,3),"")) -> #NAME? | D60: =IF(D59="MW",[1]!MTEST($B28:$B43,D28:D43,2), IF(D59="T-Test Welch",_xlfn.T.TEST($B28:$B43,D28:D43,2,3),"")) -> #NAME? | E60: =IF(E59="MW",[1]!MTEST($B28:$B43,E28:E43,2), IF(E59="T-Test Welch",_xlfn.T.TEST($B28:$B43,E28:E43,2,3),"")) -> #NAME? | F60: =IF(F59="MW",[1]!MTEST($B28:$B43,F28:F43,2), IF(F59="T-Test Welch",_xlfn.T.TEST($B28:$B43,F28:F43,2,3),"")) -> #NAME? | G60: =IF(G59="MW",[1]!MTEST($B28:$B43,G28:G43,2), IF(G59="T-Test Welch",_xlfn.T.TEST($B28:$B43,G28:G43,2,3),"")) -> #NAME? | H60: =IF(H59="MW",[1]!MTEST($B28:$B43,H28:H43,2), IF(H59="T-Test Welch",_xlfn.T.TEST($B28:$B43,H28:H43,2,3),"")) -> #NAME? | I60: =IF(I59="MW",[1]!MTEST($B28:$B43,I28:I43,2), IF(I59="T-Test Welch",_xlfn.T.TEST($B28:$B43,I28:I43,2,3),"")) -> #NAME? | J60: =IF(J59="MW",[1]!MTEST($B28:$B43,J28:J43,2), IF(J59="T-Test Welch",_xlfn.T.TEST($B28:$B43,J28:J43,2,3),"")) -> #NAME? | ... M60: =IF(M59="MW",[1]!MTEST($B28:$B43,M28:M43,2), IF(M59="T-Test Welch",_xlfn.T.TEST($B28:$B43,M28:M43,2,3),"")) -> #NAME? | O60: =IF(O59="MW",[1]!MTEST($B28:$B43,O28:O43,2), IF(O59="T-Test Welch",_xlfn.T.TEST($B28:$B43,O28:O43,2,3),"")) -> #NAME? | P60: =IF(P59="MW",[1]!MTEST($O28:$O43,P28:P43,2), IF(P59="T-Test Welch",_xlfn.T.TEST($O28:$O43,P28:P43,2,3),"")) -> #NAME? | Q60: =IF(Q59="MW",[1]!MTEST($O28:$O43,Q28:Q43,2), IF(Q59="T-Test Welch",_xlfn.T.TEST($O28:$O43,Q28:Q43,2,3),"")) -> #NAME? | R60: =IF(R59="MW",[1]!MTEST($O28:$O43,R28:R43,2), IF(R59="T-Test Welch",_xlfn.T.TEST($O28:$O43,R28:R43,2,3),"")) -> #NAME? | S60: =IF(S59="MW",[1]!MTEST($O28:$O43,S28:S43,2), IF(S59="T-Test Welch",_xlfn.T.TEST($O28:$O43,S28:S43,2,3),"")) -> #NAME? | T60: =IF(T59="MW",[1]!MTEST($O28:$O43,T28:T43,2), IF(T59="T-Test Welch",_xlfn.T.TEST($O28:$O43,T28:T43,2,3),"")) -> #NAME? | U60: =IF(U59="MW",[1]!MTEST($O28:$O43,U28:U43,2), IF(U59="T-Test Welch",_xlfn.T.TEST($O28:$O43,U28:U43,2,3),"")) -> #NAME? | V60: =IF(V59="MW",[1]!MTEST($O28:$O43,V28:V43,2), IF(V59="T-Test Welch",_xlfn.T.TEST($O28:$O43,V28:V43,2,3),"")) -> #NAME?
A61: Annotation | C61: =IF(C60>0.05,"NS",IF(C60>0.01,"*",IF(C60>0.001,"**","***"))) -> #NAME? | D61: =IF(D60>0.05,"NS",IF(D60>0.01,"*",IF(D60>0.001,"**","***"))) -> #NAME? | E61: =IF(E60>0.05,"NS",IF(E60>0.01,"*",IF(E60>0.001,"**","***"))) -> #NAME? | F61: =IF(F60>0.05,"NS",IF(F60>0.01,"*",IF(F60>0.001,"**","***"))) -> #NAME? | G61: =IF(G60>0.05,"NS",IF(G60>0.01,"*",IF(G60>0.001,"**","***"))) -> #NAME? | H61: =IF(H60>0.05,"NS",IF(H60>0.01,"*",IF(H60>0.001,"**","***"))) -> #NAME? | I61: =IF(I60>0.05,"NS",IF(I60>0.01,"*",IF(I60>0.001,"**","***"))) -> #NAME? | J61: =IF(J60>0.05,"NS",IF(J60>0.01,"*",IF(J60>0.001,"**","***"))) -> #NAME? | ... M61: =IF(M60>0.05,"NS",IF(M60>0.01,"*",IF(M60>0.001,"**","***"))) -> #NAME? | O61: =IF(O60>0.05,"NS",IF(O60>0.01,"*",IF(O60>0.001,"**","***"))) -> #NAME? | P61: =IF(P60>0.05,"NS",IF(P60>0.01,"*",IF(P60>0.001,"**","***"))) -> #NAME? | Q61: =IF(Q60>0.05,"NS",IF(Q60>0.01,"*",IF(Q60>0.001,"**","***"))) -> #NAME? | R61: =IF(R60>0.05,"NS",IF(R60>0.01,"*",IF(R60>0.001,"**","***"))) -> #NAME? | S61: =IF(S60>0.05,"NS",IF(S60>0.01,"*",IF(S60>0.001,"**","***"))) -> #NAME? | T61: =IF(T60>0.05,"NS",IF(T60>0.01,"*",IF(T60>0.001,"**","***"))) -> #NAME? | U61: =IF(U60>0.05,"NS",IF(U60>0.01,"*",IF(U60>0.001,"**","***"))) -> #NAME? | V61: =IF(V60>0.05,"NS",IF(V60>0.01,"*",IF(V60>0.001,"**","***"))) -> #NAME?
A63: Eléments pour la mise en forme conditionnelles des résutats - calcul équivalent hormonal (eqH)
A64: LOD | B64: =B46+(3*B47) -> 0.10722021
A65: LOQ | B65: =B46+(10*B47) -> 0.30219445
A67: 8. Expérimentateur 2 : se reporter à l'onglet "pooled normalised values".

Sheet pooled normalised values
A1: N°BDC : | B1: ='Page de garde'!#REF! -> #REF!
B3: Non dopé | O3: avec testo
A4: Noms des groupes | B4: ='R1'!B4 -> Témoin solvant | C4: ='R1'!C4 -> EE2-33.8ng/L | D4: ='R1'!D4 -> EE2-50.6ng/L | E4: ='R1'!E4 -> EE2-76ng/L | F4: ='R1'!F4 -> EE2-114ng/L | G4: ='R1'!G4 -> EE2-170.9ng/L | H4: ='R1'!H4 -> EE2-488ng/L | I4: ='R1'!I4 -> Fadrozole-0.016µg/L | ... M4: ='R1'!M4 -> Fadrozole-10 µg/L | O4: ='R1'!O4 -> Testo -30µg/L | P4: ='R1'!P4 -> Testo 30µg/L + EE2 -64ng/L | Q4: ='R1'!Q4 -> Testo 30µg/L + FAD-10µg/L | R4: ='R1'!R4 -> Fadrozole-0.016µg/L + Testostérone | S4: ='R1'!S4 -> Fadrozole-0.08µg/L + Testostérone | T4: ='R1'!T4 -> Fadrozole-0.4µg/L + Testostérone | U4: ='R1'!U4 -> Fadrozole-2µg/L + Testostérone | V4: ='R1'!V4 -> Fadrozole-10 µg/L + Testostérone
C5: n'utilisez pas cette ligne SVP
A6: Rep1 | B6: ='R1'!B28 -> 0.12547223 | C6: ='R1'!C28 -> 0.045154388 | D6: ='R1'!D28 -> 0.14771908 | E6: ='R1'!E28 -> 0.96708518 | F6: ='R1'!F28 -> 1.7987167 | G6: ='R1'!G28 -> 4.2881732 | H6: ='R1'!H28 -> 11.282272 | I6: ='R1'!I28 -> 0.24142613 | ... M6: ='R1'!M28 -> 0.1072717 | O6: ='R1'!O28 -> 0.64782115 | P6: ='R1'!P28 -> 2.3835852 | Q6: ='R1'!Q28 -> 0.13330091 | R6: ='R1'!R28 -> 0.55651898 | S6: ='R1'!S28 -> 0.26236267 | T6: ='R1'!T28 -> 0.31296615 | U6: ='R1'!U28 -> 0.220978 | V6: ='R1'!V28 -> 0.19474568
A7: Données normalisées sur la moyenne du groupe "Testo" | B7: ='R1'!B29 -> 0.20682853 | C7: ='R1'!C29 -> 0.34493207 | D7: ='R1'!D29 -> 3.2424898 | E7: ='R1'!E29 -> 0.50344028 | F7: ='R1'!F29 -> 5.0006809 | G7: ='R1'!G29 -> 9.8623549 | H7: ='R1'!H29 -> 4.0831505 | I7: ='R1'!I29 | ... M7: ='R1'!M29 -> 0.23203188 | O7: ='R1'!O29 -> 0.30104453 | P7: ='R1'!P29 -> 5.0297907 | Q7: ='R1'!Q29 -> 0.11071107 | R7: ='R1'!R29 -> 0.60246208 | S7: ='R1'!S29 -> 0.96156733 | T7: ='R1'!T29 -> 2.7557129 | U7: ='R1'!U29 -> 0.19959257 | V7: ='R1'!V29 -> 0.077351862
B8: ='R1'!B30 -> 0.080071273 | C8: ='R1'!C30 -> 0.24470428 | D8: ='R1'!D30 -> 0.12935654 | E8: ='R1'!E30 -> 1.2993496 | F8: ='R1'!F30 -> 4.5882504 | G8: ='R1'!G30 -> 5.3993168 | H8: ='R1'!H30 -> 10.842941 | I8: ='R1'!I30 -> 0.060926337 | ... M8: ='R1'!M30 -> 0.2077271 | O8: ='R1'!O30 -> 0.037062541 | P8: ='R1'!P30 -> 4.1839465 | Q8: ='R1'!Q30 -> 0.149811 | R8: ='R1'!R30 -> 0.050514179 | S8: ='R1'!S30 -> 0.052384811 | T8: ='R1'!T30 -> 0.46450948 | U8: ='R1'!U30 -> 0.22600508 | V8: ='R1'!V30 -> 0.29647978
B9: ='R1'!B31 -> 0.06842072 | C9: ='R1'!C31 -> 0.26918609 | D9: ='R1'!D31 -> 0.033055737 | E9: ='R1'!E31 -> 0.18098109 | F9: ='R1'!F31 -> 4.878045 | G9: ='R1'!G31 -> 8.1860828 | H9: ='R1'!H31 -> 7.7374639 | I9: ='R1'!I31 -> 0.06229197 | ... M9: ='R1'!M31 -> 0.04438859 | O9: ='R1'!O31 -> 5.3234783 | P9: ='R1'!P31 -> 3.4233753 | Q9: ='R1'!Q31 -> 0.028058691 | R9: ='R1'!R31 -> 0.58538693 | S9: ='R1'!S31 -> 0.23854866 | T9: ='R1'!T31 -> 0.17439792 | U9: ='R1'!U31 -> 5.0001474 | V9: ='R1'!V31 -> 0.085189234
B10: ='R1'!B32 -> 0.088954207 | C10: ='R1'!C32 -> 0.081216413 | D10: ='R1'!D32 -> 0.14595198 | E10: ='R1'!E32 -> 0.045015295 | F10: ='R1'!F32 -> 2.5460093 | G10: ='R1'!G32 -> 0.98408209 | H10: ='R1'!H32 -> 11.644928 | I10: ='R1'!I32 -> 0.0086308294 | ... M10: ='R1'!M32 -> 0.054982516 | O10: ='R1'!O32 -> 0.022706802 | P10: ='R1'!P32 -> 3.3792965 | Q10: ='R1'!Q32 -> 0.036077041 | R10: ='R1'!R32 -> 2.2123611 | S10: ='R1'!S32 -> 2.6616495 | T10: ='R1'!T32 -> 0.79098181 | U10: ='R1'!U32 -> 0.63099021 | V10: ='R1'!V32 -> 0.12826514
B11: ='R1'!B33 -> 0.005997561 | C11: ='R1'!C33 -> 0.67533138 | D11: ='R1'!D33 -> 0.1331713 | E11: ='R1'!E33 -> 0.14534424 | F11: ='R1'!F33 -> 2.7085101 | G11: ='R1'!G33 -> 6.662911 | H11: ='R1'!H33 -> 9.3662462 | I11: ='R1'!I33 -> 0.077762026 | ... M11: ='R1'!M33 -> 0.038380755 | O11: ='R1'!O33 -> 1.0428659 | P11: ='R1'!P33 -> 4.8050295 | Q11: ='R1'!Q33 -> 0.046203902 | R11: ='R1'!R33 -> 0.25592017 | S11: ='R1'!S33 -> 3.8508206 | T11: ='R1'!T33 -> 0.51631738 | U11: ='R1'!U33 -> 0.46456322 | V11: ='R1'!V33 -> 2.4175324
B12: ='R1'!B34 -> 0.037747728 | C12: ='R1'!C34 -> 0.021270043 | D12: ='R1'!D34 -> 0.053904552 | E12: ='R1'!E34 -> 0.71873447 | F12: ='R1'!F34 -> 3.7173941 | G12: ='R1'!G34 -> 7.090693 | H12: ='R1'!H34 -> 11.31842 | I12: ='R1'!I34 -> 0.01577353 | ... M12: ='R1'!M34 -> 0.033645298 | O12: ='R1'!O34 -> 1.6852261 | P12: ='R1'!P34 -> 6.1334423 | Q12: ='R1'!Q34 -> 0.22747108 | R12: ='R1'!R34 -> 1.6523688 | S12: ='R1'!S34 -> 0.4861565 | T12: ='R1'!T34 -> 0.322931 | U12: ='R1'!U34 -> 0.15830036 | V12: ='R1'!V34 -> 0.053974098
B13: ='R1'!B35 -> 0.097576343 | C13: ='R1'!C35 -> 0.035120782 | D13: ='R1'!D35 | E13: ='R1'!E35 -> 0.056582077 | F13: ='R1'!F35 -> 4.5542494 | G13: ='R1'!G35 -> 5.7005099 | H13: ='R1'!H35 -> 14.23848 | I13: ='R1'!I35 -> 0.21000473 | ... M13: ='R1'!M35 -> 0.013715598 | O13: ='R1'!O35 -> 0.0038850982 | P13: ='R1'!P35 | Q13: ='R1'!Q35 -> 0.067017944 | R13: ='R1'!R35 -> 0.52693027 | S13: ='R1'!S35 -> 1.0470956 | T13: ='R1'!T35 -> 0.2757013 | U13: ='R1'!U35 -> 0.24466556 | V13: ='R1'!V35 -> 0.17423195
B14: ='R1'!B36 | C14: ='R1'!C36 | D14: ='R1'!D36 | E14: ='R1'!E36 | F14: ='R1'!F36 | G14: ='R1'!G36 | H14: ='R1'!H36 | I14: ='R1'!I36 | ... M14: ='R1'!M36 | O14: ='R1'!O36 -> 1.0143892 | P14: ='R1'!P36 | Q14: ='R1'!Q36 | R14: ='R1'!R36 | S14: ='R1'!S36 | T14: ='R1'!T36 | U14: ='R1'!U36 | V14: ='R1'!V36
B15: ='R1'!B37 | C15: ='R1'!C37 | D15: ='R1'!D37 | E15: ='R1'!E37 | F15: ='R1'!F37 | G15: ='R1'!G37 | H15: ='R1'!H37 | I15: ='R1'!I37 | ... M15: ='R1'!M37 | O15: ='R1'!O37 -> 0.83057014 | P15: ='R1'!P37 | Q15: ='R1'!Q37 | R15: ='R1'!R37 | S15: ='R1'!S37 | T15: ='R1'!T37 | U15: ='R1'!U37 | V15: ='R1'!V37
B16: ='R1'!B38 | C16: ='R1'!C38 | D16: ='R1'!D38 | E16: ='R1'!E38 | F16: ='R1'!F38 | G16: ='R1'!G38 | H16: ='R1'!H38 | I16: ='R1'!I38 | ... M16: ='R1'!M38 | O16: ='R1'!O38 -> 0.12361029 | P16: ='R1'!P38 | Q16: ='R1'!Q38 | R16: ='R1'!R38 | S16: ='R1'!S38 | T16: ='R1'!T38 | U16: ='R1'!U38 | V16: ='R1'!V38
B17: ='R1'!B39 | C17: ='R1'!C39 | D17: ='R1'!D39 | E17: ='R1'!E39 | F17: ='R1'!F39 | G17: ='R1'!G39 | H17: ='R1'!H39 | I17: ='R1'!I39 | ... M17: ='R1'!M39 | O17: ='R1'!O39 -> 3.7026867 | P17: ='R1'!P39 | Q17: ='R1'!Q39 | R17: ='R1'!R39 | S17: ='R1'!S39 | T17: ='R1'!T39 | U17: ='R1'!U39 | V17: ='R1'!V39
B18: ='R1'!B40 | C18: ='R1'!C40 | D18: ='R1'!D40 | E18: ='R1'!E40 | F18: ='R1'!F40 | G18: ='R1'!G40 | H18: ='R1'!H40 | I18: ='R1'!I40 | ... M18: ='R1'!M40 | O18: ='R1'!O40 -> 0.4221322 | P18: ='R1'!P40 | Q18: ='R1'!Q40 | R18: ='R1'!R40 | S18: ='R1'!S40 | T18: ='R1'!T40 | U18: ='R1'!U40 | V18: ='R1'!V40
B19: ='R1'!B41 | C19: ='R1'!C41 | D19: ='R1'!D41 | E19: ='R1'!E41 | F19: ='R1'!F41 | G19: ='R1'!G41 | H19: ='R1'!H41 | I19: ='R1'!I41 | ... M19: ='R1'!M41 | O19: ='R1'!O41 -> 0.38632623 | P19: ='R1'!P41 | Q19: ='R1'!Q41 | R19: ='R1'!R41 | S19: ='R1'!S41 | T19: ='R1'!T41 | U19: ='R1'!U41 | V19: ='R1'!V41
... B21: ='R1'!B43 | C21: ='R1'!C43 | D21: ='R1'!D43 | E21: ='R1'!E43 | F21: ='R1'!F43 | G21: ='R1'!G43 | H21: ='R1'!H43 | I21: ='R1'!I43 | ... M21: ='R1'!M43 | O21: ='R1'!O43 -> 0.39377715 | P21: ='R1'!P43 | Q21: ='R1'!Q43 | R21: ='R1'!R43 | S21: ='R1'!S43 | T21: ='R1'!T43 | U21: ='R1'!U43 | V21: ='R1'!V43
A22: Rep2 | B22: ='R2'!B28 -> 0.017129345 | C22: ='R2'!C28 -> 0.047388263 | D22: ='R2'!D28 -> 0.090265142 | E22: ='R2'!E28 -> 0.060750094 | F22: ='R2'!F28 -> 0.68037023 | G22: ='R2'!G28 -> 5.6944766 | H22: ='R2'!H28 -> 6.1566328 | I22: ='R2'!I28 -> 0.011966138 | ... M22: ='R2'!M28 -> 0.0002269071 | O22: ='R2'!O28 -> 1.641082 | P22: ='R2'!P28 -> 13.235997 | Q22: ='R2'!Q28 -> 0.028825764 | R22: ='R2'!R28 -> 0.68883857 | S22: ='R2'!S28 -> 1.7745098 | T22: ='R2'!T28 -> 0.81455581 | U22: ='R2'!U28 -> 1.2602035 | V22: ='R2'!V28 -> 0.19625751
A23: Données normalisées sur la moyenne du groupe "Testo" | B23: ='R2'!B29 -> 2.6757913e-05 | C23: ='R2'!C29 -> 0.14474853 | D23: ='R2'!D29 -> 0.058219866 | E23: ='R2'!E29 -> 0.73834285 | F23: ='R2'!F29 -> 5.7185694 | G23: ='R2'!G29 -> 5.5140159 | H23: ='R2'!H29 -> 10.379703 | I23: ='R2'!I29 -> 0.020711695 | ... M23: ='R2'!M29 -> 0.01227653 | O23: ='R2'!O29 -> 0.80977899 | P23: ='R2'!P29 -> 11.006841 | Q23: ='R2'!Q29 -> 0.021833386 | R23: ='R2'!R29 -> 0.18769712 | S23: ='R2'!S29 -> 0.070117504 | T23: ='R2'!T29 -> 0.0001166645 | U23: ='R2'!U29 -> 1.476933 | V23: ='R2'!V29 -> 0.016617734
B24: ='R2'!B30 -> 0.013578035 | C24: ='R2'!C30 -> 0.033101678 | D24: ='R2'!D30 -> 2.7284465 | E24: ='R2'!E30 -> 1.4066635 | F24: ='R2'!F30 -> 0.012551602 | G24: ='R2'!G30 -> 2.6782562 | H24: ='R2'!H30 -> 4.9465319 | I24: ='R2'!I30 -> 0.02346776 | ... M24: ='R2'!M30 -> 0.011894427 | O24: ='R2'!O30 -> 2.3106549 | P24: ='R2'!P30 -> 13.202961 | Q24: ='R2'!Q30 -> 0.046480635 | R24: ='R2'!R30 -> 0.085738774 | S24: ='R2'!S30 -> 0.12809013 | T24: ='R2'!T30 -> 0.031259664 | U24: ='R2'!U30 -> 0.014548812 | V24: ='R2'!V30 -> 0.070595936
B25: ='R2'!B31 -> 0.011782044 | C25: ='R2'!C31 -> 0.11988829 | D25: ='R2'!D31 -> 0.063586433 | E25: ='R2'!E31 -> 0.80297392 | F25: ='R2'!F31 -> 4.1218477 | G25: ='R2'!G31 -> 2.0990865 | H25: ='R2'!H31 -> 5.1069906 | I25: ='R2'!I31 -> 0.0079578032 | ... M25: ='R2'!M31 -> 0.018078716 | O25: ='R2'!O31 -> 0.37657374 | P25: ='R2'!P31 -> 7.4541797 | Q25: ='R2'!Q31 -> 0.012246561 | R25: ='R2'!R31 -> 2.1724803 | S25: ='R2'!S31 -> 2.5958836 | T25: ='R2'!T31 -> 0.24203495 | U25: ='R2'!U31 -> 0.10221523 | V25: ='R2'!V31 -> 0.020280357
B26: ='R2'!B32 -> 0.039072974 | C26: ='R2'!C32 -> 0.028767967 | D26: ='R2'!D32 -> 0.029230344 | E26: ='R2'!E32 -> 3.9515957 | F26: ='R2'!F32 -> 3.1030434 | G26: ='R2'!G32 -> 3.7877516 | H26: ='R2'!H32 -> 5.4278864 | I26: ='R2'!I32 -> 0.0029497923 | ... M26: ='R2'!M32 -> 0.01673868 | O26: ='R2'!O32 -> 0.0077929744 | P26: ='R2'!P32 -> 8.9541726 | Q26: ='R2'!Q32 -> 0.098818041 | R26: ='R2'!R32 -> 2.1105378 | S26: ='R2'!S32 -> 0.5053296 | T26: ='R2'!T32 -> 0.072327708 | U26: ='R2'!U32 -> 0.3516086 | V26: ='R2'!V32 -> 0.010322132
B27: ='R2'!B33 -> 0.018962797 | C27: ='R2'!C33 -> 0.051680232 | D27: ='R2'!D33 -> 0.17228457 | E27: ='R2'!E33 -> 2.3135384 | F27: ='R2'!F33 -> 2.6411376 | G27: ='R2'!G33 -> 4.4752309 | H27: ='R2'!H33 -> 4.4859426 | I27: ='R2'!I33 -> 0.0011559418 | ... M27: ='R2'!M33 -> 0.0031713478 | O27: ='R2'!O33 -> 0.2290884 | P27: ='R2'!P33 -> 7.0085127 | Q27: ='R2'!Q33 -> 0.035078553 | R27: ='R2'!R33 -> 0.013012908 | S27: ='R2'!S33 -> 0.5276275 | T27: ='R2'!T33 -> 0.67288016 | U27: ='R2'!U33 -> 0.10820258 | V27: ='R2'!V33 -> 0.0043390631
B28: ='R2'!B34 -> 0.0044728527 | C28: ='R2'!C34 -> 0 | D28: ='R2'!D34 -> 0.066569405 | E28: ='R2'!E34 -> 0.17336023 | F28: ='R2'!F34 -> 3.8929948 | G28: ='R2'!G34 -> 3.2301767 | H28: ='R2'!H34 -> 5.8200611 | I28: ='R2'!I34 -> 0.030439801 | ... M28: ='R2'!M34 -> 0.023731057 | O28: ='R2'!O34 -> 0.62329239 | P28: ='R2'!P34 -> 8.6689514 | Q28: ='R2'!Q34 -> 0.018875031 | R28: ='R2'!R34 -> 0.28601212 | S28: ='R2'!S34 -> 2.1382687 | T28: ='R2'!T34 -> 0.71712704 | U28: ='R2'!U34 -> 0.0023878761 | V28: ='R2'!V34 -> 0.054893322
B29: ='R2'!B35 | C29: ='R2'!C35 -> 0.00075136218 | D29: ='R2'!D35 -> 0.0064754148 | E29: ='R2'!E35 -> 1.3418579 | F29: ='R2'!F35 -> 0.77619139 | G29: ='R2'!G35 -> 5.2901367 | H29: ='R2'!H35 -> 8.7690828 | I29: ='R2'!I35 -> 0.0015498183 | ... M29: ='R2'!M35 -> 0.023863777 | O29: ='R2'!O35 -> 1.5373652 | P29: ='R2'!P35 | Q29: ='R2'!Q35 | R29: ='R2'!R35 | S29: ='R2'!S35 -> 3.4032864 | T29: ='R2'!T35 -> 0.019661714 | U29: ='R2'!U35 -> 0.00066894781 | V29: ='R2'!V35 -> 0.024992961
B30: ='R2'!B36 | C30: ='R2'!C36 | D30: ='R2'!D36 | E30: ='R2'!E36 | F30: ='R2'!F36 | G30: ='R2'!G36 | H30: ='R2'!H36 | I30: ='R2'!I36 | ... M30: ='R2'!M36 | O30: ='R2'!O36 -> 0.27330318 | P30: ='R2'!P36 | Q30: ='R2'!Q36 | R30: ='R2'!R36 | S30: ='R2'!S36 | T30: ='R2'!T36 | U30: ='R2'!U36 | V30: ='R2'!V36
B31: ='R2'!B37 | C31: ='R2'!C37 | D31: ='R2'!D37 | E31: ='R2'!E37 | F31: ='R2'!F37 | G31: ='R2'!G37 | H31: ='R2'!H37 | I31: ='R2'!I37 | ... M31: ='R2'!M37 | O31: ='R2'!O37 -> 0.19913238 | P31: ='R2'!P37 | Q31: ='R2'!Q37 | R31: ='R2'!R37 | S31: ='R2'!S37 | T31: ='R2'!T37 | U31: ='R2'!U37 | V31: ='R2'!V37
B32: ='R2'!B38 | C32: ='R2'!C38 | D32: ='R2'!D38 | E32: ='R2'!E38 | F32: ='R2'!F38 | G32: ='R2'!G38 | H32: ='R2'!H38 | I32: ='R2'!I38 | ... M32: ='R2'!M38 | O32: ='R2'!O38 -> 0.71334775 | P32: ='R2'!P38 | Q32: ='R2'!Q38 | R32: ='R2'!R38 | S32: ='R2'!S38 | T32: ='R2'!T38 | U32: ='R2'!U38 | V32: ='R2'!V38
B33: ='R2'!B39 | C33: ='R2'!C39 | D33: ='R2'!D39 | E33: ='R2'!E39 | F33: ='R2'!F39 | G33: ='R2'!G39 | H33: ='R2'!H39 | I33: ='R2'!I39 | ... M33: ='R2'!M39 | O33: ='R2'!O39 -> 1.5597872 | P33: ='R2'!P39 | Q33: ='R2'!Q39 | R33: ='R2'!R39 | S33: ='R2'!S39 | T33: ='R2'!T39 | U33: ='R2'!U39 | V33: ='R2'!V39
B34: ='R2'!B40 | C34: ='R2'!C40 | D34: ='R2'!D40 | E34: ='R2'!E40 | F34: ='R2'!F40 | G34: ='R2'!G40 | H34: ='R2'!H40 | I34: ='R2'!I40 | ... M34: ='R2'!M40 | O34: ='R2'!O40 -> 2.7188009 | P34: ='R2'!P40 | Q34: ='R2'!Q40 | R34: ='R2'!R40 | S34: ='R2'!S40 | T34: ='R2'!T40 | U34: ='R2'!U40 | V34: ='R2'!V40
B35: ='R2'!B41 | C35: ='R2'!C41 | D35: ='R2'!D41 | E35: ='R2'!E41 | F35: ='R2'!F41 | G35: ='R2'!G41 | H35: ='R2'!H41 | I35: ='R2'!I41 | ... M35: ='R2'!M41 | O35: ='R2'!O41 | P35: ='R2'!P41 | Q35: ='R2'!Q41 | R35: ='R2'!R41 | S35: ='R2'!S41 | T35: ='R2'!T41 | U35: ='R2'!U41 | V35: ='R2'!V41
... B37: ='R2'!B43 | C37: ='R2'!C43 | D37: ='R2'!D43 | E37: ='R2'!E43 | F37: ='R2'!F43 | G37: ='R2'!G43 | H37: ='R2'!H43 | I37: ='R2'!I43 | ... M37: ='R2'!M43 | O37: ='R2'!O43 | P37: ='R2'!P43 | Q37: ='R2'!Q43 | R37: ='R2'!R43 | S37: ='R2'!S43 | T37: ='R2'!T43 | U37: ='R2'!U43 | V37: ='R2'!V43
A38: Rep3 | B38: ='R3'!B28 -> 0.0049852872 | C38: ='R3'!C28 -> 0.039795091 | D38: ='R3'!D28 -> 0.15690089 | E38: ='R3'!E28 -> 3.0797205 | F38: ='R3'!F28 -> 5.0472569 | G38: ='R3'!G28 -> 5.6446096 | H38: ='R3'!H28 -> 17.766306 | I38: ='R3'!I28 -> 0.035391179 | ... M38: ='R3'!M28 -> 0.03187144 | O38: ='R3'!O28 -> 0.05332174 | P38: ='R3'!P28 -> 9.5148905 | Q38: ='R3'!Q28 -> 0.054208337 | R38: ='R3'!R28 -> 0.057246019 | S38: ='R3'!S28 -> 2.2622133 | T38: ='R3'!T28 -> 3.420876 | U38: ='R3'!U28 -> 0.20734483 | V38: ='R3'!V28 -> 0.019090888
A39: Données normalisées sur la moyenne du groupe "Testo" | B39: ='R3'!B29 -> 0.049307833 | C39: ='R3'!C29 -> 0 | D39: ='R3'!D29 -> 0.11343103 | E39: ='R3'!E29 -> 0.18209864 | F39: ='R3'!F29 -> 5.3329565 | G39: ='R3'!G29 -> 7.1249565 | H39: ='R3'!H29 -> 14.747412 | I39: ='R3'!I29 -> 0.010474432 | ... M39: ='R3'!M29 -> 6.0559854e-05 | O39: ='R3'!O29 -> 0.00095926809 | P39: ='R3'!P29 -> 18.599373 | Q39: ='R3'!Q29 -> 0.58407072 | R39: ='R3'!R29 -> 0.022070433 | S39: ='R3'!S29 -> 2.587817 | T39: ='R3'!T29 -> 0.020326309 | U39: ='R3'!U29 -> 0.061872792 | V39: ='R3'!V29 -> 0.0045177651
B40: ='R3'!B30 -> 0.020541902 | C40: ='R3'!C30 -> 0.0096580855 | D40: ='R3'!D30 -> 0.15760339 | E40: ='R3'!E30 -> 3.6460642 | F40: ='R3'!F30 -> 0.72376777 | G40: ='R3'!G30 -> 4.3635434 | H40: ='R3'!H30 -> 17.955667 | I40: ='R3'!I30 -> 0.13575824 | ... M40: ='R3'!M30 -> 0.00062497769 | O40: ='R3'!O30 -> 0.12653618 | P40: ='R3'!P30 -> 14.136802 | Q40: ='R3'!Q30 -> 0.056163209 | R40: ='R3'!R30 -> 0.083029982 | S40: ='R3'!S30 -> 0.71476131 | T40: ='R3'!T30 -> 0.38510496 | U40: ='R3'!U30 -> 1.2339845 | V40: ='R3'!V30 -> 0.048615028
B41: ='R3'!B31 -> 0.0061480364 | C41: ='R3'!C31 -> 0.014766915 | D41: ='R3'!D31 -> 0.035417825 | E41: ='R3'!E31 -> 4.9231891 | F41: ='R3'!F31 -> 3.9869144 | G41: ='R3'!G31 -> 8.2369541 | H41: ='R3'!H31 -> 14.168392 | I41: ='R3'!I31 -> 0.011583889 | ... M41: ='R3'!M31 -> 0.029131712 | O41: ='R3'!O31 -> 9.0612512 | P41: ='R3'!P31 -> 25.272858 | Q41: ='R3'!Q31 -> 0.055259656 | R41: ='R3'!R31 -> 1.4276598 | S41: ='R3'!S31 -> 0.0049295721 | T41: ='R3'!T31 -> 0.056349733 | U41: ='R3'!U31 -> 0.07174647 | V41: ='R3'!V31 -> 0.042004315
B42: ='R3'!B32 -> 0.0094449148 | C42: ='R3'!C32 -> 0.0024345061 | D42: ='R3'!D32 -> 0.016399608 | E42: ='R3'!E32 -> 2.6640958 | F42: ='R3'!F32 -> 22.123123 | G42: ='R3'!G32 -> 9.0556579 | H42: ='R3'!H32 -> 10.950927 | I42: ='R3'!I32 -> 0.012383279 | ... M42: ='R3'!M32 -> 0.016862286 | O42: ='R3'!O32 -> 1.4966133 | P42: ='R3'!P32 -> 23.948901 | Q42: ='R3'!Q32 -> 0.0093867774 | R42: ='R3'!R32 -> 0.13228937 | S42: ='R3'!S32 -> 0.28360906 | T42: ='R3'!T32 -> 0.014798406 | U42: ='R3'!U32 -> 0.046800655 | V42: ='R3'!V32 -> 0.00057410742
B43: ='R3'!B33 -> 0.0011530596 | C43: ='R3'!C33 -> 0.017758572 | D43: ='R3'!D33 -> 0.0018797779 | E43: ='R3'!E33 -> 5.879858 | F43: ='R3'!F33 -> 5.6385609 | G43: ='R3'!G33 -> 9.6826631 | H43: ='R3'!H33 -> 25.135304 | I43: ='R3'!I33 -> 0.036767099 | ... M43: ='R3'!M33 -> 0.030870991 | O43: ='R3'!O33 -> 0.096513028 | P43: ='R3'!P33 -> 15.423628 | Q43: ='R3'!Q33 -> 0.025548991 | R43: ='R3'!R33 -> 0.86363923 | S43: ='R3'!S33 -> 0.20814422 | T43: ='R3'!T33 -> 0.033777864 | U43: ='R3'!U33 -> 4.1330986 | V43: ='R3'!V33 -> 0.017964475
B44: ='R3'!B34 -> 0.081484495 | C44: ='R3'!C34 -> 0.0058331251 | D44: ='R3'!D34 -> 0.030798319 | E44: ='R3'!E34 -> 0.93289548 | F44: ='R3'!F34 -> 1.2044483 | G44: ='R3'!G34 -> 8.1577999 | H44: ='R3'!H34 -> 11.311086 | I44: ='R3'!I34 -> 0.1463223 | ... M44: ='R3'!M34 -> 0.007804954 | O44: ='R3'!O34 -> 0.00087932908 | P44: ='R3'!P34 -> 24.164406 | Q44: ='R3'!Q34 -> 0.020764763 | R44: ='R3'!R34 -> 3.2169903 | S44: ='R3'!S34 -> 0.2066714 | T44: ='R3'!T34 -> 0.025711292 | U44: ='R3'!U34 -> 0.3329605 | V44: ='R3'!V34 -> 0.047319048
B45: ='R3'!B35 -> 0.016213084 | C45: ='R3'!C35 -> 0.0054261629 | D45: ='R3'!D35 -> 0.0098736786 | E45: ='R3'!E35 -> 0.17582464 | F45: ='R3'!F35 | G45: ='R3'!G35 | H45: ='R3'!H35 | I45: ='R3'!I35 -> 0.017337075 | ... M45: ='R3'!M35 | O45: ='R3'!O35 -> 0.030534278 | P45: ='R3'!P35 | Q45: ='R3'!Q35 -> 0.0038588739 | R45: ='R3'!R35 -> 1.8415404 | S45: ='R3'!S35 -> 1.242865 | T45: ='R3'!T35 -> 2.6966819 | U45: ='R3'!U35 -> 0.033680968 | V45: ='R3'!V35 -> 0.0084904915
B46: ='R3'!B36 | C46: ='R3'!C36 | D46: ='R3'!D36 | E46: ='R3'!E36 | F46: ='R3'!F36 | G46: ='R3'!G36 | H46: ='R3'!H36 | I46: ='R3'!I36 | ... M46: ='R3'!M36 | O46: ='R3'!O36 -> 0.17538618 | P46: ='R3'!P36 | Q46: ='R3'!Q36 | R46: ='R3'!R36 | S46: ='R3'!S36 | T46: ='R3'!T36 | U46: ='R3'!U36 | V46: ='R3'!V36
B47: ='R3'!B37 | C47: ='R3'!C37 | D47: ='R3'!D37 | E47: ='R3'!E37 | F47: ='R3'!F37 | G47: ='R3'!G37 | H47: ='R3'!H37 | I47: ='R3'!I37 | ... M47: ='R3'!M37 | O47: ='R3'!O37 -> 0.022581558 | P47: ='R3'!P37 | Q47: ='R3'!Q37 | R47: ='R3'!R37 | S47: ='R3'!S37 | T47: ='R3'!T37 | U47: ='R3'!U37 | V47: ='R3'!V37
B48: ='R3'!B38 | C48: ='R3'!C38 | D48: ='R3'!D38 | E48: ='R3'!E38 | F48: ='R3'!F38 | G48: ='R3'!G38 | H48: ='R3'!H38 | I48: ='R3'!I38 | ... M48: ='R3'!M38 | O48: ='R3'!O38 -> 0.0051403204 | P48: ='R3'!P38 | Q48: ='R3'!Q38 | R48: ='R3'!R38 | S48: ='R3'!S38 | T48: ='R3'!T38 | U48: ='R3'!U38 | V48: ='R3'!V38
B49: ='R3'!B39 | C49: ='R3'!C39 | D49: ='R3'!D39 | E49: ='R3'!E39 | F49: ='R3'!F39 | G49: ='R3'!G39 | H49: ='R3'!H39 | I49: ='R3'!I39 | ... M49: ='R3'!M39 | O49: ='R3'!O39 -> 0.030020731 | P49: ='R3'!P39 | Q49: ='R3'!Q39 | R49: ='R3'!R39 | S49: ='R3'!S39 | T49: ='R3'!T39 | U49: ='R3'!U39 | V49: ='R3'!V39
B50: ='R3'!B40 | C50: ='R3'!C40 | D50: ='R3'!D40 | E50: ='R3'!E40 | F50: ='R3'!F40 | G50: ='R3'!G40 | H50: ='R3'!H40 | I50: ='R3'!I40 | ... M50: ='R3'!M40 | O50: ='R3'!O40 -> 3.8778703 | P50: ='R3'!P40 | Q50: ='R3'!Q40 | R50: ='R3'!R40 | S50: ='R3'!S40 | T50: ='R3'!T40 | U50: ='R3'!U40 | V50: ='R3'!V40
B51: ='R3'!B41 | C51: ='R3'!C41 | D51: ='R3'!D41 | E51: ='R3'!E41 | F51: ='R3'!F41 | G51: ='R3'!G41 | H51: ='R3'!H41 | I51: ='R3'!I41 | ... M51: ='R3'!M41 | O51: ='R3'!O41 -> 0.018802623 | P51: ='R3'!P41 | Q51: ='R3'!Q41 | R51: ='R3'!R41 | S51: ='R3'!S41 | T51: ='R3'!T41 | U51: ='R3'!U41 | V51: ='R3'!V41
... B53: ='R3'!B43 | C53: ='R3'!C43 | D53: ='R3'!D43 | E53: ='R3'!E43 | F53: ='R3'!F43 | G53: ='R3'!G43 | H53: ='R3'!H43 | I53: ='R3'!I43 | ... M53: ='R3'!M43 | O53: ='R3'!O43 | P53: ='R3'!P43 | Q53: ='R3'!Q43 | R53: ='R3'!R43 | S53: ='R3'!S43 | T53: ='R3'!T43 | U53: ='R3'!U43 | V53: ='R3'!V43
A55: Nom des groupes | B55: =B4 -> Témoin solvant | C55: =C4 -> EE2-33.8ng/L | D55: =D4 -> EE2-50.6ng/L | E55: =E4 -> EE2-76ng/L | F55: =F4 -> EE2-114ng/L | G55: =G4 -> EE2-170.9ng/L | H55: =H4 -> EE2-488ng/L | I55: =I4 -> Fadrozole-0.016µg/L | ... M55: =M4 -> Fadrozole-10 µg/L | O55: =O4 -> Testo -30µg/L | P55: =P4 -> Testo 30µg/L + EE2 -64ng/L | Q55: =Q4 -> Testo 30µg/L + FAD-10µg/L | R55: =R4 -> Fadrozole-0.016µg/L + Testostérone | S55: =S4 -> Fadrozole-0.08µg/L + Testostérone | T55: =T4 -> Fadrozole-0.4µg/L + Testostérone | U55: =U4 -> Fadrozole-2µg/L + Testostérone | V55: =V4 -> Fadrozole-10 µg/L + Testostérone
A56: Moy. | B56: =AVERAGE(B6:B53) -> 0.043711827 | C56: =AVERAGE(C6:C53) -> 0.093288093 | D56: =AVERAGE(D6:D53) -> 0.33143614 | E56: =AVERAGE(E6:E53) -> 1.50789 | F56: =AVERAGE(F6:F53) -> 4.1215474 | G56: =AVERAGE(G6:G53) -> 5.7917147 | H56: =AVERAGE(H6:H53) -> 10.593123 | I56: =AVERAGE(I6:I53) -> 0.051436165 | ... M56: =AVERAGE(M6:M53) -> 0.041710948 | O56: =AVERAGE(O6:O53) -> 1 | P56: =AVERAGE(P6:P53) -> 10.949092 | Q56: =AVERAGE(Q6:Q53) -> 0.081307432 | R56: =AVERAGE(R6:R53) -> 0.85353242 | S56: =AVERAGE(S6:S53) -> 1.1756129 | T56: =AVERAGE(T6:T53) -> 0.61821284 | U56: =AVERAGE(U6:U53) -> 0.69097918 | V56: =AVERAGE(V6:V53) -> 0.16727689
A57: SD | B57: =STDEV(B6:B53) -> 0.050898395 | C57: =STDEV(C6:C53) -> 0.15510085 | D57: =STDEV(D6:D53) -> 0.84284929 | E57: =STDEV(E6:E53) -> 1.6742863 | F57: =STDEV(F6:F53) -> 4.2974184 | G57: =STDEV(G6:G53) -> 2.4071169 | H57: =STDEV(H6:H53) -> 5.165951 | I57: =STDEV(I6:I53) -> 0.067678524 | ... M57: =STDEV(M6:M53) -> 0.060854817 | O57: =STDEV(O6:O53) -> 1.7134057 | P57: =STDEV(P6:P53) -> 7.1269294 | Q57: =STDEV(Q6:Q53) -> 0.12197592 | R57: =STDEV(R6:R53) -> 0.9183891 | S57: =STDEV(S6:S53) -> 1.1751613 | T57: =STDEV(T6:T53) -> 0.9478177 | U57: =STDEV(U6:U53) -> 1.26951 | V57: =STDEV(V6:V53) -> 0.48529652
A58: SEM | B58: =B57/SQRT(COUNT(B6:B53)) -> 0.010613049 | C58: =C57/SQRT(COUNT(C6:C53)) -> 0.031659828 | D58: =D57/SQRT(COUNT(D6:D53)) -> 0.17574623 | E58: =E57/SQRT(COUNT(E6:E53)) -> 0.34176226 | F58: =F57/SQRT(COUNT(F6:F53)) -> 0.89607368 | G58: =G57/SQRT(COUNT(G6:G53)) -> 0.50191858 | H58: =H57/SQRT(COUNT(H6:H53)) -> 1.0771752 | I58: =I57/SQRT(COUNT(I6:I53)) -> 0.014111948 | ... M58: =M57/SQRT(COUNT(M6:M53)) -> 0.012689106 | O58: =O57/SQRT(COUNT(O6:O53)) -> 0.25830562 | P58: =P57/SQRT(COUNT(P6:P53)) -> 1.5552235 | Q58: =Q57/SQRT(COUNT(Q6:Q53)) -> 0.025433737 | R58: =R57/SQRT(COUNT(R6:R53)) -> 0.19149737 | S58: =S57/SQRT(COUNT(S6:S53)) -> 0.23987879 | T58: =T57/SQRT(COUNT(T6:T53)) -> 0.19347248 | U58: =U57/SQRT(COUNT(U6:U53)) -> 0.25913764 | V58: =V57/SQRT(COUNT(V6:V53)) -> 0.099060738
A60: 9. Expérimentateur 2 : vérifier que le nombre de valeurs est > ou égale à 14. Vérifier que le nombre de valeurs est > ou égale à 27 pour le groupe "Testo".
A62: Nom des groupes | B62: =B4 -> Témoin solvant | C62: =C4 -> EE2-33.8ng/L | D62: =D4 -> EE2-50.6ng/L | E62: =E4 -> EE2-76ng/L | F62: =F4 -> EE2-114ng/L | G62: =G4 -> EE2-170.9ng/L | H62: =H4 -> EE2-488ng/L | I62: =I4 -> Fadrozole-0.016µg/L | ... M62: =M4 -> Fadrozole-10 µg/L | O62: =O4 -> Testo -30µg/L | P62: =P4 -> Testo 30µg/L + EE2 -64ng/L | Q62: =Q4 -> Testo 30µg/L + FAD-10µg/L | R62: =R4 -> Fadrozole-0.016µg/L + Testostérone | S62: =S4 -> Fadrozole-0.08µg/L + Testostérone | T62: =T4 -> Fadrozole-0.4µg/L + Testostérone | U62: =U4 -> Fadrozole-2µg/L + Testostérone | V62: =V4 -> Fadrozole-10 µg/L + Testostérone
A63: Nbre de valeurs | B63: =COUNT(B6:B53) -> 23 | C63: =COUNT(C6:C53) -> 24 | D63: =COUNT(D6:D53) -> 23 | E63: =COUNT(E6:E53) -> 24 | F63: =COUNT(F6:F53) -> 23 | G63: =COUNT(G6:G53) -> 23 | H63: =COUNT(H6:H53) -> 23 | I63: =COUNT(I6:I53) -> 23 | ... M63: =COUNT(M6:M53) -> 23 | O63: =COUNT(O6:O53) -> 44 | P63: =COUNT(P6:P53) -> 21 | Q63: =COUNT(Q6:Q53) -> 23 | R63: =COUNT(R6:R53) -> 23 | S63: =COUNT(S6:S53) -> 24 | T63: =COUNT(T6:T53) -> 24 | U63: =COUNT(U6:U53) -> 24 | V63: =COUNT(V6:V53) -> 24
B64: =IF(B63>=21,"OK","ATTENTION") -> OK | C64: =IF(C63>=21,"OK","ATTENTION") -> OK | D64: =IF(D63>=21,"OK","ATTENTION") -> OK | E64: =IF(E63>=21,"OK","ATTENTION") -> OK | F64: =IF(F63>=21,"OK","ATTENTION") -> OK | G64: =IF(G63>=21,"OK","ATTENTION") -> OK | H64: =IF(H63>=21,"OK","ATTENTION") -> OK | I64: =IF(I63>=21,"OK","ATTENTION") -> OK | ... M64: =IF(M63>=21,"OK","ATTENTION") -> OK | O64: =IF(O63>=41,"OK","ATTENTION") -> OK | P64: =IF(P63>=21,"OK","ATTENTION") -> OK | Q64: =IF(Q63>=21,"OK","ATTENTION") -> OK | R64: =IF(R63>=21,"OK","ATTENTION") -> OK | S64: =IF(S63>=21,"OK","ATTENTION") -> OK | T64: =IF(T63>=21,"OK","ATTENTION") -> OK | U64: =IF(U63>=21,"OK","ATTENTION") -> OK | V64: =IF(V63>=21,"OK","ATTENTION") -> OK
A65: 10. Expérimentateur 2 : vérifier que le calcul des ratio s'affiche en vert.
B66: Ratio à atteindre
A67: Evian/EE2 488 ng /L >= | B67: 3.5
A68: Evian/Testo + EE2 64 ng/L >= | B68: 2
A69: Evian/ Testo + FAD <= | B69: 0.5
A70: 11. Expérimentateur 2 : vérifier les valeurs des écarts type. En cas de valeur abbéantes ou incohérent, consulter le référent test.
A72: 12. Expérimentateur 2 : réaliser les tests statistiques avec les données du pool et renseigner les résultats ainsi que le test statistique utilisé dans le tableau violet.
J73: 1 | K73: 2 | L73: 3 | M73: 4 | R73: 1 | S73: 2 | T73: 3 | U73: 4 | V73: 5
A74: Noms des groupes | B74: =B4 -> Témoin solvant | C74: =C4 -> EE2-33.8ng/L | D74: =D4 -> EE2-50.6ng/L | E74: =E4 -> EE2-76ng/L | F74: =F4 -> EE2-114ng/L | G74: =G4 -> EE2-170.9ng/L | H74: =H4 -> EE2-488ng/L | I74: =I4 -> Fadrozole-0.016µg/L | ... M74: =M4 -> Fadrozole-10 µg/L | O74: =O4 -> Testo -30µg/L | P74: =P4 -> Testo 30µg/L + EE2 -64ng/L | Q74: =Q4 -> Testo 30µg/L + FAD-10µg/L | R74: =R4 -> Fadrozole-0.016µg/L + Testostérone | S74: =S4 -> Fadrozole-0.08µg/L + Testostérone | T74: =T4 -> Fadrozole-0.4µg/L + Testostérone | U74: =U4 -> Fadrozole-2µg/L + Testostérone | V74: =V4 -> Fadrozole-10 µg/L + Testostérone
A75: Mean | B75: =B56 -> 0.043711827 | C75: =C56 -> 0.093288093 | D75: =D56 -> 0.33143614 | E75: =E56 -> 1.50789 | F75: =F56 -> 4.1215474 | G75: =G56 -> 5.7917147 | H75: =H56 -> 10.593123 | I75: =I56 -> 0.051436165 | ... M75: =M56 -> 0.041710948 | O75: =O56 -> 1 | P75: =P56 -> 10.949092 | Q75: =Q56 -> 0.081307432 | R75: =R56 -> 0.85353242 | S75: =S56 -> 1.1756129 | T75: =T56 -> 0.61821284 | U75: =U56 -> 0.69097918 | V75: =V56 -> 0.16727689
A76: SEM | B76: =B58 -> 0.010613049 | C76: =C58 -> 0.031659828 | D76: =D58 -> 0.17574623 | E76: =E58 -> 0.34176226 | F76: =F58 -> 0.89607368 | G76: =G58 -> 0.50191858 | H76: =H58 -> 1.0771752 | I76: =I58 -> 0.014111948 | ... M76: =M58 -> 0.012689106 | O76: =O58 -> 0.25830562 | P76: =P58 -> 1.5552235 | Q76: =Q58 -> 0.025433737 | R76: =R58 -> 0.19149737 | S76: =S58 -> 0.23987879 | T76: =T58 -> 0.19347248 | U76: =U58 -> 0.25913764 | V76: =V58 -> 0.099060738
A77: % induction | B77: =(B75*100/$B$75)-100 -> 0 | C77: =(C75*100/$B$75)-100 -> 113.41614 | D77: =(D75*100/$B$75)-100 -> 658.2299 | E77: =(E75*100/$B$75)-100 -> 3349.6157 | F77: =(F75*100/$B$75)-100 -> 9328.9067 | G77: =(G75*100/$B$75)-100 -> 13149.766 | H77: =(H75*100/$B$75)-100 -> 24133.997 | I77: =(I75*100/$B$75)-100 -> 17.671049 | ... M77: =(M75*100/$B$75)-100 -> -4.5774316 | O77: =(O75*100/$O$75)-100 -> 0 | P77: =(P75*100/$O$75)-100 -> 994.90923 | Q77: =(Q75*100/$O$75)-100 -> -91.869257 | R77: =(R75*100/$O$75)-100 -> -14.646758 | S77: =(S75*100/$O$75)-100 -> 17.561291 | T77: =(T75*100/$O$75)-100 -> -38.178716 | U77: =(U75*100/$O$75)-100 -> -30.902082 | V77: =(V75*100/$O$75)-100 -> -83.272311
A78: Test de normalité : valeur du p | B78: =[1]!DPTEST(B6:B53) -> #NAME? | C78: =[1]!DPTEST(C6:C53) -> #NAME? | D78: =[1]!DPTEST(D6:D53) -> #NAME? | E78: =[1]!DPTEST(E6:E53) -> #NAME? | F78: =[1]!DPTEST(F6:F53) -> #NAME? | G78: =[1]!DPTEST(G6:G53) -> #NAME? | H78: =[1]!DPTEST(H6:H53) -> #NAME? | I78: =[1]!DPTEST(I6:I53) -> #NAME? | ... M78: =[1]!DPTEST(M6:M53) -> #NAME? | O78: =[1]!DPTEST(O6:O53) -> #NAME? | P78: =[1]!DPTEST(P6:P53) -> #NAME? | Q78: =[1]!DPTEST(Q6:Q53) -> #NAME? | R78: =[1]!DPTEST(R6:R53) -> #NAME? | S78: =[1]!DPTEST(S6:S53) -> #NAME? | T78: =[1]!DPTEST(T6:T53) -> #NAME? | U78: =[1]!DPTEST(U6:U53) -> #NAME? | V78: =[1]!DPTEST(V6:V53) -> #NAME?
A79: Test de normalité : résultat normal? | B79: =IF(B78>0.05,"Oui","Non") -> #NAME? | C79: =IF(C78>0.05,"Oui","Non") -> #NAME? | D79: =IF(D78>0.05,"Oui","Non") -> #NAME? | E79: =IF(E78>0.05,"Oui","Non") -> #NAME? | F79: =IF(F78>0.05,"Oui","Non") -> #NAME? | G79: =IF(G78>0.05,"Oui","Non") -> #NAME? | H79: =IF(H78>0.05,"Oui","Non") -> #NAME? | I79: =IF(I78>0.05,"Oui","Non") -> #NAME? | ... M79: =IF(M78>0.05,"Oui","Non") -> #NAME? | O79: =IF(O78>0.05,"Oui","Non") -> #NAME? | P79: =IF(P78>0.05,"Oui","Non") -> #NAME? | Q79: =IF(Q78>0.05,"Oui","Non") -> #NAME? | R79: =IF(R78>0.05,"Oui","Non") -> #NAME? | S79: =IF(S78>0.05,"Oui","Non") -> #NAME? | T79: =IF(T78>0.05,"Oui","Non") -> #NAME? | U79: =IF(U78>0.05,"Oui","Non") -> #NAME? | V79: =IF(V78>0.05,"Oui","Non") -> #NAME?
A80: Tous les groupes du gamme sont normale?
A81: Test statistique utilisé | C81: Kruskal-Wallis | D81: Kruskal-Wallis | E81: Kruskal-Wallis | F81: Kruskal-Wallis | G81: Kruskal-Wallis | H81: Kruskal-Wallis | I81: Kruskal-Wallis | J81: Kruskal-Wallis | K81: Kruskal-Wallis | L81: Kruskal-Wallis | M81: Kruskal-Wallis | O81: =IF($B79="Non",IF(O79="Non","Mann Withney",IF(O79="Oui","Mann Withney","")),IF($B79="Oui",IF(O79="Oui","T-Test Welch",IF(O79="Non","Mann Withney","")))) -> #NAME? | P81: =IF($O79="Non",IF(P79="Non","Mann Withney",IF(P$79="Oui","Mann Withney","")),IF($O79="Oui",IF(P79="Oui","T-Test Welch",IF(P79="Non","Mann Withney","")))) -> #NAME? | Q81: =IF($O79="Non",IF(Q79="Non","Mann Withney",IF(Q$79="Oui","Mann Withney","")),IF($O79="Oui",IF(Q79="Oui","T-Test Welch",IF(Q79="Non","Mann Withney","")))) -> #NAME? | R81: Kruskal-Wallis | S81: Kruskal-Wallis | T81: Kruskal-Wallis | U81: Kruskal-Wallis | V81: Kruskal-Wallis
A82: Test statistique : valeur du p | C82: >0,99 | D82: >0,99 | E82: <0,001 | F82: <0,001 | G82: <0,001 | H82: <0,001 | I82: >0,99 | J82: >0,99 | K82: >0,99 | L82: >0,99 | M82: >0,99 | O82: =IF(O81="Mann Withney",[1]!MTEST($B6:$B53,O6:O53,2), IF(O81="T-Test Welch",_xlfn.T.TEST($B6:$B53,O6:O53,2,3),"")) -> #NAME? | P82: =IF(P81="Mann Withney",[1]!MTEST($O6:$O53,P6:P53,2), IF(P81="T-Test Welch",_xlfn.T.TEST($O6:$O53,P6:P53,2,3),"")) -> #NAME? | Q82: =IF(Q81="Mann Withney",[1]!MTEST($O6:$O53,Q6:Q53,2), IF(Q81="T-Test Welch",_xlfn.T.TEST($O6:$O53,Q6:Q53,2,3),"")) -> #NAME? | R82: >0,99 | S82: 0.32 | T82: >0,99 | U82: >0,99 | V82: 0.003
A83: Annotation | C83: ns | D83: ns | E83: *** | F83: *** | G83: *** | H83: *** | I83: ns | J83: ns | K83: ns | L83: ns | M83: ns | O83: =IF(O82>0.05,"NS",IF(O82>0.01,"*",IF(O82>0.001,"**","***"))) -> #NAME? | P83: =IF(P82>0.05,"NS",IF(P82>0.01,"*",IF(P82>0.001,"**","***"))) -> #NAME? | Q83: =IF(Q82>0.05,"NS",IF(Q82>0.01,"*",IF(Q82>0.001,"**","***"))) -> #NAME? | R83: ns | S83: ns | T83: ns | U83: ns | V83: **
A85: Eléments pour la mise en forme conditionnelles des résutats - calcul équivalent hormonal (eqH)
A86: LOD | B86: =B56+(3*B57) -> 0.19640701
A87: LOQ | B87: =B56+(10*B57) -> 0.55269578
A89: 13. Expérimentateur 2 : masquer les colonnes de la feuille R1 et R2 correspondant au groupe des échantilons n'ayant été lu que sur le réplica 1.
A91: 14. Expérimentateur 2 : vérifier la cohérence des deux réplicas et des réplicas avec le pool à l'aide des graphiques "Graph". En cas de divergences consulter le référent test.
A93: 15. Expérimentateur 2 : réaliser le calcul de l'équivalent hormonal (eqh) à l'aide du logiciel et PRISM. Seules les moyennes des témoins, des échantillons non dopées apparraissant en vert et les moyennes des échantillons dopées étant statiquement différentes des témoins (*, **, ***) pourrons être calculées en eqh. Se reporter à l'onglet "summary results".
B94: =B75/$B$75 -> 1 | C94: =C75/$B$75 -> 2.1341614 | D94: =D75/$B$75 -> 7.582299 | E94: =E75/$B$75 -> 34.496157 | F94: =F75/$B$75 -> 94.289067 | G94: =G75/$B$75 -> 132.49766 | H94: =H75/$B$75 -> 242.33997 | I94: =I75/$B$75 -> 1.1767105 | ... V94: =V75/$B$75 -> 3.8268107

Sheet summary results
A1: 16. Expérimentateur 2 : copier et coller les résultats obtenus dans prisme selon l'ordre défini.
A2: 17. Expérimentateur 2:
B5: ng/L EE2 | C5: upper limit | D5: lower limit | E5: Valeur fluo extrapolée | F5: Résultat stat si NS | G5: EqH - testo | H5: Dilution | I5: EqH Extrapolation à 100% | J5: Valeur du seuil de référence | K5: % atteinte du seuil | L5: Numéro ligne | M5: Valeur échelle | N5: Etiquette
A6: EE2 64ng/L | B6: 64 | G6: =IF(F6="NS","NC",ROUND(B6,2-(1+INT(LOG10(ABS(B6)))))) -> 64
A7: ='Page de garde'!A15 -> Fadrozole-0.016µg/L | F7: =HLOOKUP(A7,'pooled normalised values'!$B$74:$V$83,10,FALSE) -> ns | G7: =IF(F7="NS","NC",ROUND(B7,2-(1+INT(LOG10(ABS(B7)))))) -> NC | H7: =IF(VLOOKUP(A7,liste_groupe[],4,FALSE)="%",VLOOKUP(A7,liste_groupe[],3,FALSE)/100,IF(ISBLANK(VLOOKUP(A7,liste_groupe[],4,FALSE)),"Non","Non")) -> Non | I7: =IF(F7="NS","NC",IF(H7="Non",G7,G7*(1/H7))) -> NC | J7: 64 | K7: =IF(F7="NS",0,ROUND(I7/J7*100,0)) -> 0 | L7: 1 | M7: =IF(K7>100,125,K7) -> 0 | N7: =IF(H7="Non",CONCATENATE(VLOOKUP(A7,liste_groupe[],5,FALSE),"-",VLOOKUP(A7,liste_groupe[],3,FALSE),VLOOKUP(A7,liste_groupe[],4,FALSE)," : ",ROUND(K7,0),"%"),CONCATENATE(VLOOKUP(A7,liste_groupe[],5,FALSE)," : ",ROUND(K7,0),"%")) -> Fadrozole-0.016µg/L : 0%
A8: ='Page de garde'!A16 -> Fadrozole-0.08µg/L | F8: =HLOOKUP(A8,'pooled normalised values'!$B$74:$V$83,10,FALSE) -> ns | G8: =IF(F8="NS","NC",ROUND(B8,2-(1+INT(LOG10(ABS(B8)))))) -> NC | H8: =IF(VLOOKUP(A8,liste_groupe[],4,FALSE)="%",VLOOKUP(A8,liste_groupe[],3,FALSE)/100,IF(ISBLANK(VLOOKUP(A8,liste_groupe[],4,FALSE)),"Non","Non")) -> Non | I8: =IF(F8="NS","NC",IF(H8="Non",G8,G8*(1/H8))) -> NC | J8: 64 | K8: =IF(F8="NS",0,ROUND(I8/J8*100,0)) -> 0 | M8: =IF(K8>100,125,K8) -> 0 | N8: =IF(H8="Non",CONCATENATE(VLOOKUP(A8,liste_groupe[],5,FALSE),"-",VLOOKUP(A8,liste_groupe[],3,FALSE),VLOOKUP(A8,liste_groupe[],4,FALSE)," : ",ROUND(K8,0),"%"),CONCATENATE(VLOOKUP(A8,liste_groupe[],5,FALSE)," : ",ROUND(K8,0),"%")) -> Fadrozole-0.08µg/L : 0%
A9: ='Page de garde'!A17 -> Fadrozole-0.4µg/L | F9: =HLOOKUP(A9,'pooled normalised values'!$B$74:$V$83,10,FALSE) -> ns | G9: =IF(F9="NS","NC",ROUND(B9,2-(1+INT(LOG10(ABS(B9)))))) -> NC | H9: =IF(VLOOKUP(A9,liste_groupe[],4,FALSE)="%",VLOOKUP(A9,liste_groupe[],3,FALSE)/100,IF(ISBLANK(VLOOKUP(A9,liste_groupe[],4,FALSE)),"Non","Non")) -> Non | I9: =IF(F9="NS","NC",IF(H9="Non",G9,G9*(1/H9))) -> NC | J9: 64 | K9: =IF(F9="NS",0,ROUND(I9/J9*100,0)) -> 0 | M9: =IF(K9>100,125,K9) -> 0 | N9: =IF(H9="Non",CONCATENATE(VLOOKUP(A9,liste_groupe[],5,FALSE),"-",VLOOKUP(A9,liste_groupe[],3,FALSE),VLOOKUP(A9,liste_groupe[],4,FALSE)," : ",ROUND(K9,0),"%"),CONCATENATE(VLOOKUP(A9,liste_groupe[],5,FALSE)," : ",ROUND(K9,0),"%")) -> Fadrozole-0.4µg/L : 0%
A10: ='Page de garde'!A18 -> Fadrozole-2µg/L | F10: =HLOOKUP(A10,'pooled normalised values'!$B$74:$V$83,10,FALSE) -> ns | G10: =IF(F10="NS","NC",ROUND(B10,2-(1+INT(LOG10(ABS(B10)))))) -> NC | H10: =IF(VLOOKUP(A10,liste_groupe[],4,FALSE)="%",VLOOKUP(A10,liste_groupe[],3,FALSE)/100,IF(ISBLANK(VLOOKUP(A10,liste_groupe[],4,FALSE)),"Non","Non")) -> Non | I10: =IF(F10="NS","NC",IF(H10="Non",G10,G10*(1/H10))) -> NC | J10: 64 | K10: =IF(F10="NS",0,ROUND(I10/J10*100,0)) -> 0 | M10: =IF(K10>100,125,K10) -> 0 | N10: =IF(H10="Non",CONCATENATE(VLOOKUP(A10,liste_groupe[],5,FALSE),"-",VLOOKUP(A10,liste_groupe[],3,FALSE),VLOOKUP(A10,liste_groupe[],4,FALSE)," : ",ROUND(K10,0),"%"),CONCATENATE(VLOOKUP(A10,liste_groupe[],5,FALSE)," : ",ROUND(K10,0),"%")) -> Fadrozole-2µg/L : 0%
A11: ='Page de garde'!A19 -> Fadrozole-10 µg/L | F11: =HLOOKUP(A11,'pooled normalised values'!$B$74:$V$83,10,FALSE) -> ns | G11: =IF(F11="NS","NC",ROUND(B11,2-(1+INT(LOG10(ABS(B11)))))) -> NC | H11: =IF(VLOOKUP(A11,liste_groupe[],4,FALSE)="%",VLOOKUP(A11,liste_groupe[],3,FALSE)/100,IF(ISBLANK(VLOOKUP(A11,liste_groupe[],4,FALSE)),"Non","Non")) -> Non | I11: =IF(F11="NS","NC",IF(H11="Non",G11,G11*(1/H11))) -> NC | J11: 64 | K11: =IF(F11="NS",0,ROUND(I11/J11*100,0)) -> 0 | M11: =IF(K11>100,125,K11) -> 0 | N11: =IF(H11="Non",CONCATENATE(VLOOKUP(A11,liste_groupe[],5,FALSE),"-",VLOOKUP(A11,liste_groupe[],3,FALSE),VLOOKUP(A11,liste_groupe[],4,FALSE)," : ",ROUND(K11,0),"%"),CONCATENATE(VLOOKUP(A11,liste_groupe[],5,FALSE)," : ",ROUND(K11,0),"%")) -> Fadrozole-10 µg/L : 0%
A12: ='Page de garde'!A20 | F12: =HLOOKUP(A12,'pooled normalised values'!$B$74:$V$83,10,FALSE) -> #N/A | G12: =IF(F12="NS","NC",ROUND(B12,2-(1+INT(LOG10(ABS(B12)))))) -> #N/A | H12: =IF(VLOOKUP(A12,liste_groupe[],4,FALSE)="%",VLOOKUP(A12,liste_groupe[],3,FALSE)/100,IF(ISBLANK(VLOOKUP(A12,liste_groupe[],4,FALSE)),"Non","Non")) -> Non | I12: =IF(F12="NS","NC",IF(H12="Non",G12,G12*(1/H12))) -> #N/A | J12: 64 | K12: =IF(F12="NS",0,ROUND(I12/J12*100,0)) -> #N/A | M12: =IF(K12>100,125,K12) -> #N/A | N12: =IF(H12="Non",CONCATENATE(VLOOKUP(A12,liste_groupe[],5,FALSE),"-",VLOOKUP(A12,liste_groupe[],3,FALSE),VLOOKUP(A12,liste_groupe[],4,FALSE)," : ",ROUND(K12,0),"%"),CONCATENATE(VLOOKUP(A12,liste_groupe[],5,FALSE)," : ",ROUND(K12,0),"%")) -> #N/A
A13: ='Page de garde'!A21 | F13: =HLOOKUP(A13,'pooled normalised values'!$B$74:$V$83,10,FALSE) -> #N/A | G13: =IF(F13="NS","NC",ROUND(B13,2-(1+INT(LOG10(ABS(B13)))))) -> #N/A | H13: =IF(VLOOKUP(A13,liste_groupe[],4,FALSE)="%",VLOOKUP(A13,liste_groupe[],3,FALSE)/100,IF(ISBLANK(VLOOKUP(A13,liste_groupe[],4,FALSE)),"Non","Non")) -> Non | I13: =IF(F13="NS","NC",IF(H13="Non",G13,G13*(1/H13))) -> #N/A | J13: 64 | K13: =IF(F13="NS",0,ROUND(I13/J13*100,0)) -> #N/A | M13: =IF(K13>100,125,K13) -> #N/A | N13: =IF(H13="Non",CONCATENATE(VLOOKUP(A13,liste_groupe[],5,FALSE),"-",VLOOKUP(A13,liste_groupe[],3,FALSE),VLOOKUP(A13,liste_groupe[],4,FALSE)," : ",ROUND(K13,0),"%"),CONCATENATE(VLOOKUP(A13,liste_groupe[],5,FALSE)," : ",ROUND(K13,0),"%")) -> #N/A
A14: ='Page de garde'!A22 | F14: =HLOOKUP(A14,'pooled normalised values'!$B$74:$V$83,10,FALSE) -> #N/A | G14: =IF(F14="NS","NC",ROUND(B14,2-(1+INT(LOG10(ABS(B14)))))) -> #N/A | H14: =IF(VLOOKUP(A14,liste_groupe[],4,FALSE)="%",VLOOKUP(A14,liste_groupe[],3,FALSE)/100,IF(ISBLANK(VLOOKUP(A14,liste_groupe[],4,FALSE)),"Non","Non")) -> Non | I14: =IF(F14="NS","NC",IF(H14="Non",G14,G14*(1/H14))) -> #N/A | J14: 64 | K14: =IF(F14="NS",0,ROUND(I14/J14*100,0)) -> #N/A | M14: =IF(K14>100,125,K14) -> #N/A | N14: =IF(H14="Non",CONCATENATE(VLOOKUP(A14,liste_groupe[],5,FALSE),"-",VLOOKUP(A14,liste_groupe[],3,FALSE),VLOOKUP(A14,liste_groupe[],4,FALSE)," : ",ROUND(K14,0),"%"),CONCATENATE(VLOOKUP(A14,liste_groupe[],5,FALSE)," : ",ROUND(K14,0),"%")) -> #N/A
A15: ='Page de garde'!A23 | F15: =HLOOKUP(A15,'pooled normalised values'!$B$74:$V$83,10,FALSE) -> #N/A | G15: =IF(F15="NS","NC",ROUND(B15,2-(1+INT(LOG10(ABS(B15)))))) -> #N/A | H15: =IF(VLOOKUP(A15,liste_groupe[],4,FALSE)="%",VLOOKUP(A15,liste_groupe[],3,FALSE)/100,IF(ISBLANK(VLOOKUP(A15,liste_groupe[],4,FALSE)),"Non","Non")) -> Non | I15: =IF(F15="NS","NC",IF(H15="Non",G15,G15*(1/H15))) -> #N/A | J15: 64 | K15: =IF(F15="NS",0,ROUND(I15/J15*100,0)) -> #N/A | M15: =IF(K15>100,125,K15) -> #N/A | N15: =IF(H15="Non",CONCATENATE(VLOOKUP(A15,liste_groupe[],5,FALSE),"-",VLOOKUP(A15,liste_groupe[],3,FALSE),VLOOKUP(A15,liste_groupe[],4,FALSE)," : ",ROUND(K15,0),"%"),CONCATENATE(VLOOKUP(A15,liste_groupe[],5,FALSE)," : ",ROUND(K15,0),"%")) -> #N/A
A16: ='Page de garde'!A24 | F16: =HLOOKUP(A16,'pooled normalised values'!$B$74:$V$83,10,FALSE) -> #N/A | G16: =IF(F16="NS","NC",ROUND(B16,2-(1+INT(LOG10(ABS(B16)))))) -> #N/A | H16: =IF(VLOOKUP(A16,liste_groupe[],4,FALSE)="%",VLOOKUP(A16,liste_groupe[],3,FALSE)/100,IF(ISBLANK(VLOOKUP(A16,liste_groupe[],4,FALSE)),"Non","Non")) -> Non | I16: =IF(F16="NS","NC",IF(H16="Non",G16,G16*(1/H16))) -> #N/A | J16: 64 | K16: =IF(F16="NS",0,ROUND(I16/J16*100,0)) -> #N/A | M16: =IF(K16>100,125,K16) -> #N/A | N16: =IF(H16="Non",CONCATENATE(VLOOKUP(A16,liste_groupe[],5,FALSE),"-",VLOOKUP(A16,liste_groupe[],3,FALSE),VLOOKUP(A16,liste_groupe[],4,FALSE)," : ",ROUND(K16,0),"%"),CONCATENATE(VLOOKUP(A16,liste_groupe[],5,FALSE)," : ",ROUND(K16,0),"%")) -> #N/A
A17: ='Page de garde'!A25 | F17: =HLOOKUP(A17,'pooled normalised values'!$B$74:$V$83,10,FALSE) -> #N/A | G17: =IF(F17="NS","NC",ROUND(B17,2-(1+INT(LOG10(ABS(B17)))))) -> #N/A | H17: =IF(VLOOKUP(A17,liste_groupe[],4,FALSE)="%",VLOOKUP(A17,liste_groupe[],3,FALSE)/100,IF(ISBLANK(VLOOKUP(A17,liste_groupe[],4,FALSE)),"Non","Non")) -> Non | I17: =IF(F17="NS","NC",IF(H17="Non",G17,G17*(1/H17))) -> #N/A | J17: 64 | K17: =IF(F17="NS",0,ROUND(I17/J17*100,0)) -> #N/A | M17: =IF(K17>100,125,K17) -> #N/A | N17: =IF(H17="Non",CONCATENATE(VLOOKUP(A17,liste_groupe[],5,FALSE),"-",VLOOKUP(A17,liste_groupe[],3,FALSE),VLOOKUP(A17,liste_groupe[],4,FALSE)," : ",ROUND(K17,0),"%"),CONCATENATE(VLOOKUP(A17,liste_groupe[],5,FALSE)," : ",ROUND(K17,0),"%")) -> #N/A
A18: ='Page de garde'!A26 | F18: =HLOOKUP(A18,'pooled normalised values'!$B$74:$V$83,10,FALSE) -> #N/A | G18: =IF(F18="NS","NC",ROUND(B18,2-(1+INT(LOG10(ABS(B18)))))) -> #N/A | H18: =IF(VLOOKUP(A18,liste_groupe[],4,FALSE)="%",VLOOKUP(A18,liste_groupe[],3,FALSE)/100,IF(ISBLANK(VLOOKUP(A18,liste_groupe[],4,FALSE)),"Non","Non")) -> Non | I18: =IF(F18="NS","NC",IF(H18="Non",G18,G18*(1/H18))) -> #N/A | J18: 64 | K18: =IF(F18="NS",0,ROUND(I18/J18*100,0)) -> #N/A | M18: =IF(K18>100,125,K18) -> #N/A | N18: =IF(H18="Non",CONCATENATE(VLOOKUP(A18,liste_groupe[],5,FALSE),"-",VLOOKUP(A18,liste_groupe[],3,FALSE),VLOOKUP(A18,liste_groupe[],4,FALSE)," : ",ROUND(K18,0),"%"),CONCATENATE(VLOOKUP(A18,liste_groupe[],5,FALSE)," : ",ROUND(K18,0),"%")) -> #N/A
A19: ='Page de garde'!A27 | F19: =HLOOKUP(A19,'pooled normalised values'!$B$74:$V$83,10,FALSE) -> #N/A | G19: =IF(F19="NS","NC",ROUND(B19,2-(1+INT(LOG10(ABS(B19)))))) -> #N/A | H19: =IF(VLOOKUP(A19,liste_groupe[],4,FALSE)="%",VLOOKUP(A19,liste_groupe[],3,FALSE)/100,IF(ISBLANK(VLOOKUP(A19,liste_groupe[],4,FALSE)),"Non","Non")) -> Non | I19: =IF(F19="NS","NC",IF(H19="Non",G19,G19*(1/H19))) -> #N/A | J19: 64 | K19: =IF(F19="NS",0,ROUND(I19/J19*100,0)) -> #N/A | M19: =IF(K19>100,125,K19) -> #N/A | N19: =IF(H19="Non",CONCATENATE(VLOOKUP(A19,liste_groupe[],5,FALSE),"-",VLOOKUP(A19,liste_groupe[],3,FALSE),VLOOKUP(A19,liste_groupe[],4,FALSE)," : ",ROUND(K19,0),"%"),CONCATENATE(VLOOKUP(A19,liste_groupe[],5,FALSE)," : ",ROUND(K19,0),"%")) -> #N/A
... A26: ='Page de garde'!A34 | F26: =HLOOKUP(A26,'pooled normalised values'!$B$74:$V$83,10,FALSE) -> #N/A | G26: =IF(F26="NS","NC",ROUND(B26,2-(1+INT(LOG10(ABS(B26)))))) -> #N/A | H26: =IF(VLOOKUP(A26,liste_groupe[],4,FALSE)="%",VLOOKUP(A26,liste_groupe[],3,FALSE)/100,IF(ISBLANK(VLOOKUP(A26,liste_groupe[],4,FALSE)),"Non","Non")) -> Non | I26: =IF(F26="NS","NC",IF(H26="Non",G26,G26*(1/H26))) -> #N/A | J26: 64 | K26: =IF(F26="NS",0,ROUND(I26/J26*100,0)) -> #N/A | M26: =IF(K26>100,125,K26) -> #N/A | N26: =IF(H26="Non",CONCATENATE(VLOOKUP(A26,liste_groupe[],5,FALSE),"-",VLOOKUP(A26,liste_groupe[],3,FALSE),VLOOKUP(A26,liste_groupe[],4,FALSE)," : ",ROUND(K26,0),"%"),CONCATENATE(VLOOKUP(A26,liste_groupe[],5,FALSE)," : ",ROUND(K26,0),"%")) -> #N/A
B28: ng/L EE2 | C28: upper limit | D28: lower limit | E28: Valeur fluo extrapolée | F28: Résultat stat si NS | G28: EqH - testo | H28: Dilution | I28: EqH Extrapolation à 100% | J28: Valeur du seuil de référence | K28: % atteinte du seuil | L28: Numéro ligne | M28: Valeur échelle | N28: Etiquette
A29: Testosterone
A30: Testo+ EE2 | G30: =IF(F30="NS","NC",ROUND(B30-$B$29,2-(1+INT(LOG10(ABS(B30-$B$29)))))) -> #NUM!
A31: Testo+ Fad | G31: =IF(F31="NS","NC",ROUND(B31-$B$29,2-(1+INT(LOG10(ABS(B31-$B$29)))))) -> #NUM!
A32: ='Page de garde'!A39 -> Fadrozole-0.016µg/L + Testostérone | F32: =HLOOKUP(A32,'pooled normalised values'!$B$74:$V$83,10,FALSE) -> ns | G32: =IF(F32="NS","NC",ROUND(B32-$B$29,2-(1+INT(LOG10(ABS(B32-$B$29)))))) -> NC | H32: =IF(VLOOKUP(A32,liste_groupe[],4,FALSE)="%",VLOOKUP(A32,liste_groupe[],3,FALSE)/100,IF(ISBLANK(VLOOKUP(A32,liste_groupe[],4,FALSE)),"Non","Non")) -> Non | I32: =IF(F32="NS","NC",IF(H32="Non",G32,G32*(1/H32))) -> NC | J32: =IF(G32<0,$G$31,$G$30) -> #NUM! | K32: =IF(F32="NS",0,IF(I32<0,-ROUND(I32/J32*100,0),ROUND(I32/J32*100,0))) -> 0 | L32: 1 | M32: =IF(I32<0,IF(K32<-100,-125,K32),IF(K32>100,125,K32)) -> 0 | N32: =IF(H32="Non",CONCATENATE(VLOOKUP(A32,liste_groupe[],5,FALSE),"-",VLOOKUP(A32,liste_groupe[],3,FALSE),VLOOKUP(A32,liste_groupe[],4,FALSE)," : ",ROUND(K32,0),"%"),CONCATENATE(VLOOKUP(A32,liste_groupe[],5,FALSE)," : ",ROUND(K32,0),"%")) -> Fadrozole-0.016µg/L : 0%
A33: ='Page de garde'!A40 -> Fadrozole-0.08µg/L + Testostérone | F33: =HLOOKUP(A33,'pooled normalised values'!$B$74:$V$83,10,FALSE) -> ns | G33: =IF(F33="NS","NC",ROUND(B33-$B$29,2-(1+INT(LOG10(ABS(B33-$B$29)))))) -> NC | H33: =IF(VLOOKUP(A33,liste_groupe[],4,FALSE)="%",VLOOKUP(A33,liste_groupe[],3,FALSE)/100,IF(ISBLANK(VLOOKUP(A33,liste_groupe[],4,FALSE)),"Non","Non")) -> Non | I33: =IF(F33="NS","NC",IF(H33="Non",G33,G33*(1/H33))) -> NC | J33: =IF(G33<0,$G$31,$G$30) -> #NUM! | K33: =IF(F33="NS",0,IF(I33<0,-ROUND(I33/J33*100,0),ROUND(I33/J33*100,0))) -> 0 | M33: =IF(I33<0,IF(K33<-100,-125,K33),IF(K33>100,125,K33)) -> 0 | N33: =IF(H33="Non",CONCATENATE(VLOOKUP(A33,liste_groupe[],5,FALSE),"-",VLOOKUP(A33,liste_groupe[],3,FALSE),VLOOKUP(A33,liste_groupe[],4,FALSE)," : ",ROUND(K33,0),"%"),CONCATENATE(VLOOKUP(A33,liste_groupe[],5,FALSE)," : ",ROUND(K33,0),"%")) -> Fadrozole-0.08µg/L : 0%
A34: ='Page de garde'!A41 -> Fadrozole-0.4µg/L + Testostérone | F34: =HLOOKUP(A34,'pooled normalised values'!$B$74:$V$83,10,FALSE) -> ns | G34: =IF(F34="NS","NC",ROUND(B34-$B$29,2-(1+INT(LOG10(ABS(B34-$B$29)))))) -> NC | H34: =IF(VLOOKUP(A34,liste_groupe[],4,FALSE)="%",VLOOKUP(A34,liste_groupe[],3,FALSE)/100,IF(ISBLANK(VLOOKUP(A34,liste_groupe[],4,FALSE)),"Non","Non")) -> Non | I34: =IF(F34="NS","NC",IF(H34="Non",G34,G34*(1/H34))) -> NC | J34: =IF(G34<0,$G$31,$G$30) -> #NUM! | K34: =IF(F34="NS",0,IF(I34<0,-ROUND(I34/J34*100,0),ROUND(I34/J34*100,0))) -> 0 | M34: =IF(I34<0,IF(K34<-100,-125,K34),IF(K34>100,125,K34)) -> 0 | N34: =IF(H34="Non",CONCATENATE(VLOOKUP(A34,liste_groupe[],5,FALSE),"-",VLOOKUP(A34,liste_groupe[],3,FALSE),VLOOKUP(A34,liste_groupe[],4,FALSE)," : ",ROUND(K34,0),"%"),CONCATENATE(VLOOKUP(A34,liste_groupe[],5,FALSE)," : ",ROUND(K34,0),"%")) -> Fadrozole-0.4µg/L : 0%
A35: ='Page de garde'!A42 -> Fadrozole-2µg/L + Testostérone | F35: =HLOOKUP(A35,'pooled normalised values'!$B$74:$V$83,10,FALSE) -> ns | G35: =IF(F35="NS","NC",ROUND(B35-$B$29,2-(1+INT(LOG10(ABS(B35-$B$29)))))) -> NC | H35: =IF(VLOOKUP(A35,liste_groupe[],4,FALSE)="%",VLOOKUP(A35,liste_groupe[],3,FALSE)/100,IF(ISBLANK(VLOOKUP(A35,liste_groupe[],4,FALSE)),"Non","Non")) -> Non | I35: =IF(F35="NS","NC",IF(H35="Non",G35,G35*(1/H35))) -> NC | J35: =IF(G35<0,$G$31,$G$30) -> #NUM! | K35: =IF(F35="NS",0,IF(I35<0,-ROUND(I35/J35*100,0),ROUND(I35/J35*100,0))) -> 0 | M35: =IF(I35<0,IF(K35<-100,-125,K35),IF(K35>100,125,K35)) -> 0 | N35: =IF(H35="Non",CONCATENATE(VLOOKUP(A35,liste_groupe[],5,FALSE),"-",VLOOKUP(A35,liste_groupe[],3,FALSE),VLOOKUP(A35,liste_groupe[],4,FALSE)," : ",ROUND(K35,0),"%"),CONCATENATE(VLOOKUP(A35,liste_groupe[],5,FALSE)," : ",ROUND(K35,0),"%")) -> Fadrozole-2µg/L : 0%
A36: ='Page de garde'!A43 -> Fadrozole-10 µg/L + Testostérone | F36: =HLOOKUP(A36,'pooled normalised values'!$B$74:$V$83,10,FALSE) -> ** | G36: =IF(F36="NS","NC",ROUND(B36-$B$29,2-(1+INT(LOG10(ABS(B36-$B$29)))))) -> #NUM! | H36: =IF(VLOOKUP(A36,liste_groupe[],4,FALSE)="%",VLOOKUP(A36,liste_groupe[],3,FALSE)/100,IF(ISBLANK(VLOOKUP(A36,liste_groupe[],4,FALSE)),"Non","Non")) -> Non | I36: =IF(F36="NS","NC",IF(H36="Non",G36,G36*(1/H36))) -> #NUM! | J36: =IF(G36<0,$G$31,$G$30) -> #NUM! | K36: =IF(F36="NS",0,IF(I36<0,-ROUND(I36/J36*100,0),ROUND(I36/J36*100,0))) -> #NUM! | M36: =IF(I36<0,IF(K36<-100,-125,K36),IF(K36>100,125,K36)) -> #NUM! | N36: =IF(H36="Non",CONCATENATE(VLOOKUP(A36,liste_groupe[],5,FALSE),"-",VLOOKUP(A36,liste_groupe[],3,FALSE),VLOOKUP(A36,liste_groupe[],4,FALSE)," : ",ROUND(K36,0),"%"),CONCATENATE(VLOOKUP(A36,liste_groupe[],5,FALSE)," : ",ROUND(K36,0),"%")) -> #NUM!
A37: ='Page de garde'!A44 -> 0-00 + Testostérone | F37: =HLOOKUP(A37,'pooled normalised values'!$B$74:$V$83,10,FALSE) -> #N/A | G37: =IF(F37="NS","NC",ROUND(B37-$B$29,2-(1+INT(LOG10(ABS(B37-$B$29)))))) -> #N/A | H37: =IF(VLOOKUP(A37,liste_groupe[],4,FALSE)="%",VLOOKUP(A37,liste_groupe[],3,FALSE)/100,IF(ISBLANK(VLOOKUP(A37,liste_groupe[],4,FALSE)),"Non","Non")) -> Non | I37: =IF(F37="NS","NC",IF(H37="Non",G37,G37*(1/H37))) -> #N/A | J37: =IF(G37<0,$G$31,$G$30) -> #N/A | K37: =IF(F37="NS",0,IF(I37<0,-ROUND(I37/J37*100,0),ROUND(I37/J37*100,0))) -> #N/A | M37: =IF(I37<0,IF(K37<-100,-125,K37),IF(K37>100,125,K37)) -> #N/A | N37: =IF(H37="Non",CONCATENATE(VLOOKUP(A37,liste_groupe[],5,FALSE),"-",VLOOKUP(A37,liste_groupe[],3,FALSE),VLOOKUP(A37,liste_groupe[],4,FALSE)," : ",ROUND(K37,0),"%"),CONCATENATE(VLOOKUP(A37,liste_groupe[],5,FALSE)," : ",ROUND(K37,0),"%")) -> #N/A
A38: ='Page de garde'!A45 -> 0-00 + Testostérone | F38: =HLOOKUP(A38,'pooled normalised values'!$B$74:$V$83,10,FALSE) -> #N/A | G38: =IF(F38="NS","NC",ROUND(B38-$B$29,2-(1+INT(LOG10(ABS(B38-$B$29)))))) -> #N/A | H38: =IF(VLOOKUP(A38,liste_groupe[],4,FALSE)="%",VLOOKUP(A38,liste_groupe[],3,FALSE)/100,IF(ISBLANK(VLOOKUP(A38,liste_groupe[],4,FALSE)),"Non","Non")) -> Non | I38: =IF(F38="NS","NC",IF(H38="Non",G38,G38*(1/H38))) -> #N/A | J38: =IF(G38<0,$G$31,$G$30) -> #N/A | K38: =IF(F38="NS",0,IF(I38<0,-ROUND(I38/J38*100,0),ROUND(I38/J38*100,0))) -> #N/A | M38: =IF(I38<0,IF(K38<-100,-125,K38),IF(K38>100,125,K38)) -> #N/A | N38: =IF(H38="Non",CONCATENATE(VLOOKUP(A38,liste_groupe[],5,FALSE),"-",VLOOKUP(A38,liste_groupe[],3,FALSE),VLOOKUP(A38,liste_groupe[],4,FALSE)," : ",ROUND(K38,0),"%"),CONCATENATE(VLOOKUP(A38,liste_groupe[],5,FALSE)," : ",ROUND(K38,0),"%")) -> #N/A
A39: ='Page de garde'!A46 -> 0-00 + Testostérone | F39: =HLOOKUP(A39,'pooled normalised values'!$B$74:$V$83,10,FALSE) -> #N/A | G39: =IF(F39="NS","NC",ROUND(B39-$B$29,2-(1+INT(LOG10(ABS(B39-$B$29)))))) -> #N/A | H39: =IF(VLOOKUP(A39,liste_groupe[],4,FALSE)="%",VLOOKUP(A39,liste_groupe[],3,FALSE)/100,IF(ISBLANK(VLOOKUP(A39,liste_groupe[],4,FALSE)),"Non","Non")) -> Non | I39: =IF(F39="NS","NC",IF(H39="Non",G39,G39*(1/H39))) -> #N/A | J39: =IF(G39<0,$G$31,$G$30) -> #N/A | K39: =IF(F39="NS",0,IF(I39<0,-ROUND(I39/J39*100,0),ROUND(I39/J39*100,0))) -> #N/A | M39: =IF(I39<0,IF(K39<-100,-125,K39),IF(K39>100,125,K39)) -> #N/A | N39: =IF(H39="Non",CONCATENATE(VLOOKUP(A39,liste_groupe[],5,FALSE),"-",VLOOKUP(A39,liste_groupe[],3,FALSE),VLOOKUP(A39,liste_groupe[],4,FALSE)," : ",ROUND(K39,0),"%"),CONCATENATE(VLOOKUP(A39,liste_groupe[],5,FALSE)," : ",ROUND(K39,0),"%")) -> #N/A
A40: ='Page de garde'!A47 -> 0-00 + Testostérone | F40: =HLOOKUP(A40,'pooled normalised values'!$B$74:$V$83,10,FALSE) -> #N/A | G40: =IF(F40="NS","NC",ROUND(B40-$B$29,2-(1+INT(LOG10(ABS(B40-$B$29)))))) -> #N/A | H40: =IF(VLOOKUP(A40,liste_groupe[],4,FALSE)="%",VLOOKUP(A40,liste_groupe[],3,FALSE)/100,IF(ISBLANK(VLOOKUP(A40,liste_groupe[],4,FALSE)),"Non","Non")) -> Non | I40: =IF(F40="NS","NC",IF(H40="Non",G40,G40*(1/H40))) -> #N/A | J40: =IF(G40<0,$G$31,$G$30) -> #N/A | K40: =IF(F40="NS",0,IF(I40<0,-ROUND(I40/J40*100,0),ROUND(I40/J40*100,0))) -> #N/A | M40: =IF(I40<0,IF(K40<-100,-125,K40),IF(K40>100,125,K40)) -> #N/A | N40: =IF(H40="Non",CONCATENATE(VLOOKUP(A40,liste_groupe[],5,FALSE),"-",VLOOKUP(A40,liste_groupe[],3,FALSE),VLOOKUP(A40,liste_groupe[],4,FALSE)," : ",ROUND(K40,0),"%"),CONCATENATE(VLOOKUP(A40,liste_groupe[],5,FALSE)," : ",ROUND(K40,0),"%")) -> #N/A
A41: ='Page de garde'!A48 -> 0-00 + Testostérone | F41: =HLOOKUP(A41,'pooled normalised values'!$B$74:$V$83,10,FALSE) -> #N/A | G41: =IF(F41="NS","NC",ROUND(B41-$B$29,2-(1+INT(LOG10(ABS(B41-$B$29)))))) -> #N/A | H41: =IF(VLOOKUP(A41,liste_groupe[],4,FALSE)="%",VLOOKUP(A41,liste_groupe[],3,FALSE)/100,IF(ISBLANK(VLOOKUP(A41,liste_groupe[],4,FALSE)),"Non","Non")) -> Non | I41: =IF(F41="NS","NC",IF(H41="Non",G41,G41*(1/H41))) -> #N/A | J41: =IF(G41<0,$G$31,$G$30) -> #N/A | K41: =IF(F41="NS",0,IF(I41<0,-ROUND(I41/J41*100,0),ROUND(I41/J41*100,0))) -> #N/A | M41: =IF(I41<0,IF(K41<-100,-125,K41),IF(K41>100,125,K41)) -> #N/A | N41: =IF(H41="Non",CONCATENATE(VLOOKUP(A41,liste_groupe[],5,FALSE),"-",VLOOKUP(A41,liste_groupe[],3,FALSE),VLOOKUP(A41,liste_groupe[],4,FALSE)," : ",ROUND(K41,0),"%"),CONCATENATE(VLOOKUP(A41,liste_groupe[],5,FALSE)," : ",ROUND(K41,0),"%")) -> #N/A
A42: ='Page de garde'!A49 -> 0-00 + Testostérone | F42: =HLOOKUP(A42,'pooled normalised values'!$B$74:$V$83,10,FALSE) -> #N/A | G42: =IF(F42="NS","NC",ROUND(B42-$B$29,2-(1+INT(LOG10(ABS(B42-$B$29)))))) -> #N/A | H42: =IF(VLOOKUP(A42,liste_groupe[],4,FALSE)="%",VLOOKUP(A42,liste_groupe[],3,FALSE)/100,IF(ISBLANK(VLOOKUP(A42,liste_groupe[],4,FALSE)),"Non","Non")) -> Non | I42: =IF(F42="NS","NC",IF(H42="Non",G42,G42*(1/H42))) -> #N/A | J42: =IF(G42<0,$G$31,$G$30) -> #N/A | K42: =IF(F42="NS",0,IF(I42<0,-ROUND(I42/J42*100,0),ROUND(I42/J42*100,0))) -> #N/A | M42: =IF(I42<0,IF(K42<-100,-125,K42),IF(K42>100,125,K42)) -> #N/A | N42: =IF(H42="Non",CONCATENATE(VLOOKUP(A42,liste_groupe[],5,FALSE),"-",VLOOKUP(A42,liste_groupe[],3,FALSE),VLOOKUP(A42,liste_groupe[],4,FALSE)," : ",ROUND(K42,0),"%"),CONCATENATE(VLOOKUP(A42,liste_groupe[],5,FALSE)," : ",ROUND(K42,0),"%")) -> #N/A
A43: ='Page de garde'!A50 -> 0-00 + Testostérone | F43: =HLOOKUP(A43,'pooled normalised values'!$B$74:$V$83,10,FALSE) -> #N/A | G43: =IF(F43="NS","NC",ROUND(B43-$B$29,2-(1+INT(LOG10(ABS(B43-$B$29)))))) -> #N/A | H43: =IF(VLOOKUP(A43,liste_groupe[],4,FALSE)="%",VLOOKUP(A43,liste_groupe[],3,FALSE)/100,IF(ISBLANK(VLOOKUP(A43,liste_groupe[],4,FALSE)),"Non","Non")) -> Non | I43: =IF(F43="NS","NC",IF(H43="Non",G43,G43*(1/H43))) -> #N/A | J43: =IF(G43<0,$G$31,$G$30) -> #N/A | K43: =IF(F43="NS",0,IF(I43<0,-ROUND(I43/J43*100,0),ROUND(I43/J43*100,0))) -> #N/A | M43: =IF(I43<0,IF(K43<-100,-125,K43),IF(K43>100,125,K43)) -> #N/A | N43: =IF(H43="Non",CONCATENATE(VLOOKUP(A43,liste_groupe[],5,FALSE),"-",VLOOKUP(A43,liste_groupe[],3,FALSE),VLOOKUP(A43,liste_groupe[],4,FALSE)," : ",ROUND(K43,0),"%"),CONCATENATE(VLOOKUP(A43,liste_groupe[],5,FALSE)," : ",ROUND(K43,0),"%")) -> #N/A
A44: ='Page de garde'!A51 -> 0-00 + Testostérone | F44: =HLOOKUP(A44,'pooled normalised values'!$B$74:$V$83,10,FALSE) -> #N/A | G44: =IF(F44="NS","NC",ROUND(B44-$B$29,2-(1+INT(LOG10(ABS(B44-$B$29)))))) -> #N/A | H44: =IF(VLOOKUP(A44,liste_groupe[],4,FALSE)="%",VLOOKUP(A44,liste_groupe[],3,FALSE)/100,IF(ISBLANK(VLOOKUP(A44,liste_groupe[],4,FALSE)),"Non","Non")) -> Non | I44: =IF(F44="NS","NC",IF(H44="Non",G44,G44*(1/H44))) -> #N/A | J44: =IF(G44<0,$G$31,$G$30) -> #N/A | K44: =IF(F44="NS",0,IF(I44<0,-ROUND(I44/J44*100,0),ROUND(I44/J44*100,0))) -> #N/A | M44: =IF(I44<0,IF(K44<-100,-125,K44),IF(K44>100,125,K44)) -> #N/A | N44: =IF(H44="Non",CONCATENATE(VLOOKUP(A44,liste_groupe[],5,FALSE),"-",VLOOKUP(A44,liste_groupe[],3,FALSE),VLOOKUP(A44,liste_groupe[],4,FALSE)," : ",ROUND(K44,0),"%"),CONCATENATE(VLOOKUP(A44,liste_groupe[],5,FALSE)," : ",ROUND(K44,0),"%")) -> #N/A
... A51: ='Page de garde'!A58 -> 0-00 + Testostérone | F51: =HLOOKUP(A51,'pooled normalised values'!$B$74:$V$83,10,FALSE) -> #N/A | G51: =IF(F51="NS","NC",ROUND(B51-$B$29,2-(1+INT(LOG10(ABS(B51-$B$29)))))) -> #N/A | H51: =IF(VLOOKUP(A51,liste_groupe[],4,FALSE)="%",VLOOKUP(A51,liste_groupe[],3,FALSE)/100,IF(ISBLANK(VLOOKUP(A51,liste_groupe[],4,FALSE)),"Non","Non")) -> Non | I51: =IF(F51="NS","NC",IF(H51="Non",G51,G51*(1/H51))) -> #N/A | J51: =IF(G51<0,$G$31,$G$30) -> #N/A | K51: =IF(F51="NS",0,IF(I51<0,-ROUND(I51/J51*100,0),ROUND(I51/J51*100,0))) -> #N/A | M51: =IF(I51<0,IF(K51<-100,-125,K51),IF(K51>100,125,K51)) -> #N/A | N51: =IF(H51="Non",CONCATENATE(VLOOKUP(A51,liste_groupe[],5,FALSE),"-",VLOOKUP(A51,liste_groupe[],3,FALSE),VLOOKUP(A51,liste_groupe[],4,FALSE)," : ",ROUND(K51,0),"%"),CONCATENATE(VLOOKUP(A51,liste_groupe[],5,FALSE)," : ",ROUND(K51,0),"%")) -> #N/A
A53: 18. Expérimentateur 2 : transmission des résultats avec le SQ rempli au responsable du laboratoire.

Sheet Notice
A1: Description | B1: Problème | C1: EqH RAPPORT | D1: % atteinte du seuil RAPPORT | E1: Valeur échelle sur graphique RAPPORT | F1: EqH BASE DE DONNEES | G1: % BASE DE DONNEES
A2: Diminution de fluo en non dopé | B2: Impossible de calculer un EQH et pas de seuil déterminé donc impossible d'évaluer si l'échantillon dépasse un seuil | C2: Non calculable | D2: Mettre le % de variation de fluo avec un renvoi: "*: variation de fluorescence non-calibrée" | E2: % de variation de fluo | F2: Non calculable | G2: Non calculable

Sheet Graph format rapport CHG
A2: Evian | B2: ='pooled normalised values'!B75 -> 0.043711827 | D2: Etiquettes | F2: ='pooled normalised values'!J74 -> Fadrozole-0.08µg/L | G2: ='pooled normalised values'!K74 -> Fadrozole-0.4µg/L | H2: ='pooled normalised values'!L74 -> Fadrozole-2µg/L | I2: ='pooled normalised values'!M74 -> Fadrozole-10 µg/L | J2: ='pooled normalised values'!#REF! -> #REF! | K2: ='pooled normalised values'!#REF! -> #REF! | L2: ='pooled normalised values'!#REF! -> #REF! | M2: ='pooled normalised values'!#REF! -> #REF! | N2: ='pooled normalised values'!#REF! -> #REF! | O2: ='pooled normalised values'!#REF! -> #REF! | P2: ='pooled normalised values'!#REF! -> #REF! | Q2: ='pooled normalised values'!#REF! -> #REF! | ... S2: ='pooled normalised values'!#REF! -> #REF! | V2: ='pooled normalised values'!R74 -> Fadrozole-0.016µg/L + Testostérone | W2: ='pooled normalised values'!S74 -> Fadrozole-0.08µg/L + Testostérone | X2: ='pooled normalised values'!T74 -> Fadrozole-0.4µg/L + Testostérone | Y2: ='pooled normalised values'!U74 -> Fadrozole-2µg/L + Testostérone | Z2: ='pooled normalised values'!V74 -> Fadrozole-10 µg/L + Testostérone | AA2: ='pooled normalised values'!#REF! -> #REF! | AB2: ='pooled normalised values'!#REF! -> #REF! | AC2: ='pooled normalised values'!#REF! -> #REF! | AD2: ='pooled normalised values'!#REF! -> #REF! | AE2: ='pooled normalised values'!#REF! -> #REF! | AF2: ='pooled normalised values'!#REF! -> #REF! | AG2: ='pooled normalised values'!#REF! -> #REF! | AH2: ='pooled normalised values'!#REF! -> #REF! | AI2: ='pooled normalised values'!#REF! -> #REF! | AK2: Etiquettes
