Workbook

Sheet Page de garde
A1: 1. Expérimentateur 1 : copier et coller le n° de prestation et renseigner la date de réalisation de chaque réplica ainsi que le visa de l'expérimentateur.
A2: R1 | B2: Numéro d'expérience : | E2: Date de réalisation :
A3: R2 | B3: Numéro d'expérience : | E3: Date de réalisation :
A4: R3 | B4: Numéro d'expérience : | E4: Date de réalisation :
A5: 2. Expérimentateur 1 : copier et coller la dilution appliquée et le nom donné pour chaque des échantillons par le client. Conserver la mise en forme de l'exemple en italique. Ne pas remplir la colonne "nom sur graphique".
A6: Nom sur le graphique | B6: Code WF | C6: Concentration | D6: Unité | E6: Nom de l'échantillon donné par le client | F6: Dopage (+Testostérone / + EE2, ….)
A7: =IF(ISBLANK(liste_groupe[[#This Row],[Code WF]])," ",IF(ISBLANK(liste_groupe[[#This Row],[Unité]]),CONCATENATE(liste_groupe[[#This Row],[Nom de l''échantillon donné par le client]],liste_groupe[[#This Row],[Dopage (+Testostérone / + EE2, ….)]]),CONCATENATE(liste_groupe[[#This Row],[Nom de l''échantillon donné par le client]],"-",liste_groupe[[#This Row],[Concentration]],liste_groupe[[#This Row],[Unité]],liste_groupe[[#This Row],[Dopage (+Testostérone / + EE2, ….)]]))) -> Témoin solvant | B7: Témoin | E7: Témoin solvant
A8: =IF(ISBLANK(liste_groupe[[#This Row],[Code WF]])," ",IF(ISBLANK(liste_groupe[[#This Row],[Unité]]),CONCATENATE(liste_groupe[[#This Row],[Nom de l''échantillon donné par le client]],liste_groupe[[#This Row],[Dopage (+Testostérone / + EE2, ….)]]),CONCATENATE(liste_groupe[[#This Row],[Nom de l''échantillon donné par le client]],"-",liste_groupe[[#This Row],[Concentration]],liste_groupe[[#This Row],[Unité]],liste_groupe[[#This Row],[Dopage (+Testostérone / + EE2, ….)]]))) -> EE2-22.5ng/L | B8: Témoin | C8: 22.5 | D8: ng/L | E8: EE2
A9: =IF(ISBLANK(liste_groupe[[#This Row],[Code WF]])," ",IF(ISBLANK(liste_groupe[[#This Row],[Unité]]),CONCATENATE(liste_groupe[[#This Row],[Nom de l''échantillon donné par le client]],liste_groupe[[#This Row],[Dopage (+Testostérone / + EE2, ….)]]),CONCATENATE(liste_groupe[[#This Row],[Nom de l''échantillon donné par le client]],"-",liste_groupe[[#This Row],[Concentration]],liste_groupe[[#This Row],[Unité]],liste_groupe[[#This Row],[Dopage (+Testostérone / + EE2, ….)]]))) -> EE2-33.8ng/L | B9: Témoin | C9: 33.8 | D9: ng/L | E9: EE2
A10: =IF(ISBLANK(liste_groupe[[#This Row],[Code WF]])," ",IF(ISBLANK(liste_groupe[[#This Row],[Unité]]),CONCATENATE(liste_groupe[[#This Row],[Nom de l''échantillon donné par le client]],liste_groupe[[#This Row],[Dopage (+Testostérone / + EE2, ….)]]),CONCATENATE(liste_groupe[[#This Row],[Nom de l''échantillon donné par le client]],"-",liste_groupe[[#This Row],[Concentration]],liste_groupe[[#This Row],[Unité]],liste_groupe[[#This Row],[Dopage (+Testostérone / + EE2, ….)]]))) -> EE2-50.6ng/L | B10: Témoin | C10: 50.6 | D10: ng/L | E10: EE2
A11: =IF(ISBLANK(liste_groupe[[#This Row],[Code WF]])," ",IF(ISBLANK(liste_groupe[[#This Row],[Unité]]),CONCATENATE(liste_groupe[[#This Row],[Nom de l''échantillon donné par le client]],liste_groupe[[#This Row],[Dopage (+Testostérone / + EE2, ….)]]),CONCATENATE(liste_groupe[[#This Row],[Nom de l''échantillon donné par le client]],"-",liste_groupe[[#This Row],[Concentration]],liste_groupe[[#This Row],[Unité]],liste_groupe[[#This Row],[Dopage (+Testostérone / + EE2, ….)]]))) -> EE2-76ng/L | B11: Témoin | C11: 76 | D11: ng/L | E11: EE2
A12: =IF(ISBLANK(liste_groupe[[#This Row],[Code WF]])," ",IF(ISBLANK(liste_groupe[[#This Row],[Unité]]),CONCATENATE(liste_groupe[[#This Row],[Nom de l''échantillon donné par le client]],liste_groupe[[#This Row],[Dopage (+Testostérone / + EE2, ….)]]),CONCATENATE(liste_groupe[[#This Row],[Nom de l''échantillon donné par le client]],"-",liste_groupe[[#This Row],[Concentration]],liste_groupe[[#This Row],[Unité]],liste_groupe[[#This Row],[Dopage (+Testostérone / + EE2, ….)]]))) -> EE2-114ng/L | B12: Témoin | C12: 114 | D12: ng/L | E12: EE2
A13: =IF(ISBLANK(liste_groupe[[#This Row],[Code WF]])," ",IF(ISBLANK(liste_groupe[[#This Row],[Unité]]),CONCATENATE(liste_groupe[[#This Row],[Nom de l''échantillon donné par le client]],liste_groupe[[#This Row],[Dopage (+Testostérone / + EE2, ….)]]),CONCATENATE(liste_groupe[[#This Row],[Nom de l''échantillon donné par le client]],"-",liste_groupe[[#This Row],[Concentration]],liste_groupe[[#This Row],[Unité]],liste_groupe[[#This Row],[Dopage (+Testostérone / + EE2, ….)]]))) -> EE2-170.9ng/L | B13: Témoin | C13: 170.9 | D13: ng/L | E13: EE2
A14: =IF(ISBLANK(liste_groupe[[#This Row],[Code WF]])," ",IF(ISBLANK(liste_groupe[[#This Row],[Unité]]),CONCATENATE(liste_groupe[[#This Row],[Nom de l''échantillon donné par le client]],liste_groupe[[#This Row],[Dopage (+Testostérone / + EE2, ….)]]),CONCATENATE(liste_groupe[[#This Row],[Nom de l''échantillon donné par le client]],"-",liste_groupe[[#This Row],[Concentration]],liste_groupe[[#This Row],[Unité]],liste_groupe[[#This Row],[Dopage (+Testostérone / + EE2, ….)]]))) -> EE2-488ng/L | B14: Témoin | C14: 488 | D14: ng/L | E14: EE2
A15: =IF(ISBLANK(liste_groupe[[#This Row],[Code WF]])," ",IF(ISBLANK(liste_groupe[[#This Row],[Unité]]),CONCATENATE(liste_groupe[[#This Row],[Nom de l''échantillon donné par le client]],liste_groupe[[#This Row],[Dopage (+Testostérone / + EE2, ….)]]),CONCATENATE(liste_groupe[[#This Row],[Nom de l''échantillon donné par le client]],"-",liste_groupe[[#This Row],[Concentration]],liste_groupe[[#This Row],[Unité]],liste_groupe[[#This Row],[Dopage (+Testostérone / + EE2, ….)]]))) -> Prochloraz-0.063mg/L | B15: Test | C15: 0.063 | D15: mg/L | E15: Prochloraz
A16: =IF(ISBLANK(liste_groupe[[#This Row],[Code WF]])," ",IF(ISBLANK(liste_groupe[[#This Row],[Unité]]),CONCATENATE(liste_groupe[[#This Row],[Nom de l''échantillon donné par le client]],liste_groupe[[#This Row],[Dopage (+Testostérone / + EE2, ….)]]),CONCATENATE(liste_groupe[[#This Row],[Nom de l''échantillon donné par le client]],"-",liste_groupe[[#This Row],[Concentration]],liste_groupe[[#This Row],[Unité]],liste_groupe[[#This Row],[Dopage (+Testostérone / + EE2, ….)]]))) -> Prochloraz-0.13mg/L | B16: Test | C16: 0.13 | D16: mg/L | E16: Prochloraz
A17: =IF(ISBLANK(liste_groupe[[#This Row],[Code WF]])," ",IF(ISBLANK(liste_groupe[[#This Row],[Unité]]),CONCATENATE(liste_groupe[[#This Row],[Nom de l''échantillon donné par le client]],liste_groupe[[#This Row],[Dopage (+Testostérone / + EE2, ….)]]),CONCATENATE(liste_groupe[[#This Row],[Nom de l''échantillon donné par le client]],"-",liste_groupe[[#This Row],[Concentration]],liste_groupe[[#This Row],[Unité]],liste_groupe[[#This Row],[Dopage (+Testostérone / + EE2, ….)]]))) -> Prochloraz-0.25mg/L | B17: Test | C17: 0.25 | D17: mg/L | E17: Prochloraz
A18: =IF(ISBLANK(liste_groupe[[#This Row],[Code WF]])," ",IF(ISBLANK(liste_groupe[[#This Row],[Unité]]),CONCATENATE(liste_groupe[[#This Row],[Nom de l''échantillon donné par le client]],liste_groupe[[#This Row],[Dopage (+Testostérone / + EE2, ….)]]),CONCATENATE(liste_groupe[[#This Row],[Nom de l''échantillon donné par le client]],"-",liste_groupe[[#This Row],[Concentration]],liste_groupe[[#This Row],[Unité]],liste_groupe[[#This Row],[Dopage (+Testostérone / + EE2, ….)]]))) -> Prochloraz-0.5mg/L | B18: Test | C18: 0.5 | D18: mg/L | E18: Prochloraz
A19: =IF(ISBLANK(liste_groupe[[#This Row],[Code WF]])," ",IF(ISBLANK(liste_groupe[[#This Row],[Unité]]),CONCATENATE(liste_groupe[[#This Row],[Nom de l''échantillon donné par le client]],liste_groupe[[#This Row],[Dopage (+Testostérone / + EE2, ….)]]),CONCATENATE(liste_groupe[[#This Row],[Nom de l''échantillon donné par le client]],"-",liste_groupe[[#This Row],[Concentration]],liste_groupe[[#This Row],[Unité]],liste_groupe[[#This Row],[Dopage (+Testostérone / + EE2, ….)]]))) -> Prochloraz-1mg/L | B19: Test | C19: 1 | D19: mg/L | E19: Prochloraz
A20: =IF(ISBLANK(liste_groupe[[#This Row],[Code WF]])," ",IF(ISBLANK(liste_groupe[[#This Row],[Unité]]),CONCATENATE(liste_groupe[[#This Row],[Nom de l''échantillon donné par le client]],liste_groupe[[#This Row],[Dopage (+Testostérone / + EE2, ….)]]),CONCATENATE(liste_groupe[[#This Row],[Nom de l''échantillon donné par le client]],"-",liste_groupe[[#This Row],[Concentration]],liste_groupe[[#This Row],[Unité]],liste_groupe[[#This Row],[Dopage (+Testostérone / + EE2, ….)]])))
A21: =IF(ISBLANK(liste_groupe[[#This Row],[Code WF]])," ",IF(ISBLANK(liste_groupe[[#This Row],[Unité]]),CONCATENATE(liste_groupe[[#This Row],[Nom de l''échantillon donné par le client]],liste_groupe[[#This Row],[Dopage (+Testostérone / + EE2, ….)]]),CONCATENATE(liste_groupe[[#This Row],[Nom de l''échantillon donné par le client]],"-",liste_groupe[[#This Row],[Concentration]],liste_groupe[[#This Row],[Unité]],liste_groupe[[#This Row],[Dopage (+Testostérone / + EE2, ….)]])))
A22: =IF(ISBLANK(liste_groupe[[#This Row],[Code WF]])," ",IF(ISBLANK(liste_groupe[[#This Row],[Unité]]),CONCATENATE(liste_groupe[[#This Row],[Nom de l''échantillon donné par le client]],liste_groupe[[#This Row],[Dopage (+Testostérone / + EE2, ….)]]),CONCATENATE(liste_groupe[[#This Row],[Nom de l''échantillon donné par le client]],"-",liste_groupe[[#This Row],[Concentration]],liste_groupe[[#This Row],[Unité]],liste_groupe[[#This Row],[Dopage (+Testostérone / + EE2, ….)]])))
A23: =IF(ISBLANK(liste_groupe[[#This Row],[Code WF]])," ",IF(ISBLANK(liste_groupe[[#This Row],[Unité]]),CONCATENATE(liste_groupe[[#This Row],[Nom de l''échantillon donné par le client]],liste_groupe[[#This Row],[Dopage (+Testostérone / + EE2, ….)]]),CONCATENATE(liste_groupe[[#This Row],[Nom de l''échantillon donné par le client]],"-",liste_groupe[[#This Row],[Concentration]],liste_groupe[[#This Row],[Unité]],liste_groupe[[#This Row],[Dopage (+Testostérone / + EE2, ….)]])))
A24: =IF(ISBLANK(liste_groupe[[#This Row],[Code WF]])," ",IF(ISBLANK(liste_groupe[[#This Row],[Unité]]),CONCATENATE(liste_groupe[[#This Row],[Nom de l''échantillon donné par le client]],liste_groupe[[#This Row],[Dopage (+Testostérone / + EE2, ….)]]),CONCATENATE(liste_groupe[[#This Row],[Nom de l''échantillon donné par le client]],"-",liste_groupe[[#This Row],[Concentration]],liste_groupe[[#This Row],[Unité]],liste_groupe[[#This Row],[Dopage (+Testostérone / + EE2, ….)]])))
A25: =IF(ISBLANK(liste_groupe[[#This Row],[Code WF]])," ",IF(ISBLANK(liste_groupe[[#This Row],[Unité]]),CONCATENATE(liste_groupe[[#This Row],[Nom de l''échantillon donné par le client]],liste_groupe[[#This Row],[Dopage (+Testostérone / + EE2, ….)]]),CONCATENATE(liste_groupe[[#This Row],[Nom de l''échantillon donné par le client]],"-",liste_groupe[[#This Row],[Concentration]],liste_groupe[[#This Row],[Unité]],liste_groupe[[#This Row],[Dopage (+Testostérone / + EE2, ….)]])))
A26: =IF(ISBLANK(liste_groupe[[#This Row],[Code WF]])," ",IF(ISBLANK(liste_groupe[[#This Row],[Unité]]),CONCATENATE(liste_groupe[[#This Row],[Nom de l''échantillon donné par le client]],liste_groupe[[#This Row],[Dopage (+Testostérone / + EE2, ….)]]),CONCATENATE(liste_groupe[[#This Row],[Nom de l''échantillon donné par le client]],"-",liste_groupe[[#This Row],[Concentration]],liste_groupe[[#This Row],[Unité]],liste_groupe[[#This Row],[Dopage (+Testostérone / + EE2, ….)]])))
A27: =IF(ISBLANK(liste_groupe[[#This Row],[Code WF]])," ",IF(ISBLANK(liste_groupe[[#This Row],[Unité]]),CONCATENATE(liste_groupe[[#This Row],[Nom de l''échantillon donné par le client]],liste_groupe[[#This Row],[Dopage (+Testostérone / + EE2, ….)]]),CONCATENATE(liste_groupe[[#This Row],[Nom de l''échantillon donné par le client]],"-",liste_groupe[[#This Row],[Concentration]],liste_groupe[[#This Row],[Unité]],liste_groupe[[#This Row],[Dopage (+Testostérone / + EE2, ….)]])))
A28: =IF(ISBLANK(liste_groupe[[#This Row],[Code WF]])," ",IF(ISBLANK(liste_groupe[[#This Row],[Unité]]),CONCATENATE(liste_groupe[[#This Row],[Nom de l''échantillon donné par le client]],liste_groupe[[#This Row],[Dopage (+Testostérone / + EE2, ….)]]),CONCATENATE(liste_groupe[[#This Row],[Nom de l''échantillon donné par le client]],"-",liste_groupe[[#This Row],[Concentration]],liste_groupe[[#This Row],[Unité]],liste_groupe[[#This Row],[Dopage (+Testostérone / + EE2, ….)]])))
A29: =IF(ISBLANK(liste_groupe[[#This Row],[Code WF]])," ",IF(ISBLANK(liste_groupe[[#This Row],[Unité]]),CONCATENATE(liste_groupe[[#This Row],[Nom de l''échantillon donné par le client]],liste_groupe[[#This Row],[Dopage (+Testostérone / + EE2, ….)]]),CONCATENATE(liste_groupe[[#This Row],[Nom de l''échantillon donné par le client]],"-",liste_groupe[[#This Row],[Concentration]],liste_groupe[[#This Row],[Unité]],liste_groupe[[#This Row],[Dopage (+Testostérone / + EE2, ….)]])))
A30: =IF(ISBLANK(liste_groupe[[#This Row],[Code WF]])," ",IF(ISBLANK(liste_groupe[[#This Row],[Unité]]),CONCATENATE(liste_groupe[[#This Row],[Nom de l''échantillon donné par le client]],liste_groupe[[#This Row],[Dopage (+Testostérone / + EE2, ….)]]),CONCATENATE(liste_groupe[[#This Row],[Nom de l''échantillon donné par le client]],"-",liste_groupe[[#This Row],[Concentration]],liste_groupe[[#This Row],[Unité]],liste_groupe[[#This Row],[Dopage (+Testostérone / + EE2, ….)]])))
A31: =IF(ISBLANK(liste_groupe[[#This Row],[Code WF]])," ",IF(ISBLANK(liste_groupe[[#This Row],[Unité]]),CONCATENATE(liste_groupe[[#This Row],[Nom de l''échantillon donné par le client]],liste_groupe[[#This Row],[Dopage (+Testostérone / + EE2, ….)]]),CONCATENATE(liste_groupe[[#This Row],[Nom de l''échantillon donné par le client]],"-",liste_groupe[[#This Row],[Concentration]],liste_groupe[[#This Row],[Unité]],liste_groupe[[#This Row],[Dopage (+Testostérone / + EE2, ….)]])))
... A35: =IF(ISBLANK(liste_groupe[[#This Row],[Code WF]])," ",IF(ISBLANK(liste_groupe[[#This Row],[Unité]]),CONCATENATE(liste_groupe[[#This Row],[Nom de l''échantillon donné par le client]],liste_groupe[[#This Row],[Dopage (+Testostérone / + EE2, ….)]]),CONCATENATE(liste_groupe[[#This Row],[Nom de l''échantillon donné par le client]],"-",liste_groupe[[#This Row],[Concentration]],liste_groupe[[#This Row],[Unité]],liste_groupe[[#This Row],[Dopage (+Testostérone / + EE2, ….)]])))
A36: =IF(ISBLANK(liste_groupe[[#This Row],[Code WF]])," ",IF(ISBLANK(liste_groupe[[#This Row],[Unité]]),CONCATENATE(liste_groupe[[#This Row],[Nom de l''échantillon donné par le client]],liste_groupe[[#This Row],[Dopage (+Testostérone / + EE2, ….)]]),CONCATENATE(liste_groupe[[#This Row],[Nom de l''échantillon donné par le client]],"-",liste_groupe[[#This Row],[Concentration]],liste_groupe[[#This Row],[Unité]],liste_groupe[[#This Row],[Dopage (+Testostérone / + EE2, ….)]]))) -> Testo -30µg/L | B36: Témoin | C36: 30 | D36: µg/L | E36: Testo
A37: =IF(ISBLANK(liste_groupe[[#This Row],[Code WF]])," ",IF(ISBLANK(liste_groupe[[#This Row],[Unité]]),CONCATENATE(liste_groupe[[#This Row],[Nom de l''échantillon donné par le client]],liste_groupe[[#This Row],[Dopage (+Testostérone / + EE2, ….)]]),CONCATENATE(liste_groupe[[#This Row],[Nom de l''échantillon donné par le client]],"-",liste_groupe[[#This Row],[Concentration]],liste_groupe[[#This Row],[Unité]],liste_groupe[[#This Row],[Dopage (+Testostérone / + EE2, ….)]]))) -> Testo 30µg/L + EE2 -64ng/L | B37: Témoin | C37: 64 | D37: ng/L | E37: Testo 30µg/L + EE2
A38: =IF(ISBLANK(liste_groupe[[#This Row],[Code WF]])," ",IF(ISBLANK(liste_groupe[[#This Row],[Unité]]),CONCATENATE(liste_groupe[[#This Row],[Nom de l''échantillon donné par le client]],liste_groupe[[#This Row],[Dopage (+Testostérone / + EE2, ….)]]),CONCATENATE(liste_groupe[[#This Row],[Nom de l''échantillon donné par le client]],"-",liste_groupe[[#This Row],[Concentration]],liste_groupe[[#This Row],[Unité]],liste_groupe[[#This Row],[Dopage (+Testostérone / + EE2, ….)]]))) -> Testo 30µg/L + FAD-10µg/L | B38: Témoin | C38: 10 | D38: µg/L | E38: Testo 30µg/L + FAD
A39: =IF(ISBLANK(liste_groupe[[#This Row],[Code WF]])," ",IF(ISBLANK(liste_groupe[[#This Row],[Unité]]),CONCATENATE(liste_groupe[[#This Row],[Nom de l''échantillon donné par le client]],liste_groupe[[#This Row],[Dopage (+Testostérone / + EE2, ….)]]),CONCATENATE(liste_groupe[[#This Row],[Nom de l''échantillon donné par le client]],"-",liste_groupe[[#This Row],[Concentration]],liste_groupe[[#This Row],[Unité]],liste_groupe[[#This Row],[Dopage (+Testostérone / + EE2, ….)]]))) -> Prochloraz-0.063mg/L + Testostérone | B39: =B15 -> Test | C39: =C15 -> 0.063 | D39: =D15 -> mg/L | E39: =E15 -> Prochloraz | F39: + Testostérone
A40: =IF(ISBLANK(liste_groupe[[#This Row],[Code WF]])," ",IF(ISBLANK(liste_groupe[[#This Row],[Unité]]),CONCATENATE(liste_groupe[[#This Row],[Nom de l''échantillon donné par le client]],liste_groupe[[#This Row],[Dopage (+Testostérone / + EE2, ….)]]),CONCATENATE(liste_groupe[[#This Row],[Nom de l''échantillon donné par le client]],"-",liste_groupe[[#This Row],[Concentration]],liste_groupe[[#This Row],[Unité]],liste_groupe[[#This Row],[Dopage (+Testostérone / + EE2, ….)]]))) -> Prochloraz-0.13mg/L + Testostérone | B40: =B16 -> Test | C40: =C16 -> 0.13 | D40: =D16 -> mg/L | E40: =E16 -> Prochloraz | F40: + Testostérone
A41: =IF(ISBLANK(liste_groupe[[#This Row],[Code WF]])," ",IF(ISBLANK(liste_groupe[[#This Row],[Unité]]),CONCATENATE(liste_groupe[[#This Row],[Nom de l''échantillon donné par le client]],liste_groupe[[#This Row],[Dopage (+Testostérone / + EE2, ….)]]),CONCATENATE(liste_groupe[[#This Row],[Nom de l''échantillon donné par le client]],"-",liste_groupe[[#This Row],[Concentration]],liste_groupe[[#This Row],[Unité]],liste_groupe[[#This Row],[Dopage (+Testostérone / + EE2, ….)]]))) -> Prochloraz-0.25mg/L + Testostérone | B41: =B17 -> Test | C41: =C17 -> 0.25 | D41: =D17 -> mg/L | E41: =E17 -> Prochloraz | F41: + Testostérone
A42: =IF(ISBLANK(liste_groupe[[#This Row],[Code WF]])," ",IF(ISBLANK(liste_groupe[[#This Row],[Unité]]),CONCATENATE(liste_groupe[[#This Row],[Nom de l''échantillon donné par le client]],liste_groupe[[#This Row],[Dopage (+Testostérone / + EE2, ….)]]),CONCATENATE(liste_groupe[[#This Row],[Nom de l''échantillon donné par le client]],"-",liste_groupe[[#This Row],[Concentration]],liste_groupe[[#This Row],[Unité]],liste_groupe[[#This Row],[Dopage (+Testostérone / + EE2, ….)]]))) -> Prochloraz-0.5mg/L + Testostérone | B42: =B18 -> Test | C42: =C18 -> 0.5 | D42: =D18 -> mg/L | E42: =E18 -> Prochloraz | F42: + Testostérone
A43: =IF(ISBLANK(liste_groupe[[#This Row],[Code WF]])," ",IF(ISBLANK(liste_groupe[[#This Row],[Unité]]),CONCATENATE(liste_groupe[[#This Row],[Nom de l''échantillon donné par le client]],liste_groupe[[#This Row],[Dopage (+Testostérone / + EE2, ….)]]),CONCATENATE(liste_groupe[[#This Row],[Nom de l''échantillon donné par le client]],"-",liste_groupe[[#This Row],[Concentration]],liste_groupe[[#This Row],[Unité]],liste_groupe[[#This Row],[Dopage (+Testostérone / + EE2, ….)]]))) -> Prochloraz-1mg/L + Testostérone | B43: =B19 -> Test | C43: =C19 -> 1 | D43: =D19 -> mg/L | E43: =E19 -> Prochloraz | F43: + Testostérone
A44: =IF(ISBLANK(liste_groupe[[#This Row],[Code WF]])," ",IF(ISBLANK(liste_groupe[[#This Row],[Unité]]),CONCATENATE(liste_groupe[[#This Row],[Nom de l''échantillon donné par le client]],liste_groupe[[#This Row],[Dopage (+Testostérone / + EE2, ….)]]),CONCATENATE(liste_groupe[[#This Row],[Nom de l''échantillon donné par le client]],"-",liste_groupe[[#This Row],[Concentration]],liste_groupe[[#This Row],[Unité]],liste_groupe[[#This Row],[Dopage (+Testostérone / + EE2, ….)]]))) -> 0-00 + Testostérone | B44: =B20 -> 0 | C44: =C20 -> 0 | D44: =D20 -> 0 | E44: =E20 -> 0 | F44: + Testostérone
A45: =IF(ISBLANK(liste_groupe[[#This Row],[Code WF]])," ",IF(ISBLANK(liste_groupe[[#This Row],[Unité]]),CONCATENATE(liste_groupe[[#This Row],[Nom de l''échantillon donné par le client]],liste_groupe[[#This Row],[Dopage (+Testostérone / + EE2, ….)]]),CONCATENATE(liste_groupe[[#This Row],[Nom de l''échantillon donné par le client]],"-",liste_groupe[[#This Row],[Concentration]],liste_groupe[[#This Row],[Unité]],liste_groupe[[#This Row],[Dopage (+Testostérone / + EE2, ….)]]))) -> 0-00 + Testostérone | B45: =B21 -> 0 | C45: =C21 -> 0 | D45: =D21 -> 0 | E45: =E21 -> 0 | F45: + Testostérone
A46: =IF(ISBLANK(liste_groupe[[#This Row],[Code WF]])," ",IF(ISBLANK(liste_groupe[[#This Row],[Unité]]),CONCATENATE(liste_groupe[[#This Row],[Nom de l''échantillon donné par le client]],liste_groupe[[#This Row],[Dopage (+Testostérone / + EE2, ….)]]),CONCATENATE(liste_groupe[[#This Row],[Nom de l''échantillon donné par le client]],"-",liste_groupe[[#This Row],[Concentration]],liste_groupe[[#This Row],[Unité]],liste_groupe[[#This Row],[Dopage (+Testostérone / + EE2, ….)]]))) -> 0-00 + Testostérone | B46: =B22 -> 0 | C46: =C22 -> 0 | D46: =D22 -> 0 | E46: =E22 -> 0 | F46: + Testostérone
A47: =IF(ISBLANK(liste_groupe[[#This Row],[Code WF]])," ",IF(ISBLANK(liste_groupe[[#This Row],[Unité]]),CONCATENATE(liste_groupe[[#This Row],[Nom de l''échantillon donné par le client]],liste_groupe[[#This Row],[Dopage (+Testostérone / + EE2, ….)]]),CONCATENATE(liste_groupe[[#This Row],[Nom de l''échantillon donné par le client]],"-",liste_groupe[[#This Row],[Concentration]],liste_groupe[[#This Row],[Unité]],liste_groupe[[#This Row],[Dopage (+Testostérone / + EE2, ….)]]))) -> 0-00 + Testostérone | B47: =B23 -> 0 | C47: =C23 -> 0 | D47: =D23 -> 0 | E47: =E23 -> 0 | F47: + Testostérone
A48: =IF(ISBLANK(liste_groupe[[#This Row],[Code WF]])," ",IF(ISBLANK(liste_groupe[[#This Row],[Unité]]),CONCATENATE(liste_groupe[[#This Row],[Nom de l''échantillon donné par le client]],liste_groupe[[#This Row],[Dopage (+Testostérone / + EE2, ….)]]),CONCATENATE(liste_groupe[[#This Row],[Nom de l''échantillon donné par le client]],"-",liste_groupe[[#This Row],[Concentration]],liste_groupe[[#This Row],[Unité]],liste_groupe[[#This Row],[Dopage (+Testostérone / + EE2, ….)]]))) -> 0-00 + Testostérone | B48: =B24 -> 0 | C48: =C24 -> 0 | D48: =D24 -> 0 | E48: =E24 -> 0 | F48: + Testostérone
A49: =IF(ISBLANK(liste_groupe[[#This Row],[Code WF]])," ",IF(ISBLANK(liste_groupe[[#This Row],[Unité]]),CONCATENATE(liste_groupe[[#This Row],[Nom de l''échantillon donné par le client]],liste_groupe[[#This Row],[Dopage (+Testostérone / + EE2, ….)]]),CONCATENATE(liste_groupe[[#This Row],[Nom de l''échantillon donné par le client]],"-",liste_groupe[[#This Row],[Concentration]],liste_groupe[[#This Row],[Unité]],liste_groupe[[#This Row],[Dopage (+Testostérone / + EE2, ….)]]))) -> 0-00 + Testostérone | B49: =B25 -> 0 | C49: =C25 -> 0 | D49: =D25 -> 0 | E49: =E25 -> 0 | F49: + Testostérone
A50: =IF(ISBLANK(liste_groupe[[#This Row],[Code WF]])," ",IF(ISBLANK(liste_groupe[[#This Row],[Unité]]),CONCATENATE(liste_groupe[[#This Row],[Nom de l''échantillon donné par le client]],liste_groupe[[#This Row],[Dopage (+Testostérone / + EE2, ….)]]),CONCATENATE(liste_groupe[[#This Row],[Nom de l''échantillon donné par le client]],"-",liste_groupe[[#This Row],[Concentration]],liste_groupe[[#This Row],[Unité]],liste_groupe[[#This Row],[Dopage (+Testostérone / + EE2, ….)]]))) -> 0-00 + Testostérone | B50: =B26 -> 0 | C50: =C26 -> 0 | D50: =D26 -> 0 | E50: =E26 -> 0 | F50: + Testostérone
... A58: =IF(ISBLANK(liste_groupe[[#This Row],[Code WF]])," ",IF(ISBLANK(liste_groupe[[#This Row],[Unité]]),CONCATENATE(liste_groupe[[#This Row],[Nom de l''échantillon donné par le client]],liste_groupe[[#This Row],[Dopage (+Testostérone / + EE2, ….)]]),CONCATENATE(liste_groupe[[#This Row],[Nom de l''échantillon donné par le client]],"-",liste_groupe[[#This Row],[Concentration]],liste_groupe[[#This Row],[Unité]],liste_groupe[[#This Row],[Dopage (+Testostérone / + EE2, ….)]]))) -> 0-00 + Testostérone | B58: =B34 -> 0 | C58: =C34 -> 0 | D58: =D34 -> 0 | E58: =E34 -> 0 | F58: + Testostérone

Sheet Feuil1
A1: Nom groupe | B1: N° de valeur | C1: file name | D1: total area | E1: mean intensity | G1: total fluorescence | I1: nbre de larves
A2: 01 EE2 0 | B2: A | C2: C:\Users\Olympus\Desktop\20190122\plaque1/@01 EE2 0/A1_1.tif | D2: 4931.616 | E2: 73.0526 | G2: 360268
A3: 01 EE2 0 | B3: A | C3: C:\Users\Olympus\Desktop\20190122\plaque1/@01 EE2 0/A1_2.tif | D3: 5234.4345 | E3: 71.1281 | G3: 372315
A4: 01 EE2 0 | B4: A | C4: C:\Users\Olympus\Desktop\20190122\plaque1/@01 EE2 0/A1_3.tif | D4: 3547.3027 | E4: 66.9878 | G4: 237626
A5: 01 EE2 0 | B5: A | C5: C:\Users\Olympus\Desktop\20190122\plaque3/@01 EE2 0/A1_3.tif | D5: 21456.8555 | E5: 67.0655 | G5: 1439015
A6: 01 EE2 0 | B6: A | C6: C:\Users\Olympus\Desktop\20190122\plaque3/@01 EE2 0/A1_2.tif | D6: 21586.6348 | E6: 66.4108 | G6: 1433586
A7: 01 EE2 0 | B7: A | C7: C:\Users\Olympus\Desktop\20190122\plaque3/@01 EE2 0/A1_1.tif | D7: 15984.4921 | E7: 69.7767 | G7: 1115346

Sheet Raw data R1
A1: Nom groupe | B1: N° de valeur | C1: file name | D1: total area | E1: mean intensity | G1: total fluorescence | I1: nbre de larves | L1: (Tous)
A2: =IFERROR(LEFT(RIGHT(C2,LEN(C2)-SEARCH("@",C2)),SEARCH("/",RIGHT(C2,LEN(C2)-SEARCH("@",C2)-1))),"") | B2: =LEFT(RIGHT(RIGHT(Tableau4[[#This Row],[file name]],LEN(Tableau4[[#This Row],[file name]])-SEARCH("@",Tableau4[[#This Row],[file name]])),LEN(RIGHT(Tableau4[[#This Row],[file name]],LEN(Tableau4[[#This Row],[file name]])-SEARCH("@",Tableau4[[#This Row],[file name]])))-SEARCH("/",RIGHT(Tableau4[[#This Row],[file name]],LEN(Tableau4[[#This Row],[file name]])-SEARCH("@",Tableau4[[#This Row],[file name]])))),1) -> #VALUE! | K2: Filtre lignes : Enlever (vide) et Néant | L2: Filtre colonnes : Enlever (vide) et " "
A3: =IFERROR(LEFT(RIGHT(C3,LEN(C3)-SEARCH("@",C3)),SEARCH("/",RIGHT(C3,LEN(C3)-SEARCH("@",C3)-1))),"") | B3: =LEFT(RIGHT(RIGHT(Tableau4[[#This Row],[file name]],LEN(Tableau4[[#This Row],[file name]])-SEARCH("@",Tableau4[[#This Row],[file name]])),LEN(RIGHT(Tableau4[[#This Row],[file name]],LEN(Tableau4[[#This Row],[file name]])-SEARCH("@",Tableau4[[#This Row],[file name]])))-SEARCH("/",RIGHT(Tableau4[[#This Row],[file name]],LEN(Tableau4[[#This Row],[file name]])-SEARCH("@",Tableau4[[#This Row],[file name]])))),1) -> #VALUE! | K3: Moyenne de total fluorescence | L3: Étiquettes de colonnes
A4: =IFERROR(LEFT(RIGHT(C4,LEN(C4)-SEARCH("@",C4)),SEARCH("/",RIGHT(C4,LEN(C4)-SEARCH("@",C4)-1))),"") | B4: =LEFT(RIGHT(RIGHT(Tableau4[[#This Row],[file name]],LEN(Tableau4[[#This Row],[file name]])-SEARCH("@",Tableau4[[#This Row],[file name]])),LEN(RIGHT(Tableau4[[#This Row],[file name]],LEN(Tableau4[[#This Row],[file name]])-SEARCH("@",Tableau4[[#This Row],[file name]])))-SEARCH("/",RIGHT(Tableau4[[#This Row],[file name]],LEN(Tableau4[[#This Row],[file name]])-SEARCH("@",Tableau4[[#This Row],[file name]])))),1) -> #VALUE! | K4: Étiquettes de lignes
A5: =IFERROR(LEFT(RIGHT(C5,LEN(C5)-SEARCH("@",C5)),SEARCH("/",RIGHT(C5,LEN(C5)-SEARCH("@",C5)-1))),"") | B5: =LEFT(RIGHT(RIGHT(Tableau4[[#This Row],[file name]],LEN(Tableau4[[#This Row],[file name]])-SEARCH("@",Tableau4[[#This Row],[file name]])),LEN(RIGHT(Tableau4[[#This Row],[file name]],LEN(Tableau4[[#This Row],[file name]])-SEARCH("@",Tableau4[[#This Row],[file name]])))-SEARCH("/",RIGHT(Tableau4[[#This Row],[file name]],LEN(Tableau4[[#This Row],[file name]])-SEARCH("@",Tableau4[[#This Row],[file name]])))),1) -> #VALUE! | K5: #VALEUR!
A6: =IFERROR(LEFT(RIGHT(C6,LEN(C6)-SEARCH("@",C6)),SEARCH("/",RIGHT(C6,LEN(C6)-SEARCH("@",C6)-1))),"") | B6: =LEFT(RIGHT(RIGHT(Tableau4[[#This Row],[file name]],LEN(Tableau4[[#This Row],[file name]])-SEARCH("@",Tableau4[[#This Row],[file name]])),LEN(RIGHT(Tableau4[[#This Row],[file name]],LEN(Tableau4[[#This Row],[file name]])-SEARCH("@",Tableau4[[#This Row],[file name]])))-SEARCH("/",RIGHT(Tableau4[[#This Row],[file name]],LEN(Tableau4[[#This Row],[file name]])-SEARCH("@",Tableau4[[#This Row],[file name]])))),1) -> #VALUE!
A7: =IFERROR(LEFT(RIGHT(C7,LEN(C7)-SEARCH("@",C7)),SEARCH("/",RIGHT(C7,LEN(C7)-SEARCH("@",C7)-1))),"") | B7: =LEFT(RIGHT(RIGHT(Tableau4[[#This Row],[file name]],LEN(Tableau4[[#This Row],[file name]])-SEARCH("@",Tableau4[[#This Row],[file name]])),LEN(RIGHT(Tableau4[[#This Row],[file name]],LEN(Tableau4[[#This Row],[file name]])-SEARCH("@",Tableau4[[#This Row],[file name]])))-SEARCH("/",RIGHT(Tableau4[[#This Row],[file name]],LEN(Tableau4[[#This Row],[file name]])-SEARCH("@",Tableau4[[#This Row],[file name]])))),1) -> #VALUE!
A8: =IFERROR(LEFT(RIGHT(C8,LEN(C8)-SEARCH("@",C8)),SEARCH("/",RIGHT(C8,LEN(C8)-SEARCH("@",C8)-1))),"") | B8: =LEFT(RIGHT(RIGHT(Tableau4[[#This Row],[file name]],LEN(Tableau4[[#This Row],[file name]])-SEARCH("@",Tableau4[[#This Row],[file name]])),LEN(RIGHT(Tableau4[[#This Row],[file name]],LEN(Tableau4[[#This Row],[file name]])-SEARCH("@",Tableau4[[#This Row],[file name]])))-SEARCH("/",RIGHT(Tableau4[[#This Row],[file name]],LEN(Tableau4[[#This Row],[file name]])-SEARCH("@",Tableau4[[#This Row],[file name]])))),1) -> #VALUE!
A9: =IFERROR(LEFT(RIGHT(C9,LEN(C9)-SEARCH("@",C9)),SEARCH("/",RIGHT(C9,LEN(C9)-SEARCH("@",C9)-1))),"") | B9: =LEFT(RIGHT(RIGHT(Tableau4[[#This Row],[file name]],LEN(Tableau4[[#This Row],[file name]])-SEARCH("@",Tableau4[[#This Row],[file name]])),LEN(RIGHT(Tableau4[[#This Row],[file name]],LEN(Tableau4[[#This Row],[file name]])-SEARCH("@",Tableau4[[#This Row],[file name]])))-SEARCH("/",RIGHT(Tableau4[[#This Row],[file name]],LEN(Tableau4[[#This Row],[file name]])-SEARCH("@",Tableau4[[#This Row],[file name]])))),1) -> #VALUE!
A10: =IFERROR(LEFT(RIGHT(C10,LEN(C10)-SEARCH("@",C10)),SEARCH("/",RIGHT(C10,LEN(C10)-SEARCH("@",C10)-1))),"") | B10: =LEFT(RIGHT(RIGHT(Tableau4[[#This Row],[file name]],LEN(Tableau4[[#This Row],[file name]])-SEARCH("@",Tableau4[[#This Row],[file name]])),LEN(RIGHT(Tableau4[[#This Row],[file name]],LEN(Tableau4[[#This Row],[file name]])-SEARCH("@",Tableau4[[#This Row],[file name]])))-SEARCH("/",RIGHT(Tableau4[[#This Row],[file name]],LEN(Tableau4[[#This Row],[file name]])-SEARCH("@",Tableau4[[#This Row],[file name]])))),1) -> #VALUE!
A11: =IFERROR(LEFT(RIGHT(C11,LEN(C11)-SEARCH("@",C11)),SEARCH("/",RIGHT(C11,LEN(C11)-SEARCH("@",C11)-1))),"") | B11: =LEFT(RIGHT(RIGHT(Tableau4[[#This Row],[file name]],LEN(Tableau4[[#This Row],[file name]])-SEARCH("@",Tableau4[[#This Row],[file name]])),LEN(RIGHT(Tableau4[[#This Row],[file name]],LEN(Tableau4[[#This Row],[file name]])-SEARCH("@",Tableau4[[#This Row],[file name]])))-SEARCH("/",RIGHT(Tableau4[[#This Row],[file name]],LEN(Tableau4[[#This Row],[file name]])-SEARCH("@",Tableau4[[#This Row],[file name]])))),1) -> #VALUE!
A12: =IFERROR(LEFT(RIGHT(C12,LEN(C12)-SEARCH("@",C12)),SEARCH("/",RIGHT(C12,LEN(C12)-SEARCH("@",C12)-1))),"") | B12: =LEFT(RIGHT(RIGHT(Tableau4[[#This Row],[file name]],LEN(Tableau4[[#This Row],[file name]])-SEARCH("@",Tableau4[[#This Row],[file name]])),LEN(RIGHT(Tableau4[[#This Row],[file name]],LEN(Tableau4[[#This Row],[file name]])-SEARCH("@",Tableau4[[#This Row],[file name]])))-SEARCH("/",RIGHT(Tableau4[[#This Row],[file name]],LEN(Tableau4[[#This Row],[file name]])-SEARCH("@",Tableau4[[#This Row],[file name]])))),1) -> #VALUE!
A13: =IFERROR(LEFT(RIGHT(C13,LEN(C13)-SEARCH("@",C13)),SEARCH("/",RIGHT(C13,LEN(C13)-SEARCH("@",C13)-1))),"") | B13: =LEFT(RIGHT(RIGHT(Tableau4[[#This Row],[file name]],LEN(Tableau4[[#This Row],[file name]])-SEARCH("@",Tableau4[[#This Row],[file name]])),LEN(RIGHT(Tableau4[[#This Row],[file name]],LEN(Tableau4[[#This Row],[file name]])-SEARCH("@",Tableau4[[#This Row],[file name]])))-SEARCH("/",RIGHT(Tableau4[[#This Row],[file name]],LEN(Tableau4[[#This Row],[file name]])-SEARCH("@",Tableau4[[#This Row],[file name]])))),1) -> #VALUE!
A14: =IFERROR(LEFT(RIGHT(C14,LEN(C14)-SEARCH("@",C14)),SEARCH("/",RIGHT(C14,LEN(C14)-SEARCH("@",C14)-1))),"") | B14: =LEFT(RIGHT(RIGHT(Tableau4[[#This Row],[file name]],LEN(Tableau4[[#This Row],[file name]])-SEARCH("@",Tableau4[[#This Row],[file name]])),LEN(RIGHT(Tableau4[[#This Row],[file name]],LEN(Tableau4[[#This Row],[file name]])-SEARCH("@",Tableau4[[#This Row],[file name]])))-SEARCH("/",RIGHT(Tableau4[[#This Row],[file name]],LEN(Tableau4[[#This Row],[file name]])-SEARCH("@",Tableau4[[#This Row],[file name]])))),1) -> #VALUE!
A15: =IFERROR(LEFT(RIGHT(C15,LEN(C15)-SEARCH("@",C15)),SEARCH("/",RIGHT(C15,LEN(C15)-SEARCH("@",C15)-1))),"") | B15: =LEFT(RIGHT(RIGHT(Tableau4[[#This Row],[file name]],LEN(Tableau4[[#This Row],[file name]])-SEARCH("@",Tableau4[[#This Row],[file name]])),LEN(RIGHT(Tableau4[[#This Row],[file name]],LEN(Tableau4[[#This Row],[file name]])-SEARCH("@",Tableau4[[#This Row],[file name]])))-SEARCH("/",RIGHT(Tableau4[[#This Row],[file name]],LEN(Tableau4[[#This Row],[file name]])-SEARCH("@",Tableau4[[#This Row],[file name]])))),1) -> #VALUE!
A16: =IFERROR(LEFT(RIGHT(C16,LEN(C16)-SEARCH("@",C16)),SEARCH("/",RIGHT(C16,LEN(C16)-SEARCH("@",C16)-1))),"") | B16: =LEFT(RIGHT(RIGHT(Tableau4[[#This Row],[file name]],LEN(Tableau4[[#This Row],[file name]])-SEARCH("@",Tableau4[[#This Row],[file name]])),LEN(RIGHT(Tableau4[[#This Row],[file name]],LEN(Tableau4[[#This Row],[file name]])-SEARCH("@",Tableau4[[#This Row],[file name]])))-SEARCH("/",RIGHT(Tableau4[[#This Row],[file name]],LEN(Tableau4[[#This Row],[file name]])-SEARCH("@",Tableau4[[#This Row],[file name]])))),1) -> #VALUE!
A17: =IFERROR(LEFT(RIGHT(C17,LEN(C17)-SEARCH("@",C17)),SEARCH("/",RIGHT(C17,LEN(C17)-SEARCH("@",C17)-1))),"") | B17: =LEFT(RIGHT(RIGHT(Tableau4[[#This Row],[file name]],LEN(Tableau4[[#This Row],[file name]])-SEARCH("@",Tableau4[[#This Row],[file name]])),LEN(RIGHT(Tableau4[[#This Row],[file name]],LEN(Tableau4[[#This Row],[file name]])-SEARCH("@",Tableau4[[#This Row],[file name]])))-SEARCH("/",RIGHT(Tableau4[[#This Row],[file name]],LEN(Tableau4[[#This Row],[file name]])-SEARCH("@",Tableau4[[#This Row],[file name]])))),1) -> #VALUE!
... A1557: =IFERROR(LEFT(RIGHT(C1557,LEN(C1557)-SEARCH("@",C1557)),SEARCH("/",RIGHT(C1557,LEN(C1557)-SEARCH("@",C1557)-1))),"") | B1557: =LEFT(RIGHT(RIGHT(Tableau4[[#This Row],[file name]],LEN(Tableau4[[#This Row],[file name]])-SEARCH("@",Tableau4[[#This Row],[file name]])),LEN(RIGHT(Tableau4[[#This Row],[file name]],LEN(Tableau4[[#This Row],[file name]])-SEARCH("@",Tableau4[[#This Row],[file name]])))-SEARCH("/",RIGHT(Tableau4[[#This Row],[file name]],LEN(Tableau4[[#This Row],[file name]])-SEARCH("@",Tableau4[[#This Row],[file name]])))),1) -> #VALUE!

Sheet R1
A1: 3. Expérimentateur 1 : copier et coller les valeurs des intensités totales de fluorescences obtenues dans le fichier raw data lors du traitement des images.
A3: R1 | B3: Non dopé | O3: avec testo
A4: Noms des groupes | B4: ='Page de garde'!A7 -> Témoin solvant | C4: ='Page de garde'!A9 -> EE2-33.8ng/L | D4: ='Page de garde'!A10 -> EE2-50.6ng/L | E4: ='Page de garde'!A11 -> EE2-76ng/L | F4: ='Page de garde'!A12 -> EE2-114ng/L | G4: ='Page de garde'!A13 -> EE2-170.9ng/L | H4: ='Page de garde'!A14 -> EE2-488ng/L | I4: ='Page de garde'!A15 -> Prochloraz-0.063mg/L | J4: ='Page de garde'!A16 -> Prochloraz-0.13mg/L | K4: ='Page de garde'!A17 -> Prochloraz-0.25mg/L | L4: ='Page de garde'!A18 -> Prochloraz-0.5mg/L | M4: ='Page de garde'!A19 -> Prochloraz-1mg/L | O4: ='Page de garde'!A36 -> Testo -30µg/L | P4: ='Page de garde'!A37 -> Testo 30µg/L + EE2 -64ng/L | Q4: ='Page de garde'!A38 -> Testo 30µg/L + FAD-10µg/L | R4: ='Page de garde'!A39 -> Prochloraz-0.063mg/L + Testostérone | S4: ='Page de garde'!A40 -> Prochloraz-0.13mg/L + Testostérone | T4: ='Page de garde'!A41 -> Prochloraz-0.25mg/L + Testostérone | U4: ='Page de garde'!A42 -> Prochloraz-0.5mg/L + Testostérone | V4: ='Page de garde'!A43 -> Prochloraz-1mg/L + Testostérone
A5: Données brutes | B5: 504 | C5: 8644 | D5: 50874 | E5: 1767694 | F5: 4433384 | G5: 6312574 | H5: 5058215 | I5: 104521 | J5: 95335 | K5: 14697 | L5: 154980 | M5: 191824 | O5: 5617947 | P5: 9118163 | Q5: 109228 | R5: 33216 | S5: 106690 | T5: 14254 | U5: 41337 | V5: 2186
B6: 62050 | C6: 245025 | D6: 19952 | E6: 2079692 | F6: 3192578 | G6: 4338734 | H6: 11154097 | I6: 14686 | J6: 39078 | K6: 27894 | L6: 38475 | M6: 169084 | O6: 322836 | P6: 4992926 | Q6: 30755 | R6: 166012 | S6: 1403295 | T6: 20573 | U6: 126129 | V6: 37307
B7: 7437 | C7: 1063913 | D7: 2497975 | E7: 3024330 | F7: 4218063 | G7: 6230528 | H7: 4981766 | I7: 197474 | J7: 24789 | K7: 303617 | L7: 57311 | M7: 78588 | O7: 107235 | P7: 5400444 | Q7: 40538 | R7: 250543 | S7: 495557 | T7: 458226 | U7: 40023 | V7: 29656
B8: 9104 | C8: 84919 | D8: 153518 | E8: 227901 | F8: 3836567 | G8: 7925413 | H8: 8796791 | I8: 31902 | J8: 48100 | K8: 136702 | L8: 231817 | M8: 163780 | O8: 1711306 | P8: 7183840 | Q8: 5613 | R8: 75042 | S8: 5651 | T8: 252495 | U8: 212071 | V8: 2204
B9: 147320 | C9: 794685 | D9: 2397417 | E9: 741029 | F9: 4667684 | G9: 10983199 | H9: 4776605 | I9: 5599 | J9: 24650 | K9: 28533 | L9: 732107 | M9: 35420 | O9: 94720 | P9: 2600841 | Q9: 1378 | R9: 81619 | S9: 37045 | T9: 1061569 | U9: 14604 | V9: 32099
B10: 68496 | C10: 221936 | D10: 394828 | E10: 840778 | F10: 6373155 | G10: 4355737 | H10: 8354584 | I10: 51439 | J10: 182 | K10: 55132 | L10: 82915 | M10: 143064 | O10: 109070 | P10: 4391312 | Q10: 32381 | R10: 4310762 | S10: 108488 | T10: 1202404 | U10: 4324 | V10: 173599
B11: 3288 | C11: 39545 | D11: 612539 | E11: 2397266 | F11: 2089369 | G11: 11523934 | H11: 7739948 | I11: 100872 | J11: 58586 | K11: 60891 | L11: 18242 | M11: 83298 | O11: 778570 | P11: 6251883 | Q11: 246824 | R11: 1700645 | S11: 32497 | T11: 1596164 | U11: 2018 | V11: 2059175
B12: 47121 | C12: 87806 | D12: 169961 | E12: 50356 | F12: 6637201 | H12: 6023951 | J12: 56758 | K12: 31803 | L12: 88741 | M12: 202435 | O12: 1662317 | P12: 6556297 | Q12: 21215 | R12: 191074 | S12: 361651 | T12: 142882 | U12: 534030
O13: 1305817
O14: 1570350
O15: 635804
O16: 125671
O17: 509366
O18: 3094321
O19: 603071
O20: 1202713
A22: =A4 -> Noms des groupes | B22: =B4 -> Témoin solvant | C22: =C4 -> EE2-33.8ng/L | D22: =D4 -> EE2-50.6ng/L | E22: =E4 -> EE2-76ng/L | F22: =F4 -> EE2-114ng/L | G22: =G4 -> EE2-170.9ng/L | H22: =H4 -> EE2-488ng/L | ... M22: =M4 -> Prochloraz-1mg/L | N22: Nom des groupes | O22: =O4 -> Testo -30µg/L | P22: =P4 -> Testo 30µg/L + EE2 -64ng/L | Q22: =Q4 -> Testo 30µg/L + FAD-10µg/L | R22: =R4 -> Prochloraz-0.063mg/L + Testostérone | S22: =S4 -> Prochloraz-0.13mg/L + Testostérone | T22: =T4 -> Prochloraz-0.25mg/L + Testostérone | U22: =U4 -> Prochloraz-0.5mg/L + Testostérone | V22: =V4 -> Prochloraz-1mg/L + Testostérone
A23: mean | B23: =AVERAGE(B5:B20) -> 43165 | C23: =AVERAGE(C5:C20) -> 318309.12 | D23: =AVERAGE(D5:D20) -> 787133 | E23: =AVERAGE(E5:E20) -> 1391130.8 | F23: =AVERAGE(F5:F20) -> 4431000.1 | G23: =AVERAGE(G5:G20) -> 7381445.6 | H23: =AVERAGE(H5:H20) -> 7110744.6 | I23: =AVERAGE(I5:I20) -> 72356.143 | ... M23: =AVERAGE(M5:M20) -> 133436.62 | N23: mean | O23: =AVERAGE(O5:O20) -> 1215694.6 | P23: =AVERAGE(P5:P20) -> 5811963.2 | Q23: =AVERAGE(Q5:Q20) -> 60991.5 | R23: =AVERAGE(R5:R20) -> 851114.12 | S23: =AVERAGE(S5:S20) -> 318859.25 | T23: =AVERAGE(T5:T20) -> 593570.88 | U23: =AVERAGE(U5:U20) -> 121817 | V23: =AVERAGE(V5:V20) -> 333746.57
A24: SD | B24: =STDEV(B5:B20) -> 50297.677 | C24: =STDEV(C5:C20) -> 392559.74 | D24: =STDEV(D5:D20) -> 1043167.9 | E24: =STDEV(E5:E20) -> 1080467.2 | F24: =STDEV(F5:F20) -> 1517089.9 | G24: =STDEV(G5:G20) -> 2924290.3 | H24: =STDEV(H5:H20) -> 2283770.1 | I24: =STDEV(I5:I20) -> 67526.089 | ... M24: =STDEV(M5:M20) -> 60454.842 | N24: SD | O24: =STDEV(O5:O20) -> 1427936.2 | P24: =STDEV(P5:P20) -> 1954127.2 | Q24: =STDEV(Q5:Q20) -> 82127.382 | R24: =STDEV(R5:R20) -> 1503326.7 | S24: =STDEV(S5:S20) -> 471751.75 | T24: =STDEV(T5:T20) -> 609050.67 | U24: =STDEV(U5:U20) -> 181620.58 | V24: =STDEV(V5:V20) -> 763101.36
B26: Non dopé | O26: avec testo
A27: Noms des groupes | B27: =B4 -> Témoin solvant | C27: =C4 -> EE2-33.8ng/L | D27: =D4 -> EE2-50.6ng/L | E27: =E4 -> EE2-76ng/L | F27: =F4 -> EE2-114ng/L | G27: =G4 -> EE2-170.9ng/L | H27: =H4 -> EE2-488ng/L | I27: =I4 -> Prochloraz-0.063mg/L | ... M27: =M4 -> Prochloraz-1mg/L | O27: =O4 -> Testo -30µg/L | P27: =P4 -> Testo 30µg/L + EE2 -64ng/L | Q27: =Q4 -> Testo 30µg/L + FAD-10µg/L | R27: =R4 -> Prochloraz-0.063mg/L + Testostérone | S27: =S4 -> Prochloraz-0.13mg/L + Testostérone | T27: =T4 -> Prochloraz-0.25mg/L + Testostérone | U27: =U4 -> Prochloraz-0.5mg/L + Testostérone | V27: =V4 -> Prochloraz-1mg/L + Testostérone
A28: Données normalisées sur la moyenne du groupe "Testo" | B28: =IF(B5="","",(B5/$O$23)) -> 0.0004145778 | C28: =IF(C5="","",(C5/$O$23)) -> 0.0071103383 | D28: =IF(D5="","",(D5/$O$23)) -> 0.04184768 | E28: =IF(E5="","",(E5/$O$23)) -> 1.4540609 | F28: =IF(F5="","",(F5/$O$23)) -> 3.6467908 | G28: =IF(G5="","",(G5/$O$23)) -> 5.1925655 | H28: =IF(H5="","",(H5/$O$23)) -> 4.1607612 | I28: =IF(I5="","",(I5/$O$23)) -> 0.085976361 | ... M28: =IF(M5="","",(M5/$O$23)) -> 0.15778963 | O28: =IF(O5="","",(O5/$O$23)) -> 4.6211827 | P28: =IF(P5="","",(P5/$O$23)) -> 7.5003729 | Q28: =IF(Q5="","",(Q5/$O$23)) -> 0.089848222 | R28: =IF(R5="","",(R5/$O$23)) -> 0.027322651 | S28: =IF(S5="","",(S5/$O$23)) -> 0.087760526 | T28: =IF(T5="","",(T5/$O$23)) -> 0.011724984 | U28: =IF(U5="","",(U5/$O$23)) -> 0.034002783 | V28: =IF(V5="","",(V5/$O$23)) -> 0.0017981489
B29: =IF(B6="","",(B6/$O$23)) -> 0.051040778 | C29: =IF(C6="","",(C6/$O$23)) -> 0.20155144 | D29: =IF(D6="","",(D6/$O$23)) -> 0.016412016 | E29: =IF(E6="","",(E6/$O$23)) -> 1.7107026 | F29: =IF(F6="","",(F6/$O$23)) -> 2.6261348 | G29: =IF(G6="","",(G6/$O$23)) -> 3.5689341 | H29: =IF(H6="","",(H6/$O$23)) -> 9.1750813 | I29: =IF(I6="","",(I6/$O$23)) -> 0.012080336 | ... M29: =IF(M6="","",(M6/$O$23)) -> 0.13908427 | O29: =IF(O6="","",(O6/$O$23)) -> 0.26555682 | P29: =IF(P6="","",(P6/$O$23)) -> 4.1070561 | Q29: =IF(Q6="","",(Q6/$O$23)) -> 0.025298294 | R29: =IF(R6="","",(R6/$O$23)) -> 0.13655732 | S29: =IF(S6="","",(S6/$O$23)) -> 1.1543154 | T29: =IF(T6="","",(T6/$O$23)) -> 0.016922835 | U29: =IF(U6="","",(U6/$O$23)) -> 0.10375056 | V29: =IF(V6="","",(V6/$O$23)) -> 0.030687805
B30: =IF(B7="","",(B7/$O$23)) -> 0.0061174902 | C30: =IF(C7="","",(C7/$O$23)) -> 0.87514823 | D30: =IF(D7="","",(D7/$O$23)) -> 2.0547718 | E30: =IF(E7="","",(E7/$O$23)) -> 2.4877382 | F30: =IF(F7="","",(F7/$O$23)) -> 3.4696732 | G30: =IF(G7="","",(G7/$O$23)) -> 5.1250765 | H30: =IF(H7="","",(H7/$O$23)) -> 4.0978761 | I30: =IF(I7="","",(I7/$O$23)) -> 0.16243717 | ... M30: =IF(M7="","",(M7/$O$23)) -> 0.064644524 | O30: =IF(O7="","",(O7/$O$23)) -> 0.08820883 | P30: =IF(P7="","",(P7/$O$23)) -> 4.4422702 | Q30: =IF(Q7="","",(Q7/$O$23)) -> 0.033345545 | R30: =IF(R7="","",(R7/$O$23)) -> 0.20609041 | S30: =IF(S7="","",(S7/$O$23)) -> 0.4076328 | T30: =IF(T7="","",(T7/$O$23)) -> 0.37692525 | U30: =IF(U7="","",(U7/$O$23)) -> 0.032921919 | V30: =IF(V7="","",(V7/$O$23)) -> 0.024394284
B31: =IF(B8="","",(B8/$O$23)) -> 0.0074887228 | C31: =IF(C8="","",(C8/$O$23)) -> 0.069852246 | D31: =IF(D8="","",(D8/$O$23)) -> 0.12628007 | E31: =IF(E8="","",(E8/$O$23)) -> 0.18746566 | F31: =IF(F8="","",(F8/$O$23)) -> 3.1558641 | G31: =IF(G8="","",(G8/$O$23)) -> 6.5192466 | H31: =IF(H8="","",(H8/$O$23)) -> 7.2360203 | I31: =IF(I8="","",(I8/$O$23)) -> 0.026241787 | ... M31: =IF(M8="","",(M8/$O$23)) -> 0.13472133 | O31: =IF(O8="","",(O8/$O$23)) -> 1.4076775 | P31: =IF(P8="","",(P8/$O$23)) -> 5.9092472 | Q31: =IF(Q8="","",(Q8/$O$23)) -> 0.0046171134 | R31: =IF(R8="","",(R8/$O$23)) -> 0.061727673 | S31: =IF(S8="","",(S8/$O$23)) -> 0.0046483713 | T31: =IF(T8="","",(T8/$O$23)) -> 0.20769607 | U31: =IF(U8="","",(U8/$O$23)) -> 0.1744443 | V31: =IF(V8="","",(V8/$O$23)) -> 0.0018129553
B32: =IF(B9="","",(B9/$O$23)) -> 0.12118175 | C32: =IF(C9="","",(C9/$O$23)) -> 0.65368801 | D32: =IF(D9="","",(D9/$O$23)) -> 1.9720553 | E32: =IF(E9="","",(E9/$O$23)) -> 0.60955193 | F32: =IF(F9="","",(F9/$O$23)) -> 3.8395201 | G32: =IF(G9="","",(G9/$O$23)) -> 9.0345049 | H32: =IF(H9="","",(H9/$O$23)) -> 3.9291158 | I32: =IF(I9="","",(I9/$O$23)) -> 0.0046055974 | ... M32: =IF(M9="","",(M9/$O$23)) -> 0.029135606 | O32: =IF(O9="","",(O9/$O$23)) -> 0.077914304 | P32: =IF(P9="","",(P9/$O$23)) -> 2.1393868 | Q32: =IF(Q9="","",(Q9/$O$23)) -> 0.0011335083 | R32: =IF(R9="","",(R9/$O$23)) -> 0.067137749 | S32: =IF(S9="","",(S9/$O$23)) -> 0.030472291 | T32: =IF(T9="","",(T9/$O$23)) -> 0.87322011 | U32: =IF(U9="","",(U9/$O$23)) -> 0.012012885 | V32: =IF(V9="","",(V9/$O$23)) -> 0.026403835
B33: =IF(B10="","",(B10/$O$23)) -> 0.056343097 | C33: =IF(C10="","",(C10/$O$23)) -> 0.182559 | D33: =IF(D10="","",(D10/$O$23)) -> 0.32477564 | E33: =IF(E10="","",(E10/$O$23)) -> 0.69160296 | F33: =IF(F10="","",(F10/$O$23)) -> 5.2423979 | G33: =IF(G10="","",(G10/$O$23)) -> 3.5829203 | H33: =IF(H10="","",(H10/$O$23)) -> 6.8722719 | I33: =IF(I10="","",(I10/$O$23)) -> 0.042312435 | ... M33: =IF(M10="","",(M10/$O$23)) -> 0.11768087 | O33: =IF(O10="","",(O10/$O$23)) -> 0.089718255 | P33: =IF(P10="","",(P10/$O$23)) -> 3.6121834 | Q33: =IF(Q10="","",(Q10/$O$23)) -> 0.026635801 | R33: =IF(R10="","",(R10/$O$23)) -> 3.545925 | S33: =IF(S10="","",(S10/$O$23)) -> 0.089239516 | T33: =IF(T10="","",(T10/$O$23)) -> 0.98906746 | U33: =IF(U10="","",(U10/$O$23)) -> 0.0035568143 | V33: =IF(V10="","",(V10/$O$23)) -> 0.1427982
B34: =IF(B11="","",(B11/$O$23)) -> 0.0027046266 | C34: =IF(C11="","",(C11/$O$23)) -> 0.032528728 | D34: =IF(D11="","",(D11/$O$23)) -> 0.50385926 | E34: =IF(E11="","",(E11/$O$23)) -> 1.9719311 | F34: =IF(F11="","",(F11/$O$23)) -> 1.7186627 | G34: =IF(G11="","",(G11/$O$23)) -> 9.4793 | H34: =IF(H11="","",(H11/$O$23)) -> 6.3666877 | I34: =IF(I11="","",(I11/$O$23)) -> 0.082974785 | ... M34: =IF(M11="","",(M11/$O$23)) -> 0.068518852 | O34: =IF(O11="","",(O11/$O$23)) -> 0.64043221 | P34: =IF(P11="","",(P11/$O$23)) -> 5.1426426 | Q34: =IF(Q11="","",(Q11/$O$23)) -> 0.20303125 | R34: =IF(R11="","",(R11/$O$23)) -> 1.3989081 | S34: =IF(S11="","",(S11/$O$23)) -> 0.02673122 | T34: =IF(T11="","",(T11/$O$23)) -> 1.3129646 | U34: =IF(U11="","",(U11/$O$23)) -> 0.0016599563 | V34: =IF(V11="","",(V11/$O$23)) -> 1.6938259
B35: =IF(B12="","",(B12/$O$23)) -> 0.038760556 | C35: =IF(C12="","",(C12/$O$23)) -> 0.07222702 | D35: =IF(D12="","",(D12/$O$23)) -> 0.13980567 | E35: =IF(E12="","",(E12/$O$23)) -> 0.041421586 | F35: =IF(F12="","",(F12/$O$23)) -> 5.4595956 | G35: =IF(G12="","",(G12/$O$23)) | H35: =IF(H12="","",(H12/$O$23)) -> 4.9551515 | I35: =IF(I12="","",(I12/$O$23)) | ... M35: =IF(M12="","",(M12/$O$23)) -> 0.16651797 | O35: =IF(O12="","",(O12/$O$23)) -> 1.3673804 | P35: =IF(P12="","",(P12/$O$23)) -> 5.393046 | Q35: =IF(Q12="","",(Q12/$O$23)) -> 0.017450929 | R35: =IF(R12="","",(R12/$O$23)) -> 0.15717269 | S35: =IF(S12="","",(S12/$O$23)) -> 0.29748507 | T35: =IF(T12="","",(T12/$O$23)) -> 0.11753116 | U35: =IF(U12="","",(U12/$O$23)) -> 0.43927972 | V35: =IF(V12="","",(V12/$O$23))
B36: =IF(B13="","",(B13/$O$23)) | C36: =IF(C13="","",(C13/$O$23)) | D36: =IF(D13="","",(D13/$O$23)) | E36: =IF(E13="","",(E13/$O$23)) | F36: =IF(F13="","",(F13/$O$23)) | G36: =IF(G13="","",(G13/$O$23)) | H36: =IF(H13="","",(H13/$O$23)) | I36: =IF(I13="","",(I13/$O$23)) | ... M36: =IF(M13="","",(M13/$O$23)) | O36: =IF(O13="","",(O13/$O$23)) -> 1.0741324 | P36: =IF(P13="","",(P13/$O$23)) | Q36: =IF(Q13="","",(Q13/$O$23)) | R36: =IF(R13="","",(R13/$O$23)) | S36: =IF(S13="","",(S13/$O$23)) | T36: =IF(T13="","",(T13/$O$23)) | U36: =IF(U13="","",(U13/$O$23)) | V36: =IF(V13="","",(V13/$O$23))
B37: =IF(B14="","",(B14/$O$23)) | C37: =IF(C14="","",(C14/$O$23)) | D37: =IF(D14="","",(D14/$O$23)) | E37: =IF(E14="","",(E14/$O$23)) | F37: =IF(F14="","",(F14/$O$23)) | G37: =IF(G14="","",(G14/$O$23)) | H37: =IF(H14="","",(H14/$O$23)) | I37: =IF(I14="","",(I14/$O$23)) | ... M37: =IF(M14="","",(M14/$O$23)) | O37: =IF(O14="","",(O14/$O$23)) -> 1.2917306 | P37: =IF(P14="","",(P14/$O$23)) | Q37: =IF(Q14="","",(Q14/$O$23)) | R37: =IF(R14="","",(R14/$O$23)) | S37: =IF(S14="","",(S14/$O$23)) | T37: =IF(T14="","",(T14/$O$23)) | U37: =IF(U14="","",(U14/$O$23)) | V37: =IF(V14="","",(V14/$O$23))
B38: =IF(B15="","",(B15/$O$23)) | C38: =IF(C15="","",(C15/$O$23)) | D38: =IF(D15="","",(D15/$O$23)) | E38: =IF(E15="","",(E15/$O$23)) | F38: =IF(F15="","",(F15/$O$23)) | G38: =IF(G15="","",(G15/$O$23)) | H38: =IF(H15="","",(H15/$O$23)) | I38: =IF(I15="","",(I15/$O$23)) | ... M38: =IF(M15="","",(M15/$O$23)) | O38: =IF(O15="","",(O15/$O$23)) -> 0.52299647 | P38: =IF(P15="","",(P15/$O$23)) | Q38: =IF(Q15="","",(Q15/$O$23)) | R38: =IF(R15="","",(R15/$O$23)) | S38: =IF(S15="","",(S15/$O$23)) | T38: =IF(T15="","",(T15/$O$23)) | U38: =IF(U15="","",(U15/$O$23)) | V38: =IF(V15="","",(V15/$O$23))
B39: =IF(B16="","",(B16/$O$23)) | C39: =IF(C16="","",(C16/$O$23)) | D39: =IF(D16="","",(D16/$O$23)) | E39: =IF(E16="","",(E16/$O$23)) | F39: =IF(F16="","",(F16/$O$23)) | G39: =IF(G16="","",(G16/$O$23)) | H39: =IF(H16="","",(H16/$O$23)) | I39: =IF(I16="","",(I16/$O$23)) | ... M39: =IF(M16="","",(M16/$O$23)) | O39: =IF(O16="","",(O16/$O$23)) -> 0.10337382 | P39: =IF(P16="","",(P16/$O$23)) | Q39: =IF(Q16="","",(Q16/$O$23)) | R39: =IF(R16="","",(R16/$O$23)) | S39: =IF(S16="","",(S16/$O$23)) | T39: =IF(T16="","",(T16/$O$23)) | U39: =IF(U16="","",(U16/$O$23)) | V39: =IF(V16="","",(V16/$O$23))
B40: =IF(B17="","",(B17/$O$23)) | C40: =IF(C17="","",(C17/$O$23)) | D40: =IF(D17="","",(D17/$O$23)) | E40: =IF(E17="","",(E17/$O$23)) | F40: =IF(F17="","",(F17/$O$23)) | G40: =IF(G17="","",(G17/$O$23)) | H40: =IF(H17="","",(H17/$O$23)) | I40: =IF(I17="","",(I17/$O$23)) | ... M40: =IF(M17="","",(M17/$O$23)) | O40: =IF(O17="","",(O17/$O$23)) -> 0.41899173 | P40: =IF(P17="","",(P17/$O$23)) | Q40: =IF(Q17="","",(Q17/$O$23)) | R40: =IF(R17="","",(R17/$O$23)) | S40: =IF(S17="","",(S17/$O$23)) | T40: =IF(T17="","",(T17/$O$23)) | U40: =IF(U17="","",(U17/$O$23)) | V40: =IF(V17="","",(V17/$O$23))
... B43: =IF(B20="","",(B20/$O$23)) | C43: =IF(C20="","",(C20/$O$23)) | D43: =IF(D20="","",(D20/$O$23)) | E43: =IF(E20="","",(E20/$O$23)) | F43: =IF(F20="","",(F20/$O$23)) | G43: =IF(G20="","",(G20/$O$23)) | H43: =IF(H20="","",(H20/$O$23)) | I43: =IF(I20="","",(I20/$O$23)) | ... M43: =IF(M20="","",(M20/$O$23)) | O43: =IF(O20="","",(O20/$O$23)) -> 0.98932164 | P43: =IF(P20="","",(P20/$O$23)) | Q43: =IF(Q20="","",(Q20/$O$23)) | R43: =IF(R20="","",(R20/$O$23)) | S43: =IF(S20="","",(S20/$O$23)) | T43: =IF(T20="","",(T20/$O$23)) | U43: =IF(U20="","",(U20/$O$23)) | V43: =IF(V20="","",(V20/$O$23))
A45: =A4 -> Noms des groupes | B45: =B4 -> Témoin solvant | C45: =C4 -> EE2-33.8ng/L | D45: =D4 -> EE2-50.6ng/L | E45: =E4 -> EE2-76ng/L | F45: =F4 -> EE2-114ng/L | G45: =G4 -> EE2-170.9ng/L | H45: =H4 -> EE2-488ng/L | ... M45: =M4 -> Prochloraz-1mg/L | N45: =N22 -> Nom des groupes | O45: =O4 -> Testo -30µg/L | P45: =P4 -> Testo 30µg/L + EE2 -64ng/L | Q45: =Q4 -> Testo 30µg/L + FAD-10µg/L | R45: =R4 -> Prochloraz-0.063mg/L + Testostérone | S45: =S4 -> Prochloraz-0.13mg/L + Testostérone | T45: =T4 -> Prochloraz-0.25mg/L + Testostérone | U45: =U4 -> Prochloraz-0.5mg/L + Testostérone | V45: =V4 -> Prochloraz-1mg/L + Testostérone
A46: mean | B46: =AVERAGE(B28:B43) -> 0.03550645 | C46: =AVERAGE(C28:C43) -> 0.26183313 | D46: =AVERAGE(D28:D43) -> 0.64747592 | E46: =AVERAGE(E28:E43) -> 1.1443094 | F46: =AVERAGE(F28:F43) -> 3.6448299 | G46: =AVERAGE(G28:G43) -> 6.0717926 | H46: =AVERAGE(H28:H43) -> 5.8491207 | I46: =AVERAGE(I28:I43) -> 0.059518354 | ... M46: =AVERAGE(M28:M43) -> 0.10976163 | N46: mean | O46: =AVERAGE(O28:O43) -> 1 | P46: =AVERAGE(P28:P43) -> 4.7807756 | Q46: =AVERAGE(Q28:Q43) -> 0.050170083 | R46: =AVERAGE(R28:R43) -> 0.7001052 | S46: =AVERAGE(S28:S43) -> 0.26228565 | T46: =AVERAGE(T28:T43) -> 0.48825656 | U46: =AVERAGE(U28:U43) -> 0.10020362 | V46: =AVERAGE(V28:V43) -> 0.27453158
A47: SD | B47: =STDEV(B28:B43) -> 0.041373612 | C47: =STDEV(C28:C43) -> 0.32290982 | D47: =STDEV(D28:D43) -> 0.85808381 | E47: =STDEV(E28:E43) -> 0.88876528 | F47: =STDEV(F28:F43) -> 1.2479202 | G47: =STDEV(G28:G43) -> 2.4054481 | H47: =STDEV(H28:H43) -> 1.8785722 | I47: =STDEV(I28:I43) -> 0.055545273 | ... M47: =STDEV(M28:M43) -> 0.049728641 | N47: SD | O47: =STDEV(O28:O43) -> 1.1745846 | P47: =STDEV(P28:P43) -> 1.6074161 | Q47: =STDEV(Q28:Q43) -> 0.067555931 | R47: =STDEV(R28:R43) -> 1.2365989 | S47: =STDEV(S28:S43) -> 0.38805119 | T47: =STDEV(T28:T43) -> 0.50098985 | U47: =STDEV(U28:U43) -> 0.14939655 | V47: =STDEV(V28:V43) -> 0.6277081
A48: SEM | B48: =B47/SQRT(COUNT(B28:B43)) -> 0.014627781 | C48: =C47/SQRT(COUNT(C28:C43)) -> 0.11416586 | D48: =D47/SQRT(COUNT(D28:D43)) -> 0.30337844 | E48: =E47/SQRT(COUNT(E28:E43)) -> 0.31422598 | F48: =F47/SQRT(COUNT(F28:F43)) -> 0.44120641 | G48: =G47/SQRT(COUNT(G28:G43)) -> 0.90917391 | H48: =H47/SQRT(COUNT(H28:H43)) -> 0.66417555 | I48: =I47/SQRT(COUNT(I28:I43)) -> 0.02099414 | ... M48: =M47/SQRT(COUNT(M28:M43)) -> 0.01758173 | N48: SEM | O48: =O47/SQRT(COUNT(O28:O43)) -> 0.29364616 | P48: =P47/SQRT(COUNT(P28:P43)) -> 0.56830743 | Q48: =Q47/SQRT(COUNT(Q28:Q43)) -> 0.023884628 | R48: =R47/SQRT(COUNT(R28:R43)) -> 0.43720375 | S48: =S47/SQRT(COUNT(S28:S43)) -> 0.13719682 | T48: =T47/SQRT(COUNT(T28:T43)) -> 0.17712666 | U48: =U47/SQRT(COUNT(U28:U43)) -> 0.052819657 | V48: =V47/SQRT(COUNT(V28:V43)) -> 0.23725136
A50: 4. Expérimentateur 1 : réaliser les tests statistiques avec les données normalisées et renseigner les résultats ainsi que le test statistique utilisé dans le tableau violet.
A52: =A27 -> Noms des groupes | B52: =B27 -> Témoin solvant | C52: =C27 -> EE2-33.8ng/L | D52: =D27 -> EE2-50.6ng/L | E52: =E27 -> EE2-76ng/L | F52: =F27 -> EE2-114ng/L | G52: =G27 -> EE2-170.9ng/L | H52: =H27 -> EE2-488ng/L | I52: =I4 -> Prochloraz-0.063mg/L | J52: =J4 -> Prochloraz-0.13mg/L | K52: =K27 -> Prochloraz-0.25mg/L | L52: =L27 -> Prochloraz-0.5mg/L | M52: =M27 -> Prochloraz-1mg/L | O52: =O27 -> Testo -30µg/L | P52: =P27 -> Testo 30µg/L + EE2 -64ng/L | Q52: =Q27 -> Testo 30µg/L + FAD-10µg/L | R52: =R27 -> Prochloraz-0.063mg/L + Testostérone | S52: =S27 -> Prochloraz-0.13mg/L + Testostérone | T52: =T27 -> Prochloraz-0.25mg/L + Testostérone | U52: =U27 -> Prochloraz-0.5mg/L + Testostérone | V52: =V27 -> Prochloraz-1mg/L + Testostérone
A53: Mean | B53: =B46 -> 0.03550645 | C53: =C46 -> 0.26183313 | D53: =D46 -> 0.64747592 | E53: =E46 -> 1.1443094 | F53: =F46 -> 3.6448299 | G53: =G46 -> 6.0717926 | H53: =H46 -> 5.8491207 | I53: =I46 -> 0.059518354 | ... M53: =M46 -> 0.10976163 | O53: =O46 -> 1 | P53: =P46 -> 4.7807756 | Q53: =Q46 -> 0.050170083 | R53: =R46 -> 0.7001052 | S53: =S46 -> 0.26228565 | T53: =T46 -> 0.48825656 | U53: =U46 -> 0.10020362 | V53: =V46 -> 0.27453158
A54: SEM | B54: =B48 -> 0.014627781 | C54: =C48 -> 0.11416586 | D54: =D48 -> 0.30337844 | E54: =E48 -> 0.31422598 | F54: =F48 -> 0.44120641 | G54: =G48 -> 0.90917391 | H54: =H48 -> 0.66417555 | I54: =I48 -> 0.02099414 | ... M54: =M48 -> 0.01758173 | O54: =O48 -> 0.29364616 | P54: =P48 -> 0.56830743 | Q54: =Q48 -> 0.023884628 | R54: =R48 -> 0.43720375 | S54: =S48 -> 0.13719682 | T54: =T48 -> 0.17712666 | U54: =U48 -> 0.052819657 | V54: =V48 -> 0.23725136
A55: % induction | B55: =(B53*100/$B$53)-100 -> 0 | C55: =(C53*100/$B$53)-100 -> 637.42413 | D55: =(D53*100/$B$53)-100 -> 1723.5445 | E55: =(E53*100/$B$53)-100 -> 3122.8212 | F55: =(F53*100/$B$53)-100 -> 10165.261 | G55: =(G53*100/$B$53)-100 -> 17000.534 | H55: =(H53*100/$B$53)-100 -> 16373.404 | I55: =(I53*100/$B$53)-100 -> 67.62688 | ... M55: =(M53*100/$B$53)-100 -> 209.13153 | O55: =(O53*100/$O$53)-100 -> 0 | P55: =(P53*100/$O$53)-100 -> 378.07756 | Q55: =(Q53*100/$O$53)-100 -> -94.982992 | R55: =(R53*100/$O$53)-100 -> -29.98948 | S55: =(S53*100/$O$53)-100 -> -73.771435 | T55: =(T53*100/$O$53)-100 -> -51.174344 | U55: =(U53*100/$O$53)-100 -> -89.979638 | V55: =(V53*100/$O$53)-100 -> -72.546842
A56: Test de normalité : valeur du p | B56: =[1]!SWTEST(B28:B43) -> #NAME? | C56: =[1]!SWTEST(C28:C43) -> #NAME? | D56: =[1]!SWTEST(D28:D43) -> #NAME? | E56: =[1]!SWTEST(E28:E43) -> #NAME? | F56: =[1]!SWTEST(F28:F43) -> #NAME? | G56: =[1]!SWTEST(G28:G43) -> #NAME? | H56: =[1]!SWTEST(H28:H43) -> #NAME? | I56: =[1]!SWTEST(I28:I43) -> #NAME? | ... M56: =[1]!SWTEST(M28:M43) -> #NAME? | O56: =[1]!SWTEST(O28:O43) -> #NAME? | P56: =[1]!SWTEST(P28:P43) -> #NAME? | Q56: =[1]!SWTEST(Q28:Q43) -> #NAME? | R56: =[1]!SWTEST(R28:R43) -> #NAME? | S56: =[1]!SWTEST(S28:S43) -> #NAME? | T56: =[1]!SWTEST(T28:T43) -> #NAME? | U56: =[1]!SWTEST(U28:U43) -> #NAME? | V56: =[1]!SWTEST(V28:V43) -> #NAME?
A57: Test de normalité : résultat normal? | B57: =IF(B56>0.05,"Oui","Non") -> #NAME? | C57: =IF(C56>0.05,"Oui","Non") -> #NAME? | D57: =IF(D56>0.05,"Oui","Non") -> #NAME? | E57: =IF(E56>0.05,"Oui","Non") -> #NAME? | F57: =IF(F56>0.05,"Oui","Non") -> #NAME? | G57: =IF(G56>0.05,"Oui","Non") -> #NAME? | H57: =IF(H56>0.05,"Oui","Non") -> #NAME? | I57: =IF(I56>0.05,"Oui","Non") -> #NAME? | ... M57: =IF(M56>0.05,"Oui","Non") -> #NAME? | O57: =IF(O56>0.05,"Oui","Non") -> #NAME? | P57: =IF(P56>0.05,"Oui","Non") -> #NAME? | Q57: =IF(Q56>0.05,"Oui","Non") -> #NAME? | R57: =IF(R56>0.05,"Oui","Non") -> #NAME? | S57: =IF(S56>0.05,"Oui","Non") -> #NAME? | T57: =IF(T56>0.05,"Oui","Non") -> #NAME? | U57: =IF(U56>0.05,"Oui","Non") -> #NAME? | V57: =IF(V56>0.05,"Oui","Non") -> #NAME?
A59: Test statistique utilisé | C59: =IF($B57="Non",IF(C$57="Non","Mann Withney",IF(C$57="Oui","Mann Withney","")),IF($B$57="Oui",IF(C$57="Oui","T-Test Welch",IF(C$57="Non","Mann Withney","")))) -> #NAME? | D59: =IF($B57="Non",IF(D$57="Non","Mann Withney",IF(D$57="Oui","Mann Withney","")),IF($B$57="Oui",IF(D$57="Oui","T-Test Welch",IF(D$57="Non","Mann Withney","")))) -> #NAME? | E59: =IF($B57="Non",IF(E$57="Non","Mann Withney",IF(E$57="Oui","Mann Withney","")),IF($B$57="Oui",IF(E$57="Oui","T-Test Welch",IF(E$57="Non","Mann Withney","")))) -> #NAME? | F59: =IF($B57="Non",IF(F$57="Non","Mann Withney",IF(F$57="Oui","Mann Withney","")),IF($B$57="Oui",IF(F$57="Oui","T-Test Welch",IF(F$57="Non","Mann Withney","")))) -> #NAME? | G59: =IF($B57="Non",IF(G$57="Non","Mann Withney",IF(G$57="Oui","Mann Withney","")),IF($B$57="Oui",IF(G$57="Oui","T-Test Welch",IF(G$57="Non","Mann Withney","")))) -> #NAME? | H59: =IF($B57="Non",IF(H$57="Non","Mann Withney",IF(H$57="Oui","Mann Withney","")),IF($B$57="Oui",IF(H$57="Oui","T-Test Welch",IF(H$57="Non","Mann Withney","")))) -> #NAME? | I59: =IF($B57="Non",IF(I$57="Non","Mann Withney",IF(I$57="Oui","Mann Withney","")),IF($B$57="Oui",IF(I$57="Oui","T-Test Welch",IF(I$57="Non","Mann Withney","")))) -> #NAME? | J59: =IF($B57="Non",IF(J$57="Non","Mann Withney",IF(J$57="Oui","Mann Withney","")),IF($B$57="Oui",IF(J$57="Oui","T-Test Welch",IF(J$57="Non","Mann Withney","")))) -> #NAME? | ... M59: =IF($B57="Non",IF(M$57="Non","Mann Withney",IF(M$57="Oui","Mann Withney","")),IF($B$57="Oui",IF(M$57="Oui","T-Test Welch",IF(M$57="Non","Mann Withney","")))) -> #NAME? | O59: =IF($B57="Non",IF(O$57="Non","Mann Withney",IF(O$57="Oui","Mann Withney","")),IF($B$57="Oui",IF(O$57="Oui","T-Test Welch",IF(O$57="Non","Mann Withney","")))) -> #NAME? | P59: =IF($O57="Non",IF(P$57="Non","Mann Withney",IF(P$57="Oui","Mann Withney","")),IF($O$57="Oui",IF(P$57="Oui","T-Test Welch",IF(P$57="Non","Mann Withney","")))) -> #NAME? | Q59: =IF($O57="Non",IF(Q$57="Non","Mann Withney",IF(Q$57="Oui","Mann Withney","")),IF($O$57="Oui",IF(Q$57="Oui","T-Test Welch",IF(Q$57="Non","Mann Withney","")))) -> #NAME? | R59: =IF($O57="Non",IF(R$57="Non","Mann Withney",IF(R$57="Oui","Mann Withney","")),IF($O$57="Oui",IF(R$57="Oui","T-Test Welch",IF(R$57="Non","Mann Withney","")))) -> #NAME? | S59: =IF($O57="Non",IF(S$57="Non","Mann Withney",IF(S$57="Oui","Mann Withney","")),IF($O$57="Oui",IF(S$57="Oui","T-Test Welch",IF(S$57="Non","Mann Withney","")))) -> #NAME? | T59: =IF($O57="Non",IF(T$57="Non","Mann Withney",IF(T$57="Oui","Mann Withney","")),IF($O$57="Oui",IF(T$57="Oui","T-Test Welch",IF(T$57="Non","Mann Withney","")))) -> #NAME? | U59: =IF($O57="Non",IF(U$57="Non","Mann Withney",IF(U$57="Oui","Mann Withney","")),IF($O$57="Oui",IF(U$57="Oui","T-Test Welch",IF(U$57="Non","Mann Withney","")))) -> #NAME? | V59: =IF($O57="Non",IF(V$57="Non","Mann Withney",IF(V$57="Oui","Mann Withney","")),IF($O$57="Oui",IF(V$57="Oui","T-Test Welch",IF(V$57="Non","Mann Withney","")))) -> #NAME?
A60: Test statistique : valeur du p | C60: =IF(C59="Mann Withney",[1]!MTEST($B28:$B43,C28:C43,2), IF(C59="T-Test Welch",_xlfn.T.TEST($B28:$B43,C28:C43,2,3),"")) -> #NAME? | D60: =IF(D59="Mann Withney",[1]!MTEST($B28:$B43,D28:D43,2), IF(D59="T-Test Welch",_xlfn.T.TEST($B28:$B43,D28:D43,2,3),"")) -> #NAME? | E60: =IF(E59="Mann Withney",[1]!MTEST($B28:$B43,E28:E43,2), IF(E59="T-Test Welch",_xlfn.T.TEST($B28:$B43,E28:E43,2,3),"")) -> #NAME? | F60: =IF(F59="Mann Withney",[1]!MTEST($B28:$B43,F28:F43,2), IF(F59="T-Test Welch",_xlfn.T.TEST($B28:$B43,F28:F43,2,3),"")) -> #NAME? | G60: =IF(G59="Mann Withney",[1]!MTEST($B28:$B43,G28:G43,2), IF(G59="T-Test Welch",_xlfn.T.TEST($B28:$B43,G28:G43,2,3),"")) -> #NAME? | H60: =IF(H59="Mann Withney",[1]!MTEST($B28:$B43,H28:H43,2), IF(H59="T-Test Welch",_xlfn.T.TEST($B28:$B43,H28:H43,2,3),"")) -> #NAME? | I60: =IF(I59="Mann Withney",[1]!MTEST($B28:$B43,I28:I43,2), IF(I59="T-Test Welch",_xlfn.T.TEST($B28:$B43,I28:I43,2,3),"")) -> #NAME? | J60: =IF(J59="Mann Withney",[1]!MTEST($B28:$B43,J28:J43,2), IF(J59="T-Test Welch",_xlfn.T.TEST($B28:$B43,J28:J43,2,3),"")) -> #NAME? | ... M60: =IF(M59="Mann Withney",[1]!MTEST($B28:$B43,M28:M43,2), IF(M59="T-Test Welch",_xlfn.T.TEST($B28:$B43,M28:M43,2,3),"")) -> #NAME? | O60: =IF(O59="Mann Withney",[1]!MTEST($B28:$B43,O28:O43,2), IF(O59="T-Test Welch",_xlfn.T.TEST($B28:$B43,O28:O43,2,3),"")) -> #NAME? | P60: =IF(P59="Mann Withney",[1]!MTEST($O28:$O43,P28:P43,2), IF(P59="T-Test Welch",_xlfn.T.TEST($O28:$O43,P28:P43,2,3),"")) -> #NAME? | Q60: =IF(Q59="Mann Withney",[1]!MTEST($O28:$O43,Q28:Q43,2), IF(Q59="T-Test Welch",_xlfn.T.TEST($O28:$O43,Q28:Q43,2,3),"")) -> #NAME? | R60: =IF(R59="Mann Withney",[1]!MTEST($O28:$O43,R28:R43,2), IF(R59="T-Test Welch",_xlfn.T.TEST($O28:$O43,R28:R43,2,3),"")) -> #NAME? | S60: =IF(S59="Mann Withney",[1]!MTEST($O28:$O43,S28:S43,2), IF(S59="T-Test Welch",_xlfn.T.TEST($O28:$O43,S28:S43,2,3),"")) -> #NAME? | T60: =IF(T59="Mann Withney",[1]!MTEST($O28:$O43,T28:T43,2), IF(T59="T-Test Welch",_xlfn.T.TEST($O28:$O43,T28:T43,2,3),"")) -> #NAME? | U60: =IF(U59="Mann Withney",[1]!MTEST($O28:$O43,U28:U43,2), IF(U59="T-Test Welch",_xlfn.T.TEST($O28:$O43,U28:U43,2,3),"")) -> #NAME? | V60: =IF(V59="Mann Withney",[1]!MTEST($O28:$O43,V28:V43,2), IF(V59="T-Test Welch",_xlfn.T.TEST($O28:$O43,V28:V43,2,3),"")) -> #NAME?
A61: Annotation | C61: =IF(C60>0.05,"NS",IF(C60>0.01,"*",IF(C60>0.001,"**","***"))) -> #NAME? | D61: =IF(D60>0.05,"NS",IF(D60>0.01,"*",IF(D60>0.001,"**","***"))) -> #NAME? | E61: =IF(E60>0.05,"NS",IF(E60>0.01,"*",IF(E60>0.001,"**","***"))) -> #NAME? | F61: =IF(F60>0.05,"NS",IF(F60>0.01,"*",IF(F60>0.001,"**","***"))) -> #NAME? | G61: =IF(G60>0.05,"NS",IF(G60>0.01,"*",IF(G60>0.001,"**","***"))) -> #NAME? | H61: =IF(H60>0.05,"NS",IF(H60>0.01,"*",IF(H60>0.001,"**","***"))) -> #NAME? | I61: =IF(I60>0.05,"NS",IF(I60>0.01,"*",IF(I60>0.001,"**","***"))) -> #NAME? | J61: =IF(J60>0.05,"NS",IF(J60>0.01,"*",IF(J60>0.001,"**","***"))) -> #NAME? | ... M61: =IF(M60>0.05,"NS",IF(M60>0.01,"*",IF(M60>0.001,"**","***"))) -> #NAME? | O61: =IF(O60>0.05,"NS",IF(O60>0.01,"*",IF(O60>0.001,"**","***"))) -> #NAME? | P61: =IF(P60>0.05,"NS",IF(P60>0.01,"*",IF(P60>0.001,"**","***"))) -> #NAME? | Q61: =IF(Q60>0.05,"NS",IF(Q60>0.01,"*",IF(Q60>0.001,"**","***"))) -> #NAME? | R61: =IF(R60>0.05,"NS",IF(R60>0.01,"*",IF(R60>0.001,"**","***"))) -> #NAME? | S61: =IF(S60>0.05,"NS",IF(S60>0.01,"*",IF(S60>0.001,"**","***"))) -> #NAME? | T61: =IF(T60>0.05,"NS",IF(T60>0.01,"*",IF(T60>0.001,"**","***"))) -> #NAME? | U61: =IF(U60>0.05,"NS",IF(U60>0.01,"*",IF(U60>0.001,"**","***"))) -> #NAME? | V61: =IF(V60>0.05,"NS",IF(V60>0.01,"*",IF(V60>0.001,"**","***"))) -> #NAME?
A63: Eléments pour la mise en forme conditionnelles des résutats - calcul équivalent hormonal (eqH)
A64: LOD | B64: =B46+(3*B47) -> 0.15962728
A65: LOQ | B65: =B46+(10*B47) -> 0.44924257
A67: 5. Expérimentateur 1 : remplissage du suivi qualité (SQ) et transmission à l'expérimenteur 2.

Sheet Raw data R2
A1: Nom groupe | B1: N° de valeur | C1: file name | D1: total area | E1: mean intensity | G1: total fluorescence | I1: nbre de larves | L1: (Tous)
A2: =IFERROR(LEFT(RIGHT(C2,LEN(C2)-SEARCH("@",C2)),SEARCH("/",RIGHT(C2,LEN(C2)-SEARCH("@",C2)-1))),"") | B2: =LEFT(RIGHT(RIGHT(Tableau46[[#This Row],[file name]],LEN(Tableau46[[#This Row],[file name]])-SEARCH("@",Tableau46[[#This Row],[file name]])),LEN(RIGHT(Tableau46[[#This Row],[file name]],LEN(Tableau46[[#This Row],[file name]])-SEARCH("@",Tableau46[[#This Row],[file name]])))-SEARCH("/",RIGHT(Tableau46[[#This Row],[file name]],LEN(Tableau46[[#This Row],[file name]])-SEARCH("@",Tableau46[[#This Row],[file name]])))),1) -> #VALUE! | K2: Filtre lignes : Enlever (vide) et Néant | L2: Filtre colonnes : Enlever (vide) et " "
A3: =IFERROR(LEFT(RIGHT(C3,LEN(C3)-SEARCH("@",C3)),SEARCH("/",RIGHT(C3,LEN(C3)-SEARCH("@",C3)-1))),"") | B3: =LEFT(RIGHT(RIGHT(Tableau46[[#This Row],[file name]],LEN(Tableau46[[#This Row],[file name]])-SEARCH("@",Tableau46[[#This Row],[file name]])),LEN(RIGHT(Tableau46[[#This Row],[file name]],LEN(Tableau46[[#This Row],[file name]])-SEARCH("@",Tableau46[[#This Row],[file name]])))-SEARCH("/",RIGHT(Tableau46[[#This Row],[file name]],LEN(Tableau46[[#This Row],[file name]])-SEARCH("@",Tableau46[[#This Row],[file name]])))),1) -> #VALUE! | K3: Moyenne de total fluorescence | L3: Étiquettes de colonnes
A4: =IFERROR(LEFT(RIGHT(C4,LEN(C4)-SEARCH("@",C4)),SEARCH("/",RIGHT(C4,LEN(C4)-SEARCH("@",C4)-1))),"") | B4: =LEFT(RIGHT(RIGHT(Tableau46[[#This Row],[file name]],LEN(Tableau46[[#This Row],[file name]])-SEARCH("@",Tableau46[[#This Row],[file name]])),LEN(RIGHT(Tableau46[[#This Row],[file name]],LEN(Tableau46[[#This Row],[file name]])-SEARCH("@",Tableau46[[#This Row],[file name]])))-SEARCH("/",RIGHT(Tableau46[[#This Row],[file name]],LEN(Tableau46[[#This Row],[file name]])-SEARCH("@",Tableau46[[#This Row],[file name]])))),1) -> #VALUE! | K4: Étiquettes de lignes
A5: =IFERROR(LEFT(RIGHT(C5,LEN(C5)-SEARCH("@",C5)),SEARCH("/",RIGHT(C5,LEN(C5)-SEARCH("@",C5)-1))),"") | B5: =LEFT(RIGHT(RIGHT(Tableau46[[#This Row],[file name]],LEN(Tableau46[[#This Row],[file name]])-SEARCH("@",Tableau46[[#This Row],[file name]])),LEN(RIGHT(Tableau46[[#This Row],[file name]],LEN(Tableau46[[#This Row],[file name]])-SEARCH("@",Tableau46[[#This Row],[file name]])))-SEARCH("/",RIGHT(Tableau46[[#This Row],[file name]],LEN(Tableau46[[#This Row],[file name]])-SEARCH("@",Tableau46[[#This Row],[file name]])))),1) -> #VALUE! | K5: #VALEUR!
A6: =IFERROR(LEFT(RIGHT(C6,LEN(C6)-SEARCH("@",C6)),SEARCH("/",RIGHT(C6,LEN(C6)-SEARCH("@",C6)-1))),"") | B6: =LEFT(RIGHT(RIGHT(Tableau46[[#This Row],[file name]],LEN(Tableau46[[#This Row],[file name]])-SEARCH("@",Tableau46[[#This Row],[file name]])),LEN(RIGHT(Tableau46[[#This Row],[file name]],LEN(Tableau46[[#This Row],[file name]])-SEARCH("@",Tableau46[[#This Row],[file name]])))-SEARCH("/",RIGHT(Tableau46[[#This Row],[file name]],LEN(Tableau46[[#This Row],[file name]])-SEARCH("@",Tableau46[[#This Row],[file name]])))),1) -> #VALUE!
A7: =IFERROR(LEFT(RIGHT(C7,LEN(C7)-SEARCH("@",C7)),SEARCH("/",RIGHT(C7,LEN(C7)-SEARCH("@",C7)-1))),"") | B7: =LEFT(RIGHT(RIGHT(Tableau46[[#This Row],[file name]],LEN(Tableau46[[#This Row],[file name]])-SEARCH("@",Tableau46[[#This Row],[file name]])),LEN(RIGHT(Tableau46[[#This Row],[file name]],LEN(Tableau46[[#This Row],[file name]])-SEARCH("@",Tableau46[[#This Row],[file name]])))-SEARCH("/",RIGHT(Tableau46[[#This Row],[file name]],LEN(Tableau46[[#This Row],[file name]])-SEARCH("@",Tableau46[[#This Row],[file name]])))),1) -> #VALUE!
A8: =IFERROR(LEFT(RIGHT(C8,LEN(C8)-SEARCH("@",C8)),SEARCH("/",RIGHT(C8,LEN(C8)-SEARCH("@",C8)-1))),"") | B8: =LEFT(RIGHT(RIGHT(Tableau46[[#This Row],[file name]],LEN(Tableau46[[#This Row],[file name]])-SEARCH("@",Tableau46[[#This Row],[file name]])),LEN(RIGHT(Tableau46[[#This Row],[file name]],LEN(Tableau46[[#This Row],[file name]])-SEARCH("@",Tableau46[[#This Row],[file name]])))-SEARCH("/",RIGHT(Tableau46[[#This Row],[file name]],LEN(Tableau46[[#This Row],[file name]])-SEARCH("@",Tableau46[[#This Row],[file name]])))),1) -> #VALUE!
A9: =IFERROR(LEFT(RIGHT(C9,LEN(C9)-SEARCH("@",C9)),SEARCH("/",RIGHT(C9,LEN(C9)-SEARCH("@",C9)-1))),"") | B9: =LEFT(RIGHT(RIGHT(Tableau46[[#This Row],[file name]],LEN(Tableau46[[#This Row],[file name]])-SEARCH("@",Tableau46[[#This Row],[file name]])),LEN(RIGHT(Tableau46[[#This Row],[file name]],LEN(Tableau46[[#This Row],[file name]])-SEARCH("@",Tableau46[[#This Row],[file name]])))-SEARCH("/",RIGHT(Tableau46[[#This Row],[file name]],LEN(Tableau46[[#This Row],[file name]])-SEARCH("@",Tableau46[[#This Row],[file name]])))),1) -> #VALUE!
A10: =IFERROR(LEFT(RIGHT(C10,LEN(C10)-SEARCH("@",C10)),SEARCH("/",RIGHT(C10,LEN(C10)-SEARCH("@",C10)-1))),"") | B10: =LEFT(RIGHT(RIGHT(Tableau46[[#This Row],[file name]],LEN(Tableau46[[#This Row],[file name]])-SEARCH("@",Tableau46[[#This Row],[file name]])),LEN(RIGHT(Tableau46[[#This Row],[file name]],LEN(Tableau46[[#This Row],[file name]])-SEARCH("@",Tableau46[[#This Row],[file name]])))-SEARCH("/",RIGHT(Tableau46[[#This Row],[file name]],LEN(Tableau46[[#This Row],[file name]])-SEARCH("@",Tableau46[[#This Row],[file name]])))),1) -> #VALUE!
A11: =IFERROR(LEFT(RIGHT(C11,LEN(C11)-SEARCH("@",C11)),SEARCH("/",RIGHT(C11,LEN(C11)-SEARCH("@",C11)-1))),"") | B11: =LEFT(RIGHT(RIGHT(Tableau46[[#This Row],[file name]],LEN(Tableau46[[#This Row],[file name]])-SEARCH("@",Tableau46[[#This Row],[file name]])),LEN(RIGHT(Tableau46[[#This Row],[file name]],LEN(Tableau46[[#This Row],[file name]])-SEARCH("@",Tableau46[[#This Row],[file name]])))-SEARCH("/",RIGHT(Tableau46[[#This Row],[file name]],LEN(Tableau46[[#This Row],[file name]])-SEARCH("@",Tableau46[[#This Row],[file name]])))),1) -> #VALUE!
A12: =IFERROR(LEFT(RIGHT(C12,LEN(C12)-SEARCH("@",C12)),SEARCH("/",RIGHT(C12,LEN(C12)-SEARCH("@",C12)-1))),"") | B12: =LEFT(RIGHT(RIGHT(Tableau46[[#This Row],[file name]],LEN(Tableau46[[#This Row],[file name]])-SEARCH("@",Tableau46[[#This Row],[file name]])),LEN(RIGHT(Tableau46[[#This Row],[file name]],LEN(Tableau46[[#This Row],[file name]])-SEARCH("@",Tableau46[[#This Row],[file name]])))-SEARCH("/",RIGHT(Tableau46[[#This Row],[file name]],LEN(Tableau46[[#This Row],[file name]])-SEARCH("@",Tableau46[[#This Row],[file name]])))),1) -> #VALUE!
A13: =IFERROR(LEFT(RIGHT(C13,LEN(C13)-SEARCH("@",C13)),SEARCH("/",RIGHT(C13,LEN(C13)-SEARCH("@",C13)-1))),"") | B13: =LEFT(RIGHT(RIGHT(Tableau46[[#This Row],[file name]],LEN(Tableau46[[#This Row],[file name]])-SEARCH("@",Tableau46[[#This Row],[file name]])),LEN(RIGHT(Tableau46[[#This Row],[file name]],LEN(Tableau46[[#This Row],[file name]])-SEARCH("@",Tableau46[[#This Row],[file name]])))-SEARCH("/",RIGHT(Tableau46[[#This Row],[file name]],LEN(Tableau46[[#This Row],[file name]])-SEARCH("@",Tableau46[[#This Row],[file name]])))),1) -> #VALUE!
A14: =IFERROR(LEFT(RIGHT(C14,LEN(C14)-SEARCH("@",C14)),SEARCH("/",RIGHT(C14,LEN(C14)-SEARCH("@",C14)-1))),"") | B14: =LEFT(RIGHT(RIGHT(Tableau46[[#This Row],[file name]],LEN(Tableau46[[#This Row],[file name]])-SEARCH("@",Tableau46[[#This Row],[file name]])),LEN(RIGHT(Tableau46[[#This Row],[file name]],LEN(Tableau46[[#This Row],[file name]])-SEARCH("@",Tableau46[[#This Row],[file name]])))-SEARCH("/",RIGHT(Tableau46[[#This Row],[file name]],LEN(Tableau46[[#This Row],[file name]])-SEARCH("@",Tableau46[[#This Row],[file name]])))),1) -> #VALUE!
A15: =IFERROR(LEFT(RIGHT(C15,LEN(C15)-SEARCH("@",C15)),SEARCH("/",RIGHT(C15,LEN(C15)-SEARCH("@",C15)-1))),"") | B15: =LEFT(RIGHT(RIGHT(Tableau46[[#This Row],[file name]],LEN(Tableau46[[#This Row],[file name]])-SEARCH("@",Tableau46[[#This Row],[file name]])),LEN(RIGHT(Tableau46[[#This Row],[file name]],LEN(Tableau46[[#This Row],[file name]])-SEARCH("@",Tableau46[[#This Row],[file name]])))-SEARCH("/",RIGHT(Tableau46[[#This Row],[file name]],LEN(Tableau46[[#This Row],[file name]])-SEARCH("@",Tableau46[[#This Row],[file name]])))),1) -> #VALUE!
A16: =IFERROR(LEFT(RIGHT(C16,LEN(C16)-SEARCH("@",C16)),SEARCH("/",RIGHT(C16,LEN(C16)-SEARCH("@",C16)-1))),"") | B16: =LEFT(RIGHT(RIGHT(Tableau46[[#This Row],[file name]],LEN(Tableau46[[#This Row],[file name]])-SEARCH("@",Tableau46[[#This Row],[file name]])),LEN(RIGHT(Tableau46[[#This Row],[file name]],LEN(Tableau46[[#This Row],[file name]])-SEARCH("@",Tableau46[[#This Row],[file name]])))-SEARCH("/",RIGHT(Tableau46[[#This Row],[file name]],LEN(Tableau46[[#This Row],[file name]])-SEARCH("@",Tableau46[[#This Row],[file name]])))),1) -> #VALUE!
A17: =IFERROR(LEFT(RIGHT(C17,LEN(C17)-SEARCH("@",C17)),SEARCH("/",RIGHT(C17,LEN(C17)-SEARCH("@",C17)-1))),"") | B17: =LEFT(RIGHT(RIGHT(Tableau46[[#This Row],[file name]],LEN(Tableau46[[#This Row],[file name]])-SEARCH("@",Tableau46[[#This Row],[file name]])),LEN(RIGHT(Tableau46[[#This Row],[file name]],LEN(Tableau46[[#This Row],[file name]])-SEARCH("@",Tableau46[[#This Row],[file name]])))-SEARCH("/",RIGHT(Tableau46[[#This Row],[file name]],LEN(Tableau46[[#This Row],[file name]])-SEARCH("@",Tableau46[[#This Row],[file name]])))),1) -> #VALUE!
... A1531: =IFERROR(LEFT(RIGHT(C1531,LEN(C1531)-SEARCH("@",C1531)),SEARCH("/",RIGHT(C1531,LEN(C1531)-SEARCH("@",C1531)-1))),"") | B1531: =LEFT(RIGHT(RIGHT(Tableau46[[#This Row],[file name]],LEN(Tableau46[[#This Row],[file name]])-SEARCH("@",Tableau46[[#This Row],[file name]])),LEN(RIGHT(Tableau46[[#This Row],[file name]],LEN(Tableau46[[#This Row],[file name]])-SEARCH("@",Tableau46[[#This Row],[file name]])))-SEARCH("/",RIGHT(Tableau46[[#This Row],[file name]],LEN(Tableau46[[#This Row],[file name]])-SEARCH("@",Tableau46[[#This Row],[file name]])))),1) -> #VALUE!

Sheet R2
A1: 6. Expérimentateur 2 : copier et coller les valeurs des intensités totales de fluorescences obtenues dans le fichier raw data lors du traitement des images. Ne pas supprimer les colonnes correspondant aux concentrations non lues.
A3: R2 | B3: Non dopé | O3: avec testo
A4: Noms des groupes | B4: ='Page de garde'!A7 -> Témoin solvant | C4: ='Page de garde'!A9 -> EE2-33.8ng/L | D4: ='Page de garde'!A10 -> EE2-50.6ng/L | E4: ='Page de garde'!A11 -> EE2-76ng/L | F4: ='Page de garde'!A12 -> EE2-114ng/L | G4: ='Page de garde'!A13 -> EE2-170.9ng/L | H4: ='Page de garde'!A14 -> EE2-488ng/L | I4: ='Page de garde'!A15 -> Prochloraz-0.063mg/L | J4: ='Page de garde'!A16 -> Prochloraz-0.13mg/L | K4: ='Page de garde'!A17 -> Prochloraz-0.25mg/L | L4: ='Page de garde'!A18 -> Prochloraz-0.5mg/L | M4: ='Page de garde'!A19 -> Prochloraz-1mg/L | O4: ='Page de garde'!A36 -> Testo -30µg/L | P4: ='Page de garde'!A37 -> Testo 30µg/L + EE2 -64ng/L | Q4: ='Page de garde'!A38 -> Testo 30µg/L + FAD-10µg/L | R4: ='Page de garde'!A39 -> Prochloraz-0.063mg/L + Testostérone | S4: ='Page de garde'!A40 -> Prochloraz-0.13mg/L + Testostérone | T4: ='Page de garde'!A41 -> Prochloraz-0.25mg/L + Testostérone | U4: ='Page de garde'!A42 -> Prochloraz-0.5mg/L + Testostérone | V4: ='Page de garde'!A43 -> Prochloraz-1mg/L + Testostérone
A5: Données brutes | B5: 149372 | C5: 33844 | D5: 456092 | E5: 2899117 | F5: 5759557 | G5: 5422705 | H5: 13022906 | I5: 271568 | J5: 18941 | K5: 11090 | L5: 47166 | M5: 1216 | O5: 5134886 | P5: 2277303 | Q5: 104077 | R5: 140274 | S5: 2302835 | T5: 1581973 | U5: 121694 | V5: 36062
B6: 135517 | C6: 155757 | D6: 41239 | E6: 1547180 | F6: 8237697 | G6: 9780730 | H6: 12561495 | I6: 284544 | J6: 436246 | K6: 150941 | L6: 65801 | M6: 81150 | O6: 3805757 | P6: 8253862 | Q6: 245377 | R6: 53826 | S6: 120296 | T6: 154690 | U6: 28101 | V6: 38139
B7: 33126 | C7: 51183 | D7: 148387 | E7: 145232 | F7: 5127448 | G7: 11425175 | H7: 3256763 | I7: 356258 | J7: 71435 | K7: 90099 | L7: 128719 | M7: 96936 | O7: 4831043 | P7: 5909894 | Q7: 130351 | R7: 494013 | S7: 1696310 | T7: 75509 | U7: 37486 | V7: 140099
B8: 44916 | C8: 452890 | D8: 116127 | E8: 1886784 | F8: 13014237 | G8: 10848075 | H8: 14622003 | I8: 113271 | J8: 291509 | K8: 178685 | L8: 95556 | M8: 43070 | O8: 4116104 | P8: 4996432 | Q8: 24708 | R8: 438026 | S8: 531368 | T8: 33952 | U8: 123807 | V8: 43047
B9: 16167 | C9: 171180 | D9: 348811 | E9: 1647783 | F9: 4424599 | G9: 12509888 | H9: 21270490 | I9: 149674 | J9: 270182 | K9: 5885 | L9: 55637 | M9: 93318 | O9: 3322818 | P9: 4236178 | Q9: 24531 | R9: 1890596 | S9: 169203 | T9: 63374 | U9: 229876 | V9: 736109
B10: 156525 | C10: 66860 | D10: 220815 | E10: 2683844 | F10: 4865092 | G10: 7409035 | H10: 17156783 | I10: 376141 | J10: 932194 | K10: 61799 | L10: 79307 | M10: 136264 | O10: 804720 | P10: 1606612 | Q10: 141707 | R10: 1148 | S10: 364856 | T10: 31036 | U10: 10880 | V10: 184916
B11: 7719 | C11: 639303 | D11: 903592 | E11: 836476 | F11: 3078611 | G11: 2426504 | H11: 10284233 | I11: 78302 | J11: 31272 | K11: 174879 | L11: 193731 | M11: 46016 | O11: 777545 | P11: 2030500 | Q11: 27910 | R11: 192639 | S11: 206243 | T11: 69706 | U11: 53607 | V11: 173797
B12: 28375 | C12: 66869 | D12: 377278 | E12: 6906235 | F12: 5866782 | G12: 5555755 | H12: 11608714 | I12: 184347 | J12: 357066 | K12: 115549 | L12: 263021 | O12: 1591366 | P12: 3380577 | Q12: 12222 | R12: 698727 | S12: 244571 | T12: 351147 | U12: 198945 | V12: 47413
O13: 85467
O14: 1806021
O15: 2813577
O16: 1070165
O17: 830157
O18: 5574603
O19: 1779738
O20: 3824389
A22: =A4 -> Noms des groupes | B22: =B4 -> Témoin solvant | C22: =C4 -> EE2-33.8ng/L | D22: =D4 -> EE2-50.6ng/L | E22: =E4 -> EE2-76ng/L | F22: =F4 -> EE2-114ng/L | G22: =G4 -> EE2-170.9ng/L | H22: =H4 -> EE2-488ng/L | ... M22: =M4 -> Prochloraz-1mg/L | N22: Noms des groupes | O22: =O4 -> Testo -30µg/L | P22: =P4 -> Testo 30µg/L + EE2 -64ng/L | Q22: =Q4 -> Testo 30µg/L + FAD-10µg/L | R22: =R4 -> Prochloraz-0.063mg/L + Testostérone | S22: =S4 -> Prochloraz-0.13mg/L + Testostérone | T22: =T4 -> Prochloraz-0.25mg/L + Testostérone | U22: =U4 -> Prochloraz-0.5mg/L + Testostérone | V22: =V4 -> Prochloraz-1mg/L + Testostérone
A23: mean | B23: =AVERAGE(B5:B20) -> 71464.625 | C23: =AVERAGE(C5:C20) -> 204735.75 | D23: =AVERAGE(D5:D20) -> 326542.62 | E23: =AVERAGE(E5:E20) -> 2319081.4 | F23: =AVERAGE(F5:F20) -> 6296752.9 | G23: =AVERAGE(G5:G20) -> 8172233.4 | H23: =AVERAGE(H5:H20) -> 12972923 | I23: =AVERAGE(I5:I20) -> 226763.12 | J23: =AVERAGE(J5:J20) -> 301105.62 | L23: =AVERAGE(L5:L20) -> 116117.25 | N23: mean | O23: =AVERAGE(O5:O20) -> 2635522.2 | P23: =AVERAGE(P5:P20) -> 4086419.8 | Q23: =AVERAGE(Q5:Q20) -> 88860.375 | R23: =AVERAGE(R5:R20) -> 488656.12 | S23: =AVERAGE(S5:S20) -> 704460.25 | T23: =AVERAGE(T5:T20) -> 295173.38 | U23: =AVERAGE(U5:U20) -> 100549.5 | V23: =AVERAGE(V5:V20) -> 174947.75
A24: SD | B24: =STDEV(B5:B20) -> 63875.169 | C24: =STDEV(C5:C20) -> 221924.55 | D24: =STDEV(D5:D20) -> 272928.47 | E24: =STDEV(E5:E20) -> 2058729.3 | F24: =STDEV(F5:F20) -> 3085533.9 | G24: =STDEV(G5:G20) -> 3528375 | H24: =STDEV(H5:H20) -> 5247304.4 | I24: =STDEV(I5:I20) -> 111542.31 | J24: =STDEV(J5:J20) -> 299020.08 | L24: =STDEV(L5:L20) -> 76049.824 | N24: SD | O24: =STDEV(O5:O20) -> 1764680.7 | P24: =STDEV(P5:P20) -> 2258019.1 | Q24: =STDEV(Q5:Q20) -> 82015.174 | R24: =STDEV(R5:R20) -> 615037.16 | S24: =STDEV(S5:S20) -> 825601.64 | T24: =STDEV(T5:T20) -> 530437.28 | U24: =STDEV(U5:U20) -> 81823.003 | V24: =STDEV(V5:V20) -> 235398.11
B26: Non dopé | O26: avec testo
A27: Noms des groupes | B27: =B4 -> Témoin solvant | C27: =C4 -> EE2-33.8ng/L | D27: =D4 -> EE2-50.6ng/L | E27: =E4 -> EE2-76ng/L | F27: =F4 -> EE2-114ng/L | G27: =G4 -> EE2-170.9ng/L | H27: =H4 -> EE2-488ng/L | I27: =I4 -> Prochloraz-0.063mg/L | ... M27: =M4 -> Prochloraz-1mg/L | O27: =O4 -> Testo -30µg/L | P27: =P4 -> Testo 30µg/L + EE2 -64ng/L | Q27: =Q4 -> Testo 30µg/L + FAD-10µg/L | R27: =R4 -> Prochloraz-0.063mg/L + Testostérone | S27: =S4 -> Prochloraz-0.13mg/L + Testostérone | T27: =T4 -> Prochloraz-0.25mg/L + Testostérone | U27: =U4 -> Prochloraz-0.5mg/L + Testostérone | V27: =V4 -> Prochloraz-1mg/L + Testostérone
A28: Données normalisées sur la moyenne du groupe "Testo" | B28: =IF(B5="","",(B5/$O$23)) -> 0.056676433 | C28: =IF(C5="","",(C5/$O$23)) -> 0.012841478 | D28: =IF(D5="","",(D5/$O$23)) -> 0.17305564 | E28: =IF(E5="","",(E5/$O$23)) -> 1.1000161 | F28: =IF(F5="","",(F5/$O$23)) -> 2.185357 | G28: =IF(G5="","",(G5/$O$23)) -> 2.0575448 | H28: =IF(H5="","",(H5/$O$23)) -> 4.9413 | I28: =IF(I5="","",(I5/$O$23)) -> 0.10304144 | ... M28: =IF(M5="","",(M5/$O$23)) -> 0.00046138863 | O28: =IF(O5="","",(O5/$O$23)) -> 1.9483372 | P28: =IF(P5="","",(P5/$O$23)) -> 0.86408035 | Q28: =IF(Q5="","",(Q5/$O$23)) -> 0.039490086 | R28: =IF(R5="","",(R5/$O$23)) -> 0.053224366 | S28: =IF(S5="","",(S5/$O$23)) -> 0.873768 | T28: =IF(T5="","",(T5/$O$23)) -> 0.60025029 | U28: =IF(U5="","",(U5/$O$23)) -> 0.04617453 | V28: =IF(V5="","",(V5/$O$23)) -> 0.013683057
B29: =IF(B6="","",(B6/$O$23)) -> 0.05141941 | C29: =IF(C6="","",(C6/$O$23)) -> 0.059099103 | D29: =IF(D6="","",(D6/$O$23)) -> 0.015647373 | E29: =IF(E6="","",(E6/$O$23)) -> 0.58704873 | F29: =IF(F6="","",(F6/$O$23)) -> 3.1256412 | G29: =IF(G6="","",(G6/$O$23)) -> 3.7111165 | H29: =IF(H6="","",(H6/$O$23)) -> 4.7662261 | I29: =IF(I6="","",(I6/$O$23)) -> 0.10796494 | ... M29: =IF(M6="","",(M6/$O$23)) -> 0.030790861 | O29: =IF(O6="","",(O6/$O$23)) -> 1.4440239 | P29: =IF(P6="","",(P6/$O$23)) -> 3.1317747 | Q29: =IF(Q6="","",(Q6/$O$23)) -> 0.093103748 | R29: =IF(R6="","",(R6/$O$23)) -> 0.020423277 | S29: =IF(S6="","",(S6/$O$23)) -> 0.045644084 | T29: =IF(T6="","",(T6/$O$23)) -> 0.058694249 | U29: =IF(U6="","",(U6/$O$23)) -> 0.010662403 | V29: =IF(V6="","",(V6/$O$23)) -> 0.014471136
B30: =IF(B7="","",(B7/$O$23)) -> 0.012569046 | C30: =IF(C7="","",(C7/$O$23)) -> 0.019420439 | D30: =IF(D7="","",(D7/$O$23)) -> 0.056302693 | E30: =IF(E7="","",(E7/$O$23)) -> 0.055105587 | F30: =IF(F7="","",(F7/$O$23)) -> 1.945515 | G30: =IF(G7="","",(G7/$O$23)) -> 4.3350706 | H30: =IF(H7="","",(H7/$O$23)) -> 1.2357183 | I30: =IF(I7="","",(I7/$O$23)) -> 0.13517549 | ... M30: =IF(M7="","",(M7/$O$23)) -> 0.036780566 | O30: =IF(O7="","",(O7/$O$23)) -> 1.8330496 | P30: =IF(P7="","",(P7/$O$23)) -> 2.2423996 | Q30: =IF(Q7="","",(Q7/$O$23)) -> 0.049459268 | R30: =IF(R7="","",(R7/$O$23)) -> 0.18744406 | S30: =IF(S7="","",(S7/$O$23)) -> 0.64363334 | T30: =IF(T7="","",(T7/$O$23)) -> 0.028650489 | U30: =IF(U7="","",(U7/$O$23)) -> 0.014223367 | V30: =IF(V7="","",(V7/$O$23)) -> 0.053157965
B31: =IF(B8="","",(B8/$O$23)) -> 0.017042543 | C31: =IF(C8="","",(C8/$O$23)) -> 0.1718407 | D31: =IF(D8="","",(D8/$O$23)) -> 0.044062235 | E31: =IF(E8="","",(E8/$O$23)) -> 0.71590517 | F31: =IF(F8="","",(F8/$O$23)) -> 4.9380107 | G31: =IF(G8="","",(G8/$O$23)) -> 4.1161007 | H31: =IF(H8="","",(H8/$O$23)) -> 5.5480476 | I31: =IF(I8="","",(I8/$O$23)) -> 0.042978579 | ... M31: =IF(M8="","",(M8/$O$23)) -> 0.016342112 | O31: =IF(O8="","",(O8/$O$23)) -> 1.5617793 | P31: =IF(P8="","",(P8/$O$23)) -> 1.8958034 | Q31: =IF(Q8="","",(Q8/$O$23)) -> 0.009374992 | R31: =IF(R8="","",(R8/$O$23)) -> 0.16620084 | S31: =IF(S8="","",(S8/$O$23)) -> 0.20161772 | T31: =IF(T8="","",(T8/$O$23)) -> 0.012882456 | U31: =IF(U8="","",(U8/$O$23)) -> 0.046976268 | V31: =IF(V8="","",(V8/$O$23)) -> 0.016333385
B32: =IF(B9="","",(B9/$O$23)) -> 0.0061342681 | C32: =IF(C9="","",(C9/$O$23)) -> 0.064951074 | D32: =IF(D9="","",(D9/$O$23)) -> 0.13234986 | E32: =IF(E9="","",(E9/$O$23)) -> 0.62522067 | F32: =IF(F9="","",(F9/$O$23)) -> 1.678832 | G32: =IF(G9="","",(G9/$O$23)) -> 4.7466448 | H32: =IF(H9="","",(H9/$O$23)) -> 8.0706926 | I32: =IF(I9="","",(I9/$O$23)) -> 0.056791021 | ... M32: =IF(M9="","",(M9/$O$23)) -> 0.035407783 | O32: =IF(O9="","",(O9/$O$23)) -> 1.2607816 | P32: =IF(P9="","",(P9/$O$23)) -> 1.6073391 | Q32: =IF(Q9="","",(Q9/$O$23)) -> 0.0093078326 | R32: =IF(R9="","",(R9/$O$23)) -> 0.71735156 | S32: =IF(S9="","",(S9/$O$23)) -> 0.064200938 | T32: =IF(T9="","",(T9/$O$23)) -> 0.024046088 | U32: =IF(U9="","",(U9/$O$23)) -> 0.087222181 | V32: =IF(V9="","",(V9/$O$23)) -> 0.2793029
B33: =IF(B10="","",(B10/$O$23)) -> 0.059390506 | C33: =IF(C10="","",(C10/$O$23)) -> 0.025368786 | D33: =IF(D10="","",(D10/$O$23)) -> 0.083784153 | E33: =IF(E10="","",(E10/$O$23)) -> 1.0183348 | F33: =IF(F10="","",(F10/$O$23)) -> 1.8459689 | G33: =IF(G10="","",(G10/$O$23)) -> 2.8112208 | H33: =IF(H10="","",(H10/$O$23)) -> 6.5098229 | I33: =IF(I10="","",(I10/$O$23)) -> 0.14271972 | ... M33: =IF(M10="","",(M10/$O$23)) -> 0.051702846 | O33: =IF(O10="","",(O10/$O$23)) -> 0.30533607 | P33: =IF(P10="","",(P10/$O$23)) -> 0.6095991 | Q33: =IF(Q10="","",(Q10/$O$23)) -> 0.053768091 | R33: =IF(R10="","",(R10/$O$23)) -> 0.00043558729 | S33: =IF(S10="","",(S10/$O$23)) -> 0.13843784 | T33: =IF(T10="","",(T10/$O$23)) -> 0.011776034 | U33: =IF(U10="","",(U10/$O$23)) -> 0.0041282141 | V33: =IF(V10="","",(V10/$O$23)) -> 0.070162944
B34: =IF(B11="","",(B11/$O$23)) -> 0.0029288313 | C34: =IF(C11="","",(C11/$O$23)) -> 0.24257166 | D34: =IF(D11="","",(D11/$O$23)) -> 0.34285121 | E34: =IF(E11="","",(E11/$O$23)) -> 0.31738529 | F34: =IF(F11="","",(F11/$O$23)) -> 1.1681218 | G34: =IF(G11="","",(G11/$O$23)) -> 0.9206919 | H34: =IF(H11="","",(H11/$O$23)) -> 3.9021613 | I34: =IF(I11="","",(I11/$O$23)) -> 0.029710241 | ... M34: =IF(M11="","",(M11/$O$23)) -> 0.017459917 | O34: =IF(O11="","",(O11/$O$23)) -> 0.29502502 | P34: =IF(P11="","",(P11/$O$23)) -> 0.77043554 | Q34: =IF(Q11="","",(Q11/$O$23)) -> 0.010589931 | R34: =IF(R11="","",(R11/$O$23)) -> 0.073093293 | S34: =IF(S11="","",(S11/$O$23)) -> 0.078255078 | T34: =IF(T11="","",(T11/$O$23)) -> 0.026448648 | U34: =IF(U11="","",(U11/$O$23)) -> 0.020340181 | V34: =IF(V11="","",(V11/$O$23)) -> 0.065944046
B35: =IF(B12="","",(B12/$O$23)) -> 0.010766367 | C35: =IF(C12="","",(C12/$O$23)) -> 0.025372201 | D35: =IF(D12="","",(D12/$O$23)) -> 0.14315113 | E35: =IF(E12="","",(E12/$O$23)) -> 2.6204427 | F35: =IF(F12="","",(F12/$O$23)) -> 2.2260415 | G35: =IF(G12="","",(G12/$O$23)) -> 2.1080281 | H35: =IF(H12="","",(H12/$O$23)) -> 4.4047111 | I35: =IF(I12="","",(I12/$O$23)) -> 0.069947047 | ... M35: =IF(M12="","",(M12/$O$23)) | O35: =IF(O12="","",(O12/$O$23)) -> 0.60381429 | P35: =IF(P12="","",(P12/$O$23)) -> 1.2826972 | Q35: =IF(Q12="","",(Q12/$O$23)) -> 0.004637411 | R35: =IF(R12="","",(R12/$O$23)) -> 0.26511899 | S35: =IF(S12="","",(S12/$O$23)) -> 0.092797926 | T35: =IF(T12="","",(T12/$O$23)) -> 0.13323621 | U35: =IF(U12="","",(U12/$O$23)) -> 0.075485988 | V35: =IF(V12="","",(V12/$O$23)) -> 0.017989983
B36: =IF(B13="","",(B13/$O$23)) | C36: =IF(C13="","",(C13/$O$23)) | D36: =IF(D13="","",(D13/$O$23)) | E36: =IF(E13="","",(E13/$O$23)) | F36: =IF(F13="","",(F13/$O$23)) | G36: =IF(G13="","",(G13/$O$23)) | H36: =IF(H13="","",(H13/$O$23)) | I36: =IF(I13="","",(I13/$O$23)) | ... M36: =IF(M13="","",(M13/$O$23)) | O36: =IF(O13="","",(O13/$O$23)) -> 0.032428867 | P36: =IF(P13="","",(P13/$O$23)) | Q36: =IF(Q13="","",(Q13/$O$23)) | R36: =IF(R13="","",(R13/$O$23)) | S36: =IF(S13="","",(S13/$O$23)) | T36: =IF(T13="","",(T13/$O$23)) | U36: =IF(U13="","",(U13/$O$23)) | V36: =IF(V13="","",(V13/$O$23))
B37: =IF(B14="","",(B14/$O$23)) | C37: =IF(C14="","",(C14/$O$23)) | D37: =IF(D14="","",(D14/$O$23)) | E37: =IF(E14="","",(E14/$O$23)) | F37: =IF(F14="","",(F14/$O$23)) | G37: =IF(G14="","",(G14/$O$23)) | H37: =IF(H14="","",(H14/$O$23)) | I37: =IF(I14="","",(I14/$O$23)) | ... M37: =IF(M14="","",(M14/$O$23)) | O37: =IF(O14="","",(O14/$O$23)) -> 0.68526115 | P37: =IF(P14="","",(P14/$O$23)) | Q37: =IF(Q14="","",(Q14/$O$23)) | R37: =IF(R14="","",(R14/$O$23)) | S37: =IF(S14="","",(S14/$O$23)) | T37: =IF(T14="","",(T14/$O$23)) | U37: =IF(U14="","",(U14/$O$23)) | V37: =IF(V14="","",(V14/$O$23))
B38: =IF(B15="","",(B15/$O$23)) | C38: =IF(C15="","",(C15/$O$23)) | D38: =IF(D15="","",(D15/$O$23)) | E38: =IF(E15="","",(E15/$O$23)) | F38: =IF(F15="","",(F15/$O$23)) | G38: =IF(G15="","",(G15/$O$23)) | H38: =IF(H15="","",(H15/$O$23)) | I38: =IF(I15="","",(I15/$O$23)) | ... M38: =IF(M15="","",(M15/$O$23)) | O38: =IF(O15="","",(O15/$O$23)) -> 1.0675596 | P38: =IF(P15="","",(P15/$O$23)) | Q38: =IF(Q15="","",(Q15/$O$23)) | R38: =IF(R15="","",(R15/$O$23)) | S38: =IF(S15="","",(S15/$O$23)) | T38: =IF(T15="","",(T15/$O$23)) | U38: =IF(U15="","",(U15/$O$23)) | V38: =IF(V15="","",(V15/$O$23))
B39: =IF(B16="","",(B16/$O$23)) | C39: =IF(C16="","",(C16/$O$23)) | D39: =IF(D16="","",(D16/$O$23)) | E39: =IF(E16="","",(E16/$O$23)) | F39: =IF(F16="","",(F16/$O$23)) | G39: =IF(G16="","",(G16/$O$23)) | H39: =IF(H16="","",(H16/$O$23)) | I39: =IF(I16="","",(I16/$O$23)) | ... M39: =IF(M16="","",(M16/$O$23)) | O39: =IF(O16="","",(O16/$O$23)) -> 0.40605425 | P39: =IF(P16="","",(P16/$O$23)) | Q39: =IF(Q16="","",(Q16/$O$23)) | R39: =IF(R16="","",(R16/$O$23)) | S39: =IF(S16="","",(S16/$O$23)) | T39: =IF(T16="","",(T16/$O$23)) | U39: =IF(U16="","",(U16/$O$23)) | V39: =IF(V16="","",(V16/$O$23))
B40: =IF(B17="","",(B17/$O$23)) | C40: =IF(C17="","",(C17/$O$23)) | D40: =IF(D17="","",(D17/$O$23)) | E40: =IF(E17="","",(E17/$O$23)) | F40: =IF(F17="","",(F17/$O$23)) | G40: =IF(G17="","",(G17/$O$23)) | H40: =IF(H17="","",(H17/$O$23)) | I40: =IF(I17="","",(I17/$O$23)) | ... M40: =IF(M17="","",(M17/$O$23)) | O40: =IF(O17="","",(O17/$O$23)) -> 0.31498767 | P40: =IF(P17="","",(P17/$O$23)) | Q40: =IF(Q17="","",(Q17/$O$23)) | R40: =IF(R17="","",(R17/$O$23)) | S40: =IF(S17="","",(S17/$O$23)) | T40: =IF(T17="","",(T17/$O$23)) | U40: =IF(U17="","",(U17/$O$23)) | V40: =IF(V17="","",(V17/$O$23))
... B43: =IF(B20="","",(B20/$O$23)) | C43: =IF(C20="","",(C20/$O$23)) | D43: =IF(D20="","",(D20/$O$23)) | E43: =IF(E20="","",(E20/$O$23)) | F43: =IF(F20="","",(F20/$O$23)) | G43: =IF(G20="","",(G20/$O$23)) | H43: =IF(H20="","",(H20/$O$23)) | I43: =IF(I20="","",(I20/$O$23)) | ... M43: =IF(M20="","",(M20/$O$23)) | O43: =IF(O20="","",(O20/$O$23)) -> 1.4510934 | P43: =IF(P20="","",(P20/$O$23)) | Q43: =IF(Q20="","",(Q20/$O$23)) | R43: =IF(R20="","",(R20/$O$23)) | S43: =IF(S20="","",(S20/$O$23)) | T43: =IF(T20="","",(T20/$O$23)) | U43: =IF(U20="","",(U20/$O$23)) | V43: =IF(V20="","",(V20/$O$23))
A45: =A4 -> Noms des groupes | B45: =B4 -> Témoin solvant | C45: =C4 -> EE2-33.8ng/L | D45: =D4 -> EE2-50.6ng/L | E45: =E4 -> EE2-76ng/L | F45: =F4 -> EE2-114ng/L | G45: =G4 -> EE2-170.9ng/L | H45: =H4 -> EE2-488ng/L | ... M45: =M4 -> Prochloraz-1mg/L | O45: =O4 -> Testo -30µg/L | P45: =P4 -> Testo 30µg/L + EE2 -64ng/L | Q45: =Q4 -> Testo 30µg/L + FAD-10µg/L | R45: =R4 -> Prochloraz-0.063mg/L + Testostérone | S45: =S4 -> Prochloraz-0.13mg/L + Testostérone | T45: =T4 -> Prochloraz-0.25mg/L + Testostérone | U45: =U4 -> Prochloraz-0.5mg/L + Testostérone | V45: =V4 -> Prochloraz-1mg/L + Testostérone
A46: mean | B46: =AVERAGE(B28:B43) -> 0.027115926 | C46: =AVERAGE(C28:C43) -> 0.07768318 | D46: =AVERAGE(D28:D43) -> 0.12390054 | E46: =AVERAGE(E28:E43) -> 0.87993238 | F46: =AVERAGE(F28:F43) -> 2.389186 | G46: =AVERAGE(G28:G43) -> 3.1008023 | H46: =AVERAGE(H28:H43) -> 4.922335 | I46: =AVERAGE(I28:I43) -> 0.086041059 | ... M46: =AVERAGE(M28:M43) -> 0.026992211 | N46: mean | O46: =AVERAGE(O28:O43) -> 1 | P46: =AVERAGE(P28:P43) -> 1.5505161 | Q46: =AVERAGE(Q28:Q43) -> 0.03371642 | R46: =AVERAGE(R28:R43) -> 0.1854115 | S46: =AVERAGE(S28:S43) -> 0.26729437 | T46: =AVERAGE(T28:T43) -> 0.11199806 | U46: =AVERAGE(U28:U43) -> 0.038151641 | V46: =AVERAGE(V28:V43) -> 0.066380677
A47: SD | B47: =STDEV(B28:B43) -> 0.024236247 | C47: =STDEV(C28:C43) -> 0.08420515 | D47: =STDEV(D28:D43) -> 0.10355764 | E47: =STDEV(E28:E43) -> 0.78114664 | F47: =STDEV(F28:F43) -> 1.1707486 | G47: =STDEV(G28:G43) -> 1.3387764 | H47: =STDEV(H28:H43) -> 1.9909923 | I47: =STDEV(I28:I43) -> 0.042322659 | ... M47: =STDEV(M28:M43) -> 0.016831779 | N47: SD | O47: =STDEV(O28:O43) -> 0.66957532 | P47: =STDEV(P28:P43) -> 0.85676345 | Q47: =STDEV(Q28:Q43) -> 0.031119136 | R47: =STDEV(R28:R43) -> 0.23336443 | S47: =STDEV(S28:S43) -> 0.31325922 | T47: =STDEV(T28:T43) -> 0.20126458 | U47: =STDEV(U28:U43) -> 0.03104622 | V47: =STDEV(V28:V43) -> 0.089317442
A48: SEM | B48: =B47/SQRT(COUNT(B28:B43)) -> 0.0085688074 | C48: =C47/SQRT(COUNT(C28:C43)) -> 0.029771016 | D48: =D47/SQRT(COUNT(D28:D43)) -> 0.036613155 | E48: =E47/SQRT(COUNT(E28:E43)) -> 0.27617704 | F48: =F47/SQRT(COUNT(F28:F43)) -> 0.41392212 | G48: =G47/SQRT(COUNT(G28:G43)) -> 0.47332893 | H48: =H47/SQRT(COUNT(H28:H43)) -> 0.70392206 | I48: =I47/SQRT(COUNT(I28:I43)) -> 0.01496332 | ... M48: =M47/SQRT(COUNT(M28:M43)) -> 0.0063618145 | N48: SEM | O48: =O47/SQRT(COUNT(O28:O43)) -> 0.16739383 | P48: =P47/SQRT(COUNT(P28:P43)) -> 0.30291162 | Q48: =Q47/SQRT(COUNT(Q28:Q43)) -> 0.011002276 | R48: =R47/SQRT(COUNT(R28:R43)) -> 0.082506787 | S48: =S47/SQRT(COUNT(S28:S43)) -> 0.11075386 | T48: =T47/SQRT(COUNT(T28:T43)) -> 0.071157775 | U48: =U47/SQRT(COUNT(U28:U43)) -> 0.010976496 | V48: =V47/SQRT(COUNT(V28:V43)) -> 0.031578485
A50: 7. Expérimentateur 2 : réaliser les tests statistiques avec les données normalisées et renseigner les résultats ainsi que le test statistique utilisé dans le tableau violet.
A52: =A27 -> Noms des groupes | B52: =B27 -> Témoin solvant | C52: =C27 -> EE2-33.8ng/L | D52: =D27 -> EE2-50.6ng/L | E52: =E27 -> EE2-76ng/L | F52: =F27 -> EE2-114ng/L | G52: =G27 -> EE2-170.9ng/L | H52: =H27 -> EE2-488ng/L | I52: =I4 -> Prochloraz-0.063mg/L | J52: =J4 -> Prochloraz-0.13mg/L | K52: =K4 -> Prochloraz-0.25mg/L | L52: =L4 -> Prochloraz-0.5mg/L | M52: =M4 -> Prochloraz-1mg/L | O52: =O27 -> Testo -30µg/L | P52: =P27 -> Testo 30µg/L + EE2 -64ng/L | Q52: =Q27 -> Testo 30µg/L + FAD-10µg/L | R52: =R27 -> Prochloraz-0.063mg/L + Testostérone | S52: =S27 -> Prochloraz-0.13mg/L + Testostérone | T52: =T27 -> Prochloraz-0.25mg/L + Testostérone | U52: =U27 -> Prochloraz-0.5mg/L + Testostérone | V52: =V27 -> Prochloraz-1mg/L + Testostérone
A53: Mean | B53: =B46 -> 0.027115926 | C53: =C46 -> 0.07768318 | D53: =D46 -> 0.12390054 | E53: =E46 -> 0.87993238 | F53: =F46 -> 2.389186 | G53: =G46 -> 3.1008023 | H53: =H46 -> 4.922335 | I53: =I46 -> 0.086041059 | ... M53: =M46 -> 0.026992211 | O53: =O46 -> 1 | P53: =P46 -> 1.5505161 | Q53: =Q46 -> 0.03371642 | R53: =R46 -> 0.1854115 | S53: =S46 -> 0.26729437 | T53: =T46 -> 0.11199806 | U53: =U46 -> 0.038151641 | V53: =V46 -> 0.066380677
A54: SEM | B54: =B48 -> 0.0085688074 | C54: =C48 -> 0.029771016 | D54: =D48 -> 0.036613155 | E54: =E48 -> 0.27617704 | F54: =F48 -> 0.41392212 | G54: =G48 -> 0.47332893 | H54: =H48 -> 0.70392206 | I54: =I48 -> 0.01496332 | ... M54: =M48 -> 0.0063618145 | O54: =O48 -> 0.16739383 | P54: =P48 -> 0.30291162 | Q54: =Q48 -> 0.011002276 | R54: =R48 -> 0.082506787 | S54: =S48 -> 0.11075386 | T54: =T48 -> 0.071157775 | U54: =U48 -> 0.010976496 | V54: =V48 -> 0.031578485
A55: % induction | B55: =(B53*100/$B53)-100 -> 0 | C55: =(C53*100/$B53)-100 -> 186.48545 | D55: =(D53*100/$B53)-100 -> 356.92904 | E55: =(E53*100/$B53)-100 -> 3145.076 | F55: =(F53*100/$B53)-100 -> 8711.0067 | G55: =(G53*100/$B53)-100 -> 11335.355 | H55: =(H53*100/$B53)-100 -> 18052.93 | I55: =(I53*100/$B53)-100 -> 217.30821 | ... M55: =(M53*100/$B53)-100 -> -0.45624471 | O55: =(O53*100/$O53)-100 -> 0 | P55: =(P53*100/$O53)-100 -> 55.051613 | Q55: =(Q53*100/$O53)-100 -> -96.628358 | R55: =(R53*100/$O53)-100 -> -81.45885 | S55: =(S53*100/$O53)-100 -> -73.270563 | T55: =(T53*100/$O53)-100 -> -88.800194 | U55: =(U53*100/$O53)-100 -> -96.184836 | V55: =(V53*100/$O53)-100 -> -93.361932
A56: Test de normalité : valeur du p | B56: =[1]!SWTEST(B28:B43) -> #NAME? | C56: =[1]!SWTEST(C28:C43) -> #NAME? | D56: =[1]!SWTEST(D28:D43) -> #NAME? | E56: =[1]!SWTEST(E28:E43) -> #NAME? | F56: =[1]!SWTEST(F28:F43) -> #NAME? | G56: =[1]!SWTEST(G28:G43) -> #NAME? | H56: =[1]!SWTEST(H28:H43) -> #NAME? | I56: =[1]!SWTEST(I28:I43) -> #NAME? | ... M56: =[1]!SWTEST(M28:M43) -> #NAME? | O56: =[1]!SWTEST(O28:O43) -> #NAME? | P56: =[1]!SWTEST(P28:P43) -> #NAME? | Q56: =[1]!SWTEST(Q28:Q43) -> #NAME? | R56: =[1]!SWTEST(R28:R43) -> #NAME? | S56: =[1]!SWTEST(S28:S43) -> #NAME? | T56: =[1]!SWTEST(T28:T43) -> #NAME? | U56: =[1]!SWTEST(U28:U43) -> #NAME? | V56: =[1]!SWTEST(V28:V43) -> #NAME?
A57: Test de normalité : résultat normal? | B57: =IF(B56>0.05,"Oui","Non") -> #NAME? | C57: =IF(C56>0.05,"Oui","Non") -> #NAME? | D57: =IF(D56>0.05,"Oui","Non") -> #NAME? | E57: =IF(E56>0.05,"Oui","Non") -> #NAME? | F57: =IF(F56>0.05,"Oui","Non") -> #NAME? | G57: =IF(G56>0.05,"Oui","Non") -> #NAME? | H57: =IF(H56>0.05,"Oui","Non") -> #NAME? | I57: =IF(I56>0.05,"Oui","Non") -> #NAME? | ... M57: =IF(M56>0.05,"Oui","Non") -> #NAME? | O57: =IF(O56>0.05,"Oui","Non") -> #NAME? | P57: =IF(P56>0.05,"Oui","Non") -> #NAME? | Q57: =IF(Q56>0.05,"Oui","Non") -> #NAME? | R57: =IF(R56>0.05,"Oui","Non") -> #NAME? | S57: =IF(S56>0.05,"Oui","Non") -> #NAME? | T57: =IF(T56>0.05,"Oui","Non") -> #NAME? | U57: =IF(U56>0.05,"Oui","Non") -> #NAME? | V57: =IF(V56>0.05,"Oui","Non") -> #NAME?
A59: Test statistique utilisé | C59: =IF($B57="Non",IF(C57="Non","MW",IF(C57="Oui","MW","")),IF($B57="Oui",IF(C57="Oui","T-Test Welch",IF(C57="Non","MW","")))) -> #NAME? | D59: =IF($B57="Non",IF(D57="Non","MW",IF(D57="Oui","MW","")),IF($B57="Oui",IF(D57="Oui","T-Test Welch",IF(D57="Non","MW","")))) -> #NAME? | E59: =IF($B57="Non",IF(E57="Non","MW",IF(E57="Oui","MW","")),IF($B57="Oui",IF(E57="Oui","T-Test Welch",IF(E57="Non","MW","")))) -> #NAME? | F59: =IF($B57="Non",IF(F57="Non","MW",IF(F57="Oui","MW","")),IF($B57="Oui",IF(F57="Oui","T-Test Welch",IF(F57="Non","MW","")))) -> #NAME? | G59: =IF($B57="Non",IF(G57="Non","MW",IF(G57="Oui","MW","")),IF($B57="Oui",IF(G57="Oui","T-Test Welch",IF(G57="Non","MW","")))) -> #NAME? | H59: =IF($B57="Non",IF(H57="Non","MW",IF(H57="Oui","MW","")),IF($B57="Oui",IF(H57="Oui","T-Test Welch",IF(H57="Non","MW","")))) -> #NAME? | I59: =IF($B57="Non",IF(I57="Non","MW",IF(I57="Oui","MW","")),IF($B57="Oui",IF(I57="Oui","T-Test Welch",IF(I57="Non","MW","")))) -> #NAME? | J59: =IF($B57="Non",IF(J57="Non","MW",IF(J57="Oui","MW","")),IF($B57="Oui",IF(J57="Oui","T-Test Welch",IF(J57="Non","MW","")))) -> #NAME? | ... M59: =IF($B57="Non",IF(M57="Non","MW",IF(M57="Oui","MW","")),IF($B57="Oui",IF(M57="Oui","T-Test Welch",IF(M57="Non","MW","")))) -> #NAME? | O59: =IF($B57="Non",IF(O57="Non","MW",IF(O57="Oui","MW","")),IF($B57="Oui",IF(O57="Oui","T-Test Welch",IF(O57="Non","MW","")))) -> #NAME? | P59: =IF($O57="Non",IF(P57="Non","MW",IF(P57="Oui","MW","")),IF($O57="Oui",IF(P57="Oui","T-Test Welch",IF(P57="Non","MW","")))) -> #NAME? | Q59: =IF($O57="Non",IF(Q57="Non","MW",IF(Q57="Oui","MW","")),IF($O57="Oui",IF(Q57="Oui","T-Test Welch",IF(Q57="Non","MW","")))) -> #NAME? | R59: =IF($O57="Non",IF(R57="Non","MW",IF(R57="Oui","MW","")),IF($O57="Oui",IF(R57="Oui","T-Test Welch",IF(R57="Non","MW","")))) -> #NAME? | S59: =IF($O57="Non",IF(S57="Non","MW",IF(S57="Oui","MW","")),IF($O57="Oui",IF(S57="Oui","T-Test Welch",IF(S57="Non","MW","")))) -> #NAME? | T59: =IF($O57="Non",IF(T57="Non","MW",IF(T57="Oui","MW","")),IF($O57="Oui",IF(T57="Oui","T-Test Welch",IF(T57="Non","MW","")))) -> #NAME? | U59: =IF($O57="Non",IF(U57="Non","MW",IF(U57="Oui","MW","")),IF($O57="Oui",IF(U57="Oui","T-Test Welch",IF(U57="Non","MW","")))) -> #NAME? | V59: =IF($O57="Non",IF(V57="Non","MW",IF(V57="Oui","MW","")),IF($O57="Oui",IF(V57="Oui","T-Test Welch",IF(V57="Non","MW","")))) -> #NAME?
A60: Test statistique : valeur du p | C60: =IF(C59="MW",[1]!MTEST($B28:$B43,C28:C43,2), IF(C59="T-Test Welch",_xlfn.T.TEST($B28:$B43,C28:C43,2,3),"")) -> #NAME? | D60: =IF(D59="MW",[1]!MTEST($B28:$B43,D28:D43,2), IF(D59="T-Test Welch",_xlfn.T.TEST($B28:$B43,D28:D43,2,3),"")) -> #NAME? | E60: =IF(E59="MW",[1]!MTEST($B28:$B43,E28:E43,2), IF(E59="T-Test Welch",_xlfn.T.TEST($B28:$B43,E28:E43,2,3),"")) -> #NAME? | F60: =IF(F59="MW",[1]!MTEST($B28:$B43,F28:F43,2), IF(F59="T-Test Welch",_xlfn.T.TEST($B28:$B43,F28:F43,2,3),"")) -> #NAME? | G60: =IF(G59="MW",[1]!MTEST($B28:$B43,G28:G43,2), IF(G59="T-Test Welch",_xlfn.T.TEST($B28:$B43,G28:G43,2,3),"")) -> #NAME? | H60: =IF(H59="MW",[1]!MTEST($B28:$B43,H28:H43,2), IF(H59="T-Test Welch",_xlfn.T.TEST($B28:$B43,H28:H43,2,3),"")) -> #NAME? | I60: =IF(I59="MW",[1]!MTEST($B28:$B43,I28:I43,2), IF(I59="T-Test Welch",_xlfn.T.TEST($B28:$B43,I28:I43,2,3),"")) -> #NAME? | J60: =IF(J59="MW",[1]!MTEST($B28:$B43,J28:J43,2), IF(J59="T-Test Welch",_xlfn.T.TEST($B28:$B43,J28:J43,2,3),"")) -> #NAME? | ... M60: =IF(M59="MW",[1]!MTEST($B28:$B43,M28:M43,2), IF(M59="T-Test Welch",_xlfn.T.TEST($B28:$B43,M28:M43,2,3),"")) -> #NAME? | O60: =IF(O59="MW",[1]!MTEST($B28:$B43,O28:O43,2), IF(O59="T-Test Welch",_xlfn.T.TEST($B28:$B43,O28:O43,2,3),"")) -> #NAME? | P60: =IF(P59="MW",[1]!MTEST($O28:$O43,P28:P43,2), IF(P59="T-Test Welch",_xlfn.T.TEST($O28:$O43,P28:P43,2,3),"")) -> #NAME? | Q60: =IF(Q59="MW",[1]!MTEST($O28:$O43,Q28:Q43,2), IF(Q59="T-Test Welch",_xlfn.T.TEST($O28:$O43,Q28:Q43,2,3),"")) -> #NAME? | R60: =IF(R59="MW",[1]!MTEST($O28:$O43,R28:R43,2), IF(R59="T-Test Welch",_xlfn.T.TEST($O28:$O43,R28:R43,2,3),"")) -> #NAME? | S60: =IF(S59="MW",[1]!MTEST($O28:$O43,S28:S43,2), IF(S59="T-Test Welch",_xlfn.T.TEST($O28:$O43,S28:S43,2,3),"")) -> #NAME? | T60: =IF(T59="MW",[1]!MTEST($O28:$O43,T28:T43,2), IF(T59="T-Test Welch",_xlfn.T.TEST($O28:$O43,T28:T43,2,3),"")) -> #NAME? | U60: =IF(U59="MW",[1]!MTEST($O28:$O43,U28:U43,2), IF(U59="T-Test Welch",_xlfn.T.TEST($O28:$O43,U28:U43,2,3),"")) -> #NAME? | V60: =IF(V59="MW",[1]!MTEST($O28:$O43,V28:V43,2), IF(V59="T-Test Welch",_xlfn.T.TEST($O28:$O43,V28:V43,2,3),"")) -> #NAME?
A61: Annotation | C61: =IF(C60>0.05,"NS",IF(C60>0.01,"*",IF(C60>0.001,"**","***"))) -> #NAME? | D61: =IF(D60>0.05,"NS",IF(D60>0.01,"*",IF(D60>0.001,"**","***"))) -> #NAME? | E61: =IF(E60>0.05,"NS",IF(E60>0.01,"*",IF(E60>0.001,"**","***"))) -> #NAME? | F61: =IF(F60>0.05,"NS",IF(F60>0.01,"*",IF(F60>0.001,"**","***"))) -> #NAME? | G61: =IF(G60>0.05,"NS",IF(G60>0.01,"*",IF(G60>0.001,"**","***"))) -> #NAME? | H61: =IF(H60>0.05,"NS",IF(H60>0.01,"*",IF(H60>0.001,"**","***"))) -> #NAME? | I61: =IF(I60>0.05,"NS",IF(I60>0.01,"*",IF(I60>0.001,"**","***"))) -> #NAME? | J61: =IF(J60>0.05,"NS",IF(J60>0.01,"*",IF(J60>0.001,"**","***"))) -> #NAME? | ... M61: =IF(M60>0.05,"NS",IF(M60>0.01,"*",IF(M60>0.001,"**","***"))) -> #NAME? | O61: =IF(O60>0.05,"NS",IF(O60>0.01,"*",IF(O60>0.001,"**","***"))) -> #NAME? | P61: =IF(P60>0.05,"NS",IF(P60>0.01,"*",IF(P60>0.001,"**","***"))) -> #NAME? | Q61: =IF(Q60>0.05,"NS",IF(Q60>0.01,"*",IF(Q60>0.001,"**","***"))) -> #NAME? | R61: =IF(R60>0.05,"NS",IF(R60>0.01,"*",IF(R60>0.001,"**","***"))) -> #NAME? | S61: =IF(S60>0.05,"NS",IF(S60>0.01,"*",IF(S60>0.001,"**","***"))) -> #NAME? | T61: =IF(T60>0.05,"NS",IF(T60>0.01,"*",IF(T60>0.001,"**","***"))) -> #NAME? | U61: =IF(U60>0.05,"NS",IF(U60>0.01,"*",IF(U60>0.001,"**","***"))) -> #NAME? | V61: =IF(V60>0.05,"NS",IF(V60>0.01,"*",IF(V60>0.001,"**","***"))) -> #NAME?
A63: Eléments pour la mise en forme conditionnelles des résutats - calcul équivalent hormonal (eqH)
A64: LOD | B64: =B46+(3*B47) -> 0.099824668
A65: LOQ | B65: =B46+(10*B47) -> 0.2694784
A67: 8. Expérimentateur 2 : se reporter à l'onglet "pooled normalised values".

Sheet Raw data R3
A1: Nom groupe | B1: N° de valeur | C1: file name | D1: total area | E1: mean intensity | G1: total fluorescence | I1: nbre de larves | L1: (Tous)
A2: =IFERROR(LEFT(RIGHT(C2,LEN(C2)-SEARCH("@",C2)),SEARCH("/",RIGHT(C2,LEN(C2)-SEARCH("@",C2)-1))),"") | B2: =LEFT(RIGHT(RIGHT(Tableau467[[#This Row],[file name]],LEN(Tableau467[[#This Row],[file name]])-SEARCH("@",Tableau467[[#This Row],[file name]])),LEN(RIGHT(Tableau467[[#This Row],[file name]],LEN(Tableau467[[#This Row],[file name]])-SEARCH("@",Tableau467[[#This Row],[file name]])))-SEARCH("/",RIGHT(Tableau467[[#This Row],[file name]],LEN(Tableau467[[#This Row],[file name]])-SEARCH("@",Tableau467[[#This Row],[file name]])))),1) -> #VALUE! | K2: Filtre lignes : Enlever (vide) et Néant | L2: Filtre colonnes : Enlever (vide) et " "
A3: =IFERROR(LEFT(RIGHT(C3,LEN(C3)-SEARCH("@",C3)),SEARCH("/",RIGHT(C3,LEN(C3)-SEARCH("@",C3)-1))),"") | B3: =LEFT(RIGHT(RIGHT(Tableau467[[#This Row],[file name]],LEN(Tableau467[[#This Row],[file name]])-SEARCH("@",Tableau467[[#This Row],[file name]])),LEN(RIGHT(Tableau467[[#This Row],[file name]],LEN(Tableau467[[#This Row],[file name]])-SEARCH("@",Tableau467[[#This Row],[file name]])))-SEARCH("/",RIGHT(Tableau467[[#This Row],[file name]],LEN(Tableau467[[#This Row],[file name]])-SEARCH("@",Tableau467[[#This Row],[file name]])))),1) -> #VALUE! | K3: Moyenne de total fluorescence | L3: Étiquettes de colonnes
A4: =IFERROR(LEFT(RIGHT(C4,LEN(C4)-SEARCH("@",C4)),SEARCH("/",RIGHT(C4,LEN(C4)-SEARCH("@",C4)-1))),"") | B4: =LEFT(RIGHT(RIGHT(Tableau467[[#This Row],[file name]],LEN(Tableau467[[#This Row],[file name]])-SEARCH("@",Tableau467[[#This Row],[file name]])),LEN(RIGHT(Tableau467[[#This Row],[file name]],LEN(Tableau467[[#This Row],[file name]])-SEARCH("@",Tableau467[[#This Row],[file name]])))-SEARCH("/",RIGHT(Tableau467[[#This Row],[file name]],LEN(Tableau467[[#This Row],[file name]])-SEARCH("@",Tableau467[[#This Row],[file name]])))),1) -> #VALUE! | K4: Étiquettes de lignes
A5: =IFERROR(LEFT(RIGHT(C5,LEN(C5)-SEARCH("@",C5)),SEARCH("/",RIGHT(C5,LEN(C5)-SEARCH("@",C5)-1))),"") | B5: =LEFT(RIGHT(RIGHT(Tableau467[[#This Row],[file name]],LEN(Tableau467[[#This Row],[file name]])-SEARCH("@",Tableau467[[#This Row],[file name]])),LEN(RIGHT(Tableau467[[#This Row],[file name]],LEN(Tableau467[[#This Row],[file name]])-SEARCH("@",Tableau467[[#This Row],[file name]])))-SEARCH("/",RIGHT(Tableau467[[#This Row],[file name]],LEN(Tableau467[[#This Row],[file name]])-SEARCH("@",Tableau467[[#This Row],[file name]])))),1) -> #VALUE! | K5: #VALEUR!
A6: =IFERROR(LEFT(RIGHT(C6,LEN(C6)-SEARCH("@",C6)),SEARCH("/",RIGHT(C6,LEN(C6)-SEARCH("@",C6)-1))),"") | B6: =LEFT(RIGHT(RIGHT(Tableau467[[#This Row],[file name]],LEN(Tableau467[[#This Row],[file name]])-SEARCH("@",Tableau467[[#This Row],[file name]])),LEN(RIGHT(Tableau467[[#This Row],[file name]],LEN(Tableau467[[#This Row],[file name]])-SEARCH("@",Tableau467[[#This Row],[file name]])))-SEARCH("/",RIGHT(Tableau467[[#This Row],[file name]],LEN(Tableau467[[#This Row],[file name]])-SEARCH("@",Tableau467[[#This Row],[file name]])))),1) -> #VALUE!
A7: =IFERROR(LEFT(RIGHT(C7,LEN(C7)-SEARCH("@",C7)),SEARCH("/",RIGHT(C7,LEN(C7)-SEARCH("@",C7)-1))),"") | B7: =LEFT(RIGHT(RIGHT(Tableau467[[#This Row],[file name]],LEN(Tableau467[[#This Row],[file name]])-SEARCH("@",Tableau467[[#This Row],[file name]])),LEN(RIGHT(Tableau467[[#This Row],[file name]],LEN(Tableau467[[#This Row],[file name]])-SEARCH("@",Tableau467[[#This Row],[file name]])))-SEARCH("/",RIGHT(Tableau467[[#This Row],[file name]],LEN(Tableau467[[#This Row],[file name]])-SEARCH("@",Tableau467[[#This Row],[file name]])))),1) -> #VALUE!
A8: =IFERROR(LEFT(RIGHT(C8,LEN(C8)-SEARCH("@",C8)),SEARCH("/",RIGHT(C8,LEN(C8)-SEARCH("@",C8)-1))),"") | B8: =LEFT(RIGHT(RIGHT(Tableau467[[#This Row],[file name]],LEN(Tableau467[[#This Row],[file name]])-SEARCH("@",Tableau467[[#This Row],[file name]])),LEN(RIGHT(Tableau467[[#This Row],[file name]],LEN(Tableau467[[#This Row],[file name]])-SEARCH("@",Tableau467[[#This Row],[file name]])))-SEARCH("/",RIGHT(Tableau467[[#This Row],[file name]],LEN(Tableau467[[#This Row],[file name]])-SEARCH("@",Tableau467[[#This Row],[file name]])))),1) -> #VALUE!
A9: =IFERROR(LEFT(RIGHT(C9,LEN(C9)-SEARCH("@",C9)),SEARCH("/",RIGHT(C9,LEN(C9)-SEARCH("@",C9)-1))),"") | B9: =LEFT(RIGHT(RIGHT(Tableau467[[#This Row],[file name]],LEN(Tableau467[[#This Row],[file name]])-SEARCH("@",Tableau467[[#This Row],[file name]])),LEN(RIGHT(Tableau467[[#This Row],[file name]],LEN(Tableau467[[#This Row],[file name]])-SEARCH("@",Tableau467[[#This Row],[file name]])))-SEARCH("/",RIGHT(Tableau467[[#This Row],[file name]],LEN(Tableau467[[#This Row],[file name]])-SEARCH("@",Tableau467[[#This Row],[file name]])))),1) -> #VALUE!
A10: =IFERROR(LEFT(RIGHT(C10,LEN(C10)-SEARCH("@",C10)),SEARCH("/",RIGHT(C10,LEN(C10)-SEARCH("@",C10)-1))),"") | B10: =LEFT(RIGHT(RIGHT(Tableau467[[#This Row],[file name]],LEN(Tableau467[[#This Row],[file name]])-SEARCH("@",Tableau467[[#This Row],[file name]])),LEN(RIGHT(Tableau467[[#This Row],[file name]],LEN(Tableau467[[#This Row],[file name]])-SEARCH("@",Tableau467[[#This Row],[file name]])))-SEARCH("/",RIGHT(Tableau467[[#This Row],[file name]],LEN(Tableau467[[#This Row],[file name]])-SEARCH("@",Tableau467[[#This Row],[file name]])))),1) -> #VALUE!
A11: =IFERROR(LEFT(RIGHT(C11,LEN(C11)-SEARCH("@",C11)),SEARCH("/",RIGHT(C11,LEN(C11)-SEARCH("@",C11)-1))),"") | B11: =LEFT(RIGHT(RIGHT(Tableau467[[#This Row],[file name]],LEN(Tableau467[[#This Row],[file name]])-SEARCH("@",Tableau467[[#This Row],[file name]])),LEN(RIGHT(Tableau467[[#This Row],[file name]],LEN(Tableau467[[#This Row],[file name]])-SEARCH("@",Tableau467[[#This Row],[file name]])))-SEARCH("/",RIGHT(Tableau467[[#This Row],[file name]],LEN(Tableau467[[#This Row],[file name]])-SEARCH("@",Tableau467[[#This Row],[file name]])))),1) -> #VALUE!
A12: =IFERROR(LEFT(RIGHT(C12,LEN(C12)-SEARCH("@",C12)),SEARCH("/",RIGHT(C12,LEN(C12)-SEARCH("@",C12)-1))),"") | B12: =LEFT(RIGHT(RIGHT(Tableau467[[#This Row],[file name]],LEN(Tableau467[[#This Row],[file name]])-SEARCH("@",Tableau467[[#This Row],[file name]])),LEN(RIGHT(Tableau467[[#This Row],[file name]],LEN(Tableau467[[#This Row],[file name]])-SEARCH("@",Tableau467[[#This Row],[file name]])))-SEARCH("/",RIGHT(Tableau467[[#This Row],[file name]],LEN(Tableau467[[#This Row],[file name]])-SEARCH("@",Tableau467[[#This Row],[file name]])))),1) -> #VALUE!
A13: =IFERROR(LEFT(RIGHT(C13,LEN(C13)-SEARCH("@",C13)),SEARCH("/",RIGHT(C13,LEN(C13)-SEARCH("@",C13)-1))),"") | B13: =LEFT(RIGHT(RIGHT(Tableau467[[#This Row],[file name]],LEN(Tableau467[[#This Row],[file name]])-SEARCH("@",Tableau467[[#This Row],[file name]])),LEN(RIGHT(Tableau467[[#This Row],[file name]],LEN(Tableau467[[#This Row],[file name]])-SEARCH("@",Tableau467[[#This Row],[file name]])))-SEARCH("/",RIGHT(Tableau467[[#This Row],[file name]],LEN(Tableau467[[#This Row],[file name]])-SEARCH("@",Tableau467[[#This Row],[file name]])))),1) -> #VALUE!
A14: =IFERROR(LEFT(RIGHT(C14,LEN(C14)-SEARCH("@",C14)),SEARCH("/",RIGHT(C14,LEN(C14)-SEARCH("@",C14)-1))),"") | B14: =LEFT(RIGHT(RIGHT(Tableau467[[#This Row],[file name]],LEN(Tableau467[[#This Row],[file name]])-SEARCH("@",Tableau467[[#This Row],[file name]])),LEN(RIGHT(Tableau467[[#This Row],[file name]],LEN(Tableau467[[#This Row],[file name]])-SEARCH("@",Tableau467[[#This Row],[file name]])))-SEARCH("/",RIGHT(Tableau467[[#This Row],[file name]],LEN(Tableau467[[#This Row],[file name]])-SEARCH("@",Tableau467[[#This Row],[file name]])))),1) -> #VALUE!
A15: =IFERROR(LEFT(RIGHT(C15,LEN(C15)-SEARCH("@",C15)),SEARCH("/",RIGHT(C15,LEN(C15)-SEARCH("@",C15)-1))),"") | B15: =LEFT(RIGHT(RIGHT(Tableau467[[#This Row],[file name]],LEN(Tableau467[[#This Row],[file name]])-SEARCH("@",Tableau467[[#This Row],[file name]])),LEN(RIGHT(Tableau467[[#This Row],[file name]],LEN(Tableau467[[#This Row],[file name]])-SEARCH("@",Tableau467[[#This Row],[file name]])))-SEARCH("/",RIGHT(Tableau467[[#This Row],[file name]],LEN(Tableau467[[#This Row],[file name]])-SEARCH("@",Tableau467[[#This Row],[file name]])))),1) -> #VALUE!
A16: =IFERROR(LEFT(RIGHT(C16,LEN(C16)-SEARCH("@",C16)),SEARCH("/",RIGHT(C16,LEN(C16)-SEARCH("@",C16)-1))),"") | B16: =LEFT(RIGHT(RIGHT(Tableau467[[#This Row],[file name]],LEN(Tableau467[[#This Row],[file name]])-SEARCH("@",Tableau467[[#This Row],[file name]])),LEN(RIGHT(Tableau467[[#This Row],[file name]],LEN(Tableau467[[#This Row],[file name]])-SEARCH("@",Tableau467[[#This Row],[file name]])))-SEARCH("/",RIGHT(Tableau467[[#This Row],[file name]],LEN(Tableau467[[#This Row],[file name]])-SEARCH("@",Tableau467[[#This Row],[file name]])))),1) -> #VALUE!
A17: =IFERROR(LEFT(RIGHT(C17,LEN(C17)-SEARCH("@",C17)),SEARCH("/",RIGHT(C17,LEN(C17)-SEARCH("@",C17)-1))),"") | B17: =LEFT(RIGHT(RIGHT(Tableau467[[#This Row],[file name]],LEN(Tableau467[[#This Row],[file name]])-SEARCH("@",Tableau467[[#This Row],[file name]])),LEN(RIGHT(Tableau467[[#This Row],[file name]],LEN(Tableau467[[#This Row],[file name]])-SEARCH("@",Tableau467[[#This Row],[file name]])))-SEARCH("/",RIGHT(Tableau467[[#This Row],[file name]],LEN(Tableau467[[#This Row],[file name]])-SEARCH("@",Tableau467[[#This Row],[file name]])))),1) -> #VALUE!
... A1711: =IFERROR(LEFT(RIGHT(C1711,LEN(C1711)-SEARCH("@",C1711)),SEARCH("/",RIGHT(C1711,LEN(C1711)-SEARCH("@",C1711)-1))),"") | B1711: =LEFT(RIGHT(RIGHT(Tableau467[[#This Row],[file name]],LEN(Tableau467[[#This Row],[file name]])-SEARCH("@",Tableau467[[#This Row],[file name]])),LEN(RIGHT(Tableau467[[#This Row],[file name]],LEN(Tableau467[[#This Row],[file name]])-SEARCH("@",Tableau467[[#This Row],[file name]])))-SEARCH("/",RIGHT(Tableau467[[#This Row],[file name]],LEN(Tableau467[[#This Row],[file name]])-SEARCH("@",Tableau467[[#This Row],[file name]])))),1) -> #VALUE!

Sheet R3
A1: 6. Expérimentateur 2 : copier et coller les valeurs des intensités totales de fluorescences obtenues dans le fichier raw data lors du traitement des images. Ne pas supprimer les colonnes correspondant aux concentrations non lues.
A3: R3 | B3: Non dopé | O3: avec testo
A4: Noms des groupes | B4: ='Page de garde'!A7 -> Témoin solvant | C4: ='Page de garde'!A9 -> EE2-33.8ng/L | D4: ='Page de garde'!A10 -> EE2-50.6ng/L | E4: ='Page de garde'!A11 -> EE2-76ng/L | F4: ='Page de garde'!A12 -> EE2-114ng/L | G4: ='Page de garde'!A13 -> EE2-170.9ng/L | H4: ='Page de garde'!A14 -> EE2-488ng/L | I4: ='Page de garde'!A15 -> Prochloraz-0.063mg/L | J4: ='Page de garde'!A16 -> Prochloraz-0.13mg/L | K4: ='Page de garde'!A17 -> Prochloraz-0.25mg/L | L4: ='Page de garde'!A18 -> Prochloraz-0.5mg/L | M4: ='Page de garde'!A19 -> Prochloraz-1mg/L | O4: ='Page de garde'!A36 -> Testo -30µg/L | P4: ='Page de garde'!A37 -> Testo 30µg/L + EE2 -64ng/L | Q4: ='Page de garde'!A38 -> Testo 30µg/L + FAD-10µg/L | R4: ='Page de garde'!A39 -> Prochloraz-0.063mg/L + Testostérone | S4: ='Page de garde'!A40 -> Prochloraz-0.13mg/L + Testostérone | T4: ='Page de garde'!A41 -> Prochloraz-0.25mg/L + Testostérone | U4: ='Page de garde'!A42 -> Prochloraz-0.5mg/L + Testostérone | V4: ='Page de garde'!A43 -> Prochloraz-1mg/L + Testostérone
A5: Données brutes | B5: 1570 | C5: 530 | D5: 6400 | E5: 9806 | F5: 8140 | G5: 2096 | H5: 1799299 | I5: 555 | J5: 33676 | K5: 12378 | L5: 961 | M5: 76 | O5: 5375 | P5: 4238384 | Q5: 29025 | R5: 228144 | S5: 4824 | T5: 9038 | U5: 1581 | V5: 5578
B6: 71013 | C6: 814 | D6: 17043 | E6: 660 | F6: 1544 | G6: 3110 | H6: 1221446 | I6: 6027 | J6: 5499 | K6: 2923 | L6: 24330 | M6: 16740 | O6: 4546 | P6: 10090672 | Q6: 6052 | R6: 8762 | S6: 935 | T6: 35470 | U6: 11237 | V6: 134
B7: 1883 | C7: 473 | D7: 7682 | E7: 7525 | F7: 209 | G7: 111961 | H7: 2552403 | I7: 22878 | J7: 13819 | K7: 3855 | L7: 34939 | M7: 0 | O7: 502130 | P7: 3211579 | Q7: 65238 | R7: 17246 | S7: 4565 | T7: 12514 | U7: 18194 | V7: 13378
B8: 17293 | C8: 1047 | D8: 3493 | E8: 5371 | F8: 1352 | G8: 45894 | H8: 1800604 | I8: 3851 | J8: 4407 | K8: 25560 | L8: 181 | M8: 7054 | O8: 5745 | P8: 2531026 | Q8: 4196 | R8: 15646 | S8: 188200 | T8: 954 | U8: 3364 | V8: 12310
B9: 37983 | C9: 0 | D9: 3647 | E9: 2038 | F9: 17447 | G9: 4995 | H9: 219690 | I9: 1967 | J9: 50494 | K9: 13515 | L9: 3711 | M9: 10656 | O9: 23731 | P9: 5885281 | Q9: 6103 | R9: 101060 | S9: 689862 | T9: 13739 | U9: 196604 | V9: 9412
B10: 34408 | C10: 11563 | D10: 2132 | E10: 1289 | F10: 12127 | G10: 2395 | H10: 1270 | I10: 3164 | J10: 11762 | K10: 4571 | L10: 29366 | M10: 1943 | O10: 8935 | P10: 6343042 | Q10: 84283 | R10: 508124 | S10: 41620 | T10: 48011 | U10: 0 | V10: 11615
B11: 5342 | C11: 29681 | D11: 275 | E11: 210 | F11: 529 | G11: 10845 | H11: 2802300 | I11: 5740 | J11: 42970 | K11: 5630 | L11: 2282 | M11: 4506 | O11: 7771 | P11: 4935034 | Q11: 936 | R11: 15419 | S11: 21808 | T11: 480 | U11: 9368 | V11: 41718
C12: 4251 | D12: 2733 | E12: 8094 | F12: 32253 | G12: 1562 | H12: 810379 | I12: 46920 | J12: 342 | K12: 25958 | L12: 48345 | M12: 38041 | O12: 449536 | P12: 7665101 | Q12: 41188 | S12: 831 | T12: 25 | U12: 6579 | V12: 2788
O13: 771694
O14: 770866
O15: 1806104
O16: 352213
O17: 486269
O18: 1095
O19: 676389
O20: 55
A22: =A4 -> Noms des groupes | B22: =B4 -> Témoin solvant | C22: =C4 -> EE2-33.8ng/L | D22: =D4 -> EE2-50.6ng/L | E22: =E4 -> EE2-76ng/L | F22: =F4 -> EE2-114ng/L | G22: =G4 -> EE2-170.9ng/L | H22: =H4 -> EE2-488ng/L | ... M22: =M4 -> Prochloraz-1mg/L | N22: Noms des groupes | O22: =O4 -> Testo -30µg/L | P22: =P4 -> Testo 30µg/L + EE2 -64ng/L | Q22: =Q4 -> Testo 30µg/L + FAD-10µg/L | R22: =R4 -> Prochloraz-0.063mg/L + Testostérone | S22: =S4 -> Prochloraz-0.13mg/L + Testostérone | T22: =T4 -> Prochloraz-0.25mg/L + Testostérone | U22: =U4 -> Prochloraz-0.5mg/L + Testostérone | V22: =V4 -> Prochloraz-1mg/L + Testostérone
A23: mean | B23: =AVERAGE(B5:B20) -> 24213.143 | C23: =AVERAGE(C5:C20) -> 6044.875 | D23: =AVERAGE(D5:D20) -> 5425.625 | E23: =AVERAGE(E5:E20) -> 4374.125 | F23: =AVERAGE(F5:F20) -> 9200.125 | G23: =AVERAGE(G5:G20) -> 22857.25 | H23: =AVERAGE(H5:H20) -> 1400923.9 | I23: =AVERAGE(I5:I20) -> 11387.75 | J23: =AVERAGE(J5:J20) -> 20371.125 | L23: =AVERAGE(L5:L20) -> 18014.375 | N23: mean | O23: =AVERAGE(O5:O20) -> 367028.38 | P23: =AVERAGE(P5:P20) -> 5612514.9 | Q23: =AVERAGE(Q5:Q20) -> 29627.625 | R23: =AVERAGE(R5:R20) -> 127771.57 | S23: =AVERAGE(S5:S20) -> 119080.62 | T23: =AVERAGE(T5:T20) -> 15028.875 | U23: =AVERAGE(U5:U20) -> 30865.875 | V23: =AVERAGE(V5:V20) -> 12116.625
A24: SD | B24: =STDEV(B5:B20) -> 25492.242 | C24: =STDEV(C5:C20) -> 10300.312 | D24: =STDEV(D5:D20) -> 5244.449 | E24: =STDEV(E5:E20) -> 3786.7183 | F24: =STDEV(F5:F20) -> 11246.425 | G24: =STDEV(G5:G20) -> 38962.801 | H24: =STDEV(H5:H20) -> 1024242.3 | I24: =STDEV(I5:I20) -> 15971.998 | J24: =STDEV(J5:J20) -> 19233.019 | L24: =STDEV(L5:L20) -> 18655.054 | N24: SD | O24: =STDEV(O5:O20) -> 487812.69 | P24: =STDEV(P5:P20) -> 2463515.3 | Q24: =STDEV(Q5:Q20) -> 31551.566 | R24: =STDEV(R5:R20) -> 185755.45 | S24: =STDEV(S5:S20) -> 239087.77 | T24: =STDEV(T5:T20) -> 17665.249 | U24: =STDEV(U5:U20) -> 67224.215 | V24: =STDEV(V5:V20) -> 12866.327
B26: Non dopé | O26: avec testo
A27: Noms des groupes | B27: =B4 -> Témoin solvant | C27: =C4 -> EE2-33.8ng/L | D27: =D4 -> EE2-50.6ng/L | E27: =E4 -> EE2-76ng/L | F27: =F4 -> EE2-114ng/L | G27: =G4 -> EE2-170.9ng/L | H27: =H4 -> EE2-488ng/L | I27: =I4 -> Prochloraz-0.063mg/L | ... M27: =M4 -> Prochloraz-1mg/L | O27: =O4 -> Testo -30µg/L | P27: =P4 -> Testo 30µg/L + EE2 -64ng/L | Q27: =Q4 -> Testo 30µg/L + FAD-10µg/L | R27: =R4 -> Prochloraz-0.063mg/L + Testostérone | S27: =S4 -> Prochloraz-0.13mg/L + Testostérone | T27: =T4 -> Prochloraz-0.25mg/L + Testostérone | U27: =U4 -> Prochloraz-0.5mg/L + Testostérone | V27: =V4 -> Prochloraz-1mg/L + Testostérone
A28: Données normalisées sur la moyenne du groupe "Testo" | B28: =IF(B5="","",(B5/$O$23)) -> 0.0042775984 | C28: =IF(C5="","",(C5/$O$23)) -> 0.00144403 | D28: =IF(D5="","",(D5/$O$23)) -> 0.017437344 | E28: =IF(E5="","",(E5/$O$23)) -> 0.02671728 | F28: =IF(F5="","",(F5/$O$23)) -> 0.022178122 | G28: =IF(G5="","",(G5/$O$23)) -> 0.0057107301 | H28: =IF(H5="","",(H5/$O$23)) -> 4.902343 | I28: =IF(I5="","",(I5/$O$23)) -> 0.0015121447 | ... M28: =IF(M5="","",(M5/$O$23)) -> 0.00020706846 | O28: =IF(O5="","",(O5/$O$23)) -> 0.014644644 | P28: =IF(P5="","",(P5/$O$23)) -> 11.547837 | Q28: =IF(Q5="","",(Q5/$O$23)) -> 0.079081079 | R28: =IF(R5="","",(R5/$O$23)) -> 0.62159772 | S28: =IF(S5="","",(S5/$O$23)) -> 0.013143398 | T28: =IF(T5="","",(T5/$O$23)) -> 0.024624799 | U28: =IF(U5="","",(U5/$O$23)) -> 0.0043075689 | V28: =IF(V5="","",(V5/$O$23)) -> 0.015197735
B29: =IF(B6="","",(B6/$O$23)) -> 0.19348095 | C29: =IF(C6="","",(C6/$O$23)) -> 0.0022178122 | D29: =IF(D6="","",(D6/$O$23)) -> 0.046435102 | E29: =IF(E6="","",(E6/$O$23)) -> 0.0017982261 | F29: =IF(F6="","",(F6/$O$23)) -> 0.0042067592 | G29: =IF(G6="","",(G6/$O$23)) -> 0.0084734593 | H29: =IF(H6="","",(H6/$O$23)) -> 3.3279334 | I29: =IF(I6="","",(I6/$O$23)) -> 0.016421074 | ... M29: =IF(M6="","",(M6/$O$23)) -> 0.045609553 | O29: =IF(O6="","",(O6/$O$23)) -> 0.012385963 | P29: =IF(P6="","",(P6/$O$23)) -> 27.492893 | Q29: =IF(Q6="","",(Q6/$O$23)) -> 0.016489188 | R29: =IF(R6="","",(R6/$O$23)) -> 0.023872814 | S29: =IF(S6="","",(S6/$O$23)) -> 0.002547487 | T29: =IF(T6="","",(T6/$O$23)) -> 0.096641029 | U29: =IF(U6="","",(U6/$O$23)) -> 0.030616161 | V29: =IF(V6="","",(V6/$O$23)) -> 0.00036509439
B30: =IF(B7="","",(B7/$O$23)) -> 0.0051303935 | C30: =IF(C7="","",(C7/$O$23)) -> 0.0012887287 | D30: =IF(D7="","",(D7/$O$23)) -> 0.020930262 | E30: =IF(E7="","",(E7/$O$23)) -> 0.020502502 | F30: =IF(F7="","",(F7/$O$23)) -> 0.00056943826 | G30: =IF(G7="","",(G7/$O$23)) -> 0.30504726 | H30: =IF(H7="","",(H7/$O$23)) -> 6.9542389 | I30: =IF(I7="","",(I7/$O$23)) -> 0.062333055 | ... M30: =IF(M7="","",(M7/$O$23)) -> 0 | O30: =IF(O7="","",(O7/$O$23)) -> 1.3680959 | P30: =IF(P7="","",(P7/$O$23)) -> 8.7502199 | Q30: =IF(Q7="","",(Q7/$O$23)) -> 0.17774648 | R30: =IF(R7="","",(R7/$O$23)) -> 0.046988193 | S30: =IF(S7="","",(S7/$O$23)) -> 0.01243773 | T30: =IF(T7="","",(T7/$O$23)) -> 0.034095457 | U30: =IF(U7="","",(U7/$O$23)) -> 0.049571099 | V30: =IF(V7="","",(V7/$O$23)) -> 0.036449498
B31: =IF(B8="","",(B8/$O$23)) -> 0.047116248 | C31: =IF(C8="","",(C8/$O$23)) -> 0.0028526405 | D31: =IF(D8="","",(D8/$O$23)) -> 0.0095169754 | E31: =IF(E8="","",(E8/$O$23)) -> 0.014633746 | F31: =IF(F8="","",(F8/$O$23)) -> 0.0036836389 | G31: =IF(G8="","",(G8/$O$23)) -> 0.1250421 | H31: =IF(H8="","",(H8/$O$23)) -> 4.9058986 | I31: =IF(I8="","",(I8/$O$23)) -> 0.010492377 | ... M31: =IF(M8="","",(M8/$O$23)) -> 0.019219222 | O31: =IF(O8="","",(O8/$O$23)) -> 0.015652741 | P31: =IF(P8="","",(P8/$O$23)) -> 6.8959954 | Q31: =IF(Q8="","",(Q8/$O$23)) -> 0.011432359 | R31: =IF(R8="","",(R8/$O$23)) -> 0.042628857 | S31: =IF(S8="","",(S8/$O$23)) -> 0.51276689 | T31: =IF(T8="","",(T8/$O$23)) -> 0.0025992541 | U31: =IF(U8="","",(U8/$O$23)) -> 0.0091655039 | V31: =IF(V8="","",(V8/$O$23)) -> 0.033539641
B32: =IF(B9="","",(B9/$O$23)) -> 0.10348791 | C32: =IF(C9="","",(C9/$O$23)) -> 0 | D32: =IF(D9="","",(D9/$O$23)) -> 0.0099365614 | E32: =IF(E9="","",(E9/$O$23)) -> 0.0055527042 | F32: =IF(F9="","",(F9/$O$23)) -> 0.047535834 | G32: =IF(G9="","",(G9/$O$23)) -> 0.013609302 | H32: =IF(H9="","",(H9/$O$23)) -> 0.59856408 | I32: =IF(I9="","",(I9/$O$23)) -> 0.0053592587 | ... M32: =IF(M9="","",(M9/$O$23)) -> 0.029033178 | O32: =IF(O9="","",(O9/$O$23)) -> 0.064657126 | P32: =IF(P9="","",(P9/$O$23)) -> 16.034948 | Q32: =IF(Q9="","",(Q9/$O$23)) -> 0.016628142 | R32: =IF(R9="","",(R9/$O$23)) -> 0.27534656 | S32: =IF(S9="","",(S9/$O$23)) -> 1.8795876 | T32: =IF(T9="","",(T9/$O$23)) -> 0.037433073 | U32: =IF(U9="","",(U9/$O$23)) -> 0.53566431 | V32: =IF(V9="","",(V9/$O$23)) -> 0.025643794
B33: =IF(B10="","",(B10/$O$23)) -> 0.09374752 | C33: =IF(C10="","",(C10/$O$23)) -> 0.031504376 | D33: =IF(D10="","",(D10/$O$23)) -> 0.0058088152 | E33: =IF(E10="","",(E10/$O$23)) -> 0.00351199 | F33: =IF(F10="","",(F10/$O$23)) -> 0.033041042 | G33: =IF(G10="","",(G10/$O$23)) -> 0.006525381 | H33: =IF(H10="","",(H10/$O$23)) -> 0.0034602229 | I33: =IF(I10="","",(I10/$O$23)) -> 0.0086205869 | ... M33: =IF(M10="","",(M10/$O$23)) -> 0.0052938686 | O33: =IF(O10="","",(O10/$O$23)) -> 0.024344167 | P33: =IF(P10="","",(P10/$O$23)) -> 17.282157 | Q33: =IF(Q10="","",(Q10/$O$23)) -> 0.2296362 | R33: =IF(R10="","",(R10/$O$23)) -> 1.384427 | S33: =IF(S10="","",(S10/$O$23)) -> 0.11339723 | T33: =IF(T10="","",(T10/$O$23)) -> 0.13081005 | U33: =IF(U10="","",(U10/$O$23)) -> 0 | V33: =IF(V10="","",(V10/$O$23)) -> 0.031646055
B34: =IF(B11="","",(B11/$O$23)) -> 0.014554733 | C34: =IF(C11="","",(C11/$O$23)) -> 0.080868407 | D34: =IF(D11="","",(D11/$O$23)) -> 0.00074926087 | E34: =IF(E11="","",(E11/$O$23)) -> 0.00057216285 | F34: =IF(F11="","",(F11/$O$23)) -> 0.0014413055 | G34: =IF(G11="","",(G11/$O$23)) -> 0.029548124 | H34: =IF(H11="","",(H11/$O$23)) -> 7.6351045 | I34: =IF(I11="","",(I11/$O$23)) -> 0.015639118 | ... M34: =IF(M11="","",(M11/$O$23)) -> 0.01227698 | O34: =IF(O11="","",(O11/$O$23)) -> 0.02117275 | P34: =IF(P11="","",(P11/$O$23)) -> 13.44592 | Q34: =IF(Q11="","",(Q11/$O$23)) -> 0.0025502115 | R34: =IF(R11="","",(R11/$O$23)) -> 0.042010376 | S34: =IF(S11="","",(S11/$O$23)) -> 0.059417749 | T34: =IF(T11="","",(T11/$O$23)) -> 0.0013078008 | U34: =IF(U11="","",(U11/$O$23)) -> 0.025523912 | V34: =IF(V11="","",(V11/$O$23)) -> 0.11366424
B35: =IF(B12="","",(B12/$O$23)) | C35: =IF(C12="","",(C12/$O$23)) -> 0.011582211 | D35: =IF(D12="","",(D12/$O$23)) -> 0.0074462908 | E35: =IF(E12="","",(E12/$O$23)) -> 0.022052791 | F35: =IF(F12="","",(F12/$O$23)) -> 0.08787604 | G35: =IF(G12="","",(G12/$O$23)) -> 0.0042558017 | H35: =IF(H12="","",(H12/$O$23)) -> 2.2079465 | I35: =IF(I12="","",(I12/$O$23)) -> 0.12783753 | ... M35: =IF(M12="","",(M12/$O$23)) -> 0.10364594 | O35: =IF(O12="","",(O12/$O$23)) -> 1.224799 | P35: =IF(P12="","",(P12/$O$23)) -> 20.884219 | Q35: =IF(Q12="","",(Q12/$O$23)) -> 0.11222021 | R35: =IF(R12="","",(R12/$O$23)) | S35: =IF(S12="","",(S12/$O$23)) -> 0.0022641301 | T35: =IF(T12="","",(T12/$O$23)) -> 6.8114625e-05 | U35: =IF(U12="","",(U12/$O$23)) -> 0.017925045 | V35: =IF(V12="","",(V12/$O$23)) -> 0.0075961429
B36: =IF(B13="","",(B13/$O$23)) | C36: =IF(C13="","",(C13/$O$23)) | D36: =IF(D13="","",(D13/$O$23)) | E36: =IF(E13="","",(E13/$O$23)) | F36: =IF(F13="","",(F13/$O$23)) | G36: =IF(G13="","",(G13/$O$23)) | H36: =IF(H13="","",(H13/$O$23)) | I36: =IF(I13="","",(I13/$O$23)) | ... M36: =IF(M13="","",(M13/$O$23)) | O36: =IF(O13="","",(O13/$O$23)) -> 2.1025459 | P36: =IF(P13="","",(P13/$O$23)) | Q36: =IF(Q13="","",(Q13/$O$23)) | R36: =IF(R13="","",(R13/$O$23)) | S36: =IF(S13="","",(S13/$O$23)) | T36: =IF(T13="","",(T13/$O$23)) | U36: =IF(U13="","",(U13/$O$23)) | V36: =IF(V13="","",(V13/$O$23))
B37: =IF(B14="","",(B14/$O$23)) | C37: =IF(C14="","",(C14/$O$23)) | D37: =IF(D14="","",(D14/$O$23)) | E37: =IF(E14="","",(E14/$O$23)) | F37: =IF(F14="","",(F14/$O$23)) | G37: =IF(G14="","",(G14/$O$23)) | H37: =IF(H14="","",(H14/$O$23)) | I37: =IF(I14="","",(I14/$O$23)) | ... M37: =IF(M14="","",(M14/$O$23)) | O37: =IF(O14="","",(O14/$O$23)) -> 2.1002899 | P37: =IF(P14="","",(P14/$O$23)) | Q37: =IF(Q14="","",(Q14/$O$23)) | R37: =IF(R14="","",(R14/$O$23)) | S37: =IF(S14="","",(S14/$O$23)) | T37: =IF(T14="","",(T14/$O$23)) | U37: =IF(U14="","",(U14/$O$23)) | V37: =IF(V14="","",(V14/$O$23))
B38: =IF(B15="","",(B15/$O$23)) | C38: =IF(C15="","",(C15/$O$23)) | D38: =IF(D15="","",(D15/$O$23)) | E38: =IF(E15="","",(E15/$O$23)) | F38: =IF(F15="","",(F15/$O$23)) | G38: =IF(G15="","",(G15/$O$23)) | H38: =IF(H15="","",(H15/$O$23)) | I38: =IF(I15="","",(I15/$O$23)) | ... M38: =IF(M15="","",(M15/$O$23)) | O38: =IF(O15="","",(O15/$O$23)) -> 4.9208838 | P38: =IF(P15="","",(P15/$O$23)) | Q38: =IF(Q15="","",(Q15/$O$23)) | R38: =IF(R15="","",(R15/$O$23)) | S38: =IF(S15="","",(S15/$O$23)) | T38: =IF(T15="","",(T15/$O$23)) | U38: =IF(U15="","",(U15/$O$23)) | V38: =IF(V15="","",(V15/$O$23))
B39: =IF(B16="","",(B16/$O$23)) | C39: =IF(C16="","",(C16/$O$23)) | D39: =IF(D16="","",(D16/$O$23)) | E39: =IF(E16="","",(E16/$O$23)) | F39: =IF(F16="","",(F16/$O$23)) | G39: =IF(G16="","",(G16/$O$23)) | H39: =IF(H16="","",(H16/$O$23)) | I39: =IF(I16="","",(I16/$O$23)) | ... M39: =IF(M16="","",(M16/$O$23)) | O39: =IF(O16="","",(O16/$O$23)) -> 0.95963425 | P39: =IF(P16="","",(P16/$O$23)) | Q39: =IF(Q16="","",(Q16/$O$23)) | R39: =IF(R16="","",(R16/$O$23)) | S39: =IF(S16="","",(S16/$O$23)) | T39: =IF(T16="","",(T16/$O$23)) | U39: =IF(U16="","",(U16/$O$23)) | V39: =IF(V16="","",(V16/$O$23))
B40: =IF(B17="","",(B17/$O$23)) | C40: =IF(C17="","",(C17/$O$23)) | D40: =IF(D17="","",(D17/$O$23)) | E40: =IF(E17="","",(E17/$O$23)) | F40: =IF(F17="","",(F17/$O$23)) | G40: =IF(G17="","",(G17/$O$23)) | H40: =IF(H17="","",(H17/$O$23)) | I40: =IF(I17="","",(I17/$O$23)) | ... M40: =IF(M17="","",(M17/$O$23)) | O40: =IF(O17="","",(O17/$O$23)) -> 1.3248812 | P40: =IF(P17="","",(P17/$O$23)) | Q40: =IF(Q17="","",(Q17/$O$23)) | R40: =IF(R17="","",(R17/$O$23)) | S40: =IF(S17="","",(S17/$O$23)) | T40: =IF(T17="","",(T17/$O$23)) | U40: =IF(U17="","",(U17/$O$23)) | V40: =IF(V17="","",(V17/$O$23))
... B43: =IF(B20="","",(B20/$O$23)) | C43: =IF(C20="","",(C20/$O$23)) | D43: =IF(D20="","",(D20/$O$23)) | E43: =IF(E20="","",(E20/$O$23)) | F43: =IF(F20="","",(F20/$O$23)) | G43: =IF(G20="","",(G20/$O$23)) | H43: =IF(H20="","",(H20/$O$23)) | I43: =IF(I20="","",(I20/$O$23)) | ... M43: =IF(M20="","",(M20/$O$23)) | O43: =IF(O20="","",(O20/$O$23)) -> 0.00014985217 | P43: =IF(P20="","",(P20/$O$23)) | Q43: =IF(Q20="","",(Q20/$O$23)) | R43: =IF(R20="","",(R20/$O$23)) | S43: =IF(S20="","",(S20/$O$23)) | T43: =IF(T20="","",(T20/$O$23)) | U43: =IF(U20="","",(U20/$O$23)) | V43: =IF(V20="","",(V20/$O$23))
A45: =A4 -> Noms des groupes | B45: =B4 -> Témoin solvant | C45: =C4 -> EE2-33.8ng/L | D45: =D4 -> EE2-50.6ng/L | E45: =E4 -> EE2-76ng/L | F45: =F4 -> EE2-114ng/L | G45: =G4 -> EE2-170.9ng/L | H45: =H4 -> EE2-488ng/L | ... M45: =M4 -> Prochloraz-1mg/L | O45: =O4 -> Testo -30µg/L | P45: =P4 -> Testo 30µg/L + EE2 -64ng/L | Q45: =Q4 -> Testo 30µg/L + FAD-10µg/L | R45: =R4 -> Prochloraz-0.063mg/L + Testostérone | S45: =S4 -> Prochloraz-0.13mg/L + Testostérone | T45: =T4 -> Prochloraz-0.25mg/L + Testostérone | U45: =U4 -> Prochloraz-0.5mg/L + Testostérone | V45: =V4 -> Prochloraz-1mg/L + Testostérone
A46: mean | B46: =AVERAGE(B28:B43) -> 0.065970765 | C46: =AVERAGE(C28:C43) -> 0.016469776 | D46: =AVERAGE(D28:D43) -> 0.014782576 | E46: =AVERAGE(E28:E43) -> 0.011917675 | F46: =AVERAGE(F28:F43) -> 0.025066522 | G46: =AVERAGE(G28:G43) -> 0.06227652 | H46: =AVERAGE(H28:H43) -> 3.8169362 | I46: =AVERAGE(I28:I43) -> 0.031026893 | ... M46: =AVERAGE(M28:M43) -> 0.026910726 | N46: mean | O46: =AVERAGE(O28:O43) -> 1 | P46: =AVERAGE(P28:P43) -> 15.291774 | Q46: =AVERAGE(Q28:Q43) -> 0.080722982 | R46: =AVERAGE(R28:R43) -> 0.34812451 | S46: =AVERAGE(S28:S43) -> 0.32444528 | T46: =AVERAGE(T28:T43) -> 0.040947447 | U46: =AVERAGE(U28:U43) -> 0.0840967 | V46: =AVERAGE(V28:V43) -> 0.033012775
A47: SD | B47: =STDEV(B28:B43) -> 0.069455779 | C47: =STDEV(C28:C43) -> 0.028064077 | D47: =STDEV(D28:D43) -> 0.014288947 | E47: =STDEV(E28:E43) -> 0.010317236 | F47: =STDEV(F28:F43) -> 0.03064184 | G47: =STDEV(G28:G43) -> 0.10615746 | H47: =STDEV(H28:H43) -> 2.7906352 | I47: =STDEV(I28:I43) -> 0.043517066 | ... M47: =STDEV(M28:M43) -> 0.03468287 | N47: SD | O47: =STDEV(O28:O43) -> 1.3290871 | P47: =STDEV(P28:P43) -> 6.7120569 | Q47: =STDEV(Q28:Q43) -> 0.085964923 | R47: =STDEV(R28:R43) -> 0.50610651 | S47: =STDEV(S28:S43) -> 0.65141496 | T47: =STDEV(T28:T43) -> 0.048130473 | U47: =STDEV(U28:U43) -> 0.18315809 | V47: =STDEV(V28:V43) -> 0.035055402
A48: SEM | B48: =B47/SQRT(COUNT(B28:B43)) -> 0.026251817 | C48: =C47/SQRT(COUNT(C28:C43)) -> 0.0099221494 | D48: =D47/SQRT(COUNT(D28:D43)) -> 0.0050519056 | E48: =E47/SQRT(COUNT(E28:E43)) -> 0.0036476937 | F48: =F47/SQRT(COUNT(F28:F43)) -> 0.010833527 | G48: =G47/SQRT(COUNT(G28:G43)) -> 0.037532331 | H48: =H47/SQRT(COUNT(H28:H43)) -> 0.98663854 | I48: =I47/SQRT(COUNT(I28:I43)) -> 0.015385606 | ... M48: =M47/SQRT(COUNT(M28:M43)) -> 0.012262246 | N48: SEM | O48: =O47/SQRT(COUNT(O28:O43)) -> 0.33227178 | P48: =P47/SQRT(COUNT(P28:P43)) -> 2.3730705 | Q48: =Q47/SQRT(COUNT(Q28:Q43)) -> 0.03039319 | R48: =R47/SQRT(COUNT(R28:R43)) -> 0.19129028 | S48: =S47/SQRT(COUNT(S28:S43)) -> 0.23030997 | T48: =T47/SQRT(COUNT(T28:T43)) -> 0.017016692 | U48: =U47/SQRT(COUNT(U28:U43)) -> 0.064756162 | V48: =V47/SQRT(COUNT(V28:V43)) -> 0.012393956
A50: 7. Expérimentateur 2 : réaliser les tests statistiques avec les données normalisées et renseigner les résultats ainsi que le test statistique utilisé dans le tableau violet.
A52: =A27 -> Noms des groupes | B52: =B27 -> Témoin solvant | C52: =C27 -> EE2-33.8ng/L | D52: =D27 -> EE2-50.6ng/L | E52: =E27 -> EE2-76ng/L | F52: =F27 -> EE2-114ng/L | G52: =G27 -> EE2-170.9ng/L | H52: =H27 -> EE2-488ng/L | I52: =I4 -> Prochloraz-0.063mg/L | J52: =J4 -> Prochloraz-0.13mg/L | K52: =K4 -> Prochloraz-0.25mg/L | L52: =L4 -> Prochloraz-0.5mg/L | M52: =M4 -> Prochloraz-1mg/L | O52: =O27 -> Testo -30µg/L | P52: =P27 -> Testo 30µg/L + EE2 -64ng/L | Q52: =Q27 -> Testo 30µg/L + FAD-10µg/L | R52: =R27 -> Prochloraz-0.063mg/L + Testostérone | S52: =S27 -> Prochloraz-0.13mg/L + Testostérone | T52: =T27 -> Prochloraz-0.25mg/L + Testostérone | U52: =U27 -> Prochloraz-0.5mg/L + Testostérone | V52: =V27 -> Prochloraz-1mg/L + Testostérone
A53: Mean | B53: =B46 -> 0.065970765 | C53: =C46 -> 0.016469776 | D53: =D46 -> 0.014782576 | E53: =E46 -> 0.011917675 | F53: =F46 -> 0.025066522 | G53: =G46 -> 0.06227652 | H53: =H46 -> 3.8169362 | I53: =I46 -> 0.031026893 | ... M53: =M46 -> 0.026910726 | O53: =O46 -> 1 | P53: =P46 -> 15.291774 | Q53: =Q46 -> 0.080722982 | R53: =R46 -> 0.34812451 | S53: =S46 -> 0.32444528 | T53: =T46 -> 0.040947447 | U53: =U46 -> 0.0840967 | V53: =V46 -> 0.033012775
A54: SEM | B54: =B48 -> 0.026251817 | C54: =C48 -> 0.0099221494 | D54: =D48 -> 0.0050519056 | E54: =E48 -> 0.0036476937 | F54: =F48 -> 0.010833527 | G54: =G48 -> 0.037532331 | H54: =H48 -> 0.98663854 | I54: =I48 -> 0.015385606 | ... M54: =M48 -> 0.012262246 | O54: =O48 -> 0.33227178 | P54: =P48 -> 2.3730705 | Q54: =Q48 -> 0.03039319 | R54: =R48 -> 0.19129028 | S54: =S48 -> 0.23030997 | T54: =T48 -> 0.017016692 | U54: =U48 -> 0.064756162 | V54: =V48 -> 0.012393956
A55: % induction | B55: =(B53*100/$B53)-100 -> 0 | C55: =(C53*100/$B53)-100 -> -75.034736 | D55: =(D53*100/$B53)-100 -> -77.592231 | E55: =(E53*100/$B53)-100 -> -81.934914 | F55: =(F53*100/$B53)-100 -> -62.00359 | G55: =(G53*100/$B53)-100 -> -5.5998218 | H55: =(H53*100/$B53)-100 -> 5685.7994 | I55: =(I53*100/$B53)-100 -> -52.968724 | ... M55: =(M53*100/$B53)-100 -> -59.208104 | O55: =(O53*100/$O53)-100 -> 0 | P55: =(P53*100/$O53)-100 -> 1429.1774 | Q55: =(Q53*100/$O53)-100 -> -91.927702 | R55: =(R53*100/$O53)-100 -> -65.187549 | S55: =(S53*100/$O53)-100 -> -67.555472 | T55: =(T53*100/$O53)-100 -> -95.905255 | U55: =(U53*100/$O53)-100 -> -91.59033 | V55: =(V53*100/$O53)-100 -> -96.698723
A56: Test de normalité : valeur du p | B56: =[1]!SWTEST(B28:B43) -> #NAME? | C56: =[1]!SWTEST(C28:C43) -> #NAME? | D56: =[1]!SWTEST(D28:D43) -> #NAME? | E56: =[1]!SWTEST(E28:E43) -> #NAME? | F56: =[1]!SWTEST(F28:F43) -> #NAME? | G56: =[1]!SWTEST(G28:G43) -> #NAME? | H56: =[1]!SWTEST(H28:H43) -> #NAME? | I56: =[1]!SWTEST(I28:I43) -> #NAME? | ... M56: =[1]!SWTEST(M28:M43) -> #NAME? | O56: =[1]!SWTEST(O28:O43) -> #NAME? | P56: =[1]!SWTEST(P28:P43) -> #NAME? | Q56: =[1]!SWTEST(Q28:Q43) -> #NAME? | R56: =[1]!SWTEST(R28:R43) -> #NAME? | S56: =[1]!SWTEST(S28:S43) -> #NAME? | T56: =[1]!SWTEST(T28:T43) -> #NAME? | U56: =[1]!SWTEST(U28:U43) -> #NAME? | V56: =[1]!SWTEST(V28:V43) -> #NAME?
A57: Test de normalité : résultat normal? | B57: =IF(B56>0.05,"Oui","Non") -> #NAME? | C57: =IF(C56>0.05,"Oui","Non") -> #NAME? | D57: =IF(D56>0.05,"Oui","Non") -> #NAME? | E57: =IF(E56>0.05,"Oui","Non") -> #NAME? | F57: =IF(F56>0.05,"Oui","Non") -> #NAME? | G57: =IF(G56>0.05,"Oui","Non") -> #NAME? | H57: =IF(H56>0.05,"Oui","Non") -> #NAME? | I57: =IF(I56>0.05,"Oui","Non") -> #NAME? | ... M57: =IF(M56>0.05,"Oui","Non") -> #NAME? | O57: =IF(O56>0.05,"Oui","Non") -> #NAME? | P57: =IF(P56>0.05,"Oui","Non") -> #NAME? | Q57: =IF(Q56>0.05,"Oui","Non") -> #NAME? | R57: =IF(R56>0.05,"Oui","Non") -> #NAME? | S57: =IF(S56>0.05,"Oui","Non") -> #NAME? | T57: =IF(T56>0.05,"Oui","Non") -> #NAME? | U57: =IF(U56>0.05,"Oui","Non") -> #NAME? | V57: =IF(V56>0.05,"Oui","Non") -> #NAME?
A59: Test statistique utilisé | C59: =IF($B57="Non",IF(C57="Non","MW",IF(C57="Oui","MW","")),IF($B57="Oui",IF(C57="Oui","T-Test Welch",IF(C57="Non","MW","")))) -> #NAME? | D59: =IF($B57="Non",IF(D57="Non","MW",IF(D57="Oui","MW","")),IF($B57="Oui",IF(D57="Oui","T-Test Welch",IF(D57="Non","MW","")))) -> #NAME? | E59: =IF($B57="Non",IF(E57="Non","MW",IF(E57="Oui","MW","")),IF($B57="Oui",IF(E57="Oui","T-Test Welch",IF(E57="Non","MW","")))) -> #NAME? | F59: =IF($B57="Non",IF(F57="Non","MW",IF(F57="Oui","MW","")),IF($B57="Oui",IF(F57="Oui","T-Test Welch",IF(F57="Non","MW","")))) -> #NAME? | G59: =IF($B57="Non",IF(G57="Non","MW",IF(G57="Oui","MW","")),IF($B57="Oui",IF(G57="Oui","T-Test Welch",IF(G57="Non","MW","")))) -> #NAME? | H59: =IF($B57="Non",IF(H57="Non","MW",IF(H57="Oui","MW","")),IF($B57="Oui",IF(H57="Oui","T-Test Welch",IF(H57="Non","MW","")))) -> #NAME? | I59: =IF($B57="Non",IF(I57="Non","MW",IF(I57="Oui","MW","")),IF($B57="Oui",IF(I57="Oui","T-Test Welch",IF(I57="Non","MW","")))) -> #NAME? | J59: =IF($B57="Non",IF(J57="Non","MW",IF(J57="Oui","MW","")),IF($B57="Oui",IF(J57="Oui","T-Test Welch",IF(J57="Non","MW","")))) -> #NAME? | ... M59: =IF($B57="Non",IF(M57="Non","MW",IF(M57="Oui","MW","")),IF($B57="Oui",IF(M57="Oui","T-Test Welch",IF(M57="Non","MW","")))) -> #NAME? | O59: =IF($B57="Non",IF(O57="Non","MW",IF(O57="Oui","MW","")),IF($B57="Oui",IF(O57="Oui","T-Test Welch",IF(O57="Non","MW","")))) -> #NAME? | P59: =IF($O57="Non",IF(P57="Non","MW",IF(P57="Oui","MW","")),IF($O57="Oui",IF(P57="Oui","T-Test Welch",IF(P57="Non","MW","")))) -> #NAME? | Q59: =IF($O57="Non",IF(Q57="Non","MW",IF(Q57="Oui","MW","")),IF($O57="Oui",IF(Q57="Oui","T-Test Welch",IF(Q57="Non","MW","")))) -> #NAME? | R59: =IF($O57="Non",IF(R57="Non","MW",IF(R57="Oui","MW","")),IF($O57="Oui",IF(R57="Oui","T-Test Welch",IF(R57="Non","MW","")))) -> #NAME? | S59: =IF($O57="Non",IF(S57="Non","MW",IF(S57="Oui","MW","")),IF($O57="Oui",IF(S57="Oui","T-Test Welch",IF(S57="Non","MW","")))) -> #NAME? | T59: =IF($O57="Non",IF(T57="Non","MW",IF(T57="Oui","MW","")),IF($O57="Oui",IF(T57="Oui","T-Test Welch",IF(T57="Non","MW","")))) -> #NAME? | U59: =IF($O57="Non",IF(U57="Non","MW",IF(U57="Oui","MW","")),IF($O57="Oui",IF(U57="Oui","T-Test Welch",IF(U57="Non","MW","")))) -> #NAME? | V59: =IF($O57="Non",IF(V57="Non","MW",IF(V57="Oui","MW","")),IF($O57="Oui",IF(V57="Oui","T-Test Welch",IF(V57="Non","MW","")))) -> #NAME?
A60: Test statistique : valeur du p | C60: =IF(C59="MW",[1]!MTEST($B28:$B43,C28:C43,2), IF(C59="T-Test Welch",_xlfn.T.TEST($B28:$B43,C28:C43,2,3),"")) -> #NAME? | D60: =IF(D59="MW",[1]!MTEST($B28:$B43,D28:D43,2), IF(D59="T-Test Welch",_xlfn.T.TEST($B28:$B43,D28:D43,2,3),"")) -> #NAME? | E60: =IF(E59="MW",[1]!MTEST($B28:$B43,E28:E43,2), IF(E59="T-Test Welch",_xlfn.T.TEST($B28:$B43,E28:E43,2,3),"")) -> #NAME? | F60: =IF(F59="MW",[1]!MTEST($B28:$B43,F28:F43,2), IF(F59="T-Test Welch",_xlfn.T.TEST($B28:$B43,F28:F43,2,3),"")) -> #NAME? | G60: =IF(G59="MW",[1]!MTEST($B28:$B43,G28:G43,2), IF(G59="T-Test Welch",_xlfn.T.TEST($B28:$B43,G28:G43,2,3),"")) -> #NAME? | H60: =IF(H59="MW",[1]!MTEST($B28:$B43,H28:H43,2), IF(H59="T-Test Welch",_xlfn.T.TEST($B28:$B43,H28:H43,2,3),"")) -> #NAME? | I60: =IF(I59="MW",[1]!MTEST($B28:$B43,I28:I43,2), IF(I59="T-Test Welch",_xlfn.T.TEST($B28:$B43,I28:I43,2,3),"")) -> #NAME? | J60: =IF(J59="MW",[1]!MTEST($B28:$B43,J28:J43,2), IF(J59="T-Test Welch",_xlfn.T.TEST($B28:$B43,J28:J43,2,3),"")) -> #NAME? | ... M60: =IF(M59="MW",[1]!MTEST($B28:$B43,M28:M43,2), IF(M59="T-Test Welch",_xlfn.T.TEST($B28:$B43,M28:M43,2,3),"")) -> #NAME? | O60: =IF(O59="MW",[1]!MTEST($B28:$B43,O28:O43,2), IF(O59="T-Test Welch",_xlfn.T.TEST($B28:$B43,O28:O43,2,3),"")) -> #NAME? | P60: =IF(P59="MW",[1]!MTEST($O28:$O43,P28:P43,2), IF(P59="T-Test Welch",_xlfn.T.TEST($O28:$O43,P28:P43,2,3),"")) -> #NAME? | Q60: =IF(Q59="MW",[1]!MTEST($O28:$O43,Q28:Q43,2), IF(Q59="T-Test Welch",_xlfn.T.TEST($O28:$O43,Q28:Q43,2,3),"")) -> #NAME? | R60: =IF(R59="MW",[1]!MTEST($O28:$O43,R28:R43,2), IF(R59="T-Test Welch",_xlfn.T.TEST($O28:$O43,R28:R43,2,3),"")) -> #NAME? | S60: =IF(S59="MW",[1]!MTEST($O28:$O43,S28:S43,2), IF(S59="T-Test Welch",_xlfn.T.TEST($O28:$O43,S28:S43,2,3),"")) -> #NAME? | T60: =IF(T59="MW",[1]!MTEST($O28:$O43,T28:T43,2), IF(T59="T-Test Welch",_xlfn.T.TEST($O28:$O43,T28:T43,2,3),"")) -> #NAME? | U60: =IF(U59="MW",[1]!MTEST($O28:$O43,U28:U43,2), IF(U59="T-Test Welch",_xlfn.T.TEST($O28:$O43,U28:U43,2,3),"")) -> #NAME? | V60: =IF(V59="MW",[1]!MTEST($O28:$O43,V28:V43,2), IF(V59="T-Test Welch",_xlfn.T.TEST($O28:$O43,V28:V43,2,3),"")) -> #NAME?
A61: Annotation | C61: =IF(C60>0.05,"NS",IF(C60>0.01,"*",IF(C60>0.001,"**","***"))) -> #NAME? | D61: =IF(D60>0.05,"NS",IF(D60>0.01,"*",IF(D60>0.001,"**","***"))) -> #NAME? | E61: =IF(E60>0.05,"NS",IF(E60>0.01,"*",IF(E60>0.001,"**","***"))) -> #NAME? | F61: =IF(F60>0.05,"NS",IF(F60>0.01,"*",IF(F60>0.001,"**","***"))) -> #NAME? | G61: =IF(G60>0.05,"NS",IF(G60>0.01,"*",IF(G60>0.001,"**","***"))) -> #NAME? | H61: =IF(H60>0.05,"NS",IF(H60>0.01,"*",IF(H60>0.001,"**","***"))) -> #NAME? | I61: =IF(I60>0.05,"NS",IF(I60>0.01,"*",IF(I60>0.001,"**","***"))) -> #NAME? | J61: =IF(J60>0.05,"NS",IF(J60>0.01,"*",IF(J60>0.001,"**","***"))) -> #NAME? | ... M61: =IF(M60>0.05,"NS",IF(M60>0.01,"*",IF(M60>0.001,"**","***"))) -> #NAME? | O61: =IF(O60>0.05,"NS",IF(O60>0.01,"*",IF(O60>0.001,"**","***"))) -> #NAME? | P61: =IF(P60>0.05,"NS",IF(P60>0.01,"*",IF(P60>0.001,"**","***"))) -> #NAME? | Q61: =IF(Q60>0.05,"NS",IF(Q60>0.01,"*",IF(Q60>0.001,"**","***"))) -> #NAME? | R61: =IF(R60>0.05,"NS",IF(R60>0.01,"*",IF(R60>0.001,"**","***"))) -> #NAME? | S61: =IF(S60>0.05,"NS",IF(S60>0.01,"*",IF(S60>0.001,"**","***"))) -> #NAME? | T61: =IF(T60>0.05,"NS",IF(T60>0.01,"*",IF(T60>0.001,"**","***"))) -> #NAME? | U61: =IF(U60>0.05,"NS",IF(U60>0.01,"*",IF(U60>0.001,"**","***"))) -> #NAME? | V61: =IF(V60>0.05,"NS",IF(V60>0.01,"*",IF(V60>0.001,"**","***"))) -> #NAME?
A63: Eléments pour la mise en forme conditionnelles des résutats - calcul équivalent hormonal (eqH)
A64: LOD | B64: =B46+(3*B47) -> 0.2743381
A65: LOQ | B65: =B46+(10*B47) -> 0.76052855
A67: 8. Expérimentateur 2 : se reporter à l'onglet "pooled normalised values".

Sheet pooled normalised values
A1: N°BDC : | B1: ='Page de garde'!#REF! -> #REF!
B3: Non dopé | O3: avec testo
A4: Noms des groupes | B4: ='R1'!B4 -> Témoin solvant | C4: ='R1'!C4 -> EE2-33.8ng/L | D4: ='R1'!D4 -> EE2-50.6ng/L | E4: ='R1'!E4 -> EE2-76ng/L | F4: ='R1'!F4 -> EE2-114ng/L | G4: ='R1'!G4 -> EE2-170.9ng/L | H4: ='R1'!H4 -> EE2-488ng/L | I4: ='R1'!I4 -> Prochloraz-0.063mg/L | ... M4: ='R1'!M4 -> Prochloraz-1mg/L | O4: ='R1'!O4 -> Testo -30µg/L | P4: ='R1'!P4 -> Testo 30µg/L + EE2 -64ng/L | Q4: ='R1'!Q4 -> Testo 30µg/L + FAD-10µg/L | R4: ='R1'!R4 -> Prochloraz-0.063mg/L + Testostérone | S4: ='R1'!S4 -> Prochloraz-0.13mg/L + Testostérone | T4: ='R1'!T4 -> Prochloraz-0.25mg/L + Testostérone | U4: ='R1'!U4 -> Prochloraz-0.5mg/L + Testostérone | V4: ='R1'!V4 -> Prochloraz-1mg/L + Testostérone
C5: n'utilisez pas cette ligne SVP
A6: Rep1 | B6: ='R1'!B28 -> 0.0004145778 | C6: ='R1'!C28 -> 0.0071103383 | D6: ='R1'!D28 -> 0.04184768 | E6: ='R1'!E28 -> 1.4540609 | F6: ='R1'!F28 -> 3.6467908 | G6: ='R1'!G28 -> 5.1925655 | H6: ='R1'!H28 -> 4.1607612 | I6: ='R1'!I28 -> 0.085976361 | ... M6: ='R1'!M28 -> 0.15778963 | O6: ='R1'!O28 -> 4.6211827 | P6: ='R1'!P28 -> 7.5003729 | Q6: ='R1'!Q28 -> 0.089848222 | R6: ='R1'!R28 -> 0.027322651 | S6: ='R1'!S28 -> 0.087760526 | T6: ='R1'!T28 -> 0.011724984 | U6: ='R1'!U28 -> 0.034002783 | V6: ='R1'!V28 -> 0.0017981489
A7: Données normalisées sur la moyenne du groupe "Testo" | B7: ='R1'!B29 -> 0.051040778 | C7: ='R1'!C29 -> 0.20155144 | D7: ='R1'!D29 -> 0.016412016 | E7: ='R1'!E29 -> 1.7107026 | F7: ='R1'!F29 -> 2.6261348 | G7: ='R1'!G29 -> 3.5689341 | H7: ='R1'!H29 -> 9.1750813 | I7: ='R1'!I29 -> 0.012080336 | ... M7: ='R1'!M29 -> 0.13908427 | O7: ='R1'!O29 -> 0.26555682 | P7: ='R1'!P29 -> 4.1070561 | Q7: ='R1'!Q29 -> 0.025298294 | R7: ='R1'!R29 -> 0.13655732 | S7: ='R1'!S29 -> 1.1543154 | T7: ='R1'!T29 -> 0.016922835 | U7: ='R1'!U29 -> 0.10375056 | V7: ='R1'!V29 -> 0.030687805
B8: ='R1'!B30 -> 0.0061174902 | C8: ='R1'!C30 -> 0.87514823 | D8: ='R1'!D30 -> 2.0547718 | E8: ='R1'!E30 -> 2.4877382 | F8: ='R1'!F30 -> 3.4696732 | G8: ='R1'!G30 -> 5.1250765 | H8: ='R1'!H30 -> 4.0978761 | I8: ='R1'!I30 -> 0.16243717 | ... M8: ='R1'!M30 -> 0.064644524 | O8: ='R1'!O30 -> 0.08820883 | P8: ='R1'!P30 -> 4.4422702 | Q8: ='R1'!Q30 -> 0.033345545 | R8: ='R1'!R30 -> 0.20609041 | S8: ='R1'!S30 -> 0.4076328 | T8: ='R1'!T30 -> 0.37692525 | U8: ='R1'!U30 -> 0.032921919 | V8: ='R1'!V30 -> 0.024394284
B9: ='R1'!B31 -> 0.0074887228 | C9: ='R1'!C31 -> 0.069852246 | D9: ='R1'!D31 -> 0.12628007 | E9: ='R1'!E31 -> 0.18746566 | F9: ='R1'!F31 -> 3.1558641 | G9: ='R1'!G31 -> 6.5192466 | H9: ='R1'!H31 -> 7.2360203 | I9: ='R1'!I31 -> 0.026241787 | ... M9: ='R1'!M31 -> 0.13472133 | O9: ='R1'!O31 -> 1.4076775 | P9: ='R1'!P31 -> 5.9092472 | Q9: ='R1'!Q31 -> 0.0046171134 | R9: ='R1'!R31 -> 0.061727673 | S9: ='R1'!S31 -> 0.0046483713 | T9: ='R1'!T31 -> 0.20769607 | U9: ='R1'!U31 -> 0.1744443 | V9: ='R1'!V31 -> 0.0018129553
B10: ='R1'!B32 -> 0.12118175 | C10: ='R1'!C32 -> 0.65368801 | D10: ='R1'!D32 -> 1.9720553 | E10: ='R1'!E32 -> 0.60955193 | F10: ='R1'!F32 -> 3.8395201 | G10: ='R1'!G32 -> 9.0345049 | H10: ='R1'!H32 -> 3.9291158 | I10: ='R1'!I32 -> 0.0046055974 | ... M10: ='R1'!M32 -> 0.029135606 | O10: ='R1'!O32 -> 0.077914304 | P10: ='R1'!P32 -> 2.1393868 | Q10: ='R1'!Q32 -> 0.0011335083 | R10: ='R1'!R32 -> 0.067137749 | S10: ='R1'!S32 -> 0.030472291 | T10: ='R1'!T32 -> 0.87322011 | U10: ='R1'!U32 -> 0.012012885 | V10: ='R1'!V32 -> 0.026403835
B11: ='R1'!B33 -> 0.056343097 | C11: ='R1'!C33 -> 0.182559 | D11: ='R1'!D33 -> 0.32477564 | E11: ='R1'!E33 -> 0.69160296 | F11: ='R1'!F33 -> 5.2423979 | G11: ='R1'!G33 -> 3.5829203 | H11: ='R1'!H33 -> 6.8722719 | I11: ='R1'!I33 -> 0.042312435 | ... M11: ='R1'!M33 -> 0.11768087 | O11: ='R1'!O33 -> 0.089718255 | P11: ='R1'!P33 -> 3.6121834 | Q11: ='R1'!Q33 -> 0.026635801 | R11: ='R1'!R33 -> 3.545925 | S11: ='R1'!S33 -> 0.089239516 | T11: ='R1'!T33 -> 0.98906746 | U11: ='R1'!U33 -> 0.0035568143 | V11: ='R1'!V33 -> 0.1427982
B12: ='R1'!B34 -> 0.0027046266 | C12: ='R1'!C34 -> 0.032528728 | D12: ='R1'!D34 -> 0.50385926 | E12: ='R1'!E34 -> 1.9719311 | F12: ='R1'!F34 -> 1.7186627 | G12: ='R1'!G34 -> 9.4793 | H12: ='R1'!H34 -> 6.3666877 | I12: ='R1'!I34 -> 0.082974785 | ... M12: ='R1'!M34 -> 0.068518852 | O12: ='R1'!O34 -> 0.64043221 | P12: ='R1'!P34 -> 5.1426426 | Q12: ='R1'!Q34 -> 0.20303125 | R12: ='R1'!R34 -> 1.3989081 | S12: ='R1'!S34 -> 0.02673122 | T12: ='R1'!T34 -> 1.3129646 | U12: ='R1'!U34 -> 0.0016599563 | V12: ='R1'!V34 -> 1.6938259
B13: ='R1'!B35 -> 0.038760556 | C13: ='R1'!C35 -> 0.07222702 | D13: ='R1'!D35 -> 0.13980567 | E13: ='R1'!E35 -> 0.041421586 | F13: ='R1'!F35 -> 5.4595956 | G13: ='R1'!G35 | H13: ='R1'!H35 -> 4.9551515 | I13: ='R1'!I35 | ... M13: ='R1'!M35 -> 0.16651797 | O13: ='R1'!O35 -> 1.3673804 | P13: ='R1'!P35 -> 5.393046 | Q13: ='R1'!Q35 -> 0.017450929 | R13: ='R1'!R35 -> 0.15717269 | S13: ='R1'!S35 -> 0.29748507 | T13: ='R1'!T35 -> 0.11753116 | U13: ='R1'!U35 -> 0.43927972 | V13: ='R1'!V35
B14: ='R1'!B36 | C14: ='R1'!C36 | D14: ='R1'!D36 | E14: ='R1'!E36 | F14: ='R1'!F36 | G14: ='R1'!G36 | H14: ='R1'!H36 | I14: ='R1'!I36 | ... M14: ='R1'!M36 | O14: ='R1'!O36 -> 1.0741324 | P14: ='R1'!P36 | Q14: ='R1'!Q36 | R14: ='R1'!R36 | S14: ='R1'!S36 | T14: ='R1'!T36 | U14: ='R1'!U36 | V14: ='R1'!V36
B15: ='R1'!B37 | C15: ='R1'!C37 | D15: ='R1'!D37 | E15: ='R1'!E37 | F15: ='R1'!F37 | G15: ='R1'!G37 | H15: ='R1'!H37 | I15: ='R1'!I37 | ... M15: ='R1'!M37 | O15: ='R1'!O37 -> 1.2917306 | P15: ='R1'!P37 | Q15: ='R1'!Q37 | R15: ='R1'!R37 | S15: ='R1'!S37 | T15: ='R1'!T37 | U15: ='R1'!U37 | V15: ='R1'!V37
B16: ='R1'!B38 | C16: ='R1'!C38 | D16: ='R1'!D38 | E16: ='R1'!E38 | F16: ='R1'!F38 | G16: ='R1'!G38 | H16: ='R1'!H38 | I16: ='R1'!I38 | ... M16: ='R1'!M38 | O16: ='R1'!O38 -> 0.52299647 | P16: ='R1'!P38 | Q16: ='R1'!Q38 | R16: ='R1'!R38 | S16: ='R1'!S38 | T16: ='R1'!T38 | U16: ='R1'!U38 | V16: ='R1'!V38
B17: ='R1'!B39 | C17: ='R1'!C39 | D17: ='R1'!D39 | E17: ='R1'!E39 | F17: ='R1'!F39 | G17: ='R1'!G39 | H17: ='R1'!H39 | I17: ='R1'!I39 | ... M17: ='R1'!M39 | O17: ='R1'!O39 -> 0.10337382 | P17: ='R1'!P39 | Q17: ='R1'!Q39 | R17: ='R1'!R39 | S17: ='R1'!S39 | T17: ='R1'!T39 | U17: ='R1'!U39 | V17: ='R1'!V39
B18: ='R1'!B40 | C18: ='R1'!C40 | D18: ='R1'!D40 | E18: ='R1'!E40 | F18: ='R1'!F40 | G18: ='R1'!G40 | H18: ='R1'!H40 | I18: ='R1'!I40 | ... M18: ='R1'!M40 | O18: ='R1'!O40 -> 0.41899173 | P18: ='R1'!P40 | Q18: ='R1'!Q40 | R18: ='R1'!R40 | S18: ='R1'!S40 | T18: ='R1'!T40 | U18: ='R1'!U40 | V18: ='R1'!V40
B19: ='R1'!B41 | C19: ='R1'!C41 | D19: ='R1'!D41 | E19: ='R1'!E41 | F19: ='R1'!F41 | G19: ='R1'!G41 | H19: ='R1'!H41 | I19: ='R1'!I41 | ... M19: ='R1'!M41 | O19: ='R1'!O41 -> 2.5453111 | P19: ='R1'!P41 | Q19: ='R1'!Q41 | R19: ='R1'!R41 | S19: ='R1'!S41 | T19: ='R1'!T41 | U19: ='R1'!U41 | V19: ='R1'!V41
... B21: ='R1'!B43 | C21: ='R1'!C43 | D21: ='R1'!D43 | E21: ='R1'!E43 | F21: ='R1'!F43 | G21: ='R1'!G43 | H21: ='R1'!H43 | I21: ='R1'!I43 | ... M21: ='R1'!M43 | O21: ='R1'!O43 -> 0.98932164 | P21: ='R1'!P43 | Q21: ='R1'!Q43 | R21: ='R1'!R43 | S21: ='R1'!S43 | T21: ='R1'!T43 | U21: ='R1'!U43 | V21: ='R1'!V43
A22: Rep2 | B22: ='R2'!B28 -> 0.056676433 | C22: ='R2'!C28 -> 0.012841478 | D22: ='R2'!D28 -> 0.17305564 | E22: ='R2'!E28 -> 1.1000161 | F22: ='R2'!F28 -> 2.185357 | G22: ='R2'!G28 -> 2.0575448 | H22: ='R2'!H28 -> 4.9413 | I22: ='R2'!I28 -> 0.10304144 | ... M22: ='R2'!M28 -> 0.00046138863 | O22: ='R2'!O28 -> 1.9483372 | P22: ='R2'!P28 -> 0.86408035 | Q22: ='R2'!Q28 -> 0.039490086 | R22: ='R2'!R28 -> 0.053224366 | S22: ='R2'!S28 -> 0.873768 | T22: ='R2'!T28 -> 0.60025029 | U22: ='R2'!U28 -> 0.04617453 | V22: ='R2'!V28 -> 0.013683057
A23: Données normalisées sur la moyenne du groupe "Testo" | B23: ='R2'!B29 -> 0.05141941 | C23: ='R2'!C29 -> 0.059099103 | D23: ='R2'!D29 -> 0.015647373 | E23: ='R2'!E29 -> 0.58704873 | F23: ='R2'!F29 -> 3.1256412 | G23: ='R2'!G29 -> 3.7111165 | H23: ='R2'!H29 -> 4.7662261 | I23: ='R2'!I29 -> 0.10796494 | ... M23: ='R2'!M29 -> 0.030790861 | O23: ='R2'!O29 -> 1.4440239 | P23: ='R2'!P29 -> 3.1317747 | Q23: ='R2'!Q29 -> 0.093103748 | R23: ='R2'!R29 -> 0.020423277 | S23: ='R2'!S29 -> 0.045644084 | T23: ='R2'!T29 -> 0.058694249 | U23: ='R2'!U29 -> 0.010662403 | V23: ='R2'!V29 -> 0.014471136
B24: ='R2'!B30 -> 0.012569046 | C24: ='R2'!C30 -> 0.019420439 | D24: ='R2'!D30 -> 0.056302693 | E24: ='R2'!E30 -> 0.055105587 | F24: ='R2'!F30 -> 1.945515 | G24: ='R2'!G30 -> 4.3350706 | H24: ='R2'!H30 -> 1.2357183 | I24: ='R2'!I30 -> 0.13517549 | ... M24: ='R2'!M30 -> 0.036780566 | O24: ='R2'!O30 -> 1.8330496 | P24: ='R2'!P30 -> 2.2423996 | Q24: ='R2'!Q30 -> 0.049459268 | R24: ='R2'!R30 -> 0.18744406 | S24: ='R2'!S30 -> 0.64363334 | T24: ='R2'!T30 -> 0.028650489 | U24: ='R2'!U30 -> 0.014223367 | V24: ='R2'!V30 -> 0.053157965
B25: ='R2'!B31 -> 0.017042543 | C25: ='R2'!C31 -> 0.1718407 | D25: ='R2'!D31 -> 0.044062235 | E25: ='R2'!E31 -> 0.71590517 | F25: ='R2'!F31 -> 4.9380107 | G25: ='R2'!G31 -> 4.1161007 | H25: ='R2'!H31 -> 5.5480476 | I25: ='R2'!I31 -> 0.042978579 | ... M25: ='R2'!M31 -> 0.016342112 | O25: ='R2'!O31 -> 1.5617793 | P25: ='R2'!P31 -> 1.8958034 | Q25: ='R2'!Q31 -> 0.009374992 | R25: ='R2'!R31 -> 0.16620084 | S25: ='R2'!S31 -> 0.20161772 | T25: ='R2'!T31 -> 0.012882456 | U25: ='R2'!U31 -> 0.046976268 | V25: ='R2'!V31 -> 0.016333385
B26: ='R2'!B32 -> 0.0061342681 | C26: ='R2'!C32 -> 0.064951074 | D26: ='R2'!D32 -> 0.13234986 | E26: ='R2'!E32 -> 0.62522067 | F26: ='R2'!F32 -> 1.678832 | G26: ='R2'!G32 -> 4.7466448 | H26: ='R2'!H32 -> 8.0706926 | I26: ='R2'!I32 -> 0.056791021 | ... M26: ='R2'!M32 -> 0.035407783 | O26: ='R2'!O32 -> 1.2607816 | P26: ='R2'!P32 -> 1.6073391 | Q26: ='R2'!Q32 -> 0.0093078326 | R26: ='R2'!R32 -> 0.71735156 | S26: ='R2'!S32 -> 0.064200938 | T26: ='R2'!T32 -> 0.024046088 | U26: ='R2'!U32 -> 0.087222181 | V26: ='R2'!V32 -> 0.2793029
B27: ='R2'!B33 -> 0.059390506 | C27: ='R2'!C33 -> 0.025368786 | D27: ='R2'!D33 -> 0.083784153 | E27: ='R2'!E33 -> 1.0183348 | F27: ='R2'!F33 -> 1.8459689 | G27: ='R2'!G33 -> 2.8112208 | H27: ='R2'!H33 -> 6.5098229 | I27: ='R2'!I33 -> 0.14271972 | ... M27: ='R2'!M33 -> 0.051702846 | O27: ='R2'!O33 -> 0.30533607 | P27: ='R2'!P33 -> 0.6095991 | Q27: ='R2'!Q33 -> 0.053768091 | R27: ='R2'!R33 -> 0.00043558729 | S27: ='R2'!S33 -> 0.13843784 | T27: ='R2'!T33 -> 0.011776034 | U27: ='R2'!U33 -> 0.0041282141 | V27: ='R2'!V33 -> 0.070162944
B28: ='R2'!B34 -> 0.0029288313 | C28: ='R2'!C34 -> 0.24257166 | D28: ='R2'!D34 -> 0.34285121 | E28: ='R2'!E34 -> 0.31738529 | F28: ='R2'!F34 -> 1.1681218 | G28: ='R2'!G34 -> 0.9206919 | H28: ='R2'!H34 -> 3.9021613 | I28: ='R2'!I34 -> 0.029710241 | ... M28: ='R2'!M34 -> 0.017459917 | O28: ='R2'!O34 -> 0.29502502 | P28: ='R2'!P34 -> 0.77043554 | Q28: ='R2'!Q34 -> 0.010589931 | R28: ='R2'!R34 -> 0.073093293 | S28: ='R2'!S34 -> 0.078255078 | T28: ='R2'!T34 -> 0.026448648 | U28: ='R2'!U34 -> 0.020340181 | V28: ='R2'!V34 -> 0.065944046
B29: ='R2'!B35 -> 0.010766367 | C29: ='R2'!C35 -> 0.025372201 | D29: ='R2'!D35 -> 0.14315113 | E29: ='R2'!E35 -> 2.6204427 | F29: ='R2'!F35 -> 2.2260415 | G29: ='R2'!G35 -> 2.1080281 | H29: ='R2'!H35 -> 4.4047111 | I29: ='R2'!I35 -> 0.069947047 | ... M29: ='R2'!M35 | O29: ='R2'!O35 -> 0.60381429 | P29: ='R2'!P35 -> 1.2826972 | Q29: ='R2'!Q35 -> 0.004637411 | R29: ='R2'!R35 -> 0.26511899 | S29: ='R2'!S35 -> 0.092797926 | T29: ='R2'!T35 -> 0.13323621 | U29: ='R2'!U35 -> 0.075485988 | V29: ='R2'!V35 -> 0.017989983
B30: ='R2'!B36 | C30: ='R2'!C36 | D30: ='R2'!D36 | E30: ='R2'!E36 | F30: ='R2'!F36 | G30: ='R2'!G36 | H30: ='R2'!H36 | I30: ='R2'!I36 | ... M30: ='R2'!M36 | O30: ='R2'!O36 -> 0.032428867 | P30: ='R2'!P36 | Q30: ='R2'!Q36 | R30: ='R2'!R36 | S30: ='R2'!S36 | T30: ='R2'!T36 | U30: ='R2'!U36 | V30: ='R2'!V36
B31: ='R2'!B37 | C31: ='R2'!C37 | D31: ='R2'!D37 | E31: ='R2'!E37 | F31: ='R2'!F37 | G31: ='R2'!G37 | H31: ='R2'!H37 | I31: ='R2'!I37 | ... M31: ='R2'!M37 | O31: ='R2'!O37 -> 0.68526115 | P31: ='R2'!P37 | Q31: ='R2'!Q37 | R31: ='R2'!R37 | S31: ='R2'!S37 | T31: ='R2'!T37 | U31: ='R2'!U37 | V31: ='R2'!V37
B32: ='R2'!B38 | C32: ='R2'!C38 | D32: ='R2'!D38 | E32: ='R2'!E38 | F32: ='R2'!F38 | G32: ='R2'!G38 | H32: ='R2'!H38 | I32: ='R2'!I38 | ... M32: ='R2'!M38 | O32: ='R2'!O38 -> 1.0675596 | P32: ='R2'!P38 | Q32: ='R2'!Q38 | R32: ='R2'!R38 | S32: ='R2'!S38 | T32: ='R2'!T38 | U32: ='R2'!U38 | V32: ='R2'!V38
B33: ='R2'!B39 | C33: ='R2'!C39 | D33: ='R2'!D39 | E33: ='R2'!E39 | F33: ='R2'!F39 | G33: ='R2'!G39 | H33: ='R2'!H39 | I33: ='R2'!I39 | ... M33: ='R2'!M39 | O33: ='R2'!O39 -> 0.40605425 | P33: ='R2'!P39 | Q33: ='R2'!Q39 | R33: ='R2'!R39 | S33: ='R2'!S39 | T33: ='R2'!T39 | U33: ='R2'!U39 | V33: ='R2'!V39
B34: ='R2'!B40 | C34: ='R2'!C40 | D34: ='R2'!D40 | E34: ='R2'!E40 | F34: ='R2'!F40 | G34: ='R2'!G40 | H34: ='R2'!H40 | I34: ='R2'!I40 | ... M34: ='R2'!M40 | O34: ='R2'!O40 -> 0.31498767 | P34: ='R2'!P40 | Q34: ='R2'!Q40 | R34: ='R2'!R40 | S34: ='R2'!S40 | T34: ='R2'!T40 | U34: ='R2'!U40 | V34: ='R2'!V40
B35: ='R2'!B41 | C35: ='R2'!C41 | D35: ='R2'!D41 | E35: ='R2'!E41 | F35: ='R2'!F41 | G35: ='R2'!G41 | H35: ='R2'!H41 | I35: ='R2'!I41 | ... M35: ='R2'!M41 | O35: ='R2'!O41 -> 2.1151796 | P35: ='R2'!P41 | Q35: ='R2'!Q41 | R35: ='R2'!R41 | S35: ='R2'!S41 | T35: ='R2'!T41 | U35: ='R2'!U41 | V35: ='R2'!V41
... B37: ='R2'!B43 | C37: ='R2'!C43 | D37: ='R2'!D43 | E37: ='R2'!E43 | F37: ='R2'!F43 | G37: ='R2'!G43 | H37: ='R2'!H43 | I37: ='R2'!I43 | ... M37: ='R2'!M43 | O37: ='R2'!O43 -> 1.4510934 | P37: ='R2'!P43 | Q37: ='R2'!Q43 | R37: ='R2'!R43 | S37: ='R2'!S43 | T37: ='R2'!T43 | U37: ='R2'!U43 | V37: ='R2'!V43
A38: Rep3 | B38: ='R3'!B28 -> 0.0042775984 | C38: ='R3'!C28 -> 0.00144403 | D38: ='R3'!D28 -> 0.017437344 | E38: ='R3'!E28 -> 0.02671728 | F38: ='R3'!F28 -> 0.022178122 | G38: ='R3'!G28 -> 0.0057107301 | H38: ='R3'!H28 -> 4.902343 | I38: ='R3'!I28 -> 0.0015121447 | ... M38: ='R3'!M28 -> 0.00020706846 | O38: ='R3'!O28 -> 0.014644644 | P38: ='R3'!P28 -> 11.547837 | Q38: ='R3'!Q28 -> 0.079081079 | R38: ='R3'!R28 -> 0.62159772 | S38: ='R3'!S28 -> 0.013143398 | T38: ='R3'!T28 -> 0.024624799 | U38: ='R3'!U28 -> 0.0043075689 | V38: ='R3'!V28 -> 0.015197735
A39: Données normalisées sur la moyenne du groupe "Testo" | B39: ='R3'!B29 -> 0.19348095 | C39: ='R3'!C29 -> 0.0022178122 | D39: ='R3'!D29 -> 0.046435102 | E39: ='R3'!E29 -> 0.0017982261 | F39: ='R3'!F29 -> 0.0042067592 | G39: ='R3'!G29 -> 0.0084734593 | H39: ='R3'!H29 -> 3.3279334 | I39: ='R3'!I29 -> 0.016421074 | ... M39: ='R3'!M29 -> 0.045609553 | O39: ='R3'!O29 -> 0.012385963 | P39: ='R3'!P29 -> 27.492893 | Q39: ='R3'!Q29 -> 0.016489188 | R39: ='R3'!R29 -> 0.023872814 | S39: ='R3'!S29 -> 0.002547487 | T39: ='R3'!T29 -> 0.096641029 | U39: ='R3'!U29 -> 0.030616161 | V39: ='R3'!V29 -> 0.00036509439
B40: ='R3'!B30 -> 0.0051303935 | C40: ='R3'!C30 -> 0.0012887287 | D40: ='R3'!D30 -> 0.020930262 | E40: ='R3'!E30 -> 0.020502502 | F40: ='R3'!F30 -> 0.00056943826 | G40: ='R3'!G30 -> 0.30504726 | H40: ='R3'!H30 -> 6.9542389 | I40: ='R3'!I30 -> 0.062333055 | ... M40: ='R3'!M30 -> 0 | O40: ='R3'!O30 -> 1.3680959 | P40: ='R3'!P30 -> 8.7502199 | Q40: ='R3'!Q30 -> 0.17774648 | R40: ='R3'!R30 -> 0.046988193 | S40: ='R3'!S30 -> 0.01243773 | T40: ='R3'!T30 -> 0.034095457 | U40: ='R3'!U30 -> 0.049571099 | V40: ='R3'!V30 -> 0.036449498
B41: ='R3'!B31 -> 0.047116248 | C41: ='R3'!C31 -> 0.0028526405 | D41: ='R3'!D31 -> 0.0095169754 | E41: ='R3'!E31 -> 0.014633746 | F41: ='R3'!F31 -> 0.0036836389 | G41: ='R3'!G31 -> 0.1250421 | H41: ='R3'!H31 -> 4.9058986 | I41: ='R3'!I31 -> 0.010492377 | ... M41: ='R3'!M31 -> 0.019219222 | O41: ='R3'!O31 -> 0.015652741 | P41: ='R3'!P31 -> 6.8959954 | Q41: ='R3'!Q31 -> 0.011432359 | R41: ='R3'!R31 -> 0.042628857 | S41: ='R3'!S31 -> 0.51276689 | T41: ='R3'!T31 -> 0.0025992541 | U41: ='R3'!U31 -> 0.0091655039 | V41: ='R3'!V31 -> 0.033539641
B42: ='R3'!B32 -> 0.10348791 | C42: ='R3'!C32 -> 0 | D42: ='R3'!D32 -> 0.0099365614 | E42: ='R3'!E32 -> 0.0055527042 | F42: ='R3'!F32 -> 0.047535834 | G42: ='R3'!G32 -> 0.013609302 | H42: ='R3'!H32 -> 0.59856408 | I42: ='R3'!I32 -> 0.0053592587 | ... M42: ='R3'!M32 -> 0.029033178 | O42: ='R3'!O32 -> 0.064657126 | P42: ='R3'!P32 -> 16.034948 | Q42: ='R3'!Q32 -> 0.016628142 | R42: ='R3'!R32 -> 0.27534656 | S42: ='R3'!S32 -> 1.8795876 | T42: ='R3'!T32 -> 0.037433073 | U42: ='R3'!U32 -> 0.53566431 | V42: ='R3'!V32 -> 0.025643794
B43: ='R3'!B33 -> 0.09374752 | C43: ='R3'!C33 -> 0.031504376 | D43: ='R3'!D33 -> 0.0058088152 | E43: ='R3'!E33 -> 0.00351199 | F43: ='R3'!F33 -> 0.033041042 | G43: ='R3'!G33 -> 0.006525381 | H43: ='R3'!H33 -> 0.0034602229 | I43: ='R3'!I33 -> 0.0086205869 | ... M43: ='R3'!M33 -> 0.0052938686 | O43: ='R3'!O33 -> 0.024344167 | P43: ='R3'!P33 -> 17.282157 | Q43: ='R3'!Q33 -> 0.2296362 | R43: ='R3'!R33 -> 1.384427 | S43: ='R3'!S33 -> 0.11339723 | T43: ='R3'!T33 -> 0.13081005 | U43: ='R3'!U33 -> 0 | V43: ='R3'!V33 -> 0.031646055
B44: ='R3'!B34 -> 0.014554733 | C44: ='R3'!C34 -> 0.080868407 | D44: ='R3'!D34 -> 0.00074926087 | E44: ='R3'!E34 -> 0.00057216285 | F44: ='R3'!F34 -> 0.0014413055 | G44: ='R3'!G34 -> 0.029548124 | H44: ='R3'!H34 -> 7.6351045 | I44: ='R3'!I34 -> 0.015639118 | ... M44: ='R3'!M34 -> 0.01227698 | O44: ='R3'!O34 -> 0.02117275 | P44: ='R3'!P34 -> 13.44592 | Q44: ='R3'!Q34 -> 0.0025502115 | R44: ='R3'!R34 -> 0.042010376 | S44: ='R3'!S34 -> 0.059417749 | T44: ='R3'!T34 -> 0.0013078008 | U44: ='R3'!U34 -> 0.025523912 | V44: ='R3'!V34 -> 0.11366424
B45: ='R3'!B35 | C45: ='R3'!C35 -> 0.011582211 | D45: ='R3'!D35 -> 0.0074462908 | E45: ='R3'!E35 -> 0.022052791 | F45: ='R3'!F35 -> 0.08787604 | G45: ='R3'!G35 -> 0.0042558017 | H45: ='R3'!H35 -> 2.2079465 | I45: ='R3'!I35 -> 0.12783753 | ... M45: ='R3'!M35 -> 0.10364594 | O45: ='R3'!O35 -> 1.224799 | P45: ='R3'!P35 -> 20.884219 | Q45: ='R3'!Q35 -> 0.11222021 | R45: ='R3'!R35 | S45: ='R3'!S35 -> 0.0022641301 | T45: ='R3'!T35 -> 6.8114625e-05 | U45: ='R3'!U35 -> 0.017925045 | V45: ='R3'!V35 -> 0.0075961429
B46: ='R3'!B36 | C46: ='R3'!C36 | D46: ='R3'!D36 | E46: ='R3'!E36 | F46: ='R3'!F36 | G46: ='R3'!G36 | H46: ='R3'!H36 | I46: ='R3'!I36 | ... M46: ='R3'!M36 | O46: ='R3'!O36 -> 2.1025459 | P46: ='R3'!P36 | Q46: ='R3'!Q36 | R46: ='R3'!R36 | S46: ='R3'!S36 | T46: ='R3'!T36 | U46: ='R3'!U36 | V46: ='R3'!V36
B47: ='R3'!B37 | C47: ='R3'!C37 | D47: ='R3'!D37 | E47: ='R3'!E37 | F47: ='R3'!F37 | G47: ='R3'!G37 | H47: ='R3'!H37 | I47: ='R3'!I37 | ... M47: ='R3'!M37 | O47: ='R3'!O37 -> 2.1002899 | P47: ='R3'!P37 | Q47: ='R3'!Q37 | R47: ='R3'!R37 | S47: ='R3'!S37 | T47: ='R3'!T37 | U47: ='R3'!U37 | V47: ='R3'!V37
B48: ='R3'!B38 | C48: ='R3'!C38 | D48: ='R3'!D38 | E48: ='R3'!E38 | F48: ='R3'!F38 | G48: ='R3'!G38 | H48: ='R3'!H38 | I48: ='R3'!I38 | ... M48: ='R3'!M38 | O48: ='R3'!O38 -> 4.9208838 | P48: ='R3'!P38 | Q48: ='R3'!Q38 | R48: ='R3'!R38 | S48: ='R3'!S38 | T48: ='R3'!T38 | U48: ='R3'!U38 | V48: ='R3'!V38
B49: ='R3'!B39 | C49: ='R3'!C39 | D49: ='R3'!D39 | E49: ='R3'!E39 | F49: ='R3'!F39 | G49: ='R3'!G39 | H49: ='R3'!H39 | I49: ='R3'!I39 | ... M49: ='R3'!M39 | O49: ='R3'!O39 -> 0.95963425 | P49: ='R3'!P39 | Q49: ='R3'!Q39 | R49: ='R3'!R39 | S49: ='R3'!S39 | T49: ='R3'!T39 | U49: ='R3'!U39 | V49: ='R3'!V39
B50: ='R3'!B40 | C50: ='R3'!C40 | D50: ='R3'!D40 | E50: ='R3'!E40 | F50: ='R3'!F40 | G50: ='R3'!G40 | H50: ='R3'!H40 | I50: ='R3'!I40 | ... M50: ='R3'!M40 | O50: ='R3'!O40 -> 1.3248812 | P50: ='R3'!P40 | Q50: ='R3'!Q40 | R50: ='R3'!R40 | S50: ='R3'!S40 | T50: ='R3'!T40 | U50: ='R3'!U40 | V50: ='R3'!V40
B51: ='R3'!B41 | C51: ='R3'!C41 | D51: ='R3'!D41 | E51: ='R3'!E41 | F51: ='R3'!F41 | G51: ='R3'!G41 | H51: ='R3'!H41 | I51: ='R3'!I41 | ... M51: ='R3'!M41 | O51: ='R3'!O41 -> 0.0029834206 | P51: ='R3'!P41 | Q51: ='R3'!Q41 | R51: ='R3'!R41 | S51: ='R3'!S41 | T51: ='R3'!T41 | U51: ='R3'!U41 | V51: ='R3'!V41
... B53: ='R3'!B43 | C53: ='R3'!C43 | D53: ='R3'!D43 | E53: ='R3'!E43 | F53: ='R3'!F43 | G53: ='R3'!G43 | H53: ='R3'!H43 | I53: ='R3'!I43 | ... M53: ='R3'!M43 | O53: ='R3'!O43 -> 0.00014985217 | P53: ='R3'!P43 | Q53: ='R3'!Q43 | R53: ='R3'!R43 | S53: ='R3'!S43 | T53: ='R3'!T43 | U53: ='R3'!U43 | V53: ='R3'!V43
A55: Nom des groupes | B55: =B4 -> Témoin solvant | C55: =C4 -> EE2-33.8ng/L | D55: =D4 -> EE2-50.6ng/L | E55: =E4 -> EE2-76ng/L | F55: =F4 -> EE2-114ng/L | G55: =G4 -> EE2-170.9ng/L | H55: =H4 -> EE2-488ng/L | I55: =I4 -> Prochloraz-0.063mg/L | ... M55: =M4 -> Prochloraz-1mg/L | O55: =O4 -> Testo -30µg/L | P55: =P4 -> Testo 30µg/L + EE2 -64ng/L | Q55: =Q4 -> Testo 30µg/L + FAD-10µg/L | R55: =R4 -> Prochloraz-0.063mg/L + Testostérone | S55: =S4 -> Prochloraz-0.13mg/L + Testostérone | T55: =T4 -> Prochloraz-0.25mg/L + Testostérone | U55: =U4 -> Prochloraz-0.5mg/L + Testostérone | V55: =V4 -> Prochloraz-1mg/L + Testostérone
A56: Moy. | B56: =AVERAGE(B6:B53) -> 0.041859755 | C56: =AVERAGE(C6:C53) -> 0.11866203 | D56: =AVERAGE(D6:D53) -> 0.26205301 | E56: =AVERAGE(E6:E53) -> 0.67871981 | F56: =AVERAGE(F6:F53) -> 2.0196941 | G56: =AVERAGE(G6:G53) -> 2.9481382 | H56: =AVERAGE(H6:H53) -> 4.8627973 | I56: =AVERAGE(I6:I53) -> 0.058833569 | ... M56: =AVERAGE(M6:M53) -> 0.055753232 | O56: =AVERAGE(O6:O53) -> 1 | P56: =AVERAGE(P6:P53) -> 7.2076885 | Q56: =AVERAGE(Q6:Q53) -> 0.054869828 | R56: =AVERAGE(R6:R53) -> 0.41395674 | S56: =AVERAGE(S6:S53) -> 0.2846751 | T56: =AVERAGE(T6:T53) -> 0.21373402 | U56: =AVERAGE(U6:U53) -> 0.074150653 | V56: =AVERAGE(V6:V53) -> 0.11812473
A57: SD | B57: =STDEV(B6:B53) -> 0.048227763 | C57: =STDEV(C6:C53) -> 0.21325692 | D57: =STDEV(D6:D53) -> 0.55407149 | E57: =STDEV(E6:E53) -> 0.81870745 | F57: =STDEV(F6:F53) -> 1.8003781 | G57: =STDEV(G6:G53) -> 2.8798262 | H57: =STDEV(H6:H53) -> 2.317483 | I57: =STDEV(I6:I53) -> 0.050640091 | ... M57: =STDEV(M6:M53) -> 0.053602697 | O57: =STDEV(O6:O53) -> 1.0710583 | P57: =STDEV(P6:P53) -> 7.1156725 | Q57: =STDEV(Q6:Q53) -> 0.065792403 | R57: =STDEV(R6:R53) -> 0.78986656 | S57: =STDEV(S6:S53) -> 0.45351171 | T57: =STDEV(T6:T53) -> 0.36002705 | U57: =STDEV(U6:U53) -> 0.13422879 | V57: =STDEV(V6:V53) -> 0.34897016
A58: SEM | B58: =B57/SQRT(COUNT(B6:B53)) -> 0.010056184 | C58: =C57/SQRT(COUNT(C6:C53)) -> 0.043530887 | D58: =D57/SQRT(COUNT(D6:D53)) -> 0.11309937 | E58: =E57/SQRT(COUNT(E6:E53)) -> 0.16711796 | F58: =F57/SQRT(COUNT(F6:F53)) -> 0.36750064 | G58: =G57/SQRT(COUNT(G6:G53)) -> 0.60048526 | H58: =H57/SQRT(COUNT(H6:H53)) -> 0.47305424 | I58: =I57/SQRT(COUNT(I6:I53)) -> 0.010559189 | ... M58: =M57/SQRT(COUNT(M6:M53)) -> 0.011176935 | O58: =O57/SQRT(COUNT(O6:O53)) -> 0.15459394 | P58: =P57/SQRT(COUNT(P6:P53)) -> 1.4524806 | Q58: =Q57/SQRT(COUNT(Q6:Q53)) -> 0.013429818 | R58: =R57/SQRT(COUNT(R6:R53)) -> 0.16469856 | S58: =S57/SQRT(COUNT(S6:S53)) -> 0.09257269 | T58: =T57/SQRT(COUNT(T6:T53)) -> 0.073490213 | U58: =U57/SQRT(COUNT(U6:U53)) -> 0.027399337 | V58: =V57/SQRT(COUNT(V6:V53)) -> 0.072765309
A60: 9. Expérimentateur 2 : vérifier que le nombre de valeurs est > ou égale à 14. Vérifier que le nombre de valeurs est > ou égale à 27 pour le groupe "Testo".
A62: Nom des groupes | B62: =B4 -> Témoin solvant | C62: =C4 -> EE2-33.8ng/L | D62: =D4 -> EE2-50.6ng/L | E62: =E4 -> EE2-76ng/L | F62: =F4 -> EE2-114ng/L | G62: =G4 -> EE2-170.9ng/L | H62: =H4 -> EE2-488ng/L | I62: =I4 -> Prochloraz-0.063mg/L | ... M62: =M4 -> Prochloraz-1mg/L | O62: =O4 -> Testo -30µg/L | P62: =P4 -> Testo 30µg/L + EE2 -64ng/L | Q62: =Q4 -> Testo 30µg/L + FAD-10µg/L | R62: =R4 -> Prochloraz-0.063mg/L + Testostérone | S62: =S4 -> Prochloraz-0.13mg/L + Testostérone | T62: =T4 -> Prochloraz-0.25mg/L + Testostérone | U62: =U4 -> Prochloraz-0.5mg/L + Testostérone | V62: =V4 -> Prochloraz-1mg/L + Testostérone
A63: Nbre de valeurs | B63: =COUNT(B6:B53) -> 23 | C63: =COUNT(C6:C53) -> 24 | D63: =COUNT(D6:D53) -> 24 | E63: =COUNT(E6:E53) -> 24 | F63: =COUNT(F6:F53) -> 24 | G63: =COUNT(G6:G53) -> 23 | H63: =COUNT(H6:H53) -> 24 | I63: =COUNT(I6:I53) -> 23 | ... M63: =COUNT(M6:M53) -> 23 | O63: =COUNT(O6:O53) -> 48 | P63: =COUNT(P6:P53) -> 24 | Q63: =COUNT(Q6:Q53) -> 24 | R63: =COUNT(R6:R53) -> 23 | S63: =COUNT(S6:S53) -> 24 | T63: =COUNT(T6:T53) -> 24 | U63: =COUNT(U6:U53) -> 24 | V63: =COUNT(V6:V53) -> 23
B64: =IF(B63>=21,"OK","ATTENTION") -> OK | C64: =IF(C63>=21,"OK","ATTENTION") -> OK | D64: =IF(D63>=21,"OK","ATTENTION") -> OK | E64: =IF(E63>=21,"OK","ATTENTION") -> OK | F64: =IF(F63>=21,"OK","ATTENTION") -> OK | G64: =IF(G63>=21,"OK","ATTENTION") -> OK | H64: =IF(H63>=21,"OK","ATTENTION") -> OK | I64: =IF(I63>=21,"OK","ATTENTION") -> OK | ... M64: =IF(M63>=21,"OK","ATTENTION") -> OK | O64: =IF(O63>=41,"OK","ATTENTION") -> OK | P64: =IF(P63>=21,"OK","ATTENTION") -> OK | Q64: =IF(Q63>=21,"OK","ATTENTION") -> OK | R64: =IF(R63>=21,"OK","ATTENTION") -> OK | S64: =IF(S63>=21,"OK","ATTENTION") -> OK | T64: =IF(T63>=21,"OK","ATTENTION") -> OK | U64: =IF(U63>=21,"OK","ATTENTION") -> OK | V64: =IF(V63>=21,"OK","ATTENTION") -> OK
A65: 10. Expérimentateur 2 : vérifier que le calcul des ratio s'affiche en vert.
B66: Ratio à atteindre
A67: Evian/EE2 488 ng /L >= | B67: 3.5
A68: Evian/Testo + EE2 64 ng/L >= | B68: 2
A69: Evian/ Testo + FAD <= | B69: 0.5
A70: 11. Expérimentateur 2 : vérifier les valeurs des écarts type. En cas de valeur abbéantes ou incohérent, consulter le référent test.
A72: 12. Expérimentateur 2 : réaliser les tests statistiques avec les données du pool et renseigner les résultats ainsi que le test statistique utilisé dans le tableau violet.
J73: 1 | K73: 2 | L73: 3 | M73: 4 | R73: 1 | S73: 2 | T73: 3 | U73: 4 | V73: 5
A74: Noms des groupes | B74: =B4 -> Témoin solvant | C74: =C4 -> EE2-33.8ng/L | D74: =D4 -> EE2-50.6ng/L | E74: =E4 -> EE2-76ng/L | F74: =F4 -> EE2-114ng/L | G74: =G4 -> EE2-170.9ng/L | H74: =H4 -> EE2-488ng/L | I74: =I4 -> Prochloraz-0.063mg/L | ... M74: =M4 -> Prochloraz-1mg/L | O74: =O4 -> Testo -30µg/L | P74: =P4 -> Testo 30µg/L + EE2 -64ng/L | Q74: =Q4 -> Testo 30µg/L + FAD-10µg/L | R74: =R4 -> Prochloraz-0.063mg/L + Testostérone | S74: =S4 -> Prochloraz-0.13mg/L + Testostérone | T74: =T4 -> Prochloraz-0.25mg/L + Testostérone | U74: =U4 -> Prochloraz-0.5mg/L + Testostérone | V74: =V4 -> Prochloraz-1mg/L + Testostérone
A75: Mean | B75: =B56 -> 0.041859755 | C75: =C56 -> 0.11866203 | D75: =D56 -> 0.26205301 | E75: =E56 -> 0.67871981 | F75: =F56 -> 2.0196941 | G75: =G56 -> 2.9481382 | H75: =H56 -> 4.8627973 | I75: =I56 -> 0.058833569 | ... M75: =M56 -> 0.055753232 | O75: =O56 -> 1 | P75: =P56 -> 7.2076885 | Q75: =Q56 -> 0.054869828 | R75: =R56 -> 0.41395674 | S75: =S56 -> 0.2846751 | T75: =T56 -> 0.21373402 | U75: =U56 -> 0.074150653 | V75: =V56 -> 0.11812473
A76: SEM | B76: =B58 -> 0.010056184 | C76: =C58 -> 0.043530887 | D76: =D58 -> 0.11309937 | E76: =E58 -> 0.16711796 | F76: =F58 -> 0.36750064 | G76: =G58 -> 0.60048526 | H76: =H58 -> 0.47305424 | I76: =I58 -> 0.010559189 | ... M76: =M58 -> 0.011176935 | O76: =O58 -> 0.15459394 | P76: =P58 -> 1.4524806 | Q76: =Q58 -> 0.013429818 | R76: =R58 -> 0.16469856 | S76: =S58 -> 0.09257269 | T76: =T58 -> 0.073490213 | U76: =U58 -> 0.027399337 | V76: =V58 -> 0.072765309
A77: % induction | B77: =(B75*100/$B$75)-100 -> 0 | C77: =(C75*100/$B$75)-100 -> 183.47521 | D77: =(D75*100/$B$75)-100 -> 526.02615 | E77: =(E75*100/$B$75)-100 -> 1521.4137 | F77: =(F75*100/$B$75)-100 -> 4724.9068 | G77: =(G75*100/$B$75)-100 -> 6942.8941 | H77: =(H75*100/$B$75)-100 -> 11516.88 | I77: =(I75*100/$B$75)-100 -> 40.549245 | ... M77: =(M75*100/$B$75)-100 -> 33.190536 | O77: =(O75*100/$O$75)-100 -> 0 | P77: =(P75*100/$O$75)-100 -> 620.76885 | Q77: =(Q75*100/$O$75)-100 -> -94.513017 | R77: =(R75*100/$O$75)-100 -> -58.604326 | S77: =(S75*100/$O$75)-100 -> -71.53249 | T77: =(T75*100/$O$75)-100 -> -78.626598 | U77: =(U75*100/$O$75)-100 -> -92.584935 | V77: =(V75*100/$O$75)-100 -> -88.187527
A78: Test de normalité : valeur du p | B78: =[1]!DPTEST(B6:B53) -> #NAME? | C78: =[1]!DPTEST(C6:C53) -> #NAME? | D78: =[1]!DPTEST(D6:D53) -> #NAME? | E78: =[1]!DPTEST(E6:E53) -> #NAME? | F78: =[1]!DPTEST(F6:F53) -> #NAME? | G78: =[1]!DPTEST(G6:G53) -> #NAME? | H78: =[1]!DPTEST(H6:H53) -> #NAME? | I78: =[1]!DPTEST(I6:I53) -> #NAME? | ... M78: =[1]!DPTEST(M6:M53) -> #NAME? | O78: =[1]!DPTEST(O6:O53) -> #NAME? | P78: =[1]!DPTEST(P6:P53) -> #NAME? | Q78: =[1]!DPTEST(Q6:Q53) -> #NAME? | R78: =[1]!DPTEST(R6:R53) -> #NAME? | S78: =[1]!DPTEST(S6:S53) -> #NAME? | T78: =[1]!DPTEST(T6:T53) -> #NAME? | U78: =[1]!DPTEST(U6:U53) -> #NAME? | V78: =[1]!DPTEST(V6:V53) -> #NAME?
A79: Test de normalité : résultat normal? | B79: =IF(B78>0.05,"Oui","Non") -> #NAME? | C79: =IF(C78>0.05,"Oui","Non") -> #NAME? | D79: =IF(D78>0.05,"Oui","Non") -> #NAME? | E79: =IF(E78>0.05,"Oui","Non") -> #NAME? | F79: =IF(F78>0.05,"Oui","Non") -> #NAME? | G79: =IF(G78>0.05,"Oui","Non") -> #NAME? | H79: =IF(H78>0.05,"Oui","Non") -> #NAME? | I79: =IF(I78>0.05,"Oui","Non") -> #NAME? | ... M79: =IF(M78>0.05,"Oui","Non") -> #NAME? | O79: =IF(O78>0.05,"Oui","Non") -> #NAME? | P79: =IF(P78>0.05,"Oui","Non") -> #NAME? | Q79: =IF(Q78>0.05,"Oui","Non") -> #NAME? | R79: =IF(R78>0.05,"Oui","Non") -> #NAME? | S79: =IF(S78>0.05,"Oui","Non") -> #NAME? | T79: =IF(T78>0.05,"Oui","Non") -> #NAME? | U79: =IF(U78>0.05,"Oui","Non") -> #NAME? | V79: =IF(V78>0.05,"Oui","Non") -> #NAME?
A80: Tous les groupes du gamme sont normale?
A81: Test statistique utilisé | C81: Kruskal-Wallis | D81: Kruskal-Wallis | E81: Kruskal-Wallis | F81: Kruskal-Wallis | G81: Kruskal-Wallis | H81: Kruskal-Wallis | I81: Kruskal-Wallis | J81: Kruskal-Wallis | K81: Kruskal-Wallis | L81: Kruskal-Wallis | M81: Kruskal-Wallis | O81: =IF($B79="Non",IF(O79="Non","Mann Withney",IF(O79="Oui","Mann Withney","")),IF($B79="Oui",IF(O79="Oui","T-Test Welch",IF(O79="Non","Mann Withney","")))) -> #NAME? | P81: =IF($O79="Non",IF(P79="Non","Mann Withney",IF(P$79="Oui","Mann Withney","")),IF($O79="Oui",IF(P79="Oui","T-Test Welch",IF(P79="Non","Mann Withney","")))) -> #NAME? | Q81: =IF($O79="Non",IF(Q79="Non","Mann Withney",IF(Q$79="Oui","Mann Withney","")),IF($O79="Oui",IF(Q79="Oui","T-Test Welch",IF(Q79="Non","Mann Withney","")))) -> #NAME? | R81: Kruskal-Wallis | S81: Kruskal-Wallis | T81: Kruskal-Wallis | U81: Kruskal-Wallis | V81: Kruskal-Wallis
A82: Test statistique : valeur du p | C82: >0,99 | D82: >0,99 | E82: 0.19 | F82: 0.002 | G82: <0,001 | H82: <0,001 | I82: 0.85 | J82: 0.73 | K82: >0,99 | L82: 0.53 | M82: >0,99 | O82: =IF(O81="Mann Withney",[1]!MTEST($B6:$B53,O6:O53,2), IF(O81="T-Test Welch",_xlfn.T.TEST($B6:$B53,O6:O53,2,3),"")) -> #NAME? | P82: =IF(P81="Mann Withney",[1]!MTEST($O6:$O53,P6:P53,2), IF(P81="T-Test Welch",_xlfn.T.TEST($O6:$O53,P6:P53,2,3),"")) -> #NAME? | Q82: =IF(Q81="Mann Withney",[1]!MTEST($O6:$O53,Q6:Q53,2), IF(Q81="T-Test Welch",_xlfn.T.TEST($O6:$O53,Q6:Q53,2,3),"")) -> #NAME? | R82: 0.18 | S82: 0.02 | T82: <0,001 | U82: <0,001 | V82: <0,001
A83: Annotation | C83: ns | D83: ns | E83: ns | F83: ** | G83: *** | H83: *** | I83: ns | J83: ns | K83: ns | L83: ns | M83: ns | O83: =IF(O82>0.05,"NS",IF(O82>0.01,"*",IF(O82>0.001,"**","***"))) -> #NAME? | P83: =IF(P82>0.05,"NS",IF(P82>0.01,"*",IF(P82>0.001,"**","***"))) -> #NAME? | Q83: =IF(Q82>0.05,"NS",IF(Q82>0.01,"*",IF(Q82>0.001,"**","***"))) -> #NAME? | R83: ns | S83: * | T83: *** | U83: *** | V83: ***
A85: Eléments pour la mise en forme conditionnelles des résutats - calcul équivalent hormonal (eqH)
A86: LOD | B86: =B56+(3*B57) -> 0.18654304
A87: LOQ | B87: =B56+(10*B57) -> 0.52413739
A89: 13. Expérimentateur 2 : masquer les colonnes de la feuille R1 et R2 correspondant au groupe des échantilons n'ayant été lu que sur le réplica 1.
A91: 14. Expérimentateur 2 : vérifier la cohérence des deux réplicas et des réplicas avec le pool à l'aide des graphiques "Graph". En cas de divergences consulter le référent test.
A93: 15. Expérimentateur 2 : réaliser le calcul de l'équivalent hormonal (eqh) à l'aide du logiciel et PRISM. Seules les moyennes des témoins, des échantillons non dopées apparraissant en vert et les moyennes des échantillons dopées étant statiquement différentes des témoins (*, **, ***) pourrons être calculées en eqh. Se reporter à l'onglet "summary results".
B94: =B75/$B$75 -> 1 | C94: =C75/$B$75 -> 2.8347521 | D94: =D75/$B$75 -> 6.2602615 | E94: =E75/$B$75 -> 16.214137 | F94: =F75/$B$75 -> 48.249068 | G94: =G75/$B$75 -> 70.428941 | H94: =H75/$B$75 -> 116.1688 | I94: =I75/$B$75 -> 1.4054924 | ... V94: =V75/$B$75 -> 2.8219163
D121: 0.18 | E121: ns
D122: 0.02 | E122: *
D123: <0,001 | E123: ***
D124: <0,001 | E124: ***
D125: <0,001 | E125: ***

Sheet summary results
A1: 16. Expérimentateur 2 : copier et coller les résultats obtenus dans prisme selon l'ordre défini.
A2: 17. Expérimentateur 2:
B5: ng/L EE2 | C5: upper limit | D5: lower limit | E5: Valeur fluo extrapolée | F5: Résultat stat si NS | G5: EqH - testo | H5: Dilution | I5: EqH Extrapolation à 100% | J5: Valeur du seuil de référence | K5: % atteinte du seuil | L5: Numéro ligne | M5: Valeur échelle | N5: Etiquette
A6: EE2 64ng/L | B6: 64 | G6: =IF(F6="NS","NC",ROUND(B6,2-(1+INT(LOG10(ABS(B6)))))) -> 64
A7: ='Page de garde'!A15 -> Prochloraz-0.063mg/L | F7: =HLOOKUP(A7,'pooled normalised values'!$B$74:$V$83,10,FALSE) -> ns | G7: =IF(F7="NS","NC",ROUND(B7,2-(1+INT(LOG10(ABS(B7)))))) -> NC | H7: =IF(VLOOKUP(A7,liste_groupe[],4,FALSE)="%",VLOOKUP(A7,liste_groupe[],3,FALSE)/100,IF(ISBLANK(VLOOKUP(A7,liste_groupe[],4,FALSE)),"Non","Non")) -> Non | I7: =IF(F7="NS","NC",IF(H7="Non",G7,G7*(1/H7))) -> NC | J7: 64 | K7: =IF(F7="NS",0,ROUND(I7/J7*100,0)) -> 0 | L7: 1 | M7: =IF(K7>100,125,K7) -> 0 | N7: =IF(H7="Non",CONCATENATE(VLOOKUP(A7,liste_groupe[],5,FALSE),"-",VLOOKUP(A7,liste_groupe[],3,FALSE),VLOOKUP(A7,liste_groupe[],4,FALSE)," : ",ROUND(K7,0),"%"),CONCATENATE(VLOOKUP(A7,liste_groupe[],5,FALSE)," : ",ROUND(K7,0),"%")) -> Prochloraz-0.063mg/L : 0%
A8: ='Page de garde'!A16 -> Prochloraz-0.13mg/L | F8: =HLOOKUP(A8,'pooled normalised values'!$B$74:$V$83,10,FALSE) -> ns | G8: =IF(F8="NS","NC",ROUND(B8,2-(1+INT(LOG10(ABS(B8)))))) -> NC | H8: =IF(VLOOKUP(A8,liste_groupe[],4,FALSE)="%",VLOOKUP(A8,liste_groupe[],3,FALSE)/100,IF(ISBLANK(VLOOKUP(A8,liste_groupe[],4,FALSE)),"Non","Non")) -> Non | I8: =IF(F8="NS","NC",IF(H8="Non",G8,G8*(1/H8))) -> NC | J8: 64 | K8: =IF(F8="NS",0,ROUND(I8/J8*100,0)) -> 0 | M8: =IF(K8>100,125,K8) -> 0 | N8: =IF(H8="Non",CONCATENATE(VLOOKUP(A8,liste_groupe[],5,FALSE),"-",VLOOKUP(A8,liste_groupe[],3,FALSE),VLOOKUP(A8,liste_groupe[],4,FALSE)," : ",ROUND(K8,0),"%"),CONCATENATE(VLOOKUP(A8,liste_groupe[],5,FALSE)," : ",ROUND(K8,0),"%")) -> Prochloraz-0.13mg/L : 0%
A9: ='Page de garde'!A17 -> Prochloraz-0.25mg/L | F9: =HLOOKUP(A9,'pooled normalised values'!$B$74:$V$83,10,FALSE) -> ns | G9: =IF(F9="NS","NC",ROUND(B9,2-(1+INT(LOG10(ABS(B9)))))) -> NC | H9: =IF(VLOOKUP(A9,liste_groupe[],4,FALSE)="%",VLOOKUP(A9,liste_groupe[],3,FALSE)/100,IF(ISBLANK(VLOOKUP(A9,liste_groupe[],4,FALSE)),"Non","Non")) -> Non | I9: =IF(F9="NS","NC",IF(H9="Non",G9,G9*(1/H9))) -> NC | J9: 64 | K9: =IF(F9="NS",0,ROUND(I9/J9*100,0)) -> 0 | M9: =IF(K9>100,125,K9) -> 0 | N9: =IF(H9="Non",CONCATENATE(VLOOKUP(A9,liste_groupe[],5,FALSE),"-",VLOOKUP(A9,liste_groupe[],3,FALSE),VLOOKUP(A9,liste_groupe[],4,FALSE)," : ",ROUND(K9,0),"%"),CONCATENATE(VLOOKUP(A9,liste_groupe[],5,FALSE)," : ",ROUND(K9,0),"%")) -> Prochloraz-0.25mg/L : 0%
A10: ='Page de garde'!A18 -> Prochloraz-0.5mg/L | F10: =HLOOKUP(A10,'pooled normalised values'!$B$74:$V$83,10,FALSE) -> ns | G10: =IF(F10="NS","NC",ROUND(B10,2-(1+INT(LOG10(ABS(B10)))))) -> NC | H10: =IF(VLOOKUP(A10,liste_groupe[],4,FALSE)="%",VLOOKUP(A10,liste_groupe[],3,FALSE)/100,IF(ISBLANK(VLOOKUP(A10,liste_groupe[],4,FALSE)),"Non","Non")) -> Non | I10: =IF(F10="NS","NC",IF(H10="Non",G10,G10*(1/H10))) -> NC | J10: 64 | K10: =IF(F10="NS",0,ROUND(I10/J10*100,0)) -> 0 | M10: =IF(K10>100,125,K10) -> 0 | N10: =IF(H10="Non",CONCATENATE(VLOOKUP(A10,liste_groupe[],5,FALSE),"-",VLOOKUP(A10,liste_groupe[],3,FALSE),VLOOKUP(A10,liste_groupe[],4,FALSE)," : ",ROUND(K10,0),"%"),CONCATENATE(VLOOKUP(A10,liste_groupe[],5,FALSE)," : ",ROUND(K10,0),"%")) -> Prochloraz-0.5mg/L : 0%
A11: ='Page de garde'!A19 -> Prochloraz-1mg/L | F11: =HLOOKUP(A11,'pooled normalised values'!$B$74:$V$83,10,FALSE) -> ns | G11: =IF(F11="NS","NC",ROUND(B11,2-(1+INT(LOG10(ABS(B11)))))) -> NC | H11: =IF(VLOOKUP(A11,liste_groupe[],4,FALSE)="%",VLOOKUP(A11,liste_groupe[],3,FALSE)/100,IF(ISBLANK(VLOOKUP(A11,liste_groupe[],4,FALSE)),"Non","Non")) -> Non | I11: =IF(F11="NS","NC",IF(H11="Non",G11,G11*(1/H11))) -> NC | J11: 64 | K11: =IF(F11="NS",0,ROUND(I11/J11*100,0)) -> 0 | M11: =IF(K11>100,125,K11) -> 0 | N11: =IF(H11="Non",CONCATENATE(VLOOKUP(A11,liste_groupe[],5,FALSE),"-",VLOOKUP(A11,liste_groupe[],3,FALSE),VLOOKUP(A11,liste_groupe[],4,FALSE)," : ",ROUND(K11,0),"%"),CONCATENATE(VLOOKUP(A11,liste_groupe[],5,FALSE)," : ",ROUND(K11,0),"%")) -> Prochloraz-1mg/L : 0%
A12: ='Page de garde'!A20 | F12: =HLOOKUP(A12,'pooled normalised values'!$B$74:$V$83,10,FALSE) -> #N/A | G12: =IF(F12="NS","NC",ROUND(B12,2-(1+INT(LOG10(ABS(B12)))))) -> #N/A | H12: =IF(VLOOKUP(A12,liste_groupe[],4,FALSE)="%",VLOOKUP(A12,liste_groupe[],3,FALSE)/100,IF(ISBLANK(VLOOKUP(A12,liste_groupe[],4,FALSE)),"Non","Non")) -> Non | I12: =IF(F12="NS","NC",IF(H12="Non",G12,G12*(1/H12))) -> #N/A | J12: 64 | K12: =IF(F12="NS",0,ROUND(I12/J12*100,0)) -> #N/A | M12: =IF(K12>100,125,K12) -> #N/A | N12: =IF(H12="Non",CONCATENATE(VLOOKUP(A12,liste_groupe[],5,FALSE),"-",VLOOKUP(A12,liste_groupe[],3,FALSE),VLOOKUP(A12,liste_groupe[],4,FALSE)," : ",ROUND(K12,0),"%"),CONCATENATE(VLOOKUP(A12,liste_groupe[],5,FALSE)," : ",ROUND(K12,0),"%")) -> #N/A
A13: ='Page de garde'!A21 | F13: =HLOOKUP(A13,'pooled normalised values'!$B$74:$V$83,10,FALSE) -> #N/A | G13: =IF(F13="NS","NC",ROUND(B13,2-(1+INT(LOG10(ABS(B13)))))) -> #N/A | H13: =IF(VLOOKUP(A13,liste_groupe[],4,FALSE)="%",VLOOKUP(A13,liste_groupe[],3,FALSE)/100,IF(ISBLANK(VLOOKUP(A13,liste_groupe[],4,FALSE)),"Non","Non")) -> Non | I13: =IF(F13="NS","NC",IF(H13="Non",G13,G13*(1/H13))) -> #N/A | J13: 64 | K13: =IF(F13="NS",0,ROUND(I13/J13*100,0)) -> #N/A | M13: =IF(K13>100,125,K13) -> #N/A | N13: =IF(H13="Non",CONCATENATE(VLOOKUP(A13,liste_groupe[],5,FALSE),"-",VLOOKUP(A13,liste_groupe[],3,FALSE),VLOOKUP(A13,liste_groupe[],4,FALSE)," : ",ROUND(K13,0),"%"),CONCATENATE(VLOOKUP(A13,liste_groupe[],5,FALSE)," : ",ROUND(K13,0),"%")) -> #N/A
A14: ='Page de garde'!A22 | F14: =HLOOKUP(A14,'pooled normalised values'!$B$74:$V$83,10,FALSE) -> #N/A | G14: =IF(F14="NS","NC",ROUND(B14,2-(1+INT(LOG10(ABS(B14)))))) -> #N/A | H14: =IF(VLOOKUP(A14,liste_groupe[],4,FALSE)="%",VLOOKUP(A14,liste_groupe[],3,FALSE)/100,IF(ISBLANK(VLOOKUP(A14,liste_groupe[],4,FALSE)),"Non","Non")) -> Non | I14: =IF(F14="NS","NC",IF(H14="Non",G14,G14*(1/H14))) -> #N/A | J14: 64 | K14: =IF(F14="NS",0,ROUND(I14/J14*100,0)) -> #N/A | M14: =IF(K14>100,125,K14) -> #N/A | N14: =IF(H14="Non",CONCATENATE(VLOOKUP(A14,liste_groupe[],5,FALSE),"-",VLOOKUP(A14,liste_groupe[],3,FALSE),VLOOKUP(A14,liste_groupe[],4,FALSE)," : ",ROUND(K14,0),"%"),CONCATENATE(VLOOKUP(A14,liste_groupe[],5,FALSE)," : ",ROUND(K14,0),"%")) -> #N/A
A15: ='Page de garde'!A23 | F15: =HLOOKUP(A15,'pooled normalised values'!$B$74:$V$83,10,FALSE) -> #N/A | G15: =IF(F15="NS","NC",ROUND(B15,2-(1+INT(LOG10(ABS(B15)))))) -> #N/A | H15: =IF(VLOOKUP(A15,liste_groupe[],4,FALSE)="%",VLOOKUP(A15,liste_groupe[],3,FALSE)/100,IF(ISBLANK(VLOOKUP(A15,liste_groupe[],4,FALSE)),"Non","Non")) -> Non | I15: =IF(F15="NS","NC",IF(H15="Non",G15,G15*(1/H15))) -> #N/A | J15: 64 | K15: =IF(F15="NS",0,ROUND(I15/J15*100,0)) -> #N/A | M15: =IF(K15>100,125,K15) -> #N/A | N15: =IF(H15="Non",CONCATENATE(VLOOKUP(A15,liste_groupe[],5,FALSE),"-",VLOOKUP(A15,liste_groupe[],3,FALSE),VLOOKUP(A15,liste_groupe[],4,FALSE)," : ",ROUND(K15,0),"%"),CONCATENATE(VLOOKUP(A15,liste_groupe[],5,FALSE)," : ",ROUND(K15,0),"%")) -> #N/A
A16: ='Page de garde'!A24 | F16: =HLOOKUP(A16,'pooled normalised values'!$B$74:$V$83,10,FALSE) -> #N/A | G16: =IF(F16="NS","NC",ROUND(B16,2-(1+INT(LOG10(ABS(B16)))))) -> #N/A | H16: =IF(VLOOKUP(A16,liste_groupe[],4,FALSE)="%",VLOOKUP(A16,liste_groupe[],3,FALSE)/100,IF(ISBLANK(VLOOKUP(A16,liste_groupe[],4,FALSE)),"Non","Non")) -> Non | I16: =IF(F16="NS","NC",IF(H16="Non",G16,G16*(1/H16))) -> #N/A | J16: 64 | K16: =IF(F16="NS",0,ROUND(I16/J16*100,0)) -> #N/A | M16: =IF(K16>100,125,K16) -> #N/A | N16: =IF(H16="Non",CONCATENATE(VLOOKUP(A16,liste_groupe[],5,FALSE),"-",VLOOKUP(A16,liste_groupe[],3,FALSE),VLOOKUP(A16,liste_groupe[],4,FALSE)," : ",ROUND(K16,0),"%"),CONCATENATE(VLOOKUP(A16,liste_groupe[],5,FALSE)," : ",ROUND(K16,0),"%")) -> #N/A
A17: ='Page de garde'!A25 | F17: =HLOOKUP(A17,'pooled normalised values'!$B$74:$V$83,10,FALSE) -> #N/A | G17: =IF(F17="NS","NC",ROUND(B17,2-(1+INT(LOG10(ABS(B17)))))) -> #N/A | H17: =IF(VLOOKUP(A17,liste_groupe[],4,FALSE)="%",VLOOKUP(A17,liste_groupe[],3,FALSE)/100,IF(ISBLANK(VLOOKUP(A17,liste_groupe[],4,FALSE)),"Non","Non")) -> Non | I17: =IF(F17="NS","NC",IF(H17="Non",G17,G17*(1/H17))) -> #N/A | J17: 64 | K17: =IF(F17="NS",0,ROUND(I17/J17*100,0)) -> #N/A | M17: =IF(K17>100,125,K17) -> #N/A | N17: =IF(H17="Non",CONCATENATE(VLOOKUP(A17,liste_groupe[],5,FALSE),"-",VLOOKUP(A17,liste_groupe[],3,FALSE),VLOOKUP(A17,liste_groupe[],4,FALSE)," : ",ROUND(K17,0),"%"),CONCATENATE(VLOOKUP(A17,liste_groupe[],5,FALSE)," : ",ROUND(K17,0),"%")) -> #N/A
A18: ='Page de garde'!A26 | F18: =HLOOKUP(A18,'pooled normalised values'!$B$74:$V$83,10,FALSE) -> #N/A | G18: =IF(F18="NS","NC",ROUND(B18,2-(1+INT(LOG10(ABS(B18)))))) -> #N/A | H18: =IF(VLOOKUP(A18,liste_groupe[],4,FALSE)="%",VLOOKUP(A18,liste_groupe[],3,FALSE)/100,IF(ISBLANK(VLOOKUP(A18,liste_groupe[],4,FALSE)),"Non","Non")) -> Non | I18: =IF(F18="NS","NC",IF(H18="Non",G18,G18*(1/H18))) -> #N/A | J18: 64 | K18: =IF(F18="NS",0,ROUND(I18/J18*100,0)) -> #N/A | M18: =IF(K18>100,125,K18) -> #N/A | N18: =IF(H18="Non",CONCATENATE(VLOOKUP(A18,liste_groupe[],5,FALSE),"-",VLOOKUP(A18,liste_groupe[],3,FALSE),VLOOKUP(A18,liste_groupe[],4,FALSE)," : ",ROUND(K18,0),"%"),CONCATENATE(VLOOKUP(A18,liste_groupe[],5,FALSE)," : ",ROUND(K18,0),"%")) -> #N/A
A19: ='Page de garde'!A27 | F19: =HLOOKUP(A19,'pooled normalised values'!$B$74:$V$83,10,FALSE) -> #N/A | G19: =IF(F19="NS","NC",ROUND(B19,2-(1+INT(LOG10(ABS(B19)))))) -> #N/A | H19: =IF(VLOOKUP(A19,liste_groupe[],4,FALSE)="%",VLOOKUP(A19,liste_groupe[],3,FALSE)/100,IF(ISBLANK(VLOOKUP(A19,liste_groupe[],4,FALSE)),"Non","Non")) -> Non | I19: =IF(F19="NS","NC",IF(H19="Non",G19,G19*(1/H19))) -> #N/A | J19: 64 | K19: =IF(F19="NS",0,ROUND(I19/J19*100,0)) -> #N/A | M19: =IF(K19>100,125,K19) -> #N/A | N19: =IF(H19="Non",CONCATENATE(VLOOKUP(A19,liste_groupe[],5,FALSE),"-",VLOOKUP(A19,liste_groupe[],3,FALSE),VLOOKUP(A19,liste_groupe[],4,FALSE)," : ",ROUND(K19,0),"%"),CONCATENATE(VLOOKUP(A19,liste_groupe[],5,FALSE)," : ",ROUND(K19,0),"%")) -> #N/A
... A26: ='Page de garde'!A34 | F26: =HLOOKUP(A26,'pooled normalised values'!$B$74:$V$83,10,FALSE) -> #N/A | G26: =IF(F26="NS","NC",ROUND(B26,2-(1+INT(LOG10(ABS(B26)))))) -> #N/A | H26: =IF(VLOOKUP(A26,liste_groupe[],4,FALSE)="%",VLOOKUP(A26,liste_groupe[],3,FALSE)/100,IF(ISBLANK(VLOOKUP(A26,liste_groupe[],4,FALSE)),"Non","Non")) -> Non | I26: =IF(F26="NS","NC",IF(H26="Non",G26,G26*(1/H26))) -> #N/A | J26: 64 | K26: =IF(F26="NS",0,ROUND(I26/J26*100,0)) -> #N/A | M26: =IF(K26>100,125,K26) -> #N/A | N26: =IF(H26="Non",CONCATENATE(VLOOKUP(A26,liste_groupe[],5,FALSE),"-",VLOOKUP(A26,liste_groupe[],3,FALSE),VLOOKUP(A26,liste_groupe[],4,FALSE)," : ",ROUND(K26,0),"%"),CONCATENATE(VLOOKUP(A26,liste_groupe[],5,FALSE)," : ",ROUND(K26,0),"%")) -> #N/A
B28: ng/L EE2 | C28: upper limit | D28: lower limit | E28: Valeur fluo extrapolée | F28: Résultat stat si NS | G28: EqH - testo | H28: Dilution | I28: EqH Extrapolation à 100% | J28: Valeur du seuil de référence | K28: % atteinte du seuil | L28: Numéro ligne | M28: Valeur échelle | N28: Etiquette
A29: Testosterone
A30: Testo+ EE2 | G30: =IF(F30="NS","NC",ROUND(B30-$B$29,2-(1+INT(LOG10(ABS(B30-$B$29)))))) -> #NUM!
A31: Testo+ Fad | G31: =IF(F31="NS","NC",ROUND(B31-$B$29,2-(1+INT(LOG10(ABS(B31-$B$29)))))) -> #NUM!
A32: ='Page de garde'!A39 -> Prochloraz-0.063mg/L + Testostérone | F32: =HLOOKUP(A32,'pooled normalised values'!$B$74:$V$83,10,FALSE) -> ns | G32: =IF(F32="NS","NC",ROUND(B32-$B$29,2-(1+INT(LOG10(ABS(B32-$B$29)))))) -> NC | H32: =IF(VLOOKUP(A32,liste_groupe[],4,FALSE)="%",VLOOKUP(A32,liste_groupe[],3,FALSE)/100,IF(ISBLANK(VLOOKUP(A32,liste_groupe[],4,FALSE)),"Non","Non")) -> Non | I32: =IF(F32="NS","NC",IF(H32="Non",G32,G32*(1/H32))) -> NC | J32: =IF(G32<0,$G$31,$G$30) -> #NUM! | K32: =IF(F32="NS",0,IF(I32<0,-ROUND(I32/J32*100,0),ROUND(I32/J32*100,0))) -> 0 | L32: 1 | M32: =IF(I32<0,IF(K32<-100,-125,K32),IF(K32>100,125,K32)) -> 0 | N32: =IF(H32="Non",CONCATENATE(VLOOKUP(A32,liste_groupe[],5,FALSE),"-",VLOOKUP(A32,liste_groupe[],3,FALSE),VLOOKUP(A32,liste_groupe[],4,FALSE)," : ",ROUND(K32,0),"%"),CONCATENATE(VLOOKUP(A32,liste_groupe[],5,FALSE)," : ",ROUND(K32,0),"%")) -> Prochloraz-0.063mg/L : 0%
A33: ='Page de garde'!A40 -> Prochloraz-0.13mg/L + Testostérone | F33: =HLOOKUP(A33,'pooled normalised values'!$B$74:$V$83,10,FALSE) -> * | G33: =IF(F33="NS","NC",ROUND(B33-$B$29,2-(1+INT(LOG10(ABS(B33-$B$29)))))) -> #NUM! | H33: =IF(VLOOKUP(A33,liste_groupe[],4,FALSE)="%",VLOOKUP(A33,liste_groupe[],3,FALSE)/100,IF(ISBLANK(VLOOKUP(A33,liste_groupe[],4,FALSE)),"Non","Non")) -> Non | I33: =IF(F33="NS","NC",IF(H33="Non",G33,G33*(1/H33))) -> #NUM! | J33: =IF(G33<0,$G$31,$G$30) -> #NUM! | K33: =IF(F33="NS",0,IF(I33<0,-ROUND(I33/J33*100,0),ROUND(I33/J33*100,0))) -> #NUM! | M33: =IF(I33<0,IF(K33<-100,-125,K33),IF(K33>100,125,K33)) -> #NUM! | N33: =IF(H33="Non",CONCATENATE(VLOOKUP(A33,liste_groupe[],5,FALSE),"-",VLOOKUP(A33,liste_groupe[],3,FALSE),VLOOKUP(A33,liste_groupe[],4,FALSE)," : ",ROUND(K33,0),"%"),CONCATENATE(VLOOKUP(A33,liste_groupe[],5,FALSE)," : ",ROUND(K33,0),"%")) -> #NUM!
A34: ='Page de garde'!A41 -> Prochloraz-0.25mg/L + Testostérone | F34: =HLOOKUP(A34,'pooled normalised values'!$B$74:$V$83,10,FALSE) -> *** | G34: =IF(F34="NS","NC",ROUND(B34-$B$29,2-(1+INT(LOG10(ABS(B34-$B$29)))))) -> #NUM! | H34: =IF(VLOOKUP(A34,liste_groupe[],4,FALSE)="%",VLOOKUP(A34,liste_groupe[],3,FALSE)/100,IF(ISBLANK(VLOOKUP(A34,liste_groupe[],4,FALSE)),"Non","Non")) -> Non | I34: =IF(F34="NS","NC",IF(H34="Non",G34,G34*(1/H34))) -> #NUM! | J34: =IF(G34<0,$G$31,$G$30) -> #NUM! | K34: =IF(F34="NS",0,IF(I34<0,-ROUND(I34/J34*100,0),ROUND(I34/J34*100,0))) -> #NUM! | M34: =IF(I34<0,IF(K34<-100,-125,K34),IF(K34>100,125,K34)) -> #NUM! | N34: =IF(H34="Non",CONCATENATE(VLOOKUP(A34,liste_groupe[],5,FALSE),"-",VLOOKUP(A34,liste_groupe[],3,FALSE),VLOOKUP(A34,liste_groupe[],4,FALSE)," : ",ROUND(K34,0),"%"),CONCATENATE(VLOOKUP(A34,liste_groupe[],5,FALSE)," : ",ROUND(K34,0),"%")) -> #NUM!
A35: ='Page de garde'!A42 -> Prochloraz-0.5mg/L + Testostérone | F35: =HLOOKUP(A35,'pooled normalised values'!$B$74:$V$83,10,FALSE) -> *** | G35: =IF(F35="NS","NC",ROUND(B35-$B$29,2-(1+INT(LOG10(ABS(B35-$B$29)))))) -> #NUM! | H35: =IF(VLOOKUP(A35,liste_groupe[],4,FALSE)="%",VLOOKUP(A35,liste_groupe[],3,FALSE)/100,IF(ISBLANK(VLOOKUP(A35,liste_groupe[],4,FALSE)),"Non","Non")) -> Non | I35: =IF(F35="NS","NC",IF(H35="Non",G35,G35*(1/H35))) -> #NUM! | J35: =IF(G35<0,$G$31,$G$30) -> #NUM! | K35: =IF(F35="NS",0,IF(I35<0,-ROUND(I35/J35*100,0),ROUND(I35/J35*100,0))) -> #NUM! | M35: =IF(I35<0,IF(K35<-100,-125,K35),IF(K35>100,125,K35)) -> #NUM! | N35: =IF(H35="Non",CONCATENATE(VLOOKUP(A35,liste_groupe[],5,FALSE),"-",VLOOKUP(A35,liste_groupe[],3,FALSE),VLOOKUP(A35,liste_groupe[],4,FALSE)," : ",ROUND(K35,0),"%"),CONCATENATE(VLOOKUP(A35,liste_groupe[],5,FALSE)," : ",ROUND(K35,0),"%")) -> #NUM!
A36: ='Page de garde'!A43 -> Prochloraz-1mg/L + Testostérone | F36: =HLOOKUP(A36,'pooled normalised values'!$B$74:$V$83,10,FALSE) -> *** | G36: =IF(F36="NS","NC",ROUND(B36-$B$29,2-(1+INT(LOG10(ABS(B36-$B$29)))))) -> #NUM! | H36: =IF(VLOOKUP(A36,liste_groupe[],4,FALSE)="%",VLOOKUP(A36,liste_groupe[],3,FALSE)/100,IF(ISBLANK(VLOOKUP(A36,liste_groupe[],4,FALSE)),"Non","Non")) -> Non | I36: =IF(F36="NS","NC",IF(H36="Non",G36,G36*(1/H36))) -> #NUM! | J36: =IF(G36<0,$G$31,$G$30) -> #NUM! | K36: =IF(F36="NS",0,IF(I36<0,-ROUND(I36/J36*100,0),ROUND(I36/J36*100,0))) -> #NUM! | M36: =IF(I36<0,IF(K36<-100,-125,K36),IF(K36>100,125,K36)) -> #NUM! | N36: =IF(H36="Non",CONCATENATE(VLOOKUP(A36,liste_groupe[],5,FALSE),"-",VLOOKUP(A36,liste_groupe[],3,FALSE),VLOOKUP(A36,liste_groupe[],4,FALSE)," : ",ROUND(K36,0),"%"),CONCATENATE(VLOOKUP(A36,liste_groupe[],5,FALSE)," : ",ROUND(K36,0),"%")) -> #NUM!
A37: ='Page de garde'!A44 -> 0-00 + Testostérone | F37: =HLOOKUP(A37,'pooled normalised values'!$B$74:$V$83,10,FALSE) -> #N/A | G37: =IF(F37="NS","NC",ROUND(B37-$B$29,2-(1+INT(LOG10(ABS(B37-$B$29)))))) -> #N/A | H37: =IF(VLOOKUP(A37,liste_groupe[],4,FALSE)="%",VLOOKUP(A37,liste_groupe[],3,FALSE)/100,IF(ISBLANK(VLOOKUP(A37,liste_groupe[],4,FALSE)),"Non","Non")) -> Non | I37: =IF(F37="NS","NC",IF(H37="Non",G37,G37*(1/H37))) -> #N/A | J37: =IF(G37<0,$G$31,$G$30) -> #N/A | K37: =IF(F37="NS",0,IF(I37<0,-ROUND(I37/J37*100,0),ROUND(I37/J37*100,0))) -> #N/A | M37: =IF(I37<0,IF(K37<-100,-125,K37),IF(K37>100,125,K37)) -> #N/A | N37: =IF(H37="Non",CONCATENATE(VLOOKUP(A37,liste_groupe[],5,FALSE),"-",VLOOKUP(A37,liste_groupe[],3,FALSE),VLOOKUP(A37,liste_groupe[],4,FALSE)," : ",ROUND(K37,0),"%"),CONCATENATE(VLOOKUP(A37,liste_groupe[],5,FALSE)," : ",ROUND(K37,0),"%")) -> #N/A
A38: ='Page de garde'!A45 -> 0-00 + Testostérone | F38: =HLOOKUP(A38,'pooled normalised values'!$B$74:$V$83,10,FALSE) -> #N/A | G38: =IF(F38="NS","NC",ROUND(B38-$B$29,2-(1+INT(LOG10(ABS(B38-$B$29)))))) -> #N/A | H38: =IF(VLOOKUP(A38,liste_groupe[],4,FALSE)="%",VLOOKUP(A38,liste_groupe[],3,FALSE)/100,IF(ISBLANK(VLOOKUP(A38,liste_groupe[],4,FALSE)),"Non","Non")) -> Non | I38: =IF(F38="NS","NC",IF(H38="Non",G38,G38*(1/H38))) -> #N/A | J38: =IF(G38<0,$G$31,$G$30) -> #N/A | K38: =IF(F38="NS",0,IF(I38<0,-ROUND(I38/J38*100,0),ROUND(I38/J38*100,0))) -> #N/A | M38: =IF(I38<0,IF(K38<-100,-125,K38),IF(K38>100,125,K38)) -> #N/A | N38: =IF(H38="Non",CONCATENATE(VLOOKUP(A38,liste_groupe[],5,FALSE),"-",VLOOKUP(A38,liste_groupe[],3,FALSE),VLOOKUP(A38,liste_groupe[],4,FALSE)," : ",ROUND(K38,0),"%"),CONCATENATE(VLOOKUP(A38,liste_groupe[],5,FALSE)," : ",ROUND(K38,0),"%")) -> #N/A
A39: ='Page de garde'!A46 -> 0-00 + Testostérone | F39: =HLOOKUP(A39,'pooled normalised values'!$B$74:$V$83,10,FALSE) -> #N/A | G39: =IF(F39="NS","NC",ROUND(B39-$B$29,2-(1+INT(LOG10(ABS(B39-$B$29)))))) -> #N/A | H39: =IF(VLOOKUP(A39,liste_groupe[],4,FALSE)="%",VLOOKUP(A39,liste_groupe[],3,FALSE)/100,IF(ISBLANK(VLOOKUP(A39,liste_groupe[],4,FALSE)),"Non","Non")) -> Non | I39: =IF(F39="NS","NC",IF(H39="Non",G39,G39*(1/H39))) -> #N/A | J39: =IF(G39<0,$G$31,$G$30) -> #N/A | K39: =IF(F39="NS",0,IF(I39<0,-ROUND(I39/J39*100,0),ROUND(I39/J39*100,0))) -> #N/A | M39: =IF(I39<0,IF(K39<-100,-125,K39),IF(K39>100,125,K39)) -> #N/A | N39: =IF(H39="Non",CONCATENATE(VLOOKUP(A39,liste_groupe[],5,FALSE),"-",VLOOKUP(A39,liste_groupe[],3,FALSE),VLOOKUP(A39,liste_groupe[],4,FALSE)," : ",ROUND(K39,0),"%"),CONCATENATE(VLOOKUP(A39,liste_groupe[],5,FALSE)," : ",ROUND(K39,0),"%")) -> #N/A
A40: ='Page de garde'!A47 -> 0-00 + Testostérone | F40: =HLOOKUP(A40,'pooled normalised values'!$B$74:$V$83,10,FALSE) -> #N/A | G40: =IF(F40="NS","NC",ROUND(B40-$B$29,2-(1+INT(LOG10(ABS(B40-$B$29)))))) -> #N/A | H40: =IF(VLOOKUP(A40,liste_groupe[],4,FALSE)="%",VLOOKUP(A40,liste_groupe[],3,FALSE)/100,IF(ISBLANK(VLOOKUP(A40,liste_groupe[],4,FALSE)),"Non","Non")) -> Non | I40: =IF(F40="NS","NC",IF(H40="Non",G40,G40*(1/H40))) -> #N/A | J40: =IF(G40<0,$G$31,$G$30) -> #N/A | K40: =IF(F40="NS",0,IF(I40<0,-ROUND(I40/J40*100,0),ROUND(I40/J40*100,0))) -> #N/A | M40: =IF(I40<0,IF(K40<-100,-125,K40),IF(K40>100,125,K40)) -> #N/A | N40: =IF(H40="Non",CONCATENATE(VLOOKUP(A40,liste_groupe[],5,FALSE),"-",VLOOKUP(A40,liste_groupe[],3,FALSE),VLOOKUP(A40,liste_groupe[],4,FALSE)," : ",ROUND(K40,0),"%"),CONCATENATE(VLOOKUP(A40,liste_groupe[],5,FALSE)," : ",ROUND(K40,0),"%")) -> #N/A
A41: ='Page de garde'!A48 -> 0-00 + Testostérone | F41: =HLOOKUP(A41,'pooled normalised values'!$B$74:$V$83,10,FALSE) -> #N/A | G41: =IF(F41="NS","NC",ROUND(B41-$B$29,2-(1+INT(LOG10(ABS(B41-$B$29)))))) -> #N/A | H41: =IF(VLOOKUP(A41,liste_groupe[],4,FALSE)="%",VLOOKUP(A41,liste_groupe[],3,FALSE)/100,IF(ISBLANK(VLOOKUP(A41,liste_groupe[],4,FALSE)),"Non","Non")) -> Non | I41: =IF(F41="NS","NC",IF(H41="Non",G41,G41*(1/H41))) -> #N/A | J41: =IF(G41<0,$G$31,$G$30) -> #N/A | K41: =IF(F41="NS",0,IF(I41<0,-ROUND(I41/J41*100,0),ROUND(I41/J41*100,0))) -> #N/A | M41: =IF(I41<0,IF(K41<-100,-125,K41),IF(K41>100,125,K41)) -> #N/A | N41: =IF(H41="Non",CONCATENATE(VLOOKUP(A41,liste_groupe[],5,FALSE),"-",VLOOKUP(A41,liste_groupe[],3,FALSE),VLOOKUP(A41,liste_groupe[],4,FALSE)," : ",ROUND(K41,0),"%"),CONCATENATE(VLOOKUP(A41,liste_groupe[],5,FALSE)," : ",ROUND(K41,0),"%")) -> #N/A
A42: ='Page de garde'!A49 -> 0-00 + Testostérone | F42: =HLOOKUP(A42,'pooled normalised values'!$B$74:$V$83,10,FALSE) -> #N/A | G42: =IF(F42="NS","NC",ROUND(B42-$B$29,2-(1+INT(LOG10(ABS(B42-$B$29)))))) -> #N/A | H42: =IF(VLOOKUP(A42,liste_groupe[],4,FALSE)="%",VLOOKUP(A42,liste_groupe[],3,FALSE)/100,IF(ISBLANK(VLOOKUP(A42,liste_groupe[],4,FALSE)),"Non","Non")) -> Non | I42: =IF(F42="NS","NC",IF(H42="Non",G42,G42*(1/H42))) -> #N/A | J42: =IF(G42<0,$G$31,$G$30) -> #N/A | K42: =IF(F42="NS",0,IF(I42<0,-ROUND(I42/J42*100,0),ROUND(I42/J42*100,0))) -> #N/A | M42: =IF(I42<0,IF(K42<-100,-125,K42),IF(K42>100,125,K42)) -> #N/A | N42: =IF(H42="Non",CONCATENATE(VLOOKUP(A42,liste_groupe[],5,FALSE),"-",VLOOKUP(A42,liste_groupe[],3,FALSE),VLOOKUP(A42,liste_groupe[],4,FALSE)," : ",ROUND(K42,0),"%"),CONCATENATE(VLOOKUP(A42,liste_groupe[],5,FALSE)," : ",ROUND(K42,0),"%")) -> #N/A
A43: ='Page de garde'!A50 -> 0-00 + Testostérone | F43: =HLOOKUP(A43,'pooled normalised values'!$B$74:$V$83,10,FALSE) -> #N/A | G43: =IF(F43="NS","NC",ROUND(B43-$B$29,2-(1+INT(LOG10(ABS(B43-$B$29)))))) -> #N/A | H43: =IF(VLOOKUP(A43,liste_groupe[],4,FALSE)="%",VLOOKUP(A43,liste_groupe[],3,FALSE)/100,IF(ISBLANK(VLOOKUP(A43,liste_groupe[],4,FALSE)),"Non","Non")) -> Non | I43: =IF(F43="NS","NC",IF(H43="Non",G43,G43*(1/H43))) -> #N/A | J43: =IF(G43<0,$G$31,$G$30) -> #N/A | K43: =IF(F43="NS",0,IF(I43<0,-ROUND(I43/J43*100,0),ROUND(I43/J43*100,0))) -> #N/A | M43: =IF(I43<0,IF(K43<-100,-125,K43),IF(K43>100,125,K43)) -> #N/A | N43: =IF(H43="Non",CONCATENATE(VLOOKUP(A43,liste_groupe[],5,FALSE),"-",VLOOKUP(A43,liste_groupe[],3,FALSE),VLOOKUP(A43,liste_groupe[],4,FALSE)," : ",ROUND(K43,0),"%"),CONCATENATE(VLOOKUP(A43,liste_groupe[],5,FALSE)," : ",ROUND(K43,0),"%")) -> #N/A
A44: ='Page de garde'!A51 -> 0-00 + Testostérone | F44: =HLOOKUP(A44,'pooled normalised values'!$B$74:$V$83,10,FALSE) -> #N/A | G44: =IF(F44="NS","NC",ROUND(B44-$B$29,2-(1+INT(LOG10(ABS(B44-$B$29)))))) -> #N/A | H44: =IF(VLOOKUP(A44,liste_groupe[],4,FALSE)="%",VLOOKUP(A44,liste_groupe[],3,FALSE)/100,IF(ISBLANK(VLOOKUP(A44,liste_groupe[],4,FALSE)),"Non","Non")) -> Non | I44: =IF(F44="NS","NC",IF(H44="Non",G44,G44*(1/H44))) -> #N/A | J44: =IF(G44<0,$G$31,$G$30) -> #N/A | K44: =IF(F44="NS",0,IF(I44<0,-ROUND(I44/J44*100,0),ROUND(I44/J44*100,0))) -> #N/A | M44: =IF(I44<0,IF(K44<-100,-125,K44),IF(K44>100,125,K44)) -> #N/A | N44: =IF(H44="Non",CONCATENATE(VLOOKUP(A44,liste_groupe[],5,FALSE),"-",VLOOKUP(A44,liste_groupe[],3,FALSE),VLOOKUP(A44,liste_groupe[],4,FALSE)," : ",ROUND(K44,0),"%"),CONCATENATE(VLOOKUP(A44,liste_groupe[],5,FALSE)," : ",ROUND(K44,0),"%")) -> #N/A
... A51: ='Page de garde'!A58 -> 0-00 + Testostérone | F51: =HLOOKUP(A51,'pooled normalised values'!$B$74:$V$83,10,FALSE) -> #N/A | G51: =IF(F51="NS","NC",ROUND(B51-$B$29,2-(1+INT(LOG10(ABS(B51-$B$29)))))) -> #N/A | H51: =IF(VLOOKUP(A51,liste_groupe[],4,FALSE)="%",VLOOKUP(A51,liste_groupe[],3,FALSE)/100,IF(ISBLANK(VLOOKUP(A51,liste_groupe[],4,FALSE)),"Non","Non")) -> Non | I51: =IF(F51="NS","NC",IF(H51="Non",G51,G51*(1/H51))) -> #N/A | J51: =IF(G51<0,$G$31,$G$30) -> #N/A | K51: =IF(F51="NS",0,IF(I51<0,-ROUND(I51/J51*100,0),ROUND(I51/J51*100,0))) -> #N/A | M51: =IF(I51<0,IF(K51<-100,-125,K51),IF(K51>100,125,K51)) -> #N/A | N51: =IF(H51="Non",CONCATENATE(VLOOKUP(A51,liste_groupe[],5,FALSE),"-",VLOOKUP(A51,liste_groupe[],3,FALSE),VLOOKUP(A51,liste_groupe[],4,FALSE)," : ",ROUND(K51,0),"%"),CONCATENATE(VLOOKUP(A51,liste_groupe[],5,FALSE)," : ",ROUND(K51,0),"%")) -> #N/A
A53: 18. Expérimentateur 2 : transmission des résultats avec le SQ rempli au responsable du laboratoire.

Sheet Notice
A1: Description | B1: Problème | C1: EqH RAPPORT | D1: % atteinte du seuil RAPPORT | E1: Valeur échelle sur graphique RAPPORT | F1: EqH BASE DE DONNEES | G1: % BASE DE DONNEES
A2: Diminution de fluo en non dopé | B2: Impossible de calculer un EQH et pas de seuil déterminé donc impossible d'évaluer si l'échantillon dépasse un seuil | C2: Non calculable | D2: Mettre le % de variation de fluo avec un renvoi: "*: variation de fluorescence non-calibrée" | E2: % de variation de fluo | F2: Non calculable | G2: Non calculable

Sheet Graph format rapport CHG
A2: Evian | B2: ='pooled normalised values'!B75 -> 0.041859755 | D2: Etiquettes | F2: ='pooled normalised values'!J74 -> Prochloraz-0.13mg/L | G2: ='pooled normalised values'!K74 -> Prochloraz-0.25mg/L | H2: ='pooled normalised values'!L74 -> Prochloraz-0.5mg/L | I2: ='pooled normalised values'!M74 -> Prochloraz-1mg/L | J2: ='pooled normalised values'!#REF! -> #REF! | K2: ='pooled normalised values'!#REF! -> #REF! | L2: ='pooled normalised values'!#REF! -> #REF! | M2: ='pooled normalised values'!#REF! -> #REF! | N2: ='pooled normalised values'!#REF! -> #REF! | O2: ='pooled normalised values'!#REF! -> #REF! | P2: ='pooled normalised values'!#REF! -> #REF! | Q2: ='pooled normalised values'!#REF! -> #REF! | ... S2: ='pooled normalised values'!#REF! -> #REF! | V2: ='pooled normalised values'!R74 -> Prochloraz-0.063mg/L + Testostérone | W2: ='pooled normalised values'!S74 -> Prochloraz-0.13mg/L + Testostérone | X2: ='pooled normalised values'!T74 -> Prochloraz-0.25mg/L + Testostérone | Y2: ='pooled normalised values'!U74 -> Prochloraz-0.5mg/L + Testostérone | Z2: ='pooled normalised values'!V74 -> Prochloraz-1mg/L + Testostérone | AA2: ='pooled normalised values'!#REF! -> #REF! | AB2: ='pooled normalised values'!#REF! -> #REF! | AC2: ='pooled normalised values'!#REF! -> #REF! | AD2: ='pooled normalised values'!#REF! -> #REF! | AE2: ='pooled normalised values'!#REF! -> #REF! | AF2: ='pooled normalised values'!#REF! -> #REF! | AG2: ='pooled normalised values'!#REF! -> #REF! | AH2: ='pooled normalised values'!#REF! -> #REF! | AI2: ='pooled normalised values'!#REF! -> #REF! | AK2: Etiquettes
