Workbook

Sheet Page de garde
A1: 1. Expérimentateur 1 : copier et coller le n° de prestation et renseigner la date de réalisation de chaque réplica ainsi que le visa de l'expérimentateur.
A2: R1 | B2: Numéro d'expérience : | E2: Date de réalisation :
A3: R2 | B3: Numéro d'expérience : | E3: Date de réalisation :
A4: R3 | B4: Numéro d'expérience : | E4: Date de réalisation :
A5: 2. Expérimentateur 1 : copier et coller la dilution appliquée et le nom donné pour chaque des échantillons par le client. Conserver la mise en forme de l'exemple en italique. Ne pas remplir la colonne "nom sur graphique".
A6: Nom sur le graphique | B6: Code WF | C6: Concentration | D6: Unité | E6: Nom de l'échantillon donné par le client | F6: Dopage (+Testostérone / + EE2, ….)
A7: =IF(ISBLANK(liste_groupe[[#This Row],[Code WF]])," ",IF(ISBLANK(liste_groupe[[#This Row],[Unité]]),CONCATENATE(liste_groupe[[#This Row],[Nom de l''échantillon donné par le client]],liste_groupe[[#This Row],[Dopage (+Testostérone / + EE2, ….)]]),CONCATENATE(liste_groupe[[#This Row],[Nom de l''échantillon donné par le client]],"-",liste_groupe[[#This Row],[Concentration]],liste_groupe[[#This Row],[Unité]],liste_groupe[[#This Row],[Dopage (+Testostérone / + EE2, ….)]]))) -> Témoin solvant | B7: Témoin | E7: Témoin solvant
A8: =IF(ISBLANK(liste_groupe[[#This Row],[Code WF]])," ",IF(ISBLANK(liste_groupe[[#This Row],[Unité]]),CONCATENATE(liste_groupe[[#This Row],[Nom de l''échantillon donné par le client]],liste_groupe[[#This Row],[Dopage (+Testostérone / + EE2, ….)]]),CONCATENATE(liste_groupe[[#This Row],[Nom de l''échantillon donné par le client]],"-",liste_groupe[[#This Row],[Concentration]],liste_groupe[[#This Row],[Unité]],liste_groupe[[#This Row],[Dopage (+Testostérone / + EE2, ….)]]))) -> EE2-22.5ng/L | B8: Témoin | C8: 22.5 | D8: ng/L | E8: EE2
A9: =IF(ISBLANK(liste_groupe[[#This Row],[Code WF]])," ",IF(ISBLANK(liste_groupe[[#This Row],[Unité]]),CONCATENATE(liste_groupe[[#This Row],[Nom de l''échantillon donné par le client]],liste_groupe[[#This Row],[Dopage (+Testostérone / + EE2, ….)]]),CONCATENATE(liste_groupe[[#This Row],[Nom de l''échantillon donné par le client]],"-",liste_groupe[[#This Row],[Concentration]],liste_groupe[[#This Row],[Unité]],liste_groupe[[#This Row],[Dopage (+Testostérone / + EE2, ….)]]))) -> EE2-33.8ng/L | B9: Témoin | C9: 33.8 | D9: ng/L | E9: EE2
A10: =IF(ISBLANK(liste_groupe[[#This Row],[Code WF]])," ",IF(ISBLANK(liste_groupe[[#This Row],[Unité]]),CONCATENATE(liste_groupe[[#This Row],[Nom de l''échantillon donné par le client]],liste_groupe[[#This Row],[Dopage (+Testostérone / + EE2, ….)]]),CONCATENATE(liste_groupe[[#This Row],[Nom de l''échantillon donné par le client]],"-",liste_groupe[[#This Row],[Concentration]],liste_groupe[[#This Row],[Unité]],liste_groupe[[#This Row],[Dopage (+Testostérone / + EE2, ….)]]))) -> EE2-50.6ng/L | B10: Témoin | C10: 50.6 | D10: ng/L | E10: EE2
A11: =IF(ISBLANK(liste_groupe[[#This Row],[Code WF]])," ",IF(ISBLANK(liste_groupe[[#This Row],[Unité]]),CONCATENATE(liste_groupe[[#This Row],[Nom de l''échantillon donné par le client]],liste_groupe[[#This Row],[Dopage (+Testostérone / + EE2, ….)]]),CONCATENATE(liste_groupe[[#This Row],[Nom de l''échantillon donné par le client]],"-",liste_groupe[[#This Row],[Concentration]],liste_groupe[[#This Row],[Unité]],liste_groupe[[#This Row],[Dopage (+Testostérone / + EE2, ….)]]))) -> EE2-76ng/L | B11: Témoin | C11: 76 | D11: ng/L | E11: EE2
A12: =IF(ISBLANK(liste_groupe[[#This Row],[Code WF]])," ",IF(ISBLANK(liste_groupe[[#This Row],[Unité]]),CONCATENATE(liste_groupe[[#This Row],[Nom de l''échantillon donné par le client]],liste_groupe[[#This Row],[Dopage (+Testostérone / + EE2, ….)]]),CONCATENATE(liste_groupe[[#This Row],[Nom de l''échantillon donné par le client]],"-",liste_groupe[[#This Row],[Concentration]],liste_groupe[[#This Row],[Unité]],liste_groupe[[#This Row],[Dopage (+Testostérone / + EE2, ….)]]))) -> EE2-114ng/L | B12: Témoin | C12: 114 | D12: ng/L | E12: EE2
A13: =IF(ISBLANK(liste_groupe[[#This Row],[Code WF]])," ",IF(ISBLANK(liste_groupe[[#This Row],[Unité]]),CONCATENATE(liste_groupe[[#This Row],[Nom de l''échantillon donné par le client]],liste_groupe[[#This Row],[Dopage (+Testostérone / + EE2, ….)]]),CONCATENATE(liste_groupe[[#This Row],[Nom de l''échantillon donné par le client]],"-",liste_groupe[[#This Row],[Concentration]],liste_groupe[[#This Row],[Unité]],liste_groupe[[#This Row],[Dopage (+Testostérone / + EE2, ….)]]))) -> EE2-170.9ng/L | B13: Témoin | C13: 170.9 | D13: ng/L | E13: EE2
A14: =IF(ISBLANK(liste_groupe[[#This Row],[Code WF]])," ",IF(ISBLANK(liste_groupe[[#This Row],[Unité]]),CONCATENATE(liste_groupe[[#This Row],[Nom de l''échantillon donné par le client]],liste_groupe[[#This Row],[Dopage (+Testostérone / + EE2, ….)]]),CONCATENATE(liste_groupe[[#This Row],[Nom de l''échantillon donné par le client]],"-",liste_groupe[[#This Row],[Concentration]],liste_groupe[[#This Row],[Unité]],liste_groupe[[#This Row],[Dopage (+Testostérone / + EE2, ….)]]))) -> EE2-488ng/L | B14: Témoin | C14: 488 | D14: ng/L | E14: EE2
A15: =IF(ISBLANK(liste_groupe[[#This Row],[Code WF]])," ",IF(ISBLANK(liste_groupe[[#This Row],[Unité]]),CONCATENATE(liste_groupe[[#This Row],[Nom de l''échantillon donné par le client]],liste_groupe[[#This Row],[Dopage (+Testostérone / + EE2, ….)]]),CONCATENATE(liste_groupe[[#This Row],[Nom de l''échantillon donné par le client]],"-",liste_groupe[[#This Row],[Concentration]],liste_groupe[[#This Row],[Unité]],liste_groupe[[#This Row],[Dopage (+Testostérone / + EE2, ….)]]))) -> Testosterone-3.7µg/L | B15: Test | C15: 3.7 | D15: µg/L | E15: Testosterone
A16: =IF(ISBLANK(liste_groupe[[#This Row],[Code WF]])," ",IF(ISBLANK(liste_groupe[[#This Row],[Unité]]),CONCATENATE(liste_groupe[[#This Row],[Nom de l''échantillon donné par le client]],liste_groupe[[#This Row],[Dopage (+Testostérone / + EE2, ….)]]),CONCATENATE(liste_groupe[[#This Row],[Nom de l''échantillon donné par le client]],"-",liste_groupe[[#This Row],[Concentration]],liste_groupe[[#This Row],[Unité]],liste_groupe[[#This Row],[Dopage (+Testostérone / + EE2, ….)]]))) -> Testosterone-11µg/L | B16: Test | C16: 11 | D16: µg/L | E16: Testosterone
A17: =IF(ISBLANK(liste_groupe[[#This Row],[Code WF]])," ",IF(ISBLANK(liste_groupe[[#This Row],[Unité]]),CONCATENATE(liste_groupe[[#This Row],[Nom de l''échantillon donné par le client]],liste_groupe[[#This Row],[Dopage (+Testostérone / + EE2, ….)]]),CONCATENATE(liste_groupe[[#This Row],[Nom de l''échantillon donné par le client]],"-",liste_groupe[[#This Row],[Concentration]],liste_groupe[[#This Row],[Unité]],liste_groupe[[#This Row],[Dopage (+Testostérone / + EE2, ….)]]))) -> Testosterone-33µg/L | B17: Test | C17: 33 | D17: µg/L | E17: Testosterone
A18: =IF(ISBLANK(liste_groupe[[#This Row],[Code WF]])," ",IF(ISBLANK(liste_groupe[[#This Row],[Unité]]),CONCATENATE(liste_groupe[[#This Row],[Nom de l''échantillon donné par le client]],liste_groupe[[#This Row],[Dopage (+Testostérone / + EE2, ….)]]),CONCATENATE(liste_groupe[[#This Row],[Nom de l''échantillon donné par le client]],"-",liste_groupe[[#This Row],[Concentration]],liste_groupe[[#This Row],[Unité]],liste_groupe[[#This Row],[Dopage (+Testostérone / + EE2, ….)]]))) -> Testosterone-100µg/L | B18: Test | C18: 100 | D18: µg/L | E18: Testosterone
A19: =IF(ISBLANK(liste_groupe[[#This Row],[Code WF]])," ",IF(ISBLANK(liste_groupe[[#This Row],[Unité]]),CONCATENATE(liste_groupe[[#This Row],[Nom de l''échantillon donné par le client]],liste_groupe[[#This Row],[Dopage (+Testostérone / + EE2, ….)]]),CONCATENATE(liste_groupe[[#This Row],[Nom de l''échantillon donné par le client]],"-",liste_groupe[[#This Row],[Concentration]],liste_groupe[[#This Row],[Unité]],liste_groupe[[#This Row],[Dopage (+Testostérone / + EE2, ….)]]))) -> Testosterone-300µg/L | B19: Test | C19: 300 | D19: µg/L | E19: Testosterone
A20: =IF(ISBLANK(liste_groupe[[#This Row],[Code WF]])," ",IF(ISBLANK(liste_groupe[[#This Row],[Unité]]),CONCATENATE(liste_groupe[[#This Row],[Nom de l''échantillon donné par le client]],liste_groupe[[#This Row],[Dopage (+Testostérone / + EE2, ….)]]),CONCATENATE(liste_groupe[[#This Row],[Nom de l''échantillon donné par le client]],"-",liste_groupe[[#This Row],[Concentration]],liste_groupe[[#This Row],[Unité]],liste_groupe[[#This Row],[Dopage (+Testostérone / + EE2, ….)]])))
A21: =IF(ISBLANK(liste_groupe[[#This Row],[Code WF]])," ",IF(ISBLANK(liste_groupe[[#This Row],[Unité]]),CONCATENATE(liste_groupe[[#This Row],[Nom de l''échantillon donné par le client]],liste_groupe[[#This Row],[Dopage (+Testostérone / + EE2, ….)]]),CONCATENATE(liste_groupe[[#This Row],[Nom de l''échantillon donné par le client]],"-",liste_groupe[[#This Row],[Concentration]],liste_groupe[[#This Row],[Unité]],liste_groupe[[#This Row],[Dopage (+Testostérone / + EE2, ….)]])))
A22: =IF(ISBLANK(liste_groupe[[#This Row],[Code WF]])," ",IF(ISBLANK(liste_groupe[[#This Row],[Unité]]),CONCATENATE(liste_groupe[[#This Row],[Nom de l''échantillon donné par le client]],liste_groupe[[#This Row],[Dopage (+Testostérone / + EE2, ….)]]),CONCATENATE(liste_groupe[[#This Row],[Nom de l''échantillon donné par le client]],"-",liste_groupe[[#This Row],[Concentration]],liste_groupe[[#This Row],[Unité]],liste_groupe[[#This Row],[Dopage (+Testostérone / + EE2, ….)]])))
A23: =IF(ISBLANK(liste_groupe[[#This Row],[Code WF]])," ",IF(ISBLANK(liste_groupe[[#This Row],[Unité]]),CONCATENATE(liste_groupe[[#This Row],[Nom de l''échantillon donné par le client]],liste_groupe[[#This Row],[Dopage (+Testostérone / + EE2, ….)]]),CONCATENATE(liste_groupe[[#This Row],[Nom de l''échantillon donné par le client]],"-",liste_groupe[[#This Row],[Concentration]],liste_groupe[[#This Row],[Unité]],liste_groupe[[#This Row],[Dopage (+Testostérone / + EE2, ….)]])))
A24: =IF(ISBLANK(liste_groupe[[#This Row],[Code WF]])," ",IF(ISBLANK(liste_groupe[[#This Row],[Unité]]),CONCATENATE(liste_groupe[[#This Row],[Nom de l''échantillon donné par le client]],liste_groupe[[#This Row],[Dopage (+Testostérone / + EE2, ….)]]),CONCATENATE(liste_groupe[[#This Row],[Nom de l''échantillon donné par le client]],"-",liste_groupe[[#This Row],[Concentration]],liste_groupe[[#This Row],[Unité]],liste_groupe[[#This Row],[Dopage (+Testostérone / + EE2, ….)]])))
A25: =IF(ISBLANK(liste_groupe[[#This Row],[Code WF]])," ",IF(ISBLANK(liste_groupe[[#This Row],[Unité]]),CONCATENATE(liste_groupe[[#This Row],[Nom de l''échantillon donné par le client]],liste_groupe[[#This Row],[Dopage (+Testostérone / + EE2, ….)]]),CONCATENATE(liste_groupe[[#This Row],[Nom de l''échantillon donné par le client]],"-",liste_groupe[[#This Row],[Concentration]],liste_groupe[[#This Row],[Unité]],liste_groupe[[#This Row],[Dopage (+Testostérone / + EE2, ….)]])))
A26: =IF(ISBLANK(liste_groupe[[#This Row],[Code WF]])," ",IF(ISBLANK(liste_groupe[[#This Row],[Unité]]),CONCATENATE(liste_groupe[[#This Row],[Nom de l''échantillon donné par le client]],liste_groupe[[#This Row],[Dopage (+Testostérone / + EE2, ….)]]),CONCATENATE(liste_groupe[[#This Row],[Nom de l''échantillon donné par le client]],"-",liste_groupe[[#This Row],[Concentration]],liste_groupe[[#This Row],[Unité]],liste_groupe[[#This Row],[Dopage (+Testostérone / + EE2, ….)]])))
A27: =IF(ISBLANK(liste_groupe[[#This Row],[Code WF]])," ",IF(ISBLANK(liste_groupe[[#This Row],[Unité]]),CONCATENATE(liste_groupe[[#This Row],[Nom de l''échantillon donné par le client]],liste_groupe[[#This Row],[Dopage (+Testostérone / + EE2, ….)]]),CONCATENATE(liste_groupe[[#This Row],[Nom de l''échantillon donné par le client]],"-",liste_groupe[[#This Row],[Concentration]],liste_groupe[[#This Row],[Unité]],liste_groupe[[#This Row],[Dopage (+Testostérone / + EE2, ….)]])))
A28: =IF(ISBLANK(liste_groupe[[#This Row],[Code WF]])," ",IF(ISBLANK(liste_groupe[[#This Row],[Unité]]),CONCATENATE(liste_groupe[[#This Row],[Nom de l''échantillon donné par le client]],liste_groupe[[#This Row],[Dopage (+Testostérone / + EE2, ….)]]),CONCATENATE(liste_groupe[[#This Row],[Nom de l''échantillon donné par le client]],"-",liste_groupe[[#This Row],[Concentration]],liste_groupe[[#This Row],[Unité]],liste_groupe[[#This Row],[Dopage (+Testostérone / + EE2, ….)]])))
A29: =IF(ISBLANK(liste_groupe[[#This Row],[Code WF]])," ",IF(ISBLANK(liste_groupe[[#This Row],[Unité]]),CONCATENATE(liste_groupe[[#This Row],[Nom de l''échantillon donné par le client]],liste_groupe[[#This Row],[Dopage (+Testostérone / + EE2, ….)]]),CONCATENATE(liste_groupe[[#This Row],[Nom de l''échantillon donné par le client]],"-",liste_groupe[[#This Row],[Concentration]],liste_groupe[[#This Row],[Unité]],liste_groupe[[#This Row],[Dopage (+Testostérone / + EE2, ….)]])))
A30: =IF(ISBLANK(liste_groupe[[#This Row],[Code WF]])," ",IF(ISBLANK(liste_groupe[[#This Row],[Unité]]),CONCATENATE(liste_groupe[[#This Row],[Nom de l''échantillon donné par le client]],liste_groupe[[#This Row],[Dopage (+Testostérone / + EE2, ….)]]),CONCATENATE(liste_groupe[[#This Row],[Nom de l''échantillon donné par le client]],"-",liste_groupe[[#This Row],[Concentration]],liste_groupe[[#This Row],[Unité]],liste_groupe[[#This Row],[Dopage (+Testostérone / + EE2, ….)]])))
A31: =IF(ISBLANK(liste_groupe[[#This Row],[Code WF]])," ",IF(ISBLANK(liste_groupe[[#This Row],[Unité]]),CONCATENATE(liste_groupe[[#This Row],[Nom de l''échantillon donné par le client]],liste_groupe[[#This Row],[Dopage (+Testostérone / + EE2, ….)]]),CONCATENATE(liste_groupe[[#This Row],[Nom de l''échantillon donné par le client]],"-",liste_groupe[[#This Row],[Concentration]],liste_groupe[[#This Row],[Unité]],liste_groupe[[#This Row],[Dopage (+Testostérone / + EE2, ….)]])))
... A35: =IF(ISBLANK(liste_groupe[[#This Row],[Code WF]])," ",IF(ISBLANK(liste_groupe[[#This Row],[Unité]]),CONCATENATE(liste_groupe[[#This Row],[Nom de l''échantillon donné par le client]],liste_groupe[[#This Row],[Dopage (+Testostérone / + EE2, ….)]]),CONCATENATE(liste_groupe[[#This Row],[Nom de l''échantillon donné par le client]],"-",liste_groupe[[#This Row],[Concentration]],liste_groupe[[#This Row],[Unité]],liste_groupe[[#This Row],[Dopage (+Testostérone / + EE2, ….)]])))
A36: =IF(ISBLANK(liste_groupe[[#This Row],[Code WF]])," ",IF(ISBLANK(liste_groupe[[#This Row],[Unité]]),CONCATENATE(liste_groupe[[#This Row],[Nom de l''échantillon donné par le client]],liste_groupe[[#This Row],[Dopage (+Testostérone / + EE2, ….)]]),CONCATENATE(liste_groupe[[#This Row],[Nom de l''échantillon donné par le client]],"-",liste_groupe[[#This Row],[Concentration]],liste_groupe[[#This Row],[Unité]],liste_groupe[[#This Row],[Dopage (+Testostérone / + EE2, ….)]]))) -> Testo -30µg/L | B36: Témoin | C36: 30 | D36: µg/L | E36: Testo
A37: =IF(ISBLANK(liste_groupe[[#This Row],[Code WF]])," ",IF(ISBLANK(liste_groupe[[#This Row],[Unité]]),CONCATENATE(liste_groupe[[#This Row],[Nom de l''échantillon donné par le client]],liste_groupe[[#This Row],[Dopage (+Testostérone / + EE2, ….)]]),CONCATENATE(liste_groupe[[#This Row],[Nom de l''échantillon donné par le client]],"-",liste_groupe[[#This Row],[Concentration]],liste_groupe[[#This Row],[Unité]],liste_groupe[[#This Row],[Dopage (+Testostérone / + EE2, ….)]]))) -> Testo 30µg/L + EE2 -64ng/L | B37: Témoin | C37: 64 | D37: ng/L | E37: Testo 30µg/L + EE2
A38: =IF(ISBLANK(liste_groupe[[#This Row],[Code WF]])," ",IF(ISBLANK(liste_groupe[[#This Row],[Unité]]),CONCATENATE(liste_groupe[[#This Row],[Nom de l''échantillon donné par le client]],liste_groupe[[#This Row],[Dopage (+Testostérone / + EE2, ….)]]),CONCATENATE(liste_groupe[[#This Row],[Nom de l''échantillon donné par le client]],"-",liste_groupe[[#This Row],[Concentration]],liste_groupe[[#This Row],[Unité]],liste_groupe[[#This Row],[Dopage (+Testostérone / + EE2, ….)]]))) -> Testo 30µg/L + FAD-10µg/L | B38: Témoin | C38: 10 | D38: µg/L | E38: Testo 30µg/L + FAD
A39: =IF(ISBLANK(liste_groupe[[#This Row],[Code WF]])," ",IF(ISBLANK(liste_groupe[[#This Row],[Unité]]),CONCATENATE(liste_groupe[[#This Row],[Nom de l''échantillon donné par le client]],liste_groupe[[#This Row],[Dopage (+Testostérone / + EE2, ….)]]),CONCATENATE(liste_groupe[[#This Row],[Nom de l''échantillon donné par le client]],"-",liste_groupe[[#This Row],[Concentration]],liste_groupe[[#This Row],[Unité]],liste_groupe[[#This Row],[Dopage (+Testostérone / + EE2, ….)]]))) -> Testosterone-3.7µg/L + Testostérone | B39: =B15 -> Test | C39: =C15 -> 3.7 | D39: =D15 -> µg/L | E39: =E15 -> Testosterone | F39: + Testostérone
A40: =IF(ISBLANK(liste_groupe[[#This Row],[Code WF]])," ",IF(ISBLANK(liste_groupe[[#This Row],[Unité]]),CONCATENATE(liste_groupe[[#This Row],[Nom de l''échantillon donné par le client]],liste_groupe[[#This Row],[Dopage (+Testostérone / + EE2, ….)]]),CONCATENATE(liste_groupe[[#This Row],[Nom de l''échantillon donné par le client]],"-",liste_groupe[[#This Row],[Concentration]],liste_groupe[[#This Row],[Unité]],liste_groupe[[#This Row],[Dopage (+Testostérone / + EE2, ….)]]))) -> Testosterone-11µg/L + Testostérone | B40: =B16 -> Test | C40: =C16 -> 11 | D40: =D16 -> µg/L | E40: =E16 -> Testosterone | F40: + Testostérone
A41: =IF(ISBLANK(liste_groupe[[#This Row],[Code WF]])," ",IF(ISBLANK(liste_groupe[[#This Row],[Unité]]),CONCATENATE(liste_groupe[[#This Row],[Nom de l''échantillon donné par le client]],liste_groupe[[#This Row],[Dopage (+Testostérone / + EE2, ….)]]),CONCATENATE(liste_groupe[[#This Row],[Nom de l''échantillon donné par le client]],"-",liste_groupe[[#This Row],[Concentration]],liste_groupe[[#This Row],[Unité]],liste_groupe[[#This Row],[Dopage (+Testostérone / + EE2, ….)]]))) -> Testosterone-33µg/L + Testostérone | B41: =B17 -> Test | C41: =C17 -> 33 | D41: =D17 -> µg/L | E41: =E17 -> Testosterone | F41: + Testostérone
A42: =IF(ISBLANK(liste_groupe[[#This Row],[Code WF]])," ",IF(ISBLANK(liste_groupe[[#This Row],[Unité]]),CONCATENATE(liste_groupe[[#This Row],[Nom de l''échantillon donné par le client]],liste_groupe[[#This Row],[Dopage (+Testostérone / + EE2, ….)]]),CONCATENATE(liste_groupe[[#This Row],[Nom de l''échantillon donné par le client]],"-",liste_groupe[[#This Row],[Concentration]],liste_groupe[[#This Row],[Unité]],liste_groupe[[#This Row],[Dopage (+Testostérone / + EE2, ….)]]))) -> Testosterone-100µg/L + Testostérone | B42: =B18 -> Test | C42: =C18 -> 100 | D42: =D18 -> µg/L | E42: =E18 -> Testosterone | F42: + Testostérone
A43: =IF(ISBLANK(liste_groupe[[#This Row],[Code WF]])," ",IF(ISBLANK(liste_groupe[[#This Row],[Unité]]),CONCATENATE(liste_groupe[[#This Row],[Nom de l''échantillon donné par le client]],liste_groupe[[#This Row],[Dopage (+Testostérone / + EE2, ….)]]),CONCATENATE(liste_groupe[[#This Row],[Nom de l''échantillon donné par le client]],"-",liste_groupe[[#This Row],[Concentration]],liste_groupe[[#This Row],[Unité]],liste_groupe[[#This Row],[Dopage (+Testostérone / + EE2, ….)]]))) -> Testosterone-300µg/L + Testostérone | B43: =B19 -> Test | C43: =C19 -> 300 | D43: =D19 -> µg/L | E43: =E19 -> Testosterone | F43: + Testostérone
A44: =IF(ISBLANK(liste_groupe[[#This Row],[Code WF]])," ",IF(ISBLANK(liste_groupe[[#This Row],[Unité]]),CONCATENATE(liste_groupe[[#This Row],[Nom de l''échantillon donné par le client]],liste_groupe[[#This Row],[Dopage (+Testostérone / + EE2, ….)]]),CONCATENATE(liste_groupe[[#This Row],[Nom de l''échantillon donné par le client]],"-",liste_groupe[[#This Row],[Concentration]],liste_groupe[[#This Row],[Unité]],liste_groupe[[#This Row],[Dopage (+Testostérone / + EE2, ….)]]))) -> 0-00 + Testostérone | B44: =B20 -> 0 | C44: =C20 -> 0 | D44: =D20 -> 0 | E44: =E20 -> 0 | F44: + Testostérone
A45: =IF(ISBLANK(liste_groupe[[#This Row],[Code WF]])," ",IF(ISBLANK(liste_groupe[[#This Row],[Unité]]),CONCATENATE(liste_groupe[[#This Row],[Nom de l''échantillon donné par le client]],liste_groupe[[#This Row],[Dopage (+Testostérone / + EE2, ….)]]),CONCATENATE(liste_groupe[[#This Row],[Nom de l''échantillon donné par le client]],"-",liste_groupe[[#This Row],[Concentration]],liste_groupe[[#This Row],[Unité]],liste_groupe[[#This Row],[Dopage (+Testostérone / + EE2, ….)]]))) -> 0-00 + Testostérone | B45: =B21 -> 0 | C45: =C21 -> 0 | D45: =D21 -> 0 | E45: =E21 -> 0 | F45: + Testostérone
A46: =IF(ISBLANK(liste_groupe[[#This Row],[Code WF]])," ",IF(ISBLANK(liste_groupe[[#This Row],[Unité]]),CONCATENATE(liste_groupe[[#This Row],[Nom de l''échantillon donné par le client]],liste_groupe[[#This Row],[Dopage (+Testostérone / + EE2, ….)]]),CONCATENATE(liste_groupe[[#This Row],[Nom de l''échantillon donné par le client]],"-",liste_groupe[[#This Row],[Concentration]],liste_groupe[[#This Row],[Unité]],liste_groupe[[#This Row],[Dopage (+Testostérone / + EE2, ….)]]))) -> 0-00 + Testostérone | B46: =B22 -> 0 | C46: =C22 -> 0 | D46: =D22 -> 0 | E46: =E22 -> 0 | F46: + Testostérone
A47: =IF(ISBLANK(liste_groupe[[#This Row],[Code WF]])," ",IF(ISBLANK(liste_groupe[[#This Row],[Unité]]),CONCATENATE(liste_groupe[[#This Row],[Nom de l''échantillon donné par le client]],liste_groupe[[#This Row],[Dopage (+Testostérone / + EE2, ….)]]),CONCATENATE(liste_groupe[[#This Row],[Nom de l''échantillon donné par le client]],"-",liste_groupe[[#This Row],[Concentration]],liste_groupe[[#This Row],[Unité]],liste_groupe[[#This Row],[Dopage (+Testostérone / + EE2, ….)]]))) -> 0-00 + Testostérone | B47: =B23 -> 0 | C47: =C23 -> 0 | D47: =D23 -> 0 | E47: =E23 -> 0 | F47: + Testostérone
A48: =IF(ISBLANK(liste_groupe[[#This Row],[Code WF]])," ",IF(ISBLANK(liste_groupe[[#This Row],[Unité]]),CONCATENATE(liste_groupe[[#This Row],[Nom de l''échantillon donné par le client]],liste_groupe[[#This Row],[Dopage (+Testostérone / + EE2, ….)]]),CONCATENATE(liste_groupe[[#This Row],[Nom de l''échantillon donné par le client]],"-",liste_groupe[[#This Row],[Concentration]],liste_groupe[[#This Row],[Unité]],liste_groupe[[#This Row],[Dopage (+Testostérone / + EE2, ….)]]))) -> 0-00 + Testostérone | B48: =B24 -> 0 | C48: =C24 -> 0 | D48: =D24 -> 0 | E48: =E24 -> 0 | F48: + Testostérone
A49: =IF(ISBLANK(liste_groupe[[#This Row],[Code WF]])," ",IF(ISBLANK(liste_groupe[[#This Row],[Unité]]),CONCATENATE(liste_groupe[[#This Row],[Nom de l''échantillon donné par le client]],liste_groupe[[#This Row],[Dopage (+Testostérone / + EE2, ….)]]),CONCATENATE(liste_groupe[[#This Row],[Nom de l''échantillon donné par le client]],"-",liste_groupe[[#This Row],[Concentration]],liste_groupe[[#This Row],[Unité]],liste_groupe[[#This Row],[Dopage (+Testostérone / + EE2, ….)]]))) -> 0-00 + Testostérone | B49: =B25 -> 0 | C49: =C25 -> 0 | D49: =D25 -> 0 | E49: =E25 -> 0 | F49: + Testostérone
A50: =IF(ISBLANK(liste_groupe[[#This Row],[Code WF]])," ",IF(ISBLANK(liste_groupe[[#This Row],[Unité]]),CONCATENATE(liste_groupe[[#This Row],[Nom de l''échantillon donné par le client]],liste_groupe[[#This Row],[Dopage (+Testostérone / + EE2, ….)]]),CONCATENATE(liste_groupe[[#This Row],[Nom de l''échantillon donné par le client]],"-",liste_groupe[[#This Row],[Concentration]],liste_groupe[[#This Row],[Unité]],liste_groupe[[#This Row],[Dopage (+Testostérone / + EE2, ….)]]))) -> 0-00 + Testostérone | B50: =B26 -> 0 | C50: =C26 -> 0 | D50: =D26 -> 0 | E50: =E26 -> 0 | F50: + Testostérone
... A58: =IF(ISBLANK(liste_groupe[[#This Row],[Code WF]])," ",IF(ISBLANK(liste_groupe[[#This Row],[Unité]]),CONCATENATE(liste_groupe[[#This Row],[Nom de l''échantillon donné par le client]],liste_groupe[[#This Row],[Dopage (+Testostérone / + EE2, ….)]]),CONCATENATE(liste_groupe[[#This Row],[Nom de l''échantillon donné par le client]],"-",liste_groupe[[#This Row],[Concentration]],liste_groupe[[#This Row],[Unité]],liste_groupe[[#This Row],[Dopage (+Testostérone / + EE2, ….)]]))) -> 0-00 + Testostérone | B58: =B34 -> 0 | C58: =C34 -> 0 | D58: =D34 -> 0 | E58: =E34 -> 0 | F58: + Testostérone

Sheet Feuil1
A1: Nom groupe | B1: N° de valeur | C1: file name | D1: total area | E1: mean intensity | G1: total fluorescence | I1: nbre de larves
A2: 01 EE2 0 | B2: A | C2: C:\Users\Olympus\Desktop\20190122\plaque1/@01 EE2 0/A1_1.tif | D2: 4931.616 | E2: 73.0526 | G2: 360268
A3: 01 EE2 0 | B3: A | C3: C:\Users\Olympus\Desktop\20190122\plaque1/@01 EE2 0/A1_2.tif | D3: 5234.4345 | E3: 71.1281 | G3: 372315
A4: 01 EE2 0 | B4: A | C4: C:\Users\Olympus\Desktop\20190122\plaque1/@01 EE2 0/A1_3.tif | D4: 3547.3027 | E4: 66.9878 | G4: 237626
A5: 01 EE2 0 | B5: A | C5: C:\Users\Olympus\Desktop\20190122\plaque3/@01 EE2 0/A1_3.tif | D5: 21456.8555 | E5: 67.0655 | G5: 1439015
A6: 01 EE2 0 | B6: A | C6: C:\Users\Olympus\Desktop\20190122\plaque3/@01 EE2 0/A1_2.tif | D6: 21586.6348 | E6: 66.4108 | G6: 1433586
A7: 01 EE2 0 | B7: A | C7: C:\Users\Olympus\Desktop\20190122\plaque3/@01 EE2 0/A1_1.tif | D7: 15984.4921 | E7: 69.7767 | G7: 1115346

Sheet Raw data R1
A1: Nom groupe | B1: N° de valeur | C1: file name | D1: total area | E1: mean intensity | G1: total fluorescence | I1: nbre de larves | L1: (Tous)
A2: =IFERROR(LEFT(RIGHT(C2,LEN(C2)-SEARCH("@",C2)),SEARCH("/",RIGHT(C2,LEN(C2)-SEARCH("@",C2)-1))),"") | B2: =LEFT(RIGHT(RIGHT(Tableau4[[#This Row],[file name]],LEN(Tableau4[[#This Row],[file name]])-SEARCH("@",Tableau4[[#This Row],[file name]])),LEN(RIGHT(Tableau4[[#This Row],[file name]],LEN(Tableau4[[#This Row],[file name]])-SEARCH("@",Tableau4[[#This Row],[file name]])))-SEARCH("/",RIGHT(Tableau4[[#This Row],[file name]],LEN(Tableau4[[#This Row],[file name]])-SEARCH("@",Tableau4[[#This Row],[file name]])))),1) -> #VALUE! | K2: Filtre lignes : Enlever (vide) et Néant | L2: Filtre colonnes : Enlever (vide) et " "
A3: =IFERROR(LEFT(RIGHT(C3,LEN(C3)-SEARCH("@",C3)),SEARCH("/",RIGHT(C3,LEN(C3)-SEARCH("@",C3)-1))),"") | B3: =LEFT(RIGHT(RIGHT(Tableau4[[#This Row],[file name]],LEN(Tableau4[[#This Row],[file name]])-SEARCH("@",Tableau4[[#This Row],[file name]])),LEN(RIGHT(Tableau4[[#This Row],[file name]],LEN(Tableau4[[#This Row],[file name]])-SEARCH("@",Tableau4[[#This Row],[file name]])))-SEARCH("/",RIGHT(Tableau4[[#This Row],[file name]],LEN(Tableau4[[#This Row],[file name]])-SEARCH("@",Tableau4[[#This Row],[file name]])))),1) -> #VALUE! | K3: Moyenne de total fluorescence | L3: Étiquettes de colonnes
A4: =IFERROR(LEFT(RIGHT(C4,LEN(C4)-SEARCH("@",C4)),SEARCH("/",RIGHT(C4,LEN(C4)-SEARCH("@",C4)-1))),"") | B4: =LEFT(RIGHT(RIGHT(Tableau4[[#This Row],[file name]],LEN(Tableau4[[#This Row],[file name]])-SEARCH("@",Tableau4[[#This Row],[file name]])),LEN(RIGHT(Tableau4[[#This Row],[file name]],LEN(Tableau4[[#This Row],[file name]])-SEARCH("@",Tableau4[[#This Row],[file name]])))-SEARCH("/",RIGHT(Tableau4[[#This Row],[file name]],LEN(Tableau4[[#This Row],[file name]])-SEARCH("@",Tableau4[[#This Row],[file name]])))),1) -> #VALUE! | K4: Étiquettes de lignes
A5: =IFERROR(LEFT(RIGHT(C5,LEN(C5)-SEARCH("@",C5)),SEARCH("/",RIGHT(C5,LEN(C5)-SEARCH("@",C5)-1))),"") | B5: =LEFT(RIGHT(RIGHT(Tableau4[[#This Row],[file name]],LEN(Tableau4[[#This Row],[file name]])-SEARCH("@",Tableau4[[#This Row],[file name]])),LEN(RIGHT(Tableau4[[#This Row],[file name]],LEN(Tableau4[[#This Row],[file name]])-SEARCH("@",Tableau4[[#This Row],[file name]])))-SEARCH("/",RIGHT(Tableau4[[#This Row],[file name]],LEN(Tableau4[[#This Row],[file name]])-SEARCH("@",Tableau4[[#This Row],[file name]])))),1) -> #VALUE! | K5: #VALEUR!
A6: =IFERROR(LEFT(RIGHT(C6,LEN(C6)-SEARCH("@",C6)),SEARCH("/",RIGHT(C6,LEN(C6)-SEARCH("@",C6)-1))),"") | B6: =LEFT(RIGHT(RIGHT(Tableau4[[#This Row],[file name]],LEN(Tableau4[[#This Row],[file name]])-SEARCH("@",Tableau4[[#This Row],[file name]])),LEN(RIGHT(Tableau4[[#This Row],[file name]],LEN(Tableau4[[#This Row],[file name]])-SEARCH("@",Tableau4[[#This Row],[file name]])))-SEARCH("/",RIGHT(Tableau4[[#This Row],[file name]],LEN(Tableau4[[#This Row],[file name]])-SEARCH("@",Tableau4[[#This Row],[file name]])))),1) -> #VALUE!
A7: =IFERROR(LEFT(RIGHT(C7,LEN(C7)-SEARCH("@",C7)),SEARCH("/",RIGHT(C7,LEN(C7)-SEARCH("@",C7)-1))),"") | B7: =LEFT(RIGHT(RIGHT(Tableau4[[#This Row],[file name]],LEN(Tableau4[[#This Row],[file name]])-SEARCH("@",Tableau4[[#This Row],[file name]])),LEN(RIGHT(Tableau4[[#This Row],[file name]],LEN(Tableau4[[#This Row],[file name]])-SEARCH("@",Tableau4[[#This Row],[file name]])))-SEARCH("/",RIGHT(Tableau4[[#This Row],[file name]],LEN(Tableau4[[#This Row],[file name]])-SEARCH("@",Tableau4[[#This Row],[file name]])))),1) -> #VALUE!
A8: =IFERROR(LEFT(RIGHT(C8,LEN(C8)-SEARCH("@",C8)),SEARCH("/",RIGHT(C8,LEN(C8)-SEARCH("@",C8)-1))),"") | B8: =LEFT(RIGHT(RIGHT(Tableau4[[#This Row],[file name]],LEN(Tableau4[[#This Row],[file name]])-SEARCH("@",Tableau4[[#This Row],[file name]])),LEN(RIGHT(Tableau4[[#This Row],[file name]],LEN(Tableau4[[#This Row],[file name]])-SEARCH("@",Tableau4[[#This Row],[file name]])))-SEARCH("/",RIGHT(Tableau4[[#This Row],[file name]],LEN(Tableau4[[#This Row],[file name]])-SEARCH("@",Tableau4[[#This Row],[file name]])))),1) -> #VALUE!
A9: =IFERROR(LEFT(RIGHT(C9,LEN(C9)-SEARCH("@",C9)),SEARCH("/",RIGHT(C9,LEN(C9)-SEARCH("@",C9)-1))),"") | B9: =LEFT(RIGHT(RIGHT(Tableau4[[#This Row],[file name]],LEN(Tableau4[[#This Row],[file name]])-SEARCH("@",Tableau4[[#This Row],[file name]])),LEN(RIGHT(Tableau4[[#This Row],[file name]],LEN(Tableau4[[#This Row],[file name]])-SEARCH("@",Tableau4[[#This Row],[file name]])))-SEARCH("/",RIGHT(Tableau4[[#This Row],[file name]],LEN(Tableau4[[#This Row],[file name]])-SEARCH("@",Tableau4[[#This Row],[file name]])))),1) -> #VALUE!
A10: =IFERROR(LEFT(RIGHT(C10,LEN(C10)-SEARCH("@",C10)),SEARCH("/",RIGHT(C10,LEN(C10)-SEARCH("@",C10)-1))),"") | B10: =LEFT(RIGHT(RIGHT(Tableau4[[#This Row],[file name]],LEN(Tableau4[[#This Row],[file name]])-SEARCH("@",Tableau4[[#This Row],[file name]])),LEN(RIGHT(Tableau4[[#This Row],[file name]],LEN(Tableau4[[#This Row],[file name]])-SEARCH("@",Tableau4[[#This Row],[file name]])))-SEARCH("/",RIGHT(Tableau4[[#This Row],[file name]],LEN(Tableau4[[#This Row],[file name]])-SEARCH("@",Tableau4[[#This Row],[file name]])))),1) -> #VALUE!
A11: =IFERROR(LEFT(RIGHT(C11,LEN(C11)-SEARCH("@",C11)),SEARCH("/",RIGHT(C11,LEN(C11)-SEARCH("@",C11)-1))),"") | B11: =LEFT(RIGHT(RIGHT(Tableau4[[#This Row],[file name]],LEN(Tableau4[[#This Row],[file name]])-SEARCH("@",Tableau4[[#This Row],[file name]])),LEN(RIGHT(Tableau4[[#This Row],[file name]],LEN(Tableau4[[#This Row],[file name]])-SEARCH("@",Tableau4[[#This Row],[file name]])))-SEARCH("/",RIGHT(Tableau4[[#This Row],[file name]],LEN(Tableau4[[#This Row],[file name]])-SEARCH("@",Tableau4[[#This Row],[file name]])))),1) -> #VALUE!
A12: =IFERROR(LEFT(RIGHT(C12,LEN(C12)-SEARCH("@",C12)),SEARCH("/",RIGHT(C12,LEN(C12)-SEARCH("@",C12)-1))),"") | B12: =LEFT(RIGHT(RIGHT(Tableau4[[#This Row],[file name]],LEN(Tableau4[[#This Row],[file name]])-SEARCH("@",Tableau4[[#This Row],[file name]])),LEN(RIGHT(Tableau4[[#This Row],[file name]],LEN(Tableau4[[#This Row],[file name]])-SEARCH("@",Tableau4[[#This Row],[file name]])))-SEARCH("/",RIGHT(Tableau4[[#This Row],[file name]],LEN(Tableau4[[#This Row],[file name]])-SEARCH("@",Tableau4[[#This Row],[file name]])))),1) -> #VALUE!
A13: =IFERROR(LEFT(RIGHT(C13,LEN(C13)-SEARCH("@",C13)),SEARCH("/",RIGHT(C13,LEN(C13)-SEARCH("@",C13)-1))),"") | B13: =LEFT(RIGHT(RIGHT(Tableau4[[#This Row],[file name]],LEN(Tableau4[[#This Row],[file name]])-SEARCH("@",Tableau4[[#This Row],[file name]])),LEN(RIGHT(Tableau4[[#This Row],[file name]],LEN(Tableau4[[#This Row],[file name]])-SEARCH("@",Tableau4[[#This Row],[file name]])))-SEARCH("/",RIGHT(Tableau4[[#This Row],[file name]],LEN(Tableau4[[#This Row],[file name]])-SEARCH("@",Tableau4[[#This Row],[file name]])))),1) -> #VALUE!
A14: =IFERROR(LEFT(RIGHT(C14,LEN(C14)-SEARCH("@",C14)),SEARCH("/",RIGHT(C14,LEN(C14)-SEARCH("@",C14)-1))),"") | B14: =LEFT(RIGHT(RIGHT(Tableau4[[#This Row],[file name]],LEN(Tableau4[[#This Row],[file name]])-SEARCH("@",Tableau4[[#This Row],[file name]])),LEN(RIGHT(Tableau4[[#This Row],[file name]],LEN(Tableau4[[#This Row],[file name]])-SEARCH("@",Tableau4[[#This Row],[file name]])))-SEARCH("/",RIGHT(Tableau4[[#This Row],[file name]],LEN(Tableau4[[#This Row],[file name]])-SEARCH("@",Tableau4[[#This Row],[file name]])))),1) -> #VALUE!
A15: =IFERROR(LEFT(RIGHT(C15,LEN(C15)-SEARCH("@",C15)),SEARCH("/",RIGHT(C15,LEN(C15)-SEARCH("@",C15)-1))),"") | B15: =LEFT(RIGHT(RIGHT(Tableau4[[#This Row],[file name]],LEN(Tableau4[[#This Row],[file name]])-SEARCH("@",Tableau4[[#This Row],[file name]])),LEN(RIGHT(Tableau4[[#This Row],[file name]],LEN(Tableau4[[#This Row],[file name]])-SEARCH("@",Tableau4[[#This Row],[file name]])))-SEARCH("/",RIGHT(Tableau4[[#This Row],[file name]],LEN(Tableau4[[#This Row],[file name]])-SEARCH("@",Tableau4[[#This Row],[file name]])))),1) -> #VALUE!
A16: =IFERROR(LEFT(RIGHT(C16,LEN(C16)-SEARCH("@",C16)),SEARCH("/",RIGHT(C16,LEN(C16)-SEARCH("@",C16)-1))),"") | B16: =LEFT(RIGHT(RIGHT(Tableau4[[#This Row],[file name]],LEN(Tableau4[[#This Row],[file name]])-SEARCH("@",Tableau4[[#This Row],[file name]])),LEN(RIGHT(Tableau4[[#This Row],[file name]],LEN(Tableau4[[#This Row],[file name]])-SEARCH("@",Tableau4[[#This Row],[file name]])))-SEARCH("/",RIGHT(Tableau4[[#This Row],[file name]],LEN(Tableau4[[#This Row],[file name]])-SEARCH("@",Tableau4[[#This Row],[file name]])))),1) -> #VALUE!
A17: =IFERROR(LEFT(RIGHT(C17,LEN(C17)-SEARCH("@",C17)),SEARCH("/",RIGHT(C17,LEN(C17)-SEARCH("@",C17)-1))),"") | B17: =LEFT(RIGHT(RIGHT(Tableau4[[#This Row],[file name]],LEN(Tableau4[[#This Row],[file name]])-SEARCH("@",Tableau4[[#This Row],[file name]])),LEN(RIGHT(Tableau4[[#This Row],[file name]],LEN(Tableau4[[#This Row],[file name]])-SEARCH("@",Tableau4[[#This Row],[file name]])))-SEARCH("/",RIGHT(Tableau4[[#This Row],[file name]],LEN(Tableau4[[#This Row],[file name]])-SEARCH("@",Tableau4[[#This Row],[file name]])))),1) -> #VALUE!
... A1557: =IFERROR(LEFT(RIGHT(C1557,LEN(C1557)-SEARCH("@",C1557)),SEARCH("/",RIGHT(C1557,LEN(C1557)-SEARCH("@",C1557)-1))),"") | B1557: =LEFT(RIGHT(RIGHT(Tableau4[[#This Row],[file name]],LEN(Tableau4[[#This Row],[file name]])-SEARCH("@",Tableau4[[#This Row],[file name]])),LEN(RIGHT(Tableau4[[#This Row],[file name]],LEN(Tableau4[[#This Row],[file name]])-SEARCH("@",Tableau4[[#This Row],[file name]])))-SEARCH("/",RIGHT(Tableau4[[#This Row],[file name]],LEN(Tableau4[[#This Row],[file name]])-SEARCH("@",Tableau4[[#This Row],[file name]])))),1) -> #VALUE!

Sheet R1
A1: 3. Expérimentateur 1 : copier et coller les valeurs des intensités totales de fluorescences obtenues dans le fichier raw data lors du traitement des images.
A3: R1 | B3: Non dopé | O3: avec testo
A4: Noms des groupes | B4: ='Page de garde'!A7 -> Témoin solvant | C4: ='Page de garde'!A9 -> EE2-33.8ng/L | D4: ='Page de garde'!A10 -> EE2-50.6ng/L | E4: ='Page de garde'!A11 -> EE2-76ng/L | F4: ='Page de garde'!A12 -> EE2-114ng/L | G4: ='Page de garde'!A13 -> EE2-170.9ng/L | H4: ='Page de garde'!A14 -> EE2-488ng/L | I4: ='Page de garde'!A15 -> Testosterone-3.7µg/L | J4: ='Page de garde'!A16 -> Testosterone-11µg/L | K4: ='Page de garde'!A17 -> Testosterone-33µg/L | L4: ='Page de garde'!A18 -> Testosterone-100µg/L | M4: ='Page de garde'!A19 -> Testosterone-300µg/L | O4: ='Page de garde'!A36 -> Testo -30µg/L | P4: ='Page de garde'!A37 -> Testo 30µg/L + EE2 -64ng/L | Q4: ='Page de garde'!A38 -> Testo 30µg/L + FAD-10µg/L | R4: ='Page de garde'!A39 -> Testosterone-3.7µg/L + Testostérone | S4: ='Page de garde'!A40 -> Testosterone-11µg/L + Testostérone | T4: ='Page de garde'!A41 -> Testosterone-33µg/L + Testostérone | U4: ='Page de garde'!A42 -> Testosterone-100µg/L + Testostérone | V4: ='Page de garde'!A43 -> Testosterone-300µg/L + Testostérone
A5: Données brutes | B5: 17374 | C5: 189468 | D5: 176613 | E5: 1286129 | F5: 864092 | G5: 6792474 | H5: 10942530 | I5: 40199 | J5: 444208 | K5: 5327003 | L5: 5349343 | M5: 10312573 | O5: 773933 | P5: 8825798 | Q5: 31019 | R5: 2489673 | S5: 1350543 | T5: 4896033 | U5: 1132463 | V5: 4894270
B6: 20947 | C6: 84617 | D6: 2742777 | E6: 1751175 | F6: 1650416 | G6: 4154047 | H6: 13853079 | I6: 1025236 | J6: 98601 | K6: 3082026 | L6: 6955081 | M6: 7295619 | O6: 406614 | P6: 5374976 | Q6: 13952 | R6: 3106291 | S6: 1073230 | T6: 3698377 | U6: 187598 | V6: 5870799
B7: 30810 | C7: 234889 | D7: 300649 | E7: 2425512 | F7: 8198043 | G7: 133239 | H7: 8380928 | I7: 159231 | J7: 205920 | K7: 281778 | L7: 3024790 | M7: 6139778 | O7: 129203 | P7: 10375356 | Q7: 92407 | R7: 1786438 | S7: 12604 | T7: 4891481 | U7: 2778292 | V7: 5475924
B8: 22392 | C8: 63231 | D8: 306782 | E8: 1031228 | F8: 4418159 | G8: 3734949 | H8: 10250432 | I8: 170298 | J8: 398472 | K8: 2351056 | L8: 5744424 | M8: 4811739 | O8: 635652 | P8: 2403596 | Q8: 72694 | R8: 322540 | S8: 1170923 | T8: 2168116 | U8: 5010261 | V8: 5172007
B9: 1511 | C9: 437352 | D9: 412966 | E9: 2719942 | F9: 2135639 | G9: 8110171 | H9: 8541636 | I9: 55990 | J9: 71952 | K9: 330504 | L9: 4023424 | M9: 4304565 | O9: 1651235 | P9: 8572502 | Q9: 60618 | R9: 2485145 | S9: 734722 | T9: 1455097 | U9: 4212149 | V9: 2338200
B10: 13818 | C10: 100682 | D10: 239493 | E10: 131404 | F10: 15382011 | G10: 16294656 | H10: 16067774 | I10: 684146 | J10: 51304 | K10: 477304 | L10: 7157800 | M10: 3615546 | O10: 124184 | P10: 2167242 | Q10: 35268 | R10: 495774 | S10: 247023 | T10: 2612 | U10: 3318559 | V10: 7072356
B11: 289405 | C11: 25908 | D11: 3381637 | E11: 660693 | F11: 5689978 | G11: 1071942 | H11: 3424252 | I11: 911960 | J11: 127971 | K11: 507455 | L11: 2436494 | M11: 1811868 | O11: 1546961 | P11: 6124968 | Q11: 61325 | R11: 3397081 | S11: 1473565 | T11: 1146256 | U11: 4736679 | V11: 5264680
B12: 157177 | C12: 80744 | D12: 3915144 | E12: 2137158 | G12: 6463121 | H12: 11916667 | I12: 47242 | J12: 273332 | K12: 2545975 | L12: 3483109 | M12: 4515192 | O12: 47156 | P12: 5974837 | Q12: 127730 | R12: 1492479 | S12: 999544 | T12: 2223078 | U12: 5898725 | V12: 6292551
O13: 423047
O14: 19608
O15: 478755
O16: 409158
O17: 2143140
O18: 9659
O19: 173567
O20: 833028
A22: =A4 -> Noms des groupes | B22: =B4 -> Témoin solvant | C22: =C4 -> EE2-33.8ng/L | D22: =D4 -> EE2-50.6ng/L | E22: =E4 -> EE2-76ng/L | F22: =F4 -> EE2-114ng/L | G22: =G4 -> EE2-170.9ng/L | H22: =H4 -> EE2-488ng/L | ... M22: =M4 -> Testosterone-300µg/L | N22: Nom des groupes | O22: =O4 -> Testo -30µg/L | P22: =P4 -> Testo 30µg/L + EE2 -64ng/L | Q22: =Q4 -> Testo 30µg/L + FAD-10µg/L | R22: =R4 -> Testosterone-3.7µg/L + Testostérone | S22: =S4 -> Testosterone-11µg/L + Testostérone | T22: =T4 -> Testosterone-33µg/L + Testostérone | U22: =U4 -> Testosterone-100µg/L + Testostérone | V22: =V4 -> Testosterone-300µg/L + Testostérone
A23: mean | B23: =AVERAGE(B5:B20) -> 69179.25 | C23: =AVERAGE(C5:C20) -> 152111.38 | D23: =AVERAGE(D5:D20) -> 1434507.6 | E23: =AVERAGE(E5:E20) -> 1517905.1 | F23: =AVERAGE(F5:F20) -> 5476905.4 | G23: =AVERAGE(G5:G20) -> 5844324.9 | H23: =AVERAGE(H5:H20) -> 10422162 | I23: =AVERAGE(I5:I20) -> 386787.75 | ... M23: =AVERAGE(M5:M20) -> 5350860 | N23: mean | O23: =AVERAGE(O5:O20) -> 612806.25 | P23: =AVERAGE(P5:P20) -> 6227409.4 | Q23: =AVERAGE(Q5:Q20) -> 61876.625 | R23: =AVERAGE(R5:R20) -> 1946927.6 | S23: =AVERAGE(S5:S20) -> 882769.25 | T23: =AVERAGE(T5:T20) -> 2560131.2 | U23: =AVERAGE(U5:U20) -> 3409340.8 | V23: =AVERAGE(V5:V20) -> 5297598.4
A24: SD | B24: =STDEV(B5:B20) -> 101810.91 | C24: =STDEV(C5:C20) -> 134020.6 | D24: =STDEV(D5:D20) -> 1615449.7 | E24: =STDEV(E5:E20) -> 898753.47 | F24: =STDEV(F5:F20) -> 5062380.5 | G24: =STDEV(G5:G20) -> 5047262.6 | H24: =STDEV(H5:H20) -> 3833158 | I24: =STDEV(I5:I20) -> 416676.67 | ... M24: =STDEV(M5:M20) -> 2581322.5 | N24: SD | O24: =STDEV(O5:O20) -> 643274.65 | P24: =STDEV(P5:P20) -> 2960791 | Q24: =STDEV(Q5:Q20) -> 36536.98 | R24: =STDEV(R5:R20) -> 1134402.4 | S24: =STDEV(S5:S20) -> 518800.12 | T24: =STDEV(T5:T20) -> 1781474.6 | U24: =STDEV(U5:U20) -> 1968921.7 | V24: =STDEV(V5:V20) -> 1385518.1
B26: Non dopé | O26: avec testo
A27: Noms des groupes | B27: =B4 -> Témoin solvant | C27: =C4 -> EE2-33.8ng/L | D27: =D4 -> EE2-50.6ng/L | E27: =E4 -> EE2-76ng/L | F27: =F4 -> EE2-114ng/L | G27: =G4 -> EE2-170.9ng/L | H27: =H4 -> EE2-488ng/L | I27: =I4 -> Testosterone-3.7µg/L | ... M27: =M4 -> Testosterone-300µg/L | O27: =O4 -> Testo -30µg/L | P27: =P4 -> Testo 30µg/L + EE2 -64ng/L | Q27: =Q4 -> Testo 30µg/L + FAD-10µg/L | R27: =R4 -> Testosterone-3.7µg/L + Testostérone | S27: =S4 -> Testosterone-11µg/L + Testostérone | T27: =T4 -> Testosterone-33µg/L + Testostérone | U27: =U4 -> Testosterone-100µg/L + Testostérone | V27: =V4 -> Testosterone-300µg/L + Testostérone
A28: Données normalisées sur la moyenne du groupe "Testo" | B28: =IF(B5="","",(B5/$O$23)) -> 0.028351539 | C28: =IF(C5="","",(C5/$O$23)) -> 0.30918092 | D28: =IF(D5="","",(D5/$O$23)) -> 0.28820365 | E28: =IF(E5="","",(E5/$O$23)) -> 2.0987531 | F28: =IF(F5="","",(F5/$O$23)) -> 1.4100574 | G28: =IF(G5="","",(G5/$O$23)) -> 11.084211 | H28: =IF(H5="","",(H5/$O$23)) -> 17.856427 | I28: =IF(I5="","",(I5/$O$23)) -> 0.065598221 | ... M28: =IF(M5="","",(M5/$O$23)) -> 16.82844 | O28: =IF(O5="","",(O5/$O$23)) -> 1.2629326 | P28: =IF(P5="","",(P5/$O$23)) -> 14.402265 | Q28: =IF(Q5="","",(Q5/$O$23)) -> 0.050617956 | R28: =IF(R5="","",(R5/$O$23)) -> 4.0627409 | S28: =IF(S5="","",(S5/$O$23)) -> 2.2038662 | T28: =IF(T5="","",(T5/$O$23)) -> 7.9895285 | U28: =IF(U5="","",(U5/$O$23)) -> 1.8479952 | V28: =IF(V5="","",(V5/$O$23)) -> 7.9866516
B29: =IF(B6="","",(B6/$O$23)) -> 0.034182093 | C29: =IF(C6="","",(C6/$O$23)) -> 0.13808116 | D29: =IF(D6="","",(D6/$O$23)) -> 4.4757654 | E29: =IF(E6="","",(E6/$O$23)) -> 2.8576324 | F29: =IF(F6="","",(F6/$O$23)) -> 2.6932101 | G29: =IF(G6="","",(G6/$O$23)) -> 6.7787282 | H29: =IF(H6="","",(H6/$O$23)) -> 22.605969 | I29: =IF(I6="","",(I6/$O$23)) -> 1.6730182 | ... M29: =IF(M6="","",(M6/$O$23)) -> 11.905262 | O29: =IF(O6="","",(O6/$O$23)) -> 0.66352783 | P29: =IF(P6="","",(P6/$O$23)) -> 8.7710855 | Q29: =IF(Q6="","",(Q6/$O$23)) -> 0.022767392 | R29: =IF(R6="","",(R6/$O$23)) -> 5.068961 | S29: =IF(S6="","",(S6/$O$23)) -> 1.7513366 | T29: =IF(T6="","",(T6/$O$23)) -> 6.035149 | U29: =IF(U6="","",(U6/$O$23)) -> 0.30612938 | V29: =IF(V6="","",(V6/$O$23)) -> 9.5801879
B30: =IF(B7="","",(B7/$O$23)) -> 0.050276902 | C30: =IF(C7="","",(C7/$O$23)) -> 0.38330059 | D30: =IF(D7="","",(D7/$O$23)) -> 0.49061021 | E30: =IF(E7="","",(E7/$O$23)) -> 3.9580406 | F30: =IF(F7="","",(F7/$O$23)) -> 13.377871 | G30: =IF(G7="","",(G7/$O$23)) -> 0.21742435 | H30: =IF(H7="","",(H7/$O$23)) -> 13.67631 | I30: =IF(I7="","",(I7/$O$23)) -> 0.25983906 | ... M30: =IF(M7="","",(M7/$O$23)) -> 10.019118 | O30: =IF(O7="","",(O7/$O$23)) -> 0.21083825 | P30: =IF(P7="","",(P7/$O$23)) -> 16.930891 | Q30: =IF(Q7="","",(Q7/$O$23)) -> 0.15079317 | R30: =IF(R7="","",(R7/$O$23)) -> 2.9151759 | S30: =IF(S7="","",(S7/$O$23)) -> 0.020567675 | T30: =IF(T7="","",(T7/$O$23)) -> 7.9821004 | U30: =IF(U7="","",(U7/$O$23)) -> 4.5337201 | V30: =IF(V7="","",(V7/$O$23)) -> 8.9358162
B31: =IF(B8="","",(B8/$O$23)) -> 0.036540097 | C31: =IF(C8="","",(C8/$O$23)) -> 0.10318269 | D31: =IF(D8="","",(D8/$O$23)) -> 0.50061826 | E31: =IF(E8="","",(E8/$O$23)) -> 1.6827962 | F31: =IF(F8="","",(F8/$O$23)) -> 7.209716 | G31: =IF(G8="","",(G8/$O$23)) -> 6.0948285 | H31: =IF(H8="","",(H8/$O$23)) -> 16.727036 | I31: =IF(I8="","",(I8/$O$23)) -> 0.2778986 | ... M31: =IF(M8="","",(M8/$O$23)) -> 7.8519744 | O31: =IF(O8="","",(O8/$O$23)) -> 1.0372805 | P31: =IF(P8="","",(P8/$O$23)) -> 3.9222772 | Q31: =IF(Q8="","",(Q8/$O$23)) -> 0.11862477 | R31: =IF(R8="","",(R8/$O$23)) -> 0.52633275 | S31: =IF(S8="","",(S8/$O$23)) -> 1.9107556 | T31: =IF(T8="","",(T8/$O$23)) -> 3.5380122 | U31: =IF(U8="","",(U8/$O$23)) -> 8.17593 | V31: =IF(V8="","",(V8/$O$23)) -> 8.4398731
B32: =IF(B9="","",(B9/$O$23)) -> 0.0024657059 | C32: =IF(C9="","",(C9/$O$23)) -> 0.71368724 | D32: =IF(D9="","",(D9/$O$23)) -> 0.67389326 | E32: =IF(E9="","",(E9/$O$23)) -> 4.4385024 | F32: =IF(F9="","",(F9/$O$23)) -> 3.485015 | G32: =IF(G9="","",(G9/$O$23)) -> 13.234478 | H32: =IF(H9="","",(H9/$O$23)) -> 13.938559 | I32: =IF(I9="","",(I9/$O$23)) -> 0.091366562 | ... M32: =IF(M9="","",(M9/$O$23)) -> 7.024349 | O32: =IF(O9="","",(O9/$O$23)) -> 2.6945466 | P32: =IF(P9="","",(P9/$O$23)) -> 13.988927 | Q32: =IF(Q9="","",(Q9/$O$23)) -> 0.098918704 | R32: =IF(R9="","",(R9/$O$23)) -> 4.0553519 | S32: =IF(S9="","",(S9/$O$23)) -> 1.1989466 | T32: =IF(T9="","",(T9/$O$23)) -> 2.3744813 | U32: =IF(U9="","",(U9/$O$23)) -> 6.8735412 | V32: =IF(V9="","",(V9/$O$23)) -> 3.8155616
B33: =IF(B10="","",(B10/$O$23)) -> 0.022548726 | C33: =IF(C10="","",(C10/$O$23)) -> 0.16429663 | D33: =IF(D10="","",(D10/$O$23)) -> 0.39081357 | E33: =IF(E10="","",(E10/$O$23)) -> 0.21442993 | F33: =IF(F10="","",(F10/$O$23)) -> 25.100937 | G33: =IF(G10="","",(G10/$O$23)) -> 26.590225 | H33: =IF(H10="","",(H10/$O$23)) -> 26.21999 | I33: =IF(I10="","",(I10/$O$23)) -> 1.1164149 | ... M33: =IF(M10="","",(M10/$O$23)) -> 5.8999823 | O33: =IF(O10="","",(O10/$O$23)) -> 0.20264806 | P33: =IF(P10="","",(P10/$O$23)) -> 3.536586 | Q33: =IF(Q10="","",(Q10/$O$23)) -> 0.057551632 | R33: =IF(R10="","",(R10/$O$23)) -> 0.80902243 | S33: =IF(S10="","",(S10/$O$23)) -> 0.40310131 | T33: =IF(T10="","",(T10/$O$23)) -> 0.0042623586 | U33: =IF(U10="","",(U10/$O$23)) -> 5.4153478 | V33: =IF(V10="","",(V10/$O$23)) -> 11.540933
B34: =IF(B11="","",(B11/$O$23)) -> 0.47226183 | C34: =IF(C11="","",(C11/$O$23)) -> 0.042277637 | D34: =IF(D11="","",(D11/$O$23)) -> 5.5182809 | E34: =IF(E11="","",(E11/$O$23)) -> 1.0781434 | F34: =IF(F11="","",(F11/$O$23)) -> 9.2851174 | G34: =IF(G11="","",(G11/$O$23)) -> 1.7492348 | H34: =IF(H11="","",(H11/$O$23)) -> 5.5878216 | I34: =IF(I11="","",(I11/$O$23)) -> 1.4881702 | ... M34: =IF(M11="","",(M11/$O$23)) -> 2.9566735 | O34: =IF(O11="","",(O11/$O$23)) -> 2.5243884 | P34: =IF(P11="","",(P11/$O$23)) -> 9.9949503 | Q34: =IF(Q11="","",(Q11/$O$23)) -> 0.10007241 | R34: =IF(R11="","",(R11/$O$23)) -> 5.543483 | S34: =IF(S11="","",(S11/$O$23)) -> 2.4046181 | T34: =IF(T11="","",(T11/$O$23)) -> 1.8705031 | U34: =IF(U11="","",(U11/$O$23)) -> 7.7294887 | V34: =IF(V11="","",(V11/$O$23)) -> 8.5911004
B35: =IF(B12="","",(B12/$O$23)) -> 0.25648727 | C35: =IF(C12="","",(C12/$O$23)) -> 0.13176106 | D35: =IF(D12="","",(D12/$O$23)) -> 6.3888774 | E35: =IF(E12="","",(E12/$O$23)) -> 3.4874938 | F35: =IF(F12="","",(F12/$O$23)) | G35: =IF(G12="","",(G12/$O$23)) -> 10.546761 | H35: =IF(H12="","",(H12/$O$23)) -> 19.44606 | I35: =IF(I12="","",(I12/$O$23)) -> 0.07709125 | ... M35: =IF(M12="","",(M12/$O$23)) -> 7.368058 | O35: =IF(O12="","",(O12/$O$23)) -> 0.076950912 | P35: =IF(P12="","",(P12/$O$23)) -> 9.7499609 | Q35: =IF(Q12="","",(Q12/$O$23)) -> 0.20843456 | R35: =IF(R12="","",(R12/$O$23)) -> 2.4354827 | S35: =IF(S12="","",(S12/$O$23)) -> 1.631093 | T35: =IF(T12="","",(T12/$O$23)) -> 3.6277013 | U35: =IF(U12="","",(U12/$O$23)) -> 9.6257585 | V35: =IF(V12="","",(V12/$O$23)) -> 10.268418
B36: =IF(B13="","",(B13/$O$23)) | C36: =IF(C13="","",(C13/$O$23)) | D36: =IF(D13="","",(D13/$O$23)) | E36: =IF(E13="","",(E13/$O$23)) | F36: =IF(F13="","",(F13/$O$23)) | G36: =IF(G13="","",(G13/$O$23)) | H36: =IF(H13="","",(H13/$O$23)) | I36: =IF(I13="","",(I13/$O$23)) | ... M36: =IF(M13="","",(M13/$O$23)) | O36: =IF(O13="","",(O13/$O$23)) -> 0.69034381 | P36: =IF(P13="","",(P13/$O$23)) | Q36: =IF(Q13="","",(Q13/$O$23)) | R36: =IF(R13="","",(R13/$O$23)) | S36: =IF(S13="","",(S13/$O$23)) | T36: =IF(T13="","",(T13/$O$23)) | U36: =IF(U13="","",(U13/$O$23)) | V36: =IF(V13="","",(V13/$O$23))
B37: =IF(B14="","",(B14/$O$23)) | C37: =IF(C14="","",(C14/$O$23)) | D37: =IF(D14="","",(D14/$O$23)) | E37: =IF(E14="","",(E14/$O$23)) | F37: =IF(F14="","",(F14/$O$23)) | G37: =IF(G14="","",(G14/$O$23)) | H37: =IF(H14="","",(H14/$O$23)) | I37: =IF(I14="","",(I14/$O$23)) | ... M37: =IF(M14="","",(M14/$O$23)) | O37: =IF(O14="","",(O14/$O$23)) -> 0.031997063 | P37: =IF(P14="","",(P14/$O$23)) | Q37: =IF(Q14="","",(Q14/$O$23)) | R37: =IF(R14="","",(R14/$O$23)) | S37: =IF(S14="","",(S14/$O$23)) | T37: =IF(T14="","",(T14/$O$23)) | U37: =IF(U14="","",(U14/$O$23)) | V37: =IF(V14="","",(V14/$O$23))
B38: =IF(B15="","",(B15/$O$23)) | C38: =IF(C15="","",(C15/$O$23)) | D38: =IF(D15="","",(D15/$O$23)) | E38: =IF(E15="","",(E15/$O$23)) | F38: =IF(F15="","",(F15/$O$23)) | G38: =IF(G15="","",(G15/$O$23)) | H38: =IF(H15="","",(H15/$O$23)) | I38: =IF(I15="","",(I15/$O$23)) | ... M38: =IF(M15="","",(M15/$O$23)) | O38: =IF(O15="","",(O15/$O$23)) -> 0.78125019 | P38: =IF(P15="","",(P15/$O$23)) | Q38: =IF(Q15="","",(Q15/$O$23)) | R38: =IF(R15="","",(R15/$O$23)) | S38: =IF(S15="","",(S15/$O$23)) | T38: =IF(T15="","",(T15/$O$23)) | U38: =IF(U15="","",(U15/$O$23)) | V38: =IF(V15="","",(V15/$O$23))
B39: =IF(B16="","",(B16/$O$23)) | C39: =IF(C16="","",(C16/$O$23)) | D39: =IF(D16="","",(D16/$O$23)) | E39: =IF(E16="","",(E16/$O$23)) | F39: =IF(F16="","",(F16/$O$23)) | G39: =IF(G16="","",(G16/$O$23)) | H39: =IF(H16="","",(H16/$O$23)) | I39: =IF(I16="","",(I16/$O$23)) | ... M39: =IF(M16="","",(M16/$O$23)) | O39: =IF(O16="","",(O16/$O$23)) -> 0.66767922 | P39: =IF(P16="","",(P16/$O$23)) | Q39: =IF(Q16="","",(Q16/$O$23)) | R39: =IF(R16="","",(R16/$O$23)) | S39: =IF(S16="","",(S16/$O$23)) | T39: =IF(T16="","",(T16/$O$23)) | U39: =IF(U16="","",(U16/$O$23)) | V39: =IF(V16="","",(V16/$O$23))
B40: =IF(B17="","",(B17/$O$23)) | C40: =IF(C17="","",(C17/$O$23)) | D40: =IF(D17="","",(D17/$O$23)) | E40: =IF(E17="","",(E17/$O$23)) | F40: =IF(F17="","",(F17/$O$23)) | G40: =IF(G17="","",(G17/$O$23)) | H40: =IF(H17="","",(H17/$O$23)) | I40: =IF(I17="","",(I17/$O$23)) | ... M40: =IF(M17="","",(M17/$O$23)) | O40: =IF(O17="","",(O17/$O$23)) -> 3.4972555 | P40: =IF(P17="","",(P17/$O$23)) | Q40: =IF(Q17="","",(Q17/$O$23)) | R40: =IF(R17="","",(R17/$O$23)) | S40: =IF(S17="","",(S17/$O$23)) | T40: =IF(T17="","",(T17/$O$23)) | U40: =IF(U17="","",(U17/$O$23)) | V40: =IF(V17="","",(V17/$O$23))
... B43: =IF(B20="","",(B20/$O$23)) | C43: =IF(C20="","",(C20/$O$23)) | D43: =IF(D20="","",(D20/$O$23)) | E43: =IF(E20="","",(E20/$O$23)) | F43: =IF(F20="","",(F20/$O$23)) | G43: =IF(G20="","",(G20/$O$23)) | H43: =IF(H20="","",(H20/$O$23)) | I43: =IF(I20="","",(I20/$O$23)) | ... M43: =IF(M20="","",(M20/$O$23)) | O43: =IF(O20="","",(O20/$O$23)) -> 1.359366 | P43: =IF(P20="","",(P20/$O$23)) | Q43: =IF(Q20="","",(Q20/$O$23)) | R43: =IF(R20="","",(R20/$O$23)) | S43: =IF(S20="","",(S20/$O$23)) | T43: =IF(T20="","",(T20/$O$23)) | U43: =IF(U20="","",(U20/$O$23)) | V43: =IF(V20="","",(V20/$O$23))
A45: =A4 -> Noms des groupes | B45: =B4 -> Témoin solvant | C45: =C4 -> EE2-33.8ng/L | D45: =D4 -> EE2-50.6ng/L | E45: =E4 -> EE2-76ng/L | F45: =F4 -> EE2-114ng/L | G45: =G4 -> EE2-170.9ng/L | H45: =H4 -> EE2-488ng/L | ... M45: =M4 -> Testosterone-300µg/L | N45: =N22 -> Nom des groupes | O45: =O4 -> Testo -30µg/L | P45: =P4 -> Testo 30µg/L + EE2 -64ng/L | Q45: =Q4 -> Testo 30µg/L + FAD-10µg/L | R45: =R4 -> Testosterone-3.7µg/L + Testostérone | S45: =S4 -> Testosterone-11µg/L + Testostérone | T45: =T4 -> Testosterone-33µg/L + Testostérone | U45: =U4 -> Testosterone-100µg/L + Testostérone | V45: =V4 -> Testosterone-300µg/L + Testostérone
A46: mean | B46: =AVERAGE(B28:B43) -> 0.11288927 | C46: =AVERAGE(C28:C43) -> 0.24822099 | D46: =AVERAGE(D28:D43) -> 2.3408828 | E46: =AVERAGE(E28:E43) -> 2.476974 | F46: =AVERAGE(F28:F43) -> 8.9374177 | G46: =AVERAGE(G28:G43) -> 9.5369864 | H46: =AVERAGE(H28:H43) -> 17.007271 | I46: =AVERAGE(I28:I43) -> 0.63117462 | ... M46: =AVERAGE(M28:M43) -> 8.7317321 | N46: mean | O46: =AVERAGE(O28:O43) -> 1 | P46: =AVERAGE(P28:P43) -> 10.162118 | Q46: =AVERAGE(Q28:Q43) -> 0.10097257 | R46: =AVERAGE(R28:R43) -> 3.1770688 | S46: =AVERAGE(S28:S43) -> 1.4405357 | T46: =AVERAGE(T28:T43) -> 4.1777173 | U46: =AVERAGE(U28:U43) -> 5.5634889 | V46: =AVERAGE(V28:V43) -> 8.6448178
A47: SD | B47: =STDEV(B28:B43) -> 0.16613882 | C47: =STDEV(C28:C43) -> 0.2186998 | D47: =STDEV(D28:D43) -> 2.6361509 | E47: =STDEV(E28:E43) -> 1.4666193 | F47: =STDEV(F28:F43) -> 8.2609806 | G47: =STDEV(G28:G43) -> 8.2363106 | H47: =STDEV(H28:H43) -> 6.2550897 | I47: =STDEV(I28:I43) -> 0.67994846 | ... M47: =STDEV(M28:M43) -> 4.2122979 | N47: SD | O47: =STDEV(O28:O43) -> 1.0497195 | P47: =STDEV(P28:P43) -> 4.8315287 | Q47: =STDEV(Q28:Q43) -> 0.059622401 | R47: =STDEV(R28:R43) -> 1.8511599 | S47: =STDEV(S28:S43) -> 0.84659731 | T47: =STDEV(T28:T43) -> 2.9070764 | U47: =STDEV(U28:U43) -> 3.2129596 | V47: =STDEV(V28:V43) -> 2.26094
A48: SEM | B48: =B47/SQRT(COUNT(B28:B43)) -> 0.058738943 | C48: =C47/SQRT(COUNT(C28:C43)) -> 0.077322055 | D48: =D47/SQRT(COUNT(D28:D43)) -> 0.93202008 | E48: =E47/SQRT(COUNT(E28:E43)) -> 0.51852823 | F48: =F47/SQRT(COUNT(F28:F43)) -> 3.1223572 | G48: =G47/SQRT(COUNT(G28:G43)) -> 2.9119756 | H48: =H47/SQRT(COUNT(H28:H43)) -> 2.2115082 | I48: =I47/SQRT(COUNT(I28:I43)) -> 0.24039808 | ... M48: =M47/SQRT(COUNT(M28:M43)) -> 1.4892722 | N48: SEM | O48: =O47/SQRT(COUNT(O28:O43)) -> 0.26242987 | P48: =P47/SQRT(COUNT(P28:P43)) -> 1.7082033 | Q48: =Q47/SQRT(COUNT(Q28:Q43)) -> 0.021079702 | R48: =R47/SQRT(COUNT(R28:R43)) -> 0.65448387 | S48: =S47/SQRT(COUNT(S28:S43)) -> 0.29931735 | T48: =T47/SQRT(COUNT(T28:T43)) -> 1.0278067 | U48: =U47/SQRT(COUNT(U28:U43)) -> 1.1359528 | V48: =V47/SQRT(COUNT(V28:V43)) -> 0.79936299
A50: 4. Expérimentateur 1 : réaliser les tests statistiques avec les données normalisées et renseigner les résultats ainsi que le test statistique utilisé dans le tableau violet.
A52: =A27 -> Noms des groupes | B52: =B27 -> Témoin solvant | C52: =C27 -> EE2-33.8ng/L | D52: =D27 -> EE2-50.6ng/L | E52: =E27 -> EE2-76ng/L | F52: =F27 -> EE2-114ng/L | G52: =G27 -> EE2-170.9ng/L | H52: =H27 -> EE2-488ng/L | I52: =I4 -> Testosterone-3.7µg/L | J52: =J4 -> Testosterone-11µg/L | K52: =K27 -> Testosterone-33µg/L | L52: =L27 -> Testosterone-100µg/L | M52: =M27 -> Testosterone-300µg/L | O52: =O27 -> Testo -30µg/L | P52: =P27 -> Testo 30µg/L + EE2 -64ng/L | Q52: =Q27 -> Testo 30µg/L + FAD-10µg/L | R52: =R27 -> Testosterone-3.7µg/L + Testostérone | S52: =S27 -> Testosterone-11µg/L + Testostérone | T52: =T27 -> Testosterone-33µg/L + Testostérone | U52: =U27 -> Testosterone-100µg/L + Testostérone | V52: =V27 -> Testosterone-300µg/L + Testostérone
A53: Mean | B53: =B46 -> 0.11288927 | C53: =C46 -> 0.24822099 | D53: =D46 -> 2.3408828 | E53: =E46 -> 2.476974 | F53: =F46 -> 8.9374177 | G53: =G46 -> 9.5369864 | H53: =H46 -> 17.007271 | I53: =I46 -> 0.63117462 | ... M53: =M46 -> 8.7317321 | O53: =O46 -> 1 | P53: =P46 -> 10.162118 | Q53: =Q46 -> 0.10097257 | R53: =R46 -> 3.1770688 | S53: =S46 -> 1.4405357 | T53: =T46 -> 4.1777173 | U53: =U46 -> 5.5634889 | V53: =V46 -> 8.6448178
A54: SEM | B54: =B48 -> 0.058738943 | C54: =C48 -> 0.077322055 | D54: =D48 -> 0.93202008 | E54: =E48 -> 0.51852823 | F54: =F48 -> 3.1223572 | G54: =G48 -> 2.9119756 | H54: =H48 -> 2.2115082 | I54: =I48 -> 0.24039808 | ... M54: =M48 -> 1.4892722 | O54: =O48 -> 0.26242987 | P54: =P48 -> 1.7082033 | Q54: =Q48 -> 0.021079702 | R54: =R48 -> 0.65448387 | S54: =S48 -> 0.29931735 | T54: =T48 -> 1.0278067 | U54: =U48 -> 1.1359528 | V54: =V48 -> 0.79936299
A55: % induction | B55: =(B53*100/$B$53)-100 -> 0 | C55: =(C53*100/$B$53)-100 -> 119.88006 | D55: =(D53*100/$B$53)-100 -> 1973.6097 | E55: =(E53*100/$B$53)-100 -> 2094.1624 | F55: =(F53*100/$B$53)-100 -> 7816.9772 | G55: =(G53*100/$B$53)-100 -> 8348.0894 | H55: =(H53*100/$B$53)-100 -> 14965.446 | I55: =(I53*100/$B$53)-100 -> 459.10949 | ... M55: =(M53*100/$B$53)-100 -> 7634.776 | O55: =(O53*100/$O$53)-100 -> 0 | P55: =(P53*100/$O$53)-100 -> 916.21179 | Q55: =(Q53*100/$O$53)-100 -> -89.902743 | R55: =(R53*100/$O$53)-100 -> 217.70688 | S55: =(S53*100/$O$53)-100 -> 44.053565 | T55: =(T53*100/$O$53)-100 -> 317.77173 | U55: =(U53*100/$O$53)-100 -> 456.34889 | V55: =(V53*100/$O$53)-100 -> 764.48178
A56: Test de normalité : valeur du p | B56: =[1]!SWTEST(B28:B43) -> #NAME? | C56: =[1]!SWTEST(C28:C43) -> #NAME? | D56: =[1]!SWTEST(D28:D43) -> #NAME? | E56: =[1]!SWTEST(E28:E43) -> #NAME? | F56: =[1]!SWTEST(F28:F43) -> #NAME? | G56: =[1]!SWTEST(G28:G43) -> #NAME? | H56: =[1]!SWTEST(H28:H43) -> #NAME? | I56: =[1]!SWTEST(I28:I43) -> #NAME? | ... M56: =[1]!SWTEST(M28:M43) -> #NAME? | O56: =[1]!SWTEST(O28:O43) -> #NAME? | P56: =[1]!SWTEST(P28:P43) -> #NAME? | Q56: =[1]!SWTEST(Q28:Q43) -> #NAME? | R56: =[1]!SWTEST(R28:R43) -> #NAME? | S56: =[1]!SWTEST(S28:S43) -> #NAME? | T56: =[1]!SWTEST(T28:T43) -> #NAME? | U56: =[1]!SWTEST(U28:U43) -> #NAME? | V56: =[1]!SWTEST(V28:V43) -> #NAME?
A57: Test de normalité : résultat normal? | B57: =IF(B56>0.05,"Oui","Non") -> #NAME? | C57: =IF(C56>0.05,"Oui","Non") -> #NAME? | D57: =IF(D56>0.05,"Oui","Non") -> #NAME? | E57: =IF(E56>0.05,"Oui","Non") -> #NAME? | F57: =IF(F56>0.05,"Oui","Non") -> #NAME? | G57: =IF(G56>0.05,"Oui","Non") -> #NAME? | H57: =IF(H56>0.05,"Oui","Non") -> #NAME? | I57: =IF(I56>0.05,"Oui","Non") -> #NAME? | ... M57: =IF(M56>0.05,"Oui","Non") -> #NAME? | O57: =IF(O56>0.05,"Oui","Non") -> #NAME? | P57: =IF(P56>0.05,"Oui","Non") -> #NAME? | Q57: =IF(Q56>0.05,"Oui","Non") -> #NAME? | R57: =IF(R56>0.05,"Oui","Non") -> #NAME? | S57: =IF(S56>0.05,"Oui","Non") -> #NAME? | T57: =IF(T56>0.05,"Oui","Non") -> #NAME? | U57: =IF(U56>0.05,"Oui","Non") -> #NAME? | V57: =IF(V56>0.05,"Oui","Non") -> #NAME?
A59: Test statistique utilisé | C59: =IF($B57="Non",IF(C$57="Non","Mann Withney",IF(C$57="Oui","Mann Withney","")),IF($B$57="Oui",IF(C$57="Oui","T-Test Welch",IF(C$57="Non","Mann Withney","")))) -> #NAME? | D59: =IF($B57="Non",IF(D$57="Non","Mann Withney",IF(D$57="Oui","Mann Withney","")),IF($B$57="Oui",IF(D$57="Oui","T-Test Welch",IF(D$57="Non","Mann Withney","")))) -> #NAME? | E59: =IF($B57="Non",IF(E$57="Non","Mann Withney",IF(E$57="Oui","Mann Withney","")),IF($B$57="Oui",IF(E$57="Oui","T-Test Welch",IF(E$57="Non","Mann Withney","")))) -> #NAME? | F59: =IF($B57="Non",IF(F$57="Non","Mann Withney",IF(F$57="Oui","Mann Withney","")),IF($B$57="Oui",IF(F$57="Oui","T-Test Welch",IF(F$57="Non","Mann Withney","")))) -> #NAME? | G59: =IF($B57="Non",IF(G$57="Non","Mann Withney",IF(G$57="Oui","Mann Withney","")),IF($B$57="Oui",IF(G$57="Oui","T-Test Welch",IF(G$57="Non","Mann Withney","")))) -> #NAME? | H59: =IF($B57="Non",IF(H$57="Non","Mann Withney",IF(H$57="Oui","Mann Withney","")),IF($B$57="Oui",IF(H$57="Oui","T-Test Welch",IF(H$57="Non","Mann Withney","")))) -> #NAME? | I59: =IF($B57="Non",IF(I$57="Non","Mann Withney",IF(I$57="Oui","Mann Withney","")),IF($B$57="Oui",IF(I$57="Oui","T-Test Welch",IF(I$57="Non","Mann Withney","")))) -> #NAME? | J59: =IF($B57="Non",IF(J$57="Non","Mann Withney",IF(J$57="Oui","Mann Withney","")),IF($B$57="Oui",IF(J$57="Oui","T-Test Welch",IF(J$57="Non","Mann Withney","")))) -> #NAME? | ... M59: =IF($B57="Non",IF(M$57="Non","Mann Withney",IF(M$57="Oui","Mann Withney","")),IF($B$57="Oui",IF(M$57="Oui","T-Test Welch",IF(M$57="Non","Mann Withney","")))) -> #NAME? | O59: =IF($B57="Non",IF(O$57="Non","Mann Withney",IF(O$57="Oui","Mann Withney","")),IF($B$57="Oui",IF(O$57="Oui","T-Test Welch",IF(O$57="Non","Mann Withney","")))) -> #NAME? | P59: =IF($O57="Non",IF(P$57="Non","Mann Withney",IF(P$57="Oui","Mann Withney","")),IF($O$57="Oui",IF(P$57="Oui","T-Test Welch",IF(P$57="Non","Mann Withney","")))) -> #NAME? | Q59: =IF($O57="Non",IF(Q$57="Non","Mann Withney",IF(Q$57="Oui","Mann Withney","")),IF($O$57="Oui",IF(Q$57="Oui","T-Test Welch",IF(Q$57="Non","Mann Withney","")))) -> #NAME? | R59: =IF($O57="Non",IF(R$57="Non","Mann Withney",IF(R$57="Oui","Mann Withney","")),IF($O$57="Oui",IF(R$57="Oui","T-Test Welch",IF(R$57="Non","Mann Withney","")))) -> #NAME? | S59: =IF($O57="Non",IF(S$57="Non","Mann Withney",IF(S$57="Oui","Mann Withney","")),IF($O$57="Oui",IF(S$57="Oui","T-Test Welch",IF(S$57="Non","Mann Withney","")))) -> #NAME? | T59: =IF($O57="Non",IF(T$57="Non","Mann Withney",IF(T$57="Oui","Mann Withney","")),IF($O$57="Oui",IF(T$57="Oui","T-Test Welch",IF(T$57="Non","Mann Withney","")))) -> #NAME? | U59: =IF($O57="Non",IF(U$57="Non","Mann Withney",IF(U$57="Oui","Mann Withney","")),IF($O$57="Oui",IF(U$57="Oui","T-Test Welch",IF(U$57="Non","Mann Withney","")))) -> #NAME? | V59: =IF($O57="Non",IF(V$57="Non","Mann Withney",IF(V$57="Oui","Mann Withney","")),IF($O$57="Oui",IF(V$57="Oui","T-Test Welch",IF(V$57="Non","Mann Withney","")))) -> #NAME?
A60: Test statistique : valeur du p | C60: =IF(C59="Mann Withney",[1]!MTEST($B28:$B43,C28:C43,2), IF(C59="T-Test Welch",_xlfn.T.TEST($B28:$B43,C28:C43,2,3),"")) -> #NAME? | D60: =IF(D59="Mann Withney",[1]!MTEST($B28:$B43,D28:D43,2), IF(D59="T-Test Welch",_xlfn.T.TEST($B28:$B43,D28:D43,2,3),"")) -> #NAME? | E60: =IF(E59="Mann Withney",[1]!MTEST($B28:$B43,E28:E43,2), IF(E59="T-Test Welch",_xlfn.T.TEST($B28:$B43,E28:E43,2,3),"")) -> #NAME? | F60: =IF(F59="Mann Withney",[1]!MTEST($B28:$B43,F28:F43,2), IF(F59="T-Test Welch",_xlfn.T.TEST($B28:$B43,F28:F43,2,3),"")) -> #NAME? | G60: =IF(G59="Mann Withney",[1]!MTEST($B28:$B43,G28:G43,2), IF(G59="T-Test Welch",_xlfn.T.TEST($B28:$B43,G28:G43,2,3),"")) -> #NAME? | H60: =IF(H59="Mann Withney",[1]!MTEST($B28:$B43,H28:H43,2), IF(H59="T-Test Welch",_xlfn.T.TEST($B28:$B43,H28:H43,2,3),"")) -> #NAME? | I60: =IF(I59="Mann Withney",[1]!MTEST($B28:$B43,I28:I43,2), IF(I59="T-Test Welch",_xlfn.T.TEST($B28:$B43,I28:I43,2,3),"")) -> #NAME? | J60: =IF(J59="Mann Withney",[1]!MTEST($B28:$B43,J28:J43,2), IF(J59="T-Test Welch",_xlfn.T.TEST($B28:$B43,J28:J43,2,3),"")) -> #NAME? | ... M60: =IF(M59="Mann Withney",[1]!MTEST($B28:$B43,M28:M43,2), IF(M59="T-Test Welch",_xlfn.T.TEST($B28:$B43,M28:M43,2,3),"")) -> #NAME? | O60: =IF(O59="Mann Withney",[1]!MTEST($B28:$B43,O28:O43,2), IF(O59="T-Test Welch",_xlfn.T.TEST($B28:$B43,O28:O43,2,3),"")) -> #NAME? | P60: =IF(P59="Mann Withney",[1]!MTEST($O28:$O43,P28:P43,2), IF(P59="T-Test Welch",_xlfn.T.TEST($O28:$O43,P28:P43,2,3),"")) -> #NAME? | Q60: =IF(Q59="Mann Withney",[1]!MTEST($O28:$O43,Q28:Q43,2), IF(Q59="T-Test Welch",_xlfn.T.TEST($O28:$O43,Q28:Q43,2,3),"")) -> #NAME? | R60: =IF(R59="Mann Withney",[1]!MTEST($O28:$O43,R28:R43,2), IF(R59="T-Test Welch",_xlfn.T.TEST($O28:$O43,R28:R43,2,3),"")) -> #NAME? | S60: =IF(S59="Mann Withney",[1]!MTEST($O28:$O43,S28:S43,2), IF(S59="T-Test Welch",_xlfn.T.TEST($O28:$O43,S28:S43,2,3),"")) -> #NAME? | T60: =IF(T59="Mann Withney",[1]!MTEST($O28:$O43,T28:T43,2), IF(T59="T-Test Welch",_xlfn.T.TEST($O28:$O43,T28:T43,2,3),"")) -> #NAME? | U60: =IF(U59="Mann Withney",[1]!MTEST($O28:$O43,U28:U43,2), IF(U59="T-Test Welch",_xlfn.T.TEST($O28:$O43,U28:U43,2,3),"")) -> #NAME? | V60: =IF(V59="Mann Withney",[1]!MTEST($O28:$O43,V28:V43,2), IF(V59="T-Test Welch",_xlfn.T.TEST($O28:$O43,V28:V43,2,3),"")) -> #NAME?
A61: Annotation | C61: =IF(C60>0.05,"NS",IF(C60>0.01,"*",IF(C60>0.001,"**","***"))) -> #NAME? | D61: =IF(D60>0.05,"NS",IF(D60>0.01,"*",IF(D60>0.001,"**","***"))) -> #NAME? | E61: =IF(E60>0.05,"NS",IF(E60>0.01,"*",IF(E60>0.001,"**","***"))) -> #NAME? | F61: =IF(F60>0.05,"NS",IF(F60>0.01,"*",IF(F60>0.001,"**","***"))) -> #NAME? | G61: =IF(G60>0.05,"NS",IF(G60>0.01,"*",IF(G60>0.001,"**","***"))) -> #NAME? | H61: =IF(H60>0.05,"NS",IF(H60>0.01,"*",IF(H60>0.001,"**","***"))) -> #NAME? | I61: =IF(I60>0.05,"NS",IF(I60>0.01,"*",IF(I60>0.001,"**","***"))) -> #NAME? | J61: =IF(J60>0.05,"NS",IF(J60>0.01,"*",IF(J60>0.001,"**","***"))) -> #NAME? | ... M61: =IF(M60>0.05,"NS",IF(M60>0.01,"*",IF(M60>0.001,"**","***"))) -> #NAME? | O61: =IF(O60>0.05,"NS",IF(O60>0.01,"*",IF(O60>0.001,"**","***"))) -> #NAME? | P61: =IF(P60>0.05,"NS",IF(P60>0.01,"*",IF(P60>0.001,"**","***"))) -> #NAME? | Q61: =IF(Q60>0.05,"NS",IF(Q60>0.01,"*",IF(Q60>0.001,"**","***"))) -> #NAME? | R61: =IF(R60>0.05,"NS",IF(R60>0.01,"*",IF(R60>0.001,"**","***"))) -> #NAME? | S61: =IF(S60>0.05,"NS",IF(S60>0.01,"*",IF(S60>0.001,"**","***"))) -> #NAME? | T61: =IF(T60>0.05,"NS",IF(T60>0.01,"*",IF(T60>0.001,"**","***"))) -> #NAME? | U61: =IF(U60>0.05,"NS",IF(U60>0.01,"*",IF(U60>0.001,"**","***"))) -> #NAME? | V61: =IF(V60>0.05,"NS",IF(V60>0.01,"*",IF(V60>0.001,"**","***"))) -> #NAME?
A63: Eléments pour la mise en forme conditionnelles des résutats - calcul équivalent hormonal (eqH)
A64: LOD | B64: =B46+(3*B47) -> 0.61130573
A65: LOQ | B65: =B46+(10*B47) -> 1.7742775
A67: 5. Expérimentateur 1 : remplissage du suivi qualité (SQ) et transmission à l'expérimenteur 2.

Sheet Raw data R2
A1: Nom groupe | B1: N° de valeur | C1: file name | D1: total area | E1: mean intensity | G1: total fluorescence | I1: nbre de larves | L1: (Tous)
A2: =IFERROR(LEFT(RIGHT(C2,LEN(C2)-SEARCH("@",C2)),SEARCH("/",RIGHT(C2,LEN(C2)-SEARCH("@",C2)-1))),"") | B2: =LEFT(RIGHT(RIGHT(Tableau46[[#This Row],[file name]],LEN(Tableau46[[#This Row],[file name]])-SEARCH("@",Tableau46[[#This Row],[file name]])),LEN(RIGHT(Tableau46[[#This Row],[file name]],LEN(Tableau46[[#This Row],[file name]])-SEARCH("@",Tableau46[[#This Row],[file name]])))-SEARCH("/",RIGHT(Tableau46[[#This Row],[file name]],LEN(Tableau46[[#This Row],[file name]])-SEARCH("@",Tableau46[[#This Row],[file name]])))),1) -> #VALUE! | K2: Filtre lignes : Enlever (vide) et Néant | L2: Filtre colonnes : Enlever (vide) et " "
A3: =IFERROR(LEFT(RIGHT(C3,LEN(C3)-SEARCH("@",C3)),SEARCH("/",RIGHT(C3,LEN(C3)-SEARCH("@",C3)-1))),"") | B3: =LEFT(RIGHT(RIGHT(Tableau46[[#This Row],[file name]],LEN(Tableau46[[#This Row],[file name]])-SEARCH("@",Tableau46[[#This Row],[file name]])),LEN(RIGHT(Tableau46[[#This Row],[file name]],LEN(Tableau46[[#This Row],[file name]])-SEARCH("@",Tableau46[[#This Row],[file name]])))-SEARCH("/",RIGHT(Tableau46[[#This Row],[file name]],LEN(Tableau46[[#This Row],[file name]])-SEARCH("@",Tableau46[[#This Row],[file name]])))),1) -> #VALUE! | K3: Moyenne de total fluorescence | L3: Étiquettes de colonnes
A4: =IFERROR(LEFT(RIGHT(C4,LEN(C4)-SEARCH("@",C4)),SEARCH("/",RIGHT(C4,LEN(C4)-SEARCH("@",C4)-1))),"") | B4: =LEFT(RIGHT(RIGHT(Tableau46[[#This Row],[file name]],LEN(Tableau46[[#This Row],[file name]])-SEARCH("@",Tableau46[[#This Row],[file name]])),LEN(RIGHT(Tableau46[[#This Row],[file name]],LEN(Tableau46[[#This Row],[file name]])-SEARCH("@",Tableau46[[#This Row],[file name]])))-SEARCH("/",RIGHT(Tableau46[[#This Row],[file name]],LEN(Tableau46[[#This Row],[file name]])-SEARCH("@",Tableau46[[#This Row],[file name]])))),1) -> #VALUE! | K4: Étiquettes de lignes
A5: =IFERROR(LEFT(RIGHT(C5,LEN(C5)-SEARCH("@",C5)),SEARCH("/",RIGHT(C5,LEN(C5)-SEARCH("@",C5)-1))),"") | B5: =LEFT(RIGHT(RIGHT(Tableau46[[#This Row],[file name]],LEN(Tableau46[[#This Row],[file name]])-SEARCH("@",Tableau46[[#This Row],[file name]])),LEN(RIGHT(Tableau46[[#This Row],[file name]],LEN(Tableau46[[#This Row],[file name]])-SEARCH("@",Tableau46[[#This Row],[file name]])))-SEARCH("/",RIGHT(Tableau46[[#This Row],[file name]],LEN(Tableau46[[#This Row],[file name]])-SEARCH("@",Tableau46[[#This Row],[file name]])))),1) -> #VALUE! | K5: #VALEUR!
A6: =IFERROR(LEFT(RIGHT(C6,LEN(C6)-SEARCH("@",C6)),SEARCH("/",RIGHT(C6,LEN(C6)-SEARCH("@",C6)-1))),"") | B6: =LEFT(RIGHT(RIGHT(Tableau46[[#This Row],[file name]],LEN(Tableau46[[#This Row],[file name]])-SEARCH("@",Tableau46[[#This Row],[file name]])),LEN(RIGHT(Tableau46[[#This Row],[file name]],LEN(Tableau46[[#This Row],[file name]])-SEARCH("@",Tableau46[[#This Row],[file name]])))-SEARCH("/",RIGHT(Tableau46[[#This Row],[file name]],LEN(Tableau46[[#This Row],[file name]])-SEARCH("@",Tableau46[[#This Row],[file name]])))),1) -> #VALUE!
A7: =IFERROR(LEFT(RIGHT(C7,LEN(C7)-SEARCH("@",C7)),SEARCH("/",RIGHT(C7,LEN(C7)-SEARCH("@",C7)-1))),"") | B7: =LEFT(RIGHT(RIGHT(Tableau46[[#This Row],[file name]],LEN(Tableau46[[#This Row],[file name]])-SEARCH("@",Tableau46[[#This Row],[file name]])),LEN(RIGHT(Tableau46[[#This Row],[file name]],LEN(Tableau46[[#This Row],[file name]])-SEARCH("@",Tableau46[[#This Row],[file name]])))-SEARCH("/",RIGHT(Tableau46[[#This Row],[file name]],LEN(Tableau46[[#This Row],[file name]])-SEARCH("@",Tableau46[[#This Row],[file name]])))),1) -> #VALUE!
A8: =IFERROR(LEFT(RIGHT(C8,LEN(C8)-SEARCH("@",C8)),SEARCH("/",RIGHT(C8,LEN(C8)-SEARCH("@",C8)-1))),"") | B8: =LEFT(RIGHT(RIGHT(Tableau46[[#This Row],[file name]],LEN(Tableau46[[#This Row],[file name]])-SEARCH("@",Tableau46[[#This Row],[file name]])),LEN(RIGHT(Tableau46[[#This Row],[file name]],LEN(Tableau46[[#This Row],[file name]])-SEARCH("@",Tableau46[[#This Row],[file name]])))-SEARCH("/",RIGHT(Tableau46[[#This Row],[file name]],LEN(Tableau46[[#This Row],[file name]])-SEARCH("@",Tableau46[[#This Row],[file name]])))),1) -> #VALUE!
A9: =IFERROR(LEFT(RIGHT(C9,LEN(C9)-SEARCH("@",C9)),SEARCH("/",RIGHT(C9,LEN(C9)-SEARCH("@",C9)-1))),"") | B9: =LEFT(RIGHT(RIGHT(Tableau46[[#This Row],[file name]],LEN(Tableau46[[#This Row],[file name]])-SEARCH("@",Tableau46[[#This Row],[file name]])),LEN(RIGHT(Tableau46[[#This Row],[file name]],LEN(Tableau46[[#This Row],[file name]])-SEARCH("@",Tableau46[[#This Row],[file name]])))-SEARCH("/",RIGHT(Tableau46[[#This Row],[file name]],LEN(Tableau46[[#This Row],[file name]])-SEARCH("@",Tableau46[[#This Row],[file name]])))),1) -> #VALUE!
A10: =IFERROR(LEFT(RIGHT(C10,LEN(C10)-SEARCH("@",C10)),SEARCH("/",RIGHT(C10,LEN(C10)-SEARCH("@",C10)-1))),"") | B10: =LEFT(RIGHT(RIGHT(Tableau46[[#This Row],[file name]],LEN(Tableau46[[#This Row],[file name]])-SEARCH("@",Tableau46[[#This Row],[file name]])),LEN(RIGHT(Tableau46[[#This Row],[file name]],LEN(Tableau46[[#This Row],[file name]])-SEARCH("@",Tableau46[[#This Row],[file name]])))-SEARCH("/",RIGHT(Tableau46[[#This Row],[file name]],LEN(Tableau46[[#This Row],[file name]])-SEARCH("@",Tableau46[[#This Row],[file name]])))),1) -> #VALUE!
A11: =IFERROR(LEFT(RIGHT(C11,LEN(C11)-SEARCH("@",C11)),SEARCH("/",RIGHT(C11,LEN(C11)-SEARCH("@",C11)-1))),"") | B11: =LEFT(RIGHT(RIGHT(Tableau46[[#This Row],[file name]],LEN(Tableau46[[#This Row],[file name]])-SEARCH("@",Tableau46[[#This Row],[file name]])),LEN(RIGHT(Tableau46[[#This Row],[file name]],LEN(Tableau46[[#This Row],[file name]])-SEARCH("@",Tableau46[[#This Row],[file name]])))-SEARCH("/",RIGHT(Tableau46[[#This Row],[file name]],LEN(Tableau46[[#This Row],[file name]])-SEARCH("@",Tableau46[[#This Row],[file name]])))),1) -> #VALUE!
A12: =IFERROR(LEFT(RIGHT(C12,LEN(C12)-SEARCH("@",C12)),SEARCH("/",RIGHT(C12,LEN(C12)-SEARCH("@",C12)-1))),"") | B12: =LEFT(RIGHT(RIGHT(Tableau46[[#This Row],[file name]],LEN(Tableau46[[#This Row],[file name]])-SEARCH("@",Tableau46[[#This Row],[file name]])),LEN(RIGHT(Tableau46[[#This Row],[file name]],LEN(Tableau46[[#This Row],[file name]])-SEARCH("@",Tableau46[[#This Row],[file name]])))-SEARCH("/",RIGHT(Tableau46[[#This Row],[file name]],LEN(Tableau46[[#This Row],[file name]])-SEARCH("@",Tableau46[[#This Row],[file name]])))),1) -> #VALUE!
A13: =IFERROR(LEFT(RIGHT(C13,LEN(C13)-SEARCH("@",C13)),SEARCH("/",RIGHT(C13,LEN(C13)-SEARCH("@",C13)-1))),"") | B13: =LEFT(RIGHT(RIGHT(Tableau46[[#This Row],[file name]],LEN(Tableau46[[#This Row],[file name]])-SEARCH("@",Tableau46[[#This Row],[file name]])),LEN(RIGHT(Tableau46[[#This Row],[file name]],LEN(Tableau46[[#This Row],[file name]])-SEARCH("@",Tableau46[[#This Row],[file name]])))-SEARCH("/",RIGHT(Tableau46[[#This Row],[file name]],LEN(Tableau46[[#This Row],[file name]])-SEARCH("@",Tableau46[[#This Row],[file name]])))),1) -> #VALUE!
A14: =IFERROR(LEFT(RIGHT(C14,LEN(C14)-SEARCH("@",C14)),SEARCH("/",RIGHT(C14,LEN(C14)-SEARCH("@",C14)-1))),"") | B14: =LEFT(RIGHT(RIGHT(Tableau46[[#This Row],[file name]],LEN(Tableau46[[#This Row],[file name]])-SEARCH("@",Tableau46[[#This Row],[file name]])),LEN(RIGHT(Tableau46[[#This Row],[file name]],LEN(Tableau46[[#This Row],[file name]])-SEARCH("@",Tableau46[[#This Row],[file name]])))-SEARCH("/",RIGHT(Tableau46[[#This Row],[file name]],LEN(Tableau46[[#This Row],[file name]])-SEARCH("@",Tableau46[[#This Row],[file name]])))),1) -> #VALUE!
A15: =IFERROR(LEFT(RIGHT(C15,LEN(C15)-SEARCH("@",C15)),SEARCH("/",RIGHT(C15,LEN(C15)-SEARCH("@",C15)-1))),"") | B15: =LEFT(RIGHT(RIGHT(Tableau46[[#This Row],[file name]],LEN(Tableau46[[#This Row],[file name]])-SEARCH("@",Tableau46[[#This Row],[file name]])),LEN(RIGHT(Tableau46[[#This Row],[file name]],LEN(Tableau46[[#This Row],[file name]])-SEARCH("@",Tableau46[[#This Row],[file name]])))-SEARCH("/",RIGHT(Tableau46[[#This Row],[file name]],LEN(Tableau46[[#This Row],[file name]])-SEARCH("@",Tableau46[[#This Row],[file name]])))),1) -> #VALUE!
A16: =IFERROR(LEFT(RIGHT(C16,LEN(C16)-SEARCH("@",C16)),SEARCH("/",RIGHT(C16,LEN(C16)-SEARCH("@",C16)-1))),"") | B16: =LEFT(RIGHT(RIGHT(Tableau46[[#This Row],[file name]],LEN(Tableau46[[#This Row],[file name]])-SEARCH("@",Tableau46[[#This Row],[file name]])),LEN(RIGHT(Tableau46[[#This Row],[file name]],LEN(Tableau46[[#This Row],[file name]])-SEARCH("@",Tableau46[[#This Row],[file name]])))-SEARCH("/",RIGHT(Tableau46[[#This Row],[file name]],LEN(Tableau46[[#This Row],[file name]])-SEARCH("@",Tableau46[[#This Row],[file name]])))),1) -> #VALUE!
A17: =IFERROR(LEFT(RIGHT(C17,LEN(C17)-SEARCH("@",C17)),SEARCH("/",RIGHT(C17,LEN(C17)-SEARCH("@",C17)-1))),"") | B17: =LEFT(RIGHT(RIGHT(Tableau46[[#This Row],[file name]],LEN(Tableau46[[#This Row],[file name]])-SEARCH("@",Tableau46[[#This Row],[file name]])),LEN(RIGHT(Tableau46[[#This Row],[file name]],LEN(Tableau46[[#This Row],[file name]])-SEARCH("@",Tableau46[[#This Row],[file name]])))-SEARCH("/",RIGHT(Tableau46[[#This Row],[file name]],LEN(Tableau46[[#This Row],[file name]])-SEARCH("@",Tableau46[[#This Row],[file name]])))),1) -> #VALUE!
... A1531: =IFERROR(LEFT(RIGHT(C1531,LEN(C1531)-SEARCH("@",C1531)),SEARCH("/",RIGHT(C1531,LEN(C1531)-SEARCH("@",C1531)-1))),"") | B1531: =LEFT(RIGHT(RIGHT(Tableau46[[#This Row],[file name]],LEN(Tableau46[[#This Row],[file name]])-SEARCH("@",Tableau46[[#This Row],[file name]])),LEN(RIGHT(Tableau46[[#This Row],[file name]],LEN(Tableau46[[#This Row],[file name]])-SEARCH("@",Tableau46[[#This Row],[file name]])))-SEARCH("/",RIGHT(Tableau46[[#This Row],[file name]],LEN(Tableau46[[#This Row],[file name]])-SEARCH("@",Tableau46[[#This Row],[file name]])))),1) -> #VALUE!

Sheet R2
A1: 6. Expérimentateur 2 : copier et coller les valeurs des intensités totales de fluorescences obtenues dans le fichier raw data lors du traitement des images. Ne pas supprimer les colonnes correspondant aux concentrations non lues.
A3: R2 | B3: Non dopé | O3: avec testo
A4: Noms des groupes | B4: ='Page de garde'!A7 -> Témoin solvant | C4: ='Page de garde'!A9 -> EE2-33.8ng/L | D4: ='Page de garde'!A10 -> EE2-50.6ng/L | E4: ='Page de garde'!A11 -> EE2-76ng/L | F4: ='Page de garde'!A12 -> EE2-114ng/L | G4: ='Page de garde'!A13 -> EE2-170.9ng/L | H4: ='Page de garde'!A14 -> EE2-488ng/L | I4: ='Page de garde'!A15 -> Testosterone-3.7µg/L | J4: ='Page de garde'!A16 -> Testosterone-11µg/L | K4: ='Page de garde'!A17 -> Testosterone-33µg/L | L4: ='Page de garde'!A18 -> Testosterone-100µg/L | M4: ='Page de garde'!A19 -> Testosterone-300µg/L | O4: ='Page de garde'!A36 -> Testo -30µg/L | P4: ='Page de garde'!A37 -> Testo 30µg/L + EE2 -64ng/L | Q4: ='Page de garde'!A38 -> Testo 30µg/L + FAD-10µg/L | R4: ='Page de garde'!A39 -> Testosterone-3.7µg/L + Testostérone | S4: ='Page de garde'!A40 -> Testosterone-11µg/L + Testostérone | T4: ='Page de garde'!A41 -> Testosterone-33µg/L + Testostérone | U4: ='Page de garde'!A42 -> Testosterone-100µg/L + Testostérone | V4: ='Page de garde'!A43 -> Testosterone-300µg/L + Testostérone
A5: Données brutes | B5: 20425 | C5: 5266 | D5: 20553 | E5: 128302 | F5: 2580598 | G5: 3454849 | H5: 11408250 | I5: 12678 | J5: 3178 | K5: 64726 | L5: 9528 | M5: 1187973 | O5: 194963 | P5: 6070749 | Q5: 75076 | R5: 25337 | S5: 20568 | T5: 2725958 | U5: 2290105 | V5: 64940
B6: 32635 | C6: 5201 | D6: 96829 | E6: 66856 | F6: 885196 | G6: 3028557 | H6: 5936158 | I6: 25 | J6: 4517 | K6: 8635 | L6: 776466 | M6: 49833 | O6: 1134466 | P6: 8310940 | Q6: 157 | R6: 1226701 | S6: 9067 | T6: 3131689 | U6: 103088 | V6: 2777103
B7: 1139 | C7: 28796 | D7: 28299 | E7: 179643 | F7: 871190 | G7: 1398458 | H7: 8722663 | I7: 14830 | J7: 36612 | K7: 0 | L7: 816367 | M7: 739531 | O7: 243058 | P7: 11367047 | Q7: 2464 | R7: 1531 | S7: 508711 | T7: 1663880 | U7: 139923 | V7: 499625
B8: 30470 | C8: 370 | D8: 2034472 | E8: 30966 | F8: 2085460 | G8: 2681815 | H8: 3792581 | I8: 3553 | J8: 64338 | K8: 493625 | L8: 429 | M8: 2222638 | O8: 15329 | P8: 2918381 | Q8: 7204 | R8: 18764 | S8: 2264719 | T8: 746616 | U8: 824251 | V8: 132650
B9: 6298 | C9: 1971 | D9: 39163 | E9: 3075288 | F9: 1300276 | G9: 2910091 | H9: 4361678 | I9: 12271 | J9: 9136 | K9: 781836 | M9: 1605 | O9: 670341 | P9: 3507096 | Q9: 17771 | R9: 219783 | S9: 28577 | T9: 2773585 | U9: 1301583 | V9: 1888787
B10: 21291 | C10: 28 | D10: 10345 | E10: 16916 | F10: 1004811 | G10: 1903433 | H10: 6052165 | I10: 86029 | J10: 7114 | K10: 498720 | M10: 0 | O10: 1195331 | P10: 4729680 | Q10: 29626 | R10: 150548 | S10: 3249586 | T10: 1564504 | U10: 3088702 | V10: 895730
B11: 2065 | C11: 130 | D11: 53999 | E11: 349294 | F11: 150975 | G11: 3809116 | I11: 4470 | J11: 31923 | K11: 746 | M11: 1682282 | O11: 30683 | P11: 10342504 | Q11: 11046 | R11: 16306 | S11: 10449 | T11: 2227353 | U11: 291 | V11: 809248
C12: 580662 | D12: 52353 | I12: 9746 | J12: 54756 | K12: 5836 | M12: 397016 | O12: 642339 | P12: 10194498 | Q12: 24173 | R12: 48699 | S12: 8543 | T12: 1727947 | U12: 1915141
O13: 5320920
O14: 6723
O15: 125073
O16: 1072115
O17: 2237625
O18: 695941
O19: 2663838
A22: =A4 -> Noms des groupes | B22: =B4 -> Témoin solvant | C22: =C4 -> EE2-33.8ng/L | D22: =D4 -> EE2-50.6ng/L | E22: =E4 -> EE2-76ng/L | F22: =F4 -> EE2-114ng/L | G22: =G4 -> EE2-170.9ng/L | H22: =H4 -> EE2-488ng/L | ... M22: =M4 -> Testosterone-300µg/L | N22: Noms des groupes | O22: =O4 -> Testo -30µg/L | P22: =P4 -> Testo 30µg/L + EE2 -64ng/L | Q22: =Q4 -> Testo 30µg/L + FAD-10µg/L | R22: =R4 -> Testosterone-3.7µg/L + Testostérone | S22: =S4 -> Testosterone-11µg/L + Testostérone | T22: =T4 -> Testosterone-33µg/L + Testostérone | U22: =U4 -> Testosterone-100µg/L + Testostérone | V22: =V4 -> Testosterone-300µg/L + Testostérone
A23: mean | B23: =AVERAGE(B5:B20) -> 16331.857 | C23: =AVERAGE(C5:C20) -> 77803 | D23: =AVERAGE(D5:D20) -> 292001.62 | E23: =AVERAGE(E5:E20) -> 549609.29 | F23: =AVERAGE(F5:F20) -> 1268358 | G23: =AVERAGE(G5:G20) -> 2740902.7 | H23: =AVERAGE(H5:H20) -> 6712249.2 | I23: =AVERAGE(I5:I20) -> 17950.25 | J23: =AVERAGE(J5:J20) -> 26446.75 | L23: =AVERAGE(L5:L20) -> 400697.5 | N23: mean | O23: =AVERAGE(O5:O20) -> 1083249.7 | P23: =AVERAGE(P5:P20) -> 7180111.9 | Q23: =AVERAGE(Q5:Q20) -> 20939.625 | R23: =AVERAGE(R5:R20) -> 213458.62 | S23: =AVERAGE(S5:S20) -> 762527.5 | T23: =AVERAGE(T5:T20) -> 2070191.5 | U23: =AVERAGE(U5:U20) -> 1207885.5 | V23: =AVERAGE(V5:V20) -> 1009726.1
A24: SD | B24: =STDEV(B5:B20) -> 13178.713 | C24: =STDEV(C5:C20) -> 203410.19 | D24: =STDEV(D5:D20) -> 704562 | E24: =STDEV(E5:E20) -> 1119475.9 | F24: =STDEV(F5:F20) -> 817843.26 | G24: =STDEV(G5:G20) -> 843521.71 | H24: =STDEV(H5:H20) -> 2869908.1 | I24: =STDEV(I5:I20) -> 27985.009 | J24: =STDEV(J5:J20) -> 24101.713 | L24: =STDEV(L5:L20) -> 457242.29 | N24: SD | O24: =STDEV(O5:O20) -> 1417725.6 | P24: =STDEV(P5:P20) -> 3311994.3 | Q24: =STDEV(Q5:Q20) -> 24161.695 | R24: =STDEV(R5:R20) -> 416598.78 | S24: =STDEV(S5:S20) -> 1270403 | T24: =STDEV(T5:T20) -> 789761.36 | U24: =STDEV(U5:U20) -> 1145440.7 | V24: =STDEV(V5:V20) -> 989245.68
B26: Non dopé | O26: avec testo
A27: Noms des groupes | B27: =B4 -> Témoin solvant | C27: =C4 -> EE2-33.8ng/L | D27: =D4 -> EE2-50.6ng/L | E27: =E4 -> EE2-76ng/L | F27: =F4 -> EE2-114ng/L | G27: =G4 -> EE2-170.9ng/L | H27: =H4 -> EE2-488ng/L | I27: =I4 -> Testosterone-3.7µg/L | ... M27: =M4 -> Testosterone-300µg/L | O27: =O4 -> Testo -30µg/L | P27: =P4 -> Testo 30µg/L + EE2 -64ng/L | Q27: =Q4 -> Testo 30µg/L + FAD-10µg/L | R27: =R4 -> Testosterone-3.7µg/L + Testostérone | S27: =S4 -> Testosterone-11µg/L + Testostérone | T27: =T4 -> Testosterone-33µg/L + Testostérone | U27: =U4 -> Testosterone-100µg/L + Testostérone | V27: =V4 -> Testosterone-300µg/L + Testostérone
A28: Données normalisées sur la moyenne du groupe "Testo" | B28: =IF(B5="","",(B5/$O$23)) -> 0.018855302 | C28: =IF(C5="","",(C5/$O$23)) -> 0.0048612985 | D28: =IF(D5="","",(D5/$O$23)) -> 0.018973465 | E28: =IF(E5="","",(E5/$O$23)) -> 0.11844176 | F28: =IF(F5="","",(F5/$O$23)) -> 2.3822744 | G28: =IF(G5="","",(G5/$O$23)) -> 3.1893377 | H28: =IF(H5="","",(H5/$O$23)) -> 10.531506 | I28: =IF(I5="","",(I5/$O$23)) -> 0.011703673 | ... M28: =IF(M5="","",(M5/$O$23)) -> 1.0966752 | O28: =IF(O5="","",(O5/$O$23)) -> 0.17997975 | P28: =IF(P5="","",(P5/$O$23)) -> 5.6042011 | Q28: =IF(Q5="","",(Q5/$O$23)) -> 0.069306276 | R28: =IF(R5="","",(R5/$O$23)) -> 0.023389806 | S28: =IF(S5="","",(S5/$O$23)) -> 0.018987313 | T28: =IF(T5="","",(T5/$O$23)) -> 2.5164633 | U28: =IF(U5="","",(U5/$O$23)) -> 2.1141064 | V28: =IF(V5="","",(V5/$O$23)) -> 0.059949245
B29: =IF(B6="","",(B6/$O$23)) -> 0.030126942 | C29: =IF(C6="","",(C6/$O$23)) -> 0.0048012939 | D29: =IF(D6="","",(D6/$O$23)) -> 0.089387519 | E29: =IF(E6="","",(E6/$O$23)) -> 0.061717997 | F29: =IF(F6="","",(F6/$O$23)) -> 0.81716711 | G29: =IF(G6="","",(G6/$O$23)) -> 2.795807 | H29: =IF(H6="","",(H6/$O$23)) -> 5.4799537 | I29: =IF(I6="","",(I6/$O$23)) -> 2.3078705e-05 | ... M29: =IF(M6="","",(M6/$O$23)) -> 0.046003245 | O29: =IF(O6="","",(O6/$O$23)) -> 1.0472803 | P29: =IF(P6="","",(P6/$O$23)) -> 7.6722295 | Q29: =IF(Q6="","",(Q6/$O$23)) -> 0.00014493427 | R29: =IF(R6="","",(R6/$O$23)) -> 1.1324268 | S29: =IF(S6="","",(S6/$O$23)) -> 0.0083701849 | T29: =IF(T6="","",(T6/$O$23)) -> 2.8910131 | U29: =IF(U6="","",(U6/$O$23)) -> 0.095165504 | V29: =IF(V6="","",(V6/$O$23)) -> 2.5636777
B30: =IF(B7="","",(B7/$O$23)) -> 0.0010514658 | C30: =IF(C7="","",(C7/$O$23)) -> 0.026582976 | D30: =IF(D7="","",(D7/$O$23)) -> 0.026124171 | E30: =IF(E7="","",(E7/$O$23)) -> 0.16583712 | F30: =IF(F7="","",(F7/$O$23)) -> 0.8042375 | G30: =IF(G7="","",(G7/$O$23)) -> 1.290984 | H30: =IF(H7="","",(H7/$O$23)) -> 8.0523108 | I30: =IF(I7="","",(I7/$O$23)) -> 0.013690288 | ... M30: =IF(M7="","",(M7/$O$23)) -> 0.68269673 | O30: =IF(O7="","",(O7/$O$23)) -> 0.22437856 | P30: =IF(P7="","",(P7/$O$23)) -> 10.493469 | Q30: =IF(Q7="","",(Q7/$O$23)) -> 0.0022746372 | R30: =IF(R7="","",(R7/$O$23)) -> 0.0014133399 | S30: =IF(S7="","",(S7/$O$23)) -> 0.46961565 | T30: =IF(T7="","",(T7/$O$23)) -> 1.5360079 | U30: =IF(U7="","",(U7/$O$23)) -> 0.12916967 | V30: =IF(V7="","",(V7/$O$23)) -> 0.46122793
B31: =IF(B8="","",(B8/$O$23)) -> 0.028128326 | C31: =IF(C8="","",(C8/$O$23)) -> 0.00034156484 | D31: =IF(D8="","",(D8/$O$23)) -> 1.8781192 | E31: =IF(E8="","",(E8/$O$23)) -> 0.028586208 | F31: =IF(F8="","",(F8/$O$23)) -> 1.9251887 | G31: =IF(G8="","",(G8/$O$23)) -> 2.4757127 | H31: =IF(H8="","",(H8/$O$23)) -> 3.5011144 | I31: =IF(I8="","",(I8/$O$23)) -> 0.0032799456 | ... M31: =IF(M8="","",(M8/$O$23)) -> 2.0518243 | O31: =IF(O8="","",(O8/$O$23)) -> 0.014150939 | P31: =IF(P8="","",(P8/$O$23)) -> 2.6940982 | Q31: =IF(Q8="","",(Q8/$O$23)) -> 0.0066503598 | R31: =IF(R8="","",(R8/$O$23)) -> 0.017321953 | S31: =IF(S8="","",(S8/$O$23)) -> 2.0906713 | T31: =IF(T8="","",(T8/$O$23)) -> 0.68923723 | U31: =IF(U8="","",(U8/$O$23)) -> 0.76090584 | V31: =IF(V8="","",(V8/$O$23)) -> 0.12245561
B32: =IF(B9="","",(B9/$O$23)) -> 0.0058139875 | C32: =IF(C9="","",(C9/$O$23)) -> 0.0018195251 | D32: =IF(D9="","",(D9/$O$23)) -> 0.036153254 | E32: =IF(E9="","",(E9/$O$23)) -> 2.8389466 | F32: =IF(F9="","",(F9/$O$23)) -> 1.2003475 | G32: =IF(G9="","",(G9/$O$23)) -> 2.6864453 | H32: =IF(H9="","",(H9/$O$23)) -> 4.0264753 | I32: =IF(I9="","",(I9/$O$23)) -> 0.011327952 | ... M32: =IF(M9="","",(M9/$O$23)) -> 0.0014816529 | O32: =IF(O9="","",(O9/$O$23)) -> 0.6188241 | P32: =IF(P9="","",(P9/$O$23)) -> 3.2375694 | Q32: =IF(Q9="","",(Q9/$O$23)) -> 0.016405267 | R32: =IF(R9="","",(R9/$O$23)) -> 0.20289228 | S32: =IF(S9="","",(S9/$O$23)) -> 0.026380807 | T32: =IF(T9="","",(T9/$O$23)) -> 2.5604301 | U32: =IF(U9="","",(U9/$O$23)) -> 1.201554 | V32: =IF(V9="","",(V9/$O$23)) -> 1.7436304
B33: =IF(B10="","",(B10/$O$23)) -> 0.019654749 | C33: =IF(C10="","",(C10/$O$23)) -> 2.584815e-05 | D33: =IF(D10="","",(D10/$O$23)) -> 0.0095499683 | E33: =IF(E10="","",(E10/$O$23)) -> 0.015615975 | F33: =IF(F10="","",(F10/$O$23)) -> 0.92758948 | G33: =IF(G10="","",(G10/$O$23)) -> 1.7571508 | H33: =IF(H10="","",(H10/$O$23)) -> 5.5870453 | I33: =IF(I10="","",(I10/$O$23)) -> 0.079417518 | ... M33: =IF(M10="","",(M10/$O$23)) -> 0 | O33: =IF(O10="","",(O10/$O$23)) -> 1.1034677 | P33: =IF(P10="","",(P10/$O$23)) -> 4.3661957 | Q33: =IF(Q10="","",(Q10/$O$23)) -> 0.027349189 | R33: =IF(R10="","",(R10/$O$23)) -> 0.13897812 | S33: =IF(S10="","",(S10/$O$23)) -> 2.9998495 | T33: =IF(T10="","",(T10/$O$23)) -> 1.4442691 | U33: =IF(U10="","",(U10/$O$23)) -> 2.8513297 | V33: =IF(V10="","",(V10/$O$23)) -> 0.82689155
B34: =IF(B11="","",(B11/$O$23)) -> 0.0019063011 | C34: =IF(C11="","",(C11/$O$23)) -> 0.00012000927 | D34: =IF(D11="","",(D11/$O$23)) -> 0.049849081 | E34: =IF(E11="","",(E11/$O$23)) -> 0.32245013 | F34: =IF(F11="","",(F11/$O$23)) -> 0.1393723 | G34: =IF(G11="","",(G11/$O$23)) -> 3.5163786 | H34: =IF(H11="","",(H11/$O$23)) | I34: =IF(I11="","",(I11/$O$23)) -> 0.0041264725 | ... M34: =IF(M11="","",(M11/$O$23)) -> 1.5529956 | O34: =IF(O11="","",(O11/$O$23)) -> 0.028324957 | P34: =IF(P11="","",(P11/$O$23)) -> 9.5476641 | Q34: =IF(Q11="","",(Q11/$O$23)) -> 0.010197095 | R34: =IF(R11="","",(R11/$O$23)) -> 0.015052855 | S34: =IF(S11="","",(S11/$O$23)) -> 0.0096459757 | T34: =IF(T11="","",(T11/$O$23)) -> 2.056177 | U34: =IF(U11="","",(U11/$O$23)) -> 0.00026863613 | V34: =IF(V11="","",(V11/$O$23)) -> 0.74705585
B35: =IF(B12="","",(B12/$O$23)) | C35: =IF(C12="","",(C12/$O$23)) -> 0.53603709 | D35: =IF(D12="","",(D12/$O$23)) -> 0.048329579 | E35: =IF(E12="","",(E12/$O$23)) | F35: =IF(F12="","",(F12/$O$23)) | G35: =IF(G12="","",(G12/$O$23)) | H35: =IF(H12="","",(H12/$O$23)) | I35: =IF(I12="","",(I12/$O$23)) -> 0.0089970025 | ... M35: =IF(M12="","",(M12/$O$23)) -> 0.36650461 | O35: =IF(O12="","",(O12/$O$23)) -> 0.5929741 | P35: =IF(P12="","",(P12/$O$23)) -> 9.4110327 | Q35: =IF(Q12="","",(Q12/$O$23)) -> 0.022315262 | R35: =IF(R12="","",(R12/$O$23)) -> 0.044956395 | S35: =IF(S12="","",(S12/$O$23)) -> 0.0078864552 | T35: =IF(T12="","",(T12/$O$23)) -> 1.5951512 | U35: =IF(U12="","",(U12/$O$23)) -> 1.767959 | V35: =IF(V12="","",(V12/$O$23))
B36: =IF(B13="","",(B13/$O$23)) | C36: =IF(C13="","",(C13/$O$23)) | D36: =IF(D13="","",(D13/$O$23)) | E36: =IF(E13="","",(E13/$O$23)) | F36: =IF(F13="","",(F13/$O$23)) | G36: =IF(G13="","",(G13/$O$23)) | H36: =IF(H13="","",(H13/$O$23)) | I36: =IF(I13="","",(I13/$O$23)) | ... M36: =IF(M13="","",(M13/$O$23)) | O36: =IF(O13="","",(O13/$O$23)) -> 4.9119978 | P36: =IF(P13="","",(P13/$O$23)) | Q36: =IF(Q13="","",(Q13/$O$23)) | R36: =IF(R13="","",(R13/$O$23)) | S36: =IF(S13="","",(S13/$O$23)) | T36: =IF(T13="","",(T13/$O$23)) | U36: =IF(U13="","",(U13/$O$23)) | V36: =IF(V13="","",(V13/$O$23))
B37: =IF(B14="","",(B14/$O$23)) | C37: =IF(C14="","",(C14/$O$23)) | D37: =IF(D14="","",(D14/$O$23)) | E37: =IF(E14="","",(E14/$O$23)) | F37: =IF(F14="","",(F14/$O$23)) | G37: =IF(G14="","",(G14/$O$23)) | H37: =IF(H14="","",(H14/$O$23)) | I37: =IF(I14="","",(I14/$O$23)) | ... M37: =IF(M14="","",(M14/$O$23)) | O37: =IF(O14="","",(O14/$O$23)) -> 0.0062063255 | P37: =IF(P14="","",(P14/$O$23)) | Q37: =IF(Q14="","",(Q14/$O$23)) | R37: =IF(R14="","",(R14/$O$23)) | S37: =IF(S14="","",(S14/$O$23)) | T37: =IF(T14="","",(T14/$O$23)) | U37: =IF(U14="","",(U14/$O$23)) | V37: =IF(V14="","",(V14/$O$23))
B38: =IF(B15="","",(B15/$O$23)) | C38: =IF(C15="","",(C15/$O$23)) | D38: =IF(D15="","",(D15/$O$23)) | E38: =IF(E15="","",(E15/$O$23)) | F38: =IF(F15="","",(F15/$O$23)) | G38: =IF(G15="","",(G15/$O$23)) | H38: =IF(H15="","",(H15/$O$23)) | I38: =IF(I15="","",(I15/$O$23)) | ... M38: =IF(M15="","",(M15/$O$23)) | O38: =IF(O15="","",(O15/$O$23)) -> 0.11546092 | P38: =IF(P15="","",(P15/$O$23)) | Q38: =IF(Q15="","",(Q15/$O$23)) | R38: =IF(R15="","",(R15/$O$23)) | S38: =IF(S15="","",(S15/$O$23)) | T38: =IF(T15="","",(T15/$O$23)) | U38: =IF(U15="","",(U15/$O$23)) | V38: =IF(V15="","",(V15/$O$23))
B39: =IF(B16="","",(B16/$O$23)) | C39: =IF(C16="","",(C16/$O$23)) | D39: =IF(D16="","",(D16/$O$23)) | E39: =IF(E16="","",(E16/$O$23)) | F39: =IF(F16="","",(F16/$O$23)) | G39: =IF(G16="","",(G16/$O$23)) | H39: =IF(H16="","",(H16/$O$23)) | I39: =IF(I16="","",(I16/$O$23)) | ... M39: =IF(M16="","",(M16/$O$23)) | O39: =IF(O16="","",(O16/$O$23)) -> 0.98972105 | P39: =IF(P16="","",(P16/$O$23)) | Q39: =IF(Q16="","",(Q16/$O$23)) | R39: =IF(R16="","",(R16/$O$23)) | S39: =IF(S16="","",(S16/$O$23)) | T39: =IF(T16="","",(T16/$O$23)) | U39: =IF(U16="","",(U16/$O$23)) | V39: =IF(V16="","",(V16/$O$23))
B40: =IF(B17="","",(B17/$O$23)) | C40: =IF(C17="","",(C17/$O$23)) | D40: =IF(D17="","",(D17/$O$23)) | E40: =IF(E17="","",(E17/$O$23)) | F40: =IF(F17="","",(F17/$O$23)) | G40: =IF(G17="","",(G17/$O$23)) | H40: =IF(H17="","",(H17/$O$23)) | I40: =IF(I17="","",(I17/$O$23)) | ... M40: =IF(M17="","",(M17/$O$23)) | O40: =IF(O17="","",(O17/$O$23)) -> 2.0656595 | P40: =IF(P17="","",(P17/$O$23)) | Q40: =IF(Q17="","",(Q17/$O$23)) | R40: =IF(R17="","",(R17/$O$23)) | S40: =IF(S17="","",(S17/$O$23)) | T40: =IF(T17="","",(T17/$O$23)) | U40: =IF(U17="","",(U17/$O$23)) | V40: =IF(V17="","",(V17/$O$23))
... B43: =IF(B20="","",(B20/$O$23)) | C43: =IF(C20="","",(C20/$O$23)) | D43: =IF(D20="","",(D20/$O$23)) | E43: =IF(E20="","",(E20/$O$23)) | F43: =IF(F20="","",(F20/$O$23)) | G43: =IF(G20="","",(G20/$O$23)) | H43: =IF(H20="","",(H20/$O$23)) | I43: =IF(I20="","",(I20/$O$23)) | ... M43: =IF(M20="","",(M20/$O$23)) | O43: =IF(O20="","",(O20/$O$23)) | P43: =IF(P20="","",(P20/$O$23)) | Q43: =IF(Q20="","",(Q20/$O$23)) | R43: =IF(R20="","",(R20/$O$23)) | S43: =IF(S20="","",(S20/$O$23)) | T43: =IF(T20="","",(T20/$O$23)) | U43: =IF(U20="","",(U20/$O$23)) | V43: =IF(V20="","",(V20/$O$23))
A45: =A4 -> Noms des groupes | B45: =B4 -> Témoin solvant | C45: =C4 -> EE2-33.8ng/L | D45: =D4 -> EE2-50.6ng/L | E45: =E4 -> EE2-76ng/L | F45: =F4 -> EE2-114ng/L | G45: =G4 -> EE2-170.9ng/L | H45: =H4 -> EE2-488ng/L | ... M45: =M4 -> Testosterone-300µg/L | O45: =O4 -> Testo -30µg/L | P45: =P4 -> Testo 30µg/L + EE2 -64ng/L | Q45: =Q4 -> Testo 30µg/L + FAD-10µg/L | R45: =R4 -> Testosterone-3.7µg/L + Testostérone | S45: =S4 -> Testosterone-11µg/L + Testostérone | T45: =T4 -> Testosterone-33µg/L + Testostérone | U45: =U4 -> Testosterone-100µg/L + Testostérone | V45: =V4 -> Testosterone-300µg/L + Testostérone
A46: mean | B46: =AVERAGE(B28:B43) -> 0.015076725 | C46: =AVERAGE(C28:C43) -> 0.071823701 | D46: =AVERAGE(D28:D43) -> 0.26956078 | E46: =AVERAGE(E28:E43) -> 0.50737083 | F46: =AVERAGE(F28:F43) -> 1.1708824 | G46: =AVERAGE(G28:G43) -> 2.5302595 | H46: =AVERAGE(H28:H43) -> 6.1964009 | I46: =AVERAGE(I28:I43) -> 0.016570741 | ... M46: =AVERAGE(M28:M43) -> 0.72477267 | N46: mean | O46: =AVERAGE(O28:O43) -> 1 | P46: =AVERAGE(P28:P43) -> 6.6283075 | Q46: =AVERAGE(Q28:Q43) -> 0.019330378 | R46: =AVERAGE(R28:R43) -> 0.19705395 | S46: =AVERAGE(S28:S43) -> 0.7039259 | T46: =AVERAGE(T28:T43) -> 1.9110936 | U46: =AVERAGE(U28:U43) -> 1.1150573 | V46: =AVERAGE(V28:V43) -> 0.93212689
A47: SD | B47: =STDEV(B28:B43) -> 0.012165906 | C47: =STDEV(C28:C43) -> 0.18777775 | D47: =STDEV(D28:D43) -> 0.65041516 | E47: =STDEV(E28:E43) -> 1.0334422 | F47: =STDEV(F28:F43) -> 0.75499055 | G47: =STDEV(G28:G43) -> 0.77869557 | H47: =STDEV(H28:H43) -> 2.6493506 | I47: =STDEV(I28:I43) -> 0.025834311 | ... M47: =STDEV(M28:M43) -> 0.77686462 | N47: SD | O47: =STDEV(O28:O43) -> 1.3087709 | P47: =STDEV(P28:P43) -> 3.0574616 | Q47: =STDEV(Q28:Q43) -> 0.022304826 | R47: =STDEV(R28:R43) -> 0.38458242 | S47: =STDEV(S28:S43) -> 1.1727703 | T47: =STDEV(T28:T43) -> 0.7290668 | U47: =STDEV(U28:U43) -> 1.0574115 | V47: =STDEV(V28:V43) -> 0.91322039
A48: SEM | B48: =B47/SQRT(COUNT(B28:B43)) -> 0.0045982801 | C48: =C47/SQRT(COUNT(C28:C43)) -> 0.066389461 | D48: =D47/SQRT(COUNT(D28:D43)) -> 0.22995648 | E48: =E47/SQRT(COUNT(E28:E43)) -> 0.39060443 | F48: =F47/SQRT(COUNT(F28:F43)) -> 0.2853596 | G48: =G47/SQRT(COUNT(G28:G43)) -> 0.29431926 | H48: =H47/SQRT(COUNT(H28:H43)) -> 1.0815928 | I48: =I47/SQRT(COUNT(I28:I43)) -> 0.0091338082 | ... M48: =M47/SQRT(COUNT(M28:M43)) -> 0.27466312 | N48: SEM | O48: =O47/SQRT(COUNT(O28:O43)) -> 0.33792319 | P48: =P47/SQRT(COUNT(P28:P43)) -> 1.0809759 | Q48: =Q47/SQRT(COUNT(Q28:Q43)) -> 0.0078859468 | R48: =R47/SQRT(COUNT(R28:R43)) -> 0.13597042 | S48: =S47/SQRT(COUNT(S28:S43)) -> 0.41463691 | T48: =T47/SQRT(COUNT(T28:T43)) -> 0.25776404 | U48: =U47/SQRT(COUNT(U28:U43)) -> 0.37385143 | V48: =V47/SQRT(COUNT(V28:V43)) -> 0.34516486
A50: 7. Expérimentateur 2 : réaliser les tests statistiques avec les données normalisées et renseigner les résultats ainsi que le test statistique utilisé dans le tableau violet.
A52: =A27 -> Noms des groupes | B52: =B27 -> Témoin solvant | C52: =C27 -> EE2-33.8ng/L | D52: =D27 -> EE2-50.6ng/L | E52: =E27 -> EE2-76ng/L | F52: =F27 -> EE2-114ng/L | G52: =G27 -> EE2-170.9ng/L | H52: =H27 -> EE2-488ng/L | I52: =I4 -> Testosterone-3.7µg/L | J52: =J4 -> Testosterone-11µg/L | K52: =K4 -> Testosterone-33µg/L | L52: =L4 -> Testosterone-100µg/L | M52: =M4 -> Testosterone-300µg/L | O52: =O27 -> Testo -30µg/L | P52: =P27 -> Testo 30µg/L + EE2 -64ng/L | Q52: =Q27 -> Testo 30µg/L + FAD-10µg/L | R52: =R27 -> Testosterone-3.7µg/L + Testostérone | S52: =S27 -> Testosterone-11µg/L + Testostérone | T52: =T27 -> Testosterone-33µg/L + Testostérone | U52: =U27 -> Testosterone-100µg/L + Testostérone | V52: =V27 -> Testosterone-300µg/L + Testostérone
A53: Mean | B53: =B46 -> 0.015076725 | C53: =C46 -> 0.071823701 | D53: =D46 -> 0.26956078 | E53: =E46 -> 0.50737083 | F53: =F46 -> 1.1708824 | G53: =G46 -> 2.5302595 | H53: =H46 -> 6.1964009 | I53: =I46 -> 0.016570741 | ... M53: =M46 -> 0.72477267 | O53: =O46 -> 1 | P53: =P46 -> 6.6283075 | Q53: =Q46 -> 0.019330378 | R53: =R46 -> 0.19705395 | S53: =S46 -> 0.7039259 | T53: =T46 -> 1.9110936 | U53: =U46 -> 1.1150573 | V53: =V46 -> 0.93212689
A54: SEM | B54: =B48 -> 0.0045982801 | C54: =C48 -> 0.066389461 | D54: =D48 -> 0.22995648 | E54: =E48 -> 0.39060443 | F54: =F48 -> 0.2853596 | G54: =G48 -> 0.29431926 | H54: =H48 -> 1.0815928 | I54: =I48 -> 0.0091338082 | ... M54: =M48 -> 0.27466312 | O54: =O48 -> 0.33792319 | P54: =P48 -> 1.0809759 | Q54: =Q48 -> 0.0078859468 | R54: =R48 -> 0.13597042 | S54: =S48 -> 0.41463691 | T54: =T48 -> 0.25776404 | U54: =U48 -> 0.37385143 | V54: =V48 -> 0.34516486
A55: % induction | B55: =(B53*100/$B53)-100 -> 0 | C55: =(C53*100/$B53)-100 -> 376.38795 | D55: =(D53*100/$B53)-100 -> 1687.9266 | E55: =(E53*100/$B53)-100 -> 3265.259 | F55: =(F53*100/$B53)-100 -> 7666.159 | G55: =(G53*100/$B53)-100 -> 16682.554 | H55: =(H53*100/$B53)-100 -> 40999.118 | I55: =(I53*100/$B53)-100 -> 9.9094233 | ... M55: =(M53*100/$B53)-100 -> 4707.2289 | O55: =(O53*100/$O53)-100 -> 0 | P55: =(P53*100/$O53)-100 -> 562.83075 | Q55: =(Q53*100/$O53)-100 -> -98.066962 | R55: =(R53*100/$O53)-100 -> -80.294605 | S55: =(S53*100/$O53)-100 -> -29.60741 | T55: =(T53*100/$O53)-100 -> 91.10936 | U55: =(U53*100/$O53)-100 -> 11.505735 | V55: =(V53*100/$O53)-100 -> -6.787311
A56: Test de normalité : valeur du p | B56: =[1]!SWTEST(B28:B43) -> #NAME? | C56: =[1]!SWTEST(C28:C43) -> #NAME? | D56: =[1]!SWTEST(D28:D43) -> #NAME? | E56: =[1]!SWTEST(E28:E43) -> #NAME? | F56: =[1]!SWTEST(F28:F43) -> #NAME? | G56: =[1]!SWTEST(G28:G43) -> #NAME? | H56: =[1]!SWTEST(H28:H43) -> #NAME? | I56: =[1]!SWTEST(I28:I43) -> #NAME? | ... M56: =[1]!SWTEST(M28:M43) -> #NAME? | O56: =[1]!SWTEST(O28:O43) -> #NAME? | P56: =[1]!SWTEST(P28:P43) -> #NAME? | Q56: =[1]!SWTEST(Q28:Q43) -> #NAME? | R56: =[1]!SWTEST(R28:R43) -> #NAME? | S56: =[1]!SWTEST(S28:S43) -> #NAME? | T56: =[1]!SWTEST(T28:T43) -> #NAME? | U56: =[1]!SWTEST(U28:U43) -> #NAME? | V56: =[1]!SWTEST(V28:V43) -> #NAME?
A57: Test de normalité : résultat normal? | B57: =IF(B56>0.05,"Oui","Non") -> #NAME? | C57: =IF(C56>0.05,"Oui","Non") -> #NAME? | D57: =IF(D56>0.05,"Oui","Non") -> #NAME? | E57: =IF(E56>0.05,"Oui","Non") -> #NAME? | F57: =IF(F56>0.05,"Oui","Non") -> #NAME? | G57: =IF(G56>0.05,"Oui","Non") -> #NAME? | H57: =IF(H56>0.05,"Oui","Non") -> #NAME? | I57: =IF(I56>0.05,"Oui","Non") -> #NAME? | ... M57: =IF(M56>0.05,"Oui","Non") -> #NAME? | O57: =IF(O56>0.05,"Oui","Non") -> #NAME? | P57: =IF(P56>0.05,"Oui","Non") -> #NAME? | Q57: =IF(Q56>0.05,"Oui","Non") -> #NAME? | R57: =IF(R56>0.05,"Oui","Non") -> #NAME? | S57: =IF(S56>0.05,"Oui","Non") -> #NAME? | T57: =IF(T56>0.05,"Oui","Non") -> #NAME? | U57: =IF(U56>0.05,"Oui","Non") -> #NAME? | V57: =IF(V56>0.05,"Oui","Non") -> #NAME?
A59: Test statistique utilisé | C59: =IF($B57="Non",IF(C57="Non","MW",IF(C57="Oui","MW","")),IF($B57="Oui",IF(C57="Oui","T-Test Welch",IF(C57="Non","MW","")))) -> #NAME? | D59: =IF($B57="Non",IF(D57="Non","MW",IF(D57="Oui","MW","")),IF($B57="Oui",IF(D57="Oui","T-Test Welch",IF(D57="Non","MW","")))) -> #NAME? | E59: =IF($B57="Non",IF(E57="Non","MW",IF(E57="Oui","MW","")),IF($B57="Oui",IF(E57="Oui","T-Test Welch",IF(E57="Non","MW","")))) -> #NAME? | F59: =IF($B57="Non",IF(F57="Non","MW",IF(F57="Oui","MW","")),IF($B57="Oui",IF(F57="Oui","T-Test Welch",IF(F57="Non","MW","")))) -> #NAME? | G59: =IF($B57="Non",IF(G57="Non","MW",IF(G57="Oui","MW","")),IF($B57="Oui",IF(G57="Oui","T-Test Welch",IF(G57="Non","MW","")))) -> #NAME? | H59: =IF($B57="Non",IF(H57="Non","MW",IF(H57="Oui","MW","")),IF($B57="Oui",IF(H57="Oui","T-Test Welch",IF(H57="Non","MW","")))) -> #NAME? | I59: =IF($B57="Non",IF(I57="Non","MW",IF(I57="Oui","MW","")),IF($B57="Oui",IF(I57="Oui","T-Test Welch",IF(I57="Non","MW","")))) -> #NAME? | J59: =IF($B57="Non",IF(J57="Non","MW",IF(J57="Oui","MW","")),IF($B57="Oui",IF(J57="Oui","T-Test Welch",IF(J57="Non","MW","")))) -> #NAME? | ... M59: =IF($B57="Non",IF(M57="Non","MW",IF(M57="Oui","MW","")),IF($B57="Oui",IF(M57="Oui","T-Test Welch",IF(M57="Non","MW","")))) -> #NAME? | O59: =IF($B57="Non",IF(O57="Non","MW",IF(O57="Oui","MW","")),IF($B57="Oui",IF(O57="Oui","T-Test Welch",IF(O57="Non","MW","")))) -> #NAME? | P59: =IF($O57="Non",IF(P57="Non","MW",IF(P57="Oui","MW","")),IF($O57="Oui",IF(P57="Oui","T-Test Welch",IF(P57="Non","MW","")))) -> #NAME? | Q59: =IF($O57="Non",IF(Q57="Non","MW",IF(Q57="Oui","MW","")),IF($O57="Oui",IF(Q57="Oui","T-Test Welch",IF(Q57="Non","MW","")))) -> #NAME? | R59: =IF($O57="Non",IF(R57="Non","MW",IF(R57="Oui","MW","")),IF($O57="Oui",IF(R57="Oui","T-Test Welch",IF(R57="Non","MW","")))) -> #NAME? | S59: =IF($O57="Non",IF(S57="Non","MW",IF(S57="Oui","MW","")),IF($O57="Oui",IF(S57="Oui","T-Test Welch",IF(S57="Non","MW","")))) -> #NAME? | T59: =IF($O57="Non",IF(T57="Non","MW",IF(T57="Oui","MW","")),IF($O57="Oui",IF(T57="Oui","T-Test Welch",IF(T57="Non","MW","")))) -> #NAME? | U59: =IF($O57="Non",IF(U57="Non","MW",IF(U57="Oui","MW","")),IF($O57="Oui",IF(U57="Oui","T-Test Welch",IF(U57="Non","MW","")))) -> #NAME? | V59: =IF($O57="Non",IF(V57="Non","MW",IF(V57="Oui","MW","")),IF($O57="Oui",IF(V57="Oui","T-Test Welch",IF(V57="Non","MW","")))) -> #NAME?
A60: Test statistique : valeur du p | C60: =IF(C59="MW",[1]!MTEST($B28:$B43,C28:C43,2), IF(C59="T-Test Welch",_xlfn.T.TEST($B28:$B43,C28:C43,2,3),"")) -> #NAME? | D60: =IF(D59="MW",[1]!MTEST($B28:$B43,D28:D43,2), IF(D59="T-Test Welch",_xlfn.T.TEST($B28:$B43,D28:D43,2,3),"")) -> #NAME? | E60: =IF(E59="MW",[1]!MTEST($B28:$B43,E28:E43,2), IF(E59="T-Test Welch",_xlfn.T.TEST($B28:$B43,E28:E43,2,3),"")) -> #NAME? | F60: =IF(F59="MW",[1]!MTEST($B28:$B43,F28:F43,2), IF(F59="T-Test Welch",_xlfn.T.TEST($B28:$B43,F28:F43,2,3),"")) -> #NAME? | G60: =IF(G59="MW",[1]!MTEST($B28:$B43,G28:G43,2), IF(G59="T-Test Welch",_xlfn.T.TEST($B28:$B43,G28:G43,2,3),"")) -> #NAME? | H60: =IF(H59="MW",[1]!MTEST($B28:$B43,H28:H43,2), IF(H59="T-Test Welch",_xlfn.T.TEST($B28:$B43,H28:H43,2,3),"")) -> #NAME? | I60: =IF(I59="MW",[1]!MTEST($B28:$B43,I28:I43,2), IF(I59="T-Test Welch",_xlfn.T.TEST($B28:$B43,I28:I43,2,3),"")) -> #NAME? | J60: =IF(J59="MW",[1]!MTEST($B28:$B43,J28:J43,2), IF(J59="T-Test Welch",_xlfn.T.TEST($B28:$B43,J28:J43,2,3),"")) -> #NAME? | ... M60: =IF(M59="MW",[1]!MTEST($B28:$B43,M28:M43,2), IF(M59="T-Test Welch",_xlfn.T.TEST($B28:$B43,M28:M43,2,3),"")) -> #NAME? | O60: =IF(O59="MW",[1]!MTEST($B28:$B43,O28:O43,2), IF(O59="T-Test Welch",_xlfn.T.TEST($B28:$B43,O28:O43,2,3),"")) -> #NAME? | P60: =IF(P59="MW",[1]!MTEST($O28:$O43,P28:P43,2), IF(P59="T-Test Welch",_xlfn.T.TEST($O28:$O43,P28:P43,2,3),"")) -> #NAME? | Q60: =IF(Q59="MW",[1]!MTEST($O28:$O43,Q28:Q43,2), IF(Q59="T-Test Welch",_xlfn.T.TEST($O28:$O43,Q28:Q43,2,3),"")) -> #NAME? | R60: =IF(R59="MW",[1]!MTEST($O28:$O43,R28:R43,2), IF(R59="T-Test Welch",_xlfn.T.TEST($O28:$O43,R28:R43,2,3),"")) -> #NAME? | S60: =IF(S59="MW",[1]!MTEST($O28:$O43,S28:S43,2), IF(S59="T-Test Welch",_xlfn.T.TEST($O28:$O43,S28:S43,2,3),"")) -> #NAME? | T60: =IF(T59="MW",[1]!MTEST($O28:$O43,T28:T43,2), IF(T59="T-Test Welch",_xlfn.T.TEST($O28:$O43,T28:T43,2,3),"")) -> #NAME? | U60: =IF(U59="MW",[1]!MTEST($O28:$O43,U28:U43,2), IF(U59="T-Test Welch",_xlfn.T.TEST($O28:$O43,U28:U43,2,3),"")) -> #NAME? | V60: =IF(V59="MW",[1]!MTEST($O28:$O43,V28:V43,2), IF(V59="T-Test Welch",_xlfn.T.TEST($O28:$O43,V28:V43,2,3),"")) -> #NAME?
A61: Annotation | C61: =IF(C60>0.05,"NS",IF(C60>0.01,"*",IF(C60>0.001,"**","***"))) -> #NAME? | D61: =IF(D60>0.05,"NS",IF(D60>0.01,"*",IF(D60>0.001,"**","***"))) -> #NAME? | E61: =IF(E60>0.05,"NS",IF(E60>0.01,"*",IF(E60>0.001,"**","***"))) -> #NAME? | F61: =IF(F60>0.05,"NS",IF(F60>0.01,"*",IF(F60>0.001,"**","***"))) -> #NAME? | G61: =IF(G60>0.05,"NS",IF(G60>0.01,"*",IF(G60>0.001,"**","***"))) -> #NAME? | H61: =IF(H60>0.05,"NS",IF(H60>0.01,"*",IF(H60>0.001,"**","***"))) -> #NAME? | I61: =IF(I60>0.05,"NS",IF(I60>0.01,"*",IF(I60>0.001,"**","***"))) -> #NAME? | J61: =IF(J60>0.05,"NS",IF(J60>0.01,"*",IF(J60>0.001,"**","***"))) -> #NAME? | ... M61: =IF(M60>0.05,"NS",IF(M60>0.01,"*",IF(M60>0.001,"**","***"))) -> #NAME? | O61: =IF(O60>0.05,"NS",IF(O60>0.01,"*",IF(O60>0.001,"**","***"))) -> #NAME? | P61: =IF(P60>0.05,"NS",IF(P60>0.01,"*",IF(P60>0.001,"**","***"))) -> #NAME? | Q61: =IF(Q60>0.05,"NS",IF(Q60>0.01,"*",IF(Q60>0.001,"**","***"))) -> #NAME? | R61: =IF(R60>0.05,"NS",IF(R60>0.01,"*",IF(R60>0.001,"**","***"))) -> #NAME? | S61: =IF(S60>0.05,"NS",IF(S60>0.01,"*",IF(S60>0.001,"**","***"))) -> #NAME? | T61: =IF(T60>0.05,"NS",IF(T60>0.01,"*",IF(T60>0.001,"**","***"))) -> #NAME? | U61: =IF(U60>0.05,"NS",IF(U60>0.01,"*",IF(U60>0.001,"**","***"))) -> #NAME? | V61: =IF(V60>0.05,"NS",IF(V60>0.01,"*",IF(V60>0.001,"**","***"))) -> #NAME?
A63: Eléments pour la mise en forme conditionnelles des résutats - calcul équivalent hormonal (eqH)
A64: LOD | B64: =B46+(3*B47) -> 0.051574441
A65: LOQ | B65: =B46+(10*B47) -> 0.13673578
A67: 8. Expérimentateur 2 : se reporter à l'onglet "pooled normalised values".

Sheet Raw data R3
A1: Nom groupe | B1: N° de valeur | C1: file name | D1: total area | E1: mean intensity | G1: total fluorescence | I1: nbre de larves | L1: (Tous)
A2: =IFERROR(LEFT(RIGHT(C2,LEN(C2)-SEARCH("@",C2)),SEARCH("/",RIGHT(C2,LEN(C2)-SEARCH("@",C2)-1))),"") | B2: =LEFT(RIGHT(RIGHT(Tableau467[[#This Row],[file name]],LEN(Tableau467[[#This Row],[file name]])-SEARCH("@",Tableau467[[#This Row],[file name]])),LEN(RIGHT(Tableau467[[#This Row],[file name]],LEN(Tableau467[[#This Row],[file name]])-SEARCH("@",Tableau467[[#This Row],[file name]])))-SEARCH("/",RIGHT(Tableau467[[#This Row],[file name]],LEN(Tableau467[[#This Row],[file name]])-SEARCH("@",Tableau467[[#This Row],[file name]])))),1) -> #VALUE! | K2: Filtre lignes : Enlever (vide) et Néant | L2: Filtre colonnes : Enlever (vide) et " "
A3: =IFERROR(LEFT(RIGHT(C3,LEN(C3)-SEARCH("@",C3)),SEARCH("/",RIGHT(C3,LEN(C3)-SEARCH("@",C3)-1))),"") | B3: =LEFT(RIGHT(RIGHT(Tableau467[[#This Row],[file name]],LEN(Tableau467[[#This Row],[file name]])-SEARCH("@",Tableau467[[#This Row],[file name]])),LEN(RIGHT(Tableau467[[#This Row],[file name]],LEN(Tableau467[[#This Row],[file name]])-SEARCH("@",Tableau467[[#This Row],[file name]])))-SEARCH("/",RIGHT(Tableau467[[#This Row],[file name]],LEN(Tableau467[[#This Row],[file name]])-SEARCH("@",Tableau467[[#This Row],[file name]])))),1) -> #VALUE! | K3: Moyenne de total fluorescence | L3: Étiquettes de colonnes
A4: =IFERROR(LEFT(RIGHT(C4,LEN(C4)-SEARCH("@",C4)),SEARCH("/",RIGHT(C4,LEN(C4)-SEARCH("@",C4)-1))),"") | B4: =LEFT(RIGHT(RIGHT(Tableau467[[#This Row],[file name]],LEN(Tableau467[[#This Row],[file name]])-SEARCH("@",Tableau467[[#This Row],[file name]])),LEN(RIGHT(Tableau467[[#This Row],[file name]],LEN(Tableau467[[#This Row],[file name]])-SEARCH("@",Tableau467[[#This Row],[file name]])))-SEARCH("/",RIGHT(Tableau467[[#This Row],[file name]],LEN(Tableau467[[#This Row],[file name]])-SEARCH("@",Tableau467[[#This Row],[file name]])))),1) -> #VALUE! | K4: Étiquettes de lignes
A5: =IFERROR(LEFT(RIGHT(C5,LEN(C5)-SEARCH("@",C5)),SEARCH("/",RIGHT(C5,LEN(C5)-SEARCH("@",C5)-1))),"") | B5: =LEFT(RIGHT(RIGHT(Tableau467[[#This Row],[file name]],LEN(Tableau467[[#This Row],[file name]])-SEARCH("@",Tableau467[[#This Row],[file name]])),LEN(RIGHT(Tableau467[[#This Row],[file name]],LEN(Tableau467[[#This Row],[file name]])-SEARCH("@",Tableau467[[#This Row],[file name]])))-SEARCH("/",RIGHT(Tableau467[[#This Row],[file name]],LEN(Tableau467[[#This Row],[file name]])-SEARCH("@",Tableau467[[#This Row],[file name]])))),1) -> #VALUE! | K5: #VALEUR!
A6: =IFERROR(LEFT(RIGHT(C6,LEN(C6)-SEARCH("@",C6)),SEARCH("/",RIGHT(C6,LEN(C6)-SEARCH("@",C6)-1))),"") | B6: =LEFT(RIGHT(RIGHT(Tableau467[[#This Row],[file name]],LEN(Tableau467[[#This Row],[file name]])-SEARCH("@",Tableau467[[#This Row],[file name]])),LEN(RIGHT(Tableau467[[#This Row],[file name]],LEN(Tableau467[[#This Row],[file name]])-SEARCH("@",Tableau467[[#This Row],[file name]])))-SEARCH("/",RIGHT(Tableau467[[#This Row],[file name]],LEN(Tableau467[[#This Row],[file name]])-SEARCH("@",Tableau467[[#This Row],[file name]])))),1) -> #VALUE!
A7: =IFERROR(LEFT(RIGHT(C7,LEN(C7)-SEARCH("@",C7)),SEARCH("/",RIGHT(C7,LEN(C7)-SEARCH("@",C7)-1))),"") | B7: =LEFT(RIGHT(RIGHT(Tableau467[[#This Row],[file name]],LEN(Tableau467[[#This Row],[file name]])-SEARCH("@",Tableau467[[#This Row],[file name]])),LEN(RIGHT(Tableau467[[#This Row],[file name]],LEN(Tableau467[[#This Row],[file name]])-SEARCH("@",Tableau467[[#This Row],[file name]])))-SEARCH("/",RIGHT(Tableau467[[#This Row],[file name]],LEN(Tableau467[[#This Row],[file name]])-SEARCH("@",Tableau467[[#This Row],[file name]])))),1) -> #VALUE!
A8: =IFERROR(LEFT(RIGHT(C8,LEN(C8)-SEARCH("@",C8)),SEARCH("/",RIGHT(C8,LEN(C8)-SEARCH("@",C8)-1))),"") | B8: =LEFT(RIGHT(RIGHT(Tableau467[[#This Row],[file name]],LEN(Tableau467[[#This Row],[file name]])-SEARCH("@",Tableau467[[#This Row],[file name]])),LEN(RIGHT(Tableau467[[#This Row],[file name]],LEN(Tableau467[[#This Row],[file name]])-SEARCH("@",Tableau467[[#This Row],[file name]])))-SEARCH("/",RIGHT(Tableau467[[#This Row],[file name]],LEN(Tableau467[[#This Row],[file name]])-SEARCH("@",Tableau467[[#This Row],[file name]])))),1) -> #VALUE!
A9: =IFERROR(LEFT(RIGHT(C9,LEN(C9)-SEARCH("@",C9)),SEARCH("/",RIGHT(C9,LEN(C9)-SEARCH("@",C9)-1))),"") | B9: =LEFT(RIGHT(RIGHT(Tableau467[[#This Row],[file name]],LEN(Tableau467[[#This Row],[file name]])-SEARCH("@",Tableau467[[#This Row],[file name]])),LEN(RIGHT(Tableau467[[#This Row],[file name]],LEN(Tableau467[[#This Row],[file name]])-SEARCH("@",Tableau467[[#This Row],[file name]])))-SEARCH("/",RIGHT(Tableau467[[#This Row],[file name]],LEN(Tableau467[[#This Row],[file name]])-SEARCH("@",Tableau467[[#This Row],[file name]])))),1) -> #VALUE!
A10: =IFERROR(LEFT(RIGHT(C10,LEN(C10)-SEARCH("@",C10)),SEARCH("/",RIGHT(C10,LEN(C10)-SEARCH("@",C10)-1))),"") | B10: =LEFT(RIGHT(RIGHT(Tableau467[[#This Row],[file name]],LEN(Tableau467[[#This Row],[file name]])-SEARCH("@",Tableau467[[#This Row],[file name]])),LEN(RIGHT(Tableau467[[#This Row],[file name]],LEN(Tableau467[[#This Row],[file name]])-SEARCH("@",Tableau467[[#This Row],[file name]])))-SEARCH("/",RIGHT(Tableau467[[#This Row],[file name]],LEN(Tableau467[[#This Row],[file name]])-SEARCH("@",Tableau467[[#This Row],[file name]])))),1) -> #VALUE!
A11: =IFERROR(LEFT(RIGHT(C11,LEN(C11)-SEARCH("@",C11)),SEARCH("/",RIGHT(C11,LEN(C11)-SEARCH("@",C11)-1))),"") | B11: =LEFT(RIGHT(RIGHT(Tableau467[[#This Row],[file name]],LEN(Tableau467[[#This Row],[file name]])-SEARCH("@",Tableau467[[#This Row],[file name]])),LEN(RIGHT(Tableau467[[#This Row],[file name]],LEN(Tableau467[[#This Row],[file name]])-SEARCH("@",Tableau467[[#This Row],[file name]])))-SEARCH("/",RIGHT(Tableau467[[#This Row],[file name]],LEN(Tableau467[[#This Row],[file name]])-SEARCH("@",Tableau467[[#This Row],[file name]])))),1) -> #VALUE!
A12: =IFERROR(LEFT(RIGHT(C12,LEN(C12)-SEARCH("@",C12)),SEARCH("/",RIGHT(C12,LEN(C12)-SEARCH("@",C12)-1))),"") | B12: =LEFT(RIGHT(RIGHT(Tableau467[[#This Row],[file name]],LEN(Tableau467[[#This Row],[file name]])-SEARCH("@",Tableau467[[#This Row],[file name]])),LEN(RIGHT(Tableau467[[#This Row],[file name]],LEN(Tableau467[[#This Row],[file name]])-SEARCH("@",Tableau467[[#This Row],[file name]])))-SEARCH("/",RIGHT(Tableau467[[#This Row],[file name]],LEN(Tableau467[[#This Row],[file name]])-SEARCH("@",Tableau467[[#This Row],[file name]])))),1) -> #VALUE!
A13: =IFERROR(LEFT(RIGHT(C13,LEN(C13)-SEARCH("@",C13)),SEARCH("/",RIGHT(C13,LEN(C13)-SEARCH("@",C13)-1))),"") | B13: =LEFT(RIGHT(RIGHT(Tableau467[[#This Row],[file name]],LEN(Tableau467[[#This Row],[file name]])-SEARCH("@",Tableau467[[#This Row],[file name]])),LEN(RIGHT(Tableau467[[#This Row],[file name]],LEN(Tableau467[[#This Row],[file name]])-SEARCH("@",Tableau467[[#This Row],[file name]])))-SEARCH("/",RIGHT(Tableau467[[#This Row],[file name]],LEN(Tableau467[[#This Row],[file name]])-SEARCH("@",Tableau467[[#This Row],[file name]])))),1) -> #VALUE!
A14: =IFERROR(LEFT(RIGHT(C14,LEN(C14)-SEARCH("@",C14)),SEARCH("/",RIGHT(C14,LEN(C14)-SEARCH("@",C14)-1))),"") | B14: =LEFT(RIGHT(RIGHT(Tableau467[[#This Row],[file name]],LEN(Tableau467[[#This Row],[file name]])-SEARCH("@",Tableau467[[#This Row],[file name]])),LEN(RIGHT(Tableau467[[#This Row],[file name]],LEN(Tableau467[[#This Row],[file name]])-SEARCH("@",Tableau467[[#This Row],[file name]])))-SEARCH("/",RIGHT(Tableau467[[#This Row],[file name]],LEN(Tableau467[[#This Row],[file name]])-SEARCH("@",Tableau467[[#This Row],[file name]])))),1) -> #VALUE!
A15: =IFERROR(LEFT(RIGHT(C15,LEN(C15)-SEARCH("@",C15)),SEARCH("/",RIGHT(C15,LEN(C15)-SEARCH("@",C15)-1))),"") | B15: =LEFT(RIGHT(RIGHT(Tableau467[[#This Row],[file name]],LEN(Tableau467[[#This Row],[file name]])-SEARCH("@",Tableau467[[#This Row],[file name]])),LEN(RIGHT(Tableau467[[#This Row],[file name]],LEN(Tableau467[[#This Row],[file name]])-SEARCH("@",Tableau467[[#This Row],[file name]])))-SEARCH("/",RIGHT(Tableau467[[#This Row],[file name]],LEN(Tableau467[[#This Row],[file name]])-SEARCH("@",Tableau467[[#This Row],[file name]])))),1) -> #VALUE!
A16: =IFERROR(LEFT(RIGHT(C16,LEN(C16)-SEARCH("@",C16)),SEARCH("/",RIGHT(C16,LEN(C16)-SEARCH("@",C16)-1))),"") | B16: =LEFT(RIGHT(RIGHT(Tableau467[[#This Row],[file name]],LEN(Tableau467[[#This Row],[file name]])-SEARCH("@",Tableau467[[#This Row],[file name]])),LEN(RIGHT(Tableau467[[#This Row],[file name]],LEN(Tableau467[[#This Row],[file name]])-SEARCH("@",Tableau467[[#This Row],[file name]])))-SEARCH("/",RIGHT(Tableau467[[#This Row],[file name]],LEN(Tableau467[[#This Row],[file name]])-SEARCH("@",Tableau467[[#This Row],[file name]])))),1) -> #VALUE!
A17: =IFERROR(LEFT(RIGHT(C17,LEN(C17)-SEARCH("@",C17)),SEARCH("/",RIGHT(C17,LEN(C17)-SEARCH("@",C17)-1))),"") | B17: =LEFT(RIGHT(RIGHT(Tableau467[[#This Row],[file name]],LEN(Tableau467[[#This Row],[file name]])-SEARCH("@",Tableau467[[#This Row],[file name]])),LEN(RIGHT(Tableau467[[#This Row],[file name]],LEN(Tableau467[[#This Row],[file name]])-SEARCH("@",Tableau467[[#This Row],[file name]])))-SEARCH("/",RIGHT(Tableau467[[#This Row],[file name]],LEN(Tableau467[[#This Row],[file name]])-SEARCH("@",Tableau467[[#This Row],[file name]])))),1) -> #VALUE!
... A1711: =IFERROR(LEFT(RIGHT(C1711,LEN(C1711)-SEARCH("@",C1711)),SEARCH("/",RIGHT(C1711,LEN(C1711)-SEARCH("@",C1711)-1))),"") | B1711: =LEFT(RIGHT(RIGHT(Tableau467[[#This Row],[file name]],LEN(Tableau467[[#This Row],[file name]])-SEARCH("@",Tableau467[[#This Row],[file name]])),LEN(RIGHT(Tableau467[[#This Row],[file name]],LEN(Tableau467[[#This Row],[file name]])-SEARCH("@",Tableau467[[#This Row],[file name]])))-SEARCH("/",RIGHT(Tableau467[[#This Row],[file name]],LEN(Tableau467[[#This Row],[file name]])-SEARCH("@",Tableau467[[#This Row],[file name]])))),1) -> #VALUE!

Sheet R3
A1: 6. Expérimentateur 2 : copier et coller les valeurs des intensités totales de fluorescences obtenues dans le fichier raw data lors du traitement des images. Ne pas supprimer les colonnes correspondant aux concentrations non lues.
A3: R3 | B3: Non dopé | O3: avec testo
A4: Noms des groupes | B4: ='Page de garde'!A7 -> Témoin solvant | C4: ='Page de garde'!A9 -> EE2-33.8ng/L | D4: ='Page de garde'!A10 -> EE2-50.6ng/L | E4: ='Page de garde'!A11 -> EE2-76ng/L | F4: ='Page de garde'!A12 -> EE2-114ng/L | G4: ='Page de garde'!A13 -> EE2-170.9ng/L | H4: ='Page de garde'!A14 -> EE2-488ng/L | I4: ='Page de garde'!A15 -> Testosterone-3.7µg/L | J4: ='Page de garde'!A16 -> Testosterone-11µg/L | K4: ='Page de garde'!A17 -> Testosterone-33µg/L | L4: ='Page de garde'!A18 -> Testosterone-100µg/L | M4: ='Page de garde'!A19 -> Testosterone-300µg/L | O4: ='Page de garde'!A36 -> Testo -30µg/L | P4: ='Page de garde'!A37 -> Testo 30µg/L + EE2 -64ng/L | Q4: ='Page de garde'!A38 -> Testo 30µg/L + FAD-10µg/L | R4: ='Page de garde'!A39 -> Testosterone-3.7µg/L + Testostérone | S4: ='Page de garde'!A40 -> Testosterone-11µg/L + Testostérone | T4: ='Page de garde'!A41 -> Testosterone-33µg/L + Testostérone | U4: ='Page de garde'!A42 -> Testosterone-100µg/L + Testostérone | V4: ='Page de garde'!A43 -> Testosterone-300µg/L + Testostérone
A5: Données brutes | B5: 148683 | C5: 25666 | D5: 797418 | E5: 1878392 | F5: 237047 | G5: 4506461 | H5: 8581162 | I5: 113137 | J5: 58203 | K5: 551279 | L5: 4742015 | M5: 8196698 | O5: 1286441 | P5: 5667556 | Q5: 40743 | R5: 59194 | S5: 926487 | T5: 987438 | U5: 203280 | V5: 5164635
B6: 175202 | C6: 354652 | D6: 352608 | E6: 1170102 | F6: 5683643 | G6: 8345297 | H6: 16723399 | I6: 209578 | J6: 1831977 | K6: 1153132 | L6: 5121753 | M6: 2154373 | O6: 340849 | P6: 7897515 | Q6: 126524 | R6: 1675361 | S6: 2663688 | T6: 2593138 | U6: 179078 | V6: 5951919
B7: 2616 | C7: 479567 | D7: 4190732 | E7: 87075 | F7: 1690006 | G7: 4323863 | H7: 7357387 | I7: 204641 | J7: 23726 | K7: 1310143 | L7: 106667 | M7: 2501255 | O7: 4651 | P7: 6778225 | Q7: 49469 | R7: 957314 | S7: 424919 | T7: 36553 | U7: 8389956 | V7: 5157
B8: 41086 | C8: 43960 | D8: 1309306 | E8: 7764209 | F8: 2855624 | G8: 8209872 | H8: 12401783 | I8: 70770 | J8: 303705 | K8: 2091059 | L8: 2930878 | M8: 6198158 | O8: 1427097 | P8: 5008848 | Q8: 85786 | R8: 3063202 | S8: 1147415 | T8: 7770 | U8: 1756709 | V8: 5232426
B9: 341199 | C9: 162534 | D9: 2827985 | E9: 2218102 | F9: 9111554 | G9: 7231551 | H9: 12267153 | I9: 154820 | J9: 271649 | K9: 50472 | L9: 2121620 | M9: 10623012 | O9: 1062385 | P9: 7248349 | Q9: 95909 | R9: 820397 | S9: 2776031 | T9: 2935589 | U9: 386885 | V9: 3731886
B10: 82294 | C10: 1051429 | D10: 123356 | E10: 4981877 | F10: 3239772 | G10: 3599786 | H10: 18639251 | I10: 235952 | J10: 65009 | K10: 125518 | L10: 759491 | M10: 8199050 | O10: 56666 | P10: 711662 | Q10: 285671 | R10: 250502 | S10: 66536 | T10: 1185452 | U10: 2824273 | V10: 6828140
B11: 216293 | C11: 142159 | D11: 36464 | E11: 10087628 | F11: 4713700 | G11: 7786480 | H11: 9034350 | I11: 171966 | J11: 84739 | K11: 1765710 | L11: 930903 | M11: 3227569 | O11: 28420 | Q11: 53734 | R11: 58232 | S11: 163699 | T11: 4931275 | U11: 3263818 | V11: 2143112
B12: 51287 | D12: 113469 | E12: 4358983 | F12: 2122084 | G12: 5456796 | H12: 12623732 | I12: 456284 | J12: 242343 | K12: 3469174 | L12: 5000971 | M12: 586860 | O12: 822256 | S12: 199409 | U12: 8689925 | V12: 4998142
O13: 404524
O14: 62992
O15: 203427
O16: 3427106
O17: 253445
O18: 107048
O19: 1098387
O20: 1447205
A22: =A4 -> Noms des groupes | B22: =B4 -> Témoin solvant | C22: =C4 -> EE2-33.8ng/L | D22: =D4 -> EE2-50.6ng/L | E22: =E4 -> EE2-76ng/L | F22: =F4 -> EE2-114ng/L | G22: =G4 -> EE2-170.9ng/L | H22: =H4 -> EE2-488ng/L | ... M22: =M4 -> Testosterone-300µg/L | N22: Noms des groupes | O22: =O4 -> Testo -30µg/L | P22: =P4 -> Testo 30µg/L + EE2 -64ng/L | Q22: =Q4 -> Testo 30µg/L + FAD-10µg/L | R22: =R4 -> Testosterone-3.7µg/L + Testostérone | S22: =S4 -> Testosterone-11µg/L + Testostérone | T22: =T4 -> Testosterone-33µg/L + Testostérone | U22: =U4 -> Testosterone-100µg/L + Testostérone | V22: =V4 -> Testosterone-300µg/L + Testostérone
A23: mean | B23: =AVERAGE(B5:B20) -> 132332.5 | C23: =AVERAGE(C5:C20) -> 322852.43 | D23: =AVERAGE(D5:D20) -> 1218917.2 | E23: =AVERAGE(E5:E20) -> 4068296 | F23: =AVERAGE(F5:F20) -> 3706678.8 | G23: =AVERAGE(G5:G20) -> 6182513.2 | H23: =AVERAGE(H5:H20) -> 12203527 | I23: =AVERAGE(I5:I20) -> 202143.5 | J23: =AVERAGE(J5:J20) -> 360168.88 | L23: =AVERAGE(L5:L20) -> 2714287.2 | N23: mean | O23: =AVERAGE(O5:O20) -> 752056.19 | P23: =AVERAGE(P5:P20) -> 5552025.8 | Q23: =AVERAGE(Q5:Q20) -> 105405.14 | R23: =AVERAGE(R5:R20) -> 983457.43 | S23: =AVERAGE(S5:S20) -> 1046023 | T23: =AVERAGE(T5:T20) -> 1811030.7 | U23: =AVERAGE(U5:U20) -> 3211740.5 | V23: =AVERAGE(V5:V20) -> 4256927.1
A24: SD | B24: =STDEV(B5:B20) -> 111486.21 | C24: =STDEV(C5:C20) -> 360750.92 | D24: =STDEV(D5:D20) -> 1520224.2 | E24: =STDEV(E5:E20) -> 3449219.5 | F24: =STDEV(F5:F20) -> 2769572.1 | G24: =STDEV(G5:G20) -> 1924350.9 | H24: =STDEV(H5:H20) -> 3940957 | I24: =STDEV(I5:I20) -> 115957.67 | J24: =STDEV(J5:J20) -> 604564.09 | L24: =STDEV(L5:L20) -> 2047159.4 | N24: SD | O24: =STDEV(O5:O20) -> 890606.57 | P24: =STDEV(P5:P20) -> 2593064.1 | Q24: =STDEV(Q5:Q20) -> 85045.894 | R24: =STDEV(R5:R20) -> 1086191.3 | S24: =STDEV(S5:S20) -> 1100308.6 | T24: =STDEV(T5:T20) -> 1783368.6 | U24: =STDEV(U5:U20) -> 3491255.7 | V24: =STDEV(V5:V20) -> 2224233.3
B26: Non dopé | O26: avec testo
A27: Noms des groupes | B27: =B4 -> Témoin solvant | C27: =C4 -> EE2-33.8ng/L | D27: =D4 -> EE2-50.6ng/L | E27: =E4 -> EE2-76ng/L | F27: =F4 -> EE2-114ng/L | G27: =G4 -> EE2-170.9ng/L | H27: =H4 -> EE2-488ng/L | I27: =I4 -> Testosterone-3.7µg/L | ... M27: =M4 -> Testosterone-300µg/L | O27: =O4 -> Testo -30µg/L | P27: =P4 -> Testo 30µg/L + EE2 -64ng/L | Q27: =Q4 -> Testo 30µg/L + FAD-10µg/L | R27: =R4 -> Testosterone-3.7µg/L + Testostérone | S27: =S4 -> Testosterone-11µg/L + Testostérone | T27: =T4 -> Testosterone-33µg/L + Testostérone | U27: =U4 -> Testosterone-100µg/L + Testostérone | V27: =V4 -> Testosterone-300µg/L + Testostérone
A28: Données normalisées sur la moyenne du groupe "Testo" | B28: =IF(B5="","",(B5/$O$23)) -> 0.19770198 | C28: =IF(C5="","",(C5/$O$23)) -> 0.034127769 | D28: =IF(D5="","",(D5/$O$23)) -> 1.0603171 | E28: =IF(E5="","",(E5/$O$23)) -> 2.4976751 | F28: =IF(F5="","",(F5/$O$23)) -> 0.31519852 | G28: =IF(G5="","",(G5/$O$23)) -> 5.9921866 | H28: =IF(H5="","",(H5/$O$23)) -> 11.410267 | I28: =IF(I5="","",(I5/$O$23)) -> 0.1504369 | ... M28: =IF(M5="","",(M5/$O$23)) -> 10.89905 | O28: =IF(O5="","",(O5/$O$23)) -> 1.710565 | P28: =IF(P5="","",(P5/$O$23)) -> 7.5360805 | Q28: =IF(Q5="","",(Q5/$O$23)) -> 0.054175473 | R28: =IF(R5="","",(R5/$O$23)) -> 0.078709545 | S28: =IF(S5="","",(S5/$O$23)) -> 1.2319385 | T28: =IF(T5="","",(T5/$O$23)) -> 1.3129843 | U28: =IF(U5="","",(U5/$O$23)) -> 0.27029895 | V28: =IF(V5="","",(V5/$O$23)) -> 6.8673526
B29: =IF(B6="","",(B6/$O$23)) -> 0.23296398 | C29: =IF(C6="","",(C6/$O$23)) -> 0.47157647 | D29: =IF(D6="","",(D6/$O$23)) -> 0.46885859 | E29: =IF(E6="","",(E6/$O$23)) -> 1.5558705 | F29: =IF(F6="","",(F6/$O$23)) -> 7.5574712 | G29: =IF(G6="","",(G6/$O$23)) -> 11.09664 | H29: =IF(H6="","",(H6/$O$23)) -> 22.236901 | I29: =IF(I6="","",(I6/$O$23)) -> 0.27867333 | ... M29: =IF(M6="","",(M6/$O$23)) -> 2.8646437 | O29: =IF(O6="","",(O6/$O$23)) -> 0.45322279 | P29: =IF(P6="","",(P6/$O$23)) -> 10.50123 | Q29: =IF(Q6="","",(Q6/$O$23)) -> 0.16823743 | R29: =IF(R6="","",(R6/$O$23)) -> 2.2277072 | S29: =IF(S6="","",(S6/$O$23)) -> 3.5418737 | T29: =IF(T6="","",(T6/$O$23)) -> 3.4480642 | U29: =IF(U6="","",(U6/$O$23)) -> 0.23811785 | V29: =IF(V6="","",(V6/$O$23)) -> 7.9141946
B30: =IF(B7="","",(B7/$O$23)) -> 0.0034784635 | C30: =IF(C7="","",(C7/$O$23)) -> 0.63767443 | D30: =IF(D7="","",(D7/$O$23)) -> 5.5723656 | E30: =IF(E7="","",(E7/$O$23)) -> 0.11578257 | F30: =IF(F7="","",(F7/$O$23)) -> 2.2471805 | G30: =IF(G7="","",(G7/$O$23)) -> 5.7493882 | H30: =IF(H7="","",(H7/$O$23)) -> 9.7830283 | I30: =IF(I7="","",(I7/$O$23)) -> 0.27210866 | ... M30: =IF(M7="","",(M7/$O$23)) -> 3.3258885 | O30: =IF(O7="","",(O7/$O$23)) -> 0.0061843783 | P30: =IF(P7="","",(P7/$O$23)) -> 9.0129237 | Q30: =IF(Q7="","",(Q7/$O$23)) -> 0.06577833 | R30: =IF(R7="","",(R7/$O$23)) -> 1.2729288 | S30: =IF(S7="","",(S7/$O$23)) -> 0.56500965 | T30: =IF(T7="","",(T7/$O$23)) -> 0.048604081 | U30: =IF(U7="","",(U7/$O$23)) -> 11.156023 | V30: =IF(V7="","",(V7/$O$23)) -> 0.0068572004
B31: =IF(B8="","",(B8/$O$23)) -> 0.054631556 | C31: =IF(C8="","",(C8/$O$23)) -> 0.058453079 | D31: =IF(D8="","",(D8/$O$23)) -> 1.7409683 | E31: =IF(E8="","",(E8/$O$23)) -> 10.323975 | F31: =IF(F8="","",(F8/$O$23)) -> 3.7970886 | G31: =IF(G8="","",(G8/$O$23)) -> 10.916567 | H31: =IF(H8="","",(H8/$O$23)) -> 16.490501 | I31: =IF(I8="","",(I8/$O$23)) -> 0.094102011 | ... M31: =IF(M8="","",(M8/$O$23)) -> 8.2416156 | O31: =IF(O8="","",(O8/$O$23)) -> 1.8975936 | P31: =IF(P8="","",(P8/$O$23)) -> 6.6602045 | Q31: =IF(Q8="","",(Q8/$O$23)) -> 0.1140686 | R31: =IF(R8="","",(R8/$O$23)) -> 4.0731026 | S31: =IF(S8="","",(S8/$O$23)) -> 1.5257038 | T31: =IF(T8="","",(T8/$O$23)) -> 0.010331675 | U31: =IF(U8="","",(U8/$O$23)) -> 2.3358747 | V31: =IF(V8="","",(V8/$O$23)) -> 6.9574935
B32: =IF(B9="","",(B9/$O$23)) -> 0.45368818 | C32: =IF(C9="","",(C9/$O$23)) -> 0.21611949 | D32: =IF(D9="","",(D9/$O$23)) -> 3.7603374 | E32: =IF(E9="","",(E9/$O$23)) -> 2.9493834 | F32: =IF(F9="","",(F9/$O$23)) -> 12.115523 | G32: =IF(G9="","",(G9/$O$23)) -> 9.6157057 | H32: =IF(H9="","",(H9/$O$23)) -> 16.311485 | I32: =IF(I9="","",(I9/$O$23)) -> 0.20586228 | ... M32: =IF(M9="","",(M9/$O$23)) -> 14.12529 | O32: =IF(O9="","",(O9/$O$23)) -> 1.4126405 | P32: =IF(P9="","",(P9/$O$23)) -> 9.6380418 | Q32: =IF(Q9="","",(Q9/$O$23)) -> 0.12752904 | R32: =IF(R9="","",(R9/$O$23)) -> 1.090872 | S32: =IF(S9="","",(S9/$O$23)) -> 3.6912548 | T32: =IF(T9="","",(T9/$O$23)) -> 3.9034171 | U32: =IF(U9="","",(U9/$O$23)) -> 0.5144363 | V32: =IF(V9="","",(V9/$O$23)) -> 4.9622436
B33: =IF(B10="","",(B10/$O$23)) -> 0.10942533 | C33: =IF(C10="","",(C10/$O$23)) -> 1.3980724 | D33: =IF(D10="","",(D10/$O$23)) -> 0.16402498 | E33: =IF(E10="","",(E10/$O$23)) -> 6.6243415 | F33: =IF(F10="","",(F10/$O$23)) -> 4.3078856 | G33: =IF(G10="","",(G10/$O$23)) -> 4.7865918 | H33: =IF(H10="","",(H10/$O$23)) -> 24.784386 | I33: =IF(I10="","",(I10/$O$23)) -> 0.31374252 | ... M33: =IF(M10="","",(M10/$O$23)) -> 10.902177 | O33: =IF(O10="","",(O10/$O$23)) -> 0.075348094 | P33: =IF(P10="","",(P10/$O$23)) -> 0.94628834 | Q33: =IF(Q10="","",(Q10/$O$23)) -> 0.37985327 | R33: =IF(R10="","",(R10/$O$23)) -> 0.33308947 | S33: =IF(S10="","",(S10/$O$23)) -> 0.088472113 | T33: =IF(T10="","",(T10/$O$23)) -> 1.5762812 | U33: =IF(U10="","",(U10/$O$23)) -> 3.7554016 | V33: =IF(V10="","",(V10/$O$23)) -> 9.079295
B34: =IF(B11="","",(B11/$O$23)) -> 0.28760218 | C34: =IF(C11="","",(C11/$O$23)) -> 0.1890271 | D34: =IF(D11="","",(D11/$O$23)) -> 0.048485739 | E34: =IF(E11="","",(E11/$O$23)) -> 13.413397 | F34: =IF(F11="","",(F11/$O$23)) -> 6.2677498 | G34: =IF(G11="","",(G11/$O$23)) -> 10.353588 | H34: =IF(H11="","",(H11/$O$23)) -> 12.012866 | I34: =IF(I11="","",(I11/$O$23)) -> 0.22866111 | ... M34: =IF(M11="","",(M11/$O$23)) -> 4.2916594 | O34: =IF(O11="","",(O11/$O$23)) -> 0.03778973 | P34: =IF(P11="","",(P11/$O$23)) | Q34: =IF(Q11="","",(Q11/$O$23)) -> 0.071449449 | R34: =IF(R11="","",(R11/$O$23)) -> 0.077430385 | S34: =IF(S11="","",(S11/$O$23)) -> 0.21766858 | T34: =IF(T11="","",(T11/$O$23)) -> 6.5570566 | U34: =IF(U11="","",(U11/$O$23)) -> 4.3398592 | V34: =IF(V11="","",(V11/$O$23)) -> 2.8496701
B35: =IF(B12="","",(B12/$O$23)) -> 0.068195702 | C35: =IF(C12="","",(C12/$O$23)) | D35: =IF(D12="","",(D12/$O$23)) -> 0.15087835 | E35: =IF(E12="","",(E12/$O$23)) -> 5.7960869 | F35: =IF(F12="","",(F12/$O$23)) -> 2.8217094 | G35: =IF(G12="","",(G12/$O$23)) -> 7.2558355 | H35: =IF(H12="","",(H12/$O$23)) -> 16.785623 | I35: =IF(I12="","",(I12/$O$23)) -> 0.60671531 | ... M35: =IF(M12="","",(M12/$O$23)) -> 0.78034063 | O35: =IF(O12="","",(O12/$O$23)) -> 1.0933438 | P35: =IF(P12="","",(P12/$O$23)) | Q35: =IF(Q12="","",(Q12/$O$23)) | R35: =IF(R12="","",(R12/$O$23)) | S35: =IF(S12="","",(S12/$O$23)) -> 0.26515173 | T35: =IF(T12="","",(T12/$O$23)) | U35: =IF(U12="","",(U12/$O$23)) -> 11.554888 | V35: =IF(V12="","",(V12/$O$23)) -> 6.6459689
B36: =IF(B13="","",(B13/$O$23)) | C36: =IF(C13="","",(C13/$O$23)) | D36: =IF(D13="","",(D13/$O$23)) | E36: =IF(E13="","",(E13/$O$23)) | F36: =IF(F13="","",(F13/$O$23)) | G36: =IF(G13="","",(G13/$O$23)) | H36: =IF(H13="","",(H13/$O$23)) | I36: =IF(I13="","",(I13/$O$23)) | ... M36: =IF(M13="","",(M13/$O$23)) | O36: =IF(O13="","",(O13/$O$23)) -> 0.53789066 | P36: =IF(P13="","",(P13/$O$23)) | Q36: =IF(Q13="","",(Q13/$O$23)) | R36: =IF(R13="","",(R13/$O$23)) | S36: =IF(S13="","",(S13/$O$23)) | T36: =IF(T13="","",(T13/$O$23)) | U36: =IF(U13="","",(U13/$O$23)) | V36: =IF(V13="","",(V13/$O$23))
B37: =IF(B14="","",(B14/$O$23)) | C37: =IF(C14="","",(C14/$O$23)) | D37: =IF(D14="","",(D14/$O$23)) | E37: =IF(E14="","",(E14/$O$23)) | F37: =IF(F14="","",(F14/$O$23)) | G37: =IF(G14="","",(G14/$O$23)) | H37: =IF(H14="","",(H14/$O$23)) | I37: =IF(I14="","",(I14/$O$23)) | ... M37: =IF(M14="","",(M14/$O$23)) | O37: =IF(O14="","",(O14/$O$23)) -> 0.083759699 | P37: =IF(P14="","",(P14/$O$23)) | Q37: =IF(Q14="","",(Q14/$O$23)) | R37: =IF(R14="","",(R14/$O$23)) | S37: =IF(S14="","",(S14/$O$23)) | T37: =IF(T14="","",(T14/$O$23)) | U37: =IF(U14="","",(U14/$O$23)) | V37: =IF(V14="","",(V14/$O$23))
B38: =IF(B15="","",(B15/$O$23)) | C38: =IF(C15="","",(C15/$O$23)) | D38: =IF(D15="","",(D15/$O$23)) | E38: =IF(E15="","",(E15/$O$23)) | F38: =IF(F15="","",(F15/$O$23)) | G38: =IF(G15="","",(G15/$O$23)) | H38: =IF(H15="","",(H15/$O$23)) | I38: =IF(I15="","",(I15/$O$23)) | ... M38: =IF(M15="","",(M15/$O$23)) | O38: =IF(O15="","",(O15/$O$23)) -> 0.27049442 | P38: =IF(P15="","",(P15/$O$23)) | Q38: =IF(Q15="","",(Q15/$O$23)) | R38: =IF(R15="","",(R15/$O$23)) | S38: =IF(S15="","",(S15/$O$23)) | T38: =IF(T15="","",(T15/$O$23)) | U38: =IF(U15="","",(U15/$O$23)) | V38: =IF(V15="","",(V15/$O$23))
B39: =IF(B16="","",(B16/$O$23)) | C39: =IF(C16="","",(C16/$O$23)) | D39: =IF(D16="","",(D16/$O$23)) | E39: =IF(E16="","",(E16/$O$23)) | F39: =IF(F16="","",(F16/$O$23)) | G39: =IF(G16="","",(G16/$O$23)) | H39: =IF(H16="","",(H16/$O$23)) | I39: =IF(I16="","",(I16/$O$23)) | ... M39: =IF(M16="","",(M16/$O$23)) | O39: =IF(O16="","",(O16/$O$23)) -> 4.5569813 | P39: =IF(P16="","",(P16/$O$23)) | Q39: =IF(Q16="","",(Q16/$O$23)) | R39: =IF(R16="","",(R16/$O$23)) | S39: =IF(S16="","",(S16/$O$23)) | T39: =IF(T16="","",(T16/$O$23)) | U39: =IF(U16="","",(U16/$O$23)) | V39: =IF(V16="","",(V16/$O$23))
B40: =IF(B17="","",(B17/$O$23)) | C40: =IF(C17="","",(C17/$O$23)) | D40: =IF(D17="","",(D17/$O$23)) | E40: =IF(E17="","",(E17/$O$23)) | F40: =IF(F17="","",(F17/$O$23)) | G40: =IF(G17="","",(G17/$O$23)) | H40: =IF(H17="","",(H17/$O$23)) | I40: =IF(I17="","",(I17/$O$23)) | ... M40: =IF(M17="","",(M17/$O$23)) | O40: =IF(O17="","",(O17/$O$23)) -> 0.33700275 | P40: =IF(P17="","",(P17/$O$23)) | Q40: =IF(Q17="","",(Q17/$O$23)) | R40: =IF(R17="","",(R17/$O$23)) | S40: =IF(S17="","",(S17/$O$23)) | T40: =IF(T17="","",(T17/$O$23)) | U40: =IF(U17="","",(U17/$O$23)) | V40: =IF(V17="","",(V17/$O$23))
... B43: =IF(B20="","",(B20/$O$23)) | C43: =IF(C20="","",(C20/$O$23)) | D43: =IF(D20="","",(D20/$O$23)) | E43: =IF(E20="","",(E20/$O$23)) | F43: =IF(F20="","",(F20/$O$23)) | G43: =IF(G20="","",(G20/$O$23)) | H43: =IF(H20="","",(H20/$O$23)) | I43: =IF(I20="","",(I20/$O$23)) | ... M43: =IF(M20="","",(M20/$O$23)) | O43: =IF(O20="","",(O20/$O$23)) -> 1.924331 | P43: =IF(P20="","",(P20/$O$23)) | Q43: =IF(Q20="","",(Q20/$O$23)) | R43: =IF(R20="","",(R20/$O$23)) | S43: =IF(S20="","",(S20/$O$23)) | T43: =IF(T20="","",(T20/$O$23)) | U43: =IF(U20="","",(U20/$O$23)) | V43: =IF(V20="","",(V20/$O$23))
A45: =A4 -> Noms des groupes | B45: =B4 -> Témoin solvant | C45: =C4 -> EE2-33.8ng/L | D45: =D4 -> EE2-50.6ng/L | E45: =E4 -> EE2-76ng/L | F45: =F4 -> EE2-114ng/L | G45: =G4 -> EE2-170.9ng/L | H45: =H4 -> EE2-488ng/L | ... M45: =M4 -> Testosterone-300µg/L | O45: =O4 -> Testo -30µg/L | P45: =P4 -> Testo 30µg/L + EE2 -64ng/L | Q45: =Q4 -> Testo 30µg/L + FAD-10µg/L | R45: =R4 -> Testosterone-3.7µg/L + Testostérone | S45: =S4 -> Testosterone-11µg/L + Testostérone | T45: =T4 -> Testosterone-33µg/L + Testostérone | U45: =U4 -> Testosterone-100µg/L + Testostérone | V45: =V4 -> Testosterone-300µg/L + Testostérone
A46: mean | B46: =AVERAGE(B28:B43) -> 0.17596092 | C46: =AVERAGE(C28:C43) -> 0.42929296 | D46: =AVERAGE(D28:D43) -> 1.6207795 | E46: =AVERAGE(E28:E43) -> 5.4095639 | F46: =AVERAGE(F28:F43) -> 4.9287258 | G46: =AVERAGE(G28:G43) -> 8.220813 | H46: =AVERAGE(H28:H43) -> 16.226882 | I46: =AVERAGE(I28:I43) -> 0.26878776 | ... M46: =AVERAGE(M28:M43) -> 6.9288332 | N46: mean | O46: =AVERAGE(O28:O43) -> 1 | P46: =AVERAGE(P28:P43) -> 7.3824615 | Q46: =AVERAGE(Q28:Q43) -> 0.14015594 | R46: =AVERAGE(R28:R43) -> 1.3076914 | S46: =AVERAGE(S28:S43) -> 1.3908841 | T46: =AVERAGE(T28:T43) -> 2.4081056 | U46: =AVERAGE(U28:U43) -> 4.2706124 | V46: =AVERAGE(V28:V43) -> 5.6603844
A47: SD | B47: =STDEV(B28:B43) -> 0.14824187 | C47: =STDEV(C28:C43) -> 0.47968613 | D47: =STDEV(D28:D43) -> 2.0214237 | E47: =STDEV(E28:E43) -> 4.5863854 | F47: =STDEV(F28:F43) -> 3.6826664 | G47: =STDEV(G28:G43) -> 2.558786 | H47: =STDEV(H28:H43) -> 5.2402428 | I47: =STDEV(I28:I43) -> 0.15418751 | ... M47: =STDEV(M28:M43) -> 4.7707438 | N47: SD | O47: =STDEV(O28:O43) -> 1.1842288 | P47: =STDEV(P28:P43) -> 3.4479659 | Q47: =STDEV(Q28:Q43) -> 0.11308449 | R47: =STDEV(R28:R43) -> 1.4442954 | S47: =STDEV(S28:S43) -> 1.463067 | T47: =STDEV(T28:T43) -> 2.3713236 | U47: =STDEV(U28:U43) -> 4.6422804 | V47: =STDEV(V28:V43) -> 2.9575361
A48: SEM | B48: =B47/SQRT(COUNT(B28:B43)) -> 0.052411415 | C48: =C47/SQRT(COUNT(C28:C43)) -> 0.18130431 | D48: =D47/SQRT(COUNT(D28:D43)) -> 0.7146812 | E48: =E47/SQRT(COUNT(E28:E43)) -> 1.6215321 | F48: =F47/SQRT(COUNT(F28:F43)) -> 1.3020192 | G48: =G47/SQRT(COUNT(G28:G43)) -> 0.90466748 | H48: =H47/SQRT(COUNT(H28:H43)) -> 1.8527056 | I48: =I47/SQRT(COUNT(I28:I43)) -> 0.054513516 | ... M48: =M47/SQRT(COUNT(M28:M43)) -> 1.6867126 | N48: SEM | O48: =O47/SQRT(COUNT(O28:O43)) -> 0.29605719 | P48: =P47/SQRT(COUNT(P28:P43)) -> 1.4076262 | Q48: =Q47/SQRT(COUNT(Q28:Q43)) -> 0.042741922 | R48: =R47/SQRT(COUNT(R28:R43)) -> 0.54589234 | S48: =S47/SQRT(COUNT(S28:S43)) -> 0.51727229 | T48: =T47/SQRT(COUNT(T28:T43)) -> 0.89627609 | U48: =U47/SQRT(COUNT(U28:U43)) -> 1.641294 | V48: =V47/SQRT(COUNT(V28:V43)) -> 1.0456469
A50: 7. Expérimentateur 2 : réaliser les tests statistiques avec les données normalisées et renseigner les résultats ainsi que le test statistique utilisé dans le tableau violet.
A52: =A27 -> Noms des groupes | B52: =B27 -> Témoin solvant | C52: =C27 -> EE2-33.8ng/L | D52: =D27 -> EE2-50.6ng/L | E52: =E27 -> EE2-76ng/L | F52: =F27 -> EE2-114ng/L | G52: =G27 -> EE2-170.9ng/L | H52: =H27 -> EE2-488ng/L | I52: =I4 -> Testosterone-3.7µg/L | J52: =J4 -> Testosterone-11µg/L | K52: =K4 -> Testosterone-33µg/L | L52: =L4 -> Testosterone-100µg/L | M52: =M4 -> Testosterone-300µg/L | O52: =O27 -> Testo -30µg/L | P52: =P27 -> Testo 30µg/L + EE2 -64ng/L | Q52: =Q27 -> Testo 30µg/L + FAD-10µg/L | R52: =R27 -> Testosterone-3.7µg/L + Testostérone | S52: =S27 -> Testosterone-11µg/L + Testostérone | T52: =T27 -> Testosterone-33µg/L + Testostérone | U52: =U27 -> Testosterone-100µg/L + Testostérone | V52: =V27 -> Testosterone-300µg/L + Testostérone
A53: Mean | B53: =B46 -> 0.17596092 | C53: =C46 -> 0.42929296 | D53: =D46 -> 1.6207795 | E53: =E46 -> 5.4095639 | F53: =F46 -> 4.9287258 | G53: =G46 -> 8.220813 | H53: =H46 -> 16.226882 | I53: =I46 -> 0.26878776 | ... M53: =M46 -> 6.9288332 | O53: =O46 -> 1 | P53: =P46 -> 7.3824615 | Q53: =Q46 -> 0.14015594 | R53: =R46 -> 1.3076914 | S53: =S46 -> 1.3908841 | T53: =T46 -> 2.4081056 | U53: =U46 -> 4.2706124 | V53: =V46 -> 5.6603844
A54: SEM | B54: =B48 -> 0.052411415 | C54: =C48 -> 0.18130431 | D54: =D48 -> 0.7146812 | E54: =E48 -> 1.6215321 | F54: =F48 -> 1.3020192 | G54: =G48 -> 0.90466748 | H54: =H48 -> 1.8527056 | I54: =I48 -> 0.054513516 | ... M54: =M48 -> 1.6867126 | O54: =O48 -> 0.29605719 | P54: =P48 -> 1.4076262 | Q54: =Q48 -> 0.042741922 | R54: =R48 -> 0.54589234 | S54: =S48 -> 0.51727229 | T54: =T48 -> 0.89627609 | U54: =U48 -> 1.641294 | V54: =V48 -> 1.0456469
A55: % induction | B55: =(B53*100/$B53)-100 -> 0 | C55: =(C53*100/$B53)-100 -> 143.97063 | D55: =(D53*100/$B53)-100 -> 821.10196 | E55: =(E53*100/$B53)-100 -> 2974.2985 | F55: =(F53*100/$B53)-100 -> 2701.0343 | G55: =(G53*100/$B53)-100 -> 4571.9538 | H55: =(H53*100/$B53)-100 -> 9121.867 | I55: =(I53*100/$B53)-100 -> 52.754236 | ... M55: =(M53*100/$B53)-100 -> 3837.7114 | O55: =(O53*100/$O53)-100 -> 0 | P55: =(P53*100/$O53)-100 -> 638.24615 | Q55: =(Q53*100/$O53)-100 -> -85.984406 | R55: =(R53*100/$O53)-100 -> 30.769143 | S55: =(S53*100/$O53)-100 -> 39.088411 | T55: =(T53*100/$O53)-100 -> 140.81056 | U55: =(U53*100/$O53)-100 -> 327.06124 | V55: =(V53*100/$O53)-100 -> 466.03844
A56: Test de normalité : valeur du p | B56: =[1]!SWTEST(B28:B43) -> #NAME? | C56: =[1]!SWTEST(C28:C43) -> #NAME? | D56: =[1]!SWTEST(D28:D43) -> #NAME? | E56: =[1]!SWTEST(E28:E43) -> #NAME? | F56: =[1]!SWTEST(F28:F43) -> #NAME? | G56: =[1]!SWTEST(G28:G43) -> #NAME? | H56: =[1]!SWTEST(H28:H43) -> #NAME? | I56: =[1]!SWTEST(I28:I43) -> #NAME? | ... M56: =[1]!SWTEST(M28:M43) -> #NAME? | O56: =[1]!SWTEST(O28:O43) -> #NAME? | P56: =[1]!SWTEST(P28:P43) -> #NAME? | Q56: =[1]!SWTEST(Q28:Q43) -> #NAME? | R56: =[1]!SWTEST(R28:R43) -> #NAME? | S56: =[1]!SWTEST(S28:S43) -> #NAME? | T56: =[1]!SWTEST(T28:T43) -> #NAME? | U56: =[1]!SWTEST(U28:U43) -> #NAME? | V56: =[1]!SWTEST(V28:V43) -> #NAME?
A57: Test de normalité : résultat normal? | B57: =IF(B56>0.05,"Oui","Non") -> #NAME? | C57: =IF(C56>0.05,"Oui","Non") -> #NAME? | D57: =IF(D56>0.05,"Oui","Non") -> #NAME? | E57: =IF(E56>0.05,"Oui","Non") -> #NAME? | F57: =IF(F56>0.05,"Oui","Non") -> #NAME? | G57: =IF(G56>0.05,"Oui","Non") -> #NAME? | H57: =IF(H56>0.05,"Oui","Non") -> #NAME? | I57: =IF(I56>0.05,"Oui","Non") -> #NAME? | ... M57: =IF(M56>0.05,"Oui","Non") -> #NAME? | O57: =IF(O56>0.05,"Oui","Non") -> #NAME? | P57: =IF(P56>0.05,"Oui","Non") -> #NAME? | Q57: =IF(Q56>0.05,"Oui","Non") -> #NAME? | R57: =IF(R56>0.05,"Oui","Non") -> #NAME? | S57: =IF(S56>0.05,"Oui","Non") -> #NAME? | T57: =IF(T56>0.05,"Oui","Non") -> #NAME? | U57: =IF(U56>0.05,"Oui","Non") -> #NAME? | V57: =IF(V56>0.05,"Oui","Non") -> #NAME?
A59: Test statistique utilisé | C59: =IF($B57="Non",IF(C57="Non","MW",IF(C57="Oui","MW","")),IF($B57="Oui",IF(C57="Oui","T-Test Welch",IF(C57="Non","MW","")))) -> #NAME? | D59: =IF($B57="Non",IF(D57="Non","MW",IF(D57="Oui","MW","")),IF($B57="Oui",IF(D57="Oui","T-Test Welch",IF(D57="Non","MW","")))) -> #NAME? | E59: =IF($B57="Non",IF(E57="Non","MW",IF(E57="Oui","MW","")),IF($B57="Oui",IF(E57="Oui","T-Test Welch",IF(E57="Non","MW","")))) -> #NAME? | F59: =IF($B57="Non",IF(F57="Non","MW",IF(F57="Oui","MW","")),IF($B57="Oui",IF(F57="Oui","T-Test Welch",IF(F57="Non","MW","")))) -> #NAME? | G59: =IF($B57="Non",IF(G57="Non","MW",IF(G57="Oui","MW","")),IF($B57="Oui",IF(G57="Oui","T-Test Welch",IF(G57="Non","MW","")))) -> #NAME? | H59: =IF($B57="Non",IF(H57="Non","MW",IF(H57="Oui","MW","")),IF($B57="Oui",IF(H57="Oui","T-Test Welch",IF(H57="Non","MW","")))) -> #NAME? | I59: =IF($B57="Non",IF(I57="Non","MW",IF(I57="Oui","MW","")),IF($B57="Oui",IF(I57="Oui","T-Test Welch",IF(I57="Non","MW","")))) -> #NAME? | J59: =IF($B57="Non",IF(J57="Non","MW",IF(J57="Oui","MW","")),IF($B57="Oui",IF(J57="Oui","T-Test Welch",IF(J57="Non","MW","")))) -> #NAME? | ... M59: =IF($B57="Non",IF(M57="Non","MW",IF(M57="Oui","MW","")),IF($B57="Oui",IF(M57="Oui","T-Test Welch",IF(M57="Non","MW","")))) -> #NAME? | O59: =IF($B57="Non",IF(O57="Non","MW",IF(O57="Oui","MW","")),IF($B57="Oui",IF(O57="Oui","T-Test Welch",IF(O57="Non","MW","")))) -> #NAME? | P59: =IF($O57="Non",IF(P57="Non","MW",IF(P57="Oui","MW","")),IF($O57="Oui",IF(P57="Oui","T-Test Welch",IF(P57="Non","MW","")))) -> #NAME? | Q59: =IF($O57="Non",IF(Q57="Non","MW",IF(Q57="Oui","MW","")),IF($O57="Oui",IF(Q57="Oui","T-Test Welch",IF(Q57="Non","MW","")))) -> #NAME? | R59: =IF($O57="Non",IF(R57="Non","MW",IF(R57="Oui","MW","")),IF($O57="Oui",IF(R57="Oui","T-Test Welch",IF(R57="Non","MW","")))) -> #NAME? | S59: =IF($O57="Non",IF(S57="Non","MW",IF(S57="Oui","MW","")),IF($O57="Oui",IF(S57="Oui","T-Test Welch",IF(S57="Non","MW","")))) -> #NAME? | T59: =IF($O57="Non",IF(T57="Non","MW",IF(T57="Oui","MW","")),IF($O57="Oui",IF(T57="Oui","T-Test Welch",IF(T57="Non","MW","")))) -> #NAME? | U59: =IF($O57="Non",IF(U57="Non","MW",IF(U57="Oui","MW","")),IF($O57="Oui",IF(U57="Oui","T-Test Welch",IF(U57="Non","MW","")))) -> #NAME? | V59: =IF($O57="Non",IF(V57="Non","MW",IF(V57="Oui","MW","")),IF($O57="Oui",IF(V57="Oui","T-Test Welch",IF(V57="Non","MW","")))) -> #NAME?
A60: Test statistique : valeur du p | C60: =IF(C59="MW",[1]!MTEST($B28:$B43,C28:C43,2), IF(C59="T-Test Welch",_xlfn.T.TEST($B28:$B43,C28:C43,2,3),"")) -> #NAME? | D60: =IF(D59="MW",[1]!MTEST($B28:$B43,D28:D43,2), IF(D59="T-Test Welch",_xlfn.T.TEST($B28:$B43,D28:D43,2,3),"")) -> #NAME? | E60: =IF(E59="MW",[1]!MTEST($B28:$B43,E28:E43,2), IF(E59="T-Test Welch",_xlfn.T.TEST($B28:$B43,E28:E43,2,3),"")) -> #NAME? | F60: =IF(F59="MW",[1]!MTEST($B28:$B43,F28:F43,2), IF(F59="T-Test Welch",_xlfn.T.TEST($B28:$B43,F28:F43,2,3),"")) -> #NAME? | G60: =IF(G59="MW",[1]!MTEST($B28:$B43,G28:G43,2), IF(G59="T-Test Welch",_xlfn.T.TEST($B28:$B43,G28:G43,2,3),"")) -> #NAME? | H60: =IF(H59="MW",[1]!MTEST($B28:$B43,H28:H43,2), IF(H59="T-Test Welch",_xlfn.T.TEST($B28:$B43,H28:H43,2,3),"")) -> #NAME? | I60: =IF(I59="MW",[1]!MTEST($B28:$B43,I28:I43,2), IF(I59="T-Test Welch",_xlfn.T.TEST($B28:$B43,I28:I43,2,3),"")) -> #NAME? | J60: =IF(J59="MW",[1]!MTEST($B28:$B43,J28:J43,2), IF(J59="T-Test Welch",_xlfn.T.TEST($B28:$B43,J28:J43,2,3),"")) -> #NAME? | ... M60: =IF(M59="MW",[1]!MTEST($B28:$B43,M28:M43,2), IF(M59="T-Test Welch",_xlfn.T.TEST($B28:$B43,M28:M43,2,3),"")) -> #NAME? | O60: =IF(O59="MW",[1]!MTEST($B28:$B43,O28:O43,2), IF(O59="T-Test Welch",_xlfn.T.TEST($B28:$B43,O28:O43,2,3),"")) -> #NAME? | P60: =IF(P59="MW",[1]!MTEST($O28:$O43,P28:P43,2), IF(P59="T-Test Welch",_xlfn.T.TEST($O28:$O43,P28:P43,2,3),"")) -> #NAME? | Q60: =IF(Q59="MW",[1]!MTEST($O28:$O43,Q28:Q43,2), IF(Q59="T-Test Welch",_xlfn.T.TEST($O28:$O43,Q28:Q43,2,3),"")) -> #NAME? | R60: =IF(R59="MW",[1]!MTEST($O28:$O43,R28:R43,2), IF(R59="T-Test Welch",_xlfn.T.TEST($O28:$O43,R28:R43,2,3),"")) -> #NAME? | S60: =IF(S59="MW",[1]!MTEST($O28:$O43,S28:S43,2), IF(S59="T-Test Welch",_xlfn.T.TEST($O28:$O43,S28:S43,2,3),"")) -> #NAME? | T60: =IF(T59="MW",[1]!MTEST($O28:$O43,T28:T43,2), IF(T59="T-Test Welch",_xlfn.T.TEST($O28:$O43,T28:T43,2,3),"")) -> #NAME? | U60: =IF(U59="MW",[1]!MTEST($O28:$O43,U28:U43,2), IF(U59="T-Test Welch",_xlfn.T.TEST($O28:$O43,U28:U43,2,3),"")) -> #NAME? | V60: =IF(V59="MW",[1]!MTEST($O28:$O43,V28:V43,2), IF(V59="T-Test Welch",_xlfn.T.TEST($O28:$O43,V28:V43,2,3),"")) -> #NAME?
A61: Annotation | C61: =IF(C60>0.05,"NS",IF(C60>0.01,"*",IF(C60>0.001,"**","***"))) -> #NAME? | D61: =IF(D60>0.05,"NS",IF(D60>0.01,"*",IF(D60>0.001,"**","***"))) -> #NAME? | E61: =IF(E60>0.05,"NS",IF(E60>0.01,"*",IF(E60>0.001,"**","***"))) -> #NAME? | F61: =IF(F60>0.05,"NS",IF(F60>0.01,"*",IF(F60>0.001,"**","***"))) -> #NAME? | G61: =IF(G60>0.05,"NS",IF(G60>0.01,"*",IF(G60>0.001,"**","***"))) -> #NAME? | H61: =IF(H60>0.05,"NS",IF(H60>0.01,"*",IF(H60>0.001,"**","***"))) -> #NAME? | I61: =IF(I60>0.05,"NS",IF(I60>0.01,"*",IF(I60>0.001,"**","***"))) -> #NAME? | J61: =IF(J60>0.05,"NS",IF(J60>0.01,"*",IF(J60>0.001,"**","***"))) -> #NAME? | ... M61: =IF(M60>0.05,"NS",IF(M60>0.01,"*",IF(M60>0.001,"**","***"))) -> #NAME? | O61: =IF(O60>0.05,"NS",IF(O60>0.01,"*",IF(O60>0.001,"**","***"))) -> #NAME? | P61: =IF(P60>0.05,"NS",IF(P60>0.01,"*",IF(P60>0.001,"**","***"))) -> #NAME? | Q61: =IF(Q60>0.05,"NS",IF(Q60>0.01,"*",IF(Q60>0.001,"**","***"))) -> #NAME? | R61: =IF(R60>0.05,"NS",IF(R60>0.01,"*",IF(R60>0.001,"**","***"))) -> #NAME? | S61: =IF(S60>0.05,"NS",IF(S60>0.01,"*",IF(S60>0.001,"**","***"))) -> #NAME? | T61: =IF(T60>0.05,"NS",IF(T60>0.01,"*",IF(T60>0.001,"**","***"))) -> #NAME? | U61: =IF(U60>0.05,"NS",IF(U60>0.01,"*",IF(U60>0.001,"**","***"))) -> #NAME? | V61: =IF(V60>0.05,"NS",IF(V60>0.01,"*",IF(V60>0.001,"**","***"))) -> #NAME?
A63: Eléments pour la mise en forme conditionnelles des résutats - calcul équivalent hormonal (eqH)
A64: LOD | B64: =B46+(3*B47) -> 0.62068653
A65: LOQ | B65: =B46+(10*B47) -> 1.6583796
A67: 8. Expérimentateur 2 : se reporter à l'onglet "pooled normalised values".

Sheet pooled normalised values
A1: N°BDC : | B1: ='Page de garde'!#REF! -> #REF!
B3: Non dopé | O3: avec testo
A4: Noms des groupes | B4: ='R1'!B4 -> Témoin solvant | C4: ='R1'!C4 -> EE2-33.8ng/L | D4: ='R1'!D4 -> EE2-50.6ng/L | E4: ='R1'!E4 -> EE2-76ng/L | F4: ='R1'!F4 -> EE2-114ng/L | G4: ='R1'!G4 -> EE2-170.9ng/L | H4: ='R1'!H4 -> EE2-488ng/L | I4: ='R1'!I4 -> Testosterone-3.7µg/L | ... M4: ='R1'!M4 -> Testosterone-300µg/L | O4: ='R1'!O4 -> Testo -30µg/L | P4: ='R1'!P4 -> Testo 30µg/L + EE2 -64ng/L | Q4: ='R1'!Q4 -> Testo 30µg/L + FAD-10µg/L | R4: ='R1'!R4 -> Testosterone-3.7µg/L + Testostérone | S4: ='R1'!S4 -> Testosterone-11µg/L + Testostérone | T4: ='R1'!T4 -> Testosterone-33µg/L + Testostérone | U4: ='R1'!U4 -> Testosterone-100µg/L + Testostérone | V4: ='R1'!V4 -> Testosterone-300µg/L + Testostérone
C5: n'utilisez pas cette ligne SVP
A6: Rep1 | B6: ='R1'!B28 -> 0.028351539 | C6: ='R1'!C28 -> 0.30918092 | D6: ='R1'!D28 -> 0.28820365 | E6: ='R1'!E28 -> 2.0987531 | F6: ='R1'!F28 -> 1.4100574 | G6: ='R1'!G28 -> 11.084211 | H6: ='R1'!H28 -> 17.856427 | I6: ='R1'!I28 -> 0.065598221 | ... M6: ='R1'!M28 -> 16.82844 | O6: ='R1'!O28 -> 1.2629326 | P6: ='R1'!P28 -> 14.402265 | Q6: ='R1'!Q28 -> 0.050617956 | R6: ='R1'!R28 -> 4.0627409 | S6: ='R1'!S28 -> 2.2038662 | T6: ='R1'!T28 -> 7.9895285 | U6: ='R1'!U28 -> 1.8479952 | V6: ='R1'!V28 -> 7.9866516
A7: Données normalisées sur la moyenne du groupe "Testo" | B7: ='R1'!B29 -> 0.034182093 | C7: ='R1'!C29 -> 0.13808116 | D7: ='R1'!D29 -> 4.4757654 | E7: ='R1'!E29 -> 2.8576324 | F7: ='R1'!F29 -> 2.6932101 | G7: ='R1'!G29 -> 6.7787282 | H7: ='R1'!H29 -> 22.605969 | I7: ='R1'!I29 -> 1.6730182 | ... M7: ='R1'!M29 -> 11.905262 | O7: ='R1'!O29 -> 0.66352783 | P7: ='R1'!P29 -> 8.7710855 | Q7: ='R1'!Q29 -> 0.022767392 | R7: ='R1'!R29 -> 5.068961 | S7: ='R1'!S29 -> 1.7513366 | T7: ='R1'!T29 -> 6.035149 | U7: ='R1'!U29 -> 0.30612938 | V7: ='R1'!V29 -> 9.5801879
B8: ='R1'!B30 -> 0.050276902 | C8: ='R1'!C30 -> 0.38330059 | D8: ='R1'!D30 -> 0.49061021 | E8: ='R1'!E30 -> 3.9580406 | F8: ='R1'!F30 -> 13.377871 | G8: ='R1'!G30 -> 0.21742435 | H8: ='R1'!H30 -> 13.67631 | I8: ='R1'!I30 -> 0.25983906 | ... M8: ='R1'!M30 -> 10.019118 | O8: ='R1'!O30 -> 0.21083825 | P8: ='R1'!P30 -> 16.930891 | Q8: ='R1'!Q30 -> 0.15079317 | R8: ='R1'!R30 -> 2.9151759 | S8: ='R1'!S30 -> 0.020567675 | T8: ='R1'!T30 -> 7.9821004 | U8: ='R1'!U30 -> 4.5337201 | V8: ='R1'!V30 -> 8.9358162
B9: ='R1'!B31 -> 0.036540097 | C9: ='R1'!C31 -> 0.10318269 | D9: ='R1'!D31 -> 0.50061826 | E9: ='R1'!E31 -> 1.6827962 | F9: ='R1'!F31 -> 7.209716 | G9: ='R1'!G31 -> 6.0948285 | H9: ='R1'!H31 -> 16.727036 | I9: ='R1'!I31 -> 0.2778986 | ... M9: ='R1'!M31 -> 7.8519744 | O9: ='R1'!O31 -> 1.0372805 | P9: ='R1'!P31 -> 3.9222772 | Q9: ='R1'!Q31 -> 0.11862477 | R9: ='R1'!R31 -> 0.52633275 | S9: ='R1'!S31 -> 1.9107556 | T9: ='R1'!T31 -> 3.5380122 | U9: ='R1'!U31 -> 8.17593 | V9: ='R1'!V31 -> 8.4398731
B10: ='R1'!B32 -> 0.0024657059 | C10: ='R1'!C32 -> 0.71368724 | D10: ='R1'!D32 -> 0.67389326 | E10: ='R1'!E32 -> 4.4385024 | F10: ='R1'!F32 -> 3.485015 | G10: ='R1'!G32 -> 13.234478 | H10: ='R1'!H32 -> 13.938559 | I10: ='R1'!I32 -> 0.091366562 | ... M10: ='R1'!M32 -> 7.024349 | O10: ='R1'!O32 -> 2.6945466 | P10: ='R1'!P32 -> 13.988927 | Q10: ='R1'!Q32 -> 0.098918704 | R10: ='R1'!R32 -> 4.0553519 | S10: ='R1'!S32 -> 1.1989466 | T10: ='R1'!T32 -> 2.3744813 | U10: ='R1'!U32 -> 6.8735412 | V10: ='R1'!V32 -> 3.8155616
B11: ='R1'!B33 -> 0.022548726 | C11: ='R1'!C33 -> 0.16429663 | D11: ='R1'!D33 -> 0.39081357 | E11: ='R1'!E33 -> 0.21442993 | F11: ='R1'!F33 -> 25.100937 | G11: ='R1'!G33 -> 26.590225 | H11: ='R1'!H33 -> 26.21999 | I11: ='R1'!I33 -> 1.1164149 | ... M11: ='R1'!M33 -> 5.8999823 | O11: ='R1'!O33 -> 0.20264806 | P11: ='R1'!P33 -> 3.536586 | Q11: ='R1'!Q33 -> 0.057551632 | R11: ='R1'!R33 -> 0.80902243 | S11: ='R1'!S33 -> 0.40310131 | T11: ='R1'!T33 -> 0.0042623586 | U11: ='R1'!U33 -> 5.4153478 | V11: ='R1'!V33 -> 11.540933
B12: ='R1'!B34 -> 0.47226183 | C12: ='R1'!C34 -> 0.042277637 | D12: ='R1'!D34 -> 5.5182809 | E12: ='R1'!E34 -> 1.0781434 | F12: ='R1'!F34 -> 9.2851174 | G12: ='R1'!G34 -> 1.7492348 | H12: ='R1'!H34 -> 5.5878216 | I12: ='R1'!I34 -> 1.4881702 | ... M12: ='R1'!M34 -> 2.9566735 | O12: ='R1'!O34 -> 2.5243884 | P12: ='R1'!P34 -> 9.9949503 | Q12: ='R1'!Q34 -> 0.10007241 | R12: ='R1'!R34 -> 5.543483 | S12: ='R1'!S34 -> 2.4046181 | T12: ='R1'!T34 -> 1.8705031 | U12: ='R1'!U34 -> 7.7294887 | V12: ='R1'!V34 -> 8.5911004
B13: ='R1'!B35 -> 0.25648727 | C13: ='R1'!C35 -> 0.13176106 | D13: ='R1'!D35 -> 6.3888774 | E13: ='R1'!E35 -> 3.4874938 | F13: ='R1'!F35 | G13: ='R1'!G35 -> 10.546761 | H13: ='R1'!H35 -> 19.44606 | I13: ='R1'!I35 -> 0.07709125 | ... M13: ='R1'!M35 -> 7.368058 | O13: ='R1'!O35 -> 0.076950912 | P13: ='R1'!P35 -> 9.7499609 | Q13: ='R1'!Q35 -> 0.20843456 | R13: ='R1'!R35 -> 2.4354827 | S13: ='R1'!S35 -> 1.631093 | T13: ='R1'!T35 -> 3.6277013 | U13: ='R1'!U35 -> 9.6257585 | V13: ='R1'!V35 -> 10.268418
B14: ='R1'!B36 | C14: ='R1'!C36 | D14: ='R1'!D36 | E14: ='R1'!E36 | F14: ='R1'!F36 | G14: ='R1'!G36 | H14: ='R1'!H36 | I14: ='R1'!I36 | ... M14: ='R1'!M36 | O14: ='R1'!O36 -> 0.69034381 | P14: ='R1'!P36 | Q14: ='R1'!Q36 | R14: ='R1'!R36 | S14: ='R1'!S36 | T14: ='R1'!T36 | U14: ='R1'!U36 | V14: ='R1'!V36
B15: ='R1'!B37 | C15: ='R1'!C37 | D15: ='R1'!D37 | E15: ='R1'!E37 | F15: ='R1'!F37 | G15: ='R1'!G37 | H15: ='R1'!H37 | I15: ='R1'!I37 | ... M15: ='R1'!M37 | O15: ='R1'!O37 -> 0.031997063 | P15: ='R1'!P37 | Q15: ='R1'!Q37 | R15: ='R1'!R37 | S15: ='R1'!S37 | T15: ='R1'!T37 | U15: ='R1'!U37 | V15: ='R1'!V37
B16: ='R1'!B38 | C16: ='R1'!C38 | D16: ='R1'!D38 | E16: ='R1'!E38 | F16: ='R1'!F38 | G16: ='R1'!G38 | H16: ='R1'!H38 | I16: ='R1'!I38 | ... M16: ='R1'!M38 | O16: ='R1'!O38 -> 0.78125019 | P16: ='R1'!P38 | Q16: ='R1'!Q38 | R16: ='R1'!R38 | S16: ='R1'!S38 | T16: ='R1'!T38 | U16: ='R1'!U38 | V16: ='R1'!V38
B17: ='R1'!B39 | C17: ='R1'!C39 | D17: ='R1'!D39 | E17: ='R1'!E39 | F17: ='R1'!F39 | G17: ='R1'!G39 | H17: ='R1'!H39 | I17: ='R1'!I39 | ... M17: ='R1'!M39 | O17: ='R1'!O39 -> 0.66767922 | P17: ='R1'!P39 | Q17: ='R1'!Q39 | R17: ='R1'!R39 | S17: ='R1'!S39 | T17: ='R1'!T39 | U17: ='R1'!U39 | V17: ='R1'!V39
B18: ='R1'!B40 | C18: ='R1'!C40 | D18: ='R1'!D40 | E18: ='R1'!E40 | F18: ='R1'!F40 | G18: ='R1'!G40 | H18: ='R1'!H40 | I18: ='R1'!I40 | ... M18: ='R1'!M40 | O18: ='R1'!O40 -> 3.4972555 | P18: ='R1'!P40 | Q18: ='R1'!Q40 | R18: ='R1'!R40 | S18: ='R1'!S40 | T18: ='R1'!T40 | U18: ='R1'!U40 | V18: ='R1'!V40
B19: ='R1'!B41 | C19: ='R1'!C41 | D19: ='R1'!D41 | E19: ='R1'!E41 | F19: ='R1'!F41 | G19: ='R1'!G41 | H19: ='R1'!H41 | I19: ='R1'!I41 | ... M19: ='R1'!M41 | O19: ='R1'!O41 -> 0.015761915 | P19: ='R1'!P41 | Q19: ='R1'!Q41 | R19: ='R1'!R41 | S19: ='R1'!S41 | T19: ='R1'!T41 | U19: ='R1'!U41 | V19: ='R1'!V41
... B21: ='R1'!B43 | C21: ='R1'!C43 | D21: ='R1'!D43 | E21: ='R1'!E43 | F21: ='R1'!F43 | G21: ='R1'!G43 | H21: ='R1'!H43 | I21: ='R1'!I43 | ... M21: ='R1'!M43 | O21: ='R1'!O43 -> 1.359366 | P21: ='R1'!P43 | Q21: ='R1'!Q43 | R21: ='R1'!R43 | S21: ='R1'!S43 | T21: ='R1'!T43 | U21: ='R1'!U43 | V21: ='R1'!V43
A22: Rep2 | B22: ='R2'!B28 -> 0.018855302 | C22: ='R2'!C28 -> 0.0048612985 | D22: ='R2'!D28 -> 0.018973465 | E22: ='R2'!E28 -> 0.11844176 | F22: ='R2'!F28 -> 2.3822744 | G22: ='R2'!G28 -> 3.1893377 | H22: ='R2'!H28 -> 10.531506 | I22: ='R2'!I28 -> 0.011703673 | ... M22: ='R2'!M28 -> 1.0966752 | O22: ='R2'!O28 -> 0.17997975 | P22: ='R2'!P28 -> 5.6042011 | Q22: ='R2'!Q28 -> 0.069306276 | R22: ='R2'!R28 -> 0.023389806 | S22: ='R2'!S28 -> 0.018987313 | T22: ='R2'!T28 -> 2.5164633 | U22: ='R2'!U28 -> 2.1141064 | V22: ='R2'!V28 -> 0.059949245
A23: Données normalisées sur la moyenne du groupe "Testo" | B23: ='R2'!B29 -> 0.030126942 | C23: ='R2'!C29 -> 0.0048012939 | D23: ='R2'!D29 -> 0.089387519 | E23: ='R2'!E29 -> 0.061717997 | F23: ='R2'!F29 -> 0.81716711 | G23: ='R2'!G29 -> 2.795807 | H23: ='R2'!H29 -> 5.4799537 | I23: ='R2'!I29 -> 2.3078705e-05 | ... M23: ='R2'!M29 -> 0.046003245 | O23: ='R2'!O29 -> 1.0472803 | P23: ='R2'!P29 -> 7.6722295 | Q23: ='R2'!Q29 -> 0.00014493427 | R23: ='R2'!R29 -> 1.1324268 | S23: ='R2'!S29 -> 0.0083701849 | T23: ='R2'!T29 -> 2.8910131 | U23: ='R2'!U29 -> 0.095165504 | V23: ='R2'!V29 -> 2.5636777
B24: ='R2'!B30 -> 0.0010514658 | C24: ='R2'!C30 -> 0.026582976 | D24: ='R2'!D30 -> 0.026124171 | E24: ='R2'!E30 -> 0.16583712 | F24: ='R2'!F30 -> 0.8042375 | G24: ='R2'!G30 -> 1.290984 | H24: ='R2'!H30 -> 8.0523108 | I24: ='R2'!I30 -> 0.013690288 | ... M24: ='R2'!M30 -> 0.68269673 | O24: ='R2'!O30 -> 0.22437856 | P24: ='R2'!P30 -> 10.493469 | Q24: ='R2'!Q30 -> 0.0022746372 | R24: ='R2'!R30 -> 0.0014133399 | S24: ='R2'!S30 -> 0.46961565 | T24: ='R2'!T30 -> 1.5360079 | U24: ='R2'!U30 -> 0.12916967 | V24: ='R2'!V30 -> 0.46122793
B25: ='R2'!B31 -> 0.028128326 | C25: ='R2'!C31 -> 0.00034156484 | D25: ='R2'!D31 -> 1.8781192 | E25: ='R2'!E31 -> 0.028586208 | F25: ='R2'!F31 -> 1.9251887 | G25: ='R2'!G31 -> 2.4757127 | H25: ='R2'!H31 -> 3.5011144 | I25: ='R2'!I31 -> 0.0032799456 | ... M25: ='R2'!M31 -> 2.0518243 | O25: ='R2'!O31 -> 0.014150939 | P25: ='R2'!P31 -> 2.6940982 | Q25: ='R2'!Q31 -> 0.0066503598 | R25: ='R2'!R31 -> 0.017321953 | S25: ='R2'!S31 -> 2.0906713 | T25: ='R2'!T31 -> 0.68923723 | U25: ='R2'!U31 -> 0.76090584 | V25: ='R2'!V31 -> 0.12245561
B26: ='R2'!B32 -> 0.0058139875 | C26: ='R2'!C32 -> 0.0018195251 | D26: ='R2'!D32 -> 0.036153254 | E26: ='R2'!E32 -> 2.8389466 | F26: ='R2'!F32 -> 1.2003475 | G26: ='R2'!G32 -> 2.6864453 | H26: ='R2'!H32 -> 4.0264753 | I26: ='R2'!I32 -> 0.011327952 | ... M26: ='R2'!M32 -> 0.0014816529 | O26: ='R2'!O32 -> 0.6188241 | P26: ='R2'!P32 -> 3.2375694 | Q26: ='R2'!Q32 -> 0.016405267 | R26: ='R2'!R32 -> 0.20289228 | S26: ='R2'!S32 -> 0.026380807 | T26: ='R2'!T32 -> 2.5604301 | U26: ='R2'!U32 -> 1.201554 | V26: ='R2'!V32 -> 1.7436304
B27: ='R2'!B33 -> 0.019654749 | C27: ='R2'!C33 -> 2.584815e-05 | D27: ='R2'!D33 -> 0.0095499683 | E27: ='R2'!E33 -> 0.015615975 | F27: ='R2'!F33 -> 0.92758948 | G27: ='R2'!G33 -> 1.7571508 | H27: ='R2'!H33 -> 5.5870453 | I27: ='R2'!I33 -> 0.079417518 | ... M27: ='R2'!M33 -> 0 | O27: ='R2'!O33 -> 1.1034677 | P27: ='R2'!P33 -> 4.3661957 | Q27: ='R2'!Q33 -> 0.027349189 | R27: ='R2'!R33 -> 0.13897812 | S27: ='R2'!S33 -> 2.9998495 | T27: ='R2'!T33 -> 1.4442691 | U27: ='R2'!U33 -> 2.8513297 | V27: ='R2'!V33 -> 0.82689155
B28: ='R2'!B34 -> 0.0019063011 | C28: ='R2'!C34 -> 0.00012000927 | D28: ='R2'!D34 -> 0.049849081 | E28: ='R2'!E34 -> 0.32245013 | F28: ='R2'!F34 -> 0.1393723 | G28: ='R2'!G34 -> 3.5163786 | H28: ='R2'!H34 | I28: ='R2'!I34 -> 0.0041264725 | ... M28: ='R2'!M34 -> 1.5529956 | O28: ='R2'!O34 -> 0.028324957 | P28: ='R2'!P34 -> 9.5476641 | Q28: ='R2'!Q34 -> 0.010197095 | R28: ='R2'!R34 -> 0.015052855 | S28: ='R2'!S34 -> 0.0096459757 | T28: ='R2'!T34 -> 2.056177 | U28: ='R2'!U34 -> 0.00026863613 | V28: ='R2'!V34 -> 0.74705585
B29: ='R2'!B35 | C29: ='R2'!C35 -> 0.53603709 | D29: ='R2'!D35 -> 0.048329579 | E29: ='R2'!E35 | F29: ='R2'!F35 | G29: ='R2'!G35 | H29: ='R2'!H35 | I29: ='R2'!I35 -> 0.0089970025 | ... M29: ='R2'!M35 -> 0.36650461 | O29: ='R2'!O35 -> 0.5929741 | P29: ='R2'!P35 -> 9.4110327 | Q29: ='R2'!Q35 -> 0.022315262 | R29: ='R2'!R35 -> 0.044956395 | S29: ='R2'!S35 -> 0.0078864552 | T29: ='R2'!T35 -> 1.5951512 | U29: ='R2'!U35 -> 1.767959 | V29: ='R2'!V35
B30: ='R2'!B36 | C30: ='R2'!C36 | D30: ='R2'!D36 | E30: ='R2'!E36 | F30: ='R2'!F36 | G30: ='R2'!G36 | H30: ='R2'!H36 | I30: ='R2'!I36 | ... M30: ='R2'!M36 | O30: ='R2'!O36 -> 4.9119978 | P30: ='R2'!P36 | Q30: ='R2'!Q36 | R30: ='R2'!R36 | S30: ='R2'!S36 | T30: ='R2'!T36 | U30: ='R2'!U36 | V30: ='R2'!V36
B31: ='R2'!B37 | C31: ='R2'!C37 | D31: ='R2'!D37 | E31: ='R2'!E37 | F31: ='R2'!F37 | G31: ='R2'!G37 | H31: ='R2'!H37 | I31: ='R2'!I37 | ... M31: ='R2'!M37 | O31: ='R2'!O37 -> 0.0062063255 | P31: ='R2'!P37 | Q31: ='R2'!Q37 | R31: ='R2'!R37 | S31: ='R2'!S37 | T31: ='R2'!T37 | U31: ='R2'!U37 | V31: ='R2'!V37
B32: ='R2'!B38 | C32: ='R2'!C38 | D32: ='R2'!D38 | E32: ='R2'!E38 | F32: ='R2'!F38 | G32: ='R2'!G38 | H32: ='R2'!H38 | I32: ='R2'!I38 | ... M32: ='R2'!M38 | O32: ='R2'!O38 -> 0.11546092 | P32: ='R2'!P38 | Q32: ='R2'!Q38 | R32: ='R2'!R38 | S32: ='R2'!S38 | T32: ='R2'!T38 | U32: ='R2'!U38 | V32: ='R2'!V38
B33: ='R2'!B39 | C33: ='R2'!C39 | D33: ='R2'!D39 | E33: ='R2'!E39 | F33: ='R2'!F39 | G33: ='R2'!G39 | H33: ='R2'!H39 | I33: ='R2'!I39 | ... M33: ='R2'!M39 | O33: ='R2'!O39 -> 0.98972105 | P33: ='R2'!P39 | Q33: ='R2'!Q39 | R33: ='R2'!R39 | S33: ='R2'!S39 | T33: ='R2'!T39 | U33: ='R2'!U39 | V33: ='R2'!V39
B34: ='R2'!B40 | C34: ='R2'!C40 | D34: ='R2'!D40 | E34: ='R2'!E40 | F34: ='R2'!F40 | G34: ='R2'!G40 | H34: ='R2'!H40 | I34: ='R2'!I40 | ... M34: ='R2'!M40 | O34: ='R2'!O40 -> 2.0656595 | P34: ='R2'!P40 | Q34: ='R2'!Q40 | R34: ='R2'!R40 | S34: ='R2'!S40 | T34: ='R2'!T40 | U34: ='R2'!U40 | V34: ='R2'!V40
B35: ='R2'!B41 | C35: ='R2'!C41 | D35: ='R2'!D41 | E35: ='R2'!E41 | F35: ='R2'!F41 | G35: ='R2'!G41 | H35: ='R2'!H41 | I35: ='R2'!I41 | ... M35: ='R2'!M41 | O35: ='R2'!O41 -> 0.64245669 | P35: ='R2'!P41 | Q35: ='R2'!Q41 | R35: ='R2'!R41 | S35: ='R2'!S41 | T35: ='R2'!T41 | U35: ='R2'!U41 | V35: ='R2'!V41
... B37: ='R2'!B43 | C37: ='R2'!C43 | D37: ='R2'!D43 | E37: ='R2'!E43 | F37: ='R2'!F43 | G37: ='R2'!G43 | H37: ='R2'!H43 | I37: ='R2'!I43 | ... M37: ='R2'!M43 | O37: ='R2'!O43 | P37: ='R2'!P43 | Q37: ='R2'!Q43 | R37: ='R2'!R43 | S37: ='R2'!S43 | T37: ='R2'!T43 | U37: ='R2'!U43 | V37: ='R2'!V43
A38: Rep3 | B38: ='R3'!B28 -> 0.19770198 | C38: ='R3'!C28 -> 0.034127769 | D38: ='R3'!D28 -> 1.0603171 | E38: ='R3'!E28 -> 2.4976751 | F38: ='R3'!F28 -> 0.31519852 | G38: ='R3'!G28 -> 5.9921866 | H38: ='R3'!H28 -> 11.410267 | I38: ='R3'!I28 -> 0.1504369 | ... M38: ='R3'!M28 -> 10.89905 | O38: ='R3'!O28 -> 1.710565 | P38: ='R3'!P28 -> 7.5360805 | Q38: ='R3'!Q28 -> 0.054175473 | R38: ='R3'!R28 -> 0.078709545 | S38: ='R3'!S28 -> 1.2319385 | T38: ='R3'!T28 -> 1.3129843 | U38: ='R3'!U28 -> 0.27029895 | V38: ='R3'!V28 -> 6.8673526
A39: Données normalisées sur la moyenne du groupe "Testo" | B39: ='R3'!B29 -> 0.23296398 | C39: ='R3'!C29 -> 0.47157647 | D39: ='R3'!D29 -> 0.46885859 | E39: ='R3'!E29 -> 1.5558705 | F39: ='R3'!F29 -> 7.5574712 | G39: ='R3'!G29 -> 11.09664 | H39: ='R3'!H29 -> 22.236901 | I39: ='R3'!I29 -> 0.27867333 | ... M39: ='R3'!M29 -> 2.8646437 | O39: ='R3'!O29 -> 0.45322279 | P39: ='R3'!P29 -> 10.50123 | Q39: ='R3'!Q29 -> 0.16823743 | R39: ='R3'!R29 -> 2.2277072 | S39: ='R3'!S29 -> 3.5418737 | T39: ='R3'!T29 -> 3.4480642 | U39: ='R3'!U29 -> 0.23811785 | V39: ='R3'!V29 -> 7.9141946
B40: ='R3'!B30 -> 0.0034784635 | C40: ='R3'!C30 -> 0.63767443 | D40: ='R3'!D30 -> 5.5723656 | E40: ='R3'!E30 -> 0.11578257 | F40: ='R3'!F30 -> 2.2471805 | G40: ='R3'!G30 -> 5.7493882 | H40: ='R3'!H30 -> 9.7830283 | I40: ='R3'!I30 -> 0.27210866 | ... M40: ='R3'!M30 -> 3.3258885 | O40: ='R3'!O30 -> 0.0061843783 | P40: ='R3'!P30 -> 9.0129237 | Q40: ='R3'!Q30 -> 0.06577833 | R40: ='R3'!R30 -> 1.2729288 | S40: ='R3'!S30 -> 0.56500965 | T40: ='R3'!T30 -> 0.048604081 | U40: ='R3'!U30 -> 11.156023 | V40: ='R3'!V30 -> 0.0068572004
B41: ='R3'!B31 -> 0.054631556 | C41: ='R3'!C31 -> 0.058453079 | D41: ='R3'!D31 -> 1.7409683 | E41: ='R3'!E31 -> 10.323975 | F41: ='R3'!F31 -> 3.7970886 | G41: ='R3'!G31 -> 10.916567 | H41: ='R3'!H31 -> 16.490501 | I41: ='R3'!I31 -> 0.094102011 | ... M41: ='R3'!M31 -> 8.2416156 | O41: ='R3'!O31 -> 1.8975936 | P41: ='R3'!P31 -> 6.6602045 | Q41: ='R3'!Q31 -> 0.1140686 | R41: ='R3'!R31 -> 4.0731026 | S41: ='R3'!S31 -> 1.5257038 | T41: ='R3'!T31 -> 0.010331675 | U41: ='R3'!U31 -> 2.3358747 | V41: ='R3'!V31 -> 6.9574935
B42: ='R3'!B32 -> 0.45368818 | C42: ='R3'!C32 -> 0.21611949 | D42: ='R3'!D32 -> 3.7603374 | E42: ='R3'!E32 -> 2.9493834 | F42: ='R3'!F32 -> 12.115523 | G42: ='R3'!G32 -> 9.6157057 | H42: ='R3'!H32 -> 16.311485 | I42: ='R3'!I32 -> 0.20586228 | ... M42: ='R3'!M32 -> 14.12529 | O42: ='R3'!O32 -> 1.4126405 | P42: ='R3'!P32 -> 9.6380418 | Q42: ='R3'!Q32 -> 0.12752904 | R42: ='R3'!R32 -> 1.090872 | S42: ='R3'!S32 -> 3.6912548 | T42: ='R3'!T32 -> 3.9034171 | U42: ='R3'!U32 -> 0.5144363 | V42: ='R3'!V32 -> 4.9622436
B43: ='R3'!B33 -> 0.10942533 | C43: ='R3'!C33 -> 1.3980724 | D43: ='R3'!D33 -> 0.16402498 | E43: ='R3'!E33 -> 6.6243415 | F43: ='R3'!F33 -> 4.3078856 | G43: ='R3'!G33 -> 4.7865918 | H43: ='R3'!H33 -> 24.784386 | I43: ='R3'!I33 -> 0.31374252 | ... M43: ='R3'!M33 -> 10.902177 | O43: ='R3'!O33 -> 0.075348094 | P43: ='R3'!P33 -> 0.94628834 | Q43: ='R3'!Q33 -> 0.37985327 | R43: ='R3'!R33 -> 0.33308947 | S43: ='R3'!S33 -> 0.088472113 | T43: ='R3'!T33 -> 1.5762812 | U43: ='R3'!U33 -> 3.7554016 | V43: ='R3'!V33 -> 9.079295
B44: ='R3'!B34 -> 0.28760218 | C44: ='R3'!C34 -> 0.1890271 | D44: ='R3'!D34 -> 0.048485739 | E44: ='R3'!E34 -> 13.413397 | F44: ='R3'!F34 -> 6.2677498 | G44: ='R3'!G34 -> 10.353588 | H44: ='R3'!H34 -> 12.012866 | I44: ='R3'!I34 -> 0.22866111 | ... M44: ='R3'!M34 -> 4.2916594 | O44: ='R3'!O34 -> 0.03778973 | P44: ='R3'!P34 | Q44: ='R3'!Q34 -> 0.071449449 | R44: ='R3'!R34 -> 0.077430385 | S44: ='R3'!S34 -> 0.21766858 | T44: ='R3'!T34 -> 6.5570566 | U44: ='R3'!U34 -> 4.3398592 | V44: ='R3'!V34 -> 2.8496701
B45: ='R3'!B35 -> 0.068195702 | C45: ='R3'!C35 | D45: ='R3'!D35 -> 0.15087835 | E45: ='R3'!E35 -> 5.7960869 | F45: ='R3'!F35 -> 2.8217094 | G45: ='R3'!G35 -> 7.2558355 | H45: ='R3'!H35 -> 16.785623 | I45: ='R3'!I35 -> 0.60671531 | ... M45: ='R3'!M35 -> 0.78034063 | O45: ='R3'!O35 -> 1.0933438 | P45: ='R3'!P35 | Q45: ='R3'!Q35 | R45: ='R3'!R35 | S45: ='R3'!S35 -> 0.26515173 | T45: ='R3'!T35 | U45: ='R3'!U35 -> 11.554888 | V45: ='R3'!V35 -> 6.6459689
B46: ='R3'!B36 | C46: ='R3'!C36 | D46: ='R3'!D36 | E46: ='R3'!E36 | F46: ='R3'!F36 | G46: ='R3'!G36 | H46: ='R3'!H36 | I46: ='R3'!I36 | ... M46: ='R3'!M36 | O46: ='R3'!O36 -> 0.53789066 | P46: ='R3'!P36 | Q46: ='R3'!Q36 | R46: ='R3'!R36 | S46: ='R3'!S36 | T46: ='R3'!T36 | U46: ='R3'!U36 | V46: ='R3'!V36
B47: ='R3'!B37 | C47: ='R3'!C37 | D47: ='R3'!D37 | E47: ='R3'!E37 | F47: ='R3'!F37 | G47: ='R3'!G37 | H47: ='R3'!H37 | I47: ='R3'!I37 | ... M47: ='R3'!M37 | O47: ='R3'!O37 -> 0.083759699 | P47: ='R3'!P37 | Q47: ='R3'!Q37 | R47: ='R3'!R37 | S47: ='R3'!S37 | T47: ='R3'!T37 | U47: ='R3'!U37 | V47: ='R3'!V37
B48: ='R3'!B38 | C48: ='R3'!C38 | D48: ='R3'!D38 | E48: ='R3'!E38 | F48: ='R3'!F38 | G48: ='R3'!G38 | H48: ='R3'!H38 | I48: ='R3'!I38 | ... M48: ='R3'!M38 | O48: ='R3'!O38 -> 0.27049442 | P48: ='R3'!P38 | Q48: ='R3'!Q38 | R48: ='R3'!R38 | S48: ='R3'!S38 | T48: ='R3'!T38 | U48: ='R3'!U38 | V48: ='R3'!V38
B49: ='R3'!B39 | C49: ='R3'!C39 | D49: ='R3'!D39 | E49: ='R3'!E39 | F49: ='R3'!F39 | G49: ='R3'!G39 | H49: ='R3'!H39 | I49: ='R3'!I39 | ... M49: ='R3'!M39 | O49: ='R3'!O39 -> 4.5569813 | P49: ='R3'!P39 | Q49: ='R3'!Q39 | R49: ='R3'!R39 | S49: ='R3'!S39 | T49: ='R3'!T39 | U49: ='R3'!U39 | V49: ='R3'!V39
B50: ='R3'!B40 | C50: ='R3'!C40 | D50: ='R3'!D40 | E50: ='R3'!E40 | F50: ='R3'!F40 | G50: ='R3'!G40 | H50: ='R3'!H40 | I50: ='R3'!I40 | ... M50: ='R3'!M40 | O50: ='R3'!O40 -> 0.33700275 | P50: ='R3'!P40 | Q50: ='R3'!Q40 | R50: ='R3'!R40 | S50: ='R3'!S40 | T50: ='R3'!T40 | U50: ='R3'!U40 | V50: ='R3'!V40
B51: ='R3'!B41 | C51: ='R3'!C41 | D51: ='R3'!D41 | E51: ='R3'!E41 | F51: ='R3'!F41 | G51: ='R3'!G41 | H51: ='R3'!H41 | I51: ='R3'!I41 | ... M51: ='R3'!M41 | O51: ='R3'!O41 -> 0.14234043 | P51: ='R3'!P41 | Q51: ='R3'!Q41 | R51: ='R3'!R41 | S51: ='R3'!S41 | T51: ='R3'!T41 | U51: ='R3'!U41 | V51: ='R3'!V41
... B53: ='R3'!B43 | C53: ='R3'!C43 | D53: ='R3'!D43 | E53: ='R3'!E43 | F53: ='R3'!F43 | G53: ='R3'!G43 | H53: ='R3'!H43 | I53: ='R3'!I43 | ... M53: ='R3'!M43 | O53: ='R3'!O43 -> 1.924331 | P53: ='R3'!P43 | Q53: ='R3'!Q43 | R53: ='R3'!R43 | S53: ='R3'!S43 | T53: ='R3'!T43 | U53: ='R3'!U43 | V53: ='R3'!V43
A55: Nom des groupes | B55: =B4 -> Témoin solvant | C55: =C4 -> EE2-33.8ng/L | D55: =D4 -> EE2-50.6ng/L | E55: =E4 -> EE2-76ng/L | F55: =F4 -> EE2-114ng/L | G55: =G4 -> EE2-170.9ng/L | H55: =H4 -> EE2-488ng/L | I55: =I4 -> Testosterone-3.7µg/L | ... M55: =M4 -> Testosterone-300µg/L | O55: =O4 -> Testo -30µg/L | P55: =P4 -> Testo 30µg/L + EE2 -64ng/L | Q55: =Q4 -> Testo 30µg/L + FAD-10µg/L | R55: =R4 -> Testosterone-3.7µg/L + Testostérone | S55: =S4 -> Testosterone-11µg/L + Testostérone | T55: =T4 -> Testosterone-33µg/L + Testostérone | U55: =U4 -> Testosterone-100µg/L + Testostérone | V55: =V4 -> Testosterone-300µg/L + Testostérone
A56: Moy. | B56: =AVERAGE(B6:B53) -> 0.1050582 | C56: =AVERAGE(C6:C53) -> 0.24197427 | D56: =AVERAGE(D6:D53) -> 1.4104077 | E56: =AVERAGE(E6:E53) -> 2.8975608 | F56: =AVERAGE(F6:F53) -> 5.0085412 | G56: =AVERAGE(G6:G53) -> 6.9467048 | H56: =AVERAGE(H6:H53) -> 13.775074 | I56: =AVERAGE(I6:I53) -> 0.30551104 | ... M56: =AVERAGE(M6:M53) -> 5.4617793 | O56: =AVERAGE(O6:O53) -> 1 | P56: =AVERAGE(P6:P53) -> 8.1190078 | Q56: =AVERAGE(Q6:Q53) -> 0.084500661 | R56: =AVERAGE(R6:R53) -> 1.571601 | S56: =AVERAGE(S6:S53) -> 1.1784486 | T56: =AVERAGE(T6:T53) -> 2.850749 | U56: =AVERAGE(U6:U53) -> 3.6497195 | V56: =AVERAGE(V6:V53) -> 5.2594133
A57: SD | B57: =STDEV(B6:B53) -> 0.1422733 | C57: =STDEV(C6:C53) -> 0.33301401 | D57: =STDEV(D6:D53) -> 2.0631547 | E57: =STDEV(E6:E53) -> 3.4417016 | F57: =STDEV(F6:F53) -> 5.8513894 | G57: =STDEV(G6:G53) -> 5.750596 | H57: =STDEV(H6:H53) -> 6.8225284 | I57: =STDEV(I6:I53) -> 0.46318991 | ... M57: =STDEV(M6:M53) -> 4.9783066 | O57: =STDEV(O6:O53) -> 1.156691 | P57: =STDEV(P6:P53) -> 4.0397514 | Q57: =STDEV(Q6:Q53) -> 0.086056393 | R57: =STDEV(R6:R53) -> 1.8310653 | S57: =STDEV(S6:S53) -> 1.1857982 | T57: =STDEV(T6:T53) -> 2.3271069 | U57: =STDEV(U6:U53) -> 3.6991435 | V57: =STDEV(V6:V53) -> 3.8498388
A58: SEM | B58: =B57/SQRT(COUNT(B6:B53)) -> 0.029666033 | C58: =C57/SQRT(COUNT(C6:C53)) -> 0.069438221 | D58: =D57/SQRT(COUNT(D6:D53)) -> 0.4211397 | E58: =E57/SQRT(COUNT(E6:E53)) -> 0.71764439 | F58: =F57/SQRT(COUNT(F6:F53)) -> 1.2475204 | G58: =G57/SQRT(COUNT(G6:G53)) -> 1.1990822 | H58: =H57/SQRT(COUNT(H6:H53)) -> 1.4545679 | I58: =I57/SQRT(COUNT(I6:I53)) -> 0.094548245 | ... M58: =M57/SQRT(COUNT(M6:M53)) -> 1.0161926 | O58: =O57/SQRT(COUNT(O6:O53)) -> 0.16872072 | P58: =P57/SQRT(COUNT(P6:P53)) -> 0.8612779 | Q58: =Q57/SQRT(COUNT(Q6:Q53)) -> 0.017943998 | R58: =R57/SQRT(COUNT(R6:R53)) -> 0.3818035 | S58: =S57/SQRT(COUNT(S6:S53)) -> 0.24205003 | T58: =T57/SQRT(COUNT(T6:T53)) -> 0.48523533 | U58: =U57/SQRT(COUNT(U6:U53)) -> 0.75508451 | V58: =V57/SQRT(COUNT(V6:V53)) -> 0.80274689
A60: 9. Expérimentateur 2 : vérifier que le nombre de valeurs est > ou égale à 14. Vérifier que le nombre de valeurs est > ou égale à 27 pour le groupe "Testo".
A62: Nom des groupes | B62: =B4 -> Témoin solvant | C62: =C4 -> EE2-33.8ng/L | D62: =D4 -> EE2-50.6ng/L | E62: =E4 -> EE2-76ng/L | F62: =F4 -> EE2-114ng/L | G62: =G4 -> EE2-170.9ng/L | H62: =H4 -> EE2-488ng/L | I62: =I4 -> Testosterone-3.7µg/L | ... M62: =M4 -> Testosterone-300µg/L | O62: =O4 -> Testo -30µg/L | P62: =P4 -> Testo 30µg/L + EE2 -64ng/L | Q62: =Q4 -> Testo 30µg/L + FAD-10µg/L | R62: =R4 -> Testosterone-3.7µg/L + Testostérone | S62: =S4 -> Testosterone-11µg/L + Testostérone | T62: =T4 -> Testosterone-33µg/L + Testostérone | U62: =U4 -> Testosterone-100µg/L + Testostérone | V62: =V4 -> Testosterone-300µg/L + Testostérone
A63: Nbre de valeurs | B63: =COUNT(B6:B53) -> 23 | C63: =COUNT(C6:C53) -> 23 | D63: =COUNT(D6:D53) -> 24 | E63: =COUNT(E6:E53) -> 23 | F63: =COUNT(F6:F53) -> 22 | G63: =COUNT(G6:G53) -> 23 | H63: =COUNT(H6:H53) -> 22 | I63: =COUNT(I6:I53) -> 24 | ... M63: =COUNT(M6:M53) -> 24 | O63: =COUNT(O6:O53) -> 47 | P63: =COUNT(P6:P53) -> 22 | Q63: =COUNT(Q6:Q53) -> 23 | R63: =COUNT(R6:R53) -> 23 | S63: =COUNT(S6:S53) -> 24 | T63: =COUNT(T6:T53) -> 23 | U63: =COUNT(U6:U53) -> 24 | V63: =COUNT(V6:V53) -> 23
B64: =IF(B63>=21,"OK","ATTENTION") -> OK | C64: =IF(C63>=21,"OK","ATTENTION") -> OK | D64: =IF(D63>=21,"OK","ATTENTION") -> OK | E64: =IF(E63>=21,"OK","ATTENTION") -> OK | F64: =IF(F63>=21,"OK","ATTENTION") -> OK | G64: =IF(G63>=21,"OK","ATTENTION") -> OK | H64: =IF(H63>=21,"OK","ATTENTION") -> OK | I64: =IF(I63>=21,"OK","ATTENTION") -> OK | ... M64: =IF(M63>=21,"OK","ATTENTION") -> OK | O64: =IF(O63>=41,"OK","ATTENTION") -> OK | P64: =IF(P63>=21,"OK","ATTENTION") -> OK | Q64: =IF(Q63>=21,"OK","ATTENTION") -> OK | R64: =IF(R63>=21,"OK","ATTENTION") -> OK | S64: =IF(S63>=21,"OK","ATTENTION") -> OK | T64: =IF(T63>=21,"OK","ATTENTION") -> OK | U64: =IF(U63>=21,"OK","ATTENTION") -> OK | V64: =IF(V63>=21,"OK","ATTENTION") -> OK
A65: 10. Expérimentateur 2 : vérifier que le calcul des ratio s'affiche en vert.
B66: Ratio à atteindre
A67: Evian/EE2 488 ng /L >= | B67: 3.5
A68: Evian/Testo + EE2 64 ng/L >= | B68: 2
A69: Evian/ Testo + FAD <= | B69: 0.5
A70: 11. Expérimentateur 2 : vérifier les valeurs des écarts type. En cas de valeur abbéantes ou incohérent, consulter le référent test.
A72: 12. Expérimentateur 2 : réaliser les tests statistiques avec les données du pool et renseigner les résultats ainsi que le test statistique utilisé dans le tableau violet.
J73: 1 | K73: 2 | L73: 3 | M73: 4 | R73: 1 | S73: 2 | T73: 3 | U73: 4 | V73: 5
A74: Noms des groupes | B74: =B4 -> Témoin solvant | C74: =C4 -> EE2-33.8ng/L | D74: =D4 -> EE2-50.6ng/L | E74: =E4 -> EE2-76ng/L | F74: =F4 -> EE2-114ng/L | G74: =G4 -> EE2-170.9ng/L | H74: =H4 -> EE2-488ng/L | I74: =I4 -> Testosterone-3.7µg/L | ... M74: =M4 -> Testosterone-300µg/L | O74: =O4 -> Testo -30µg/L | P74: =P4 -> Testo 30µg/L + EE2 -64ng/L | Q74: =Q4 -> Testo 30µg/L + FAD-10µg/L | R74: =R4 -> Testosterone-3.7µg/L + Testostérone | S74: =S4 -> Testosterone-11µg/L + Testostérone | T74: =T4 -> Testosterone-33µg/L + Testostérone | U74: =U4 -> Testosterone-100µg/L + Testostérone | V74: =V4 -> Testosterone-300µg/L + Testostérone
A75: Mean | B75: =B56 -> 0.1050582 | C75: =C56 -> 0.24197427 | D75: =D56 -> 1.4104077 | E75: =E56 -> 2.8975608 | F75: =F56 -> 5.0085412 | G75: =G56 -> 6.9467048 | H75: =H56 -> 13.775074 | I75: =I56 -> 0.30551104 | ... M75: =M56 -> 5.4617793 | O75: =O56 -> 1 | P75: =P56 -> 8.1190078 | Q75: =Q56 -> 0.084500661 | R75: =R56 -> 1.571601 | S75: =S56 -> 1.1784486 | T75: =T56 -> 2.850749 | U75: =U56 -> 3.6497195 | V75: =V56 -> 5.2594133
A76: SEM | B76: =B58 -> 0.029666033 | C76: =C58 -> 0.069438221 | D76: =D58 -> 0.4211397 | E76: =E58 -> 0.71764439 | F76: =F58 -> 1.2475204 | G76: =G58 -> 1.1990822 | H76: =H58 -> 1.4545679 | I76: =I58 -> 0.094548245 | ... M76: =M58 -> 1.0161926 | O76: =O58 -> 0.16872072 | P76: =P58 -> 0.8612779 | Q76: =Q58 -> 0.017943998 | R76: =R58 -> 0.3818035 | S76: =S58 -> 0.24205003 | T76: =T58 -> 0.48523533 | U76: =U58 -> 0.75508451 | V76: =V58 -> 0.80274689
A77: % induction | B77: =(B75*100/$B$75)-100 -> 0 | C77: =(C75*100/$B$75)-100 -> 130.32402 | D77: =(D75*100/$B$75)-100 -> 1242.5013 | E77: =(E75*100/$B$75)-100 -> 2658.053 | F77: =(F75*100/$B$75)-100 -> 4667.3968 | G77: =(G75*100/$B$75)-100 -> 6512.2443 | H77: =(H75*100/$B$75)-100 -> 13011.851 | I77: =(I75*100/$B$75)-100 -> 190.80171 | ... M77: =(M75*100/$B$75)-100 -> 5098.8129 | O77: =(O75*100/$O$75)-100 -> 0 | P77: =(P75*100/$O$75)-100 -> 711.90078 | Q77: =(Q75*100/$O$75)-100 -> -91.549934 | R77: =(R75*100/$O$75)-100 -> 57.160096 | S77: =(S75*100/$O$75)-100 -> 17.844855 | T77: =(T75*100/$O$75)-100 -> 185.0749 | U77: =(U75*100/$O$75)-100 -> 264.97195 | V77: =(V75*100/$O$75)-100 -> 425.94133
A78: Test de normalité : valeur du p | B78: =[1]!DPTEST(B6:B53) -> #NAME? | C78: =[1]!DPTEST(C6:C53) -> #NAME? | D78: =[1]!DPTEST(D6:D53) -> #NAME? | E78: =[1]!DPTEST(E6:E53) -> #NAME? | F78: =[1]!DPTEST(F6:F53) -> #NAME? | G78: =[1]!DPTEST(G6:G53) -> #NAME? | H78: =[1]!DPTEST(H6:H53) -> #NAME? | I78: =[1]!DPTEST(I6:I53) -> #NAME? | ... M78: =[1]!DPTEST(M6:M53) -> #NAME? | O78: =[1]!DPTEST(O6:O53) -> #NAME? | P78: =[1]!DPTEST(P6:P53) -> #NAME? | Q78: =[1]!DPTEST(Q6:Q53) -> #NAME? | R78: =[1]!DPTEST(R6:R53) -> #NAME? | S78: =[1]!DPTEST(S6:S53) -> #NAME? | T78: =[1]!DPTEST(T6:T53) -> #NAME? | U78: =[1]!DPTEST(U6:U53) -> #NAME? | V78: =[1]!DPTEST(V6:V53) -> #NAME?
A79: Test de normalité : résultat normal? | B79: =IF(B78>0.05,"Oui","Non") -> #NAME? | C79: =IF(C78>0.05,"Oui","Non") -> #NAME? | D79: =IF(D78>0.05,"Oui","Non") -> #NAME? | E79: =IF(E78>0.05,"Oui","Non") -> #NAME? | F79: =IF(F78>0.05,"Oui","Non") -> #NAME? | G79: =IF(G78>0.05,"Oui","Non") -> #NAME? | H79: =IF(H78>0.05,"Oui","Non") -> #NAME? | I79: =IF(I78>0.05,"Oui","Non") -> #NAME? | ... M79: =IF(M78>0.05,"Oui","Non") -> #NAME? | O79: =IF(O78>0.05,"Oui","Non") -> #NAME? | P79: =IF(P78>0.05,"Oui","Non") -> #NAME? | Q79: =IF(Q78>0.05,"Oui","Non") -> #NAME? | R79: =IF(R78>0.05,"Oui","Non") -> #NAME? | S79: =IF(S78>0.05,"Oui","Non") -> #NAME? | T79: =IF(T78>0.05,"Oui","Non") -> #NAME? | U79: =IF(U78>0.05,"Oui","Non") -> #NAME? | V79: =IF(V78>0.05,"Oui","Non") -> #NAME?
A80: Tous les groupes du gamme sont normale?
A81: Test statistique utilisé | C81: Kruskal-Wallis | D81: Kruskal-Wallis | E81: Kruskal-Wallis | F81: Kruskal-Wallis | G81: Kruskal-Wallis | H81: Kruskal-Wallis | I81: Kruskal-Wallis | J81: Kruskal-Wallis | K81: Kruskal-Wallis | L81: Kruskal-Wallis | M81: Kruskal-Wallis | O81: =IF($B79="Non",IF(O79="Non","Mann Withney",IF(O79="Oui","Mann Withney","")),IF($B79="Oui",IF(O79="Oui","T-Test Welch",IF(O79="Non","Mann Withney","")))) -> #NAME? | P81: =IF($O79="Non",IF(P79="Non","Mann Withney",IF(P$79="Oui","Mann Withney","")),IF($O79="Oui",IF(P79="Oui","T-Test Welch",IF(P79="Non","Mann Withney","")))) -> #NAME? | Q81: =IF($O79="Non",IF(Q79="Non","Mann Withney",IF(Q$79="Oui","Mann Withney","")),IF($O79="Oui",IF(Q79="Oui","T-Test Welch",IF(Q79="Non","Mann Withney","")))) -> #NAME? | R81: Kruskal-Wallis | S81: Kruskal-Wallis | T81: Kruskal-Wallis | U81: Kruskal-Wallis | V81: Kruskal-Wallis
A82: Test statistique : valeur du p | C82: >0,99 | D82: 0.09 | E82: <0,001 | F82: <0,001 | G82: <0,001 | H82: <0,001 | I82: >0,99 | J82: >0,99 | K82: 0.004 | L82: <0,001 | M82: <0,001 | O82: =IF(O81="Mann Withney",[1]!MTEST($B6:$B53,O6:O53,2), IF(O81="T-Test Welch",_xlfn.T.TEST($B6:$B53,O6:O53,2,3),"")) -> #NAME? | P82: =IF(P81="Mann Withney",[1]!MTEST($O6:$O53,P6:P53,2), IF(P81="T-Test Welch",_xlfn.T.TEST($O6:$O53,P6:P53,2,3),"")) -> #NAME? | Q82: =IF(Q81="Mann Withney",[1]!MTEST($O6:$O53,Q6:Q53,2), IF(Q81="T-Test Welch",_xlfn.T.TEST($O6:$O53,Q6:Q53,2,3),"")) -> #NAME? | R82: >0,99 | S82: >0,99 | T82: 0.01 | U82: 0.007 | V82: <0,001
A83: Annotation | C83: ns | D83: ns | E83: *** | F83: *** | G83: *** | H83: *** | I83: ns | J83: ns | K83: ** | L83: *** | M83: *** | O83: =IF(O82>0.05,"NS",IF(O82>0.01,"*",IF(O82>0.001,"**","***"))) -> #NAME? | P83: =IF(P82>0.05,"NS",IF(P82>0.01,"*",IF(P82>0.001,"**","***"))) -> #NAME? | Q83: =IF(Q82>0.05,"NS",IF(Q82>0.01,"*",IF(Q82>0.001,"**","***"))) -> #NAME? | R83: ns | S83: ns | T83: ** | U83: ** | V83: ***
A85: Eléments pour la mise en forme conditionnelles des résutats - calcul équivalent hormonal (eqH)
A86: LOD | B86: =B56+(3*B57) -> 0.53187809
A87: LOQ | B87: =B56+(10*B57) -> 1.5277912
A89: 13. Expérimentateur 2 : masquer les colonnes de la feuille R1 et R2 correspondant au groupe des échantilons n'ayant été lu que sur le réplica 1.
A91: 14. Expérimentateur 2 : vérifier la cohérence des deux réplicas et des réplicas avec le pool à l'aide des graphiques "Graph". En cas de divergences consulter le référent test.
A93: 15. Expérimentateur 2 : réaliser le calcul de l'équivalent hormonal (eqh) à l'aide du logiciel et PRISM. Seules les moyennes des témoins, des échantillons non dopées apparraissant en vert et les moyennes des échantillons dopées étant statiquement différentes des témoins (*, **, ***) pourrons être calculées en eqh. Se reporter à l'onglet "summary results".
B94: =B75/$B$75 -> 1 | C94: =C75/$B$75 -> 2.3032402 | D94: =D75/$B$75 -> 13.425013 | E94: =E75/$B$75 -> 27.58053 | F94: =F75/$B$75 -> 47.673968 | G94: =G75/$B$75 -> 66.122443 | H94: =H75/$B$75 -> 131.11851 | I94: =I75/$B$75 -> 2.9080171 | ... V94: =V75/$B$75 -> 50.061902

Sheet summary results
A1: 16. Expérimentateur 2 : copier et coller les résultats obtenus dans prisme selon l'ordre défini.
A2: 17. Expérimentateur 2:
B5: ng/L EE2 | C5: upper limit | D5: lower limit | E5: Valeur fluo extrapolée | F5: Résultat stat si NS | G5: EqH - testo | H5: Dilution | I5: EqH Extrapolation à 100% | J5: Valeur du seuil de référence | K5: % atteinte du seuil | L5: Numéro ligne | M5: Valeur échelle | N5: Etiquette
A6: EE2 64ng/L | B6: 64 | G6: =IF(F6="NS","NC",ROUND(B6,2-(1+INT(LOG10(ABS(B6)))))) -> 64
A7: ='Page de garde'!A15 -> Testosterone-3.7µg/L | F7: =HLOOKUP(A7,'pooled normalised values'!$B$74:$V$83,10,FALSE) -> ns | G7: =IF(F7="NS","NC",ROUND(B7,2-(1+INT(LOG10(ABS(B7)))))) -> NC | H7: =IF(VLOOKUP(A7,liste_groupe[],4,FALSE)="%",VLOOKUP(A7,liste_groupe[],3,FALSE)/100,IF(ISBLANK(VLOOKUP(A7,liste_groupe[],4,FALSE)),"Non","Non")) -> Non | I7: =IF(F7="NS","NC",IF(H7="Non",G7,G7*(1/H7))) -> NC | J7: 64 | K7: =IF(F7="NS",0,ROUND(I7/J7*100,0)) -> 0 | L7: 1 | M7: =IF(K7>100,125,K7) -> 0 | N7: =IF(H7="Non",CONCATENATE(VLOOKUP(A7,liste_groupe[],5,FALSE),"-",VLOOKUP(A7,liste_groupe[],3,FALSE),VLOOKUP(A7,liste_groupe[],4,FALSE)," : ",ROUND(K7,0),"%"),CONCATENATE(VLOOKUP(A7,liste_groupe[],5,FALSE)," : ",ROUND(K7,0),"%")) -> Testosterone-3.7µg/L : 0%
A8: ='Page de garde'!A16 -> Testosterone-11µg/L | F8: =HLOOKUP(A8,'pooled normalised values'!$B$74:$V$83,10,FALSE) -> ns | G8: =IF(F8="NS","NC",ROUND(B8,2-(1+INT(LOG10(ABS(B8)))))) -> NC | H8: =IF(VLOOKUP(A8,liste_groupe[],4,FALSE)="%",VLOOKUP(A8,liste_groupe[],3,FALSE)/100,IF(ISBLANK(VLOOKUP(A8,liste_groupe[],4,FALSE)),"Non","Non")) -> Non | I8: =IF(F8="NS","NC",IF(H8="Non",G8,G8*(1/H8))) -> NC | J8: 64 | K8: =IF(F8="NS",0,ROUND(I8/J8*100,0)) -> 0 | M8: =IF(K8>100,125,K8) -> 0 | N8: =IF(H8="Non",CONCATENATE(VLOOKUP(A8,liste_groupe[],5,FALSE),"-",VLOOKUP(A8,liste_groupe[],3,FALSE),VLOOKUP(A8,liste_groupe[],4,FALSE)," : ",ROUND(K8,0),"%"),CONCATENATE(VLOOKUP(A8,liste_groupe[],5,FALSE)," : ",ROUND(K8,0),"%")) -> Testosterone-11µg/L : 0%
A9: ='Page de garde'!A17 -> Testosterone-33µg/L | F9: =HLOOKUP(A9,'pooled normalised values'!$B$74:$V$83,10,FALSE) -> ** | G9: =IF(F9="NS","NC",ROUND(B9,2-(1+INT(LOG10(ABS(B9)))))) -> #NUM! | H9: =IF(VLOOKUP(A9,liste_groupe[],4,FALSE)="%",VLOOKUP(A9,liste_groupe[],3,FALSE)/100,IF(ISBLANK(VLOOKUP(A9,liste_groupe[],4,FALSE)),"Non","Non")) -> Non | I9: =IF(F9="NS","NC",IF(H9="Non",G9,G9*(1/H9))) -> #NUM! | J9: 64 | K9: =IF(F9="NS",0,ROUND(I9/J9*100,0)) -> #NUM! | M9: =IF(K9>100,125,K9) -> #NUM! | N9: =IF(H9="Non",CONCATENATE(VLOOKUP(A9,liste_groupe[],5,FALSE),"-",VLOOKUP(A9,liste_groupe[],3,FALSE),VLOOKUP(A9,liste_groupe[],4,FALSE)," : ",ROUND(K9,0),"%"),CONCATENATE(VLOOKUP(A9,liste_groupe[],5,FALSE)," : ",ROUND(K9,0),"%")) -> #NUM!
A10: ='Page de garde'!A18 -> Testosterone-100µg/L | F10: =HLOOKUP(A10,'pooled normalised values'!$B$74:$V$83,10,FALSE) -> *** | G10: =IF(F10="NS","NC",ROUND(B10,2-(1+INT(LOG10(ABS(B10)))))) -> #NUM! | H10: =IF(VLOOKUP(A10,liste_groupe[],4,FALSE)="%",VLOOKUP(A10,liste_groupe[],3,FALSE)/100,IF(ISBLANK(VLOOKUP(A10,liste_groupe[],4,FALSE)),"Non","Non")) -> Non | I10: =IF(F10="NS","NC",IF(H10="Non",G10,G10*(1/H10))) -> #NUM! | J10: 64 | K10: =IF(F10="NS",0,ROUND(I10/J10*100,0)) -> #NUM! | M10: =IF(K10>100,125,K10) -> #NUM! | N10: =IF(H10="Non",CONCATENATE(VLOOKUP(A10,liste_groupe[],5,FALSE),"-",VLOOKUP(A10,liste_groupe[],3,FALSE),VLOOKUP(A10,liste_groupe[],4,FALSE)," : ",ROUND(K10,0),"%"),CONCATENATE(VLOOKUP(A10,liste_groupe[],5,FALSE)," : ",ROUND(K10,0),"%")) -> #NUM!
A11: ='Page de garde'!A19 -> Testosterone-300µg/L | F11: =HLOOKUP(A11,'pooled normalised values'!$B$74:$V$83,10,FALSE) -> *** | G11: =IF(F11="NS","NC",ROUND(B11,2-(1+INT(LOG10(ABS(B11)))))) -> #NUM! | H11: =IF(VLOOKUP(A11,liste_groupe[],4,FALSE)="%",VLOOKUP(A11,liste_groupe[],3,FALSE)/100,IF(ISBLANK(VLOOKUP(A11,liste_groupe[],4,FALSE)),"Non","Non")) -> Non | I11: =IF(F11="NS","NC",IF(H11="Non",G11,G11*(1/H11))) -> #NUM! | J11: 64 | K11: =IF(F11="NS",0,ROUND(I11/J11*100,0)) -> #NUM! | M11: =IF(K11>100,125,K11) -> #NUM! | N11: =IF(H11="Non",CONCATENATE(VLOOKUP(A11,liste_groupe[],5,FALSE),"-",VLOOKUP(A11,liste_groupe[],3,FALSE),VLOOKUP(A11,liste_groupe[],4,FALSE)," : ",ROUND(K11,0),"%"),CONCATENATE(VLOOKUP(A11,liste_groupe[],5,FALSE)," : ",ROUND(K11,0),"%")) -> #NUM!
A12: ='Page de garde'!A20 | F12: =HLOOKUP(A12,'pooled normalised values'!$B$74:$V$83,10,FALSE) -> #N/A | G12: =IF(F12="NS","NC",ROUND(B12,2-(1+INT(LOG10(ABS(B12)))))) -> #N/A | H12: =IF(VLOOKUP(A12,liste_groupe[],4,FALSE)="%",VLOOKUP(A12,liste_groupe[],3,FALSE)/100,IF(ISBLANK(VLOOKUP(A12,liste_groupe[],4,FALSE)),"Non","Non")) -> Non | I12: =IF(F12="NS","NC",IF(H12="Non",G12,G12*(1/H12))) -> #N/A | J12: 64 | K12: =IF(F12="NS",0,ROUND(I12/J12*100,0)) -> #N/A | M12: =IF(K12>100,125,K12) -> #N/A | N12: =IF(H12="Non",CONCATENATE(VLOOKUP(A12,liste_groupe[],5,FALSE),"-",VLOOKUP(A12,liste_groupe[],3,FALSE),VLOOKUP(A12,liste_groupe[],4,FALSE)," : ",ROUND(K12,0),"%"),CONCATENATE(VLOOKUP(A12,liste_groupe[],5,FALSE)," : ",ROUND(K12,0),"%")) -> #N/A
A13: ='Page de garde'!A21 | F13: =HLOOKUP(A13,'pooled normalised values'!$B$74:$V$83,10,FALSE) -> #N/A | G13: =IF(F13="NS","NC",ROUND(B13,2-(1+INT(LOG10(ABS(B13)))))) -> #N/A | H13: =IF(VLOOKUP(A13,liste_groupe[],4,FALSE)="%",VLOOKUP(A13,liste_groupe[],3,FALSE)/100,IF(ISBLANK(VLOOKUP(A13,liste_groupe[],4,FALSE)),"Non","Non")) -> Non | I13: =IF(F13="NS","NC",IF(H13="Non",G13,G13*(1/H13))) -> #N/A | J13: 64 | K13: =IF(F13="NS",0,ROUND(I13/J13*100,0)) -> #N/A | M13: =IF(K13>100,125,K13) -> #N/A | N13: =IF(H13="Non",CONCATENATE(VLOOKUP(A13,liste_groupe[],5,FALSE),"-",VLOOKUP(A13,liste_groupe[],3,FALSE),VLOOKUP(A13,liste_groupe[],4,FALSE)," : ",ROUND(K13,0),"%"),CONCATENATE(VLOOKUP(A13,liste_groupe[],5,FALSE)," : ",ROUND(K13,0),"%")) -> #N/A
A14: ='Page de garde'!A22 | F14: =HLOOKUP(A14,'pooled normalised values'!$B$74:$V$83,10,FALSE) -> #N/A | G14: =IF(F14="NS","NC",ROUND(B14,2-(1+INT(LOG10(ABS(B14)))))) -> #N/A | H14: =IF(VLOOKUP(A14,liste_groupe[],4,FALSE)="%",VLOOKUP(A14,liste_groupe[],3,FALSE)/100,IF(ISBLANK(VLOOKUP(A14,liste_groupe[],4,FALSE)),"Non","Non")) -> Non | I14: =IF(F14="NS","NC",IF(H14="Non",G14,G14*(1/H14))) -> #N/A | J14: 64 | K14: =IF(F14="NS",0,ROUND(I14/J14*100,0)) -> #N/A | M14: =IF(K14>100,125,K14) -> #N/A | N14: =IF(H14="Non",CONCATENATE(VLOOKUP(A14,liste_groupe[],5,FALSE),"-",VLOOKUP(A14,liste_groupe[],3,FALSE),VLOOKUP(A14,liste_groupe[],4,FALSE)," : ",ROUND(K14,0),"%"),CONCATENATE(VLOOKUP(A14,liste_groupe[],5,FALSE)," : ",ROUND(K14,0),"%")) -> #N/A
A15: ='Page de garde'!A23 | F15: =HLOOKUP(A15,'pooled normalised values'!$B$74:$V$83,10,FALSE) -> #N/A | G15: =IF(F15="NS","NC",ROUND(B15,2-(1+INT(LOG10(ABS(B15)))))) -> #N/A | H15: =IF(VLOOKUP(A15,liste_groupe[],4,FALSE)="%",VLOOKUP(A15,liste_groupe[],3,FALSE)/100,IF(ISBLANK(VLOOKUP(A15,liste_groupe[],4,FALSE)),"Non","Non")) -> Non | I15: =IF(F15="NS","NC",IF(H15="Non",G15,G15*(1/H15))) -> #N/A | J15: 64 | K15: =IF(F15="NS",0,ROUND(I15/J15*100,0)) -> #N/A | M15: =IF(K15>100,125,K15) -> #N/A | N15: =IF(H15="Non",CONCATENATE(VLOOKUP(A15,liste_groupe[],5,FALSE),"-",VLOOKUP(A15,liste_groupe[],3,FALSE),VLOOKUP(A15,liste_groupe[],4,FALSE)," : ",ROUND(K15,0),"%"),CONCATENATE(VLOOKUP(A15,liste_groupe[],5,FALSE)," : ",ROUND(K15,0),"%")) -> #N/A
A16: ='Page de garde'!A24 | F16: =HLOOKUP(A16,'pooled normalised values'!$B$74:$V$83,10,FALSE) -> #N/A | G16: =IF(F16="NS","NC",ROUND(B16,2-(1+INT(LOG10(ABS(B16)))))) -> #N/A | H16: =IF(VLOOKUP(A16,liste_groupe[],4,FALSE)="%",VLOOKUP(A16,liste_groupe[],3,FALSE)/100,IF(ISBLANK(VLOOKUP(A16,liste_groupe[],4,FALSE)),"Non","Non")) -> Non | I16: =IF(F16="NS","NC",IF(H16="Non",G16,G16*(1/H16))) -> #N/A | J16: 64 | K16: =IF(F16="NS",0,ROUND(I16/J16*100,0)) -> #N/A | M16: =IF(K16>100,125,K16) -> #N/A | N16: =IF(H16="Non",CONCATENATE(VLOOKUP(A16,liste_groupe[],5,FALSE),"-",VLOOKUP(A16,liste_groupe[],3,FALSE),VLOOKUP(A16,liste_groupe[],4,FALSE)," : ",ROUND(K16,0),"%"),CONCATENATE(VLOOKUP(A16,liste_groupe[],5,FALSE)," : ",ROUND(K16,0),"%")) -> #N/A
A17: ='Page de garde'!A25 | F17: =HLOOKUP(A17,'pooled normalised values'!$B$74:$V$83,10,FALSE) -> #N/A | G17: =IF(F17="NS","NC",ROUND(B17,2-(1+INT(LOG10(ABS(B17)))))) -> #N/A | H17: =IF(VLOOKUP(A17,liste_groupe[],4,FALSE)="%",VLOOKUP(A17,liste_groupe[],3,FALSE)/100,IF(ISBLANK(VLOOKUP(A17,liste_groupe[],4,FALSE)),"Non","Non")) -> Non | I17: =IF(F17="NS","NC",IF(H17="Non",G17,G17*(1/H17))) -> #N/A | J17: 64 | K17: =IF(F17="NS",0,ROUND(I17/J17*100,0)) -> #N/A | M17: =IF(K17>100,125,K17) -> #N/A | N17: =IF(H17="Non",CONCATENATE(VLOOKUP(A17,liste_groupe[],5,FALSE),"-",VLOOKUP(A17,liste_groupe[],3,FALSE),VLOOKUP(A17,liste_groupe[],4,FALSE)," : ",ROUND(K17,0),"%"),CONCATENATE(VLOOKUP(A17,liste_groupe[],5,FALSE)," : ",ROUND(K17,0),"%")) -> #N/A
A18: ='Page de garde'!A26 | F18: =HLOOKUP(A18,'pooled normalised values'!$B$74:$V$83,10,FALSE) -> #N/A | G18: =IF(F18="NS","NC",ROUND(B18,2-(1+INT(LOG10(ABS(B18)))))) -> #N/A | H18: =IF(VLOOKUP(A18,liste_groupe[],4,FALSE)="%",VLOOKUP(A18,liste_groupe[],3,FALSE)/100,IF(ISBLANK(VLOOKUP(A18,liste_groupe[],4,FALSE)),"Non","Non")) -> Non | I18: =IF(F18="NS","NC",IF(H18="Non",G18,G18*(1/H18))) -> #N/A | J18: 64 | K18: =IF(F18="NS",0,ROUND(I18/J18*100,0)) -> #N/A | M18: =IF(K18>100,125,K18) -> #N/A | N18: =IF(H18="Non",CONCATENATE(VLOOKUP(A18,liste_groupe[],5,FALSE),"-",VLOOKUP(A18,liste_groupe[],3,FALSE),VLOOKUP(A18,liste_groupe[],4,FALSE)," : ",ROUND(K18,0),"%"),CONCATENATE(VLOOKUP(A18,liste_groupe[],5,FALSE)," : ",ROUND(K18,0),"%")) -> #N/A
A19: ='Page de garde'!A27 | F19: =HLOOKUP(A19,'pooled normalised values'!$B$74:$V$83,10,FALSE) -> #N/A | G19: =IF(F19="NS","NC",ROUND(B19,2-(1+INT(LOG10(ABS(B19)))))) -> #N/A | H19: =IF(VLOOKUP(A19,liste_groupe[],4,FALSE)="%",VLOOKUP(A19,liste_groupe[],3,FALSE)/100,IF(ISBLANK(VLOOKUP(A19,liste_groupe[],4,FALSE)),"Non","Non")) -> Non | I19: =IF(F19="NS","NC",IF(H19="Non",G19,G19*(1/H19))) -> #N/A | J19: 64 | K19: =IF(F19="NS",0,ROUND(I19/J19*100,0)) -> #N/A | M19: =IF(K19>100,125,K19) -> #N/A | N19: =IF(H19="Non",CONCATENATE(VLOOKUP(A19,liste_groupe[],5,FALSE),"-",VLOOKUP(A19,liste_groupe[],3,FALSE),VLOOKUP(A19,liste_groupe[],4,FALSE)," : ",ROUND(K19,0),"%"),CONCATENATE(VLOOKUP(A19,liste_groupe[],5,FALSE)," : ",ROUND(K19,0),"%")) -> #N/A
... A26: ='Page de garde'!A34 | F26: =HLOOKUP(A26,'pooled normalised values'!$B$74:$V$83,10,FALSE) -> #N/A | G26: =IF(F26="NS","NC",ROUND(B26,2-(1+INT(LOG10(ABS(B26)))))) -> #N/A | H26: =IF(VLOOKUP(A26,liste_groupe[],4,FALSE)="%",VLOOKUP(A26,liste_groupe[],3,FALSE)/100,IF(ISBLANK(VLOOKUP(A26,liste_groupe[],4,FALSE)),"Non","Non")) -> Non | I26: =IF(F26="NS","NC",IF(H26="Non",G26,G26*(1/H26))) -> #N/A | J26: 64 | K26: =IF(F26="NS",0,ROUND(I26/J26*100,0)) -> #N/A | M26: =IF(K26>100,125,K26) -> #N/A | N26: =IF(H26="Non",CONCATENATE(VLOOKUP(A26,liste_groupe[],5,FALSE),"-",VLOOKUP(A26,liste_groupe[],3,FALSE),VLOOKUP(A26,liste_groupe[],4,FALSE)," : ",ROUND(K26,0),"%"),CONCATENATE(VLOOKUP(A26,liste_groupe[],5,FALSE)," : ",ROUND(K26,0),"%")) -> #N/A
B28: ng/L EE2 | C28: upper limit | D28: lower limit | E28: Valeur fluo extrapolée | F28: Résultat stat si NS | G28: EqH - testo | H28: Dilution | I28: EqH Extrapolation à 100% | J28: Valeur du seuil de référence | K28: % atteinte du seuil | L28: Numéro ligne | M28: Valeur échelle | N28: Etiquette
A29: Testosterone
A30: Testo+ EE2 | G30: =IF(F30="NS","NC",ROUND(B30-$B$29,2-(1+INT(LOG10(ABS(B30-$B$29)))))) -> #NUM!
A31: Testo+ Fad | G31: =IF(F31="NS","NC",ROUND(B31-$B$29,2-(1+INT(LOG10(ABS(B31-$B$29)))))) -> #NUM!
A32: ='Page de garde'!A39 -> Testosterone-3.7µg/L + Testostérone | F32: =HLOOKUP(A32,'pooled normalised values'!$B$74:$V$83,10,FALSE) -> ns | G32: =IF(F32="NS","NC",ROUND(B32-$B$29,2-(1+INT(LOG10(ABS(B32-$B$29)))))) -> NC | H32: =IF(VLOOKUP(A32,liste_groupe[],4,FALSE)="%",VLOOKUP(A32,liste_groupe[],3,FALSE)/100,IF(ISBLANK(VLOOKUP(A32,liste_groupe[],4,FALSE)),"Non","Non")) -> Non | I32: =IF(F32="NS","NC",IF(H32="Non",G32,G32*(1/H32))) -> NC | J32: =IF(G32<0,$G$31,$G$30) -> #NUM! | K32: =IF(F32="NS",0,IF(I32<0,-ROUND(I32/J32*100,0),ROUND(I32/J32*100,0))) -> 0 | L32: 1 | M32: =IF(I32<0,IF(K32<-100,-125,K32),IF(K32>100,125,K32)) -> 0 | N32: =IF(H32="Non",CONCATENATE(VLOOKUP(A32,liste_groupe[],5,FALSE),"-",VLOOKUP(A32,liste_groupe[],3,FALSE),VLOOKUP(A32,liste_groupe[],4,FALSE)," : ",ROUND(K32,0),"%"),CONCATENATE(VLOOKUP(A32,liste_groupe[],5,FALSE)," : ",ROUND(K32,0),"%")) -> Testosterone-3.7µg/L : 0%
A33: ='Page de garde'!A40 -> Testosterone-11µg/L + Testostérone | F33: =HLOOKUP(A33,'pooled normalised values'!$B$74:$V$83,10,FALSE) -> ns | G33: =IF(F33="NS","NC",ROUND(B33-$B$29,2-(1+INT(LOG10(ABS(B33-$B$29)))))) -> NC | H33: =IF(VLOOKUP(A33,liste_groupe[],4,FALSE)="%",VLOOKUP(A33,liste_groupe[],3,FALSE)/100,IF(ISBLANK(VLOOKUP(A33,liste_groupe[],4,FALSE)),"Non","Non")) -> Non | I33: =IF(F33="NS","NC",IF(H33="Non",G33,G33*(1/H33))) -> NC | J33: =IF(G33<0,$G$31,$G$30) -> #NUM! | K33: =IF(F33="NS",0,IF(I33<0,-ROUND(I33/J33*100,0),ROUND(I33/J33*100,0))) -> 0 | M33: =IF(I33<0,IF(K33<-100,-125,K33),IF(K33>100,125,K33)) -> 0 | N33: =IF(H33="Non",CONCATENATE(VLOOKUP(A33,liste_groupe[],5,FALSE),"-",VLOOKUP(A33,liste_groupe[],3,FALSE),VLOOKUP(A33,liste_groupe[],4,FALSE)," : ",ROUND(K33,0),"%"),CONCATENATE(VLOOKUP(A33,liste_groupe[],5,FALSE)," : ",ROUND(K33,0),"%")) -> Testosterone-11µg/L : 0%
A34: ='Page de garde'!A41 -> Testosterone-33µg/L + Testostérone | F34: =HLOOKUP(A34,'pooled normalised values'!$B$74:$V$83,10,FALSE) -> ** | G34: =IF(F34="NS","NC",ROUND(B34-$B$29,2-(1+INT(LOG10(ABS(B34-$B$29)))))) -> #NUM! | H34: =IF(VLOOKUP(A34,liste_groupe[],4,FALSE)="%",VLOOKUP(A34,liste_groupe[],3,FALSE)/100,IF(ISBLANK(VLOOKUP(A34,liste_groupe[],4,FALSE)),"Non","Non")) -> Non | I34: =IF(F34="NS","NC",IF(H34="Non",G34,G34*(1/H34))) -> #NUM! | J34: =IF(G34<0,$G$31,$G$30) -> #NUM! | K34: =IF(F34="NS",0,IF(I34<0,-ROUND(I34/J34*100,0),ROUND(I34/J34*100,0))) -> #NUM! | M34: =IF(I34<0,IF(K34<-100,-125,K34),IF(K34>100,125,K34)) -> #NUM! | N34: =IF(H34="Non",CONCATENATE(VLOOKUP(A34,liste_groupe[],5,FALSE),"-",VLOOKUP(A34,liste_groupe[],3,FALSE),VLOOKUP(A34,liste_groupe[],4,FALSE)," : ",ROUND(K34,0),"%"),CONCATENATE(VLOOKUP(A34,liste_groupe[],5,FALSE)," : ",ROUND(K34,0),"%")) -> #NUM!
A35: ='Page de garde'!A42 -> Testosterone-100µg/L + Testostérone | F35: =HLOOKUP(A35,'pooled normalised values'!$B$74:$V$83,10,FALSE) -> ** | G35: =IF(F35="NS","NC",ROUND(B35-$B$29,2-(1+INT(LOG10(ABS(B35-$B$29)))))) -> #NUM! | H35: =IF(VLOOKUP(A35,liste_groupe[],4,FALSE)="%",VLOOKUP(A35,liste_groupe[],3,FALSE)/100,IF(ISBLANK(VLOOKUP(A35,liste_groupe[],4,FALSE)),"Non","Non")) -> Non | I35: =IF(F35="NS","NC",IF(H35="Non",G35,G35*(1/H35))) -> #NUM! | J35: =IF(G35<0,$G$31,$G$30) -> #NUM! | K35: =IF(F35="NS",0,IF(I35<0,-ROUND(I35/J35*100,0),ROUND(I35/J35*100,0))) -> #NUM! | M35: =IF(I35<0,IF(K35<-100,-125,K35),IF(K35>100,125,K35)) -> #NUM! | N35: =IF(H35="Non",CONCATENATE(VLOOKUP(A35,liste_groupe[],5,FALSE),"-",VLOOKUP(A35,liste_groupe[],3,FALSE),VLOOKUP(A35,liste_groupe[],4,FALSE)," : ",ROUND(K35,0),"%"),CONCATENATE(VLOOKUP(A35,liste_groupe[],5,FALSE)," : ",ROUND(K35,0),"%")) -> #NUM!
A36: ='Page de garde'!A43 -> Testosterone-300µg/L + Testostérone | F36: =HLOOKUP(A36,'pooled normalised values'!$B$74:$V$83,10,FALSE) -> *** | G36: =IF(F36="NS","NC",ROUND(B36-$B$29,2-(1+INT(LOG10(ABS(B36-$B$29)))))) -> #NUM! | H36: =IF(VLOOKUP(A36,liste_groupe[],4,FALSE)="%",VLOOKUP(A36,liste_groupe[],3,FALSE)/100,IF(ISBLANK(VLOOKUP(A36,liste_groupe[],4,FALSE)),"Non","Non")) -> Non | I36: =IF(F36="NS","NC",IF(H36="Non",G36,G36*(1/H36))) -> #NUM! | J36: =IF(G36<0,$G$31,$G$30) -> #NUM! | K36: =IF(F36="NS",0,IF(I36<0,-ROUND(I36/J36*100,0),ROUND(I36/J36*100,0))) -> #NUM! | M36: =IF(I36<0,IF(K36<-100,-125,K36),IF(K36>100,125,K36)) -> #NUM! | N36: =IF(H36="Non",CONCATENATE(VLOOKUP(A36,liste_groupe[],5,FALSE),"-",VLOOKUP(A36,liste_groupe[],3,FALSE),VLOOKUP(A36,liste_groupe[],4,FALSE)," : ",ROUND(K36,0),"%"),CONCATENATE(VLOOKUP(A36,liste_groupe[],5,FALSE)," : ",ROUND(K36,0),"%")) -> #NUM!
A37: ='Page de garde'!A44 -> 0-00 + Testostérone | F37: =HLOOKUP(A37,'pooled normalised values'!$B$74:$V$83,10,FALSE) -> #N/A | G37: =IF(F37="NS","NC",ROUND(B37-$B$29,2-(1+INT(LOG10(ABS(B37-$B$29)))))) -> #N/A | H37: =IF(VLOOKUP(A37,liste_groupe[],4,FALSE)="%",VLOOKUP(A37,liste_groupe[],3,FALSE)/100,IF(ISBLANK(VLOOKUP(A37,liste_groupe[],4,FALSE)),"Non","Non")) -> Non | I37: =IF(F37="NS","NC",IF(H37="Non",G37,G37*(1/H37))) -> #N/A | J37: =IF(G37<0,$G$31,$G$30) -> #N/A | K37: =IF(F37="NS",0,IF(I37<0,-ROUND(I37/J37*100,0),ROUND(I37/J37*100,0))) -> #N/A | M37: =IF(I37<0,IF(K37<-100,-125,K37),IF(K37>100,125,K37)) -> #N/A | N37: =IF(H37="Non",CONCATENATE(VLOOKUP(A37,liste_groupe[],5,FALSE),"-",VLOOKUP(A37,liste_groupe[],3,FALSE),VLOOKUP(A37,liste_groupe[],4,FALSE)," : ",ROUND(K37,0),"%"),CONCATENATE(VLOOKUP(A37,liste_groupe[],5,FALSE)," : ",ROUND(K37,0),"%")) -> #N/A
A38: ='Page de garde'!A45 -> 0-00 + Testostérone | F38: =HLOOKUP(A38,'pooled normalised values'!$B$74:$V$83,10,FALSE) -> #N/A | G38: =IF(F38="NS","NC",ROUND(B38-$B$29,2-(1+INT(LOG10(ABS(B38-$B$29)))))) -> #N/A | H38: =IF(VLOOKUP(A38,liste_groupe[],4,FALSE)="%",VLOOKUP(A38,liste_groupe[],3,FALSE)/100,IF(ISBLANK(VLOOKUP(A38,liste_groupe[],4,FALSE)),"Non","Non")) -> Non | I38: =IF(F38="NS","NC",IF(H38="Non",G38,G38*(1/H38))) -> #N/A | J38: =IF(G38<0,$G$31,$G$30) -> #N/A | K38: =IF(F38="NS",0,IF(I38<0,-ROUND(I38/J38*100,0),ROUND(I38/J38*100,0))) -> #N/A | M38: =IF(I38<0,IF(K38<-100,-125,K38),IF(K38>100,125,K38)) -> #N/A | N38: =IF(H38="Non",CONCATENATE(VLOOKUP(A38,liste_groupe[],5,FALSE),"-",VLOOKUP(A38,liste_groupe[],3,FALSE),VLOOKUP(A38,liste_groupe[],4,FALSE)," : ",ROUND(K38,0),"%"),CONCATENATE(VLOOKUP(A38,liste_groupe[],5,FALSE)," : ",ROUND(K38,0),"%")) -> #N/A
A39: ='Page de garde'!A46 -> 0-00 + Testostérone | F39: =HLOOKUP(A39,'pooled normalised values'!$B$74:$V$83,10,FALSE) -> #N/A | G39: =IF(F39="NS","NC",ROUND(B39-$B$29,2-(1+INT(LOG10(ABS(B39-$B$29)))))) -> #N/A | H39: =IF(VLOOKUP(A39,liste_groupe[],4,FALSE)="%",VLOOKUP(A39,liste_groupe[],3,FALSE)/100,IF(ISBLANK(VLOOKUP(A39,liste_groupe[],4,FALSE)),"Non","Non")) -> Non | I39: =IF(F39="NS","NC",IF(H39="Non",G39,G39*(1/H39))) -> #N/A | J39: =IF(G39<0,$G$31,$G$30) -> #N/A | K39: =IF(F39="NS",0,IF(I39<0,-ROUND(I39/J39*100,0),ROUND(I39/J39*100,0))) -> #N/A | M39: =IF(I39<0,IF(K39<-100,-125,K39),IF(K39>100,125,K39)) -> #N/A | N39: =IF(H39="Non",CONCATENATE(VLOOKUP(A39,liste_groupe[],5,FALSE),"-",VLOOKUP(A39,liste_groupe[],3,FALSE),VLOOKUP(A39,liste_groupe[],4,FALSE)," : ",ROUND(K39,0),"%"),CONCATENATE(VLOOKUP(A39,liste_groupe[],5,FALSE)," : ",ROUND(K39,0),"%")) -> #N/A
A40: ='Page de garde'!A47 -> 0-00 + Testostérone | F40: =HLOOKUP(A40,'pooled normalised values'!$B$74:$V$83,10,FALSE) -> #N/A | G40: =IF(F40="NS","NC",ROUND(B40-$B$29,2-(1+INT(LOG10(ABS(B40-$B$29)))))) -> #N/A | H40: =IF(VLOOKUP(A40,liste_groupe[],4,FALSE)="%",VLOOKUP(A40,liste_groupe[],3,FALSE)/100,IF(ISBLANK(VLOOKUP(A40,liste_groupe[],4,FALSE)),"Non","Non")) -> Non | I40: =IF(F40="NS","NC",IF(H40="Non",G40,G40*(1/H40))) -> #N/A | J40: =IF(G40<0,$G$31,$G$30) -> #N/A | K40: =IF(F40="NS",0,IF(I40<0,-ROUND(I40/J40*100,0),ROUND(I40/J40*100,0))) -> #N/A | M40: =IF(I40<0,IF(K40<-100,-125,K40),IF(K40>100,125,K40)) -> #N/A | N40: =IF(H40="Non",CONCATENATE(VLOOKUP(A40,liste_groupe[],5,FALSE),"-",VLOOKUP(A40,liste_groupe[],3,FALSE),VLOOKUP(A40,liste_groupe[],4,FALSE)," : ",ROUND(K40,0),"%"),CONCATENATE(VLOOKUP(A40,liste_groupe[],5,FALSE)," : ",ROUND(K40,0),"%")) -> #N/A
A41: ='Page de garde'!A48 -> 0-00 + Testostérone | F41: =HLOOKUP(A41,'pooled normalised values'!$B$74:$V$83,10,FALSE) -> #N/A | G41: =IF(F41="NS","NC",ROUND(B41-$B$29,2-(1+INT(LOG10(ABS(B41-$B$29)))))) -> #N/A | H41: =IF(VLOOKUP(A41,liste_groupe[],4,FALSE)="%",VLOOKUP(A41,liste_groupe[],3,FALSE)/100,IF(ISBLANK(VLOOKUP(A41,liste_groupe[],4,FALSE)),"Non","Non")) -> Non | I41: =IF(F41="NS","NC",IF(H41="Non",G41,G41*(1/H41))) -> #N/A | J41: =IF(G41<0,$G$31,$G$30) -> #N/A | K41: =IF(F41="NS",0,IF(I41<0,-ROUND(I41/J41*100,0),ROUND(I41/J41*100,0))) -> #N/A | M41: =IF(I41<0,IF(K41<-100,-125,K41),IF(K41>100,125,K41)) -> #N/A | N41: =IF(H41="Non",CONCATENATE(VLOOKUP(A41,liste_groupe[],5,FALSE),"-",VLOOKUP(A41,liste_groupe[],3,FALSE),VLOOKUP(A41,liste_groupe[],4,FALSE)," : ",ROUND(K41,0),"%"),CONCATENATE(VLOOKUP(A41,liste_groupe[],5,FALSE)," : ",ROUND(K41,0),"%")) -> #N/A
A42: ='Page de garde'!A49 -> 0-00 + Testostérone | F42: =HLOOKUP(A42,'pooled normalised values'!$B$74:$V$83,10,FALSE) -> #N/A | G42: =IF(F42="NS","NC",ROUND(B42-$B$29,2-(1+INT(LOG10(ABS(B42-$B$29)))))) -> #N/A | H42: =IF(VLOOKUP(A42,liste_groupe[],4,FALSE)="%",VLOOKUP(A42,liste_groupe[],3,FALSE)/100,IF(ISBLANK(VLOOKUP(A42,liste_groupe[],4,FALSE)),"Non","Non")) -> Non | I42: =IF(F42="NS","NC",IF(H42="Non",G42,G42*(1/H42))) -> #N/A | J42: =IF(G42<0,$G$31,$G$30) -> #N/A | K42: =IF(F42="NS",0,IF(I42<0,-ROUND(I42/J42*100,0),ROUND(I42/J42*100,0))) -> #N/A | M42: =IF(I42<0,IF(K42<-100,-125,K42),IF(K42>100,125,K42)) -> #N/A | N42: =IF(H42="Non",CONCATENATE(VLOOKUP(A42,liste_groupe[],5,FALSE),"-",VLOOKUP(A42,liste_groupe[],3,FALSE),VLOOKUP(A42,liste_groupe[],4,FALSE)," : ",ROUND(K42,0),"%"),CONCATENATE(VLOOKUP(A42,liste_groupe[],5,FALSE)," : ",ROUND(K42,0),"%")) -> #N/A
A43: ='Page de garde'!A50 -> 0-00 + Testostérone | F43: =HLOOKUP(A43,'pooled normalised values'!$B$74:$V$83,10,FALSE) -> #N/A | G43: =IF(F43="NS","NC",ROUND(B43-$B$29,2-(1+INT(LOG10(ABS(B43-$B$29)))))) -> #N/A | H43: =IF(VLOOKUP(A43,liste_groupe[],4,FALSE)="%",VLOOKUP(A43,liste_groupe[],3,FALSE)/100,IF(ISBLANK(VLOOKUP(A43,liste_groupe[],4,FALSE)),"Non","Non")) -> Non | I43: =IF(F43="NS","NC",IF(H43="Non",G43,G43*(1/H43))) -> #N/A | J43: =IF(G43<0,$G$31,$G$30) -> #N/A | K43: =IF(F43="NS",0,IF(I43<0,-ROUND(I43/J43*100,0),ROUND(I43/J43*100,0))) -> #N/A | M43: =IF(I43<0,IF(K43<-100,-125,K43),IF(K43>100,125,K43)) -> #N/A | N43: =IF(H43="Non",CONCATENATE(VLOOKUP(A43,liste_groupe[],5,FALSE),"-",VLOOKUP(A43,liste_groupe[],3,FALSE),VLOOKUP(A43,liste_groupe[],4,FALSE)," : ",ROUND(K43,0),"%"),CONCATENATE(VLOOKUP(A43,liste_groupe[],5,FALSE)," : ",ROUND(K43,0),"%")) -> #N/A
A44: ='Page de garde'!A51 -> 0-00 + Testostérone | F44: =HLOOKUP(A44,'pooled normalised values'!$B$74:$V$83,10,FALSE) -> #N/A | G44: =IF(F44="NS","NC",ROUND(B44-$B$29,2-(1+INT(LOG10(ABS(B44-$B$29)))))) -> #N/A | H44: =IF(VLOOKUP(A44,liste_groupe[],4,FALSE)="%",VLOOKUP(A44,liste_groupe[],3,FALSE)/100,IF(ISBLANK(VLOOKUP(A44,liste_groupe[],4,FALSE)),"Non","Non")) -> Non | I44: =IF(F44="NS","NC",IF(H44="Non",G44,G44*(1/H44))) -> #N/A | J44: =IF(G44<0,$G$31,$G$30) -> #N/A | K44: =IF(F44="NS",0,IF(I44<0,-ROUND(I44/J44*100,0),ROUND(I44/J44*100,0))) -> #N/A | M44: =IF(I44<0,IF(K44<-100,-125,K44),IF(K44>100,125,K44)) -> #N/A | N44: =IF(H44="Non",CONCATENATE(VLOOKUP(A44,liste_groupe[],5,FALSE),"-",VLOOKUP(A44,liste_groupe[],3,FALSE),VLOOKUP(A44,liste_groupe[],4,FALSE)," : ",ROUND(K44,0),"%"),CONCATENATE(VLOOKUP(A44,liste_groupe[],5,FALSE)," : ",ROUND(K44,0),"%")) -> #N/A
... A51: ='Page de garde'!A58 -> 0-00 + Testostérone | F51: =HLOOKUP(A51,'pooled normalised values'!$B$74:$V$83,10,FALSE) -> #N/A | G51: =IF(F51="NS","NC",ROUND(B51-$B$29,2-(1+INT(LOG10(ABS(B51-$B$29)))))) -> #N/A | H51: =IF(VLOOKUP(A51,liste_groupe[],4,FALSE)="%",VLOOKUP(A51,liste_groupe[],3,FALSE)/100,IF(ISBLANK(VLOOKUP(A51,liste_groupe[],4,FALSE)),"Non","Non")) -> Non | I51: =IF(F51="NS","NC",IF(H51="Non",G51,G51*(1/H51))) -> #N/A | J51: =IF(G51<0,$G$31,$G$30) -> #N/A | K51: =IF(F51="NS",0,IF(I51<0,-ROUND(I51/J51*100,0),ROUND(I51/J51*100,0))) -> #N/A | M51: =IF(I51<0,IF(K51<-100,-125,K51),IF(K51>100,125,K51)) -> #N/A | N51: =IF(H51="Non",CONCATENATE(VLOOKUP(A51,liste_groupe[],5,FALSE),"-",VLOOKUP(A51,liste_groupe[],3,FALSE),VLOOKUP(A51,liste_groupe[],4,FALSE)," : ",ROUND(K51,0),"%"),CONCATENATE(VLOOKUP(A51,liste_groupe[],5,FALSE)," : ",ROUND(K51,0),"%")) -> #N/A
A53: 18. Expérimentateur 2 : transmission des résultats avec le SQ rempli au responsable du laboratoire.

Sheet Notice
A1: Description | B1: Problème | C1: EqH RAPPORT | D1: % atteinte du seuil RAPPORT | E1: Valeur échelle sur graphique RAPPORT | F1: EqH BASE DE DONNEES | G1: % BASE DE DONNEES
A2: Diminution de fluo en non dopé | B2: Impossible de calculer un EQH et pas de seuil déterminé donc impossible d'évaluer si l'échantillon dépasse un seuil | C2: Non calculable | D2: Mettre le % de variation de fluo avec un renvoi: "*: variation de fluorescence non-calibrée" | E2: % de variation de fluo | F2: Non calculable | G2: Non calculable

Sheet Graph format rapport CHG
A2: Evian | B2: ='pooled normalised values'!B75 -> 0.1050582 | D2: Etiquettes | F2: ='pooled normalised values'!J74 -> Testosterone-11µg/L | G2: ='pooled normalised values'!K74 -> Testosterone-33µg/L | H2: ='pooled normalised values'!L74 -> Testosterone-100µg/L | I2: ='pooled normalised values'!M74 -> Testosterone-300µg/L | J2: ='pooled normalised values'!#REF! -> #REF! | K2: ='pooled normalised values'!#REF! -> #REF! | L2: ='pooled normalised values'!#REF! -> #REF! | M2: ='pooled normalised values'!#REF! -> #REF! | N2: ='pooled normalised values'!#REF! -> #REF! | O2: ='pooled normalised values'!#REF! -> #REF! | P2: ='pooled normalised values'!#REF! -> #REF! | Q2: ='pooled normalised values'!#REF! -> #REF! | ... S2: ='pooled normalised values'!#REF! -> #REF! | V2: ='pooled normalised values'!R74 -> Testosterone-3.7µg/L + Testostérone | W2: ='pooled normalised values'!S74 -> Testosterone-11µg/L + Testostérone | X2: ='pooled normalised values'!T74 -> Testosterone-33µg/L + Testostérone | Y2: ='pooled normalised values'!U74 -> Testosterone-100µg/L + Testostérone | Z2: ='pooled normalised values'!V74 -> Testosterone-300µg/L + Testostérone | AA2: ='pooled normalised values'!#REF! -> #REF! | AB2: ='pooled normalised values'!#REF! -> #REF! | AC2: ='pooled normalised values'!#REF! -> #REF! | AD2: ='pooled normalised values'!#REF! -> #REF! | AE2: ='pooled normalised values'!#REF! -> #REF! | AF2: ='pooled normalised values'!#REF! -> #REF! | AG2: ='pooled normalised values'!#REF! -> #REF! | AH2: ='pooled normalised values'!#REF! -> #REF! | AI2: ='pooled normalised values'!#REF! -> #REF! | AK2: Etiquettes
