Workbook

Sheet Page de garde
A1: 1. Expérimentateur 1 : copier et coller le n° de prestation et renseigner la date de réalisation de chaque réplica ainsi que le visa de l'expérimentateur.
A2: R1 | B2: Numéro d'expérience : | E2: Date de réalisation :
A3: R2 | B3: Numéro d'expérience : | E3: Date de réalisation :
A4: R3 | B4: Numéro d'expérience : | E4: Date de réalisation :
A5: 2. Expérimentateur 1 : copier et coller la dilution appliquée et le nom donné pour chaque des échantillons par le client. Conserver la mise en forme de l'exemple en italique. Ne pas remplir la colonne "nom sur graphique".
A6: Nom sur le graphique | B6: Code WF | C6: Concentration | D6: Unité | E6: Nom de l'échantillon donné par le client | F6: Dopage (+Testostérone / + EE2, ….)
A7: =IF(ISBLANK(liste_groupe[[#This Row],[Code WF]])," ",IF(ISBLANK(liste_groupe[[#This Row],[Unité]]),CONCATENATE(liste_groupe[[#This Row],[Nom de l''échantillon donné par le client]],liste_groupe[[#This Row],[Dopage (+Testostérone / + EE2, ….)]]),CONCATENATE(liste_groupe[[#This Row],[Nom de l''échantillon donné par le client]],"-",liste_groupe[[#This Row],[Concentration]],liste_groupe[[#This Row],[Unité]],liste_groupe[[#This Row],[Dopage (+Testostérone / + EE2, ….)]]))) -> Témoin solvant | B7: Témoin | E7: Témoin solvant
A8: =IF(ISBLANK(liste_groupe[[#This Row],[Code WF]])," ",IF(ISBLANK(liste_groupe[[#This Row],[Unité]]),CONCATENATE(liste_groupe[[#This Row],[Nom de l''échantillon donné par le client]],liste_groupe[[#This Row],[Dopage (+Testostérone / + EE2, ….)]]),CONCATENATE(liste_groupe[[#This Row],[Nom de l''échantillon donné par le client]],"-",liste_groupe[[#This Row],[Concentration]],liste_groupe[[#This Row],[Unité]],liste_groupe[[#This Row],[Dopage (+Testostérone / + EE2, ….)]]))) -> EE2-22.5ng/L | B8: Témoin | C8: 22.5 | D8: ng/L | E8: EE2
A9: =IF(ISBLANK(liste_groupe[[#This Row],[Code WF]])," ",IF(ISBLANK(liste_groupe[[#This Row],[Unité]]),CONCATENATE(liste_groupe[[#This Row],[Nom de l''échantillon donné par le client]],liste_groupe[[#This Row],[Dopage (+Testostérone / + EE2, ….)]]),CONCATENATE(liste_groupe[[#This Row],[Nom de l''échantillon donné par le client]],"-",liste_groupe[[#This Row],[Concentration]],liste_groupe[[#This Row],[Unité]],liste_groupe[[#This Row],[Dopage (+Testostérone / + EE2, ….)]]))) -> EE2-33.8ng/L | B9: Témoin | C9: 33.8 | D9: ng/L | E9: EE2
A10: =IF(ISBLANK(liste_groupe[[#This Row],[Code WF]])," ",IF(ISBLANK(liste_groupe[[#This Row],[Unité]]),CONCATENATE(liste_groupe[[#This Row],[Nom de l''échantillon donné par le client]],liste_groupe[[#This Row],[Dopage (+Testostérone / + EE2, ….)]]),CONCATENATE(liste_groupe[[#This Row],[Nom de l''échantillon donné par le client]],"-",liste_groupe[[#This Row],[Concentration]],liste_groupe[[#This Row],[Unité]],liste_groupe[[#This Row],[Dopage (+Testostérone / + EE2, ….)]]))) -> EE2-50.6ng/L | B10: Témoin | C10: 50.6 | D10: ng/L | E10: EE2
A11: =IF(ISBLANK(liste_groupe[[#This Row],[Code WF]])," ",IF(ISBLANK(liste_groupe[[#This Row],[Unité]]),CONCATENATE(liste_groupe[[#This Row],[Nom de l''échantillon donné par le client]],liste_groupe[[#This Row],[Dopage (+Testostérone / + EE2, ….)]]),CONCATENATE(liste_groupe[[#This Row],[Nom de l''échantillon donné par le client]],"-",liste_groupe[[#This Row],[Concentration]],liste_groupe[[#This Row],[Unité]],liste_groupe[[#This Row],[Dopage (+Testostérone / + EE2, ….)]]))) -> EE2-76ng/L | B11: Témoin | C11: 76 | D11: ng/L | E11: EE2
A12: =IF(ISBLANK(liste_groupe[[#This Row],[Code WF]])," ",IF(ISBLANK(liste_groupe[[#This Row],[Unité]]),CONCATENATE(liste_groupe[[#This Row],[Nom de l''échantillon donné par le client]],liste_groupe[[#This Row],[Dopage (+Testostérone / + EE2, ….)]]),CONCATENATE(liste_groupe[[#This Row],[Nom de l''échantillon donné par le client]],"-",liste_groupe[[#This Row],[Concentration]],liste_groupe[[#This Row],[Unité]],liste_groupe[[#This Row],[Dopage (+Testostérone / + EE2, ….)]]))) -> EE2-114ng/L | B12: Témoin | C12: 114 | D12: ng/L | E12: EE2
A13: =IF(ISBLANK(liste_groupe[[#This Row],[Code WF]])," ",IF(ISBLANK(liste_groupe[[#This Row],[Unité]]),CONCATENATE(liste_groupe[[#This Row],[Nom de l''échantillon donné par le client]],liste_groupe[[#This Row],[Dopage (+Testostérone / + EE2, ….)]]),CONCATENATE(liste_groupe[[#This Row],[Nom de l''échantillon donné par le client]],"-",liste_groupe[[#This Row],[Concentration]],liste_groupe[[#This Row],[Unité]],liste_groupe[[#This Row],[Dopage (+Testostérone / + EE2, ….)]]))) -> EE2-170.9ng/L | B13: Témoin | C13: 170.9 | D13: ng/L | E13: EE2
A14: =IF(ISBLANK(liste_groupe[[#This Row],[Code WF]])," ",IF(ISBLANK(liste_groupe[[#This Row],[Unité]]),CONCATENATE(liste_groupe[[#This Row],[Nom de l''échantillon donné par le client]],liste_groupe[[#This Row],[Dopage (+Testostérone / + EE2, ….)]]),CONCATENATE(liste_groupe[[#This Row],[Nom de l''échantillon donné par le client]],"-",liste_groupe[[#This Row],[Concentration]],liste_groupe[[#This Row],[Unité]],liste_groupe[[#This Row],[Dopage (+Testostérone / + EE2, ….)]]))) -> EE2-488ng/L | B14: Témoin | C14: 488 | D14: ng/L | E14: EE2
A15: DUS-10µg/L | B15: Chemical | C15: 10 | D15: µg/L | E15: DUS
A16: DUS-100µg/L | B16: Chemical | C16: 100 | D16: µg/L | E16: DUS
A17: DUS-250µg/L | B17: Chemical | C17: 250 | D17: µg/L | E17: DUS
A18: DUS-500µg/L | B18: Chemical | C18: 500 | D18: µg/L | E18: DUS
A19: DUS-1000µg/L | B19: Chemical | C19: 1000 | D19: µg/L | E19: DUS
A20: =IF(ISBLANK(liste_groupe[[#This Row],[Code WF]])," ",IF(ISBLANK(liste_groupe[[#This Row],[Unité]]),CONCATENATE(liste_groupe[[#This Row],[Nom de l''échantillon donné par le client]],liste_groupe[[#This Row],[Dopage (+Testostérone / + EE2, ….)]]),CONCATENATE(liste_groupe[[#This Row],[Nom de l''échantillon donné par le client]],"-",liste_groupe[[#This Row],[Concentration]],liste_groupe[[#This Row],[Unité]],liste_groupe[[#This Row],[Dopage (+Testostérone / + EE2, ….)]])))
A21: =IF(ISBLANK(liste_groupe[[#This Row],[Code WF]])," ",IF(ISBLANK(liste_groupe[[#This Row],[Unité]]),CONCATENATE(liste_groupe[[#This Row],[Nom de l''échantillon donné par le client]],liste_groupe[[#This Row],[Dopage (+Testostérone / + EE2, ….)]]),CONCATENATE(liste_groupe[[#This Row],[Nom de l''échantillon donné par le client]],"-",liste_groupe[[#This Row],[Concentration]],liste_groupe[[#This Row],[Unité]],liste_groupe[[#This Row],[Dopage (+Testostérone / + EE2, ….)]])))
A22: =IF(ISBLANK(liste_groupe[[#This Row],[Code WF]])," ",IF(ISBLANK(liste_groupe[[#This Row],[Unité]]),CONCATENATE(liste_groupe[[#This Row],[Nom de l''échantillon donné par le client]],liste_groupe[[#This Row],[Dopage (+Testostérone / + EE2, ….)]]),CONCATENATE(liste_groupe[[#This Row],[Nom de l''échantillon donné par le client]],"-",liste_groupe[[#This Row],[Concentration]],liste_groupe[[#This Row],[Unité]],liste_groupe[[#This Row],[Dopage (+Testostérone / + EE2, ….)]])))
A23: =IF(ISBLANK(liste_groupe[[#This Row],[Code WF]])," ",IF(ISBLANK(liste_groupe[[#This Row],[Unité]]),CONCATENATE(liste_groupe[[#This Row],[Nom de l''échantillon donné par le client]],liste_groupe[[#This Row],[Dopage (+Testostérone / + EE2, ….)]]),CONCATENATE(liste_groupe[[#This Row],[Nom de l''échantillon donné par le client]],"-",liste_groupe[[#This Row],[Concentration]],liste_groupe[[#This Row],[Unité]],liste_groupe[[#This Row],[Dopage (+Testostérone / + EE2, ….)]])))
A24: =IF(ISBLANK(liste_groupe[[#This Row],[Code WF]])," ",IF(ISBLANK(liste_groupe[[#This Row],[Unité]]),CONCATENATE(liste_groupe[[#This Row],[Nom de l''échantillon donné par le client]],liste_groupe[[#This Row],[Dopage (+Testostérone / + EE2, ….)]]),CONCATENATE(liste_groupe[[#This Row],[Nom de l''échantillon donné par le client]],"-",liste_groupe[[#This Row],[Concentration]],liste_groupe[[#This Row],[Unité]],liste_groupe[[#This Row],[Dopage (+Testostérone / + EE2, ….)]])))
A25: =IF(ISBLANK(liste_groupe[[#This Row],[Code WF]])," ",IF(ISBLANK(liste_groupe[[#This Row],[Unité]]),CONCATENATE(liste_groupe[[#This Row],[Nom de l''échantillon donné par le client]],liste_groupe[[#This Row],[Dopage (+Testostérone / + EE2, ….)]]),CONCATENATE(liste_groupe[[#This Row],[Nom de l''échantillon donné par le client]],"-",liste_groupe[[#This Row],[Concentration]],liste_groupe[[#This Row],[Unité]],liste_groupe[[#This Row],[Dopage (+Testostérone / + EE2, ….)]])))
A26: =IF(ISBLANK(liste_groupe[[#This Row],[Code WF]])," ",IF(ISBLANK(liste_groupe[[#This Row],[Unité]]),CONCATENATE(liste_groupe[[#This Row],[Nom de l''échantillon donné par le client]],liste_groupe[[#This Row],[Dopage (+Testostérone / + EE2, ….)]]),CONCATENATE(liste_groupe[[#This Row],[Nom de l''échantillon donné par le client]],"-",liste_groupe[[#This Row],[Concentration]],liste_groupe[[#This Row],[Unité]],liste_groupe[[#This Row],[Dopage (+Testostérone / + EE2, ….)]])))
A27: =IF(ISBLANK(liste_groupe[[#This Row],[Code WF]])," ",IF(ISBLANK(liste_groupe[[#This Row],[Unité]]),CONCATENATE(liste_groupe[[#This Row],[Nom de l''échantillon donné par le client]],liste_groupe[[#This Row],[Dopage (+Testostérone / + EE2, ….)]]),CONCATENATE(liste_groupe[[#This Row],[Nom de l''échantillon donné par le client]],"-",liste_groupe[[#This Row],[Concentration]],liste_groupe[[#This Row],[Unité]],liste_groupe[[#This Row],[Dopage (+Testostérone / + EE2, ….)]])))
A28: =IF(ISBLANK(liste_groupe[[#This Row],[Code WF]])," ",IF(ISBLANK(liste_groupe[[#This Row],[Unité]]),CONCATENATE(liste_groupe[[#This Row],[Nom de l''échantillon donné par le client]],liste_groupe[[#This Row],[Dopage (+Testostérone / + EE2, ….)]]),CONCATENATE(liste_groupe[[#This Row],[Nom de l''échantillon donné par le client]],"-",liste_groupe[[#This Row],[Concentration]],liste_groupe[[#This Row],[Unité]],liste_groupe[[#This Row],[Dopage (+Testostérone / + EE2, ….)]])))
A29: =IF(ISBLANK(liste_groupe[[#This Row],[Code WF]])," ",IF(ISBLANK(liste_groupe[[#This Row],[Unité]]),CONCATENATE(liste_groupe[[#This Row],[Nom de l''échantillon donné par le client]],liste_groupe[[#This Row],[Dopage (+Testostérone / + EE2, ….)]]),CONCATENATE(liste_groupe[[#This Row],[Nom de l''échantillon donné par le client]],"-",liste_groupe[[#This Row],[Concentration]],liste_groupe[[#This Row],[Unité]],liste_groupe[[#This Row],[Dopage (+Testostérone / + EE2, ….)]])))
A30: =IF(ISBLANK(liste_groupe[[#This Row],[Code WF]])," ",IF(ISBLANK(liste_groupe[[#This Row],[Unité]]),CONCATENATE(liste_groupe[[#This Row],[Nom de l''échantillon donné par le client]],liste_groupe[[#This Row],[Dopage (+Testostérone / + EE2, ….)]]),CONCATENATE(liste_groupe[[#This Row],[Nom de l''échantillon donné par le client]],"-",liste_groupe[[#This Row],[Concentration]],liste_groupe[[#This Row],[Unité]],liste_groupe[[#This Row],[Dopage (+Testostérone / + EE2, ….)]])))
A31: =IF(ISBLANK(liste_groupe[[#This Row],[Code WF]])," ",IF(ISBLANK(liste_groupe[[#This Row],[Unité]]),CONCATENATE(liste_groupe[[#This Row],[Nom de l''échantillon donné par le client]],liste_groupe[[#This Row],[Dopage (+Testostérone / + EE2, ….)]]),CONCATENATE(liste_groupe[[#This Row],[Nom de l''échantillon donné par le client]],"-",liste_groupe[[#This Row],[Concentration]],liste_groupe[[#This Row],[Unité]],liste_groupe[[#This Row],[Dopage (+Testostérone / + EE2, ….)]])))
... A35: =IF(ISBLANK(liste_groupe[[#This Row],[Code WF]])," ",IF(ISBLANK(liste_groupe[[#This Row],[Unité]]),CONCATENATE(liste_groupe[[#This Row],[Nom de l''échantillon donné par le client]],liste_groupe[[#This Row],[Dopage (+Testostérone / + EE2, ….)]]),CONCATENATE(liste_groupe[[#This Row],[Nom de l''échantillon donné par le client]],"-",liste_groupe[[#This Row],[Concentration]],liste_groupe[[#This Row],[Unité]],liste_groupe[[#This Row],[Dopage (+Testostérone / + EE2, ….)]])))
A36: =IF(ISBLANK(liste_groupe[[#This Row],[Code WF]])," ",IF(ISBLANK(liste_groupe[[#This Row],[Unité]]),CONCATENATE(liste_groupe[[#This Row],[Nom de l''échantillon donné par le client]],liste_groupe[[#This Row],[Dopage (+Testostérone / + EE2, ….)]]),CONCATENATE(liste_groupe[[#This Row],[Nom de l''échantillon donné par le client]],"-",liste_groupe[[#This Row],[Concentration]],liste_groupe[[#This Row],[Unité]],liste_groupe[[#This Row],[Dopage (+Testostérone / + EE2, ….)]]))) -> Testo -30µg/L | B36: Témoin | C36: 30 | D36: µg/L | E36: Testo
A37: =IF(ISBLANK(liste_groupe[[#This Row],[Code WF]])," ",IF(ISBLANK(liste_groupe[[#This Row],[Unité]]),CONCATENATE(liste_groupe[[#This Row],[Nom de l''échantillon donné par le client]],liste_groupe[[#This Row],[Dopage (+Testostérone / + EE2, ….)]]),CONCATENATE(liste_groupe[[#This Row],[Nom de l''échantillon donné par le client]],"-",liste_groupe[[#This Row],[Concentration]],liste_groupe[[#This Row],[Unité]],liste_groupe[[#This Row],[Dopage (+Testostérone / + EE2, ….)]]))) -> Testo 30µg/L + EE2 -64ng/L | B37: Témoin | C37: 64 | D37: ng/L | E37: Testo 30µg/L + EE2
A38: =IF(ISBLANK(liste_groupe[[#This Row],[Code WF]])," ",IF(ISBLANK(liste_groupe[[#This Row],[Unité]]),CONCATENATE(liste_groupe[[#This Row],[Nom de l''échantillon donné par le client]],liste_groupe[[#This Row],[Dopage (+Testostérone / + EE2, ….)]]),CONCATENATE(liste_groupe[[#This Row],[Nom de l''échantillon donné par le client]],"-",liste_groupe[[#This Row],[Concentration]],liste_groupe[[#This Row],[Unité]],liste_groupe[[#This Row],[Dopage (+Testostérone / + EE2, ….)]]))) -> Testo 30µg/L + FAD-10mg/L | B38: Témoin | C38: 10 | D38: mg/L | E38: Testo 30µg/L + FAD
A39: =IF(ISBLANK(liste_groupe[[#This Row],[Code WF]])," ",IF(ISBLANK(liste_groupe[[#This Row],[Unité]]),CONCATENATE(liste_groupe[[#This Row],[Nom de l''échantillon donné par le client]],liste_groupe[[#This Row],[Dopage (+Testostérone / + EE2, ….)]]),CONCATENATE(liste_groupe[[#This Row],[Nom de l''échantillon donné par le client]],"-",liste_groupe[[#This Row],[Concentration]],liste_groupe[[#This Row],[Unité]],liste_groupe[[#This Row],[Dopage (+Testostérone / + EE2, ….)]]))) -> DUS-10µg/L + Testostérone | B39: =B15 -> Chemical | C39: =C15 -> 10 | D39: =D15 -> µg/L | E39: =E15 -> DUS | F39: + Testostérone
A40: =IF(ISBLANK(liste_groupe[[#This Row],[Code WF]])," ",IF(ISBLANK(liste_groupe[[#This Row],[Unité]]),CONCATENATE(liste_groupe[[#This Row],[Nom de l''échantillon donné par le client]],liste_groupe[[#This Row],[Dopage (+Testostérone / + EE2, ….)]]),CONCATENATE(liste_groupe[[#This Row],[Nom de l''échantillon donné par le client]],"-",liste_groupe[[#This Row],[Concentration]],liste_groupe[[#This Row],[Unité]],liste_groupe[[#This Row],[Dopage (+Testostérone / + EE2, ….)]]))) -> DUS-100µg/L + Testostérone | B40: =B16 -> Chemical | C40: =C16 -> 100 | D40: =D16 -> µg/L | E40: =E16 -> DUS | F40: + Testostérone
A41: =IF(ISBLANK(liste_groupe[[#This Row],[Code WF]])," ",IF(ISBLANK(liste_groupe[[#This Row],[Unité]]),CONCATENATE(liste_groupe[[#This Row],[Nom de l''échantillon donné par le client]],liste_groupe[[#This Row],[Dopage (+Testostérone / + EE2, ….)]]),CONCATENATE(liste_groupe[[#This Row],[Nom de l''échantillon donné par le client]],"-",liste_groupe[[#This Row],[Concentration]],liste_groupe[[#This Row],[Unité]],liste_groupe[[#This Row],[Dopage (+Testostérone / + EE2, ….)]]))) -> DUS-250µg/L + Testostérone | B41: =B17 -> Chemical | C41: =C17 -> 250 | D41: =D17 -> µg/L | E41: =E17 -> DUS | F41: + Testostérone
A42: =IF(ISBLANK(liste_groupe[[#This Row],[Code WF]])," ",IF(ISBLANK(liste_groupe[[#This Row],[Unité]]),CONCATENATE(liste_groupe[[#This Row],[Nom de l''échantillon donné par le client]],liste_groupe[[#This Row],[Dopage (+Testostérone / + EE2, ….)]]),CONCATENATE(liste_groupe[[#This Row],[Nom de l''échantillon donné par le client]],"-",liste_groupe[[#This Row],[Concentration]],liste_groupe[[#This Row],[Unité]],liste_groupe[[#This Row],[Dopage (+Testostérone / + EE2, ….)]]))) -> DUS-500µg/L + Testostérone | B42: =B18 -> Chemical | C42: =C18 -> 500 | D42: =D18 -> µg/L | E42: =E18 -> DUS | F42: + Testostérone
A43: =IF(ISBLANK(liste_groupe[[#This Row],[Code WF]])," ",IF(ISBLANK(liste_groupe[[#This Row],[Unité]]),CONCATENATE(liste_groupe[[#This Row],[Nom de l''échantillon donné par le client]],liste_groupe[[#This Row],[Dopage (+Testostérone / + EE2, ….)]]),CONCATENATE(liste_groupe[[#This Row],[Nom de l''échantillon donné par le client]],"-",liste_groupe[[#This Row],[Concentration]],liste_groupe[[#This Row],[Unité]],liste_groupe[[#This Row],[Dopage (+Testostérone / + EE2, ….)]]))) -> DUS-1000µg/L + Testostérone | B43: =B19 -> Chemical | C43: =C19 -> 1000 | D43: =D19 -> µg/L | E43: =E19 -> DUS | F43: + Testostérone
A44: =IF(ISBLANK(liste_groupe[[#This Row],[Code WF]])," ",IF(ISBLANK(liste_groupe[[#This Row],[Unité]]),CONCATENATE(liste_groupe[[#This Row],[Nom de l''échantillon donné par le client]],liste_groupe[[#This Row],[Dopage (+Testostérone / + EE2, ….)]]),CONCATENATE(liste_groupe[[#This Row],[Nom de l''échantillon donné par le client]],"-",liste_groupe[[#This Row],[Concentration]],liste_groupe[[#This Row],[Unité]],liste_groupe[[#This Row],[Dopage (+Testostérone / + EE2, ….)]]))) -> 0-00 + Testostérone | B44: =B20 -> 0 | C44: =C20 -> 0 | D44: =D20 -> 0 | E44: =E20 -> 0 | F44: + Testostérone
A45: =IF(ISBLANK(liste_groupe[[#This Row],[Code WF]])," ",IF(ISBLANK(liste_groupe[[#This Row],[Unité]]),CONCATENATE(liste_groupe[[#This Row],[Nom de l''échantillon donné par le client]],liste_groupe[[#This Row],[Dopage (+Testostérone / + EE2, ….)]]),CONCATENATE(liste_groupe[[#This Row],[Nom de l''échantillon donné par le client]],"-",liste_groupe[[#This Row],[Concentration]],liste_groupe[[#This Row],[Unité]],liste_groupe[[#This Row],[Dopage (+Testostérone / + EE2, ….)]]))) -> 0-00 + Testostérone | B45: =B21 -> 0 | C45: =C21 -> 0 | D45: =D21 -> 0 | E45: =E21 -> 0 | F45: + Testostérone
A46: =IF(ISBLANK(liste_groupe[[#This Row],[Code WF]])," ",IF(ISBLANK(liste_groupe[[#This Row],[Unité]]),CONCATENATE(liste_groupe[[#This Row],[Nom de l''échantillon donné par le client]],liste_groupe[[#This Row],[Dopage (+Testostérone / + EE2, ….)]]),CONCATENATE(liste_groupe[[#This Row],[Nom de l''échantillon donné par le client]],"-",liste_groupe[[#This Row],[Concentration]],liste_groupe[[#This Row],[Unité]],liste_groupe[[#This Row],[Dopage (+Testostérone / + EE2, ….)]]))) -> 0-00 + Testostérone | B46: =B22 -> 0 | C46: =C22 -> 0 | D46: =D22 -> 0 | E46: =E22 -> 0 | F46: + Testostérone
A47: =IF(ISBLANK(liste_groupe[[#This Row],[Code WF]])," ",IF(ISBLANK(liste_groupe[[#This Row],[Unité]]),CONCATENATE(liste_groupe[[#This Row],[Nom de l''échantillon donné par le client]],liste_groupe[[#This Row],[Dopage (+Testostérone / + EE2, ….)]]),CONCATENATE(liste_groupe[[#This Row],[Nom de l''échantillon donné par le client]],"-",liste_groupe[[#This Row],[Concentration]],liste_groupe[[#This Row],[Unité]],liste_groupe[[#This Row],[Dopage (+Testostérone / + EE2, ….)]]))) -> 0-00 + Testostérone | B47: =B23 -> 0 | C47: =C23 -> 0 | D47: =D23 -> 0 | E47: =E23 -> 0 | F47: + Testostérone
A48: =IF(ISBLANK(liste_groupe[[#This Row],[Code WF]])," ",IF(ISBLANK(liste_groupe[[#This Row],[Unité]]),CONCATENATE(liste_groupe[[#This Row],[Nom de l''échantillon donné par le client]],liste_groupe[[#This Row],[Dopage (+Testostérone / + EE2, ….)]]),CONCATENATE(liste_groupe[[#This Row],[Nom de l''échantillon donné par le client]],"-",liste_groupe[[#This Row],[Concentration]],liste_groupe[[#This Row],[Unité]],liste_groupe[[#This Row],[Dopage (+Testostérone / + EE2, ….)]]))) -> 0-00 + Testostérone | B48: =B24 -> 0 | C48: =C24 -> 0 | D48: =D24 -> 0 | E48: =E24 -> 0 | F48: + Testostérone
A49: =IF(ISBLANK(liste_groupe[[#This Row],[Code WF]])," ",IF(ISBLANK(liste_groupe[[#This Row],[Unité]]),CONCATENATE(liste_groupe[[#This Row],[Nom de l''échantillon donné par le client]],liste_groupe[[#This Row],[Dopage (+Testostérone / + EE2, ….)]]),CONCATENATE(liste_groupe[[#This Row],[Nom de l''échantillon donné par le client]],"-",liste_groupe[[#This Row],[Concentration]],liste_groupe[[#This Row],[Unité]],liste_groupe[[#This Row],[Dopage (+Testostérone / + EE2, ….)]]))) -> 0-00 + Testostérone | B49: =B25 -> 0 | C49: =C25 -> 0 | D49: =D25 -> 0 | E49: =E25 -> 0 | F49: + Testostérone
A50: =IF(ISBLANK(liste_groupe[[#This Row],[Code WF]])," ",IF(ISBLANK(liste_groupe[[#This Row],[Unité]]),CONCATENATE(liste_groupe[[#This Row],[Nom de l''échantillon donné par le client]],liste_groupe[[#This Row],[Dopage (+Testostérone / + EE2, ….)]]),CONCATENATE(liste_groupe[[#This Row],[Nom de l''échantillon donné par le client]],"-",liste_groupe[[#This Row],[Concentration]],liste_groupe[[#This Row],[Unité]],liste_groupe[[#This Row],[Dopage (+Testostérone / + EE2, ….)]]))) -> 0-00 + Testostérone | B50: =B26 -> 0 | C50: =C26 -> 0 | D50: =D26 -> 0 | E50: =E26 -> 0 | F50: + Testostérone
... A58: =IF(ISBLANK(liste_groupe[[#This Row],[Code WF]])," ",IF(ISBLANK(liste_groupe[[#This Row],[Unité]]),CONCATENATE(liste_groupe[[#This Row],[Nom de l''échantillon donné par le client]],liste_groupe[[#This Row],[Dopage (+Testostérone / + EE2, ….)]]),CONCATENATE(liste_groupe[[#This Row],[Nom de l''échantillon donné par le client]],"-",liste_groupe[[#This Row],[Concentration]],liste_groupe[[#This Row],[Unité]],liste_groupe[[#This Row],[Dopage (+Testostérone / + EE2, ….)]]))) -> 0-00 + Testostérone | B58: =B34 -> 0 | C58: =C34 -> 0 | D58: =D34 -> 0 | E58: =E34 -> 0 | F58: + Testostérone

Sheet Feuil1
A1: Nom groupe | B1: N° de valeur | C1: file name | D1: total area | E1: mean intensity | G1: total fluorescence | I1: nbre de larves
A2: 01 EE2 0 | B2: A | C2: C:\Users\Olympus\Desktop\20190122\plaque1/@01 EE2 0/A1_1.tif | D2: 4931.616 | E2: 73.0526 | G2: 360268
A3: 01 EE2 0 | B3: A | C3: C:\Users\Olympus\Desktop\20190122\plaque1/@01 EE2 0/A1_2.tif | D3: 5234.4345 | E3: 71.1281 | G3: 372315
A4: 01 EE2 0 | B4: A | C4: C:\Users\Olympus\Desktop\20190122\plaque1/@01 EE2 0/A1_3.tif | D4: 3547.3027 | E4: 66.9878 | G4: 237626
A5: 01 EE2 0 | B5: A | C5: C:\Users\Olympus\Desktop\20190122\plaque3/@01 EE2 0/A1_3.tif | D5: 21456.8555 | E5: 67.0655 | G5: 1439015
A6: 01 EE2 0 | B6: A | C6: C:\Users\Olympus\Desktop\20190122\plaque3/@01 EE2 0/A1_2.tif | D6: 21586.6348 | E6: 66.4108 | G6: 1433586
A7: 01 EE2 0 | B7: A | C7: C:\Users\Olympus\Desktop\20190122\plaque3/@01 EE2 0/A1_1.tif | D7: 15984.4921 | E7: 69.7767 | G7: 1115346

Sheet Feuil2
A1: Nom groupe | B1: N° de valeur | C1: file name | D1: total area | E1: mean intensity | G1: total fluorescence | I1: nbre de larves | J1: Colonne1
A2: 13 | B2: A | C2: C:\Users\andre\Desktop\REACTIV CEFAS\Dutasteride\Dutasteride/20201201_Cefas_Test8_Run1/Plate 1/@13/A8_03.tif | D2: 21911.0833 | E2: 35.157 | G2: 770327
A3: 13 | B3: A | C3: C:\Users\andre\Desktop\REACTIV CEFAS\Dutasteride\Dutasteride/20201201_Cefas_Test8_Run1/Plate 1/@13/A8_02.tif | D3: 15140.9262 | E3: 35.39 | G3: 535837
A4: 13 | B4: A | C4: C:\Users\andre\Desktop\REACTIV CEFAS\Dutasteride\Dutasteride/20201201_Cefas_Test8_Run1/Plate 1/@13/A8_01.tif | D4: 24312.0016 | E4: 35.6423 | G4: 866537

Sheet Raw data R1
A1: Nom groupe | B1: N° de valeur | C1: file name | D1: total area | E1: mean intensity | G1: total fluorescence | I1: nbre de larves | J1: Colonne1 | L1: (Tous)
A2: =IFERROR(LEFT(RIGHT(C2,LEN(C2)-SEARCH("@",C2)),SEARCH("/",RIGHT(C2,LEN(C2)-SEARCH("@",C2)-1))),"") -> 1 | B2: =LEFT(RIGHT(RIGHT(Tableau4[[#This Row],[file name]],LEN(Tableau4[[#This Row],[file name]])-SEARCH("@",Tableau4[[#This Row],[file name]])),LEN(RIGHT(Tableau4[[#This Row],[file name]],LEN(Tableau4[[#This Row],[file name]])-SEARCH("@",Tableau4[[#This Row],[file name]])))-SEARCH("/",RIGHT(Tableau4[[#This Row],[file name]],LEN(Tableau4[[#This Row],[file name]])-SEARCH("@",Tableau4[[#This Row],[file name]])))),1) -> A | C2: C:\Users\andre\Desktop\REACTIV CEFAS\Dutasteride\Dutasteride/20201201_Cefas_Test8_Run1/Plate 1/@1/A10_01- exclu.tif | K2: Filtre lignes : Enlever (vide) et Néant | L2: Filtre colonnes : Enlever (vide) et " "
A3: =IFERROR(LEFT(RIGHT(C3,LEN(C3)-SEARCH("@",C3)),SEARCH("/",RIGHT(C3,LEN(C3)-SEARCH("@",C3)-1))),"") -> 1 | B3: =LEFT(RIGHT(RIGHT(Tableau4[[#This Row],[file name]],LEN(Tableau4[[#This Row],[file name]])-SEARCH("@",Tableau4[[#This Row],[file name]])),LEN(RIGHT(Tableau4[[#This Row],[file name]],LEN(Tableau4[[#This Row],[file name]])-SEARCH("@",Tableau4[[#This Row],[file name]])))-SEARCH("/",RIGHT(Tableau4[[#This Row],[file name]],LEN(Tableau4[[#This Row],[file name]])-SEARCH("@",Tableau4[[#This Row],[file name]])))),1) -> A | C3: C:\Users\andre\Desktop\REACTIV CEFAS\Dutasteride\Dutasteride/20201201_Cefas_Test8_Run1/Plate 1/@1/A10_02- exclu.tif | K3: Moyenne de total fluorescence | L3: Étiquettes de colonnes
A4: =IFERROR(LEFT(RIGHT(C4,LEN(C4)-SEARCH("@",C4)),SEARCH("/",RIGHT(C4,LEN(C4)-SEARCH("@",C4)-1))),"") -> 1 | B4: =LEFT(RIGHT(RIGHT(Tableau4[[#This Row],[file name]],LEN(Tableau4[[#This Row],[file name]])-SEARCH("@",Tableau4[[#This Row],[file name]])),LEN(RIGHT(Tableau4[[#This Row],[file name]],LEN(Tableau4[[#This Row],[file name]])-SEARCH("@",Tableau4[[#This Row],[file name]])))-SEARCH("/",RIGHT(Tableau4[[#This Row],[file name]],LEN(Tableau4[[#This Row],[file name]])-SEARCH("@",Tableau4[[#This Row],[file name]])))),1) -> A | C4: C:\Users\andre\Desktop\REACTIV CEFAS\Dutasteride\Dutasteride/20201201_Cefas_Test8_Run1/Plate 1/@1/A10_03- exclu.tif | K4: Étiquettes de lignes | L4: 1 | M4: 13 | N4: 14 | O4: 15 | P4: 16 | Q4: 2 | R4: 3 | S4: 4 | T4: 5 | U4: 6 | V4: 7 | W4: 10 | X4: 11 | Y4: 12 | Z4: 17 | AA4: 18 | AB4: 19 | AC4: 20 | AD4: 21 | AE4: 8 | AF4: 9
A5: =IFERROR(LEFT(RIGHT(C5,LEN(C5)-SEARCH("@",C5)),SEARCH("/",RIGHT(C5,LEN(C5)-SEARCH("@",C5)-1))),"") -> 1 | B5: =LEFT(RIGHT(RIGHT(Tableau4[[#This Row],[file name]],LEN(Tableau4[[#This Row],[file name]])-SEARCH("@",Tableau4[[#This Row],[file name]])),LEN(RIGHT(Tableau4[[#This Row],[file name]],LEN(Tableau4[[#This Row],[file name]])-SEARCH("@",Tableau4[[#This Row],[file name]])))-SEARCH("/",RIGHT(Tableau4[[#This Row],[file name]],LEN(Tableau4[[#This Row],[file name]])-SEARCH("@",Tableau4[[#This Row],[file name]])))),1) -> B | C5: C:\Users\andre\Desktop\REACTIV CEFAS\Dutasteride\Dutasteride/20201201_Cefas_Test8_Run1/Plate 1/@1/B10_01- exclu.tif | K5: A | M5: 724233.67 | N5: 2719721.3 | O5: 3923338.3 | P5: 59684.333 | Q5: 94573.333 | R5: 187142 | S5: 280237 | T5: 853451 | U5: 2129117 | V5: 4171570.3 | W5: 295723.67 | X5: 69345.333 | Y5: 185310.33 | Z5: 1418171.3 | AA5: 771704.33 | AB5: 2543344 | AC5: 2526313.7 | AD5: 2702194 | AE5: 319257.5 | AF5: 300439.33
A6: =IFERROR(LEFT(RIGHT(C6,LEN(C6)-SEARCH("@",C6)),SEARCH("/",RIGHT(C6,LEN(C6)-SEARCH("@",C6)-1))),"") -> 1 | B6: =LEFT(RIGHT(RIGHT(Tableau4[[#This Row],[file name]],LEN(Tableau4[[#This Row],[file name]])-SEARCH("@",Tableau4[[#This Row],[file name]])),LEN(RIGHT(Tableau4[[#This Row],[file name]],LEN(Tableau4[[#This Row],[file name]])-SEARCH("@",Tableau4[[#This Row],[file name]])))-SEARCH("/",RIGHT(Tableau4[[#This Row],[file name]],LEN(Tableau4[[#This Row],[file name]])-SEARCH("@",Tableau4[[#This Row],[file name]])))),1) -> B | C6: C:\Users\andre\Desktop\REACTIV CEFAS\Dutasteride\Dutasteride/20201201_Cefas_Test8_Run1/Plate 1/@1/B10_02- exclu.tif | K6: B | L6: 274743 | M6: 1986799.7 | N6: 2314600.3 | O6: 3912985 | P6: 94493.667 | Q6: 218368.33 | R6: 1344831.7 | S6: 411458 | T6: 2262696 | U6: 2429058.3 | V6: 3502579.3 | W6: 122829.33 | X6: 228282 | Y6: 175692.67 | Z6: 634650 | AA6: 3489089.3 | AB6: 1960468.7 | AC6: 2321407 | AD6: 5145521.3 | AE6: 310706.33 | AF6: 47838
A7: =IFERROR(LEFT(RIGHT(C7,LEN(C7)-SEARCH("@",C7)),SEARCH("/",RIGHT(C7,LEN(C7)-SEARCH("@",C7)-1))),"") -> 1 | B7: =LEFT(RIGHT(RIGHT(Tableau4[[#This Row],[file name]],LEN(Tableau4[[#This Row],[file name]])-SEARCH("@",Tableau4[[#This Row],[file name]])),LEN(RIGHT(Tableau4[[#This Row],[file name]],LEN(Tableau4[[#This Row],[file name]])-SEARCH("@",Tableau4[[#This Row],[file name]])))-SEARCH("/",RIGHT(Tableau4[[#This Row],[file name]],LEN(Tableau4[[#This Row],[file name]])-SEARCH("@",Tableau4[[#This Row],[file name]])))),1) -> B | C7: C:\Users\andre\Desktop\REACTIV CEFAS\Dutasteride\Dutasteride/20201201_Cefas_Test8_Run1/Plate 1/@1/B10_03.tif | D7: 7267.6446 | E7: 37.8036 | G7: 274743 | K7: C | L7: 249731.67 | M7: 3366073 | N7: 2557252 | O7: 4483711.3 | P7: 59223 | Q7: 138229.67 | R7: 78826.667 | S7: 1014521.7 | T7: 999503.33 | U7: 3440083 | V7: 3891142.5 | W7: 487184.67 | X7: 4340.3333 | Y7: 0 | Z7: 2875435 | AA7: 57672.333 | AB7: 3560280.7 | AC7: 3770818.7 | AD7: 2972200 | AE7: 181770.33 | AF7: 216998.33
A8: =IFERROR(LEFT(RIGHT(C8,LEN(C8)-SEARCH("@",C8)),SEARCH("/",RIGHT(C8,LEN(C8)-SEARCH("@",C8)-1))),"") -> 1 | B8: =LEFT(RIGHT(RIGHT(Tableau4[[#This Row],[file name]],LEN(Tableau4[[#This Row],[file name]])-SEARCH("@",Tableau4[[#This Row],[file name]])),LEN(RIGHT(Tableau4[[#This Row],[file name]],LEN(Tableau4[[#This Row],[file name]])-SEARCH("@",Tableau4[[#This Row],[file name]])))-SEARCH("/",RIGHT(Tableau4[[#This Row],[file name]],LEN(Tableau4[[#This Row],[file name]])-SEARCH("@",Tableau4[[#This Row],[file name]])))),1) -> C | C8: C:\Users\andre\Desktop\REACTIV CEFAS\Dutasteride\Dutasteride/20201201_Cefas_Test8_Run1/Plate 1/@1/C10_01.tif | D8: 6986.456 | E8: 39.4241 | G8: 275435 | K8: D | L8: 145771 | M8: 1698523.7 | N8: 2630339.3 | O8: 2204854 | P8: 178872 | Q8: 171705.33 | R8: 191792.33 | S8: 696836 | T8: 3496688.7 | U8: 3562422 | V8: 3758107.7 | W8: 174877.33 | X8: 213112 | Y8: 237993.67 | Z8: 375639 | AA8: 3671826 | AB8: 2135130.3 | AC8: 116679 | AD8: 1710759 | AE8: 148193.67 | AF8: 248297
A9: =IFERROR(LEFT(RIGHT(C9,LEN(C9)-SEARCH("@",C9)),SEARCH("/",RIGHT(C9,LEN(C9)-SEARCH("@",C9)-1))),"") -> 1 | B9: =LEFT(RIGHT(RIGHT(Tableau4[[#This Row],[file name]],LEN(Tableau4[[#This Row],[file name]])-SEARCH("@",Tableau4[[#This Row],[file name]])),LEN(RIGHT(Tableau4[[#This Row],[file name]],LEN(Tableau4[[#This Row],[file name]])-SEARCH("@",Tableau4[[#This Row],[file name]])))-SEARCH("/",RIGHT(Tableau4[[#This Row],[file name]],LEN(Tableau4[[#This Row],[file name]])-SEARCH("@",Tableau4[[#This Row],[file name]])))),1) -> C | C9: C:\Users\andre\Desktop\REACTIV CEFAS\Dutasteride\Dutasteride/20201201_Cefas_Test8_Run1/Plate 1/@1/C10_02.tif | D9: 6186.1499 | E9: 39.8147 | G9: 246300 | K9: E | L9: 23857.667 | M9: 192722.33 | N9: 2193357.5 | O9: 4702836.7 | P9: 152707 | Q9: 260272.67 | R9: 56980.333 | S9: 799556.67 | T9: 1513725 | U9: 2736780 | V9: 4961775 | W9: 206082.33 | X9: 192390.67 | Y9: 398524 | Z9: 2025200 | AA9: 3040341.3 | AB9: 2964456.3 | AC9: 1720110.3 | AD9: 1520415.7 | AE9: 110225.67 | AF9: 86570
A10: =IFERROR(LEFT(RIGHT(C10,LEN(C10)-SEARCH("@",C10)),SEARCH("/",RIGHT(C10,LEN(C10)-SEARCH("@",C10)-1))),"") -> 1 | B10: =LEFT(RIGHT(RIGHT(Tableau4[[#This Row],[file name]],LEN(Tableau4[[#This Row],[file name]])-SEARCH("@",Tableau4[[#This Row],[file name]])),LEN(RIGHT(Tableau4[[#This Row],[file name]],LEN(Tableau4[[#This Row],[file name]])-SEARCH("@",Tableau4[[#This Row],[file name]])))-SEARCH("/",RIGHT(Tableau4[[#This Row],[file name]],LEN(Tableau4[[#This Row],[file name]])-SEARCH("@",Tableau4[[#This Row],[file name]])))),1) -> C | C10: C:\Users\andre\Desktop\REACTIV CEFAS\Dutasteride\Dutasteride/20201201_Cefas_Test8_Run1/Plate 1/@1/C10_03.tif | D10: 5991.4808 | E10: 37.9639 | G10: 227460 | K10: F | L10: 61155 | M10: 1376382.3 | N10: 1415006 | O10: 3265714 | P10: 266372.33 | Q10: 215109.33 | S10: 163067.67 | T10: 2032301.7 | U10: 4106169 | V10: 4917830.7 | W10: 185836.67 | X10: 75048.667 | Y10: 155317 | Z10: 1039915 | AA10: 2102757.7 | AB10: 2015264.3 | AC10: 56958.667 | AD10: 3058344.7 | AE10: 24420 | AF10: 8385
A11: =IFERROR(LEFT(RIGHT(C11,LEN(C11)-SEARCH("@",C11)),SEARCH("/",RIGHT(C11,LEN(C11)-SEARCH("@",C11)-1))),"") -> 1 | B11: =LEFT(RIGHT(RIGHT(Tableau4[[#This Row],[file name]],LEN(Tableau4[[#This Row],[file name]])-SEARCH("@",Tableau4[[#This Row],[file name]])),LEN(RIGHT(Tableau4[[#This Row],[file name]],LEN(Tableau4[[#This Row],[file name]])-SEARCH("@",Tableau4[[#This Row],[file name]])))-SEARCH("/",RIGHT(Tableau4[[#This Row],[file name]],LEN(Tableau4[[#This Row],[file name]])-SEARCH("@",Tableau4[[#This Row],[file name]])))),1) -> D | C11: C:\Users\andre\Desktop\REACTIV CEFAS\Dutasteride\Dutasteride/20201201_Cefas_Test8_Run1/Plate 1/@1/D10_01.tif | D11: 3655.4522 | E11: 34.5503 | G11: 126297 | K11: G | L11: 440 | M11: 1717795.7 | N11: 311802.33 | O11: 4801562.7 | P11: 70946 | Q11: 85568.333 | R11: 144509 | S11: 994283.33 | T11: 2373686.3 | U11: 3742541.7 | V11: 4126154.7 | W11: 441156 | X11: 220935 | Y11: 223.66667 | Z11: 872564.33 | AB11: 1812931 | AD11: 2030044.7 | AE11: 310439.33 | AF11: 230027
A12: =IFERROR(LEFT(RIGHT(C12,LEN(C12)-SEARCH("@",C12)),SEARCH("/",RIGHT(C12,LEN(C12)-SEARCH("@",C12)-1))),"") -> 1 | B12: =LEFT(RIGHT(RIGHT(Tableau4[[#This Row],[file name]],LEN(Tableau4[[#This Row],[file name]])-SEARCH("@",Tableau4[[#This Row],[file name]])),LEN(RIGHT(Tableau4[[#This Row],[file name]],LEN(Tableau4[[#This Row],[file name]])-SEARCH("@",Tableau4[[#This Row],[file name]])))-SEARCH("/",RIGHT(Tableau4[[#This Row],[file name]],LEN(Tableau4[[#This Row],[file name]])-SEARCH("@",Tableau4[[#This Row],[file name]])))),1) -> D | C12: C:\Users\andre\Desktop\REACTIV CEFAS\Dutasteride\Dutasteride/20201201_Cefas_Test8_Run1/Plate 1/@1/D10_02.tif | D12: 7592.093 | E12: 32.9202 | G12: 249933 | K12: H | L12: 189593.33 | N12: 1213422.7 | O12: 2435663.3 | P12: 137674.67 | Q12: 202506 | R12: 61155 | S12: 74785.5 | T12: 2684284.7 | V12: 2066065.7 | W12: 97190.333 | X12: 195166.67 | Y12: 264656.33 | Z12: 1787422.3 | AA12: 2478216.7 | AB12: 3257743.3 | AC12: 225167.33 | AD12: 1462498 | AE12: 242240.33 | AF12: 342141.67
A13: =IFERROR(LEFT(RIGHT(C13,LEN(C13)-SEARCH("@",C13)),SEARCH("/",RIGHT(C13,LEN(C13)-SEARCH("@",C13)-1))),"") -> 1 | B13: =LEFT(RIGHT(RIGHT(Tableau4[[#This Row],[file name]],LEN(Tableau4[[#This Row],[file name]])-SEARCH("@",Tableau4[[#This Row],[file name]])),LEN(RIGHT(Tableau4[[#This Row],[file name]],LEN(Tableau4[[#This Row],[file name]])-SEARCH("@",Tableau4[[#This Row],[file name]])))-SEARCH("/",RIGHT(Tableau4[[#This Row],[file name]],LEN(Tableau4[[#This Row],[file name]])-SEARCH("@",Tableau4[[#This Row],[file name]])))),1) -> D | C13: C:\Users\andre\Desktop\REACTIV CEFAS\Dutasteride\Dutasteride/20201201_Cefas_Test8_Run1/Plate 1/@1/D10_03.tif | D13: 1838.541 | E13: 33.2235 | G13: 61083
A14: =IFERROR(LEFT(RIGHT(C14,LEN(C14)-SEARCH("@",C14)),SEARCH("/",RIGHT(C14,LEN(C14)-SEARCH("@",C14)-1))),"") -> 1 | B14: =LEFT(RIGHT(RIGHT(Tableau4[[#This Row],[file name]],LEN(Tableau4[[#This Row],[file name]])-SEARCH("@",Tableau4[[#This Row],[file name]])),LEN(RIGHT(Tableau4[[#This Row],[file name]],LEN(Tableau4[[#This Row],[file name]])-SEARCH("@",Tableau4[[#This Row],[file name]])))-SEARCH("/",RIGHT(Tableau4[[#This Row],[file name]],LEN(Tableau4[[#This Row],[file name]])-SEARCH("@",Tableau4[[#This Row],[file name]])))),1) -> E | C14: C:\Users\andre\Desktop\REACTIV CEFAS\Dutasteride\Dutasteride/20201201_Cefas_Test8_Run1/Plate 1/@1/E10_01.tif | D14: 1752.0215 | E14: 37.358 | G14: 65452
A15: =IFERROR(LEFT(RIGHT(C15,LEN(C15)-SEARCH("@",C15)),SEARCH("/",RIGHT(C15,LEN(C15)-SEARCH("@",C15)-1))),"") -> 1 | B15: =LEFT(RIGHT(RIGHT(Tableau4[[#This Row],[file name]],LEN(Tableau4[[#This Row],[file name]])-SEARCH("@",Tableau4[[#This Row],[file name]])),LEN(RIGHT(Tableau4[[#This Row],[file name]],LEN(Tableau4[[#This Row],[file name]])-SEARCH("@",Tableau4[[#This Row],[file name]])))-SEARCH("/",RIGHT(Tableau4[[#This Row],[file name]],LEN(Tableau4[[#This Row],[file name]])-SEARCH("@",Tableau4[[#This Row],[file name]])))),1) -> E | C15: C:\Users\andre\Desktop\REACTIV CEFAS\Dutasteride\Dutasteride/20201201_Cefas_Test8_Run1/Plate 1/@1/E10_02.tif | D15: 194.6691 | E15: 31.4444 | G15: 6121
A16: =IFERROR(LEFT(RIGHT(C16,LEN(C16)-SEARCH("@",C16)),SEARCH("/",RIGHT(C16,LEN(C16)-SEARCH("@",C16)-1))),"") -> 1 | B16: =LEFT(RIGHT(RIGHT(Tableau4[[#This Row],[file name]],LEN(Tableau4[[#This Row],[file name]])-SEARCH("@",Tableau4[[#This Row],[file name]])),LEN(RIGHT(Tableau4[[#This Row],[file name]],LEN(Tableau4[[#This Row],[file name]])-SEARCH("@",Tableau4[[#This Row],[file name]])))-SEARCH("/",RIGHT(Tableau4[[#This Row],[file name]],LEN(Tableau4[[#This Row],[file name]])-SEARCH("@",Tableau4[[#This Row],[file name]])))),1) -> E | C16: C:\Users\andre\Desktop\REACTIV CEFAS\Dutasteride\Dutasteride/20201201_Cefas_Test8_Run1/Plate 1/@1/E10_03.tif | D16: 0 | E16: 0 | G16: 0
A17: =IFERROR(LEFT(RIGHT(C17,LEN(C17)-SEARCH("@",C17)),SEARCH("/",RIGHT(C17,LEN(C17)-SEARCH("@",C17)-1))),"") -> 1 | B17: =LEFT(RIGHT(RIGHT(Tableau4[[#This Row],[file name]],LEN(Tableau4[[#This Row],[file name]])-SEARCH("@",Tableau4[[#This Row],[file name]])),LEN(RIGHT(Tableau4[[#This Row],[file name]],LEN(Tableau4[[#This Row],[file name]])-SEARCH("@",Tableau4[[#This Row],[file name]])))-SEARCH("/",RIGHT(Tableau4[[#This Row],[file name]],LEN(Tableau4[[#This Row],[file name]])-SEARCH("@",Tableau4[[#This Row],[file name]])))),1) -> F | C17: C:\Users\andre\Desktop\REACTIV CEFAS\Dutasteride\Dutasteride/20201201_Cefas_Test8_Run1/Plate 1/@1/F10_01.tif | D17: 4412.4985 | E17: 35.7255 | G17: 157639
A18: =IFERROR(LEFT(RIGHT(C18,LEN(C18)-SEARCH("@",C18)),SEARCH("/",RIGHT(C18,LEN(C18)-SEARCH("@",C18)-1))),"") -> 1 | B18: =LEFT(RIGHT(RIGHT(Tableau4[[#This Row],[file name]],LEN(Tableau4[[#This Row],[file name]])-SEARCH("@",Tableau4[[#This Row],[file name]])),LEN(RIGHT(Tableau4[[#This Row],[file name]],LEN(Tableau4[[#This Row],[file name]])-SEARCH("@",Tableau4[[#This Row],[file name]])))-SEARCH("/",RIGHT(Tableau4[[#This Row],[file name]],LEN(Tableau4[[#This Row],[file name]])-SEARCH("@",Tableau4[[#This Row],[file name]])))),1) -> F | C18: C:\Users\andre\Desktop\REACTIV CEFAS\Dutasteride\Dutasteride/20201201_Cefas_Test8_Run1/Plate 1/@1/F10_02.tif | D18: 800.3061 | E18: 32.2703 | G18: 25826
A19: =IFERROR(LEFT(RIGHT(C19,LEN(C19)-SEARCH("@",C19)),SEARCH("/",RIGHT(C19,LEN(C19)-SEARCH("@",C19)-1))),"") -> 1 | B19: =LEFT(RIGHT(RIGHT(Tableau4[[#This Row],[file name]],LEN(Tableau4[[#This Row],[file name]])-SEARCH("@",Tableau4[[#This Row],[file name]])),LEN(RIGHT(Tableau4[[#This Row],[file name]],LEN(Tableau4[[#This Row],[file name]])-SEARCH("@",Tableau4[[#This Row],[file name]])))-SEARCH("/",RIGHT(Tableau4[[#This Row],[file name]],LEN(Tableau4[[#This Row],[file name]])-SEARCH("@",Tableau4[[#This Row],[file name]])))),1) -> F | C19: C:\Users\andre\Desktop\REACTIV CEFAS\Dutasteride\Dutasteride/20201201_Cefas_Test8_Run1/Plate 1/@1/F10_03.tif | D19: 0 | E19: 0 | G19: 0
A20: =IFERROR(LEFT(RIGHT(C20,LEN(C20)-SEARCH("@",C20)),SEARCH("/",RIGHT(C20,LEN(C20)-SEARCH("@",C20)-1))),"") -> 1 | B20: =LEFT(RIGHT(RIGHT(Tableau4[[#This Row],[file name]],LEN(Tableau4[[#This Row],[file name]])-SEARCH("@",Tableau4[[#This Row],[file name]])),LEN(RIGHT(Tableau4[[#This Row],[file name]],LEN(Tableau4[[#This Row],[file name]])-SEARCH("@",Tableau4[[#This Row],[file name]])))-SEARCH("/",RIGHT(Tableau4[[#This Row],[file name]],LEN(Tableau4[[#This Row],[file name]])-SEARCH("@",Tableau4[[#This Row],[file name]])))),1) -> G | C20: C:\Users\andre\Desktop\REACTIV CEFAS\Dutasteride\Dutasteride/20201201_Cefas_Test8_Run1/Plate 1/@1/G10_01.tif | D20: 0 | E20: 0 | G20: 0
A21: =IFERROR(LEFT(RIGHT(C21,LEN(C21)-SEARCH("@",C21)),SEARCH("/",RIGHT(C21,LEN(C21)-SEARCH("@",C21)-1))),"") -> 1 | B21: =LEFT(RIGHT(RIGHT(Tableau4[[#This Row],[file name]],LEN(Tableau4[[#This Row],[file name]])-SEARCH("@",Tableau4[[#This Row],[file name]])),LEN(RIGHT(Tableau4[[#This Row],[file name]],LEN(Tableau4[[#This Row],[file name]])-SEARCH("@",Tableau4[[#This Row],[file name]])))-SEARCH("/",RIGHT(Tableau4[[#This Row],[file name]],LEN(Tableau4[[#This Row],[file name]])-SEARCH("@",Tableau4[[#This Row],[file name]])))),1) -> G | C21: C:\Users\andre\Desktop\REACTIV CEFAS\Dutasteride\Dutasteride/20201201_Cefas_Test8_Run1/Plate 1/@1/G10_02.tif | D21: 21.6299 | E21: 31 | G21: 671
A22: =IFERROR(LEFT(RIGHT(C22,LEN(C22)-SEARCH("@",C22)),SEARCH("/",RIGHT(C22,LEN(C22)-SEARCH("@",C22)-1))),"") -> 1 | B22: =LEFT(RIGHT(RIGHT(Tableau4[[#This Row],[file name]],LEN(Tableau4[[#This Row],[file name]])-SEARCH("@",Tableau4[[#This Row],[file name]])),LEN(RIGHT(Tableau4[[#This Row],[file name]],LEN(Tableau4[[#This Row],[file name]])-SEARCH("@",Tableau4[[#This Row],[file name]])))-SEARCH("/",RIGHT(Tableau4[[#This Row],[file name]],LEN(Tableau4[[#This Row],[file name]])-SEARCH("@",Tableau4[[#This Row],[file name]])))),1) -> G | C22: C:\Users\andre\Desktop\REACTIV CEFAS\Dutasteride\Dutasteride/20201201_Cefas_Test8_Run1/Plate 1/@1/G10_03.tif | D22: 21.6299 | E22: 30 | G22: 649
A23: =IFERROR(LEFT(RIGHT(C23,LEN(C23)-SEARCH("@",C23)),SEARCH("/",RIGHT(C23,LEN(C23)-SEARCH("@",C23)-1))),"") -> 1 | B23: =LEFT(RIGHT(RIGHT(Tableau4[[#This Row],[file name]],LEN(Tableau4[[#This Row],[file name]])-SEARCH("@",Tableau4[[#This Row],[file name]])),LEN(RIGHT(Tableau4[[#This Row],[file name]],LEN(Tableau4[[#This Row],[file name]])-SEARCH("@",Tableau4[[#This Row],[file name]])))-SEARCH("/",RIGHT(Tableau4[[#This Row],[file name]],LEN(Tableau4[[#This Row],[file name]])-SEARCH("@",Tableau4[[#This Row],[file name]])))),1) -> H | C23: C:\Users\andre\Desktop\REACTIV CEFAS\Dutasteride\Dutasteride/20201201_Cefas_Test8_Run1/Plate 1/@1/H10_01.tif | D23: 562.3773 | E23: 31.4231 | G23: 17672
A24: =IFERROR(LEFT(RIGHT(C24,LEN(C24)-SEARCH("@",C24)),SEARCH("/",RIGHT(C24,LEN(C24)-SEARCH("@",C24)-1))),"") -> 1 | B24: =LEFT(RIGHT(RIGHT(Tableau4[[#This Row],[file name]],LEN(Tableau4[[#This Row],[file name]])-SEARCH("@",Tableau4[[#This Row],[file name]])),LEN(RIGHT(Tableau4[[#This Row],[file name]],LEN(Tableau4[[#This Row],[file name]])-SEARCH("@",Tableau4[[#This Row],[file name]])))-SEARCH("/",RIGHT(Tableau4[[#This Row],[file name]],LEN(Tableau4[[#This Row],[file name]])-SEARCH("@",Tableau4[[#This Row],[file name]])))),1) -> H | C24: C:\Users\andre\Desktop\REACTIV CEFAS\Dutasteride\Dutasteride/20201201_Cefas_Test8_Run1/Plate 1/@1/H10_02.tif | D24: 6467.3385 | E24: 37.4582 | G24: 242255
A25: =IFERROR(LEFT(RIGHT(C25,LEN(C25)-SEARCH("@",C25)),SEARCH("/",RIGHT(C25,LEN(C25)-SEARCH("@",C25)-1))),"") -> 1 | B25: =LEFT(RIGHT(RIGHT(Tableau4[[#This Row],[file name]],LEN(Tableau4[[#This Row],[file name]])-SEARCH("@",Tableau4[[#This Row],[file name]])),LEN(RIGHT(Tableau4[[#This Row],[file name]],LEN(Tableau4[[#This Row],[file name]])-SEARCH("@",Tableau4[[#This Row],[file name]])))-SEARCH("/",RIGHT(Tableau4[[#This Row],[file name]],LEN(Tableau4[[#This Row],[file name]])-SEARCH("@",Tableau4[[#This Row],[file name]])))),1) -> H | C25: C:\Users\andre\Desktop\REACTIV CEFAS\Dutasteride\Dutasteride/20201201_Cefas_Test8_Run1/Plate 1/@1/H10_03.tif | D25: 7786.7621 | E25: 39.6639 | G25: 308853
A26: =IFERROR(LEFT(RIGHT(C26,LEN(C26)-SEARCH("@",C26)),SEARCH("/",RIGHT(C26,LEN(C26)-SEARCH("@",C26)-1))),"") | B26: =LEFT(RIGHT(RIGHT(Tableau4[[#This Row],[file name]],LEN(Tableau4[[#This Row],[file name]])-SEARCH("@",Tableau4[[#This Row],[file name]])),LEN(RIGHT(Tableau4[[#This Row],[file name]],LEN(Tableau4[[#This Row],[file name]])-SEARCH("@",Tableau4[[#This Row],[file name]])))-SEARCH("/",RIGHT(Tableau4[[#This Row],[file name]],LEN(Tableau4[[#This Row],[file name]])-SEARCH("@",Tableau4[[#This Row],[file name]])))),1) -> #VALUE!
A27: =IFERROR(LEFT(RIGHT(C27,LEN(C27)-SEARCH("@",C27)),SEARCH("/",RIGHT(C27,LEN(C27)-SEARCH("@",C27)-1))),"") | B27: =LEFT(RIGHT(RIGHT(Tableau4[[#This Row],[file name]],LEN(Tableau4[[#This Row],[file name]])-SEARCH("@",Tableau4[[#This Row],[file name]])),LEN(RIGHT(Tableau4[[#This Row],[file name]],LEN(Tableau4[[#This Row],[file name]])-SEARCH("@",Tableau4[[#This Row],[file name]])))-SEARCH("/",RIGHT(Tableau4[[#This Row],[file name]],LEN(Tableau4[[#This Row],[file name]])-SEARCH("@",Tableau4[[#This Row],[file name]])))),1) -> #VALUE! | C27: group | E27: mean of mean fluo | F27: SD mean fluo | G27: mean of total fluo | H27: SD total fluo | I27: n fluorescent | J27: n total
A28: =IFERROR(LEFT(RIGHT(C28,LEN(C28)-SEARCH("@",C28)),SEARCH("/",RIGHT(C28,LEN(C28)-SEARCH("@",C28)-1))),"") -> 1 | B28: =LEFT(RIGHT(RIGHT(Tableau4[[#This Row],[file name]],LEN(Tableau4[[#This Row],[file name]])-SEARCH("@",Tableau4[[#This Row],[file name]])),LEN(RIGHT(Tableau4[[#This Row],[file name]],LEN(Tableau4[[#This Row],[file name]])-SEARCH("@",Tableau4[[#This Row],[file name]])))-SEARCH("/",RIGHT(Tableau4[[#This Row],[file name]],LEN(Tableau4[[#This Row],[file name]])-SEARCH("@",Tableau4[[#This Row],[file name]])))),1) | C28: C:\Users\andre\Desktop\REACTIV CEFAS\Dutasteride\Dutasteride/20201201_Cefas_Test8_Run1/Plate 1/@1/ | E28: 29.8795 | F28: 14.2068 | G28: 140170.792 | H28: 147850.892 | I28: 20 | J28: 24
A29: =IFERROR(LEFT(RIGHT(C29,LEN(C29)-SEARCH("@",C29)),SEARCH("/",RIGHT(C29,LEN(C29)-SEARCH("@",C29)-1))),"") | B29: =LEFT(RIGHT(RIGHT(Tableau4[[#This Row],[file name]],LEN(Tableau4[[#This Row],[file name]])-SEARCH("@",Tableau4[[#This Row],[file name]])),LEN(RIGHT(Tableau4[[#This Row],[file name]],LEN(Tableau4[[#This Row],[file name]])-SEARCH("@",Tableau4[[#This Row],[file name]])))-SEARCH("/",RIGHT(Tableau4[[#This Row],[file name]],LEN(Tableau4[[#This Row],[file name]])-SEARCH("@",Tableau4[[#This Row],[file name]])))),1) -> #VALUE!
A30: =IFERROR(LEFT(RIGHT(C30,LEN(C30)-SEARCH("@",C30)),SEARCH("/",RIGHT(C30,LEN(C30)-SEARCH("@",C30)-1))),"") | B30: =LEFT(RIGHT(RIGHT(Tableau4[[#This Row],[file name]],LEN(Tableau4[[#This Row],[file name]])-SEARCH("@",Tableau4[[#This Row],[file name]])),LEN(RIGHT(Tableau4[[#This Row],[file name]],LEN(Tableau4[[#This Row],[file name]])-SEARCH("@",Tableau4[[#This Row],[file name]])))-SEARCH("/",RIGHT(Tableau4[[#This Row],[file name]],LEN(Tableau4[[#This Row],[file name]])-SEARCH("@",Tableau4[[#This Row],[file name]])))),1) -> #VALUE!
A31: =IFERROR(LEFT(RIGHT(C31,LEN(C31)-SEARCH("@",C31)),SEARCH("/",RIGHT(C31,LEN(C31)-SEARCH("@",C31)-1))),"") | B31: =LEFT(RIGHT(RIGHT(Tableau4[[#This Row],[file name]],LEN(Tableau4[[#This Row],[file name]])-SEARCH("@",Tableau4[[#This Row],[file name]])),LEN(RIGHT(Tableau4[[#This Row],[file name]],LEN(Tableau4[[#This Row],[file name]])-SEARCH("@",Tableau4[[#This Row],[file name]])))-SEARCH("/",RIGHT(Tableau4[[#This Row],[file name]],LEN(Tableau4[[#This Row],[file name]])-SEARCH("@",Tableau4[[#This Row],[file name]])))),1) -> #VALUE!
A32: =IFERROR(LEFT(RIGHT(C32,LEN(C32)-SEARCH("@",C32)),SEARCH("/",RIGHT(C32,LEN(C32)-SEARCH("@",C32)-1))),"") | B32: =LEFT(RIGHT(RIGHT(Tableau4[[#This Row],[file name]],LEN(Tableau4[[#This Row],[file name]])-SEARCH("@",Tableau4[[#This Row],[file name]])),LEN(RIGHT(Tableau4[[#This Row],[file name]],LEN(Tableau4[[#This Row],[file name]])-SEARCH("@",Tableau4[[#This Row],[file name]])))-SEARCH("/",RIGHT(Tableau4[[#This Row],[file name]],LEN(Tableau4[[#This Row],[file name]])-SEARCH("@",Tableau4[[#This Row],[file name]])))),1) -> #VALUE!
A33: =IFERROR(LEFT(RIGHT(C33,LEN(C33)-SEARCH("@",C33)),SEARCH("/",RIGHT(C33,LEN(C33)-SEARCH("@",C33)-1))),"") | B33: =LEFT(RIGHT(RIGHT(Tableau4[[#This Row],[file name]],LEN(Tableau4[[#This Row],[file name]])-SEARCH("@",Tableau4[[#This Row],[file name]])),LEN(RIGHT(Tableau4[[#This Row],[file name]],LEN(Tableau4[[#This Row],[file name]])-SEARCH("@",Tableau4[[#This Row],[file name]])))-SEARCH("/",RIGHT(Tableau4[[#This Row],[file name]],LEN(Tableau4[[#This Row],[file name]])-SEARCH("@",Tableau4[[#This Row],[file name]])))),1) -> #VALUE!
A34: =IFERROR(LEFT(RIGHT(C34,LEN(C34)-SEARCH("@",C34)),SEARCH("/",RIGHT(C34,LEN(C34)-SEARCH("@",C34)-1))),"") | B34: =LEFT(RIGHT(RIGHT(Tableau4[[#This Row],[file name]],LEN(Tableau4[[#This Row],[file name]])-SEARCH("@",Tableau4[[#This Row],[file name]])),LEN(RIGHT(Tableau4[[#This Row],[file name]],LEN(Tableau4[[#This Row],[file name]])-SEARCH("@",Tableau4[[#This Row],[file name]])))-SEARCH("/",RIGHT(Tableau4[[#This Row],[file name]],LEN(Tableau4[[#This Row],[file name]])-SEARCH("@",Tableau4[[#This Row],[file name]])))),1) -> #VALUE! | C34: file name | D34: total area | E34: mean intensity | G34: total fluorescence
A35: =IFERROR(LEFT(RIGHT(C35,LEN(C35)-SEARCH("@",C35)),SEARCH("/",RIGHT(C35,LEN(C35)-SEARCH("@",C35)-1))),"") -> 13 | B35: =LEFT(RIGHT(RIGHT(Tableau4[[#This Row],[file name]],LEN(Tableau4[[#This Row],[file name]])-SEARCH("@",Tableau4[[#This Row],[file name]])),LEN(RIGHT(Tableau4[[#This Row],[file name]],LEN(Tableau4[[#This Row],[file name]])-SEARCH("@",Tableau4[[#This Row],[file name]])))-SEARCH("/",RIGHT(Tableau4[[#This Row],[file name]],LEN(Tableau4[[#This Row],[file name]])-SEARCH("@",Tableau4[[#This Row],[file name]])))),1) -> A | C35: C:\Users\andre\Desktop\REACTIV CEFAS\Dutasteride\Dutasteride/20201201_Cefas_Test8_Run1/Plate 1/@13/A8_01.tif | D35: 24312.0016 | E35: 35.6423 | G35: 866537
A36: =IFERROR(LEFT(RIGHT(C36,LEN(C36)-SEARCH("@",C36)),SEARCH("/",RIGHT(C36,LEN(C36)-SEARCH("@",C36)-1))),"") -> 13 | B36: =LEFT(RIGHT(RIGHT(Tableau4[[#This Row],[file name]],LEN(Tableau4[[#This Row],[file name]])-SEARCH("@",Tableau4[[#This Row],[file name]])),LEN(RIGHT(Tableau4[[#This Row],[file name]],LEN(Tableau4[[#This Row],[file name]])-SEARCH("@",Tableau4[[#This Row],[file name]])))-SEARCH("/",RIGHT(Tableau4[[#This Row],[file name]],LEN(Tableau4[[#This Row],[file name]])-SEARCH("@",Tableau4[[#This Row],[file name]])))),1) -> A | C36: C:\Users\andre\Desktop\REACTIV CEFAS\Dutasteride\Dutasteride/20201201_Cefas_Test8_Run1/Plate 1/@13/A8_02.tif | D36: 15140.9262 | E36: 35.39 | G36: 535837
A37: =IFERROR(LEFT(RIGHT(C37,LEN(C37)-SEARCH("@",C37)),SEARCH("/",RIGHT(C37,LEN(C37)-SEARCH("@",C37)-1))),"") -> 13 | B37: =LEFT(RIGHT(RIGHT(Tableau4[[#This Row],[file name]],LEN(Tableau4[[#This Row],[file name]])-SEARCH("@",Tableau4[[#This Row],[file name]])),LEN(RIGHT(Tableau4[[#This Row],[file name]],LEN(Tableau4[[#This Row],[file name]])-SEARCH("@",Tableau4[[#This Row],[file name]])))-SEARCH("/",RIGHT(Tableau4[[#This Row],[file name]],LEN(Tableau4[[#This Row],[file name]])-SEARCH("@",Tableau4[[#This Row],[file name]])))),1) -> A | C37: C:\Users\andre\Desktop\REACTIV CEFAS\Dutasteride\Dutasteride/20201201_Cefas_Test8_Run1/Plate 1/@13/A8_03.tif | D37: 21911.0833 | E37: 35.157 | G37: 770327
A38: =IFERROR(LEFT(RIGHT(C38,LEN(C38)-SEARCH("@",C38)),SEARCH("/",RIGHT(C38,LEN(C38)-SEARCH("@",C38)-1))),"") -> 13 | B38: =LEFT(RIGHT(RIGHT(Tableau4[[#This Row],[file name]],LEN(Tableau4[[#This Row],[file name]])-SEARCH("@",Tableau4[[#This Row],[file name]])),LEN(RIGHT(Tableau4[[#This Row],[file name]],LEN(Tableau4[[#This Row],[file name]])-SEARCH("@",Tableau4[[#This Row],[file name]])))-SEARCH("/",RIGHT(Tableau4[[#This Row],[file name]],LEN(Tableau4[[#This Row],[file name]])-SEARCH("@",Tableau4[[#This Row],[file name]])))),1) -> B | C38: C:\Users\andre\Desktop\REACTIV CEFAS\Dutasteride\Dutasteride/20201201_Cefas_Test8_Run1/Plate 1/@13/B8_01.tif | D38: 47239.6899 | E38: 36.8214 | G38: 1739433
A39: =IFERROR(LEFT(RIGHT(C39,LEN(C39)-SEARCH("@",C39)),SEARCH("/",RIGHT(C39,LEN(C39)-SEARCH("@",C39)-1))),"") -> 13 | B39: =LEFT(RIGHT(RIGHT(Tableau4[[#This Row],[file name]],LEN(Tableau4[[#This Row],[file name]])-SEARCH("@",Tableau4[[#This Row],[file name]])),LEN(RIGHT(Tableau4[[#This Row],[file name]],LEN(Tableau4[[#This Row],[file name]])-SEARCH("@",Tableau4[[#This Row],[file name]])))-SEARCH("/",RIGHT(Tableau4[[#This Row],[file name]],LEN(Tableau4[[#This Row],[file name]])-SEARCH("@",Tableau4[[#This Row],[file name]])))),1) -> B | C39: C:\Users\andre\Desktop\REACTIV CEFAS\Dutasteride\Dutasteride/20201201_Cefas_Test8_Run1/Plate 1/@13/B8_02.tif | D39: 60217.6266 | E39: 38.5862 | G39: 2323570
A40: =IFERROR(LEFT(RIGHT(C40,LEN(C40)-SEARCH("@",C40)),SEARCH("/",RIGHT(C40,LEN(C40)-SEARCH("@",C40)-1))),"") -> 13 | B40: =LEFT(RIGHT(RIGHT(Tableau4[[#This Row],[file name]],LEN(Tableau4[[#This Row],[file name]])-SEARCH("@",Tableau4[[#This Row],[file name]])),LEN(RIGHT(Tableau4[[#This Row],[file name]],LEN(Tableau4[[#This Row],[file name]])-SEARCH("@",Tableau4[[#This Row],[file name]])))-SEARCH("/",RIGHT(Tableau4[[#This Row],[file name]],LEN(Tableau4[[#This Row],[file name]])-SEARCH("@",Tableau4[[#This Row],[file name]])))),1) -> B | C40: C:\Users\andre\Desktop\REACTIV CEFAS\Dutasteride\Dutasteride/20201201_Cefas_Test8_Run1/Plate 1/@13/B8_03.tif | D40: 51046.5513 | E40: 37.1699 | G40: 1897396
A41: =IFERROR(LEFT(RIGHT(C41,LEN(C41)-SEARCH("@",C41)),SEARCH("/",RIGHT(C41,LEN(C41)-SEARCH("@",C41)-1))),"") -> 13 | B41: =LEFT(RIGHT(RIGHT(Tableau4[[#This Row],[file name]],LEN(Tableau4[[#This Row],[file name]])-SEARCH("@",Tableau4[[#This Row],[file name]])),LEN(RIGHT(Tableau4[[#This Row],[file name]],LEN(Tableau4[[#This Row],[file name]])-SEARCH("@",Tableau4[[#This Row],[file name]])))-SEARCH("/",RIGHT(Tableau4[[#This Row],[file name]],LEN(Tableau4[[#This Row],[file name]])-SEARCH("@",Tableau4[[#This Row],[file name]])))),1) -> C | C41: C:\Users\andre\Desktop\REACTIV CEFAS\Dutasteride\Dutasteride/20201201_Cefas_Test8_Run1/Plate 1/@13/C8_01.tif | D41: 69756.4102 | E41: 42.9181 | G41: 2993815
A42: =IFERROR(LEFT(RIGHT(C42,LEN(C42)-SEARCH("@",C42)),SEARCH("/",RIGHT(C42,LEN(C42)-SEARCH("@",C42)-1))),"") -> 13 | B42: =LEFT(RIGHT(RIGHT(Tableau4[[#This Row],[file name]],LEN(Tableau4[[#This Row],[file name]])-SEARCH("@",Tableau4[[#This Row],[file name]])),LEN(RIGHT(Tableau4[[#This Row],[file name]],LEN(Tableau4[[#This Row],[file name]])-SEARCH("@",Tableau4[[#This Row],[file name]])))-SEARCH("/",RIGHT(Tableau4[[#This Row],[file name]],LEN(Tableau4[[#This Row],[file name]])-SEARCH("@",Tableau4[[#This Row],[file name]])))),1) -> C | C42: C:\Users\andre\Desktop\REACTIV CEFAS\Dutasteride\Dutasteride/20201201_Cefas_Test8_Run1/Plate 1/@13/C8_02.tif | D42: 74644.7664 | E42: 47.8621 | G42: 3572653
A43: =IFERROR(LEFT(RIGHT(C43,LEN(C43)-SEARCH("@",C43)),SEARCH("/",RIGHT(C43,LEN(C43)-SEARCH("@",C43)-1))),"") -> 13 | B43: =LEFT(RIGHT(RIGHT(Tableau4[[#This Row],[file name]],LEN(Tableau4[[#This Row],[file name]])-SEARCH("@",Tableau4[[#This Row],[file name]])),LEN(RIGHT(Tableau4[[#This Row],[file name]],LEN(Tableau4[[#This Row],[file name]])-SEARCH("@",Tableau4[[#This Row],[file name]])))-SEARCH("/",RIGHT(Tableau4[[#This Row],[file name]],LEN(Tableau4[[#This Row],[file name]])-SEARCH("@",Tableau4[[#This Row],[file name]])))),1) -> C | C43: C:\Users\andre\Desktop\REACTIV CEFAS\Dutasteride\Dutasteride/20201201_Cefas_Test8_Run1/Plate 1/@13/C8_03.tif | D43: 74298.6881 | E43: 47.5345 | G43: 3531751
A44: =IFERROR(LEFT(RIGHT(C44,LEN(C44)-SEARCH("@",C44)),SEARCH("/",RIGHT(C44,LEN(C44)-SEARCH("@",C44)-1))),"") -> 13 | B44: =LEFT(RIGHT(RIGHT(Tableau4[[#This Row],[file name]],LEN(Tableau4[[#This Row],[file name]])-SEARCH("@",Tableau4[[#This Row],[file name]])),LEN(RIGHT(Tableau4[[#This Row],[file name]],LEN(Tableau4[[#This Row],[file name]])-SEARCH("@",Tableau4[[#This Row],[file name]])))-SEARCH("/",RIGHT(Tableau4[[#This Row],[file name]],LEN(Tableau4[[#This Row],[file name]])-SEARCH("@",Tableau4[[#This Row],[file name]])))),1) -> D | C44: C:\Users\andre\Desktop\REACTIV CEFAS\Dutasteride\Dutasteride/20201201_Cefas_Test8_Run1/Plate 1/@13/D8_01.tif | D44: 50895.1421 | E44: 39.4717 | G44: 2008920
A45: =IFERROR(LEFT(RIGHT(C45,LEN(C45)-SEARCH("@",C45)),SEARCH("/",RIGHT(C45,LEN(C45)-SEARCH("@",C45)-1))),"") -> 13 | B45: =LEFT(RIGHT(RIGHT(Tableau4[[#This Row],[file name]],LEN(Tableau4[[#This Row],[file name]])-SEARCH("@",Tableau4[[#This Row],[file name]])),LEN(RIGHT(Tableau4[[#This Row],[file name]],LEN(Tableau4[[#This Row],[file name]])-SEARCH("@",Tableau4[[#This Row],[file name]])))-SEARCH("/",RIGHT(Tableau4[[#This Row],[file name]],LEN(Tableau4[[#This Row],[file name]])-SEARCH("@",Tableau4[[#This Row],[file name]])))),1) -> D | C45: C:\Users\andre\Desktop\REACTIV CEFAS\Dutasteride\Dutasteride/20201201_Cefas_Test8_Run1/Plate 1/@13/D8_02.tif | D45: 42459.4832 | E45: 36.0683 | G45: 1531440
A46: =IFERROR(LEFT(RIGHT(C46,LEN(C46)-SEARCH("@",C46)),SEARCH("/",RIGHT(C46,LEN(C46)-SEARCH("@",C46)-1))),"") -> 13 | B46: =LEFT(RIGHT(RIGHT(Tableau4[[#This Row],[file name]],LEN(Tableau4[[#This Row],[file name]])-SEARCH("@",Tableau4[[#This Row],[file name]])),LEN(RIGHT(Tableau4[[#This Row],[file name]],LEN(Tableau4[[#This Row],[file name]])-SEARCH("@",Tableau4[[#This Row],[file name]])))-SEARCH("/",RIGHT(Tableau4[[#This Row],[file name]],LEN(Tableau4[[#This Row],[file name]])-SEARCH("@",Tableau4[[#This Row],[file name]])))),1) -> D | C46: C:\Users\andre\Desktop\REACTIV CEFAS\Dutasteride\Dutasteride/20201201_Cefas_Test8_Run1/Plate 1/@13/D8_03.tif | D46: 41507.7678 | E46: 37.468 | G46: 1555211
... A55: =IFERROR(LEFT(RIGHT(C55,LEN(C55)-SEARCH("@",C55)),SEARCH("/",RIGHT(C55,LEN(C55)-SEARCH("@",C55)-1))),"") -> 13 | B55: =LEFT(RIGHT(RIGHT(Tableau4[[#This Row],[file name]],LEN(Tableau4[[#This Row],[file name]])-SEARCH("@",Tableau4[[#This Row],[file name]])),LEN(RIGHT(Tableau4[[#This Row],[file name]],LEN(Tableau4[[#This Row],[file name]])-SEARCH("@",Tableau4[[#This Row],[file name]])))-SEARCH("/",RIGHT(Tableau4[[#This Row],[file name]],LEN(Tableau4[[#This Row],[file name]])-SEARCH("@",Tableau4[[#This Row],[file name]])))),1) -> G | C55: C:\Users\andre\Desktop\REACTIV CEFAS\Dutasteride\Dutasteride/20201201_Cefas_Test8_Run1/Plate 1/@13/G8_03.tif | D55: 47499.2486 | E55: 36.51 | G55: 1734198
A56: =IFERROR(LEFT(RIGHT(C56,LEN(C56)-SEARCH("@",C56)),SEARCH("/",RIGHT(C56,LEN(C56)-SEARCH("@",C56)-1))),"") -> 13 | B56: =LEFT(RIGHT(RIGHT(Tableau4[[#This Row],[file name]],LEN(Tableau4[[#This Row],[file name]])-SEARCH("@",Tableau4[[#This Row],[file name]])),LEN(RIGHT(Tableau4[[#This Row],[file name]],LEN(Tableau4[[#This Row],[file name]])-SEARCH("@",Tableau4[[#This Row],[file name]])))-SEARCH("/",RIGHT(Tableau4[[#This Row],[file name]],LEN(Tableau4[[#This Row],[file name]])-SEARCH("@",Tableau4[[#This Row],[file name]])))),1) -> H | C56: C:\Users\andre\Desktop\REACTIV CEFAS\Dutasteride\Dutasteride/20201201_Cefas_Test8_Run1/Plate 1/@13/H8_01- exclu.tif
A57: =IFERROR(LEFT(RIGHT(C57,LEN(C57)-SEARCH("@",C57)),SEARCH("/",RIGHT(C57,LEN(C57)-SEARCH("@",C57)-1))),"") -> 13 | B57: =LEFT(RIGHT(RIGHT(Tableau4[[#This Row],[file name]],LEN(Tableau4[[#This Row],[file name]])-SEARCH("@",Tableau4[[#This Row],[file name]])),LEN(RIGHT(Tableau4[[#This Row],[file name]],LEN(Tableau4[[#This Row],[file name]])-SEARCH("@",Tableau4[[#This Row],[file name]])))-SEARCH("/",RIGHT(Tableau4[[#This Row],[file name]],LEN(Tableau4[[#This Row],[file name]])-SEARCH("@",Tableau4[[#This Row],[file name]])))),1) -> H | C57: C:\Users\andre\Desktop\REACTIV CEFAS\Dutasteride\Dutasteride/20201201_Cefas_Test8_Run1/Plate 1/@13/H8_02- exclu.tif
A58: =IFERROR(LEFT(RIGHT(C58,LEN(C58)-SEARCH("@",C58)),SEARCH("/",RIGHT(C58,LEN(C58)-SEARCH("@",C58)-1))),"") -> 13 | B58: =LEFT(RIGHT(RIGHT(Tableau4[[#This Row],[file name]],LEN(Tableau4[[#This Row],[file name]])-SEARCH("@",Tableau4[[#This Row],[file name]])),LEN(RIGHT(Tableau4[[#This Row],[file name]],LEN(Tableau4[[#This Row],[file name]])-SEARCH("@",Tableau4[[#This Row],[file name]])))-SEARCH("/",RIGHT(Tableau4[[#This Row],[file name]],LEN(Tableau4[[#This Row],[file name]])-SEARCH("@",Tableau4[[#This Row],[file name]])))),1) -> H | C58: C:\Users\andre\Desktop\REACTIV CEFAS\Dutasteride\Dutasteride/20201201_Cefas_Test8_Run1/Plate 1/@13/H8_03- exclu.tif
A59: =IFERROR(LEFT(RIGHT(C59,LEN(C59)-SEARCH("@",C59)),SEARCH("/",RIGHT(C59,LEN(C59)-SEARCH("@",C59)-1))),"") | B59: =LEFT(RIGHT(RIGHT(Tableau4[[#This Row],[file name]],LEN(Tableau4[[#This Row],[file name]])-SEARCH("@",Tableau4[[#This Row],[file name]])),LEN(RIGHT(Tableau4[[#This Row],[file name]],LEN(Tableau4[[#This Row],[file name]])-SEARCH("@",Tableau4[[#This Row],[file name]])))-SEARCH("/",RIGHT(Tableau4[[#This Row],[file name]],LEN(Tableau4[[#This Row],[file name]])-SEARCH("@",Tableau4[[#This Row],[file name]])))),1) -> #VALUE!
A60: =IFERROR(LEFT(RIGHT(C60,LEN(C60)-SEARCH("@",C60)),SEARCH("/",RIGHT(C60,LEN(C60)-SEARCH("@",C60)-1))),"") | B60: =LEFT(RIGHT(RIGHT(Tableau4[[#This Row],[file name]],LEN(Tableau4[[#This Row],[file name]])-SEARCH("@",Tableau4[[#This Row],[file name]])),LEN(RIGHT(Tableau4[[#This Row],[file name]],LEN(Tableau4[[#This Row],[file name]])-SEARCH("@",Tableau4[[#This Row],[file name]])))-SEARCH("/",RIGHT(Tableau4[[#This Row],[file name]],LEN(Tableau4[[#This Row],[file name]])-SEARCH("@",Tableau4[[#This Row],[file name]])))),1) -> #VALUE! | C60: group | E60: mean of mean fluo | F60: SD mean fluo | G60: mean of total fluo | H60: SD total fluo | I60: n fluorescent | J60: n total
A61: =IFERROR(LEFT(RIGHT(C61,LEN(C61)-SEARCH("@",C61)),SEARCH("/",RIGHT(C61,LEN(C61)-SEARCH("@",C61)-1))),"") -> 13 | B61: =LEFT(RIGHT(RIGHT(Tableau4[[#This Row],[file name]],LEN(Tableau4[[#This Row],[file name]])-SEARCH("@",Tableau4[[#This Row],[file name]])),LEN(RIGHT(Tableau4[[#This Row],[file name]],LEN(Tableau4[[#This Row],[file name]])-SEARCH("@",Tableau4[[#This Row],[file name]])))-SEARCH("/",RIGHT(Tableau4[[#This Row],[file name]],LEN(Tableau4[[#This Row],[file name]])-SEARCH("@",Tableau4[[#This Row],[file name]])))),1) | C61: C:\Users\andre\Desktop\REACTIV CEFAS\Dutasteride\Dutasteride/20201201_Cefas_Test8_Run1/Plate 1/@13/ | E61: 37.2545 | F61: 4.1747 | G61: 1401409.88 | H61: 1029844.4 | I61: 24 | J61: 24
A62: =IFERROR(LEFT(RIGHT(C62,LEN(C62)-SEARCH("@",C62)),SEARCH("/",RIGHT(C62,LEN(C62)-SEARCH("@",C62)-1))),"") | B62: =LEFT(RIGHT(RIGHT(Tableau4[[#This Row],[file name]],LEN(Tableau4[[#This Row],[file name]])-SEARCH("@",Tableau4[[#This Row],[file name]])),LEN(RIGHT(Tableau4[[#This Row],[file name]],LEN(Tableau4[[#This Row],[file name]])-SEARCH("@",Tableau4[[#This Row],[file name]])))-SEARCH("/",RIGHT(Tableau4[[#This Row],[file name]],LEN(Tableau4[[#This Row],[file name]])-SEARCH("@",Tableau4[[#This Row],[file name]])))),1) -> #VALUE!
A63: =IFERROR(LEFT(RIGHT(C63,LEN(C63)-SEARCH("@",C63)),SEARCH("/",RIGHT(C63,LEN(C63)-SEARCH("@",C63)-1))),"") | B63: =LEFT(RIGHT(RIGHT(Tableau4[[#This Row],[file name]],LEN(Tableau4[[#This Row],[file name]])-SEARCH("@",Tableau4[[#This Row],[file name]])),LEN(RIGHT(Tableau4[[#This Row],[file name]],LEN(Tableau4[[#This Row],[file name]])-SEARCH("@",Tableau4[[#This Row],[file name]])))-SEARCH("/",RIGHT(Tableau4[[#This Row],[file name]],LEN(Tableau4[[#This Row],[file name]])-SEARCH("@",Tableau4[[#This Row],[file name]])))),1) -> #VALUE!
A64: =IFERROR(LEFT(RIGHT(C64,LEN(C64)-SEARCH("@",C64)),SEARCH("/",RIGHT(C64,LEN(C64)-SEARCH("@",C64)-1))),"") | B64: =LEFT(RIGHT(RIGHT(Tableau4[[#This Row],[file name]],LEN(Tableau4[[#This Row],[file name]])-SEARCH("@",Tableau4[[#This Row],[file name]])),LEN(RIGHT(Tableau4[[#This Row],[file name]],LEN(Tableau4[[#This Row],[file name]])-SEARCH("@",Tableau4[[#This Row],[file name]])))-SEARCH("/",RIGHT(Tableau4[[#This Row],[file name]],LEN(Tableau4[[#This Row],[file name]])-SEARCH("@",Tableau4[[#This Row],[file name]])))),1) -> #VALUE!
A65: =IFERROR(LEFT(RIGHT(C65,LEN(C65)-SEARCH("@",C65)),SEARCH("/",RIGHT(C65,LEN(C65)-SEARCH("@",C65)-1))),"") | B65: =LEFT(RIGHT(RIGHT(Tableau4[[#This Row],[file name]],LEN(Tableau4[[#This Row],[file name]])-SEARCH("@",Tableau4[[#This Row],[file name]])),LEN(RIGHT(Tableau4[[#This Row],[file name]],LEN(Tableau4[[#This Row],[file name]])-SEARCH("@",Tableau4[[#This Row],[file name]])))-SEARCH("/",RIGHT(Tableau4[[#This Row],[file name]],LEN(Tableau4[[#This Row],[file name]])-SEARCH("@",Tableau4[[#This Row],[file name]])))),1) -> #VALUE!
A66: =IFERROR(LEFT(RIGHT(C66,LEN(C66)-SEARCH("@",C66)),SEARCH("/",RIGHT(C66,LEN(C66)-SEARCH("@",C66)-1))),"") | B66: =LEFT(RIGHT(RIGHT(Tableau4[[#This Row],[file name]],LEN(Tableau4[[#This Row],[file name]])-SEARCH("@",Tableau4[[#This Row],[file name]])),LEN(RIGHT(Tableau4[[#This Row],[file name]],LEN(Tableau4[[#This Row],[file name]])-SEARCH("@",Tableau4[[#This Row],[file name]])))-SEARCH("/",RIGHT(Tableau4[[#This Row],[file name]],LEN(Tableau4[[#This Row],[file name]])-SEARCH("@",Tableau4[[#This Row],[file name]])))),1) -> #VALUE!
A67: =IFERROR(LEFT(RIGHT(C67,LEN(C67)-SEARCH("@",C67)),SEARCH("/",RIGHT(C67,LEN(C67)-SEARCH("@",C67)-1))),"") | B67: =LEFT(RIGHT(RIGHT(Tableau4[[#This Row],[file name]],LEN(Tableau4[[#This Row],[file name]])-SEARCH("@",Tableau4[[#This Row],[file name]])),LEN(RIGHT(Tableau4[[#This Row],[file name]],LEN(Tableau4[[#This Row],[file name]])-SEARCH("@",Tableau4[[#This Row],[file name]])))-SEARCH("/",RIGHT(Tableau4[[#This Row],[file name]],LEN(Tableau4[[#This Row],[file name]])-SEARCH("@",Tableau4[[#This Row],[file name]])))),1) -> #VALUE! | C67: file name | D67: total area | E67: mean intensity | G67: total fluorescence
A68: =IFERROR(LEFT(RIGHT(C68,LEN(C68)-SEARCH("@",C68)),SEARCH("/",RIGHT(C68,LEN(C68)-SEARCH("@",C68)-1))),"") -> 14 | B68: =LEFT(RIGHT(RIGHT(Tableau4[[#This Row],[file name]],LEN(Tableau4[[#This Row],[file name]])-SEARCH("@",Tableau4[[#This Row],[file name]])),LEN(RIGHT(Tableau4[[#This Row],[file name]],LEN(Tableau4[[#This Row],[file name]])-SEARCH("@",Tableau4[[#This Row],[file name]])))-SEARCH("/",RIGHT(Tableau4[[#This Row],[file name]],LEN(Tableau4[[#This Row],[file name]])-SEARCH("@",Tableau4[[#This Row],[file name]])))),1) -> A | C68: C:\Users\andre\Desktop\REACTIV CEFAS\Dutasteride\Dutasteride/20201201_Cefas_Test8_Run1/Plate 1/@14/A9_01.tif | D68: 53620.5088 | E68: 45.5264 | G68: 2441150
A69: =IFERROR(LEFT(RIGHT(C69,LEN(C69)-SEARCH("@",C69)),SEARCH("/",RIGHT(C69,LEN(C69)-SEARCH("@",C69)-1))),"") -> 14 | B69: =LEFT(RIGHT(RIGHT(Tableau4[[#This Row],[file name]],LEN(Tableau4[[#This Row],[file name]])-SEARCH("@",Tableau4[[#This Row],[file name]])),LEN(RIGHT(Tableau4[[#This Row],[file name]],LEN(Tableau4[[#This Row],[file name]])-SEARCH("@",Tableau4[[#This Row],[file name]])))-SEARCH("/",RIGHT(Tableau4[[#This Row],[file name]],LEN(Tableau4[[#This Row],[file name]])-SEARCH("@",Tableau4[[#This Row],[file name]])))),1) -> A | C69: C:\Users\andre\Desktop\REACTIV CEFAS\Dutasteride\Dutasteride/20201201_Cefas_Test8_Run1/Plate 1/@14/A9_02.tif | D69: 56345.8755 | E69: 47.2418 | G69: 2661883
A70: =IFERROR(LEFT(RIGHT(C70,LEN(C70)-SEARCH("@",C70)),SEARCH("/",RIGHT(C70,LEN(C70)-SEARCH("@",C70)-1))),"") -> 14 | B70: =LEFT(RIGHT(RIGHT(Tableau4[[#This Row],[file name]],LEN(Tableau4[[#This Row],[file name]])-SEARCH("@",Tableau4[[#This Row],[file name]])),LEN(RIGHT(Tableau4[[#This Row],[file name]],LEN(Tableau4[[#This Row],[file name]])-SEARCH("@",Tableau4[[#This Row],[file name]])))-SEARCH("/",RIGHT(Tableau4[[#This Row],[file name]],LEN(Tableau4[[#This Row],[file name]])-SEARCH("@",Tableau4[[#This Row],[file name]])))),1) -> A | C70: C:\Users\andre\Desktop\REACTIV CEFAS\Dutasteride\Dutasteride/20201201_Cefas_Test8_Run1/Plate 1/@14/A9_03.tif | D70: 63224.182 | E70: 48.338 | G70: 3056131
A71: =IFERROR(LEFT(RIGHT(C71,LEN(C71)-SEARCH("@",C71)),SEARCH("/",RIGHT(C71,LEN(C71)-SEARCH("@",C71)-1))),"") -> 14 | B71: =LEFT(RIGHT(RIGHT(Tableau4[[#This Row],[file name]],LEN(Tableau4[[#This Row],[file name]])-SEARCH("@",Tableau4[[#This Row],[file name]])),LEN(RIGHT(Tableau4[[#This Row],[file name]],LEN(Tableau4[[#This Row],[file name]])-SEARCH("@",Tableau4[[#This Row],[file name]])))-SEARCH("/",RIGHT(Tableau4[[#This Row],[file name]],LEN(Tableau4[[#This Row],[file name]])-SEARCH("@",Tableau4[[#This Row],[file name]])))),1) -> B | C71: C:\Users\andre\Desktop\REACTIV CEFAS\Dutasteride\Dutasteride/20201201_Cefas_Test8_Run1/Plate 1/@14/B9_01.tif | D71: 57838.3382 | E71: 40.2427 | G71: 2327571
A72: =IFERROR(LEFT(RIGHT(C72,LEN(C72)-SEARCH("@",C72)),SEARCH("/",RIGHT(C72,LEN(C72)-SEARCH("@",C72)-1))),"") -> 14 | B72: =LEFT(RIGHT(RIGHT(Tableau4[[#This Row],[file name]],LEN(Tableau4[[#This Row],[file name]])-SEARCH("@",Tableau4[[#This Row],[file name]])),LEN(RIGHT(Tableau4[[#This Row],[file name]],LEN(Tableau4[[#This Row],[file name]])-SEARCH("@",Tableau4[[#This Row],[file name]])))-SEARCH("/",RIGHT(Tableau4[[#This Row],[file name]],LEN(Tableau4[[#This Row],[file name]])-SEARCH("@",Tableau4[[#This Row],[file name]])))),1) -> B | C72: C:\Users\andre\Desktop\REACTIV CEFAS\Dutasteride\Dutasteride/20201201_Cefas_Test8_Run1/Plate 1/@14/B9_02.tif | D72: 55350.9004 | E72: 41.4412 | G72: 2293807
A73: =IFERROR(LEFT(RIGHT(C73,LEN(C73)-SEARCH("@",C73)),SEARCH("/",RIGHT(C73,LEN(C73)-SEARCH("@",C73)-1))),"") -> 14 | B73: =LEFT(RIGHT(RIGHT(Tableau4[[#This Row],[file name]],LEN(Tableau4[[#This Row],[file name]])-SEARCH("@",Tableau4[[#This Row],[file name]])),LEN(RIGHT(Tableau4[[#This Row],[file name]],LEN(Tableau4[[#This Row],[file name]])-SEARCH("@",Tableau4[[#This Row],[file name]])))-SEARCH("/",RIGHT(Tableau4[[#This Row],[file name]],LEN(Tableau4[[#This Row],[file name]])-SEARCH("@",Tableau4[[#This Row],[file name]])))),1) -> B | C73: C:\Users\andre\Desktop\REACTIV CEFAS\Dutasteride\Dutasteride/20201201_Cefas_Test8_Run1/Plate 1/@14/B9_03.tif | D73: 56735.2136 | E73: 40.9344 | G73: 2322423
A74: =IFERROR(LEFT(RIGHT(C74,LEN(C74)-SEARCH("@",C74)),SEARCH("/",RIGHT(C74,LEN(C74)-SEARCH("@",C74)-1))),"") -> 14 | B74: =LEFT(RIGHT(RIGHT(Tableau4[[#This Row],[file name]],LEN(Tableau4[[#This Row],[file name]])-SEARCH("@",Tableau4[[#This Row],[file name]])),LEN(RIGHT(Tableau4[[#This Row],[file name]],LEN(Tableau4[[#This Row],[file name]])-SEARCH("@",Tableau4[[#This Row],[file name]])))-SEARCH("/",RIGHT(Tableau4[[#This Row],[file name]],LEN(Tableau4[[#This Row],[file name]])-SEARCH("@",Tableau4[[#This Row],[file name]])))),1) -> C | C74: C:\Users\andre\Desktop\REACTIV CEFAS\Dutasteride\Dutasteride/20201201_Cefas_Test8_Run1/Plate 1/@14/C9_01.tif | D74: 61126.0822 | E74: 45.4306 | G74: 2776997
A75: =IFERROR(LEFT(RIGHT(C75,LEN(C75)-SEARCH("@",C75)),SEARCH("/",RIGHT(C75,LEN(C75)-SEARCH("@",C75)-1))),"") -> 14 | B75: =LEFT(RIGHT(RIGHT(Tableau4[[#This Row],[file name]],LEN(Tableau4[[#This Row],[file name]])-SEARCH("@",Tableau4[[#This Row],[file name]])),LEN(RIGHT(Tableau4[[#This Row],[file name]],LEN(Tableau4[[#This Row],[file name]])-SEARCH("@",Tableau4[[#This Row],[file name]])))-SEARCH("/",RIGHT(Tableau4[[#This Row],[file name]],LEN(Tableau4[[#This Row],[file name]])-SEARCH("@",Tableau4[[#This Row],[file name]])))),1) -> C | C75: C:\Users\andre\Desktop\REACTIV CEFAS\Dutasteride\Dutasteride/20201201_Cefas_Test8_Run1/Plate 1/@14/C9_02.tif | D75: 57232.7012 | E75: 44.8141 | G75: 2564830
A76: =IFERROR(LEFT(RIGHT(C76,LEN(C76)-SEARCH("@",C76)),SEARCH("/",RIGHT(C76,LEN(C76)-SEARCH("@",C76)-1))),"") -> 14 | B76: =LEFT(RIGHT(RIGHT(Tableau4[[#This Row],[file name]],LEN(Tableau4[[#This Row],[file name]])-SEARCH("@",Tableau4[[#This Row],[file name]])),LEN(RIGHT(Tableau4[[#This Row],[file name]],LEN(Tableau4[[#This Row],[file name]])-SEARCH("@",Tableau4[[#This Row],[file name]])))-SEARCH("/",RIGHT(Tableau4[[#This Row],[file name]],LEN(Tableau4[[#This Row],[file name]])-SEARCH("@",Tableau4[[#This Row],[file name]])))),1) -> C | C76: C:\Users\andre\Desktop\REACTIV CEFAS\Dutasteride\Dutasteride/20201201_Cefas_Test8_Run1/Plate 1/@14/C9_03.tif | D76: 55199.4911 | E76: 42.2092 | G76: 2329929
A77: =IFERROR(LEFT(RIGHT(C77,LEN(C77)-SEARCH("@",C77)),SEARCH("/",RIGHT(C77,LEN(C77)-SEARCH("@",C77)-1))),"") -> 14 | B77: =LEFT(RIGHT(RIGHT(Tableau4[[#This Row],[file name]],LEN(Tableau4[[#This Row],[file name]])-SEARCH("@",Tableau4[[#This Row],[file name]])),LEN(RIGHT(Tableau4[[#This Row],[file name]],LEN(Tableau4[[#This Row],[file name]])-SEARCH("@",Tableau4[[#This Row],[file name]])))-SEARCH("/",RIGHT(Tableau4[[#This Row],[file name]],LEN(Tableau4[[#This Row],[file name]])-SEARCH("@",Tableau4[[#This Row],[file name]])))),1) -> D | C77: C:\Users\andre\Desktop\REACTIV CEFAS\Dutasteride\Dutasteride/20201201_Cefas_Test8_Run1/Plate 1/@14/D9_01.tif | D77: 65408.8014 | E77: 44.8185 | G77: 2931521
A78: =IFERROR(LEFT(RIGHT(C78,LEN(C78)-SEARCH("@",C78)),SEARCH("/",RIGHT(C78,LEN(C78)-SEARCH("@",C78)-1))),"") -> 14 | B78: =LEFT(RIGHT(RIGHT(Tableau4[[#This Row],[file name]],LEN(Tableau4[[#This Row],[file name]])-SEARCH("@",Tableau4[[#This Row],[file name]])),LEN(RIGHT(Tableau4[[#This Row],[file name]],LEN(Tableau4[[#This Row],[file name]])-SEARCH("@",Tableau4[[#This Row],[file name]])))-SEARCH("/",RIGHT(Tableau4[[#This Row],[file name]],LEN(Tableau4[[#This Row],[file name]])-SEARCH("@",Tableau4[[#This Row],[file name]])))),1) -> D | C78: C:\Users\andre\Desktop\REACTIV CEFAS\Dutasteride\Dutasteride/20201201_Cefas_Test8_Run1/Plate 1/@14/D9_02.tif | D78: 54853.4128 | E78: 42.1928 | G78: 2314420
A79: =IFERROR(LEFT(RIGHT(C79,LEN(C79)-SEARCH("@",C79)),SEARCH("/",RIGHT(C79,LEN(C79)-SEARCH("@",C79)-1))),"") -> 14 | B79: =LEFT(RIGHT(RIGHT(Tableau4[[#This Row],[file name]],LEN(Tableau4[[#This Row],[file name]])-SEARCH("@",Tableau4[[#This Row],[file name]])),LEN(RIGHT(Tableau4[[#This Row],[file name]],LEN(Tableau4[[#This Row],[file name]])-SEARCH("@",Tableau4[[#This Row],[file name]])))-SEARCH("/",RIGHT(Tableau4[[#This Row],[file name]],LEN(Tableau4[[#This Row],[file name]])-SEARCH("@",Tableau4[[#This Row],[file name]])))),1) -> D | C79: C:\Users\andre\Desktop\REACTIV CEFAS\Dutasteride\Dutasteride/20201201_Cefas_Test8_Run1/Plate 1/@14/D9_03.tif | D79: 59720.1391 | E79: 44.2912 | G79: 2645077
A80: =IFERROR(LEFT(RIGHT(C80,LEN(C80)-SEARCH("@",C80)),SEARCH("/",RIGHT(C80,LEN(C80)-SEARCH("@",C80)-1))),"") -> 14 | B80: =LEFT(RIGHT(RIGHT(Tableau4[[#This Row],[file name]],LEN(Tableau4[[#This Row],[file name]])-SEARCH("@",Tableau4[[#This Row],[file name]])),LEN(RIGHT(Tableau4[[#This Row],[file name]],LEN(Tableau4[[#This Row],[file name]])-SEARCH("@",Tableau4[[#This Row],[file name]])))-SEARCH("/",RIGHT(Tableau4[[#This Row],[file name]],LEN(Tableau4[[#This Row],[file name]])-SEARCH("@",Tableau4[[#This Row],[file name]])))),1) -> E | C80: C:\Users\andre\Desktop\REACTIV CEFAS\Dutasteride\Dutasteride/20201201_Cefas_Test8_Run1/Plate 1/@14/E9_01.tif | D80: 51500.7791 | E80: 46.0302 | G80: 2370593
A81: =IFERROR(LEFT(RIGHT(C81,LEN(C81)-SEARCH("@",C81)),SEARCH("/",RIGHT(C81,LEN(C81)-SEARCH("@",C81)-1))),"") -> 14 | B81: =LEFT(RIGHT(RIGHT(Tableau4[[#This Row],[file name]],LEN(Tableau4[[#This Row],[file name]])-SEARCH("@",Tableau4[[#This Row],[file name]])),LEN(RIGHT(Tableau4[[#This Row],[file name]],LEN(Tableau4[[#This Row],[file name]])-SEARCH("@",Tableau4[[#This Row],[file name]])))-SEARCH("/",RIGHT(Tableau4[[#This Row],[file name]],LEN(Tableau4[[#This Row],[file name]])-SEARCH("@",Tableau4[[#This Row],[file name]])))),1) -> E | C81: C:\Users\andre\Desktop\REACTIV CEFAS\Dutasteride\Dutasteride/20201201_Cefas_Test8_Run1/Plate 1/@14/E9_02- exclu.tif
A82: =IFERROR(LEFT(RIGHT(C82,LEN(C82)-SEARCH("@",C82)),SEARCH("/",RIGHT(C82,LEN(C82)-SEARCH("@",C82)-1))),"") -> 14 | B82: =LEFT(RIGHT(RIGHT(Tableau4[[#This Row],[file name]],LEN(Tableau4[[#This Row],[file name]])-SEARCH("@",Tableau4[[#This Row],[file name]])),LEN(RIGHT(Tableau4[[#This Row],[file name]],LEN(Tableau4[[#This Row],[file name]])-SEARCH("@",Tableau4[[#This Row],[file name]])))-SEARCH("/",RIGHT(Tableau4[[#This Row],[file name]],LEN(Tableau4[[#This Row],[file name]])-SEARCH("@",Tableau4[[#This Row],[file name]])))),1) -> E | C82: C:\Users\andre\Desktop\REACTIV CEFAS\Dutasteride\Dutasteride/20201201_Cefas_Test8_Run1/Plate 1/@14/E9_03.tif | D82: 43995.2057 | E82: 45.826 | G82: 2016122
A83: =IFERROR(LEFT(RIGHT(C83,LEN(C83)-SEARCH("@",C83)),SEARCH("/",RIGHT(C83,LEN(C83)-SEARCH("@",C83)-1))),"") -> 14 | B83: =LEFT(RIGHT(RIGHT(Tableau4[[#This Row],[file name]],LEN(Tableau4[[#This Row],[file name]])-SEARCH("@",Tableau4[[#This Row],[file name]])),LEN(RIGHT(Tableau4[[#This Row],[file name]],LEN(Tableau4[[#This Row],[file name]])-SEARCH("@",Tableau4[[#This Row],[file name]])))-SEARCH("/",RIGHT(Tableau4[[#This Row],[file name]],LEN(Tableau4[[#This Row],[file name]])-SEARCH("@",Tableau4[[#This Row],[file name]])))),1) -> F | C83: C:\Users\andre\Desktop\REACTIV CEFAS\Dutasteride\Dutasteride/20201201_Cefas_Test8_Run1/Plate 1/@14/F9_01.tif | D83: 36987.1198 | E83: 42.5357 | G83: 1573272
A84: =IFERROR(LEFT(RIGHT(C84,LEN(C84)-SEARCH("@",C84)),SEARCH("/",RIGHT(C84,LEN(C84)-SEARCH("@",C84)-1))),"") -> 14 | B84: =LEFT(RIGHT(RIGHT(Tableau4[[#This Row],[file name]],LEN(Tableau4[[#This Row],[file name]])-SEARCH("@",Tableau4[[#This Row],[file name]])),LEN(RIGHT(Tableau4[[#This Row],[file name]],LEN(Tableau4[[#This Row],[file name]])-SEARCH("@",Tableau4[[#This Row],[file name]])))-SEARCH("/",RIGHT(Tableau4[[#This Row],[file name]],LEN(Tableau4[[#This Row],[file name]])-SEARCH("@",Tableau4[[#This Row],[file name]])))),1) -> F | C84: C:\Users\andre\Desktop\REACTIV CEFAS\Dutasteride\Dutasteride/20201201_Cefas_Test8_Run1/Plate 1/@14/F9_02.tif | D84: 32012.2441 | E84: 43.7878 | G84: 1401747
A85: =IFERROR(LEFT(RIGHT(C85,LEN(C85)-SEARCH("@",C85)),SEARCH("/",RIGHT(C85,LEN(C85)-SEARCH("@",C85)-1))),"") -> 14 | B85: =LEFT(RIGHT(RIGHT(Tableau4[[#This Row],[file name]],LEN(Tableau4[[#This Row],[file name]])-SEARCH("@",Tableau4[[#This Row],[file name]])),LEN(RIGHT(Tableau4[[#This Row],[file name]],LEN(Tableau4[[#This Row],[file name]])-SEARCH("@",Tableau4[[#This Row],[file name]])))-SEARCH("/",RIGHT(Tableau4[[#This Row],[file name]],LEN(Tableau4[[#This Row],[file name]])-SEARCH("@",Tableau4[[#This Row],[file name]])))),1) -> F | C85: C:\Users\andre\Desktop\REACTIV CEFAS\Dutasteride\Dutasteride/20201201_Cefas_Test8_Run1/Plate 1/@14/F9_03.tif | D85: 30108.8133 | E85: 42.1803 | G85: 1269999
A86: =IFERROR(LEFT(RIGHT(C86,LEN(C86)-SEARCH("@",C86)),SEARCH("/",RIGHT(C86,LEN(C86)-SEARCH("@",C86)-1))),"") -> 14 | B86: =LEFT(RIGHT(RIGHT(Tableau4[[#This Row],[file name]],LEN(Tableau4[[#This Row],[file name]])-SEARCH("@",Tableau4[[#This Row],[file name]])),LEN(RIGHT(Tableau4[[#This Row],[file name]],LEN(Tableau4[[#This Row],[file name]])-SEARCH("@",Tableau4[[#This Row],[file name]])))-SEARCH("/",RIGHT(Tableau4[[#This Row],[file name]],LEN(Tableau4[[#This Row],[file name]])-SEARCH("@",Tableau4[[#This Row],[file name]])))),1) -> G | C86: C:\Users\andre\Desktop\REACTIV CEFAS\Dutasteride\Dutasteride/20201201_Cefas_Test8_Run1/Plate 1/@14/G9_01.tif | D86: 5818.4417 | E86: 37.8885 | G86: 220452
A87: =IFERROR(LEFT(RIGHT(C87,LEN(C87)-SEARCH("@",C87)),SEARCH("/",RIGHT(C87,LEN(C87)-SEARCH("@",C87)-1))),"") -> 14 | B87: =LEFT(RIGHT(RIGHT(Tableau4[[#This Row],[file name]],LEN(Tableau4[[#This Row],[file name]])-SEARCH("@",Tableau4[[#This Row],[file name]])),LEN(RIGHT(Tableau4[[#This Row],[file name]],LEN(Tableau4[[#This Row],[file name]])-SEARCH("@",Tableau4[[#This Row],[file name]])))-SEARCH("/",RIGHT(Tableau4[[#This Row],[file name]],LEN(Tableau4[[#This Row],[file name]])-SEARCH("@",Tableau4[[#This Row],[file name]])))),1) -> G | C87: C:\Users\andre\Desktop\REACTIV CEFAS\Dutasteride\Dutasteride/20201201_Cefas_Test8_Run1/Plate 1/@14/G9_02.tif | D87: 10274.1999 | E87: 43.7263 | G87: 449253
A88: =IFERROR(LEFT(RIGHT(C88,LEN(C88)-SEARCH("@",C88)),SEARCH("/",RIGHT(C88,LEN(C88)-SEARCH("@",C88)-1))),"") -> 14 | B88: =LEFT(RIGHT(RIGHT(Tableau4[[#This Row],[file name]],LEN(Tableau4[[#This Row],[file name]])-SEARCH("@",Tableau4[[#This Row],[file name]])),LEN(RIGHT(Tableau4[[#This Row],[file name]],LEN(Tableau4[[#This Row],[file name]])-SEARCH("@",Tableau4[[#This Row],[file name]])))-SEARCH("/",RIGHT(Tableau4[[#This Row],[file name]],LEN(Tableau4[[#This Row],[file name]])-SEARCH("@",Tableau4[[#This Row],[file name]])))),1) -> G | C88: C:\Users\andre\Desktop\REACTIV CEFAS\Dutasteride\Dutasteride/20201201_Cefas_Test8_Run1/Plate 1/@14/G9_03.tif | D88: 6488.9684 | E88: 40.9467 | G88: 265702
A89: =IFERROR(LEFT(RIGHT(C89,LEN(C89)-SEARCH("@",C89)),SEARCH("/",RIGHT(C89,LEN(C89)-SEARCH("@",C89)-1))),"") -> 14 | B89: =LEFT(RIGHT(RIGHT(Tableau4[[#This Row],[file name]],LEN(Tableau4[[#This Row],[file name]])-SEARCH("@",Tableau4[[#This Row],[file name]])),LEN(RIGHT(Tableau4[[#This Row],[file name]],LEN(Tableau4[[#This Row],[file name]])-SEARCH("@",Tableau4[[#This Row],[file name]])))-SEARCH("/",RIGHT(Tableau4[[#This Row],[file name]],LEN(Tableau4[[#This Row],[file name]])-SEARCH("@",Tableau4[[#This Row],[file name]])))),1) -> H | C89: C:\Users\andre\Desktop\REACTIV CEFAS\Dutasteride\Dutasteride/20201201_Cefas_Test8_Run1/Plate 1/@14/H9_01.tif | D89: 31147.0483 | E89: 35.1354 | G89: 1094365
A90: =IFERROR(LEFT(RIGHT(C90,LEN(C90)-SEARCH("@",C90)),SEARCH("/",RIGHT(C90,LEN(C90)-SEARCH("@",C90)-1))),"") -> 14 | B90: =LEFT(RIGHT(RIGHT(Tableau4[[#This Row],[file name]],LEN(Tableau4[[#This Row],[file name]])-SEARCH("@",Tableau4[[#This Row],[file name]])),LEN(RIGHT(Tableau4[[#This Row],[file name]],LEN(Tableau4[[#This Row],[file name]])-SEARCH("@",Tableau4[[#This Row],[file name]])))-SEARCH("/",RIGHT(Tableau4[[#This Row],[file name]],LEN(Tableau4[[#This Row],[file name]])-SEARCH("@",Tableau4[[#This Row],[file name]])))),1) -> H | C90: C:\Users\andre\Desktop\REACTIV CEFAS\Dutasteride\Dutasteride/20201201_Cefas_Test8_Run1/Plate 1/@14/H9_02.tif | D90: 35062.0592 | E90: 36.2918 | G90: 1272465
A91: =IFERROR(LEFT(RIGHT(C91,LEN(C91)-SEARCH("@",C91)),SEARCH("/",RIGHT(C91,LEN(C91)-SEARCH("@",C91)-1))),"") -> 14 | B91: =LEFT(RIGHT(RIGHT(Tableau4[[#This Row],[file name]],LEN(Tableau4[[#This Row],[file name]])-SEARCH("@",Tableau4[[#This Row],[file name]])),LEN(RIGHT(Tableau4[[#This Row],[file name]],LEN(Tableau4[[#This Row],[file name]])-SEARCH("@",Tableau4[[#This Row],[file name]])))-SEARCH("/",RIGHT(Tableau4[[#This Row],[file name]],LEN(Tableau4[[#This Row],[file name]])-SEARCH("@",Tableau4[[#This Row],[file name]])))),1) -> H | C91: C:\Users\andre\Desktop\REACTIV CEFAS\Dutasteride\Dutasteride/20201201_Cefas_Test8_Run1/Plate 1/@14/H9_03.tif | D91: 36143.5539 | E91: 35.2328 | G91: 1273438
A92: =IFERROR(LEFT(RIGHT(C92,LEN(C92)-SEARCH("@",C92)),SEARCH("/",RIGHT(C92,LEN(C92)-SEARCH("@",C92)-1))),"") | B92: =LEFT(RIGHT(RIGHT(Tableau4[[#This Row],[file name]],LEN(Tableau4[[#This Row],[file name]])-SEARCH("@",Tableau4[[#This Row],[file name]])),LEN(RIGHT(Tableau4[[#This Row],[file name]],LEN(Tableau4[[#This Row],[file name]])-SEARCH("@",Tableau4[[#This Row],[file name]])))-SEARCH("/",RIGHT(Tableau4[[#This Row],[file name]],LEN(Tableau4[[#This Row],[file name]])-SEARCH("@",Tableau4[[#This Row],[file name]])))),1) -> #VALUE!
A93: =IFERROR(LEFT(RIGHT(C93,LEN(C93)-SEARCH("@",C93)),SEARCH("/",RIGHT(C93,LEN(C93)-SEARCH("@",C93)-1))),"") | B93: =LEFT(RIGHT(RIGHT(Tableau4[[#This Row],[file name]],LEN(Tableau4[[#This Row],[file name]])-SEARCH("@",Tableau4[[#This Row],[file name]])),LEN(RIGHT(Tableau4[[#This Row],[file name]],LEN(Tableau4[[#This Row],[file name]])-SEARCH("@",Tableau4[[#This Row],[file name]])))-SEARCH("/",RIGHT(Tableau4[[#This Row],[file name]],LEN(Tableau4[[#This Row],[file name]])-SEARCH("@",Tableau4[[#This Row],[file name]])))),1) -> #VALUE! | C93: group | E93: mean of mean fluo | F93: SD mean fluo | G93: mean of total fluo | H93: SD total fluo | I93: n fluorescent | J93: n total
A94: =IFERROR(LEFT(RIGHT(C94,LEN(C94)-SEARCH("@",C94)),SEARCH("/",RIGHT(C94,LEN(C94)-SEARCH("@",C94)-1))),"") -> 14 | B94: =LEFT(RIGHT(RIGHT(Tableau4[[#This Row],[file name]],LEN(Tableau4[[#This Row],[file name]])-SEARCH("@",Tableau4[[#This Row],[file name]])),LEN(RIGHT(Tableau4[[#This Row],[file name]],LEN(Tableau4[[#This Row],[file name]])-SEARCH("@",Tableau4[[#This Row],[file name]])))-SEARCH("/",RIGHT(Tableau4[[#This Row],[file name]],LEN(Tableau4[[#This Row],[file name]])-SEARCH("@",Tableau4[[#This Row],[file name]])))),1) | C94: C:\Users\andre\Desktop\REACTIV CEFAS\Dutasteride\Dutasteride/20201201_Cefas_Test8_Run1/Plate 1/@14/ | E94: 42.6169 | F94: 3.6317 | G94: 1901017.12 | H94: 832858.493 | I94: 24 | J94: 24
A95: =IFERROR(LEFT(RIGHT(C95,LEN(C95)-SEARCH("@",C95)),SEARCH("/",RIGHT(C95,LEN(C95)-SEARCH("@",C95)-1))),"") | B95: =LEFT(RIGHT(RIGHT(Tableau4[[#This Row],[file name]],LEN(Tableau4[[#This Row],[file name]])-SEARCH("@",Tableau4[[#This Row],[file name]])),LEN(RIGHT(Tableau4[[#This Row],[file name]],LEN(Tableau4[[#This Row],[file name]])-SEARCH("@",Tableau4[[#This Row],[file name]])))-SEARCH("/",RIGHT(Tableau4[[#This Row],[file name]],LEN(Tableau4[[#This Row],[file name]])-SEARCH("@",Tableau4[[#This Row],[file name]])))),1) -> #VALUE!
A96: =IFERROR(LEFT(RIGHT(C96,LEN(C96)-SEARCH("@",C96)),SEARCH("/",RIGHT(C96,LEN(C96)-SEARCH("@",C96)-1))),"") | B96: =LEFT(RIGHT(RIGHT(Tableau4[[#This Row],[file name]],LEN(Tableau4[[#This Row],[file name]])-SEARCH("@",Tableau4[[#This Row],[file name]])),LEN(RIGHT(Tableau4[[#This Row],[file name]],LEN(Tableau4[[#This Row],[file name]])-SEARCH("@",Tableau4[[#This Row],[file name]])))-SEARCH("/",RIGHT(Tableau4[[#This Row],[file name]],LEN(Tableau4[[#This Row],[file name]])-SEARCH("@",Tableau4[[#This Row],[file name]])))),1) -> #VALUE!
A97: =IFERROR(LEFT(RIGHT(C97,LEN(C97)-SEARCH("@",C97)),SEARCH("/",RIGHT(C97,LEN(C97)-SEARCH("@",C97)-1))),"") | B97: =LEFT(RIGHT(RIGHT(Tableau4[[#This Row],[file name]],LEN(Tableau4[[#This Row],[file name]])-SEARCH("@",Tableau4[[#This Row],[file name]])),LEN(RIGHT(Tableau4[[#This Row],[file name]],LEN(Tableau4[[#This Row],[file name]])-SEARCH("@",Tableau4[[#This Row],[file name]])))-SEARCH("/",RIGHT(Tableau4[[#This Row],[file name]],LEN(Tableau4[[#This Row],[file name]])-SEARCH("@",Tableau4[[#This Row],[file name]])))),1) -> #VALUE!
A98: =IFERROR(LEFT(RIGHT(C98,LEN(C98)-SEARCH("@",C98)),SEARCH("/",RIGHT(C98,LEN(C98)-SEARCH("@",C98)-1))),"") | B98: =LEFT(RIGHT(RIGHT(Tableau4[[#This Row],[file name]],LEN(Tableau4[[#This Row],[file name]])-SEARCH("@",Tableau4[[#This Row],[file name]])),LEN(RIGHT(Tableau4[[#This Row],[file name]],LEN(Tableau4[[#This Row],[file name]])-SEARCH("@",Tableau4[[#This Row],[file name]])))-SEARCH("/",RIGHT(Tableau4[[#This Row],[file name]],LEN(Tableau4[[#This Row],[file name]])-SEARCH("@",Tableau4[[#This Row],[file name]])))),1) -> #VALUE!
A99: =IFERROR(LEFT(RIGHT(C99,LEN(C99)-SEARCH("@",C99)),SEARCH("/",RIGHT(C99,LEN(C99)-SEARCH("@",C99)-1))),"") | B99: =LEFT(RIGHT(RIGHT(Tableau4[[#This Row],[file name]],LEN(Tableau4[[#This Row],[file name]])-SEARCH("@",Tableau4[[#This Row],[file name]])),LEN(RIGHT(Tableau4[[#This Row],[file name]],LEN(Tableau4[[#This Row],[file name]])-SEARCH("@",Tableau4[[#This Row],[file name]])))-SEARCH("/",RIGHT(Tableau4[[#This Row],[file name]],LEN(Tableau4[[#This Row],[file name]])-SEARCH("@",Tableau4[[#This Row],[file name]])))),1) -> #VALUE!
A100: =IFERROR(LEFT(RIGHT(C100,LEN(C100)-SEARCH("@",C100)),SEARCH("/",RIGHT(C100,LEN(C100)-SEARCH("@",C100)-1))),"") | B100: =LEFT(RIGHT(RIGHT(Tableau4[[#This Row],[file name]],LEN(Tableau4[[#This Row],[file name]])-SEARCH("@",Tableau4[[#This Row],[file name]])),LEN(RIGHT(Tableau4[[#This Row],[file name]],LEN(Tableau4[[#This Row],[file name]])-SEARCH("@",Tableau4[[#This Row],[file name]])))-SEARCH("/",RIGHT(Tableau4[[#This Row],[file name]],LEN(Tableau4[[#This Row],[file name]])-SEARCH("@",Tableau4[[#This Row],[file name]])))),1) -> #VALUE! | C100: file name | D100: total area | E100: mean intensity | G100: total fluorescence
A101: =IFERROR(LEFT(RIGHT(C101,LEN(C101)-SEARCH("@",C101)),SEARCH("/",RIGHT(C101,LEN(C101)-SEARCH("@",C101)-1))),"") -> 15 | B101: =LEFT(RIGHT(RIGHT(Tableau4[[#This Row],[file name]],LEN(Tableau4[[#This Row],[file name]])-SEARCH("@",Tableau4[[#This Row],[file name]])),LEN(RIGHT(Tableau4[[#This Row],[file name]],LEN(Tableau4[[#This Row],[file name]])-SEARCH("@",Tableau4[[#This Row],[file name]])))-SEARCH("/",RIGHT(Tableau4[[#This Row],[file name]],LEN(Tableau4[[#This Row],[file name]])-SEARCH("@",Tableau4[[#This Row],[file name]])))),1) -> A | C101: C:\Users\andre\Desktop\REACTIV CEFAS\Dutasteride\Dutasteride/20201201_Cefas_Test8_Run1/Plate 1/@15/A11_01.tif | D101: 79403.3432 | E101: 51.1351 | G101: 4060299
A102: =IFERROR(LEFT(RIGHT(C102,LEN(C102)-SEARCH("@",C102)),SEARCH("/",RIGHT(C102,LEN(C102)-SEARCH("@",C102)-1))),"") -> 15 | B102: =LEFT(RIGHT(RIGHT(Tableau4[[#This Row],[file name]],LEN(Tableau4[[#This Row],[file name]])-SEARCH("@",Tableau4[[#This Row],[file name]])),LEN(RIGHT(Tableau4[[#This Row],[file name]],LEN(Tableau4[[#This Row],[file name]])-SEARCH("@",Tableau4[[#This Row],[file name]])))-SEARCH("/",RIGHT(Tableau4[[#This Row],[file name]],LEN(Tableau4[[#This Row],[file name]])-SEARCH("@",Tableau4[[#This Row],[file name]])))),1) -> A | C102: C:\Users\andre\Desktop\REACTIV CEFAS\Dutasteride\Dutasteride/20201201_Cefas_Test8_Run1/Plate 1/@15/A11_02.tif | D102: 73498.3819 | E102: 49.7969 | G102: 3659994
A103: =IFERROR(LEFT(RIGHT(C103,LEN(C103)-SEARCH("@",C103)),SEARCH("/",RIGHT(C103,LEN(C103)-SEARCH("@",C103)-1))),"") -> 15 | B103: =LEFT(RIGHT(RIGHT(Tableau4[[#This Row],[file name]],LEN(Tableau4[[#This Row],[file name]])-SEARCH("@",Tableau4[[#This Row],[file name]])),LEN(RIGHT(Tableau4[[#This Row],[file name]],LEN(Tableau4[[#This Row],[file name]])-SEARCH("@",Tableau4[[#This Row],[file name]])))-SEARCH("/",RIGHT(Tableau4[[#This Row],[file name]],LEN(Tableau4[[#This Row],[file name]])-SEARCH("@",Tableau4[[#This Row],[file name]])))),1) -> A | C103: C:\Users\andre\Desktop\REACTIV CEFAS\Dutasteride\Dutasteride/20201201_Cefas_Test8_Run1/Plate 1/@15/A11_03.tif | D103: 75055.7344 | E103: 53.9562 | G103: 4049722
A104: =IFERROR(LEFT(RIGHT(C104,LEN(C104)-SEARCH("@",C104)),SEARCH("/",RIGHT(C104,LEN(C104)-SEARCH("@",C104)-1))),"") -> 15 | B104: =LEFT(RIGHT(RIGHT(Tableau4[[#This Row],[file name]],LEN(Tableau4[[#This Row],[file name]])-SEARCH("@",Tableau4[[#This Row],[file name]])),LEN(RIGHT(Tableau4[[#This Row],[file name]],LEN(Tableau4[[#This Row],[file name]])-SEARCH("@",Tableau4[[#This Row],[file name]])))-SEARCH("/",RIGHT(Tableau4[[#This Row],[file name]],LEN(Tableau4[[#This Row],[file name]])-SEARCH("@",Tableau4[[#This Row],[file name]])))),1) -> B | C104: C:\Users\andre\Desktop\REACTIV CEFAS\Dutasteride\Dutasteride/20201201_Cefas_Test8_Run1/Plate 1/@15/B11_01.tif | D104: 72957.6346 | E104: 51.3694 | G104: 3747790
A105: =IFERROR(LEFT(RIGHT(C105,LEN(C105)-SEARCH("@",C105)),SEARCH("/",RIGHT(C105,LEN(C105)-SEARCH("@",C105)-1))),"") -> 15 | B105: =LEFT(RIGHT(RIGHT(Tableau4[[#This Row],[file name]],LEN(Tableau4[[#This Row],[file name]])-SEARCH("@",Tableau4[[#This Row],[file name]])),LEN(RIGHT(Tableau4[[#This Row],[file name]],LEN(Tableau4[[#This Row],[file name]])-SEARCH("@",Tableau4[[#This Row],[file name]])))-SEARCH("/",RIGHT(Tableau4[[#This Row],[file name]],LEN(Tableau4[[#This Row],[file name]])-SEARCH("@",Tableau4[[#This Row],[file name]])))),1) -> B | C105: C:\Users\andre\Desktop\REACTIV CEFAS\Dutasteride\Dutasteride/20201201_Cefas_Test8_Run1/Plate 1/@15/B11_02.tif | D105: 79057.2649 | E105: 51.3666 | G105: 4060905
A106: =IFERROR(LEFT(RIGHT(C106,LEN(C106)-SEARCH("@",C106)),SEARCH("/",RIGHT(C106,LEN(C106)-SEARCH("@",C106)-1))),"") -> 15 | B106: =LEFT(RIGHT(RIGHT(Tableau4[[#This Row],[file name]],LEN(Tableau4[[#This Row],[file name]])-SEARCH("@",Tableau4[[#This Row],[file name]])),LEN(RIGHT(Tableau4[[#This Row],[file name]],LEN(Tableau4[[#This Row],[file name]])-SEARCH("@",Tableau4[[#This Row],[file name]])))-SEARCH("/",RIGHT(Tableau4[[#This Row],[file name]],LEN(Tableau4[[#This Row],[file name]])-SEARCH("@",Tableau4[[#This Row],[file name]])))),1) -> B | C106: C:\Users\andre\Desktop\REACTIV CEFAS\Dutasteride\Dutasteride/20201201_Cefas_Test8_Run1/Plate 1/@15/B11_03.tif | D106: 75380.1828 | E106: 52.1392 | G106: 3930260
A107: =IFERROR(LEFT(RIGHT(C107,LEN(C107)-SEARCH("@",C107)),SEARCH("/",RIGHT(C107,LEN(C107)-SEARCH("@",C107)-1))),"") -> 15 | B107: =LEFT(RIGHT(RIGHT(Tableau4[[#This Row],[file name]],LEN(Tableau4[[#This Row],[file name]])-SEARCH("@",Tableau4[[#This Row],[file name]])),LEN(RIGHT(Tableau4[[#This Row],[file name]],LEN(Tableau4[[#This Row],[file name]])-SEARCH("@",Tableau4[[#This Row],[file name]])))-SEARCH("/",RIGHT(Tableau4[[#This Row],[file name]],LEN(Tableau4[[#This Row],[file name]])-SEARCH("@",Tableau4[[#This Row],[file name]])))),1) -> C | C107: C:\Users\andre\Desktop\REACTIV CEFAS\Dutasteride\Dutasteride/20201201_Cefas_Test8_Run1/Plate 1/@15/C11_01.tif | D107: 87730.8526 | E107: 49.747 | G107: 4364350
A108: =IFERROR(LEFT(RIGHT(C108,LEN(C108)-SEARCH("@",C108)),SEARCH("/",RIGHT(C108,LEN(C108)-SEARCH("@",C108)-1))),"") -> 15 | B108: =LEFT(RIGHT(RIGHT(Tableau4[[#This Row],[file name]],LEN(Tableau4[[#This Row],[file name]])-SEARCH("@",Tableau4[[#This Row],[file name]])),LEN(RIGHT(Tableau4[[#This Row],[file name]],LEN(Tableau4[[#This Row],[file name]])-SEARCH("@",Tableau4[[#This Row],[file name]])))-SEARCH("/",RIGHT(Tableau4[[#This Row],[file name]],LEN(Tableau4[[#This Row],[file name]])-SEARCH("@",Tableau4[[#This Row],[file name]])))),1) -> C | C108: C:\Users\andre\Desktop\REACTIV CEFAS\Dutasteride\Dutasteride/20201201_Cefas_Test8_Run1/Plate 1/@15/C11_02.tif | D108: 85849.0518 | E108: 48.5006 | G108: 4163733
...

Sheet R1
A1: 3. Expérimentateur 1 : copier et coller les valeurs des intensités totales de fluorescences obtenues dans le fichier raw data lors du traitement des images.
A3: R1 | B3: Non dopé | O3: avec testo
A4: Noms des groupes | B4: ='Page de garde'!A7 -> Témoin solvant | C4: ='Page de garde'!A9 -> EE2-33.8ng/L | D4: ='Page de garde'!A10 -> EE2-50.6ng/L | E4: ='Page de garde'!A11 -> EE2-76ng/L | F4: ='Page de garde'!A12 -> EE2-114ng/L | G4: ='Page de garde'!A13 -> EE2-170.9ng/L | H4: ='Page de garde'!A14 -> EE2-488ng/L | I4: ='Page de garde'!A15 -> DUS-10µg/L | J4: ='Page de garde'!A16 -> DUS-100µg/L | K4: ='Page de garde'!A17 -> DUS-250µg/L | L4: ='Page de garde'!A18 -> DUS-500µg/L | M4: ='Page de garde'!A19 -> DUS-1000µg/L | O4: ='Page de garde'!A36 -> Testo -30µg/L | P4: ='Page de garde'!A37 -> Testo 30µg/L + EE2 -64ng/L | Q4: ='Page de garde'!A38 -> Testo 30µg/L + FAD-10mg/L | R4: ='Page de garde'!A39 -> DUS-10µg/L + Testostérone | S4: ='Page de garde'!A40 -> DUS-100µg/L + Testostérone | T4: ='Page de garde'!A41 -> DUS-250µg/L + Testostérone | U4: ='Page de garde'!A42 -> DUS-500µg/L + Testostérone | V4: ='Page de garde'!A43 -> DUS-1000µg/L + Testostérone | W4: ='Page de garde'!A44 -> 0-00 + Testostérone | X4: ='Page de garde'!A45 -> 0-00 + Testostérone | Y4: ='Page de garde'!A46 -> 0-00 + Testostérone | Z4: ='Page de garde'!A47 -> 0-00 + Testostérone | AA4: ='Page de garde'!A48 -> 0-00 + Testostérone | AB4: ='Page de garde'!A49 -> 0-00 + Testostérone | AC4: ='Page de garde'!A50 -> 0-00 + Testostérone | AD4: ='Page de garde'!A51 -> 0-00 + Testostérone | AE4: ='Page de garde'!A52 -> 0-00 + Testostérone | AF4: ='Page de garde'!A53 -> 0-00 + Testostérone | AG4: ='Page de garde'!A54 -> 0-00 + Testostérone | AH4: ='Page de garde'!A55 -> 0-00 + Testostérone | AI4: ='Page de garde'!A56 -> 0-00 + Testostérone | AJ4: ='Page de garde'!A57 -> 0-00 + Testostérone | AK4: ='Page de garde'!A58 -> 0-00 + Testostérone
A5: Données brutes | C5: 94573.333 | D5: 187142 | E5: 280237 | F5: 853451 | G5: 2129117 | H5: 4171570.3 | I5: 319257.5 | J5: 300439.33 | K5: 295723.67 | L5: 69345.333 | M5: 185310.33 | O5: 724233.67 | P5: 3923338.3 | Q5: 59684.333 | R5: 1418171.3 | S5: 771704.33 | T5: 2543344 | U5: 2526313.7 | V5: 2702194
B6: 274743 | C6: 218368.33 | D6: 1344831.7 | E6: 411458 | F6: 2262696 | G6: 2429058.3 | H6: 3502579.3 | I6: 310706.33 | J6: 47838 | K6: 122829.33 | L6: 228282 | M6: 175692.67 | O6: 1986799.7 | P6: 3912985 | Q6: 94493.667 | R6: 634650 | S6: 3489089.3 | T6: 1960468.7 | U6: 2321407 | V6: 5145521.3
B7: 249731.67 | C7: 138229.67 | D7: 78826.667 | E7: 1014521.7 | F7: 999503.33 | G7: 3440083 | H7: 3891142.5 | I7: 181770.33 | J7: 216998.33 | K7: 487184.67 | L7: 4340.3333 | M7: 0 | O7: 3366073 | P7: 4483711.3 | Q7: 59223 | R7: 2875435 | S7: 57672.333 | T7: 3560280.7 | U7: 3770818.7 | V7: 2972200
B8: 145771 | C8: 171705.33 | D8: 191792.33 | E8: 696836 | F8: 3496688.7 | G8: 3562422 | H8: 3758107.7 | I8: 148193.67 | J8: 248297 | K8: 174877.33 | L8: 213112 | M8: 237993.67 | O8: 1698523.7 | P8: 2204854 | Q8: 178872 | R8: 375639 | S8: 3671826 | T8: 2135130.3 | U8: 116679 | V8: 1710759
B9: 23857.667 | C9: 260272.67 | D9: 56980.333 | E9: 799556.67 | F9: 1513725 | G9: 2736780 | H9: 4961775 | I9: 110225.67 | J9: 86570 | K9: 206082.33 | L9: 192390.67 | M9: 398524 | O9: 192722.33 | P9: 4702836.7 | Q9: 152707 | R9: 2025200 | S9: 3040341.3 | T9: 2964456.3 | U9: 1720110.3 | V9: 1520415.7
B10: 61155 | C10: 215109.33 | E10: 163067.67 | F10: 2032301.7 | G10: 4106169 | H10: 4917830.7 | I10: 24420 | J10: 8385 | K10: 185836.67 | L10: 75048.667 | M10: 155317 | O10: 1376382.3 | P10: 3265714 | Q10: 266372.33 | R10: 1039915 | S10: 2102757.7 | T10: 2015264.3 | U10: 56958.667 | V10: 3058344.7
B11: 440 | C11: 85568.333 | D11: 144509 | E11: 994283.33 | F11: 2373686.3 | G11: 3742541.7 | H11: 4126154.7 | I11: 310439.33 | J11: 230027 | K11: 441156 | L11: 220935 | M11: 223.66667 | O11: 1717795.7 | P11: 4801562.7 | Q11: 70946 | R11: 872564.33 | T11: 1812931 | V11: 2030044.7
B12: 189593.33 | C12: 202506 | D12: 61155 | E12: 74785.5 | F12: 2684284.7 | H12: 2066065.7 | I12: 242240.33 | J12: 342141.67 | K12: 97190.333 | L12: 195166.67 | M12: 264656.33 | P12: 2435663.3 | Q12: 137674.67 | R12: 1787422.3 | S12: 2478216.7 | T12: 3257743.3 | U12: 225167.33 | V12: 1462498
O13: 2719721.3
O14: 2314600.3
O15: 2557252
O16: 2630339.3
O17: 2193357.5
O18: 1415006
O19: 311802.33
O20: 1213422.7
A22: =A4 -> Noms des groupes | B22: =B4 -> Témoin solvant | C22: =C4 -> EE2-33.8ng/L | D22: =D4 -> EE2-50.6ng/L | E22: =E4 -> EE2-76ng/L | F22: =F4 -> EE2-114ng/L | G22: =G4 -> EE2-170.9ng/L | H22: =H4 -> EE2-488ng/L | ... M22: =M4 -> DUS-1000µg/L | N22: Nom des groupes | O22: =O4 -> Testo -30µg/L | P22: =P4 -> Testo 30µg/L + EE2 -64ng/L | Q22: =Q4 -> Testo 30µg/L + FAD-10mg/L | R22: =R4 -> DUS-10µg/L + Testostérone | S22: =S4 -> DUS-100µg/L + Testostérone | T22: =T4 -> DUS-250µg/L + Testostérone | U22: =U4 -> DUS-500µg/L + Testostérone | V22: =V4 -> DUS-1000µg/L + Testostérone | ... AK22: =AK4 -> 0-00 + Testostérone
A23: mean | B23: =AVERAGE(B5:B20) -> 135041.67 | C23: =AVERAGE(C5:C20) -> 173291.62 | D23: =AVERAGE(D5:D20) -> 295033.86 | E23: =AVERAGE(E5:E20) -> 554343.23 | F23: =AVERAGE(F5:F20) -> 2027042.1 | G23: =AVERAGE(G5:G20) -> 3163738.7 | H23: =AVERAGE(H5:H20) -> 3924403.2 | I23: =AVERAGE(I5:I20) -> 205906.65 | ... M23: =AVERAGE(M5:M20) -> 177214.71 | N23: mean | O23: =AVERAGE(O5:O20) -> 1761202.1 | P23: =AVERAGE(P5:P20) -> 3716333.2 | Q23: =AVERAGE(Q5:Q20) -> 127496.62 | R23: =AVERAGE(R5:R20) -> 1378624.6 | S23: =AVERAGE(S5:S20) -> 2230229.7 | T23: =AVERAGE(T5:T20) -> 2531202.3 | U23: =AVERAGE(U5:U20) -> 1533922.1 | V23: =AVERAGE(V5:V20) -> 2575247.2 | ... AK23: =AVERAGE(AK5:AK20) -> #DIV/0!
A24: SD | B24: =STDEV(B5:B20) -> 109316.05 | C24: =STDEV(C5:C20) -> 62476.983 | D24: =STDEV(D5:D20) -> 466395.22 | E24: =STDEV(E5:E20) -> 371169.56 | F24: =STDEV(F5:F20) -> 883515.53 | G24: =STDEV(G5:G20) -> 736092.54 | H24: =STDEV(H5:H20) -> 912214.56 | I24: =STDEV(I5:I20) -> 108288.12 | ... M24: =STDEV(M5:M20) -> 132878.12 | N24: SD | O24: =STDEV(O5:O20) -> 911724.11 | P24: =STDEV(P5:P20) -> 996353.83 | Q24: =STDEV(Q5:Q20) -> 71924.574 | R24: =STDEV(R5:R20) -> 824402.83 | S24: =STDEV(S5:S20) -> 1368956.8 | T24: =STDEV(T5:T20) -> 658942.46 | U24: =STDEV(U5:U20) -> 1446039.6 | V24: =STDEV(V5:V20) -> 1219417 | ... AK24: =STDEV(AK5:AK20) -> #DIV/0!
B26: Non dopé | O26: avec testo
A27: Noms des groupes | B27: =B4 -> Témoin solvant | C27: =C4 -> EE2-33.8ng/L | D27: =D4 -> EE2-50.6ng/L | E27: =E4 -> EE2-76ng/L | F27: =F4 -> EE2-114ng/L | G27: =G4 -> EE2-170.9ng/L | H27: =H4 -> EE2-488ng/L | I27: =I4 -> DUS-10µg/L | ... M27: =M4 -> DUS-1000µg/L | O27: =O4 -> Testo -30µg/L | P27: =P4 -> Testo 30µg/L + EE2 -64ng/L | Q27: =Q4 -> Testo 30µg/L + FAD-10mg/L | R27: =R4 -> DUS-10µg/L + Testostérone | S27: =S4 -> DUS-100µg/L + Testostérone | T27: =T4 -> DUS-250µg/L + Testostérone | U27: =U4 -> DUS-500µg/L + Testostérone | V27: =V4 -> DUS-1000µg/L + Testostérone | ... AK27: =AK4 -> 0-00 + Testostérone
A28: Données normalisées sur la moyenne du groupe "Testo" | B28: =IF(B5="","",(B5/$O$23)) | C28: =IF(C5="","",(C5/$O$23)) -> 0.053698171 | D28: =IF(D5="","",(D5/$O$23)) -> 0.1062581 | E28: =IF(E5="","",(E5/$O$23)) -> 0.15911689 | F28: =IF(F5="","",(F5/$O$23)) -> 0.48458436 | G28: =IF(G5="","",(G5/$O$23)) -> 1.2088999 | H28: =IF(H5="","",(H5/$O$23)) -> 2.3685926 | I28: =IF(I5="","",(I5/$O$23)) -> 0.18127249 | ... M28: =IF(M5="","",(M5/$O$23)) -> 0.1052181 | O28: =IF(O5="","",(O5/$O$23)) -> 0.41121553 | P28: =IF(P5="","",(P5/$O$23)) -> 2.227648 | Q28: =IF(Q5="","",(Q5/$O$23)) -> 0.033888406 | R28: =IF(R5="","",(R5/$O$23)) -> 0.80522918 | S28: =IF(S5="","",(S5/$O$23)) -> 0.43816909 | T28: =IF(T5="","",(T5/$O$23)) -> 1.4440955 | U28: =IF(U5="","",(U5/$O$23)) -> 1.4344257 | V28: =IF(V5="","",(V5/$O$23)) -> 1.5342895 | ... AK28: =IF(AK5="","",(AK5/$O$23))
B29: =IF(B6="","",(B6/$O$23)) -> 0.15599743 | C29: =IF(C6="","",(C6/$O$23)) -> 0.12398823 | D29: =IF(D6="","",(D6/$O$23)) -> 0.76358735 | E29: =IF(E6="","",(E6/$O$23)) -> 0.23362338 | F29: =IF(F6="","",(F6/$O$23)) -> 1.2847452 | G29: =IF(G6="","",(G6/$O$23)) -> 1.3792048 | H29: =IF(H6="","",(H6/$O$23)) -> 1.9887435 | I29: =IF(I6="","",(I6/$O$23)) -> 0.17641719 | ... M29: =IF(M6="","",(M6/$O$23)) -> 0.099757242 | O29: =IF(O6="","",(O6/$O$23)) -> 1.1280929 | P29: =IF(P6="","",(P6/$O$23)) -> 2.2217694 | Q29: =IF(Q6="","",(Q6/$O$23)) -> 0.053652937 | R29: =IF(R6="","",(R6/$O$23)) -> 0.36035046 | S29: =IF(S6="","",(S6/$O$23)) -> 1.981084 | T29: =IF(T6="","",(T6/$O$23)) -> 1.1131423 | U29: =IF(U6="","",(U6/$O$23)) -> 1.318081 | V29: =IF(V6="","",(V6/$O$23)) -> 2.9215961 | ... AK29: =IF(AK6="","",(AK6/$O$23))
B30: =IF(B7="","",(B7/$O$23)) -> 0.14179614 | C30: =IF(C7="","",(C7/$O$23)) -> 0.078485976 | D30: =IF(D7="","",(D7/$O$23)) -> 0.044757308 | E30: =IF(E7="","",(E7/$O$23)) -> 0.57603932 | F30: =IF(F7="","",(F7/$O$23)) -> 0.567512 | G30: =IF(G7="","",(G7/$O$23)) -> 1.9532585 | H30: =IF(H7="","",(H7/$O$23)) -> 2.2093674 | I30: =IF(I7="","",(I7/$O$23)) -> 0.1032081 | ... M30: =IF(M7="","",(M7/$O$23)) -> 0 | O30: =IF(O7="","",(O7/$O$23)) -> 1.9112361 | P30: =IF(P7="","",(P7/$O$23)) -> 2.5458244 | Q30: =IF(Q7="","",(Q7/$O$23)) -> 0.033626464 | R30: =IF(R7="","",(R7/$O$23)) -> 1.6326547 | S30: =IF(S7="","",(S7/$O$23)) -> 0.032746005 | T30: =IF(T7="","",(T7/$O$23)) -> 2.021506 | U30: =IF(U7="","",(U7/$O$23)) -> 2.1410482 | V30: =IF(V7="","",(V7/$O$23)) -> 1.6875973 | ... AK30: =IF(AK7="","",(AK7/$O$23))
B31: =IF(B8="","",(B8/$O$23)) -> 0.082767899 | C31: =IF(C8="","",(C8/$O$23)) -> 0.097493258 | D31: =IF(D8="","",(D8/$O$23)) -> 0.10889854 | E31: =IF(E8="","",(E8/$O$23)) -> 0.3956593 | F31: =IF(F8="","",(F8/$O$23)) -> 1.9853988 | G31: =IF(G8="","",(G8/$O$23)) -> 2.0227218 | H31: =IF(H8="","",(H8/$O$23)) -> 2.133831 | I31: =IF(I8="","",(I8/$O$23)) -> 0.084143475 | ... M31: =IF(M8="","",(M8/$O$23)) -> 0.13513138 | O31: =IF(O8="","",(O8/$O$23)) -> 0.96441155 | P31: =IF(P8="","",(P8/$O$23)) -> 1.2519029 | Q31: =IF(Q8="","",(Q8/$O$23)) -> 0.10156245 | R31: =IF(R8="","",(R8/$O$23)) -> 0.21328557 | S31: =IF(S8="","",(S8/$O$23)) -> 2.0848408 | T31: =IF(T8="","",(T8/$O$23)) -> 1.2123142 | U31: =IF(U8="","",(U8/$O$23)) -> 0.066249636 | V31: =IF(V8="","",(V8/$O$23)) -> 0.9713587 | ... AK31: =IF(AK8="","",(AK8/$O$23))
B32: =IF(B9="","",(B9/$O$23)) -> 0.01354624 | C32: =IF(C9="","",(C9/$O$23)) -> 0.14778126 | D32: =IF(D9="","",(D9/$O$23)) -> 0.032353091 | E32: =IF(E9="","",(E9/$O$23)) -> 0.45398348 | F32: =IF(F9="","",(F9/$O$23)) -> 0.85948397 | G32: =IF(G9="","",(G9/$O$23)) -> 1.5539273 | H32: =IF(H9="","",(H9/$O$23)) -> 2.8172661 | I32: =IF(I9="","",(I9/$O$23)) -> 0.062585472 | ... M32: =IF(M9="","",(M9/$O$23)) -> 0.22627954 | O32: =IF(O9="","",(O9/$O$23)) -> 0.10942658 | P32: =IF(P9="","",(P9/$O$23)) -> 2.6702424 | Q32: =IF(Q9="","",(Q9/$O$23)) -> 0.086706119 | R32: =IF(R9="","",(R9/$O$23)) -> 1.1498964 | S32: =IF(S9="","",(S9/$O$23)) -> 1.7262876 | T32: =IF(T9="","",(T9/$O$23)) -> 1.6832005 | U32: =IF(U9="","",(U9/$O$23)) -> 0.97666833 | V32: =IF(V9="","",(V9/$O$23)) -> 0.86328289 | ... AK32: =IF(AK9="","",(AK9/$O$23))
B33: =IF(B10="","",(B10/$O$23)) -> 0.034723442 | C33: =IF(C10="","",(C10/$O$23)) -> 0.12213779 | D33: =IF(D10="","",(D10/$O$23)) | E33: =IF(E10="","",(E10/$O$23)) -> 0.092588843 | F33: =IF(F10="","",(F10/$O$23)) -> 1.1539287 | G33: =IF(G10="","",(G10/$O$23)) -> 2.3314581 | H33: =IF(H10="","",(H10/$O$23)) -> 2.7923148 | I33: =IF(I10="","",(I10/$O$23)) -> 0.01386553 | ... M33: =IF(M10="","",(M10/$O$23)) -> 0.088188061 | O33: =IF(O10="","",(O10/$O$23)) -> 0.78150163 | P33: =IF(P10="","",(P10/$O$23)) -> 1.8542528 | Q33: =IF(Q10="","",(Q10/$O$23)) -> 0.15124461 | R33: =IF(R10="","",(R10/$O$23)) -> 0.5904575 | S33: =IF(S10="","",(S10/$O$23)) -> 1.1939332 | T33: =IF(T10="","",(T10/$O$23)) -> 1.144255 | U33: =IF(U10="","",(U10/$O$23)) -> 0.032340789 | V33: =IF(V10="","",(V10/$O$23)) -> 1.7365098 | ... AK33: =IF(AK10="","",(AK10/$O$23))
B34: =IF(B11="","",(B11/$O$23)) -> 0.00024982936 | C34: =IF(C11="","",(C11/$O$23)) -> 0.048585186 | D34: =IF(D11="","",(D11/$O$23)) -> 0.082051343 | E34: =IF(E11="","",(E11/$O$23)) -> 0.56454811 | F34: =IF(F11="","",(F11/$O$23)) -> 1.3477649 | G34: =IF(G11="","",(G11/$O$23)) -> 2.1249927 | H34: =IF(H11="","",(H11/$O$23)) -> 2.3428059 | I34: =IF(I11="","",(I11/$O$23)) -> 0.17626559 | ... M34: =IF(M11="","",(M11/$O$23)) -> 0.00012699659 | O34: =IF(O11="","",(O11/$O$23)) -> 0.97535407 | P34: =IF(P11="","",(P11/$O$23)) -> 2.7262985 | Q34: =IF(Q11="","",(Q11/$O$23)) -> 0.040282713 | R34: =IF(R11="","",(R11/$O$23)) -> 0.49543679 | S34: =IF(S11="","",(S11/$O$23)) | T34: =IF(T11="","",(T11/$O$23)) -> 1.0293713 | U34: =IF(U11="","",(U11/$O$23)) | V34: =IF(V11="","",(V11/$O$23)) -> 1.1526472 | ... AK34: =IF(AK11="","",(AK11/$O$23))
B35: =IF(B12="","",(B12/$O$23)) -> 0.10764996 | C35: =IF(C12="","",(C12/$O$23)) -> 0.11498169 | D35: =IF(D12="","",(D12/$O$23)) -> 0.034723442 | E35: =IF(E12="","",(E12/$O$23)) -> 0.042462758 | F35: =IF(F12="","",(F12/$O$23)) -> 1.5241207 | G35: =IF(G12="","",(G12/$O$23)) | H35: =IF(H12="","",(H12/$O$23)) -> 1.1730997 | I35: =IF(I12="","",(I12/$O$23)) -> 0.13754261 | ... M35: =IF(M12="","",(M12/$O$23)) -> 0.15027028 | O35: =IF(O12="","",(O12/$O$23)) | P35: =IF(P12="","",(P12/$O$23)) -> 1.382955 | Q35: =IF(Q12="","",(Q12/$O$23)) -> 0.07817085 | R35: =IF(R12="","",(R12/$O$23)) -> 1.0148877 | S35: =IF(S12="","",(S12/$O$23)) -> 1.4071166 | T35: =IF(T12="","",(T12/$O$23)) -> 1.8497271 | U35: =IF(U12="","",(U12/$O$23)) -> 0.12784866 | V35: =IF(V12="","",(V12/$O$23)) -> 0.83039759 | ... AK35: =IF(AK12="","",(AK12/$O$23))
B36: =IF(B13="","",(B13/$O$23)) | C36: =IF(C13="","",(C13/$O$23)) | D36: =IF(D13="","",(D13/$O$23)) | E36: =IF(E13="","",(E13/$O$23)) | F36: =IF(F13="","",(F13/$O$23)) | G36: =IF(G13="","",(G13/$O$23)) | H36: =IF(H13="","",(H13/$O$23)) | I36: =IF(I13="","",(I13/$O$23)) | ... M36: =IF(M13="","",(M13/$O$23)) | O36: =IF(O13="","",(O13/$O$23)) -> 1.5442415 | P36: =IF(P13="","",(P13/$O$23)) | Q36: =IF(Q13="","",(Q13/$O$23)) | R36: =IF(R13="","",(R13/$O$23)) | S36: =IF(S13="","",(S13/$O$23)) | T36: =IF(T13="","",(T13/$O$23)) | U36: =IF(U13="","",(U13/$O$23)) | V36: =IF(V13="","",(V13/$O$23)) | ... AK36: =IF(AK13="","",(AK13/$O$23))
B37: =IF(B14="","",(B14/$O$23)) | C37: =IF(C14="","",(C14/$O$23)) | D37: =IF(D14="","",(D14/$O$23)) | E37: =IF(E14="","",(E14/$O$23)) | F37: =IF(F14="","",(F14/$O$23)) | G37: =IF(G14="","",(G14/$O$23)) | H37: =IF(H14="","",(H14/$O$23)) | I37: =IF(I14="","",(I14/$O$23)) | ... M37: =IF(M14="","",(M14/$O$23)) | O37: =IF(O14="","",(O14/$O$23)) -> 1.3142162 | P37: =IF(P14="","",(P14/$O$23)) | Q37: =IF(Q14="","",(Q14/$O$23)) | R37: =IF(R14="","",(R14/$O$23)) | S37: =IF(S14="","",(S14/$O$23)) | T37: =IF(T14="","",(T14/$O$23)) | U37: =IF(U14="","",(U14/$O$23)) | V37: =IF(V14="","",(V14/$O$23)) | ... AK37: =IF(AK14="","",(AK14/$O$23))
B38: =IF(B15="","",(B15/$O$23)) | C38: =IF(C15="","",(C15/$O$23)) | D38: =IF(D15="","",(D15/$O$23)) | E38: =IF(E15="","",(E15/$O$23)) | F38: =IF(F15="","",(F15/$O$23)) | G38: =IF(G15="","",(G15/$O$23)) | H38: =IF(H15="","",(H15/$O$23)) | I38: =IF(I15="","",(I15/$O$23)) | ... M38: =IF(M15="","",(M15/$O$23)) | O38: =IF(O15="","",(O15/$O$23)) -> 1.4519923 | P38: =IF(P15="","",(P15/$O$23)) | Q38: =IF(Q15="","",(Q15/$O$23)) | R38: =IF(R15="","",(R15/$O$23)) | S38: =IF(S15="","",(S15/$O$23)) | T38: =IF(T15="","",(T15/$O$23)) | U38: =IF(U15="","",(U15/$O$23)) | V38: =IF(V15="","",(V15/$O$23)) | ... AK38: =IF(AK15="","",(AK15/$O$23))
B39: =IF(B16="","",(B16/$O$23)) | C39: =IF(C16="","",(C16/$O$23)) | D39: =IF(D16="","",(D16/$O$23)) | E39: =IF(E16="","",(E16/$O$23)) | F39: =IF(F16="","",(F16/$O$23)) | G39: =IF(G16="","",(G16/$O$23)) | H39: =IF(H16="","",(H16/$O$23)) | I39: =IF(I16="","",(I16/$O$23)) | ... M39: =IF(M16="","",(M16/$O$23)) | O39: =IF(O16="","",(O16/$O$23)) -> 1.4934909 | P39: =IF(P16="","",(P16/$O$23)) | Q39: =IF(Q16="","",(Q16/$O$23)) | R39: =IF(R16="","",(R16/$O$23)) | S39: =IF(S16="","",(S16/$O$23)) | T39: =IF(T16="","",(T16/$O$23)) | U39: =IF(U16="","",(U16/$O$23)) | V39: =IF(V16="","",(V16/$O$23)) | ... AK39: =IF(AK16="","",(AK16/$O$23))
B40: =IF(B17="","",(B17/$O$23)) | C40: =IF(C17="","",(C17/$O$23)) | D40: =IF(D17="","",(D17/$O$23)) | E40: =IF(E17="","",(E17/$O$23)) | F40: =IF(F17="","",(F17/$O$23)) | G40: =IF(G17="","",(G17/$O$23)) | H40: =IF(H17="","",(H17/$O$23)) | I40: =IF(I17="","",(I17/$O$23)) | ... M40: =IF(M17="","",(M17/$O$23)) | O40: =IF(O17="","",(O17/$O$23)) -> 1.2453752 | P40: =IF(P17="","",(P17/$O$23)) | Q40: =IF(Q17="","",(Q17/$O$23)) | R40: =IF(R17="","",(R17/$O$23)) | S40: =IF(S17="","",(S17/$O$23)) | T40: =IF(T17="","",(T17/$O$23)) | U40: =IF(U17="","",(U17/$O$23)) | V40: =IF(V17="","",(V17/$O$23)) | ... AK40: =IF(AK17="","",(AK17/$O$23))
... B43: =IF(B20="","",(B20/$O$23)) | C43: =IF(C20="","",(C20/$O$23)) | D43: =IF(D20="","",(D20/$O$23)) | E43: =IF(E20="","",(E20/$O$23)) | F43: =IF(F20="","",(F20/$O$23)) | G43: =IF(G20="","",(G20/$O$23)) | H43: =IF(H20="","",(H20/$O$23)) | I43: =IF(I20="","",(I20/$O$23)) | ... M43: =IF(M20="","",(M20/$O$23)) | O43: =IF(O20="","",(O20/$O$23)) -> 0.68897411 | P43: =IF(P20="","",(P20/$O$23)) | Q43: =IF(Q20="","",(Q20/$O$23)) | R43: =IF(R20="","",(R20/$O$23)) | S43: =IF(S20="","",(S20/$O$23)) | T43: =IF(T20="","",(T20/$O$23)) | U43: =IF(U20="","",(U20/$O$23)) | V43: =IF(V20="","",(V20/$O$23)) | ... AK43: =IF(AK20="","",(AK20/$O$23))
A45: =A4 -> Noms des groupes | B45: =B4 -> Témoin solvant | C45: =C4 -> EE2-33.8ng/L | D45: =D4 -> EE2-50.6ng/L | E45: =E4 -> EE2-76ng/L | F45: =F4 -> EE2-114ng/L | G45: =G4 -> EE2-170.9ng/L | H45: =H4 -> EE2-488ng/L | ... M45: =M4 -> DUS-1000µg/L | N45: =N22 -> Nom des groupes | O45: =O4 -> Testo -30µg/L | P45: =P4 -> Testo 30µg/L + EE2 -64ng/L | Q45: =Q4 -> Testo 30µg/L + FAD-10mg/L | R45: =R4 -> DUS-10µg/L + Testostérone | S45: =S4 -> DUS-100µg/L + Testostérone | T45: =T4 -> DUS-250µg/L + Testostérone | U45: =U4 -> DUS-500µg/L + Testostérone | V45: =V4 -> DUS-1000µg/L + Testostérone | ... AK45: =AK4 -> 0-00 + Testostérone
A46: mean | B46: =AVERAGE(B28:B43) -> 0.076675848 | C46: =AVERAGE(C28:C43) -> 0.098393945 | D46: =AVERAGE(D28:D43) -> 0.16751845 | E46: =AVERAGE(E28:E43) -> 0.31475276 | F46: =AVERAGE(F28:F43) -> 1.1509423 | G46: =AVERAGE(G28:G43) -> 1.7963519 | H46: =AVERAGE(H28:H43) -> 2.2282526 | I46: =AVERAGE(I28:I43) -> 0.11691256 | ... M46: =AVERAGE(M28:M43) -> 0.10062145 | N46: mean | O46: =AVERAGE(O28:O43) -> 1 | P46: =AVERAGE(P28:P43) -> 2.1101117 | Q46: =AVERAGE(Q28:Q43) -> 0.072391819 | R46: =AVERAGE(R28:R43) -> 0.78277479 | S46: =AVERAGE(S28:S43) -> 1.266311 | T46: =AVERAGE(T28:T43) -> 1.4372015 | U46: =AVERAGE(U28:U43) -> 0.87095176 | V46: =AVERAGE(V28:V43) -> 1.4622099 | ... AK46: =AVERAGE(AK28:AK43) -> #DIV/0!
A47: SD | B47: =STDEV(B28:B43) -> 0.062068997 | C47: =STDEV(C28:C43) -> 0.035474056 | D47: =STDEV(D28:D43) -> 0.26481641 | E47: =STDEV(E28:E43) -> 0.21074785 | F47: =STDEV(F28:F43) -> 0.50165482 | G47: =STDEV(G28:G43) -> 0.41794893 | H47: =STDEV(H28:H43) -> 0.51794996 | I47: =STDEV(I28:I43) -> 0.061485343 | ... M47: =STDEV(M28:M43) -> 0.075447401 | N47: SD | O47: =STDEV(O28:O43) -> 0.51767148 | P47: =STDEV(P28:P43) -> 0.56572373 | Q47: =STDEV(Q28:Q43) -> 0.040838342 | R47: =STDEV(R28:R43) -> 0.46809098 | S47: =STDEV(S28:S43) -> 0.77728547 | T47: =STDEV(T28:T43) -> 0.37414358 | U47: =STDEV(U28:U43) -> 0.82105263 | V47: =STDEV(V28:V43) -> 0.69237768 | ... AK47: =STDEV(AK28:AK43) -> #DIV/0!
A48: SEM | B48: =B47/SQRT(COUNT(B28:B43)) -> 0.023459876 | C48: =C47/SQRT(COUNT(C28:C43)) -> 0.012541973 | D48: =D47/SQRT(COUNT(D28:D43)) -> 0.10009119 | E48: =E47/SQRT(COUNT(E28:E43)) -> 0.074510617 | F48: =F47/SQRT(COUNT(F28:F43)) -> 0.17736176 | G48: =G47/SQRT(COUNT(G28:G43)) -> 0.15796985 | H48: =H47/SQRT(COUNT(H28:H43)) -> 0.18312296 | I48: =I47/SQRT(COUNT(I28:I43)) -> 0.021738351 | ... M48: =M47/SQRT(COUNT(M28:M43)) -> 0.026674685 | N48: SEM | O48: =O47/SQRT(COUNT(O28:O43)) -> 0.1336622 | P48: =P47/SQRT(COUNT(P28:P43)) -> 0.20001354 | Q48: =Q47/SQRT(COUNT(Q28:Q43)) -> 0.014438534 | R48: =R47/SQRT(COUNT(R28:R43)) -> 0.16549515 | S48: =S47/SQRT(COUNT(S28:S43)) -> 0.29378629 | T48: =T47/SQRT(COUNT(T28:T43)) -> 0.13227973 | U48: =U47/SQRT(COUNT(U28:U43)) -> 0.31032873 | V48: =V47/SQRT(COUNT(V28:V43)) -> 0.24479247 | ... AK48: =AK47/SQRT(COUNT(AK28:AK43)) -> #DIV/0!
A50: 4. Expérimentateur 1 : réaliser les tests statistiques avec les données normalisées et renseigner les résultats ainsi que le test statistique utilisé dans le tableau violet.
A52: =A27 -> Noms des groupes | B52: =B27 -> Témoin solvant | C52: =C27 -> EE2-33.8ng/L | D52: =D27 -> EE2-50.6ng/L | E52: =E27 -> EE2-76ng/L | F52: =F27 -> EE2-114ng/L | G52: =G27 -> EE2-170.9ng/L | H52: =H27 -> EE2-488ng/L | I52: =I4 -> DUS-10µg/L | J52: =J4 -> DUS-100µg/L | K52: =K27 -> DUS-250µg/L | L52: =L27 -> DUS-500µg/L | M52: =M27 -> DUS-1000µg/L | O52: =O27 -> Testo -30µg/L | P52: =P27 -> Testo 30µg/L + EE2 -64ng/L | Q52: =Q27 -> Testo 30µg/L + FAD-10mg/L | R52: =R27 -> DUS-10µg/L + Testostérone | S52: =S27 -> DUS-100µg/L + Testostérone | T52: =T27 -> DUS-250µg/L + Testostérone | U52: =U27 -> DUS-500µg/L + Testostérone | V52: =V27 -> DUS-1000µg/L + Testostérone | ... AK52: =AK27 -> 0-00 + Testostérone
A53: Mean | B53: =B46 -> 0.076675848 | C53: =C46 -> 0.098393945 | D53: =D46 -> 0.16751845 | E53: =E46 -> 0.31475276 | F53: =F46 -> 1.1509423 | G53: =G46 -> 1.7963519 | H53: =H46 -> 2.2282526 | I53: =I46 -> 0.11691256 | ... M53: =M46 -> 0.10062145 | O53: =O46 -> 1 | P53: =P46 -> 2.1101117 | Q53: =Q46 -> 0.072391819 | R53: =R46 -> 0.78277479 | S53: =S46 -> 1.266311 | T53: =T46 -> 1.4372015 | U53: =U46 -> 0.87095176 | V53: =V46 -> 1.4622099 | ... AK53: =AK46 -> #DIV/0!
A54: SEM | B54: =B48 -> 0.023459876 | C54: =C48 -> 0.012541973 | D54: =D48 -> 0.10009119 | E54: =E48 -> 0.074510617 | F54: =F48 -> 0.17736176 | G54: =G48 -> 0.15796985 | H54: =H48 -> 0.18312296 | I54: =I48 -> 0.021738351 | ... M54: =M48 -> 0.026674685 | O54: =O48 -> 0.1336622 | P54: =P48 -> 0.20001354 | Q54: =Q48 -> 0.014438534 | R54: =R48 -> 0.16549515 | S54: =S48 -> 0.29378629 | T54: =T48 -> 0.13227973 | U54: =U48 -> 0.31032873 | V54: =V48 -> 0.24479247 | ... AK54: =AK48 -> #DIV/0!
A55: % induction | B55: =(B53*100/$B$53)-100 -> 0 | C55: =(C53*100/$B$53)-100 -> 28.32456 | D55: =(D53*100/$B$53)-100 -> 118.47617 | E55: =(E53*100/$B$53)-100 -> 310.49792 | F55: =(F53*100/$B$53)-100 -> 1401.0494 | G55: =(G53*100/$B$53)-100 -> 2242.7871 | H55: =(H53*100/$B$53)-100 -> 2806.0684 | I55: =(I53*100/$B$53)-100 -> 52.476381 | ... M55: =(M53*100/$B$53)-100 -> 31.229651 | O55: =(O53*100/$O$53)-100 -> 0 | P55: =(P53*100/$O$53)-100 -> 111.01117 | Q55: =(Q53*100/$O$53)-100 -> -92.760818 | R55: =(R53*100/$O$53)-100 -> -21.722521 | S55: =(S53*100/$O$53)-100 -> 26.631103 | T55: =(T53*100/$O$53)-100 -> 43.72015 | U55: =(U53*100/$O$53)-100 -> -12.904824 | V55: =(V53*100/$O$53)-100 -> 46.220989 | ... AK55: =(AK53*100/$O$53)-100 -> #DIV/0!
A56: Test de normalité : valeur du p | B56: =[1]!SWTEST(B28:B43) -> #NAME? | C56: =[1]!SWTEST(C28:C43) -> #NAME? | D56: =[1]!SWTEST(D28:D43) -> #NAME? | E56: =[1]!SWTEST(E28:E43) -> #NAME? | F56: =[1]!SWTEST(F28:F43) -> #NAME? | G56: =[1]!SWTEST(G28:G43) -> #NAME? | H56: =[1]!SWTEST(H28:H43) -> #NAME? | I56: =[1]!SWTEST(I28:I43) -> #NAME? | ... M56: =[1]!SWTEST(M28:M43) -> #NAME? | O56: =[1]!SWTEST(O28:O43) -> #NAME? | P56: =[1]!SWTEST(P28:P43) -> #NAME? | Q56: =[1]!SWTEST(Q28:Q43) -> #NAME? | R56: =[1]!SWTEST(R28:R43) -> #NAME? | S56: =[1]!SWTEST(S28:S43) -> #NAME? | T56: =[1]!SWTEST(T28:T43) -> #NAME? | U56: =[1]!SWTEST(U28:U43) -> #NAME? | V56: =[1]!SWTEST(V28:V43) -> #NAME? | ... AK56: =[1]!SWTEST(AK28:AK43) -> #NAME?
A57: Test de normalité : résultat normal? | B57: =IF(B56>0.05,"Oui","Non") -> #NAME? | C57: =IF(C56>0.05,"Oui","Non") -> #NAME? | D57: =IF(D56>0.05,"Oui","Non") -> #NAME? | E57: =IF(E56>0.05,"Oui","Non") -> #NAME? | F57: =IF(F56>0.05,"Oui","Non") -> #NAME? | G57: =IF(G56>0.05,"Oui","Non") -> #NAME? | H57: =IF(H56>0.05,"Oui","Non") -> #NAME? | I57: =IF(I56>0.05,"Oui","Non") -> #NAME? | ... M57: =IF(M56>0.05,"Oui","Non") -> #NAME? | O57: =IF(O56>0.05,"Oui","Non") -> #NAME? | P57: =IF(P56>0.05,"Oui","Non") -> #NAME? | Q57: =IF(Q56>0.05,"Oui","Non") -> #NAME? | R57: =IF(R56>0.05,"Oui","Non") -> #NAME? | S57: =IF(S56>0.05,"Oui","Non") -> #NAME? | T57: =IF(T56>0.05,"Oui","Non") -> #NAME? | U57: =IF(U56>0.05,"Oui","Non") -> #NAME? | V57: =IF(V56>0.05,"Oui","Non") -> #NAME? | ... AK57: =IF(AK56>0.05,"Oui","Non") -> #NAME?
A59: Test statistique utilisé | C59: =IF($B57="Non",IF(C$57="Non","Mann Withney",IF(C$57="Oui","Mann Withney","")),IF($B$57="Oui",IF(C$57="Oui","T-Test Welch",IF(C$57="Non","Mann Withney","")))) -> #NAME? | D59: =IF($B57="Non",IF(D$57="Non","Mann Withney",IF(D$57="Oui","Mann Withney","")),IF($B$57="Oui",IF(D$57="Oui","T-Test Welch",IF(D$57="Non","Mann Withney","")))) -> #NAME? | E59: =IF($B57="Non",IF(E$57="Non","Mann Withney",IF(E$57="Oui","Mann Withney","")),IF($B$57="Oui",IF(E$57="Oui","T-Test Welch",IF(E$57="Non","Mann Withney","")))) -> #NAME? | F59: =IF($B57="Non",IF(F$57="Non","Mann Withney",IF(F$57="Oui","Mann Withney","")),IF($B$57="Oui",IF(F$57="Oui","T-Test Welch",IF(F$57="Non","Mann Withney","")))) -> #NAME? | G59: =IF($B57="Non",IF(G$57="Non","Mann Withney",IF(G$57="Oui","Mann Withney","")),IF($B$57="Oui",IF(G$57="Oui","T-Test Welch",IF(G$57="Non","Mann Withney","")))) -> #NAME? | H59: =IF($B57="Non",IF(H$57="Non","Mann Withney",IF(H$57="Oui","Mann Withney","")),IF($B$57="Oui",IF(H$57="Oui","T-Test Welch",IF(H$57="Non","Mann Withney","")))) -> #NAME? | I59: =IF($B57="Non",IF(I$57="Non","Mann Withney",IF(I$57="Oui","Mann Withney","")),IF($B$57="Oui",IF(I$57="Oui","T-Test Welch",IF(I$57="Non","Mann Withney","")))) -> #NAME? | J59: =IF($B57="Non",IF(J$57="Non","Mann Withney",IF(J$57="Oui","Mann Withney","")),IF($B$57="Oui",IF(J$57="Oui","T-Test Welch",IF(J$57="Non","Mann Withney","")))) -> #NAME? | ... M59: =IF($B57="Non",IF(M$57="Non","Mann Withney",IF(M$57="Oui","Mann Withney","")),IF($B$57="Oui",IF(M$57="Oui","T-Test Welch",IF(M$57="Non","Mann Withney","")))) -> #NAME? | O59: =IF($B57="Non",IF(O$57="Non","Mann Withney",IF(O$57="Oui","Mann Withney","")),IF($B$57="Oui",IF(O$57="Oui","T-Test Welch",IF(O$57="Non","Mann Withney","")))) -> #NAME? | P59: =IF($O57="Non",IF(P$57="Non","Mann Withney",IF(P$57="Oui","Mann Withney","")),IF($O$57="Oui",IF(P$57="Oui","T-Test Welch",IF(P$57="Non","Mann Withney","")))) -> #NAME? | Q59: =IF($O57="Non",IF(Q$57="Non","Mann Withney",IF(Q$57="Oui","Mann Withney","")),IF($O$57="Oui",IF(Q$57="Oui","T-Test Welch",IF(Q$57="Non","Mann Withney","")))) -> #NAME? | R59: =IF($O57="Non",IF(R$57="Non","Mann Withney",IF(R$57="Oui","Mann Withney","")),IF($O$57="Oui",IF(R$57="Oui","T-Test Welch",IF(R$57="Non","Mann Withney","")))) -> #NAME? | S59: =IF($O57="Non",IF(S$57="Non","Mann Withney",IF(S$57="Oui","Mann Withney","")),IF($O$57="Oui",IF(S$57="Oui","T-Test Welch",IF(S$57="Non","Mann Withney","")))) -> #NAME? | T59: =IF($O57="Non",IF(T$57="Non","Mann Withney",IF(T$57="Oui","Mann Withney","")),IF($O$57="Oui",IF(T$57="Oui","T-Test Welch",IF(T$57="Non","Mann Withney","")))) -> #NAME? | U59: =IF($O57="Non",IF(U$57="Non","Mann Withney",IF(U$57="Oui","Mann Withney","")),IF($O$57="Oui",IF(U$57="Oui","T-Test Welch",IF(U$57="Non","Mann Withney","")))) -> #NAME? | V59: =IF($O57="Non",IF(V$57="Non","Mann Withney",IF(V$57="Oui","Mann Withney","")),IF($O$57="Oui",IF(V$57="Oui","T-Test Welch",IF(V$57="Non","Mann Withney","")))) -> #NAME? | W59: =IF($O57="Non",IF(W$57="Non","Mann Withney",IF(W$57="Oui","Mann Withney","")),IF($O$57="Oui",IF(W$57="Oui","T-Test Welch",IF(W$57="Non","Mann Withney","")))) -> #NAME? | ... AK59: =IF($O57="Non",IF(AK$57="Non","Mann Withney",IF(AK$57="Oui","Mann Withney","")),IF($O$57="Oui",IF(AK$57="Oui","T-Test Welch",IF(AK$57="Non","Mann Withney","")))) -> #NAME?
A60: Test statistique : valeur du p | C60: =IF(C59="Mann Withney",[1]!MTEST($B28:$B43,C28:C43,2), IF(C59="T-Test Welch",_xlfn.T.TEST($B28:$B43,C28:C43,2,3),"")) -> #NAME? | D60: =IF(D59="Mann Withney",[1]!MTEST($B28:$B43,D28:D43,2), IF(D59="T-Test Welch",_xlfn.T.TEST($B28:$B43,D28:D43,2,3),"")) -> #NAME? | E60: =IF(E59="Mann Withney",[1]!MTEST($B28:$B43,E28:E43,2), IF(E59="T-Test Welch",_xlfn.T.TEST($B28:$B43,E28:E43,2,3),"")) -> #NAME? | F60: =IF(F59="Mann Withney",[1]!MTEST($B28:$B43,F28:F43,2), IF(F59="T-Test Welch",_xlfn.T.TEST($B28:$B43,F28:F43,2,3),"")) -> #NAME? | G60: =IF(G59="Mann Withney",[1]!MTEST($B28:$B43,G28:G43,2), IF(G59="T-Test Welch",_xlfn.T.TEST($B28:$B43,G28:G43,2,3),"")) -> #NAME? | H60: =IF(H59="Mann Withney",[1]!MTEST($B28:$B43,H28:H43,2), IF(H59="T-Test Welch",_xlfn.T.TEST($B28:$B43,H28:H43,2,3),"")) -> #NAME? | I60: =IF(I59="Mann Withney",[1]!MTEST($B28:$B43,I28:I43,2), IF(I59="T-Test Welch",_xlfn.T.TEST($B28:$B43,I28:I43,2,3),"")) -> #NAME? | J60: =IF(J59="Mann Withney",[1]!MTEST($B28:$B43,J28:J43,2), IF(J59="T-Test Welch",_xlfn.T.TEST($B28:$B43,J28:J43,2,3),"")) -> #NAME? | ... M60: =IF(M59="Mann Withney",[1]!MTEST($B28:$B43,M28:M43,2), IF(M59="T-Test Welch",_xlfn.T.TEST($B28:$B43,M28:M43,2,3),"")) -> #NAME? | O60: =IF(O59="Mann Withney",[1]!MTEST($B28:$B43,O28:O43,2), IF(O59="T-Test Welch",_xlfn.T.TEST($B28:$B43,O28:O43,2,3),"")) -> #NAME? | P60: =IF(P59="Mann Withney",[1]!MTEST($O28:$O43,P28:P43,2), IF(P59="T-Test Welch",_xlfn.T.TEST($O28:$O43,P28:P43,2,3),"")) -> #NAME? | Q60: =IF(Q59="Mann Withney",[1]!MTEST($O28:$O43,Q28:Q43,2), IF(Q59="T-Test Welch",_xlfn.T.TEST($O28:$O43,Q28:Q43,2,3),"")) -> #NAME? | R60: =IF(R59="Mann Withney",[1]!MTEST($O28:$O43,R28:R43,2), IF(R59="T-Test Welch",_xlfn.T.TEST($O28:$O43,R28:R43,2,3),"")) -> #NAME? | S60: =IF(S59="Mann Withney",[1]!MTEST($O28:$O43,S28:S43,2), IF(S59="T-Test Welch",_xlfn.T.TEST($O28:$O43,S28:S43,2,3),"")) -> #NAME? | T60: =IF(T59="Mann Withney",[1]!MTEST($O28:$O43,T28:T43,2), IF(T59="T-Test Welch",_xlfn.T.TEST($O28:$O43,T28:T43,2,3),"")) -> #NAME? | U60: =IF(U59="Mann Withney",[1]!MTEST($O28:$O43,U28:U43,2), IF(U59="T-Test Welch",_xlfn.T.TEST($O28:$O43,U28:U43,2,3),"")) -> #NAME? | V60: =IF(V59="Mann Withney",[1]!MTEST($O28:$O43,V28:V43,2), IF(V59="T-Test Welch",_xlfn.T.TEST($O28:$O43,V28:V43,2,3),"")) -> #NAME? | W60: =IF(W59="Mann Withney",[1]!MTEST($O28:$O43,W28:W43,2), IF(W59="T-Test Welch",_xlfn.T.TEST($O28:$O43,W28:W43,2,3),"")) -> #NAME? | ... AK60: =IF(AK59="Mann Withney",[1]!MTEST($O28:$O43,AK28:AK43,2), IF(AK59="T-Test Welch",_xlfn.T.TEST($O28:$O43,AK28:AK43,2,3),"")) -> #NAME?
A61: Annotation | C61: =IF(C60>0.05,"NS",IF(C60>0.01,"*",IF(C60>0.001,"**","***"))) -> #NAME? | D61: =IF(D60>0.05,"NS",IF(D60>0.01,"*",IF(D60>0.001,"**","***"))) -> #NAME? | E61: =IF(E60>0.05,"NS",IF(E60>0.01,"*",IF(E60>0.001,"**","***"))) -> #NAME? | F61: =IF(F60>0.05,"NS",IF(F60>0.01,"*",IF(F60>0.001,"**","***"))) -> #NAME? | G61: =IF(G60>0.05,"NS",IF(G60>0.01,"*",IF(G60>0.001,"**","***"))) -> #NAME? | H61: =IF(H60>0.05,"NS",IF(H60>0.01,"*",IF(H60>0.001,"**","***"))) -> #NAME? | I61: =IF(I60>0.05,"NS",IF(I60>0.01,"*",IF(I60>0.001,"**","***"))) -> #NAME? | J61: =IF(J60>0.05,"NS",IF(J60>0.01,"*",IF(J60>0.001,"**","***"))) -> #NAME? | ... M61: =IF(M60>0.05,"NS",IF(M60>0.01,"*",IF(M60>0.001,"**","***"))) -> #NAME? | O61: =IF(O60>0.05,"NS",IF(O60>0.01,"*",IF(O60>0.001,"**","***"))) -> #NAME? | P61: =IF(P60>0.05,"NS",IF(P60>0.01,"*",IF(P60>0.001,"**","***"))) -> #NAME? | Q61: =IF(Q60>0.05,"NS",IF(Q60>0.01,"*",IF(Q60>0.001,"**","***"))) -> #NAME? | R61: =IF(R60>0.05,"NS",IF(R60>0.01,"*",IF(R60>0.001,"**","***"))) -> #NAME? | S61: =IF(S60>0.05,"NS",IF(S60>0.01,"*",IF(S60>0.001,"**","***"))) -> #NAME? | T61: =IF(T60>0.05,"NS",IF(T60>0.01,"*",IF(T60>0.001,"**","***"))) -> #NAME? | U61: =IF(U60>0.05,"NS",IF(U60>0.01,"*",IF(U60>0.001,"**","***"))) -> #NAME? | V61: =IF(V60>0.05,"NS",IF(V60>0.01,"*",IF(V60>0.001,"**","***"))) -> #NAME? | ... AK61: =IF(AK60>0.05,"NS",IF(AK60>0.01,"*",IF(AK60>0.001,"**","***"))) -> #NAME?
A63: Eléments pour la mise en forme conditionnelles des résutats - calcul équivalent hormonal (eqH)
A64: LOD | B64: =B46+(3*B47) -> 0.26288284
A65: LOQ | B65: =B46+(10*B47) -> 0.69736582
A67: 5. Expérimentateur 1 : remplissage du suivi qualité (SQ) et transmission à l'expérimenteur 2.

Sheet Raw data R2
A1: Nom groupe | B1: N° de valeur | C1: file name | D1: total area | E1: mean intensity | G1: total fluorescence | I1: nbre de larves | J1: Colonne1 | L1: (Tous)
A2: =IFERROR(LEFT(RIGHT(C2,LEN(C2)-SEARCH("@",C2)),SEARCH("/",RIGHT(C2,LEN(C2)-SEARCH("@",C2)-1))),"") -> 1 | B2: =LEFT(RIGHT(RIGHT(Tableau46[[#This Row],[file name]],LEN(Tableau46[[#This Row],[file name]])-SEARCH("@",Tableau46[[#This Row],[file name]])),LEN(RIGHT(Tableau46[[#This Row],[file name]],LEN(Tableau46[[#This Row],[file name]])-SEARCH("@",Tableau46[[#This Row],[file name]])))-SEARCH("/",RIGHT(Tableau46[[#This Row],[file name]],LEN(Tableau46[[#This Row],[file name]])-SEARCH("@",Tableau46[[#This Row],[file name]])))),1) -> A | C2: C:\Users\andre\Desktop\REACTIV CEFAS\Dutasteride\Dutasteride/20201202_Cefas_Test8_Run2/Plate 1/@1/A10_01.tif | D2: 973.3453 | E2: 32.9778 | G2: 32099 | K2: Filtre lignes : Enlever (vide) et Néant | L2: Filtre colonnes : Enlever (vide) et " "
A3: =IFERROR(LEFT(RIGHT(C3,LEN(C3)-SEARCH("@",C3)),SEARCH("/",RIGHT(C3,LEN(C3)-SEARCH("@",C3)-1))),"") -> 1 | B3: =LEFT(RIGHT(RIGHT(Tableau46[[#This Row],[file name]],LEN(Tableau46[[#This Row],[file name]])-SEARCH("@",Tableau46[[#This Row],[file name]])),LEN(RIGHT(Tableau46[[#This Row],[file name]],LEN(Tableau46[[#This Row],[file name]])-SEARCH("@",Tableau46[[#This Row],[file name]])))-SEARCH("/",RIGHT(Tableau46[[#This Row],[file name]],LEN(Tableau46[[#This Row],[file name]])-SEARCH("@",Tableau46[[#This Row],[file name]])))),1) -> A | C3: C:\Users\andre\Desktop\REACTIV CEFAS\Dutasteride\Dutasteride/20201202_Cefas_Test8_Run2/Plate 1/@1/A10_02.tif | D3: 0 | E3: 0 | G3: 0 | K3: Moyenne de total fluorescence | L3: Étiquettes de colonnes
A4: =IFERROR(LEFT(RIGHT(C4,LEN(C4)-SEARCH("@",C4)),SEARCH("/",RIGHT(C4,LEN(C4)-SEARCH("@",C4)-1))),"") -> 1 | B4: =LEFT(RIGHT(RIGHT(Tableau46[[#This Row],[file name]],LEN(Tableau46[[#This Row],[file name]])-SEARCH("@",Tableau46[[#This Row],[file name]])),LEN(RIGHT(Tableau46[[#This Row],[file name]],LEN(Tableau46[[#This Row],[file name]])-SEARCH("@",Tableau46[[#This Row],[file name]])))-SEARCH("/",RIGHT(Tableau46[[#This Row],[file name]],LEN(Tableau46[[#This Row],[file name]])-SEARCH("@",Tableau46[[#This Row],[file name]])))),1) -> A | C4: C:\Users\andre\Desktop\REACTIV CEFAS\Dutasteride\Dutasteride/20201202_Cefas_Test8_Run2/Plate 1/@1/A10_03.tif | D4: 692.1566 | E4: 32.1562 | G4: 22257 | K4: Étiquettes de lignes | L4: 1 | M4: 13 | N4: 14 | O4: 15 | P4: 16 | Q4: 2 | R4: 3 | S4: 4 | T4: 5 | U4: 6 | V4: 7 | W4: 10 | X4: 11 | Y4: 12 | Z4: 17 | AA4: 18 | AB4: 19 | AC4: 20 | AD4: 21 | AE4: 8 | AF4: 9
A5: =IFERROR(LEFT(RIGHT(C5,LEN(C5)-SEARCH("@",C5)),SEARCH("/",RIGHT(C5,LEN(C5)-SEARCH("@",C5)-1))),"") -> 1 | B5: =LEFT(RIGHT(RIGHT(Tableau46[[#This Row],[file name]],LEN(Tableau46[[#This Row],[file name]])-SEARCH("@",Tableau46[[#This Row],[file name]])),LEN(RIGHT(Tableau46[[#This Row],[file name]],LEN(Tableau46[[#This Row],[file name]])-SEARCH("@",Tableau46[[#This Row],[file name]])))-SEARCH("/",RIGHT(Tableau46[[#This Row],[file name]],LEN(Tableau46[[#This Row],[file name]])-SEARCH("@",Tableau46[[#This Row],[file name]])))),1) -> B | C5: C:\Users\andre\Desktop\REACTIV CEFAS\Dutasteride\Dutasteride/20201202_Cefas_Test8_Run2/Plate 1/@1/B10_01.tif | D5: 21.6299 | E5: 30 | G5: 649 | K5: A | L5: 18118.667 | M5: 2048668.3 | N5: 1995761.7 | O5: 2920944.3 | P5: 128582.67 | Q5: 94472.333 | S5: 277785.67 | T5: 1405950.3 | U5: 3238918 | V5: 3124344.3 | W5: 0 | X5: 83535 | Y5: 0 | Z5: 619783 | AA5: 1835556 | AB5: 2539018 | AC5: 3511267.3 | AD5: 1404486.7 | AF5: 252478.67
A6: =IFERROR(LEFT(RIGHT(C6,LEN(C6)-SEARCH("@",C6)),SEARCH("/",RIGHT(C6,LEN(C6)-SEARCH("@",C6)-1))),"") -> 1 | B6: =LEFT(RIGHT(RIGHT(Tableau46[[#This Row],[file name]],LEN(Tableau46[[#This Row],[file name]])-SEARCH("@",Tableau46[[#This Row],[file name]])),LEN(RIGHT(Tableau46[[#This Row],[file name]],LEN(Tableau46[[#This Row],[file name]])-SEARCH("@",Tableau46[[#This Row],[file name]])))-SEARCH("/",RIGHT(Tableau46[[#This Row],[file name]],LEN(Tableau46[[#This Row],[file name]])-SEARCH("@",Tableau46[[#This Row],[file name]])))),1) -> B | C6: C:\Users\andre\Desktop\REACTIV CEFAS\Dutasteride\Dutasteride/20201202_Cefas_Test8_Run2/Plate 1/@1/B10_02.tif | D6: 0 | E6: 0 | G6: 0 | K6: B | L6: 8197.6667 | M6: 1030664.5 | N6: 1461409.7 | O6: 5795925 | P6: 414940.67 | Q6: 125850 | R6: 95481.667 | S6: 2153807.5 | T6: 2301046 | U6: 1458518 | V6: 4293166.5 | W6: 169347.67 | X6: 154773 | Y6: 161452.67 | Z6: 242117.67 | AA6: 773074.33 | AB6: 225297 | AC6: 1773377.3 | AD6: 2256329.3 | AE6: 216.33333 | AF6: 262918.33
A7: =IFERROR(LEFT(RIGHT(C7,LEN(C7)-SEARCH("@",C7)),SEARCH("/",RIGHT(C7,LEN(C7)-SEARCH("@",C7)-1))),"") -> 1 | B7: =LEFT(RIGHT(RIGHT(Tableau46[[#This Row],[file name]],LEN(Tableau46[[#This Row],[file name]])-SEARCH("@",Tableau46[[#This Row],[file name]])),LEN(RIGHT(Tableau46[[#This Row],[file name]],LEN(Tableau46[[#This Row],[file name]])-SEARCH("@",Tableau46[[#This Row],[file name]])))-SEARCH("/",RIGHT(Tableau46[[#This Row],[file name]],LEN(Tableau46[[#This Row],[file name]])-SEARCH("@",Tableau46[[#This Row],[file name]])))),1) -> B | C7: C:\Users\andre\Desktop\REACTIV CEFAS\Dutasteride\Dutasteride/20201202_Cefas_Test8_Run2/Plate 1/@1/B10_03.tif | D7: 735.4164 | E7: 32.5588 | G7: 23944 | K7: C | L7: 294974 | M7: 29452.667 | N7: 1148439 | O7: 4201325.7 | P7: 99187.333 | Q7: 755402 | R7: 66699.333 | S7: 1621716 | T7: 1833544.7 | U7: 3834764 | V7: 5063601.7 | W7: 64284 | X7: 127818.33 | Y7: 151770 | Z7: 490724.67 | AA7: 2993902 | AC7: 1672776.7 | AD7: 13843.333 | AE7: 251714 | AF7: 58112.333
A8: =IFERROR(LEFT(RIGHT(C8,LEN(C8)-SEARCH("@",C8)),SEARCH("/",RIGHT(C8,LEN(C8)-SEARCH("@",C8)-1))),"") -> 1 | B8: =LEFT(RIGHT(RIGHT(Tableau46[[#This Row],[file name]],LEN(Tableau46[[#This Row],[file name]])-SEARCH("@",Tableau46[[#This Row],[file name]])),LEN(RIGHT(Tableau46[[#This Row],[file name]],LEN(Tableau46[[#This Row],[file name]])-SEARCH("@",Tableau46[[#This Row],[file name]])))-SEARCH("/",RIGHT(Tableau46[[#This Row],[file name]],LEN(Tableau46[[#This Row],[file name]])-SEARCH("@",Tableau46[[#This Row],[file name]])))),1) -> C | C8: C:\Users\andre\Desktop\REACTIV CEFAS\Dutasteride\Dutasteride/20201202_Cefas_Test8_Run2/Plate 1/@1/C10_01.tif | D8: 7419.0539 | E8: 38.7172 | G8: 287245 | K8: D | M8: 2786961.3 | N8: 1702381 | O8: 1984304.7 | P8: 428488 | Q8: 78019 | R8: 375084 | S8: 1373051.7 | T8: 1930973 | U8: 3732022 | V8: 5149155 | X8: 20577.333 | Y8: 80838.333 | AA8: 3030716 | AB8: 3240987 | AC8: 3992078.3 | AD8: 1074039.7 | AE8: 63130.667 | AF8: 9488.3333
A9: =IFERROR(LEFT(RIGHT(C9,LEN(C9)-SEARCH("@",C9)),SEARCH("/",RIGHT(C9,LEN(C9)-SEARCH("@",C9)-1))),"") -> 1 | B9: =LEFT(RIGHT(RIGHT(Tableau46[[#This Row],[file name]],LEN(Tableau46[[#This Row],[file name]])-SEARCH("@",Tableau46[[#This Row],[file name]])),LEN(RIGHT(Tableau46[[#This Row],[file name]],LEN(Tableau46[[#This Row],[file name]])-SEARCH("@",Tableau46[[#This Row],[file name]])))-SEARCH("/",RIGHT(Tableau46[[#This Row],[file name]],LEN(Tableau46[[#This Row],[file name]])-SEARCH("@",Tableau46[[#This Row],[file name]])))),1) -> C | C9: C:\Users\andre\Desktop\REACTIV CEFAS\Dutasteride\Dutasteride/20201202_Cefas_Test8_Run2/Plate 1/@1/C10_02.tif | D9: 7116.2353 | E9: 38.459 | G9: 273683 | K9: E | L9: 238195.67 | M9: 331337.5 | N9: 689510.67 | O9: 1666475.3 | P9: 101876.67 | Q9: 117616 | T9: 1683959.7 | U9: 3645026.7 | V9: 3529948.7 | W9: 6020.3333 | X9: 341666 | Y9: 241490.33 | Z9: 2682842.3 | AA9: 2686533.7 | AB9: 3398027.7 | AC9: 3494482.3 | AD9: 1486255 | AE9: 27196 | AF9: 123132
A10: =IFERROR(LEFT(RIGHT(C10,LEN(C10)-SEARCH("@",C10)),SEARCH("/",RIGHT(C10,LEN(C10)-SEARCH("@",C10)-1))),"") -> 1 | B10: =LEFT(RIGHT(RIGHT(Tableau46[[#This Row],[file name]],LEN(Tableau46[[#This Row],[file name]])-SEARCH("@",Tableau46[[#This Row],[file name]])),LEN(RIGHT(Tableau46[[#This Row],[file name]],LEN(Tableau46[[#This Row],[file name]])-SEARCH("@",Tableau46[[#This Row],[file name]])))-SEARCH("/",RIGHT(Tableau46[[#This Row],[file name]],LEN(Tableau46[[#This Row],[file name]])-SEARCH("@",Tableau46[[#This Row],[file name]])))),1) -> C | C10: C:\Users\andre\Desktop\REACTIV CEFAS\Dutasteride\Dutasteride/20201202_Cefas_Test8_Run2/Plate 1/@1/C10_03.tif | D10: 7830.0219 | E10: 41.3785 | G10: 323994 | K10: F | L10: 197307.67 | M10: 362762.33 | N10: 1781849.3 | O10: 4919063.7 | P10: 189679.67 | Q10: 83376 | R10: 21413.667 | S10: 1729764.3 | T10: 2228073.7 | U10: 3275328.7 | V10: 5272294.3 | W10: 35949 | X10: 39842 | Y10: 34954 | Z10: 1992034 | AA10: 3503776 | AB10: 3383204 | AC10: 2284729.7 | AD10: 1924649.7 | AE10: 157105 | AF10: 111819
A11: =IFERROR(LEFT(RIGHT(C11,LEN(C11)-SEARCH("@",C11)),SEARCH("/",RIGHT(C11,LEN(C11)-SEARCH("@",C11)-1))),"") -> 1 | B11: =LEFT(RIGHT(RIGHT(Tableau46[[#This Row],[file name]],LEN(Tableau46[[#This Row],[file name]])-SEARCH("@",Tableau46[[#This Row],[file name]])),LEN(RIGHT(Tableau46[[#This Row],[file name]],LEN(Tableau46[[#This Row],[file name]])-SEARCH("@",Tableau46[[#This Row],[file name]])))-SEARCH("/",RIGHT(Tableau46[[#This Row],[file name]],LEN(Tableau46[[#This Row],[file name]])-SEARCH("@",Tableau46[[#This Row],[file name]])))),1) -> D | C11: C:\Users\andre\Desktop\REACTIV CEFAS\Dutasteride\Dutasteride/20201202_Cefas_Test8_Run2/Plate 1/@1/D10_01- exclu.tif | K11: G | L11: 179182 | M11: 378804 | N11: 520037 | O11: 4585956 | P11: 7267.6667 | Q11: 193451 | R11: 198908.5 | S11: 490616.33 | T11: 2143789.3 | U11: 3455606.3 | V11: 5044639.3 | W11: 287893.67 | X11: 15761 | Y11: 0 | Z11: 494459 | AA11: 2950267.3 | AB11: 656409.33 | AC11: 3838794.3 | AD11: 1776182 | AE11: 141848.67 | AF11: 198966.33
A12: =IFERROR(LEFT(RIGHT(C12,LEN(C12)-SEARCH("@",C12)),SEARCH("/",RIGHT(C12,LEN(C12)-SEARCH("@",C12)-1))),"") -> 1 | B12: =LEFT(RIGHT(RIGHT(Tableau46[[#This Row],[file name]],LEN(Tableau46[[#This Row],[file name]])-SEARCH("@",Tableau46[[#This Row],[file name]])),LEN(RIGHT(Tableau46[[#This Row],[file name]],LEN(Tableau46[[#This Row],[file name]])-SEARCH("@",Tableau46[[#This Row],[file name]])))-SEARCH("/",RIGHT(Tableau46[[#This Row],[file name]],LEN(Tableau46[[#This Row],[file name]])-SEARCH("@",Tableau46[[#This Row],[file name]])))),1) -> D | C12: C:\Users\andre\Desktop\REACTIV CEFAS\Dutasteride\Dutasteride/20201202_Cefas_Test8_Run2/Plate 1/@1/D10_02- exclu.tif | K12: H | L12: 115114.67 | M12: 1673642 | O12: 3608732 | P12: 13533 | Q12: 120269.33 | R12: 50689.5 | T12: 700491.67 | U12: 2214879.3 | W12: 320756.67 | X12: 30920 | Y12: 2782059 | Z12: 193595 | AA12: 949693 | AB12: 2439405.3 | AC12: 1583229 | AD12: 2665614 | AE12: 209254.67
A13: =IFERROR(LEFT(RIGHT(C13,LEN(C13)-SEARCH("@",C13)),SEARCH("/",RIGHT(C13,LEN(C13)-SEARCH("@",C13)-1))),"") -> 1 | B13: =LEFT(RIGHT(RIGHT(Tableau46[[#This Row],[file name]],LEN(Tableau46[[#This Row],[file name]])-SEARCH("@",Tableau46[[#This Row],[file name]])),LEN(RIGHT(Tableau46[[#This Row],[file name]],LEN(Tableau46[[#This Row],[file name]])-SEARCH("@",Tableau46[[#This Row],[file name]])))-SEARCH("/",RIGHT(Tableau46[[#This Row],[file name]],LEN(Tableau46[[#This Row],[file name]])-SEARCH("@",Tableau46[[#This Row],[file name]])))),1) -> D | C13: C:\Users\andre\Desktop\REACTIV CEFAS\Dutasteride\Dutasteride/20201202_Cefas_Test8_Run2/Plate 1/@1/D10_03- exclu.tif
A14: =IFERROR(LEFT(RIGHT(C14,LEN(C14)-SEARCH("@",C14)),SEARCH("/",RIGHT(C14,LEN(C14)-SEARCH("@",C14)-1))),"") -> 1 | B14: =LEFT(RIGHT(RIGHT(Tableau46[[#This Row],[file name]],LEN(Tableau46[[#This Row],[file name]])-SEARCH("@",Tableau46[[#This Row],[file name]])),LEN(RIGHT(Tableau46[[#This Row],[file name]],LEN(Tableau46[[#This Row],[file name]])-SEARCH("@",Tableau46[[#This Row],[file name]])))-SEARCH("/",RIGHT(Tableau46[[#This Row],[file name]],LEN(Tableau46[[#This Row],[file name]])-SEARCH("@",Tableau46[[#This Row],[file name]])))),1) -> E | C14: C:\Users\andre\Desktop\REACTIV CEFAS\Dutasteride\Dutasteride/20201202_Cefas_Test8_Run2/Plate 1/@1/E10_01.tif | D14: 9733.4526 | E14: 39.3111 | G14: 382633
A15: =IFERROR(LEFT(RIGHT(C15,LEN(C15)-SEARCH("@",C15)),SEARCH("/",RIGHT(C15,LEN(C15)-SEARCH("@",C15)-1))),"") -> 1 | B15: =LEFT(RIGHT(RIGHT(Tableau46[[#This Row],[file name]],LEN(Tableau46[[#This Row],[file name]])-SEARCH("@",Tableau46[[#This Row],[file name]])),LEN(RIGHT(Tableau46[[#This Row],[file name]],LEN(Tableau46[[#This Row],[file name]])-SEARCH("@",Tableau46[[#This Row],[file name]])))-SEARCH("/",RIGHT(Tableau46[[#This Row],[file name]],LEN(Tableau46[[#This Row],[file name]])-SEARCH("@",Tableau46[[#This Row],[file name]])))),1) -> E | C15: C:\Users\andre\Desktop\REACTIV CEFAS\Dutasteride\Dutasteride/20201202_Cefas_Test8_Run2/Plate 1/@1/E10_02.tif | D15: 4196.1996 | E15: 37.0361 | G15: 155411
A16: =IFERROR(LEFT(RIGHT(C16,LEN(C16)-SEARCH("@",C16)),SEARCH("/",RIGHT(C16,LEN(C16)-SEARCH("@",C16)-1))),"") -> 1 | B16: =LEFT(RIGHT(RIGHT(Tableau46[[#This Row],[file name]],LEN(Tableau46[[#This Row],[file name]])-SEARCH("@",Tableau46[[#This Row],[file name]])),LEN(RIGHT(Tableau46[[#This Row],[file name]],LEN(Tableau46[[#This Row],[file name]])-SEARCH("@",Tableau46[[#This Row],[file name]])))-SEARCH("/",RIGHT(Tableau46[[#This Row],[file name]],LEN(Tableau46[[#This Row],[file name]])-SEARCH("@",Tableau46[[#This Row],[file name]])))),1) -> E | C16: C:\Users\andre\Desktop\REACTIV CEFAS\Dutasteride\Dutasteride/20201202_Cefas_Test8_Run2/Plate 1/@1/E10_03.tif | D16: 4715.317 | E16: 37.4404 | G16: 176543
A17: =IFERROR(LEFT(RIGHT(C17,LEN(C17)-SEARCH("@",C17)),SEARCH("/",RIGHT(C17,LEN(C17)-SEARCH("@",C17)-1))),"") -> 1 | B17: =LEFT(RIGHT(RIGHT(Tableau46[[#This Row],[file name]],LEN(Tableau46[[#This Row],[file name]])-SEARCH("@",Tableau46[[#This Row],[file name]])),LEN(RIGHT(Tableau46[[#This Row],[file name]],LEN(Tableau46[[#This Row],[file name]])-SEARCH("@",Tableau46[[#This Row],[file name]])))-SEARCH("/",RIGHT(Tableau46[[#This Row],[file name]],LEN(Tableau46[[#This Row],[file name]])-SEARCH("@",Tableau46[[#This Row],[file name]])))),1) -> F | C17: C:\Users\andre\Desktop\REACTIV CEFAS\Dutasteride\Dutasteride/20201202_Cefas_Test8_Run2/Plate 1/@1/F10_01.tif | D17: 7181.125 | E17: 34.3373 | G17: 246581
A18: =IFERROR(LEFT(RIGHT(C18,LEN(C18)-SEARCH("@",C18)),SEARCH("/",RIGHT(C18,LEN(C18)-SEARCH("@",C18)-1))),"") -> 1 | B18: =LEFT(RIGHT(RIGHT(Tableau46[[#This Row],[file name]],LEN(Tableau46[[#This Row],[file name]])-SEARCH("@",Tableau46[[#This Row],[file name]])),LEN(RIGHT(Tableau46[[#This Row],[file name]],LEN(Tableau46[[#This Row],[file name]])-SEARCH("@",Tableau46[[#This Row],[file name]])))-SEARCH("/",RIGHT(Tableau46[[#This Row],[file name]],LEN(Tableau46[[#This Row],[file name]])-SEARCH("@",Tableau46[[#This Row],[file name]])))),1) -> F | C18: C:\Users\andre\Desktop\REACTIV CEFAS\Dutasteride\Dutasteride/20201202_Cefas_Test8_Run2/Plate 1/@1/F10_02.tif | D18: 5256.0644 | E18: 33.2305 | G18: 174661
A19: =IFERROR(LEFT(RIGHT(C19,LEN(C19)-SEARCH("@",C19)),SEARCH("/",RIGHT(C19,LEN(C19)-SEARCH("@",C19)-1))),"") -> 1 | B19: =LEFT(RIGHT(RIGHT(Tableau46[[#This Row],[file name]],LEN(Tableau46[[#This Row],[file name]])-SEARCH("@",Tableau46[[#This Row],[file name]])),LEN(RIGHT(Tableau46[[#This Row],[file name]],LEN(Tableau46[[#This Row],[file name]])-SEARCH("@",Tableau46[[#This Row],[file name]])))-SEARCH("/",RIGHT(Tableau46[[#This Row],[file name]],LEN(Tableau46[[#This Row],[file name]])-SEARCH("@",Tableau46[[#This Row],[file name]])))),1) -> F | C19: C:\Users\andre\Desktop\REACTIV CEFAS\Dutasteride\Dutasteride/20201202_Cefas_Test8_Run2/Plate 1/@1/F10_03.tif | D19: 5234.4345 | E19: 32.6074 | G19: 170681
A20: =IFERROR(LEFT(RIGHT(C20,LEN(C20)-SEARCH("@",C20)),SEARCH("/",RIGHT(C20,LEN(C20)-SEARCH("@",C20)-1))),"") -> 1 | B20: =LEFT(RIGHT(RIGHT(Tableau46[[#This Row],[file name]],LEN(Tableau46[[#This Row],[file name]])-SEARCH("@",Tableau46[[#This Row],[file name]])),LEN(RIGHT(Tableau46[[#This Row],[file name]],LEN(Tableau46[[#This Row],[file name]])-SEARCH("@",Tableau46[[#This Row],[file name]])))-SEARCH("/",RIGHT(Tableau46[[#This Row],[file name]],LEN(Tableau46[[#This Row],[file name]])-SEARCH("@",Tableau46[[#This Row],[file name]])))),1) -> G | C20: C:\Users\andre\Desktop\REACTIV CEFAS\Dutasteride\Dutasteride/20201202_Cefas_Test8_Run2/Plate 1/@1/G10_01- exclu.tif
A21: =IFERROR(LEFT(RIGHT(C21,LEN(C21)-SEARCH("@",C21)),SEARCH("/",RIGHT(C21,LEN(C21)-SEARCH("@",C21)-1))),"") -> 1 | B21: =LEFT(RIGHT(RIGHT(Tableau46[[#This Row],[file name]],LEN(Tableau46[[#This Row],[file name]])-SEARCH("@",Tableau46[[#This Row],[file name]])),LEN(RIGHT(Tableau46[[#This Row],[file name]],LEN(Tableau46[[#This Row],[file name]])-SEARCH("@",Tableau46[[#This Row],[file name]])))-SEARCH("/",RIGHT(Tableau46[[#This Row],[file name]],LEN(Tableau46[[#This Row],[file name]])-SEARCH("@",Tableau46[[#This Row],[file name]])))),1) -> G | C21: C:\Users\andre\Desktop\REACTIV CEFAS\Dutasteride\Dutasteride/20201202_Cefas_Test8_Run2/Plate 1/@1/G10_02- exclu.tif
A22: =IFERROR(LEFT(RIGHT(C22,LEN(C22)-SEARCH("@",C22)),SEARCH("/",RIGHT(C22,LEN(C22)-SEARCH("@",C22)-1))),"") -> 1 | B22: =LEFT(RIGHT(RIGHT(Tableau46[[#This Row],[file name]],LEN(Tableau46[[#This Row],[file name]])-SEARCH("@",Tableau46[[#This Row],[file name]])),LEN(RIGHT(Tableau46[[#This Row],[file name]],LEN(Tableau46[[#This Row],[file name]])-SEARCH("@",Tableau46[[#This Row],[file name]])))-SEARCH("/",RIGHT(Tableau46[[#This Row],[file name]],LEN(Tableau46[[#This Row],[file name]])-SEARCH("@",Tableau46[[#This Row],[file name]])))),1) -> G | C22: C:\Users\andre\Desktop\REACTIV CEFAS\Dutasteride\Dutasteride/20201202_Cefas_Test8_Run2/Plate 1/@1/G10_03.tif | D22: 4888.3562 | E22: 36.6549 | G22: 179182
A23: =IFERROR(LEFT(RIGHT(C23,LEN(C23)-SEARCH("@",C23)),SEARCH("/",RIGHT(C23,LEN(C23)-SEARCH("@",C23)-1))),"") -> 1 | B23: =LEFT(RIGHT(RIGHT(Tableau46[[#This Row],[file name]],LEN(Tableau46[[#This Row],[file name]])-SEARCH("@",Tableau46[[#This Row],[file name]])),LEN(RIGHT(Tableau46[[#This Row],[file name]],LEN(Tableau46[[#This Row],[file name]])-SEARCH("@",Tableau46[[#This Row],[file name]])))-SEARCH("/",RIGHT(Tableau46[[#This Row],[file name]],LEN(Tableau46[[#This Row],[file name]])-SEARCH("@",Tableau46[[#This Row],[file name]])))),1) -> H | C23: C:\Users\andre\Desktop\REACTIV CEFAS\Dutasteride\Dutasteride/20201202_Cefas_Test8_Run2/Plate 1/@1/H10_01.tif | D23: 4196.1996 | E23: 34.5722 | G23: 145072
A24: =IFERROR(LEFT(RIGHT(C24,LEN(C24)-SEARCH("@",C24)),SEARCH("/",RIGHT(C24,LEN(C24)-SEARCH("@",C24)-1))),"") -> 1 | B24: =LEFT(RIGHT(RIGHT(Tableau46[[#This Row],[file name]],LEN(Tableau46[[#This Row],[file name]])-SEARCH("@",Tableau46[[#This Row],[file name]])),LEN(RIGHT(Tableau46[[#This Row],[file name]],LEN(Tableau46[[#This Row],[file name]])-SEARCH("@",Tableau46[[#This Row],[file name]])))-SEARCH("/",RIGHT(Tableau46[[#This Row],[file name]],LEN(Tableau46[[#This Row],[file name]])-SEARCH("@",Tableau46[[#This Row],[file name]])))),1) -> H | C24: C:\Users\andre\Desktop\REACTIV CEFAS\Dutasteride\Dutasteride/20201202_Cefas_Test8_Run2/Plate 1/@1/H10_02.tif | D24: 129.7794 | E24: 30.8333 | G24: 4002
A25: =IFERROR(LEFT(RIGHT(C25,LEN(C25)-SEARCH("@",C25)),SEARCH("/",RIGHT(C25,LEN(C25)-SEARCH("@",C25)-1))),"") -> 1 | B25: =LEFT(RIGHT(RIGHT(Tableau46[[#This Row],[file name]],LEN(Tableau46[[#This Row],[file name]])-SEARCH("@",Tableau46[[#This Row],[file name]])),LEN(RIGHT(Tableau46[[#This Row],[file name]],LEN(Tableau46[[#This Row],[file name]])-SEARCH("@",Tableau46[[#This Row],[file name]])))-SEARCH("/",RIGHT(Tableau46[[#This Row],[file name]],LEN(Tableau46[[#This Row],[file name]])-SEARCH("@",Tableau46[[#This Row],[file name]])))),1) -> H | C25: C:\Users\andre\Desktop\REACTIV CEFAS\Dutasteride\Dutasteride/20201202_Cefas_Test8_Run2/Plate 1/@1/H10_03.tif | D25: 5169.5448 | E25: 37.9665 | G25: 196270
A26: =IFERROR(LEFT(RIGHT(C26,LEN(C26)-SEARCH("@",C26)),SEARCH("/",RIGHT(C26,LEN(C26)-SEARCH("@",C26)-1))),"") | B26: =LEFT(RIGHT(RIGHT(Tableau46[[#This Row],[file name]],LEN(Tableau46[[#This Row],[file name]])-SEARCH("@",Tableau46[[#This Row],[file name]])),LEN(RIGHT(Tableau46[[#This Row],[file name]],LEN(Tableau46[[#This Row],[file name]])-SEARCH("@",Tableau46[[#This Row],[file name]])))-SEARCH("/",RIGHT(Tableau46[[#This Row],[file name]],LEN(Tableau46[[#This Row],[file name]])-SEARCH("@",Tableau46[[#This Row],[file name]])))),1) -> #VALUE!
A27: =IFERROR(LEFT(RIGHT(C27,LEN(C27)-SEARCH("@",C27)),SEARCH("/",RIGHT(C27,LEN(C27)-SEARCH("@",C27)-1))),"") | B27: =LEFT(RIGHT(RIGHT(Tableau46[[#This Row],[file name]],LEN(Tableau46[[#This Row],[file name]])-SEARCH("@",Tableau46[[#This Row],[file name]])),LEN(RIGHT(Tableau46[[#This Row],[file name]],LEN(Tableau46[[#This Row],[file name]])-SEARCH("@",Tableau46[[#This Row],[file name]])))-SEARCH("/",RIGHT(Tableau46[[#This Row],[file name]],LEN(Tableau46[[#This Row],[file name]])-SEARCH("@",Tableau46[[#This Row],[file name]])))),1) -> #VALUE! | C27: group | E27: mean of mean fluo | F27: SD mean fluo | G27: mean of total fluo | H27: SD total fluo | I27: n fluorescent | J27: n total
A28: =IFERROR(LEFT(RIGHT(C28,LEN(C28)-SEARCH("@",C28)),SEARCH("/",RIGHT(C28,LEN(C28)-SEARCH("@",C28)-1))),"") -> 1 | B28: =LEFT(RIGHT(RIGHT(Tableau46[[#This Row],[file name]],LEN(Tableau46[[#This Row],[file name]])-SEARCH("@",Tableau46[[#This Row],[file name]])),LEN(RIGHT(Tableau46[[#This Row],[file name]],LEN(Tableau46[[#This Row],[file name]])-SEARCH("@",Tableau46[[#This Row],[file name]])))-SEARCH("/",RIGHT(Tableau46[[#This Row],[file name]],LEN(Tableau46[[#This Row],[file name]])-SEARCH("@",Tableau46[[#This Row],[file name]])))),1) | C28: C:\Users\andre\Desktop\REACTIV CEFAS\Dutasteride\Dutasteride/20201202_Cefas_Test8_Run2/Plate 1/@1/ | E28: 34.8344 | F28: 12.1031 | G28: 241722.167 | H28: 223737.12 | I28: 22 | J28: 24
A29: =IFERROR(LEFT(RIGHT(C29,LEN(C29)-SEARCH("@",C29)),SEARCH("/",RIGHT(C29,LEN(C29)-SEARCH("@",C29)-1))),"") | B29: =LEFT(RIGHT(RIGHT(Tableau46[[#This Row],[file name]],LEN(Tableau46[[#This Row],[file name]])-SEARCH("@",Tableau46[[#This Row],[file name]])),LEN(RIGHT(Tableau46[[#This Row],[file name]],LEN(Tableau46[[#This Row],[file name]])-SEARCH("@",Tableau46[[#This Row],[file name]])))-SEARCH("/",RIGHT(Tableau46[[#This Row],[file name]],LEN(Tableau46[[#This Row],[file name]])-SEARCH("@",Tableau46[[#This Row],[file name]])))),1) -> #VALUE!
A30: =IFERROR(LEFT(RIGHT(C30,LEN(C30)-SEARCH("@",C30)),SEARCH("/",RIGHT(C30,LEN(C30)-SEARCH("@",C30)-1))),"") | B30: =LEFT(RIGHT(RIGHT(Tableau46[[#This Row],[file name]],LEN(Tableau46[[#This Row],[file name]])-SEARCH("@",Tableau46[[#This Row],[file name]])),LEN(RIGHT(Tableau46[[#This Row],[file name]],LEN(Tableau46[[#This Row],[file name]])-SEARCH("@",Tableau46[[#This Row],[file name]])))-SEARCH("/",RIGHT(Tableau46[[#This Row],[file name]],LEN(Tableau46[[#This Row],[file name]])-SEARCH("@",Tableau46[[#This Row],[file name]])))),1) -> #VALUE!
A31: =IFERROR(LEFT(RIGHT(C31,LEN(C31)-SEARCH("@",C31)),SEARCH("/",RIGHT(C31,LEN(C31)-SEARCH("@",C31)-1))),"") | B31: =LEFT(RIGHT(RIGHT(Tableau46[[#This Row],[file name]],LEN(Tableau46[[#This Row],[file name]])-SEARCH("@",Tableau46[[#This Row],[file name]])),LEN(RIGHT(Tableau46[[#This Row],[file name]],LEN(Tableau46[[#This Row],[file name]])-SEARCH("@",Tableau46[[#This Row],[file name]])))-SEARCH("/",RIGHT(Tableau46[[#This Row],[file name]],LEN(Tableau46[[#This Row],[file name]])-SEARCH("@",Tableau46[[#This Row],[file name]])))),1) -> #VALUE!
A32: =IFERROR(LEFT(RIGHT(C32,LEN(C32)-SEARCH("@",C32)),SEARCH("/",RIGHT(C32,LEN(C32)-SEARCH("@",C32)-1))),"") | B32: =LEFT(RIGHT(RIGHT(Tableau46[[#This Row],[file name]],LEN(Tableau46[[#This Row],[file name]])-SEARCH("@",Tableau46[[#This Row],[file name]])),LEN(RIGHT(Tableau46[[#This Row],[file name]],LEN(Tableau46[[#This Row],[file name]])-SEARCH("@",Tableau46[[#This Row],[file name]])))-SEARCH("/",RIGHT(Tableau46[[#This Row],[file name]],LEN(Tableau46[[#This Row],[file name]])-SEARCH("@",Tableau46[[#This Row],[file name]])))),1) -> #VALUE!
A33: =IFERROR(LEFT(RIGHT(C33,LEN(C33)-SEARCH("@",C33)),SEARCH("/",RIGHT(C33,LEN(C33)-SEARCH("@",C33)-1))),"") | B33: =LEFT(RIGHT(RIGHT(Tableau46[[#This Row],[file name]],LEN(Tableau46[[#This Row],[file name]])-SEARCH("@",Tableau46[[#This Row],[file name]])),LEN(RIGHT(Tableau46[[#This Row],[file name]],LEN(Tableau46[[#This Row],[file name]])-SEARCH("@",Tableau46[[#This Row],[file name]])))-SEARCH("/",RIGHT(Tableau46[[#This Row],[file name]],LEN(Tableau46[[#This Row],[file name]])-SEARCH("@",Tableau46[[#This Row],[file name]])))),1) -> #VALUE!
A34: =IFERROR(LEFT(RIGHT(C34,LEN(C34)-SEARCH("@",C34)),SEARCH("/",RIGHT(C34,LEN(C34)-SEARCH("@",C34)-1))),"") | B34: =LEFT(RIGHT(RIGHT(Tableau46[[#This Row],[file name]],LEN(Tableau46[[#This Row],[file name]])-SEARCH("@",Tableau46[[#This Row],[file name]])),LEN(RIGHT(Tableau46[[#This Row],[file name]],LEN(Tableau46[[#This Row],[file name]])-SEARCH("@",Tableau46[[#This Row],[file name]])))-SEARCH("/",RIGHT(Tableau46[[#This Row],[file name]],LEN(Tableau46[[#This Row],[file name]])-SEARCH("@",Tableau46[[#This Row],[file name]])))),1) -> #VALUE! | C34: file name | D34: total area | E34: mean intensity | G34: total fluorescence
A35: =IFERROR(LEFT(RIGHT(C35,LEN(C35)-SEARCH("@",C35)),SEARCH("/",RIGHT(C35,LEN(C35)-SEARCH("@",C35)-1))),"") -> 13 | B35: =LEFT(RIGHT(RIGHT(Tableau46[[#This Row],[file name]],LEN(Tableau46[[#This Row],[file name]])-SEARCH("@",Tableau46[[#This Row],[file name]])),LEN(RIGHT(Tableau46[[#This Row],[file name]],LEN(Tableau46[[#This Row],[file name]])-SEARCH("@",Tableau46[[#This Row],[file name]])))-SEARCH("/",RIGHT(Tableau46[[#This Row],[file name]],LEN(Tableau46[[#This Row],[file name]])-SEARCH("@",Tableau46[[#This Row],[file name]])))),1) -> A | C35: C:\Users\andre\Desktop\REACTIV CEFAS\Dutasteride\Dutasteride/20201202_Cefas_Test8_Run2/Plate 1/@13/A8_01.tif | D35: 49381.0494 | E35: 42.7175 | G35: 2109434
A36: =IFERROR(LEFT(RIGHT(C36,LEN(C36)-SEARCH("@",C36)),SEARCH("/",RIGHT(C36,LEN(C36)-SEARCH("@",C36)-1))),"") -> 13 | B36: =LEFT(RIGHT(RIGHT(Tableau46[[#This Row],[file name]],LEN(Tableau46[[#This Row],[file name]])-SEARCH("@",Tableau46[[#This Row],[file name]])),LEN(RIGHT(Tableau46[[#This Row],[file name]],LEN(Tableau46[[#This Row],[file name]])-SEARCH("@",Tableau46[[#This Row],[file name]])))-SEARCH("/",RIGHT(Tableau46[[#This Row],[file name]],LEN(Tableau46[[#This Row],[file name]])-SEARCH("@",Tableau46[[#This Row],[file name]])))),1) -> A | C36: C:\Users\andre\Desktop\REACTIV CEFAS\Dutasteride\Dutasteride/20201202_Cefas_Test8_Run2/Plate 1/@13/A8_02.tif | D36: 46828.7219 | E36: 43.0273 | G36: 2014911
A37: =IFERROR(LEFT(RIGHT(C37,LEN(C37)-SEARCH("@",C37)),SEARCH("/",RIGHT(C37,LEN(C37)-SEARCH("@",C37)-1))),"") -> 13 | B37: =LEFT(RIGHT(RIGHT(Tableau46[[#This Row],[file name]],LEN(Tableau46[[#This Row],[file name]])-SEARCH("@",Tableau46[[#This Row],[file name]])),LEN(RIGHT(Tableau46[[#This Row],[file name]],LEN(Tableau46[[#This Row],[file name]])-SEARCH("@",Tableau46[[#This Row],[file name]])))-SEARCH("/",RIGHT(Tableau46[[#This Row],[file name]],LEN(Tableau46[[#This Row],[file name]])-SEARCH("@",Tableau46[[#This Row],[file name]])))),1) -> A | C37: C:\Users\andre\Desktop\REACTIV CEFAS\Dutasteride\Dutasteride/20201202_Cefas_Test8_Run2/Plate 1/@13/A8_03.tif | D37: 47239.6899 | E37: 42.7958 | G37: 2021660
A38: =IFERROR(LEFT(RIGHT(C38,LEN(C38)-SEARCH("@",C38)),SEARCH("/",RIGHT(C38,LEN(C38)-SEARCH("@",C38)-1))),"") -> 13 | B38: =LEFT(RIGHT(RIGHT(Tableau46[[#This Row],[file name]],LEN(Tableau46[[#This Row],[file name]])-SEARCH("@",Tableau46[[#This Row],[file name]])),LEN(RIGHT(Tableau46[[#This Row],[file name]],LEN(Tableau46[[#This Row],[file name]])-SEARCH("@",Tableau46[[#This Row],[file name]])))-SEARCH("/",RIGHT(Tableau46[[#This Row],[file name]],LEN(Tableau46[[#This Row],[file name]])-SEARCH("@",Tableau46[[#This Row],[file name]])))),1) -> B | C38: C:\Users\andre\Desktop\REACTIV CEFAS\Dutasteride\Dutasteride/20201202_Cefas_Test8_Run2/Plate 1/@13/B8_01.tif | D38: 28097.2331 | E38: 36.0085 | G38: 1011738
A39: =IFERROR(LEFT(RIGHT(C39,LEN(C39)-SEARCH("@",C39)),SEARCH("/",RIGHT(C39,LEN(C39)-SEARCH("@",C39)-1))),"") -> 13 | B39: =LEFT(RIGHT(RIGHT(Tableau46[[#This Row],[file name]],LEN(Tableau46[[#This Row],[file name]])-SEARCH("@",Tableau46[[#This Row],[file name]])),LEN(RIGHT(Tableau46[[#This Row],[file name]],LEN(Tableau46[[#This Row],[file name]])-SEARCH("@",Tableau46[[#This Row],[file name]])))-SEARCH("/",RIGHT(Tableau46[[#This Row],[file name]],LEN(Tableau46[[#This Row],[file name]])-SEARCH("@",Tableau46[[#This Row],[file name]])))),1) -> B | C39: C:\Users\andre\Desktop\REACTIV CEFAS\Dutasteride\Dutasteride/20201202_Cefas_Test8_Run2/Plate 1/@13/B8_02.tif | D39: 28594.7207 | E39: 36.7057 | G39: 1049591
A40: =IFERROR(LEFT(RIGHT(C40,LEN(C40)-SEARCH("@",C40)),SEARCH("/",RIGHT(C40,LEN(C40)-SEARCH("@",C40)-1))),"") -> 13 | B40: =LEFT(RIGHT(RIGHT(Tableau46[[#This Row],[file name]],LEN(Tableau46[[#This Row],[file name]])-SEARCH("@",Tableau46[[#This Row],[file name]])),LEN(RIGHT(Tableau46[[#This Row],[file name]],LEN(Tableau46[[#This Row],[file name]])-SEARCH("@",Tableau46[[#This Row],[file name]])))-SEARCH("/",RIGHT(Tableau46[[#This Row],[file name]],LEN(Tableau46[[#This Row],[file name]])-SEARCH("@",Tableau46[[#This Row],[file name]])))),1) -> B | C40: C:\Users\andre\Desktop\REACTIV CEFAS\Dutasteride\Dutasteride/20201202_Cefas_Test8_Run2/Plate 1/@13/B8_03- exclu.tif
A41: =IFERROR(LEFT(RIGHT(C41,LEN(C41)-SEARCH("@",C41)),SEARCH("/",RIGHT(C41,LEN(C41)-SEARCH("@",C41)-1))),"") -> 13 | B41: =LEFT(RIGHT(RIGHT(Tableau46[[#This Row],[file name]],LEN(Tableau46[[#This Row],[file name]])-SEARCH("@",Tableau46[[#This Row],[file name]])),LEN(RIGHT(Tableau46[[#This Row],[file name]],LEN(Tableau46[[#This Row],[file name]])-SEARCH("@",Tableau46[[#This Row],[file name]])))-SEARCH("/",RIGHT(Tableau46[[#This Row],[file name]],LEN(Tableau46[[#This Row],[file name]])-SEARCH("@",Tableau46[[#This Row],[file name]])))),1) -> C | C41: C:\Users\andre\Desktop\REACTIV CEFAS\Dutasteride\Dutasteride/20201202_Cefas_Test8_Run2/Plate 1/@13/C8_01.tif | D41: 43.2598 | E41: 35 | G41: 1514
A42: =IFERROR(LEFT(RIGHT(C42,LEN(C42)-SEARCH("@",C42)),SEARCH("/",RIGHT(C42,LEN(C42)-SEARCH("@",C42)-1))),"") -> 13 | B42: =LEFT(RIGHT(RIGHT(Tableau46[[#This Row],[file name]],LEN(Tableau46[[#This Row],[file name]])-SEARCH("@",Tableau46[[#This Row],[file name]])),LEN(RIGHT(Tableau46[[#This Row],[file name]],LEN(Tableau46[[#This Row],[file name]])-SEARCH("@",Tableau46[[#This Row],[file name]])))-SEARCH("/",RIGHT(Tableau46[[#This Row],[file name]],LEN(Tableau46[[#This Row],[file name]])-SEARCH("@",Tableau46[[#This Row],[file name]])))),1) -> C | C42: C:\Users\andre\Desktop\REACTIV CEFAS\Dutasteride\Dutasteride/20201202_Cefas_Test8_Run2/Plate 1/@13/C8_02.tif | D42: 108.1495 | E42: 33 | G42: 3569
A43: =IFERROR(LEFT(RIGHT(C43,LEN(C43)-SEARCH("@",C43)),SEARCH("/",RIGHT(C43,LEN(C43)-SEARCH("@",C43)-1))),"") -> 13 | B43: =LEFT(RIGHT(RIGHT(Tableau46[[#This Row],[file name]],LEN(Tableau46[[#This Row],[file name]])-SEARCH("@",Tableau46[[#This Row],[file name]])),LEN(RIGHT(Tableau46[[#This Row],[file name]],LEN(Tableau46[[#This Row],[file name]])-SEARCH("@",Tableau46[[#This Row],[file name]])))-SEARCH("/",RIGHT(Tableau46[[#This Row],[file name]],LEN(Tableau46[[#This Row],[file name]])-SEARCH("@",Tableau46[[#This Row],[file name]])))),1) -> C | C43: C:\Users\andre\Desktop\REACTIV CEFAS\Dutasteride\Dutasteride/20201202_Cefas_Test8_Run2/Plate 1/@13/C8_03.tif | D43: 2400.9183 | E43: 34.6847 | G43: 83275
A44: =IFERROR(LEFT(RIGHT(C44,LEN(C44)-SEARCH("@",C44)),SEARCH("/",RIGHT(C44,LEN(C44)-SEARCH("@",C44)-1))),"") -> 13 | B44: =LEFT(RIGHT(RIGHT(Tableau46[[#This Row],[file name]],LEN(Tableau46[[#This Row],[file name]])-SEARCH("@",Tableau46[[#This Row],[file name]])),LEN(RIGHT(Tableau46[[#This Row],[file name]],LEN(Tableau46[[#This Row],[file name]])-SEARCH("@",Tableau46[[#This Row],[file name]])))-SEARCH("/",RIGHT(Tableau46[[#This Row],[file name]],LEN(Tableau46[[#This Row],[file name]])-SEARCH("@",Tableau46[[#This Row],[file name]])))),1) -> D | C44: C:\Users\andre\Desktop\REACTIV CEFAS\Dutasteride\Dutasteride/20201202_Cefas_Test8_Run2/Plate 1/@13/D8_01.tif | D44: 71465.1719 | E44: 43.8172 | G44: 3131403
A45: =IFERROR(LEFT(RIGHT(C45,LEN(C45)-SEARCH("@",C45)),SEARCH("/",RIGHT(C45,LEN(C45)-SEARCH("@",C45)-1))),"") -> 13 | B45: =LEFT(RIGHT(RIGHT(Tableau46[[#This Row],[file name]],LEN(Tableau46[[#This Row],[file name]])-SEARCH("@",Tableau46[[#This Row],[file name]])),LEN(RIGHT(Tableau46[[#This Row],[file name]],LEN(Tableau46[[#This Row],[file name]])-SEARCH("@",Tableau46[[#This Row],[file name]])))-SEARCH("/",RIGHT(Tableau46[[#This Row],[file name]],LEN(Tableau46[[#This Row],[file name]])-SEARCH("@",Tableau46[[#This Row],[file name]])))),1) -> D | C45: C:\Users\andre\Desktop\REACTIV CEFAS\Dutasteride\Dutasteride/20201202_Cefas_Test8_Run2/Plate 1/@13/D8_02.tif | D45: 58746.7938 | E45: 40.4334 | G45: 2375330
A46: =IFERROR(LEFT(RIGHT(C46,LEN(C46)-SEARCH("@",C46)),SEARCH("/",RIGHT(C46,LEN(C46)-SEARCH("@",C46)-1))),"") -> 13 | B46: =LEFT(RIGHT(RIGHT(Tableau46[[#This Row],[file name]],LEN(Tableau46[[#This Row],[file name]])-SEARCH("@",Tableau46[[#This Row],[file name]])),LEN(RIGHT(Tableau46[[#This Row],[file name]],LEN(Tableau46[[#This Row],[file name]])-SEARCH("@",Tableau46[[#This Row],[file name]])))-SEARCH("/",RIGHT(Tableau46[[#This Row],[file name]],LEN(Tableau46[[#This Row],[file name]])-SEARCH("@",Tableau46[[#This Row],[file name]])))),1) -> D | C46: C:\Users\andre\Desktop\REACTIV CEFAS\Dutasteride\Dutasteride/20201202_Cefas_Test8_Run2/Plate 1/@13/D8_03.tif | D46: 62921.3635 | E46: 45.3606 | G46: 2854151
A47: =IFERROR(LEFT(RIGHT(C47,LEN(C47)-SEARCH("@",C47)),SEARCH("/",RIGHT(C47,LEN(C47)-SEARCH("@",C47)-1))),"") -> 13 | B47: =LEFT(RIGHT(RIGHT(Tableau46[[#This Row],[file name]],LEN(Tableau46[[#This Row],[file name]])-SEARCH("@",Tableau46[[#This Row],[file name]])),LEN(RIGHT(Tableau46[[#This Row],[file name]],LEN(Tableau46[[#This Row],[file name]])-SEARCH("@",Tableau46[[#This Row],[file name]])))-SEARCH("/",RIGHT(Tableau46[[#This Row],[file name]],LEN(Tableau46[[#This Row],[file name]])-SEARCH("@",Tableau46[[#This Row],[file name]])))),1) -> E | C47: C:\Users\andre\Desktop\REACTIV CEFAS\Dutasteride\Dutasteride/20201202_Cefas_Test8_Run2/Plate 1/@13/E8_01.tif | D47: 6856.6766 | E47: 33.3849 | G47: 228909
A48: =IFERROR(LEFT(RIGHT(C48,LEN(C48)-SEARCH("@",C48)),SEARCH("/",RIGHT(C48,LEN(C48)-SEARCH("@",C48)-1))),"") -> 13 | B48: =LEFT(RIGHT(RIGHT(Tableau46[[#This Row],[file name]],LEN(Tableau46[[#This Row],[file name]])-SEARCH("@",Tableau46[[#This Row],[file name]])),LEN(RIGHT(Tableau46[[#This Row],[file name]],LEN(Tableau46[[#This Row],[file name]])-SEARCH("@",Tableau46[[#This Row],[file name]])))-SEARCH("/",RIGHT(Tableau46[[#This Row],[file name]],LEN(Tableau46[[#This Row],[file name]])-SEARCH("@",Tableau46[[#This Row],[file name]])))),1) -> E | C48: C:\Users\andre\Desktop\REACTIV CEFAS\Dutasteride\Dutasteride/20201202_Cefas_Test8_Run2/Plate 1/@13/E8_02.tif | D48: 12999.5667 | E48: 33.3677 | G48: 433766
A49: =IFERROR(LEFT(RIGHT(C49,LEN(C49)-SEARCH("@",C49)),SEARCH("/",RIGHT(C49,LEN(C49)-SEARCH("@",C49)-1))),"") -> 13 | B49: =LEFT(RIGHT(RIGHT(Tableau46[[#This Row],[file name]],LEN(Tableau46[[#This Row],[file name]])-SEARCH("@",Tableau46[[#This Row],[file name]])),LEN(RIGHT(Tableau46[[#This Row],[file name]],LEN(Tableau46[[#This Row],[file name]])-SEARCH("@",Tableau46[[#This Row],[file name]])))-SEARCH("/",RIGHT(Tableau46[[#This Row],[file name]],LEN(Tableau46[[#This Row],[file name]])-SEARCH("@",Tableau46[[#This Row],[file name]])))),1) -> E | C49: C:\Users\andre\Desktop\REACTIV CEFAS\Dutasteride\Dutasteride/20201202_Cefas_Test8_Run2/Plate 1/@13/E8_03- exclu.tif
A50: =IFERROR(LEFT(RIGHT(C50,LEN(C50)-SEARCH("@",C50)),SEARCH("/",RIGHT(C50,LEN(C50)-SEARCH("@",C50)-1))),"") -> 13 | B50: =LEFT(RIGHT(RIGHT(Tableau46[[#This Row],[file name]],LEN(Tableau46[[#This Row],[file name]])-SEARCH("@",Tableau46[[#This Row],[file name]])),LEN(RIGHT(Tableau46[[#This Row],[file name]],LEN(Tableau46[[#This Row],[file name]])-SEARCH("@",Tableau46[[#This Row],[file name]])))-SEARCH("/",RIGHT(Tableau46[[#This Row],[file name]],LEN(Tableau46[[#This Row],[file name]])-SEARCH("@",Tableau46[[#This Row],[file name]])))),1) -> F | C50: C:\Users\andre\Desktop\REACTIV CEFAS\Dutasteride\Dutasteride/20201202_Cefas_Test8_Run2/Plate 1/@13/F8_01.tif | D50: 6791.7869 | E50: 35.1115 | G50: 238470
A51: =IFERROR(LEFT(RIGHT(C51,LEN(C51)-SEARCH("@",C51)),SEARCH("/",RIGHT(C51,LEN(C51)-SEARCH("@",C51)-1))),"") -> 13 | B51: =LEFT(RIGHT(RIGHT(Tableau46[[#This Row],[file name]],LEN(Tableau46[[#This Row],[file name]])-SEARCH("@",Tableau46[[#This Row],[file name]])),LEN(RIGHT(Tableau46[[#This Row],[file name]],LEN(Tableau46[[#This Row],[file name]])-SEARCH("@",Tableau46[[#This Row],[file name]])))-SEARCH("/",RIGHT(Tableau46[[#This Row],[file name]],LEN(Tableau46[[#This Row],[file name]])-SEARCH("@",Tableau46[[#This Row],[file name]])))),1) -> F | C51: C:\Users\andre\Desktop\REACTIV CEFAS\Dutasteride\Dutasteride/20201202_Cefas_Test8_Run2/Plate 1/@13/F8_02.tif | D51: 12804.8976 | E51: 35.6284 | G51: 456218
A52: =IFERROR(LEFT(RIGHT(C52,LEN(C52)-SEARCH("@",C52)),SEARCH("/",RIGHT(C52,LEN(C52)-SEARCH("@",C52)-1))),"") -> 13 | B52: =LEFT(RIGHT(RIGHT(Tableau46[[#This Row],[file name]],LEN(Tableau46[[#This Row],[file name]])-SEARCH("@",Tableau46[[#This Row],[file name]])),LEN(RIGHT(Tableau46[[#This Row],[file name]],LEN(Tableau46[[#This Row],[file name]])-SEARCH("@",Tableau46[[#This Row],[file name]])))-SEARCH("/",RIGHT(Tableau46[[#This Row],[file name]],LEN(Tableau46[[#This Row],[file name]])-SEARCH("@",Tableau46[[#This Row],[file name]])))),1) -> F | C52: C:\Users\andre\Desktop\REACTIV CEFAS\Dutasteride\Dutasteride/20201202_Cefas_Test8_Run2/Plate 1/@13/F8_03.tif | D52: 12134.3709 | E52: 32.4367 | G52: 393599
A53: =IFERROR(LEFT(RIGHT(C53,LEN(C53)-SEARCH("@",C53)),SEARCH("/",RIGHT(C53,LEN(C53)-SEARCH("@",C53)-1))),"") -> 13 | B53: =LEFT(RIGHT(RIGHT(Tableau46[[#This Row],[file name]],LEN(Tableau46[[#This Row],[file name]])-SEARCH("@",Tableau46[[#This Row],[file name]])),LEN(RIGHT(Tableau46[[#This Row],[file name]],LEN(Tableau46[[#This Row],[file name]])-SEARCH("@",Tableau46[[#This Row],[file name]])))-SEARCH("/",RIGHT(Tableau46[[#This Row],[file name]],LEN(Tableau46[[#This Row],[file name]])-SEARCH("@",Tableau46[[#This Row],[file name]])))),1) -> G | C53: C:\Users\andre\Desktop\REACTIV CEFAS\Dutasteride\Dutasteride/20201202_Cefas_Test8_Run2/Plate 1/@13/G8_01.tif | D53: 11961.3317 | E53: 31.6691 | G53: 378804
A54: =IFERROR(LEFT(RIGHT(C54,LEN(C54)-SEARCH("@",C54)),SEARCH("/",RIGHT(C54,LEN(C54)-SEARCH("@",C54)-1))),"") -> 13 | B54: =LEFT(RIGHT(RIGHT(Tableau46[[#This Row],[file name]],LEN(Tableau46[[#This Row],[file name]])-SEARCH("@",Tableau46[[#This Row],[file name]])),LEN(RIGHT(Tableau46[[#This Row],[file name]],LEN(Tableau46[[#This Row],[file name]])-SEARCH("@",Tableau46[[#This Row],[file name]])))-SEARCH("/",RIGHT(Tableau46[[#This Row],[file name]],LEN(Tableau46[[#This Row],[file name]])-SEARCH("@",Tableau46[[#This Row],[file name]])))),1) -> G | C54: C:\Users\andre\Desktop\REACTIV CEFAS\Dutasteride\Dutasteride/20201202_Cefas_Test8_Run2/Plate 1/@13/G8_02- exclu.tif
A55: =IFERROR(LEFT(RIGHT(C55,LEN(C55)-SEARCH("@",C55)),SEARCH("/",RIGHT(C55,LEN(C55)-SEARCH("@",C55)-1))),"") -> 13 | B55: =LEFT(RIGHT(RIGHT(Tableau46[[#This Row],[file name]],LEN(Tableau46[[#This Row],[file name]])-SEARCH("@",Tableau46[[#This Row],[file name]])),LEN(RIGHT(Tableau46[[#This Row],[file name]],LEN(Tableau46[[#This Row],[file name]])-SEARCH("@",Tableau46[[#This Row],[file name]])))-SEARCH("/",RIGHT(Tableau46[[#This Row],[file name]],LEN(Tableau46[[#This Row],[file name]])-SEARCH("@",Tableau46[[#This Row],[file name]])))),1) -> G | C55: C:\Users\andre\Desktop\REACTIV CEFAS\Dutasteride\Dutasteride/20201202_Cefas_Test8_Run2/Plate 1/@13/G8_03- exclu.tif
A56: =IFERROR(LEFT(RIGHT(C56,LEN(C56)-SEARCH("@",C56)),SEARCH("/",RIGHT(C56,LEN(C56)-SEARCH("@",C56)-1))),"") -> 13 | B56: =LEFT(RIGHT(RIGHT(Tableau46[[#This Row],[file name]],LEN(Tableau46[[#This Row],[file name]])-SEARCH("@",Tableau46[[#This Row],[file name]])),LEN(RIGHT(Tableau46[[#This Row],[file name]],LEN(Tableau46[[#This Row],[file name]])-SEARCH("@",Tableau46[[#This Row],[file name]])))-SEARCH("/",RIGHT(Tableau46[[#This Row],[file name]],LEN(Tableau46[[#This Row],[file name]])-SEARCH("@",Tableau46[[#This Row],[file name]])))),1) -> H | C56: C:\Users\andre\Desktop\REACTIV CEFAS\Dutasteride\Dutasteride/20201202_Cefas_Test8_Run2/Plate 1/@13/H8_01.tif | D56: 45509.2983 | E56: 38.4178 | G56: 1748366
A57: =IFERROR(LEFT(RIGHT(C57,LEN(C57)-SEARCH("@",C57)),SEARCH("/",RIGHT(C57,LEN(C57)-SEARCH("@",C57)-1))),"") -> 13 | B57: =LEFT(RIGHT(RIGHT(Tableau46[[#This Row],[file name]],LEN(Tableau46[[#This Row],[file name]])-SEARCH("@",Tableau46[[#This Row],[file name]])),LEN(RIGHT(Tableau46[[#This Row],[file name]],LEN(Tableau46[[#This Row],[file name]])-SEARCH("@",Tableau46[[#This Row],[file name]])))-SEARCH("/",RIGHT(Tableau46[[#This Row],[file name]],LEN(Tableau46[[#This Row],[file name]])-SEARCH("@",Tableau46[[#This Row],[file name]])))),1) -> H | C57: C:\Users\andre\Desktop\REACTIV CEFAS\Dutasteride\Dutasteride/20201202_Cefas_Test8_Run2/Plate 1/@13/H8_02.tif | D57: 40296.4937 | E57: 37.9549 | G57: 1529450
A58: =IFERROR(LEFT(RIGHT(C58,LEN(C58)-SEARCH("@",C58)),SEARCH("/",RIGHT(C58,LEN(C58)-SEARCH("@",C58)-1))),"") -> 13 | B58: =LEFT(RIGHT(RIGHT(Tableau46[[#This Row],[file name]],LEN(Tableau46[[#This Row],[file name]])-SEARCH("@",Tableau46[[#This Row],[file name]])),LEN(RIGHT(Tableau46[[#This Row],[file name]],LEN(Tableau46[[#This Row],[file name]])-SEARCH("@",Tableau46[[#This Row],[file name]])))-SEARCH("/",RIGHT(Tableau46[[#This Row],[file name]],LEN(Tableau46[[#This Row],[file name]])-SEARCH("@",Tableau46[[#This Row],[file name]])))),1) -> H | C58: C:\Users\andre\Desktop\REACTIV CEFAS\Dutasteride\Dutasteride/20201202_Cefas_Test8_Run2/Plate 1/@13/H8_03.tif | D58: 44752.252 | E58: 38.9502 | G58: 1743110
A59: =IFERROR(LEFT(RIGHT(C59,LEN(C59)-SEARCH("@",C59)),SEARCH("/",RIGHT(C59,LEN(C59)-SEARCH("@",C59)-1))),"") | B59: =LEFT(RIGHT(RIGHT(Tableau46[[#This Row],[file name]],LEN(Tableau46[[#This Row],[file name]])-SEARCH("@",Tableau46[[#This Row],[file name]])),LEN(RIGHT(Tableau46[[#This Row],[file name]],LEN(Tableau46[[#This Row],[file name]])-SEARCH("@",Tableau46[[#This Row],[file name]])))-SEARCH("/",RIGHT(Tableau46[[#This Row],[file name]],LEN(Tableau46[[#This Row],[file name]])-SEARCH("@",Tableau46[[#This Row],[file name]])))),1) -> #VALUE!
A60: =IFERROR(LEFT(RIGHT(C60,LEN(C60)-SEARCH("@",C60)),SEARCH("/",RIGHT(C60,LEN(C60)-SEARCH("@",C60)-1))),"") | B60: =LEFT(RIGHT(RIGHT(Tableau46[[#This Row],[file name]],LEN(Tableau46[[#This Row],[file name]])-SEARCH("@",Tableau46[[#This Row],[file name]])),LEN(RIGHT(Tableau46[[#This Row],[file name]],LEN(Tableau46[[#This Row],[file name]])-SEARCH("@",Tableau46[[#This Row],[file name]])))-SEARCH("/",RIGHT(Tableau46[[#This Row],[file name]],LEN(Tableau46[[#This Row],[file name]])-SEARCH("@",Tableau46[[#This Row],[file name]])))),1) -> #VALUE! | C60: group | E60: mean of mean fluo | F60: SD mean fluo | G60: mean of total fluo | H60: SD total fluo | I60: n fluorescent | J60: n total
A61: =IFERROR(LEFT(RIGHT(C61,LEN(C61)-SEARCH("@",C61)),SEARCH("/",RIGHT(C61,LEN(C61)-SEARCH("@",C61)-1))),"") -> 13 | B61: =LEFT(RIGHT(RIGHT(Tableau46[[#This Row],[file name]],LEN(Tableau46[[#This Row],[file name]])-SEARCH("@",Tableau46[[#This Row],[file name]])),LEN(RIGHT(Tableau46[[#This Row],[file name]],LEN(Tableau46[[#This Row],[file name]])-SEARCH("@",Tableau46[[#This Row],[file name]])))-SEARCH("/",RIGHT(Tableau46[[#This Row],[file name]],LEN(Tableau46[[#This Row],[file name]])-SEARCH("@",Tableau46[[#This Row],[file name]])))),1) | C61: C:\Users\andre\Desktop\REACTIV CEFAS\Dutasteride\Dutasteride/20201202_Cefas_Test8_Run2/Plate 1/@13/ | E61: 37.6569 | F61: 4.0828 | G61: 1079453.42 | H61: 953487.599 | I61: 24 | J61: 24
A62: =IFERROR(LEFT(RIGHT(C62,LEN(C62)-SEARCH("@",C62)),SEARCH("/",RIGHT(C62,LEN(C62)-SEARCH("@",C62)-1))),"") | B62: =LEFT(RIGHT(RIGHT(Tableau46[[#This Row],[file name]],LEN(Tableau46[[#This Row],[file name]])-SEARCH("@",Tableau46[[#This Row],[file name]])),LEN(RIGHT(Tableau46[[#This Row],[file name]],LEN(Tableau46[[#This Row],[file name]])-SEARCH("@",Tableau46[[#This Row],[file name]])))-SEARCH("/",RIGHT(Tableau46[[#This Row],[file name]],LEN(Tableau46[[#This Row],[file name]])-SEARCH("@",Tableau46[[#This Row],[file name]])))),1) -> #VALUE!
A63: =IFERROR(LEFT(RIGHT(C63,LEN(C63)-SEARCH("@",C63)),SEARCH("/",RIGHT(C63,LEN(C63)-SEARCH("@",C63)-1))),"") | B63: =LEFT(RIGHT(RIGHT(Tableau46[[#This Row],[file name]],LEN(Tableau46[[#This Row],[file name]])-SEARCH("@",Tableau46[[#This Row],[file name]])),LEN(RIGHT(Tableau46[[#This Row],[file name]],LEN(Tableau46[[#This Row],[file name]])-SEARCH("@",Tableau46[[#This Row],[file name]])))-SEARCH("/",RIGHT(Tableau46[[#This Row],[file name]],LEN(Tableau46[[#This Row],[file name]])-SEARCH("@",Tableau46[[#This Row],[file name]])))),1) -> #VALUE!
A64: =IFERROR(LEFT(RIGHT(C64,LEN(C64)-SEARCH("@",C64)),SEARCH("/",RIGHT(C64,LEN(C64)-SEARCH("@",C64)-1))),"") | B64: =LEFT(RIGHT(RIGHT(Tableau46[[#This Row],[file name]],LEN(Tableau46[[#This Row],[file name]])-SEARCH("@",Tableau46[[#This Row],[file name]])),LEN(RIGHT(Tableau46[[#This Row],[file name]],LEN(Tableau46[[#This Row],[file name]])-SEARCH("@",Tableau46[[#This Row],[file name]])))-SEARCH("/",RIGHT(Tableau46[[#This Row],[file name]],LEN(Tableau46[[#This Row],[file name]])-SEARCH("@",Tableau46[[#This Row],[file name]])))),1) -> #VALUE!
A65: =IFERROR(LEFT(RIGHT(C65,LEN(C65)-SEARCH("@",C65)),SEARCH("/",RIGHT(C65,LEN(C65)-SEARCH("@",C65)-1))),"") | B65: =LEFT(RIGHT(RIGHT(Tableau46[[#This Row],[file name]],LEN(Tableau46[[#This Row],[file name]])-SEARCH("@",Tableau46[[#This Row],[file name]])),LEN(RIGHT(Tableau46[[#This Row],[file name]],LEN(Tableau46[[#This Row],[file name]])-SEARCH("@",Tableau46[[#This Row],[file name]])))-SEARCH("/",RIGHT(Tableau46[[#This Row],[file name]],LEN(Tableau46[[#This Row],[file name]])-SEARCH("@",Tableau46[[#This Row],[file name]])))),1) -> #VALUE!
A66: =IFERROR(LEFT(RIGHT(C66,LEN(C66)-SEARCH("@",C66)),SEARCH("/",RIGHT(C66,LEN(C66)-SEARCH("@",C66)-1))),"") | B66: =LEFT(RIGHT(RIGHT(Tableau46[[#This Row],[file name]],LEN(Tableau46[[#This Row],[file name]])-SEARCH("@",Tableau46[[#This Row],[file name]])),LEN(RIGHT(Tableau46[[#This Row],[file name]],LEN(Tableau46[[#This Row],[file name]])-SEARCH("@",Tableau46[[#This Row],[file name]])))-SEARCH("/",RIGHT(Tableau46[[#This Row],[file name]],LEN(Tableau46[[#This Row],[file name]])-SEARCH("@",Tableau46[[#This Row],[file name]])))),1) -> #VALUE!
A67: =IFERROR(LEFT(RIGHT(C67,LEN(C67)-SEARCH("@",C67)),SEARCH("/",RIGHT(C67,LEN(C67)-SEARCH("@",C67)-1))),"") | B67: =LEFT(RIGHT(RIGHT(Tableau46[[#This Row],[file name]],LEN(Tableau46[[#This Row],[file name]])-SEARCH("@",Tableau46[[#This Row],[file name]])),LEN(RIGHT(Tableau46[[#This Row],[file name]],LEN(Tableau46[[#This Row],[file name]])-SEARCH("@",Tableau46[[#This Row],[file name]])))-SEARCH("/",RIGHT(Tableau46[[#This Row],[file name]],LEN(Tableau46[[#This Row],[file name]])-SEARCH("@",Tableau46[[#This Row],[file name]])))),1) -> #VALUE! | C67: file name | D67: total area | E67: mean intensity | G67: total fluorescence
A68: =IFERROR(LEFT(RIGHT(C68,LEN(C68)-SEARCH("@",C68)),SEARCH("/",RIGHT(C68,LEN(C68)-SEARCH("@",C68)-1))),"") -> 14 | B68: =LEFT(RIGHT(RIGHT(Tableau46[[#This Row],[file name]],LEN(Tableau46[[#This Row],[file name]])-SEARCH("@",Tableau46[[#This Row],[file name]])),LEN(RIGHT(Tableau46[[#This Row],[file name]],LEN(Tableau46[[#This Row],[file name]])-SEARCH("@",Tableau46[[#This Row],[file name]])))-SEARCH("/",RIGHT(Tableau46[[#This Row],[file name]],LEN(Tableau46[[#This Row],[file name]])-SEARCH("@",Tableau46[[#This Row],[file name]])))),1) -> A | C68: C:\Users\andre\Desktop\REACTIV CEFAS\Dutasteride\Dutasteride/20201202_Cefas_Test8_Run2/Plate 1/@14/A9_01.tif | D68: 40815.6112 | E68: 37.2353 | G68: 1519781
A69: =IFERROR(LEFT(RIGHT(C69,LEN(C69)-SEARCH("@",C69)),SEARCH("/",RIGHT(C69,LEN(C69)-SEARCH("@",C69)-1))),"") -> 14 | B69: =LEFT(RIGHT(RIGHT(Tableau46[[#This Row],[file name]],LEN(Tableau46[[#This Row],[file name]])-SEARCH("@",Tableau46[[#This Row],[file name]])),LEN(RIGHT(Tableau46[[#This Row],[file name]],LEN(Tableau46[[#This Row],[file name]])-SEARCH("@",Tableau46[[#This Row],[file name]])))-SEARCH("/",RIGHT(Tableau46[[#This Row],[file name]],LEN(Tableau46[[#This Row],[file name]])-SEARCH("@",Tableau46[[#This Row],[file name]])))),1) -> A | C69: C:\Users\andre\Desktop\REACTIV CEFAS\Dutasteride\Dutasteride/20201202_Cefas_Test8_Run2/Plate 1/@14/A9_02.tif | D69: 54031.4768 | E69: 42.4992 | G69: 2296295
A70: =IFERROR(LEFT(RIGHT(C70,LEN(C70)-SEARCH("@",C70)),SEARCH("/",RIGHT(C70,LEN(C70)-SEARCH("@",C70)-1))),"") -> 14 | B70: =LEFT(RIGHT(RIGHT(Tableau46[[#This Row],[file name]],LEN(Tableau46[[#This Row],[file name]])-SEARCH("@",Tableau46[[#This Row],[file name]])),LEN(RIGHT(Tableau46[[#This Row],[file name]],LEN(Tableau46[[#This Row],[file name]])-SEARCH("@",Tableau46[[#This Row],[file name]])))-SEARCH("/",RIGHT(Tableau46[[#This Row],[file name]],LEN(Tableau46[[#This Row],[file name]])-SEARCH("@",Tableau46[[#This Row],[file name]])))),1) -> A | C70: C:\Users\andre\Desktop\REACTIV CEFAS\Dutasteride\Dutasteride/20201202_Cefas_Test8_Run2/Plate 1/@14/A9_03.tif | D70: 51306.1101 | E70: 42.3187 | G70: 2171209
A71: =IFERROR(LEFT(RIGHT(C71,LEN(C71)-SEARCH("@",C71)),SEARCH("/",RIGHT(C71,LEN(C71)-SEARCH("@",C71)-1))),"") -> 14 | B71: =LEFT(RIGHT(RIGHT(Tableau46[[#This Row],[file name]],LEN(Tableau46[[#This Row],[file name]])-SEARCH("@",Tableau46[[#This Row],[file name]])),LEN(RIGHT(Tableau46[[#This Row],[file name]],LEN(Tableau46[[#This Row],[file name]])-SEARCH("@",Tableau46[[#This Row],[file name]])))-SEARCH("/",RIGHT(Tableau46[[#This Row],[file name]],LEN(Tableau46[[#This Row],[file name]])-SEARCH("@",Tableau46[[#This Row],[file name]])))),1) -> B | C71: C:\Users\andre\Desktop\REACTIV CEFAS\Dutasteride\Dutasteride/20201202_Cefas_Test8_Run2/Plate 1/@14/B9_01.tif | D71: 50051.5762 | E71: 37.4166 | G71: 1872760
A72: =IFERROR(LEFT(RIGHT(C72,LEN(C72)-SEARCH("@",C72)),SEARCH("/",RIGHT(C72,LEN(C72)-SEARCH("@",C72)-1))),"") -> 14 | B72: =LEFT(RIGHT(RIGHT(Tableau46[[#This Row],[file name]],LEN(Tableau46[[#This Row],[file name]])-SEARCH("@",Tableau46[[#This Row],[file name]])),LEN(RIGHT(Tableau46[[#This Row],[file name]],LEN(Tableau46[[#This Row],[file name]])-SEARCH("@",Tableau46[[#This Row],[file name]])))-SEARCH("/",RIGHT(Tableau46[[#This Row],[file name]],LEN(Tableau46[[#This Row],[file name]])-SEARCH("@",Tableau46[[#This Row],[file name]])))),1) -> B | C72: C:\Users\andre\Desktop\REACTIV CEFAS\Dutasteride\Dutasteride/20201202_Cefas_Test8_Run2/Plate 1/@14/B9_02.tif | D72: 38782.4011 | E72: 35.6665 | G72: 1383232
A73: =IFERROR(LEFT(RIGHT(C73,LEN(C73)-SEARCH("@",C73)),SEARCH("/",RIGHT(C73,LEN(C73)-SEARCH("@",C73)-1))),"") -> 14 | B73: =LEFT(RIGHT(RIGHT(Tableau46[[#This Row],[file name]],LEN(Tableau46[[#This Row],[file name]])-SEARCH("@",Tableau46[[#This Row],[file name]])),LEN(RIGHT(Tableau46[[#This Row],[file name]],LEN(Tableau46[[#This Row],[file name]])-SEARCH("@",Tableau46[[#This Row],[file name]])))-SEARCH("/",RIGHT(Tableau46[[#This Row],[file name]],LEN(Tableau46[[#This Row],[file name]])-SEARCH("@",Tableau46[[#This Row],[file name]])))),1) -> B | C73: C:\Users\andre\Desktop\REACTIV CEFAS\Dutasteride\Dutasteride/20201202_Cefas_Test8_Run2/Plate 1/@14/B9_03.tif | D73: 32379.9523 | E73: 34.8437 | G73: 1128237
A74: =IFERROR(LEFT(RIGHT(C74,LEN(C74)-SEARCH("@",C74)),SEARCH("/",RIGHT(C74,LEN(C74)-SEARCH("@",C74)-1))),"") -> 14 | B74: =LEFT(RIGHT(RIGHT(Tableau46[[#This Row],[file name]],LEN(Tableau46[[#This Row],[file name]])-SEARCH("@",Tableau46[[#This Row],[file name]])),LEN(RIGHT(Tableau46[[#This Row],[file name]],LEN(Tableau46[[#This Row],[file name]])-SEARCH("@",Tableau46[[#This Row],[file name]])))-SEARCH("/",RIGHT(Tableau46[[#This Row],[file name]],LEN(Tableau46[[#This Row],[file name]])-SEARCH("@",Tableau46[[#This Row],[file name]])))),1) -> C | C74: C:\Users\andre\Desktop\REACTIV CEFAS\Dutasteride\Dutasteride/20201202_Cefas_Test8_Run2/Plate 1/@14/C9_01.tif | D74: 30281.8525 | E74: 37.925 | G74: 1148439
A75: =IFERROR(LEFT(RIGHT(C75,LEN(C75)-SEARCH("@",C75)),SEARCH("/",RIGHT(C75,LEN(C75)-SEARCH("@",C75)-1))),"") -> 14 | B75: =LEFT(RIGHT(RIGHT(Tableau46[[#This Row],[file name]],LEN(Tableau46[[#This Row],[file name]])-SEARCH("@",Tableau46[[#This Row],[file name]])),LEN(RIGHT(Tableau46[[#This Row],[file name]],LEN(Tableau46[[#This Row],[file name]])-SEARCH("@",Tableau46[[#This Row],[file name]])))-SEARCH("/",RIGHT(Tableau46[[#This Row],[file name]],LEN(Tableau46[[#This Row],[file name]])-SEARCH("@",Tableau46[[#This Row],[file name]])))),1) -> C | C75: C:\Users\andre\Desktop\REACTIV CEFAS\Dutasteride\Dutasteride/20201202_Cefas_Test8_Run2/Plate 1/@14/C9_02- exclu.tif
A76: =IFERROR(LEFT(RIGHT(C76,LEN(C76)-SEARCH("@",C76)),SEARCH("/",RIGHT(C76,LEN(C76)-SEARCH("@",C76)-1))),"") -> 14 | B76: =LEFT(RIGHT(RIGHT(Tableau46[[#This Row],[file name]],LEN(Tableau46[[#This Row],[file name]])-SEARCH("@",Tableau46[[#This Row],[file name]])),LEN(RIGHT(Tableau46[[#This Row],[file name]],LEN(Tableau46[[#This Row],[file name]])-SEARCH("@",Tableau46[[#This Row],[file name]])))-SEARCH("/",RIGHT(Tableau46[[#This Row],[file name]],LEN(Tableau46[[#This Row],[file name]])-SEARCH("@",Tableau46[[#This Row],[file name]])))),1) -> C | C76: C:\Users\andre\Desktop\REACTIV CEFAS\Dutasteride\Dutasteride/20201202_Cefas_Test8_Run2/Plate 1/@14/C9_03- exclu.tif
A77: =IFERROR(LEFT(RIGHT(C77,LEN(C77)-SEARCH("@",C77)),SEARCH("/",RIGHT(C77,LEN(C77)-SEARCH("@",C77)-1))),"") -> 14 | B77: =LEFT(RIGHT(RIGHT(Tableau46[[#This Row],[file name]],LEN(Tableau46[[#This Row],[file name]])-SEARCH("@",Tableau46[[#This Row],[file name]])),LEN(RIGHT(Tableau46[[#This Row],[file name]],LEN(Tableau46[[#This Row],[file name]])-SEARCH("@",Tableau46[[#This Row],[file name]])))-SEARCH("/",RIGHT(Tableau46[[#This Row],[file name]],LEN(Tableau46[[#This Row],[file name]])-SEARCH("@",Tableau46[[#This Row],[file name]])))),1) -> D | C77: C:\Users\andre\Desktop\REACTIV CEFAS\Dutasteride\Dutasteride/20201202_Cefas_Test8_Run2/Plate 1/@14/D9_01.tif | D77: 45249.7396 | E77: 34.9221 | G77: 1580215
A78: =IFERROR(LEFT(RIGHT(C78,LEN(C78)-SEARCH("@",C78)),SEARCH("/",RIGHT(C78,LEN(C78)-SEARCH("@",C78)-1))),"") -> 14 | B78: =LEFT(RIGHT(RIGHT(Tableau46[[#This Row],[file name]],LEN(Tableau46[[#This Row],[file name]])-SEARCH("@",Tableau46[[#This Row],[file name]])),LEN(RIGHT(Tableau46[[#This Row],[file name]],LEN(Tableau46[[#This Row],[file name]])-SEARCH("@",Tableau46[[#This Row],[file name]])))-SEARCH("/",RIGHT(Tableau46[[#This Row],[file name]],LEN(Tableau46[[#This Row],[file name]])-SEARCH("@",Tableau46[[#This Row],[file name]])))),1) -> D | C78: C:\Users\andre\Desktop\REACTIV CEFAS\Dutasteride\Dutasteride/20201202_Cefas_Test8_Run2/Plate 1/@14/D9_02.tif | D78: 53123.0212 | E78: 38.658 | G78: 2053629
A79: =IFERROR(LEFT(RIGHT(C79,LEN(C79)-SEARCH("@",C79)),SEARCH("/",RIGHT(C79,LEN(C79)-SEARCH("@",C79)-1))),"") -> 14 | B79: =LEFT(RIGHT(RIGHT(Tableau46[[#This Row],[file name]],LEN(Tableau46[[#This Row],[file name]])-SEARCH("@",Tableau46[[#This Row],[file name]])),LEN(RIGHT(Tableau46[[#This Row],[file name]],LEN(Tableau46[[#This Row],[file name]])-SEARCH("@",Tableau46[[#This Row],[file name]])))-SEARCH("/",RIGHT(Tableau46[[#This Row],[file name]],LEN(Tableau46[[#This Row],[file name]])-SEARCH("@",Tableau46[[#This Row],[file name]])))),1) -> D | C79: C:\Users\andre\Desktop\REACTIV CEFAS\Dutasteride\Dutasteride/20201202_Cefas_Test8_Run2/Plate 1/@14/D9_03.tif | D79: 41745.6966 | E79: 35.2922 | G79: 1473299
A80: =IFERROR(LEFT(RIGHT(C80,LEN(C80)-SEARCH("@",C80)),SEARCH("/",RIGHT(C80,LEN(C80)-SEARCH("@",C80)-1))),"") -> 14 | B80: =LEFT(RIGHT(RIGHT(Tableau46[[#This Row],[file name]],LEN(Tableau46[[#This Row],[file name]])-SEARCH("@",Tableau46[[#This Row],[file name]])),LEN(RIGHT(Tableau46[[#This Row],[file name]],LEN(Tableau46[[#This Row],[file name]])-SEARCH("@",Tableau46[[#This Row],[file name]])))-SEARCH("/",RIGHT(Tableau46[[#This Row],[file name]],LEN(Tableau46[[#This Row],[file name]])-SEARCH("@",Tableau46[[#This Row],[file name]])))),1) -> E | C80: C:\Users\andre\Desktop\REACTIV CEFAS\Dutasteride\Dutasteride/20201202_Cefas_Test8_Run2/Plate 1/@14/E9_01.tif | D80: 14665.0686 | E80: 32.9484 | G80: 483190
A81: =IFERROR(LEFT(RIGHT(C81,LEN(C81)-SEARCH("@",C81)),SEARCH("/",RIGHT(C81,LEN(C81)-SEARCH("@",C81)-1))),"") -> 14 | B81: =LEFT(RIGHT(RIGHT(Tableau46[[#This Row],[file name]],LEN(Tableau46[[#This Row],[file name]])-SEARCH("@",Tableau46[[#This Row],[file name]])),LEN(RIGHT(Tableau46[[#This Row],[file name]],LEN(Tableau46[[#This Row],[file name]])-SEARCH("@",Tableau46[[#This Row],[file name]])))-SEARCH("/",RIGHT(Tableau46[[#This Row],[file name]],LEN(Tableau46[[#This Row],[file name]])-SEARCH("@",Tableau46[[#This Row],[file name]])))),1) -> E | C81: C:\Users\andre\Desktop\REACTIV CEFAS\Dutasteride\Dutasteride/20201202_Cefas_Test8_Run2/Plate 1/@14/E9_02.tif | D81: 26669.6601 | E81: 34.4704 | G81: 919314
A82: =IFERROR(LEFT(RIGHT(C82,LEN(C82)-SEARCH("@",C82)),SEARCH("/",RIGHT(C82,LEN(C82)-SEARCH("@",C82)-1))),"") -> 14 | B82: =LEFT(RIGHT(RIGHT(Tableau46[[#This Row],[file name]],LEN(Tableau46[[#This Row],[file name]])-SEARCH("@",Tableau46[[#This Row],[file name]])),LEN(RIGHT(Tableau46[[#This Row],[file name]],LEN(Tableau46[[#This Row],[file name]])-SEARCH("@",Tableau46[[#This Row],[file name]])))-SEARCH("/",RIGHT(Tableau46[[#This Row],[file name]],LEN(Tableau46[[#This Row],[file name]])-SEARCH("@",Tableau46[[#This Row],[file name]])))),1) -> E | C82: C:\Users\andre\Desktop\REACTIV CEFAS\Dutasteride\Dutasteride/20201202_Cefas_Test8_Run2/Plate 1/@14/E9_03.tif | D82: 19964.3927 | E82: 33.3608 | G82: 666028
A83: =IFERROR(LEFT(RIGHT(C83,LEN(C83)-SEARCH("@",C83)),SEARCH("/",RIGHT(C83,LEN(C83)-SEARCH("@",C83)-1))),"") -> 14 | B83: =LEFT(RIGHT(RIGHT(Tableau46[[#This Row],[file name]],LEN(Tableau46[[#This Row],[file name]])-SEARCH("@",Tableau46[[#This Row],[file name]])),LEN(RIGHT(Tableau46[[#This Row],[file name]],LEN(Tableau46[[#This Row],[file name]])-SEARCH("@",Tableau46[[#This Row],[file name]])))-SEARCH("/",RIGHT(Tableau46[[#This Row],[file name]],LEN(Tableau46[[#This Row],[file name]])-SEARCH("@",Tableau46[[#This Row],[file name]])))),1) -> F | C83: C:\Users\andre\Desktop\REACTIV CEFAS\Dutasteride\Dutasteride/20201202_Cefas_Test8_Run2/Plate 1/@14/F9_01.tif | D83: 43281.4192 | E83: 40.1344 | G83: 1737075
A84: =IFERROR(LEFT(RIGHT(C84,LEN(C84)-SEARCH("@",C84)),SEARCH("/",RIGHT(C84,LEN(C84)-SEARCH("@",C84)-1))),"") -> 14 | B84: =LEFT(RIGHT(RIGHT(Tableau46[[#This Row],[file name]],LEN(Tableau46[[#This Row],[file name]])-SEARCH("@",Tableau46[[#This Row],[file name]])),LEN(RIGHT(Tableau46[[#This Row],[file name]],LEN(Tableau46[[#This Row],[file name]])-SEARCH("@",Tableau46[[#This Row],[file name]])))-SEARCH("/",RIGHT(Tableau46[[#This Row],[file name]],LEN(Tableau46[[#This Row],[file name]])-SEARCH("@",Tableau46[[#This Row],[file name]])))),1) -> F | C84: C:\Users\andre\Desktop\REACTIV CEFAS\Dutasteride\Dutasteride/20201202_Cefas_Test8_Run2/Plate 1/@14/F9_02.tif | D84: 47672.2878 | E84: 41.4723 | G84: 1977081
A85: =IFERROR(LEFT(RIGHT(C85,LEN(C85)-SEARCH("@",C85)),SEARCH("/",RIGHT(C85,LEN(C85)-SEARCH("@",C85)-1))),"") -> 14 | B85: =LEFT(RIGHT(RIGHT(Tableau46[[#This Row],[file name]],LEN(Tableau46[[#This Row],[file name]])-SEARCH("@",Tableau46[[#This Row],[file name]])),LEN(RIGHT(Tableau46[[#This Row],[file name]],LEN(Tableau46[[#This Row],[file name]])-SEARCH("@",Tableau46[[#This Row],[file name]])))-SEARCH("/",RIGHT(Tableau46[[#This Row],[file name]],LEN(Tableau46[[#This Row],[file name]])-SEARCH("@",Tableau46[[#This Row],[file name]])))),1) -> F | C85: C:\Users\andre\Desktop\REACTIV CEFAS\Dutasteride\Dutasteride/20201202_Cefas_Test8_Run2/Plate 1/@14/F9_03.tif | D85: 43216.5295 | E85: 37.7492 | G85: 1631392
A86: =IFERROR(LEFT(RIGHT(C86,LEN(C86)-SEARCH("@",C86)),SEARCH("/",RIGHT(C86,LEN(C86)-SEARCH("@",C86)-1))),"") -> 14 | B86: =LEFT(RIGHT(RIGHT(Tableau46[[#This Row],[file name]],LEN(Tableau46[[#This Row],[file name]])-SEARCH("@",Tableau46[[#This Row],[file name]])),LEN(RIGHT(Tableau46[[#This Row],[file name]],LEN(Tableau46[[#This Row],[file name]])-SEARCH("@",Tableau46[[#This Row],[file name]])))-SEARCH("/",RIGHT(Tableau46[[#This Row],[file name]],LEN(Tableau46[[#This Row],[file name]])-SEARCH("@",Tableau46[[#This Row],[file name]])))),1) -> G | C86: C:\Users\andre\Desktop\REACTIV CEFAS\Dutasteride\Dutasteride/20201202_Cefas_Test8_Run2/Plate 1/@14/G9_01- exclu.tif
A87: =IFERROR(LEFT(RIGHT(C87,LEN(C87)-SEARCH("@",C87)),SEARCH("/",RIGHT(C87,LEN(C87)-SEARCH("@",C87)-1))),"") -> 14 | B87: =LEFT(RIGHT(RIGHT(Tableau46[[#This Row],[file name]],LEN(Tableau46[[#This Row],[file name]])-SEARCH("@",Tableau46[[#This Row],[file name]])),LEN(RIGHT(Tableau46[[#This Row],[file name]],LEN(Tableau46[[#This Row],[file name]])-SEARCH("@",Tableau46[[#This Row],[file name]])))-SEARCH("/",RIGHT(Tableau46[[#This Row],[file name]],LEN(Tableau46[[#This Row],[file name]])-SEARCH("@",Tableau46[[#This Row],[file name]])))),1) -> G | C87: C:\Users\andre\Desktop\REACTIV CEFAS\Dutasteride\Dutasteride/20201202_Cefas_Test8_Run2/Plate 1/@14/G9_02.tif | D87: 9884.8618 | E87: 37.8512 | G87: 374154
A88: =IFERROR(LEFT(RIGHT(C88,LEN(C88)-SEARCH("@",C88)),SEARCH("/",RIGHT(C88,LEN(C88)-SEARCH("@",C88)-1))),"") -> 14 | B88: =LEFT(RIGHT(RIGHT(Tableau46[[#This Row],[file name]],LEN(Tableau46[[#This Row],[file name]])-SEARCH("@",Tableau46[[#This Row],[file name]])),LEN(RIGHT(Tableau46[[#This Row],[file name]],LEN(Tableau46[[#This Row],[file name]])-SEARCH("@",Tableau46[[#This Row],[file name]])))-SEARCH("/",RIGHT(Tableau46[[#This Row],[file name]],LEN(Tableau46[[#This Row],[file name]])-SEARCH("@",Tableau46[[#This Row],[file name]])))),1) -> G | C88: C:\Users\andre\Desktop\REACTIV CEFAS\Dutasteride\Dutasteride/20201202_Cefas_Test8_Run2/Plate 1/@14/G9_03.tif | D88: 19380.3856 | E88: 34.3605 | G88: 665920
A89: =IFERROR(LEFT(RIGHT(C89,LEN(C89)-SEARCH("@",C89)),SEARCH("/",RIGHT(C89,LEN(C89)-SEARCH("@",C89)-1))),"") -> 14 | B89: =LEFT(RIGHT(RIGHT(Tableau46[[#This Row],[file name]],LEN(Tableau46[[#This Row],[file name]])-SEARCH("@",Tableau46[[#This Row],[file name]])),LEN(RIGHT(Tableau46[[#This Row],[file name]],LEN(Tableau46[[#This Row],[file name]])-SEARCH("@",Tableau46[[#This Row],[file name]])))-SEARCH("/",RIGHT(Tableau46[[#This Row],[file name]],LEN(Tableau46[[#This Row],[file name]])-SEARCH("@",Tableau46[[#This Row],[file name]])))),1) -> H | C89: C:\Users\andre\Desktop\REACTIV CEFAS\Dutasteride\Dutasteride/20201202_Cefas_Test8_Run2/Plate 1/@14/H9_01- exclu.tif
A90: =IFERROR(LEFT(RIGHT(C90,LEN(C90)-SEARCH("@",C90)),SEARCH("/",RIGHT(C90,LEN(C90)-SEARCH("@",C90)-1))),"") -> 14 | B90: =LEFT(RIGHT(RIGHT(Tableau46[[#This Row],[file name]],LEN(Tableau46[[#This Row],[file name]])-SEARCH("@",Tableau46[[#This Row],[file name]])),LEN(RIGHT(Tableau46[[#This Row],[file name]],LEN(Tableau46[[#This Row],[file name]])-SEARCH("@",Tableau46[[#This Row],[file name]])))-SEARCH("/",RIGHT(Tableau46[[#This Row],[file name]],LEN(Tableau46[[#This Row],[file name]])-SEARCH("@",Tableau46[[#This Row],[file name]])))),1) -> H | C90: C:\Users\andre\Desktop\REACTIV CEFAS\Dutasteride\Dutasteride/20201202_Cefas_Test8_Run2/Plate 1/@14/H9_02- exclu.tif
A91: =IFERROR(LEFT(RIGHT(C91,LEN(C91)-SEARCH("@",C91)),SEARCH("/",RIGHT(C91,LEN(C91)-SEARCH("@",C91)-1))),"") -> 14 | B91: =LEFT(RIGHT(RIGHT(Tableau46[[#This Row],[file name]],LEN(Tableau46[[#This Row],[file name]])-SEARCH("@",Tableau46[[#This Row],[file name]])),LEN(RIGHT(Tableau46[[#This Row],[file name]],LEN(Tableau46[[#This Row],[file name]])-SEARCH("@",Tableau46[[#This Row],[file name]])))-SEARCH("/",RIGHT(Tableau46[[#This Row],[file name]],LEN(Tableau46[[#This Row],[file name]])-SEARCH("@",Tableau46[[#This Row],[file name]])))),1) -> H | C91: C:\Users\andre\Desktop\REACTIV CEFAS\Dutasteride\Dutasteride/20201202_Cefas_Test8_Run2/Plate 1/@14/H9_03- exclu.tif
A92: =IFERROR(LEFT(RIGHT(C92,LEN(C92)-SEARCH("@",C92)),SEARCH("/",RIGHT(C92,LEN(C92)-SEARCH("@",C92)-1))),"") | B92: =LEFT(RIGHT(RIGHT(Tableau46[[#This Row],[file name]],LEN(Tableau46[[#This Row],[file name]])-SEARCH("@",Tableau46[[#This Row],[file name]])),LEN(RIGHT(Tableau46[[#This Row],[file name]],LEN(Tableau46[[#This Row],[file name]])-SEARCH("@",Tableau46[[#This Row],[file name]])))-SEARCH("/",RIGHT(Tableau46[[#This Row],[file name]],LEN(Tableau46[[#This Row],[file name]])-SEARCH("@",Tableau46[[#This Row],[file name]])))),1) -> #VALUE!
A93: =IFERROR(LEFT(RIGHT(C93,LEN(C93)-SEARCH("@",C93)),SEARCH("/",RIGHT(C93,LEN(C93)-SEARCH("@",C93)-1))),"") | B93: =LEFT(RIGHT(RIGHT(Tableau46[[#This Row],[file name]],LEN(Tableau46[[#This Row],[file name]])-SEARCH("@",Tableau46[[#This Row],[file name]])),LEN(RIGHT(Tableau46[[#This Row],[file name]],LEN(Tableau46[[#This Row],[file name]])-SEARCH("@",Tableau46[[#This Row],[file name]])))-SEARCH("/",RIGHT(Tableau46[[#This Row],[file name]],LEN(Tableau46[[#This Row],[file name]])-SEARCH("@",Tableau46[[#This Row],[file name]])))),1) -> #VALUE! | C93: group | E93: mean of mean fluo | F93: SD mean fluo | G93: mean of total fluo | H93: SD total fluo | I93: n fluorescent | J93: n total
A94: =IFERROR(LEFT(RIGHT(C94,LEN(C94)-SEARCH("@",C94)),SEARCH("/",RIGHT(C94,LEN(C94)-SEARCH("@",C94)-1))),"") -> 14 | B94: =LEFT(RIGHT(RIGHT(Tableau46[[#This Row],[file name]],LEN(Tableau46[[#This Row],[file name]])-SEARCH("@",Tableau46[[#This Row],[file name]])),LEN(RIGHT(Tableau46[[#This Row],[file name]],LEN(Tableau46[[#This Row],[file name]])-SEARCH("@",Tableau46[[#This Row],[file name]])))-SEARCH("/",RIGHT(Tableau46[[#This Row],[file name]],LEN(Tableau46[[#This Row],[file name]])-SEARCH("@",Tableau46[[#This Row],[file name]])))),1) | C94: C:\Users\andre\Desktop\REACTIV CEFAS\Dutasteride\Dutasteride/20201202_Cefas_Test8_Run2/Plate 1/@14/ | E94: 34.107 | F94: 10.8395 | G94: 1184338.71 | H94: 693196.339 | I94: 22 | J94: 24
A95: =IFERROR(LEFT(RIGHT(C95,LEN(C95)-SEARCH("@",C95)),SEARCH("/",RIGHT(C95,LEN(C95)-SEARCH("@",C95)-1))),"") | B95: =LEFT(RIGHT(RIGHT(Tableau46[[#This Row],[file name]],LEN(Tableau46[[#This Row],[file name]])-SEARCH("@",Tableau46[[#This Row],[file name]])),LEN(RIGHT(Tableau46[[#This Row],[file name]],LEN(Tableau46[[#This Row],[file name]])-SEARCH("@",Tableau46[[#This Row],[file name]])))-SEARCH("/",RIGHT(Tableau46[[#This Row],[file name]],LEN(Tableau46[[#This Row],[file name]])-SEARCH("@",Tableau46[[#This Row],[file name]])))),1) -> #VALUE!
A96: =IFERROR(LEFT(RIGHT(C96,LEN(C96)-SEARCH("@",C96)),SEARCH("/",RIGHT(C96,LEN(C96)-SEARCH("@",C96)-1))),"") | B96: =LEFT(RIGHT(RIGHT(Tableau46[[#This Row],[file name]],LEN(Tableau46[[#This Row],[file name]])-SEARCH("@",Tableau46[[#This Row],[file name]])),LEN(RIGHT(Tableau46[[#This Row],[file name]],LEN(Tableau46[[#This Row],[file name]])-SEARCH("@",Tableau46[[#This Row],[file name]])))-SEARCH("/",RIGHT(Tableau46[[#This Row],[file name]],LEN(Tableau46[[#This Row],[file name]])-SEARCH("@",Tableau46[[#This Row],[file name]])))),1) -> #VALUE!
A97: =IFERROR(LEFT(RIGHT(C97,LEN(C97)-SEARCH("@",C97)),SEARCH("/",RIGHT(C97,LEN(C97)-SEARCH("@",C97)-1))),"") | B97: =LEFT(RIGHT(RIGHT(Tableau46[[#This Row],[file name]],LEN(Tableau46[[#This Row],[file name]])-SEARCH("@",Tableau46[[#This Row],[file name]])),LEN(RIGHT(Tableau46[[#This Row],[file name]],LEN(Tableau46[[#This Row],[file name]])-SEARCH("@",Tableau46[[#This Row],[file name]])))-SEARCH("/",RIGHT(Tableau46[[#This Row],[file name]],LEN(Tableau46[[#This Row],[file name]])-SEARCH("@",Tableau46[[#This Row],[file name]])))),1) -> #VALUE!
A98: =IFERROR(LEFT(RIGHT(C98,LEN(C98)-SEARCH("@",C98)),SEARCH("/",RIGHT(C98,LEN(C98)-SEARCH("@",C98)-1))),"") | B98: =LEFT(RIGHT(RIGHT(Tableau46[[#This Row],[file name]],LEN(Tableau46[[#This Row],[file name]])-SEARCH("@",Tableau46[[#This Row],[file name]])),LEN(RIGHT(Tableau46[[#This Row],[file name]],LEN(Tableau46[[#This Row],[file name]])-SEARCH("@",Tableau46[[#This Row],[file name]])))-SEARCH("/",RIGHT(Tableau46[[#This Row],[file name]],LEN(Tableau46[[#This Row],[file name]])-SEARCH("@",Tableau46[[#This Row],[file name]])))),1) -> #VALUE!
A99: =IFERROR(LEFT(RIGHT(C99,LEN(C99)-SEARCH("@",C99)),SEARCH("/",RIGHT(C99,LEN(C99)-SEARCH("@",C99)-1))),"") | B99: =LEFT(RIGHT(RIGHT(Tableau46[[#This Row],[file name]],LEN(Tableau46[[#This Row],[file name]])-SEARCH("@",Tableau46[[#This Row],[file name]])),LEN(RIGHT(Tableau46[[#This Row],[file name]],LEN(Tableau46[[#This Row],[file name]])-SEARCH("@",Tableau46[[#This Row],[file name]])))-SEARCH("/",RIGHT(Tableau46[[#This Row],[file name]],LEN(Tableau46[[#This Row],[file name]])-SEARCH("@",Tableau46[[#This Row],[file name]])))),1) -> #VALUE!
A100: =IFERROR(LEFT(RIGHT(C100,LEN(C100)-SEARCH("@",C100)),SEARCH("/",RIGHT(C100,LEN(C100)-SEARCH("@",C100)-1))),"") | B100: =LEFT(RIGHT(RIGHT(Tableau46[[#This Row],[file name]],LEN(Tableau46[[#This Row],[file name]])-SEARCH("@",Tableau46[[#This Row],[file name]])),LEN(RIGHT(Tableau46[[#This Row],[file name]],LEN(Tableau46[[#This Row],[file name]])-SEARCH("@",Tableau46[[#This Row],[file name]])))-SEARCH("/",RIGHT(Tableau46[[#This Row],[file name]],LEN(Tableau46[[#This Row],[file name]])-SEARCH("@",Tableau46[[#This Row],[file name]])))),1) -> #VALUE! | C100: file name | D100: total area | E100: mean intensity | G100: total fluorescence
...

Sheet R2
A1: 6. Expérimentateur 2 : copier et coller les valeurs des intensités totales de fluorescences obtenues dans le fichier raw data lors du traitement des images. Ne pas supprimer les colonnes correspondant aux concentrations non lues.
A3: R2 | B3: Non dopé | O3: avec testo
A4: Noms des groupes | B4: ='Page de garde'!A7 -> Témoin solvant | C4: ='Page de garde'!A9 -> EE2-33.8ng/L | D4: ='Page de garde'!A10 -> EE2-50.6ng/L | E4: ='Page de garde'!A11 -> EE2-76ng/L | F4: ='Page de garde'!A12 -> EE2-114ng/L | G4: ='Page de garde'!A13 -> EE2-170.9ng/L | H4: ='Page de garde'!A14 -> EE2-488ng/L | I4: ='Page de garde'!A15 -> DUS-10µg/L | J4: ='Page de garde'!A16 -> DUS-100µg/L | K4: ='Page de garde'!A17 -> DUS-250µg/L | L4: ='Page de garde'!A18 -> DUS-500µg/L | M4: ='Page de garde'!A19 -> DUS-1000µg/L | O4: ='Page de garde'!A36 -> Testo -30µg/L | P4: ='Page de garde'!A37 -> Testo 30µg/L + EE2 -64ng/L | Q4: ='Page de garde'!A38 -> Testo 30µg/L + FAD-10mg/L | R4: ='Page de garde'!A39 -> DUS-10µg/L + Testostérone | S4: ='Page de garde'!A40 -> DUS-100µg/L + Testostérone | T4: ='Page de garde'!A41 -> DUS-250µg/L + Testostérone | U4: ='Page de garde'!A42 -> DUS-500µg/L + Testostérone | V4: ='Page de garde'!A43 -> DUS-1000µg/L + Testostérone | W4: ='Page de garde'!A44 -> 0-00 + Testostérone | X4: ='Page de garde'!A45 -> 0-00 + Testostérone | Y4: ='Page de garde'!A46 -> 0-00 + Testostérone | Z4: ='Page de garde'!A47 -> 0-00 + Testostérone | AA4: ='Page de garde'!A48 -> 0-00 + Testostérone | AB4: ='Page de garde'!A49 -> 0-00 + Testostérone | AC4: ='Page de garde'!A50 -> 0-00 + Testostérone | AD4: ='Page de garde'!A51 -> 0-00 + Testostérone | AE4: ='Page de garde'!A52 -> 0-00 + Testostérone | AF4: ='Page de garde'!A53 -> 0-00 + Testostérone | AG4: ='Page de garde'!A54 -> 0-00 + Testostérone | AH4: ='Page de garde'!A55 -> 0-00 + Testostérone | AI4: ='Page de garde'!A56 -> 0-00 + Testostérone | AJ4: ='Page de garde'!A57 -> 0-00 + Testostérone | AK4: ='Page de garde'!A58 -> 0-00 + Testostérone
A5: Données brutes | B5: 18118.667 | C5: 94472.333 | E5: 277785.67 | F5: 1405950.3 | G5: 3238918 | H5: 3124344.3 | J5: 252478.67 | K5: 0 | L5: 83535 | M5: 0 | O5: 2048668.3 | P5: 2920944.3 | Q5: 128582.67 | R5: 619783 | S5: 1835556 | T5: 2539018 | U5: 3511267.3 | V5: 1404486.7
B6: 8197.6667 | C6: 125850 | D6: 95481.667 | E6: 2153807.5 | F6: 2301046 | G6: 1458518 | H6: 4293166.5 | I6: 216.33333 | J6: 262918.33 | K6: 169347.67 | L6: 154773 | M6: 161452.67 | O6: 1030664.5 | P6: 5795925 | Q6: 414940.67 | R6: 242117.67 | S6: 773074.33 | T6: 225297 | U6: 1773377.3 | V6: 2256329.3
B7: 294974 | C7: 755402 | D7: 66699.333 | E7: 1621716 | F7: 1833544.7 | G7: 3834764 | H7: 5063601.7 | I7: 251714 | J7: 58112.333 | K7: 64284 | L7: 127818.33 | M7: 151770 | O7: 29452.667 | P7: 4201325.7 | Q7: 99187.333 | R7: 490724.67 | S7: 2993902 | U7: 1672776.7 | V7: 13843.333
C8: 78019 | D8: 375084 | E8: 1373051.7 | F8: 1930973 | G8: 3732022 | H8: 5149155 | I8: 63130.667 | J8: 9488.3333 | L8: 20577.333 | M8: 80838.333 | O8: 2786961.3 | P8: 1984304.7 | Q8: 428488 | S8: 3030716 | T8: 3240987 | U8: 3992078.3 | V8: 1074039.7
B9: 238195.67 | C9: 117616 | F9: 1683959.7 | G9: 3645026.7 | H9: 3529948.7 | I9: 27196 | J9: 123132 | K9: 6020.3333 | L9: 341666 | M9: 241490.33 | O9: 331337.5 | P9: 1666475.3 | Q9: 101876.67 | R9: 2682842.3 | S9: 2686533.7 | T9: 3398027.7 | U9: 3494482.3 | V9: 1486255
B10: 197307.67 | C10: 83376 | D10: 21413.667 | E10: 1729764.3 | F10: 2228073.7 | G10: 3275328.7 | H10: 5272294.3 | I10: 157105 | J10: 111819 | K10: 35949 | L10: 39842 | M10: 34954 | O10: 362762.33 | P10: 4919063.7 | Q10: 189679.67 | R10: 1992034 | S10: 3503776 | T10: 3383204 | U10: 2284729.7 | V10: 1924649.7
B11: 179182 | C11: 193451 | D11: 198908.5 | E11: 490616.33 | F11: 2143789.3 | G11: 3455606.3 | H11: 5044639.3 | I11: 141848.67 | J11: 198966.33 | K11: 287893.67 | L11: 15761 | M11: 0 | O11: 378804 | P11: 4585956 | Q11: 7267.6667 | R11: 494459 | S11: 2950267.3 | T11: 656409.33 | U11: 3838794.3 | V11: 1776182
B12: 115114.67 | C12: 120269.33 | D12: 50689.5 | F12: 700491.67 | G12: 2214879.3 | I12: 209254.67 | K12: 320756.67 | L12: 30920 | M12: 2782059 | O12: 1673642 | P12: 3608732 | Q12: 13533 | R12: 193595 | S12: 949693 | T12: 2439405.3 | U12: 1583229 | V12: 2665614
O13: 1995761.7
O14: 1461409.7
O15: 1148439
O16: 1702381
O17: 689510.67
O18: 1781849.3
O19: 520037
A22: =A4 -> Noms des groupes | B22: =B4 -> Témoin solvant | C22: =C4 -> EE2-33.8ng/L | D22: =D4 -> EE2-50.6ng/L | E22: =E4 -> EE2-76ng/L | F22: =F4 -> EE2-114ng/L | G22: =G4 -> EE2-170.9ng/L | H22: =H4 -> EE2-488ng/L | ... M22: =M4 -> DUS-1000µg/L | N22: Noms des groupes | O22: =O4 -> Testo -30µg/L | P22: =P4 -> Testo 30µg/L + EE2 -64ng/L | Q22: =Q4 -> Testo 30µg/L + FAD-10mg/L | R22: =R4 -> DUS-10µg/L + Testostérone | S22: =S4 -> DUS-100µg/L + Testostérone | T22: =T4 -> DUS-250µg/L + Testostérone | U22: =U4 -> DUS-500µg/L + Testostérone | V22: =V4 -> DUS-1000µg/L + Testostérone | ... AK22: =AK4 -> 0-00 + Testostérone
A23: mean | B23: =AVERAGE(B5:B20) -> 150155.76 | C23: =AVERAGE(C5:C20) -> 196056.96 | D23: =AVERAGE(D5:D20) -> 134712.78 | E23: =AVERAGE(E5:E20) -> 1274456.9 | F23: =AVERAGE(F5:F20) -> 1778478.5 | G23: =AVERAGE(G5:G20) -> 3106882.9 | H23: =AVERAGE(H5:H20) -> 4496735.7 | I23: =AVERAGE(I5:I20) -> 121495.05 | J23: =AVERAGE(J5:J20) -> 145273.57 | L23: =AVERAGE(L5:L20) -> 101861.58 | N23: mean | O23: =AVERAGE(O5:O20) -> 1196112.1 | P23: =AVERAGE(P5:P20) -> 3710340.8 | Q23: =AVERAGE(Q5:Q20) -> 172944.46 | R23: =AVERAGE(R5:R20) -> 959365.1 | S23: =AVERAGE(S5:S20) -> 2340439.8 | T23: =AVERAGE(T5:T20) -> 2268906.9 | U23: =AVERAGE(U5:U20) -> 2768841.9 | V23: =AVERAGE(V5:V20) -> 1575175 | ... AK23: =AVERAGE(AK5:AK20) -> #DIV/0!
A24: SD | B24: =STDEV(B5:B20) -> 108476.53 | C24: =STDEV(C5:C20) -> 228863.29 | D24: =STDEV(D5:D20) -> 132635.53 | E24: =STDEV(E5:E20) -> 737378.02 | F24: =STDEV(F5:F20) -> 527083.37 | G24: =STDEV(G5:G20) -> 835840.12 | H24: =STDEV(H5:H20) -> 866819.2 | I24: =STDEV(I5:I20) -> 94294.134 | J24: =STDEV(J5:J20) -> 96488.605 | L24: =STDEV(L5:L20) -> 109684.59 | N24: SD | O24: =STDEV(O5:O20) -> 802214.29 | P24: =STDEV(P5:P20) -> 1444620.5 | Q24: =STDEV(Q5:Q20) -> 164518.46 | R24: =STDEV(R5:R20) -> 973713.18 | S24: =STDEV(S5:S20) -> 1027773.9 | T24: =STDEV(T5:T20) -> 1312759.9 | U24: =STDEV(U5:U20) -> 1038625.9 | V24: =STDEV(V5:V20) -> 805472.29 | ... AK24: =STDEV(AK5:AK20) -> #DIV/0!
B26: Non dopé | O26: avec testo
