Workbook

Sheet Page de garde
A1: 1. Expérimentateur 1 : copier et coller le n° de prestation et renseigner la date de réalisation de chaque réplica ainsi que le visa de l'expérimentateur.
A2: R1 | B2: Numéro d'expérience : | E2: Date de réalisation :
A3: R2 | B3: Numéro d'expérience : | E3: Date de réalisation :
A4: R3 | B4: Numéro d'expérience : | E4: Date de réalisation :
A5: 2. Expérimentateur 1 : copier et coller la dilution appliquée et le nom donné pour chaque des échantillons par le client. Conserver la mise en forme de l'exemple en italique. Ne pas remplir la colonne "nom sur graphique".
A6: Nom sur le graphique | B6: Code WF | C6: Concentration | D6: Unité | E6: Nom de l'échantillon donné par le client | F6: Dopage (+Testostérone / + EE2, ….)
A7: =IF(ISBLANK(liste_groupe[[#This Row],[Code WF]])," ",IF(ISBLANK(liste_groupe[[#This Row],[Unité]]),CONCATENATE(liste_groupe[[#This Row],[Nom de l''échantillon donné par le client]],liste_groupe[[#This Row],[Dopage (+Testostérone / + EE2, ….)]]),CONCATENATE(liste_groupe[[#This Row],[Nom de l''échantillon donné par le client]],"-",liste_groupe[[#This Row],[Concentration]],liste_groupe[[#This Row],[Unité]],liste_groupe[[#This Row],[Dopage (+Testostérone / + EE2, ….)]]))) -> Témoin solvant | B7: Témoin | E7: Témoin solvant
A8: =IF(ISBLANK(liste_groupe[[#This Row],[Code WF]])," ",IF(ISBLANK(liste_groupe[[#This Row],[Unité]]),CONCATENATE(liste_groupe[[#This Row],[Nom de l''échantillon donné par le client]],liste_groupe[[#This Row],[Dopage (+Testostérone / + EE2, ….)]]),CONCATENATE(liste_groupe[[#This Row],[Nom de l''échantillon donné par le client]],"-",liste_groupe[[#This Row],[Concentration]],liste_groupe[[#This Row],[Unité]],liste_groupe[[#This Row],[Dopage (+Testostérone / + EE2, ….)]]))) -> EE2-22,5ng/L | B8: Témoin | C8: 22.5 | D8: ng/L | E8: EE2
A9: =IF(ISBLANK(liste_groupe[[#This Row],[Code WF]])," ",IF(ISBLANK(liste_groupe[[#This Row],[Unité]]),CONCATENATE(liste_groupe[[#This Row],[Nom de l''échantillon donné par le client]],liste_groupe[[#This Row],[Dopage (+Testostérone / + EE2, ….)]]),CONCATENATE(liste_groupe[[#This Row],[Nom de l''échantillon donné par le client]],"-",liste_groupe[[#This Row],[Concentration]],liste_groupe[[#This Row],[Unité]],liste_groupe[[#This Row],[Dopage (+Testostérone / + EE2, ….)]]))) -> EE2-33,8ng/L | B9: Témoin | C9: 33.8 | D9: ng/L | E9: EE2
A10: =IF(ISBLANK(liste_groupe[[#This Row],[Code WF]])," ",IF(ISBLANK(liste_groupe[[#This Row],[Unité]]),CONCATENATE(liste_groupe[[#This Row],[Nom de l''échantillon donné par le client]],liste_groupe[[#This Row],[Dopage (+Testostérone / + EE2, ….)]]),CONCATENATE(liste_groupe[[#This Row],[Nom de l''échantillon donné par le client]],"-",liste_groupe[[#This Row],[Concentration]],liste_groupe[[#This Row],[Unité]],liste_groupe[[#This Row],[Dopage (+Testostérone / + EE2, ….)]]))) -> EE2-50,6ng/L | B10: Témoin | C10: 50.6 | D10: ng/L | E10: EE2
A11: =IF(ISBLANK(liste_groupe[[#This Row],[Code WF]])," ",IF(ISBLANK(liste_groupe[[#This Row],[Unité]]),CONCATENATE(liste_groupe[[#This Row],[Nom de l''échantillon donné par le client]],liste_groupe[[#This Row],[Dopage (+Testostérone / + EE2, ….)]]),CONCATENATE(liste_groupe[[#This Row],[Nom de l''échantillon donné par le client]],"-",liste_groupe[[#This Row],[Concentration]],liste_groupe[[#This Row],[Unité]],liste_groupe[[#This Row],[Dopage (+Testostérone / + EE2, ….)]]))) -> EE2-76ng/L | B11: Témoin | C11: 76 | D11: ng/L | E11: EE2
A12: =IF(ISBLANK(liste_groupe[[#This Row],[Code WF]])," ",IF(ISBLANK(liste_groupe[[#This Row],[Unité]]),CONCATENATE(liste_groupe[[#This Row],[Nom de l''échantillon donné par le client]],liste_groupe[[#This Row],[Dopage (+Testostérone / + EE2, ….)]]),CONCATENATE(liste_groupe[[#This Row],[Nom de l''échantillon donné par le client]],"-",liste_groupe[[#This Row],[Concentration]],liste_groupe[[#This Row],[Unité]],liste_groupe[[#This Row],[Dopage (+Testostérone / + EE2, ….)]]))) -> EE2-114ng/L | B12: Témoin | C12: 114 | D12: ng/L | E12: EE2
A13: =IF(ISBLANK(liste_groupe[[#This Row],[Code WF]])," ",IF(ISBLANK(liste_groupe[[#This Row],[Unité]]),CONCATENATE(liste_groupe[[#This Row],[Nom de l''échantillon donné par le client]],liste_groupe[[#This Row],[Dopage (+Testostérone / + EE2, ….)]]),CONCATENATE(liste_groupe[[#This Row],[Nom de l''échantillon donné par le client]],"-",liste_groupe[[#This Row],[Concentration]],liste_groupe[[#This Row],[Unité]],liste_groupe[[#This Row],[Dopage (+Testostérone / + EE2, ….)]]))) -> EE2-170,9ng/L | B13: Témoin | C13: 170.9 | D13: ng/L | E13: EE2
A14: =IF(ISBLANK(liste_groupe[[#This Row],[Code WF]])," ",IF(ISBLANK(liste_groupe[[#This Row],[Unité]]),CONCATENATE(liste_groupe[[#This Row],[Nom de l''échantillon donné par le client]],liste_groupe[[#This Row],[Dopage (+Testostérone / + EE2, ….)]]),CONCATENATE(liste_groupe[[#This Row],[Nom de l''échantillon donné par le client]],"-",liste_groupe[[#This Row],[Concentration]],liste_groupe[[#This Row],[Unité]],liste_groupe[[#This Row],[Dopage (+Testostérone / + EE2, ….)]]))) -> EE2-488ng/L | B14: Témoin | C14: 488 | D14: ng/L | E14: EE2
A15: CRO-0.1µg/L | B15: Chemical | C15: 0.1 | D15: µg/L | E15: CRO
A16: CRO-1µg/L | B16: Chemical | C16: 1 | D16: µg/L | E16: CRO
A17: CRO-10µg/L | B17: Chemical | C17: 10 | D17: µg/L | E17: CRO
A18: CRO-100µg/L | B18: Chemical | C18: 100 | D18: µg/L | E18: CRO
A19: CRO-1000µg/L | B19: Chemical | C19: 1000 | D19: µg/L | E19: CRO
A20: =IF(ISBLANK(liste_groupe[[#This Row],[Code WF]])," ",IF(ISBLANK(liste_groupe[[#This Row],[Unité]]),CONCATENATE(liste_groupe[[#This Row],[Nom de l''échantillon donné par le client]],liste_groupe[[#This Row],[Dopage (+Testostérone / + EE2, ….)]]),CONCATENATE(liste_groupe[[#This Row],[Nom de l''échantillon donné par le client]],"-",liste_groupe[[#This Row],[Concentration]],liste_groupe[[#This Row],[Unité]],liste_groupe[[#This Row],[Dopage (+Testostérone / + EE2, ….)]])))
A21: =IF(ISBLANK(liste_groupe[[#This Row],[Code WF]])," ",IF(ISBLANK(liste_groupe[[#This Row],[Unité]]),CONCATENATE(liste_groupe[[#This Row],[Nom de l''échantillon donné par le client]],liste_groupe[[#This Row],[Dopage (+Testostérone / + EE2, ….)]]),CONCATENATE(liste_groupe[[#This Row],[Nom de l''échantillon donné par le client]],"-",liste_groupe[[#This Row],[Concentration]],liste_groupe[[#This Row],[Unité]],liste_groupe[[#This Row],[Dopage (+Testostérone / + EE2, ….)]])))
A22: =IF(ISBLANK(liste_groupe[[#This Row],[Code WF]])," ",IF(ISBLANK(liste_groupe[[#This Row],[Unité]]),CONCATENATE(liste_groupe[[#This Row],[Nom de l''échantillon donné par le client]],liste_groupe[[#This Row],[Dopage (+Testostérone / + EE2, ….)]]),CONCATENATE(liste_groupe[[#This Row],[Nom de l''échantillon donné par le client]],"-",liste_groupe[[#This Row],[Concentration]],liste_groupe[[#This Row],[Unité]],liste_groupe[[#This Row],[Dopage (+Testostérone / + EE2, ….)]])))
A23: =IF(ISBLANK(liste_groupe[[#This Row],[Code WF]])," ",IF(ISBLANK(liste_groupe[[#This Row],[Unité]]),CONCATENATE(liste_groupe[[#This Row],[Nom de l''échantillon donné par le client]],liste_groupe[[#This Row],[Dopage (+Testostérone / + EE2, ….)]]),CONCATENATE(liste_groupe[[#This Row],[Nom de l''échantillon donné par le client]],"-",liste_groupe[[#This Row],[Concentration]],liste_groupe[[#This Row],[Unité]],liste_groupe[[#This Row],[Dopage (+Testostérone / + EE2, ….)]])))
A24: =IF(ISBLANK(liste_groupe[[#This Row],[Code WF]])," ",IF(ISBLANK(liste_groupe[[#This Row],[Unité]]),CONCATENATE(liste_groupe[[#This Row],[Nom de l''échantillon donné par le client]],liste_groupe[[#This Row],[Dopage (+Testostérone / + EE2, ….)]]),CONCATENATE(liste_groupe[[#This Row],[Nom de l''échantillon donné par le client]],"-",liste_groupe[[#This Row],[Concentration]],liste_groupe[[#This Row],[Unité]],liste_groupe[[#This Row],[Dopage (+Testostérone / + EE2, ….)]])))
A25: =IF(ISBLANK(liste_groupe[[#This Row],[Code WF]])," ",IF(ISBLANK(liste_groupe[[#This Row],[Unité]]),CONCATENATE(liste_groupe[[#This Row],[Nom de l''échantillon donné par le client]],liste_groupe[[#This Row],[Dopage (+Testostérone / + EE2, ….)]]),CONCATENATE(liste_groupe[[#This Row],[Nom de l''échantillon donné par le client]],"-",liste_groupe[[#This Row],[Concentration]],liste_groupe[[#This Row],[Unité]],liste_groupe[[#This Row],[Dopage (+Testostérone / + EE2, ….)]])))
A26: =IF(ISBLANK(liste_groupe[[#This Row],[Code WF]])," ",IF(ISBLANK(liste_groupe[[#This Row],[Unité]]),CONCATENATE(liste_groupe[[#This Row],[Nom de l''échantillon donné par le client]],liste_groupe[[#This Row],[Dopage (+Testostérone / + EE2, ….)]]),CONCATENATE(liste_groupe[[#This Row],[Nom de l''échantillon donné par le client]],"-",liste_groupe[[#This Row],[Concentration]],liste_groupe[[#This Row],[Unité]],liste_groupe[[#This Row],[Dopage (+Testostérone / + EE2, ….)]])))
A27: =IF(ISBLANK(liste_groupe[[#This Row],[Code WF]])," ",IF(ISBLANK(liste_groupe[[#This Row],[Unité]]),CONCATENATE(liste_groupe[[#This Row],[Nom de l''échantillon donné par le client]],liste_groupe[[#This Row],[Dopage (+Testostérone / + EE2, ….)]]),CONCATENATE(liste_groupe[[#This Row],[Nom de l''échantillon donné par le client]],"-",liste_groupe[[#This Row],[Concentration]],liste_groupe[[#This Row],[Unité]],liste_groupe[[#This Row],[Dopage (+Testostérone / + EE2, ….)]])))
A28: =IF(ISBLANK(liste_groupe[[#This Row],[Code WF]])," ",IF(ISBLANK(liste_groupe[[#This Row],[Unité]]),CONCATENATE(liste_groupe[[#This Row],[Nom de l''échantillon donné par le client]],liste_groupe[[#This Row],[Dopage (+Testostérone / + EE2, ….)]]),CONCATENATE(liste_groupe[[#This Row],[Nom de l''échantillon donné par le client]],"-",liste_groupe[[#This Row],[Concentration]],liste_groupe[[#This Row],[Unité]],liste_groupe[[#This Row],[Dopage (+Testostérone / + EE2, ….)]])))
A29: =IF(ISBLANK(liste_groupe[[#This Row],[Code WF]])," ",IF(ISBLANK(liste_groupe[[#This Row],[Unité]]),CONCATENATE(liste_groupe[[#This Row],[Nom de l''échantillon donné par le client]],liste_groupe[[#This Row],[Dopage (+Testostérone / + EE2, ….)]]),CONCATENATE(liste_groupe[[#This Row],[Nom de l''échantillon donné par le client]],"-",liste_groupe[[#This Row],[Concentration]],liste_groupe[[#This Row],[Unité]],liste_groupe[[#This Row],[Dopage (+Testostérone / + EE2, ….)]])))
A30: =IF(ISBLANK(liste_groupe[[#This Row],[Code WF]])," ",IF(ISBLANK(liste_groupe[[#This Row],[Unité]]),CONCATENATE(liste_groupe[[#This Row],[Nom de l''échantillon donné par le client]],liste_groupe[[#This Row],[Dopage (+Testostérone / + EE2, ….)]]),CONCATENATE(liste_groupe[[#This Row],[Nom de l''échantillon donné par le client]],"-",liste_groupe[[#This Row],[Concentration]],liste_groupe[[#This Row],[Unité]],liste_groupe[[#This Row],[Dopage (+Testostérone / + EE2, ….)]])))
A31: =IF(ISBLANK(liste_groupe[[#This Row],[Code WF]])," ",IF(ISBLANK(liste_groupe[[#This Row],[Unité]]),CONCATENATE(liste_groupe[[#This Row],[Nom de l''échantillon donné par le client]],liste_groupe[[#This Row],[Dopage (+Testostérone / + EE2, ….)]]),CONCATENATE(liste_groupe[[#This Row],[Nom de l''échantillon donné par le client]],"-",liste_groupe[[#This Row],[Concentration]],liste_groupe[[#This Row],[Unité]],liste_groupe[[#This Row],[Dopage (+Testostérone / + EE2, ….)]])))
... A35: =IF(ISBLANK(liste_groupe[[#This Row],[Code WF]])," ",IF(ISBLANK(liste_groupe[[#This Row],[Unité]]),CONCATENATE(liste_groupe[[#This Row],[Nom de l''échantillon donné par le client]],liste_groupe[[#This Row],[Dopage (+Testostérone / + EE2, ….)]]),CONCATENATE(liste_groupe[[#This Row],[Nom de l''échantillon donné par le client]],"-",liste_groupe[[#This Row],[Concentration]],liste_groupe[[#This Row],[Unité]],liste_groupe[[#This Row],[Dopage (+Testostérone / + EE2, ….)]])))
A36: =IF(ISBLANK(liste_groupe[[#This Row],[Code WF]])," ",IF(ISBLANK(liste_groupe[[#This Row],[Unité]]),CONCATENATE(liste_groupe[[#This Row],[Nom de l''échantillon donné par le client]],liste_groupe[[#This Row],[Dopage (+Testostérone / + EE2, ….)]]),CONCATENATE(liste_groupe[[#This Row],[Nom de l''échantillon donné par le client]],"-",liste_groupe[[#This Row],[Concentration]],liste_groupe[[#This Row],[Unité]],liste_groupe[[#This Row],[Dopage (+Testostérone / + EE2, ….)]]))) -> Testo -30µg/L | B36: Témoin | C36: 30 | D36: µg/L | E36: Testo
A37: =IF(ISBLANK(liste_groupe[[#This Row],[Code WF]])," ",IF(ISBLANK(liste_groupe[[#This Row],[Unité]]),CONCATENATE(liste_groupe[[#This Row],[Nom de l''échantillon donné par le client]],liste_groupe[[#This Row],[Dopage (+Testostérone / + EE2, ….)]]),CONCATENATE(liste_groupe[[#This Row],[Nom de l''échantillon donné par le client]],"-",liste_groupe[[#This Row],[Concentration]],liste_groupe[[#This Row],[Unité]],liste_groupe[[#This Row],[Dopage (+Testostérone / + EE2, ….)]]))) -> Testo 30µg/L + EE2 -64ng/L | B37: Témoin | C37: 64 | D37: ng/L | E37: Testo 30µg/L + EE2
A38: =IF(ISBLANK(liste_groupe[[#This Row],[Code WF]])," ",IF(ISBLANK(liste_groupe[[#This Row],[Unité]]),CONCATENATE(liste_groupe[[#This Row],[Nom de l''échantillon donné par le client]],liste_groupe[[#This Row],[Dopage (+Testostérone / + EE2, ….)]]),CONCATENATE(liste_groupe[[#This Row],[Nom de l''échantillon donné par le client]],"-",liste_groupe[[#This Row],[Concentration]],liste_groupe[[#This Row],[Unité]],liste_groupe[[#This Row],[Dopage (+Testostérone / + EE2, ….)]]))) -> Testo 30µg/L + FAD-10mg/L | B38: Témoin | C38: 10 | D38: mg/L | E38: Testo 30µg/L + FAD
A39: =IF(ISBLANK(liste_groupe[[#This Row],[Code WF]])," ",IF(ISBLANK(liste_groupe[[#This Row],[Unité]]),CONCATENATE(liste_groupe[[#This Row],[Nom de l''échantillon donné par le client]],liste_groupe[[#This Row],[Dopage (+Testostérone / + EE2, ….)]]),CONCATENATE(liste_groupe[[#This Row],[Nom de l''échantillon donné par le client]],"-",liste_groupe[[#This Row],[Concentration]],liste_groupe[[#This Row],[Unité]],liste_groupe[[#This Row],[Dopage (+Testostérone / + EE2, ….)]]))) -> CRO-0,1µg/L + Testostérone | B39: =B15 -> Chemical | C39: =C15 -> 0.1 | D39: =D15 -> µg/L | E39: =E15 -> CRO | F39: + Testostérone
A40: =IF(ISBLANK(liste_groupe[[#This Row],[Code WF]])," ",IF(ISBLANK(liste_groupe[[#This Row],[Unité]]),CONCATENATE(liste_groupe[[#This Row],[Nom de l''échantillon donné par le client]],liste_groupe[[#This Row],[Dopage (+Testostérone / + EE2, ….)]]),CONCATENATE(liste_groupe[[#This Row],[Nom de l''échantillon donné par le client]],"-",liste_groupe[[#This Row],[Concentration]],liste_groupe[[#This Row],[Unité]],liste_groupe[[#This Row],[Dopage (+Testostérone / + EE2, ….)]]))) -> CRO-1µg/L + Testostérone | B40: =B16 -> Chemical | C40: =C16 -> 1 | D40: =D16 -> µg/L | E40: =E16 -> CRO | F40: + Testostérone
A41: =IF(ISBLANK(liste_groupe[[#This Row],[Code WF]])," ",IF(ISBLANK(liste_groupe[[#This Row],[Unité]]),CONCATENATE(liste_groupe[[#This Row],[Nom de l''échantillon donné par le client]],liste_groupe[[#This Row],[Dopage (+Testostérone / + EE2, ….)]]),CONCATENATE(liste_groupe[[#This Row],[Nom de l''échantillon donné par le client]],"-",liste_groupe[[#This Row],[Concentration]],liste_groupe[[#This Row],[Unité]],liste_groupe[[#This Row],[Dopage (+Testostérone / + EE2, ….)]]))) -> CRO-10µg/L + Testostérone | B41: =B17 -> Chemical | C41: =C17 -> 10 | D41: =D17 -> µg/L | E41: =E17 -> CRO | F41: + Testostérone
A42: =IF(ISBLANK(liste_groupe[[#This Row],[Code WF]])," ",IF(ISBLANK(liste_groupe[[#This Row],[Unité]]),CONCATENATE(liste_groupe[[#This Row],[Nom de l''échantillon donné par le client]],liste_groupe[[#This Row],[Dopage (+Testostérone / + EE2, ….)]]),CONCATENATE(liste_groupe[[#This Row],[Nom de l''échantillon donné par le client]],"-",liste_groupe[[#This Row],[Concentration]],liste_groupe[[#This Row],[Unité]],liste_groupe[[#This Row],[Dopage (+Testostérone / + EE2, ….)]]))) -> CRO-100µg/L + Testostérone | B42: =B18 -> Chemical | C42: =C18 -> 100 | D42: =D18 -> µg/L | E42: =E18 -> CRO | F42: + Testostérone
A43: =IF(ISBLANK(liste_groupe[[#This Row],[Code WF]])," ",IF(ISBLANK(liste_groupe[[#This Row],[Unité]]),CONCATENATE(liste_groupe[[#This Row],[Nom de l''échantillon donné par le client]],liste_groupe[[#This Row],[Dopage (+Testostérone / + EE2, ….)]]),CONCATENATE(liste_groupe[[#This Row],[Nom de l''échantillon donné par le client]],"-",liste_groupe[[#This Row],[Concentration]],liste_groupe[[#This Row],[Unité]],liste_groupe[[#This Row],[Dopage (+Testostérone / + EE2, ….)]]))) -> CRO-1000µg/L + Testostérone | B43: =B19 -> Chemical | C43: =C19 -> 1000 | D43: =D19 -> µg/L | E43: =E19 -> CRO | F43: + Testostérone
A44: =IF(ISBLANK(liste_groupe[[#This Row],[Code WF]])," ",IF(ISBLANK(liste_groupe[[#This Row],[Unité]]),CONCATENATE(liste_groupe[[#This Row],[Nom de l''échantillon donné par le client]],liste_groupe[[#This Row],[Dopage (+Testostérone / + EE2, ….)]]),CONCATENATE(liste_groupe[[#This Row],[Nom de l''échantillon donné par le client]],"-",liste_groupe[[#This Row],[Concentration]],liste_groupe[[#This Row],[Unité]],liste_groupe[[#This Row],[Dopage (+Testostérone / + EE2, ….)]]))) -> 0-00 + Testostérone | B44: =B20 -> 0 | C44: =C20 -> 0 | D44: =D20 -> 0 | E44: =E20 -> 0 | F44: + Testostérone
A45: =IF(ISBLANK(liste_groupe[[#This Row],[Code WF]])," ",IF(ISBLANK(liste_groupe[[#This Row],[Unité]]),CONCATENATE(liste_groupe[[#This Row],[Nom de l''échantillon donné par le client]],liste_groupe[[#This Row],[Dopage (+Testostérone / + EE2, ….)]]),CONCATENATE(liste_groupe[[#This Row],[Nom de l''échantillon donné par le client]],"-",liste_groupe[[#This Row],[Concentration]],liste_groupe[[#This Row],[Unité]],liste_groupe[[#This Row],[Dopage (+Testostérone / + EE2, ….)]]))) -> 0-00 + Testostérone | B45: =B21 -> 0 | C45: =C21 -> 0 | D45: =D21 -> 0 | E45: =E21 -> 0 | F45: + Testostérone
A46: =IF(ISBLANK(liste_groupe[[#This Row],[Code WF]])," ",IF(ISBLANK(liste_groupe[[#This Row],[Unité]]),CONCATENATE(liste_groupe[[#This Row],[Nom de l''échantillon donné par le client]],liste_groupe[[#This Row],[Dopage (+Testostérone / + EE2, ….)]]),CONCATENATE(liste_groupe[[#This Row],[Nom de l''échantillon donné par le client]],"-",liste_groupe[[#This Row],[Concentration]],liste_groupe[[#This Row],[Unité]],liste_groupe[[#This Row],[Dopage (+Testostérone / + EE2, ….)]]))) -> 0-00 + Testostérone | B46: =B22 -> 0 | C46: =C22 -> 0 | D46: =D22 -> 0 | E46: =E22 -> 0 | F46: + Testostérone
A47: =IF(ISBLANK(liste_groupe[[#This Row],[Code WF]])," ",IF(ISBLANK(liste_groupe[[#This Row],[Unité]]),CONCATENATE(liste_groupe[[#This Row],[Nom de l''échantillon donné par le client]],liste_groupe[[#This Row],[Dopage (+Testostérone / + EE2, ….)]]),CONCATENATE(liste_groupe[[#This Row],[Nom de l''échantillon donné par le client]],"-",liste_groupe[[#This Row],[Concentration]],liste_groupe[[#This Row],[Unité]],liste_groupe[[#This Row],[Dopage (+Testostérone / + EE2, ….)]]))) -> 0-00 + Testostérone | B47: =B23 -> 0 | C47: =C23 -> 0 | D47: =D23 -> 0 | E47: =E23 -> 0 | F47: + Testostérone
A48: =IF(ISBLANK(liste_groupe[[#This Row],[Code WF]])," ",IF(ISBLANK(liste_groupe[[#This Row],[Unité]]),CONCATENATE(liste_groupe[[#This Row],[Nom de l''échantillon donné par le client]],liste_groupe[[#This Row],[Dopage (+Testostérone / + EE2, ….)]]),CONCATENATE(liste_groupe[[#This Row],[Nom de l''échantillon donné par le client]],"-",liste_groupe[[#This Row],[Concentration]],liste_groupe[[#This Row],[Unité]],liste_groupe[[#This Row],[Dopage (+Testostérone / + EE2, ….)]]))) -> 0-00 + Testostérone | B48: =B24 -> 0 | C48: =C24 -> 0 | D48: =D24 -> 0 | E48: =E24 -> 0 | F48: + Testostérone
A49: =IF(ISBLANK(liste_groupe[[#This Row],[Code WF]])," ",IF(ISBLANK(liste_groupe[[#This Row],[Unité]]),CONCATENATE(liste_groupe[[#This Row],[Nom de l''échantillon donné par le client]],liste_groupe[[#This Row],[Dopage (+Testostérone / + EE2, ….)]]),CONCATENATE(liste_groupe[[#This Row],[Nom de l''échantillon donné par le client]],"-",liste_groupe[[#This Row],[Concentration]],liste_groupe[[#This Row],[Unité]],liste_groupe[[#This Row],[Dopage (+Testostérone / + EE2, ….)]]))) -> 0-00 + Testostérone | B49: =B25 -> 0 | C49: =C25 -> 0 | D49: =D25 -> 0 | E49: =E25 -> 0 | F49: + Testostérone
A50: =IF(ISBLANK(liste_groupe[[#This Row],[Code WF]])," ",IF(ISBLANK(liste_groupe[[#This Row],[Unité]]),CONCATENATE(liste_groupe[[#This Row],[Nom de l''échantillon donné par le client]],liste_groupe[[#This Row],[Dopage (+Testostérone / + EE2, ….)]]),CONCATENATE(liste_groupe[[#This Row],[Nom de l''échantillon donné par le client]],"-",liste_groupe[[#This Row],[Concentration]],liste_groupe[[#This Row],[Unité]],liste_groupe[[#This Row],[Dopage (+Testostérone / + EE2, ….)]]))) -> 0-00 + Testostérone | B50: =B26 -> 0 | C50: =C26 -> 0 | D50: =D26 -> 0 | E50: =E26 -> 0 | F50: + Testostérone
... A58: =IF(ISBLANK(liste_groupe[[#This Row],[Code WF]])," ",IF(ISBLANK(liste_groupe[[#This Row],[Unité]]),CONCATENATE(liste_groupe[[#This Row],[Nom de l''échantillon donné par le client]],liste_groupe[[#This Row],[Dopage (+Testostérone / + EE2, ….)]]),CONCATENATE(liste_groupe[[#This Row],[Nom de l''échantillon donné par le client]],"-",liste_groupe[[#This Row],[Concentration]],liste_groupe[[#This Row],[Unité]],liste_groupe[[#This Row],[Dopage (+Testostérone / + EE2, ….)]]))) -> 0-00 + Testostérone | B58: =B34 -> 0 | C58: =C34 -> 0 | D58: =D34 -> 0 | E58: =E34 -> 0 | F58: + Testostérone

Sheet Feuil1
A1: Nom groupe | B1: N° de valeur | C1: file name | D1: total area | E1: mean intensity | G1: total fluorescence | I1: nbre de larves
A2: 01 EE2 0 | B2: A | C2: C:\Users\Olympus\Desktop\20190122\plaque1/@01 EE2 0/A1_1.tif | D2: 4931.616 | E2: 73.0526 | G2: 360268
A3: 01 EE2 0 | B3: A | C3: C:\Users\Olympus\Desktop\20190122\plaque1/@01 EE2 0/A1_2.tif | D3: 5234.4345 | E3: 71.1281 | G3: 372315
A4: 01 EE2 0 | B4: A | C4: C:\Users\Olympus\Desktop\20190122\plaque1/@01 EE2 0/A1_3.tif | D4: 3547.3027 | E4: 66.9878 | G4: 237626
A5: 01 EE2 0 | B5: A | C5: C:\Users\Olympus\Desktop\20190122\plaque3/@01 EE2 0/A1_3.tif | D5: 21456.8555 | E5: 67.0655 | G5: 1439015
A6: 01 EE2 0 | B6: A | C6: C:\Users\Olympus\Desktop\20190122\plaque3/@01 EE2 0/A1_2.tif | D6: 21586.6348 | E6: 66.4108 | G6: 1433586
A7: 01 EE2 0 | B7: A | C7: C:\Users\Olympus\Desktop\20190122\plaque3/@01 EE2 0/A1_1.tif | D7: 15984.4921 | E7: 69.7767 | G7: 1115346

Sheet Raw data R1
A1: Nom groupe | B1: N° de valeur | C1: file name | D1: total area | E1: mean intensity | G1: total fluorescence | I1: nbre de larves | L1: (Tous)
A2: =IFERROR(LEFT(RIGHT(C2,LEN(C2)-SEARCH("@",C2)),SEARCH("/",RIGHT(C2,LEN(C2)-SEARCH("@",C2)-1))),"") | B2: =LEFT(RIGHT(RIGHT(Tableau4[[#This Row],[file name]],LEN(Tableau4[[#This Row],[file name]])-SEARCH("@",Tableau4[[#This Row],[file name]])),LEN(RIGHT(Tableau4[[#This Row],[file name]],LEN(Tableau4[[#This Row],[file name]])-SEARCH("@",Tableau4[[#This Row],[file name]])))-SEARCH("/",RIGHT(Tableau4[[#This Row],[file name]],LEN(Tableau4[[#This Row],[file name]])-SEARCH("@",Tableau4[[#This Row],[file name]])))),1) -> #VALUE! | C2: file name | D2: total area | E2: mean intensity | G2: total fluorescence | K2: Filtre lignes : Enlever (vide) et Néant | L2: Filtre colonnes : Enlever (vide) et " "
A3: =IFERROR(LEFT(RIGHT(C3,LEN(C3)-SEARCH("@",C3)),SEARCH("/",RIGHT(C3,LEN(C3)-SEARCH("@",C3)-1))),"") -> 1 | B3: =LEFT(RIGHT(RIGHT(Tableau4[[#This Row],[file name]],LEN(Tableau4[[#This Row],[file name]])-SEARCH("@",Tableau4[[#This Row],[file name]])),LEN(RIGHT(Tableau4[[#This Row],[file name]],LEN(Tableau4[[#This Row],[file name]])-SEARCH("@",Tableau4[[#This Row],[file name]])))-SEARCH("/",RIGHT(Tableau4[[#This Row],[file name]],LEN(Tableau4[[#This Row],[file name]])-SEARCH("@",Tableau4[[#This Row],[file name]])))),1) -> A | C3: C:\Users\andre\Desktop\REACTIV CEFAS\Cromolyn\Cromolyn/20201217_Cefas_Test10_Run1/Plate 1/@1/A10_01.tif | D3: 9625.3031 | E3: 39.5348 | G3: 380535 | K3: Moyenne de total fluorescence | L3: Étiquettes de colonnes
A4: =IFERROR(LEFT(RIGHT(C4,LEN(C4)-SEARCH("@",C4)),SEARCH("/",RIGHT(C4,LEN(C4)-SEARCH("@",C4)-1))),"") -> 1 | B4: =LEFT(RIGHT(RIGHT(Tableau4[[#This Row],[file name]],LEN(Tableau4[[#This Row],[file name]])-SEARCH("@",Tableau4[[#This Row],[file name]])),LEN(RIGHT(Tableau4[[#This Row],[file name]],LEN(Tableau4[[#This Row],[file name]])-SEARCH("@",Tableau4[[#This Row],[file name]])))-SEARCH("/",RIGHT(Tableau4[[#This Row],[file name]],LEN(Tableau4[[#This Row],[file name]])-SEARCH("@",Tableau4[[#This Row],[file name]])))),1) -> A | C4: C:\Users\andre\Desktop\REACTIV CEFAS\Cromolyn\Cromolyn/20201217_Cefas_Test10_Run1/Plate 1/@1/A10_02- exclu.tif | K4: Étiquettes de lignes | L4: 1 | M4: 13 | N4: 14 | O4: 15 | P4: 16 | Q4: 2 | R4: 3 | S4: 4 | T4: 5 | U4: 6 | V4: 7 | W4: 10 | X4: 11 | Y4: 12 | Z4: 17 | AA4: 18 | AB4: 19 | AC4: 20 | AD4: 21 | AE4: 8 | AF4: 9
A5: =IFERROR(LEFT(RIGHT(C5,LEN(C5)-SEARCH("@",C5)),SEARCH("/",RIGHT(C5,LEN(C5)-SEARCH("@",C5)-1))),"") -> 1 | B5: =LEFT(RIGHT(RIGHT(Tableau4[[#This Row],[file name]],LEN(Tableau4[[#This Row],[file name]])-SEARCH("@",Tableau4[[#This Row],[file name]])),LEN(RIGHT(Tableau4[[#This Row],[file name]],LEN(Tableau4[[#This Row],[file name]])-SEARCH("@",Tableau4[[#This Row],[file name]])))-SEARCH("/",RIGHT(Tableau4[[#This Row],[file name]],LEN(Tableau4[[#This Row],[file name]])-SEARCH("@",Tableau4[[#This Row],[file name]])))),1) -> A | C5: C:\Users\andre\Desktop\REACTIV CEFAS\Cromolyn\Cromolyn/20201217_Cefas_Test10_Run1/Plate 1/@1/A10_03.tif | D5: 2682.1069 | E5: 37.2823 | G5: 99995 | K5: A | L5: 276639.33 | M5: 224334.25 | N5: 696807.5 | O5: 2147113.3 | P5: 132672.25 | Q5: 348706.5 | R5: 472078 | S5: 617944 | T5: 1923734 | U5: 2825048.2 | V5: 5966260 | W5: 134271 | X5: 63575.5 | Y5: 542039.75 | Z5: 585824 | AA5: 85648.75 | AB5: 1868174.3 | AC5: 1133395.5 | AD5: 1032351.7 | AE5: 194371.75 | AF5: 147375
A6: =IFERROR(LEFT(RIGHT(C6,LEN(C6)-SEARCH("@",C6)),SEARCH("/",RIGHT(C6,LEN(C6)-SEARCH("@",C6)-1))),"") -> 1 | B6: =LEFT(RIGHT(RIGHT(Tableau4[[#This Row],[file name]],LEN(Tableau4[[#This Row],[file name]])-SEARCH("@",Tableau4[[#This Row],[file name]])),LEN(RIGHT(Tableau4[[#This Row],[file name]],LEN(Tableau4[[#This Row],[file name]])-SEARCH("@",Tableau4[[#This Row],[file name]])))-SEARCH("/",RIGHT(Tableau4[[#This Row],[file name]],LEN(Tableau4[[#This Row],[file name]])-SEARCH("@",Tableau4[[#This Row],[file name]])))),1) -> A | C6: C:\Users\andre\Desktop\REACTIV CEFAS\Cromolyn\Cromolyn/20201217_Cefas_Test10_Run1/Plate 1/@1/A10_04.tif | D6: 9365.7444 | E6: 37.3048 | G6: 349388 | K6: B | L6: 148175.5 | M6: 2383625.2 | N6: 393037 | O6: 3481558.5 | P6: 284384.5 | Q6: 236166.25 | R6: 437286 | S6: 682798 | T6: 2626334.2 | U6: 2580084 | V6: 5184188.5 | W6: 40224.333 | X6: 102158 | Y6: 143260.25 | Z6: 1938509 | AA6: 1396368.3 | AB6: 1597908.5 | AC6: 2317027 | AD6: 2226359.8 | AE6: 83743.667 | AF6: 43568
A7: =IFERROR(LEFT(RIGHT(C7,LEN(C7)-SEARCH("@",C7)),SEARCH("/",RIGHT(C7,LEN(C7)-SEARCH("@",C7)-1))),"") -> 1 | B7: =LEFT(RIGHT(RIGHT(Tableau4[[#This Row],[file name]],LEN(Tableau4[[#This Row],[file name]])-SEARCH("@",Tableau4[[#This Row],[file name]])),LEN(RIGHT(Tableau4[[#This Row],[file name]],LEN(Tableau4[[#This Row],[file name]])-SEARCH("@",Tableau4[[#This Row],[file name]])))-SEARCH("/",RIGHT(Tableau4[[#This Row],[file name]],LEN(Tableau4[[#This Row],[file name]])-SEARCH("@",Tableau4[[#This Row],[file name]])))),1) -> B | C7: C:\Users\andre\Desktop\REACTIV CEFAS\Cromolyn\Cromolyn/20201217_Cefas_Test10_Run1/Plate 1/@1/B10_01.tif | D7: 5385.8438 | E7: 34.9157 | G7: 188050 | K7: C | L7: 98891.75 | M7: 1803982.2 | N7: 2433074.7 | O7: 3323087.2 | P7: 169421.5 | Q7: 494041 | R7: 196713 | S7: 3041119.7 | T7: 3128991.5 | U7: 3289528.5 | V7: 4711640 | W7: 412595.5 | X7: 125837.25 | Y7: 98913.75 | Z7: 1128291 | AA7: 2544400.2 | AB7: 2025401.8 | AC7: 667114.75 | AD7: 3054811.8 | AE7: 252383 | AF7: 95177.25
A8: =IFERROR(LEFT(RIGHT(C8,LEN(C8)-SEARCH("@",C8)),SEARCH("/",RIGHT(C8,LEN(C8)-SEARCH("@",C8)-1))),"") -> 1 | B8: =LEFT(RIGHT(RIGHT(Tableau4[[#This Row],[file name]],LEN(Tableau4[[#This Row],[file name]])-SEARCH("@",Tableau4[[#This Row],[file name]])),LEN(RIGHT(Tableau4[[#This Row],[file name]],LEN(Tableau4[[#This Row],[file name]])-SEARCH("@",Tableau4[[#This Row],[file name]])))-SEARCH("/",RIGHT(Tableau4[[#This Row],[file name]],LEN(Tableau4[[#This Row],[file name]])-SEARCH("@",Tableau4[[#This Row],[file name]])))),1) -> B | C8: C:\Users\andre\Desktop\REACTIV CEFAS\Cromolyn\Cromolyn/20201217_Cefas_Test10_Run1/Plate 1/@1/B10_02.tif | D8: 4585.5377 | E8: 34.0377 | G8: 156081 | K8: D | L8: 346446 | M8: 2453299 | N8: 1107436.3 | O8: 3442078.5 | P8: 237615.5 | Q8: 456099 | R8: 183805.5 | S8: 1098874.5 | T8: 2428815.5 | U8: 3001110.2 | V8: 4374019 | W8: 19921.25 | X8: 305695 | Y8: 202877.75 | Z8: 2220099.3 | AA8: 1279132.5 | AB8: 3646230.7 | AC8: 243671.75 | AD8: 2840875.5 | AE8: 134808.25 | AF8: 137501
A9: =IFERROR(LEFT(RIGHT(C9,LEN(C9)-SEARCH("@",C9)),SEARCH("/",RIGHT(C9,LEN(C9)-SEARCH("@",C9)-1))),"") -> 1 | B9: =LEFT(RIGHT(RIGHT(Tableau4[[#This Row],[file name]],LEN(Tableau4[[#This Row],[file name]])-SEARCH("@",Tableau4[[#This Row],[file name]])),LEN(RIGHT(Tableau4[[#This Row],[file name]],LEN(Tableau4[[#This Row],[file name]])-SEARCH("@",Tableau4[[#This Row],[file name]])))-SEARCH("/",RIGHT(Tableau4[[#This Row],[file name]],LEN(Tableau4[[#This Row],[file name]])-SEARCH("@",Tableau4[[#This Row],[file name]])))),1) -> B | C9: C:\Users\andre\Desktop\REACTIV CEFAS\Cromolyn\Cromolyn/20201217_Cefas_Test10_Run1/Plate 1/@1/B10_03.tif | D9: 5234.4345 | E9: 36.0537 | G9: 188721 | K9: E | L9: 264349.75 | M9: 637750.33 | N9: 2085300.2 | O9: 4822331 | P9: 413942 | Q9: 236681.67 | R9: 389197.5 | S9: 1033881.8 | T9: 2112563 | U9: 2341003.5 | V9: 4643738 | W9: 30860.25 | X9: 251577.33 | Y9: 136273.75 | Z9: 495908.67 | AA9: 728878.75 | AB9: 1205866.5 | AC9: 1500628 | AD9: 636421.75 | AE9: 261975.75 | AF9: 32401.5
A10: =IFERROR(LEFT(RIGHT(C10,LEN(C10)-SEARCH("@",C10)),SEARCH("/",RIGHT(C10,LEN(C10)-SEARCH("@",C10)-1))),"") -> 1 | B10: =LEFT(RIGHT(RIGHT(Tableau4[[#This Row],[file name]],LEN(Tableau4[[#This Row],[file name]])-SEARCH("@",Tableau4[[#This Row],[file name]])),LEN(RIGHT(Tableau4[[#This Row],[file name]],LEN(Tableau4[[#This Row],[file name]])-SEARCH("@",Tableau4[[#This Row],[file name]])))-SEARCH("/",RIGHT(Tableau4[[#This Row],[file name]],LEN(Tableau4[[#This Row],[file name]])-SEARCH("@",Tableau4[[#This Row],[file name]])))),1) -> B | C10: C:\Users\andre\Desktop\REACTIV CEFAS\Cromolyn\Cromolyn/20201217_Cefas_Test10_Run1/Plate 1/@1/B10_04.tif | D10: 1752.0215 | E10: 34.1605 | G10: 59850 | K10: F | L10: 317667.75 | M10: 3376023 | N10: 2051422.2 | O10: 3322741 | P10: 528953.75 | Q10: 850146.75 | R10: 352648.5 | S10: 95561 | T10: 3638786.2 | U10: 3538888.5 | V10: 6543416.2 | W10: 410994.75 | X10: 225421.25 | Y10: 98416 | Z10: 1096662.8 | AA10: 1005162.7 | AB10: 2062113 | AC10: 1695913.2 | AD10: 2108395.2 | AE10: 164387 | AF10: 294361.25
A11: =IFERROR(LEFT(RIGHT(C11,LEN(C11)-SEARCH("@",C11)),SEARCH("/",RIGHT(C11,LEN(C11)-SEARCH("@",C11)-1))),"") -> 1 | B11: =LEFT(RIGHT(RIGHT(Tableau4[[#This Row],[file name]],LEN(Tableau4[[#This Row],[file name]])-SEARCH("@",Tableau4[[#This Row],[file name]])),LEN(RIGHT(Tableau4[[#This Row],[file name]],LEN(Tableau4[[#This Row],[file name]])-SEARCH("@",Tableau4[[#This Row],[file name]])))-SEARCH("/",RIGHT(Tableau4[[#This Row],[file name]],LEN(Tableau4[[#This Row],[file name]])-SEARCH("@",Tableau4[[#This Row],[file name]])))),1) -> C | C11: C:\Users\andre\Desktop\REACTIV CEFAS\Cromolyn\Cromolyn/20201217_Cefas_Test10_Run1/Plate 1/@1/C10_01.tif | D11: 108.1495 | E11: 30.2 | G11: 3266 | K11: G | L11: 298157.25 | M11: 2218340.2 | N11: 2543243 | O11: 2581312 | P11: 226775 | Q11: 300109.25 | R11: 109501.25 | S11: 234549 | T11: 851217.25 | U11: 2891284.2 | V11: 4575566.2 | W11: 234821.33 | X11: 199660.5 | Y11: 308339.5 | Z11: 2599345.5 | AA11: 4532360.5 | AB11: 664713.75 | AC11: 2781912.8 | AD11: 322345.25 | AE11: 189321.25 | AF11: 175791.5
A12: =IFERROR(LEFT(RIGHT(C12,LEN(C12)-SEARCH("@",C12)),SEARCH("/",RIGHT(C12,LEN(C12)-SEARCH("@",C12)-1))),"") -> 1 | B12: =LEFT(RIGHT(RIGHT(Tableau4[[#This Row],[file name]],LEN(Tableau4[[#This Row],[file name]])-SEARCH("@",Tableau4[[#This Row],[file name]])),LEN(RIGHT(Tableau4[[#This Row],[file name]],LEN(Tableau4[[#This Row],[file name]])-SEARCH("@",Tableau4[[#This Row],[file name]])))-SEARCH("/",RIGHT(Tableau4[[#This Row],[file name]],LEN(Tableau4[[#This Row],[file name]])-SEARCH("@",Tableau4[[#This Row],[file name]])))),1) -> C | C12: C:\Users\andre\Desktop\REACTIV CEFAS\Cromolyn\Cromolyn/20201217_Cefas_Test10_Run1/Plate 1/@1/C10_02.tif | D12: 8500.5486 | E12: 45.5267 | G12: 387002 | K12: H | L12: 184454.5 | M12: 3870334.5 | N12: 2277946.8 | O12: 4275689.5 | P12: 126767.25 | Q12: 414428.5 | R12: 325070.25 | S12: 258012.25 | T12: 30520 | U12: 2631238.8 | V12: 5965557.2 | W12: 119261.75 | X12: 356433.75 | Y12: 162779.33 | Z12: 3355719.7 | AA12: 373543 | AB12: 2361855 | AC12: 2218129.8 | AD12: 1685304 | AE12: 270583 | AF12: 151793
A13: =IFERROR(LEFT(RIGHT(C13,LEN(C13)-SEARCH("@",C13)),SEARCH("/",RIGHT(C13,LEN(C13)-SEARCH("@",C13)-1))),"") -> 1 | B13: =LEFT(RIGHT(RIGHT(Tableau4[[#This Row],[file name]],LEN(Tableau4[[#This Row],[file name]])-SEARCH("@",Tableau4[[#This Row],[file name]])),LEN(RIGHT(Tableau4[[#This Row],[file name]],LEN(Tableau4[[#This Row],[file name]])-SEARCH("@",Tableau4[[#This Row],[file name]])))-SEARCH("/",RIGHT(Tableau4[[#This Row],[file name]],LEN(Tableau4[[#This Row],[file name]])-SEARCH("@",Tableau4[[#This Row],[file name]])))),1) -> C | C13: C:\Users\andre\Desktop\REACTIV CEFAS\Cromolyn\Cromolyn/20201217_Cefas_Test10_Run1/Plate 1/@1/C10_03.tif | D13: 151.4093 | E13: 30.7143 | G13: 4650
A14: =IFERROR(LEFT(RIGHT(C14,LEN(C14)-SEARCH("@",C14)),SEARCH("/",RIGHT(C14,LEN(C14)-SEARCH("@",C14)-1))),"") -> 1 | B14: =LEFT(RIGHT(RIGHT(Tableau4[[#This Row],[file name]],LEN(Tableau4[[#This Row],[file name]])-SEARCH("@",Tableau4[[#This Row],[file name]])),LEN(RIGHT(Tableau4[[#This Row],[file name]],LEN(Tableau4[[#This Row],[file name]])-SEARCH("@",Tableau4[[#This Row],[file name]])))-SEARCH("/",RIGHT(Tableau4[[#This Row],[file name]],LEN(Tableau4[[#This Row],[file name]])-SEARCH("@",Tableau4[[#This Row],[file name]])))),1) -> C | C14: C:\Users\andre\Desktop\REACTIV CEFAS\Cromolyn\Cromolyn/20201217_Cefas_Test10_Run1/Plate 1/@1/C10_04.tif | D14: 21.6299 | E14: 30 | G14: 649
A15: =IFERROR(LEFT(RIGHT(C15,LEN(C15)-SEARCH("@",C15)),SEARCH("/",RIGHT(C15,LEN(C15)-SEARCH("@",C15)-1))),"") -> 1 | B15: =LEFT(RIGHT(RIGHT(Tableau4[[#This Row],[file name]],LEN(Tableau4[[#This Row],[file name]])-SEARCH("@",Tableau4[[#This Row],[file name]])),LEN(RIGHT(Tableau4[[#This Row],[file name]],LEN(Tableau4[[#This Row],[file name]])-SEARCH("@",Tableau4[[#This Row],[file name]])))-SEARCH("/",RIGHT(Tableau4[[#This Row],[file name]],LEN(Tableau4[[#This Row],[file name]])-SEARCH("@",Tableau4[[#This Row],[file name]])))),1) -> D | C15: C:\Users\andre\Desktop\REACTIV CEFAS\Cromolyn\Cromolyn/20201217_Cefas_Test10_Run1/Plate 1/@1/D10_01.tif | D15: 10490.4989 | E15: 36.7835 | G15: 385877
A16: =IFERROR(LEFT(RIGHT(C16,LEN(C16)-SEARCH("@",C16)),SEARCH("/",RIGHT(C16,LEN(C16)-SEARCH("@",C16)-1))),"") -> 1 | B16: =LEFT(RIGHT(RIGHT(Tableau4[[#This Row],[file name]],LEN(Tableau4[[#This Row],[file name]])-SEARCH("@",Tableau4[[#This Row],[file name]])),LEN(RIGHT(Tableau4[[#This Row],[file name]],LEN(Tableau4[[#This Row],[file name]])-SEARCH("@",Tableau4[[#This Row],[file name]])))-SEARCH("/",RIGHT(Tableau4[[#This Row],[file name]],LEN(Tableau4[[#This Row],[file name]])-SEARCH("@",Tableau4[[#This Row],[file name]])))),1) -> D | C16: C:\Users\andre\Desktop\REACTIV CEFAS\Cromolyn\Cromolyn/20201217_Cefas_Test10_Run1/Plate 1/@1/D10_02.tif | D16: 7743.5023 | E16: 38.7709 | G16: 300223
A17: =IFERROR(LEFT(RIGHT(C17,LEN(C17)-SEARCH("@",C17)),SEARCH("/",RIGHT(C17,LEN(C17)-SEARCH("@",C17)-1))),"") -> 1 | B17: =LEFT(RIGHT(RIGHT(Tableau4[[#This Row],[file name]],LEN(Tableau4[[#This Row],[file name]])-SEARCH("@",Tableau4[[#This Row],[file name]])),LEN(RIGHT(Tableau4[[#This Row],[file name]],LEN(Tableau4[[#This Row],[file name]])-SEARCH("@",Tableau4[[#This Row],[file name]])))-SEARCH("/",RIGHT(Tableau4[[#This Row],[file name]],LEN(Tableau4[[#This Row],[file name]])-SEARCH("@",Tableau4[[#This Row],[file name]])))),1) -> D | C17: C:\Users\andre\Desktop\REACTIV CEFAS\Cromolyn\Cromolyn/20201217_Cefas_Test10_Run1/Plate 1/@1/D10_03.tif | D17: 10901.4669 | E17: 39.9901 | G17: 435951
A18: =IFERROR(LEFT(RIGHT(C18,LEN(C18)-SEARCH("@",C18)),SEARCH("/",RIGHT(C18,LEN(C18)-SEARCH("@",C18)-1))),"") -> 1 | B18: =LEFT(RIGHT(RIGHT(Tableau4[[#This Row],[file name]],LEN(Tableau4[[#This Row],[file name]])-SEARCH("@",Tableau4[[#This Row],[file name]])),LEN(RIGHT(Tableau4[[#This Row],[file name]],LEN(Tableau4[[#This Row],[file name]])-SEARCH("@",Tableau4[[#This Row],[file name]])))-SEARCH("/",RIGHT(Tableau4[[#This Row],[file name]],LEN(Tableau4[[#This Row],[file name]])-SEARCH("@",Tableau4[[#This Row],[file name]])))),1) -> D | C18: C:\Users\andre\Desktop\REACTIV CEFAS\Cromolyn\Cromolyn/20201217_Cefas_Test10_Run1/Plate 1/@1/D10_04.tif | D18: 6835.0467 | E18: 38.5854 | G18: 263733
A19: =IFERROR(LEFT(RIGHT(C19,LEN(C19)-SEARCH("@",C19)),SEARCH("/",RIGHT(C19,LEN(C19)-SEARCH("@",C19)-1))),"") -> 1 | B19: =LEFT(RIGHT(RIGHT(Tableau4[[#This Row],[file name]],LEN(Tableau4[[#This Row],[file name]])-SEARCH("@",Tableau4[[#This Row],[file name]])),LEN(RIGHT(Tableau4[[#This Row],[file name]],LEN(Tableau4[[#This Row],[file name]])-SEARCH("@",Tableau4[[#This Row],[file name]])))-SEARCH("/",RIGHT(Tableau4[[#This Row],[file name]],LEN(Tableau4[[#This Row],[file name]])-SEARCH("@",Tableau4[[#This Row],[file name]])))),1) -> E | C19: C:\Users\andre\Desktop\REACTIV CEFAS\Cromolyn\Cromolyn/20201217_Cefas_Test10_Run1/Plate 1/@1/E10_01.tif | D19: 6294.2993 | E19: 43.4192 | G19: 273294
A20: =IFERROR(LEFT(RIGHT(C20,LEN(C20)-SEARCH("@",C20)),SEARCH("/",RIGHT(C20,LEN(C20)-SEARCH("@",C20)-1))),"") -> 1 | B20: =LEFT(RIGHT(RIGHT(Tableau4[[#This Row],[file name]],LEN(Tableau4[[#This Row],[file name]])-SEARCH("@",Tableau4[[#This Row],[file name]])),LEN(RIGHT(Tableau4[[#This Row],[file name]],LEN(Tableau4[[#This Row],[file name]])-SEARCH("@",Tableau4[[#This Row],[file name]])))-SEARCH("/",RIGHT(Tableau4[[#This Row],[file name]],LEN(Tableau4[[#This Row],[file name]])-SEARCH("@",Tableau4[[#This Row],[file name]])))),1) -> E | C20: C:\Users\andre\Desktop\REACTIV CEFAS\Cromolyn\Cromolyn/20201217_Cefas_Test10_Run1/Plate 1/@1/E10_02.tif | D20: 6575.488 | E20: 45.7599 | G20: 300893
A21: =IFERROR(LEFT(RIGHT(C21,LEN(C21)-SEARCH("@",C21)),SEARCH("/",RIGHT(C21,LEN(C21)-SEARCH("@",C21)-1))),"") -> 1 | B21: =LEFT(RIGHT(RIGHT(Tableau4[[#This Row],[file name]],LEN(Tableau4[[#This Row],[file name]])-SEARCH("@",Tableau4[[#This Row],[file name]])),LEN(RIGHT(Tableau4[[#This Row],[file name]],LEN(Tableau4[[#This Row],[file name]])-SEARCH("@",Tableau4[[#This Row],[file name]])))-SEARCH("/",RIGHT(Tableau4[[#This Row],[file name]],LEN(Tableau4[[#This Row],[file name]])-SEARCH("@",Tableau4[[#This Row],[file name]])))),1) -> E | C21: C:\Users\andre\Desktop\REACTIV CEFAS\Cromolyn\Cromolyn/20201217_Cefas_Test10_Run1/Plate 1/@1/E10_03.tif | D21: 5450.7334 | E21: 39.4246 | G21: 214893
A22: =IFERROR(LEFT(RIGHT(C22,LEN(C22)-SEARCH("@",C22)),SEARCH("/",RIGHT(C22,LEN(C22)-SEARCH("@",C22)-1))),"") -> 1 | B22: =LEFT(RIGHT(RIGHT(Tableau4[[#This Row],[file name]],LEN(Tableau4[[#This Row],[file name]])-SEARCH("@",Tableau4[[#This Row],[file name]])),LEN(RIGHT(Tableau4[[#This Row],[file name]],LEN(Tableau4[[#This Row],[file name]])-SEARCH("@",Tableau4[[#This Row],[file name]])))-SEARCH("/",RIGHT(Tableau4[[#This Row],[file name]],LEN(Tableau4[[#This Row],[file name]])-SEARCH("@",Tableau4[[#This Row],[file name]])))),1) -> E | C22: C:\Users\andre\Desktop\REACTIV CEFAS\Cromolyn\Cromolyn/20201217_Cefas_Test10_Run1/Plate 1/@1/E10_04.tif | D22: 6337.5591 | E22: 42.3379 | G22: 268319
A23: =IFERROR(LEFT(RIGHT(C23,LEN(C23)-SEARCH("@",C23)),SEARCH("/",RIGHT(C23,LEN(C23)-SEARCH("@",C23)-1))),"") -> 1 | B23: =LEFT(RIGHT(RIGHT(Tableau4[[#This Row],[file name]],LEN(Tableau4[[#This Row],[file name]])-SEARCH("@",Tableau4[[#This Row],[file name]])),LEN(RIGHT(Tableau4[[#This Row],[file name]],LEN(Tableau4[[#This Row],[file name]])-SEARCH("@",Tableau4[[#This Row],[file name]])))-SEARCH("/",RIGHT(Tableau4[[#This Row],[file name]],LEN(Tableau4[[#This Row],[file name]])-SEARCH("@",Tableau4[[#This Row],[file name]])))),1) -> F | C23: C:\Users\andre\Desktop\REACTIV CEFAS\Cromolyn\Cromolyn/20201217_Cefas_Test10_Run1/Plate 1/@1/F10_01.tif | D23: 6359.189 | E23: 38.2789 | G23: 243423
A24: =IFERROR(LEFT(RIGHT(C24,LEN(C24)-SEARCH("@",C24)),SEARCH("/",RIGHT(C24,LEN(C24)-SEARCH("@",C24)-1))),"") -> 1 | B24: =LEFT(RIGHT(RIGHT(Tableau4[[#This Row],[file name]],LEN(Tableau4[[#This Row],[file name]])-SEARCH("@",Tableau4[[#This Row],[file name]])),LEN(RIGHT(Tableau4[[#This Row],[file name]],LEN(Tableau4[[#This Row],[file name]])-SEARCH("@",Tableau4[[#This Row],[file name]])))-SEARCH("/",RIGHT(Tableau4[[#This Row],[file name]],LEN(Tableau4[[#This Row],[file name]])-SEARCH("@",Tableau4[[#This Row],[file name]])))),1) -> F | C24: C:\Users\andre\Desktop\REACTIV CEFAS\Cromolyn\Cromolyn/20201217_Cefas_Test10_Run1/Plate 1/@1/F10_02.tif | D24: 9646.933 | E24: 44.0022 | G24: 424487
A25: =IFERROR(LEFT(RIGHT(C25,LEN(C25)-SEARCH("@",C25)),SEARCH("/",RIGHT(C25,LEN(C25)-SEARCH("@",C25)-1))),"") -> 1 | B25: =LEFT(RIGHT(RIGHT(Tableau4[[#This Row],[file name]],LEN(Tableau4[[#This Row],[file name]])-SEARCH("@",Tableau4[[#This Row],[file name]])),LEN(RIGHT(Tableau4[[#This Row],[file name]],LEN(Tableau4[[#This Row],[file name]])-SEARCH("@",Tableau4[[#This Row],[file name]])))-SEARCH("/",RIGHT(Tableau4[[#This Row],[file name]],LEN(Tableau4[[#This Row],[file name]])-SEARCH("@",Tableau4[[#This Row],[file name]])))),1) -> F | C25: C:\Users\andre\Desktop\REACTIV CEFAS\Cromolyn\Cromolyn/20201217_Cefas_Test10_Run1/Plate 1/@1/F10_03.tif | D25: 8803.3671 | E25: 41.0885 | G25: 361717
A26: =IFERROR(LEFT(RIGHT(C26,LEN(C26)-SEARCH("@",C26)),SEARCH("/",RIGHT(C26,LEN(C26)-SEARCH("@",C26)-1))),"") -> 1 | B26: =LEFT(RIGHT(RIGHT(Tableau4[[#This Row],[file name]],LEN(Tableau4[[#This Row],[file name]])-SEARCH("@",Tableau4[[#This Row],[file name]])),LEN(RIGHT(Tableau4[[#This Row],[file name]],LEN(Tableau4[[#This Row],[file name]])-SEARCH("@",Tableau4[[#This Row],[file name]])))-SEARCH("/",RIGHT(Tableau4[[#This Row],[file name]],LEN(Tableau4[[#This Row],[file name]])-SEARCH("@",Tableau4[[#This Row],[file name]])))),1) -> F | C26: C:\Users\andre\Desktop\REACTIV CEFAS\Cromolyn\Cromolyn/20201217_Cefas_Test10_Run1/Plate 1/@1/F10_04.tif | D26: 6380.8189 | E26: 37.7763 | G26: 241044
... A34: =IFERROR(LEFT(RIGHT(C34,LEN(C34)-SEARCH("@",C34)),SEARCH("/",RIGHT(C34,LEN(C34)-SEARCH("@",C34)-1))),"") -> 1 | B34: =LEFT(RIGHT(RIGHT(Tableau4[[#This Row],[file name]],LEN(Tableau4[[#This Row],[file name]])-SEARCH("@",Tableau4[[#This Row],[file name]])),LEN(RIGHT(Tableau4[[#This Row],[file name]],LEN(Tableau4[[#This Row],[file name]])-SEARCH("@",Tableau4[[#This Row],[file name]])))-SEARCH("/",RIGHT(Tableau4[[#This Row],[file name]],LEN(Tableau4[[#This Row],[file name]])-SEARCH("@",Tableau4[[#This Row],[file name]])))),1) -> H | C34: C:\Users\andre\Desktop\REACTIV CEFAS\Cromolyn\Cromolyn/20201217_Cefas_Test10_Run1/Plate 1/@1/H10_04.tif | D34: 7419.0539 | E34: 39.1603 | G34: 290533
A35: =IFERROR(LEFT(RIGHT(C35,LEN(C35)-SEARCH("@",C35)),SEARCH("/",RIGHT(C35,LEN(C35)-SEARCH("@",C35)-1))),"") | B35: =LEFT(RIGHT(RIGHT(Tableau4[[#This Row],[file name]],LEN(Tableau4[[#This Row],[file name]])-SEARCH("@",Tableau4[[#This Row],[file name]])),LEN(RIGHT(Tableau4[[#This Row],[file name]],LEN(Tableau4[[#This Row],[file name]])-SEARCH("@",Tableau4[[#This Row],[file name]])))-SEARCH("/",RIGHT(Tableau4[[#This Row],[file name]],LEN(Tableau4[[#This Row],[file name]])-SEARCH("@",Tableau4[[#This Row],[file name]])))),1) -> #VALUE!
A36: =IFERROR(LEFT(RIGHT(C36,LEN(C36)-SEARCH("@",C36)),SEARCH("/",RIGHT(C36,LEN(C36)-SEARCH("@",C36)-1))),"") | B36: =LEFT(RIGHT(RIGHT(Tableau4[[#This Row],[file name]],LEN(Tableau4[[#This Row],[file name]])-SEARCH("@",Tableau4[[#This Row],[file name]])),LEN(RIGHT(Tableau4[[#This Row],[file name]],LEN(Tableau4[[#This Row],[file name]])-SEARCH("@",Tableau4[[#This Row],[file name]])))-SEARCH("/",RIGHT(Tableau4[[#This Row],[file name]],LEN(Tableau4[[#This Row],[file name]])-SEARCH("@",Tableau4[[#This Row],[file name]])))),1) -> #VALUE! | C36: group | E36: mean of mean fluo | F36: SD mean fluo | G36: mean of total fluo | H36: SD total fluo
A37: =IFERROR(LEFT(RIGHT(C37,LEN(C37)-SEARCH("@",C37)),SEARCH("/",RIGHT(C37,LEN(C37)-SEARCH("@",C37)-1))),"") -> 1 | B37: =LEFT(RIGHT(RIGHT(Tableau4[[#This Row],[file name]],LEN(Tableau4[[#This Row],[file name]])-SEARCH("@",Tableau4[[#This Row],[file name]])),LEN(RIGHT(Tableau4[[#This Row],[file name]],LEN(Tableau4[[#This Row],[file name]])-SEARCH("@",Tableau4[[#This Row],[file name]])))-SEARCH("/",RIGHT(Tableau4[[#This Row],[file name]],LEN(Tableau4[[#This Row],[file name]])-SEARCH("@",Tableau4[[#This Row],[file name]])))),1) | C37: C:\Users\andre\Desktop\REACTIV CEFAS\Cromolyn\Cromolyn/20201217_Cefas_Test10_Run1/Plate 1/@1/ | E37: 36.8441 | F37: 7.8914 | G37: 233202.75 | H37: 137729.762
A38: =IFERROR(LEFT(RIGHT(C38,LEN(C38)-SEARCH("@",C38)),SEARCH("/",RIGHT(C38,LEN(C38)-SEARCH("@",C38)-1))),"") | B38: =LEFT(RIGHT(RIGHT(Tableau4[[#This Row],[file name]],LEN(Tableau4[[#This Row],[file name]])-SEARCH("@",Tableau4[[#This Row],[file name]])),LEN(RIGHT(Tableau4[[#This Row],[file name]],LEN(Tableau4[[#This Row],[file name]])-SEARCH("@",Tableau4[[#This Row],[file name]])))-SEARCH("/",RIGHT(Tableau4[[#This Row],[file name]],LEN(Tableau4[[#This Row],[file name]])-SEARCH("@",Tableau4[[#This Row],[file name]])))),1) -> #VALUE!
A39: =IFERROR(LEFT(RIGHT(C39,LEN(C39)-SEARCH("@",C39)),SEARCH("/",RIGHT(C39,LEN(C39)-SEARCH("@",C39)-1))),"") | B39: =LEFT(RIGHT(RIGHT(Tableau4[[#This Row],[file name]],LEN(Tableau4[[#This Row],[file name]])-SEARCH("@",Tableau4[[#This Row],[file name]])),LEN(RIGHT(Tableau4[[#This Row],[file name]],LEN(Tableau4[[#This Row],[file name]])-SEARCH("@",Tableau4[[#This Row],[file name]])))-SEARCH("/",RIGHT(Tableau4[[#This Row],[file name]],LEN(Tableau4[[#This Row],[file name]])-SEARCH("@",Tableau4[[#This Row],[file name]])))),1) -> #VALUE!
A40: =IFERROR(LEFT(RIGHT(C40,LEN(C40)-SEARCH("@",C40)),SEARCH("/",RIGHT(C40,LEN(C40)-SEARCH("@",C40)-1))),"") | B40: =LEFT(RIGHT(RIGHT(Tableau4[[#This Row],[file name]],LEN(Tableau4[[#This Row],[file name]])-SEARCH("@",Tableau4[[#This Row],[file name]])),LEN(RIGHT(Tableau4[[#This Row],[file name]],LEN(Tableau4[[#This Row],[file name]])-SEARCH("@",Tableau4[[#This Row],[file name]])))-SEARCH("/",RIGHT(Tableau4[[#This Row],[file name]],LEN(Tableau4[[#This Row],[file name]])-SEARCH("@",Tableau4[[#This Row],[file name]])))),1) -> #VALUE!
A41: =IFERROR(LEFT(RIGHT(C41,LEN(C41)-SEARCH("@",C41)),SEARCH("/",RIGHT(C41,LEN(C41)-SEARCH("@",C41)-1))),"") | B41: =LEFT(RIGHT(RIGHT(Tableau4[[#This Row],[file name]],LEN(Tableau4[[#This Row],[file name]])-SEARCH("@",Tableau4[[#This Row],[file name]])),LEN(RIGHT(Tableau4[[#This Row],[file name]],LEN(Tableau4[[#This Row],[file name]])-SEARCH("@",Tableau4[[#This Row],[file name]])))-SEARCH("/",RIGHT(Tableau4[[#This Row],[file name]],LEN(Tableau4[[#This Row],[file name]])-SEARCH("@",Tableau4[[#This Row],[file name]])))),1) -> #VALUE!
A42: =IFERROR(LEFT(RIGHT(C42,LEN(C42)-SEARCH("@",C42)),SEARCH("/",RIGHT(C42,LEN(C42)-SEARCH("@",C42)-1))),"") | B42: =LEFT(RIGHT(RIGHT(Tableau4[[#This Row],[file name]],LEN(Tableau4[[#This Row],[file name]])-SEARCH("@",Tableau4[[#This Row],[file name]])),LEN(RIGHT(Tableau4[[#This Row],[file name]],LEN(Tableau4[[#This Row],[file name]])-SEARCH("@",Tableau4[[#This Row],[file name]])))-SEARCH("/",RIGHT(Tableau4[[#This Row],[file name]],LEN(Tableau4[[#This Row],[file name]])-SEARCH("@",Tableau4[[#This Row],[file name]])))),1) -> #VALUE!
A43: =IFERROR(LEFT(RIGHT(C43,LEN(C43)-SEARCH("@",C43)),SEARCH("/",RIGHT(C43,LEN(C43)-SEARCH("@",C43)-1))),"") | B43: =LEFT(RIGHT(RIGHT(Tableau4[[#This Row],[file name]],LEN(Tableau4[[#This Row],[file name]])-SEARCH("@",Tableau4[[#This Row],[file name]])),LEN(RIGHT(Tableau4[[#This Row],[file name]],LEN(Tableau4[[#This Row],[file name]])-SEARCH("@",Tableau4[[#This Row],[file name]])))-SEARCH("/",RIGHT(Tableau4[[#This Row],[file name]],LEN(Tableau4[[#This Row],[file name]])-SEARCH("@",Tableau4[[#This Row],[file name]])))),1) -> #VALUE! | C43: file name | D43: total area | E43: mean intensity | G43: total fluorescence
A44: =IFERROR(LEFT(RIGHT(C44,LEN(C44)-SEARCH("@",C44)),SEARCH("/",RIGHT(C44,LEN(C44)-SEARCH("@",C44)-1))),"") -> 13 | B44: =LEFT(RIGHT(RIGHT(Tableau4[[#This Row],[file name]],LEN(Tableau4[[#This Row],[file name]])-SEARCH("@",Tableau4[[#This Row],[file name]])),LEN(RIGHT(Tableau4[[#This Row],[file name]],LEN(Tableau4[[#This Row],[file name]])-SEARCH("@",Tableau4[[#This Row],[file name]])))-SEARCH("/",RIGHT(Tableau4[[#This Row],[file name]],LEN(Tableau4[[#This Row],[file name]])-SEARCH("@",Tableau4[[#This Row],[file name]])))),1) -> A | C44: C:\Users\andre\Desktop\REACTIV CEFAS\Cromolyn\Cromolyn/20201217_Cefas_Test10_Run1/Plate 1/@13/A8_01.tif | D44: 7830.0219 | E44: 41.1685 | G44: 322350
A45: =IFERROR(LEFT(RIGHT(C45,LEN(C45)-SEARCH("@",C45)),SEARCH("/",RIGHT(C45,LEN(C45)-SEARCH("@",C45)-1))),"") -> 13 | B45: =LEFT(RIGHT(RIGHT(Tableau4[[#This Row],[file name]],LEN(Tableau4[[#This Row],[file name]])-SEARCH("@",Tableau4[[#This Row],[file name]])),LEN(RIGHT(Tableau4[[#This Row],[file name]],LEN(Tableau4[[#This Row],[file name]])-SEARCH("@",Tableau4[[#This Row],[file name]])))-SEARCH("/",RIGHT(Tableau4[[#This Row],[file name]],LEN(Tableau4[[#This Row],[file name]])-SEARCH("@",Tableau4[[#This Row],[file name]])))),1) -> A | C45: C:\Users\andre\Desktop\REACTIV CEFAS\Cromolyn\Cromolyn/20201217_Cefas_Test10_Run1/Plate 1/@13/A8_02.tif | D45: 2725.3667 | E45: 33.6587 | G45: 91732
A46: =IFERROR(LEFT(RIGHT(C46,LEN(C46)-SEARCH("@",C46)),SEARCH("/",RIGHT(C46,LEN(C46)-SEARCH("@",C46)-1))),"") -> 13 | B46: =LEFT(RIGHT(RIGHT(Tableau4[[#This Row],[file name]],LEN(Tableau4[[#This Row],[file name]])-SEARCH("@",Tableau4[[#This Row],[file name]])),LEN(RIGHT(Tableau4[[#This Row],[file name]],LEN(Tableau4[[#This Row],[file name]])-SEARCH("@",Tableau4[[#This Row],[file name]])))-SEARCH("/",RIGHT(Tableau4[[#This Row],[file name]],LEN(Tableau4[[#This Row],[file name]])-SEARCH("@",Tableau4[[#This Row],[file name]])))),1) -> A | C46: C:\Users\andre\Desktop\REACTIV CEFAS\Cromolyn\Cromolyn/20201217_Cefas_Test10_Run1/Plate 1/@13/A8_03.tif | D46: 7613.7229 | E46: 40.0199 | G46: 304700
A47: =IFERROR(LEFT(RIGHT(C47,LEN(C47)-SEARCH("@",C47)),SEARCH("/",RIGHT(C47,LEN(C47)-SEARCH("@",C47)-1))),"") -> 13 | B47: =LEFT(RIGHT(RIGHT(Tableau4[[#This Row],[file name]],LEN(Tableau4[[#This Row],[file name]])-SEARCH("@",Tableau4[[#This Row],[file name]])),LEN(RIGHT(Tableau4[[#This Row],[file name]],LEN(Tableau4[[#This Row],[file name]])-SEARCH("@",Tableau4[[#This Row],[file name]])))-SEARCH("/",RIGHT(Tableau4[[#This Row],[file name]],LEN(Tableau4[[#This Row],[file name]])-SEARCH("@",Tableau4[[#This Row],[file name]])))),1) -> A | C47: C:\Users\andre\Desktop\REACTIV CEFAS\Cromolyn\Cromolyn/20201217_Cefas_Test10_Run1/Plate 1/@13/A8_04.tif | D47: 5039.7654 | E47: 35.4292 | G47: 178555
A48: =IFERROR(LEFT(RIGHT(C48,LEN(C48)-SEARCH("@",C48)),SEARCH("/",RIGHT(C48,LEN(C48)-SEARCH("@",C48)-1))),"") -> 13 | B48: =LEFT(RIGHT(RIGHT(Tableau4[[#This Row],[file name]],LEN(Tableau4[[#This Row],[file name]])-SEARCH("@",Tableau4[[#This Row],[file name]])),LEN(RIGHT(Tableau4[[#This Row],[file name]],LEN(Tableau4[[#This Row],[file name]])-SEARCH("@",Tableau4[[#This Row],[file name]])))-SEARCH("/",RIGHT(Tableau4[[#This Row],[file name]],LEN(Tableau4[[#This Row],[file name]])-SEARCH("@",Tableau4[[#This Row],[file name]])))),1) -> B | C48: C:\Users\andre\Desktop\REACTIV CEFAS\Cromolyn\Cromolyn/20201217_Cefas_Test10_Run1/Plate 1/@13/B8_01.tif | D48: 42913.7109 | E48: 37.5146 | G48: 1609891
A49: =IFERROR(LEFT(RIGHT(C49,LEN(C49)-SEARCH("@",C49)),SEARCH("/",RIGHT(C49,LEN(C49)-SEARCH("@",C49)-1))),"") -> 13 | B49: =LEFT(RIGHT(RIGHT(Tableau4[[#This Row],[file name]],LEN(Tableau4[[#This Row],[file name]])-SEARCH("@",Tableau4[[#This Row],[file name]])),LEN(RIGHT(Tableau4[[#This Row],[file name]],LEN(Tableau4[[#This Row],[file name]])-SEARCH("@",Tableau4[[#This Row],[file name]])))-SEARCH("/",RIGHT(Tableau4[[#This Row],[file name]],LEN(Tableau4[[#This Row],[file name]])-SEARCH("@",Tableau4[[#This Row],[file name]])))),1) -> B | C49: C:\Users\andre\Desktop\REACTIV CEFAS\Cromolyn\Cromolyn/20201217_Cefas_Test10_Run1/Plate 1/@13/B8_02.tif | D49: 59785.0288 | E49: 40.9801 | G49: 2449997
A50: =IFERROR(LEFT(RIGHT(C50,LEN(C50)-SEARCH("@",C50)),SEARCH("/",RIGHT(C50,LEN(C50)-SEARCH("@",C50)-1))),"") -> 13 | B50: =LEFT(RIGHT(RIGHT(Tableau4[[#This Row],[file name]],LEN(Tableau4[[#This Row],[file name]])-SEARCH("@",Tableau4[[#This Row],[file name]])),LEN(RIGHT(Tableau4[[#This Row],[file name]],LEN(Tableau4[[#This Row],[file name]])-SEARCH("@",Tableau4[[#This Row],[file name]])))-SEARCH("/",RIGHT(Tableau4[[#This Row],[file name]],LEN(Tableau4[[#This Row],[file name]])-SEARCH("@",Tableau4[[#This Row],[file name]])))),1) -> B | C50: C:\Users\andre\Desktop\REACTIV CEFAS\Cromolyn\Cromolyn/20201217_Cefas_Test10_Run1/Plate 1/@13/B8_03.tif | D50: 56951.5126 | E50: 38.8982 | G50: 2215312
A51: =IFERROR(LEFT(RIGHT(C51,LEN(C51)-SEARCH("@",C51)),SEARCH("/",RIGHT(C51,LEN(C51)-SEARCH("@",C51)-1))),"") -> 13 | B51: =LEFT(RIGHT(RIGHT(Tableau4[[#This Row],[file name]],LEN(Tableau4[[#This Row],[file name]])-SEARCH("@",Tableau4[[#This Row],[file name]])),LEN(RIGHT(Tableau4[[#This Row],[file name]],LEN(Tableau4[[#This Row],[file name]])-SEARCH("@",Tableau4[[#This Row],[file name]])))-SEARCH("/",RIGHT(Tableau4[[#This Row],[file name]],LEN(Tableau4[[#This Row],[file name]])-SEARCH("@",Tableau4[[#This Row],[file name]])))),1) -> B | C51: C:\Users\andre\Desktop\REACTIV CEFAS\Cromolyn\Cromolyn/20201217_Cefas_Test10_Run1/Plate 1/@13/B8_04.tif | D51: 77716.2114 | E51: 41.9385 | G51: 3259301
A52: =IFERROR(LEFT(RIGHT(C52,LEN(C52)-SEARCH("@",C52)),SEARCH("/",RIGHT(C52,LEN(C52)-SEARCH("@",C52)-1))),"") -> 13 | B52: =LEFT(RIGHT(RIGHT(Tableau4[[#This Row],[file name]],LEN(Tableau4[[#This Row],[file name]])-SEARCH("@",Tableau4[[#This Row],[file name]])),LEN(RIGHT(Tableau4[[#This Row],[file name]],LEN(Tableau4[[#This Row],[file name]])-SEARCH("@",Tableau4[[#This Row],[file name]])))-SEARCH("/",RIGHT(Tableau4[[#This Row],[file name]],LEN(Tableau4[[#This Row],[file name]])-SEARCH("@",Tableau4[[#This Row],[file name]])))),1) -> C | C52: C:\Users\andre\Desktop\REACTIV CEFAS\Cromolyn\Cromolyn/20201217_Cefas_Test10_Run1/Plate 1/@13/C8_01.tif | D52: 45098.3303 | E52: 39.1856 | G52: 1767206
A53: =IFERROR(LEFT(RIGHT(C53,LEN(C53)-SEARCH("@",C53)),SEARCH("/",RIGHT(C53,LEN(C53)-SEARCH("@",C53)-1))),"") -> 13 | B53: =LEFT(RIGHT(RIGHT(Tableau4[[#This Row],[file name]],LEN(Tableau4[[#This Row],[file name]])-SEARCH("@",Tableau4[[#This Row],[file name]])),LEN(RIGHT(Tableau4[[#This Row],[file name]],LEN(Tableau4[[#This Row],[file name]])-SEARCH("@",Tableau4[[#This Row],[file name]])))-SEARCH("/",RIGHT(Tableau4[[#This Row],[file name]],LEN(Tableau4[[#This Row],[file name]])-SEARCH("@",Tableau4[[#This Row],[file name]])))),1) -> C | C53: C:\Users\andre\Desktop\REACTIV CEFAS\Cromolyn\Cromolyn/20201217_Cefas_Test10_Run1/Plate 1/@13/C8_02.tif | D53: 47109.9105 | E53: 38.1253 | G53: 1796082
A54: =IFERROR(LEFT(RIGHT(C54,LEN(C54)-SEARCH("@",C54)),SEARCH("/",RIGHT(C54,LEN(C54)-SEARCH("@",C54)-1))),"") -> 13 | B54: =LEFT(RIGHT(RIGHT(Tableau4[[#This Row],[file name]],LEN(Tableau4[[#This Row],[file name]])-SEARCH("@",Tableau4[[#This Row],[file name]])),LEN(RIGHT(Tableau4[[#This Row],[file name]],LEN(Tableau4[[#This Row],[file name]])-SEARCH("@",Tableau4[[#This Row],[file name]])))-SEARCH("/",RIGHT(Tableau4[[#This Row],[file name]],LEN(Tableau4[[#This Row],[file name]])-SEARCH("@",Tableau4[[#This Row],[file name]])))),1) -> C | C54: C:\Users\andre\Desktop\REACTIV CEFAS\Cromolyn\Cromolyn/20201217_Cefas_Test10_Run1/Plate 1/@13/C8_03.tif | D54: 47953.4764 | E54: 37.4899 | G54: 1797769
A55: =IFERROR(LEFT(RIGHT(C55,LEN(C55)-SEARCH("@",C55)),SEARCH("/",RIGHT(C55,LEN(C55)-SEARCH("@",C55)-1))),"") -> 13 | B55: =LEFT(RIGHT(RIGHT(Tableau4[[#This Row],[file name]],LEN(Tableau4[[#This Row],[file name]])-SEARCH("@",Tableau4[[#This Row],[file name]])),LEN(RIGHT(Tableau4[[#This Row],[file name]],LEN(Tableau4[[#This Row],[file name]])-SEARCH("@",Tableau4[[#This Row],[file name]])))-SEARCH("/",RIGHT(Tableau4[[#This Row],[file name]],LEN(Tableau4[[#This Row],[file name]])-SEARCH("@",Tableau4[[#This Row],[file name]])))),1) -> C | C55: C:\Users\andre\Desktop\REACTIV CEFAS\Cromolyn\Cromolyn/20201217_Cefas_Test10_Run1/Plate 1/@13/C8_04.tif | D55: 47672.2878 | E55: 38.9088 | G55: 1854872
A56: =IFERROR(LEFT(RIGHT(C56,LEN(C56)-SEARCH("@",C56)),SEARCH("/",RIGHT(C56,LEN(C56)-SEARCH("@",C56)-1))),"") -> 13 | B56: =LEFT(RIGHT(RIGHT(Tableau4[[#This Row],[file name]],LEN(Tableau4[[#This Row],[file name]])-SEARCH("@",Tableau4[[#This Row],[file name]])),LEN(RIGHT(Tableau4[[#This Row],[file name]],LEN(Tableau4[[#This Row],[file name]])-SEARCH("@",Tableau4[[#This Row],[file name]])))-SEARCH("/",RIGHT(Tableau4[[#This Row],[file name]],LEN(Tableau4[[#This Row],[file name]])-SEARCH("@",Tableau4[[#This Row],[file name]])))),1) -> D | C56: C:\Users\andre\Desktop\REACTIV CEFAS\Cromolyn\Cromolyn/20201217_Cefas_Test10_Run1/Plate 1/@13/D8_01.tif | D56: 54723.6334 | E56: 45.0051 | G56: 2462845
A57: =IFERROR(LEFT(RIGHT(C57,LEN(C57)-SEARCH("@",C57)),SEARCH("/",RIGHT(C57,LEN(C57)-SEARCH("@",C57)-1))),"") -> 13 | B57: =LEFT(RIGHT(RIGHT(Tableau4[[#This Row],[file name]],LEN(Tableau4[[#This Row],[file name]])-SEARCH("@",Tableau4[[#This Row],[file name]])),LEN(RIGHT(Tableau4[[#This Row],[file name]],LEN(Tableau4[[#This Row],[file name]])-SEARCH("@",Tableau4[[#This Row],[file name]])))-SEARCH("/",RIGHT(Tableau4[[#This Row],[file name]],LEN(Tableau4[[#This Row],[file name]])-SEARCH("@",Tableau4[[#This Row],[file name]])))),1) -> D | C57: C:\Users\andre\Desktop\REACTIV CEFAS\Cromolyn\Cromolyn/20201217_Cefas_Test10_Run1/Plate 1/@13/D8_02- exclu.tif
A58: =IFERROR(LEFT(RIGHT(C58,LEN(C58)-SEARCH("@",C58)),SEARCH("/",RIGHT(C58,LEN(C58)-SEARCH("@",C58)-1))),"") -> 13 | B58: =LEFT(RIGHT(RIGHT(Tableau4[[#This Row],[file name]],LEN(Tableau4[[#This Row],[file name]])-SEARCH("@",Tableau4[[#This Row],[file name]])),LEN(RIGHT(Tableau4[[#This Row],[file name]],LEN(Tableau4[[#This Row],[file name]])-SEARCH("@",Tableau4[[#This Row],[file name]])))-SEARCH("/",RIGHT(Tableau4[[#This Row],[file name]],LEN(Tableau4[[#This Row],[file name]])-SEARCH("@",Tableau4[[#This Row],[file name]])))),1) -> D | C58: C:\Users\andre\Desktop\REACTIV CEFAS\Cromolyn\Cromolyn/20201217_Cefas_Test10_Run1/Plate 1/@13/D8_03.tif | D58: 54399.185 | E58: 45.8537 | G58: 2494403
A59: =IFERROR(LEFT(RIGHT(C59,LEN(C59)-SEARCH("@",C59)),SEARCH("/",RIGHT(C59,LEN(C59)-SEARCH("@",C59)-1))),"") -> 13 | B59: =LEFT(RIGHT(RIGHT(Tableau4[[#This Row],[file name]],LEN(Tableau4[[#This Row],[file name]])-SEARCH("@",Tableau4[[#This Row],[file name]])),LEN(RIGHT(Tableau4[[#This Row],[file name]],LEN(Tableau4[[#This Row],[file name]])-SEARCH("@",Tableau4[[#This Row],[file name]])))-SEARCH("/",RIGHT(Tableau4[[#This Row],[file name]],LEN(Tableau4[[#This Row],[file name]])-SEARCH("@",Tableau4[[#This Row],[file name]])))),1) -> D | C59: C:\Users\andre\Desktop\REACTIV CEFAS\Cromolyn\Cromolyn/20201217_Cefas_Test10_Run1/Plate 1/@13/D8_04.tif | D59: 51176.3307 | E59: 46.9484 | G59: 2402649
A60: =IFERROR(LEFT(RIGHT(C60,LEN(C60)-SEARCH("@",C60)),SEARCH("/",RIGHT(C60,LEN(C60)-SEARCH("@",C60)-1))),"") -> 13 | B60: =LEFT(RIGHT(RIGHT(Tableau4[[#This Row],[file name]],LEN(Tableau4[[#This Row],[file name]])-SEARCH("@",Tableau4[[#This Row],[file name]])),LEN(RIGHT(Tableau4[[#This Row],[file name]],LEN(Tableau4[[#This Row],[file name]])-SEARCH("@",Tableau4[[#This Row],[file name]])))-SEARCH("/",RIGHT(Tableau4[[#This Row],[file name]],LEN(Tableau4[[#This Row],[file name]])-SEARCH("@",Tableau4[[#This Row],[file name]])))),1) -> E | C60: C:\Users\andre\Desktop\REACTIV CEFAS\Cromolyn\Cromolyn/20201217_Cefas_Test10_Run1/Plate 1/@13/E8_01.tif | D60: 18601.7094 | E60: 35.343 | G60: 657441
A61: =IFERROR(LEFT(RIGHT(C61,LEN(C61)-SEARCH("@",C61)),SEARCH("/",RIGHT(C61,LEN(C61)-SEARCH("@",C61)-1))),"") -> 13 | B61: =LEFT(RIGHT(RIGHT(Tableau4[[#This Row],[file name]],LEN(Tableau4[[#This Row],[file name]])-SEARCH("@",Tableau4[[#This Row],[file name]])),LEN(RIGHT(Tableau4[[#This Row],[file name]],LEN(Tableau4[[#This Row],[file name]])-SEARCH("@",Tableau4[[#This Row],[file name]])))-SEARCH("/",RIGHT(Tableau4[[#This Row],[file name]],LEN(Tableau4[[#This Row],[file name]])-SEARCH("@",Tableau4[[#This Row],[file name]])))),1) -> E | C61: C:\Users\andre\Desktop\REACTIV CEFAS\Cromolyn\Cromolyn/20201217_Cefas_Test10_Run1/Plate 1/@13/E8_02- exclu.tif
A62: =IFERROR(LEFT(RIGHT(C62,LEN(C62)-SEARCH("@",C62)),SEARCH("/",RIGHT(C62,LEN(C62)-SEARCH("@",C62)-1))),"") -> 13 | B62: =LEFT(RIGHT(RIGHT(Tableau4[[#This Row],[file name]],LEN(Tableau4[[#This Row],[file name]])-SEARCH("@",Tableau4[[#This Row],[file name]])),LEN(RIGHT(Tableau4[[#This Row],[file name]],LEN(Tableau4[[#This Row],[file name]])-SEARCH("@",Tableau4[[#This Row],[file name]])))-SEARCH("/",RIGHT(Tableau4[[#This Row],[file name]],LEN(Tableau4[[#This Row],[file name]])-SEARCH("@",Tableau4[[#This Row],[file name]])))),1) -> E | C62: C:\Users\andre\Desktop\REACTIV CEFAS\Cromolyn\Cromolyn/20201217_Cefas_Test10_Run1/Plate 1/@13/E8_03.tif | D62: 23490.0656 | E62: 36.0617 | G62: 847092
A63: =IFERROR(LEFT(RIGHT(C63,LEN(C63)-SEARCH("@",C63)),SEARCH("/",RIGHT(C63,LEN(C63)-SEARCH("@",C63)-1))),"") -> 13 | B63: =LEFT(RIGHT(RIGHT(Tableau4[[#This Row],[file name]],LEN(Tableau4[[#This Row],[file name]])-SEARCH("@",Tableau4[[#This Row],[file name]])),LEN(RIGHT(Tableau4[[#This Row],[file name]],LEN(Tableau4[[#This Row],[file name]])-SEARCH("@",Tableau4[[#This Row],[file name]])))-SEARCH("/",RIGHT(Tableau4[[#This Row],[file name]],LEN(Tableau4[[#This Row],[file name]])-SEARCH("@",Tableau4[[#This Row],[file name]])))),1) -> E | C63: C:\Users\andre\Desktop\REACTIV CEFAS\Cromolyn\Cromolyn/20201217_Cefas_Test10_Run1/Plate 1/@13/E8_04.tif | D63: 11571.9936 | E63: 35.3196 | G63: 408718
A64: =IFERROR(LEFT(RIGHT(C64,LEN(C64)-SEARCH("@",C64)),SEARCH("/",RIGHT(C64,LEN(C64)-SEARCH("@",C64)-1))),"") -> 13 | B64: =LEFT(RIGHT(RIGHT(Tableau4[[#This Row],[file name]],LEN(Tableau4[[#This Row],[file name]])-SEARCH("@",Tableau4[[#This Row],[file name]])),LEN(RIGHT(Tableau4[[#This Row],[file name]],LEN(Tableau4[[#This Row],[file name]])-SEARCH("@",Tableau4[[#This Row],[file name]])))-SEARCH("/",RIGHT(Tableau4[[#This Row],[file name]],LEN(Tableau4[[#This Row],[file name]])-SEARCH("@",Tableau4[[#This Row],[file name]])))),1) -> F | C64: C:\Users\andre\Desktop\REACTIV CEFAS\Cromolyn\Cromolyn/20201217_Cefas_Test10_Run1/Plate 1/@13/F8_01- exclu.tif
A65: =IFERROR(LEFT(RIGHT(C65,LEN(C65)-SEARCH("@",C65)),SEARCH("/",RIGHT(C65,LEN(C65)-SEARCH("@",C65)-1))),"") -> 13 | B65: =LEFT(RIGHT(RIGHT(Tableau4[[#This Row],[file name]],LEN(Tableau4[[#This Row],[file name]])-SEARCH("@",Tableau4[[#This Row],[file name]])),LEN(RIGHT(Tableau4[[#This Row],[file name]],LEN(Tableau4[[#This Row],[file name]])-SEARCH("@",Tableau4[[#This Row],[file name]])))-SEARCH("/",RIGHT(Tableau4[[#This Row],[file name]],LEN(Tableau4[[#This Row],[file name]])-SEARCH("@",Tableau4[[#This Row],[file name]])))),1) -> F | C65: C:\Users\andre\Desktop\REACTIV CEFAS\Cromolyn\Cromolyn/20201217_Cefas_Test10_Run1/Plate 1/@13/F8_02.tif | D65: 74320.3179 | E65: 42.2884 | G65: 3142889
A66: =IFERROR(LEFT(RIGHT(C66,LEN(C66)-SEARCH("@",C66)),SEARCH("/",RIGHT(C66,LEN(C66)-SEARCH("@",C66)-1))),"") -> 13 | B66: =LEFT(RIGHT(RIGHT(Tableau4[[#This Row],[file name]],LEN(Tableau4[[#This Row],[file name]])-SEARCH("@",Tableau4[[#This Row],[file name]])),LEN(RIGHT(Tableau4[[#This Row],[file name]],LEN(Tableau4[[#This Row],[file name]])-SEARCH("@",Tableau4[[#This Row],[file name]])))-SEARCH("/",RIGHT(Tableau4[[#This Row],[file name]],LEN(Tableau4[[#This Row],[file name]])-SEARCH("@",Tableau4[[#This Row],[file name]])))),1) -> F | C66: C:\Users\andre\Desktop\REACTIV CEFAS\Cromolyn\Cromolyn/20201217_Cefas_Test10_Run1/Plate 1/@13/F8_03.tif | D66: 80333.4287 | E66: 44.6117 | G66: 3583814
A67: =IFERROR(LEFT(RIGHT(C67,LEN(C67)-SEARCH("@",C67)),SEARCH("/",RIGHT(C67,LEN(C67)-SEARCH("@",C67)-1))),"") -> 13 | B67: =LEFT(RIGHT(RIGHT(Tableau4[[#This Row],[file name]],LEN(Tableau4[[#This Row],[file name]])-SEARCH("@",Tableau4[[#This Row],[file name]])),LEN(RIGHT(Tableau4[[#This Row],[file name]],LEN(Tableau4[[#This Row],[file name]])-SEARCH("@",Tableau4[[#This Row],[file name]])))-SEARCH("/",RIGHT(Tableau4[[#This Row],[file name]],LEN(Tableau4[[#This Row],[file name]])-SEARCH("@",Tableau4[[#This Row],[file name]])))),1) -> F | C67: C:\Users\andre\Desktop\REACTIV CEFAS\Cromolyn\Cromolyn/20201217_Cefas_Test10_Run1/Plate 1/@13/F8_04.tif | D67: 78365.1082 | E67: 43.4041 | G67: 3401366
A68: =IFERROR(LEFT(RIGHT(C68,LEN(C68)-SEARCH("@",C68)),SEARCH("/",RIGHT(C68,LEN(C68)-SEARCH("@",C68)-1))),"") -> 13 | B68: =LEFT(RIGHT(RIGHT(Tableau4[[#This Row],[file name]],LEN(Tableau4[[#This Row],[file name]])-SEARCH("@",Tableau4[[#This Row],[file name]])),LEN(RIGHT(Tableau4[[#This Row],[file name]],LEN(Tableau4[[#This Row],[file name]])-SEARCH("@",Tableau4[[#This Row],[file name]])))-SEARCH("/",RIGHT(Tableau4[[#This Row],[file name]],LEN(Tableau4[[#This Row],[file name]])-SEARCH("@",Tableau4[[#This Row],[file name]])))),1) -> G | C68: C:\Users\andre\Desktop\REACTIV CEFAS\Cromolyn\Cromolyn/20201217_Cefas_Test10_Run1/Plate 1/@13/G8_01.tif | D68: 61450.5306 | E68: 39.6586 | G68: 2437040
A69: =IFERROR(LEFT(RIGHT(C69,LEN(C69)-SEARCH("@",C69)),SEARCH("/",RIGHT(C69,LEN(C69)-SEARCH("@",C69)-1))),"") -> 13 | B69: =LEFT(RIGHT(RIGHT(Tableau4[[#This Row],[file name]],LEN(Tableau4[[#This Row],[file name]])-SEARCH("@",Tableau4[[#This Row],[file name]])),LEN(RIGHT(Tableau4[[#This Row],[file name]],LEN(Tableau4[[#This Row],[file name]])-SEARCH("@",Tableau4[[#This Row],[file name]])))-SEARCH("/",RIGHT(Tableau4[[#This Row],[file name]],LEN(Tableau4[[#This Row],[file name]])-SEARCH("@",Tableau4[[#This Row],[file name]])))),1) -> G | C69: C:\Users\andre\Desktop\REACTIV CEFAS\Cromolyn\Cromolyn/20201217_Cefas_Test10_Run1/Plate 1/@13/G8_02.tif | D69: 58487.2351 | E69: 39.0074 | G69: 2281435
A70: =IFERROR(LEFT(RIGHT(C70,LEN(C70)-SEARCH("@",C70)),SEARCH("/",RIGHT(C70,LEN(C70)-SEARCH("@",C70)-1))),"") -> 13 | B70: =LEFT(RIGHT(RIGHT(Tableau4[[#This Row],[file name]],LEN(Tableau4[[#This Row],[file name]])-SEARCH("@",Tableau4[[#This Row],[file name]])),LEN(RIGHT(Tableau4[[#This Row],[file name]],LEN(Tableau4[[#This Row],[file name]])-SEARCH("@",Tableau4[[#This Row],[file name]])))-SEARCH("/",RIGHT(Tableau4[[#This Row],[file name]],LEN(Tableau4[[#This Row],[file name]])-SEARCH("@",Tableau4[[#This Row],[file name]])))),1) -> G | C70: C:\Users\andre\Desktop\REACTIV CEFAS\Cromolyn\Cromolyn/20201217_Cefas_Test10_Run1/Plate 1/@13/G8_03.tif | D70: 64089.3778 | E70: 38.9423 | G70: 2495787
A71: =IFERROR(LEFT(RIGHT(C71,LEN(C71)-SEARCH("@",C71)),SEARCH("/",RIGHT(C71,LEN(C71)-SEARCH("@",C71)-1))),"") -> 13 | B71: =LEFT(RIGHT(RIGHT(Tableau4[[#This Row],[file name]],LEN(Tableau4[[#This Row],[file name]])-SEARCH("@",Tableau4[[#This Row],[file name]])),LEN(RIGHT(Tableau4[[#This Row],[file name]],LEN(Tableau4[[#This Row],[file name]])-SEARCH("@",Tableau4[[#This Row],[file name]])))-SEARCH("/",RIGHT(Tableau4[[#This Row],[file name]],LEN(Tableau4[[#This Row],[file name]])-SEARCH("@",Tableau4[[#This Row],[file name]])))),1) -> G | C71: C:\Users\andre\Desktop\REACTIV CEFAS\Cromolyn\Cromolyn/20201217_Cefas_Test10_Run1/Plate 1/@13/G8_04.tif | D71: 45530.9282 | E71: 36.439 | G71: 1659099
A72: =IFERROR(LEFT(RIGHT(C72,LEN(C72)-SEARCH("@",C72)),SEARCH("/",RIGHT(C72,LEN(C72)-SEARCH("@",C72)-1))),"") -> 13 | B72: =LEFT(RIGHT(RIGHT(Tableau4[[#This Row],[file name]],LEN(Tableau4[[#This Row],[file name]])-SEARCH("@",Tableau4[[#This Row],[file name]])),LEN(RIGHT(Tableau4[[#This Row],[file name]],LEN(Tableau4[[#This Row],[file name]])-SEARCH("@",Tableau4[[#This Row],[file name]])))-SEARCH("/",RIGHT(Tableau4[[#This Row],[file name]],LEN(Tableau4[[#This Row],[file name]])-SEARCH("@",Tableau4[[#This Row],[file name]])))),1) -> H | C72: C:\Users\andre\Desktop\REACTIV CEFAS\Cromolyn\Cromolyn/20201217_Cefas_Test10_Run1/Plate 1/@13/H8_01.tif | D72: 76915.9053 | E72: 47.7663 | G72: 3673989
A73: =IFERROR(LEFT(RIGHT(C73,LEN(C73)-SEARCH("@",C73)),SEARCH("/",RIGHT(C73,LEN(C73)-SEARCH("@",C73)-1))),"") -> 13 | B73: =LEFT(RIGHT(RIGHT(Tableau4[[#This Row],[file name]],LEN(Tableau4[[#This Row],[file name]])-SEARCH("@",Tableau4[[#This Row],[file name]])),LEN(RIGHT(Tableau4[[#This Row],[file name]],LEN(Tableau4[[#This Row],[file name]])-SEARCH("@",Tableau4[[#This Row],[file name]])))-SEARCH("/",RIGHT(Tableau4[[#This Row],[file name]],LEN(Tableau4[[#This Row],[file name]])-SEARCH("@",Tableau4[[#This Row],[file name]])))),1) -> H | C73: C:\Users\andre\Desktop\REACTIV CEFAS\Cromolyn\Cromolyn/20201217_Cefas_Test10_Run1/Plate 1/@13/H8_02- exclu.tif
A74: =IFERROR(LEFT(RIGHT(C74,LEN(C74)-SEARCH("@",C74)),SEARCH("/",RIGHT(C74,LEN(C74)-SEARCH("@",C74)-1))),"") -> 13 | B74: =LEFT(RIGHT(RIGHT(Tableau4[[#This Row],[file name]],LEN(Tableau4[[#This Row],[file name]])-SEARCH("@",Tableau4[[#This Row],[file name]])),LEN(RIGHT(Tableau4[[#This Row],[file name]],LEN(Tableau4[[#This Row],[file name]])-SEARCH("@",Tableau4[[#This Row],[file name]])))-SEARCH("/",RIGHT(Tableau4[[#This Row],[file name]],LEN(Tableau4[[#This Row],[file name]])-SEARCH("@",Tableau4[[#This Row],[file name]])))),1) -> H | C74: C:\Users\andre\Desktop\REACTIV CEFAS\Cromolyn\Cromolyn/20201217_Cefas_Test10_Run1/Plate 1/@13/H8_03- exclu.tif
A75: =IFERROR(LEFT(RIGHT(C75,LEN(C75)-SEARCH("@",C75)),SEARCH("/",RIGHT(C75,LEN(C75)-SEARCH("@",C75)-1))),"") -> 13 | B75: =LEFT(RIGHT(RIGHT(Tableau4[[#This Row],[file name]],LEN(Tableau4[[#This Row],[file name]])-SEARCH("@",Tableau4[[#This Row],[file name]])),LEN(RIGHT(Tableau4[[#This Row],[file name]],LEN(Tableau4[[#This Row],[file name]])-SEARCH("@",Tableau4[[#This Row],[file name]])))-SEARCH("/",RIGHT(Tableau4[[#This Row],[file name]],LEN(Tableau4[[#This Row],[file name]])-SEARCH("@",Tableau4[[#This Row],[file name]])))),1) -> H | C75: C:\Users\andre\Desktop\REACTIV CEFAS\Cromolyn\Cromolyn/20201217_Cefas_Test10_Run1/Plate 1/@13/H8_04.tif | D75: 92338.0202 | E75: 44.0412 | G75: 4066680
A76: =IFERROR(LEFT(RIGHT(C76,LEN(C76)-SEARCH("@",C76)),SEARCH("/",RIGHT(C76,LEN(C76)-SEARCH("@",C76)-1))),"") | B76: =LEFT(RIGHT(RIGHT(Tableau4[[#This Row],[file name]],LEN(Tableau4[[#This Row],[file name]])-SEARCH("@",Tableau4[[#This Row],[file name]])),LEN(RIGHT(Tableau4[[#This Row],[file name]],LEN(Tableau4[[#This Row],[file name]])-SEARCH("@",Tableau4[[#This Row],[file name]])))-SEARCH("/",RIGHT(Tableau4[[#This Row],[file name]],LEN(Tableau4[[#This Row],[file name]])-SEARCH("@",Tableau4[[#This Row],[file name]])))),1) -> #VALUE!
A77: =IFERROR(LEFT(RIGHT(C77,LEN(C77)-SEARCH("@",C77)),SEARCH("/",RIGHT(C77,LEN(C77)-SEARCH("@",C77)-1))),"") | B77: =LEFT(RIGHT(RIGHT(Tableau4[[#This Row],[file name]],LEN(Tableau4[[#This Row],[file name]])-SEARCH("@",Tableau4[[#This Row],[file name]])),LEN(RIGHT(Tableau4[[#This Row],[file name]],LEN(Tableau4[[#This Row],[file name]])-SEARCH("@",Tableau4[[#This Row],[file name]])))-SEARCH("/",RIGHT(Tableau4[[#This Row],[file name]],LEN(Tableau4[[#This Row],[file name]])-SEARCH("@",Tableau4[[#This Row],[file name]])))),1) -> #VALUE! | C77: group | E77: mean of mean fluo | F77: SD mean fluo | G77: mean of total fluo | H77: SD total fluo
A78: =IFERROR(LEFT(RIGHT(C78,LEN(C78)-SEARCH("@",C78)),SEARCH("/",RIGHT(C78,LEN(C78)-SEARCH("@",C78)-1))),"") -> 13 | B78: =LEFT(RIGHT(RIGHT(Tableau4[[#This Row],[file name]],LEN(Tableau4[[#This Row],[file name]])-SEARCH("@",Tableau4[[#This Row],[file name]])),LEN(RIGHT(Tableau4[[#This Row],[file name]],LEN(Tableau4[[#This Row],[file name]])-SEARCH("@",Tableau4[[#This Row],[file name]])))-SEARCH("/",RIGHT(Tableau4[[#This Row],[file name]],LEN(Tableau4[[#This Row],[file name]])-SEARCH("@",Tableau4[[#This Row],[file name]])))),1) | C78: C:\Users\andre\Desktop\REACTIV CEFAS\Cromolyn\Cromolyn/20201217_Cefas_Test10_Run1/Plate 1/@13/ | E78: 40.4529 | F78: 4.3915 | G78: 2082927.84 | H78: 1204866.54
A79: =IFERROR(LEFT(RIGHT(C79,LEN(C79)-SEARCH("@",C79)),SEARCH("/",RIGHT(C79,LEN(C79)-SEARCH("@",C79)-1))),"") | B79: =LEFT(RIGHT(RIGHT(Tableau4[[#This Row],[file name]],LEN(Tableau4[[#This Row],[file name]])-SEARCH("@",Tableau4[[#This Row],[file name]])),LEN(RIGHT(Tableau4[[#This Row],[file name]],LEN(Tableau4[[#This Row],[file name]])-SEARCH("@",Tableau4[[#This Row],[file name]])))-SEARCH("/",RIGHT(Tableau4[[#This Row],[file name]],LEN(Tableau4[[#This Row],[file name]])-SEARCH("@",Tableau4[[#This Row],[file name]])))),1) -> #VALUE!
A80: =IFERROR(LEFT(RIGHT(C80,LEN(C80)-SEARCH("@",C80)),SEARCH("/",RIGHT(C80,LEN(C80)-SEARCH("@",C80)-1))),"") | B80: =LEFT(RIGHT(RIGHT(Tableau4[[#This Row],[file name]],LEN(Tableau4[[#This Row],[file name]])-SEARCH("@",Tableau4[[#This Row],[file name]])),LEN(RIGHT(Tableau4[[#This Row],[file name]],LEN(Tableau4[[#This Row],[file name]])-SEARCH("@",Tableau4[[#This Row],[file name]])))-SEARCH("/",RIGHT(Tableau4[[#This Row],[file name]],LEN(Tableau4[[#This Row],[file name]])-SEARCH("@",Tableau4[[#This Row],[file name]])))),1) -> #VALUE!
A81: =IFERROR(LEFT(RIGHT(C81,LEN(C81)-SEARCH("@",C81)),SEARCH("/",RIGHT(C81,LEN(C81)-SEARCH("@",C81)-1))),"") | B81: =LEFT(RIGHT(RIGHT(Tableau4[[#This Row],[file name]],LEN(Tableau4[[#This Row],[file name]])-SEARCH("@",Tableau4[[#This Row],[file name]])),LEN(RIGHT(Tableau4[[#This Row],[file name]],LEN(Tableau4[[#This Row],[file name]])-SEARCH("@",Tableau4[[#This Row],[file name]])))-SEARCH("/",RIGHT(Tableau4[[#This Row],[file name]],LEN(Tableau4[[#This Row],[file name]])-SEARCH("@",Tableau4[[#This Row],[file name]])))),1) -> #VALUE!
A82: =IFERROR(LEFT(RIGHT(C82,LEN(C82)-SEARCH("@",C82)),SEARCH("/",RIGHT(C82,LEN(C82)-SEARCH("@",C82)-1))),"") | B82: =LEFT(RIGHT(RIGHT(Tableau4[[#This Row],[file name]],LEN(Tableau4[[#This Row],[file name]])-SEARCH("@",Tableau4[[#This Row],[file name]])),LEN(RIGHT(Tableau4[[#This Row],[file name]],LEN(Tableau4[[#This Row],[file name]])-SEARCH("@",Tableau4[[#This Row],[file name]])))-SEARCH("/",RIGHT(Tableau4[[#This Row],[file name]],LEN(Tableau4[[#This Row],[file name]])-SEARCH("@",Tableau4[[#This Row],[file name]])))),1) -> #VALUE!
A83: =IFERROR(LEFT(RIGHT(C83,LEN(C83)-SEARCH("@",C83)),SEARCH("/",RIGHT(C83,LEN(C83)-SEARCH("@",C83)-1))),"") | B83: =LEFT(RIGHT(RIGHT(Tableau4[[#This Row],[file name]],LEN(Tableau4[[#This Row],[file name]])-SEARCH("@",Tableau4[[#This Row],[file name]])),LEN(RIGHT(Tableau4[[#This Row],[file name]],LEN(Tableau4[[#This Row],[file name]])-SEARCH("@",Tableau4[[#This Row],[file name]])))-SEARCH("/",RIGHT(Tableau4[[#This Row],[file name]],LEN(Tableau4[[#This Row],[file name]])-SEARCH("@",Tableau4[[#This Row],[file name]])))),1) -> #VALUE!
A84: =IFERROR(LEFT(RIGHT(C84,LEN(C84)-SEARCH("@",C84)),SEARCH("/",RIGHT(C84,LEN(C84)-SEARCH("@",C84)-1))),"") | B84: =LEFT(RIGHT(RIGHT(Tableau4[[#This Row],[file name]],LEN(Tableau4[[#This Row],[file name]])-SEARCH("@",Tableau4[[#This Row],[file name]])),LEN(RIGHT(Tableau4[[#This Row],[file name]],LEN(Tableau4[[#This Row],[file name]])-SEARCH("@",Tableau4[[#This Row],[file name]])))-SEARCH("/",RIGHT(Tableau4[[#This Row],[file name]],LEN(Tableau4[[#This Row],[file name]])-SEARCH("@",Tableau4[[#This Row],[file name]])))),1) -> #VALUE! | C84: file name | D84: total area | E84: mean intensity | G84: total fluorescence
A85: =IFERROR(LEFT(RIGHT(C85,LEN(C85)-SEARCH("@",C85)),SEARCH("/",RIGHT(C85,LEN(C85)-SEARCH("@",C85)-1))),"") -> 14 | B85: =LEFT(RIGHT(RIGHT(Tableau4[[#This Row],[file name]],LEN(Tableau4[[#This Row],[file name]])-SEARCH("@",Tableau4[[#This Row],[file name]])),LEN(RIGHT(Tableau4[[#This Row],[file name]],LEN(Tableau4[[#This Row],[file name]])-SEARCH("@",Tableau4[[#This Row],[file name]])))-SEARCH("/",RIGHT(Tableau4[[#This Row],[file name]],LEN(Tableau4[[#This Row],[file name]])-SEARCH("@",Tableau4[[#This Row],[file name]])))),1) -> A | C85: C:\Users\andre\Desktop\REACTIV CEFAS\Cromolyn\Cromolyn/20201217_Cefas_Test10_Run1/Plate 1/@14/A9_01.tif | D85: 22473.4605 | E85: 35.6959 | G85: 802210
A86: =IFERROR(LEFT(RIGHT(C86,LEN(C86)-SEARCH("@",C86)),SEARCH("/",RIGHT(C86,LEN(C86)-SEARCH("@",C86)-1))),"") -> 14 | B86: =LEFT(RIGHT(RIGHT(Tableau4[[#This Row],[file name]],LEN(Tableau4[[#This Row],[file name]])-SEARCH("@",Tableau4[[#This Row],[file name]])),LEN(RIGHT(Tableau4[[#This Row],[file name]],LEN(Tableau4[[#This Row],[file name]])-SEARCH("@",Tableau4[[#This Row],[file name]])))-SEARCH("/",RIGHT(Tableau4[[#This Row],[file name]],LEN(Tableau4[[#This Row],[file name]])-SEARCH("@",Tableau4[[#This Row],[file name]])))),1) -> A | C86: C:\Users\andre\Desktop\REACTIV CEFAS\Cromolyn\Cromolyn/20201217_Cefas_Test10_Run1/Plate 1/@14/A9_02.tif | D86: 18709.8589 | E86: 33.6335 | G86: 629279
A87: =IFERROR(LEFT(RIGHT(C87,LEN(C87)-SEARCH("@",C87)),SEARCH("/",RIGHT(C87,LEN(C87)-SEARCH("@",C87)-1))),"") -> 14 | B87: =LEFT(RIGHT(RIGHT(Tableau4[[#This Row],[file name]],LEN(Tableau4[[#This Row],[file name]])-SEARCH("@",Tableau4[[#This Row],[file name]])),LEN(RIGHT(Tableau4[[#This Row],[file name]],LEN(Tableau4[[#This Row],[file name]])-SEARCH("@",Tableau4[[#This Row],[file name]])))-SEARCH("/",RIGHT(Tableau4[[#This Row],[file name]],LEN(Tableau4[[#This Row],[file name]])-SEARCH("@",Tableau4[[#This Row],[file name]])))),1) -> A | C87: C:\Users\andre\Desktop\REACTIV CEFAS\Cromolyn\Cromolyn/20201217_Cefas_Test10_Run1/Plate 1/@14/A9_03.tif | D87: 17758.1435 | E87: 34.4056 | G87: 610980
A88: =IFERROR(LEFT(RIGHT(C88,LEN(C88)-SEARCH("@",C88)),SEARCH("/",RIGHT(C88,LEN(C88)-SEARCH("@",C88)-1))),"") -> 14 | B88: =LEFT(RIGHT(RIGHT(Tableau4[[#This Row],[file name]],LEN(Tableau4[[#This Row],[file name]])-SEARCH("@",Tableau4[[#This Row],[file name]])),LEN(RIGHT(Tableau4[[#This Row],[file name]],LEN(Tableau4[[#This Row],[file name]])-SEARCH("@",Tableau4[[#This Row],[file name]])))-SEARCH("/",RIGHT(Tableau4[[#This Row],[file name]],LEN(Tableau4[[#This Row],[file name]])-SEARCH("@",Tableau4[[#This Row],[file name]])))),1) -> A | C88: C:\Users\andre\Desktop\REACTIV CEFAS\Cromolyn\Cromolyn/20201217_Cefas_Test10_Run1/Plate 1/@14/A9_04.tif | D88: 21565.0049 | E88: 34.5356 | G88: 744761
A89: =IFERROR(LEFT(RIGHT(C89,LEN(C89)-SEARCH("@",C89)),SEARCH("/",RIGHT(C89,LEN(C89)-SEARCH("@",C89)-1))),"") -> 14 | B89: =LEFT(RIGHT(RIGHT(Tableau4[[#This Row],[file name]],LEN(Tableau4[[#This Row],[file name]])-SEARCH("@",Tableau4[[#This Row],[file name]])),LEN(RIGHT(Tableau4[[#This Row],[file name]],LEN(Tableau4[[#This Row],[file name]])-SEARCH("@",Tableau4[[#This Row],[file name]])))-SEARCH("/",RIGHT(Tableau4[[#This Row],[file name]],LEN(Tableau4[[#This Row],[file name]])-SEARCH("@",Tableau4[[#This Row],[file name]])))),1) -> B | C89: C:\Users\andre\Desktop\REACTIV CEFAS\Cromolyn\Cromolyn/20201217_Cefas_Test10_Run1/Plate 1/@14/B9_01.tif | D89: 6467.3385 | E89: 37.2241 | G89: 240741
A90: =IFERROR(LEFT(RIGHT(C90,LEN(C90)-SEARCH("@",C90)),SEARCH("/",RIGHT(C90,LEN(C90)-SEARCH("@",C90)-1))),"") -> 14 | B90: =LEFT(RIGHT(RIGHT(Tableau4[[#This Row],[file name]],LEN(Tableau4[[#This Row],[file name]])-SEARCH("@",Tableau4[[#This Row],[file name]])),LEN(RIGHT(Tableau4[[#This Row],[file name]],LEN(Tableau4[[#This Row],[file name]])-SEARCH("@",Tableau4[[#This Row],[file name]])))-SEARCH("/",RIGHT(Tableau4[[#This Row],[file name]],LEN(Tableau4[[#This Row],[file name]])-SEARCH("@",Tableau4[[#This Row],[file name]])))),1) -> B | C90: C:\Users\andre\Desktop\REACTIV CEFAS\Cromolyn\Cromolyn/20201217_Cefas_Test10_Run1/Plate 1/@14/B9_02.tif | D90: 5667.0324 | E90: 38.2786 | G90: 216926
A91: =IFERROR(LEFT(RIGHT(C91,LEN(C91)-SEARCH("@",C91)),SEARCH("/",RIGHT(C91,LEN(C91)-SEARCH("@",C91)-1))),"") -> 14 | B91: =LEFT(RIGHT(RIGHT(Tableau4[[#This Row],[file name]],LEN(Tableau4[[#This Row],[file name]])-SEARCH("@",Tableau4[[#This Row],[file name]])),LEN(RIGHT(Tableau4[[#This Row],[file name]],LEN(Tableau4[[#This Row],[file name]])-SEARCH("@",Tableau4[[#This Row],[file name]])))-SEARCH("/",RIGHT(Tableau4[[#This Row],[file name]],LEN(Tableau4[[#This Row],[file name]])-SEARCH("@",Tableau4[[#This Row],[file name]])))),1) -> B | C91: C:\Users\andre\Desktop\REACTIV CEFAS\Cromolyn\Cromolyn/20201217_Cefas_Test10_Run1/Plate 1/@14/B9_03.tif | D91: 7894.9115 | E91: 35.3726 | G91: 279264
A92: =IFERROR(LEFT(RIGHT(C92,LEN(C92)-SEARCH("@",C92)),SEARCH("/",RIGHT(C92,LEN(C92)-SEARCH("@",C92)-1))),"") -> 14 | B92: =LEFT(RIGHT(RIGHT(Tableau4[[#This Row],[file name]],LEN(Tableau4[[#This Row],[file name]])-SEARCH("@",Tableau4[[#This Row],[file name]])),LEN(RIGHT(Tableau4[[#This Row],[file name]],LEN(Tableau4[[#This Row],[file name]])-SEARCH("@",Tableau4[[#This Row],[file name]])))-SEARCH("/",RIGHT(Tableau4[[#This Row],[file name]],LEN(Tableau4[[#This Row],[file name]])-SEARCH("@",Tableau4[[#This Row],[file name]])))),1) -> B | C92: C:\Users\andre\Desktop\REACTIV CEFAS\Cromolyn\Cromolyn/20201217_Cefas_Test10_Run1/Plate 1/@14/B9_04.tif | D92: 24182.2222 | E92: 34.5385 | G92: 835217
A93: =IFERROR(LEFT(RIGHT(C93,LEN(C93)-SEARCH("@",C93)),SEARCH("/",RIGHT(C93,LEN(C93)-SEARCH("@",C93)-1))),"") -> 14 | B93: =LEFT(RIGHT(RIGHT(Tableau4[[#This Row],[file name]],LEN(Tableau4[[#This Row],[file name]])-SEARCH("@",Tableau4[[#This Row],[file name]])),LEN(RIGHT(Tableau4[[#This Row],[file name]],LEN(Tableau4[[#This Row],[file name]])-SEARCH("@",Tableau4[[#This Row],[file name]])))-SEARCH("/",RIGHT(Tableau4[[#This Row],[file name]],LEN(Tableau4[[#This Row],[file name]])-SEARCH("@",Tableau4[[#This Row],[file name]])))),1) -> C | C93: C:\Users\andre\Desktop\REACTIV CEFAS\Cromolyn\Cromolyn/20201217_Cefas_Test10_Run1/Plate 1/@14/C9_01.tif | D93: 62229.2068 | E93: 39.4692 | G93: 2456139
A94: =IFERROR(LEFT(RIGHT(C94,LEN(C94)-SEARCH("@",C94)),SEARCH("/",RIGHT(C94,LEN(C94)-SEARCH("@",C94)-1))),"") -> 14 | B94: =LEFT(RIGHT(RIGHT(Tableau4[[#This Row],[file name]],LEN(Tableau4[[#This Row],[file name]])-SEARCH("@",Tableau4[[#This Row],[file name]])),LEN(RIGHT(Tableau4[[#This Row],[file name]],LEN(Tableau4[[#This Row],[file name]])-SEARCH("@",Tableau4[[#This Row],[file name]])))-SEARCH("/",RIGHT(Tableau4[[#This Row],[file name]],LEN(Tableau4[[#This Row],[file name]])-SEARCH("@",Tableau4[[#This Row],[file name]])))),1) -> C | C94: C:\Users\andre\Desktop\REACTIV CEFAS\Cromolyn\Cromolyn/20201217_Cefas_Test10_Run1/Plate 1/@14/C9_02.tif | D94: 54593.854 | E94: 38.3494 | G94: 2093644
A95: =IFERROR(LEFT(RIGHT(C95,LEN(C95)-SEARCH("@",C95)),SEARCH("/",RIGHT(C95,LEN(C95)-SEARCH("@",C95)-1))),"") -> 14 | B95: =LEFT(RIGHT(RIGHT(Tableau4[[#This Row],[file name]],LEN(Tableau4[[#This Row],[file name]])-SEARCH("@",Tableau4[[#This Row],[file name]])),LEN(RIGHT(Tableau4[[#This Row],[file name]],LEN(Tableau4[[#This Row],[file name]])-SEARCH("@",Tableau4[[#This Row],[file name]])))-SEARCH("/",RIGHT(Tableau4[[#This Row],[file name]],LEN(Tableau4[[#This Row],[file name]])-SEARCH("@",Tableau4[[#This Row],[file name]])))),1) -> C | C95: C:\Users\andre\Desktop\REACTIV CEFAS\Cromolyn\Cromolyn/20201217_Cefas_Test10_Run1/Plate 1/@14/C9_03.tif | D95: 67182.4527 | E95: 40.925 | G95: 2749441
A96: =IFERROR(LEFT(RIGHT(C96,LEN(C96)-SEARCH("@",C96)),SEARCH("/",RIGHT(C96,LEN(C96)-SEARCH("@",C96)-1))),"") -> 14 | B96: =LEFT(RIGHT(RIGHT(Tableau4[[#This Row],[file name]],LEN(Tableau4[[#This Row],[file name]])-SEARCH("@",Tableau4[[#This Row],[file name]])),LEN(RIGHT(Tableau4[[#This Row],[file name]],LEN(Tableau4[[#This Row],[file name]])-SEARCH("@",Tableau4[[#This Row],[file name]])))-SEARCH("/",RIGHT(Tableau4[[#This Row],[file name]],LEN(Tableau4[[#This Row],[file name]])-SEARCH("@",Tableau4[[#This Row],[file name]])))),1) -> C | C96: C:\Users\andre\Desktop\REACTIV CEFAS\Cromolyn\Cromolyn/20201217_Cefas_Test10_Run1/Plate 1/@14/C9_04- exclu.tif
A97: =IFERROR(LEFT(RIGHT(C97,LEN(C97)-SEARCH("@",C97)),SEARCH("/",RIGHT(C97,LEN(C97)-SEARCH("@",C97)-1))),"") -> 14 | B97: =LEFT(RIGHT(RIGHT(Tableau4[[#This Row],[file name]],LEN(Tableau4[[#This Row],[file name]])-SEARCH("@",Tableau4[[#This Row],[file name]])),LEN(RIGHT(Tableau4[[#This Row],[file name]],LEN(Tableau4[[#This Row],[file name]])-SEARCH("@",Tableau4[[#This Row],[file name]])))-SEARCH("/",RIGHT(Tableau4[[#This Row],[file name]],LEN(Tableau4[[#This Row],[file name]])-SEARCH("@",Tableau4[[#This Row],[file name]])))),1) -> D | C97: C:\Users\andre\Desktop\REACTIV CEFAS\Cromolyn\Cromolyn/20201217_Cefas_Test10_Run1/Plate 1/@14/D9_01.tif | D97: 39928.7855 | E97: 36.0271 | G97: 1438518
A98: =IFERROR(LEFT(RIGHT(C98,LEN(C98)-SEARCH("@",C98)),SEARCH("/",RIGHT(C98,LEN(C98)-SEARCH("@",C98)-1))),"") -> 14 | B98: =LEFT(RIGHT(RIGHT(Tableau4[[#This Row],[file name]],LEN(Tableau4[[#This Row],[file name]])-SEARCH("@",Tableau4[[#This Row],[file name]])),LEN(RIGHT(Tableau4[[#This Row],[file name]],LEN(Tableau4[[#This Row],[file name]])-SEARCH("@",Tableau4[[#This Row],[file name]])))-SEARCH("/",RIGHT(Tableau4[[#This Row],[file name]],LEN(Tableau4[[#This Row],[file name]])-SEARCH("@",Tableau4[[#This Row],[file name]])))),1) -> D | C98: C:\Users\andre\Desktop\REACTIV CEFAS\Cromolyn\Cromolyn/20201217_Cefas_Test10_Run1/Plate 1/@14/D9_02- exclu.tif
A99: =IFERROR(LEFT(RIGHT(C99,LEN(C99)-SEARCH("@",C99)),SEARCH("/",RIGHT(C99,LEN(C99)-SEARCH("@",C99)-1))),"") -> 14 | B99: =LEFT(RIGHT(RIGHT(Tableau4[[#This Row],[file name]],LEN(Tableau4[[#This Row],[file name]])-SEARCH("@",Tableau4[[#This Row],[file name]])),LEN(RIGHT(Tableau4[[#This Row],[file name]],LEN(Tableau4[[#This Row],[file name]])-SEARCH("@",Tableau4[[#This Row],[file name]])))-SEARCH("/",RIGHT(Tableau4[[#This Row],[file name]],LEN(Tableau4[[#This Row],[file name]])-SEARCH("@",Tableau4[[#This Row],[file name]])))),1) -> D | C99: C:\Users\andre\Desktop\REACTIV CEFAS\Cromolyn\Cromolyn/20201217_Cefas_Test10_Run1/Plate 1/@14/D9_03.tif | D99: 28767.7599 | E99: 34.6647 | G99: 997225
A100: =IFERROR(LEFT(RIGHT(C100,LEN(C100)-SEARCH("@",C100)),SEARCH("/",RIGHT(C100,LEN(C100)-SEARCH("@",C100)-1))),"") -> 14 | B100: =LEFT(RIGHT(RIGHT(Tableau4[[#This Row],[file name]],LEN(Tableau4[[#This Row],[file name]])-SEARCH("@",Tableau4[[#This Row],[file name]])),LEN(RIGHT(Tableau4[[#This Row],[file name]],LEN(Tableau4[[#This Row],[file name]])-SEARCH("@",Tableau4[[#This Row],[file name]])))-SEARCH("/",RIGHT(Tableau4[[#This Row],[file name]],LEN(Tableau4[[#This Row],[file name]])-SEARCH("@",Tableau4[[#This Row],[file name]])))),1) -> D | C100: C:\Users\andre\Desktop\REACTIV CEFAS\Cromolyn\Cromolyn/20201217_Cefas_Test10_Run1/Plate 1/@14/D9_04.tif | D100: 26150.5426 | E100: 33.9024 | G100: 886566
A101: =IFERROR(LEFT(RIGHT(C101,LEN(C101)-SEARCH("@",C101)),SEARCH("/",RIGHT(C101,LEN(C101)-SEARCH("@",C101)-1))),"") -> 14 | B101: =LEFT(RIGHT(RIGHT(Tableau4[[#This Row],[file name]],LEN(Tableau4[[#This Row],[file name]])-SEARCH("@",Tableau4[[#This Row],[file name]])),LEN(RIGHT(Tableau4[[#This Row],[file name]],LEN(Tableau4[[#This Row],[file name]])-SEARCH("@",Tableau4[[#This Row],[file name]])))-SEARCH("/",RIGHT(Tableau4[[#This Row],[file name]],LEN(Tableau4[[#This Row],[file name]])-SEARCH("@",Tableau4[[#This Row],[file name]])))),1) -> E | C101: C:\Users\andre\Desktop\REACTIV CEFAS\Cromolyn\Cromolyn/20201217_Cefas_Test10_Run1/Plate 1/@14/E9_01.tif | D101: 53620.5088 | E101: 39.5934 | G101: 2123017
A102: =IFERROR(LEFT(RIGHT(C102,LEN(C102)-SEARCH("@",C102)),SEARCH("/",RIGHT(C102,LEN(C102)-SEARCH("@",C102)-1))),"") -> 14 | B102: =LEFT(RIGHT(RIGHT(Tableau4[[#This Row],[file name]],LEN(Tableau4[[#This Row],[file name]])-SEARCH("@",Tableau4[[#This Row],[file name]])),LEN(RIGHT(Tableau4[[#This Row],[file name]],LEN(Tableau4[[#This Row],[file name]])-SEARCH("@",Tableau4[[#This Row],[file name]])))-SEARCH("/",RIGHT(Tableau4[[#This Row],[file name]],LEN(Tableau4[[#This Row],[file name]])-SEARCH("@",Tableau4[[#This Row],[file name]])))),1) -> E | C102: C:\Users\andre\Desktop\REACTIV CEFAS\Cromolyn\Cromolyn/20201217_Cefas_Test10_Run1/Plate 1/@14/E9_02.tif | D102: 53014.8717 | E102: 40.4264 | G102: 2143198
A103: =IFERROR(LEFT(RIGHT(C103,LEN(C103)-SEARCH("@",C103)),SEARCH("/",RIGHT(C103,LEN(C103)-SEARCH("@",C103)-1))),"") -> 14 | B103: =LEFT(RIGHT(RIGHT(Tableau4[[#This Row],[file name]],LEN(Tableau4[[#This Row],[file name]])-SEARCH("@",Tableau4[[#This Row],[file name]])),LEN(RIGHT(Tableau4[[#This Row],[file name]],LEN(Tableau4[[#This Row],[file name]])-SEARCH("@",Tableau4[[#This Row],[file name]])))-SEARCH("/",RIGHT(Tableau4[[#This Row],[file name]],LEN(Tableau4[[#This Row],[file name]])-SEARCH("@",Tableau4[[#This Row],[file name]])))),1) -> E | C103: C:\Users\andre\Desktop\REACTIV CEFAS\Cromolyn\Cromolyn/20201217_Cefas_Test10_Run1/Plate 1/@14/E9_03.tif | D103: 50484.1741 | E103: 38.91 | G103: 1964341
A104: =IFERROR(LEFT(RIGHT(C104,LEN(C104)-SEARCH("@",C104)),SEARCH("/",RIGHT(C104,LEN(C104)-SEARCH("@",C104)-1))),"") -> 14 | B104: =LEFT(RIGHT(RIGHT(Tableau4[[#This Row],[file name]],LEN(Tableau4[[#This Row],[file name]])-SEARCH("@",Tableau4[[#This Row],[file name]])),LEN(RIGHT(Tableau4[[#This Row],[file name]],LEN(Tableau4[[#This Row],[file name]])-SEARCH("@",Tableau4[[#This Row],[file name]])))-SEARCH("/",RIGHT(Tableau4[[#This Row],[file name]],LEN(Tableau4[[#This Row],[file name]])-SEARCH("@",Tableau4[[#This Row],[file name]])))),1) -> E | C104: C:\Users\andre\Desktop\REACTIV CEFAS\Cromolyn\Cromolyn/20201217_Cefas_Test10_Run1/Plate 1/@14/E9_04.tif | D104: 52820.2027 | E104: 39.959 | G104: 2110645
A105: =IFERROR(LEFT(RIGHT(C105,LEN(C105)-SEARCH("@",C105)),SEARCH("/",RIGHT(C105,LEN(C105)-SEARCH("@",C105)-1))),"") -> 14 | B105: =LEFT(RIGHT(RIGHT(Tableau4[[#This Row],[file name]],LEN(Tableau4[[#This Row],[file name]])-SEARCH("@",Tableau4[[#This Row],[file name]])),LEN(RIGHT(Tableau4[[#This Row],[file name]],LEN(Tableau4[[#This Row],[file name]])-SEARCH("@",Tableau4[[#This Row],[file name]])))-SEARCH("/",RIGHT(Tableau4[[#This Row],[file name]],LEN(Tableau4[[#This Row],[file name]])-SEARCH("@",Tableau4[[#This Row],[file name]])))),1) -> F | C105: C:\Users\andre\Desktop\REACTIV CEFAS\Cromolyn\Cromolyn/20201217_Cefas_Test10_Run1/Plate 1/@14/F9_01.tif | D105: 48970.0814 | E105: 36.8313 | G105: 1803630
A106: =IFERROR(LEFT(RIGHT(C106,LEN(C106)-SEARCH("@",C106)),SEARCH("/",RIGHT(C106,LEN(C106)-SEARCH("@",C106)-1))),"") -> 14 | B106: =LEFT(RIGHT(RIGHT(Tableau4[[#This Row],[file name]],LEN(Tableau4[[#This Row],[file name]])-SEARCH("@",Tableau4[[#This Row],[file name]])),LEN(RIGHT(Tableau4[[#This Row],[file name]],LEN(Tableau4[[#This Row],[file name]])-SEARCH("@",Tableau4[[#This Row],[file name]])))-SEARCH("/",RIGHT(Tableau4[[#This Row],[file name]],LEN(Tableau4[[#This Row],[file name]])-SEARCH("@",Tableau4[[#This Row],[file name]])))),1) -> F | C106: C:\Users\andre\Desktop\REACTIV CEFAS\Cromolyn\Cromolyn/20201217_Cefas_Test10_Run1/Plate 1/@14/F9_02.tif | D106: 51327.74 | E106: 37.5727 | G106: 1928521
A107: =IFERROR(LEFT(RIGHT(C107,LEN(C107)-SEARCH("@",C107)),SEARCH("/",RIGHT(C107,LEN(C107)-SEARCH("@",C107)-1))),"") -> 14 | B107: =LEFT(RIGHT(RIGHT(Tableau4[[#This Row],[file name]],LEN(Tableau4[[#This Row],[file name]])-SEARCH("@",Tableau4[[#This Row],[file name]])),LEN(RIGHT(Tableau4[[#This Row],[file name]],LEN(Tableau4[[#This Row],[file name]])-SEARCH("@",Tableau4[[#This Row],[file name]])))-SEARCH("/",RIGHT(Tableau4[[#This Row],[file name]],LEN(Tableau4[[#This Row],[file name]])-SEARCH("@",Tableau4[[#This Row],[file name]])))),1) -> F | C107: C:\Users\andre\Desktop\REACTIV CEFAS\Cromolyn\Cromolyn/20201217_Cefas_Test10_Run1/Plate 1/@14/F9_03.tif | D107: 53901.6974 | E107: 39.3006 | G107: 2118367
...

Sheet R1
A1: 3. Expérimentateur 1 : copier et coller les valeurs des intensités totales de fluorescences obtenues dans le fichier raw data lors du traitement des images.
A3: R1 | B3: Non dopé | O3: avec testo
A4: Noms des groupes | B4: ='Page de garde'!A7 -> Témoin solvant | C4: ='Page de garde'!A9 -> EE2-33,8ng/L | D4: ='Page de garde'!A10 -> EE2-50,6ng/L | E4: ='Page de garde'!A11 -> EE2-76ng/L | F4: ='Page de garde'!A12 -> EE2-114ng/L | G4: ='Page de garde'!A13 -> EE2-170,9ng/L | H4: ='Page de garde'!A14 -> EE2-488ng/L | I4: ='Page de garde'!A15 -> CRO-0.1µg/L | J4: ='Page de garde'!A16 -> CRO-1µg/L | K4: ='Page de garde'!A17 -> CRO-10µg/L | L4: ='Page de garde'!A18 -> CRO-100µg/L | M4: ='Page de garde'!A19 -> CRO-1000µg/L | O4: ='Page de garde'!A36 -> Testo -30µg/L | P4: ='Page de garde'!A37 -> Testo 30µg/L + EE2 -64ng/L | Q4: ='Page de garde'!A38 -> Testo 30µg/L + FAD-10mg/L | R4: ='Page de garde'!A39 -> CRO-0,1µg/L + Testostérone | S4: ='Page de garde'!A40 -> CRO-1µg/L + Testostérone | T4: ='Page de garde'!A41 -> CRO-10µg/L + Testostérone | U4: ='Page de garde'!A42 -> CRO-100µg/L + Testostérone | V4: ='Page de garde'!A43 -> CRO-1000µg/L + Testostérone
A5: Données brutes | B5: 276639.33 | C5: 348706.5 | D5: 472078 | E5: 617944 | F5: 1923734 | G5: 2825048.2 | H5: 5966260 | I5: 194371.75 | J5: 147375 | K5: 134271 | L5: 63575.5 | M5: 542039.75 | O5: 224334.25 | P5: 2147113.3 | Q5: 132672.25 | R5: 585824 | S5: 85648.75 | T5: 1868174.3 | U5: 1133395.5 | V5: 1032351.7
B6: 148175.5 | C6: 236166.25 | D6: 437286 | E6: 682798 | F6: 2626334.2 | G6: 2580084 | H6: 5184188.5 | I6: 83743.667 | J6: 43568 | K6: 40224.333 | L6: 102158 | M6: 143260.25 | O6: 2383625.2 | P6: 3481558.5 | Q6: 284384.5 | R6: 1938509 | S6: 1396368.3 | T6: 1597908.5 | U6: 2317027 | V6: 2226359.8
B7: 98891.75 | C7: 494041 | D7: 196713 | E7: 3041119.7 | F7: 3128991.5 | G7: 3289528.5 | H7: 4711640 | I7: 252383 | J7: 95177.25 | K7: 412595.5 | L7: 125837.25 | M7: 98913.75 | O7: 1803982.2 | P7: 3323087.2 | Q7: 169421.5 | R7: 1128291 | S7: 2544400.2 | T7: 2025401.8 | U7: 667114.75 | V7: 3054811.8
B8: 346446 | C8: 456099 | D8: 183805.5 | E8: 1098874.5 | F8: 2428815.5 | G8: 3001110.2 | H8: 4374019 | I8: 134808.25 | J8: 137501 | K8: 19921.25 | L8: 305695 | M8: 202877.75 | O8: 2453299 | P8: 3442078.5 | Q8: 237615.5 | R8: 2220099.3 | S8: 1279132.5 | T8: 3646230.7 | U8: 243671.75 | V8: 2840875.5
B9: 264349.75 | C9: 236681.67 | D9: 389197.5 | E9: 1033881.8 | F9: 2112563 | G9: 2341003.5 | H9: 4643738 | I9: 261975.75 | J9: 32401.5 | K9: 30860.25 | L9: 251577.33 | M9: 136273.75 | O9: 637750.33 | P9: 4822331 | Q9: 413942 | R9: 495908.67 | S9: 728878.75 | T9: 1205866.5 | U9: 1500628 | V9: 636421.75
B10: 317667.75 | C10: 850146.75 | D10: 352648.5 | E10: 95561 | F10: 3638786.2 | G10: 3538888.5 | H10: 6543416.2 | I10: 164387 | J10: 294361.25 | K10: 410994.75 | L10: 225421.25 | M10: 98416 | O10: 3376023 | P10: 3322741 | Q10: 528953.75 | R10: 1096662.8 | S10: 1005162.7 | T10: 2062113 | U10: 1695913.2 | V10: 2108395.2
B11: 298157.25 | C11: 300109.25 | D11: 109501.25 | E11: 234549 | F11: 851217.25 | G11: 2891284.2 | H11: 4575566.2 | I11: 189321.25 | J11: 175791.5 | K11: 234821.33 | L11: 199660.5 | M11: 308339.5 | O11: 2218340.2 | P11: 2581312 | Q11: 226775 | R11: 2599345.5 | S11: 4532360.5 | T11: 664713.75 | U11: 2781912.8 | V11: 322345.25
B12: 184454.5 | C12: 414428.5 | D12: 325070.25 | E12: 258012.25 | F12: 30520 | G12: 2631238.8 | H12: 5965557.2 | I12: 270583 | J12: 151793 | K12: 119261.75 | L12: 356433.75 | M12: 162779.33 | O12: 3870334.5 | P12: 4275689.5 | Q12: 126767.25 | R12: 3355719.7 | S12: 373543 | T12: 2361855 | U12: 2218129.8 | V12: 1685304
O13: 696807.5
O14: 393037
O15: 2433074.7
O16: 1107436.3
O17: 2085300.2
O18: 2051422.2
O19: 2543243
O20: 2277946.8
A22: =A4 -> Noms des groupes | B22: =B4 -> Témoin solvant | C22: =C4 -> EE2-33,8ng/L | D22: =D4 -> EE2-50,6ng/L | E22: =E4 -> EE2-76ng/L | F22: =F4 -> EE2-114ng/L | G22: =G4 -> EE2-170,9ng/L | H22: =H4 -> EE2-488ng/L | ... M22: =M4 -> CRO-1000µg/L | N22: Nom des groupes | O22: =O4 -> Testo -30µg/L | P22: =P4 -> Testo 30µg/L + EE2 -64ng/L | Q22: =Q4 -> Testo 30µg/L + FAD-10mg/L | R22: =R4 -> CRO-0,1µg/L + Testostérone | S22: =S4 -> CRO-1µg/L + Testostérone | T22: =T4 -> CRO-10µg/L + Testostérone | U22: =U4 -> CRO-100µg/L + Testostérone | V22: =V4 -> CRO-1000µg/L + Testostérone
A23: mean | B23: =AVERAGE(B5:B20) -> 241847.73 | C23: =AVERAGE(C5:C20) -> 417047.36 | D23: =AVERAGE(D5:D20) -> 308287.5 | E23: =AVERAGE(E5:E20) -> 882842.52 | F23: =AVERAGE(F5:F20) -> 2092620.2 | G23: =AVERAGE(G5:G20) -> 2887273.2 | H23: =AVERAGE(H5:H20) -> 5245548.2 | I23: =AVERAGE(I5:I20) -> 193946.71 | ... M23: =AVERAGE(M5:M20) -> 211612.51 | N23: mean | O23: =AVERAGE(O5:O20) -> 1909747.3 | P23: =AVERAGE(P5:P20) -> 3424488.9 | Q23: =AVERAGE(Q5:Q20) -> 265066.47 | R23: =AVERAGE(R5:R20) -> 1677545 | S23: =AVERAGE(S5:S20) -> 1493186.8 | T23: =AVERAGE(T5:T20) -> 1929032.9 | U23: =AVERAGE(U5:U20) -> 1569724.1 | V23: =AVERAGE(V5:V20) -> 1738358.1
A24: SD | B24: =STDEV(B5:B20) -> 87897.598 | C24: =STDEV(C5:C20) -> 199510.02 | D24: =STDEV(D5:D20) -> 130780.37 | E24: =STDEV(E5:E20) -> 946296.65 | F24: =STDEV(F5:F20) -> 1176242.9 | G24: =STDEV(G5:G20) -> 389429.65 | H24: =STDEV(H5:H20) -> 809032.71 | I24: =STDEV(I5:I20) -> 65958.094 | ... M24: =STDEV(M5:M20) -> 149695.72 | N24: SD | O24: =STDEV(O5:O20) -> 1044218.1 | P24: =STDEV(P5:P20) -> 848977.69 | Q24: =STDEV(Q5:Q20) -> 141520.45 | R24: =STDEV(R5:R20) -> 1018098.9 | S24: =STDEV(S5:S20) -> 1436957.1 | T24: =STDEV(T5:T20) -> 878140.9 | U24: =STDEV(U5:U20) -> 864580.16 | V24: =STDEV(V5:V20) -> 1003158.1
B26: Non dopé | O26: avec testo
A27: Noms des groupes | B27: =B4 -> Témoin solvant | C27: =C4 -> EE2-33,8ng/L | D27: =D4 -> EE2-50,6ng/L | E27: =E4 -> EE2-76ng/L | F27: =F4 -> EE2-114ng/L | G27: =G4 -> EE2-170,9ng/L | H27: =H4 -> EE2-488ng/L | I27: =I4 -> CRO-0.1µg/L | ... M27: =M4 -> CRO-1000µg/L | O27: =O4 -> Testo -30µg/L | P27: =P4 -> Testo 30µg/L + EE2 -64ng/L | Q27: =Q4 -> Testo 30µg/L + FAD-10mg/L | R27: =R4 -> CRO-0,1µg/L + Testostérone | S27: =S4 -> CRO-1µg/L + Testostérone | T27: =T4 -> CRO-10µg/L + Testostérone | U27: =U4 -> CRO-100µg/L + Testostérone | V27: =V4 -> CRO-1000µg/L + Testostérone
A28: Données normalisées sur la moyenne du groupe "Testo" | B28: =IF(B5="","",(B5/$O$23)) -> 0.14485651 | C28: =IF(C5="","",(C5/$O$23)) -> 0.18259301 | D28: =IF(D5="","",(D5/$O$23)) -> 0.24719396 | E28: =IF(E5="","",(E5/$O$23)) -> 0.3235737 | F28: =IF(F5="","",(F5/$O$23)) -> 1.0073239 | G28: =IF(G5="","",(G5/$O$23)) -> 1.4792786 | H28: =IF(H5="","",(H5/$O$23)) -> 3.1241097 | I28: =IF(I5="","",(I5/$O$23)) -> 0.10177878 | ... M28: =IF(M5="","",(M5/$O$23)) -> 0.283828 | O28: =IF(O5="","",(O5/$O$23)) -> 0.11746803 | P28: =IF(P5="","",(P5/$O$23)) -> 1.1242919 | Q28: =IF(Q5="","",(Q5/$O$23)) -> 0.069471103 | R28: =IF(R5="","",(R5/$O$23)) -> 0.30675472 | S28: =IF(S5="","",(S5/$O$23)) -> 0.044848211 | T28: =IF(T5="","",(T5/$O$23)) -> 0.97823118 | U28: =IF(U5="","",(U5/$O$23)) -> 0.59347931 | V28: =IF(V5="","",(V5/$O$23)) -> 0.54056978
B29: =IF(B6="","",(B6/$O$23)) -> 0.077589062 | C29: =IF(C6="","",(C6/$O$23)) -> 0.12366361 | D29: =IF(D6="","",(D6/$O$23)) -> 0.22897585 | E29: =IF(E6="","",(E6/$O$23)) -> 0.35753317 | F29: =IF(F6="","",(F6/$O$23)) -> 1.3752261 | G29: =IF(G6="","",(G6/$O$23)) -> 1.3510081 | H29: =IF(H6="","",(H6/$O$23)) -> 2.714594 | I29: =IF(I6="","",(I6/$O$23)) -> 0.043850654 | ... M29: =IF(M6="","",(M6/$O$23)) -> 0.075015292 | O29: =IF(O6="","",(O6/$O$23)) -> 1.2481365 | P29: =IF(P6="","",(P6/$O$23)) -> 1.8230467 | Q29: =IF(Q6="","",(Q6/$O$23)) -> 0.14891211 | R29: =IF(R6="","",(R6/$O$23)) -> 1.0150605 | S29: =IF(S6="","",(S6/$O$23)) -> 0.73117964 | T29: =IF(T6="","",(T6/$O$23)) -> 0.83671201 | U29: =IF(U6="","",(U6/$O$23)) -> 1.2132637 | V29: =IF(V6="","",(V6/$O$23)) -> 1.1657876
B30: =IF(B7="","",(B7/$O$23)) -> 0.051782637 | C30: =IF(C7="","",(C7/$O$23)) -> 0.25869444 | D30: =IF(D7="","",(D7/$O$23)) -> 0.10300473 | E30: =IF(E7="","",(E7/$O$23)) -> 1.5924199 | F30: =IF(F7="","",(F7/$O$23)) -> 1.6384322 | G30: =IF(G7="","",(G7/$O$23)) -> 1.7224941 | H30: =IF(H7="","",(H7/$O$23)) -> 2.4671537 | I30: =IF(I7="","",(I7/$O$23)) -> 0.13215518 | ... M30: =IF(M7="","",(M7/$O$23)) -> 0.051794157 | O30: =IF(O7="","",(O7/$O$23)) -> 0.94461831 | P30: =IF(P7="","",(P7/$O$23)) -> 1.7400665 | Q30: =IF(Q7="","",(Q7/$O$23)) -> 0.088714094 | R30: =IF(R7="","",(R7/$O$23)) -> 0.59080644 | S30: =IF(S7="","",(S7/$O$23)) -> 1.332323 | T30: =IF(T7="","",(T7/$O$23)) -> 1.0605601 | U30: =IF(U7="","",(U7/$O$23)) -> 0.34932096 | V30: =IF(V7="","",(V7/$O$23)) -> 1.5995895
B31: =IF(B8="","",(B8/$O$23)) -> 0.18140934 | C31: =IF(C8="","",(C8/$O$23)) -> 0.23882689 | D31: =IF(D8="","",(D8/$O$23)) -> 0.09624598 | E31: =IF(E8="","",(E8/$O$23)) -> 0.5754031 | F31: =IF(F8="","",(F8/$O$23)) -> 1.2717994 | G31: =IF(G8="","",(G8/$O$23)) -> 1.5714698 | H31: =IF(H8="","",(H8/$O$23)) -> 2.2903653 | I31: =IF(I8="","",(I8/$O$23)) -> 0.070589575 | ... M31: =IF(M8="","",(M8/$O$23)) -> 0.10623277 | O31: =IF(O8="","",(O8/$O$23)) -> 1.2846197 | P31: =IF(P8="","",(P8/$O$23)) -> 1.8023738 | Q31: =IF(Q8="","",(Q8/$O$23)) -> 0.12442248 | R31: =IF(R8="","",(R8/$O$23)) -> 1.1625095 | S31: =IF(S8="","",(S8/$O$23)) -> 0.6697915 | T31: =IF(T8="","",(T8/$O$23)) -> 1.9092739 | U31: =IF(U8="","",(U8/$O$23)) -> 0.12759371 | V31: =IF(V8="","",(V8/$O$23)) -> 1.4875662
B32: =IF(B9="","",(B9/$O$23)) -> 0.13842133 | C32: =IF(C9="","",(C9/$O$23)) -> 0.1239335 | D32: =IF(D9="","",(D9/$O$23)) -> 0.20379529 | E32: =IF(E9="","",(E9/$O$23)) -> 0.54137097 | F32: =IF(F9="","",(F9/$O$23)) -> 1.1062003 | G32: =IF(G9="","",(G9/$O$23)) -> 1.2258185 | H32: =IF(H9="","",(H9/$O$23)) -> 2.4315982 | I32: =IF(I9="","",(I9/$O$23)) -> 0.13717823 | ... M32: =IF(M9="","",(M9/$O$23)) -> 0.071356954 | O32: =IF(O9="","",(O9/$O$23)) -> 0.33394488 | P32: =IF(P9="","",(P9/$O$23)) -> 2.5251147 | Q32: =IF(Q9="","",(Q9/$O$23)) -> 0.21675224 | R32: =IF(R9="","",(R9/$O$23)) -> 0.2596724 | S32: =IF(S9="","",(S9/$O$23)) -> 0.38166241 | T32: =IF(T9="","",(T9/$O$23)) -> 0.63142726 | U32: =IF(U9="","",(U9/$O$23)) -> 0.78577308 | V32: =IF(V9="","",(V9/$O$23)) -> 0.3332492
B33: =IF(B10="","",(B10/$O$23)) -> 0.1663402 | C33: =IF(C10="","",(C10/$O$23)) -> 0.44516191 | D33: =IF(D10="","",(D10/$O$23)) -> 0.18465715 | E33: =IF(E10="","",(E10/$O$23)) -> 0.050038558 | F33: =IF(F10="","",(F10/$O$23)) -> 1.9053758 | G33: =IF(G10="","",(G10/$O$23)) -> 1.8530664 | H33: =IF(H10="","",(H10/$O$23)) -> 3.4263257 | I33: =IF(I10="","",(I10/$O$23)) -> 0.086077881 | ... M33: =IF(M10="","",(M10/$O$23)) -> 0.05153352 | O33: =IF(O10="","",(O10/$O$23)) -> 1.7677852 | P33: =IF(P10="","",(P10/$O$23)) -> 1.7398852 | Q33: =IF(Q10="","",(Q10/$O$23)) -> 0.27697578 | R33: =IF(R10="","",(R10/$O$23)) -> 0.57424496 | S33: =IF(S10="","",(S10/$O$23)) -> 0.52633282 | T33: =IF(T10="","",(T10/$O$23)) -> 1.0797832 | U33: =IF(U10="","",(U10/$O$23)) -> 0.88803019 | V33: =IF(V10="","",(V10/$O$23)) -> 1.1040179
B34: =IF(B11="","",(B11/$O$23)) -> 0.15612393 | C34: =IF(C11="","",(C11/$O$23)) -> 0.15714605 | D34: =IF(D11="","",(D11/$O$23)) -> 0.057338084 | E34: =IF(E11="","",(E11/$O$23)) -> 0.12281677 | F34: =IF(F11="","",(F11/$O$23)) -> 0.44572246 | G34: =IF(G11="","",(G11/$O$23)) -> 1.5139617 | H34: =IF(H11="","",(H11/$O$23)) -> 2.3959014 | I34: =IF(I11="","",(I11/$O$23)) -> 0.09913419 | ... M34: =IF(M11="","",(M11/$O$23)) -> 0.16145566 | O34: =IF(O11="","",(O11/$O$23)) -> 1.1615884 | P34: =IF(P11="","",(P11/$O$23)) -> 1.3516511 | Q34: =IF(Q11="","",(Q11/$O$23)) -> 0.11874608 | R34: =IF(R11="","",(R11/$O$23)) -> 1.361094 | S34: =IF(S11="","",(S11/$O$23)) -> 2.3732776 | T34: =IF(T11="","",(T11/$O$23)) -> 0.34806372 | U34: =IF(U11="","",(U11/$O$23)) -> 1.4566916 | V34: =IF(V11="","",(V11/$O$23)) -> 0.16878948
B35: =IF(B12="","",(B12/$O$23)) -> 0.096585816 | C35: =IF(C12="","",(C12/$O$23)) -> 0.21700698 | D35: =IF(D12="","",(D12/$O$23)) -> 0.17021637 | E35: =IF(E12="","",(E12/$O$23)) -> 0.13510282 | F35: =IF(F12="","",(F12/$O$23)) -> 0.015981172 | G35: =IF(G12="","",(G12/$O$23)) -> 1.3777942 | H35: =IF(H12="","",(H12/$O$23)) -> 3.1237417 | I35: =IF(I12="","",(I12/$O$23)) -> 0.14168524 | ... M35: =IF(M12="","",(M12/$O$23)) -> 0.085236059 | O35: =IF(O12="","",(O12/$O$23)) -> 2.0266213 | P35: =IF(P12="","",(P12/$O$23)) -> 2.2388771 | Q35: =IF(Q12="","",(Q12/$O$23)) -> 0.066379071 | R35: =IF(R12="","",(R12/$O$23)) -> 1.7571538 | S35: =IF(S12="","",(S12/$O$23)) -> 0.19559813 | T35: =IF(T12="","",(T12/$O$23)) -> 1.2367369 | U35: =IF(U12="","",(U12/$O$23)) -> 1.1614782 | V35: =IF(V12="","",(V12/$O$23)) -> 0.88247488
B36: =IF(B13="","",(B13/$O$23)) | C36: =IF(C13="","",(C13/$O$23)) | D36: =IF(D13="","",(D13/$O$23)) | E36: =IF(E13="","",(E13/$O$23)) | F36: =IF(F13="","",(F13/$O$23)) | G36: =IF(G13="","",(G13/$O$23)) | H36: =IF(H13="","",(H13/$O$23)) | I36: =IF(I13="","",(I13/$O$23)) | ... M36: =IF(M13="","",(M13/$O$23)) | O36: =IF(O13="","",(O13/$O$23)) -> 0.36486896 | P36: =IF(P13="","",(P13/$O$23)) | Q36: =IF(Q13="","",(Q13/$O$23)) | R36: =IF(R13="","",(R13/$O$23)) | S36: =IF(S13="","",(S13/$O$23)) | T36: =IF(T13="","",(T13/$O$23)) | U36: =IF(U13="","",(U13/$O$23)) | V36: =IF(V13="","",(V13/$O$23))
B37: =IF(B14="","",(B14/$O$23)) | C37: =IF(C14="","",(C14/$O$23)) | D37: =IF(D14="","",(D14/$O$23)) | E37: =IF(E14="","",(E14/$O$23)) | F37: =IF(F14="","",(F14/$O$23)) | G37: =IF(G14="","",(G14/$O$23)) | H37: =IF(H14="","",(H14/$O$23)) | I37: =IF(I14="","",(I14/$O$23)) | ... M37: =IF(M14="","",(M14/$O$23)) | O37: =IF(O14="","",(O14/$O$23)) -> 0.20580576 | P37: =IF(P14="","",(P14/$O$23)) | Q37: =IF(Q14="","",(Q14/$O$23)) | R37: =IF(R14="","",(R14/$O$23)) | S37: =IF(S14="","",(S14/$O$23)) | T37: =IF(T14="","",(T14/$O$23)) | U37: =IF(U14="","",(U14/$O$23)) | V37: =IF(V14="","",(V14/$O$23))
B38: =IF(B15="","",(B15/$O$23)) | C38: =IF(C15="","",(C15/$O$23)) | D38: =IF(D15="","",(D15/$O$23)) | E38: =IF(E15="","",(E15/$O$23)) | F38: =IF(F15="","",(F15/$O$23)) | G38: =IF(G15="","",(G15/$O$23)) | H38: =IF(H15="","",(H15/$O$23)) | I38: =IF(I15="","",(I15/$O$23)) | ... M38: =IF(M15="","",(M15/$O$23)) | O38: =IF(O15="","",(O15/$O$23)) -> 1.2740296 | P38: =IF(P15="","",(P15/$O$23)) | Q38: =IF(Q15="","",(Q15/$O$23)) | R38: =IF(R15="","",(R15/$O$23)) | S38: =IF(S15="","",(S15/$O$23)) | T38: =IF(T15="","",(T15/$O$23)) | U38: =IF(U15="","",(U15/$O$23)) | V38: =IF(V15="","",(V15/$O$23))
B39: =IF(B16="","",(B16/$O$23)) | C39: =IF(C16="","",(C16/$O$23)) | D39: =IF(D16="","",(D16/$O$23)) | E39: =IF(E16="","",(E16/$O$23)) | F39: =IF(F16="","",(F16/$O$23)) | G39: =IF(G16="","",(G16/$O$23)) | H39: =IF(H16="","",(H16/$O$23)) | I39: =IF(I16="","",(I16/$O$23)) | ... M39: =IF(M16="","",(M16/$O$23)) | O39: =IF(O16="","",(O16/$O$23)) -> 0.57988632 | P39: =IF(P16="","",(P16/$O$23)) | Q39: =IF(Q16="","",(Q16/$O$23)) | R39: =IF(R16="","",(R16/$O$23)) | S39: =IF(S16="","",(S16/$O$23)) | T39: =IF(T16="","",(T16/$O$23)) | U39: =IF(U16="","",(U16/$O$23)) | V39: =IF(V16="","",(V16/$O$23))
B40: =IF(B17="","",(B17/$O$23)) | C40: =IF(C17="","",(C17/$O$23)) | D40: =IF(D17="","",(D17/$O$23)) | E40: =IF(E17="","",(E17/$O$23)) | F40: =IF(F17="","",(F17/$O$23)) | G40: =IF(G17="","",(G17/$O$23)) | H40: =IF(H17="","",(H17/$O$23)) | I40: =IF(I17="","",(I17/$O$23)) | ... M40: =IF(M17="","",(M17/$O$23)) | O40: =IF(O17="","",(O17/$O$23)) -> 1.0919247 | P40: =IF(P17="","",(P17/$O$23)) | Q40: =IF(Q17="","",(Q17/$O$23)) | R40: =IF(R17="","",(R17/$O$23)) | S40: =IF(S17="","",(S17/$O$23)) | T40: =IF(T17="","",(T17/$O$23)) | U40: =IF(U17="","",(U17/$O$23)) | V40: =IF(V17="","",(V17/$O$23))
... B43: =IF(B20="","",(B20/$O$23)) | C43: =IF(C20="","",(C20/$O$23)) | D43: =IF(D20="","",(D20/$O$23)) | E43: =IF(E20="","",(E20/$O$23)) | F43: =IF(F20="","",(F20/$O$23)) | G43: =IF(G20="","",(G20/$O$23)) | H43: =IF(H20="","",(H20/$O$23)) | I43: =IF(I20="","",(I20/$O$23)) | ... M43: =IF(M20="","",(M20/$O$23)) | O43: =IF(O20="","",(O20/$O$23)) -> 1.1928001 | P43: =IF(P20="","",(P20/$O$23)) | Q43: =IF(Q20="","",(Q20/$O$23)) | R43: =IF(R20="","",(R20/$O$23)) | S43: =IF(S20="","",(S20/$O$23)) | T43: =IF(T20="","",(T20/$O$23)) | U43: =IF(U20="","",(U20/$O$23)) | V43: =IF(V20="","",(V20/$O$23))
A45: =A4 -> Noms des groupes | B45: =B4 -> Témoin solvant | C45: =C4 -> EE2-33,8ng/L | D45: =D4 -> EE2-50,6ng/L | E45: =E4 -> EE2-76ng/L | F45: =F4 -> EE2-114ng/L | G45: =G4 -> EE2-170,9ng/L | H45: =H4 -> EE2-488ng/L | ... M45: =M4 -> CRO-1000µg/L | N45: =N22 -> Nom des groupes | O45: =O4 -> Testo -30µg/L | P45: =P4 -> Testo 30µg/L + EE2 -64ng/L | Q45: =Q4 -> Testo 30µg/L + FAD-10mg/L | R45: =R4 -> CRO-0,1µg/L + Testostérone | S45: =S4 -> CRO-1µg/L + Testostérone | T45: =T4 -> CRO-10µg/L + Testostérone | U45: =U4 -> CRO-100µg/L + Testostérone | V45: =V4 -> CRO-1000µg/L + Testostérone
A46: mean | B46: =AVERAGE(B28:B43) -> 0.1266386 | C46: =AVERAGE(C28:C43) -> 0.2183783 | D46: =AVERAGE(D28:D43) -> 0.16142843 | E46: =AVERAGE(E28:E43) -> 0.46228238 | F46: =AVERAGE(F28:F43) -> 1.0957577 | G46: =AVERAGE(G28:G43) -> 1.5118614 | H46: =AVERAGE(H28:H43) -> 2.7467237 | I46: =AVERAGE(I28:I43) -> 0.10155622 | ... M46: =AVERAGE(M28:M43) -> 0.11080655 | N46: mean | O46: =AVERAGE(O28:O43) -> 1 | P46: =AVERAGE(P28:P43) -> 1.7931634 | Q46: =AVERAGE(Q28:Q43) -> 0.13879662 | R46: =AVERAGE(R28:R43) -> 0.87841203 | S46: =AVERAGE(S28:S43) -> 0.78187667 | T46: =AVERAGE(T28:T43) -> 1.0100985 | U46: =AVERAGE(U28:U43) -> 0.82195383 | V46: =AVERAGE(V28:V43) -> 0.91025558
A47: SD | B47: =STDEV(B28:B43) -> 0.046025774 | C47: =STDEV(C28:C43) -> 0.10446933 | D47: =STDEV(D28:D43) -> 0.068480459 | E47: =STDEV(E28:E43) -> 0.49550884 | F47: =STDEV(F28:F43) -> 0.61591548 | G47: =STDEV(G28:G43) -> 0.20391685 | H47: =STDEV(H28:H43) -> 0.42363339 | I47: =STDEV(I28:I43) -> 0.034537603 | ... M47: =STDEV(M28:M43) -> 0.078385095 | N47: SD | O47: =STDEV(O28:O43) -> 0.54678337 | P47: =STDEV(P28:P43) -> 0.44454976 | Q47: =STDEV(Q28:Q43) -> 0.074104281 | R47: =STDEV(R28:R43) -> 0.53310659 | S47: =STDEV(S28:S43) -> 0.7524331 | T47: =STDEV(T28:T43) -> 0.45982047 | U47: =STDEV(U28:U43) -> 0.45271967 | V47: =STDEV(V28:V43) -> 0.52528319
A48: SEM | B48: =B47/SQRT(COUNT(B28:B43)) -> 0.016272569 | C48: =C47/SQRT(COUNT(C28:C43)) -> 0.036935487 | D48: =D47/SQRT(COUNT(D28:D43)) -> 0.024211499 | E48: =E47/SQRT(COUNT(E28:E43)) -> 0.17518883 | F48: =F47/SQRT(COUNT(F28:F43)) -> 0.217759 | G48: =G47/SQRT(COUNT(G28:G43)) -> 0.072095493 | H48: =H47/SQRT(COUNT(H28:H43)) -> 0.14977702 | I48: =I47/SQRT(COUNT(I28:I43)) -> 0.012210887 | ... M48: =M47/SQRT(COUNT(M28:M43)) -> 0.027713316 | N48: SEM | O48: =O47/SQRT(COUNT(O28:O43)) -> 0.13669584 | P48: =P47/SQRT(COUNT(P28:P43)) -> 0.15717207 | Q48: =Q47/SQRT(COUNT(Q28:Q43)) -> 0.02619982 | R48: =R47/SQRT(COUNT(R28:R43)) -> 0.18848164 | S48: =S47/SQRT(COUNT(S28:S43)) -> 0.26602527 | T48: =T47/SQRT(COUNT(T28:T43)) -> 0.16257109 | U48: =U47/SQRT(COUNT(U28:U43)) -> 0.16006057 | V48: =V47/SQRT(COUNT(V28:V43)) -> 0.18571565
A50: 4. Expérimentateur 1 : réaliser les tests statistiques avec les données normalisées et renseigner les résultats ainsi que le test statistique utilisé dans le tableau violet.
A52: =A27 -> Noms des groupes | B52: =B27 -> Témoin solvant | C52: =C27 -> EE2-33,8ng/L | D52: =D27 -> EE2-50,6ng/L | E52: =E27 -> EE2-76ng/L | F52: =F27 -> EE2-114ng/L | G52: =G27 -> EE2-170,9ng/L | H52: =H27 -> EE2-488ng/L | I52: =I4 -> CRO-0.1µg/L | J52: =J4 -> CRO-1µg/L | K52: =K27 -> CRO-10µg/L | L52: =L27 -> CRO-100µg/L | M52: =M27 -> CRO-1000µg/L | O52: =O27 -> Testo -30µg/L | P52: =P27 -> Testo 30µg/L + EE2 -64ng/L | Q52: =Q27 -> Testo 30µg/L + FAD-10mg/L | R52: =R27 -> CRO-0,1µg/L + Testostérone | S52: =S27 -> CRO-1µg/L + Testostérone | T52: =T27 -> CRO-10µg/L + Testostérone | U52: =U27 -> CRO-100µg/L + Testostérone | V52: =V27 -> CRO-1000µg/L + Testostérone
A53: Mean | B53: =B46 -> 0.1266386 | C53: =C46 -> 0.2183783 | D53: =D46 -> 0.16142843 | E53: =E46 -> 0.46228238 | F53: =F46 -> 1.0957577 | G53: =G46 -> 1.5118614 | H53: =H46 -> 2.7467237 | I53: =I46 -> 0.10155622 | ... M53: =M46 -> 0.11080655 | O53: =O46 -> 1 | P53: =P46 -> 1.7931634 | Q53: =Q46 -> 0.13879662 | R53: =R46 -> 0.87841203 | S53: =S46 -> 0.78187667 | T53: =T46 -> 1.0100985 | U53: =U46 -> 0.82195383 | V53: =V46 -> 0.91025558
A54: SEM | B54: =B48 -> 0.016272569 | C54: =C48 -> 0.036935487 | D54: =D48 -> 0.024211499 | E54: =E48 -> 0.17518883 | F54: =F48 -> 0.217759 | G54: =G48 -> 0.072095493 | H54: =H48 -> 0.14977702 | I54: =I48 -> 0.012210887 | ... M54: =M48 -> 0.027713316 | O54: =O48 -> 0.13669584 | P54: =P48 -> 0.15717207 | Q54: =Q48 -> 0.02619982 | R54: =R48 -> 0.18848164 | S54: =S48 -> 0.26602527 | T54: =T48 -> 0.16257109 | U54: =U48 -> 0.16006057 | V54: =V48 -> 0.18571565
A55: % induction | B55: =(B53*100/$B$53)-100 -> 0 | C55: =(C53*100/$B$53)-100 -> 72.442125 | D55: =(D53*100/$B$53)-100 -> 27.471736 | E55: =(E53*100/$B$53)-100 -> 265.04065 | F55: =(F53*100/$B$53)-100 -> 765.26354 | G55: =(G53*100/$B$53)-100 -> 1093.8393 | H55: =(H53*100/$B$53)-100 -> 2068.9466 | I55: =(I53*100/$B$53)-100 -> -19.806273 | ... M55: =(M53*100/$B$53)-100 -> -12.501758 | O55: =(O53*100/$O$53)-100 -> 0 | P55: =(P53*100/$O$53)-100 -> 79.316337 | Q55: =(Q53*100/$O$53)-100 -> -86.120338 | R55: =(R53*100/$O$53)-100 -> -12.158797 | S55: =(S53*100/$O$53)-100 -> -21.812333 | T55: =(T53*100/$O$53)-100 -> 1.0098536 | U55: =(U53*100/$O$53)-100 -> -17.804617 | V55: =(V53*100/$O$53)-100 -> -8.9744425
A56: Test de normalité : valeur du p | B56: =[1]!SWTEST(B28:B43) -> 0.49613902 | C56: =[1]!SWTEST(C28:C43) -> 0.076196616 | D56: =[1]!SWTEST(D28:D43) -> 0.57565744 | E56: =[1]!SWTEST(E28:E43) -> 0.01312977 | F56: =[1]!SWTEST(F28:F43) -> 0.7821988 | G56: =[1]!SWTEST(G28:G43) -> 0.93815424 | H56: =[1]!SWTEST(H28:H43) -> 0.19832424 | I56: =[1]!SWTEST(I28:I43) -> 0.58660758 | ... M56: =[1]!SWTEST(M28:M43) -> 0.013385021 | O56: =[1]!SWTEST(O28:O43) -> 0.30047561 | P56: =[1]!SWTEST(P28:P43) -> 0.70972936 | Q56: =[1]!SWTEST(Q28:Q43) -> 0.22958518 | R56: =[1]!SWTEST(R28:R43) -> 0.5980601 | S56: =[1]!SWTEST(S28:S43) -> 0.10015269 | T56: =[1]!SWTEST(T28:T43) -> 0.67146391 | U56: =[1]!SWTEST(U28:U43) -> 0.93381432 | V56: =[1]!SWTEST(V28:V43) -> 0.68650099
A57: Test de normalité : résultat normal? | B57: =IF(B56>0.05,"Oui","Non") -> Oui | C57: =IF(C56>0.05,"Oui","Non") -> Oui | D57: =IF(D56>0.05,"Oui","Non") -> Oui | E57: =IF(E56>0.05,"Oui","Non") -> Non | F57: =IF(F56>0.05,"Oui","Non") -> Oui | G57: =IF(G56>0.05,"Oui","Non") -> Oui | H57: =IF(H56>0.05,"Oui","Non") -> Oui | I57: =IF(I56>0.05,"Oui","Non") -> Oui | ... M57: =IF(M56>0.05,"Oui","Non") -> Non | O57: =IF(O56>0.05,"Oui","Non") -> Oui | P57: =IF(P56>0.05,"Oui","Non") -> Oui | Q57: =IF(Q56>0.05,"Oui","Non") -> Oui | R57: =IF(R56>0.05,"Oui","Non") -> Oui | S57: =IF(S56>0.05,"Oui","Non") -> Oui | T57: =IF(T56>0.05,"Oui","Non") -> Oui | U57: =IF(U56>0.05,"Oui","Non") -> Oui | V57: =IF(V56>0.05,"Oui","Non") -> Oui
A59: Test statistique utilisé | C59: =IF($B57="Non",IF(C$57="Non","Mann Withney",IF(C$57="Oui","Mann Withney","")),IF($B$57="Oui",IF(C$57="Oui","T-Test Welch",IF(C$57="Non","Mann Withney","")))) -> T-Test Welch | D59: =IF($B57="Non",IF(D$57="Non","Mann Withney",IF(D$57="Oui","Mann Withney","")),IF($B$57="Oui",IF(D$57="Oui","T-Test Welch",IF(D$57="Non","Mann Withney","")))) -> T-Test Welch | E59: =IF($B57="Non",IF(E$57="Non","Mann Withney",IF(E$57="Oui","Mann Withney","")),IF($B$57="Oui",IF(E$57="Oui","T-Test Welch",IF(E$57="Non","Mann Withney","")))) -> Mann Withney | F59: =IF($B57="Non",IF(F$57="Non","Mann Withney",IF(F$57="Oui","Mann Withney","")),IF($B$57="Oui",IF(F$57="Oui","T-Test Welch",IF(F$57="Non","Mann Withney","")))) -> T-Test Welch | G59: =IF($B57="Non",IF(G$57="Non","Mann Withney",IF(G$57="Oui","Mann Withney","")),IF($B$57="Oui",IF(G$57="Oui","T-Test Welch",IF(G$57="Non","Mann Withney","")))) -> T-Test Welch | H59: =IF($B57="Non",IF(H$57="Non","Mann Withney",IF(H$57="Oui","Mann Withney","")),IF($B$57="Oui",IF(H$57="Oui","T-Test Welch",IF(H$57="Non","Mann Withney","")))) -> T-Test Welch | I59: =IF($B57="Non",IF(I$57="Non","Mann Withney",IF(I$57="Oui","Mann Withney","")),IF($B$57="Oui",IF(I$57="Oui","T-Test Welch",IF(I$57="Non","Mann Withney","")))) -> T-Test Welch | J59: =IF($B57="Non",IF(J$57="Non","Mann Withney",IF(J$57="Oui","Mann Withney","")),IF($B$57="Oui",IF(J$57="Oui","T-Test Welch",IF(J$57="Non","Mann Withney","")))) -> T-Test Welch | ... M59: =IF($B57="Non",IF(M$57="Non","Mann Withney",IF(M$57="Oui","Mann Withney","")),IF($B$57="Oui",IF(M$57="Oui","T-Test Welch",IF(M$57="Non","Mann Withney","")))) -> Mann Withney | O59: =IF($B57="Non",IF(O$57="Non","Mann Withney",IF(O$57="Oui","Mann Withney","")),IF($B$57="Oui",IF(O$57="Oui","T-Test Welch",IF(O$57="Non","Mann Withney","")))) -> T-Test Welch | P59: =IF($O57="Non",IF(P$57="Non","Mann Withney",IF(P$57="Oui","Mann Withney","")),IF($O$57="Oui",IF(P$57="Oui","T-Test Welch",IF(P$57="Non","Mann Withney","")))) -> T-Test Welch | Q59: =IF($O57="Non",IF(Q$57="Non","Mann Withney",IF(Q$57="Oui","Mann Withney","")),IF($O$57="Oui",IF(Q$57="Oui","T-Test Welch",IF(Q$57="Non","Mann Withney","")))) -> T-Test Welch | R59: =IF($O57="Non",IF(R$57="Non","Mann Withney",IF(R$57="Oui","Mann Withney","")),IF($O$57="Oui",IF(R$57="Oui","T-Test Welch",IF(R$57="Non","Mann Withney","")))) -> T-Test Welch | S59: =IF($O57="Non",IF(S$57="Non","Mann Withney",IF(S$57="Oui","Mann Withney","")),IF($O$57="Oui",IF(S$57="Oui","T-Test Welch",IF(S$57="Non","Mann Withney","")))) -> T-Test Welch | T59: =IF($O57="Non",IF(T$57="Non","Mann Withney",IF(T$57="Oui","Mann Withney","")),IF($O$57="Oui",IF(T$57="Oui","T-Test Welch",IF(T$57="Non","Mann Withney","")))) -> T-Test Welch | U59: =IF($O57="Non",IF(U$57="Non","Mann Withney",IF(U$57="Oui","Mann Withney","")),IF($O$57="Oui",IF(U$57="Oui","T-Test Welch",IF(U$57="Non","Mann Withney","")))) -> T-Test Welch | V59: =IF($O57="Non",IF(V$57="Non","Mann Withney",IF(V$57="Oui","Mann Withney","")),IF($O$57="Oui",IF(V$57="Oui","T-Test Welch",IF(V$57="Non","Mann Withney","")))) -> T-Test Welch
A60: Test statistique : valeur du p | C60: =IF(C59="Mann Withney",[1]!MTEST($B28:$B43,C28:C43,2), IF(C59="T-Test Welch",_xlfn.T.TEST($B28:$B43,C28:C43,2,3),"")) -> 0.047327626 | D60: =IF(D59="Mann Withney",[1]!MTEST($B28:$B43,D28:D43,2), IF(D59="T-Test Welch",_xlfn.T.TEST($B28:$B43,D28:D43,2,3),"")) -> 0.25561691 | E60: =IF(E59="Mann Withney",[1]!MTEST($B28:$B43,E28:E43,2), IF(E59="T-Test Welch",_xlfn.T.TEST($B28:$B43,E28:E43,2,3),"")) -> 0.14148212 | F60: =IF(F59="Mann Withney",[1]!MTEST($B28:$B43,F28:F43,2), IF(F59="T-Test Welch",_xlfn.T.TEST($B28:$B43,F28:F43,2,3),"")) -> 0.0029340641 | G60: =IF(G59="Mann Withney",[1]!MTEST($B28:$B43,G28:G43,2), IF(G59="T-Test Welch",_xlfn.T.TEST($B28:$B43,G28:G43,2,3),"")) -> 1.0399374e-07 | H60: =IF(H59="Mann Withney",[1]!MTEST($B28:$B43,H28:H43,2), IF(H59="T-Test Welch",_xlfn.T.TEST($B28:$B43,H28:H43,2,3),"")) -> 4.013504e-07 | I60: =IF(I59="Mann Withney",[1]!MTEST($B28:$B43,I28:I43,2), IF(I59="T-Test Welch",_xlfn.T.TEST($B28:$B43,I28:I43,2,3),"")) -> 0.23947554 | J60: =IF(J59="Mann Withney",[1]!MTEST($B28:$B43,J28:J43,2), IF(J59="T-Test Welch",_xlfn.T.TEST($B28:$B43,J28:J43,2,3),"")) -> 0.025086726 | ... M60: =IF(M59="Mann Withney",[1]!MTEST($B28:$B43,M28:M43,2), IF(M59="T-Test Welch",_xlfn.T.TEST($B28:$B43,M28:M43,2,3),"")) -> 0.29362154 | O60: =IF(O59="Mann Withney",[1]!MTEST($B28:$B43,O28:O43,2), IF(O59="T-Test Welch",_xlfn.T.TEST($B28:$B43,O28:O43,2,3),"")) -> 1.1570547e-05 | P60: =IF(P59="Mann Withney",[1]!MTEST($O28:$O43,P28:P43,2), IF(P59="T-Test Welch",_xlfn.T.TEST($O28:$O43,P28:P43,2,3),"")) -> 0.0014012049 | Q60: =IF(Q59="Mann Withney",[1]!MTEST($O28:$O43,Q28:Q43,2), IF(Q59="T-Test Welch",_xlfn.T.TEST($O28:$O43,Q28:Q43,2,3),"")) -> 1.2753569e-05 | R60: =IF(R59="Mann Withney",[1]!MTEST($O28:$O43,R28:R43,2), IF(R59="T-Test Welch",_xlfn.T.TEST($O28:$O43,R28:R43,2,3),"")) -> 0.60944331 | S60: =IF(S59="Mann Withney",[1]!MTEST($O28:$O43,S28:S43,2), IF(S59="T-Test Welch",_xlfn.T.TEST($O28:$O43,S28:S43,2,3),"")) -> 0.48129734 | T60: =IF(T59="Mann Withney",[1]!MTEST($O28:$O43,T28:T43,2), IF(T59="T-Test Welch",_xlfn.T.TEST($O28:$O43,T28:T43,2,3),"")) -> 0.96264891 | U60: =IF(U59="Mann Withney",[1]!MTEST($O28:$O43,U28:U43,2), IF(U59="T-Test Welch",_xlfn.T.TEST($O28:$O43,U28:U43,2,3),"")) -> 0.40952996 | V60: =IF(V59="Mann Withney",[1]!MTEST($O28:$O43,V28:V43,2), IF(V59="T-Test Welch",_xlfn.T.TEST($O28:$O43,V28:V43,2,3),"")) -> 0.70274789
A61: Annotation | C61: =IF(C60>0.05,"NS",IF(C60>0.01,"*",IF(C60>0.001,"**","***"))) -> * | D61: =IF(D60>0.05,"NS",IF(D60>0.01,"*",IF(D60>0.001,"**","***"))) -> NS | E61: =IF(E60>0.05,"NS",IF(E60>0.01,"*",IF(E60>0.001,"**","***"))) -> NS | F61: =IF(F60>0.05,"NS",IF(F60>0.01,"*",IF(F60>0.001,"**","***"))) -> ** | G61: =IF(G60>0.05,"NS",IF(G60>0.01,"*",IF(G60>0.001,"**","***"))) -> *** | H61: =IF(H60>0.05,"NS",IF(H60>0.01,"*",IF(H60>0.001,"**","***"))) -> *** | I61: =IF(I60>0.05,"NS",IF(I60>0.01,"*",IF(I60>0.001,"**","***"))) -> NS | J61: =IF(J60>0.05,"NS",IF(J60>0.01,"*",IF(J60>0.001,"**","***"))) -> * | ... M61: =IF(M60>0.05,"NS",IF(M60>0.01,"*",IF(M60>0.001,"**","***"))) -> NS | O61: =IF(O60>0.05,"NS",IF(O60>0.01,"*",IF(O60>0.001,"**","***"))) -> *** | P61: =IF(P60>0.05,"NS",IF(P60>0.01,"*",IF(P60>0.001,"**","***"))) -> ** | Q61: =IF(Q60>0.05,"NS",IF(Q60>0.01,"*",IF(Q60>0.001,"**","***"))) -> *** | R61: =IF(R60>0.05,"NS",IF(R60>0.01,"*",IF(R60>0.001,"**","***"))) -> NS | S61: =IF(S60>0.05,"NS",IF(S60>0.01,"*",IF(S60>0.001,"**","***"))) -> NS | T61: =IF(T60>0.05,"NS",IF(T60>0.01,"*",IF(T60>0.001,"**","***"))) -> NS | U61: =IF(U60>0.05,"NS",IF(U60>0.01,"*",IF(U60>0.001,"**","***"))) -> NS | V61: =IF(V60>0.05,"NS",IF(V60>0.01,"*",IF(V60>0.001,"**","***"))) -> NS
A63: Eléments pour la mise en forme conditionnelles des résutats - calcul équivalent hormonal (eqH)
A64: LOD | B64: =B46+(3*B47) -> 0.26471593
A65: LOQ | B65: =B46+(10*B47) -> 0.58689635
A67: 5. Expérimentateur 1 : remplissage du suivi qualité (SQ) et transmission à l'expérimenteur 2.

Sheet Feuil2
A1: Nom groupe | B1: N° de valeur | C1: file name | D1: total area | E1: mean intensity | G1: total fluorescence | I1: nbre de larves
A2: 15 | B2: A | C2: C:\Users\andre\Desktop\REACTIV CEFAS\Cromolyn\Cromolyn/20201202_Cefas_Test8_Run2/Plate 1/@15/A11_03.tif | D2: 63591.8902 | E2: 48.1891 | G2: 3064437
A3: 15 | B3: A | C3: C:\Users\andre\Desktop\REACTIV CEFAS\Cromolyn\Cromolyn/20201202_Cefas_Test8_Run2/Plate 1/@15/A11_02.tif | D3: 62964.6233 | E3: 46.3689 | G3: 2919603
A4: 15 | B4: A | C4: C:\Users\andre\Desktop\REACTIV CEFAS\Cromolyn\Cromolyn/20201202_Cefas_Test8_Run2/Plate 1/@15/A11_01.tif | D4: 58054.6372 | E4: 47.8651 | G4: 2778793

Sheet Raw data R2
A1: Nom groupe | B1: N° de valeur | C1: file name | D1: total area | E1: mean intensity | G1: total fluorescence | I1: nbre de larves | L1: (Tous)
A2: =IFERROR(LEFT(RIGHT(C2,LEN(C2)-SEARCH("@",C2)),SEARCH("/",RIGHT(C2,LEN(C2)-SEARCH("@",C2)-1))),"") | B2: =LEFT(RIGHT(RIGHT(Tableau46[[#This Row],[file name]],LEN(Tableau46[[#This Row],[file name]])-SEARCH("@",Tableau46[[#This Row],[file name]])),LEN(RIGHT(Tableau46[[#This Row],[file name]],LEN(Tableau46[[#This Row],[file name]])-SEARCH("@",Tableau46[[#This Row],[file name]])))-SEARCH("/",RIGHT(Tableau46[[#This Row],[file name]],LEN(Tableau46[[#This Row],[file name]])-SEARCH("@",Tableau46[[#This Row],[file name]])))),1) -> #VALUE! | C2: file name | D2: total area | E2: mean intensity | G2: total fluorescence | K2: Filtre lignes : Enlever (vide) et Néant | L2: Filtre colonnes : Enlever (vide) et " "
A3: =IFERROR(LEFT(RIGHT(C3,LEN(C3)-SEARCH("@",C3)),SEARCH("/",RIGHT(C3,LEN(C3)-SEARCH("@",C3)-1))),"") -> 1 | B3: =LEFT(RIGHT(RIGHT(Tableau46[[#This Row],[file name]],LEN(Tableau46[[#This Row],[file name]])-SEARCH("@",Tableau46[[#This Row],[file name]])),LEN(RIGHT(Tableau46[[#This Row],[file name]],LEN(Tableau46[[#This Row],[file name]])-SEARCH("@",Tableau46[[#This Row],[file name]])))-SEARCH("/",RIGHT(Tableau46[[#This Row],[file name]],LEN(Tableau46[[#This Row],[file name]])-SEARCH("@",Tableau46[[#This Row],[file name]])))),1) -> A | C3: C:\Users\andre\Desktop\REACTIV CEFAS\Cromolyn\Cromolyn/20201202_Cefas_Test8_Run2/Plate 1/@1/A10_01.tif | D3: 973.3453 | E3: 32.9778 | G3: 32099 | K3: Moyenne de total fluorescence | L3: Étiquettes de colonnes
A4: =IFERROR(LEFT(RIGHT(C4,LEN(C4)-SEARCH("@",C4)),SEARCH("/",RIGHT(C4,LEN(C4)-SEARCH("@",C4)-1))),"") -> 1 | B4: =LEFT(RIGHT(RIGHT(Tableau46[[#This Row],[file name]],LEN(Tableau46[[#This Row],[file name]])-SEARCH("@",Tableau46[[#This Row],[file name]])),LEN(RIGHT(Tableau46[[#This Row],[file name]],LEN(Tableau46[[#This Row],[file name]])-SEARCH("@",Tableau46[[#This Row],[file name]])))-SEARCH("/",RIGHT(Tableau46[[#This Row],[file name]],LEN(Tableau46[[#This Row],[file name]])-SEARCH("@",Tableau46[[#This Row],[file name]])))),1) -> A | C4: C:\Users\andre\Desktop\REACTIV CEFAS\Cromolyn\Cromolyn/20201202_Cefas_Test8_Run2/Plate 1/@1/A10_02.tif | D4: 0 | E4: 0 | G4: 0 | K4: Étiquettes de lignes | L4: 1 | M4: 13 | N4: 14 | O4: 15 | P4: 16 | Q4: 2 | R4: 3 | S4: 4 | T4: 5 | U4: 6 | V4: 7 | W4: 10 | X4: 11 | Y4: 12 | Z4: 17 | AA4: 18 | AB4: 19 | AC4: 20 | AD4: 21 | AE4: 8 | AF4: 9
A5: =IFERROR(LEFT(RIGHT(C5,LEN(C5)-SEARCH("@",C5)),SEARCH("/",RIGHT(C5,LEN(C5)-SEARCH("@",C5)-1))),"") -> 1 | B5: =LEFT(RIGHT(RIGHT(Tableau46[[#This Row],[file name]],LEN(Tableau46[[#This Row],[file name]])-SEARCH("@",Tableau46[[#This Row],[file name]])),LEN(RIGHT(Tableau46[[#This Row],[file name]],LEN(Tableau46[[#This Row],[file name]])-SEARCH("@",Tableau46[[#This Row],[file name]])))-SEARCH("/",RIGHT(Tableau46[[#This Row],[file name]],LEN(Tableau46[[#This Row],[file name]])-SEARCH("@",Tableau46[[#This Row],[file name]])))),1) -> A | C5: C:\Users\andre\Desktop\REACTIV CEFAS\Cromolyn\Cromolyn/20201202_Cefas_Test8_Run2/Plate 1/@1/A10_03.tif | D5: 692.1566 | E5: 32.1562 | G5: 22257 | K5: A | L5: 18118.667 | M5: 2048668.3 | N5: 1995761.7 | O5: 2920944.3 | P5: 128582.67 | Q5: 94472.333 | S5: 277785.67 | T5: 1405950.3 | U5: 3238918 | V5: 3124344.3 | W5: 0 | Y5: 240423.33 | Z5: 1421206.7 | AA5: 1476413.3 | AB5: 82258.667 | AC5: 1399678 | AD5: 770680.33 | AE5: 17455.333 | AF5: 172790.5
A6: =IFERROR(LEFT(RIGHT(C6,LEN(C6)-SEARCH("@",C6)),SEARCH("/",RIGHT(C6,LEN(C6)-SEARCH("@",C6)-1))),"") -> 1 | B6: =LEFT(RIGHT(RIGHT(Tableau46[[#This Row],[file name]],LEN(Tableau46[[#This Row],[file name]])-SEARCH("@",Tableau46[[#This Row],[file name]])),LEN(RIGHT(Tableau46[[#This Row],[file name]],LEN(Tableau46[[#This Row],[file name]])-SEARCH("@",Tableau46[[#This Row],[file name]])))-SEARCH("/",RIGHT(Tableau46[[#This Row],[file name]],LEN(Tableau46[[#This Row],[file name]])-SEARCH("@",Tableau46[[#This Row],[file name]])))),1) -> B | C6: C:\Users\andre\Desktop\REACTIV CEFAS\Cromolyn\Cromolyn/20201202_Cefas_Test8_Run2/Plate 1/@1/B10_01.tif | D6: 21.6299 | E6: 30 | G6: 649 | K6: B | L6: 8197.6667 | M6: 1030664.5 | N6: 1461409.7 | O6: 5795925 | P6: 414940.67 | Q6: 125850 | R6: 95481.667 | S6: 2153807.5 | T6: 2301046 | U6: 1458518 | V6: 4293166.5 | W6: 81645.667 | X6: 372048.67 | Y6: 276451.67 | Z6: 949747 | AA6: 857798.5 | AB6: 838050.33 | AC6: 676597.67 | AD6: 454574 | AE6: 268635.67 | AF6: 429944.67
A7: =IFERROR(LEFT(RIGHT(C7,LEN(C7)-SEARCH("@",C7)),SEARCH("/",RIGHT(C7,LEN(C7)-SEARCH("@",C7)-1))),"") -> 1 | B7: =LEFT(RIGHT(RIGHT(Tableau46[[#This Row],[file name]],LEN(Tableau46[[#This Row],[file name]])-SEARCH("@",Tableau46[[#This Row],[file name]])),LEN(RIGHT(Tableau46[[#This Row],[file name]],LEN(Tableau46[[#This Row],[file name]])-SEARCH("@",Tableau46[[#This Row],[file name]])))-SEARCH("/",RIGHT(Tableau46[[#This Row],[file name]],LEN(Tableau46[[#This Row],[file name]])-SEARCH("@",Tableau46[[#This Row],[file name]])))),1) -> B | C7: C:\Users\andre\Desktop\REACTIV CEFAS\Cromolyn\Cromolyn/20201202_Cefas_Test8_Run2/Plate 1/@1/B10_02.tif | D7: 0 | E7: 0 | G7: 0 | K7: C | L7: 294974 | M7: 29452.667 | N7: 1148439 | O7: 4201325.7 | P7: 99187.333 | Q7: 755402 | R7: 66699.333 | S7: 1621716 | T7: 1833544.7 | U7: 3834764 | V7: 5063601.7 | W7: 484848.33 | X7: 2487.6667 | Y7: 1060 | Z7: 980418 | AA7: 1060946.3 | AB7: 2164626.3 | AC7: 378343 | AD7: 1868001 | AE7: 388483.5
A8: =IFERROR(LEFT(RIGHT(C8,LEN(C8)-SEARCH("@",C8)),SEARCH("/",RIGHT(C8,LEN(C8)-SEARCH("@",C8)-1))),"") -> 1 | B8: =LEFT(RIGHT(RIGHT(Tableau46[[#This Row],[file name]],LEN(Tableau46[[#This Row],[file name]])-SEARCH("@",Tableau46[[#This Row],[file name]])),LEN(RIGHT(Tableau46[[#This Row],[file name]],LEN(Tableau46[[#This Row],[file name]])-SEARCH("@",Tableau46[[#This Row],[file name]])))-SEARCH("/",RIGHT(Tableau46[[#This Row],[file name]],LEN(Tableau46[[#This Row],[file name]])-SEARCH("@",Tableau46[[#This Row],[file name]])))),1) -> B | C8: C:\Users\andre\Desktop\REACTIV CEFAS\Cromolyn\Cromolyn/20201202_Cefas_Test8_Run2/Plate 1/@1/B10_03.tif | D8: 735.4164 | E8: 32.5588 | G8: 23944 | K8: D | M8: 2786961.3 | N8: 1702381 | O8: 1984304.7 | P8: 428488 | Q8: 78019 | R8: 375084 | S8: 1373051.7 | T8: 1930973 | U8: 3732022 | V8: 5149155 | W8: 6986.5 | X8: 14463 | Y8: 521497 | Z8: 2940014.3 | AA8: 219248 | AB8: 725805.67 | AC8: 1280187 | AD8: 1168303 | AE8: 269285 | AF8: 186334.33
A9: =IFERROR(LEFT(RIGHT(C9,LEN(C9)-SEARCH("@",C9)),SEARCH("/",RIGHT(C9,LEN(C9)-SEARCH("@",C9)-1))),"") -> 1 | B9: =LEFT(RIGHT(RIGHT(Tableau46[[#This Row],[file name]],LEN(Tableau46[[#This Row],[file name]])-SEARCH("@",Tableau46[[#This Row],[file name]])),LEN(RIGHT(Tableau46[[#This Row],[file name]],LEN(Tableau46[[#This Row],[file name]])-SEARCH("@",Tableau46[[#This Row],[file name]])))-SEARCH("/",RIGHT(Tableau46[[#This Row],[file name]],LEN(Tableau46[[#This Row],[file name]])-SEARCH("@",Tableau46[[#This Row],[file name]])))),1) -> C | C9: C:\Users\andre\Desktop\REACTIV CEFAS\Cromolyn\Cromolyn/20201202_Cefas_Test8_Run2/Plate 1/@1/C10_01.tif | D9: 7419.0539 | E9: 38.7172 | G9: 287245 | K9: E | L9: 238195.67 | M9: 331337.5 | N9: 689510.67 | O9: 1666475.3 | P9: 101876.67 | Q9: 117616 | T9: 1683959.7 | U9: 3645026.7 | V9: 3529948.7 | W9: 273091.67 | X9: 279040 | Y9: 90607.667 | Z9: 2066729 | AA9: 1365978.3 | AB9: 2105223.3 | AC9: 813731 | AD9: 1506392 | AE9: 53505.333 | AF9: 150111.5
A10: =IFERROR(LEFT(RIGHT(C10,LEN(C10)-SEARCH("@",C10)),SEARCH("/",RIGHT(C10,LEN(C10)-SEARCH("@",C10)-1))),"") -> 1 | B10: =LEFT(RIGHT(RIGHT(Tableau46[[#This Row],[file name]],LEN(Tableau46[[#This Row],[file name]])-SEARCH("@",Tableau46[[#This Row],[file name]])),LEN(RIGHT(Tableau46[[#This Row],[file name]],LEN(Tableau46[[#This Row],[file name]])-SEARCH("@",Tableau46[[#This Row],[file name]])))-SEARCH("/",RIGHT(Tableau46[[#This Row],[file name]],LEN(Tableau46[[#This Row],[file name]])-SEARCH("@",Tableau46[[#This Row],[file name]])))),1) -> C | C10: C:\Users\andre\Desktop\REACTIV CEFAS\Cromolyn\Cromolyn/20201202_Cefas_Test8_Run2/Plate 1/@1/C10_02.tif | D10: 7116.2353 | E10: 38.459 | G10: 273683 | K10: F | L10: 197307.67 | M10: 362762.33 | N10: 1781849.3 | O10: 4919063.7 | P10: 189679.67 | Q10: 83376 | R10: 21413.667 | S10: 1729764.3 | T10: 2228073.7 | U10: 3275328.7 | V10: 5272294.3 | W10: 263409 | X10: 298910.67 | Y10: 132126 | AA10: 1137415.3 | AB10: 3418150.5 | AC10: 1328082.7 | AD10: 1957498.3 | AE10: 235798.5 | AF10: 237453
A11: =IFERROR(LEFT(RIGHT(C11,LEN(C11)-SEARCH("@",C11)),SEARCH("/",RIGHT(C11,LEN(C11)-SEARCH("@",C11)-1))),"") -> 1 | B11: =LEFT(RIGHT(RIGHT(Tableau46[[#This Row],[file name]],LEN(Tableau46[[#This Row],[file name]])-SEARCH("@",Tableau46[[#This Row],[file name]])),LEN(RIGHT(Tableau46[[#This Row],[file name]],LEN(Tableau46[[#This Row],[file name]])-SEARCH("@",Tableau46[[#This Row],[file name]])))-SEARCH("/",RIGHT(Tableau46[[#This Row],[file name]],LEN(Tableau46[[#This Row],[file name]])-SEARCH("@",Tableau46[[#This Row],[file name]])))),1) -> C | C11: C:\Users\andre\Desktop\REACTIV CEFAS\Cromolyn\Cromolyn/20201202_Cefas_Test8_Run2/Plate 1/@1/C10_03.tif | D11: 7830.0219 | E11: 41.3785 | G11: 323994 | K11: G | L11: 179182 | M11: 378804 | N11: 520037 | O11: 4585956 | P11: 7267.6667 | Q11: 193451 | R11: 198908.5 | S11: 490616.33 | T11: 2143789.3 | U11: 3455606.3 | V11: 5044639.3 | W11: 151827.33 | X11: 73902 | Y11: 63548.667 | Z11: 1240777.3 | AA11: 446992.5 | AB11: 1153998 | AC11: 1015624.3 | AD11: 414335 | AE11: 151034.33
A12: =IFERROR(LEFT(RIGHT(C12,LEN(C12)-SEARCH("@",C12)),SEARCH("/",RIGHT(C12,LEN(C12)-SEARCH("@",C12)-1))),"") -> 1 | B12: =LEFT(RIGHT(RIGHT(Tableau46[[#This Row],[file name]],LEN(Tableau46[[#This Row],[file name]])-SEARCH("@",Tableau46[[#This Row],[file name]])),LEN(RIGHT(Tableau46[[#This Row],[file name]],LEN(Tableau46[[#This Row],[file name]])-SEARCH("@",Tableau46[[#This Row],[file name]])))-SEARCH("/",RIGHT(Tableau46[[#This Row],[file name]],LEN(Tableau46[[#This Row],[file name]])-SEARCH("@",Tableau46[[#This Row],[file name]])))),1) -> D | C12: C:\Users\andre\Desktop\REACTIV CEFAS\Cromolyn\Cromolyn/20201202_Cefas_Test8_Run2/Plate 1/@1/D10_01- exclu.tif | K12: H | L12: 115114.67 | M12: 1673642 | O12: 3608732 | P12: 13533 | Q12: 120269.33 | R12: 50689.5 | T12: 700491.67 | U12: 2214879.3 | W12: 148417.33 | X12: 69936.667 | Y12: 200783.33 | Z12: 1101978 | AA12: 198973.33 | AB12: 801207.67 | AC12: 1136946.7 | AD12: 1858340 | AE12: 281448.33 | AF12: 599732
A13: =IFERROR(LEFT(RIGHT(C13,LEN(C13)-SEARCH("@",C13)),SEARCH("/",RIGHT(C13,LEN(C13)-SEARCH("@",C13)-1))),"") -> 1 | B13: =LEFT(RIGHT(RIGHT(Tableau46[[#This Row],[file name]],LEN(Tableau46[[#This Row],[file name]])-SEARCH("@",Tableau46[[#This Row],[file name]])),LEN(RIGHT(Tableau46[[#This Row],[file name]],LEN(Tableau46[[#This Row],[file name]])-SEARCH("@",Tableau46[[#This Row],[file name]])))-SEARCH("/",RIGHT(Tableau46[[#This Row],[file name]],LEN(Tableau46[[#This Row],[file name]])-SEARCH("@",Tableau46[[#This Row],[file name]])))),1) -> D | C13: C:\Users\andre\Desktop\REACTIV CEFAS\Cromolyn\Cromolyn/20201202_Cefas_Test8_Run2/Plate 1/@1/D10_02- exclu.tif
A14: =IFERROR(LEFT(RIGHT(C14,LEN(C14)-SEARCH("@",C14)),SEARCH("/",RIGHT(C14,LEN(C14)-SEARCH("@",C14)-1))),"") -> 1 | B14: =LEFT(RIGHT(RIGHT(Tableau46[[#This Row],[file name]],LEN(Tableau46[[#This Row],[file name]])-SEARCH("@",Tableau46[[#This Row],[file name]])),LEN(RIGHT(Tableau46[[#This Row],[file name]],LEN(Tableau46[[#This Row],[file name]])-SEARCH("@",Tableau46[[#This Row],[file name]])))-SEARCH("/",RIGHT(Tableau46[[#This Row],[file name]],LEN(Tableau46[[#This Row],[file name]])-SEARCH("@",Tableau46[[#This Row],[file name]])))),1) -> D | C14: C:\Users\andre\Desktop\REACTIV CEFAS\Cromolyn\Cromolyn/20201202_Cefas_Test8_Run2/Plate 1/@1/D10_03- exclu.tif
A15: =IFERROR(LEFT(RIGHT(C15,LEN(C15)-SEARCH("@",C15)),SEARCH("/",RIGHT(C15,LEN(C15)-SEARCH("@",C15)-1))),"") -> 1 | B15: =LEFT(RIGHT(RIGHT(Tableau46[[#This Row],[file name]],LEN(Tableau46[[#This Row],[file name]])-SEARCH("@",Tableau46[[#This Row],[file name]])),LEN(RIGHT(Tableau46[[#This Row],[file name]],LEN(Tableau46[[#This Row],[file name]])-SEARCH("@",Tableau46[[#This Row],[file name]])))-SEARCH("/",RIGHT(Tableau46[[#This Row],[file name]],LEN(Tableau46[[#This Row],[file name]])-SEARCH("@",Tableau46[[#This Row],[file name]])))),1) -> E | C15: C:\Users\andre\Desktop\REACTIV CEFAS\Cromolyn\Cromolyn/20201202_Cefas_Test8_Run2/Plate 1/@1/E10_01.tif | D15: 9733.4526 | E15: 39.3111 | G15: 382633
A16: =IFERROR(LEFT(RIGHT(C16,LEN(C16)-SEARCH("@",C16)),SEARCH("/",RIGHT(C16,LEN(C16)-SEARCH("@",C16)-1))),"") -> 1 | B16: =LEFT(RIGHT(RIGHT(Tableau46[[#This Row],[file name]],LEN(Tableau46[[#This Row],[file name]])-SEARCH("@",Tableau46[[#This Row],[file name]])),LEN(RIGHT(Tableau46[[#This Row],[file name]],LEN(Tableau46[[#This Row],[file name]])-SEARCH("@",Tableau46[[#This Row],[file name]])))-SEARCH("/",RIGHT(Tableau46[[#This Row],[file name]],LEN(Tableau46[[#This Row],[file name]])-SEARCH("@",Tableau46[[#This Row],[file name]])))),1) -> E | C16: C:\Users\andre\Desktop\REACTIV CEFAS\Cromolyn\Cromolyn/20201202_Cefas_Test8_Run2/Plate 1/@1/E10_02.tif | D16: 4196.1996 | E16: 37.0361 | G16: 155411
A17: =IFERROR(LEFT(RIGHT(C17,LEN(C17)-SEARCH("@",C17)),SEARCH("/",RIGHT(C17,LEN(C17)-SEARCH("@",C17)-1))),"") -> 1 | B17: =LEFT(RIGHT(RIGHT(Tableau46[[#This Row],[file name]],LEN(Tableau46[[#This Row],[file name]])-SEARCH("@",Tableau46[[#This Row],[file name]])),LEN(RIGHT(Tableau46[[#This Row],[file name]],LEN(Tableau46[[#This Row],[file name]])-SEARCH("@",Tableau46[[#This Row],[file name]])))-SEARCH("/",RIGHT(Tableau46[[#This Row],[file name]],LEN(Tableau46[[#This Row],[file name]])-SEARCH("@",Tableau46[[#This Row],[file name]])))),1) -> E | C17: C:\Users\andre\Desktop\REACTIV CEFAS\Cromolyn\Cromolyn/20201202_Cefas_Test8_Run2/Plate 1/@1/E10_03.tif | D17: 4715.317 | E17: 37.4404 | G17: 176543
A18: =IFERROR(LEFT(RIGHT(C18,LEN(C18)-SEARCH("@",C18)),SEARCH("/",RIGHT(C18,LEN(C18)-SEARCH("@",C18)-1))),"") -> 1 | B18: =LEFT(RIGHT(RIGHT(Tableau46[[#This Row],[file name]],LEN(Tableau46[[#This Row],[file name]])-SEARCH("@",Tableau46[[#This Row],[file name]])),LEN(RIGHT(Tableau46[[#This Row],[file name]],LEN(Tableau46[[#This Row],[file name]])-SEARCH("@",Tableau46[[#This Row],[file name]])))-SEARCH("/",RIGHT(Tableau46[[#This Row],[file name]],LEN(Tableau46[[#This Row],[file name]])-SEARCH("@",Tableau46[[#This Row],[file name]])))),1) -> F | C18: C:\Users\andre\Desktop\REACTIV CEFAS\Cromolyn\Cromolyn/20201202_Cefas_Test8_Run2/Plate 1/@1/F10_01.tif | D18: 7181.125 | E18: 34.3373 | G18: 246581
A19: =IFERROR(LEFT(RIGHT(C19,LEN(C19)-SEARCH("@",C19)),SEARCH("/",RIGHT(C19,LEN(C19)-SEARCH("@",C19)-1))),"") -> 1 | B19: =LEFT(RIGHT(RIGHT(Tableau46[[#This Row],[file name]],LEN(Tableau46[[#This Row],[file name]])-SEARCH("@",Tableau46[[#This Row],[file name]])),LEN(RIGHT(Tableau46[[#This Row],[file name]],LEN(Tableau46[[#This Row],[file name]])-SEARCH("@",Tableau46[[#This Row],[file name]])))-SEARCH("/",RIGHT(Tableau46[[#This Row],[file name]],LEN(Tableau46[[#This Row],[file name]])-SEARCH("@",Tableau46[[#This Row],[file name]])))),1) -> F | C19: C:\Users\andre\Desktop\REACTIV CEFAS\Cromolyn\Cromolyn/20201202_Cefas_Test8_Run2/Plate 1/@1/F10_02.tif | D19: 5256.0644 | E19: 33.2305 | G19: 174661
A20: =IFERROR(LEFT(RIGHT(C20,LEN(C20)-SEARCH("@",C20)),SEARCH("/",RIGHT(C20,LEN(C20)-SEARCH("@",C20)-1))),"") -> 1 | B20: =LEFT(RIGHT(RIGHT(Tableau46[[#This Row],[file name]],LEN(Tableau46[[#This Row],[file name]])-SEARCH("@",Tableau46[[#This Row],[file name]])),LEN(RIGHT(Tableau46[[#This Row],[file name]],LEN(Tableau46[[#This Row],[file name]])-SEARCH("@",Tableau46[[#This Row],[file name]])))-SEARCH("/",RIGHT(Tableau46[[#This Row],[file name]],LEN(Tableau46[[#This Row],[file name]])-SEARCH("@",Tableau46[[#This Row],[file name]])))),1) -> F | C20: C:\Users\andre\Desktop\REACTIV CEFAS\Cromolyn\Cromolyn/20201202_Cefas_Test8_Run2/Plate 1/@1/F10_03.tif | D20: 5234.4345 | E20: 32.6074 | G20: 170681
A21: =IFERROR(LEFT(RIGHT(C21,LEN(C21)-SEARCH("@",C21)),SEARCH("/",RIGHT(C21,LEN(C21)-SEARCH("@",C21)-1))),"") -> 1 | B21: =LEFT(RIGHT(RIGHT(Tableau46[[#This Row],[file name]],LEN(Tableau46[[#This Row],[file name]])-SEARCH("@",Tableau46[[#This Row],[file name]])),LEN(RIGHT(Tableau46[[#This Row],[file name]],LEN(Tableau46[[#This Row],[file name]])-SEARCH("@",Tableau46[[#This Row],[file name]])))-SEARCH("/",RIGHT(Tableau46[[#This Row],[file name]],LEN(Tableau46[[#This Row],[file name]])-SEARCH("@",Tableau46[[#This Row],[file name]])))),1) -> G | C21: C:\Users\andre\Desktop\REACTIV CEFAS\Cromolyn\Cromolyn/20201202_Cefas_Test8_Run2/Plate 1/@1/G10_01- exclu.tif
A22: =IFERROR(LEFT(RIGHT(C22,LEN(C22)-SEARCH("@",C22)),SEARCH("/",RIGHT(C22,LEN(C22)-SEARCH("@",C22)-1))),"") -> 1 | B22: =LEFT(RIGHT(RIGHT(Tableau46[[#This Row],[file name]],LEN(Tableau46[[#This Row],[file name]])-SEARCH("@",Tableau46[[#This Row],[file name]])),LEN(RIGHT(Tableau46[[#This Row],[file name]],LEN(Tableau46[[#This Row],[file name]])-SEARCH("@",Tableau46[[#This Row],[file name]])))-SEARCH("/",RIGHT(Tableau46[[#This Row],[file name]],LEN(Tableau46[[#This Row],[file name]])-SEARCH("@",Tableau46[[#This Row],[file name]])))),1) -> G | C22: C:\Users\andre\Desktop\REACTIV CEFAS\Cromolyn\Cromolyn/20201202_Cefas_Test8_Run2/Plate 1/@1/G10_02- exclu.tif
A23: =IFERROR(LEFT(RIGHT(C23,LEN(C23)-SEARCH("@",C23)),SEARCH("/",RIGHT(C23,LEN(C23)-SEARCH("@",C23)-1))),"") -> 1 | B23: =LEFT(RIGHT(RIGHT(Tableau46[[#This Row],[file name]],LEN(Tableau46[[#This Row],[file name]])-SEARCH("@",Tableau46[[#This Row],[file name]])),LEN(RIGHT(Tableau46[[#This Row],[file name]],LEN(Tableau46[[#This Row],[file name]])-SEARCH("@",Tableau46[[#This Row],[file name]])))-SEARCH("/",RIGHT(Tableau46[[#This Row],[file name]],LEN(Tableau46[[#This Row],[file name]])-SEARCH("@",Tableau46[[#This Row],[file name]])))),1) -> G | C23: C:\Users\andre\Desktop\REACTIV CEFAS\Cromolyn\Cromolyn/20201202_Cefas_Test8_Run2/Plate 1/@1/G10_03.tif | D23: 4888.3562 | E23: 36.6549 | G23: 179182
A24: =IFERROR(LEFT(RIGHT(C24,LEN(C24)-SEARCH("@",C24)),SEARCH("/",RIGHT(C24,LEN(C24)-SEARCH("@",C24)-1))),"") -> 1 | B24: =LEFT(RIGHT(RIGHT(Tableau46[[#This Row],[file name]],LEN(Tableau46[[#This Row],[file name]])-SEARCH("@",Tableau46[[#This Row],[file name]])),LEN(RIGHT(Tableau46[[#This Row],[file name]],LEN(Tableau46[[#This Row],[file name]])-SEARCH("@",Tableau46[[#This Row],[file name]])))-SEARCH("/",RIGHT(Tableau46[[#This Row],[file name]],LEN(Tableau46[[#This Row],[file name]])-SEARCH("@",Tableau46[[#This Row],[file name]])))),1) -> H | C24: C:\Users\andre\Desktop\REACTIV CEFAS\Cromolyn\Cromolyn/20201202_Cefas_Test8_Run2/Plate 1/@1/H10_01.tif | D24: 4196.1996 | E24: 34.5722 | G24: 145072
A25: =IFERROR(LEFT(RIGHT(C25,LEN(C25)-SEARCH("@",C25)),SEARCH("/",RIGHT(C25,LEN(C25)-SEARCH("@",C25)-1))),"") -> 1 | B25: =LEFT(RIGHT(RIGHT(Tableau46[[#This Row],[file name]],LEN(Tableau46[[#This Row],[file name]])-SEARCH("@",Tableau46[[#This Row],[file name]])),LEN(RIGHT(Tableau46[[#This Row],[file name]],LEN(Tableau46[[#This Row],[file name]])-SEARCH("@",Tableau46[[#This Row],[file name]])))-SEARCH("/",RIGHT(Tableau46[[#This Row],[file name]],LEN(Tableau46[[#This Row],[file name]])-SEARCH("@",Tableau46[[#This Row],[file name]])))),1) -> H | C25: C:\Users\andre\Desktop\REACTIV CEFAS\Cromolyn\Cromolyn/20201202_Cefas_Test8_Run2/Plate 1/@1/H10_02.tif | D25: 129.7794 | E25: 30.8333 | G25: 4002
A26: =IFERROR(LEFT(RIGHT(C26,LEN(C26)-SEARCH("@",C26)),SEARCH("/",RIGHT(C26,LEN(C26)-SEARCH("@",C26)-1))),"") -> 1 | B26: =LEFT(RIGHT(RIGHT(Tableau46[[#This Row],[file name]],LEN(Tableau46[[#This Row],[file name]])-SEARCH("@",Tableau46[[#This Row],[file name]])),LEN(RIGHT(Tableau46[[#This Row],[file name]],LEN(Tableau46[[#This Row],[file name]])-SEARCH("@",Tableau46[[#This Row],[file name]])))-SEARCH("/",RIGHT(Tableau46[[#This Row],[file name]],LEN(Tableau46[[#This Row],[file name]])-SEARCH("@",Tableau46[[#This Row],[file name]])))),1) -> H | C26: C:\Users\andre\Desktop\REACTIV CEFAS\Cromolyn\Cromolyn/20201202_Cefas_Test8_Run2/Plate 1/@1/H10_03.tif | D26: 5169.5448 | E26: 37.9665 | G26: 196270
A27: =IFERROR(LEFT(RIGHT(C27,LEN(C27)-SEARCH("@",C27)),SEARCH("/",RIGHT(C27,LEN(C27)-SEARCH("@",C27)-1))),"") | B27: =LEFT(RIGHT(RIGHT(Tableau46[[#This Row],[file name]],LEN(Tableau46[[#This Row],[file name]])-SEARCH("@",Tableau46[[#This Row],[file name]])),LEN(RIGHT(Tableau46[[#This Row],[file name]],LEN(Tableau46[[#This Row],[file name]])-SEARCH("@",Tableau46[[#This Row],[file name]])))-SEARCH("/",RIGHT(Tableau46[[#This Row],[file name]],LEN(Tableau46[[#This Row],[file name]])-SEARCH("@",Tableau46[[#This Row],[file name]])))),1) -> #VALUE!
A28: =IFERROR(LEFT(RIGHT(C28,LEN(C28)-SEARCH("@",C28)),SEARCH("/",RIGHT(C28,LEN(C28)-SEARCH("@",C28)-1))),"") | B28: =LEFT(RIGHT(RIGHT(Tableau46[[#This Row],[file name]],LEN(Tableau46[[#This Row],[file name]])-SEARCH("@",Tableau46[[#This Row],[file name]])),LEN(RIGHT(Tableau46[[#This Row],[file name]],LEN(Tableau46[[#This Row],[file name]])-SEARCH("@",Tableau46[[#This Row],[file name]])))-SEARCH("/",RIGHT(Tableau46[[#This Row],[file name]],LEN(Tableau46[[#This Row],[file name]])-SEARCH("@",Tableau46[[#This Row],[file name]])))),1) -> #VALUE! | C28: group | E28: mean of mean fluo | F28: SD mean fluo | G28: mean of total fluo | H28: SD total fluo
A29: =IFERROR(LEFT(RIGHT(C29,LEN(C29)-SEARCH("@",C29)),SEARCH("/",RIGHT(C29,LEN(C29)-SEARCH("@",C29)-1))),"") -> 1 | B29: =LEFT(RIGHT(RIGHT(Tableau46[[#This Row],[file name]],LEN(Tableau46[[#This Row],[file name]])-SEARCH("@",Tableau46[[#This Row],[file name]])),LEN(RIGHT(Tableau46[[#This Row],[file name]],LEN(Tableau46[[#This Row],[file name]])-SEARCH("@",Tableau46[[#This Row],[file name]])))-SEARCH("/",RIGHT(Tableau46[[#This Row],[file name]],LEN(Tableau46[[#This Row],[file name]])-SEARCH("@",Tableau46[[#This Row],[file name]])))),1) | C29: C:\Users\andre\Desktop\REACTIV CEFAS\Cromolyn\Cromolyn/20201202_Cefas_Test8_Run2/Plate 1/@1/ | E29: 34.8344 | F29: 12.1031 | G29: 241722.167 | H29: 223737.12
A30: =IFERROR(LEFT(RIGHT(C30,LEN(C30)-SEARCH("@",C30)),SEARCH("/",RIGHT(C30,LEN(C30)-SEARCH("@",C30)-1))),"") | B30: =LEFT(RIGHT(RIGHT(Tableau46[[#This Row],[file name]],LEN(Tableau46[[#This Row],[file name]])-SEARCH("@",Tableau46[[#This Row],[file name]])),LEN(RIGHT(Tableau46[[#This Row],[file name]],LEN(Tableau46[[#This Row],[file name]])-SEARCH("@",Tableau46[[#This Row],[file name]])))-SEARCH("/",RIGHT(Tableau46[[#This Row],[file name]],LEN(Tableau46[[#This Row],[file name]])-SEARCH("@",Tableau46[[#This Row],[file name]])))),1) -> #VALUE!
A31: =IFERROR(LEFT(RIGHT(C31,LEN(C31)-SEARCH("@",C31)),SEARCH("/",RIGHT(C31,LEN(C31)-SEARCH("@",C31)-1))),"") | B31: =LEFT(RIGHT(RIGHT(Tableau46[[#This Row],[file name]],LEN(Tableau46[[#This Row],[file name]])-SEARCH("@",Tableau46[[#This Row],[file name]])),LEN(RIGHT(Tableau46[[#This Row],[file name]],LEN(Tableau46[[#This Row],[file name]])-SEARCH("@",Tableau46[[#This Row],[file name]])))-SEARCH("/",RIGHT(Tableau46[[#This Row],[file name]],LEN(Tableau46[[#This Row],[file name]])-SEARCH("@",Tableau46[[#This Row],[file name]])))),1) -> #VALUE!
A32: =IFERROR(LEFT(RIGHT(C32,LEN(C32)-SEARCH("@",C32)),SEARCH("/",RIGHT(C32,LEN(C32)-SEARCH("@",C32)-1))),"") | B32: =LEFT(RIGHT(RIGHT(Tableau46[[#This Row],[file name]],LEN(Tableau46[[#This Row],[file name]])-SEARCH("@",Tableau46[[#This Row],[file name]])),LEN(RIGHT(Tableau46[[#This Row],[file name]],LEN(Tableau46[[#This Row],[file name]])-SEARCH("@",Tableau46[[#This Row],[file name]])))-SEARCH("/",RIGHT(Tableau46[[#This Row],[file name]],LEN(Tableau46[[#This Row],[file name]])-SEARCH("@",Tableau46[[#This Row],[file name]])))),1) -> #VALUE!
A33: =IFERROR(LEFT(RIGHT(C33,LEN(C33)-SEARCH("@",C33)),SEARCH("/",RIGHT(C33,LEN(C33)-SEARCH("@",C33)-1))),"") | B33: =LEFT(RIGHT(RIGHT(Tableau46[[#This Row],[file name]],LEN(Tableau46[[#This Row],[file name]])-SEARCH("@",Tableau46[[#This Row],[file name]])),LEN(RIGHT(Tableau46[[#This Row],[file name]],LEN(Tableau46[[#This Row],[file name]])-SEARCH("@",Tableau46[[#This Row],[file name]])))-SEARCH("/",RIGHT(Tableau46[[#This Row],[file name]],LEN(Tableau46[[#This Row],[file name]])-SEARCH("@",Tableau46[[#This Row],[file name]])))),1) -> #VALUE!
A34: =IFERROR(LEFT(RIGHT(C34,LEN(C34)-SEARCH("@",C34)),SEARCH("/",RIGHT(C34,LEN(C34)-SEARCH("@",C34)-1))),"") | B34: =LEFT(RIGHT(RIGHT(Tableau46[[#This Row],[file name]],LEN(Tableau46[[#This Row],[file name]])-SEARCH("@",Tableau46[[#This Row],[file name]])),LEN(RIGHT(Tableau46[[#This Row],[file name]],LEN(Tableau46[[#This Row],[file name]])-SEARCH("@",Tableau46[[#This Row],[file name]])))-SEARCH("/",RIGHT(Tableau46[[#This Row],[file name]],LEN(Tableau46[[#This Row],[file name]])-SEARCH("@",Tableau46[[#This Row],[file name]])))),1) -> #VALUE!
A35: =IFERROR(LEFT(RIGHT(C35,LEN(C35)-SEARCH("@",C35)),SEARCH("/",RIGHT(C35,LEN(C35)-SEARCH("@",C35)-1))),"") | B35: =LEFT(RIGHT(RIGHT(Tableau46[[#This Row],[file name]],LEN(Tableau46[[#This Row],[file name]])-SEARCH("@",Tableau46[[#This Row],[file name]])),LEN(RIGHT(Tableau46[[#This Row],[file name]],LEN(Tableau46[[#This Row],[file name]])-SEARCH("@",Tableau46[[#This Row],[file name]])))-SEARCH("/",RIGHT(Tableau46[[#This Row],[file name]],LEN(Tableau46[[#This Row],[file name]])-SEARCH("@",Tableau46[[#This Row],[file name]])))),1) -> #VALUE! | C35: file name | D35: total area | E35: mean intensity | G35: total fluorescence
A36: =IFERROR(LEFT(RIGHT(C36,LEN(C36)-SEARCH("@",C36)),SEARCH("/",RIGHT(C36,LEN(C36)-SEARCH("@",C36)-1))),"") -> 13 | B36: =LEFT(RIGHT(RIGHT(Tableau46[[#This Row],[file name]],LEN(Tableau46[[#This Row],[file name]])-SEARCH("@",Tableau46[[#This Row],[file name]])),LEN(RIGHT(Tableau46[[#This Row],[file name]],LEN(Tableau46[[#This Row],[file name]])-SEARCH("@",Tableau46[[#This Row],[file name]])))-SEARCH("/",RIGHT(Tableau46[[#This Row],[file name]],LEN(Tableau46[[#This Row],[file name]])-SEARCH("@",Tableau46[[#This Row],[file name]])))),1) -> A | C36: C:\Users\andre\Desktop\REACTIV CEFAS\Cromolyn\Cromolyn/20201202_Cefas_Test8_Run2/Plate 1/@13/A8_01.tif | D36: 49381.0494 | E36: 42.7175 | G36: 2109434
A37: =IFERROR(LEFT(RIGHT(C37,LEN(C37)-SEARCH("@",C37)),SEARCH("/",RIGHT(C37,LEN(C37)-SEARCH("@",C37)-1))),"") -> 13 | B37: =LEFT(RIGHT(RIGHT(Tableau46[[#This Row],[file name]],LEN(Tableau46[[#This Row],[file name]])-SEARCH("@",Tableau46[[#This Row],[file name]])),LEN(RIGHT(Tableau46[[#This Row],[file name]],LEN(Tableau46[[#This Row],[file name]])-SEARCH("@",Tableau46[[#This Row],[file name]])))-SEARCH("/",RIGHT(Tableau46[[#This Row],[file name]],LEN(Tableau46[[#This Row],[file name]])-SEARCH("@",Tableau46[[#This Row],[file name]])))),1) -> A | C37: C:\Users\andre\Desktop\REACTIV CEFAS\Cromolyn\Cromolyn/20201202_Cefas_Test8_Run2/Plate 1/@13/A8_02.tif | D37: 46828.7219 | E37: 43.0273 | G37: 2014911
A38: =IFERROR(LEFT(RIGHT(C38,LEN(C38)-SEARCH("@",C38)),SEARCH("/",RIGHT(C38,LEN(C38)-SEARCH("@",C38)-1))),"") -> 13 | B38: =LEFT(RIGHT(RIGHT(Tableau46[[#This Row],[file name]],LEN(Tableau46[[#This Row],[file name]])-SEARCH("@",Tableau46[[#This Row],[file name]])),LEN(RIGHT(Tableau46[[#This Row],[file name]],LEN(Tableau46[[#This Row],[file name]])-SEARCH("@",Tableau46[[#This Row],[file name]])))-SEARCH("/",RIGHT(Tableau46[[#This Row],[file name]],LEN(Tableau46[[#This Row],[file name]])-SEARCH("@",Tableau46[[#This Row],[file name]])))),1) -> A | C38: C:\Users\andre\Desktop\REACTIV CEFAS\Cromolyn\Cromolyn/20201202_Cefas_Test8_Run2/Plate 1/@13/A8_03.tif | D38: 47239.6899 | E38: 42.7958 | G38: 2021660
A39: =IFERROR(LEFT(RIGHT(C39,LEN(C39)-SEARCH("@",C39)),SEARCH("/",RIGHT(C39,LEN(C39)-SEARCH("@",C39)-1))),"") -> 13 | B39: =LEFT(RIGHT(RIGHT(Tableau46[[#This Row],[file name]],LEN(Tableau46[[#This Row],[file name]])-SEARCH("@",Tableau46[[#This Row],[file name]])),LEN(RIGHT(Tableau46[[#This Row],[file name]],LEN(Tableau46[[#This Row],[file name]])-SEARCH("@",Tableau46[[#This Row],[file name]])))-SEARCH("/",RIGHT(Tableau46[[#This Row],[file name]],LEN(Tableau46[[#This Row],[file name]])-SEARCH("@",Tableau46[[#This Row],[file name]])))),1) -> B | C39: C:\Users\andre\Desktop\REACTIV CEFAS\Cromolyn\Cromolyn/20201202_Cefas_Test8_Run2/Plate 1/@13/B8_01.tif | D39: 28097.2331 | E39: 36.0085 | G39: 1011738
A40: =IFERROR(LEFT(RIGHT(C40,LEN(C40)-SEARCH("@",C40)),SEARCH("/",RIGHT(C40,LEN(C40)-SEARCH("@",C40)-1))),"") -> 13 | B40: =LEFT(RIGHT(RIGHT(Tableau46[[#This Row],[file name]],LEN(Tableau46[[#This Row],[file name]])-SEARCH("@",Tableau46[[#This Row],[file name]])),LEN(RIGHT(Tableau46[[#This Row],[file name]],LEN(Tableau46[[#This Row],[file name]])-SEARCH("@",Tableau46[[#This Row],[file name]])))-SEARCH("/",RIGHT(Tableau46[[#This Row],[file name]],LEN(Tableau46[[#This Row],[file name]])-SEARCH("@",Tableau46[[#This Row],[file name]])))),1) -> B | C40: C:\Users\andre\Desktop\REACTIV CEFAS\Cromolyn\Cromolyn/20201202_Cefas_Test8_Run2/Plate 1/@13/B8_02.tif | D40: 28594.7207 | E40: 36.7057 | G40: 1049591
A41: =IFERROR(LEFT(RIGHT(C41,LEN(C41)-SEARCH("@",C41)),SEARCH("/",RIGHT(C41,LEN(C41)-SEARCH("@",C41)-1))),"") -> 13 | B41: =LEFT(RIGHT(RIGHT(Tableau46[[#This Row],[file name]],LEN(Tableau46[[#This Row],[file name]])-SEARCH("@",Tableau46[[#This Row],[file name]])),LEN(RIGHT(Tableau46[[#This Row],[file name]],LEN(Tableau46[[#This Row],[file name]])-SEARCH("@",Tableau46[[#This Row],[file name]])))-SEARCH("/",RIGHT(Tableau46[[#This Row],[file name]],LEN(Tableau46[[#This Row],[file name]])-SEARCH("@",Tableau46[[#This Row],[file name]])))),1) -> B | C41: C:\Users\andre\Desktop\REACTIV CEFAS\Cromolyn\Cromolyn/20201202_Cefas_Test8_Run2/Plate 1/@13/B8_03- exclu.tif
A42: =IFERROR(LEFT(RIGHT(C42,LEN(C42)-SEARCH("@",C42)),SEARCH("/",RIGHT(C42,LEN(C42)-SEARCH("@",C42)-1))),"") -> 13 | B42: =LEFT(RIGHT(RIGHT(Tableau46[[#This Row],[file name]],LEN(Tableau46[[#This Row],[file name]])-SEARCH("@",Tableau46[[#This Row],[file name]])),LEN(RIGHT(Tableau46[[#This Row],[file name]],LEN(Tableau46[[#This Row],[file name]])-SEARCH("@",Tableau46[[#This Row],[file name]])))-SEARCH("/",RIGHT(Tableau46[[#This Row],[file name]],LEN(Tableau46[[#This Row],[file name]])-SEARCH("@",Tableau46[[#This Row],[file name]])))),1) -> C | C42: C:\Users\andre\Desktop\REACTIV CEFAS\Cromolyn\Cromolyn/20201202_Cefas_Test8_Run2/Plate 1/@13/C8_01.tif | D42: 43.2598 | E42: 35 | G42: 1514
A43: =IFERROR(LEFT(RIGHT(C43,LEN(C43)-SEARCH("@",C43)),SEARCH("/",RIGHT(C43,LEN(C43)-SEARCH("@",C43)-1))),"") -> 13 | B43: =LEFT(RIGHT(RIGHT(Tableau46[[#This Row],[file name]],LEN(Tableau46[[#This Row],[file name]])-SEARCH("@",Tableau46[[#This Row],[file name]])),LEN(RIGHT(Tableau46[[#This Row],[file name]],LEN(Tableau46[[#This Row],[file name]])-SEARCH("@",Tableau46[[#This Row],[file name]])))-SEARCH("/",RIGHT(Tableau46[[#This Row],[file name]],LEN(Tableau46[[#This Row],[file name]])-SEARCH("@",Tableau46[[#This Row],[file name]])))),1) -> C | C43: C:\Users\andre\Desktop\REACTIV CEFAS\Cromolyn\Cromolyn/20201202_Cefas_Test8_Run2/Plate 1/@13/C8_02.tif | D43: 108.1495 | E43: 33 | G43: 3569
A44: =IFERROR(LEFT(RIGHT(C44,LEN(C44)-SEARCH("@",C44)),SEARCH("/",RIGHT(C44,LEN(C44)-SEARCH("@",C44)-1))),"") -> 13 | B44: =LEFT(RIGHT(RIGHT(Tableau46[[#This Row],[file name]],LEN(Tableau46[[#This Row],[file name]])-SEARCH("@",Tableau46[[#This Row],[file name]])),LEN(RIGHT(Tableau46[[#This Row],[file name]],LEN(Tableau46[[#This Row],[file name]])-SEARCH("@",Tableau46[[#This Row],[file name]])))-SEARCH("/",RIGHT(Tableau46[[#This Row],[file name]],LEN(Tableau46[[#This Row],[file name]])-SEARCH("@",Tableau46[[#This Row],[file name]])))),1) -> C | C44: C:\Users\andre\Desktop\REACTIV CEFAS\Cromolyn\Cromolyn/20201202_Cefas_Test8_Run2/Plate 1/@13/C8_03.tif | D44: 2400.9183 | E44: 34.6847 | G44: 83275
A45: =IFERROR(LEFT(RIGHT(C45,LEN(C45)-SEARCH("@",C45)),SEARCH("/",RIGHT(C45,LEN(C45)-SEARCH("@",C45)-1))),"") -> 13 | B45: =LEFT(RIGHT(RIGHT(Tableau46[[#This Row],[file name]],LEN(Tableau46[[#This Row],[file name]])-SEARCH("@",Tableau46[[#This Row],[file name]])),LEN(RIGHT(Tableau46[[#This Row],[file name]],LEN(Tableau46[[#This Row],[file name]])-SEARCH("@",Tableau46[[#This Row],[file name]])))-SEARCH("/",RIGHT(Tableau46[[#This Row],[file name]],LEN(Tableau46[[#This Row],[file name]])-SEARCH("@",Tableau46[[#This Row],[file name]])))),1) -> D | C45: C:\Users\andre\Desktop\REACTIV CEFAS\Cromolyn\Cromolyn/20201202_Cefas_Test8_Run2/Plate 1/@13/D8_01.tif | D45: 71465.1719 | E45: 43.8172 | G45: 3131403
A46: =IFERROR(LEFT(RIGHT(C46,LEN(C46)-SEARCH("@",C46)),SEARCH("/",RIGHT(C46,LEN(C46)-SEARCH("@",C46)-1))),"") -> 13 | B46: =LEFT(RIGHT(RIGHT(Tableau46[[#This Row],[file name]],LEN(Tableau46[[#This Row],[file name]])-SEARCH("@",Tableau46[[#This Row],[file name]])),LEN(RIGHT(Tableau46[[#This Row],[file name]],LEN(Tableau46[[#This Row],[file name]])-SEARCH("@",Tableau46[[#This Row],[file name]])))-SEARCH("/",RIGHT(Tableau46[[#This Row],[file name]],LEN(Tableau46[[#This Row],[file name]])-SEARCH("@",Tableau46[[#This Row],[file name]])))),1) -> D | C46: C:\Users\andre\Desktop\REACTIV CEFAS\Cromolyn\Cromolyn/20201202_Cefas_Test8_Run2/Plate 1/@13/D8_02.tif | D46: 58746.7938 | E46: 40.4334 | G46: 2375330
A47: =IFERROR(LEFT(RIGHT(C47,LEN(C47)-SEARCH("@",C47)),SEARCH("/",RIGHT(C47,LEN(C47)-SEARCH("@",C47)-1))),"") -> 13 | B47: =LEFT(RIGHT(RIGHT(Tableau46[[#This Row],[file name]],LEN(Tableau46[[#This Row],[file name]])-SEARCH("@",Tableau46[[#This Row],[file name]])),LEN(RIGHT(Tableau46[[#This Row],[file name]],LEN(Tableau46[[#This Row],[file name]])-SEARCH("@",Tableau46[[#This Row],[file name]])))-SEARCH("/",RIGHT(Tableau46[[#This Row],[file name]],LEN(Tableau46[[#This Row],[file name]])-SEARCH("@",Tableau46[[#This Row],[file name]])))),1) -> D | C47: C:\Users\andre\Desktop\REACTIV CEFAS\Cromolyn\Cromolyn/20201202_Cefas_Test8_Run2/Plate 1/@13/D8_03.tif | D47: 62921.3635 | E47: 45.3606 | G47: 2854151
A48: =IFERROR(LEFT(RIGHT(C48,LEN(C48)-SEARCH("@",C48)),SEARCH("/",RIGHT(C48,LEN(C48)-SEARCH("@",C48)-1))),"") -> 13 | B48: =LEFT(RIGHT(RIGHT(Tableau46[[#This Row],[file name]],LEN(Tableau46[[#This Row],[file name]])-SEARCH("@",Tableau46[[#This Row],[file name]])),LEN(RIGHT(Tableau46[[#This Row],[file name]],LEN(Tableau46[[#This Row],[file name]])-SEARCH("@",Tableau46[[#This Row],[file name]])))-SEARCH("/",RIGHT(Tableau46[[#This Row],[file name]],LEN(Tableau46[[#This Row],[file name]])-SEARCH("@",Tableau46[[#This Row],[file name]])))),1) -> E | C48: C:\Users\andre\Desktop\REACTIV CEFAS\Cromolyn\Cromolyn/20201202_Cefas_Test8_Run2/Plate 1/@13/E8_01.tif | D48: 6856.6766 | E48: 33.3849 | G48: 228909
A49: =IFERROR(LEFT(RIGHT(C49,LEN(C49)-SEARCH("@",C49)),SEARCH("/",RIGHT(C49,LEN(C49)-SEARCH("@",C49)-1))),"") -> 13 | B49: =LEFT(RIGHT(RIGHT(Tableau46[[#This Row],[file name]],LEN(Tableau46[[#This Row],[file name]])-SEARCH("@",Tableau46[[#This Row],[file name]])),LEN(RIGHT(Tableau46[[#This Row],[file name]],LEN(Tableau46[[#This Row],[file name]])-SEARCH("@",Tableau46[[#This Row],[file name]])))-SEARCH("/",RIGHT(Tableau46[[#This Row],[file name]],LEN(Tableau46[[#This Row],[file name]])-SEARCH("@",Tableau46[[#This Row],[file name]])))),1) -> E | C49: C:\Users\andre\Desktop\REACTIV CEFAS\Cromolyn\Cromolyn/20201202_Cefas_Test8_Run2/Plate 1/@13/E8_02.tif | D49: 12999.5667 | E49: 33.3677 | G49: 433766
A50: =IFERROR(LEFT(RIGHT(C50,LEN(C50)-SEARCH("@",C50)),SEARCH("/",RIGHT(C50,LEN(C50)-SEARCH("@",C50)-1))),"") -> 13 | B50: =LEFT(RIGHT(RIGHT(Tableau46[[#This Row],[file name]],LEN(Tableau46[[#This Row],[file name]])-SEARCH("@",Tableau46[[#This Row],[file name]])),LEN(RIGHT(Tableau46[[#This Row],[file name]],LEN(Tableau46[[#This Row],[file name]])-SEARCH("@",Tableau46[[#This Row],[file name]])))-SEARCH("/",RIGHT(Tableau46[[#This Row],[file name]],LEN(Tableau46[[#This Row],[file name]])-SEARCH("@",Tableau46[[#This Row],[file name]])))),1) -> E | C50: C:\Users\andre\Desktop\REACTIV CEFAS\Cromolyn\Cromolyn/20201202_Cefas_Test8_Run2/Plate 1/@13/E8_03- exclu.tif
A51: =IFERROR(LEFT(RIGHT(C51,LEN(C51)-SEARCH("@",C51)),SEARCH("/",RIGHT(C51,LEN(C51)-SEARCH("@",C51)-1))),"") -> 13 | B51: =LEFT(RIGHT(RIGHT(Tableau46[[#This Row],[file name]],LEN(Tableau46[[#This Row],[file name]])-SEARCH("@",Tableau46[[#This Row],[file name]])),LEN(RIGHT(Tableau46[[#This Row],[file name]],LEN(Tableau46[[#This Row],[file name]])-SEARCH("@",Tableau46[[#This Row],[file name]])))-SEARCH("/",RIGHT(Tableau46[[#This Row],[file name]],LEN(Tableau46[[#This Row],[file name]])-SEARCH("@",Tableau46[[#This Row],[file name]])))),1) -> F | C51: C:\Users\andre\Desktop\REACTIV CEFAS\Cromolyn\Cromolyn/20201202_Cefas_Test8_Run2/Plate 1/@13/F8_01.tif | D51: 6791.7869 | E51: 35.1115 | G51: 238470
A52: =IFERROR(LEFT(RIGHT(C52,LEN(C52)-SEARCH("@",C52)),SEARCH("/",RIGHT(C52,LEN(C52)-SEARCH("@",C52)-1))),"") -> 13 | B52: =LEFT(RIGHT(RIGHT(Tableau46[[#This Row],[file name]],LEN(Tableau46[[#This Row],[file name]])-SEARCH("@",Tableau46[[#This Row],[file name]])),LEN(RIGHT(Tableau46[[#This Row],[file name]],LEN(Tableau46[[#This Row],[file name]])-SEARCH("@",Tableau46[[#This Row],[file name]])))-SEARCH("/",RIGHT(Tableau46[[#This Row],[file name]],LEN(Tableau46[[#This Row],[file name]])-SEARCH("@",Tableau46[[#This Row],[file name]])))),1) -> F | C52: C:\Users\andre\Desktop\REACTIV CEFAS\Cromolyn\Cromolyn/20201202_Cefas_Test8_Run2/Plate 1/@13/F8_02.tif | D52: 12804.8976 | E52: 35.6284 | G52: 456218
A53: =IFERROR(LEFT(RIGHT(C53,LEN(C53)-SEARCH("@",C53)),SEARCH("/",RIGHT(C53,LEN(C53)-SEARCH("@",C53)-1))),"") -> 13 | B53: =LEFT(RIGHT(RIGHT(Tableau46[[#This Row],[file name]],LEN(Tableau46[[#This Row],[file name]])-SEARCH("@",Tableau46[[#This Row],[file name]])),LEN(RIGHT(Tableau46[[#This Row],[file name]],LEN(Tableau46[[#This Row],[file name]])-SEARCH("@",Tableau46[[#This Row],[file name]])))-SEARCH("/",RIGHT(Tableau46[[#This Row],[file name]],LEN(Tableau46[[#This Row],[file name]])-SEARCH("@",Tableau46[[#This Row],[file name]])))),1) -> F | C53: C:\Users\andre\Desktop\REACTIV CEFAS\Cromolyn\Cromolyn/20201202_Cefas_Test8_Run2/Plate 1/@13/F8_03.tif | D53: 12134.3709 | E53: 32.4367 | G53: 393599
A54: =IFERROR(LEFT(RIGHT(C54,LEN(C54)-SEARCH("@",C54)),SEARCH("/",RIGHT(C54,LEN(C54)-SEARCH("@",C54)-1))),"") -> 13 | B54: =LEFT(RIGHT(RIGHT(Tableau46[[#This Row],[file name]],LEN(Tableau46[[#This Row],[file name]])-SEARCH("@",Tableau46[[#This Row],[file name]])),LEN(RIGHT(Tableau46[[#This Row],[file name]],LEN(Tableau46[[#This Row],[file name]])-SEARCH("@",Tableau46[[#This Row],[file name]])))-SEARCH("/",RIGHT(Tableau46[[#This Row],[file name]],LEN(Tableau46[[#This Row],[file name]])-SEARCH("@",Tableau46[[#This Row],[file name]])))),1) -> G | C54: C:\Users\andre\Desktop\REACTIV CEFAS\Cromolyn\Cromolyn/20201202_Cefas_Test8_Run2/Plate 1/@13/G8_01.tif | D54: 11961.3317 | E54: 31.6691 | G54: 378804
A55: =IFERROR(LEFT(RIGHT(C55,LEN(C55)-SEARCH("@",C55)),SEARCH("/",RIGHT(C55,LEN(C55)-SEARCH("@",C55)-1))),"") -> 13 | B55: =LEFT(RIGHT(RIGHT(Tableau46[[#This Row],[file name]],LEN(Tableau46[[#This Row],[file name]])-SEARCH("@",Tableau46[[#This Row],[file name]])),LEN(RIGHT(Tableau46[[#This Row],[file name]],LEN(Tableau46[[#This Row],[file name]])-SEARCH("@",Tableau46[[#This Row],[file name]])))-SEARCH("/",RIGHT(Tableau46[[#This Row],[file name]],LEN(Tableau46[[#This Row],[file name]])-SEARCH("@",Tableau46[[#This Row],[file name]])))),1) -> G | C55: C:\Users\andre\Desktop\REACTIV CEFAS\Cromolyn\Cromolyn/20201202_Cefas_Test8_Run2/Plate 1/@13/G8_02- exclu.tif
A56: =IFERROR(LEFT(RIGHT(C56,LEN(C56)-SEARCH("@",C56)),SEARCH("/",RIGHT(C56,LEN(C56)-SEARCH("@",C56)-1))),"") -> 13 | B56: =LEFT(RIGHT(RIGHT(Tableau46[[#This Row],[file name]],LEN(Tableau46[[#This Row],[file name]])-SEARCH("@",Tableau46[[#This Row],[file name]])),LEN(RIGHT(Tableau46[[#This Row],[file name]],LEN(Tableau46[[#This Row],[file name]])-SEARCH("@",Tableau46[[#This Row],[file name]])))-SEARCH("/",RIGHT(Tableau46[[#This Row],[file name]],LEN(Tableau46[[#This Row],[file name]])-SEARCH("@",Tableau46[[#This Row],[file name]])))),1) -> G | C56: C:\Users\andre\Desktop\REACTIV CEFAS\Cromolyn\Cromolyn/20201202_Cefas_Test8_Run2/Plate 1/@13/G8_03- exclu.tif
A57: =IFERROR(LEFT(RIGHT(C57,LEN(C57)-SEARCH("@",C57)),SEARCH("/",RIGHT(C57,LEN(C57)-SEARCH("@",C57)-1))),"") -> 13 | B57: =LEFT(RIGHT(RIGHT(Tableau46[[#This Row],[file name]],LEN(Tableau46[[#This Row],[file name]])-SEARCH("@",Tableau46[[#This Row],[file name]])),LEN(RIGHT(Tableau46[[#This Row],[file name]],LEN(Tableau46[[#This Row],[file name]])-SEARCH("@",Tableau46[[#This Row],[file name]])))-SEARCH("/",RIGHT(Tableau46[[#This Row],[file name]],LEN(Tableau46[[#This Row],[file name]])-SEARCH("@",Tableau46[[#This Row],[file name]])))),1) -> H | C57: C:\Users\andre\Desktop\REACTIV CEFAS\Cromolyn\Cromolyn/20201202_Cefas_Test8_Run2/Plate 1/@13/H8_01.tif | D57: 45509.2983 | E57: 38.4178 | G57: 1748366
A58: =IFERROR(LEFT(RIGHT(C58,LEN(C58)-SEARCH("@",C58)),SEARCH("/",RIGHT(C58,LEN(C58)-SEARCH("@",C58)-1))),"") -> 13 | B58: =LEFT(RIGHT(RIGHT(Tableau46[[#This Row],[file name]],LEN(Tableau46[[#This Row],[file name]])-SEARCH("@",Tableau46[[#This Row],[file name]])),LEN(RIGHT(Tableau46[[#This Row],[file name]],LEN(Tableau46[[#This Row],[file name]])-SEARCH("@",Tableau46[[#This Row],[file name]])))-SEARCH("/",RIGHT(Tableau46[[#This Row],[file name]],LEN(Tableau46[[#This Row],[file name]])-SEARCH("@",Tableau46[[#This Row],[file name]])))),1) -> H | C58: C:\Users\andre\Desktop\REACTIV CEFAS\Cromolyn\Cromolyn/20201202_Cefas_Test8_Run2/Plate 1/@13/H8_02.tif | D58: 40296.4937 | E58: 37.9549 | G58: 1529450
A59: =IFERROR(LEFT(RIGHT(C59,LEN(C59)-SEARCH("@",C59)),SEARCH("/",RIGHT(C59,LEN(C59)-SEARCH("@",C59)-1))),"") -> 13 | B59: =LEFT(RIGHT(RIGHT(Tableau46[[#This Row],[file name]],LEN(Tableau46[[#This Row],[file name]])-SEARCH("@",Tableau46[[#This Row],[file name]])),LEN(RIGHT(Tableau46[[#This Row],[file name]],LEN(Tableau46[[#This Row],[file name]])-SEARCH("@",Tableau46[[#This Row],[file name]])))-SEARCH("/",RIGHT(Tableau46[[#This Row],[file name]],LEN(Tableau46[[#This Row],[file name]])-SEARCH("@",Tableau46[[#This Row],[file name]])))),1) -> H | C59: C:\Users\andre\Desktop\REACTIV CEFAS\Cromolyn\Cromolyn/20201202_Cefas_Test8_Run2/Plate 1/@13/H8_03.tif | D59: 44752.252 | E59: 38.9502 | G59: 1743110
A60: =IFERROR(LEFT(RIGHT(C60,LEN(C60)-SEARCH("@",C60)),SEARCH("/",RIGHT(C60,LEN(C60)-SEARCH("@",C60)-1))),"") | B60: =LEFT(RIGHT(RIGHT(Tableau46[[#This Row],[file name]],LEN(Tableau46[[#This Row],[file name]])-SEARCH("@",Tableau46[[#This Row],[file name]])),LEN(RIGHT(Tableau46[[#This Row],[file name]],LEN(Tableau46[[#This Row],[file name]])-SEARCH("@",Tableau46[[#This Row],[file name]])))-SEARCH("/",RIGHT(Tableau46[[#This Row],[file name]],LEN(Tableau46[[#This Row],[file name]])-SEARCH("@",Tableau46[[#This Row],[file name]])))),1) -> #VALUE!
A61: =IFERROR(LEFT(RIGHT(C61,LEN(C61)-SEARCH("@",C61)),SEARCH("/",RIGHT(C61,LEN(C61)-SEARCH("@",C61)-1))),"") | B61: =LEFT(RIGHT(RIGHT(Tableau46[[#This Row],[file name]],LEN(Tableau46[[#This Row],[file name]])-SEARCH("@",Tableau46[[#This Row],[file name]])),LEN(RIGHT(Tableau46[[#This Row],[file name]],LEN(Tableau46[[#This Row],[file name]])-SEARCH("@",Tableau46[[#This Row],[file name]])))-SEARCH("/",RIGHT(Tableau46[[#This Row],[file name]],LEN(Tableau46[[#This Row],[file name]])-SEARCH("@",Tableau46[[#This Row],[file name]])))),1) -> #VALUE! | C61: group | E61: mean of mean fluo | F61: SD mean fluo | G61: mean of total fluo | H61: SD total fluo
A62: =IFERROR(LEFT(RIGHT(C62,LEN(C62)-SEARCH("@",C62)),SEARCH("/",RIGHT(C62,LEN(C62)-SEARCH("@",C62)-1))),"") -> 13 | B62: =LEFT(RIGHT(RIGHT(Tableau46[[#This Row],[file name]],LEN(Tableau46[[#This Row],[file name]])-SEARCH("@",Tableau46[[#This Row],[file name]])),LEN(RIGHT(Tableau46[[#This Row],[file name]],LEN(Tableau46[[#This Row],[file name]])-SEARCH("@",Tableau46[[#This Row],[file name]])))-SEARCH("/",RIGHT(Tableau46[[#This Row],[file name]],LEN(Tableau46[[#This Row],[file name]])-SEARCH("@",Tableau46[[#This Row],[file name]])))),1) | C62: C:\Users\andre\Desktop\REACTIV CEFAS\Cromolyn\Cromolyn/20201202_Cefas_Test8_Run2/Plate 1/@13/ | E62: 37.6569 | F62: 4.0828 | G62: 1079453.42 | H62: 953487.599
A63: =IFERROR(LEFT(RIGHT(C63,LEN(C63)-SEARCH("@",C63)),SEARCH("/",RIGHT(C63,LEN(C63)-SEARCH("@",C63)-1))),"") | B63: =LEFT(RIGHT(RIGHT(Tableau46[[#This Row],[file name]],LEN(Tableau46[[#This Row],[file name]])-SEARCH("@",Tableau46[[#This Row],[file name]])),LEN(RIGHT(Tableau46[[#This Row],[file name]],LEN(Tableau46[[#This Row],[file name]])-SEARCH("@",Tableau46[[#This Row],[file name]])))-SEARCH("/",RIGHT(Tableau46[[#This Row],[file name]],LEN(Tableau46[[#This Row],[file name]])-SEARCH("@",Tableau46[[#This Row],[file name]])))),1) -> #VALUE!
A64: =IFERROR(LEFT(RIGHT(C64,LEN(C64)-SEARCH("@",C64)),SEARCH("/",RIGHT(C64,LEN(C64)-SEARCH("@",C64)-1))),"") | B64: =LEFT(RIGHT(RIGHT(Tableau46[[#This Row],[file name]],LEN(Tableau46[[#This Row],[file name]])-SEARCH("@",Tableau46[[#This Row],[file name]])),LEN(RIGHT(Tableau46[[#This Row],[file name]],LEN(Tableau46[[#This Row],[file name]])-SEARCH("@",Tableau46[[#This Row],[file name]])))-SEARCH("/",RIGHT(Tableau46[[#This Row],[file name]],LEN(Tableau46[[#This Row],[file name]])-SEARCH("@",Tableau46[[#This Row],[file name]])))),1) -> #VALUE!
A65: =IFERROR(LEFT(RIGHT(C65,LEN(C65)-SEARCH("@",C65)),SEARCH("/",RIGHT(C65,LEN(C65)-SEARCH("@",C65)-1))),"") | B65: =LEFT(RIGHT(RIGHT(Tableau46[[#This Row],[file name]],LEN(Tableau46[[#This Row],[file name]])-SEARCH("@",Tableau46[[#This Row],[file name]])),LEN(RIGHT(Tableau46[[#This Row],[file name]],LEN(Tableau46[[#This Row],[file name]])-SEARCH("@",Tableau46[[#This Row],[file name]])))-SEARCH("/",RIGHT(Tableau46[[#This Row],[file name]],LEN(Tableau46[[#This Row],[file name]])-SEARCH("@",Tableau46[[#This Row],[file name]])))),1) -> #VALUE!
A66: =IFERROR(LEFT(RIGHT(C66,LEN(C66)-SEARCH("@",C66)),SEARCH("/",RIGHT(C66,LEN(C66)-SEARCH("@",C66)-1))),"") | B66: =LEFT(RIGHT(RIGHT(Tableau46[[#This Row],[file name]],LEN(Tableau46[[#This Row],[file name]])-SEARCH("@",Tableau46[[#This Row],[file name]])),LEN(RIGHT(Tableau46[[#This Row],[file name]],LEN(Tableau46[[#This Row],[file name]])-SEARCH("@",Tableau46[[#This Row],[file name]])))-SEARCH("/",RIGHT(Tableau46[[#This Row],[file name]],LEN(Tableau46[[#This Row],[file name]])-SEARCH("@",Tableau46[[#This Row],[file name]])))),1) -> #VALUE!
A67: =IFERROR(LEFT(RIGHT(C67,LEN(C67)-SEARCH("@",C67)),SEARCH("/",RIGHT(C67,LEN(C67)-SEARCH("@",C67)-1))),"") | B67: =LEFT(RIGHT(RIGHT(Tableau46[[#This Row],[file name]],LEN(Tableau46[[#This Row],[file name]])-SEARCH("@",Tableau46[[#This Row],[file name]])),LEN(RIGHT(Tableau46[[#This Row],[file name]],LEN(Tableau46[[#This Row],[file name]])-SEARCH("@",Tableau46[[#This Row],[file name]])))-SEARCH("/",RIGHT(Tableau46[[#This Row],[file name]],LEN(Tableau46[[#This Row],[file name]])-SEARCH("@",Tableau46[[#This Row],[file name]])))),1) -> #VALUE!
A68: =IFERROR(LEFT(RIGHT(C68,LEN(C68)-SEARCH("@",C68)),SEARCH("/",RIGHT(C68,LEN(C68)-SEARCH("@",C68)-1))),"") | B68: =LEFT(RIGHT(RIGHT(Tableau46[[#This Row],[file name]],LEN(Tableau46[[#This Row],[file name]])-SEARCH("@",Tableau46[[#This Row],[file name]])),LEN(RIGHT(Tableau46[[#This Row],[file name]],LEN(Tableau46[[#This Row],[file name]])-SEARCH("@",Tableau46[[#This Row],[file name]])))-SEARCH("/",RIGHT(Tableau46[[#This Row],[file name]],LEN(Tableau46[[#This Row],[file name]])-SEARCH("@",Tableau46[[#This Row],[file name]])))),1) -> #VALUE! | C68: file name | D68: total area | E68: mean intensity | G68: total fluorescence
A69: =IFERROR(LEFT(RIGHT(C69,LEN(C69)-SEARCH("@",C69)),SEARCH("/",RIGHT(C69,LEN(C69)-SEARCH("@",C69)-1))),"") -> 14 | B69: =LEFT(RIGHT(RIGHT(Tableau46[[#This Row],[file name]],LEN(Tableau46[[#This Row],[file name]])-SEARCH("@",Tableau46[[#This Row],[file name]])),LEN(RIGHT(Tableau46[[#This Row],[file name]],LEN(Tableau46[[#This Row],[file name]])-SEARCH("@",Tableau46[[#This Row],[file name]])))-SEARCH("/",RIGHT(Tableau46[[#This Row],[file name]],LEN(Tableau46[[#This Row],[file name]])-SEARCH("@",Tableau46[[#This Row],[file name]])))),1) -> A | C69: C:\Users\andre\Desktop\REACTIV CEFAS\Cromolyn\Cromolyn/20201202_Cefas_Test8_Run2/Plate 1/@14/A9_01.tif | D69: 40815.6112 | E69: 37.2353 | G69: 1519781
A70: =IFERROR(LEFT(RIGHT(C70,LEN(C70)-SEARCH("@",C70)),SEARCH("/",RIGHT(C70,LEN(C70)-SEARCH("@",C70)-1))),"") -> 14 | B70: =LEFT(RIGHT(RIGHT(Tableau46[[#This Row],[file name]],LEN(Tableau46[[#This Row],[file name]])-SEARCH("@",Tableau46[[#This Row],[file name]])),LEN(RIGHT(Tableau46[[#This Row],[file name]],LEN(Tableau46[[#This Row],[file name]])-SEARCH("@",Tableau46[[#This Row],[file name]])))-SEARCH("/",RIGHT(Tableau46[[#This Row],[file name]],LEN(Tableau46[[#This Row],[file name]])-SEARCH("@",Tableau46[[#This Row],[file name]])))),1) -> A | C70: C:\Users\andre\Desktop\REACTIV CEFAS\Cromolyn\Cromolyn/20201202_Cefas_Test8_Run2/Plate 1/@14/A9_02.tif | D70: 54031.4768 | E70: 42.4992 | G70: 2296295
A71: =IFERROR(LEFT(RIGHT(C71,LEN(C71)-SEARCH("@",C71)),SEARCH("/",RIGHT(C71,LEN(C71)-SEARCH("@",C71)-1))),"") -> 14 | B71: =LEFT(RIGHT(RIGHT(Tableau46[[#This Row],[file name]],LEN(Tableau46[[#This Row],[file name]])-SEARCH("@",Tableau46[[#This Row],[file name]])),LEN(RIGHT(Tableau46[[#This Row],[file name]],LEN(Tableau46[[#This Row],[file name]])-SEARCH("@",Tableau46[[#This Row],[file name]])))-SEARCH("/",RIGHT(Tableau46[[#This Row],[file name]],LEN(Tableau46[[#This Row],[file name]])-SEARCH("@",Tableau46[[#This Row],[file name]])))),1) -> A | C71: C:\Users\andre\Desktop\REACTIV CEFAS\Cromolyn\Cromolyn/20201202_Cefas_Test8_Run2/Plate 1/@14/A9_03.tif | D71: 51306.1101 | E71: 42.3187 | G71: 2171209
A72: =IFERROR(LEFT(RIGHT(C72,LEN(C72)-SEARCH("@",C72)),SEARCH("/",RIGHT(C72,LEN(C72)-SEARCH("@",C72)-1))),"") -> 14 | B72: =LEFT(RIGHT(RIGHT(Tableau46[[#This Row],[file name]],LEN(Tableau46[[#This Row],[file name]])-SEARCH("@",Tableau46[[#This Row],[file name]])),LEN(RIGHT(Tableau46[[#This Row],[file name]],LEN(Tableau46[[#This Row],[file name]])-SEARCH("@",Tableau46[[#This Row],[file name]])))-SEARCH("/",RIGHT(Tableau46[[#This Row],[file name]],LEN(Tableau46[[#This Row],[file name]])-SEARCH("@",Tableau46[[#This Row],[file name]])))),1) -> B | C72: C:\Users\andre\Desktop\REACTIV CEFAS\Cromolyn\Cromolyn/20201202_Cefas_Test8_Run2/Plate 1/@14/B9_01.tif | D72: 50051.5762 | E72: 37.4166 | G72: 1872760
A73: =IFERROR(LEFT(RIGHT(C73,LEN(C73)-SEARCH("@",C73)),SEARCH("/",RIGHT(C73,LEN(C73)-SEARCH("@",C73)-1))),"") -> 14 | B73: =LEFT(RIGHT(RIGHT(Tableau46[[#This Row],[file name]],LEN(Tableau46[[#This Row],[file name]])-SEARCH("@",Tableau46[[#This Row],[file name]])),LEN(RIGHT(Tableau46[[#This Row],[file name]],LEN(Tableau46[[#This Row],[file name]])-SEARCH("@",Tableau46[[#This Row],[file name]])))-SEARCH("/",RIGHT(Tableau46[[#This Row],[file name]],LEN(Tableau46[[#This Row],[file name]])-SEARCH("@",Tableau46[[#This Row],[file name]])))),1) -> B | C73: C:\Users\andre\Desktop\REACTIV CEFAS\Cromolyn\Cromolyn/20201202_Cefas_Test8_Run2/Plate 1/@14/B9_02.tif | D73: 38782.4011 | E73: 35.6665 | G73: 1383232
A74: =IFERROR(LEFT(RIGHT(C74,LEN(C74)-SEARCH("@",C74)),SEARCH("/",RIGHT(C74,LEN(C74)-SEARCH("@",C74)-1))),"") -> 14 | B74: =LEFT(RIGHT(RIGHT(Tableau46[[#This Row],[file name]],LEN(Tableau46[[#This Row],[file name]])-SEARCH("@",Tableau46[[#This Row],[file name]])),LEN(RIGHT(Tableau46[[#This Row],[file name]],LEN(Tableau46[[#This Row],[file name]])-SEARCH("@",Tableau46[[#This Row],[file name]])))-SEARCH("/",RIGHT(Tableau46[[#This Row],[file name]],LEN(Tableau46[[#This Row],[file name]])-SEARCH("@",Tableau46[[#This Row],[file name]])))),1) -> B | C74: C:\Users\andre\Desktop\REACTIV CEFAS\Cromolyn\Cromolyn/20201202_Cefas_Test8_Run2/Plate 1/@14/B9_03.tif | D74: 32379.9523 | E74: 34.8437 | G74: 1128237
A75: =IFERROR(LEFT(RIGHT(C75,LEN(C75)-SEARCH("@",C75)),SEARCH("/",RIGHT(C75,LEN(C75)-SEARCH("@",C75)-1))),"") -> 14 | B75: =LEFT(RIGHT(RIGHT(Tableau46[[#This Row],[file name]],LEN(Tableau46[[#This Row],[file name]])-SEARCH("@",Tableau46[[#This Row],[file name]])),LEN(RIGHT(Tableau46[[#This Row],[file name]],LEN(Tableau46[[#This Row],[file name]])-SEARCH("@",Tableau46[[#This Row],[file name]])))-SEARCH("/",RIGHT(Tableau46[[#This Row],[file name]],LEN(Tableau46[[#This Row],[file name]])-SEARCH("@",Tableau46[[#This Row],[file name]])))),1) -> C | C75: C:\Users\andre\Desktop\REACTIV CEFAS\Cromolyn\Cromolyn/20201202_Cefas_Test8_Run2/Plate 1/@14/C9_01.tif | D75: 30281.8525 | E75: 37.925 | G75: 1148439
A76: =IFERROR(LEFT(RIGHT(C76,LEN(C76)-SEARCH("@",C76)),SEARCH("/",RIGHT(C76,LEN(C76)-SEARCH("@",C76)-1))),"") -> 14 | B76: =LEFT(RIGHT(RIGHT(Tableau46[[#This Row],[file name]],LEN(Tableau46[[#This Row],[file name]])-SEARCH("@",Tableau46[[#This Row],[file name]])),LEN(RIGHT(Tableau46[[#This Row],[file name]],LEN(Tableau46[[#This Row],[file name]])-SEARCH("@",Tableau46[[#This Row],[file name]])))-SEARCH("/",RIGHT(Tableau46[[#This Row],[file name]],LEN(Tableau46[[#This Row],[file name]])-SEARCH("@",Tableau46[[#This Row],[file name]])))),1) -> C | C76: C:\Users\andre\Desktop\REACTIV CEFAS\Cromolyn\Cromolyn/20201202_Cefas_Test8_Run2/Plate 1/@14/C9_02- exclu.tif
A77: =IFERROR(LEFT(RIGHT(C77,LEN(C77)-SEARCH("@",C77)),SEARCH("/",RIGHT(C77,LEN(C77)-SEARCH("@",C77)-1))),"") -> 14 | B77: =LEFT(RIGHT(RIGHT(Tableau46[[#This Row],[file name]],LEN(Tableau46[[#This Row],[file name]])-SEARCH("@",Tableau46[[#This Row],[file name]])),LEN(RIGHT(Tableau46[[#This Row],[file name]],LEN(Tableau46[[#This Row],[file name]])-SEARCH("@",Tableau46[[#This Row],[file name]])))-SEARCH("/",RIGHT(Tableau46[[#This Row],[file name]],LEN(Tableau46[[#This Row],[file name]])-SEARCH("@",Tableau46[[#This Row],[file name]])))),1) -> C | C77: C:\Users\andre\Desktop\REACTIV CEFAS\Cromolyn\Cromolyn/20201202_Cefas_Test8_Run2/Plate 1/@14/C9_03- exclu.tif
A78: =IFERROR(LEFT(RIGHT(C78,LEN(C78)-SEARCH("@",C78)),SEARCH("/",RIGHT(C78,LEN(C78)-SEARCH("@",C78)-1))),"") -> 14 | B78: =LEFT(RIGHT(RIGHT(Tableau46[[#This Row],[file name]],LEN(Tableau46[[#This Row],[file name]])-SEARCH("@",Tableau46[[#This Row],[file name]])),LEN(RIGHT(Tableau46[[#This Row],[file name]],LEN(Tableau46[[#This Row],[file name]])-SEARCH("@",Tableau46[[#This Row],[file name]])))-SEARCH("/",RIGHT(Tableau46[[#This Row],[file name]],LEN(Tableau46[[#This Row],[file name]])-SEARCH("@",Tableau46[[#This Row],[file name]])))),1) -> D | C78: C:\Users\andre\Desktop\REACTIV CEFAS\Cromolyn\Cromolyn/20201202_Cefas_Test8_Run2/Plate 1/@14/D9_01.tif | D78: 45249.7396 | E78: 34.9221 | G78: 1580215
A79: =IFERROR(LEFT(RIGHT(C79,LEN(C79)-SEARCH("@",C79)),SEARCH("/",RIGHT(C79,LEN(C79)-SEARCH("@",C79)-1))),"") -> 14 | B79: =LEFT(RIGHT(RIGHT(Tableau46[[#This Row],[file name]],LEN(Tableau46[[#This Row],[file name]])-SEARCH("@",Tableau46[[#This Row],[file name]])),LEN(RIGHT(Tableau46[[#This Row],[file name]],LEN(Tableau46[[#This Row],[file name]])-SEARCH("@",Tableau46[[#This Row],[file name]])))-SEARCH("/",RIGHT(Tableau46[[#This Row],[file name]],LEN(Tableau46[[#This Row],[file name]])-SEARCH("@",Tableau46[[#This Row],[file name]])))),1) -> D | C79: C:\Users\andre\Desktop\REACTIV CEFAS\Cromolyn\Cromolyn/20201202_Cefas_Test8_Run2/Plate 1/@14/D9_02.tif | D79: 53123.0212 | E79: 38.658 | G79: 2053629
A80: =IFERROR(LEFT(RIGHT(C80,LEN(C80)-SEARCH("@",C80)),SEARCH("/",RIGHT(C80,LEN(C80)-SEARCH("@",C80)-1))),"") -> 14 | B80: =LEFT(RIGHT(RIGHT(Tableau46[[#This Row],[file name]],LEN(Tableau46[[#This Row],[file name]])-SEARCH("@",Tableau46[[#This Row],[file name]])),LEN(RIGHT(Tableau46[[#This Row],[file name]],LEN(Tableau46[[#This Row],[file name]])-SEARCH("@",Tableau46[[#This Row],[file name]])))-SEARCH("/",RIGHT(Tableau46[[#This Row],[file name]],LEN(Tableau46[[#This Row],[file name]])-SEARCH("@",Tableau46[[#This Row],[file name]])))),1) -> D | C80: C:\Users\andre\Desktop\REACTIV CEFAS\Cromolyn\Cromolyn/20201202_Cefas_Test8_Run2/Plate 1/@14/D9_03.tif | D80: 41745.6966 | E80: 35.2922 | G80: 1473299
A81: =IFERROR(LEFT(RIGHT(C81,LEN(C81)-SEARCH("@",C81)),SEARCH("/",RIGHT(C81,LEN(C81)-SEARCH("@",C81)-1))),"") -> 14 | B81: =LEFT(RIGHT(RIGHT(Tableau46[[#This Row],[file name]],LEN(Tableau46[[#This Row],[file name]])-SEARCH("@",Tableau46[[#This Row],[file name]])),LEN(RIGHT(Tableau46[[#This Row],[file name]],LEN(Tableau46[[#This Row],[file name]])-SEARCH("@",Tableau46[[#This Row],[file name]])))-SEARCH("/",RIGHT(Tableau46[[#This Row],[file name]],LEN(Tableau46[[#This Row],[file name]])-SEARCH("@",Tableau46[[#This Row],[file name]])))),1) -> E | C81: C:\Users\andre\Desktop\REACTIV CEFAS\Cromolyn\Cromolyn/20201202_Cefas_Test8_Run2/Plate 1/@14/E9_01.tif | D81: 14665.0686 | E81: 32.9484 | G81: 483190
A82: =IFERROR(LEFT(RIGHT(C82,LEN(C82)-SEARCH("@",C82)),SEARCH("/",RIGHT(C82,LEN(C82)-SEARCH("@",C82)-1))),"") -> 14 | B82: =LEFT(RIGHT(RIGHT(Tableau46[[#This Row],[file name]],LEN(Tableau46[[#This Row],[file name]])-SEARCH("@",Tableau46[[#This Row],[file name]])),LEN(RIGHT(Tableau46[[#This Row],[file name]],LEN(Tableau46[[#This Row],[file name]])-SEARCH("@",Tableau46[[#This Row],[file name]])))-SEARCH("/",RIGHT(Tableau46[[#This Row],[file name]],LEN(Tableau46[[#This Row],[file name]])-SEARCH("@",Tableau46[[#This Row],[file name]])))),1) -> E | C82: C:\Users\andre\Desktop\REACTIV CEFAS\Cromolyn\Cromolyn/20201202_Cefas_Test8_Run2/Plate 1/@14/E9_02.tif | D82: 26669.6601 | E82: 34.4704 | G82: 919314
A83: =IFERROR(LEFT(RIGHT(C83,LEN(C83)-SEARCH("@",C83)),SEARCH("/",RIGHT(C83,LEN(C83)-SEARCH("@",C83)-1))),"") -> 14 | B83: =LEFT(RIGHT(RIGHT(Tableau46[[#This Row],[file name]],LEN(Tableau46[[#This Row],[file name]])-SEARCH("@",Tableau46[[#This Row],[file name]])),LEN(RIGHT(Tableau46[[#This Row],[file name]],LEN(Tableau46[[#This Row],[file name]])-SEARCH("@",Tableau46[[#This Row],[file name]])))-SEARCH("/",RIGHT(Tableau46[[#This Row],[file name]],LEN(Tableau46[[#This Row],[file name]])-SEARCH("@",Tableau46[[#This Row],[file name]])))),1) -> E | C83: C:\Users\andre\Desktop\REACTIV CEFAS\Cromolyn\Cromolyn/20201202_Cefas_Test8_Run2/Plate 1/@14/E9_03.tif | D83: 19964.3927 | E83: 33.3608 | G83: 666028
A84: =IFERROR(LEFT(RIGHT(C84,LEN(C84)-SEARCH("@",C84)),SEARCH("/",RIGHT(C84,LEN(C84)-SEARCH("@",C84)-1))),"") -> 14 | B84: =LEFT(RIGHT(RIGHT(Tableau46[[#This Row],[file name]],LEN(Tableau46[[#This Row],[file name]])-SEARCH("@",Tableau46[[#This Row],[file name]])),LEN(RIGHT(Tableau46[[#This Row],[file name]],LEN(Tableau46[[#This Row],[file name]])-SEARCH("@",Tableau46[[#This Row],[file name]])))-SEARCH("/",RIGHT(Tableau46[[#This Row],[file name]],LEN(Tableau46[[#This Row],[file name]])-SEARCH("@",Tableau46[[#This Row],[file name]])))),1) -> F | C84: C:\Users\andre\Desktop\REACTIV CEFAS\Cromolyn\Cromolyn/20201202_Cefas_Test8_Run2/Plate 1/@14/F9_01.tif | D84: 43281.4192 | E84: 40.1344 | G84: 1737075
A85: =IFERROR(LEFT(RIGHT(C85,LEN(C85)-SEARCH("@",C85)),SEARCH("/",RIGHT(C85,LEN(C85)-SEARCH("@",C85)-1))),"") -> 14 | B85: =LEFT(RIGHT(RIGHT(Tableau46[[#This Row],[file name]],LEN(Tableau46[[#This Row],[file name]])-SEARCH("@",Tableau46[[#This Row],[file name]])),LEN(RIGHT(Tableau46[[#This Row],[file name]],LEN(Tableau46[[#This Row],[file name]])-SEARCH("@",Tableau46[[#This Row],[file name]])))-SEARCH("/",RIGHT(Tableau46[[#This Row],[file name]],LEN(Tableau46[[#This Row],[file name]])-SEARCH("@",Tableau46[[#This Row],[file name]])))),1) -> F | C85: C:\Users\andre\Desktop\REACTIV CEFAS\Cromolyn\Cromolyn/20201202_Cefas_Test8_Run2/Plate 1/@14/F9_02.tif | D85: 47672.2878 | E85: 41.4723 | G85: 1977081
A86: =IFERROR(LEFT(RIGHT(C86,LEN(C86)-SEARCH("@",C86)),SEARCH("/",RIGHT(C86,LEN(C86)-SEARCH("@",C86)-1))),"") -> 14 | B86: =LEFT(RIGHT(RIGHT(Tableau46[[#This Row],[file name]],LEN(Tableau46[[#This Row],[file name]])-SEARCH("@",Tableau46[[#This Row],[file name]])),LEN(RIGHT(Tableau46[[#This Row],[file name]],LEN(Tableau46[[#This Row],[file name]])-SEARCH("@",Tableau46[[#This Row],[file name]])))-SEARCH("/",RIGHT(Tableau46[[#This Row],[file name]],LEN(Tableau46[[#This Row],[file name]])-SEARCH("@",Tableau46[[#This Row],[file name]])))),1) -> F | C86: C:\Users\andre\Desktop\REACTIV CEFAS\Cromolyn\Cromolyn/20201202_Cefas_Test8_Run2/Plate 1/@14/F9_03.tif | D86: 43216.5295 | E86: 37.7492 | G86: 1631392
A87: =IFERROR(LEFT(RIGHT(C87,LEN(C87)-SEARCH("@",C87)),SEARCH("/",RIGHT(C87,LEN(C87)-SEARCH("@",C87)-1))),"") -> 14 | B87: =LEFT(RIGHT(RIGHT(Tableau46[[#This Row],[file name]],LEN(Tableau46[[#This Row],[file name]])-SEARCH("@",Tableau46[[#This Row],[file name]])),LEN(RIGHT(Tableau46[[#This Row],[file name]],LEN(Tableau46[[#This Row],[file name]])-SEARCH("@",Tableau46[[#This Row],[file name]])))-SEARCH("/",RIGHT(Tableau46[[#This Row],[file name]],LEN(Tableau46[[#This Row],[file name]])-SEARCH("@",Tableau46[[#This Row],[file name]])))),1) -> G | C87: C:\Users\andre\Desktop\REACTIV CEFAS\Cromolyn\Cromolyn/20201202_Cefas_Test8_Run2/Plate 1/@14/G9_01- exclu.tif
A88: =IFERROR(LEFT(RIGHT(C88,LEN(C88)-SEARCH("@",C88)),SEARCH("/",RIGHT(C88,LEN(C88)-SEARCH("@",C88)-1))),"") -> 14 | B88: =LEFT(RIGHT(RIGHT(Tableau46[[#This Row],[file name]],LEN(Tableau46[[#This Row],[file name]])-SEARCH("@",Tableau46[[#This Row],[file name]])),LEN(RIGHT(Tableau46[[#This Row],[file name]],LEN(Tableau46[[#This Row],[file name]])-SEARCH("@",Tableau46[[#This Row],[file name]])))-SEARCH("/",RIGHT(Tableau46[[#This Row],[file name]],LEN(Tableau46[[#This Row],[file name]])-SEARCH("@",Tableau46[[#This Row],[file name]])))),1) -> G | C88: C:\Users\andre\Desktop\REACTIV CEFAS\Cromolyn\Cromolyn/20201202_Cefas_Test8_Run2/Plate 1/@14/G9_02.tif | D88: 9884.8618 | E88: 37.8512 | G88: 374154
A89: =IFERROR(LEFT(RIGHT(C89,LEN(C89)-SEARCH("@",C89)),SEARCH("/",RIGHT(C89,LEN(C89)-SEARCH("@",C89)-1))),"") -> 14 | B89: =LEFT(RIGHT(RIGHT(Tableau46[[#This Row],[file name]],LEN(Tableau46[[#This Row],[file name]])-SEARCH("@",Tableau46[[#This Row],[file name]])),LEN(RIGHT(Tableau46[[#This Row],[file name]],LEN(Tableau46[[#This Row],[file name]])-SEARCH("@",Tableau46[[#This Row],[file name]])))-SEARCH("/",RIGHT(Tableau46[[#This Row],[file name]],LEN(Tableau46[[#This Row],[file name]])-SEARCH("@",Tableau46[[#This Row],[file name]])))),1) -> G | C89: C:\Users\andre\Desktop\REACTIV CEFAS\Cromolyn\Cromolyn/20201202_Cefas_Test8_Run2/Plate 1/@14/G9_03.tif | D89: 19380.3856 | E89: 34.3605 | G89: 665920
A90: =IFERROR(LEFT(RIGHT(C90,LEN(C90)-SEARCH("@",C90)),SEARCH("/",RIGHT(C90,LEN(C90)-SEARCH("@",C90)-1))),"") -> 14 | B90: =LEFT(RIGHT(RIGHT(Tableau46[[#This Row],[file name]],LEN(Tableau46[[#This Row],[file name]])-SEARCH("@",Tableau46[[#This Row],[file name]])),LEN(RIGHT(Tableau46[[#This Row],[file name]],LEN(Tableau46[[#This Row],[file name]])-SEARCH("@",Tableau46[[#This Row],[file name]])))-SEARCH("/",RIGHT(Tableau46[[#This Row],[file name]],LEN(Tableau46[[#This Row],[file name]])-SEARCH("@",Tableau46[[#This Row],[file name]])))),1) -> H | C90: C:\Users\andre\Desktop\REACTIV CEFAS\Cromolyn\Cromolyn/20201202_Cefas_Test8_Run2/Plate 1/@14/H9_01- exclu.tif
A91: =IFERROR(LEFT(RIGHT(C91,LEN(C91)-SEARCH("@",C91)),SEARCH("/",RIGHT(C91,LEN(C91)-SEARCH("@",C91)-1))),"") -> 14 | B91: =LEFT(RIGHT(RIGHT(Tableau46[[#This Row],[file name]],LEN(Tableau46[[#This Row],[file name]])-SEARCH("@",Tableau46[[#This Row],[file name]])),LEN(RIGHT(Tableau46[[#This Row],[file name]],LEN(Tableau46[[#This Row],[file name]])-SEARCH("@",Tableau46[[#This Row],[file name]])))-SEARCH("/",RIGHT(Tableau46[[#This Row],[file name]],LEN(Tableau46[[#This Row],[file name]])-SEARCH("@",Tableau46[[#This Row],[file name]])))),1) -> H | C91: C:\Users\andre\Desktop\REACTIV CEFAS\Cromolyn\Cromolyn/20201202_Cefas_Test8_Run2/Plate 1/@14/H9_02- exclu.tif
A92: =IFERROR(LEFT(RIGHT(C92,LEN(C92)-SEARCH("@",C92)),SEARCH("/",RIGHT(C92,LEN(C92)-SEARCH("@",C92)-1))),"") -> 14 | B92: =LEFT(RIGHT(RIGHT(Tableau46[[#This Row],[file name]],LEN(Tableau46[[#This Row],[file name]])-SEARCH("@",Tableau46[[#This Row],[file name]])),LEN(RIGHT(Tableau46[[#This Row],[file name]],LEN(Tableau46[[#This Row],[file name]])-SEARCH("@",Tableau46[[#This Row],[file name]])))-SEARCH("/",RIGHT(Tableau46[[#This Row],[file name]],LEN(Tableau46[[#This Row],[file name]])-SEARCH("@",Tableau46[[#This Row],[file name]])))),1) -> H | C92: C:\Users\andre\Desktop\REACTIV CEFAS\Cromolyn\Cromolyn/20201202_Cefas_Test8_Run2/Plate 1/@14/H9_03- exclu.tif
A93: =IFERROR(LEFT(RIGHT(C93,LEN(C93)-SEARCH("@",C93)),SEARCH("/",RIGHT(C93,LEN(C93)-SEARCH("@",C93)-1))),"") | B93: =LEFT(RIGHT(RIGHT(Tableau46[[#This Row],[file name]],LEN(Tableau46[[#This Row],[file name]])-SEARCH("@",Tableau46[[#This Row],[file name]])),LEN(RIGHT(Tableau46[[#This Row],[file name]],LEN(Tableau46[[#This Row],[file name]])-SEARCH("@",Tableau46[[#This Row],[file name]])))-SEARCH("/",RIGHT(Tableau46[[#This Row],[file name]],LEN(Tableau46[[#This Row],[file name]])-SEARCH("@",Tableau46[[#This Row],[file name]])))),1) -> #VALUE!
A94: =IFERROR(LEFT(RIGHT(C94,LEN(C94)-SEARCH("@",C94)),SEARCH("/",RIGHT(C94,LEN(C94)-SEARCH("@",C94)-1))),"") | B94: =LEFT(RIGHT(RIGHT(Tableau46[[#This Row],[file name]],LEN(Tableau46[[#This Row],[file name]])-SEARCH("@",Tableau46[[#This Row],[file name]])),LEN(RIGHT(Tableau46[[#This Row],[file name]],LEN(Tableau46[[#This Row],[file name]])-SEARCH("@",Tableau46[[#This Row],[file name]])))-SEARCH("/",RIGHT(Tableau46[[#This Row],[file name]],LEN(Tableau46[[#This Row],[file name]])-SEARCH("@",Tableau46[[#This Row],[file name]])))),1) -> #VALUE! | C94: group | E94: mean of mean fluo | F94: SD mean fluo | G94: mean of total fluo | H94: SD total fluo
A95: =IFERROR(LEFT(RIGHT(C95,LEN(C95)-SEARCH("@",C95)),SEARCH("/",RIGHT(C95,LEN(C95)-SEARCH("@",C95)-1))),"") -> 14 | B95: =LEFT(RIGHT(RIGHT(Tableau46[[#This Row],[file name]],LEN(Tableau46[[#This Row],[file name]])-SEARCH("@",Tableau46[[#This Row],[file name]])),LEN(RIGHT(Tableau46[[#This Row],[file name]],LEN(Tableau46[[#This Row],[file name]])-SEARCH("@",Tableau46[[#This Row],[file name]])))-SEARCH("/",RIGHT(Tableau46[[#This Row],[file name]],LEN(Tableau46[[#This Row],[file name]])-SEARCH("@",Tableau46[[#This Row],[file name]])))),1) | C95: C:\Users\andre\Desktop\REACTIV CEFAS\Cromolyn\Cromolyn/20201202_Cefas_Test8_Run2/Plate 1/@14/ | E95: 34.107 | F95: 10.8395 | G95: 1184338.71 | H95: 693196.339
A96: =IFERROR(LEFT(RIGHT(C96,LEN(C96)-SEARCH("@",C96)),SEARCH("/",RIGHT(C96,LEN(C96)-SEARCH("@",C96)-1))),"") | B96: =LEFT(RIGHT(RIGHT(Tableau46[[#This Row],[file name]],LEN(Tableau46[[#This Row],[file name]])-SEARCH("@",Tableau46[[#This Row],[file name]])),LEN(RIGHT(Tableau46[[#This Row],[file name]],LEN(Tableau46[[#This Row],[file name]])-SEARCH("@",Tableau46[[#This Row],[file name]])))-SEARCH("/",RIGHT(Tableau46[[#This Row],[file name]],LEN(Tableau46[[#This Row],[file name]])-SEARCH("@",Tableau46[[#This Row],[file name]])))),1) -> #VALUE!
A97: =IFERROR(LEFT(RIGHT(C97,LEN(C97)-SEARCH("@",C97)),SEARCH("/",RIGHT(C97,LEN(C97)-SEARCH("@",C97)-1))),"") | B97: =LEFT(RIGHT(RIGHT(Tableau46[[#This Row],[file name]],LEN(Tableau46[[#This Row],[file name]])-SEARCH("@",Tableau46[[#This Row],[file name]])),LEN(RIGHT(Tableau46[[#This Row],[file name]],LEN(Tableau46[[#This Row],[file name]])-SEARCH("@",Tableau46[[#This Row],[file name]])))-SEARCH("/",RIGHT(Tableau46[[#This Row],[file name]],LEN(Tableau46[[#This Row],[file name]])-SEARCH("@",Tableau46[[#This Row],[file name]])))),1) -> #VALUE!
A98: =IFERROR(LEFT(RIGHT(C98,LEN(C98)-SEARCH("@",C98)),SEARCH("/",RIGHT(C98,LEN(C98)-SEARCH("@",C98)-1))),"") | B98: =LEFT(RIGHT(RIGHT(Tableau46[[#This Row],[file name]],LEN(Tableau46[[#This Row],[file name]])-SEARCH("@",Tableau46[[#This Row],[file name]])),LEN(RIGHT(Tableau46[[#This Row],[file name]],LEN(Tableau46[[#This Row],[file name]])-SEARCH("@",Tableau46[[#This Row],[file name]])))-SEARCH("/",RIGHT(Tableau46[[#This Row],[file name]],LEN(Tableau46[[#This Row],[file name]])-SEARCH("@",Tableau46[[#This Row],[file name]])))),1) -> #VALUE!
A99: =IFERROR(LEFT(RIGHT(C99,LEN(C99)-SEARCH("@",C99)),SEARCH("/",RIGHT(C99,LEN(C99)-SEARCH("@",C99)-1))),"") | B99: =LEFT(RIGHT(RIGHT(Tableau46[[#This Row],[file name]],LEN(Tableau46[[#This Row],[file name]])-SEARCH("@",Tableau46[[#This Row],[file name]])),LEN(RIGHT(Tableau46[[#This Row],[file name]],LEN(Tableau46[[#This Row],[file name]])-SEARCH("@",Tableau46[[#This Row],[file name]])))-SEARCH("/",RIGHT(Tableau46[[#This Row],[file name]],LEN(Tableau46[[#This Row],[file name]])-SEARCH("@",Tableau46[[#This Row],[file name]])))),1) -> #VALUE!
A100: =IFERROR(LEFT(RIGHT(C100,LEN(C100)-SEARCH("@",C100)),SEARCH("/",RIGHT(C100,LEN(C100)-SEARCH("@",C100)-1))),"") | B100: =LEFT(RIGHT(RIGHT(Tableau46[[#This Row],[file name]],LEN(Tableau46[[#This Row],[file name]])-SEARCH("@",Tableau46[[#This Row],[file name]])),LEN(RIGHT(Tableau46[[#This Row],[file name]],LEN(Tableau46[[#This Row],[file name]])-SEARCH("@",Tableau46[[#This Row],[file name]])))-SEARCH("/",RIGHT(Tableau46[[#This Row],[file name]],LEN(Tableau46[[#This Row],[file name]])-SEARCH("@",Tableau46[[#This Row],[file name]])))),1) -> #VALUE!
...

Sheet R2
A1: 6. Expérimentateur 2 : copier et coller les valeurs des intensités totales de fluorescences obtenues dans le fichier raw data lors du traitement des images. Ne pas supprimer les colonnes correspondant aux concentrations non lues.
A3: R2 | B3: Non dopé | O3: avec testo
A4: Noms des groupes | B4: ='Page de garde'!A7 -> Témoin solvant | C4: ='Page de garde'!A9 -> EE2-33,8ng/L | D4: ='Page de garde'!A10 -> EE2-50,6ng/L | E4: ='Page de garde'!A11 -> EE2-76ng/L | F4: ='Page de garde'!A12 -> EE2-114ng/L | G4: ='Page de garde'!A13 -> EE2-170,9ng/L | H4: ='Page de garde'!A14 -> EE2-488ng/L | I4: ='Page de garde'!A15 -> CRO-0.1µg/L | J4: ='Page de garde'!A16 -> CRO-1µg/L | K4: ='Page de garde'!A17 -> CRO-10µg/L | L4: ='Page de garde'!A18 -> CRO-100µg/L | M4: ='Page de garde'!A19 -> CRO-1000µg/L | O4: ='Page de garde'!A36 -> Testo -30µg/L | P4: ='Page de garde'!A37 -> Testo 30µg/L + EE2 -64ng/L | Q4: ='Page de garde'!A38 -> Testo 30µg/L + FAD-10mg/L | R4: ='Page de garde'!A39 -> CRO-0,1µg/L + Testostérone | S4: ='Page de garde'!A40 -> CRO-1µg/L + Testostérone | T4: ='Page de garde'!A41 -> CRO-10µg/L + Testostérone | U4: ='Page de garde'!A42 -> CRO-100µg/L + Testostérone | V4: ='Page de garde'!A43 -> CRO-1000µg/L + Testostérone
A5: Données brutes | B5: 18118.667 | C5: 94472.333 | E5: 277785.67 | F5: 1405950.3 | G5: 3238918 | H5: 3124344.3 | I5: 17455.333 | J5: 172790.5 | K5: 0 | M5: 240423.33 | O5: 2048668.3 | P5: 2920944.3 | Q5: 128582.67 | R5: 1421206.7 | S5: 1476413.3 | T5: 82258.667 | U5: 1399678 | V5: 770680.33
B6: 8197.6667 | C6: 125850 | D6: 95481.667 | E6: 2153807.5 | F6: 2301046 | G6: 1458518 | H6: 4293166.5 | I6: 268635.67 | J6: 429944.67 | K6: 81645.667 | L6: 372048.67 | M6: 276451.67 | O6: 1030664.5 | P6: 5795925 | Q6: 414940.67 | R6: 949747 | S6: 857798.5 | T6: 838050.33 | U6: 676597.67 | V6: 454574
B7: 294974 | C7: 755402 | D7: 66699.333 | E7: 1621716 | F7: 1833544.7 | G7: 3834764 | H7: 5063601.7 | I7: 388483.5 | K7: 484848.33 | L7: 2487.6667 | M7: 1060 | O7: 29452.667 | P7: 4201325.7 | Q7: 99187.333 | R7: 980418 | S7: 1060946.3 | T7: 2164626.3 | U7: 378343 | V7: 1868001
C8: 78019 | D8: 375084 | E8: 1373051.7 | F8: 1930973 | G8: 3732022 | H8: 5149155 | I8: 269285 | J8: 186334.33 | K8: 6986.5 | L8: 14463 | M8: 521497 | O8: 2786961.3 | P8: 1984304.7 | Q8: 428488 | R8: 2940014.3 | S8: 219248 | T8: 725805.67 | U8: 1280187 | V8: 1168303
B9: 238195.67 | C9: 117616 | F9: 1683959.7 | G9: 3645026.7 | H9: 3529948.7 | I9: 53505.333 | J9: 150111.5 | K9: 273091.67 | L9: 279040 | M9: 90607.667 | O9: 331337.5 | P9: 1666475.3 | Q9: 101876.67 | R9: 2066729 | S9: 1365978.3 | T9: 2105223.3 | U9: 813731 | V9: 1506392
B10: 197307.67 | C10: 83376 | D10: 21413.667 | E10: 1729764.3 | F10: 2228073.7 | G10: 3275328.7 | H10: 5272294.3 | I10: 235798.5 | J10: 237453 | K10: 263409 | L10: 298910.67 | M10: 132126 | O10: 362762.33 | P10: 4919063.7 | Q10: 189679.67 | S10: 1137415.3 | T10: 3418150.5 | U10: 1328082.7 | V10: 1957498.3
B11: 179182 | C11: 193451 | D11: 198908.5 | E11: 490616.33 | F11: 2143789.3 | G11: 3455606.3 | H11: 5044639.3 | I11: 151034.33 | K11: 151827.33 | L11: 73902 | M11: 63548.667 | O11: 378804 | P11: 4585956 | Q11: 7267.6667 | R11: 1240777.3 | S11: 446992.5 | T11: 1153998 | U11: 1015624.3 | V11: 414335
B12: 115114.67 | C12: 120269.33 | D12: 50689.5 | F12: 700491.67 | G12: 2214879.3 | I12: 281448.33 | J12: 599732 | K12: 148417.33 | L12: 69936.667 | M12: 200783.33 | O12: 1673642 | P12: 3608732 | Q12: 13533 | R12: 1101978 | S12: 198973.33 | T12: 801207.67 | U12: 1136946.7 | V12: 1858340
O13: 1995761.7
O14: 1461409.7
O15: 1148439
O16: 1702381
O17: 689510.67
O18: 1781849.3
O19: 520037
A22: =A4 -> Noms des groupes | B22: =B4 -> Témoin solvant | C22: =C4 -> EE2-33,8ng/L | D22: =D4 -> EE2-50,6ng/L | E22: =E4 -> EE2-76ng/L | F22: =F4 -> EE2-114ng/L | G22: =G4 -> EE2-170,9ng/L | H22: =H4 -> EE2-488ng/L | ... M22: =M4 -> CRO-1000µg/L | N22: Noms des groupes | O22: =O4 -> Testo -30µg/L | P22: =P4 -> Testo 30µg/L + EE2 -64ng/L | Q22: =Q4 -> Testo 30µg/L + FAD-10mg/L | R22: =R4 -> CRO-0,1µg/L + Testostérone | S22: =S4 -> CRO-1µg/L + Testostérone | T22: =T4 -> CRO-10µg/L + Testostérone | U22: =U4 -> CRO-100µg/L + Testostérone | V22: =V4 -> CRO-1000µg/L + Testostérone
A23: mean | B23: =AVERAGE(B5:B20) -> 150155.76 | C23: =AVERAGE(C5:C20) -> 196056.96 | D23: =AVERAGE(D5:D20) -> 134712.78 | E23: =AVERAGE(E5:E20) -> 1274456.9 | F23: =AVERAGE(F5:F20) -> 1778478.5 | G23: =AVERAGE(G5:G20) -> 3106882.9 | H23: =AVERAGE(H5:H20) -> 4496735.7 | I23: =AVERAGE(I5:I20) -> 208205.75 | J23: =AVERAGE(J5:J20) -> 296061 | L23: =AVERAGE(L5:L20) -> 158684.1 | N23: mean | O23: =AVERAGE(O5:O20) -> 1196112.1 | P23: =AVERAGE(P5:P20) -> 3710340.8 | Q23: =AVERAGE(Q5:Q20) -> 172944.46 | R23: =AVERAGE(R5:R20) -> 1528695.8 | S23: =AVERAGE(S5:S20) -> 845470.71 | T23: =AVERAGE(T5:T20) -> 1411165.1 | U23: =AVERAGE(U5:U20) -> 1003648.8 | V23: =AVERAGE(V5:V20) -> 1249765.5
A24: SD | B24: =STDEV(B5:B20) -> 108476.53 | C24: =STDEV(C5:C20) -> 228863.29 | D24: =STDEV(D5:D20) -> 132635.53 | E24: =STDEV(E5:E20) -> 737378.02 | F24: =STDEV(F5:F20) -> 527083.37 | G24: =STDEV(G5:G20) -> 835840.12 | H24: =STDEV(H5:H20) -> 866819.2 | I24: =STDEV(I5:I20) -> 125125.57 | J24: =STDEV(J5:J20) -> 180062.56 | L24: =STDEV(L5:L20) -> 152716.86 | N24: SD | O24: =STDEV(O5:O20) -> 802214.29 | P24: =STDEV(P5:P20) -> 1444620.5 | Q24: =STDEV(Q5:Q20) -> 164518.46 | R24: =STDEV(R5:R20) -> 729569.4 | S24: =STDEV(S5:S20) -> 502810.5 | T24: =STDEV(T5:T20) -> 1074361.2 | U24: =STDEV(U5:U20) -> 356675.15 | V24: =STDEV(V5:V20) -> 642067.35
B26: Non dopé | O26: avec testo
A27: Noms des groupes | B27: =B4 -> Témoin solvant | C27: =C4 -> EE2-33,8ng/L | D27: =D4 -> EE2-50,6ng/L | E27: =E4 -> EE2-76ng/L | F27: =F4 -> EE2-114ng/L | G27: =G4 -> EE2-170,9ng/L | H27: =H4 -> EE2-488ng/L | I27: =I4 -> CRO-0.1µg/L | ... M27: =M4 -> CRO-1000µg/L | O27: =O4 -> Testo -30µg/L | P27: =P4 -> Testo 30µg/L + EE2 -64ng/L | Q27: =Q4 -> Testo 30µg/L + FAD-10mg/L | R27: =R4 -> CRO-0,1µg/L + Testostérone | S27: =S4 -> CRO-1µg/L + Testostérone | T27: =T4 -> CRO-10µg/L + Testostérone | U27: =U4 -> CRO-100µg/L + Testostérone | V27: =V4 -> CRO-1000µg/L + Testostérone
A28: Données normalisées sur la moyenne du groupe "Testo" | B28: =IF(B5="","",(B5/$O$23)) -> 0.015147967 | C28: =IF(C5="","",(C5/$O$23)) -> 0.078982844 | D28: =IF(D5="","",(D5/$O$23)) | E28: =IF(E5="","",(E5/$O$23)) -> 0.2322405 | F28: =IF(F5="","",(F5/$O$23)) -> 1.1754336 | G28: =IF(G5="","",(G5/$O$23)) -> 2.7078717 | H28: =IF(H5="","",(H5/$O$23)) -> 2.6120833 | I28: =IF(I5="","",(I5/$O$23)) -> 0.014593393 | ... M28: =IF(M5="","",(M5/$O$23)) -> 0.20100402 | O28: =IF(O5="","",(O5/$O$23)) -> 1.7127729 | P28: =IF(P5="","",(P5/$O$23)) -> 2.4420323 | Q28: =IF(Q5="","",(Q5/$O$23)) -> 0.10750052 | R28: =IF(R5="","",(R5/$O$23)) -> 1.1881886 | S28: =IF(S5="","",(S5/$O$23)) -> 1.2343436 | T28: =IF(T5="","",(T5/$O$23)) -> 0.068771705 | U28: =IF(U5="","",(U5/$O$23)) -> 1.1701897 | V28: =IF(V5="","",(V5/$O$23)) -> 0.64432118
B29: =IF(B6="","",(B6/$O$23)) -> 0.0068535942 | C29: =IF(C6="","",(C6/$O$23)) -> 0.10521589 | D29: =IF(D6="","",(D6/$O$23)) -> 0.07982669 | E29: =IF(E6="","",(E6/$O$23)) -> 1.8006737 | F29: =IF(F6="","",(F6/$O$23)) -> 1.9237712 | G29: =IF(G6="","",(G6/$O$23)) -> 1.2193824 | H29: =IF(H6="","",(H6/$O$23)) -> 3.5892678 | I29: =IF(I6="","",(I6/$O$23)) -> 0.22459072 | ... M29: =IF(M6="","",(M6/$O$23)) -> 0.23112522 | O29: =IF(O6="","",(O6/$O$23)) -> 0.86167888 | P29: =IF(P6="","",(P6/$O$23)) -> 4.8456371 | Q29: =IF(Q6="","",(Q6/$O$23)) -> 0.34690785 | R29: =IF(R6="","",(R6/$O$23)) -> 0.79402844 | S29: =IF(S6="","",(S6/$O$23)) -> 0.71715563 | T29: =IF(T6="","",(T6/$O$23)) -> 0.70064533 | U29: =IF(U6="","",(U6/$O$23)) -> 0.56566411 | V29: =IF(V6="","",(V6/$O$23)) -> 0.38004298
B30: =IF(B7="","",(B7/$O$23)) -> 0.24661067 | C30: =IF(C7="","",(C7/$O$23)) -> 0.63154785 | D30: =IF(D7="","",(D7/$O$23)) -> 0.055763448 | E30: =IF(E7="","",(E7/$O$23)) -> 1.3558228 | F30: =IF(F7="","",(F7/$O$23)) -> 1.5329205 | G30: =IF(G7="","",(G7/$O$23)) -> 3.206024 | H30: =IF(H7="","",(H7/$O$23)) -> 4.233384 | I30: =IF(I7="","",(I7/$O$23)) -> 0.32478855 | ... M30: =IF(M7="","",(M7/$O$23)) -> 0.00088620459 | O30: =IF(O7="","",(O7/$O$23)) -> 0.024623668 | P30: =IF(P7="","",(P7/$O$23)) -> 3.512485 | Q30: =IF(Q7="","",(Q7/$O$23)) -> 0.082924783 | R30: =IF(R7="","",(R7/$O$23)) -> 0.81967069 | S30: =IF(S7="","",(S7/$O$23)) -> 0.88699576 | T30: =IF(T7="","",(T7/$O$23)) -> 1.8097187 | U30: =IF(U7="","",(U7/$O$23)) -> 0.31631066 | V30: =IF(V7="","",(V7/$O$23)) -> 1.5617274
