Workbook

Sheet Page de garde
A1: 1. Expérimentateur 1 : copier et coller le n° de prestation et renseigner la date de réalisation de chaque réplica ainsi que le visa de l'expérimentateur.
A2: R1 | B2: Numéro d'expérience : | E2: Date de réalisation :
A3: R2 | B3: Numéro d'expérience : | E3: Date de réalisation :
A4: R3 | B4: Numéro d'expérience : | E4: Date de réalisation :
A5: 2. Expérimentateur 1 : copier et coller la dilution appliquée et le nom donné pour chaque des échantillons par le client. Conserver la mise en forme de l'exemple en italique. Ne pas remplir la colonne "nom sur graphique".
A6: Nom sur le graphique | B6: Code WF | C6: Concentration | D6: Unité | E6: Nom de l'échantillon donné par le client | F6: Dopage (+Testostérone / + EE2, ….)
A7: =IF(ISBLANK(liste_groupe[[#This Row],[Code WF]])," ",IF(ISBLANK(liste_groupe[[#This Row],[Unité]]),CONCATENATE(liste_groupe[[#This Row],[Nom de l''échantillon donné par le client]],liste_groupe[[#This Row],[Dopage (+Testostérone / + EE2, ….)]]),CONCATENATE(liste_groupe[[#This Row],[Nom de l''échantillon donné par le client]],"-",liste_groupe[[#This Row],[Concentration]],liste_groupe[[#This Row],[Unité]],liste_groupe[[#This Row],[Dopage (+Testostérone / + EE2, ….)]]))) -> Témoin solvant | B7: Témoin | E7: Témoin solvant
A8: =IF(ISBLANK(liste_groupe[[#This Row],[Code WF]])," ",IF(ISBLANK(liste_groupe[[#This Row],[Unité]]),CONCATENATE(liste_groupe[[#This Row],[Nom de l''échantillon donné par le client]],liste_groupe[[#This Row],[Dopage (+Testostérone / + EE2, ….)]]),CONCATENATE(liste_groupe[[#This Row],[Nom de l''échantillon donné par le client]],"-",liste_groupe[[#This Row],[Concentration]],liste_groupe[[#This Row],[Unité]],liste_groupe[[#This Row],[Dopage (+Testostérone / + EE2, ….)]]))) -> EE2-22,5ng/L | B8: Témoin | C8: 22.5 | D8: ng/L | E8: EE2
A9: =IF(ISBLANK(liste_groupe[[#This Row],[Code WF]])," ",IF(ISBLANK(liste_groupe[[#This Row],[Unité]]),CONCATENATE(liste_groupe[[#This Row],[Nom de l''échantillon donné par le client]],liste_groupe[[#This Row],[Dopage (+Testostérone / + EE2, ….)]]),CONCATENATE(liste_groupe[[#This Row],[Nom de l''échantillon donné par le client]],"-",liste_groupe[[#This Row],[Concentration]],liste_groupe[[#This Row],[Unité]],liste_groupe[[#This Row],[Dopage (+Testostérone / + EE2, ….)]]))) -> EE2-33,8ng/L | B9: Témoin | C9: 33.8 | D9: ng/L | E9: EE2
A10: =IF(ISBLANK(liste_groupe[[#This Row],[Code WF]])," ",IF(ISBLANK(liste_groupe[[#This Row],[Unité]]),CONCATENATE(liste_groupe[[#This Row],[Nom de l''échantillon donné par le client]],liste_groupe[[#This Row],[Dopage (+Testostérone / + EE2, ….)]]),CONCATENATE(liste_groupe[[#This Row],[Nom de l''échantillon donné par le client]],"-",liste_groupe[[#This Row],[Concentration]],liste_groupe[[#This Row],[Unité]],liste_groupe[[#This Row],[Dopage (+Testostérone / + EE2, ….)]]))) -> EE2-50,6ng/L | B10: Témoin | C10: 50.6 | D10: ng/L | E10: EE2
A11: =IF(ISBLANK(liste_groupe[[#This Row],[Code WF]])," ",IF(ISBLANK(liste_groupe[[#This Row],[Unité]]),CONCATENATE(liste_groupe[[#This Row],[Nom de l''échantillon donné par le client]],liste_groupe[[#This Row],[Dopage (+Testostérone / + EE2, ….)]]),CONCATENATE(liste_groupe[[#This Row],[Nom de l''échantillon donné par le client]],"-",liste_groupe[[#This Row],[Concentration]],liste_groupe[[#This Row],[Unité]],liste_groupe[[#This Row],[Dopage (+Testostérone / + EE2, ….)]]))) -> EE2-76ng/L | B11: Témoin | C11: 76 | D11: ng/L | E11: EE2
A12: =IF(ISBLANK(liste_groupe[[#This Row],[Code WF]])," ",IF(ISBLANK(liste_groupe[[#This Row],[Unité]]),CONCATENATE(liste_groupe[[#This Row],[Nom de l''échantillon donné par le client]],liste_groupe[[#This Row],[Dopage (+Testostérone / + EE2, ….)]]),CONCATENATE(liste_groupe[[#This Row],[Nom de l''échantillon donné par le client]],"-",liste_groupe[[#This Row],[Concentration]],liste_groupe[[#This Row],[Unité]],liste_groupe[[#This Row],[Dopage (+Testostérone / + EE2, ….)]]))) -> EE2-114ng/L | B12: Témoin | C12: 114 | D12: ng/L | E12: EE2
A13: =IF(ISBLANK(liste_groupe[[#This Row],[Code WF]])," ",IF(ISBLANK(liste_groupe[[#This Row],[Unité]]),CONCATENATE(liste_groupe[[#This Row],[Nom de l''échantillon donné par le client]],liste_groupe[[#This Row],[Dopage (+Testostérone / + EE2, ….)]]),CONCATENATE(liste_groupe[[#This Row],[Nom de l''échantillon donné par le client]],"-",liste_groupe[[#This Row],[Concentration]],liste_groupe[[#This Row],[Unité]],liste_groupe[[#This Row],[Dopage (+Testostérone / + EE2, ….)]]))) -> EE2-170,9ng/L | B13: Témoin | C13: 170.9 | D13: ng/L | E13: EE2
A14: =IF(ISBLANK(liste_groupe[[#This Row],[Code WF]])," ",IF(ISBLANK(liste_groupe[[#This Row],[Unité]]),CONCATENATE(liste_groupe[[#This Row],[Nom de l''échantillon donné par le client]],liste_groupe[[#This Row],[Dopage (+Testostérone / + EE2, ….)]]),CONCATENATE(liste_groupe[[#This Row],[Nom de l''échantillon donné par le client]],"-",liste_groupe[[#This Row],[Concentration]],liste_groupe[[#This Row],[Unité]],liste_groupe[[#This Row],[Dopage (+Testostérone / + EE2, ….)]]))) -> EE2-488ng/L | B14: Témoin | C14: 488 | D14: ng/L | E14: EE2
A15: Testo-3.7µg/L | C15: 3.7 | D15: µg/L | E15: Testo
A16: Testo-11µg/L | C16: 11 | D16: µg/L | E16: Testo
A17: Testo-33µg/L | C17: 33 | D17: µg/L | E17: Testo
A18: Testo-100µg/L | C18: 100 | D18: µg/L | E18: Testo
A19: Testo-300µg/L | C19: 300 | D19: µg/L | E19: Testo
A20: =IF(ISBLANK(liste_groupe[[#This Row],[Code WF]])," ",IF(ISBLANK(liste_groupe[[#This Row],[Unité]]),CONCATENATE(liste_groupe[[#This Row],[Nom de l''échantillon donné par le client]],liste_groupe[[#This Row],[Dopage (+Testostérone / + EE2, ….)]]),CONCATENATE(liste_groupe[[#This Row],[Nom de l''échantillon donné par le client]],"-",liste_groupe[[#This Row],[Concentration]],liste_groupe[[#This Row],[Unité]],liste_groupe[[#This Row],[Dopage (+Testostérone / + EE2, ….)]])))
A21: =IF(ISBLANK(liste_groupe[[#This Row],[Code WF]])," ",IF(ISBLANK(liste_groupe[[#This Row],[Unité]]),CONCATENATE(liste_groupe[[#This Row],[Nom de l''échantillon donné par le client]],liste_groupe[[#This Row],[Dopage (+Testostérone / + EE2, ….)]]),CONCATENATE(liste_groupe[[#This Row],[Nom de l''échantillon donné par le client]],"-",liste_groupe[[#This Row],[Concentration]],liste_groupe[[#This Row],[Unité]],liste_groupe[[#This Row],[Dopage (+Testostérone / + EE2, ….)]])))
A22: =IF(ISBLANK(liste_groupe[[#This Row],[Code WF]])," ",IF(ISBLANK(liste_groupe[[#This Row],[Unité]]),CONCATENATE(liste_groupe[[#This Row],[Nom de l''échantillon donné par le client]],liste_groupe[[#This Row],[Dopage (+Testostérone / + EE2, ….)]]),CONCATENATE(liste_groupe[[#This Row],[Nom de l''échantillon donné par le client]],"-",liste_groupe[[#This Row],[Concentration]],liste_groupe[[#This Row],[Unité]],liste_groupe[[#This Row],[Dopage (+Testostérone / + EE2, ….)]])))
A23: =IF(ISBLANK(liste_groupe[[#This Row],[Code WF]])," ",IF(ISBLANK(liste_groupe[[#This Row],[Unité]]),CONCATENATE(liste_groupe[[#This Row],[Nom de l''échantillon donné par le client]],liste_groupe[[#This Row],[Dopage (+Testostérone / + EE2, ….)]]),CONCATENATE(liste_groupe[[#This Row],[Nom de l''échantillon donné par le client]],"-",liste_groupe[[#This Row],[Concentration]],liste_groupe[[#This Row],[Unité]],liste_groupe[[#This Row],[Dopage (+Testostérone / + EE2, ….)]])))
A24: =IF(ISBLANK(liste_groupe[[#This Row],[Code WF]])," ",IF(ISBLANK(liste_groupe[[#This Row],[Unité]]),CONCATENATE(liste_groupe[[#This Row],[Nom de l''échantillon donné par le client]],liste_groupe[[#This Row],[Dopage (+Testostérone / + EE2, ….)]]),CONCATENATE(liste_groupe[[#This Row],[Nom de l''échantillon donné par le client]],"-",liste_groupe[[#This Row],[Concentration]],liste_groupe[[#This Row],[Unité]],liste_groupe[[#This Row],[Dopage (+Testostérone / + EE2, ….)]])))
A25: =IF(ISBLANK(liste_groupe[[#This Row],[Code WF]])," ",IF(ISBLANK(liste_groupe[[#This Row],[Unité]]),CONCATENATE(liste_groupe[[#This Row],[Nom de l''échantillon donné par le client]],liste_groupe[[#This Row],[Dopage (+Testostérone / + EE2, ….)]]),CONCATENATE(liste_groupe[[#This Row],[Nom de l''échantillon donné par le client]],"-",liste_groupe[[#This Row],[Concentration]],liste_groupe[[#This Row],[Unité]],liste_groupe[[#This Row],[Dopage (+Testostérone / + EE2, ….)]])))
A26: =IF(ISBLANK(liste_groupe[[#This Row],[Code WF]])," ",IF(ISBLANK(liste_groupe[[#This Row],[Unité]]),CONCATENATE(liste_groupe[[#This Row],[Nom de l''échantillon donné par le client]],liste_groupe[[#This Row],[Dopage (+Testostérone / + EE2, ….)]]),CONCATENATE(liste_groupe[[#This Row],[Nom de l''échantillon donné par le client]],"-",liste_groupe[[#This Row],[Concentration]],liste_groupe[[#This Row],[Unité]],liste_groupe[[#This Row],[Dopage (+Testostérone / + EE2, ….)]])))
A27: =IF(ISBLANK(liste_groupe[[#This Row],[Code WF]])," ",IF(ISBLANK(liste_groupe[[#This Row],[Unité]]),CONCATENATE(liste_groupe[[#This Row],[Nom de l''échantillon donné par le client]],liste_groupe[[#This Row],[Dopage (+Testostérone / + EE2, ….)]]),CONCATENATE(liste_groupe[[#This Row],[Nom de l''échantillon donné par le client]],"-",liste_groupe[[#This Row],[Concentration]],liste_groupe[[#This Row],[Unité]],liste_groupe[[#This Row],[Dopage (+Testostérone / + EE2, ….)]])))
A28: =IF(ISBLANK(liste_groupe[[#This Row],[Code WF]])," ",IF(ISBLANK(liste_groupe[[#This Row],[Unité]]),CONCATENATE(liste_groupe[[#This Row],[Nom de l''échantillon donné par le client]],liste_groupe[[#This Row],[Dopage (+Testostérone / + EE2, ….)]]),CONCATENATE(liste_groupe[[#This Row],[Nom de l''échantillon donné par le client]],"-",liste_groupe[[#This Row],[Concentration]],liste_groupe[[#This Row],[Unité]],liste_groupe[[#This Row],[Dopage (+Testostérone / + EE2, ….)]])))
A29: =IF(ISBLANK(liste_groupe[[#This Row],[Code WF]])," ",IF(ISBLANK(liste_groupe[[#This Row],[Unité]]),CONCATENATE(liste_groupe[[#This Row],[Nom de l''échantillon donné par le client]],liste_groupe[[#This Row],[Dopage (+Testostérone / + EE2, ….)]]),CONCATENATE(liste_groupe[[#This Row],[Nom de l''échantillon donné par le client]],"-",liste_groupe[[#This Row],[Concentration]],liste_groupe[[#This Row],[Unité]],liste_groupe[[#This Row],[Dopage (+Testostérone / + EE2, ….)]])))
A30: =IF(ISBLANK(liste_groupe[[#This Row],[Code WF]])," ",IF(ISBLANK(liste_groupe[[#This Row],[Unité]]),CONCATENATE(liste_groupe[[#This Row],[Nom de l''échantillon donné par le client]],liste_groupe[[#This Row],[Dopage (+Testostérone / + EE2, ….)]]),CONCATENATE(liste_groupe[[#This Row],[Nom de l''échantillon donné par le client]],"-",liste_groupe[[#This Row],[Concentration]],liste_groupe[[#This Row],[Unité]],liste_groupe[[#This Row],[Dopage (+Testostérone / + EE2, ….)]])))
A31: =IF(ISBLANK(liste_groupe[[#This Row],[Code WF]])," ",IF(ISBLANK(liste_groupe[[#This Row],[Unité]]),CONCATENATE(liste_groupe[[#This Row],[Nom de l''échantillon donné par le client]],liste_groupe[[#This Row],[Dopage (+Testostérone / + EE2, ….)]]),CONCATENATE(liste_groupe[[#This Row],[Nom de l''échantillon donné par le client]],"-",liste_groupe[[#This Row],[Concentration]],liste_groupe[[#This Row],[Unité]],liste_groupe[[#This Row],[Dopage (+Testostérone / + EE2, ….)]])))
... A35: =IF(ISBLANK(liste_groupe[[#This Row],[Code WF]])," ",IF(ISBLANK(liste_groupe[[#This Row],[Unité]]),CONCATENATE(liste_groupe[[#This Row],[Nom de l''échantillon donné par le client]],liste_groupe[[#This Row],[Dopage (+Testostérone / + EE2, ….)]]),CONCATENATE(liste_groupe[[#This Row],[Nom de l''échantillon donné par le client]],"-",liste_groupe[[#This Row],[Concentration]],liste_groupe[[#This Row],[Unité]],liste_groupe[[#This Row],[Dopage (+Testostérone / + EE2, ….)]])))
A36: =IF(ISBLANK(liste_groupe[[#This Row],[Code WF]])," ",IF(ISBLANK(liste_groupe[[#This Row],[Unité]]),CONCATENATE(liste_groupe[[#This Row],[Nom de l''échantillon donné par le client]],liste_groupe[[#This Row],[Dopage (+Testostérone / + EE2, ….)]]),CONCATENATE(liste_groupe[[#This Row],[Nom de l''échantillon donné par le client]],"-",liste_groupe[[#This Row],[Concentration]],liste_groupe[[#This Row],[Unité]],liste_groupe[[#This Row],[Dopage (+Testostérone / + EE2, ….)]]))) -> Testo -30µg/L | B36: Témoin | C36: 30 | D36: µg/L | E36: Testo
A37: =IF(ISBLANK(liste_groupe[[#This Row],[Code WF]])," ",IF(ISBLANK(liste_groupe[[#This Row],[Unité]]),CONCATENATE(liste_groupe[[#This Row],[Nom de l''échantillon donné par le client]],liste_groupe[[#This Row],[Dopage (+Testostérone / + EE2, ….)]]),CONCATENATE(liste_groupe[[#This Row],[Nom de l''échantillon donné par le client]],"-",liste_groupe[[#This Row],[Concentration]],liste_groupe[[#This Row],[Unité]],liste_groupe[[#This Row],[Dopage (+Testostérone / + EE2, ….)]]))) -> Testo 30µg/L + EE2 -64ng/L | B37: Témoin | C37: 64 | D37: ng/L | E37: Testo 30µg/L + EE2
A38: =IF(ISBLANK(liste_groupe[[#This Row],[Code WF]])," ",IF(ISBLANK(liste_groupe[[#This Row],[Unité]]),CONCATENATE(liste_groupe[[#This Row],[Nom de l''échantillon donné par le client]],liste_groupe[[#This Row],[Dopage (+Testostérone / + EE2, ….)]]),CONCATENATE(liste_groupe[[#This Row],[Nom de l''échantillon donné par le client]],"-",liste_groupe[[#This Row],[Concentration]],liste_groupe[[#This Row],[Unité]],liste_groupe[[#This Row],[Dopage (+Testostérone / + EE2, ….)]]))) -> Testo 30µg/L + FAD-10mg/L | B38: Témoin | C38: 10 | D38: mg/L | E38: Testo 30µg/L + FAD
A39: =IF(ISBLANK(liste_groupe[[#This Row],[Code WF]])," ",IF(ISBLANK(liste_groupe[[#This Row],[Unité]]),CONCATENATE(liste_groupe[[#This Row],[Nom de l''échantillon donné par le client]],liste_groupe[[#This Row],[Dopage (+Testostérone / + EE2, ….)]]),CONCATENATE(liste_groupe[[#This Row],[Nom de l''échantillon donné par le client]],"-",liste_groupe[[#This Row],[Concentration]],liste_groupe[[#This Row],[Unité]],liste_groupe[[#This Row],[Dopage (+Testostérone / + EE2, ….)]]))) -> Testo-3,7µg/L + Testostérone | B39: =B15 -> 0 | C39: =C15 -> 3.7 | D39: =D15 -> µg/L | E39: =E15 -> Testo | F39: + Testostérone
A40: =IF(ISBLANK(liste_groupe[[#This Row],[Code WF]])," ",IF(ISBLANK(liste_groupe[[#This Row],[Unité]]),CONCATENATE(liste_groupe[[#This Row],[Nom de l''échantillon donné par le client]],liste_groupe[[#This Row],[Dopage (+Testostérone / + EE2, ….)]]),CONCATENATE(liste_groupe[[#This Row],[Nom de l''échantillon donné par le client]],"-",liste_groupe[[#This Row],[Concentration]],liste_groupe[[#This Row],[Unité]],liste_groupe[[#This Row],[Dopage (+Testostérone / + EE2, ….)]]))) -> Testo-11µg/L + Testostérone | B40: =B16 -> 0 | C40: =C16 -> 11 | D40: =D16 -> µg/L | E40: =E16 -> Testo | F40: + Testostérone
A41: =IF(ISBLANK(liste_groupe[[#This Row],[Code WF]])," ",IF(ISBLANK(liste_groupe[[#This Row],[Unité]]),CONCATENATE(liste_groupe[[#This Row],[Nom de l''échantillon donné par le client]],liste_groupe[[#This Row],[Dopage (+Testostérone / + EE2, ….)]]),CONCATENATE(liste_groupe[[#This Row],[Nom de l''échantillon donné par le client]],"-",liste_groupe[[#This Row],[Concentration]],liste_groupe[[#This Row],[Unité]],liste_groupe[[#This Row],[Dopage (+Testostérone / + EE2, ….)]]))) -> Testo-33µg/L + Testostérone | B41: =B17 -> 0 | C41: =C17 -> 33 | D41: =D17 -> µg/L | E41: =E17 -> Testo | F41: + Testostérone
A42: =IF(ISBLANK(liste_groupe[[#This Row],[Code WF]])," ",IF(ISBLANK(liste_groupe[[#This Row],[Unité]]),CONCATENATE(liste_groupe[[#This Row],[Nom de l''échantillon donné par le client]],liste_groupe[[#This Row],[Dopage (+Testostérone / + EE2, ….)]]),CONCATENATE(liste_groupe[[#This Row],[Nom de l''échantillon donné par le client]],"-",liste_groupe[[#This Row],[Concentration]],liste_groupe[[#This Row],[Unité]],liste_groupe[[#This Row],[Dopage (+Testostérone / + EE2, ….)]]))) -> Testo-100µg/L + Testostérone | B42: =B18 -> 0 | C42: =C18 -> 100 | D42: =D18 -> µg/L | E42: =E18 -> Testo | F42: + Testostérone
A43: =IF(ISBLANK(liste_groupe[[#This Row],[Code WF]])," ",IF(ISBLANK(liste_groupe[[#This Row],[Unité]]),CONCATENATE(liste_groupe[[#This Row],[Nom de l''échantillon donné par le client]],liste_groupe[[#This Row],[Dopage (+Testostérone / + EE2, ….)]]),CONCATENATE(liste_groupe[[#This Row],[Nom de l''échantillon donné par le client]],"-",liste_groupe[[#This Row],[Concentration]],liste_groupe[[#This Row],[Unité]],liste_groupe[[#This Row],[Dopage (+Testostérone / + EE2, ….)]]))) -> Testo-300µg/L + Testostérone | B43: =B19 -> 0 | C43: =C19 -> 300 | D43: =D19 -> µg/L | E43: =E19 -> Testo | F43: + Testostérone
A44: =IF(ISBLANK(liste_groupe[[#This Row],[Code WF]])," ",IF(ISBLANK(liste_groupe[[#This Row],[Unité]]),CONCATENATE(liste_groupe[[#This Row],[Nom de l''échantillon donné par le client]],liste_groupe[[#This Row],[Dopage (+Testostérone / + EE2, ….)]]),CONCATENATE(liste_groupe[[#This Row],[Nom de l''échantillon donné par le client]],"-",liste_groupe[[#This Row],[Concentration]],liste_groupe[[#This Row],[Unité]],liste_groupe[[#This Row],[Dopage (+Testostérone / + EE2, ….)]]))) -> 0-00 + Testostérone | B44: =B20 -> 0 | C44: =C20 -> 0 | D44: =D20 -> 0 | E44: =E20 -> 0 | F44: + Testostérone
A45: =IF(ISBLANK(liste_groupe[[#This Row],[Code WF]])," ",IF(ISBLANK(liste_groupe[[#This Row],[Unité]]),CONCATENATE(liste_groupe[[#This Row],[Nom de l''échantillon donné par le client]],liste_groupe[[#This Row],[Dopage (+Testostérone / + EE2, ….)]]),CONCATENATE(liste_groupe[[#This Row],[Nom de l''échantillon donné par le client]],"-",liste_groupe[[#This Row],[Concentration]],liste_groupe[[#This Row],[Unité]],liste_groupe[[#This Row],[Dopage (+Testostérone / + EE2, ….)]]))) -> 0-00 + Testostérone | B45: =B21 -> 0 | C45: =C21 -> 0 | D45: =D21 -> 0 | E45: =E21 -> 0 | F45: + Testostérone
A46: =IF(ISBLANK(liste_groupe[[#This Row],[Code WF]])," ",IF(ISBLANK(liste_groupe[[#This Row],[Unité]]),CONCATENATE(liste_groupe[[#This Row],[Nom de l''échantillon donné par le client]],liste_groupe[[#This Row],[Dopage (+Testostérone / + EE2, ….)]]),CONCATENATE(liste_groupe[[#This Row],[Nom de l''échantillon donné par le client]],"-",liste_groupe[[#This Row],[Concentration]],liste_groupe[[#This Row],[Unité]],liste_groupe[[#This Row],[Dopage (+Testostérone / + EE2, ….)]]))) -> 0-00 + Testostérone | B46: =B22 -> 0 | C46: =C22 -> 0 | D46: =D22 -> 0 | E46: =E22 -> 0 | F46: + Testostérone
A47: =IF(ISBLANK(liste_groupe[[#This Row],[Code WF]])," ",IF(ISBLANK(liste_groupe[[#This Row],[Unité]]),CONCATENATE(liste_groupe[[#This Row],[Nom de l''échantillon donné par le client]],liste_groupe[[#This Row],[Dopage (+Testostérone / + EE2, ….)]]),CONCATENATE(liste_groupe[[#This Row],[Nom de l''échantillon donné par le client]],"-",liste_groupe[[#This Row],[Concentration]],liste_groupe[[#This Row],[Unité]],liste_groupe[[#This Row],[Dopage (+Testostérone / + EE2, ….)]]))) -> 0-00 + Testostérone | B47: =B23 -> 0 | C47: =C23 -> 0 | D47: =D23 -> 0 | E47: =E23 -> 0 | F47: + Testostérone
A48: =IF(ISBLANK(liste_groupe[[#This Row],[Code WF]])," ",IF(ISBLANK(liste_groupe[[#This Row],[Unité]]),CONCATENATE(liste_groupe[[#This Row],[Nom de l''échantillon donné par le client]],liste_groupe[[#This Row],[Dopage (+Testostérone / + EE2, ….)]]),CONCATENATE(liste_groupe[[#This Row],[Nom de l''échantillon donné par le client]],"-",liste_groupe[[#This Row],[Concentration]],liste_groupe[[#This Row],[Unité]],liste_groupe[[#This Row],[Dopage (+Testostérone / + EE2, ….)]]))) -> 0-00 + Testostérone | B48: =B24 -> 0 | C48: =C24 -> 0 | D48: =D24 -> 0 | E48: =E24 -> 0 | F48: + Testostérone
A49: =IF(ISBLANK(liste_groupe[[#This Row],[Code WF]])," ",IF(ISBLANK(liste_groupe[[#This Row],[Unité]]),CONCATENATE(liste_groupe[[#This Row],[Nom de l''échantillon donné par le client]],liste_groupe[[#This Row],[Dopage (+Testostérone / + EE2, ….)]]),CONCATENATE(liste_groupe[[#This Row],[Nom de l''échantillon donné par le client]],"-",liste_groupe[[#This Row],[Concentration]],liste_groupe[[#This Row],[Unité]],liste_groupe[[#This Row],[Dopage (+Testostérone / + EE2, ….)]]))) -> 0-00 + Testostérone | B49: =B25 -> 0 | C49: =C25 -> 0 | D49: =D25 -> 0 | E49: =E25 -> 0 | F49: + Testostérone
A50: =IF(ISBLANK(liste_groupe[[#This Row],[Code WF]])," ",IF(ISBLANK(liste_groupe[[#This Row],[Unité]]),CONCATENATE(liste_groupe[[#This Row],[Nom de l''échantillon donné par le client]],liste_groupe[[#This Row],[Dopage (+Testostérone / + EE2, ….)]]),CONCATENATE(liste_groupe[[#This Row],[Nom de l''échantillon donné par le client]],"-",liste_groupe[[#This Row],[Concentration]],liste_groupe[[#This Row],[Unité]],liste_groupe[[#This Row],[Dopage (+Testostérone / + EE2, ….)]]))) -> 0-00 + Testostérone | B50: =B26 -> 0 | C50: =C26 -> 0 | D50: =D26 -> 0 | E50: =E26 -> 0 | F50: + Testostérone
... A58: =IF(ISBLANK(liste_groupe[[#This Row],[Code WF]])," ",IF(ISBLANK(liste_groupe[[#This Row],[Unité]]),CONCATENATE(liste_groupe[[#This Row],[Nom de l''échantillon donné par le client]],liste_groupe[[#This Row],[Dopage (+Testostérone / + EE2, ….)]]),CONCATENATE(liste_groupe[[#This Row],[Nom de l''échantillon donné par le client]],"-",liste_groupe[[#This Row],[Concentration]],liste_groupe[[#This Row],[Unité]],liste_groupe[[#This Row],[Dopage (+Testostérone / + EE2, ….)]]))) -> 0-00 + Testostérone | B58: =B34 -> 0 | C58: =C34 -> 0 | D58: =D34 -> 0 | E58: =E34 -> 0 | F58: + Testostérone

Sheet Feuil1
A1: Nom groupe | B1: N° de valeur | C1: file name | D1: total area | E1: mean intensity | G1: total fluorescence | I1: nbre de larves
A2: 01 EE2 0 | B2: A | C2: C:\Users\Olympus\Desktop\20190122\plaque1/@01 EE2 0/A1_1.tif | D2: 4931.616 | E2: 73.0526 | G2: 360268
A3: 01 EE2 0 | B3: A | C3: C:\Users\Olympus\Desktop\20190122\plaque1/@01 EE2 0/A1_2.tif | D3: 5234.4345 | E3: 71.1281 | G3: 372315
A4: 01 EE2 0 | B4: A | C4: C:\Users\Olympus\Desktop\20190122\plaque1/@01 EE2 0/A1_3.tif | D4: 3547.3027 | E4: 66.9878 | G4: 237626
A5: 01 EE2 0 | B5: A | C5: C:\Users\Olympus\Desktop\20190122\plaque3/@01 EE2 0/A1_3.tif | D5: 21456.8555 | E5: 67.0655 | G5: 1439015
A6: 01 EE2 0 | B6: A | C6: C:\Users\Olympus\Desktop\20190122\plaque3/@01 EE2 0/A1_2.tif | D6: 21586.6348 | E6: 66.4108 | G6: 1433586
A7: 01 EE2 0 | B7: A | C7: C:\Users\Olympus\Desktop\20190122\plaque3/@01 EE2 0/A1_1.tif | D7: 15984.4921 | E7: 69.7767 | G7: 1115346

Sheet Raw data R1
A1: Nom groupe | B1: N° de valeur | C1: file name | D1: total area | E1: mean intensity | G1: total fluorescence | I1: nbre de larves | J1: Colonne1 | L1: (Tous)
A2: =IFERROR(LEFT(RIGHT(C2,LEN(C2)-SEARCH("@",C2)),SEARCH("/",RIGHT(C2,LEN(C2)-SEARCH("@",C2)-1))),"") -> 1 | B2: =LEFT(RIGHT(RIGHT(Tableau4[[#This Row],[file name]],LEN(Tableau4[[#This Row],[file name]])-SEARCH("@",Tableau4[[#This Row],[file name]])),LEN(RIGHT(Tableau4[[#This Row],[file name]],LEN(Tableau4[[#This Row],[file name]])-SEARCH("@",Tableau4[[#This Row],[file name]])))-SEARCH("/",RIGHT(Tableau4[[#This Row],[file name]],LEN(Tableau4[[#This Row],[file name]])-SEARCH("@",Tableau4[[#This Row],[file name]])))),1) -> A | C2: C:\Users\andre\Desktop\REACTIV CEFAS\Testosterone\Testosterone/20201116_Cefas_Test6-Run1/Plate 1/@1/A10_01.tif | D2: 9473.8938 | E2: 38.9132 | G2: 368660 | K2: Filtre lignes : Enlever (vide) et Néant | L2: Filtre colonnes : Enlever (vide) et " "
A3: =IFERROR(LEFT(RIGHT(C3,LEN(C3)-SEARCH("@",C3)),SEARCH("/",RIGHT(C3,LEN(C3)-SEARCH("@",C3)-1))),"") -> 1 | B3: =LEFT(RIGHT(RIGHT(Tableau4[[#This Row],[file name]],LEN(Tableau4[[#This Row],[file name]])-SEARCH("@",Tableau4[[#This Row],[file name]])),LEN(RIGHT(Tableau4[[#This Row],[file name]],LEN(Tableau4[[#This Row],[file name]])-SEARCH("@",Tableau4[[#This Row],[file name]])))-SEARCH("/",RIGHT(Tableau4[[#This Row],[file name]],LEN(Tableau4[[#This Row],[file name]])-SEARCH("@",Tableau4[[#This Row],[file name]])))),1) -> A | C3: C:\Users\andre\Desktop\REACTIV CEFAS\Testosterone\Testosterone/20201116_Cefas_Test6-Run1/Plate 1/@1/A10_02.tif | D3: 2746.9966 | E3: 38.8819 | G3: 106808 | K3: Moyenne de total fluorescence | L3: Étiquettes de colonnes
A4: =IFERROR(LEFT(RIGHT(C4,LEN(C4)-SEARCH("@",C4)),SEARCH("/",RIGHT(C4,LEN(C4)-SEARCH("@",C4)-1))),"") -> 1 | B4: =LEFT(RIGHT(RIGHT(Tableau4[[#This Row],[file name]],LEN(Tableau4[[#This Row],[file name]])-SEARCH("@",Tableau4[[#This Row],[file name]])),LEN(RIGHT(Tableau4[[#This Row],[file name]],LEN(Tableau4[[#This Row],[file name]])-SEARCH("@",Tableau4[[#This Row],[file name]])))-SEARCH("/",RIGHT(Tableau4[[#This Row],[file name]],LEN(Tableau4[[#This Row],[file name]])-SEARCH("@",Tableau4[[#This Row],[file name]])))),1) -> A | C4: C:\Users\andre\Desktop\REACTIV CEFAS\Testosterone\Testosterone/20201116_Cefas_Test6-Run1/Plate 1/@1/A10_03.tif | D4: 4563.9078 | E4: 33.7488 | G4: 154026 | K4: Étiquettes de lignes | L4: 1 | M4: 13 | N4: 14 | O4: 15 | P4: 16 | Q4: 2 | R4: 3 | S4: 4 | T4: 5 | U4: 6 | V4: 7 | W4: 10 | X4: 11 | Y4: 12 | Z4: 17 | AA4: 18 | AB4: 19 | AC4: 20 | AD4: 21 | AE4: 8 | AF4: 9
A5: =IFERROR(LEFT(RIGHT(C5,LEN(C5)-SEARCH("@",C5)),SEARCH("/",RIGHT(C5,LEN(C5)-SEARCH("@",C5)-1))),"") -> 1 | B5: =LEFT(RIGHT(RIGHT(Tableau4[[#This Row],[file name]],LEN(Tableau4[[#This Row],[file name]])-SEARCH("@",Tableau4[[#This Row],[file name]])),LEN(RIGHT(Tableau4[[#This Row],[file name]],LEN(Tableau4[[#This Row],[file name]])-SEARCH("@",Tableau4[[#This Row],[file name]])))-SEARCH("/",RIGHT(Tableau4[[#This Row],[file name]],LEN(Tableau4[[#This Row],[file name]])-SEARCH("@",Tableau4[[#This Row],[file name]])))),1) -> B | C5: C:\Users\andre\Desktop\REACTIV CEFAS\Testosterone\Testosterone/20201116_Cefas_Test6-Run1/Plate 1/@1/B10_01.tif | D5: 3741.9718 | E5: 39.4566 | G5: 147646 | K5: A | L5: 209831.33 | M5: 1690989 | N5: 69677 | O5: 5102852.3 | P5: 50181.333 | Q5: 249277.33 | R5: 151596.67 | S5: 575607.33 | T5: 2841245.7 | U5: 3057292 | V5: 4148181 | W5: 653835.33 | X5: 2189414 | Y5: 1447905 | Z5: 2533415.7 | AA5: 2262148.3 | AB5: 1298795.7 | AC5: 2427724.7 | AD5: 3812312 | AE5: 73339.667 | AF5: 1012502.3
A6: =IFERROR(LEFT(RIGHT(C6,LEN(C6)-SEARCH("@",C6)),SEARCH("/",RIGHT(C6,LEN(C6)-SEARCH("@",C6)-1))),"") -> 1 | B6: =LEFT(RIGHT(RIGHT(Tableau4[[#This Row],[file name]],LEN(Tableau4[[#This Row],[file name]])-SEARCH("@",Tableau4[[#This Row],[file name]])),LEN(RIGHT(Tableau4[[#This Row],[file name]],LEN(Tableau4[[#This Row],[file name]])-SEARCH("@",Tableau4[[#This Row],[file name]])))-SEARCH("/",RIGHT(Tableau4[[#This Row],[file name]],LEN(Tableau4[[#This Row],[file name]])-SEARCH("@",Tableau4[[#This Row],[file name]])))),1) -> B | C6: C:\Users\andre\Desktop\REACTIV CEFAS\Testosterone\Testosterone/20201116_Cefas_Test6-Run1/Plate 1/@1/B10_02.tif | D6: 5818.4417 | E6: 39.7286 | G6: 231159 | K6: B | L6: 216753.33 | M6: 72424 | N6: 67434.667 | O6: 4121381.3 | P6: 133059.67 | Q6: 39035 | R6: 98070 | S6: 1837502.5 | T6: 1625371 | U6: 458013.33 | V6: 3753572.7 | W6: 802743 | X6: 420218.67 | Y6: 2740551 | Z6: 2744538.3 | AA6: 1332639.7 | AB6: 2069130 | AC6: 88070 | AE6: 466621.5 | AF6: 247900.33
A7: =IFERROR(LEFT(RIGHT(C7,LEN(C7)-SEARCH("@",C7)),SEARCH("/",RIGHT(C7,LEN(C7)-SEARCH("@",C7)-1))),"") -> 1 | B7: =LEFT(RIGHT(RIGHT(Tableau4[[#This Row],[file name]],LEN(Tableau4[[#This Row],[file name]])-SEARCH("@",Tableau4[[#This Row],[file name]])),LEN(RIGHT(Tableau4[[#This Row],[file name]],LEN(Tableau4[[#This Row],[file name]])-SEARCH("@",Tableau4[[#This Row],[file name]])))-SEARCH("/",RIGHT(Tableau4[[#This Row],[file name]],LEN(Tableau4[[#This Row],[file name]])-SEARCH("@",Tableau4[[#This Row],[file name]])))),1) -> B | C7: C:\Users\andre\Desktop\REACTIV CEFAS\Testosterone\Testosterone/20201116_Cefas_Test6-Run1/Plate 1/@1/B10_03.tif | D7: 7246.0147 | E7: 37.4627 | G7: 271455 | K7: C | L7: 419093.67 | M7: 1480696 | N7: 1772274.3 | O7: 3965228.7 | P7: 87741.5 | Q7: 158482.33 | R7: 200970.67 | S7: 283315.67 | T7: 2885074.7 | U7: 3176144.5 | V7: 5196171.3 | W7: 1108928.7 | X7: 2273792.3 | Z7: 582688 | AA7: 1975480 | AB7: 78235 | AC7: 2548211 | AD7: 3468173.3 | AE7: 248621.33 | AF7: 265312.33
A8: =IFERROR(LEFT(RIGHT(C8,LEN(C8)-SEARCH("@",C8)),SEARCH("/",RIGHT(C8,LEN(C8)-SEARCH("@",C8)-1))),"") -> 1 | B8: =LEFT(RIGHT(RIGHT(Tableau4[[#This Row],[file name]],LEN(Tableau4[[#This Row],[file name]])-SEARCH("@",Tableau4[[#This Row],[file name]])),LEN(RIGHT(Tableau4[[#This Row],[file name]],LEN(Tableau4[[#This Row],[file name]])-SEARCH("@",Tableau4[[#This Row],[file name]])))-SEARCH("/",RIGHT(Tableau4[[#This Row],[file name]],LEN(Tableau4[[#This Row],[file name]])-SEARCH("@",Tableau4[[#This Row],[file name]])))),1) -> C | C8: C:\Users\andre\Desktop\REACTIV CEFAS\Testosterone\Testosterone/20201116_Cefas_Test6-Run1/Plate 1/@1/C10_01.tif | D8: 14297.3603 | E8: 43.6263 | G8: 623741 | K8: D | L8: 213660.33 | M8: 1059713.5 | O8: 3489421.3 | P8: 55019.333 | Q8: 170876 | R8: 196478.67 | S8: 2692467.3 | T8: 2233452.3 | U8: 3915479.7 | V8: 4267585.3 | W8: 1739930.7 | X8: 3698322.7 | Y8: 3041877 | Z8: 1989135.7 | AA8: 2921074 | AB8: 375999.67 | AC8: 454696.67 | AD8: 2352049 | AE8: 693368 | AF8: 462879.67
A9: =IFERROR(LEFT(RIGHT(C9,LEN(C9)-SEARCH("@",C9)),SEARCH("/",RIGHT(C9,LEN(C9)-SEARCH("@",C9)-1))),"") -> 1 | B9: =LEFT(RIGHT(RIGHT(Tableau4[[#This Row],[file name]],LEN(Tableau4[[#This Row],[file name]])-SEARCH("@",Tableau4[[#This Row],[file name]])),LEN(RIGHT(Tableau4[[#This Row],[file name]],LEN(Tableau4[[#This Row],[file name]])-SEARCH("@",Tableau4[[#This Row],[file name]])))-SEARCH("/",RIGHT(Tableau4[[#This Row],[file name]],LEN(Tableau4[[#This Row],[file name]])-SEARCH("@",Tableau4[[#This Row],[file name]])))),1) -> C | C9: C:\Users\andre\Desktop\REACTIV CEFAS\Testosterone\Testosterone/20201116_Cefas_Test6-Run1/Plate 1/@1/C10_02.tif | D9: 11398.9545 | E9: 42.8577 | G9: 488533 | K9: E | L9: 297079.33 | M9: 337325.33 | N9: 378660.33 | O9: 1875780.7 | P9: 277677 | R9: 122757 | S9: 217106.33 | T9: 3019374.7 | U9: 4671148.7 | V9: 4224059 | W9: 1908427 | X9: 1352654.3 | Y9: 1577627 | Z9: 120781.33 | AA9: 2636504 | AB9: 1832268 | AC9: 195880.67 | AD9: 1029958 | AE9: 482866 | AF9: 383260
A10: =IFERROR(LEFT(RIGHT(C10,LEN(C10)-SEARCH("@",C10)),SEARCH("/",RIGHT(C10,LEN(C10)-SEARCH("@",C10)-1))),"") -> 1 | B10: =LEFT(RIGHT(RIGHT(Tableau4[[#This Row],[file name]],LEN(Tableau4[[#This Row],[file name]])-SEARCH("@",Tableau4[[#This Row],[file name]])),LEN(RIGHT(Tableau4[[#This Row],[file name]],LEN(Tableau4[[#This Row],[file name]])-SEARCH("@",Tableau4[[#This Row],[file name]])))-SEARCH("/",RIGHT(Tableau4[[#This Row],[file name]],LEN(Tableau4[[#This Row],[file name]])-SEARCH("@",Tableau4[[#This Row],[file name]])))),1) -> C | C10: C:\Users\andre\Desktop\REACTIV CEFAS\Testosterone\Testosterone/20201116_Cefas_Test6-Run1/Plate 1/@1/C10_03.tif | D10: 3893.381 | E10: 37.2444 | G10: 145007 | K10: F | L10: 125057 | M10: 2049014 | N10: 530365 | O10: 2992027.3 | P10: 32127.667 | Q10: 548231.33 | R10: 128229.33 | S10: 129245.67 | T10: 1470371.3 | U10: 3020247 | V10: 4025316.3 | W10: 272053.67 | X10: 3893013.3 | Y10: 3377832.3 | Z10: 410160.67 | AA10: 2718863 | AB10: 39453 | AC10: 338443 | AD10: 1568275.3 | AE10: 348306 | AF10: 1379154.5
A11: =IFERROR(LEFT(RIGHT(C11,LEN(C11)-SEARCH("@",C11)),SEARCH("/",RIGHT(C11,LEN(C11)-SEARCH("@",C11)-1))),"") -> 1 | B11: =LEFT(RIGHT(RIGHT(Tableau4[[#This Row],[file name]],LEN(Tableau4[[#This Row],[file name]])-SEARCH("@",Tableau4[[#This Row],[file name]])),LEN(RIGHT(Tableau4[[#This Row],[file name]],LEN(Tableau4[[#This Row],[file name]])-SEARCH("@",Tableau4[[#This Row],[file name]])))-SEARCH("/",RIGHT(Tableau4[[#This Row],[file name]],LEN(Tableau4[[#This Row],[file name]])-SEARCH("@",Tableau4[[#This Row],[file name]])))),1) -> D | C11: C:\Users\andre\Desktop\REACTIV CEFAS\Testosterone\Testosterone/20201116_Cefas_Test6-Run1/Plate 1/@1/D10_01.tif | D11: 10166.0505 | E11: 41.4787 | G11: 421675 | K11: G | L11: 104083.33 | M11: 24824 | N11: 185483.67 | O11: 3668877 | P11: 85200 | Q11: 184849.33 | R11: 666510.67 | S11: 1235312.3 | T11: 2724429.7 | V11: 5225458 | W11: 171618.67 | X11: 182470 | Y11: 2412468.3 | Z11: 442944.33 | AA11: 1241029.3 | AB11: 3218398.7 | AC11: 919097.67 | AD11: 1886696.3 | AE11: 139447.67 | AF11: 180631
A12: =IFERROR(LEFT(RIGHT(C12,LEN(C12)-SEARCH("@",C12)),SEARCH("/",RIGHT(C12,LEN(C12)-SEARCH("@",C12)-1))),"") -> 1 | B12: =LEFT(RIGHT(RIGHT(Tableau4[[#This Row],[file name]],LEN(Tableau4[[#This Row],[file name]])-SEARCH("@",Tableau4[[#This Row],[file name]])),LEN(RIGHT(Tableau4[[#This Row],[file name]],LEN(Tableau4[[#This Row],[file name]])-SEARCH("@",Tableau4[[#This Row],[file name]])))-SEARCH("/",RIGHT(Tableau4[[#This Row],[file name]],LEN(Tableau4[[#This Row],[file name]])-SEARCH("@",Tableau4[[#This Row],[file name]])))),1) -> D | C12: C:\Users\andre\Desktop\REACTIV CEFAS\Testosterone\Testosterone/20201116_Cefas_Test6-Run1/Plate 1/@1/D10_02.tif | D12: 5083.0252 | E12: 40.0809 | G12: 203732 | K12: H | L12: 83080.333 | M12: 484726 | N12: 693533.33 | O12: 3375410 | P12: 197726 | Q12: 67319.333 | R12: 154502.33 | S12: 2268053 | T12: 2656165.7 | U12: 1460508.3 | V12: 3912307.3 | W12: 2017788.3 | X12: 1695300.3 | Y12: 3572350.3 | Z12: 961787.67 | AA12: 296481 | AB12: 488208.33 | AC12: 2417097.5 | AD12: 102417.67 | AE12: 48797 | AF12: 346136
A13: =IFERROR(LEFT(RIGHT(C13,LEN(C13)-SEARCH("@",C13)),SEARCH("/",RIGHT(C13,LEN(C13)-SEARCH("@",C13)-1))),"") -> 1 | B13: =LEFT(RIGHT(RIGHT(Tableau4[[#This Row],[file name]],LEN(Tableau4[[#This Row],[file name]])-SEARCH("@",Tableau4[[#This Row],[file name]])),LEN(RIGHT(Tableau4[[#This Row],[file name]],LEN(Tableau4[[#This Row],[file name]])-SEARCH("@",Tableau4[[#This Row],[file name]])))-SEARCH("/",RIGHT(Tableau4[[#This Row],[file name]],LEN(Tableau4[[#This Row],[file name]])-SEARCH("@",Tableau4[[#This Row],[file name]])))),1) -> D | C13: C:\Users\andre\Desktop\REACTIV CEFAS\Testosterone\Testosterone/20201116_Cefas_Test6-Run1/Plate 1/@1/D10_03.tif | D13: 497.4876 | E13: 31.3043 | G13: 15574
A14: =IFERROR(LEFT(RIGHT(C14,LEN(C14)-SEARCH("@",C14)),SEARCH("/",RIGHT(C14,LEN(C14)-SEARCH("@",C14)-1))),"") -> 1 | B14: =LEFT(RIGHT(RIGHT(Tableau4[[#This Row],[file name]],LEN(Tableau4[[#This Row],[file name]])-SEARCH("@",Tableau4[[#This Row],[file name]])),LEN(RIGHT(Tableau4[[#This Row],[file name]],LEN(Tableau4[[#This Row],[file name]])-SEARCH("@",Tableau4[[#This Row],[file name]])))-SEARCH("/",RIGHT(Tableau4[[#This Row],[file name]],LEN(Tableau4[[#This Row],[file name]])-SEARCH("@",Tableau4[[#This Row],[file name]])))),1) -> E | C14: C:\Users\andre\Desktop\REACTIV CEFAS\Testosterone\Testosterone/20201116_Cefas_Test6-Run1/Plate 1/@1/E10_01.tif | D14: 7332.5343 | E14: 37.8643 | G14: 277641
A15: =IFERROR(LEFT(RIGHT(C15,LEN(C15)-SEARCH("@",C15)),SEARCH("/",RIGHT(C15,LEN(C15)-SEARCH("@",C15)-1))),"") -> 1 | B15: =LEFT(RIGHT(RIGHT(Tableau4[[#This Row],[file name]],LEN(Tableau4[[#This Row],[file name]])-SEARCH("@",Tableau4[[#This Row],[file name]])),LEN(RIGHT(Tableau4[[#This Row],[file name]],LEN(Tableau4[[#This Row],[file name]])-SEARCH("@",Tableau4[[#This Row],[file name]])))-SEARCH("/",RIGHT(Tableau4[[#This Row],[file name]],LEN(Tableau4[[#This Row],[file name]])-SEARCH("@",Tableau4[[#This Row],[file name]])))),1) -> E | C15: C:\Users\andre\Desktop\REACTIV CEFAS\Testosterone\Testosterone/20201116_Cefas_Test6-Run1/Plate 1/@1/E10_02.tif | D15: 7072.9755 | E15: 34.7034 | G15: 245456
A16: =IFERROR(LEFT(RIGHT(C16,LEN(C16)-SEARCH("@",C16)),SEARCH("/",RIGHT(C16,LEN(C16)-SEARCH("@",C16)-1))),"") -> 1 | B16: =LEFT(RIGHT(RIGHT(Tableau4[[#This Row],[file name]],LEN(Tableau4[[#This Row],[file name]])-SEARCH("@",Tableau4[[#This Row],[file name]])),LEN(RIGHT(Tableau4[[#This Row],[file name]],LEN(Tableau4[[#This Row],[file name]])-SEARCH("@",Tableau4[[#This Row],[file name]])))-SEARCH("/",RIGHT(Tableau4[[#This Row],[file name]],LEN(Tableau4[[#This Row],[file name]])-SEARCH("@",Tableau4[[#This Row],[file name]])))),1) -> E | C16: C:\Users\andre\Desktop\REACTIV CEFAS\Testosterone\Testosterone/20201116_Cefas_Test6-Run1/Plate 1/@1/E10_03.tif | D16: 10295.8298 | E16: 35.7563 | G16: 368141
A17: =IFERROR(LEFT(RIGHT(C17,LEN(C17)-SEARCH("@",C17)),SEARCH("/",RIGHT(C17,LEN(C17)-SEARCH("@",C17)-1))),"") -> 1 | B17: =LEFT(RIGHT(RIGHT(Tableau4[[#This Row],[file name]],LEN(Tableau4[[#This Row],[file name]])-SEARCH("@",Tableau4[[#This Row],[file name]])),LEN(RIGHT(Tableau4[[#This Row],[file name]],LEN(Tableau4[[#This Row],[file name]])-SEARCH("@",Tableau4[[#This Row],[file name]])))-SEARCH("/",RIGHT(Tableau4[[#This Row],[file name]],LEN(Tableau4[[#This Row],[file name]])-SEARCH("@",Tableau4[[#This Row],[file name]])))),1) -> F | C17: C:\Users\andre\Desktop\REACTIV CEFAS\Testosterone\Testosterone/20201116_Cefas_Test6-Run1/Plate 1/@1/F10_01.tif | D17: 4996.5057 | E17: 36.4719 | G17: 182232
A18: =IFERROR(LEFT(RIGHT(C18,LEN(C18)-SEARCH("@",C18)),SEARCH("/",RIGHT(C18,LEN(C18)-SEARCH("@",C18)-1))),"") -> 1 | B18: =LEFT(RIGHT(RIGHT(Tableau4[[#This Row],[file name]],LEN(Tableau4[[#This Row],[file name]])-SEARCH("@",Tableau4[[#This Row],[file name]])),LEN(RIGHT(Tableau4[[#This Row],[file name]],LEN(Tableau4[[#This Row],[file name]])-SEARCH("@",Tableau4[[#This Row],[file name]])))-SEARCH("/",RIGHT(Tableau4[[#This Row],[file name]],LEN(Tableau4[[#This Row],[file name]])-SEARCH("@",Tableau4[[#This Row],[file name]])))),1) -> F | C18: C:\Users\andre\Desktop\REACTIV CEFAS\Testosterone\Testosterone/20201116_Cefas_Test6-Run1/Plate 1/@1/F10_02.tif | D18: 2898.4059 | E18: 35.7388 | G18: 103586
A19: =IFERROR(LEFT(RIGHT(C19,LEN(C19)-SEARCH("@",C19)),SEARCH("/",RIGHT(C19,LEN(C19)-SEARCH("@",C19)-1))),"") -> 1 | B19: =LEFT(RIGHT(RIGHT(Tableau4[[#This Row],[file name]],LEN(Tableau4[[#This Row],[file name]])-SEARCH("@",Tableau4[[#This Row],[file name]])),LEN(RIGHT(Tableau4[[#This Row],[file name]],LEN(Tableau4[[#This Row],[file name]])-SEARCH("@",Tableau4[[#This Row],[file name]])))-SEARCH("/",RIGHT(Tableau4[[#This Row],[file name]],LEN(Tableau4[[#This Row],[file name]])-SEARCH("@",Tableau4[[#This Row],[file name]])))),1) -> F | C19: C:\Users\andre\Desktop\REACTIV CEFAS\Testosterone\Testosterone/20201116_Cefas_Test6-Run1/Plate 1/@1/F10_03.tif | D19: 2660.477 | E19: 33.5854 | G19: 89353
A20: =IFERROR(LEFT(RIGHT(C20,LEN(C20)-SEARCH("@",C20)),SEARCH("/",RIGHT(C20,LEN(C20)-SEARCH("@",C20)-1))),"") -> 1 | B20: =LEFT(RIGHT(RIGHT(Tableau4[[#This Row],[file name]],LEN(Tableau4[[#This Row],[file name]])-SEARCH("@",Tableau4[[#This Row],[file name]])),LEN(RIGHT(Tableau4[[#This Row],[file name]],LEN(Tableau4[[#This Row],[file name]])-SEARCH("@",Tableau4[[#This Row],[file name]])))-SEARCH("/",RIGHT(Tableau4[[#This Row],[file name]],LEN(Tableau4[[#This Row],[file name]])-SEARCH("@",Tableau4[[#This Row],[file name]])))),1) -> G | C20: C:\Users\andre\Desktop\REACTIV CEFAS\Testosterone\Testosterone/20201116_Cefas_Test6-Run1/Plate 1/@1/G10_01.tif | D20: 4412.4985 | E20: 37.0343 | G20: 163414
A21: =IFERROR(LEFT(RIGHT(C21,LEN(C21)-SEARCH("@",C21)),SEARCH("/",RIGHT(C21,LEN(C21)-SEARCH("@",C21)-1))),"") -> 1 | B21: =LEFT(RIGHT(RIGHT(Tableau4[[#This Row],[file name]],LEN(Tableau4[[#This Row],[file name]])-SEARCH("@",Tableau4[[#This Row],[file name]])),LEN(RIGHT(Tableau4[[#This Row],[file name]],LEN(Tableau4[[#This Row],[file name]])-SEARCH("@",Tableau4[[#This Row],[file name]])))-SEARCH("/",RIGHT(Tableau4[[#This Row],[file name]],LEN(Tableau4[[#This Row],[file name]])-SEARCH("@",Tableau4[[#This Row],[file name]])))),1) -> G | C21: C:\Users\andre\Desktop\REACTIV CEFAS\Testosterone\Testosterone/20201116_Cefas_Test6-Run1/Plate 1/@1/G10_02.tif | D21: 3655.4522 | E21: 40.3609 | G21: 147538
A22: =IFERROR(LEFT(RIGHT(C22,LEN(C22)-SEARCH("@",C22)),SEARCH("/",RIGHT(C22,LEN(C22)-SEARCH("@",C22)-1))),"") -> 1 | B22: =LEFT(RIGHT(RIGHT(Tableau4[[#This Row],[file name]],LEN(Tableau4[[#This Row],[file name]])-SEARCH("@",Tableau4[[#This Row],[file name]])),LEN(RIGHT(Tableau4[[#This Row],[file name]],LEN(Tableau4[[#This Row],[file name]])-SEARCH("@",Tableau4[[#This Row],[file name]])))-SEARCH("/",RIGHT(Tableau4[[#This Row],[file name]],LEN(Tableau4[[#This Row],[file name]])-SEARCH("@",Tableau4[[#This Row],[file name]])))),1) -> G | C22: C:\Users\andre\Desktop\REACTIV CEFAS\Testosterone\Testosterone/20201116_Cefas_Test6-Run1/Plate 1/@1/G10_03.tif | D22: 43.2598 | E22: 30 | G22: 1298
A23: =IFERROR(LEFT(RIGHT(C23,LEN(C23)-SEARCH("@",C23)),SEARCH("/",RIGHT(C23,LEN(C23)-SEARCH("@",C23)-1))),"") -> 1 | B23: =LEFT(RIGHT(RIGHT(Tableau4[[#This Row],[file name]],LEN(Tableau4[[#This Row],[file name]])-SEARCH("@",Tableau4[[#This Row],[file name]])),LEN(RIGHT(Tableau4[[#This Row],[file name]],LEN(Tableau4[[#This Row],[file name]])-SEARCH("@",Tableau4[[#This Row],[file name]])))-SEARCH("/",RIGHT(Tableau4[[#This Row],[file name]],LEN(Tableau4[[#This Row],[file name]])-SEARCH("@",Tableau4[[#This Row],[file name]])))),1) -> H | C23: C:\Users\andre\Desktop\REACTIV CEFAS\Testosterone\Testosterone/20201116_Cefas_Test6-Run1/Plate 1/@1/H10_01.tif | D23: 1124.7545 | E23: 32.8269 | G23: 36922
A24: =IFERROR(LEFT(RIGHT(C24,LEN(C24)-SEARCH("@",C24)),SEARCH("/",RIGHT(C24,LEN(C24)-SEARCH("@",C24)-1))),"") -> 1 | B24: =LEFT(RIGHT(RIGHT(Tableau4[[#This Row],[file name]],LEN(Tableau4[[#This Row],[file name]])-SEARCH("@",Tableau4[[#This Row],[file name]])),LEN(RIGHT(Tableau4[[#This Row],[file name]],LEN(Tableau4[[#This Row],[file name]])-SEARCH("@",Tableau4[[#This Row],[file name]])))-SEARCH("/",RIGHT(Tableau4[[#This Row],[file name]],LEN(Tableau4[[#This Row],[file name]])-SEARCH("@",Tableau4[[#This Row],[file name]])))),1) -> H | C24: C:\Users\andre\Desktop\REACTIV CEFAS\Testosterone\Testosterone/20201116_Cefas_Test6-Run1/Plate 1/@1/H10_02.tif | D24: 3071.445 | E24: 36.2113 | G24: 111221
A25: =IFERROR(LEFT(RIGHT(C25,LEN(C25)-SEARCH("@",C25)),SEARCH("/",RIGHT(C25,LEN(C25)-SEARCH("@",C25)-1))),"") -> 1 | B25: =LEFT(RIGHT(RIGHT(Tableau4[[#This Row],[file name]],LEN(Tableau4[[#This Row],[file name]])-SEARCH("@",Tableau4[[#This Row],[file name]])),LEN(RIGHT(Tableau4[[#This Row],[file name]],LEN(Tableau4[[#This Row],[file name]])-SEARCH("@",Tableau4[[#This Row],[file name]])))-SEARCH("/",RIGHT(Tableau4[[#This Row],[file name]],LEN(Tableau4[[#This Row],[file name]])-SEARCH("@",Tableau4[[#This Row],[file name]])))),1) -> H | C25: C:\Users\andre\Desktop\REACTIV CEFAS\Testosterone\Testosterone/20201116_Cefas_Test6-Run1/Plate 1/@1/H10_03.tif | D25: 2876.776 | E25: 35.1429 | G25: 101098
A26: =IFERROR(LEFT(RIGHT(C26,LEN(C26)-SEARCH("@",C26)),SEARCH("/",RIGHT(C26,LEN(C26)-SEARCH("@",C26)-1))),"") | B26: =LEFT(RIGHT(RIGHT(Tableau4[[#This Row],[file name]],LEN(Tableau4[[#This Row],[file name]])-SEARCH("@",Tableau4[[#This Row],[file name]])),LEN(RIGHT(Tableau4[[#This Row],[file name]],LEN(Tableau4[[#This Row],[file name]])-SEARCH("@",Tableau4[[#This Row],[file name]])))-SEARCH("/",RIGHT(Tableau4[[#This Row],[file name]],LEN(Tableau4[[#This Row],[file name]])-SEARCH("@",Tableau4[[#This Row],[file name]])))),1) -> #VALUE!
A27: =IFERROR(LEFT(RIGHT(C27,LEN(C27)-SEARCH("@",C27)),SEARCH("/",RIGHT(C27,LEN(C27)-SEARCH("@",C27)-1))),"") | B27: =LEFT(RIGHT(RIGHT(Tableau4[[#This Row],[file name]],LEN(Tableau4[[#This Row],[file name]])-SEARCH("@",Tableau4[[#This Row],[file name]])),LEN(RIGHT(Tableau4[[#This Row],[file name]],LEN(Tableau4[[#This Row],[file name]])-SEARCH("@",Tableau4[[#This Row],[file name]])))-SEARCH("/",RIGHT(Tableau4[[#This Row],[file name]],LEN(Tableau4[[#This Row],[file name]])-SEARCH("@",Tableau4[[#This Row],[file name]])))),1) -> #VALUE! | C27: group | E27: mean of mean fluo | F27: SD mean fluo | G27: mean of total fluo | H27: SD total fluo | I27: n fluorescent | J27: n total
A28: =IFERROR(LEFT(RIGHT(C28,LEN(C28)-SEARCH("@",C28)),SEARCH("/",RIGHT(C28,LEN(C28)-SEARCH("@",C28)-1))),"") -> 1 | B28: =LEFT(RIGHT(RIGHT(Tableau4[[#This Row],[file name]],LEN(Tableau4[[#This Row],[file name]])-SEARCH("@",Tableau4[[#This Row],[file name]])),LEN(RIGHT(Tableau4[[#This Row],[file name]],LEN(Tableau4[[#This Row],[file name]])-SEARCH("@",Tableau4[[#This Row],[file name]])))-SEARCH("/",RIGHT(Tableau4[[#This Row],[file name]],LEN(Tableau4[[#This Row],[file name]])-SEARCH("@",Tableau4[[#This Row],[file name]])))),1) | C28: C:\Users\andre\Desktop\REACTIV CEFAS\Testosterone\Testosterone/20201116_Cefas_Test6-Run1/Plate 1/@1/ | E28: 37.1034 | F28: 3.4538 | G28: 208579.833 | H28: 153416.885 | I28: 24 | J28: 24
A29: =IFERROR(LEFT(RIGHT(C29,LEN(C29)-SEARCH("@",C29)),SEARCH("/",RIGHT(C29,LEN(C29)-SEARCH("@",C29)-1))),"") | B29: =LEFT(RIGHT(RIGHT(Tableau4[[#This Row],[file name]],LEN(Tableau4[[#This Row],[file name]])-SEARCH("@",Tableau4[[#This Row],[file name]])),LEN(RIGHT(Tableau4[[#This Row],[file name]],LEN(Tableau4[[#This Row],[file name]])-SEARCH("@",Tableau4[[#This Row],[file name]])))-SEARCH("/",RIGHT(Tableau4[[#This Row],[file name]],LEN(Tableau4[[#This Row],[file name]])-SEARCH("@",Tableau4[[#This Row],[file name]])))),1) -> #VALUE!
A30: =IFERROR(LEFT(RIGHT(C30,LEN(C30)-SEARCH("@",C30)),SEARCH("/",RIGHT(C30,LEN(C30)-SEARCH("@",C30)-1))),"") | B30: =LEFT(RIGHT(RIGHT(Tableau4[[#This Row],[file name]],LEN(Tableau4[[#This Row],[file name]])-SEARCH("@",Tableau4[[#This Row],[file name]])),LEN(RIGHT(Tableau4[[#This Row],[file name]],LEN(Tableau4[[#This Row],[file name]])-SEARCH("@",Tableau4[[#This Row],[file name]])))-SEARCH("/",RIGHT(Tableau4[[#This Row],[file name]],LEN(Tableau4[[#This Row],[file name]])-SEARCH("@",Tableau4[[#This Row],[file name]])))),1) -> #VALUE!
A31: =IFERROR(LEFT(RIGHT(C31,LEN(C31)-SEARCH("@",C31)),SEARCH("/",RIGHT(C31,LEN(C31)-SEARCH("@",C31)-1))),"") | B31: =LEFT(RIGHT(RIGHT(Tableau4[[#This Row],[file name]],LEN(Tableau4[[#This Row],[file name]])-SEARCH("@",Tableau4[[#This Row],[file name]])),LEN(RIGHT(Tableau4[[#This Row],[file name]],LEN(Tableau4[[#This Row],[file name]])-SEARCH("@",Tableau4[[#This Row],[file name]])))-SEARCH("/",RIGHT(Tableau4[[#This Row],[file name]],LEN(Tableau4[[#This Row],[file name]])-SEARCH("@",Tableau4[[#This Row],[file name]])))),1) -> #VALUE!
A32: =IFERROR(LEFT(RIGHT(C32,LEN(C32)-SEARCH("@",C32)),SEARCH("/",RIGHT(C32,LEN(C32)-SEARCH("@",C32)-1))),"") | B32: =LEFT(RIGHT(RIGHT(Tableau4[[#This Row],[file name]],LEN(Tableau4[[#This Row],[file name]])-SEARCH("@",Tableau4[[#This Row],[file name]])),LEN(RIGHT(Tableau4[[#This Row],[file name]],LEN(Tableau4[[#This Row],[file name]])-SEARCH("@",Tableau4[[#This Row],[file name]])))-SEARCH("/",RIGHT(Tableau4[[#This Row],[file name]],LEN(Tableau4[[#This Row],[file name]])-SEARCH("@",Tableau4[[#This Row],[file name]])))),1) -> #VALUE!
A33: =IFERROR(LEFT(RIGHT(C33,LEN(C33)-SEARCH("@",C33)),SEARCH("/",RIGHT(C33,LEN(C33)-SEARCH("@",C33)-1))),"") | B33: =LEFT(RIGHT(RIGHT(Tableau4[[#This Row],[file name]],LEN(Tableau4[[#This Row],[file name]])-SEARCH("@",Tableau4[[#This Row],[file name]])),LEN(RIGHT(Tableau4[[#This Row],[file name]],LEN(Tableau4[[#This Row],[file name]])-SEARCH("@",Tableau4[[#This Row],[file name]])))-SEARCH("/",RIGHT(Tableau4[[#This Row],[file name]],LEN(Tableau4[[#This Row],[file name]])-SEARCH("@",Tableau4[[#This Row],[file name]])))),1) -> #VALUE!
A34: =IFERROR(LEFT(RIGHT(C34,LEN(C34)-SEARCH("@",C34)),SEARCH("/",RIGHT(C34,LEN(C34)-SEARCH("@",C34)-1))),"") | B34: =LEFT(RIGHT(RIGHT(Tableau4[[#This Row],[file name]],LEN(Tableau4[[#This Row],[file name]])-SEARCH("@",Tableau4[[#This Row],[file name]])),LEN(RIGHT(Tableau4[[#This Row],[file name]],LEN(Tableau4[[#This Row],[file name]])-SEARCH("@",Tableau4[[#This Row],[file name]])))-SEARCH("/",RIGHT(Tableau4[[#This Row],[file name]],LEN(Tableau4[[#This Row],[file name]])-SEARCH("@",Tableau4[[#This Row],[file name]])))),1) -> #VALUE! | C34: file name | D34: total area | E34: mean intensity | G34: total fluorescence
A35: =IFERROR(LEFT(RIGHT(C35,LEN(C35)-SEARCH("@",C35)),SEARCH("/",RIGHT(C35,LEN(C35)-SEARCH("@",C35)-1))),"") -> 13 | B35: =LEFT(RIGHT(RIGHT(Tableau4[[#This Row],[file name]],LEN(Tableau4[[#This Row],[file name]])-SEARCH("@",Tableau4[[#This Row],[file name]])),LEN(RIGHT(Tableau4[[#This Row],[file name]],LEN(Tableau4[[#This Row],[file name]])-SEARCH("@",Tableau4[[#This Row],[file name]])))-SEARCH("/",RIGHT(Tableau4[[#This Row],[file name]],LEN(Tableau4[[#This Row],[file name]])-SEARCH("@",Tableau4[[#This Row],[file name]])))),1) -> A | C35: C:\Users\andre\Desktop\REACTIV CEFAS\Testosterone\Testosterone/20201116_Cefas_Test6-Run1/Plate 1/@13/A8_01.tif | D35: 54658.7437 | E35: 36.9577 | G35: 2020059
A36: =IFERROR(LEFT(RIGHT(C36,LEN(C36)-SEARCH("@",C36)),SEARCH("/",RIGHT(C36,LEN(C36)-SEARCH("@",C36)-1))),"") -> 13 | B36: =LEFT(RIGHT(RIGHT(Tableau4[[#This Row],[file name]],LEN(Tableau4[[#This Row],[file name]])-SEARCH("@",Tableau4[[#This Row],[file name]])),LEN(RIGHT(Tableau4[[#This Row],[file name]],LEN(Tableau4[[#This Row],[file name]])-SEARCH("@",Tableau4[[#This Row],[file name]])))-SEARCH("/",RIGHT(Tableau4[[#This Row],[file name]],LEN(Tableau4[[#This Row],[file name]])-SEARCH("@",Tableau4[[#This Row],[file name]])))),1) -> A | C36: C:\Users\andre\Desktop\REACTIV CEFAS\Testosterone\Testosterone/20201116_Cefas_Test6-Run1/Plate 1/@13/A8_02.tif | D36: 38782.4011 | E36: 34.9927 | G36: 1357103
A37: =IFERROR(LEFT(RIGHT(C37,LEN(C37)-SEARCH("@",C37)),SEARCH("/",RIGHT(C37,LEN(C37)-SEARCH("@",C37)-1))),"") -> 13 | B37: =LEFT(RIGHT(RIGHT(Tableau4[[#This Row],[file name]],LEN(Tableau4[[#This Row],[file name]])-SEARCH("@",Tableau4[[#This Row],[file name]])),LEN(RIGHT(Tableau4[[#This Row],[file name]],LEN(Tableau4[[#This Row],[file name]])-SEARCH("@",Tableau4[[#This Row],[file name]])))-SEARCH("/",RIGHT(Tableau4[[#This Row],[file name]],LEN(Tableau4[[#This Row],[file name]])-SEARCH("@",Tableau4[[#This Row],[file name]])))),1) -> A | C37: C:\Users\andre\Desktop\REACTIV CEFAS\Testosterone\Testosterone/20201116_Cefas_Test6-Run1/Plate 1/@13/A8_03.tif | D37: 47758.8073 | E37: 35.5077 | G37: 1695805
A38: =IFERROR(LEFT(RIGHT(C38,LEN(C38)-SEARCH("@",C38)),SEARCH("/",RIGHT(C38,LEN(C38)-SEARCH("@",C38)-1))),"") -> 13 | B38: =LEFT(RIGHT(RIGHT(Tableau4[[#This Row],[file name]],LEN(Tableau4[[#This Row],[file name]])-SEARCH("@",Tableau4[[#This Row],[file name]])),LEN(RIGHT(Tableau4[[#This Row],[file name]],LEN(Tableau4[[#This Row],[file name]])-SEARCH("@",Tableau4[[#This Row],[file name]])))-SEARCH("/",RIGHT(Tableau4[[#This Row],[file name]],LEN(Tableau4[[#This Row],[file name]])-SEARCH("@",Tableau4[[#This Row],[file name]])))),1) -> B | C38: C:\Users\andre\Desktop\REACTIV CEFAS\Testosterone\Testosterone/20201116_Cefas_Test6-Run1/Plate 1/@13/B8_01.tif | D38: 994.9752 | E38: 31.6957 | G38: 31536
A39: =IFERROR(LEFT(RIGHT(C39,LEN(C39)-SEARCH("@",C39)),SEARCH("/",RIGHT(C39,LEN(C39)-SEARCH("@",C39)-1))),"") -> 13 | B39: =LEFT(RIGHT(RIGHT(Tableau4[[#This Row],[file name]],LEN(Tableau4[[#This Row],[file name]])-SEARCH("@",Tableau4[[#This Row],[file name]])),LEN(RIGHT(Tableau4[[#This Row],[file name]],LEN(Tableau4[[#This Row],[file name]])-SEARCH("@",Tableau4[[#This Row],[file name]])))-SEARCH("/",RIGHT(Tableau4[[#This Row],[file name]],LEN(Tableau4[[#This Row],[file name]])-SEARCH("@",Tableau4[[#This Row],[file name]])))),1) -> B | C39: C:\Users\andre\Desktop\REACTIV CEFAS\Testosterone\Testosterone/20201116_Cefas_Test6-Run1/Plate 1/@13/B8_02.tif | D39: 1427.573 | E39: 31.1061 | G39: 44406
A40: =IFERROR(LEFT(RIGHT(C40,LEN(C40)-SEARCH("@",C40)),SEARCH("/",RIGHT(C40,LEN(C40)-SEARCH("@",C40)-1))),"") -> 13 | B40: =LEFT(RIGHT(RIGHT(Tableau4[[#This Row],[file name]],LEN(Tableau4[[#This Row],[file name]])-SEARCH("@",Tableau4[[#This Row],[file name]])),LEN(RIGHT(Tableau4[[#This Row],[file name]],LEN(Tableau4[[#This Row],[file name]])-SEARCH("@",Tableau4[[#This Row],[file name]])))-SEARCH("/",RIGHT(Tableau4[[#This Row],[file name]],LEN(Tableau4[[#This Row],[file name]])-SEARCH("@",Tableau4[[#This Row],[file name]])))),1) -> B | C40: C:\Users\andre\Desktop\REACTIV CEFAS\Testosterone\Testosterone/20201116_Cefas_Test6-Run1/Plate 1/@13/B8_03.tif | D40: 4455.7583 | E40: 31.7184 | G40: 141330
A41: =IFERROR(LEFT(RIGHT(C41,LEN(C41)-SEARCH("@",C41)),SEARCH("/",RIGHT(C41,LEN(C41)-SEARCH("@",C41)-1))),"") -> 13 | B41: =LEFT(RIGHT(RIGHT(Tableau4[[#This Row],[file name]],LEN(Tableau4[[#This Row],[file name]])-SEARCH("@",Tableau4[[#This Row],[file name]])),LEN(RIGHT(Tableau4[[#This Row],[file name]],LEN(Tableau4[[#This Row],[file name]])-SEARCH("@",Tableau4[[#This Row],[file name]])))-SEARCH("/",RIGHT(Tableau4[[#This Row],[file name]],LEN(Tableau4[[#This Row],[file name]])-SEARCH("@",Tableau4[[#This Row],[file name]])))),1) -> C | C41: C:\Users\andre\Desktop\REACTIV CEFAS\Testosterone\Testosterone/20201116_Cefas_Test6-Run1/Plate 1/@13/C8_01.tif | D41: 47196.4301 | E41: 36.9418 | G41: 1743521
A42: =IFERROR(LEFT(RIGHT(C42,LEN(C42)-SEARCH("@",C42)),SEARCH("/",RIGHT(C42,LEN(C42)-SEARCH("@",C42)-1))),"") -> 13 | B42: =LEFT(RIGHT(RIGHT(Tableau4[[#This Row],[file name]],LEN(Tableau4[[#This Row],[file name]])-SEARCH("@",Tableau4[[#This Row],[file name]])),LEN(RIGHT(Tableau4[[#This Row],[file name]],LEN(Tableau4[[#This Row],[file name]])-SEARCH("@",Tableau4[[#This Row],[file name]])))-SEARCH("/",RIGHT(Tableau4[[#This Row],[file name]],LEN(Tableau4[[#This Row],[file name]])-SEARCH("@",Tableau4[[#This Row],[file name]])))),1) -> C | C42: C:\Users\andre\Desktop\REACTIV CEFAS\Testosterone\Testosterone/20201116_Cefas_Test6-Run1/Plate 1/@13/C8_02.tif | D42: 34045.4541 | E42: 34.6499 | G42: 1179673
A43: =IFERROR(LEFT(RIGHT(C43,LEN(C43)-SEARCH("@",C43)),SEARCH("/",RIGHT(C43,LEN(C43)-SEARCH("@",C43)-1))),"") -> 13 | B43: =LEFT(RIGHT(RIGHT(Tableau4[[#This Row],[file name]],LEN(Tableau4[[#This Row],[file name]])-SEARCH("@",Tableau4[[#This Row],[file name]])),LEN(RIGHT(Tableau4[[#This Row],[file name]],LEN(Tableau4[[#This Row],[file name]])-SEARCH("@",Tableau4[[#This Row],[file name]])))-SEARCH("/",RIGHT(Tableau4[[#This Row],[file name]],LEN(Tableau4[[#This Row],[file name]])-SEARCH("@",Tableau4[[#This Row],[file name]])))),1) -> C | C43: C:\Users\andre\Desktop\REACTIV CEFAS\Testosterone\Testosterone/20201116_Cefas_Test6-Run1/Plate 1/@13/C8_03.tif | D43: 41983.6255 | E43: 36.1783 | G43: 1518894
A44: =IFERROR(LEFT(RIGHT(C44,LEN(C44)-SEARCH("@",C44)),SEARCH("/",RIGHT(C44,LEN(C44)-SEARCH("@",C44)-1))),"") -> 13 | B44: =LEFT(RIGHT(RIGHT(Tableau4[[#This Row],[file name]],LEN(Tableau4[[#This Row],[file name]])-SEARCH("@",Tableau4[[#This Row],[file name]])),LEN(RIGHT(Tableau4[[#This Row],[file name]],LEN(Tableau4[[#This Row],[file name]])-SEARCH("@",Tableau4[[#This Row],[file name]])))-SEARCH("/",RIGHT(Tableau4[[#This Row],[file name]],LEN(Tableau4[[#This Row],[file name]])-SEARCH("@",Tableau4[[#This Row],[file name]])))),1) -> D | C44: C:\Users\andre\Desktop\REACTIV CEFAS\Testosterone\Testosterone/20201116_Cefas_Test6-Run1/Plate 1/@13/D8_01.tif | D44: 24528.3005 | E44: 33.0467 | G44: 810580
A45: =IFERROR(LEFT(RIGHT(C45,LEN(C45)-SEARCH("@",C45)),SEARCH("/",RIGHT(C45,LEN(C45)-SEARCH("@",C45)-1))),"") -> 13 | B45: =LEFT(RIGHT(RIGHT(Tableau4[[#This Row],[file name]],LEN(Tableau4[[#This Row],[file name]])-SEARCH("@",Tableau4[[#This Row],[file name]])),LEN(RIGHT(Tableau4[[#This Row],[file name]],LEN(Tableau4[[#This Row],[file name]])-SEARCH("@",Tableau4[[#This Row],[file name]])))-SEARCH("/",RIGHT(Tableau4[[#This Row],[file name]],LEN(Tableau4[[#This Row],[file name]])-SEARCH("@",Tableau4[[#This Row],[file name]])))),1) -> D | C45: C:\Users\andre\Desktop\REACTIV CEFAS\Testosterone\Testosterone/20201116_Cefas_Test6-Run1/Plate 1/@13/D8_02- exclu.tif
A46: =IFERROR(LEFT(RIGHT(C46,LEN(C46)-SEARCH("@",C46)),SEARCH("/",RIGHT(C46,LEN(C46)-SEARCH("@",C46)-1))),"") -> 13 | B46: =LEFT(RIGHT(RIGHT(Tableau4[[#This Row],[file name]],LEN(Tableau4[[#This Row],[file name]])-SEARCH("@",Tableau4[[#This Row],[file name]])),LEN(RIGHT(Tableau4[[#This Row],[file name]],LEN(Tableau4[[#This Row],[file name]])-SEARCH("@",Tableau4[[#This Row],[file name]])))-SEARCH("/",RIGHT(Tableau4[[#This Row],[file name]],LEN(Tableau4[[#This Row],[file name]])-SEARCH("@",Tableau4[[#This Row],[file name]])))),1) -> D | C46: C:\Users\andre\Desktop\REACTIV CEFAS\Testosterone\Testosterone/20201116_Cefas_Test6-Run1/Plate 1/@13/D8_03.tif | D46: 37679.2764 | E46: 34.7365 | G46: 1308847
A47: =IFERROR(LEFT(RIGHT(C47,LEN(C47)-SEARCH("@",C47)),SEARCH("/",RIGHT(C47,LEN(C47)-SEARCH("@",C47)-1))),"") -> 13 | B47: =LEFT(RIGHT(RIGHT(Tableau4[[#This Row],[file name]],LEN(Tableau4[[#This Row],[file name]])-SEARCH("@",Tableau4[[#This Row],[file name]])),LEN(RIGHT(Tableau4[[#This Row],[file name]],LEN(Tableau4[[#This Row],[file name]])-SEARCH("@",Tableau4[[#This Row],[file name]])))-SEARCH("/",RIGHT(Tableau4[[#This Row],[file name]],LEN(Tableau4[[#This Row],[file name]])-SEARCH("@",Tableau4[[#This Row],[file name]])))),1) -> E | C47: C:\Users\andre\Desktop\REACTIV CEFAS\Testosterone\Testosterone/20201116_Cefas_Test6-Run1/Plate 1/@13/E8_01.tif | D47: 14340.6201 | E47: 34.0332 | G47: 488057
A48: =IFERROR(LEFT(RIGHT(C48,LEN(C48)-SEARCH("@",C48)),SEARCH("/",RIGHT(C48,LEN(C48)-SEARCH("@",C48)-1))),"") -> 13 | B48: =LEFT(RIGHT(RIGHT(Tableau4[[#This Row],[file name]],LEN(Tableau4[[#This Row],[file name]])-SEARCH("@",Tableau4[[#This Row],[file name]])),LEN(RIGHT(Tableau4[[#This Row],[file name]],LEN(Tableau4[[#This Row],[file name]])-SEARCH("@",Tableau4[[#This Row],[file name]])))-SEARCH("/",RIGHT(Tableau4[[#This Row],[file name]],LEN(Tableau4[[#This Row],[file name]])-SEARCH("@",Tableau4[[#This Row],[file name]])))),1) -> E | C48: C:\Users\andre\Desktop\REACTIV CEFAS\Testosterone\Testosterone/20201116_Cefas_Test6-Run1/Plate 1/@13/E8_02.tif | D48: 9300.8547 | E48: 32.8163 | G48: 305219
A49: =IFERROR(LEFT(RIGHT(C49,LEN(C49)-SEARCH("@",C49)),SEARCH("/",RIGHT(C49,LEN(C49)-SEARCH("@",C49)-1))),"") -> 13 | B49: =LEFT(RIGHT(RIGHT(Tableau4[[#This Row],[file name]],LEN(Tableau4[[#This Row],[file name]])-SEARCH("@",Tableau4[[#This Row],[file name]])),LEN(RIGHT(Tableau4[[#This Row],[file name]],LEN(Tableau4[[#This Row],[file name]])-SEARCH("@",Tableau4[[#This Row],[file name]])))-SEARCH("/",RIGHT(Tableau4[[#This Row],[file name]],LEN(Tableau4[[#This Row],[file name]])-SEARCH("@",Tableau4[[#This Row],[file name]])))),1) -> E | C49: C:\Users\andre\Desktop\REACTIV CEFAS\Testosterone\Testosterone/20201116_Cefas_Test6-Run1/Plate 1/@13/E8_03.tif | D49: 6683.6374 | E49: 32.7217 | G49: 218700
A50: =IFERROR(LEFT(RIGHT(C50,LEN(C50)-SEARCH("@",C50)),SEARCH("/",RIGHT(C50,LEN(C50)-SEARCH("@",C50)-1))),"") -> 13 | B50: =LEFT(RIGHT(RIGHT(Tableau4[[#This Row],[file name]],LEN(Tableau4[[#This Row],[file name]])-SEARCH("@",Tableau4[[#This Row],[file name]])),LEN(RIGHT(Tableau4[[#This Row],[file name]],LEN(Tableau4[[#This Row],[file name]])-SEARCH("@",Tableau4[[#This Row],[file name]])))-SEARCH("/",RIGHT(Tableau4[[#This Row],[file name]],LEN(Tableau4[[#This Row],[file name]])-SEARCH("@",Tableau4[[#This Row],[file name]])))),1) -> F | C50: C:\Users\andre\Desktop\REACTIV CEFAS\Testosterone\Testosterone/20201116_Cefas_Test6-Run1/Plate 1/@13/F8_01.tif | D50: 57405.7403 | E50: 39.8425 | G50: 2287188
A51: =IFERROR(LEFT(RIGHT(C51,LEN(C51)-SEARCH("@",C51)),SEARCH("/",RIGHT(C51,LEN(C51)-SEARCH("@",C51)-1))),"") -> 13 | B51: =LEFT(RIGHT(RIGHT(Tableau4[[#This Row],[file name]],LEN(Tableau4[[#This Row],[file name]])-SEARCH("@",Tableau4[[#This Row],[file name]])),LEN(RIGHT(Tableau4[[#This Row],[file name]],LEN(Tableau4[[#This Row],[file name]])-SEARCH("@",Tableau4[[#This Row],[file name]])))-SEARCH("/",RIGHT(Tableau4[[#This Row],[file name]],LEN(Tableau4[[#This Row],[file name]])-SEARCH("@",Tableau4[[#This Row],[file name]])))),1) -> F | C51: C:\Users\andre\Desktop\REACTIV CEFAS\Testosterone\Testosterone/20201116_Cefas_Test6-Run1/Plate 1/@13/F8_02.tif | D51: 42978.6006 | E51: 37.4459 | G51: 1609372
A52: =IFERROR(LEFT(RIGHT(C52,LEN(C52)-SEARCH("@",C52)),SEARCH("/",RIGHT(C52,LEN(C52)-SEARCH("@",C52)-1))),"") -> 13 | B52: =LEFT(RIGHT(RIGHT(Tableau4[[#This Row],[file name]],LEN(Tableau4[[#This Row],[file name]])-SEARCH("@",Tableau4[[#This Row],[file name]])),LEN(RIGHT(Tableau4[[#This Row],[file name]],LEN(Tableau4[[#This Row],[file name]])-SEARCH("@",Tableau4[[#This Row],[file name]])))-SEARCH("/",RIGHT(Tableau4[[#This Row],[file name]],LEN(Tableau4[[#This Row],[file name]])-SEARCH("@",Tableau4[[#This Row],[file name]])))),1) -> F | C52: C:\Users\andre\Desktop\REACTIV CEFAS\Testosterone\Testosterone/20201116_Cefas_Test6-Run1/Plate 1/@13/F8_03.tif | D52: 56194.4662 | E52: 40.0481 | G52: 2250482
A53: =IFERROR(LEFT(RIGHT(C53,LEN(C53)-SEARCH("@",C53)),SEARCH("/",RIGHT(C53,LEN(C53)-SEARCH("@",C53)-1))),"") -> 13 | B53: =LEFT(RIGHT(RIGHT(Tableau4[[#This Row],[file name]],LEN(Tableau4[[#This Row],[file name]])-SEARCH("@",Tableau4[[#This Row],[file name]])),LEN(RIGHT(Tableau4[[#This Row],[file name]],LEN(Tableau4[[#This Row],[file name]])-SEARCH("@",Tableau4[[#This Row],[file name]])))-SEARCH("/",RIGHT(Tableau4[[#This Row],[file name]],LEN(Tableau4[[#This Row],[file name]])-SEARCH("@",Tableau4[[#This Row],[file name]])))),1) -> G | C53: C:\Users\andre\Desktop\REACTIV CEFAS\Testosterone\Testosterone/20201116_Cefas_Test6-Run1/Plate 1/@13/G8_01.tif | D53: 129.7794 | E53: 31.3333 | G53: 4066
A54: =IFERROR(LEFT(RIGHT(C54,LEN(C54)-SEARCH("@",C54)),SEARCH("/",RIGHT(C54,LEN(C54)-SEARCH("@",C54)-1))),"") -> 13 | B54: =LEFT(RIGHT(RIGHT(Tableau4[[#This Row],[file name]],LEN(Tableau4[[#This Row],[file name]])-SEARCH("@",Tableau4[[#This Row],[file name]])),LEN(RIGHT(Tableau4[[#This Row],[file name]],LEN(Tableau4[[#This Row],[file name]])-SEARCH("@",Tableau4[[#This Row],[file name]])))-SEARCH("/",RIGHT(Tableau4[[#This Row],[file name]],LEN(Tableau4[[#This Row],[file name]])-SEARCH("@",Tableau4[[#This Row],[file name]])))),1) -> G | C54: C:\Users\andre\Desktop\REACTIV CEFAS\Testosterone\Testosterone/20201116_Cefas_Test6-Run1/Plate 1/@13/G8_02.tif | D54: 1838.541 | E54: 34.6 | G54: 63614
A55: =IFERROR(LEFT(RIGHT(C55,LEN(C55)-SEARCH("@",C55)),SEARCH("/",RIGHT(C55,LEN(C55)-SEARCH("@",C55)-1))),"") -> 13 | B55: =LEFT(RIGHT(RIGHT(Tableau4[[#This Row],[file name]],LEN(Tableau4[[#This Row],[file name]])-SEARCH("@",Tableau4[[#This Row],[file name]])),LEN(RIGHT(Tableau4[[#This Row],[file name]],LEN(Tableau4[[#This Row],[file name]])-SEARCH("@",Tableau4[[#This Row],[file name]])))-SEARCH("/",RIGHT(Tableau4[[#This Row],[file name]],LEN(Tableau4[[#This Row],[file name]])-SEARCH("@",Tableau4[[#This Row],[file name]])))),1) -> G | C55: C:\Users\andre\Desktop\REACTIV CEFAS\Testosterone\Testosterone/20201116_Cefas_Test6-Run1/Plate 1/@13/G8_03.tif | D55: 216.2989 | E55: 31.4 | G55: 6792
A56: =IFERROR(LEFT(RIGHT(C56,LEN(C56)-SEARCH("@",C56)),SEARCH("/",RIGHT(C56,LEN(C56)-SEARCH("@",C56)-1))),"") -> 13 | B56: =LEFT(RIGHT(RIGHT(Tableau4[[#This Row],[file name]],LEN(Tableau4[[#This Row],[file name]])-SEARCH("@",Tableau4[[#This Row],[file name]])),LEN(RIGHT(Tableau4[[#This Row],[file name]],LEN(Tableau4[[#This Row],[file name]])-SEARCH("@",Tableau4[[#This Row],[file name]])))-SEARCH("/",RIGHT(Tableau4[[#This Row],[file name]],LEN(Tableau4[[#This Row],[file name]])-SEARCH("@",Tableau4[[#This Row],[file name]])))),1) -> H | C56: C:\Users\andre\Desktop\REACTIV CEFAS\Testosterone\Testosterone/20201116_Cefas_Test6-Run1/Plate 1/@13/H8_01.tif | D56: 13670.0934 | E56: 35.4589 | G56: 484726
A57: =IFERROR(LEFT(RIGHT(C57,LEN(C57)-SEARCH("@",C57)),SEARCH("/",RIGHT(C57,LEN(C57)-SEARCH("@",C57)-1))),"") -> 13 | B57: =LEFT(RIGHT(RIGHT(Tableau4[[#This Row],[file name]],LEN(Tableau4[[#This Row],[file name]])-SEARCH("@",Tableau4[[#This Row],[file name]])),LEN(RIGHT(Tableau4[[#This Row],[file name]],LEN(Tableau4[[#This Row],[file name]])-SEARCH("@",Tableau4[[#This Row],[file name]])))-SEARCH("/",RIGHT(Tableau4[[#This Row],[file name]],LEN(Tableau4[[#This Row],[file name]])-SEARCH("@",Tableau4[[#This Row],[file name]])))),1) -> H | C57: C:\Users\andre\Desktop\REACTIV CEFAS\Testosterone\Testosterone/20201116_Cefas_Test6-Run1/Plate 1/@13/H8_02- exclu.tif
A58: =IFERROR(LEFT(RIGHT(C58,LEN(C58)-SEARCH("@",C58)),SEARCH("/",RIGHT(C58,LEN(C58)-SEARCH("@",C58)-1))),"") -> 13 | B58: =LEFT(RIGHT(RIGHT(Tableau4[[#This Row],[file name]],LEN(Tableau4[[#This Row],[file name]])-SEARCH("@",Tableau4[[#This Row],[file name]])),LEN(RIGHT(Tableau4[[#This Row],[file name]],LEN(Tableau4[[#This Row],[file name]])-SEARCH("@",Tableau4[[#This Row],[file name]])))-SEARCH("/",RIGHT(Tableau4[[#This Row],[file name]],LEN(Tableau4[[#This Row],[file name]])-SEARCH("@",Tableau4[[#This Row],[file name]])))),1) -> H | C58: C:\Users\andre\Desktop\REACTIV CEFAS\Testosterone\Testosterone/20201116_Cefas_Test6-Run1/Plate 1/@13/H8_03- exclu.tif
A59: =IFERROR(LEFT(RIGHT(C59,LEN(C59)-SEARCH("@",C59)),SEARCH("/",RIGHT(C59,LEN(C59)-SEARCH("@",C59)-1))),"") | B59: =LEFT(RIGHT(RIGHT(Tableau4[[#This Row],[file name]],LEN(Tableau4[[#This Row],[file name]])-SEARCH("@",Tableau4[[#This Row],[file name]])),LEN(RIGHT(Tableau4[[#This Row],[file name]],LEN(Tableau4[[#This Row],[file name]])-SEARCH("@",Tableau4[[#This Row],[file name]])))-SEARCH("/",RIGHT(Tableau4[[#This Row],[file name]],LEN(Tableau4[[#This Row],[file name]])-SEARCH("@",Tableau4[[#This Row],[file name]])))),1) -> #VALUE!
A60: =IFERROR(LEFT(RIGHT(C60,LEN(C60)-SEARCH("@",C60)),SEARCH("/",RIGHT(C60,LEN(C60)-SEARCH("@",C60)-1))),"") | B60: =LEFT(RIGHT(RIGHT(Tableau4[[#This Row],[file name]],LEN(Tableau4[[#This Row],[file name]])-SEARCH("@",Tableau4[[#This Row],[file name]])),LEN(RIGHT(Tableau4[[#This Row],[file name]],LEN(Tableau4[[#This Row],[file name]])-SEARCH("@",Tableau4[[#This Row],[file name]])))-SEARCH("/",RIGHT(Tableau4[[#This Row],[file name]],LEN(Tableau4[[#This Row],[file name]])-SEARCH("@",Tableau4[[#This Row],[file name]])))),1) -> #VALUE! | C60: group | E60: mean of mean fluo | F60: SD mean fluo | G60: mean of total fluo | H60: SD total fluo | I60: n fluorescent | J60: n total
A61: =IFERROR(LEFT(RIGHT(C61,LEN(C61)-SEARCH("@",C61)),SEARCH("/",RIGHT(C61,LEN(C61)-SEARCH("@",C61)-1))),"") -> 13 | B61: =LEFT(RIGHT(RIGHT(Tableau4[[#This Row],[file name]],LEN(Tableau4[[#This Row],[file name]])-SEARCH("@",Tableau4[[#This Row],[file name]])),LEN(RIGHT(Tableau4[[#This Row],[file name]],LEN(Tableau4[[#This Row],[file name]])-SEARCH("@",Tableau4[[#This Row],[file name]])))-SEARCH("/",RIGHT(Tableau4[[#This Row],[file name]],LEN(Tableau4[[#This Row],[file name]])-SEARCH("@",Tableau4[[#This Row],[file name]])))),1) | C61: C:\Users\andre\Desktop\REACTIV CEFAS\Testosterone\Testosterone/20201116_Cefas_Test6-Run1/Plate 1/@13/ | E61: 35.253 | F61: 3.3678 | G61: 899741.375 | H61: 764905.496 | I61: 24 | J61: 24
A62: =IFERROR(LEFT(RIGHT(C62,LEN(C62)-SEARCH("@",C62)),SEARCH("/",RIGHT(C62,LEN(C62)-SEARCH("@",C62)-1))),"") | B62: =LEFT(RIGHT(RIGHT(Tableau4[[#This Row],[file name]],LEN(Tableau4[[#This Row],[file name]])-SEARCH("@",Tableau4[[#This Row],[file name]])),LEN(RIGHT(Tableau4[[#This Row],[file name]],LEN(Tableau4[[#This Row],[file name]])-SEARCH("@",Tableau4[[#This Row],[file name]])))-SEARCH("/",RIGHT(Tableau4[[#This Row],[file name]],LEN(Tableau4[[#This Row],[file name]])-SEARCH("@",Tableau4[[#This Row],[file name]])))),1) -> #VALUE!
A63: =IFERROR(LEFT(RIGHT(C63,LEN(C63)-SEARCH("@",C63)),SEARCH("/",RIGHT(C63,LEN(C63)-SEARCH("@",C63)-1))),"") | B63: =LEFT(RIGHT(RIGHT(Tableau4[[#This Row],[file name]],LEN(Tableau4[[#This Row],[file name]])-SEARCH("@",Tableau4[[#This Row],[file name]])),LEN(RIGHT(Tableau4[[#This Row],[file name]],LEN(Tableau4[[#This Row],[file name]])-SEARCH("@",Tableau4[[#This Row],[file name]])))-SEARCH("/",RIGHT(Tableau4[[#This Row],[file name]],LEN(Tableau4[[#This Row],[file name]])-SEARCH("@",Tableau4[[#This Row],[file name]])))),1) -> #VALUE!
A64: =IFERROR(LEFT(RIGHT(C64,LEN(C64)-SEARCH("@",C64)),SEARCH("/",RIGHT(C64,LEN(C64)-SEARCH("@",C64)-1))),"") | B64: =LEFT(RIGHT(RIGHT(Tableau4[[#This Row],[file name]],LEN(Tableau4[[#This Row],[file name]])-SEARCH("@",Tableau4[[#This Row],[file name]])),LEN(RIGHT(Tableau4[[#This Row],[file name]],LEN(Tableau4[[#This Row],[file name]])-SEARCH("@",Tableau4[[#This Row],[file name]])))-SEARCH("/",RIGHT(Tableau4[[#This Row],[file name]],LEN(Tableau4[[#This Row],[file name]])-SEARCH("@",Tableau4[[#This Row],[file name]])))),1) -> #VALUE!
A65: =IFERROR(LEFT(RIGHT(C65,LEN(C65)-SEARCH("@",C65)),SEARCH("/",RIGHT(C65,LEN(C65)-SEARCH("@",C65)-1))),"") | B65: =LEFT(RIGHT(RIGHT(Tableau4[[#This Row],[file name]],LEN(Tableau4[[#This Row],[file name]])-SEARCH("@",Tableau4[[#This Row],[file name]])),LEN(RIGHT(Tableau4[[#This Row],[file name]],LEN(Tableau4[[#This Row],[file name]])-SEARCH("@",Tableau4[[#This Row],[file name]])))-SEARCH("/",RIGHT(Tableau4[[#This Row],[file name]],LEN(Tableau4[[#This Row],[file name]])-SEARCH("@",Tableau4[[#This Row],[file name]])))),1) -> #VALUE!
A66: =IFERROR(LEFT(RIGHT(C66,LEN(C66)-SEARCH("@",C66)),SEARCH("/",RIGHT(C66,LEN(C66)-SEARCH("@",C66)-1))),"") | B66: =LEFT(RIGHT(RIGHT(Tableau4[[#This Row],[file name]],LEN(Tableau4[[#This Row],[file name]])-SEARCH("@",Tableau4[[#This Row],[file name]])),LEN(RIGHT(Tableau4[[#This Row],[file name]],LEN(Tableau4[[#This Row],[file name]])-SEARCH("@",Tableau4[[#This Row],[file name]])))-SEARCH("/",RIGHT(Tableau4[[#This Row],[file name]],LEN(Tableau4[[#This Row],[file name]])-SEARCH("@",Tableau4[[#This Row],[file name]])))),1) -> #VALUE!
A67: =IFERROR(LEFT(RIGHT(C67,LEN(C67)-SEARCH("@",C67)),SEARCH("/",RIGHT(C67,LEN(C67)-SEARCH("@",C67)-1))),"") | B67: =LEFT(RIGHT(RIGHT(Tableau4[[#This Row],[file name]],LEN(Tableau4[[#This Row],[file name]])-SEARCH("@",Tableau4[[#This Row],[file name]])),LEN(RIGHT(Tableau4[[#This Row],[file name]],LEN(Tableau4[[#This Row],[file name]])-SEARCH("@",Tableau4[[#This Row],[file name]])))-SEARCH("/",RIGHT(Tableau4[[#This Row],[file name]],LEN(Tableau4[[#This Row],[file name]])-SEARCH("@",Tableau4[[#This Row],[file name]])))),1) -> #VALUE! | C67: file name | D67: total area | E67: mean intensity | G67: total fluorescence
A68: =IFERROR(LEFT(RIGHT(C68,LEN(C68)-SEARCH("@",C68)),SEARCH("/",RIGHT(C68,LEN(C68)-SEARCH("@",C68)-1))),"") -> 14 | B68: =LEFT(RIGHT(RIGHT(Tableau4[[#This Row],[file name]],LEN(Tableau4[[#This Row],[file name]])-SEARCH("@",Tableau4[[#This Row],[file name]])),LEN(RIGHT(Tableau4[[#This Row],[file name]],LEN(Tableau4[[#This Row],[file name]])-SEARCH("@",Tableau4[[#This Row],[file name]])))-SEARCH("/",RIGHT(Tableau4[[#This Row],[file name]],LEN(Tableau4[[#This Row],[file name]])-SEARCH("@",Tableau4[[#This Row],[file name]])))),1) -> A | C68: C:\Users\andre\Desktop\REACTIV CEFAS\Testosterone\Testosterone/20201116_Cefas_Test6-Run1/Plate 1/@14/A9_01.tif | D68: 2422.5482 | E68: 34.5179 | G68: 83621
A69: =IFERROR(LEFT(RIGHT(C69,LEN(C69)-SEARCH("@",C69)),SEARCH("/",RIGHT(C69,LEN(C69)-SEARCH("@",C69)-1))),"") -> 14 | B69: =LEFT(RIGHT(RIGHT(Tableau4[[#This Row],[file name]],LEN(Tableau4[[#This Row],[file name]])-SEARCH("@",Tableau4[[#This Row],[file name]])),LEN(RIGHT(Tableau4[[#This Row],[file name]],LEN(Tableau4[[#This Row],[file name]])-SEARCH("@",Tableau4[[#This Row],[file name]])))-SEARCH("/",RIGHT(Tableau4[[#This Row],[file name]],LEN(Tableau4[[#This Row],[file name]])-SEARCH("@",Tableau4[[#This Row],[file name]])))),1) -> A | C69: C:\Users\andre\Desktop\REACTIV CEFAS\Testosterone\Testosterone/20201116_Cefas_Test6-Run1/Plate 1/@14/A9_02.tif | D69: 3049.8151 | E69: 39.5887 | G69: 120738
A70: =IFERROR(LEFT(RIGHT(C70,LEN(C70)-SEARCH("@",C70)),SEARCH("/",RIGHT(C70,LEN(C70)-SEARCH("@",C70)-1))),"") -> 14 | B70: =LEFT(RIGHT(RIGHT(Tableau4[[#This Row],[file name]],LEN(Tableau4[[#This Row],[file name]])-SEARCH("@",Tableau4[[#This Row],[file name]])),LEN(RIGHT(Tableau4[[#This Row],[file name]],LEN(Tableau4[[#This Row],[file name]])-SEARCH("@",Tableau4[[#This Row],[file name]])))-SEARCH("/",RIGHT(Tableau4[[#This Row],[file name]],LEN(Tableau4[[#This Row],[file name]])-SEARCH("@",Tableau4[[#This Row],[file name]])))),1) -> A | C70: C:\Users\andre\Desktop\REACTIV CEFAS\Testosterone\Testosterone/20201116_Cefas_Test6-Run1/Plate 1/@14/A9_03.tif | D70: 151.4093 | E70: 30.8571 | G70: 4672
A71: =IFERROR(LEFT(RIGHT(C71,LEN(C71)-SEARCH("@",C71)),SEARCH("/",RIGHT(C71,LEN(C71)-SEARCH("@",C71)-1))),"") -> 14 | B71: =LEFT(RIGHT(RIGHT(Tableau4[[#This Row],[file name]],LEN(Tableau4[[#This Row],[file name]])-SEARCH("@",Tableau4[[#This Row],[file name]])),LEN(RIGHT(Tableau4[[#This Row],[file name]],LEN(Tableau4[[#This Row],[file name]])-SEARCH("@",Tableau4[[#This Row],[file name]])))-SEARCH("/",RIGHT(Tableau4[[#This Row],[file name]],LEN(Tableau4[[#This Row],[file name]])-SEARCH("@",Tableau4[[#This Row],[file name]])))),1) -> B | C71: C:\Users\andre\Desktop\REACTIV CEFAS\Testosterone\Testosterone/20201116_Cefas_Test6-Run1/Plate 1/@14/B9_01.tif | D71: 3049.8151 | E71: 33.7589 | G71: 102958
A72: =IFERROR(LEFT(RIGHT(C72,LEN(C72)-SEARCH("@",C72)),SEARCH("/",RIGHT(C72,LEN(C72)-SEARCH("@",C72)-1))),"") -> 14 | B72: =LEFT(RIGHT(RIGHT(Tableau4[[#This Row],[file name]],LEN(Tableau4[[#This Row],[file name]])-SEARCH("@",Tableau4[[#This Row],[file name]])),LEN(RIGHT(Tableau4[[#This Row],[file name]],LEN(Tableau4[[#This Row],[file name]])-SEARCH("@",Tableau4[[#This Row],[file name]])))-SEARCH("/",RIGHT(Tableau4[[#This Row],[file name]],LEN(Tableau4[[#This Row],[file name]])-SEARCH("@",Tableau4[[#This Row],[file name]])))),1) -> B | C72: C:\Users\andre\Desktop\REACTIV CEFAS\Testosterone\Testosterone/20201116_Cefas_Test6-Run1/Plate 1/@14/B9_02.tif | D72: 1384.3133 | E72: 31.4531 | G72: 43541
A73: =IFERROR(LEFT(RIGHT(C73,LEN(C73)-SEARCH("@",C73)),SEARCH("/",RIGHT(C73,LEN(C73)-SEARCH("@",C73)-1))),"") -> 14 | B73: =LEFT(RIGHT(RIGHT(Tableau4[[#This Row],[file name]],LEN(Tableau4[[#This Row],[file name]])-SEARCH("@",Tableau4[[#This Row],[file name]])),LEN(RIGHT(Tableau4[[#This Row],[file name]],LEN(Tableau4[[#This Row],[file name]])-SEARCH("@",Tableau4[[#This Row],[file name]])))-SEARCH("/",RIGHT(Tableau4[[#This Row],[file name]],LEN(Tableau4[[#This Row],[file name]])-SEARCH("@",Tableau4[[#This Row],[file name]])))),1) -> B | C73: C:\Users\andre\Desktop\REACTIV CEFAS\Testosterone\Testosterone/20201116_Cefas_Test6-Run1/Plate 1/@14/B9_03.tif | D73: 1730.3916 | E73: 32.25 | G73: 55805
A74: =IFERROR(LEFT(RIGHT(C74,LEN(C74)-SEARCH("@",C74)),SEARCH("/",RIGHT(C74,LEN(C74)-SEARCH("@",C74)-1))),"") -> 14 | B74: =LEFT(RIGHT(RIGHT(Tableau4[[#This Row],[file name]],LEN(Tableau4[[#This Row],[file name]])-SEARCH("@",Tableau4[[#This Row],[file name]])),LEN(RIGHT(Tableau4[[#This Row],[file name]],LEN(Tableau4[[#This Row],[file name]])-SEARCH("@",Tableau4[[#This Row],[file name]])))-SEARCH("/",RIGHT(Tableau4[[#This Row],[file name]],LEN(Tableau4[[#This Row],[file name]])-SEARCH("@",Tableau4[[#This Row],[file name]])))),1) -> C | C74: C:\Users\andre\Desktop\REACTIV CEFAS\Testosterone\Testosterone/20201116_Cefas_Test6-Run1/Plate 1/@14/C9_01.tif | D74: 44060.0954 | E74: 38.1816 | G74: 1682287
A75: =IFERROR(LEFT(RIGHT(C75,LEN(C75)-SEARCH("@",C75)),SEARCH("/",RIGHT(C75,LEN(C75)-SEARCH("@",C75)-1))),"") -> 14 | B75: =LEFT(RIGHT(RIGHT(Tableau4[[#This Row],[file name]],LEN(Tableau4[[#This Row],[file name]])-SEARCH("@",Tableau4[[#This Row],[file name]])),LEN(RIGHT(Tableau4[[#This Row],[file name]],LEN(Tableau4[[#This Row],[file name]])-SEARCH("@",Tableau4[[#This Row],[file name]])))-SEARCH("/",RIGHT(Tableau4[[#This Row],[file name]],LEN(Tableau4[[#This Row],[file name]])-SEARCH("@",Tableau4[[#This Row],[file name]])))),1) -> C | C75: C:\Users\andre\Desktop\REACTIV CEFAS\Testosterone\Testosterone/20201116_Cefas_Test6-Run1/Plate 1/@14/C9_02.tif | D75: 45509.2983 | E75: 38.9187 | G75: 1771164
A76: =IFERROR(LEFT(RIGHT(C76,LEN(C76)-SEARCH("@",C76)),SEARCH("/",RIGHT(C76,LEN(C76)-SEARCH("@",C76)-1))),"") -> 14 | B76: =LEFT(RIGHT(RIGHT(Tableau4[[#This Row],[file name]],LEN(Tableau4[[#This Row],[file name]])-SEARCH("@",Tableau4[[#This Row],[file name]])),LEN(RIGHT(Tableau4[[#This Row],[file name]],LEN(Tableau4[[#This Row],[file name]])-SEARCH("@",Tableau4[[#This Row],[file name]])))-SEARCH("/",RIGHT(Tableau4[[#This Row],[file name]],LEN(Tableau4[[#This Row],[file name]])-SEARCH("@",Tableau4[[#This Row],[file name]])))),1) -> C | C76: C:\Users\andre\Desktop\REACTIV CEFAS\Testosterone\Testosterone/20201116_Cefas_Test6-Run1/Plate 1/@14/C9_03.tif | D76: 46547.5332 | E76: 40.0316 | G76: 1863372
A77: =IFERROR(LEFT(RIGHT(C77,LEN(C77)-SEARCH("@",C77)),SEARCH("/",RIGHT(C77,LEN(C77)-SEARCH("@",C77)-1))),"") -> 14 | B77: =LEFT(RIGHT(RIGHT(Tableau4[[#This Row],[file name]],LEN(Tableau4[[#This Row],[file name]])-SEARCH("@",Tableau4[[#This Row],[file name]])),LEN(RIGHT(Tableau4[[#This Row],[file name]],LEN(Tableau4[[#This Row],[file name]])-SEARCH("@",Tableau4[[#This Row],[file name]])))-SEARCH("/",RIGHT(Tableau4[[#This Row],[file name]],LEN(Tableau4[[#This Row],[file name]])-SEARCH("@",Tableau4[[#This Row],[file name]])))),1) -> D | C77: C:\Users\andre\Desktop\REACTIV CEFAS\Testosterone\Testosterone/20201116_Cefas_Test6-Run1/Plate 1/@14/D9_01- exclu.tif
A78: =IFERROR(LEFT(RIGHT(C78,LEN(C78)-SEARCH("@",C78)),SEARCH("/",RIGHT(C78,LEN(C78)-SEARCH("@",C78)-1))),"") -> 14 | B78: =LEFT(RIGHT(RIGHT(Tableau4[[#This Row],[file name]],LEN(Tableau4[[#This Row],[file name]])-SEARCH("@",Tableau4[[#This Row],[file name]])),LEN(RIGHT(Tableau4[[#This Row],[file name]],LEN(Tableau4[[#This Row],[file name]])-SEARCH("@",Tableau4[[#This Row],[file name]])))-SEARCH("/",RIGHT(Tableau4[[#This Row],[file name]],LEN(Tableau4[[#This Row],[file name]])-SEARCH("@",Tableau4[[#This Row],[file name]])))),1) -> D | C78: C:\Users\andre\Desktop\REACTIV CEFAS\Testosterone\Testosterone/20201116_Cefas_Test6-Run1/Plate 1/@14/D9_02- exclu.tif
A79: =IFERROR(LEFT(RIGHT(C79,LEN(C79)-SEARCH("@",C79)),SEARCH("/",RIGHT(C79,LEN(C79)-SEARCH("@",C79)-1))),"") -> 14 | B79: =LEFT(RIGHT(RIGHT(Tableau4[[#This Row],[file name]],LEN(Tableau4[[#This Row],[file name]])-SEARCH("@",Tableau4[[#This Row],[file name]])),LEN(RIGHT(Tableau4[[#This Row],[file name]],LEN(Tableau4[[#This Row],[file name]])-SEARCH("@",Tableau4[[#This Row],[file name]])))-SEARCH("/",RIGHT(Tableau4[[#This Row],[file name]],LEN(Tableau4[[#This Row],[file name]])-SEARCH("@",Tableau4[[#This Row],[file name]])))),1) -> D | C79: C:\Users\andre\Desktop\REACTIV CEFAS\Testosterone\Testosterone/20201116_Cefas_Test6-Run1/Plate 1/@14/D9_03- exclu.tif
A80: =IFERROR(LEFT(RIGHT(C80,LEN(C80)-SEARCH("@",C80)),SEARCH("/",RIGHT(C80,LEN(C80)-SEARCH("@",C80)-1))),"") -> 14 | B80: =LEFT(RIGHT(RIGHT(Tableau4[[#This Row],[file name]],LEN(Tableau4[[#This Row],[file name]])-SEARCH("@",Tableau4[[#This Row],[file name]])),LEN(RIGHT(Tableau4[[#This Row],[file name]],LEN(Tableau4[[#This Row],[file name]])-SEARCH("@",Tableau4[[#This Row],[file name]])))-SEARCH("/",RIGHT(Tableau4[[#This Row],[file name]],LEN(Tableau4[[#This Row],[file name]])-SEARCH("@",Tableau4[[#This Row],[file name]])))),1) -> E | C80: C:\Users\andre\Desktop\REACTIV CEFAS\Testosterone\Testosterone/20201116_Cefas_Test6-Run1/Plate 1/@14/E9_01.tif | D80: 16114.2715 | E80: 32.5732 | G80: 524893
A81: =IFERROR(LEFT(RIGHT(C81,LEN(C81)-SEARCH("@",C81)),SEARCH("/",RIGHT(C81,LEN(C81)-SEARCH("@",C81)-1))),"") -> 14 | B81: =LEFT(RIGHT(RIGHT(Tableau4[[#This Row],[file name]],LEN(Tableau4[[#This Row],[file name]])-SEARCH("@",Tableau4[[#This Row],[file name]])),LEN(RIGHT(Tableau4[[#This Row],[file name]],LEN(Tableau4[[#This Row],[file name]])-SEARCH("@",Tableau4[[#This Row],[file name]])))-SEARCH("/",RIGHT(Tableau4[[#This Row],[file name]],LEN(Tableau4[[#This Row],[file name]])-SEARCH("@",Tableau4[[#This Row],[file name]])))),1) -> E | C81: C:\Users\andre\Desktop\REACTIV CEFAS\Testosterone\Testosterone/20201116_Cefas_Test6-Run1/Plate 1/@14/E9_02.tif | D81: 8760.1073 | E81: 31.6691 | G81: 277425
A82: =IFERROR(LEFT(RIGHT(C82,LEN(C82)-SEARCH("@",C82)),SEARCH("/",RIGHT(C82,LEN(C82)-SEARCH("@",C82)-1))),"") -> 14 | B82: =LEFT(RIGHT(RIGHT(Tableau4[[#This Row],[file name]],LEN(Tableau4[[#This Row],[file name]])-SEARCH("@",Tableau4[[#This Row],[file name]])),LEN(RIGHT(Tableau4[[#This Row],[file name]],LEN(Tableau4[[#This Row],[file name]])-SEARCH("@",Tableau4[[#This Row],[file name]])))-SEARCH("/",RIGHT(Tableau4[[#This Row],[file name]],LEN(Tableau4[[#This Row],[file name]])-SEARCH("@",Tableau4[[#This Row],[file name]])))),1) -> E | C82: C:\Users\andre\Desktop\REACTIV CEFAS\Testosterone\Testosterone/20201116_Cefas_Test6-Run1/Plate 1/@14/E9_03.tif | D82: 10447.2391 | E82: 31.9379 | G82: 333663
A83: =IFERROR(LEFT(RIGHT(C83,LEN(C83)-SEARCH("@",C83)),SEARCH("/",RIGHT(C83,LEN(C83)-SEARCH("@",C83)-1))),"") -> 14 | B83: =LEFT(RIGHT(RIGHT(Tableau4[[#This Row],[file name]],LEN(Tableau4[[#This Row],[file name]])-SEARCH("@",Tableau4[[#This Row],[file name]])),LEN(RIGHT(Tableau4[[#This Row],[file name]],LEN(Tableau4[[#This Row],[file name]])-SEARCH("@",Tableau4[[#This Row],[file name]])))-SEARCH("/",RIGHT(Tableau4[[#This Row],[file name]],LEN(Tableau4[[#This Row],[file name]])-SEARCH("@",Tableau4[[#This Row],[file name]])))),1) -> F | C83: C:\Users\andre\Desktop\REACTIV CEFAS\Testosterone\Testosterone/20201116_Cefas_Test6-Run1/Plate 1/@14/F9_01.tif | D83: 13324.0151 | E83: 33.2451 | G83: 442959
A84: =IFERROR(LEFT(RIGHT(C84,LEN(C84)-SEARCH("@",C84)),SEARCH("/",RIGHT(C84,LEN(C84)-SEARCH("@",C84)-1))),"") -> 14 | B84: =LEFT(RIGHT(RIGHT(Tableau4[[#This Row],[file name]],LEN(Tableau4[[#This Row],[file name]])-SEARCH("@",Tableau4[[#This Row],[file name]])),LEN(RIGHT(Tableau4[[#This Row],[file name]],LEN(Tableau4[[#This Row],[file name]])-SEARCH("@",Tableau4[[#This Row],[file name]])))-SEARCH("/",RIGHT(Tableau4[[#This Row],[file name]],LEN(Tableau4[[#This Row],[file name]])-SEARCH("@",Tableau4[[#This Row],[file name]])))),1) -> F | C84: C:\Users\andre\Desktop\REACTIV CEFAS\Testosterone\Testosterone/20201116_Cefas_Test6-Run1/Plate 1/@14/F9_02.tif | D84: 15184.186 | E84: 33.584 | G84: 509946
A85: =IFERROR(LEFT(RIGHT(C85,LEN(C85)-SEARCH("@",C85)),SEARCH("/",RIGHT(C85,LEN(C85)-SEARCH("@",C85)-1))),"") -> 14 | B85: =LEFT(RIGHT(RIGHT(Tableau4[[#This Row],[file name]],LEN(Tableau4[[#This Row],[file name]])-SEARCH("@",Tableau4[[#This Row],[file name]])),LEN(RIGHT(Tableau4[[#This Row],[file name]],LEN(Tableau4[[#This Row],[file name]])-SEARCH("@",Tableau4[[#This Row],[file name]])))-SEARCH("/",RIGHT(Tableau4[[#This Row],[file name]],LEN(Tableau4[[#This Row],[file name]])-SEARCH("@",Tableau4[[#This Row],[file name]])))),1) -> F | C85: C:\Users\andre\Desktop\REACTIV CEFAS\Testosterone\Testosterone/20201116_Cefas_Test6-Run1/Plate 1/@14/F9_03.tif | D85: 18861.2681 | E85: 33.836 | G85: 638190
A86: =IFERROR(LEFT(RIGHT(C86,LEN(C86)-SEARCH("@",C86)),SEARCH("/",RIGHT(C86,LEN(C86)-SEARCH("@",C86)-1))),"") -> 14 | B86: =LEFT(RIGHT(RIGHT(Tableau4[[#This Row],[file name]],LEN(Tableau4[[#This Row],[file name]])-SEARCH("@",Tableau4[[#This Row],[file name]])),LEN(RIGHT(Tableau4[[#This Row],[file name]],LEN(Tableau4[[#This Row],[file name]])-SEARCH("@",Tableau4[[#This Row],[file name]])))-SEARCH("/",RIGHT(Tableau4[[#This Row],[file name]],LEN(Tableau4[[#This Row],[file name]])-SEARCH("@",Tableau4[[#This Row],[file name]])))),1) -> G | C86: C:\Users\andre\Desktop\REACTIV CEFAS\Testosterone\Testosterone/20201116_Cefas_Test6-Run1/Plate 1/@14/G9_01.tif | D86: 6575.488 | E86: 36.1447 | G86: 237669
A87: =IFERROR(LEFT(RIGHT(C87,LEN(C87)-SEARCH("@",C87)),SEARCH("/",RIGHT(C87,LEN(C87)-SEARCH("@",C87)-1))),"") -> 14 | B87: =LEFT(RIGHT(RIGHT(Tableau4[[#This Row],[file name]],LEN(Tableau4[[#This Row],[file name]])-SEARCH("@",Tableau4[[#This Row],[file name]])),LEN(RIGHT(Tableau4[[#This Row],[file name]],LEN(Tableau4[[#This Row],[file name]])-SEARCH("@",Tableau4[[#This Row],[file name]])))-SEARCH("/",RIGHT(Tableau4[[#This Row],[file name]],LEN(Tableau4[[#This Row],[file name]])-SEARCH("@",Tableau4[[#This Row],[file name]])))),1) -> G | C87: C:\Users\andre\Desktop\REACTIV CEFAS\Testosterone\Testosterone/20201116_Cefas_Test6-Run1/Plate 1/@14/G9_02.tif | D87: 4109.68 | E87: 34.9895 | G87: 143796
A88: =IFERROR(LEFT(RIGHT(C88,LEN(C88)-SEARCH("@",C88)),SEARCH("/",RIGHT(C88,LEN(C88)-SEARCH("@",C88)-1))),"") -> 14 | B88: =LEFT(RIGHT(RIGHT(Tableau4[[#This Row],[file name]],LEN(Tableau4[[#This Row],[file name]])-SEARCH("@",Tableau4[[#This Row],[file name]])),LEN(RIGHT(Tableau4[[#This Row],[file name]],LEN(Tableau4[[#This Row],[file name]])-SEARCH("@",Tableau4[[#This Row],[file name]])))-SEARCH("/",RIGHT(Tableau4[[#This Row],[file name]],LEN(Tableau4[[#This Row],[file name]])-SEARCH("@",Tableau4[[#This Row],[file name]])))),1) -> G | C88: C:\Users\andre\Desktop\REACTIV CEFAS\Testosterone\Testosterone/20201116_Cefas_Test6-Run1/Plate 1/@14/G9_03.tif | D88: 4758.5768 | E88: 36.7727 | G88: 174986
A89: =IFERROR(LEFT(RIGHT(C89,LEN(C89)-SEARCH("@",C89)),SEARCH("/",RIGHT(C89,LEN(C89)-SEARCH("@",C89)-1))),"") -> 14 | B89: =LEFT(RIGHT(RIGHT(Tableau4[[#This Row],[file name]],LEN(Tableau4[[#This Row],[file name]])-SEARCH("@",Tableau4[[#This Row],[file name]])),LEN(RIGHT(Tableau4[[#This Row],[file name]],LEN(Tableau4[[#This Row],[file name]])-SEARCH("@",Tableau4[[#This Row],[file name]])))-SEARCH("/",RIGHT(Tableau4[[#This Row],[file name]],LEN(Tableau4[[#This Row],[file name]])-SEARCH("@",Tableau4[[#This Row],[file name]])))),1) -> H | C89: C:\Users\andre\Desktop\REACTIV CEFAS\Testosterone\Testosterone/20201116_Cefas_Test6-Run1/Plate 1/@14/H9_01.tif | D89: 18969.4176 | E89: 32.7241 | G89: 620756
A90: =IFERROR(LEFT(RIGHT(C90,LEN(C90)-SEARCH("@",C90)),SEARCH("/",RIGHT(C90,LEN(C90)-SEARCH("@",C90)-1))),"") -> 14 | B90: =LEFT(RIGHT(RIGHT(Tableau4[[#This Row],[file name]],LEN(Tableau4[[#This Row],[file name]])-SEARCH("@",Tableau4[[#This Row],[file name]])),LEN(RIGHT(Tableau4[[#This Row],[file name]],LEN(Tableau4[[#This Row],[file name]])-SEARCH("@",Tableau4[[#This Row],[file name]])))-SEARCH("/",RIGHT(Tableau4[[#This Row],[file name]],LEN(Tableau4[[#This Row],[file name]])-SEARCH("@",Tableau4[[#This Row],[file name]])))),1) -> H | C90: C:\Users\andre\Desktop\REACTIV CEFAS\Testosterone\Testosterone/20201116_Cefas_Test6-Run1/Plate 1/@14/H9_02.tif | D90: 26280.322 | E90: 33.8543 | G90: 889702
A91: =IFERROR(LEFT(RIGHT(C91,LEN(C91)-SEARCH("@",C91)),SEARCH("/",RIGHT(C91,LEN(C91)-SEARCH("@",C91)-1))),"") -> 14 | B91: =LEFT(RIGHT(RIGHT(Tableau4[[#This Row],[file name]],LEN(Tableau4[[#This Row],[file name]])-SEARCH("@",Tableau4[[#This Row],[file name]])),LEN(RIGHT(Tableau4[[#This Row],[file name]],LEN(Tableau4[[#This Row],[file name]])-SEARCH("@",Tableau4[[#This Row],[file name]])))-SEARCH("/",RIGHT(Tableau4[[#This Row],[file name]],LEN(Tableau4[[#This Row],[file name]])-SEARCH("@",Tableau4[[#This Row],[file name]])))),1) -> H | C91: C:\Users\andre\Desktop\REACTIV CEFAS\Testosterone\Testosterone/20201116_Cefas_Test6-Run1/Plate 1/@14/H9_03.tif | D91: 17065.9869 | E91: 33.4081 | G91: 570142
A92: =IFERROR(LEFT(RIGHT(C92,LEN(C92)-SEARCH("@",C92)),SEARCH("/",RIGHT(C92,LEN(C92)-SEARCH("@",C92)-1))),"") | B92: =LEFT(RIGHT(RIGHT(Tableau4[[#This Row],[file name]],LEN(Tableau4[[#This Row],[file name]])-SEARCH("@",Tableau4[[#This Row],[file name]])),LEN(RIGHT(Tableau4[[#This Row],[file name]],LEN(Tableau4[[#This Row],[file name]])-SEARCH("@",Tableau4[[#This Row],[file name]])))-SEARCH("/",RIGHT(Tableau4[[#This Row],[file name]],LEN(Tableau4[[#This Row],[file name]])-SEARCH("@",Tableau4[[#This Row],[file name]])))),1) -> #VALUE!
A93: =IFERROR(LEFT(RIGHT(C93,LEN(C93)-SEARCH("@",C93)),SEARCH("/",RIGHT(C93,LEN(C93)-SEARCH("@",C93)-1))),"") | B93: =LEFT(RIGHT(RIGHT(Tableau4[[#This Row],[file name]],LEN(Tableau4[[#This Row],[file name]])-SEARCH("@",Tableau4[[#This Row],[file name]])),LEN(RIGHT(Tableau4[[#This Row],[file name]],LEN(Tableau4[[#This Row],[file name]])-SEARCH("@",Tableau4[[#This Row],[file name]])))-SEARCH("/",RIGHT(Tableau4[[#This Row],[file name]],LEN(Tableau4[[#This Row],[file name]])-SEARCH("@",Tableau4[[#This Row],[file name]])))),1) -> #VALUE! | C93: group | E93: mean of mean fluo | F93: SD mean fluo | G93: mean of total fluo | H93: SD total fluo | I93: n fluorescent | J93: n total
A94: =IFERROR(LEFT(RIGHT(C94,LEN(C94)-SEARCH("@",C94)),SEARCH("/",RIGHT(C94,LEN(C94)-SEARCH("@",C94)-1))),"") -> 14 | B94: =LEFT(RIGHT(RIGHT(Tableau4[[#This Row],[file name]],LEN(Tableau4[[#This Row],[file name]])-SEARCH("@",Tableau4[[#This Row],[file name]])),LEN(RIGHT(Tableau4[[#This Row],[file name]],LEN(Tableau4[[#This Row],[file name]])-SEARCH("@",Tableau4[[#This Row],[file name]])))-SEARCH("/",RIGHT(Tableau4[[#This Row],[file name]],LEN(Tableau4[[#This Row],[file name]])-SEARCH("@",Tableau4[[#This Row],[file name]])))),1) | C94: C:\Users\andre\Desktop\REACTIV CEFAS\Testosterone\Testosterone/20201116_Cefas_Test6-Run1/Plate 1/@14/ | E94: 34.8573 | F94: 2.9528 | G94: 513082.708 | H94: 544247.102 | I94: 24 | J94: 24
A95: =IFERROR(LEFT(RIGHT(C95,LEN(C95)-SEARCH("@",C95)),SEARCH("/",RIGHT(C95,LEN(C95)-SEARCH("@",C95)-1))),"") | B95: =LEFT(RIGHT(RIGHT(Tableau4[[#This Row],[file name]],LEN(Tableau4[[#This Row],[file name]])-SEARCH("@",Tableau4[[#This Row],[file name]])),LEN(RIGHT(Tableau4[[#This Row],[file name]],LEN(Tableau4[[#This Row],[file name]])-SEARCH("@",Tableau4[[#This Row],[file name]])))-SEARCH("/",RIGHT(Tableau4[[#This Row],[file name]],LEN(Tableau4[[#This Row],[file name]])-SEARCH("@",Tableau4[[#This Row],[file name]])))),1) -> #VALUE!
A96: =IFERROR(LEFT(RIGHT(C96,LEN(C96)-SEARCH("@",C96)),SEARCH("/",RIGHT(C96,LEN(C96)-SEARCH("@",C96)-1))),"") | B96: =LEFT(RIGHT(RIGHT(Tableau4[[#This Row],[file name]],LEN(Tableau4[[#This Row],[file name]])-SEARCH("@",Tableau4[[#This Row],[file name]])),LEN(RIGHT(Tableau4[[#This Row],[file name]],LEN(Tableau4[[#This Row],[file name]])-SEARCH("@",Tableau4[[#This Row],[file name]])))-SEARCH("/",RIGHT(Tableau4[[#This Row],[file name]],LEN(Tableau4[[#This Row],[file name]])-SEARCH("@",Tableau4[[#This Row],[file name]])))),1) -> #VALUE!
A97: =IFERROR(LEFT(RIGHT(C97,LEN(C97)-SEARCH("@",C97)),SEARCH("/",RIGHT(C97,LEN(C97)-SEARCH("@",C97)-1))),"") | B97: =LEFT(RIGHT(RIGHT(Tableau4[[#This Row],[file name]],LEN(Tableau4[[#This Row],[file name]])-SEARCH("@",Tableau4[[#This Row],[file name]])),LEN(RIGHT(Tableau4[[#This Row],[file name]],LEN(Tableau4[[#This Row],[file name]])-SEARCH("@",Tableau4[[#This Row],[file name]])))-SEARCH("/",RIGHT(Tableau4[[#This Row],[file name]],LEN(Tableau4[[#This Row],[file name]])-SEARCH("@",Tableau4[[#This Row],[file name]])))),1) -> #VALUE!
A98: =IFERROR(LEFT(RIGHT(C98,LEN(C98)-SEARCH("@",C98)),SEARCH("/",RIGHT(C98,LEN(C98)-SEARCH("@",C98)-1))),"") | B98: =LEFT(RIGHT(RIGHT(Tableau4[[#This Row],[file name]],LEN(Tableau4[[#This Row],[file name]])-SEARCH("@",Tableau4[[#This Row],[file name]])),LEN(RIGHT(Tableau4[[#This Row],[file name]],LEN(Tableau4[[#This Row],[file name]])-SEARCH("@",Tableau4[[#This Row],[file name]])))-SEARCH("/",RIGHT(Tableau4[[#This Row],[file name]],LEN(Tableau4[[#This Row],[file name]])-SEARCH("@",Tableau4[[#This Row],[file name]])))),1) -> #VALUE!
A99: =IFERROR(LEFT(RIGHT(C99,LEN(C99)-SEARCH("@",C99)),SEARCH("/",RIGHT(C99,LEN(C99)-SEARCH("@",C99)-1))),"") | B99: =LEFT(RIGHT(RIGHT(Tableau4[[#This Row],[file name]],LEN(Tableau4[[#This Row],[file name]])-SEARCH("@",Tableau4[[#This Row],[file name]])),LEN(RIGHT(Tableau4[[#This Row],[file name]],LEN(Tableau4[[#This Row],[file name]])-SEARCH("@",Tableau4[[#This Row],[file name]])))-SEARCH("/",RIGHT(Tableau4[[#This Row],[file name]],LEN(Tableau4[[#This Row],[file name]])-SEARCH("@",Tableau4[[#This Row],[file name]])))),1) -> #VALUE!
A100: =IFERROR(LEFT(RIGHT(C100,LEN(C100)-SEARCH("@",C100)),SEARCH("/",RIGHT(C100,LEN(C100)-SEARCH("@",C100)-1))),"") | B100: =LEFT(RIGHT(RIGHT(Tableau4[[#This Row],[file name]],LEN(Tableau4[[#This Row],[file name]])-SEARCH("@",Tableau4[[#This Row],[file name]])),LEN(RIGHT(Tableau4[[#This Row],[file name]],LEN(Tableau4[[#This Row],[file name]])-SEARCH("@",Tableau4[[#This Row],[file name]])))-SEARCH("/",RIGHT(Tableau4[[#This Row],[file name]],LEN(Tableau4[[#This Row],[file name]])-SEARCH("@",Tableau4[[#This Row],[file name]])))),1) -> #VALUE! | C100: file name | D100: total area | E100: mean intensity | G100: total fluorescence
...

Sheet R1
A1: 3. Expérimentateur 1 : copier et coller les valeurs des intensités totales de fluorescences obtenues dans le fichier raw data lors du traitement des images.
A3: R1 | B3: Non dopé | AE3: avec testo
A4: Noms des groupes | B4: ='Page de garde'!A7 -> Témoin solvant | C4: ='Page de garde'!A9 -> EE2-33,8ng/L | D4: ='Page de garde'!A10 -> EE2-50,6ng/L | E4: ='Page de garde'!A11 -> EE2-76ng/L | F4: ='Page de garde'!A12 -> EE2-114ng/L | G4: ='Page de garde'!A13 -> EE2-170,9ng/L | H4: ='Page de garde'!A14 -> EE2-488ng/L | I4: Testo-3.7µg/L | J4: Testo-11µg/L | K4: Testo-33µg/L | L4: Testo-100µg/L | M4: Testo-300µg/L | N4: ='Page de garde'!A20 | O4: ='Page de garde'!A21 | P4: ='Page de garde'!A22 | Q4: ='Page de garde'!A23 | R4: ='Page de garde'!A24 | S4: ='Page de garde'!A25 | T4: ='Page de garde'!A26 | U4: ='Page de garde'!A27 | V4: ='Page de garde'!A28 | W4: ='Page de garde'!A29 | X4: ='Page de garde'!A30 | Y4: ='Page de garde'!A31 | Z4: ='Page de garde'!A32 | AA4: ='Page de garde'!A33 | AB4: ='Page de garde'!A34 | AC4: ='Page de garde'!A35 | AE4: ='Page de garde'!A36 -> Testo -30µg/L | AF4: ='Page de garde'!A37 -> Testo 30µg/L + EE2 -64ng/L | AG4: ='Page de garde'!A38 -> Testo 30µg/L + FAD-10mg/L | AH4: ='Page de garde'!A39 -> Testo-3,7µg/L + Testostérone | AI4: ='Page de garde'!A40 -> Testo-11µg/L + Testostérone | AJ4: ='Page de garde'!A41 -> Testo-33µg/L + Testostérone | AK4: ='Page de garde'!A42 -> Testo-100µg/L + Testostérone | AL4: ='Page de garde'!A43 -> Testo-300µg/L + Testostérone | AM4: ='Page de garde'!A44 -> 0-00 + Testostérone | AN4: ='Page de garde'!A45 -> 0-00 + Testostérone | AO4: ='Page de garde'!A46 -> 0-00 + Testostérone | AP4: ='Page de garde'!A47 -> 0-00 + Testostérone | AQ4: ='Page de garde'!A48 -> 0-00 + Testostérone | AR4: ='Page de garde'!A49 -> 0-00 + Testostérone | AS4: ='Page de garde'!A50 -> 0-00 + Testostérone | AT4: ='Page de garde'!A51 -> 0-00 + Testostérone | AU4: ='Page de garde'!A52 -> 0-00 + Testostérone | AV4: ='Page de garde'!A53 -> 0-00 + Testostérone | AW4: ='Page de garde'!A54 -> 0-00 + Testostérone | AX4: ='Page de garde'!A55 -> 0-00 + Testostérone | AY4: ='Page de garde'!A56 -> 0-00 + Testostérone | AZ4: ='Page de garde'!A57 -> 0-00 + Testostérone | BA4: ='Page de garde'!A58 -> 0-00 + Testostérone
A5: Données brutes | B5: 209831.33 | C5: 249277.33 | D5: 151596.67 | E5: 575607.33 | F5: 2841245.7 | G5: 3057292 | H5: 4148181 | I5: 73339.667 | J5: 1012502.3 | K5: 653835.33 | L5: 2189414 | M5: 1447905 | AE5: 1690989 | AF5: 5102852.3 | AG5: 50181.333 | AH5: 2533415.7 | AI5: 2262148.3 | AJ5: 1298795.7 | AK5: 2427724.7 | AL5: 3812312
B6: 216753.33 | C6: 39035 | D6: 98070 | E6: 1837502.5 | F6: 1625371 | G6: 458013.33 | H6: 3753572.7 | I6: 466621.5 | J6: 247900.33 | K6: 802743 | L6: 420218.67 | M6: 2740551 | AE6: 72424 | AF6: 4121381.3 | AG6: 133059.67 | AH6: 2744538.3 | AI6: 1332639.7 | AJ6: 2069130 | AK6: 88070
B7: 419093.67 | C7: 158482.33 | D7: 200970.67 | E7: 283315.67 | F7: 2885074.7 | G7: 3176144.5 | H7: 5196171.3 | I7: 248621.33 | J7: 265312.33 | K7: 1108928.7 | L7: 2273792.3 | AE7: 1480696 | AF7: 3965228.7 | AG7: 87741.5 | AH7: 582688 | AI7: 1975480 | AJ7: 78235 | AK7: 2548211 | AL7: 3468173.3
B8: 213660.33 | C8: 170876 | D8: 196478.67 | E8: 2692467.3 | F8: 2233452.3 | G8: 3915479.7 | H8: 4267585.3 | I8: 693368 | J8: 462879.67 | K8: 1739930.7 | L8: 3698322.7 | M8: 3041877 | AE8: 1059713.5 | AF8: 3489421.3 | AG8: 55019.333 | AH8: 1989135.7 | AI8: 2921074 | AJ8: 375999.67 | AK8: 454696.67 | AL8: 2352049
B9: 297079.33 | D9: 122757 | E9: 217106.33 | F9: 3019374.7 | G9: 4671148.7 | H9: 4224059 | I9: 482866 | J9: 383260 | K9: 1908427 | L9: 1352654.3 | M9: 1577627 | AE9: 337325.33 | AF9: 1875780.7 | AG9: 277677 | AH9: 120781.33 | AI9: 2636504 | AJ9: 1832268 | AK9: 195880.67 | AL9: 1029958
B10: 125057 | C10: 548231.33 | D10: 128229.33 | E10: 129245.67 | F10: 1470371.3 | G10: 3020247 | H10: 4025316.3 | I10: 348306 | J10: 1379154.5 | K10: 272053.67 | L10: 3893013.3 | M10: 3377832.3 | AE10: 2049014 | AF10: 2992027.3 | AG10: 32127.667 | AH10: 410160.67 | AI10: 2718863 | AJ10: 39453 | AK10: 338443 | AL10: 1568275.3
B11: 104083.33 | C11: 184849.33 | D11: 666510.67 | E11: 1235312.3 | F11: 2724429.7 | H11: 5225458 | I11: 139447.67 | J11: 180631 | K11: 171618.67 | L11: 182470 | M11: 2412468.3 | AE11: 24824 | AF11: 3668877 | AG11: 85200 | AH11: 442944.33 | AI11: 1241029.3 | AJ11: 3218398.7 | AK11: 919097.67 | AL11: 1886696.3
B12: 83080.333 | C12: 67319.333 | D12: 154502.33 | E12: 2268053 | F12: 2656165.7 | G12: 1460508.3 | H12: 3912307.3 | I12: 48797 | J12: 346136 | K12: 2017788.3 | L12: 1695300.3 | M12: 3572350.3 | AE12: 484726 | AF12: 3375410 | AG12: 197726 | AH12: 961787.67 | AI12: 296481 | AJ12: 488208.33 | AK12: 2417097.5 | AL12: 102417.67
AE13: 69677
AE14: 67434.667
AE15: 1772274.3
AE17: 378660.33
AE18: 530365
AE19: 185483.67
AE20: 693533.33
A22: =A4 -> Noms des groupes | B22: =B4 -> Témoin solvant | C22: =C4 -> EE2-33,8ng/L | D22: =D4 -> EE2-50,6ng/L | E22: =E4 -> EE2-76ng/L | F22: =F4 -> EE2-114ng/L | G22: =G4 -> EE2-170,9ng/L | H22: =H4 -> EE2-488ng/L | ... AC22: =AC4 | AD22: Nom des groupes | AE22: =AE4 -> Testo -30µg/L | AF22: =AF4 -> Testo 30µg/L + EE2 -64ng/L | AG22: =AG4 -> Testo 30µg/L + FAD-10mg/L | AH22: =AH4 -> Testo-3,7µg/L + Testostérone | AI22: =AI4 -> Testo-11µg/L + Testostérone | AJ22: =AJ4 -> Testo-33µg/L + Testostérone | AK22: =AK4 -> Testo-100µg/L + Testostérone | AL22: =AL4 -> Testo-300µg/L + Testostérone | ... BA22: =BA4 -> 0-00 + Testostérone
A23: mean | B23: =AVERAGE(B5:B20) -> 208579.83 | C23: =AVERAGE(C5:C20) -> 202581.52 | D23: =AVERAGE(D5:D20) -> 214889.42 | E23: =AVERAGE(E5:E20) -> 1154826.3 | F23: =AVERAGE(F5:F20) -> 2431935.6 | G23: =AVERAGE(G5:G20) -> 2822690.5 | H23: =AVERAGE(H5:H20) -> 4344081.4 | I23: =AVERAGE(I5:I20) -> 312670.9 | ... AC23: =AVERAGE(AC5:AC20) -> #DIV/0! | AD23: mean | AE23: =AVERAGE(AE5:AE20) -> 726476.01 | AF23: =AVERAGE(AF5:AF20) -> 3573872.3 | AG23: =AVERAGE(AG5:AG20) -> 114841.56 | AH23: =AVERAGE(AH5:AH20) -> 1223181.5 | AI23: =AVERAGE(AI5:AI20) -> 1923027.4 | AJ23: =AVERAGE(AJ5:AJ20) -> 1175061 | AK23: =AVERAGE(AK5:AK20) -> 1173652.6 | AL23: =AVERAGE(AL5:AL20) -> 2031411.7 | ... BA23: =AVERAGE(BA5:BA20) -> #DIV/0!
A24: SD | B24: =STDEV(B5:B20) -> 110768.82 | C24: =STDEV(C5:C20) -> 168306.28 | D24: =STDEV(D5:D20) -> 185854.07 | E24: =STDEV(E5:E20) -> 1007280.5 | F24: =STDEV(F5:F20) -> 593817.46 | G24: =STDEV(G5:G20) -> 1430455.7 | H24: =STDEV(H5:H20) -> 560389.73 | I24: =STDEV(I5:I20) -> 226742.4 | ... AC24: =STDEV(AC5:AC20) -> #DIV/0! | AD24: SD | AE24: =STDEV(AE5:AE20) -> 702133.27 | AF24: =STDEV(AF5:AF20) -> 931075.4 | AG24: =STDEV(AG5:AG20) -> 84457.409 | AH24: =STDEV(AH5:AH20) -> 1040710.2 | AI24: =STDEV(AI5:AI20) -> 903610.75 | AJ24: =STDEV(AJ5:AJ20) -> 1135449.4 | AK24: =STDEV(AK5:AK20) -> 1096882.7 | AL24: =STDEV(AL5:AL20) -> 1310093.1 | ... BA24: =STDEV(BA5:BA20) -> #DIV/0!
B26: Non dopé | AE26: avec testo
A27: Noms des groupes | B27: =B4 -> Témoin solvant | C27: =C4 -> EE2-33,8ng/L | D27: =D4 -> EE2-50,6ng/L | E27: =E4 -> EE2-76ng/L | F27: =F4 -> EE2-114ng/L | G27: =G4 -> EE2-170,9ng/L | H27: =H4 -> EE2-488ng/L | I27: =I4 -> Testo-3.7µg/L | ... AC27: =AC4 | AE27: =AE4 -> Testo -30µg/L | AF27: =AF4 -> Testo 30µg/L + EE2 -64ng/L | AG27: =AG4 -> Testo 30µg/L + FAD-10mg/L | AH27: =AH4 -> Testo-3,7µg/L + Testostérone | AI27: =AI4 -> Testo-11µg/L + Testostérone | AJ27: =AJ4 -> Testo-33µg/L + Testostérone | AK27: =AK4 -> Testo-100µg/L + Testostérone | AL27: =AL4 -> Testo-300µg/L + Testostérone | ... BA27: =BA4 -> 0-00 + Testostérone
A28: Données normalisées sur la moyenne du groupe "Testo" | B28: =IF(B5="","",(B5/$AE$23)) -> 0.2888345 | C28: =IF(C5="","",(C5/$AE$23)) -> 0.34313223 | D28: =IF(D5="","",(D5/$AE$23)) -> 0.20867402 | E28: =IF(E5="","",(E5/$AE$23)) -> 0.79232807 | F28: =IF(F5="","",(F5/$AE$23)) -> 3.9109972 | G28: =IF(G5="","",(G5/$AE$23)) -> 4.2083867 | H28: =IF(H5="","",(H5/$AE$23)) -> 5.7100041 | I28: =IF(I5="","",(I5/$AE$23)) -> 0.10095263 | ... AC28: =IF(AC5="","",(AC5/$AE$23)) | AE28: =IF(AE5="","",(AE5/$AE$23)) -> 2.3276598 | AF28: =IF(AF5="","",(AF5/$AE$23)) -> 7.0241168 | AG28: =IF(AG5="","",(AG5/$AE$23)) -> 0.069075004 | AH28: =IF(AH5="","",(AH5/$AE$23)) -> 3.4872668 | AI28: =IF(AI5="","",(AI5/$AE$23)) -> 3.1138652 | AJ28: =IF(AJ5="","",(AJ5/$AE$23)) -> 1.7878026 | AK28: =IF(AK5="","",(AK5/$AE$23)) -> 3.3417823 | AL28: =IF(AL5="","",(AL5/$AE$23)) -> 5.2476778 | ... BA28: =IF(BA5="","",(BA5/$AE$23))
B29: =IF(B6="","",(B6/$AE$23)) -> 0.29836269 | C29: =IF(C6="","",(C6/$AE$23)) -> 0.053731988 | D29: =IF(D6="","",(D6/$AE$23)) -> 0.13499413 | E29: =IF(E6="","",(E6/$AE$23)) -> 2.5293368 | F29: =IF(F6="","",(F6/$AE$23)) -> 2.2373361 | G29: =IF(G6="","",(G6/$AE$23)) -> 0.63045899 | H29: =IF(H6="","",(H6/$AE$23)) -> 5.1668226 | I29: =IF(I6="","",(I6/$AE$23)) -> 0.6423082 | ... AC29: =IF(AC6="","",(AC6/$AE$23)) | AE29: =IF(AE6="","",(AE6/$AE$23)) -> 0.099692211 | AF29: =IF(AF6="","",(AF6/$AE$23)) -> 5.6731141 | AG29: =IF(AG6="","",(AG6/$AE$23)) -> 0.18315769 | AH29: =IF(AH6="","",(AH6/$AE$23)) -> 3.7778788 | AI29: =IF(AI6="","",(AI6/$AE$23)) -> 1.8343891 | AJ29: =IF(AJ6="","",(AJ6/$AE$23)) -> 2.8481739 | AK29: =IF(AK6="","",(AK6/$AE$23)) -> 0.12122905 | AL29: =IF(AL6="","",(AL6/$AE$23)) | ... BA29: =IF(BA6="","",(BA6/$AE$23))
B30: =IF(B7="","",(B7/$AE$23)) -> 0.57688576 | C30: =IF(C7="","",(C7/$AE$23)) -> 0.21815219 | D30: =IF(D7="","",(D7/$AE$23)) -> 0.27663772 | E30: =IF(E7="","",(E7/$AE$23)) -> 0.38998627 | F30: =IF(F7="","",(F7/$AE$23)) -> 3.9713282 | G30: =IF(G7="","",(G7/$AE$23)) -> 4.3719881 | H30: =IF(H7="","",(H7/$AE$23)) -> 7.1525711 | I30: =IF(I7="","",(I7/$AE$23)) -> 0.34222924 | ... AC30: =IF(AC7="","",(AC7/$AE$23)) | AE30: =IF(AE7="","",(AE7/$AE$23)) -> 2.0381898 | AF30: =IF(AF7="","",(AF7/$AE$23)) -> 5.4581688 | AG30: =IF(AG7="","",(AG7/$AE$23)) -> 0.12077687 | AH30: =IF(AH7="","",(AH7/$AE$23)) -> 0.80207466 | AI30: =IF(AI7="","",(AI7/$AE$23)) -> 2.7192639 | AJ30: =IF(AJ7="","",(AJ7/$AE$23)) -> 0.1076911 | AK30: =IF(AK7="","",(AK7/$AE$23)) -> 3.5076327 | AL30: =IF(AL7="","",(AL7/$AE$23)) -> 4.7739681 | ... BA30: =IF(BA7="","",(BA7/$AE$23))
B31: =IF(B8="","",(B8/$AE$23)) -> 0.29410515 | C31: =IF(C8="","",(C8/$AE$23)) -> 0.23521217 | D31: =IF(D8="","",(D8/$AE$23)) -> 0.27045445 | E31: =IF(E8="","",(E8/$AE$23)) -> 3.7062027 | F31: =IF(F8="","",(F8/$AE$23)) -> 3.0743649 | G31: =IF(G8="","",(G8/$AE$23)) -> 5.3896889 | H31: =IF(H8="","",(H8/$AE$23)) -> 5.8743651 | I31: =IF(I8="","",(I8/$AE$23)) -> 0.95442656 | ... AC31: =IF(AC8="","",(AC8/$AE$23)) | AE31: =IF(AE8="","",(AE8/$AE$23)) -> 1.4587041 | AF31: =IF(AF8="","",(AF8/$AE$23)) -> 4.8032162 | AG31: =IF(AG8="","",(AG8/$AE$23)) -> 0.075734549 | AH31: =IF(AH8="","",(AH8/$AE$23)) -> 2.738061 | AI31: =IF(AI8="","",(AI8/$AE$23)) -> 4.0208816 | AJ31: =IF(AJ8="","",(AJ8/$AE$23)) -> 0.51756653 | AK31: =IF(AK8="","",(AK8/$AE$23)) -> 0.62589357 | AL31: =IF(AL8="","",(AL8/$AE$23)) -> 3.2376141 | ... BA31: =IF(BA8="","",(BA8/$AE$23))
B32: =IF(B9="","",(B9/$AE$23)) -> 0.40893206 | C32: =IF(C9="","",(C9/$AE$23)) | D32: =IF(D9="","",(D9/$AE$23)) -> 0.16897599 | E32: =IF(E9="","",(E9/$AE$23)) -> 0.29884859 | F32: =IF(F9="","",(F9/$AE$23)) -> 4.1561932 | G32: =IF(G9="","",(G9/$AE$23)) -> 6.4298732 | H32: =IF(H9="","",(H9/$AE$23)) -> 5.8144508 | I32: =IF(I9="","",(I9/$AE$23)) -> 0.66466888 | ... AC32: =IF(AC9="","",(AC9/$AE$23)) | AE32: =IF(AE9="","",(AE9/$AE$23)) -> 0.464331 | AF32: =IF(AF9="","",(AF9/$AE$23)) -> 2.582027 | AG32: =IF(AG9="","",(AG9/$AE$23)) -> 0.3822246 | AH32: =IF(AH9="","",(AH9/$AE$23)) -> 0.16625646 | AI32: =IF(AI9="","",(AI9/$AE$23)) -> 3.6291687 | AJ32: =IF(AJ9="","",(AJ9/$AE$23)) -> 2.5221315 | AK32: =IF(AK9="","",(AK9/$AE$23)) -> 0.26963129 | AL32: =IF(AL9="","",(AL9/$AE$23)) -> 1.4177454 | ... BA32: =IF(BA9="","",(BA9/$AE$23))
B33: =IF(B10="","",(B10/$AE$23)) -> 0.17214195 | C33: =IF(C10="","",(C10/$AE$23)) -> 0.75464479 | D33: =IF(D10="","",(D10/$AE$23)) -> 0.1765087 | E33: =IF(E10="","",(E10/$AE$23)) -> 0.17790769 | F33: =IF(F10="","",(F10/$AE$23)) -> 2.0239778 | G33: =IF(G10="","",(G10/$AE$23)) -> 4.157394 | H33: =IF(H10="","",(H10/$AE$23)) -> 5.5408799 | I33: =IF(I10="","",(I10/$AE$23)) -> 0.47944598 | ... AC33: =IF(AC10="","",(AC10/$AE$23)) | AE33: =IF(AE10="","",(AE10/$AE$23)) -> 2.820484 | AF33: =IF(AF10="","",(AF10/$AE$23)) -> 4.1185494 | AG33: =IF(AG10="","",(AG10/$AE$23)) -> 0.044223988 | AH33: =IF(AH10="","",(AH10/$AE$23)) -> 0.56458942 | AI33: =IF(AI10="","",(AI10/$AE$23)) -> 3.7425365 | AJ33: =IF(AJ10="","",(AJ10/$AE$23)) -> 0.054307368 | AK33: =IF(AK10="","",(AK10/$AE$23)) -> 0.46586948 | AL33: =IF(AL10="","",(AL10/$AE$23)) -> 2.1587435 | ... BA33: =IF(BA10="","",(BA10/$AE$23))
B34: =IF(B11="","",(B11/$AE$23)) -> 0.14327154 | C34: =IF(C11="","",(C11/$AE$23)) -> 0.25444658 | D34: =IF(D11="","",(D11/$AE$23)) -> 0.91745723 | E34: =IF(E11="","",(E11/$AE$23)) -> 1.7004172 | F34: =IF(F11="","",(F11/$AE$23)) -> 3.7501991 | G34: =IF(G11="","",(G11/$AE$23)) | H34: =IF(H11="","",(H11/$AE$23)) -> 7.1928844 | I34: =IF(I11="","",(I11/$AE$23)) -> 0.19195082 | ... AC34: =IF(AC11="","",(AC11/$AE$23)) | AE34: =IF(AE11="","",(AE11/$AE$23)) -> 0.034170433 | AF34: =IF(AF11="","",(AF11/$AE$23)) -> 5.0502383 | AG34: =IF(AG11="","",(AG11/$AE$23)) -> 0.11727848 | AH34: =IF(AH11="","",(AH11/$AE$23)) -> 0.60971639 | AI34: =IF(AI11="","",(AI11/$AE$23)) -> 1.7082867 | AJ34: =IF(AJ11="","",(AJ11/$AE$23)) -> 4.4301513 | AK34: =IF(AK11="","",(AK11/$AE$23)) -> 1.2651452 | AL34: =IF(AL11="","",(AL11/$AE$23)) -> 2.5970525 | ... BA34: =IF(BA11="","",(BA11/$AE$23))
B35: =IF(B12="","",(B12/$AE$23)) -> 0.11436074 | C35: =IF(C12="","",(C12/$AE$23)) -> 0.092665597 | D35: =IF(D12="","",(D12/$AE$23)) -> 0.21267369 | E35: =IF(E12="","",(E12/$AE$23)) -> 3.121993 | F35: =IF(F12="","",(F12/$AE$23)) -> 3.6562331 | G35: =IF(G12="","",(G12/$AE$23)) -> 2.0104013 | H35: =IF(H12="","",(H12/$AE$23)) -> 5.3853221 | I35: =IF(I12="","",(I12/$AE$23)) -> 0.067169458 | ... AC35: =IF(AC12="","",(AC12/$AE$23)) | AE35: =IF(AE12="","",(AE12/$AE$23)) -> 0.66722919 | AF35: =IF(AF12="","",(AF12/$AE$23)) -> 4.6462787 | AG35: =IF(AG12="","",(AG12/$AE$23)) -> 0.27217141 | AH35: =IF(AH12="","",(AH12/$AE$23)) -> 1.3239084 | AI35: =IF(AI12="","",(AI12/$AE$23)) -> 0.40810845 | AJ35: =IF(AJ12="","",(AJ12/$AE$23)) -> 0.67202265 | AK35: =IF(AK12="","",(AK12/$AE$23)) -> 3.3271539 | AL35: =IF(AL12="","",(AL12/$AE$23)) -> 0.14097873 | ... BA35: =IF(BA12="","",(BA12/$AE$23))
B36: =IF(B13="","",(B13/$AE$23)) | C36: =IF(C13="","",(C13/$AE$23)) | D36: =IF(D13="","",(D13/$AE$23)) | E36: =IF(E13="","",(E13/$AE$23)) | F36: =IF(F13="","",(F13/$AE$23)) | G36: =IF(G13="","",(G13/$AE$23)) | H36: =IF(H13="","",(H13/$AE$23)) | I36: =IF(I13="","",(I13/$AE$23)) | ... AC36: =IF(AC13="","",(AC13/$AE$23)) | AE36: =IF(AE13="","",(AE13/$AE$23)) -> 0.095910944 | AF36: =IF(AF13="","",(AF13/$AE$23)) | AG36: =IF(AG13="","",(AG13/$AE$23)) | AH36: =IF(AH13="","",(AH13/$AE$23)) | AI36: =IF(AI13="","",(AI13/$AE$23)) | AJ36: =IF(AJ13="","",(AJ13/$AE$23)) | AK36: =IF(AK13="","",(AK13/$AE$23)) | AL36: =IF(AL13="","",(AL13/$AE$23)) | ... BA36: =IF(BA13="","",(BA13/$AE$23))
B37: =IF(B14="","",(B14/$AE$23)) | C37: =IF(C14="","",(C14/$AE$23)) | D37: =IF(D14="","",(D14/$AE$23)) | E37: =IF(E14="","",(E14/$AE$23)) | F37: =IF(F14="","",(F14/$AE$23)) | G37: =IF(G14="","",(G14/$AE$23)) | H37: =IF(H14="","",(H14/$AE$23)) | I37: =IF(I14="","",(I14/$AE$23)) | ... AC37: =IF(AC14="","",(AC14/$AE$23)) | AE37: =IF(AE14="","",(AE14/$AE$23)) -> 0.092824354 | AF37: =IF(AF14="","",(AF14/$AE$23)) | AG37: =IF(AG14="","",(AG14/$AE$23)) | AH37: =IF(AH14="","",(AH14/$AE$23)) | AI37: =IF(AI14="","",(AI14/$AE$23)) | AJ37: =IF(AJ14="","",(AJ14/$AE$23)) | AK37: =IF(AK14="","",(AK14/$AE$23)) | AL37: =IF(AL14="","",(AL14/$AE$23)) | ... BA37: =IF(BA14="","",(BA14/$AE$23))
B38: =IF(B15="","",(B15/$AE$23)) | C38: =IF(C15="","",(C15/$AE$23)) | D38: =IF(D15="","",(D15/$AE$23)) | E38: =IF(E15="","",(E15/$AE$23)) | F38: =IF(F15="","",(F15/$AE$23)) | G38: =IF(G15="","",(G15/$AE$23)) | H38: =IF(H15="","",(H15/$AE$23)) | I38: =IF(I15="","",(I15/$AE$23)) | ... AC38: =IF(AC15="","",(AC15/$AE$23)) | AE38: =IF(AE15="","",(AE15/$AE$23)) -> 2.4395497 | AF38: =IF(AF15="","",(AF15/$AE$23)) | AG38: =IF(AG15="","",(AG15/$AE$23)) | AH38: =IF(AH15="","",(AH15/$AE$23)) | AI38: =IF(AI15="","",(AI15/$AE$23)) | AJ38: =IF(AJ15="","",(AJ15/$AE$23)) | AK38: =IF(AK15="","",(AK15/$AE$23)) | AL38: =IF(AL15="","",(AL15/$AE$23)) | ... BA38: =IF(BA15="","",(BA15/$AE$23))
B39: =IF(B16="","",(B16/$AE$23)) | C39: =IF(C16="","",(C16/$AE$23)) | D39: =IF(D16="","",(D16/$AE$23)) | E39: =IF(E16="","",(E16/$AE$23)) | F39: =IF(F16="","",(F16/$AE$23)) | G39: =IF(G16="","",(G16/$AE$23)) | H39: =IF(H16="","",(H16/$AE$23)) | I39: =IF(I16="","",(I16/$AE$23)) | ... AC39: =IF(AC16="","",(AC16/$AE$23)) | AE39: =IF(AE16="","",(AE16/$AE$23)) | AF39: =IF(AF16="","",(AF16/$AE$23)) | AG39: =IF(AG16="","",(AG16/$AE$23)) | AH39: =IF(AH16="","",(AH16/$AE$23)) | AI39: =IF(AI16="","",(AI16/$AE$23)) | AJ39: =IF(AJ16="","",(AJ16/$AE$23)) | AK39: =IF(AK16="","",(AK16/$AE$23)) | AL39: =IF(AL16="","",(AL16/$AE$23)) | ... BA39: =IF(BA16="","",(BA16/$AE$23))
B40: =IF(B17="","",(B17/$AE$23)) | C40: =IF(C17="","",(C17/$AE$23)) | D40: =IF(D17="","",(D17/$AE$23)) | E40: =IF(E17="","",(E17/$AE$23)) | F40: =IF(F17="","",(F17/$AE$23)) | G40: =IF(G17="","",(G17/$AE$23)) | H40: =IF(H17="","",(H17/$AE$23)) | I40: =IF(I17="","",(I17/$AE$23)) | ... AC40: =IF(AC17="","",(AC17/$AE$23)) | AE40: =IF(AE17="","",(AE17/$AE$23)) -> 0.52122896 | AF40: =IF(AF17="","",(AF17/$AE$23)) | AG40: =IF(AG17="","",(AG17/$AE$23)) | AH40: =IF(AH17="","",(AH17/$AE$23)) | AI40: =IF(AI17="","",(AI17/$AE$23)) | AJ40: =IF(AJ17="","",(AJ17/$AE$23)) | AK40: =IF(AK17="","",(AK17/$AE$23)) | AL40: =IF(AL17="","",(AL17/$AE$23)) | ... BA40: =IF(BA17="","",(BA17/$AE$23))
... B43: =IF(B20="","",(B20/$AE$23)) | C43: =IF(C20="","",(C20/$AE$23)) | D43: =IF(D20="","",(D20/$AE$23)) | E43: =IF(E20="","",(E20/$AE$23)) | F43: =IF(F20="","",(F20/$AE$23)) | G43: =IF(G20="","",(G20/$AE$23)) | H43: =IF(H20="","",(H20/$AE$23)) | I43: =IF(I20="","",(I20/$AE$23)) | ... AC43: =IF(AC20="","",(AC20/$AE$23)) | AE43: =IF(AE20="","",(AE20/$AE$23)) -> 0.95465414 | AF43: =IF(AF20="","",(AF20/$AE$23)) | AG43: =IF(AG20="","",(AG20/$AE$23)) | AH43: =IF(AH20="","",(AH20/$AE$23)) | AI43: =IF(AI20="","",(AI20/$AE$23)) | AJ43: =IF(AJ20="","",(AJ20/$AE$23)) | AK43: =IF(AK20="","",(AK20/$AE$23)) | AL43: =IF(AL20="","",(AL20/$AE$23)) | ... BA43: =IF(BA20="","",(BA20/$AE$23))
A45: =A4 -> Noms des groupes | B45: =B4 -> Témoin solvant | C45: =C4 -> EE2-33,8ng/L | D45: =D4 -> EE2-50,6ng/L | E45: =E4 -> EE2-76ng/L | F45: =F4 -> EE2-114ng/L | G45: =G4 -> EE2-170,9ng/L | H45: =H4 -> EE2-488ng/L | ... AC45: =AC4 | AD45: =AD22 -> Nom des groupes | AE45: =AE4 -> Testo -30µg/L | AF45: =AF4 -> Testo 30µg/L + EE2 -64ng/L | AG45: =AG4 -> Testo 30µg/L + FAD-10mg/L | AH45: =AH4 -> Testo-3,7µg/L + Testostérone | AI45: =AI4 -> Testo-11µg/L + Testostérone | AJ45: =AJ4 -> Testo-33µg/L + Testostérone | AK45: =AK4 -> Testo-100µg/L + Testostérone | AL45: =AL4 -> Testo-300µg/L + Testostérone | ... BA45: =BA4 -> 0-00 + Testostérone
A46: mean | B46: =AVERAGE(B28:B43) -> 0.2871118 | C46: =AVERAGE(C28:C43) -> 0.27885508 | D46: =AVERAGE(D28:D43) -> 0.29579699 | E46: =AVERAGE(E28:E43) -> 1.5896275 | F46: =AVERAGE(F28:F43) -> 3.3475787 | G46: =AVERAGE(G28:G43) -> 3.8854559 | H46: =AVERAGE(H28:H43) -> 5.9796625 | I46: =AVERAGE(I28:I43) -> 0.43039397 | ... AC46: =AVERAGE(AC28:AC43) -> #DIV/0! | AD46: mean | AE46: =AVERAGE(AE28:AE43) -> 1 | AF46: =AVERAGE(AF28:AF43) -> 4.9194637 | AG46: =AVERAGE(AG28:AG43) -> 0.15808032 | AH46: =AVERAGE(AH28:AH43) -> 1.683719 | AI46: =AVERAGE(AI28:AI43) -> 2.6470625 | AJ46: =AVERAGE(AJ28:AJ43) -> 1.6174809 | AK46: =AVERAGE(AK28:AK43) -> 1.6155422 | AL46: =AVERAGE(AL28:AL43) -> 2.7962543 | ... BA46: =AVERAGE(BA28:BA43) -> #DIV/0!
A47: SD | B47: =STDEV(B28:B43) -> 0.15247417 | C47: =STDEV(C28:C43) -> 0.23167493 | D47: =STDEV(D28:D43) -> 0.2558296 | E47: =STDEV(E28:E43) -> 1.3865296 | F47: =STDEV(F28:F43) -> 0.81739445 | G47: =STDEV(G28:G43) -> 1.9690336 | H47: =STDEV(H28:H43) -> 0.77138091 | I47: =STDEV(I28:I43) -> 0.31211271 | ... AC47: =STDEV(AC28:AC43) -> #DIV/0! | AD47: SD | AE47: =STDEV(AE28:AE43) -> 0.96649202 | AF47: =STDEV(AF28:AF43) -> 1.2816327 | AG47: =STDEV(AG28:AG43) -> 0.11625629 | AH47: =STDEV(AH28:AH43) -> 1.4325458 | AI47: =STDEV(AI28:AI43) -> 1.2438274 | AJ47: =STDEV(AJ28:AJ43) -> 1.5629552 | AK47: =STDEV(AK28:AK43) -> 1.5098677 | AL47: =STDEV(AL28:AL43) -> 1.8033535 | ... BA47: =STDEV(BA28:BA43) -> #DIV/0!
A48: SEM | B48: =B47/SQRT(COUNT(B28:B43)) -> 0.053907758 | C48: =C47/SQRT(COUNT(C28:C43)) -> 0.087564894 | D48: =D47/SQRT(COUNT(D28:D43)) -> 0.090449423 | E48: =E47/SQRT(COUNT(E28:E43)) -> 0.49021225 | F48: =F47/SQRT(COUNT(F28:F43)) -> 0.28899258 | G48: =G47/SQRT(COUNT(G28:G43)) -> 0.74422474 | H48: =H47/SQRT(COUNT(H28:H43)) -> 0.27272434 | I48: =I47/SQRT(COUNT(I28:I43)) -> 0.11034851 | ... AC48: =AC47/SQRT(COUNT(AC28:AC43)) -> #DIV/0! | AD48: SEM | AE48: =AE47/SQRT(COUNT(AE28:AE43)) -> 0.24954717 | AF48: =AF47/SQRT(COUNT(AF28:AF43)) -> 0.45312558 | AG48: =AG47/SQRT(COUNT(AG28:AG43)) -> 0.041102807 | AH48: =AH47/SQRT(COUNT(AH28:AH43)) -> 0.50648143 | AI48: =AI47/SQRT(COUNT(AI28:AI43)) -> 0.43975938 | AJ48: =AJ47/SQRT(COUNT(AJ28:AJ43)) -> 0.5525881 | AK48: =AK47/SQRT(COUNT(AK28:AK43)) -> 0.53381885 | AL48: =AL47/SQRT(COUNT(AL28:AL43)) -> 0.68160357 | ... BA48: =BA47/SQRT(COUNT(BA28:BA43)) -> #DIV/0!
A50: 4. Expérimentateur 1 : réaliser les tests statistiques avec les données normalisées et renseigner les résultats ainsi que le test statistique utilisé dans le tableau violet.
A52: =A27 -> Noms des groupes | B52: =B27 -> Témoin solvant | C52: =C27 -> EE2-33,8ng/L | D52: =D27 -> EE2-50,6ng/L | E52: =E27 -> EE2-76ng/L | F52: =F27 -> EE2-114ng/L | G52: =G27 -> EE2-170,9ng/L | H52: =H27 -> EE2-488ng/L | I52: =I4 -> Testo-3.7µg/L | J52: =J4 -> Testo-11µg/L | K52: =K27 -> Testo-33µg/L | L52: =L27 -> Testo-100µg/L | M52: =M27 -> Testo-300µg/L | N52: =N27 | O52: =O27 | P52: =P27 | Q52: =Q27 | R52: =R27 | ... AC52: =AC27 | AE52: =AE27 -> Testo -30µg/L | AF52: =AF27 -> Testo 30µg/L + EE2 -64ng/L | AG52: =AG27 -> Testo 30µg/L + FAD-10mg/L | AH52: =AH27 -> Testo-3,7µg/L + Testostérone | AI52: =AI27 -> Testo-11µg/L + Testostérone | AJ52: =AJ27 -> Testo-33µg/L + Testostérone | AK52: =AK27 -> Testo-100µg/L + Testostérone | AL52: =AL27 -> Testo-300µg/L + Testostérone | ... BA52: =BA27 -> 0-00 + Testostérone
A53: Mean | B53: =B46 -> 0.2871118 | C53: =C46 -> 0.27885508 | D53: =D46 -> 0.29579699 | E53: =E46 -> 1.5896275 | F53: =F46 -> 3.3475787 | G53: =G46 -> 3.8854559 | H53: =H46 -> 5.9796625 | I53: =I46 -> 0.43039397 | ... AC53: =AC46 -> #DIV/0! | AE53: =AE46 -> 1 | AF53: =AF46 -> 4.9194637 | AG53: =AG46 -> 0.15808032 | AH53: =AH46 -> 1.683719 | AI53: =AI46 -> 2.6470625 | AJ53: =AJ46 -> 1.6174809 | AK53: =AK46 -> 1.6155422 | AL53: =AL46 -> 2.7962543 | ... BA53: =BA46 -> #DIV/0!
A54: SEM | B54: =B48 -> 0.053907758 | C54: =C48 -> 0.087564894 | D54: =D48 -> 0.090449423 | E54: =E48 -> 0.49021225 | F54: =F48 -> 0.28899258 | G54: =G48 -> 0.74422474 | H54: =H48 -> 0.27272434 | I54: =I48 -> 0.11034851 | ... AC54: =AC48 -> #DIV/0! | AE54: =AE48 -> 0.24954717 | AF54: =AF48 -> 0.45312558 | AG54: =AG48 -> 0.041102807 | AH54: =AH48 -> 0.50648143 | AI54: =AI48 -> 0.43975938 | AJ54: =AJ48 -> 0.5525881 | AK54: =AK48 -> 0.53381885 | AL54: =AL48 -> 0.68160357 | ... BA54: =BA48 -> #DIV/0!
A55: % induction | B55: =(B53*100/$B$53)-100 -> 0 | C55: =(C53*100/$B$53)-100 -> -2.8757859 | D55: =(D53*100/$B$53)-100 -> 3.0250208 | E55: =(E53*100/$B$53)-100 -> 453.66152 | F55: =(F53*100/$B$53)-100 -> 1065.9495 | G55: =(G53*100/$B$53)-100 -> 1253.2902 | H55: =(H53*100/$B$53)-100 -> 1982.6948 | I55: =(I53*100/$B$53)-100 -> 49.904663 | ... AC55: =(AC53*100/$B$53)-100 -> #DIV/0! | AE55: =(AE53*100/$AE$53)-100 -> 0 | AF55: =(AF53*100/$AE$53)-100 -> 391.94637 | AG55: =(AG53*100/$AE$53)-100 -> -84.191968 | AH55: =(AH53*100/$AE$53)-100 -> 68.371899 | AI55: =(AI53*100/$AE$53)-100 -> 164.70625 | AJ55: =(AJ53*100/$AE$53)-100 -> 61.748086 | AK55: =(AK53*100/$AE$53)-100 -> 61.554219 | AL55: =(AL53*100/$AE$53)-100 -> 179.62543 | ... BA55: =(BA53*100/$AE$53)-100 -> #DIV/0!
A56: Test de normalité : valeur du p | B56: =[1]!SWTEST(B28:B43) -> #NAME? | C56: =[1]!SWTEST(C28:C43) -> #NAME? | D56: =[1]!SWTEST(D28:D43) -> #NAME? | E56: =[1]!SWTEST(E28:E43) -> #NAME? | F56: =[1]!SWTEST(F28:F43) -> #NAME? | G56: =[1]!SWTEST(G28:G43) -> #NAME? | H56: =[1]!SWTEST(H28:H43) -> #NAME? | I56: =[1]!SWTEST(I28:I43) -> #NAME? | ... AC56: =[1]!SWTEST(AC28:AC43) -> #NAME? | AE56: =[1]!SWTEST(AE28:AE43) -> #NAME? | AF56: =[1]!SWTEST(AF28:AF43) -> #NAME? | AG56: =[1]!SWTEST(AG28:AG43) -> #NAME? | AH56: =[1]!SWTEST(AH28:AH43) -> #NAME? | AI56: =[1]!SWTEST(AI28:AI43) -> #NAME? | AJ56: =[1]!SWTEST(AJ28:AJ43) -> #NAME? | AK56: =[1]!SWTEST(AK28:AK43) -> #NAME? | AL56: =[1]!SWTEST(AL28:AL43) -> #NAME? | ... BA56: =[1]!SWTEST(BA28:BA43) -> #NAME?
A57: Test de normalité : résultat normal? | B57: =IF(B56>0.05,"Oui","Non") -> #NAME? | C57: =IF(C56>0.05,"Oui","Non") -> #NAME? | D57: =IF(D56>0.05,"Oui","Non") -> #NAME? | E57: =IF(E56>0.05,"Oui","Non") -> #NAME? | F57: =IF(F56>0.05,"Oui","Non") -> #NAME? | G57: =IF(G56>0.05,"Oui","Non") -> #NAME? | H57: =IF(H56>0.05,"Oui","Non") -> #NAME? | I57: =IF(I56>0.05,"Oui","Non") -> #NAME? | ... AC57: =IF(AC56>0.05,"Oui","Non") -> #NAME? | AE57: =IF(AE56>0.05,"Oui","Non") -> #NAME? | AF57: =IF(AF56>0.05,"Oui","Non") -> #NAME? | AG57: =IF(AG56>0.05,"Oui","Non") -> #NAME? | AH57: =IF(AH56>0.05,"Oui","Non") -> #NAME? | AI57: =IF(AI56>0.05,"Oui","Non") -> #NAME? | AJ57: =IF(AJ56>0.05,"Oui","Non") -> #NAME? | AK57: =IF(AK56>0.05,"Oui","Non") -> #NAME? | AL57: =IF(AL56>0.05,"Oui","Non") -> #NAME? | ... BA57: =IF(BA56>0.05,"Oui","Non") -> #NAME?
A59: Test statistique utilisé | C59: =IF($B57="Non",IF(C$57="Non","Mann Withney",IF(C$57="Oui","Mann Withney","")),IF($B$57="Oui",IF(C$57="Oui","T-Test Welch",IF(C$57="Non","Mann Withney","")))) -> #NAME? | D59: =IF($B57="Non",IF(D$57="Non","Mann Withney",IF(D$57="Oui","Mann Withney","")),IF($B$57="Oui",IF(D$57="Oui","T-Test Welch",IF(D$57="Non","Mann Withney","")))) -> #NAME? | E59: =IF($B57="Non",IF(E$57="Non","Mann Withney",IF(E$57="Oui","Mann Withney","")),IF($B$57="Oui",IF(E$57="Oui","T-Test Welch",IF(E$57="Non","Mann Withney","")))) -> #NAME? | F59: =IF($B57="Non",IF(F$57="Non","Mann Withney",IF(F$57="Oui","Mann Withney","")),IF($B$57="Oui",IF(F$57="Oui","T-Test Welch",IF(F$57="Non","Mann Withney","")))) -> #NAME? | G59: =IF($B57="Non",IF(G$57="Non","Mann Withney",IF(G$57="Oui","Mann Withney","")),IF($B$57="Oui",IF(G$57="Oui","T-Test Welch",IF(G$57="Non","Mann Withney","")))) -> #NAME? | H59: =IF($B57="Non",IF(H$57="Non","Mann Withney",IF(H$57="Oui","Mann Withney","")),IF($B$57="Oui",IF(H$57="Oui","T-Test Welch",IF(H$57="Non","Mann Withney","")))) -> #NAME? | I59: =IF($B57="Non",IF(I$57="Non","Mann Withney",IF(I$57="Oui","Mann Withney","")),IF($B$57="Oui",IF(I$57="Oui","T-Test Welch",IF(I$57="Non","Mann Withney","")))) -> #NAME? | J59: =IF($B57="Non",IF(J$57="Non","Mann Withney",IF(J$57="Oui","Mann Withney","")),IF($B$57="Oui",IF(J$57="Oui","T-Test Welch",IF(J$57="Non","Mann Withney","")))) -> #NAME? | ... AC59: =IF($B57="Non",IF(AC$57="Non","Mann Withney",IF(AC$57="Oui","Mann Withney","")),IF($B$57="Oui",IF(AC$57="Oui","T-Test Welch",IF(AC$57="Non","Mann Withney","")))) -> #NAME? | AE59: =IF($B57="Non",IF(AE$57="Non","Mann Withney",IF(AE$57="Oui","Mann Withney","")),IF($B$57="Oui",IF(AE$57="Oui","T-Test Welch",IF(AE$57="Non","Mann Withney","")))) -> #NAME? | AF59: =IF($AE57="Non",IF(AF$57="Non","Mann Withney",IF(AF$57="Oui","Mann Withney","")),IF($AE$57="Oui",IF(AF$57="Oui","T-Test Welch",IF(AF$57="Non","Mann Withney","")))) -> #NAME? | AG59: =IF($AE57="Non",IF(AG$57="Non","Mann Withney",IF(AG$57="Oui","Mann Withney","")),IF($AE$57="Oui",IF(AG$57="Oui","T-Test Welch",IF(AG$57="Non","Mann Withney","")))) -> #NAME? | AH59: =IF($AE57="Non",IF(AH$57="Non","Mann Withney",IF(AH$57="Oui","Mann Withney","")),IF($AE$57="Oui",IF(AH$57="Oui","T-Test Welch",IF(AH$57="Non","Mann Withney","")))) -> #NAME? | AI59: =IF($AE57="Non",IF(AI$57="Non","Mann Withney",IF(AI$57="Oui","Mann Withney","")),IF($AE$57="Oui",IF(AI$57="Oui","T-Test Welch",IF(AI$57="Non","Mann Withney","")))) -> #NAME? | AJ59: =IF($AE57="Non",IF(AJ$57="Non","Mann Withney",IF(AJ$57="Oui","Mann Withney","")),IF($AE$57="Oui",IF(AJ$57="Oui","T-Test Welch",IF(AJ$57="Non","Mann Withney","")))) -> #NAME? | AK59: =IF($AE57="Non",IF(AK$57="Non","Mann Withney",IF(AK$57="Oui","Mann Withney","")),IF($AE$57="Oui",IF(AK$57="Oui","T-Test Welch",IF(AK$57="Non","Mann Withney","")))) -> #NAME? | AL59: =IF($AE57="Non",IF(AL$57="Non","Mann Withney",IF(AL$57="Oui","Mann Withney","")),IF($AE$57="Oui",IF(AL$57="Oui","T-Test Welch",IF(AL$57="Non","Mann Withney","")))) -> #NAME? | AM59: =IF($AE57="Non",IF(AM$57="Non","Mann Withney",IF(AM$57="Oui","Mann Withney","")),IF($AE$57="Oui",IF(AM$57="Oui","T-Test Welch",IF(AM$57="Non","Mann Withney","")))) -> #NAME? | ... BA59: =IF($AE57="Non",IF(BA$57="Non","Mann Withney",IF(BA$57="Oui","Mann Withney","")),IF($AE$57="Oui",IF(BA$57="Oui","T-Test Welch",IF(BA$57="Non","Mann Withney","")))) -> #NAME?
A60: Test statistique : valeur du p | C60: =IF(C59="Mann Withney",[1]!MTEST($B28:$B43,C28:C43,2), IF(C59="T-Test Welch",_xlfn.T.TEST($B28:$B43,C28:C43,2,3),"")) -> #NAME? | D60: =IF(D59="Mann Withney",[1]!MTEST($B28:$B43,D28:D43,2), IF(D59="T-Test Welch",_xlfn.T.TEST($B28:$B43,D28:D43,2,3),"")) -> #NAME? | E60: =IF(E59="Mann Withney",[1]!MTEST($B28:$B43,E28:E43,2), IF(E59="T-Test Welch",_xlfn.T.TEST($B28:$B43,E28:E43,2,3),"")) -> #NAME? | F60: =IF(F59="Mann Withney",[1]!MTEST($B28:$B43,F28:F43,2), IF(F59="T-Test Welch",_xlfn.T.TEST($B28:$B43,F28:F43,2,3),"")) -> #NAME? | G60: =IF(G59="Mann Withney",[1]!MTEST($B28:$B43,G28:G43,2), IF(G59="T-Test Welch",_xlfn.T.TEST($B28:$B43,G28:G43,2,3),"")) -> #NAME? | H60: =IF(H59="Mann Withney",[1]!MTEST($B28:$B43,H28:H43,2), IF(H59="T-Test Welch",_xlfn.T.TEST($B28:$B43,H28:H43,2,3),"")) -> #NAME? | I60: =IF(I59="Mann Withney",[1]!MTEST($B28:$B43,I28:I43,2), IF(I59="T-Test Welch",_xlfn.T.TEST($B28:$B43,I28:I43,2,3),"")) -> #NAME? | J60: =IF(J59="Mann Withney",[1]!MTEST($B28:$B43,J28:J43,2), IF(J59="T-Test Welch",_xlfn.T.TEST($B28:$B43,J28:J43,2,3),"")) -> #NAME? | ... AC60: =IF(AC59="Mann Withney",[1]!MTEST($B28:$B43,AC28:AC43,2), IF(AC59="T-Test Welch",_xlfn.T.TEST($B28:$B43,AC28:AC43,2,3),"")) -> #NAME? | AE60: =IF(AE59="Mann Withney",[1]!MTEST($B28:$B43,AE28:AE43,2), IF(AE59="T-Test Welch",_xlfn.T.TEST($B28:$B43,AE28:AE43,2,3),"")) -> #NAME? | AF60: =IF(AF59="Mann Withney",[1]!MTEST($AE28:$AE43,AF28:AF43,2), IF(AF59="T-Test Welch",_xlfn.T.TEST($AE28:$AE43,AF28:AF43,2,3),"")) -> #NAME? | AG60: =IF(AG59="Mann Withney",[1]!MTEST($AE28:$AE43,AG28:AG43,2), IF(AG59="T-Test Welch",_xlfn.T.TEST($AE28:$AE43,AG28:AG43,2,3),"")) -> #NAME? | AH60: =IF(AH59="Mann Withney",[1]!MTEST($AE28:$AE43,AH28:AH43,2), IF(AH59="T-Test Welch",_xlfn.T.TEST($AE28:$AE43,AH28:AH43,2,3),"")) -> #NAME? | AI60: =IF(AI59="Mann Withney",[1]!MTEST($AE28:$AE43,AI28:AI43,2), IF(AI59="T-Test Welch",_xlfn.T.TEST($AE28:$AE43,AI28:AI43,2,3),"")) -> #NAME? | AJ60: =IF(AJ59="Mann Withney",[1]!MTEST($AE28:$AE43,AJ28:AJ43,2), IF(AJ59="T-Test Welch",_xlfn.T.TEST($AE28:$AE43,AJ28:AJ43,2,3),"")) -> #NAME? | AK60: =IF(AK59="Mann Withney",[1]!MTEST($AE28:$AE43,AK28:AK43,2), IF(AK59="T-Test Welch",_xlfn.T.TEST($AE28:$AE43,AK28:AK43,2,3),"")) -> #NAME? | AL60: =IF(AL59="Mann Withney",[1]!MTEST($AE28:$AE43,AL28:AL43,2), IF(AL59="T-Test Welch",_xlfn.T.TEST($AE28:$AE43,AL28:AL43,2,3),"")) -> #NAME? | AM60: =IF(AM59="Mann Withney",[1]!MTEST($AE28:$AE43,AM28:AM43,2), IF(AM59="T-Test Welch",_xlfn.T.TEST($AE28:$AE43,AM28:AM43,2,3),"")) -> #NAME? | ... BA60: =IF(BA59="Mann Withney",[1]!MTEST($AE28:$AE43,BA28:BA43,2), IF(BA59="T-Test Welch",_xlfn.T.TEST($AE28:$AE43,BA28:BA43,2,3),"")) -> #NAME?
A61: Annotation | C61: =IF(C60>0.05,"NS",IF(C60>0.01,"*",IF(C60>0.001,"**","***"))) -> #NAME? | D61: =IF(D60>0.05,"NS",IF(D60>0.01,"*",IF(D60>0.001,"**","***"))) -> #NAME? | E61: =IF(E60>0.05,"NS",IF(E60>0.01,"*",IF(E60>0.001,"**","***"))) -> #NAME? | F61: =IF(F60>0.05,"NS",IF(F60>0.01,"*",IF(F60>0.001,"**","***"))) -> #NAME? | G61: =IF(G60>0.05,"NS",IF(G60>0.01,"*",IF(G60>0.001,"**","***"))) -> #NAME? | H61: =IF(H60>0.05,"NS",IF(H60>0.01,"*",IF(H60>0.001,"**","***"))) -> #NAME? | I61: =IF(I60>0.05,"NS",IF(I60>0.01,"*",IF(I60>0.001,"**","***"))) -> #NAME? | J61: =IF(J60>0.05,"NS",IF(J60>0.01,"*",IF(J60>0.001,"**","***"))) -> #NAME? | ... AC61: =IF(AC60>0.05,"NS",IF(AC60>0.01,"*",IF(AC60>0.001,"**","***"))) -> #NAME? | AE61: =IF(AE60>0.05,"NS",IF(AE60>0.01,"*",IF(AE60>0.001,"**","***"))) -> #NAME? | AF61: =IF(AF60>0.05,"NS",IF(AF60>0.01,"*",IF(AF60>0.001,"**","***"))) -> #NAME? | AG61: =IF(AG60>0.05,"NS",IF(AG60>0.01,"*",IF(AG60>0.001,"**","***"))) -> #NAME? | AH61: =IF(AH60>0.05,"NS",IF(AH60>0.01,"*",IF(AH60>0.001,"**","***"))) -> #NAME? | AI61: =IF(AI60>0.05,"NS",IF(AI60>0.01,"*",IF(AI60>0.001,"**","***"))) -> #NAME? | AJ61: =IF(AJ60>0.05,"NS",IF(AJ60>0.01,"*",IF(AJ60>0.001,"**","***"))) -> #NAME? | AK61: =IF(AK60>0.05,"NS",IF(AK60>0.01,"*",IF(AK60>0.001,"**","***"))) -> #NAME? | AL61: =IF(AL60>0.05,"NS",IF(AL60>0.01,"*",IF(AL60>0.001,"**","***"))) -> #NAME? | ... BA61: =IF(BA60>0.05,"NS",IF(BA60>0.01,"*",IF(BA60>0.001,"**","***"))) -> #NAME?
A63: Eléments pour la mise en forme conditionnelles des résutats - calcul équivalent hormonal (eqH)
A64: LOD | B64: =B46+(3*B47) -> 0.74453429
A65: LOQ | B65: =B46+(10*B47) -> 1.8118535
A67: 5. Expérimentateur 1 : remplissage du suivi qualité (SQ) et transmission à l'expérimenteur 2.

Sheet Raw data R2
A1: Nom groupe | B1: N° de valeur | C1: file name | D1: total area | E1: mean intensity | G1: total fluorescence | I1: nbre de larves | J1: Colonne1 | L1: (Tous)
A2: =IFERROR(LEFT(RIGHT(C2,LEN(C2)-SEARCH("@",C2)),SEARCH("/",RIGHT(C2,LEN(C2)-SEARCH("@",C2)-1))),"") -> 1 | B2: =LEFT(RIGHT(RIGHT(Tableau46[[#This Row],[file name]],LEN(Tableau46[[#This Row],[file name]])-SEARCH("@",Tableau46[[#This Row],[file name]])),LEN(RIGHT(Tableau46[[#This Row],[file name]],LEN(Tableau46[[#This Row],[file name]])-SEARCH("@",Tableau46[[#This Row],[file name]])))-SEARCH("/",RIGHT(Tableau46[[#This Row],[file name]],LEN(Tableau46[[#This Row],[file name]])-SEARCH("@",Tableau46[[#This Row],[file name]])))),1) -> A | C2: C:\Users\andre\Desktop\REACTIV CEFAS\Testosterone\Testosterone/20201117_Cefas_Test6-Run2/Plate 1/@1/A10_01.tif | D2: 43.2598 | E2: 30.5 | G2: 1319 | K2: Filtre lignes : Enlever (vide) et Néant | L2: Filtre colonnes : Enlever (vide) et " "
A3: =IFERROR(LEFT(RIGHT(C3,LEN(C3)-SEARCH("@",C3)),SEARCH("/",RIGHT(C3,LEN(C3)-SEARCH("@",C3)-1))),"") -> 1 | B3: =LEFT(RIGHT(RIGHT(Tableau46[[#This Row],[file name]],LEN(Tableau46[[#This Row],[file name]])-SEARCH("@",Tableau46[[#This Row],[file name]])),LEN(RIGHT(Tableau46[[#This Row],[file name]],LEN(Tableau46[[#This Row],[file name]])-SEARCH("@",Tableau46[[#This Row],[file name]])))-SEARCH("/",RIGHT(Tableau46[[#This Row],[file name]],LEN(Tableau46[[#This Row],[file name]])-SEARCH("@",Tableau46[[#This Row],[file name]])))),1) -> A | C3: C:\Users\andre\Desktop\REACTIV CEFAS\Testosterone\Testosterone/20201117_Cefas_Test6-Run2/Plate 1/@1/A10_02.tif | D3: 1319.4236 | E3: 34.2459 | G3: 45185 | K3: Moyenne de total fluorescence | L3: Étiquettes de colonnes
A4: =IFERROR(LEFT(RIGHT(C4,LEN(C4)-SEARCH("@",C4)),SEARCH("/",RIGHT(C4,LEN(C4)-SEARCH("@",C4)-1))),"") -> 1 | B4: =LEFT(RIGHT(RIGHT(Tableau46[[#This Row],[file name]],LEN(Tableau46[[#This Row],[file name]])-SEARCH("@",Tableau46[[#This Row],[file name]])),LEN(RIGHT(Tableau46[[#This Row],[file name]],LEN(Tableau46[[#This Row],[file name]])-SEARCH("@",Tableau46[[#This Row],[file name]])))-SEARCH("/",RIGHT(Tableau46[[#This Row],[file name]],LEN(Tableau46[[#This Row],[file name]])-SEARCH("@",Tableau46[[#This Row],[file name]])))),1) -> A | C4: C:\Users\andre\Desktop\REACTIV CEFAS\Testosterone\Testosterone/20201117_Cefas_Test6-Run2/Plate 1/@1/A10_03.tif | D4: 0 | E4: 0 | G4: 0 | K4: Étiquettes de lignes | L4: 1 | M4: 13 | N4: 14 | O4: 15 | P4: 16 | Q4: 2 | R4: 3 | S4: 4 | T4: 5 | U4: 6 | V4: 7 | W4: 10 | X4: 11 | Y4: 12 | Z4: 17 | AA4: 18 | AB4: 19 | AC4: 20 | AD4: 21 | AE4: 8 | AF4: 9
A5: =IFERROR(LEFT(RIGHT(C5,LEN(C5)-SEARCH("@",C5)),SEARCH("/",RIGHT(C5,LEN(C5)-SEARCH("@",C5)-1))),"") -> 1 | B5: =LEFT(RIGHT(RIGHT(Tableau46[[#This Row],[file name]],LEN(Tableau46[[#This Row],[file name]])-SEARCH("@",Tableau46[[#This Row],[file name]])),LEN(RIGHT(Tableau46[[#This Row],[file name]],LEN(Tableau46[[#This Row],[file name]])-SEARCH("@",Tableau46[[#This Row],[file name]])))-SEARCH("/",RIGHT(Tableau46[[#This Row],[file name]],LEN(Tableau46[[#This Row],[file name]])-SEARCH("@",Tableau46[[#This Row],[file name]])))),1) -> B | C5: C:\Users\andre\Desktop\REACTIV CEFAS\Testosterone\Testosterone/20201117_Cefas_Test6-Run2/Plate 1/@1/B10_01.tif | D5: 670.5267 | E5: 33.1935 | G5: 22257 | K5: A | L5: 15501.333 | M5: 1089548 | O5: 4298855 | P5: 203876.33 | R5: 103939 | S5: 21500 | T5: 681.5 | U5: 2371169.7 | V5: 4905797 | W5: 2232951.5 | X5: 2577018 | Y5: 3861232 | Z5: 2333224 | AA5: 1801936.3 | AB5: 1124076.7 | AC5: 2075828.3 | AD5: 2851267 | AE5: 190682 | AF5: 607310
A6: =IFERROR(LEFT(RIGHT(C6,LEN(C6)-SEARCH("@",C6)),SEARCH("/",RIGHT(C6,LEN(C6)-SEARCH("@",C6)-1))),"") -> 1 | B6: =LEFT(RIGHT(RIGHT(Tableau46[[#This Row],[file name]],LEN(Tableau46[[#This Row],[file name]])-SEARCH("@",Tableau46[[#This Row],[file name]])),LEN(RIGHT(Tableau46[[#This Row],[file name]],LEN(Tableau46[[#This Row],[file name]])-SEARCH("@",Tableau46[[#This Row],[file name]])))-SEARCH("/",RIGHT(Tableau46[[#This Row],[file name]],LEN(Tableau46[[#This Row],[file name]])-SEARCH("@",Tableau46[[#This Row],[file name]])))),1) -> B | C6: C:\Users\andre\Desktop\REACTIV CEFAS\Testosterone\Testosterone/20201117_Cefas_Test6-Run2/Plate 1/@1/B10_02.tif | D6: 0 | E6: 0 | G6: 0 | K6: B | L6: 147826 | M6: 2689627 | N6: 2816868.3 | O6: 2413161 | P6: 241851 | Q6: 137385.67 | R6: 27935 | S6: 76425.333 | T6: 1144610.7 | U6: 2254022.7 | V6: 3645697.3 | W6: 1066613.3 | X6: 2571578 | Y6: 1238938.7 | Z6: 1690650 | AA6: 2357168.3 | AB6: 382070.67 | AC6: 1976741.7 | AD6: 3229048 | AE6: 92583.333 | AF6: 789267.67
A7: =IFERROR(LEFT(RIGHT(C7,LEN(C7)-SEARCH("@",C7)),SEARCH("/",RIGHT(C7,LEN(C7)-SEARCH("@",C7)-1))),"") -> 1 | B7: =LEFT(RIGHT(RIGHT(Tableau46[[#This Row],[file name]],LEN(Tableau46[[#This Row],[file name]])-SEARCH("@",Tableau46[[#This Row],[file name]])),LEN(RIGHT(Tableau46[[#This Row],[file name]],LEN(Tableau46[[#This Row],[file name]])-SEARCH("@",Tableau46[[#This Row],[file name]])))-SEARCH("/",RIGHT(Tableau46[[#This Row],[file name]],LEN(Tableau46[[#This Row],[file name]])-SEARCH("@",Tableau46[[#This Row],[file name]])))),1) -> B | C7: C:\Users\andre\Desktop\REACTIV CEFAS\Testosterone\Testosterone/20201117_Cefas_Test6-Run2/Plate 1/@1/B10_03.tif | D7: 9928.1216 | E7: 42.427 | G7: 421221 | K7: C | L7: 92294.667 | M7: 403289.67 | N7: 1682056 | O7: 1623864 | P7: 219377.67 | Q7: 212513.67 | R7: 233105 | T7: 30144.667 | U7: 2903604.3 | V7: 4604478.3 | X7: 1876811.7 | Y7: 2594743.7 | Z7: 2144308.3 | AA7: 1204554.3 | AB7: 1929271 | AC7: 2944254.3 | AD7: 1243091.5 | AE7: 196666.33 | AF7: 224936.33
A8: =IFERROR(LEFT(RIGHT(C8,LEN(C8)-SEARCH("@",C8)),SEARCH("/",RIGHT(C8,LEN(C8)-SEARCH("@",C8)-1))),"") -> 1 | B8: =LEFT(RIGHT(RIGHT(Tableau46[[#This Row],[file name]],LEN(Tableau46[[#This Row],[file name]])-SEARCH("@",Tableau46[[#This Row],[file name]])),LEN(RIGHT(Tableau46[[#This Row],[file name]],LEN(Tableau46[[#This Row],[file name]])-SEARCH("@",Tableau46[[#This Row],[file name]])))-SEARCH("/",RIGHT(Tableau46[[#This Row],[file name]],LEN(Tableau46[[#This Row],[file name]])-SEARCH("@",Tableau46[[#This Row],[file name]])))),1) -> C | C8: C:\Users\andre\Desktop\REACTIV CEFAS\Testosterone\Testosterone/20201117_Cefas_Test6-Run2/Plate 1/@1/C10_01.tif | D8: 194.6691 | E8: 34.1111 | G8: 6640 | K8: D | L8: 162750.67 | M8: 1163580.3 | N8: 3321443.3 | O8: 2701833.3 | P8: 26345.333 | Q8: 183155 | R8: 57867.333 | S8: 103859.67 | T8: 0 | V8: 4401373.7 | W8: 894288 | X8: 2441420.5 | Y8: 2475721.7 | AA8: 1156500 | AB8: 888231.67 | AC8: 2542248 | AD8: 71465.333 | AE8: 30448 | AF8: 157660.33
A9: =IFERROR(LEFT(RIGHT(C9,LEN(C9)-SEARCH("@",C9)),SEARCH("/",RIGHT(C9,LEN(C9)-SEARCH("@",C9)-1))),"") -> 1 | B9: =LEFT(RIGHT(RIGHT(Tableau46[[#This Row],[file name]],LEN(Tableau46[[#This Row],[file name]])-SEARCH("@",Tableau46[[#This Row],[file name]])),LEN(RIGHT(Tableau46[[#This Row],[file name]],LEN(Tableau46[[#This Row],[file name]])-SEARCH("@",Tableau46[[#This Row],[file name]])))-SEARCH("/",RIGHT(Tableau46[[#This Row],[file name]],LEN(Tableau46[[#This Row],[file name]])-SEARCH("@",Tableau46[[#This Row],[file name]])))),1) -> C | C9: C:\Users\andre\Desktop\REACTIV CEFAS\Testosterone\Testosterone/20201117_Cefas_Test6-Run2/Plate 1/@1/C10_02.tif | D9: 475.8577 | E9: 32.9091 | G9: 15660 | K9: E | L9: 119656.33 | M9: 2416528 | N9: 100096 | O9: 5410689.3 | P9: 44182.667 | Q9: 305468.5 | R9: 190653.33 | S9: 140464.67 | T9: 512109.33 | U9: 4632590 | V9: 3895566 | W9: 649942.33 | X9: 2495246.3 | Y9: 2391249.7 | Z9: 2063333.3 | AA9: 2909941.7 | AB9: 3486890.3 | AC9: 1675819 | AE9: 182094.67 | AF9: 239493.67
A10: =IFERROR(LEFT(RIGHT(C10,LEN(C10)-SEARCH("@",C10)),SEARCH("/",RIGHT(C10,LEN(C10)-SEARCH("@",C10)-1))),"") -> 1 | B10: =LEFT(RIGHT(RIGHT(Tableau46[[#This Row],[file name]],LEN(Tableau46[[#This Row],[file name]])-SEARCH("@",Tableau46[[#This Row],[file name]])),LEN(RIGHT(Tableau46[[#This Row],[file name]],LEN(Tableau46[[#This Row],[file name]])-SEARCH("@",Tableau46[[#This Row],[file name]])))-SEARCH("/",RIGHT(Tableau46[[#This Row],[file name]],LEN(Tableau46[[#This Row],[file name]])-SEARCH("@",Tableau46[[#This Row],[file name]])))),1) -> C | C10: C:\Users\andre\Desktop\REACTIV CEFAS\Testosterone\Testosterone/20201117_Cefas_Test6-Run2/Plate 1/@1/C10_03.tif | D10: 6683.6374 | E10: 38.0906 | G10: 254584 | K10: F | L10: 879.66667 | M10: 2694465 | N10: 890474 | O10: 4275610 | P10: 327642.67 | Q10: 0 | R10: 118467 | S10: 182570.67 | T10: 7412 | U10: 2242097 | V10: 3894419.3 | W10: 1260568.7 | X10: 2470448 | Y10: 2718149.3 | Z10: 3024385.3 | AA10: 817069.33 | AB10: 1521742.3 | AC10: 1821626.3 | AD10: 2529998 | AE10: 237619 | AF10: 108409
A11: =IFERROR(LEFT(RIGHT(C11,LEN(C11)-SEARCH("@",C11)),SEARCH("/",RIGHT(C11,LEN(C11)-SEARCH("@",C11)-1))),"") -> 1 | B11: =LEFT(RIGHT(RIGHT(Tableau46[[#This Row],[file name]],LEN(Tableau46[[#This Row],[file name]])-SEARCH("@",Tableau46[[#This Row],[file name]])),LEN(RIGHT(Tableau46[[#This Row],[file name]],LEN(Tableau46[[#This Row],[file name]])-SEARCH("@",Tableau46[[#This Row],[file name]])))-SEARCH("/",RIGHT(Tableau46[[#This Row],[file name]],LEN(Tableau46[[#This Row],[file name]])-SEARCH("@",Tableau46[[#This Row],[file name]])))),1) -> D | C11: C:\Users\andre\Desktop\REACTIV CEFAS\Testosterone\Testosterone/20201117_Cefas_Test6-Run2/Plate 1/@1/D10_01.tif | D11: 4672.0572 | E11: 34.7917 | G11: 162549 | K11: G | L11: 230113.33 | M11: 1236184.7 | N11: 252262.33 | O11: 3285227.7 | P11: 138900 | Q11: 62618.5 | R11: 144480.67 | S11: 476138.5 | T11: 178756.67 | U11: 2650166.7 | V11: 4533409.7 | W11: 1817610.7 | X11: 2268983 | Y11: 4146162.3 | Z11: 1201151 | AA11: 2188069.5 | AB11: 452158.33 | AC11: 2122700.3 | AD11: 1744061.7 | AF11: 206500.33
A12: =IFERROR(LEFT(RIGHT(C12,LEN(C12)-SEARCH("@",C12)),SEARCH("/",RIGHT(C12,LEN(C12)-SEARCH("@",C12)-1))),"") -> 1 | B12: =LEFT(RIGHT(RIGHT(Tableau46[[#This Row],[file name]],LEN(Tableau46[[#This Row],[file name]])-SEARCH("@",Tableau46[[#This Row],[file name]])),LEN(RIGHT(Tableau46[[#This Row],[file name]],LEN(Tableau46[[#This Row],[file name]])-SEARCH("@",Tableau46[[#This Row],[file name]])))-SEARCH("/",RIGHT(Tableau46[[#This Row],[file name]],LEN(Tableau46[[#This Row],[file name]])-SEARCH("@",Tableau46[[#This Row],[file name]])))),1) -> D | C12: C:\Users\andre\Desktop\REACTIV CEFAS\Testosterone\Testosterone/20201117_Cefas_Test6-Run2/Plate 1/@1/D10_02.tif | D12: 4217.8295 | E12: 34.0513 | G12: 143623 | K12: H | M12: 183991 | N12: 894519 | O12: 3774690.7 | P12: 168309.33 | Q12: 142750.33 | R12: 8565.3333 | S12: 199478.33 | T12: 131236 | U12: 2647989.3 | V12: 5059268.3 | W12: 1809102.7 | X12: 2822203.7 | Y12: 2188231.3 | Z12: 1049381.3 | AA12: 2034313.3 | AB12: 1484077.3 | AC12: 1463774.3 | AD12: 1867604.3 | AE12: 74580 | AF12: 653684.33
A13: =IFERROR(LEFT(RIGHT(C13,LEN(C13)-SEARCH("@",C13)),SEARCH("/",RIGHT(C13,LEN(C13)-SEARCH("@",C13)-1))),"") -> 1 | B13: =LEFT(RIGHT(RIGHT(Tableau46[[#This Row],[file name]],LEN(Tableau46[[#This Row],[file name]])-SEARCH("@",Tableau46[[#This Row],[file name]])),LEN(RIGHT(Tableau46[[#This Row],[file name]],LEN(Tableau46[[#This Row],[file name]])-SEARCH("@",Tableau46[[#This Row],[file name]])))-SEARCH("/",RIGHT(Tableau46[[#This Row],[file name]],LEN(Tableau46[[#This Row],[file name]])-SEARCH("@",Tableau46[[#This Row],[file name]])))),1) -> D | C13: C:\Users\andre\Desktop\REACTIV CEFAS\Testosterone\Testosterone/20201117_Cefas_Test6-Run2/Plate 1/@1/D10_03.tif | D13: 4931.616 | E13: 36.9211 | G13: 182080
A14: =IFERROR(LEFT(RIGHT(C14,LEN(C14)-SEARCH("@",C14)),SEARCH("/",RIGHT(C14,LEN(C14)-SEARCH("@",C14)-1))),"") -> 1 | B14: =LEFT(RIGHT(RIGHT(Tableau46[[#This Row],[file name]],LEN(Tableau46[[#This Row],[file name]])-SEARCH("@",Tableau46[[#This Row],[file name]])),LEN(RIGHT(Tableau46[[#This Row],[file name]],LEN(Tableau46[[#This Row],[file name]])-SEARCH("@",Tableau46[[#This Row],[file name]])))-SEARCH("/",RIGHT(Tableau46[[#This Row],[file name]],LEN(Tableau46[[#This Row],[file name]])-SEARCH("@",Tableau46[[#This Row],[file name]])))),1) -> E | C14: C:\Users\andre\Desktop\REACTIV CEFAS\Testosterone\Testosterone/20201117_Cefas_Test6-Run2/Plate 1/@1/E10_01.tif | D14: 3655.4522 | E14: 39.2959 | G14: 143644
A15: =IFERROR(LEFT(RIGHT(C15,LEN(C15)-SEARCH("@",C15)),SEARCH("/",RIGHT(C15,LEN(C15)-SEARCH("@",C15)-1))),"") -> 1 | B15: =LEFT(RIGHT(RIGHT(Tableau46[[#This Row],[file name]],LEN(Tableau46[[#This Row],[file name]])-SEARCH("@",Tableau46[[#This Row],[file name]])),LEN(RIGHT(Tableau46[[#This Row],[file name]],LEN(Tableau46[[#This Row],[file name]])-SEARCH("@",Tableau46[[#This Row],[file name]])))-SEARCH("/",RIGHT(Tableau46[[#This Row],[file name]],LEN(Tableau46[[#This Row],[file name]])-SEARCH("@",Tableau46[[#This Row],[file name]])))),1) -> E | C15: C:\Users\andre\Desktop\REACTIV CEFAS\Testosterone\Testosterone/20201117_Cefas_Test6-Run2/Plate 1/@1/E10_02.tif | D15: 3677.0821 | E15: 36.8529 | G15: 135511
A16: =IFERROR(LEFT(RIGHT(C16,LEN(C16)-SEARCH("@",C16)),SEARCH("/",RIGHT(C16,LEN(C16)-SEARCH("@",C16)-1))),"") -> 1 | B16: =LEFT(RIGHT(RIGHT(Tableau46[[#This Row],[file name]],LEN(Tableau46[[#This Row],[file name]])-SEARCH("@",Tableau46[[#This Row],[file name]])),LEN(RIGHT(Tableau46[[#This Row],[file name]],LEN(Tableau46[[#This Row],[file name]])-SEARCH("@",Tableau46[[#This Row],[file name]])))-SEARCH("/",RIGHT(Tableau46[[#This Row],[file name]],LEN(Tableau46[[#This Row],[file name]])-SEARCH("@",Tableau46[[#This Row],[file name]])))),1) -> E | C16: C:\Users\andre\Desktop\REACTIV CEFAS\Testosterone\Testosterone/20201117_Cefas_Test6-Run2/Plate 1/@1/E10_03.tif | D16: 2379.2884 | E16: 33.5455 | G16: 79814
A17: =IFERROR(LEFT(RIGHT(C17,LEN(C17)-SEARCH("@",C17)),SEARCH("/",RIGHT(C17,LEN(C17)-SEARCH("@",C17)-1))),"") -> 1 | B17: =LEFT(RIGHT(RIGHT(Tableau46[[#This Row],[file name]],LEN(Tableau46[[#This Row],[file name]])-SEARCH("@",Tableau46[[#This Row],[file name]])),LEN(RIGHT(Tableau46[[#This Row],[file name]],LEN(Tableau46[[#This Row],[file name]])-SEARCH("@",Tableau46[[#This Row],[file name]])))-SEARCH("/",RIGHT(Tableau46[[#This Row],[file name]],LEN(Tableau46[[#This Row],[file name]])-SEARCH("@",Tableau46[[#This Row],[file name]])))),1) -> F | C17: C:\Users\andre\Desktop\REACTIV CEFAS\Testosterone\Testosterone/20201117_Cefas_Test6-Run2/Plate 1/@1/F10_01.tif | D17: 21.6299 | E17: 30 | G17: 649
A18: =IFERROR(LEFT(RIGHT(C18,LEN(C18)-SEARCH("@",C18)),SEARCH("/",RIGHT(C18,LEN(C18)-SEARCH("@",C18)-1))),"") -> 1 | B18: =LEFT(RIGHT(RIGHT(Tableau46[[#This Row],[file name]],LEN(Tableau46[[#This Row],[file name]])-SEARCH("@",Tableau46[[#This Row],[file name]])),LEN(RIGHT(Tableau46[[#This Row],[file name]],LEN(Tableau46[[#This Row],[file name]])-SEARCH("@",Tableau46[[#This Row],[file name]])))-SEARCH("/",RIGHT(Tableau46[[#This Row],[file name]],LEN(Tableau46[[#This Row],[file name]])-SEARCH("@",Tableau46[[#This Row],[file name]])))),1) -> F | C18: C:\Users\andre\Desktop\REACTIV CEFAS\Testosterone\Testosterone/20201117_Cefas_Test6-Run2/Plate 1/@1/F10_02.tif | D18: 0 | E18: 0 | G18: 0
A19: =IFERROR(LEFT(RIGHT(C19,LEN(C19)-SEARCH("@",C19)),SEARCH("/",RIGHT(C19,LEN(C19)-SEARCH("@",C19)-1))),"") -> 1 | B19: =LEFT(RIGHT(RIGHT(Tableau46[[#This Row],[file name]],LEN(Tableau46[[#This Row],[file name]])-SEARCH("@",Tableau46[[#This Row],[file name]])),LEN(RIGHT(Tableau46[[#This Row],[file name]],LEN(Tableau46[[#This Row],[file name]])-SEARCH("@",Tableau46[[#This Row],[file name]])))-SEARCH("/",RIGHT(Tableau46[[#This Row],[file name]],LEN(Tableau46[[#This Row],[file name]])-SEARCH("@",Tableau46[[#This Row],[file name]])))),1) -> F | C19: C:\Users\andre\Desktop\REACTIV CEFAS\Testosterone\Testosterone/20201117_Cefas_Test6-Run2/Plate 1/@1/F10_03.tif | D19: 64.8897 | E19: 30.6667 | G19: 1990
A20: =IFERROR(LEFT(RIGHT(C20,LEN(C20)-SEARCH("@",C20)),SEARCH("/",RIGHT(C20,LEN(C20)-SEARCH("@",C20)-1))),"") -> 1 | B20: =LEFT(RIGHT(RIGHT(Tableau46[[#This Row],[file name]],LEN(Tableau46[[#This Row],[file name]])-SEARCH("@",Tableau46[[#This Row],[file name]])),LEN(RIGHT(Tableau46[[#This Row],[file name]],LEN(Tableau46[[#This Row],[file name]])-SEARCH("@",Tableau46[[#This Row],[file name]])))-SEARCH("/",RIGHT(Tableau46[[#This Row],[file name]],LEN(Tableau46[[#This Row],[file name]])-SEARCH("@",Tableau46[[#This Row],[file name]])))),1) -> G | C20: C:\Users\andre\Desktop\REACTIV CEFAS\Testosterone\Testosterone/20201117_Cefas_Test6-Run2/Plate 1/@1/G10_01.tif | D20: 3655.4522 | E20: 39.5799 | G20: 144682
A21: =IFERROR(LEFT(RIGHT(C21,LEN(C21)-SEARCH("@",C21)),SEARCH("/",RIGHT(C21,LEN(C21)-SEARCH("@",C21)-1))),"") -> 1 | B21: =LEFT(RIGHT(RIGHT(Tableau46[[#This Row],[file name]],LEN(Tableau46[[#This Row],[file name]])-SEARCH("@",Tableau46[[#This Row],[file name]])),LEN(RIGHT(Tableau46[[#This Row],[file name]],LEN(Tableau46[[#This Row],[file name]])-SEARCH("@",Tableau46[[#This Row],[file name]])))-SEARCH("/",RIGHT(Tableau46[[#This Row],[file name]],LEN(Tableau46[[#This Row],[file name]])-SEARCH("@",Tableau46[[#This Row],[file name]])))),1) -> G | C21: C:\Users\andre\Desktop\REACTIV CEFAS\Testosterone\Testosterone/20201117_Cefas_Test6-Run2/Plate 1/@1/G10_02.tif | D21: 7721.8724 | E21: 39.395 | G21: 304203
A22: =IFERROR(LEFT(RIGHT(C22,LEN(C22)-SEARCH("@",C22)),SEARCH("/",RIGHT(C22,LEN(C22)-SEARCH("@",C22)-1))),"") -> 1 | B22: =LEFT(RIGHT(RIGHT(Tableau46[[#This Row],[file name]],LEN(Tableau46[[#This Row],[file name]])-SEARCH("@",Tableau46[[#This Row],[file name]])),LEN(RIGHT(Tableau46[[#This Row],[file name]],LEN(Tableau46[[#This Row],[file name]])-SEARCH("@",Tableau46[[#This Row],[file name]])))-SEARCH("/",RIGHT(Tableau46[[#This Row],[file name]],LEN(Tableau46[[#This Row],[file name]])-SEARCH("@",Tableau46[[#This Row],[file name]])))),1) -> G | C22: C:\Users\andre\Desktop\REACTIV CEFAS\Testosterone\Testosterone/20201117_Cefas_Test6-Run2/Plate 1/@1/G10_03.tif | D22: 6251.0395 | E22: 38.6263 | G22: 241455
A23: =IFERROR(LEFT(RIGHT(C23,LEN(C23)-SEARCH("@",C23)),SEARCH("/",RIGHT(C23,LEN(C23)-SEARCH("@",C23)-1))),"") -> 1 | B23: =LEFT(RIGHT(RIGHT(Tableau46[[#This Row],[file name]],LEN(Tableau46[[#This Row],[file name]])-SEARCH("@",Tableau46[[#This Row],[file name]])),LEN(RIGHT(Tableau46[[#This Row],[file name]],LEN(Tableau46[[#This Row],[file name]])-SEARCH("@",Tableau46[[#This Row],[file name]])))-SEARCH("/",RIGHT(Tableau46[[#This Row],[file name]],LEN(Tableau46[[#This Row],[file name]])-SEARCH("@",Tableau46[[#This Row],[file name]])))),1) -> H | C23: C:\Users\andre\Desktop\REACTIV CEFAS\Testosterone\Testosterone/20201117_Cefas_Test6-Run2/Plate 1/@1/H10_01- exclu.tif
A24: =IFERROR(LEFT(RIGHT(C24,LEN(C24)-SEARCH("@",C24)),SEARCH("/",RIGHT(C24,LEN(C24)-SEARCH("@",C24)-1))),"") -> 1 | B24: =LEFT(RIGHT(RIGHT(Tableau46[[#This Row],[file name]],LEN(Tableau46[[#This Row],[file name]])-SEARCH("@",Tableau46[[#This Row],[file name]])),LEN(RIGHT(Tableau46[[#This Row],[file name]],LEN(Tableau46[[#This Row],[file name]])-SEARCH("@",Tableau46[[#This Row],[file name]])))-SEARCH("/",RIGHT(Tableau46[[#This Row],[file name]],LEN(Tableau46[[#This Row],[file name]])-SEARCH("@",Tableau46[[#This Row],[file name]])))),1) -> H | C24: C:\Users\andre\Desktop\REACTIV CEFAS\Testosterone\Testosterone/20201117_Cefas_Test6-Run2/Plate 1/@1/H10_02- exclu.tif
A25: =IFERROR(LEFT(RIGHT(C25,LEN(C25)-SEARCH("@",C25)),SEARCH("/",RIGHT(C25,LEN(C25)-SEARCH("@",C25)-1))),"") -> 1 | B25: =LEFT(RIGHT(RIGHT(Tableau46[[#This Row],[file name]],LEN(Tableau46[[#This Row],[file name]])-SEARCH("@",Tableau46[[#This Row],[file name]])),LEN(RIGHT(Tableau46[[#This Row],[file name]],LEN(Tableau46[[#This Row],[file name]])-SEARCH("@",Tableau46[[#This Row],[file name]])))-SEARCH("/",RIGHT(Tableau46[[#This Row],[file name]],LEN(Tableau46[[#This Row],[file name]])-SEARCH("@",Tableau46[[#This Row],[file name]])))),1) -> H | C25: C:\Users\andre\Desktop\REACTIV CEFAS\Testosterone\Testosterone/20201117_Cefas_Test6-Run2/Plate 1/@1/H10_03- exclu.tif
A26: =IFERROR(LEFT(RIGHT(C26,LEN(C26)-SEARCH("@",C26)),SEARCH("/",RIGHT(C26,LEN(C26)-SEARCH("@",C26)-1))),"") | B26: =LEFT(RIGHT(RIGHT(Tableau46[[#This Row],[file name]],LEN(Tableau46[[#This Row],[file name]])-SEARCH("@",Tableau46[[#This Row],[file name]])),LEN(RIGHT(Tableau46[[#This Row],[file name]],LEN(Tableau46[[#This Row],[file name]])-SEARCH("@",Tableau46[[#This Row],[file name]])))-SEARCH("/",RIGHT(Tableau46[[#This Row],[file name]],LEN(Tableau46[[#This Row],[file name]])-SEARCH("@",Tableau46[[#This Row],[file name]])))),1) -> #VALUE!
A27: =IFERROR(LEFT(RIGHT(C27,LEN(C27)-SEARCH("@",C27)),SEARCH("/",RIGHT(C27,LEN(C27)-SEARCH("@",C27)-1))),"") | B27: =LEFT(RIGHT(RIGHT(Tableau46[[#This Row],[file name]],LEN(Tableau46[[#This Row],[file name]])-SEARCH("@",Tableau46[[#This Row],[file name]])),LEN(RIGHT(Tableau46[[#This Row],[file name]],LEN(Tableau46[[#This Row],[file name]])-SEARCH("@",Tableau46[[#This Row],[file name]])))-SEARCH("/",RIGHT(Tableau46[[#This Row],[file name]],LEN(Tableau46[[#This Row],[file name]])-SEARCH("@",Tableau46[[#This Row],[file name]])))),1) -> #VALUE! | C27: group | E27: mean of mean fluo | F27: SD mean fluo | G27: mean of total fluo | H27: SD total fluo | I27: n fluorescent | J27: n total
A28: =IFERROR(LEFT(RIGHT(C28,LEN(C28)-SEARCH("@",C28)),SEARCH("/",RIGHT(C28,LEN(C28)-SEARCH("@",C28)-1))),"") -> 1 | B28: =LEFT(RIGHT(RIGHT(Tableau46[[#This Row],[file name]],LEN(Tableau46[[#This Row],[file name]])-SEARCH("@",Tableau46[[#This Row],[file name]])),LEN(RIGHT(Tableau46[[#This Row],[file name]],LEN(Tableau46[[#This Row],[file name]])-SEARCH("@",Tableau46[[#This Row],[file name]])))-SEARCH("/",RIGHT(Tableau46[[#This Row],[file name]],LEN(Tableau46[[#This Row],[file name]])-SEARCH("@",Tableau46[[#This Row],[file name]])))),1) | C28: C:\Users\andre\Desktop\REACTIV CEFAS\Testosterone\Testosterone/20201117_Cefas_Test6-Run2/Plate 1/@1/ | E28: 26.6335 | F28: 16.0025 | G28: 96127.75 | H28: 118071.906 | I28: 18 | J28: 24
A29: =IFERROR(LEFT(RIGHT(C29,LEN(C29)-SEARCH("@",C29)),SEARCH("/",RIGHT(C29,LEN(C29)-SEARCH("@",C29)-1))),"") | B29: =LEFT(RIGHT(RIGHT(Tableau46[[#This Row],[file name]],LEN(Tableau46[[#This Row],[file name]])-SEARCH("@",Tableau46[[#This Row],[file name]])),LEN(RIGHT(Tableau46[[#This Row],[file name]],LEN(Tableau46[[#This Row],[file name]])-SEARCH("@",Tableau46[[#This Row],[file name]])))-SEARCH("/",RIGHT(Tableau46[[#This Row],[file name]],LEN(Tableau46[[#This Row],[file name]])-SEARCH("@",Tableau46[[#This Row],[file name]])))),1) -> #VALUE!
A30: =IFERROR(LEFT(RIGHT(C30,LEN(C30)-SEARCH("@",C30)),SEARCH("/",RIGHT(C30,LEN(C30)-SEARCH("@",C30)-1))),"") | B30: =LEFT(RIGHT(RIGHT(Tableau46[[#This Row],[file name]],LEN(Tableau46[[#This Row],[file name]])-SEARCH("@",Tableau46[[#This Row],[file name]])),LEN(RIGHT(Tableau46[[#This Row],[file name]],LEN(Tableau46[[#This Row],[file name]])-SEARCH("@",Tableau46[[#This Row],[file name]])))-SEARCH("/",RIGHT(Tableau46[[#This Row],[file name]],LEN(Tableau46[[#This Row],[file name]])-SEARCH("@",Tableau46[[#This Row],[file name]])))),1) -> #VALUE!
A31: =IFERROR(LEFT(RIGHT(C31,LEN(C31)-SEARCH("@",C31)),SEARCH("/",RIGHT(C31,LEN(C31)-SEARCH("@",C31)-1))),"") | B31: =LEFT(RIGHT(RIGHT(Tableau46[[#This Row],[file name]],LEN(Tableau46[[#This Row],[file name]])-SEARCH("@",Tableau46[[#This Row],[file name]])),LEN(RIGHT(Tableau46[[#This Row],[file name]],LEN(Tableau46[[#This Row],[file name]])-SEARCH("@",Tableau46[[#This Row],[file name]])))-SEARCH("/",RIGHT(Tableau46[[#This Row],[file name]],LEN(Tableau46[[#This Row],[file name]])-SEARCH("@",Tableau46[[#This Row],[file name]])))),1) -> #VALUE!
A32: =IFERROR(LEFT(RIGHT(C32,LEN(C32)-SEARCH("@",C32)),SEARCH("/",RIGHT(C32,LEN(C32)-SEARCH("@",C32)-1))),"") | B32: =LEFT(RIGHT(RIGHT(Tableau46[[#This Row],[file name]],LEN(Tableau46[[#This Row],[file name]])-SEARCH("@",Tableau46[[#This Row],[file name]])),LEN(RIGHT(Tableau46[[#This Row],[file name]],LEN(Tableau46[[#This Row],[file name]])-SEARCH("@",Tableau46[[#This Row],[file name]])))-SEARCH("/",RIGHT(Tableau46[[#This Row],[file name]],LEN(Tableau46[[#This Row],[file name]])-SEARCH("@",Tableau46[[#This Row],[file name]])))),1) -> #VALUE!
A33: =IFERROR(LEFT(RIGHT(C33,LEN(C33)-SEARCH("@",C33)),SEARCH("/",RIGHT(C33,LEN(C33)-SEARCH("@",C33)-1))),"") | B33: =LEFT(RIGHT(RIGHT(Tableau46[[#This Row],[file name]],LEN(Tableau46[[#This Row],[file name]])-SEARCH("@",Tableau46[[#This Row],[file name]])),LEN(RIGHT(Tableau46[[#This Row],[file name]],LEN(Tableau46[[#This Row],[file name]])-SEARCH("@",Tableau46[[#This Row],[file name]])))-SEARCH("/",RIGHT(Tableau46[[#This Row],[file name]],LEN(Tableau46[[#This Row],[file name]])-SEARCH("@",Tableau46[[#This Row],[file name]])))),1) -> #VALUE!
A34: =IFERROR(LEFT(RIGHT(C34,LEN(C34)-SEARCH("@",C34)),SEARCH("/",RIGHT(C34,LEN(C34)-SEARCH("@",C34)-1))),"") | B34: =LEFT(RIGHT(RIGHT(Tableau46[[#This Row],[file name]],LEN(Tableau46[[#This Row],[file name]])-SEARCH("@",Tableau46[[#This Row],[file name]])),LEN(RIGHT(Tableau46[[#This Row],[file name]],LEN(Tableau46[[#This Row],[file name]])-SEARCH("@",Tableau46[[#This Row],[file name]])))-SEARCH("/",RIGHT(Tableau46[[#This Row],[file name]],LEN(Tableau46[[#This Row],[file name]])-SEARCH("@",Tableau46[[#This Row],[file name]])))),1) -> #VALUE! | C34: file name | D34: total area | E34: mean intensity | G34: total fluorescence
A35: =IFERROR(LEFT(RIGHT(C35,LEN(C35)-SEARCH("@",C35)),SEARCH("/",RIGHT(C35,LEN(C35)-SEARCH("@",C35)-1))),"") -> 13 | B35: =LEFT(RIGHT(RIGHT(Tableau46[[#This Row],[file name]],LEN(Tableau46[[#This Row],[file name]])-SEARCH("@",Tableau46[[#This Row],[file name]])),LEN(RIGHT(Tableau46[[#This Row],[file name]],LEN(Tableau46[[#This Row],[file name]])-SEARCH("@",Tableau46[[#This Row],[file name]])))-SEARCH("/",RIGHT(Tableau46[[#This Row],[file name]],LEN(Tableau46[[#This Row],[file name]])-SEARCH("@",Tableau46[[#This Row],[file name]])))),1) -> A | C35: C:\Users\andre\Desktop\REACTIV CEFAS\Testosterone\Testosterone/20201117_Cefas_Test6-Run2/Plate 1/@13/A8_01.tif | D35: 28162.1228 | E35: 35.7427 | G35: 1006590
A36: =IFERROR(LEFT(RIGHT(C36,LEN(C36)-SEARCH("@",C36)),SEARCH("/",RIGHT(C36,LEN(C36)-SEARCH("@",C36)-1))),"") -> 13 | B36: =LEFT(RIGHT(RIGHT(Tableau46[[#This Row],[file name]],LEN(Tableau46[[#This Row],[file name]])-SEARCH("@",Tableau46[[#This Row],[file name]])),LEN(RIGHT(Tableau46[[#This Row],[file name]],LEN(Tableau46[[#This Row],[file name]])-SEARCH("@",Tableau46[[#This Row],[file name]])))-SEARCH("/",RIGHT(Tableau46[[#This Row],[file name]],LEN(Tableau46[[#This Row],[file name]])-SEARCH("@",Tableau46[[#This Row],[file name]])))),1) -> A | C36: C:\Users\andre\Desktop\REACTIV CEFAS\Testosterone\Testosterone/20201117_Cefas_Test6-Run2/Plate 1/@13/A8_02.tif | D36: 31947.3544 | E36: 35.4028 | G36: 1131027
A37: =IFERROR(LEFT(RIGHT(C37,LEN(C37)-SEARCH("@",C37)),SEARCH("/",RIGHT(C37,LEN(C37)-SEARCH("@",C37)-1))),"") -> 13 | B37: =LEFT(RIGHT(RIGHT(Tableau46[[#This Row],[file name]],LEN(Tableau46[[#This Row],[file name]])-SEARCH("@",Tableau46[[#This Row],[file name]])),LEN(RIGHT(Tableau46[[#This Row],[file name]],LEN(Tableau46[[#This Row],[file name]])-SEARCH("@",Tableau46[[#This Row],[file name]])))-SEARCH("/",RIGHT(Tableau46[[#This Row],[file name]],LEN(Tableau46[[#This Row],[file name]])-SEARCH("@",Tableau46[[#This Row],[file name]])))),1) -> A | C37: C:\Users\andre\Desktop\REACTIV CEFAS\Testosterone\Testosterone/20201117_Cefas_Test6-Run2/Plate 1/@13/A8_03.tif | D37: 31752.6853 | E37: 35.6199 | G37: 1131027
A38: =IFERROR(LEFT(RIGHT(C38,LEN(C38)-SEARCH("@",C38)),SEARCH("/",RIGHT(C38,LEN(C38)-SEARCH("@",C38)-1))),"") -> 13 | B38: =LEFT(RIGHT(RIGHT(Tableau46[[#This Row],[file name]],LEN(Tableau46[[#This Row],[file name]])-SEARCH("@",Tableau46[[#This Row],[file name]])),LEN(RIGHT(Tableau46[[#This Row],[file name]],LEN(Tableau46[[#This Row],[file name]])-SEARCH("@",Tableau46[[#This Row],[file name]])))-SEARCH("/",RIGHT(Tableau46[[#This Row],[file name]],LEN(Tableau46[[#This Row],[file name]])-SEARCH("@",Tableau46[[#This Row],[file name]])))),1) -> B | C38: C:\Users\andre\Desktop\REACTIV CEFAS\Testosterone\Testosterone/20201117_Cefas_Test6-Run2/Plate 1/@13/B8_01.tif | D38: 62056.1677 | E38: 40.4333 | G38: 2509133
A39: =IFERROR(LEFT(RIGHT(C39,LEN(C39)-SEARCH("@",C39)),SEARCH("/",RIGHT(C39,LEN(C39)-SEARCH("@",C39)-1))),"") -> 13 | B39: =LEFT(RIGHT(RIGHT(Tableau46[[#This Row],[file name]],LEN(Tableau46[[#This Row],[file name]])-SEARCH("@",Tableau46[[#This Row],[file name]])),LEN(RIGHT(Tableau46[[#This Row],[file name]],LEN(Tableau46[[#This Row],[file name]])-SEARCH("@",Tableau46[[#This Row],[file name]])))-SEARCH("/",RIGHT(Tableau46[[#This Row],[file name]],LEN(Tableau46[[#This Row],[file name]])-SEARCH("@",Tableau46[[#This Row],[file name]])))),1) -> B | C39: C:\Users\andre\Desktop\REACTIV CEFAS\Testosterone\Testosterone/20201117_Cefas_Test6-Run2/Plate 1/@13/B8_02.tif | D39: 71551.6914 | E39: 41.7288 | G39: 2985769
A40: =IFERROR(LEFT(RIGHT(C40,LEN(C40)-SEARCH("@",C40)),SEARCH("/",RIGHT(C40,LEN(C40)-SEARCH("@",C40)-1))),"") -> 13 | B40: =LEFT(RIGHT(RIGHT(Tableau46[[#This Row],[file name]],LEN(Tableau46[[#This Row],[file name]])-SEARCH("@",Tableau46[[#This Row],[file name]])),LEN(RIGHT(Tableau46[[#This Row],[file name]],LEN(Tableau46[[#This Row],[file name]])-SEARCH("@",Tableau46[[#This Row],[file name]])))-SEARCH("/",RIGHT(Tableau46[[#This Row],[file name]],LEN(Tableau46[[#This Row],[file name]])-SEARCH("@",Tableau46[[#This Row],[file name]])))),1) -> B | C40: C:\Users\andre\Desktop\REACTIV CEFAS\Testosterone\Testosterone/20201117_Cefas_Test6-Run2/Plate 1/@13/B8_03.tif | D40: 62640.1748 | E40: 41.0915 | G40: 2573979
A41: =IFERROR(LEFT(RIGHT(C41,LEN(C41)-SEARCH("@",C41)),SEARCH("/",RIGHT(C41,LEN(C41)-SEARCH("@",C41)-1))),"") -> 13 | B41: =LEFT(RIGHT(RIGHT(Tableau46[[#This Row],[file name]],LEN(Tableau46[[#This Row],[file name]])-SEARCH("@",Tableau46[[#This Row],[file name]])),LEN(RIGHT(Tableau46[[#This Row],[file name]],LEN(Tableau46[[#This Row],[file name]])-SEARCH("@",Tableau46[[#This Row],[file name]])))-SEARCH("/",RIGHT(Tableau46[[#This Row],[file name]],LEN(Tableau46[[#This Row],[file name]])-SEARCH("@",Tableau46[[#This Row],[file name]])))),1) -> C | C41: C:\Users\andre\Desktop\REACTIV CEFAS\Testosterone\Testosterone/20201117_Cefas_Test6-Run2/Plate 1/@13/C8_01.tif | D41: 16135.9014 | E41: 34.5965 | G41: 558246
A42: =IFERROR(LEFT(RIGHT(C42,LEN(C42)-SEARCH("@",C42)),SEARCH("/",RIGHT(C42,LEN(C42)-SEARCH("@",C42)-1))),"") -> 13 | B42: =LEFT(RIGHT(RIGHT(Tableau46[[#This Row],[file name]],LEN(Tableau46[[#This Row],[file name]])-SEARCH("@",Tableau46[[#This Row],[file name]])),LEN(RIGHT(Tableau46[[#This Row],[file name]],LEN(Tableau46[[#This Row],[file name]])-SEARCH("@",Tableau46[[#This Row],[file name]])))-SEARCH("/",RIGHT(Tableau46[[#This Row],[file name]],LEN(Tableau46[[#This Row],[file name]])-SEARCH("@",Tableau46[[#This Row],[file name]])))),1) -> C | C42: C:\Users\andre\Desktop\REACTIV CEFAS\Testosterone\Testosterone/20201117_Cefas_Test6-Run2/Plate 1/@13/C8_02.tif | D42: 6986.456 | E42: 32.0836 | G42: 224151
A43: =IFERROR(LEFT(RIGHT(C43,LEN(C43)-SEARCH("@",C43)),SEARCH("/",RIGHT(C43,LEN(C43)-SEARCH("@",C43)-1))),"") -> 13 | B43: =LEFT(RIGHT(RIGHT(Tableau46[[#This Row],[file name]],LEN(Tableau46[[#This Row],[file name]])-SEARCH("@",Tableau46[[#This Row],[file name]])),LEN(RIGHT(Tableau46[[#This Row],[file name]],LEN(Tableau46[[#This Row],[file name]])-SEARCH("@",Tableau46[[#This Row],[file name]])))-SEARCH("/",RIGHT(Tableau46[[#This Row],[file name]],LEN(Tableau46[[#This Row],[file name]])-SEARCH("@",Tableau46[[#This Row],[file name]])))),1) -> C | C43: C:\Users\andre\Desktop\REACTIV CEFAS\Testosterone\Testosterone/20201117_Cefas_Test6-Run2/Plate 1/@13/C8_03.tif | D43: 12610.2286 | E43: 33.8988 | G43: 427472
A44: =IFERROR(LEFT(RIGHT(C44,LEN(C44)-SEARCH("@",C44)),SEARCH("/",RIGHT(C44,LEN(C44)-SEARCH("@",C44)-1))),"") -> 13 | B44: =LEFT(RIGHT(RIGHT(Tableau46[[#This Row],[file name]],LEN(Tableau46[[#This Row],[file name]])-SEARCH("@",Tableau46[[#This Row],[file name]])),LEN(RIGHT(Tableau46[[#This Row],[file name]],LEN(Tableau46[[#This Row],[file name]])-SEARCH("@",Tableau46[[#This Row],[file name]])))-SEARCH("/",RIGHT(Tableau46[[#This Row],[file name]],LEN(Tableau46[[#This Row],[file name]])-SEARCH("@",Tableau46[[#This Row],[file name]])))),1) -> D | C44: C:\Users\andre\Desktop\REACTIV CEFAS\Testosterone\Testosterone/20201117_Cefas_Test6-Run2/Plate 1/@13/D8_01.tif | D44: 30281.8525 | E44: 35.1586 | G44: 1064667
A45: =IFERROR(LEFT(RIGHT(C45,LEN(C45)-SEARCH("@",C45)),SEARCH("/",RIGHT(C45,LEN(C45)-SEARCH("@",C45)-1))),"") -> 13 | B45: =LEFT(RIGHT(RIGHT(Tableau46[[#This Row],[file name]],LEN(Tableau46[[#This Row],[file name]])-SEARCH("@",Tableau46[[#This Row],[file name]])),LEN(RIGHT(Tableau46[[#This Row],[file name]],LEN(Tableau46[[#This Row],[file name]])-SEARCH("@",Tableau46[[#This Row],[file name]])))-SEARCH("/",RIGHT(Tableau46[[#This Row],[file name]],LEN(Tableau46[[#This Row],[file name]])-SEARCH("@",Tableau46[[#This Row],[file name]])))),1) -> D | C45: C:\Users\andre\Desktop\REACTIV CEFAS\Testosterone\Testosterone/20201117_Cefas_Test6-Run2/Plate 1/@13/D8_02.tif | D45: 38717.5114 | E45: 35.8877 | G45: 1389483
A46: =IFERROR(LEFT(RIGHT(C46,LEN(C46)-SEARCH("@",C46)),SEARCH("/",RIGHT(C46,LEN(C46)-SEARCH("@",C46)-1))),"") -> 13 | B46: =LEFT(RIGHT(RIGHT(Tableau46[[#This Row],[file name]],LEN(Tableau46[[#This Row],[file name]])-SEARCH("@",Tableau46[[#This Row],[file name]])),LEN(RIGHT(Tableau46[[#This Row],[file name]],LEN(Tableau46[[#This Row],[file name]])-SEARCH("@",Tableau46[[#This Row],[file name]])))-SEARCH("/",RIGHT(Tableau46[[#This Row],[file name]],LEN(Tableau46[[#This Row],[file name]])-SEARCH("@",Tableau46[[#This Row],[file name]])))),1) -> D | C46: C:\Users\andre\Desktop\REACTIV CEFAS\Testosterone\Testosterone/20201117_Cefas_Test6-Run2/Plate 1/@13/D8_03.tif | D46: 29654.5855 | E46: 34.9555 | G46: 1036591
... A58: =IFERROR(LEFT(RIGHT(C58,LEN(C58)-SEARCH("@",C58)),SEARCH("/",RIGHT(C58,LEN(C58)-SEARCH("@",C58)-1))),"") -> 13 | B58: =LEFT(RIGHT(RIGHT(Tableau46[[#This Row],[file name]],LEN(Tableau46[[#This Row],[file name]])-SEARCH("@",Tableau46[[#This Row],[file name]])),LEN(RIGHT(Tableau46[[#This Row],[file name]],LEN(Tableau46[[#This Row],[file name]])-SEARCH("@",Tableau46[[#This Row],[file name]])))-SEARCH("/",RIGHT(Tableau46[[#This Row],[file name]],LEN(Tableau46[[#This Row],[file name]])-SEARCH("@",Tableau46[[#This Row],[file name]])))),1) -> H | C58: C:\Users\andre\Desktop\REACTIV CEFAS\Testosterone\Testosterone/20201117_Cefas_Test6-Run2/Plate 1/@13/H8_03.tif | D58: 4607.1676 | E58: 32.3897 | G58: 149225
A59: =IFERROR(LEFT(RIGHT(C59,LEN(C59)-SEARCH("@",C59)),SEARCH("/",RIGHT(C59,LEN(C59)-SEARCH("@",C59)-1))),"") | B59: =LEFT(RIGHT(RIGHT(Tableau46[[#This Row],[file name]],LEN(Tableau46[[#This Row],[file name]])-SEARCH("@",Tableau46[[#This Row],[file name]])),LEN(RIGHT(Tableau46[[#This Row],[file name]],LEN(Tableau46[[#This Row],[file name]])-SEARCH("@",Tableau46[[#This Row],[file name]])))-SEARCH("/",RIGHT(Tableau46[[#This Row],[file name]],LEN(Tableau46[[#This Row],[file name]])-SEARCH("@",Tableau46[[#This Row],[file name]])))),1) -> #VALUE!
A60: =IFERROR(LEFT(RIGHT(C60,LEN(C60)-SEARCH("@",C60)),SEARCH("/",RIGHT(C60,LEN(C60)-SEARCH("@",C60)-1))),"") | B60: =LEFT(RIGHT(RIGHT(Tableau46[[#This Row],[file name]],LEN(Tableau46[[#This Row],[file name]])-SEARCH("@",Tableau46[[#This Row],[file name]])),LEN(RIGHT(Tableau46[[#This Row],[file name]],LEN(Tableau46[[#This Row],[file name]])-SEARCH("@",Tableau46[[#This Row],[file name]])))-SEARCH("/",RIGHT(Tableau46[[#This Row],[file name]],LEN(Tableau46[[#This Row],[file name]])-SEARCH("@",Tableau46[[#This Row],[file name]])))),1) -> #VALUE! | C60: group | E60: mean of mean fluo | F60: SD mean fluo | G60: mean of total fluo | H60: SD total fluo | I60: n fluorescent | J60: n total
A61: =IFERROR(LEFT(RIGHT(C61,LEN(C61)-SEARCH("@",C61)),SEARCH("/",RIGHT(C61,LEN(C61)-SEARCH("@",C61)-1))),"") -> 13 | B61: =LEFT(RIGHT(RIGHT(Tableau46[[#This Row],[file name]],LEN(Tableau46[[#This Row],[file name]])-SEARCH("@",Tableau46[[#This Row],[file name]])),LEN(RIGHT(Tableau46[[#This Row],[file name]],LEN(Tableau46[[#This Row],[file name]])-SEARCH("@",Tableau46[[#This Row],[file name]])))-SEARCH("/",RIGHT(Tableau46[[#This Row],[file name]],LEN(Tableau46[[#This Row],[file name]])-SEARCH("@",Tableau46[[#This Row],[file name]])))),1) | C61: C:\Users\andre\Desktop\REACTIV CEFAS\Testosterone\Testosterone/20201117_Cefas_Test6-Run2/Plate 1/@13/ | E61: 37.3202 | F61: 3.9433 | G61: 1484651.71 | H61: 977127.389 | I61: 24 | J61: 24
A62: =IFERROR(LEFT(RIGHT(C62,LEN(C62)-SEARCH("@",C62)),SEARCH("/",RIGHT(C62,LEN(C62)-SEARCH("@",C62)-1))),"") | B62: =LEFT(RIGHT(RIGHT(Tableau46[[#This Row],[file name]],LEN(Tableau46[[#This Row],[file name]])-SEARCH("@",Tableau46[[#This Row],[file name]])),LEN(RIGHT(Tableau46[[#This Row],[file name]],LEN(Tableau46[[#This Row],[file name]])-SEARCH("@",Tableau46[[#This Row],[file name]])))-SEARCH("/",RIGHT(Tableau46[[#This Row],[file name]],LEN(Tableau46[[#This Row],[file name]])-SEARCH("@",Tableau46[[#This Row],[file name]])))),1) -> #VALUE!
A63: =IFERROR(LEFT(RIGHT(C63,LEN(C63)-SEARCH("@",C63)),SEARCH("/",RIGHT(C63,LEN(C63)-SEARCH("@",C63)-1))),"") | B63: =LEFT(RIGHT(RIGHT(Tableau46[[#This Row],[file name]],LEN(Tableau46[[#This Row],[file name]])-SEARCH("@",Tableau46[[#This Row],[file name]])),LEN(RIGHT(Tableau46[[#This Row],[file name]],LEN(Tableau46[[#This Row],[file name]])-SEARCH("@",Tableau46[[#This Row],[file name]])))-SEARCH("/",RIGHT(Tableau46[[#This Row],[file name]],LEN(Tableau46[[#This Row],[file name]])-SEARCH("@",Tableau46[[#This Row],[file name]])))),1) -> #VALUE!
A64: =IFERROR(LEFT(RIGHT(C64,LEN(C64)-SEARCH("@",C64)),SEARCH("/",RIGHT(C64,LEN(C64)-SEARCH("@",C64)-1))),"") | B64: =LEFT(RIGHT(RIGHT(Tableau46[[#This Row],[file name]],LEN(Tableau46[[#This Row],[file name]])-SEARCH("@",Tableau46[[#This Row],[file name]])),LEN(RIGHT(Tableau46[[#This Row],[file name]],LEN(Tableau46[[#This Row],[file name]])-SEARCH("@",Tableau46[[#This Row],[file name]])))-SEARCH("/",RIGHT(Tableau46[[#This Row],[file name]],LEN(Tableau46[[#This Row],[file name]])-SEARCH("@",Tableau46[[#This Row],[file name]])))),1) -> #VALUE!
A65: =IFERROR(LEFT(RIGHT(C65,LEN(C65)-SEARCH("@",C65)),SEARCH("/",RIGHT(C65,LEN(C65)-SEARCH("@",C65)-1))),"") | B65: =LEFT(RIGHT(RIGHT(Tableau46[[#This Row],[file name]],LEN(Tableau46[[#This Row],[file name]])-SEARCH("@",Tableau46[[#This Row],[file name]])),LEN(RIGHT(Tableau46[[#This Row],[file name]],LEN(Tableau46[[#This Row],[file name]])-SEARCH("@",Tableau46[[#This Row],[file name]])))-SEARCH("/",RIGHT(Tableau46[[#This Row],[file name]],LEN(Tableau46[[#This Row],[file name]])-SEARCH("@",Tableau46[[#This Row],[file name]])))),1) -> #VALUE!
A66: =IFERROR(LEFT(RIGHT(C66,LEN(C66)-SEARCH("@",C66)),SEARCH("/",RIGHT(C66,LEN(C66)-SEARCH("@",C66)-1))),"") | B66: =LEFT(RIGHT(RIGHT(Tableau46[[#This Row],[file name]],LEN(Tableau46[[#This Row],[file name]])-SEARCH("@",Tableau46[[#This Row],[file name]])),LEN(RIGHT(Tableau46[[#This Row],[file name]],LEN(Tableau46[[#This Row],[file name]])-SEARCH("@",Tableau46[[#This Row],[file name]])))-SEARCH("/",RIGHT(Tableau46[[#This Row],[file name]],LEN(Tableau46[[#This Row],[file name]])-SEARCH("@",Tableau46[[#This Row],[file name]])))),1) -> #VALUE!
A67: =IFERROR(LEFT(RIGHT(C67,LEN(C67)-SEARCH("@",C67)),SEARCH("/",RIGHT(C67,LEN(C67)-SEARCH("@",C67)-1))),"") | B67: =LEFT(RIGHT(RIGHT(Tableau46[[#This Row],[file name]],LEN(Tableau46[[#This Row],[file name]])-SEARCH("@",Tableau46[[#This Row],[file name]])),LEN(RIGHT(Tableau46[[#This Row],[file name]],LEN(Tableau46[[#This Row],[file name]])-SEARCH("@",Tableau46[[#This Row],[file name]])))-SEARCH("/",RIGHT(Tableau46[[#This Row],[file name]],LEN(Tableau46[[#This Row],[file name]])-SEARCH("@",Tableau46[[#This Row],[file name]])))),1) -> #VALUE! | C67: file name | D67: total area | E67: mean intensity | G67: total fluorescence
A68: =IFERROR(LEFT(RIGHT(C68,LEN(C68)-SEARCH("@",C68)),SEARCH("/",RIGHT(C68,LEN(C68)-SEARCH("@",C68)-1))),"") -> 14 | B68: =LEFT(RIGHT(RIGHT(Tableau46[[#This Row],[file name]],LEN(Tableau46[[#This Row],[file name]])-SEARCH("@",Tableau46[[#This Row],[file name]])),LEN(RIGHT(Tableau46[[#This Row],[file name]],LEN(Tableau46[[#This Row],[file name]])-SEARCH("@",Tableau46[[#This Row],[file name]])))-SEARCH("/",RIGHT(Tableau46[[#This Row],[file name]],LEN(Tableau46[[#This Row],[file name]])-SEARCH("@",Tableau46[[#This Row],[file name]])))),1) -> A | C68: C:\Users\andre\Desktop\REACTIV CEFAS\Testosterone\Testosterone/20201117_Cefas_Test6-Run2/Plate 1/@14/A9_01- exclu.tif
A69: =IFERROR(LEFT(RIGHT(C69,LEN(C69)-SEARCH("@",C69)),SEARCH("/",RIGHT(C69,LEN(C69)-SEARCH("@",C69)-1))),"") -> 14 | B69: =LEFT(RIGHT(RIGHT(Tableau46[[#This Row],[file name]],LEN(Tableau46[[#This Row],[file name]])-SEARCH("@",Tableau46[[#This Row],[file name]])),LEN(RIGHT(Tableau46[[#This Row],[file name]],LEN(Tableau46[[#This Row],[file name]])-SEARCH("@",Tableau46[[#This Row],[file name]])))-SEARCH("/",RIGHT(Tableau46[[#This Row],[file name]],LEN(Tableau46[[#This Row],[file name]])-SEARCH("@",Tableau46[[#This Row],[file name]])))),1) -> A | C69: C:\Users\andre\Desktop\REACTIV CEFAS\Testosterone\Testosterone/20201117_Cefas_Test6-Run2/Plate 1/@14/A9_02- exclu.tif
A70: =IFERROR(LEFT(RIGHT(C70,LEN(C70)-SEARCH("@",C70)),SEARCH("/",RIGHT(C70,LEN(C70)-SEARCH("@",C70)-1))),"") -> 14 | B70: =LEFT(RIGHT(RIGHT(Tableau46[[#This Row],[file name]],LEN(Tableau46[[#This Row],[file name]])-SEARCH("@",Tableau46[[#This Row],[file name]])),LEN(RIGHT(Tableau46[[#This Row],[file name]],LEN(Tableau46[[#This Row],[file name]])-SEARCH("@",Tableau46[[#This Row],[file name]])))-SEARCH("/",RIGHT(Tableau46[[#This Row],[file name]],LEN(Tableau46[[#This Row],[file name]])-SEARCH("@",Tableau46[[#This Row],[file name]])))),1) -> A | C70: C:\Users\andre\Desktop\REACTIV CEFAS\Testosterone\Testosterone/20201117_Cefas_Test6-Run2/Plate 1/@14/A9_03- exclu.tif
A71: =IFERROR(LEFT(RIGHT(C71,LEN(C71)-SEARCH("@",C71)),SEARCH("/",RIGHT(C71,LEN(C71)-SEARCH("@",C71)-1))),"") -> 14 | B71: =LEFT(RIGHT(RIGHT(Tableau46[[#This Row],[file name]],LEN(Tableau46[[#This Row],[file name]])-SEARCH("@",Tableau46[[#This Row],[file name]])),LEN(RIGHT(Tableau46[[#This Row],[file name]],LEN(Tableau46[[#This Row],[file name]])-SEARCH("@",Tableau46[[#This Row],[file name]])))-SEARCH("/",RIGHT(Tableau46[[#This Row],[file name]],LEN(Tableau46[[#This Row],[file name]])-SEARCH("@",Tableau46[[#This Row],[file name]])))),1) -> B | C71: C:\Users\andre\Desktop\REACTIV CEFAS\Testosterone\Testosterone/20201117_Cefas_Test6-Run2/Plate 1/@14/B9_01.tif | D71: 65473.691 | E71: 41.8427 | G71: 2739599
A72: =IFERROR(LEFT(RIGHT(C72,LEN(C72)-SEARCH("@",C72)),SEARCH("/",RIGHT(C72,LEN(C72)-SEARCH("@",C72)-1))),"") -> 14 | B72: =LEFT(RIGHT(RIGHT(Tableau46[[#This Row],[file name]],LEN(Tableau46[[#This Row],[file name]])-SEARCH("@",Tableau46[[#This Row],[file name]])),LEN(RIGHT(Tableau46[[#This Row],[file name]],LEN(Tableau46[[#This Row],[file name]])-SEARCH("@",Tableau46[[#This Row],[file name]])))-SEARCH("/",RIGHT(Tableau46[[#This Row],[file name]],LEN(Tableau46[[#This Row],[file name]])-SEARCH("@",Tableau46[[#This Row],[file name]])))),1) -> B | C72: C:\Users\andre\Desktop\REACTIV CEFAS\Testosterone\Testosterone/20201117_Cefas_Test6-Run2/Plate 1/@14/B9_02.tif | D72: 65279.022 | E72: 41.9433 | G72: 2738020
A73: =IFERROR(LEFT(RIGHT(C73,LEN(C73)-SEARCH("@",C73)),SEARCH("/",RIGHT(C73,LEN(C73)-SEARCH("@",C73)-1))),"") -> 14 | B73: =LEFT(RIGHT(RIGHT(Tableau46[[#This Row],[file name]],LEN(Tableau46[[#This Row],[file name]])-SEARCH("@",Tableau46[[#This Row],[file name]])),LEN(RIGHT(Tableau46[[#This Row],[file name]],LEN(Tableau46[[#This Row],[file name]])-SEARCH("@",Tableau46[[#This Row],[file name]])))-SEARCH("/",RIGHT(Tableau46[[#This Row],[file name]],LEN(Tableau46[[#This Row],[file name]])-SEARCH("@",Tableau46[[#This Row],[file name]])))),1) -> B | C73: C:\Users\andre\Desktop\REACTIV CEFAS\Testosterone\Testosterone/20201117_Cefas_Test6-Run2/Plate 1/@14/B9_03.tif | D73: 69799.67 | E73: 42.5931 | G73: 2972986
A74: =IFERROR(LEFT(RIGHT(C74,LEN(C74)-SEARCH("@",C74)),SEARCH("/",RIGHT(C74,LEN(C74)-SEARCH("@",C74)-1))),"") -> 14 | B74: =LEFT(RIGHT(RIGHT(Tableau46[[#This Row],[file name]],LEN(Tableau46[[#This Row],[file name]])-SEARCH("@",Tableau46[[#This Row],[file name]])),LEN(RIGHT(Tableau46[[#This Row],[file name]],LEN(Tableau46[[#This Row],[file name]])-SEARCH("@",Tableau46[[#This Row],[file name]])))-SEARCH("/",RIGHT(Tableau46[[#This Row],[file name]],LEN(Tableau46[[#This Row],[file name]])-SEARCH("@",Tableau46[[#This Row],[file name]])))),1) -> C | C74: C:\Users\andre\Desktop\REACTIV CEFAS\Testosterone\Testosterone/20201117_Cefas_Test6-Run2/Plate 1/@14/C9_01.tif | D74: 44687.3623 | E74: 37.4593 | G74: 1673959
A75: =IFERROR(LEFT(RIGHT(C75,LEN(C75)-SEARCH("@",C75)),SEARCH("/",RIGHT(C75,LEN(C75)-SEARCH("@",C75)-1))),"") -> 14 | B75: =LEFT(RIGHT(RIGHT(Tableau46[[#This Row],[file name]],LEN(Tableau46[[#This Row],[file name]])-SEARCH("@",Tableau46[[#This Row],[file name]])),LEN(RIGHT(Tableau46[[#This Row],[file name]],LEN(Tableau46[[#This Row],[file name]])-SEARCH("@",Tableau46[[#This Row],[file name]])))-SEARCH("/",RIGHT(Tableau46[[#This Row],[file name]],LEN(Tableau46[[#This Row],[file name]])-SEARCH("@",Tableau46[[#This Row],[file name]])))),1) -> C | C75: C:\Users\andre\Desktop\REACTIV CEFAS\Testosterone\Testosterone/20201117_Cefas_Test6-Run2/Plate 1/@14/C9_02.tif | D75: 40253.2339 | E75: 36.3853 | G75: 1464625
A76: =IFERROR(LEFT(RIGHT(C76,LEN(C76)-SEARCH("@",C76)),SEARCH("/",RIGHT(C76,LEN(C76)-SEARCH("@",C76)-1))),"") -> 14 | B76: =LEFT(RIGHT(RIGHT(Tableau46[[#This Row],[file name]],LEN(Tableau46[[#This Row],[file name]])-SEARCH("@",Tableau46[[#This Row],[file name]])),LEN(RIGHT(Tableau46[[#This Row],[file name]],LEN(Tableau46[[#This Row],[file name]])-SEARCH("@",Tableau46[[#This Row],[file name]])))-SEARCH("/",RIGHT(Tableau46[[#This Row],[file name]],LEN(Tableau46[[#This Row],[file name]])-SEARCH("@",Tableau46[[#This Row],[file name]])))),1) -> C | C76: C:\Users\andre\Desktop\REACTIV CEFAS\Testosterone\Testosterone/20201117_Cefas_Test6-Run2/Plate 1/@14/C9_03.tif | D76: 49965.0566 | E76: 38.1784 | G76: 1907584
A77: =IFERROR(LEFT(RIGHT(C77,LEN(C77)-SEARCH("@",C77)),SEARCH("/",RIGHT(C77,LEN(C77)-SEARCH("@",C77)-1))),"") -> 14 | B77: =LEFT(RIGHT(RIGHT(Tableau46[[#This Row],[file name]],LEN(Tableau46[[#This Row],[file name]])-SEARCH("@",Tableau46[[#This Row],[file name]])),LEN(RIGHT(Tableau46[[#This Row],[file name]],LEN(Tableau46[[#This Row],[file name]])-SEARCH("@",Tableau46[[#This Row],[file name]])))-SEARCH("/",RIGHT(Tableau46[[#This Row],[file name]],LEN(Tableau46[[#This Row],[file name]])-SEARCH("@",Tableau46[[#This Row],[file name]])))),1) -> D | C77: C:\Users\andre\Desktop\REACTIV CEFAS\Testosterone\Testosterone/20201117_Cefas_Test6-Run2/Plate 1/@14/D9_01.tif | D77: 65884.659 | E77: 48.4875 | G77: 3194584
A78: =IFERROR(LEFT(RIGHT(C78,LEN(C78)-SEARCH("@",C78)),SEARCH("/",RIGHT(C78,LEN(C78)-SEARCH("@",C78)-1))),"") -> 14 | B78: =LEFT(RIGHT(RIGHT(Tableau46[[#This Row],[file name]],LEN(Tableau46[[#This Row],[file name]])-SEARCH("@",Tableau46[[#This Row],[file name]])),LEN(RIGHT(Tableau46[[#This Row],[file name]],LEN(Tableau46[[#This Row],[file name]])-SEARCH("@",Tableau46[[#This Row],[file name]])))-SEARCH("/",RIGHT(Tableau46[[#This Row],[file name]],LEN(Tableau46[[#This Row],[file name]])-SEARCH("@",Tableau46[[#This Row],[file name]])))),1) -> D | C78: C:\Users\andre\Desktop\REACTIV CEFAS\Testosterone\Testosterone/20201117_Cefas_Test6-Run2/Plate 1/@14/D9_02.tif | D78: 74190.5386 | E78: 44.9469 | G78: 3334638
A79: =IFERROR(LEFT(RIGHT(C79,LEN(C79)-SEARCH("@",C79)),SEARCH("/",RIGHT(C79,LEN(C79)-SEARCH("@",C79)-1))),"") -> 14 | B79: =LEFT(RIGHT(RIGHT(Tableau46[[#This Row],[file name]],LEN(Tableau46[[#This Row],[file name]])-SEARCH("@",Tableau46[[#This Row],[file name]])),LEN(RIGHT(Tableau46[[#This Row],[file name]],LEN(Tableau46[[#This Row],[file name]])-SEARCH("@",Tableau46[[#This Row],[file name]])))-SEARCH("/",RIGHT(Tableau46[[#This Row],[file name]],LEN(Tableau46[[#This Row],[file name]])-SEARCH("@",Tableau46[[#This Row],[file name]])))),1) -> D | C79: C:\Users\andre\Desktop\REACTIV CEFAS\Testosterone\Testosterone/20201117_Cefas_Test6-Run2/Plate 1/@14/D9_03.tif | D79: 70080.8586 | E79: 49.0164 | G79: 3435108
A80: =IFERROR(LEFT(RIGHT(C80,LEN(C80)-SEARCH("@",C80)),SEARCH("/",RIGHT(C80,LEN(C80)-SEARCH("@",C80)-1))),"") -> 14 | B80: =LEFT(RIGHT(RIGHT(Tableau46[[#This Row],[file name]],LEN(Tableau46[[#This Row],[file name]])-SEARCH("@",Tableau46[[#This Row],[file name]])),LEN(RIGHT(Tableau46[[#This Row],[file name]],LEN(Tableau46[[#This Row],[file name]])-SEARCH("@",Tableau46[[#This Row],[file name]])))-SEARCH("/",RIGHT(Tableau46[[#This Row],[file name]],LEN(Tableau46[[#This Row],[file name]])-SEARCH("@",Tableau46[[#This Row],[file name]])))),1) -> E | C80: C:\Users\andre\Desktop\REACTIV CEFAS\Testosterone\Testosterone/20201117_Cefas_Test6-Run2/Plate 1/@14/E9_01.tif | D80: 2271.1389 | E80: 31.8952 | G80: 72439
A81: =IFERROR(LEFT(RIGHT(C81,LEN(C81)-SEARCH("@",C81)),SEARCH("/",RIGHT(C81,LEN(C81)-SEARCH("@",C81)-1))),"") -> 14 | B81: =LEFT(RIGHT(RIGHT(Tableau46[[#This Row],[file name]],LEN(Tableau46[[#This Row],[file name]])-SEARCH("@",Tableau46[[#This Row],[file name]])),LEN(RIGHT(Tableau46[[#This Row],[file name]],LEN(Tableau46[[#This Row],[file name]])-SEARCH("@",Tableau46[[#This Row],[file name]])))-SEARCH("/",RIGHT(Tableau46[[#This Row],[file name]],LEN(Tableau46[[#This Row],[file name]])-SEARCH("@",Tableau46[[#This Row],[file name]])))),1) -> E | C81: C:\Users\andre\Desktop\REACTIV CEFAS\Testosterone\Testosterone/20201117_Cefas_Test6-Run2/Plate 1/@14/E9_02.tif | D81: 6164.52 | E81: 33.786 | G81: 208274
A82: =IFERROR(LEFT(RIGHT(C82,LEN(C82)-SEARCH("@",C82)),SEARCH("/",RIGHT(C82,LEN(C82)-SEARCH("@",C82)-1))),"") -> 14 | B82: =LEFT(RIGHT(RIGHT(Tableau46[[#This Row],[file name]],LEN(Tableau46[[#This Row],[file name]])-SEARCH("@",Tableau46[[#This Row],[file name]])),LEN(RIGHT(Tableau46[[#This Row],[file name]],LEN(Tableau46[[#This Row],[file name]])-SEARCH("@",Tableau46[[#This Row],[file name]])))-SEARCH("/",RIGHT(Tableau46[[#This Row],[file name]],LEN(Tableau46[[#This Row],[file name]])-SEARCH("@",Tableau46[[#This Row],[file name]])))),1) -> E | C82: C:\Users\andre\Desktop\REACTIV CEFAS\Testosterone\Testosterone/20201117_Cefas_Test6-Run2/Plate 1/@14/E9_03.tif | D82: 605.637 | E82: 32.3214 | G82: 19575
... A91: =IFERROR(LEFT(RIGHT(C91,LEN(C91)-SEARCH("@",C91)),SEARCH("/",RIGHT(C91,LEN(C91)-SEARCH("@",C91)-1))),"") -> 14 | B91: =LEFT(RIGHT(RIGHT(Tableau46[[#This Row],[file name]],LEN(Tableau46[[#This Row],[file name]])-SEARCH("@",Tableau46[[#This Row],[file name]])),LEN(RIGHT(Tableau46[[#This Row],[file name]],LEN(Tableau46[[#This Row],[file name]])-SEARCH("@",Tableau46[[#This Row],[file name]])))-SEARCH("/",RIGHT(Tableau46[[#This Row],[file name]],LEN(Tableau46[[#This Row],[file name]])-SEARCH("@",Tableau46[[#This Row],[file name]])))),1) -> H | C91: C:\Users\andre\Desktop\REACTIV CEFAS\Testosterone\Testosterone/20201117_Cefas_Test6-Run2/Plate 1/@14/H9_03.tif | D91: 30022.2937 | E91: 36.286 | G91: 1089390
A92: =IFERROR(LEFT(RIGHT(C92,LEN(C92)-SEARCH("@",C92)),SEARCH("/",RIGHT(C92,LEN(C92)-SEARCH("@",C92)-1))),"") | B92: =LEFT(RIGHT(RIGHT(Tableau46[[#This Row],[file name]],LEN(Tableau46[[#This Row],[file name]])-SEARCH("@",Tableau46[[#This Row],[file name]])),LEN(RIGHT(Tableau46[[#This Row],[file name]],LEN(Tableau46[[#This Row],[file name]])-SEARCH("@",Tableau46[[#This Row],[file name]])))-SEARCH("/",RIGHT(Tableau46[[#This Row],[file name]],LEN(Tableau46[[#This Row],[file name]])-SEARCH("@",Tableau46[[#This Row],[file name]])))),1) -> #VALUE!
A93: =IFERROR(LEFT(RIGHT(C93,LEN(C93)-SEARCH("@",C93)),SEARCH("/",RIGHT(C93,LEN(C93)-SEARCH("@",C93)-1))),"") | B93: =LEFT(RIGHT(RIGHT(Tableau46[[#This Row],[file name]],LEN(Tableau46[[#This Row],[file name]])-SEARCH("@",Tableau46[[#This Row],[file name]])),LEN(RIGHT(Tableau46[[#This Row],[file name]],LEN(Tableau46[[#This Row],[file name]])-SEARCH("@",Tableau46[[#This Row],[file name]])))-SEARCH("/",RIGHT(Tableau46[[#This Row],[file name]],LEN(Tableau46[[#This Row],[file name]])-SEARCH("@",Tableau46[[#This Row],[file name]])))),1) -> #VALUE! | C93: group | E93: mean of mean fluo | F93: SD mean fluo | G93: mean of total fluo | H93: SD total fluo | I93: n fluorescent | J93: n total
A94: =IFERROR(LEFT(RIGHT(C94,LEN(C94)-SEARCH("@",C94)),SEARCH("/",RIGHT(C94,LEN(C94)-SEARCH("@",C94)-1))),"") -> 14 | B94: =LEFT(RIGHT(RIGHT(Tableau46[[#This Row],[file name]],LEN(Tableau46[[#This Row],[file name]])-SEARCH("@",Tableau46[[#This Row],[file name]])),LEN(RIGHT(Tableau46[[#This Row],[file name]],LEN(Tableau46[[#This Row],[file name]])-SEARCH("@",Tableau46[[#This Row],[file name]])))-SEARCH("/",RIGHT(Tableau46[[#This Row],[file name]],LEN(Tableau46[[#This Row],[file name]])-SEARCH("@",Tableau46[[#This Row],[file name]])))),1) | C94: C:\Users\andre\Desktop\REACTIV CEFAS\Testosterone\Testosterone/20201117_Cefas_Test6-Run2/Plate 1/@14/ | E94: 38.0158 | F94: 5.0494 | G94: 1502746.92 | H94: 1134745.19 | I94: 24 | J94: 24
A95: =IFERROR(LEFT(RIGHT(C95,LEN(C95)-SEARCH("@",C95)),SEARCH("/",RIGHT(C95,LEN(C95)-SEARCH("@",C95)-1))),"") | B95: =LEFT(RIGHT(RIGHT(Tableau46[[#This Row],[file name]],LEN(Tableau46[[#This Row],[file name]])-SEARCH("@",Tableau46[[#This Row],[file name]])),LEN(RIGHT(Tableau46[[#This Row],[file name]],LEN(Tableau46[[#This Row],[file name]])-SEARCH("@",Tableau46[[#This Row],[file name]])))-SEARCH("/",RIGHT(Tableau46[[#This Row],[file name]],LEN(Tableau46[[#This Row],[file name]])-SEARCH("@",Tableau46[[#This Row],[file name]])))),1) -> #VALUE!
A96: =IFERROR(LEFT(RIGHT(C96,LEN(C96)-SEARCH("@",C96)),SEARCH("/",RIGHT(C96,LEN(C96)-SEARCH("@",C96)-1))),"") | B96: =LEFT(RIGHT(RIGHT(Tableau46[[#This Row],[file name]],LEN(Tableau46[[#This Row],[file name]])-SEARCH("@",Tableau46[[#This Row],[file name]])),LEN(RIGHT(Tableau46[[#This Row],[file name]],LEN(Tableau46[[#This Row],[file name]])-SEARCH("@",Tableau46[[#This Row],[file name]])))-SEARCH("/",RIGHT(Tableau46[[#This Row],[file name]],LEN(Tableau46[[#This Row],[file name]])-SEARCH("@",Tableau46[[#This Row],[file name]])))),1) -> #VALUE!
A97: =IFERROR(LEFT(RIGHT(C97,LEN(C97)-SEARCH("@",C97)),SEARCH("/",RIGHT(C97,LEN(C97)-SEARCH("@",C97)-1))),"") | B97: =LEFT(RIGHT(RIGHT(Tableau46[[#This Row],[file name]],LEN(Tableau46[[#This Row],[file name]])-SEARCH("@",Tableau46[[#This Row],[file name]])),LEN(RIGHT(Tableau46[[#This Row],[file name]],LEN(Tableau46[[#This Row],[file name]])-SEARCH("@",Tableau46[[#This Row],[file name]])))-SEARCH("/",RIGHT(Tableau46[[#This Row],[file name]],LEN(Tableau46[[#This Row],[file name]])-SEARCH("@",Tableau46[[#This Row],[file name]])))),1) -> #VALUE!
A98: =IFERROR(LEFT(RIGHT(C98,LEN(C98)-SEARCH("@",C98)),SEARCH("/",RIGHT(C98,LEN(C98)-SEARCH("@",C98)-1))),"") | B98: =LEFT(RIGHT(RIGHT(Tableau46[[#This Row],[file name]],LEN(Tableau46[[#This Row],[file name]])-SEARCH("@",Tableau46[[#This Row],[file name]])),LEN(RIGHT(Tableau46[[#This Row],[file name]],LEN(Tableau46[[#This Row],[file name]])-SEARCH("@",Tableau46[[#This Row],[file name]])))-SEARCH("/",RIGHT(Tableau46[[#This Row],[file name]],LEN(Tableau46[[#This Row],[file name]])-SEARCH("@",Tableau46[[#This Row],[file name]])))),1) -> #VALUE!
A99: =IFERROR(LEFT(RIGHT(C99,LEN(C99)-SEARCH("@",C99)),SEARCH("/",RIGHT(C99,LEN(C99)-SEARCH("@",C99)-1))),"") | B99: =LEFT(RIGHT(RIGHT(Tableau46[[#This Row],[file name]],LEN(Tableau46[[#This Row],[file name]])-SEARCH("@",Tableau46[[#This Row],[file name]])),LEN(RIGHT(Tableau46[[#This Row],[file name]],LEN(Tableau46[[#This Row],[file name]])-SEARCH("@",Tableau46[[#This Row],[file name]])))-SEARCH("/",RIGHT(Tableau46[[#This Row],[file name]],LEN(Tableau46[[#This Row],[file name]])-SEARCH("@",Tableau46[[#This Row],[file name]])))),1) -> #VALUE!
A100: =IFERROR(LEFT(RIGHT(C100,LEN(C100)-SEARCH("@",C100)),SEARCH("/",RIGHT(C100,LEN(C100)-SEARCH("@",C100)-1))),"") | B100: =LEFT(RIGHT(RIGHT(Tableau46[[#This Row],[file name]],LEN(Tableau46[[#This Row],[file name]])-SEARCH("@",Tableau46[[#This Row],[file name]])),LEN(RIGHT(Tableau46[[#This Row],[file name]],LEN(Tableau46[[#This Row],[file name]])-SEARCH("@",Tableau46[[#This Row],[file name]])))-SEARCH("/",RIGHT(Tableau46[[#This Row],[file name]],LEN(Tableau46[[#This Row],[file name]])-SEARCH("@",Tableau46[[#This Row],[file name]])))),1) -> #VALUE! | C100: file name | D100: total area | E100: mean intensity | G100: total fluorescence
A101: =IFERROR(LEFT(RIGHT(C101,LEN(C101)-SEARCH("@",C101)),SEARCH("/",RIGHT(C101,LEN(C101)-SEARCH("@",C101)-1))),"") -> 15 | B101: =LEFT(RIGHT(RIGHT(Tableau46[[#This Row],[file name]],LEN(Tableau46[[#This Row],[file name]])-SEARCH("@",Tableau46[[#This Row],[file name]])),LEN(RIGHT(Tableau46[[#This Row],[file name]],LEN(Tableau46[[#This Row],[file name]])-SEARCH("@",Tableau46[[#This Row],[file name]])))-SEARCH("/",RIGHT(Tableau46[[#This Row],[file name]],LEN(Tableau46[[#This Row],[file name]])-SEARCH("@",Tableau46[[#This Row],[file name]])))),1) -> A | C101: C:\Users\andre\Desktop\REACTIV CEFAS\Testosterone\Testosterone/20201117_Cefas_Test6-Run2/Plate 1/@15/A11_01.tif | D101: 94111.6715 | E101: 50.7378 | G101: 4775016
A102: =IFERROR(LEFT(RIGHT(C102,LEN(C102)-SEARCH("@",C102)),SEARCH("/",RIGHT(C102,LEN(C102)-SEARCH("@",C102)-1))),"") -> 15 | B102: =LEFT(RIGHT(RIGHT(Tableau46[[#This Row],[file name]],LEN(Tableau46[[#This Row],[file name]])-SEARCH("@",Tableau46[[#This Row],[file name]])),LEN(RIGHT(Tableau46[[#This Row],[file name]],LEN(Tableau46[[#This Row],[file name]])-SEARCH("@",Tableau46[[#This Row],[file name]])))-SEARCH("/",RIGHT(Tableau46[[#This Row],[file name]],LEN(Tableau46[[#This Row],[file name]])-SEARCH("@",Tableau46[[#This Row],[file name]])))),1) -> A | C102: C:\Users\andre\Desktop\REACTIV CEFAS\Testosterone\Testosterone/20201117_Cefas_Test6-Run2/Plate 1/@15/A11_02.tif | D102: 88985.3865 | E102: 45.1728 | G102: 4019721
A103: =IFERROR(LEFT(RIGHT(C103,LEN(C103)-SEARCH("@",C103)),SEARCH("/",RIGHT(C103,LEN(C103)-SEARCH("@",C103)-1))),"") -> 15 | B103: =LEFT(RIGHT(RIGHT(Tableau46[[#This Row],[file name]],LEN(Tableau46[[#This Row],[file name]])-SEARCH("@",Tableau46[[#This Row],[file name]])),LEN(RIGHT(Tableau46[[#This Row],[file name]],LEN(Tableau46[[#This Row],[file name]])-SEARCH("@",Tableau46[[#This Row],[file name]])))-SEARCH("/",RIGHT(Tableau46[[#This Row],[file name]],LEN(Tableau46[[#This Row],[file name]])-SEARCH("@",Tableau46[[#This Row],[file name]])))),1) -> A | C103: C:\Users\andre\Desktop\REACTIV CEFAS\Testosterone\Testosterone/20201117_Cefas_Test6-Run2/Plate 1/@15/A11_03.tif | D103: 78776.0762 | E103: 52.0695 | G103: 4101828
A104: =IFERROR(LEFT(RIGHT(C104,LEN(C104)-SEARCH("@",C104)),SEARCH("/",RIGHT(C104,LEN(C104)-SEARCH("@",C104)-1))),"") -> 15 | B104: =LEFT(RIGHT(RIGHT(Tableau46[[#This Row],[file name]],LEN(Tableau46[[#This Row],[file name]])-SEARCH("@",Tableau46[[#This Row],[file name]])),LEN(RIGHT(Tableau46[[#This Row],[file name]],LEN(Tableau46[[#This Row],[file name]])-SEARCH("@",Tableau46[[#This Row],[file name]])))-SEARCH("/",RIGHT(Tableau46[[#This Row],[file name]],LEN(Tableau46[[#This Row],[file name]])-SEARCH("@",Tableau46[[#This Row],[file name]])))),1) -> B | C104: C:\Users\andre\Desktop\REACTIV CEFAS\Testosterone\Testosterone/20201117_Cefas_Test6-Run2/Plate 1/@15/B11_01.tif | D104: 54053.1067 | E104: 44.0656 | G104: 2381884
A105: =IFERROR(LEFT(RIGHT(C105,LEN(C105)-SEARCH("@",C105)),SEARCH("/",RIGHT(C105,LEN(C105)-SEARCH("@",C105)-1))),"") -> 15 | B105: =LEFT(RIGHT(RIGHT(Tableau46[[#This Row],[file name]],LEN(Tableau46[[#This Row],[file name]])-SEARCH("@",Tableau46[[#This Row],[file name]])),LEN(RIGHT(Tableau46[[#This Row],[file name]],LEN(Tableau46[[#This Row],[file name]])-SEARCH("@",Tableau46[[#This Row],[file name]])))-SEARCH("/",RIGHT(Tableau46[[#This Row],[file name]],LEN(Tableau46[[#This Row],[file name]])-SEARCH("@",Tableau46[[#This Row],[file name]])))),1) -> B | C105: C:\Users\andre\Desktop\REACTIV CEFAS\Testosterone\Testosterone/20201117_Cefas_Test6-Run2/Plate 1/@15/B11_02.tif | D105: 52344.345 | E105: 45.3826 | G105: 2375525
A106: =IFERROR(LEFT(RIGHT(C106,LEN(C106)-SEARCH("@",C106)),SEARCH("/",RIGHT(C106,LEN(C106)-SEARCH("@",C106)-1))),"") -> 15 | B106: =LEFT(RIGHT(RIGHT(Tableau46[[#This Row],[file name]],LEN(Tableau46[[#This Row],[file name]])-SEARCH("@",Tableau46[[#This Row],[file name]])),LEN(RIGHT(Tableau46[[#This Row],[file name]],LEN(Tableau46[[#This Row],[file name]])-SEARCH("@",Tableau46[[#This Row],[file name]])))-SEARCH("/",RIGHT(Tableau46[[#This Row],[file name]],LEN(Tableau46[[#This Row],[file name]])-SEARCH("@",Tableau46[[#This Row],[file name]])))),1) -> B | C106: C:\Users\andre\Desktop\REACTIV CEFAS\Testosterone\Testosterone/20201117_Cefas_Test6-Run2/Plate 1/@15/B11_03.tif | D106: 53166.281 | E106: 46.6851 | G106: 2482074
A107: =IFERROR(LEFT(RIGHT(C107,LEN(C107)-SEARCH("@",C107)),SEARCH("/",RIGHT(C107,LEN(C107)-SEARCH("@",C107)-1))),"") -> 15 | B107: =LEFT(RIGHT(RIGHT(Tableau46[[#This Row],[file name]],LEN(Tableau46[[#This Row],[file name]])-SEARCH("@",Tableau46[[#This Row],[file name]])),LEN(RIGHT(Tableau46[[#This Row],[file name]],LEN(Tableau46[[#This Row],[file name]])-SEARCH("@",Tableau46[[#This Row],[file name]])))-SEARCH("/",RIGHT(Tableau46[[#This Row],[file name]],LEN(Tableau46[[#This Row],[file name]])-SEARCH("@",Tableau46[[#This Row],[file name]])))),1) -> C | C107: C:\Users\andre\Desktop\REACTIV CEFAS\Testosterone\Testosterone/20201117_Cefas_Test6-Run2/Plate 1/@15/C11_01.tif | D107: 40296.4937 | E107: 40.2979 | G107: 1623864
A108: =IFERROR(LEFT(RIGHT(C108,LEN(C108)-SEARCH("@",C108)),SEARCH("/",RIGHT(C108,LEN(C108)-SEARCH("@",C108)-1))),"") -> 15 | B108: =LEFT(RIGHT(RIGHT(Tableau46[[#This Row],[file name]],LEN(Tableau46[[#This Row],[file name]])-SEARCH("@",Tableau46[[#This Row],[file name]])),LEN(RIGHT(Tableau46[[#This Row],[file name]],LEN(Tableau46[[#This Row],[file name]])-SEARCH("@",Tableau46[[#This Row],[file name]])))-SEARCH("/",RIGHT(Tableau46[[#This Row],[file name]],LEN(Tableau46[[#This Row],[file name]])-SEARCH("@",Tableau46[[#This Row],[file name]])))),1) -> C | C108: C:\Users\andre\Desktop\REACTIV CEFAS\Testosterone\Testosterone/20201117_Cefas_Test6-Run2/Plate 1/@15/C11_02- exclu.tif
A109: =IFERROR(LEFT(RIGHT(C109,LEN(C109)-SEARCH("@",C109)),SEARCH("/",RIGHT(C109,LEN(C109)-SEARCH("@",C109)-1))),"") -> 15 | B109: =LEFT(RIGHT(RIGHT(Tableau46[[#This Row],[file name]],LEN(Tableau46[[#This Row],[file name]])-SEARCH("@",Tableau46[[#This Row],[file name]])),LEN(RIGHT(Tableau46[[#This Row],[file name]],LEN(Tableau46[[#This Row],[file name]])-SEARCH("@",Tableau46[[#This Row],[file name]])))-SEARCH("/",RIGHT(Tableau46[[#This Row],[file name]],LEN(Tableau46[[#This Row],[file name]])-SEARCH("@",Tableau46[[#This Row],[file name]])))),1) -> C | C109: C:\Users\andre\Desktop\REACTIV CEFAS\Testosterone\Testosterone/20201117_Cefas_Test6-Run2/Plate 1/@15/C11_03- exclu.tif
A110: =IFERROR(LEFT(RIGHT(C110,LEN(C110)-SEARCH("@",C110)),SEARCH("/",RIGHT(C110,LEN(C110)-SEARCH("@",C110)-1))),"") -> 15 | B110: =LEFT(RIGHT(RIGHT(Tableau46[[#This Row],[file name]],LEN(Tableau46[[#This Row],[file name]])-SEARCH("@",Tableau46[[#This Row],[file name]])),LEN(RIGHT(Tableau46[[#This Row],[file name]],LEN(Tableau46[[#This Row],[file name]])-SEARCH("@",Tableau46[[#This Row],[file name]])))-SEARCH("/",RIGHT(Tableau46[[#This Row],[file name]],LEN(Tableau46[[#This Row],[file name]])-SEARCH("@",Tableau46[[#This Row],[file name]])))),1) -> D | C110: C:\Users\andre\Desktop\REACTIV CEFAS\Testosterone\Testosterone/20201117_Cefas_Test6-Run2/Plate 1/@15/D11_01.tif | D110: 57470.63 | E110: 50.9364 | G110: 2927347
A111: =IFERROR(LEFT(RIGHT(C111,LEN(C111)-SEARCH("@",C111)),SEARCH("/",RIGHT(C111,LEN(C111)-SEARCH("@",C111)-1))),"") -> 15 | B111: =LEFT(RIGHT(RIGHT(Tableau46[[#This Row],[file name]],LEN(Tableau46[[#This Row],[file name]])-SEARCH("@",Tableau46[[#This Row],[file name]])),LEN(RIGHT(Tableau46[[#This Row],[file name]],LEN(Tableau46[[#This Row],[file name]])-SEARCH("@",Tableau46[[#This Row],[file name]])))-SEARCH("/",RIGHT(Tableau46[[#This Row],[file name]],LEN(Tableau46[[#This Row],[file name]])-SEARCH("@",Tableau46[[#This Row],[file name]])))),1) -> D | C111: C:\Users\andre\Desktop\REACTIV CEFAS\Testosterone\Testosterone/20201117_Cefas_Test6-Run2/Plate 1/@15/D11_02.tif | D111: 54226.1458 | E111: 44.3797 | G111: 2406542
A112: =IFERROR(LEFT(RIGHT(C112,LEN(C112)-SEARCH("@",C112)),SEARCH("/",RIGHT(C112,LEN(C112)-SEARCH("@",C112)-1))),"") -> 15 | B112: =LEFT(RIGHT(RIGHT(Tableau46[[#This Row],[file name]],LEN(Tableau46[[#This Row],[file name]])-SEARCH("@",Tableau46[[#This Row],[file name]])),LEN(RIGHT(Tableau46[[#This Row],[file name]],LEN(Tableau46[[#This Row],[file name]])-SEARCH("@",Tableau46[[#This Row],[file name]])))-SEARCH("/",RIGHT(Tableau46[[#This Row],[file name]],LEN(Tableau46[[#This Row],[file name]])-SEARCH("@",Tableau46[[#This Row],[file name]])))),1) -> D | C112: C:\Users\andre\Desktop\REACTIV CEFAS\Testosterone\Testosterone/20201117_Cefas_Test6-Run2/Plate 1/@15/D11_03.tif | D112: 62878.1037 | E112: 44.0791 | G112: 2771611
A113: =IFERROR(LEFT(RIGHT(C113,LEN(C113)-SEARCH("@",C113)),SEARCH("/",RIGHT(C113,LEN(C113)-SEARCH("@",C113)-1))),"") -> 15 | B113: =LEFT(RIGHT(RIGHT(Tableau46[[#This Row],[file name]],LEN(Tableau46[[#This Row],[file name]])-SEARCH("@",Tableau46[[#This Row],[file name]])),LEN(RIGHT(Tableau46[[#This Row],[file name]],LEN(Tableau46[[#This Row],[file name]])-SEARCH("@",Tableau46[[#This Row],[file name]])))-SEARCH("/",RIGHT(Tableau46[[#This Row],[file name]],LEN(Tableau46[[#This Row],[file name]])-SEARCH("@",Tableau46[[#This Row],[file name]])))),1) -> E | C113: C:\Users\andre\Desktop\REACTIV CEFAS\Testosterone\Testosterone/20201117_Cefas_Test6-Run2/Plate 1/@15/E11_01.tif | D113: 93852.1128 | E113: 56.575 | G113: 5309685
A114: =IFERROR(LEFT(RIGHT(C114,LEN(C114)-SEARCH("@",C114)),SEARCH("/",RIGHT(C114,LEN(C114)-SEARCH("@",C114)-1))),"") -> 15 | B114: =LEFT(RIGHT(RIGHT(Tableau46[[#This Row],[file name]],LEN(Tableau46[[#This Row],[file name]])-SEARCH("@",Tableau46[[#This Row],[file name]])),LEN(RIGHT(Tableau46[[#This Row],[file name]],LEN(Tableau46[[#This Row],[file name]])-SEARCH("@",Tableau46[[#This Row],[file name]])))-SEARCH("/",RIGHT(Tableau46[[#This Row],[file name]],LEN(Tableau46[[#This Row],[file name]])-SEARCH("@",Tableau46[[#This Row],[file name]])))),1) -> E | C114: C:\Users\andre\Desktop\REACTIV CEFAS\Testosterone\Testosterone/20201117_Cefas_Test6-Run2/Plate 1/@15/E11_02.tif | D114: 98848.6185 | E114: 53.0672 | G114: 5245617
A115: =IFERROR(LEFT(RIGHT(C115,LEN(C115)-SEARCH("@",C115)),SEARCH("/",RIGHT(C115,LEN(C115)-SEARCH("@",C115)-1))),"") -> 15 | B115: =LEFT(RIGHT(RIGHT(Tableau46[[#This Row],[file name]],LEN(Tableau46[[#This Row],[file name]])-SEARCH("@",Tableau46[[#This Row],[file name]])),LEN(RIGHT(Tableau46[[#This Row],[file name]],LEN(Tableau46[[#This Row],[file name]])-SEARCH("@",Tableau46[[#This Row],[file name]])))-SEARCH("/",RIGHT(Tableau46[[#This Row],[file name]],LEN(Tableau46[[#This Row],[file name]])-SEARCH("@",Tableau46[[#This Row],[file name]])))),1) -> E | C115: C:\Users\andre\Desktop\REACTIV CEFAS\Testosterone\Testosterone/20201117_Cefas_Test6-Run2/Plate 1/@15/E11_03.tif | D115: 100362.711 | E115: 56.5625 | G115: 5676766
A116: =IFERROR(LEFT(RIGHT(C116,LEN(C116)-SEARCH("@",C116)),SEARCH("/",RIGHT(C116,LEN(C116)-SEARCH("@",C116)-1))),"") -> 15 | B116: =LEFT(RIGHT(RIGHT(Tableau46[[#This Row],[file name]],LEN(Tableau46[[#This Row],[file name]])-SEARCH("@",Tableau46[[#This Row],[file name]])),LEN(RIGHT(Tableau46[[#This Row],[file name]],LEN(Tableau46[[#This Row],[file name]])-SEARCH("@",Tableau46[[#This Row],[file name]])))-SEARCH("/",RIGHT(Tableau46[[#This Row],[file name]],LEN(Tableau46[[#This Row],[file name]])-SEARCH("@",Tableau46[[#This Row],[file name]])))),1) -> F | C116: C:\Users\andre\Desktop\REACTIV CEFAS\Testosterone\Testosterone/20201117_Cefas_Test6-Run2/Plate 1/@15/F11_01.tif | D116: 79727.7916 | E116: 53.1039 | G116: 4233857
A117: =IFERROR(LEFT(RIGHT(C117,LEN(C117)-SEARCH("@",C117)),SEARCH("/",RIGHT(C117,LEN(C117)-SEARCH("@",C117)-1))),"") -> 15 | B117: =LEFT(RIGHT(RIGHT(Tableau46[[#This Row],[file name]],LEN(Tableau46[[#This Row],[file name]])-SEARCH("@",Tableau46[[#This Row],[file name]])),LEN(RIGHT(Tableau46[[#This Row],[file name]],LEN(Tableau46[[#This Row],[file name]])-SEARCH("@",Tableau46[[#This Row],[file name]])))-SEARCH("/",RIGHT(Tableau46[[#This Row],[file name]],LEN(Tableau46[[#This Row],[file name]])-SEARCH("@",Tableau46[[#This Row],[file name]])))),1) -> F | C117: C:\Users\andre\Desktop\REACTIV CEFAS\Testosterone\Testosterone/20201117_Cefas_Test6-Run2/Plate 1/@15/F11_02.tif | D117: 81047.2152 | E117: 55.6864 | G117: 4513229
A118: =IFERROR(LEFT(RIGHT(C118,LEN(C118)-SEARCH("@",C118)),SEARCH("/",RIGHT(C118,LEN(C118)-SEARCH("@",C118)-1))),"") -> 15 | B118: =LEFT(RIGHT(RIGHT(Tableau46[[#This Row],[file name]],LEN(Tableau46[[#This Row],[file name]])-SEARCH("@",Tableau46[[#This Row],[file name]])),LEN(RIGHT(Tableau46[[#This Row],[file name]],LEN(Tableau46[[#This Row],[file name]])-SEARCH("@",Tableau46[[#This Row],[file name]])))-SEARCH("/",RIGHT(Tableau46[[#This Row],[file name]],LEN(Tableau46[[#This Row],[file name]])-SEARCH("@",Tableau46[[#This Row],[file name]])))),1) -> F | C118: C:\Users\andre\Desktop\REACTIV CEFAS\Testosterone\Testosterone/20201117_Cefas_Test6-Run2/Plate 1/@15/F11_03.tif | D118: 84443.1086 | E118: 48.3135 | G118: 4079744
A119: =IFERROR(LEFT(RIGHT(C119,LEN(C119)-SEARCH("@",C119)),SEARCH("/",RIGHT(C119,LEN(C119)-SEARCH("@",C119)-1))),"") -> 15 | B119: =LEFT(RIGHT(RIGHT(Tableau46[[#This Row],[file name]],LEN(Tableau46[[#This Row],[file name]])-SEARCH("@",Tableau46[[#This Row],[file name]])),LEN(RIGHT(Tableau46[[#This Row],[file name]],LEN(Tableau46[[#This Row],[file name]])-SEARCH("@",Tableau46[[#This Row],[file name]])))-SEARCH("/",RIGHT(Tableau46[[#This Row],[file name]],LEN(Tableau46[[#This Row],[file name]])-SEARCH("@",Tableau46[[#This Row],[file name]])))),1) -> G | C119: C:\Users\andre\Desktop\REACTIV CEFAS\Testosterone\Testosterone/20201117_Cefas_Test6-Run2/Plate 1/@15/G11_01.tif | D119: 82042.1903 | E119: 41.1819 | G119: 3378654
...

Sheet R2
A1: 6. Expérimentateur 2 : copier et coller les valeurs des intensités totales de fluorescences obtenues dans le fichier raw data lors du traitement des images. Ne pas supprimer les colonnes correspondant aux concentrations non lues.
A3: R2 | B3: Non dopé | AE3: avec testo
A4: Noms des groupes | B4: ='Page de garde'!A7 -> Témoin solvant | C4: ='Page de garde'!A9 -> EE2-33,8ng/L | D4: ='Page de garde'!A10 -> EE2-50,6ng/L | E4: ='Page de garde'!A11 -> EE2-76ng/L | F4: ='Page de garde'!A12 -> EE2-114ng/L | G4: ='Page de garde'!A13 -> EE2-170,9ng/L | H4: ='Page de garde'!A14 -> EE2-488ng/L | I4: ='Page de garde'!A15 -> Testo-3.7µg/L | J4: ='Page de garde'!A16 -> Testo-11µg/L | K4: ='Page de garde'!A17 -> Testo-33µg/L | L4: ='Page de garde'!A18 -> Testo-100µg/L | M4: ='Page de garde'!A19 -> Testo-300µg/L | N4: ='Page de garde'!A20 | O4: ='Page de garde'!A21 | P4: ='Page de garde'!A22 | Q4: ='Page de garde'!A23 | R4: ='Page de garde'!A24 | S4: ='Page de garde'!A25 | T4: ='Page de garde'!A26 | U4: ='Page de garde'!A27 | V4: ='Page de garde'!A28 | W4: ='Page de garde'!A29 | X4: ='Page de garde'!A30 | Y4: ='Page de garde'!A31 | Z4: ='Page de garde'!A32 | AA4: ='Page de garde'!A33 | AB4: ='Page de garde'!A34 | AC4: ='Page de garde'!A35 | AE4: ='Page de garde'!A36 -> Testo -30µg/L | AF4: ='Page de garde'!A37 -> Testo 30µg/L + EE2 -64ng/L | AG4: ='Page de garde'!A38 -> Testo 30µg/L + FAD-10mg/L | AH4: ='Page de garde'!A39 -> Testo-3,7µg/L + Testostérone | AI4: ='Page de garde'!A40 -> Testo-11µg/L + Testostérone | AJ4: ='Page de garde'!A41 -> Testo-33µg/L + Testostérone | AK4: ='Page de garde'!A42 -> Testo-100µg/L + Testostérone | AL4: ='Page de garde'!A43 -> Testo-300µg/L + Testostérone | AM4: ='Page de garde'!A44 -> 0-00 + Testostérone | AN4: ='Page de garde'!A45 -> 0-00 + Testostérone | AO4: ='Page de garde'!A46 -> 0-00 + Testostérone | AP4: ='Page de garde'!A47 -> 0-00 + Testostérone | AQ4: ='Page de garde'!A48 -> 0-00 + Testostérone | AR4: ='Page de garde'!A49 -> 0-00 + Testostérone | AS4: ='Page de garde'!A50 -> 0-00 + Testostérone | AT4: ='Page de garde'!A51 -> 0-00 + Testostérone | AU4: ='Page de garde'!A52 -> 0-00 + Testostérone | AV4: ='Page de garde'!A53 -> 0-00 + Testostérone | AW4: ='Page de garde'!A54 -> 0-00 + Testostérone | AX4: ='Page de garde'!A55 -> 0-00 + Testostérone | AY4: ='Page de garde'!A56 -> 0-00 + Testostérone | AZ4: ='Page de garde'!A57 -> 0-00 + Testostérone | BA4: ='Page de garde'!A58 -> 0-00 + Testostérone
A5: Données brutes | B5: 15501.333 | D5: 103939 | E5: 21500 | F5: 681.5 | G5: 2371169.7 | H5: 4905797 | I5: 190682 | J5: 607310 | K5: 2232951.5 | L5: 2577018 | M5: 3861232 | AE5: 1089548 | AF5: 4298855 | AG5: 203876.33 | AH5: 2333224 | AI5: 1801936.3 | AJ5: 1124076.7 | AK5: 2075828.3 | AL5: 2851267
B6: 147826 | C6: 137385.67 | D6: 27935 | E6: 76425.333 | F6: 1144610.7 | G6: 2254022.7 | H6: 3645697.3 | I6: 92583.333 | J6: 789267.67 | K6: 1066613.3 | L6: 2571578 | M6: 1238938.7 | AE6: 2689627 | AF6: 2413161 | AG6: 241851 | AH6: 1690650 | AI6: 2357168.3 | AJ6: 382070.67 | AK6: 1976741.7 | AL6: 3229048
B7: 92294.667 | C7: 212513.67 | D7: 233105 | F7: 30144.667 | G7: 2903604.3 | H7: 4604478.3 | I7: 196666.33 | J7: 224936.33 | L7: 1876811.7 | M7: 2594743.7 | AE7: 403289.67 | AF7: 1623864 | AG7: 219377.67 | AH7: 2144308.3 | AI7: 1204554.3 | AJ7: 1929271 | AK7: 2944254.3 | AL7: 1243091.5
B8: 162750.67 | C8: 183155 | D8: 57867.333 | E8: 103859.67 | F8: 0 | H8: 4401373.7 | I8: 30448 | J8: 157660.33 | K8: 894288 | L8: 2441420.5 | M8: 2475721.7 | AE8: 1163580.3 | AF8: 2701833.3 | AG8: 26345.333 | AI8: 1156500 | AJ8: 888231.67 | AK8: 2542248 | AL8: 71465.333
B9: 119656.33 | C9: 305468.5 | D9: 190653.33 | E9: 140464.67 | F9: 512109.33 | G9: 4632590 | H9: 3895566 | I9: 182094.67 | J9: 239493.67 | K9: 649942.33 | L9: 2495246.3 | M9: 2391249.7 | AE9: 2416528 | AF9: 5410689.3 | AG9: 44182.667 | AH9: 2063333.3 | AI9: 2909941.7 | AJ9: 3486890.3 | AK9: 1675819
B10: 879.66667 | C10: 0 | D10: 118467 | E10: 182570.67 | F10: 7412 | G10: 2242097 | H10: 3894419.3 | I10: 237619 | J10: 108409 | K10: 1260568.7 | L10: 2470448 | M10: 2718149.3 | AE10: 2694465 | AF10: 4275610 | AG10: 327642.67 | AH10: 3024385.3 | AI10: 817069.33 | AJ10: 1521742.3 | AK10: 1821626.3 | AL10: 2529998
B11: 230113.33 | C11: 62618.5 | D11: 144480.67 | E11: 476138.5 | F11: 178756.67 | G11: 2650166.7 | H11: 4533409.7 | J11: 206500.33 | K11: 1817610.7 | L11: 2268983 | M11: 4146162.3 | AE11: 1236184.7 | AF11: 3285227.7 | AG11: 138900 | AH11: 1201151 | AI11: 2188069.5 | AJ11: 452158.33 | AK11: 2122700.3 | AL11: 1744061.7
