Workbook

Sheet Page de garde
A1: 1. Expérimentateur 1 : copier et coller le n° de prestation et renseigner la date de réalisation de chaque réplica ainsi que le visa de l'expérimentateur.
A2: R1 | B2: Numéro d'expérience : | E2: Date de réalisation :
A3: R2 | B3: Numéro d'expérience : | E3: Date de réalisation :
A4: R3 | B4: Numéro d'expérience : | E4: Date de réalisation :
A5: 2. Expérimentateur 1 : copier et coller la dilution appliquée et le nom donné pour chaque des échantillons par le client. Conserver la mise en forme de l'exemple en italique. Ne pas remplir la colonne "nom sur graphique".
A6: Nom sur le graphique | B6: Code WF | C6: Concentration | D6: Unité | E6: Nom de l'échantillon donné par le client | F6: Dopage (+Testostérone / + EE2, ….)
A7: =IF(ISBLANK(liste_groupe[[#This Row],[Code WF]])," ",IF(ISBLANK(liste_groupe[[#This Row],[Unité]]),CONCATENATE(liste_groupe[[#This Row],[Nom de l''échantillon donné par le client]],liste_groupe[[#This Row],[Dopage (+Testostérone / + EE2, ….)]]),CONCATENATE(liste_groupe[[#This Row],[Nom de l''échantillon donné par le client]],"-",liste_groupe[[#This Row],[Concentration]],liste_groupe[[#This Row],[Unité]],liste_groupe[[#This Row],[Dopage (+Testostérone / + EE2, ….)]]))) -> Témoin solvant | B7: Témoin | E7: Témoin solvant
A8: =IF(ISBLANK(liste_groupe[[#This Row],[Code WF]])," ",IF(ISBLANK(liste_groupe[[#This Row],[Unité]]),CONCATENATE(liste_groupe[[#This Row],[Nom de l''échantillon donné par le client]],liste_groupe[[#This Row],[Dopage (+Testostérone / + EE2, ….)]]),CONCATENATE(liste_groupe[[#This Row],[Nom de l''échantillon donné par le client]],"-",liste_groupe[[#This Row],[Concentration]],liste_groupe[[#This Row],[Unité]],liste_groupe[[#This Row],[Dopage (+Testostérone / + EE2, ….)]]))) -> EE2-22,5ng/L | B8: Témoin | C8: 22.5 | D8: ng/L | E8: EE2
A9: =IF(ISBLANK(liste_groupe[[#This Row],[Code WF]])," ",IF(ISBLANK(liste_groupe[[#This Row],[Unité]]),CONCATENATE(liste_groupe[[#This Row],[Nom de l''échantillon donné par le client]],liste_groupe[[#This Row],[Dopage (+Testostérone / + EE2, ….)]]),CONCATENATE(liste_groupe[[#This Row],[Nom de l''échantillon donné par le client]],"-",liste_groupe[[#This Row],[Concentration]],liste_groupe[[#This Row],[Unité]],liste_groupe[[#This Row],[Dopage (+Testostérone / + EE2, ….)]]))) -> EE2-33,8ng/L | B9: Témoin | C9: 33.8 | D9: ng/L | E9: EE2
A10: =IF(ISBLANK(liste_groupe[[#This Row],[Code WF]])," ",IF(ISBLANK(liste_groupe[[#This Row],[Unité]]),CONCATENATE(liste_groupe[[#This Row],[Nom de l''échantillon donné par le client]],liste_groupe[[#This Row],[Dopage (+Testostérone / + EE2, ….)]]),CONCATENATE(liste_groupe[[#This Row],[Nom de l''échantillon donné par le client]],"-",liste_groupe[[#This Row],[Concentration]],liste_groupe[[#This Row],[Unité]],liste_groupe[[#This Row],[Dopage (+Testostérone / + EE2, ….)]]))) -> EE2-50,6ng/L | B10: Témoin | C10: 50.6 | D10: ng/L | E10: EE2
A11: =IF(ISBLANK(liste_groupe[[#This Row],[Code WF]])," ",IF(ISBLANK(liste_groupe[[#This Row],[Unité]]),CONCATENATE(liste_groupe[[#This Row],[Nom de l''échantillon donné par le client]],liste_groupe[[#This Row],[Dopage (+Testostérone / + EE2, ….)]]),CONCATENATE(liste_groupe[[#This Row],[Nom de l''échantillon donné par le client]],"-",liste_groupe[[#This Row],[Concentration]],liste_groupe[[#This Row],[Unité]],liste_groupe[[#This Row],[Dopage (+Testostérone / + EE2, ….)]]))) -> EE2-76ng/L | B11: Témoin | C11: 76 | D11: ng/L | E11: EE2
A12: =IF(ISBLANK(liste_groupe[[#This Row],[Code WF]])," ",IF(ISBLANK(liste_groupe[[#This Row],[Unité]]),CONCATENATE(liste_groupe[[#This Row],[Nom de l''échantillon donné par le client]],liste_groupe[[#This Row],[Dopage (+Testostérone / + EE2, ….)]]),CONCATENATE(liste_groupe[[#This Row],[Nom de l''échantillon donné par le client]],"-",liste_groupe[[#This Row],[Concentration]],liste_groupe[[#This Row],[Unité]],liste_groupe[[#This Row],[Dopage (+Testostérone / + EE2, ….)]]))) -> EE2-114ng/L | B12: Témoin | C12: 114 | D12: ng/L | E12: EE2
A13: =IF(ISBLANK(liste_groupe[[#This Row],[Code WF]])," ",IF(ISBLANK(liste_groupe[[#This Row],[Unité]]),CONCATENATE(liste_groupe[[#This Row],[Nom de l''échantillon donné par le client]],liste_groupe[[#This Row],[Dopage (+Testostérone / + EE2, ….)]]),CONCATENATE(liste_groupe[[#This Row],[Nom de l''échantillon donné par le client]],"-",liste_groupe[[#This Row],[Concentration]],liste_groupe[[#This Row],[Unité]],liste_groupe[[#This Row],[Dopage (+Testostérone / + EE2, ….)]]))) -> EE2-170,9ng/L | B13: Témoin | C13: 170.9 | D13: ng/L | E13: EE2
A14: =IF(ISBLANK(liste_groupe[[#This Row],[Code WF]])," ",IF(ISBLANK(liste_groupe[[#This Row],[Unité]]),CONCATENATE(liste_groupe[[#This Row],[Nom de l''échantillon donné par le client]],liste_groupe[[#This Row],[Dopage (+Testostérone / + EE2, ….)]]),CONCATENATE(liste_groupe[[#This Row],[Nom de l''échantillon donné par le client]],"-",liste_groupe[[#This Row],[Concentration]],liste_groupe[[#This Row],[Unité]],liste_groupe[[#This Row],[Dopage (+Testostérone / + EE2, ….)]]))) -> EE2-488ng/L | B14: Témoin | C14: 488 | D14: ng/L | E14: EE2
A15: =IF(ISBLANK(liste_groupe[[#This Row],[Code WF]])," ",IF(ISBLANK(liste_groupe[[#This Row],[Unité]]),CONCATENATE(liste_groupe[[#This Row],[Nom de l''échantillon donné par le client]],liste_groupe[[#This Row],[Dopage (+Testostérone / + EE2, ….)]]),CONCATENATE(liste_groupe[[#This Row],[Nom de l''échantillon donné par le client]],"-",liste_groupe[[#This Row],[Concentration]],liste_groupe[[#This Row],[Unité]],liste_groupe[[#This Row],[Dopage (+Testostérone / + EE2, ….)]])))
A16: =IF(ISBLANK(liste_groupe[[#This Row],[Code WF]])," ",IF(ISBLANK(liste_groupe[[#This Row],[Unité]]),CONCATENATE(liste_groupe[[#This Row],[Nom de l''échantillon donné par le client]],liste_groupe[[#This Row],[Dopage (+Testostérone / + EE2, ….)]]),CONCATENATE(liste_groupe[[#This Row],[Nom de l''échantillon donné par le client]],"-",liste_groupe[[#This Row],[Concentration]],liste_groupe[[#This Row],[Unité]],liste_groupe[[#This Row],[Dopage (+Testostérone / + EE2, ….)]])))
A17: =IF(ISBLANK(liste_groupe[[#This Row],[Code WF]])," ",IF(ISBLANK(liste_groupe[[#This Row],[Unité]]),CONCATENATE(liste_groupe[[#This Row],[Nom de l''échantillon donné par le client]],liste_groupe[[#This Row],[Dopage (+Testostérone / + EE2, ….)]]),CONCATENATE(liste_groupe[[#This Row],[Nom de l''échantillon donné par le client]],"-",liste_groupe[[#This Row],[Concentration]],liste_groupe[[#This Row],[Unité]],liste_groupe[[#This Row],[Dopage (+Testostérone / + EE2, ….)]])))
A18: =IF(ISBLANK(liste_groupe[[#This Row],[Code WF]])," ",IF(ISBLANK(liste_groupe[[#This Row],[Unité]]),CONCATENATE(liste_groupe[[#This Row],[Nom de l''échantillon donné par le client]],liste_groupe[[#This Row],[Dopage (+Testostérone / + EE2, ….)]]),CONCATENATE(liste_groupe[[#This Row],[Nom de l''échantillon donné par le client]],"-",liste_groupe[[#This Row],[Concentration]],liste_groupe[[#This Row],[Unité]],liste_groupe[[#This Row],[Dopage (+Testostérone / + EE2, ….)]])))
A19: =IF(ISBLANK(liste_groupe[[#This Row],[Code WF]])," ",IF(ISBLANK(liste_groupe[[#This Row],[Unité]]),CONCATENATE(liste_groupe[[#This Row],[Nom de l''échantillon donné par le client]],liste_groupe[[#This Row],[Dopage (+Testostérone / + EE2, ….)]]),CONCATENATE(liste_groupe[[#This Row],[Nom de l''échantillon donné par le client]],"-",liste_groupe[[#This Row],[Concentration]],liste_groupe[[#This Row],[Unité]],liste_groupe[[#This Row],[Dopage (+Testostérone / + EE2, ….)]])))
A20: =IF(ISBLANK(liste_groupe[[#This Row],[Code WF]])," ",IF(ISBLANK(liste_groupe[[#This Row],[Unité]]),CONCATENATE(liste_groupe[[#This Row],[Nom de l''échantillon donné par le client]],liste_groupe[[#This Row],[Dopage (+Testostérone / + EE2, ….)]]),CONCATENATE(liste_groupe[[#This Row],[Nom de l''échantillon donné par le client]],"-",liste_groupe[[#This Row],[Concentration]],liste_groupe[[#This Row],[Unité]],liste_groupe[[#This Row],[Dopage (+Testostérone / + EE2, ….)]])))
A21: =IF(ISBLANK(liste_groupe[[#This Row],[Code WF]])," ",IF(ISBLANK(liste_groupe[[#This Row],[Unité]]),CONCATENATE(liste_groupe[[#This Row],[Nom de l''échantillon donné par le client]],liste_groupe[[#This Row],[Dopage (+Testostérone / + EE2, ….)]]),CONCATENATE(liste_groupe[[#This Row],[Nom de l''échantillon donné par le client]],"-",liste_groupe[[#This Row],[Concentration]],liste_groupe[[#This Row],[Unité]],liste_groupe[[#This Row],[Dopage (+Testostérone / + EE2, ….)]])))
A22: =IF(ISBLANK(liste_groupe[[#This Row],[Code WF]])," ",IF(ISBLANK(liste_groupe[[#This Row],[Unité]]),CONCATENATE(liste_groupe[[#This Row],[Nom de l''échantillon donné par le client]],liste_groupe[[#This Row],[Dopage (+Testostérone / + EE2, ….)]]),CONCATENATE(liste_groupe[[#This Row],[Nom de l''échantillon donné par le client]],"-",liste_groupe[[#This Row],[Concentration]],liste_groupe[[#This Row],[Unité]],liste_groupe[[#This Row],[Dopage (+Testostérone / + EE2, ….)]])))
A23: =IF(ISBLANK(liste_groupe[[#This Row],[Code WF]])," ",IF(ISBLANK(liste_groupe[[#This Row],[Unité]]),CONCATENATE(liste_groupe[[#This Row],[Nom de l''échantillon donné par le client]],liste_groupe[[#This Row],[Dopage (+Testostérone / + EE2, ….)]]),CONCATENATE(liste_groupe[[#This Row],[Nom de l''échantillon donné par le client]],"-",liste_groupe[[#This Row],[Concentration]],liste_groupe[[#This Row],[Unité]],liste_groupe[[#This Row],[Dopage (+Testostérone / + EE2, ….)]])))
A24: =IF(ISBLANK(liste_groupe[[#This Row],[Code WF]])," ",IF(ISBLANK(liste_groupe[[#This Row],[Unité]]),CONCATENATE(liste_groupe[[#This Row],[Nom de l''échantillon donné par le client]],liste_groupe[[#This Row],[Dopage (+Testostérone / + EE2, ….)]]),CONCATENATE(liste_groupe[[#This Row],[Nom de l''échantillon donné par le client]],"-",liste_groupe[[#This Row],[Concentration]],liste_groupe[[#This Row],[Unité]],liste_groupe[[#This Row],[Dopage (+Testostérone / + EE2, ….)]])))
A25: =IF(ISBLANK(liste_groupe[[#This Row],[Code WF]])," ",IF(ISBLANK(liste_groupe[[#This Row],[Unité]]),CONCATENATE(liste_groupe[[#This Row],[Nom de l''échantillon donné par le client]],liste_groupe[[#This Row],[Dopage (+Testostérone / + EE2, ….)]]),CONCATENATE(liste_groupe[[#This Row],[Nom de l''échantillon donné par le client]],"-",liste_groupe[[#This Row],[Concentration]],liste_groupe[[#This Row],[Unité]],liste_groupe[[#This Row],[Dopage (+Testostérone / + EE2, ….)]])))
A26: =IF(ISBLANK(liste_groupe[[#This Row],[Code WF]])," ",IF(ISBLANK(liste_groupe[[#This Row],[Unité]]),CONCATENATE(liste_groupe[[#This Row],[Nom de l''échantillon donné par le client]],liste_groupe[[#This Row],[Dopage (+Testostérone / + EE2, ….)]]),CONCATENATE(liste_groupe[[#This Row],[Nom de l''échantillon donné par le client]],"-",liste_groupe[[#This Row],[Concentration]],liste_groupe[[#This Row],[Unité]],liste_groupe[[#This Row],[Dopage (+Testostérone / + EE2, ….)]])))
... A35: =IF(ISBLANK(liste_groupe[[#This Row],[Code WF]])," ",IF(ISBLANK(liste_groupe[[#This Row],[Unité]]),CONCATENATE(liste_groupe[[#This Row],[Nom de l''échantillon donné par le client]],liste_groupe[[#This Row],[Dopage (+Testostérone / + EE2, ….)]]),CONCATENATE(liste_groupe[[#This Row],[Nom de l''échantillon donné par le client]],"-",liste_groupe[[#This Row],[Concentration]],liste_groupe[[#This Row],[Unité]],liste_groupe[[#This Row],[Dopage (+Testostérone / + EE2, ….)]])))
A36: =IF(ISBLANK(liste_groupe[[#This Row],[Code WF]])," ",IF(ISBLANK(liste_groupe[[#This Row],[Unité]]),CONCATENATE(liste_groupe[[#This Row],[Nom de l''échantillon donné par le client]],liste_groupe[[#This Row],[Dopage (+Testostérone / + EE2, ….)]]),CONCATENATE(liste_groupe[[#This Row],[Nom de l''échantillon donné par le client]],"-",liste_groupe[[#This Row],[Concentration]],liste_groupe[[#This Row],[Unité]],liste_groupe[[#This Row],[Dopage (+Testostérone / + EE2, ….)]]))) -> Testo -30µg/L | B36: Témoin | C36: 30 | D36: µg/L | E36: Testo
A37: =IF(ISBLANK(liste_groupe[[#This Row],[Code WF]])," ",IF(ISBLANK(liste_groupe[[#This Row],[Unité]]),CONCATENATE(liste_groupe[[#This Row],[Nom de l''échantillon donné par le client]],liste_groupe[[#This Row],[Dopage (+Testostérone / + EE2, ….)]]),CONCATENATE(liste_groupe[[#This Row],[Nom de l''échantillon donné par le client]],"-",liste_groupe[[#This Row],[Concentration]],liste_groupe[[#This Row],[Unité]],liste_groupe[[#This Row],[Dopage (+Testostérone / + EE2, ….)]]))) -> Testo 30µg/L + EE2 -64ng/L | B37: Témoin | C37: 64 | D37: ng/L | E37: Testo 30µg/L + EE2
A38: =IF(ISBLANK(liste_groupe[[#This Row],[Code WF]])," ",IF(ISBLANK(liste_groupe[[#This Row],[Unité]]),CONCATENATE(liste_groupe[[#This Row],[Nom de l''échantillon donné par le client]],liste_groupe[[#This Row],[Dopage (+Testostérone / + EE2, ….)]]),CONCATENATE(liste_groupe[[#This Row],[Nom de l''échantillon donné par le client]],"-",liste_groupe[[#This Row],[Concentration]],liste_groupe[[#This Row],[Unité]],liste_groupe[[#This Row],[Dopage (+Testostérone / + EE2, ….)]]))) -> Testo 30µg/L + FAD-10mg/L | B38: Témoin | C38: 10 | D38: mg/L | E38: Testo 30µg/L + FAD
A39: =IF(ISBLANK(liste_groupe[[#This Row],[Code WF]])," ",IF(ISBLANK(liste_groupe[[#This Row],[Unité]]),CONCATENATE(liste_groupe[[#This Row],[Nom de l''échantillon donné par le client]],liste_groupe[[#This Row],[Dopage (+Testostérone / + EE2, ….)]]),CONCATENATE(liste_groupe[[#This Row],[Nom de l''échantillon donné par le client]],"-",liste_groupe[[#This Row],[Concentration]],liste_groupe[[#This Row],[Unité]],liste_groupe[[#This Row],[Dopage (+Testostérone / + EE2, ….)]]))) -> 0-00 + Testostérone | B39: =B15 -> 0 | C39: =C15 -> 0 | D39: =D15 -> 0 | E39: =E15 -> 0 | F39: + Testostérone
A40: =IF(ISBLANK(liste_groupe[[#This Row],[Code WF]])," ",IF(ISBLANK(liste_groupe[[#This Row],[Unité]]),CONCATENATE(liste_groupe[[#This Row],[Nom de l''échantillon donné par le client]],liste_groupe[[#This Row],[Dopage (+Testostérone / + EE2, ….)]]),CONCATENATE(liste_groupe[[#This Row],[Nom de l''échantillon donné par le client]],"-",liste_groupe[[#This Row],[Concentration]],liste_groupe[[#This Row],[Unité]],liste_groupe[[#This Row],[Dopage (+Testostérone / + EE2, ….)]]))) -> 0-00 + Testostérone | B40: =B16 -> 0 | C40: =C16 -> 0 | D40: =D16 -> 0 | E40: =E16 -> 0 | F40: + Testostérone
A41: =IF(ISBLANK(liste_groupe[[#This Row],[Code WF]])," ",IF(ISBLANK(liste_groupe[[#This Row],[Unité]]),CONCATENATE(liste_groupe[[#This Row],[Nom de l''échantillon donné par le client]],liste_groupe[[#This Row],[Dopage (+Testostérone / + EE2, ….)]]),CONCATENATE(liste_groupe[[#This Row],[Nom de l''échantillon donné par le client]],"-",liste_groupe[[#This Row],[Concentration]],liste_groupe[[#This Row],[Unité]],liste_groupe[[#This Row],[Dopage (+Testostérone / + EE2, ….)]]))) -> 0-00 + Testostérone | B41: =B17 -> 0 | C41: =C17 -> 0 | D41: =D17 -> 0 | E41: =E17 -> 0 | F41: + Testostérone
A42: =IF(ISBLANK(liste_groupe[[#This Row],[Code WF]])," ",IF(ISBLANK(liste_groupe[[#This Row],[Unité]]),CONCATENATE(liste_groupe[[#This Row],[Nom de l''échantillon donné par le client]],liste_groupe[[#This Row],[Dopage (+Testostérone / + EE2, ….)]]),CONCATENATE(liste_groupe[[#This Row],[Nom de l''échantillon donné par le client]],"-",liste_groupe[[#This Row],[Concentration]],liste_groupe[[#This Row],[Unité]],liste_groupe[[#This Row],[Dopage (+Testostérone / + EE2, ….)]]))) -> 0-00 + Testostérone | B42: =B18 -> 0 | C42: =C18 -> 0 | D42: =D18 -> 0 | E42: =E18 -> 0 | F42: + Testostérone
A43: =IF(ISBLANK(liste_groupe[[#This Row],[Code WF]])," ",IF(ISBLANK(liste_groupe[[#This Row],[Unité]]),CONCATENATE(liste_groupe[[#This Row],[Nom de l''échantillon donné par le client]],liste_groupe[[#This Row],[Dopage (+Testostérone / + EE2, ….)]]),CONCATENATE(liste_groupe[[#This Row],[Nom de l''échantillon donné par le client]],"-",liste_groupe[[#This Row],[Concentration]],liste_groupe[[#This Row],[Unité]],liste_groupe[[#This Row],[Dopage (+Testostérone / + EE2, ….)]]))) -> 0-00 + Testostérone | B43: =B19 -> 0 | C43: =C19 -> 0 | D43: =D19 -> 0 | E43: =E19 -> 0 | F43: + Testostérone
A44: =IF(ISBLANK(liste_groupe[[#This Row],[Code WF]])," ",IF(ISBLANK(liste_groupe[[#This Row],[Unité]]),CONCATENATE(liste_groupe[[#This Row],[Nom de l''échantillon donné par le client]],liste_groupe[[#This Row],[Dopage (+Testostérone / + EE2, ….)]]),CONCATENATE(liste_groupe[[#This Row],[Nom de l''échantillon donné par le client]],"-",liste_groupe[[#This Row],[Concentration]],liste_groupe[[#This Row],[Unité]],liste_groupe[[#This Row],[Dopage (+Testostérone / + EE2, ….)]]))) -> 0-00 + Testostérone | B44: =B20 -> 0 | C44: =C20 -> 0 | D44: =D20 -> 0 | E44: =E20 -> 0 | F44: + Testostérone
A45: =IF(ISBLANK(liste_groupe[[#This Row],[Code WF]])," ",IF(ISBLANK(liste_groupe[[#This Row],[Unité]]),CONCATENATE(liste_groupe[[#This Row],[Nom de l''échantillon donné par le client]],liste_groupe[[#This Row],[Dopage (+Testostérone / + EE2, ….)]]),CONCATENATE(liste_groupe[[#This Row],[Nom de l''échantillon donné par le client]],"-",liste_groupe[[#This Row],[Concentration]],liste_groupe[[#This Row],[Unité]],liste_groupe[[#This Row],[Dopage (+Testostérone / + EE2, ….)]]))) -> 0-00 + Testostérone | B45: =B21 -> 0 | C45: =C21 -> 0 | D45: =D21 -> 0 | E45: =E21 -> 0 | F45: + Testostérone
A46: =IF(ISBLANK(liste_groupe[[#This Row],[Code WF]])," ",IF(ISBLANK(liste_groupe[[#This Row],[Unité]]),CONCATENATE(liste_groupe[[#This Row],[Nom de l''échantillon donné par le client]],liste_groupe[[#This Row],[Dopage (+Testostérone / + EE2, ….)]]),CONCATENATE(liste_groupe[[#This Row],[Nom de l''échantillon donné par le client]],"-",liste_groupe[[#This Row],[Concentration]],liste_groupe[[#This Row],[Unité]],liste_groupe[[#This Row],[Dopage (+Testostérone / + EE2, ….)]]))) -> 0-00 + Testostérone | B46: =B22 -> 0 | C46: =C22 -> 0 | D46: =D22 -> 0 | E46: =E22 -> 0 | F46: + Testostérone
A47: =IF(ISBLANK(liste_groupe[[#This Row],[Code WF]])," ",IF(ISBLANK(liste_groupe[[#This Row],[Unité]]),CONCATENATE(liste_groupe[[#This Row],[Nom de l''échantillon donné par le client]],liste_groupe[[#This Row],[Dopage (+Testostérone / + EE2, ….)]]),CONCATENATE(liste_groupe[[#This Row],[Nom de l''échantillon donné par le client]],"-",liste_groupe[[#This Row],[Concentration]],liste_groupe[[#This Row],[Unité]],liste_groupe[[#This Row],[Dopage (+Testostérone / + EE2, ….)]]))) -> 0-00 + Testostérone | B47: =B23 -> 0 | C47: =C23 -> 0 | D47: =D23 -> 0 | E47: =E23 -> 0 | F47: + Testostérone
A48: =IF(ISBLANK(liste_groupe[[#This Row],[Code WF]])," ",IF(ISBLANK(liste_groupe[[#This Row],[Unité]]),CONCATENATE(liste_groupe[[#This Row],[Nom de l''échantillon donné par le client]],liste_groupe[[#This Row],[Dopage (+Testostérone / + EE2, ….)]]),CONCATENATE(liste_groupe[[#This Row],[Nom de l''échantillon donné par le client]],"-",liste_groupe[[#This Row],[Concentration]],liste_groupe[[#This Row],[Unité]],liste_groupe[[#This Row],[Dopage (+Testostérone / + EE2, ….)]]))) -> 0-00 + Testostérone | B48: =B24 -> 0 | C48: =C24 -> 0 | D48: =D24 -> 0 | E48: =E24 -> 0 | F48: + Testostérone
A49: =IF(ISBLANK(liste_groupe[[#This Row],[Code WF]])," ",IF(ISBLANK(liste_groupe[[#This Row],[Unité]]),CONCATENATE(liste_groupe[[#This Row],[Nom de l''échantillon donné par le client]],liste_groupe[[#This Row],[Dopage (+Testostérone / + EE2, ….)]]),CONCATENATE(liste_groupe[[#This Row],[Nom de l''échantillon donné par le client]],"-",liste_groupe[[#This Row],[Concentration]],liste_groupe[[#This Row],[Unité]],liste_groupe[[#This Row],[Dopage (+Testostérone / + EE2, ….)]]))) -> 0-00 + Testostérone | B49: =B25 -> 0 | C49: =C25 -> 0 | D49: =D25 -> 0 | E49: =E25 -> 0 | F49: + Testostérone
A50: =IF(ISBLANK(liste_groupe[[#This Row],[Code WF]])," ",IF(ISBLANK(liste_groupe[[#This Row],[Unité]]),CONCATENATE(liste_groupe[[#This Row],[Nom de l''échantillon donné par le client]],liste_groupe[[#This Row],[Dopage (+Testostérone / + EE2, ….)]]),CONCATENATE(liste_groupe[[#This Row],[Nom de l''échantillon donné par le client]],"-",liste_groupe[[#This Row],[Concentration]],liste_groupe[[#This Row],[Unité]],liste_groupe[[#This Row],[Dopage (+Testostérone / + EE2, ….)]]))) -> 0-00 + Testostérone | B50: =B26 -> 0 | C50: =C26 -> 0 | D50: =D26 -> 0 | E50: =E26 -> 0 | F50: + Testostérone
... A58: =IF(ISBLANK(liste_groupe[[#This Row],[Code WF]])," ",IF(ISBLANK(liste_groupe[[#This Row],[Unité]]),CONCATENATE(liste_groupe[[#This Row],[Nom de l''échantillon donné par le client]],liste_groupe[[#This Row],[Dopage (+Testostérone / + EE2, ….)]]),CONCATENATE(liste_groupe[[#This Row],[Nom de l''échantillon donné par le client]],"-",liste_groupe[[#This Row],[Concentration]],liste_groupe[[#This Row],[Unité]],liste_groupe[[#This Row],[Dopage (+Testostérone / + EE2, ….)]]))) -> 0-00 + Testostérone | B58: =B34 -> 0 | C58: =C34 -> 0 | D58: =D34 -> 0 | E58: =E34 -> 0 | F58: + Testostérone

Sheet Feuil1
A1: Nom groupe | B1: N° de valeur | C1: file name | D1: total area | E1: mean intensity | G1: total fluorescence | I1: nbre de larves
A2: 01 EE2 0 | B2: A | C2: C:\Users\Olympus\Desktop\20190122\plaque1/@01 EE2 0/A1_1.tif | D2: 4931.616 | E2: 73.0526 | G2: 360268
A3: 01 EE2 0 | B3: A | C3: C:\Users\Olympus\Desktop\20190122\plaque1/@01 EE2 0/A1_2.tif | D3: 5234.4345 | E3: 71.1281 | G3: 372315
A4: 01 EE2 0 | B4: A | C4: C:\Users\Olympus\Desktop\20190122\plaque1/@01 EE2 0/A1_3.tif | D4: 3547.3027 | E4: 66.9878 | G4: 237626
A5: 01 EE2 0 | B5: A | C5: C:\Users\Olympus\Desktop\20190122\plaque3/@01 EE2 0/A1_3.tif | D5: 21456.8555 | E5: 67.0655 | G5: 1439015
A6: 01 EE2 0 | B6: A | C6: C:\Users\Olympus\Desktop\20190122\plaque3/@01 EE2 0/A1_2.tif | D6: 21586.6348 | E6: 66.4108 | G6: 1433586
A7: 01 EE2 0 | B7: A | C7: C:\Users\Olympus\Desktop\20190122\plaque3/@01 EE2 0/A1_1.tif | D7: 15984.4921 | E7: 69.7767 | G7: 1115346

Sheet Feuil2
A1: Nom groupe | B1: N° de valeur | C1: file name | D1: total area | E1: mean intensity | G1: total fluorescence | I1: nbre de larves
B2: #VALUE!
B3: #VALUE!
B4: #VALUE!
B5: #VALUE!
B6: #VALUE!
B7: #VALUE!
B8: #VALUE!
B9: #VALUE!
B10: #VALUE!
B11: #VALUE!
B12: #VALUE!
B13: #VALUE!
... B1557: #VALUE!

Sheet Raw data R1
A1: Nom groupe | B1: N° de valeur | C1: file name | D1: total area | E1: mean intensity | G1: total fluorescence | I1: nbre de larves | J1: Colonne1 | L1: (Tous)
A2: =IFERROR(LEFT(RIGHT(C2,LEN(C2)-SEARCH("@",C2)),SEARCH("/",RIGHT(C2,LEN(C2)-SEARCH("@",C2)-1))),"") | B2: =LEFT(RIGHT(RIGHT(Tableau4[[#This Row],[file name]],LEN(Tableau4[[#This Row],[file name]])-SEARCH("@",Tableau4[[#This Row],[file name]])),LEN(RIGHT(Tableau4[[#This Row],[file name]],LEN(Tableau4[[#This Row],[file name]])-SEARCH("@",Tableau4[[#This Row],[file name]])))-SEARCH("/",RIGHT(Tableau4[[#This Row],[file name]],LEN(Tableau4[[#This Row],[file name]])-SEARCH("@",Tableau4[[#This Row],[file name]])))),1) -> #VALUE! | C2: file name | D2: total area | E2: mean intensity | G2: total fluorescence | K2: Filtre lignes : Enlever (vide) et Néant | L2: Filtre colonnes : Enlever (vide) et " "
A3: =IFERROR(LEFT(RIGHT(C3,LEN(C3)-SEARCH("@",C3)),SEARCH("/",RIGHT(C3,LEN(C3)-SEARCH("@",C3)-1))),"") -> 1 | B3: =LEFT(RIGHT(RIGHT(Tableau4[[#This Row],[file name]],LEN(Tableau4[[#This Row],[file name]])-SEARCH("@",Tableau4[[#This Row],[file name]])),LEN(RIGHT(Tableau4[[#This Row],[file name]],LEN(Tableau4[[#This Row],[file name]])-SEARCH("@",Tableau4[[#This Row],[file name]])))-SEARCH("/",RIGHT(Tableau4[[#This Row],[file name]],LEN(Tableau4[[#This Row],[file name]])-SEARCH("@",Tableau4[[#This Row],[file name]])))),1) -> 2 | C3: C:\Users\cbarrier\Desktop\Calibration\20201110_Cefas_Test3_Run1/@1/20201110_Cefas_Test3_Run1/@1/A10- exclu.tif | K3: Moyenne de total fluorescence | L3: Étiquettes de colonnes
A4: =IFERROR(LEFT(RIGHT(C4,LEN(C4)-SEARCH("@",C4)),SEARCH("/",RIGHT(C4,LEN(C4)-SEARCH("@",C4)-1))),"") -> 1 | B4: =LEFT(RIGHT(RIGHT(Tableau4[[#This Row],[file name]],LEN(Tableau4[[#This Row],[file name]])-SEARCH("@",Tableau4[[#This Row],[file name]])),LEN(RIGHT(Tableau4[[#This Row],[file name]],LEN(Tableau4[[#This Row],[file name]])-SEARCH("@",Tableau4[[#This Row],[file name]])))-SEARCH("/",RIGHT(Tableau4[[#This Row],[file name]],LEN(Tableau4[[#This Row],[file name]])-SEARCH("@",Tableau4[[#This Row],[file name]])))),1) -> 2 | C4: C:\Users\cbarrier\Desktop\Calibration\20201110_Cefas_Test3_Run1/@1/20201110_Cefas_Test3_Run1/@1/B10.tif | D4: 116 | E4: 36.2845 | G4: 4209 | K4: Étiquettes de lignes | M4: 1 | N4: 13 | O4: 14 | P4: 15 | Q4: 16 | R4: 2 | S4: 3 | T4: 4 | U4: 5 | V4: 6 | W4: 7
A5: =IFERROR(LEFT(RIGHT(C5,LEN(C5)-SEARCH("@",C5)),SEARCH("/",RIGHT(C5,LEN(C5)-SEARCH("@",C5)-1))),"") -> 1 | B5: =LEFT(RIGHT(RIGHT(Tableau4[[#This Row],[file name]],LEN(Tableau4[[#This Row],[file name]])-SEARCH("@",Tableau4[[#This Row],[file name]])),LEN(RIGHT(Tableau4[[#This Row],[file name]],LEN(Tableau4[[#This Row],[file name]])-SEARCH("@",Tableau4[[#This Row],[file name]])))-SEARCH("/",RIGHT(Tableau4[[#This Row],[file name]],LEN(Tableau4[[#This Row],[file name]])-SEARCH("@",Tableau4[[#This Row],[file name]])))),1) -> 2 | C5: C:\Users\cbarrier\Desktop\Calibration\20201110_Cefas_Test3_Run1/@1/20201110_Cefas_Test3_Run1/@1/C10.tif | D5: 97 | E5: 34.866 | G5: 3382 | M5: 7558 | N5: #DIV/0! | O5: #DIV/0! | P5: #DIV/0! | Q5: 7586 | R5: #DIV/0! | S5: 7898 | T5: #DIV/0! | U5: #DIV/0! | V5: #DIV/0! | W5: #DIV/0!
A6: =IFERROR(LEFT(RIGHT(C6,LEN(C6)-SEARCH("@",C6)),SEARCH("/",RIGHT(C6,LEN(C6)-SEARCH("@",C6)-1))),"") -> 1 | B6: =LEFT(RIGHT(RIGHT(Tableau4[[#This Row],[file name]],LEN(Tableau4[[#This Row],[file name]])-SEARCH("@",Tableau4[[#This Row],[file name]])),LEN(RIGHT(Tableau4[[#This Row],[file name]],LEN(Tableau4[[#This Row],[file name]])-SEARCH("@",Tableau4[[#This Row],[file name]])))-SEARCH("/",RIGHT(Tableau4[[#This Row],[file name]],LEN(Tableau4[[#This Row],[file name]])-SEARCH("@",Tableau4[[#This Row],[file name]])))),1) -> 2 | C6: C:\Users\cbarrier\Desktop\Calibration\20201110_Cefas_Test3_Run1/@1/20201110_Cefas_Test3_Run1/@1/D10.tif | D6: 52 | E6: 35.9808 | G6: 1871 | K6: 2 | M6: 3119.1429 | N6: 85677.125 | O6: 72230.714 | P6: 171402.71 | Q6: 4461.1667 | R6: 10853.875 | S6: 9026.2857 | T6: 12785.625 | U6: 40793.714 | V6: 76725.625 | W6: 163917.86
A7: =IFERROR(LEFT(RIGHT(C7,LEN(C7)-SEARCH("@",C7)),SEARCH("/",RIGHT(C7,LEN(C7)-SEARCH("@",C7)-1))),"") -> 1 | B7: =LEFT(RIGHT(RIGHT(Tableau4[[#This Row],[file name]],LEN(Tableau4[[#This Row],[file name]])-SEARCH("@",Tableau4[[#This Row],[file name]])),LEN(RIGHT(Tableau4[[#This Row],[file name]],LEN(Tableau4[[#This Row],[file name]])-SEARCH("@",Tableau4[[#This Row],[file name]])))-SEARCH("/",RIGHT(Tableau4[[#This Row],[file name]],LEN(Tableau4[[#This Row],[file name]])-SEARCH("@",Tableau4[[#This Row],[file name]])))),1) -> 2 | C7: C:\Users\cbarrier\Desktop\Calibration\20201110_Cefas_Test3_Run1/@1/20201110_Cefas_Test3_Run1/@1/E10.tif | D7: 10 | E7: 31.1 | G7: 311 | K7: #VALEUR! | L7: #DIV/0!
A8: =IFERROR(LEFT(RIGHT(C8,LEN(C8)-SEARCH("@",C8)),SEARCH("/",RIGHT(C8,LEN(C8)-SEARCH("@",C8)-1))),"") -> 1 | B8: =LEFT(RIGHT(RIGHT(Tableau4[[#This Row],[file name]],LEN(Tableau4[[#This Row],[file name]])-SEARCH("@",Tableau4[[#This Row],[file name]])),LEN(RIGHT(Tableau4[[#This Row],[file name]],LEN(Tableau4[[#This Row],[file name]])-SEARCH("@",Tableau4[[#This Row],[file name]])))-SEARCH("/",RIGHT(Tableau4[[#This Row],[file name]],LEN(Tableau4[[#This Row],[file name]])-SEARCH("@",Tableau4[[#This Row],[file name]])))),1) -> 2 | C8: C:\Users\cbarrier\Desktop\Calibration\20201110_Cefas_Test3_Run1/@1/20201110_Cefas_Test3_Run1/@1/F10.tif | D8: 156 | E8: 34.0192 | G8: 5307
A9: =IFERROR(LEFT(RIGHT(C9,LEN(C9)-SEARCH("@",C9)),SEARCH("/",RIGHT(C9,LEN(C9)-SEARCH("@",C9)-1))),"") -> 1 | B9: =LEFT(RIGHT(RIGHT(Tableau4[[#This Row],[file name]],LEN(Tableau4[[#This Row],[file name]])-SEARCH("@",Tableau4[[#This Row],[file name]])),LEN(RIGHT(Tableau4[[#This Row],[file name]],LEN(Tableau4[[#This Row],[file name]])-SEARCH("@",Tableau4[[#This Row],[file name]])))-SEARCH("/",RIGHT(Tableau4[[#This Row],[file name]],LEN(Tableau4[[#This Row],[file name]])-SEARCH("@",Tableau4[[#This Row],[file name]])))),1) -> 2 | C9: C:\Users\cbarrier\Desktop\Calibration\20201110_Cefas_Test3_Run1/@1/20201110_Cefas_Test3_Run1/@1/G10.tif | D9: 102 | E9: 34.8137 | G9: 3551
A10: =IFERROR(LEFT(RIGHT(C10,LEN(C10)-SEARCH("@",C10)),SEARCH("/",RIGHT(C10,LEN(C10)-SEARCH("@",C10)-1))),"") -> 1 | B10: =LEFT(RIGHT(RIGHT(Tableau4[[#This Row],[file name]],LEN(Tableau4[[#This Row],[file name]])-SEARCH("@",Tableau4[[#This Row],[file name]])),LEN(RIGHT(Tableau4[[#This Row],[file name]],LEN(Tableau4[[#This Row],[file name]])-SEARCH("@",Tableau4[[#This Row],[file name]])))-SEARCH("/",RIGHT(Tableau4[[#This Row],[file name]],LEN(Tableau4[[#This Row],[file name]])-SEARCH("@",Tableau4[[#This Row],[file name]])))),1) -> 2 | C10: C:\Users\cbarrier\Desktop\Calibration\20201110_Cefas_Test3_Run1/@1/20201110_Cefas_Test3_Run1/@1/H10.tif | D10: 88 | E10: 36.3977 | G10: 3203
A11: =IFERROR(LEFT(RIGHT(C11,LEN(C11)-SEARCH("@",C11)),SEARCH("/",RIGHT(C11,LEN(C11)-SEARCH("@",C11)-1))),"") | B11: =LEFT(RIGHT(RIGHT(Tableau4[[#This Row],[file name]],LEN(Tableau4[[#This Row],[file name]])-SEARCH("@",Tableau4[[#This Row],[file name]])),LEN(RIGHT(Tableau4[[#This Row],[file name]],LEN(Tableau4[[#This Row],[file name]])-SEARCH("@",Tableau4[[#This Row],[file name]])))-SEARCH("/",RIGHT(Tableau4[[#This Row],[file name]],LEN(Tableau4[[#This Row],[file name]])-SEARCH("@",Tableau4[[#This Row],[file name]])))),1) -> #VALUE!
A12: =IFERROR(LEFT(RIGHT(C12,LEN(C12)-SEARCH("@",C12)),SEARCH("/",RIGHT(C12,LEN(C12)-SEARCH("@",C12)-1))),"") | B12: =LEFT(RIGHT(RIGHT(Tableau4[[#This Row],[file name]],LEN(Tableau4[[#This Row],[file name]])-SEARCH("@",Tableau4[[#This Row],[file name]])),LEN(RIGHT(Tableau4[[#This Row],[file name]],LEN(Tableau4[[#This Row],[file name]])-SEARCH("@",Tableau4[[#This Row],[file name]])))-SEARCH("/",RIGHT(Tableau4[[#This Row],[file name]],LEN(Tableau4[[#This Row],[file name]])-SEARCH("@",Tableau4[[#This Row],[file name]])))),1) -> #VALUE! | C12: group | E12: mean of mean fluo | F12: SD mean fluo | G12: mean of total fluo | H12: SD total fluo | I12: n fluorescent | J12: n total
A13: =IFERROR(LEFT(RIGHT(C13,LEN(C13)-SEARCH("@",C13)),SEARCH("/",RIGHT(C13,LEN(C13)-SEARCH("@",C13)-1))),"") -> 1 | B13: =LEFT(RIGHT(RIGHT(Tableau4[[#This Row],[file name]],LEN(Tableau4[[#This Row],[file name]])-SEARCH("@",Tableau4[[#This Row],[file name]])),LEN(RIGHT(Tableau4[[#This Row],[file name]],LEN(Tableau4[[#This Row],[file name]])-SEARCH("@",Tableau4[[#This Row],[file name]])))-SEARCH("/",RIGHT(Tableau4[[#This Row],[file name]],LEN(Tableau4[[#This Row],[file name]])-SEARCH("@",Tableau4[[#This Row],[file name]])))),1) | C13: C:\Users\cbarrier\Desktop\Calibration\20201110_Cefas_Test3_Run1/@1/ | E13: 37.6506 | F13: 8.2965 | G13: 7558 | H13: 12643.8806 | I13: 8 | J13: 8
A14: =IFERROR(LEFT(RIGHT(C14,LEN(C14)-SEARCH("@",C14)),SEARCH("/",RIGHT(C14,LEN(C14)-SEARCH("@",C14)-1))),"") | B14: =LEFT(RIGHT(RIGHT(Tableau4[[#This Row],[file name]],LEN(Tableau4[[#This Row],[file name]])-SEARCH("@",Tableau4[[#This Row],[file name]])),LEN(RIGHT(Tableau4[[#This Row],[file name]],LEN(Tableau4[[#This Row],[file name]])-SEARCH("@",Tableau4[[#This Row],[file name]])))-SEARCH("/",RIGHT(Tableau4[[#This Row],[file name]],LEN(Tableau4[[#This Row],[file name]])-SEARCH("@",Tableau4[[#This Row],[file name]])))),1) -> #VALUE!
A15: =IFERROR(LEFT(RIGHT(C15,LEN(C15)-SEARCH("@",C15)),SEARCH("/",RIGHT(C15,LEN(C15)-SEARCH("@",C15)-1))),"") | B15: =LEFT(RIGHT(RIGHT(Tableau4[[#This Row],[file name]],LEN(Tableau4[[#This Row],[file name]])-SEARCH("@",Tableau4[[#This Row],[file name]])),LEN(RIGHT(Tableau4[[#This Row],[file name]],LEN(Tableau4[[#This Row],[file name]])-SEARCH("@",Tableau4[[#This Row],[file name]])))-SEARCH("/",RIGHT(Tableau4[[#This Row],[file name]],LEN(Tableau4[[#This Row],[file name]])-SEARCH("@",Tableau4[[#This Row],[file name]])))),1) -> #VALUE!
A16: =IFERROR(LEFT(RIGHT(C16,LEN(C16)-SEARCH("@",C16)),SEARCH("/",RIGHT(C16,LEN(C16)-SEARCH("@",C16)-1))),"") | B16: =LEFT(RIGHT(RIGHT(Tableau4[[#This Row],[file name]],LEN(Tableau4[[#This Row],[file name]])-SEARCH("@",Tableau4[[#This Row],[file name]])),LEN(RIGHT(Tableau4[[#This Row],[file name]],LEN(Tableau4[[#This Row],[file name]])-SEARCH("@",Tableau4[[#This Row],[file name]])))-SEARCH("/",RIGHT(Tableau4[[#This Row],[file name]],LEN(Tableau4[[#This Row],[file name]])-SEARCH("@",Tableau4[[#This Row],[file name]])))),1) -> #VALUE!
A17: =IFERROR(LEFT(RIGHT(C17,LEN(C17)-SEARCH("@",C17)),SEARCH("/",RIGHT(C17,LEN(C17)-SEARCH("@",C17)-1))),"") | B17: =LEFT(RIGHT(RIGHT(Tableau4[[#This Row],[file name]],LEN(Tableau4[[#This Row],[file name]])-SEARCH("@",Tableau4[[#This Row],[file name]])),LEN(RIGHT(Tableau4[[#This Row],[file name]],LEN(Tableau4[[#This Row],[file name]])-SEARCH("@",Tableau4[[#This Row],[file name]])))-SEARCH("/",RIGHT(Tableau4[[#This Row],[file name]],LEN(Tableau4[[#This Row],[file name]])-SEARCH("@",Tableau4[[#This Row],[file name]])))),1) -> #VALUE!
A18: =IFERROR(LEFT(RIGHT(C18,LEN(C18)-SEARCH("@",C18)),SEARCH("/",RIGHT(C18,LEN(C18)-SEARCH("@",C18)-1))),"") | B18: =LEFT(RIGHT(RIGHT(Tableau4[[#This Row],[file name]],LEN(Tableau4[[#This Row],[file name]])-SEARCH("@",Tableau4[[#This Row],[file name]])),LEN(RIGHT(Tableau4[[#This Row],[file name]],LEN(Tableau4[[#This Row],[file name]])-SEARCH("@",Tableau4[[#This Row],[file name]])))-SEARCH("/",RIGHT(Tableau4[[#This Row],[file name]],LEN(Tableau4[[#This Row],[file name]])-SEARCH("@",Tableau4[[#This Row],[file name]])))),1) -> #VALUE!
A19: =IFERROR(LEFT(RIGHT(C19,LEN(C19)-SEARCH("@",C19)),SEARCH("/",RIGHT(C19,LEN(C19)-SEARCH("@",C19)-1))),"") | B19: =LEFT(RIGHT(RIGHT(Tableau4[[#This Row],[file name]],LEN(Tableau4[[#This Row],[file name]])-SEARCH("@",Tableau4[[#This Row],[file name]])),LEN(RIGHT(Tableau4[[#This Row],[file name]],LEN(Tableau4[[#This Row],[file name]])-SEARCH("@",Tableau4[[#This Row],[file name]])))-SEARCH("/",RIGHT(Tableau4[[#This Row],[file name]],LEN(Tableau4[[#This Row],[file name]])-SEARCH("@",Tableau4[[#This Row],[file name]])))),1) -> #VALUE! | C19: file name | D19: total area | E19: mean intensity | G19: total fluorescence
A20: =IFERROR(LEFT(RIGHT(C20,LEN(C20)-SEARCH("@",C20)),SEARCH("/",RIGHT(C20,LEN(C20)-SEARCH("@",C20)-1))),"") -> 13 | B20: =LEFT(RIGHT(RIGHT(Tableau4[[#This Row],[file name]],LEN(Tableau4[[#This Row],[file name]])-SEARCH("@",Tableau4[[#This Row],[file name]])),LEN(RIGHT(Tableau4[[#This Row],[file name]],LEN(Tableau4[[#This Row],[file name]])-SEARCH("@",Tableau4[[#This Row],[file name]])))-SEARCH("/",RIGHT(Tableau4[[#This Row],[file name]],LEN(Tableau4[[#This Row],[file name]])-SEARCH("@",Tableau4[[#This Row],[file name]])))),1) -> 2 | C20: C:\Users\cbarrier\Desktop\Calibration\20201110_Cefas_Test3_Run1/@13/20201110_Cefas_Test3_Run1/@13/A8.tif | D20: 2254 | E20: 40.7675 | G20: 91890
A21: =IFERROR(LEFT(RIGHT(C21,LEN(C21)-SEARCH("@",C21)),SEARCH("/",RIGHT(C21,LEN(C21)-SEARCH("@",C21)-1))),"") -> 13 | B21: =LEFT(RIGHT(RIGHT(Tableau4[[#This Row],[file name]],LEN(Tableau4[[#This Row],[file name]])-SEARCH("@",Tableau4[[#This Row],[file name]])),LEN(RIGHT(Tableau4[[#This Row],[file name]],LEN(Tableau4[[#This Row],[file name]])-SEARCH("@",Tableau4[[#This Row],[file name]])))-SEARCH("/",RIGHT(Tableau4[[#This Row],[file name]],LEN(Tableau4[[#This Row],[file name]])-SEARCH("@",Tableau4[[#This Row],[file name]])))),1) -> 2 | C21: C:\Users\cbarrier\Desktop\Calibration\20201110_Cefas_Test3_Run1/@13/20201110_Cefas_Test3_Run1/@13/B8.tif | D21: 455 | E21: 34.4396 | G21: 15670
A22: =IFERROR(LEFT(RIGHT(C22,LEN(C22)-SEARCH("@",C22)),SEARCH("/",RIGHT(C22,LEN(C22)-SEARCH("@",C22)-1))),"") -> 13 | B22: =LEFT(RIGHT(RIGHT(Tableau4[[#This Row],[file name]],LEN(Tableau4[[#This Row],[file name]])-SEARCH("@",Tableau4[[#This Row],[file name]])),LEN(RIGHT(Tableau4[[#This Row],[file name]],LEN(Tableau4[[#This Row],[file name]])-SEARCH("@",Tableau4[[#This Row],[file name]])))-SEARCH("/",RIGHT(Tableau4[[#This Row],[file name]],LEN(Tableau4[[#This Row],[file name]])-SEARCH("@",Tableau4[[#This Row],[file name]])))),1) -> 2 | C22: C:\Users\cbarrier\Desktop\Calibration\20201110_Cefas_Test3_Run1/@13/20201110_Cefas_Test3_Run1/@13/C8.tif | D22: 1593 | E22: 39.7307 | G22: 63291
A23: =IFERROR(LEFT(RIGHT(C23,LEN(C23)-SEARCH("@",C23)),SEARCH("/",RIGHT(C23,LEN(C23)-SEARCH("@",C23)-1))),"") -> 13 | B23: =LEFT(RIGHT(RIGHT(Tableau4[[#This Row],[file name]],LEN(Tableau4[[#This Row],[file name]])-SEARCH("@",Tableau4[[#This Row],[file name]])),LEN(RIGHT(Tableau4[[#This Row],[file name]],LEN(Tableau4[[#This Row],[file name]])-SEARCH("@",Tableau4[[#This Row],[file name]])))-SEARCH("/",RIGHT(Tableau4[[#This Row],[file name]],LEN(Tableau4[[#This Row],[file name]])-SEARCH("@",Tableau4[[#This Row],[file name]])))),1) -> 2 | C23: C:\Users\cbarrier\Desktop\Calibration\20201110_Cefas_Test3_Run1/@13/20201110_Cefas_Test3_Run1/@13/D8.tif | D23: 2460 | E23: 41.1683 | G23: 101274
A24: =IFERROR(LEFT(RIGHT(C24,LEN(C24)-SEARCH("@",C24)),SEARCH("/",RIGHT(C24,LEN(C24)-SEARCH("@",C24)-1))),"") -> 13 | B24: =LEFT(RIGHT(RIGHT(Tableau4[[#This Row],[file name]],LEN(Tableau4[[#This Row],[file name]])-SEARCH("@",Tableau4[[#This Row],[file name]])),LEN(RIGHT(Tableau4[[#This Row],[file name]],LEN(Tableau4[[#This Row],[file name]])-SEARCH("@",Tableau4[[#This Row],[file name]])))-SEARCH("/",RIGHT(Tableau4[[#This Row],[file name]],LEN(Tableau4[[#This Row],[file name]])-SEARCH("@",Tableau4[[#This Row],[file name]])))),1) -> 2 | C24: C:\Users\cbarrier\Desktop\Calibration\20201110_Cefas_Test3_Run1/@13/20201110_Cefas_Test3_Run1/@13/E8.tif | D24: 2990 | E24: 43.0151 | G24: 128615
A25: =IFERROR(LEFT(RIGHT(C25,LEN(C25)-SEARCH("@",C25)),SEARCH("/",RIGHT(C25,LEN(C25)-SEARCH("@",C25)-1))),"") -> 13 | B25: =LEFT(RIGHT(RIGHT(Tableau4[[#This Row],[file name]],LEN(Tableau4[[#This Row],[file name]])-SEARCH("@",Tableau4[[#This Row],[file name]])),LEN(RIGHT(Tableau4[[#This Row],[file name]],LEN(Tableau4[[#This Row],[file name]])-SEARCH("@",Tableau4[[#This Row],[file name]])))-SEARCH("/",RIGHT(Tableau4[[#This Row],[file name]],LEN(Tableau4[[#This Row],[file name]])-SEARCH("@",Tableau4[[#This Row],[file name]])))),1) -> 2 | C25: C:\Users\cbarrier\Desktop\Calibration\20201110_Cefas_Test3_Run1/@13/20201110_Cefas_Test3_Run1/@13/F8.tif | D25: 370 | E25: 34.6405 | G25: 12817
A26: =IFERROR(LEFT(RIGHT(C26,LEN(C26)-SEARCH("@",C26)),SEARCH("/",RIGHT(C26,LEN(C26)-SEARCH("@",C26)-1))),"") -> 13 | B26: =LEFT(RIGHT(RIGHT(Tableau4[[#This Row],[file name]],LEN(Tableau4[[#This Row],[file name]])-SEARCH("@",Tableau4[[#This Row],[file name]])),LEN(RIGHT(Tableau4[[#This Row],[file name]],LEN(Tableau4[[#This Row],[file name]])-SEARCH("@",Tableau4[[#This Row],[file name]])))-SEARCH("/",RIGHT(Tableau4[[#This Row],[file name]],LEN(Tableau4[[#This Row],[file name]])-SEARCH("@",Tableau4[[#This Row],[file name]])))),1) -> 2 | C26: C:\Users\cbarrier\Desktop\Calibration\20201110_Cefas_Test3_Run1/@13/20201110_Cefas_Test3_Run1/@13/G8.tif | D26: 2713 | E26: 50.4736 | G26: 136935
A27: =IFERROR(LEFT(RIGHT(C27,LEN(C27)-SEARCH("@",C27)),SEARCH("/",RIGHT(C27,LEN(C27)-SEARCH("@",C27)-1))),"") -> 13 | B27: =LEFT(RIGHT(RIGHT(Tableau4[[#This Row],[file name]],LEN(Tableau4[[#This Row],[file name]])-SEARCH("@",Tableau4[[#This Row],[file name]])),LEN(RIGHT(Tableau4[[#This Row],[file name]],LEN(Tableau4[[#This Row],[file name]])-SEARCH("@",Tableau4[[#This Row],[file name]])))-SEARCH("/",RIGHT(Tableau4[[#This Row],[file name]],LEN(Tableau4[[#This Row],[file name]])-SEARCH("@",Tableau4[[#This Row],[file name]])))),1) -> 2 | C27: C:\Users\cbarrier\Desktop\Calibration\20201110_Cefas_Test3_Run1/@13/20201110_Cefas_Test3_Run1/@13/H8.tif | D27: 2968 | E27: 45.4599 | G27: 134925
A28: =IFERROR(LEFT(RIGHT(C28,LEN(C28)-SEARCH("@",C28)),SEARCH("/",RIGHT(C28,LEN(C28)-SEARCH("@",C28)-1))),"") | B28: =LEFT(RIGHT(RIGHT(Tableau4[[#This Row],[file name]],LEN(Tableau4[[#This Row],[file name]])-SEARCH("@",Tableau4[[#This Row],[file name]])),LEN(RIGHT(Tableau4[[#This Row],[file name]],LEN(Tableau4[[#This Row],[file name]])-SEARCH("@",Tableau4[[#This Row],[file name]])))-SEARCH("/",RIGHT(Tableau4[[#This Row],[file name]],LEN(Tableau4[[#This Row],[file name]])-SEARCH("@",Tableau4[[#This Row],[file name]])))),1) -> #VALUE!
A29: =IFERROR(LEFT(RIGHT(C29,LEN(C29)-SEARCH("@",C29)),SEARCH("/",RIGHT(C29,LEN(C29)-SEARCH("@",C29)-1))),"") | B29: =LEFT(RIGHT(RIGHT(Tableau4[[#This Row],[file name]],LEN(Tableau4[[#This Row],[file name]])-SEARCH("@",Tableau4[[#This Row],[file name]])),LEN(RIGHT(Tableau4[[#This Row],[file name]],LEN(Tableau4[[#This Row],[file name]])-SEARCH("@",Tableau4[[#This Row],[file name]])))-SEARCH("/",RIGHT(Tableau4[[#This Row],[file name]],LEN(Tableau4[[#This Row],[file name]])-SEARCH("@",Tableau4[[#This Row],[file name]])))),1) -> #VALUE! | C29: group | E29: mean of mean fluo | F29: SD mean fluo | G29: mean of total fluo | H29: SD total fluo | I29: n fluorescent | J29: n total
A30: =IFERROR(LEFT(RIGHT(C30,LEN(C30)-SEARCH("@",C30)),SEARCH("/",RIGHT(C30,LEN(C30)-SEARCH("@",C30)-1))),"") -> 13 | B30: =LEFT(RIGHT(RIGHT(Tableau4[[#This Row],[file name]],LEN(Tableau4[[#This Row],[file name]])-SEARCH("@",Tableau4[[#This Row],[file name]])),LEN(RIGHT(Tableau4[[#This Row],[file name]],LEN(Tableau4[[#This Row],[file name]])-SEARCH("@",Tableau4[[#This Row],[file name]])))-SEARCH("/",RIGHT(Tableau4[[#This Row],[file name]],LEN(Tableau4[[#This Row],[file name]])-SEARCH("@",Tableau4[[#This Row],[file name]])))),1) | C30: C:\Users\cbarrier\Desktop\Calibration\20201110_Cefas_Test3_Run1/@13/ | E30: 41.2119 | F30: 5.3254 | G30: 85677.125 | H30: 50552.6322 | I30: 8 | J30: 8
A31: =IFERROR(LEFT(RIGHT(C31,LEN(C31)-SEARCH("@",C31)),SEARCH("/",RIGHT(C31,LEN(C31)-SEARCH("@",C31)-1))),"") | B31: =LEFT(RIGHT(RIGHT(Tableau4[[#This Row],[file name]],LEN(Tableau4[[#This Row],[file name]])-SEARCH("@",Tableau4[[#This Row],[file name]])),LEN(RIGHT(Tableau4[[#This Row],[file name]],LEN(Tableau4[[#This Row],[file name]])-SEARCH("@",Tableau4[[#This Row],[file name]])))-SEARCH("/",RIGHT(Tableau4[[#This Row],[file name]],LEN(Tableau4[[#This Row],[file name]])-SEARCH("@",Tableau4[[#This Row],[file name]])))),1) -> #VALUE!
A32: =IFERROR(LEFT(RIGHT(C32,LEN(C32)-SEARCH("@",C32)),SEARCH("/",RIGHT(C32,LEN(C32)-SEARCH("@",C32)-1))),"") | B32: =LEFT(RIGHT(RIGHT(Tableau4[[#This Row],[file name]],LEN(Tableau4[[#This Row],[file name]])-SEARCH("@",Tableau4[[#This Row],[file name]])),LEN(RIGHT(Tableau4[[#This Row],[file name]],LEN(Tableau4[[#This Row],[file name]])-SEARCH("@",Tableau4[[#This Row],[file name]])))-SEARCH("/",RIGHT(Tableau4[[#This Row],[file name]],LEN(Tableau4[[#This Row],[file name]])-SEARCH("@",Tableau4[[#This Row],[file name]])))),1) -> #VALUE!
A33: =IFERROR(LEFT(RIGHT(C33,LEN(C33)-SEARCH("@",C33)),SEARCH("/",RIGHT(C33,LEN(C33)-SEARCH("@",C33)-1))),"") | B33: =LEFT(RIGHT(RIGHT(Tableau4[[#This Row],[file name]],LEN(Tableau4[[#This Row],[file name]])-SEARCH("@",Tableau4[[#This Row],[file name]])),LEN(RIGHT(Tableau4[[#This Row],[file name]],LEN(Tableau4[[#This Row],[file name]])-SEARCH("@",Tableau4[[#This Row],[file name]])))-SEARCH("/",RIGHT(Tableau4[[#This Row],[file name]],LEN(Tableau4[[#This Row],[file name]])-SEARCH("@",Tableau4[[#This Row],[file name]])))),1) -> #VALUE!
A34: =IFERROR(LEFT(RIGHT(C34,LEN(C34)-SEARCH("@",C34)),SEARCH("/",RIGHT(C34,LEN(C34)-SEARCH("@",C34)-1))),"") | B34: =LEFT(RIGHT(RIGHT(Tableau4[[#This Row],[file name]],LEN(Tableau4[[#This Row],[file name]])-SEARCH("@",Tableau4[[#This Row],[file name]])),LEN(RIGHT(Tableau4[[#This Row],[file name]],LEN(Tableau4[[#This Row],[file name]])-SEARCH("@",Tableau4[[#This Row],[file name]])))-SEARCH("/",RIGHT(Tableau4[[#This Row],[file name]],LEN(Tableau4[[#This Row],[file name]])-SEARCH("@",Tableau4[[#This Row],[file name]])))),1) -> #VALUE!
A35: =IFERROR(LEFT(RIGHT(C35,LEN(C35)-SEARCH("@",C35)),SEARCH("/",RIGHT(C35,LEN(C35)-SEARCH("@",C35)-1))),"") | B35: =LEFT(RIGHT(RIGHT(Tableau4[[#This Row],[file name]],LEN(Tableau4[[#This Row],[file name]])-SEARCH("@",Tableau4[[#This Row],[file name]])),LEN(RIGHT(Tableau4[[#This Row],[file name]],LEN(Tableau4[[#This Row],[file name]])-SEARCH("@",Tableau4[[#This Row],[file name]])))-SEARCH("/",RIGHT(Tableau4[[#This Row],[file name]],LEN(Tableau4[[#This Row],[file name]])-SEARCH("@",Tableau4[[#This Row],[file name]])))),1) -> #VALUE!
A36: =IFERROR(LEFT(RIGHT(C36,LEN(C36)-SEARCH("@",C36)),SEARCH("/",RIGHT(C36,LEN(C36)-SEARCH("@",C36)-1))),"") | B36: =LEFT(RIGHT(RIGHT(Tableau4[[#This Row],[file name]],LEN(Tableau4[[#This Row],[file name]])-SEARCH("@",Tableau4[[#This Row],[file name]])),LEN(RIGHT(Tableau4[[#This Row],[file name]],LEN(Tableau4[[#This Row],[file name]])-SEARCH("@",Tableau4[[#This Row],[file name]])))-SEARCH("/",RIGHT(Tableau4[[#This Row],[file name]],LEN(Tableau4[[#This Row],[file name]])-SEARCH("@",Tableau4[[#This Row],[file name]])))),1) -> #VALUE! | C36: file name | D36: total area | E36: mean intensity | G36: total fluorescence
A37: =IFERROR(LEFT(RIGHT(C37,LEN(C37)-SEARCH("@",C37)),SEARCH("/",RIGHT(C37,LEN(C37)-SEARCH("@",C37)-1))),"") -> 14 | B37: =LEFT(RIGHT(RIGHT(Tableau4[[#This Row],[file name]],LEN(Tableau4[[#This Row],[file name]])-SEARCH("@",Tableau4[[#This Row],[file name]])),LEN(RIGHT(Tableau4[[#This Row],[file name]],LEN(Tableau4[[#This Row],[file name]])-SEARCH("@",Tableau4[[#This Row],[file name]])))-SEARCH("/",RIGHT(Tableau4[[#This Row],[file name]],LEN(Tableau4[[#This Row],[file name]])-SEARCH("@",Tableau4[[#This Row],[file name]])))),1) -> 2 | C37: C:\Users\cbarrier\Desktop\Calibration\20201110_Cefas_Test3_Run1/@14/20201110_Cefas_Test3_Run1/@14/A9- exclu.tif
A38: =IFERROR(LEFT(RIGHT(C38,LEN(C38)-SEARCH("@",C38)),SEARCH("/",RIGHT(C38,LEN(C38)-SEARCH("@",C38)-1))),"") -> 14 | B38: =LEFT(RIGHT(RIGHT(Tableau4[[#This Row],[file name]],LEN(Tableau4[[#This Row],[file name]])-SEARCH("@",Tableau4[[#This Row],[file name]])),LEN(RIGHT(Tableau4[[#This Row],[file name]],LEN(Tableau4[[#This Row],[file name]])-SEARCH("@",Tableau4[[#This Row],[file name]])))-SEARCH("/",RIGHT(Tableau4[[#This Row],[file name]],LEN(Tableau4[[#This Row],[file name]])-SEARCH("@",Tableau4[[#This Row],[file name]])))),1) -> 2 | C38: C:\Users\cbarrier\Desktop\Calibration\20201110_Cefas_Test3_Run1/@14/20201110_Cefas_Test3_Run1/@14/B9.tif | D38: 2444 | E38: 37.4247 | G38: 91466
A39: =IFERROR(LEFT(RIGHT(C39,LEN(C39)-SEARCH("@",C39)),SEARCH("/",RIGHT(C39,LEN(C39)-SEARCH("@",C39)-1))),"") -> 14 | B39: =LEFT(RIGHT(RIGHT(Tableau4[[#This Row],[file name]],LEN(Tableau4[[#This Row],[file name]])-SEARCH("@",Tableau4[[#This Row],[file name]])),LEN(RIGHT(Tableau4[[#This Row],[file name]],LEN(Tableau4[[#This Row],[file name]])-SEARCH("@",Tableau4[[#This Row],[file name]])))-SEARCH("/",RIGHT(Tableau4[[#This Row],[file name]],LEN(Tableau4[[#This Row],[file name]])-SEARCH("@",Tableau4[[#This Row],[file name]])))),1) -> 2 | C39: C:\Users\cbarrier\Desktop\Calibration\20201110_Cefas_Test3_Run1/@14/20201110_Cefas_Test3_Run1/@14/C9.tif | D39: 450 | E39: 33.4644 | G39: 15059
A40: =IFERROR(LEFT(RIGHT(C40,LEN(C40)-SEARCH("@",C40)),SEARCH("/",RIGHT(C40,LEN(C40)-SEARCH("@",C40)-1))),"") -> 14 | B40: =LEFT(RIGHT(RIGHT(Tableau4[[#This Row],[file name]],LEN(Tableau4[[#This Row],[file name]])-SEARCH("@",Tableau4[[#This Row],[file name]])),LEN(RIGHT(Tableau4[[#This Row],[file name]],LEN(Tableau4[[#This Row],[file name]])-SEARCH("@",Tableau4[[#This Row],[file name]])))-SEARCH("/",RIGHT(Tableau4[[#This Row],[file name]],LEN(Tableau4[[#This Row],[file name]])-SEARCH("@",Tableau4[[#This Row],[file name]])))),1) -> 2 | C40: C:\Users\cbarrier\Desktop\Calibration\20201110_Cefas_Test3_Run1/@14/20201110_Cefas_Test3_Run1/@14/D9.tif | D40: 2419 | E40: 40.1654 | G40: 97160
A41: =IFERROR(LEFT(RIGHT(C41,LEN(C41)-SEARCH("@",C41)),SEARCH("/",RIGHT(C41,LEN(C41)-SEARCH("@",C41)-1))),"") -> 14 | B41: =LEFT(RIGHT(RIGHT(Tableau4[[#This Row],[file name]],LEN(Tableau4[[#This Row],[file name]])-SEARCH("@",Tableau4[[#This Row],[file name]])),LEN(RIGHT(Tableau4[[#This Row],[file name]],LEN(Tableau4[[#This Row],[file name]])-SEARCH("@",Tableau4[[#This Row],[file name]])))-SEARCH("/",RIGHT(Tableau4[[#This Row],[file name]],LEN(Tableau4[[#This Row],[file name]])-SEARCH("@",Tableau4[[#This Row],[file name]])))),1) -> 2 | C41: C:\Users\cbarrier\Desktop\Calibration\20201110_Cefas_Test3_Run1/@14/20201110_Cefas_Test3_Run1/@14/E9.tif | D41: 859 | E41: 36.3516 | G41: 31226
A42: =IFERROR(LEFT(RIGHT(C42,LEN(C42)-SEARCH("@",C42)),SEARCH("/",RIGHT(C42,LEN(C42)-SEARCH("@",C42)-1))),"") -> 14 | B42: =LEFT(RIGHT(RIGHT(Tableau4[[#This Row],[file name]],LEN(Tableau4[[#This Row],[file name]])-SEARCH("@",Tableau4[[#This Row],[file name]])),LEN(RIGHT(Tableau4[[#This Row],[file name]],LEN(Tableau4[[#This Row],[file name]])-SEARCH("@",Tableau4[[#This Row],[file name]])))-SEARCH("/",RIGHT(Tableau4[[#This Row],[file name]],LEN(Tableau4[[#This Row],[file name]])-SEARCH("@",Tableau4[[#This Row],[file name]])))),1) -> 2 | C42: C:\Users\cbarrier\Desktop\Calibration\20201110_Cefas_Test3_Run1/@14/20201110_Cefas_Test3_Run1/@14/F9.tif | D42: 2617 | E42: 42.0302 | G42: 109993
A43: =IFERROR(LEFT(RIGHT(C43,LEN(C43)-SEARCH("@",C43)),SEARCH("/",RIGHT(C43,LEN(C43)-SEARCH("@",C43)-1))),"") -> 14 | B43: =LEFT(RIGHT(RIGHT(Tableau4[[#This Row],[file name]],LEN(Tableau4[[#This Row],[file name]])-SEARCH("@",Tableau4[[#This Row],[file name]])),LEN(RIGHT(Tableau4[[#This Row],[file name]],LEN(Tableau4[[#This Row],[file name]])-SEARCH("@",Tableau4[[#This Row],[file name]])))-SEARCH("/",RIGHT(Tableau4[[#This Row],[file name]],LEN(Tableau4[[#This Row],[file name]])-SEARCH("@",Tableau4[[#This Row],[file name]])))),1) -> 2 | C43: C:\Users\cbarrier\Desktop\Calibration\20201110_Cefas_Test3_Run1/@14/20201110_Cefas_Test3_Run1/@14/G9.tif | D43: 1884 | E43: 39.6157 | G43: 74636
A44: =IFERROR(LEFT(RIGHT(C44,LEN(C44)-SEARCH("@",C44)),SEARCH("/",RIGHT(C44,LEN(C44)-SEARCH("@",C44)-1))),"") -> 14 | B44: =LEFT(RIGHT(RIGHT(Tableau4[[#This Row],[file name]],LEN(Tableau4[[#This Row],[file name]])-SEARCH("@",Tableau4[[#This Row],[file name]])),LEN(RIGHT(Tableau4[[#This Row],[file name]],LEN(Tableau4[[#This Row],[file name]])-SEARCH("@",Tableau4[[#This Row],[file name]])))-SEARCH("/",RIGHT(Tableau4[[#This Row],[file name]],LEN(Tableau4[[#This Row],[file name]])-SEARCH("@",Tableau4[[#This Row],[file name]])))),1) -> 2 | C44: C:\Users\cbarrier\Desktop\Calibration\20201110_Cefas_Test3_Run1/@14/20201110_Cefas_Test3_Run1/@14/H9.tif | D44: 2274 | E44: 37.8518 | G44: 86075
A45: =IFERROR(LEFT(RIGHT(C45,LEN(C45)-SEARCH("@",C45)),SEARCH("/",RIGHT(C45,LEN(C45)-SEARCH("@",C45)-1))),"") | B45: =LEFT(RIGHT(RIGHT(Tableau4[[#This Row],[file name]],LEN(Tableau4[[#This Row],[file name]])-SEARCH("@",Tableau4[[#This Row],[file name]])),LEN(RIGHT(Tableau4[[#This Row],[file name]],LEN(Tableau4[[#This Row],[file name]])-SEARCH("@",Tableau4[[#This Row],[file name]])))-SEARCH("/",RIGHT(Tableau4[[#This Row],[file name]],LEN(Tableau4[[#This Row],[file name]])-SEARCH("@",Tableau4[[#This Row],[file name]])))),1) -> #VALUE!
A46: =IFERROR(LEFT(RIGHT(C46,LEN(C46)-SEARCH("@",C46)),SEARCH("/",RIGHT(C46,LEN(C46)-SEARCH("@",C46)-1))),"") | B46: =LEFT(RIGHT(RIGHT(Tableau4[[#This Row],[file name]],LEN(Tableau4[[#This Row],[file name]])-SEARCH("@",Tableau4[[#This Row],[file name]])),LEN(RIGHT(Tableau4[[#This Row],[file name]],LEN(Tableau4[[#This Row],[file name]])-SEARCH("@",Tableau4[[#This Row],[file name]])))-SEARCH("/",RIGHT(Tableau4[[#This Row],[file name]],LEN(Tableau4[[#This Row],[file name]])-SEARCH("@",Tableau4[[#This Row],[file name]])))),1) -> #VALUE! | C46: group | E46: mean of mean fluo | F46: SD mean fluo | G46: mean of total fluo | H46: SD total fluo | I46: n fluorescent | J46: n total
A47: =IFERROR(LEFT(RIGHT(C47,LEN(C47)-SEARCH("@",C47)),SEARCH("/",RIGHT(C47,LEN(C47)-SEARCH("@",C47)-1))),"") -> 14 | B47: =LEFT(RIGHT(RIGHT(Tableau4[[#This Row],[file name]],LEN(Tableau4[[#This Row],[file name]])-SEARCH("@",Tableau4[[#This Row],[file name]])),LEN(RIGHT(Tableau4[[#This Row],[file name]],LEN(Tableau4[[#This Row],[file name]])-SEARCH("@",Tableau4[[#This Row],[file name]])))-SEARCH("/",RIGHT(Tableau4[[#This Row],[file name]],LEN(Tableau4[[#This Row],[file name]])-SEARCH("@",Tableau4[[#This Row],[file name]])))),1) | C47: C:\Users\cbarrier\Desktop\Calibration\20201110_Cefas_Test3_Run1/@14/ | E47: 38.5467 | F47: 2.8494 | G47: 67514.75 | H47: 35477.0645 | I47: 8 | J47: 8
A48: =IFERROR(LEFT(RIGHT(C48,LEN(C48)-SEARCH("@",C48)),SEARCH("/",RIGHT(C48,LEN(C48)-SEARCH("@",C48)-1))),"") | B48: =LEFT(RIGHT(RIGHT(Tableau4[[#This Row],[file name]],LEN(Tableau4[[#This Row],[file name]])-SEARCH("@",Tableau4[[#This Row],[file name]])),LEN(RIGHT(Tableau4[[#This Row],[file name]],LEN(Tableau4[[#This Row],[file name]])-SEARCH("@",Tableau4[[#This Row],[file name]])))-SEARCH("/",RIGHT(Tableau4[[#This Row],[file name]],LEN(Tableau4[[#This Row],[file name]])-SEARCH("@",Tableau4[[#This Row],[file name]])))),1) -> #VALUE!
A49: =IFERROR(LEFT(RIGHT(C49,LEN(C49)-SEARCH("@",C49)),SEARCH("/",RIGHT(C49,LEN(C49)-SEARCH("@",C49)-1))),"") | B49: =LEFT(RIGHT(RIGHT(Tableau4[[#This Row],[file name]],LEN(Tableau4[[#This Row],[file name]])-SEARCH("@",Tableau4[[#This Row],[file name]])),LEN(RIGHT(Tableau4[[#This Row],[file name]],LEN(Tableau4[[#This Row],[file name]])-SEARCH("@",Tableau4[[#This Row],[file name]])))-SEARCH("/",RIGHT(Tableau4[[#This Row],[file name]],LEN(Tableau4[[#This Row],[file name]])-SEARCH("@",Tableau4[[#This Row],[file name]])))),1) -> #VALUE!
A50: =IFERROR(LEFT(RIGHT(C50,LEN(C50)-SEARCH("@",C50)),SEARCH("/",RIGHT(C50,LEN(C50)-SEARCH("@",C50)-1))),"") | B50: =LEFT(RIGHT(RIGHT(Tableau4[[#This Row],[file name]],LEN(Tableau4[[#This Row],[file name]])-SEARCH("@",Tableau4[[#This Row],[file name]])),LEN(RIGHT(Tableau4[[#This Row],[file name]],LEN(Tableau4[[#This Row],[file name]])-SEARCH("@",Tableau4[[#This Row],[file name]])))-SEARCH("/",RIGHT(Tableau4[[#This Row],[file name]],LEN(Tableau4[[#This Row],[file name]])-SEARCH("@",Tableau4[[#This Row],[file name]])))),1) -> #VALUE!
A51: =IFERROR(LEFT(RIGHT(C51,LEN(C51)-SEARCH("@",C51)),SEARCH("/",RIGHT(C51,LEN(C51)-SEARCH("@",C51)-1))),"") | B51: =LEFT(RIGHT(RIGHT(Tableau4[[#This Row],[file name]],LEN(Tableau4[[#This Row],[file name]])-SEARCH("@",Tableau4[[#This Row],[file name]])),LEN(RIGHT(Tableau4[[#This Row],[file name]],LEN(Tableau4[[#This Row],[file name]])-SEARCH("@",Tableau4[[#This Row],[file name]])))-SEARCH("/",RIGHT(Tableau4[[#This Row],[file name]],LEN(Tableau4[[#This Row],[file name]])-SEARCH("@",Tableau4[[#This Row],[file name]])))),1) -> #VALUE!
A52: =IFERROR(LEFT(RIGHT(C52,LEN(C52)-SEARCH("@",C52)),SEARCH("/",RIGHT(C52,LEN(C52)-SEARCH("@",C52)-1))),"") | B52: =LEFT(RIGHT(RIGHT(Tableau4[[#This Row],[file name]],LEN(Tableau4[[#This Row],[file name]])-SEARCH("@",Tableau4[[#This Row],[file name]])),LEN(RIGHT(Tableau4[[#This Row],[file name]],LEN(Tableau4[[#This Row],[file name]])-SEARCH("@",Tableau4[[#This Row],[file name]])))-SEARCH("/",RIGHT(Tableau4[[#This Row],[file name]],LEN(Tableau4[[#This Row],[file name]])-SEARCH("@",Tableau4[[#This Row],[file name]])))),1) -> #VALUE!
A53: =IFERROR(LEFT(RIGHT(C53,LEN(C53)-SEARCH("@",C53)),SEARCH("/",RIGHT(C53,LEN(C53)-SEARCH("@",C53)-1))),"") | B53: =LEFT(RIGHT(RIGHT(Tableau4[[#This Row],[file name]],LEN(Tableau4[[#This Row],[file name]])-SEARCH("@",Tableau4[[#This Row],[file name]])),LEN(RIGHT(Tableau4[[#This Row],[file name]],LEN(Tableau4[[#This Row],[file name]])-SEARCH("@",Tableau4[[#This Row],[file name]])))-SEARCH("/",RIGHT(Tableau4[[#This Row],[file name]],LEN(Tableau4[[#This Row],[file name]])-SEARCH("@",Tableau4[[#This Row],[file name]])))),1) -> #VALUE! | C53: file name | D53: total area | E53: mean intensity | G53: total fluorescence
A54: =IFERROR(LEFT(RIGHT(C54,LEN(C54)-SEARCH("@",C54)),SEARCH("/",RIGHT(C54,LEN(C54)-SEARCH("@",C54)-1))),"") -> 15 | B54: =LEFT(RIGHT(RIGHT(Tableau4[[#This Row],[file name]],LEN(Tableau4[[#This Row],[file name]])-SEARCH("@",Tableau4[[#This Row],[file name]])),LEN(RIGHT(Tableau4[[#This Row],[file name]],LEN(Tableau4[[#This Row],[file name]])-SEARCH("@",Tableau4[[#This Row],[file name]])))-SEARCH("/",RIGHT(Tableau4[[#This Row],[file name]],LEN(Tableau4[[#This Row],[file name]])-SEARCH("@",Tableau4[[#This Row],[file name]])))),1) -> 2 | C54: C:\Users\cbarrier\Desktop\Calibration\20201110_Cefas_Test3_Run1/@15/20201110_Cefas_Test3_Run1/@15/A11.tif | D54: 3480 | E54: 48.5006 | G54: 168782
A55: =IFERROR(LEFT(RIGHT(C55,LEN(C55)-SEARCH("@",C55)),SEARCH("/",RIGHT(C55,LEN(C55)-SEARCH("@",C55)-1))),"") -> 15 | B55: =LEFT(RIGHT(RIGHT(Tableau4[[#This Row],[file name]],LEN(Tableau4[[#This Row],[file name]])-SEARCH("@",Tableau4[[#This Row],[file name]])),LEN(RIGHT(Tableau4[[#This Row],[file name]],LEN(Tableau4[[#This Row],[file name]])-SEARCH("@",Tableau4[[#This Row],[file name]])))-SEARCH("/",RIGHT(Tableau4[[#This Row],[file name]],LEN(Tableau4[[#This Row],[file name]])-SEARCH("@",Tableau4[[#This Row],[file name]])))),1) -> 2 | C55: C:\Users\cbarrier\Desktop\Calibration\20201110_Cefas_Test3_Run1/@15/20201110_Cefas_Test3_Run1/@15/B11.tif | D55: 3173 | E55: 53.6902 | G55: 170359
A56: =IFERROR(LEFT(RIGHT(C56,LEN(C56)-SEARCH("@",C56)),SEARCH("/",RIGHT(C56,LEN(C56)-SEARCH("@",C56)-1))),"") -> 15 | B56: =LEFT(RIGHT(RIGHT(Tableau4[[#This Row],[file name]],LEN(Tableau4[[#This Row],[file name]])-SEARCH("@",Tableau4[[#This Row],[file name]])),LEN(RIGHT(Tableau4[[#This Row],[file name]],LEN(Tableau4[[#This Row],[file name]])-SEARCH("@",Tableau4[[#This Row],[file name]])))-SEARCH("/",RIGHT(Tableau4[[#This Row],[file name]],LEN(Tableau4[[#This Row],[file name]])-SEARCH("@",Tableau4[[#This Row],[file name]])))),1) -> 2 | C56: C:\Users\cbarrier\Desktop\Calibration\20201110_Cefas_Test3_Run1/@15/20201110_Cefas_Test3_Run1/@15/C11.tif | D56: 3405 | E56: 50.859 | G56: 173175
A57: =IFERROR(LEFT(RIGHT(C57,LEN(C57)-SEARCH("@",C57)),SEARCH("/",RIGHT(C57,LEN(C57)-SEARCH("@",C57)-1))),"") -> 15 | B57: =LEFT(RIGHT(RIGHT(Tableau4[[#This Row],[file name]],LEN(Tableau4[[#This Row],[file name]])-SEARCH("@",Tableau4[[#This Row],[file name]])),LEN(RIGHT(Tableau4[[#This Row],[file name]],LEN(Tableau4[[#This Row],[file name]])-SEARCH("@",Tableau4[[#This Row],[file name]])))-SEARCH("/",RIGHT(Tableau4[[#This Row],[file name]],LEN(Tableau4[[#This Row],[file name]])-SEARCH("@",Tableau4[[#This Row],[file name]])))),1) -> 2 | C57: C:\Users\cbarrier\Desktop\Calibration\20201110_Cefas_Test3_Run1/@15/20201110_Cefas_Test3_Run1/@15/D11.tif | D57: 4264 | E57: 52.5354 | G57: 224011
A58: =IFERROR(LEFT(RIGHT(C58,LEN(C58)-SEARCH("@",C58)),SEARCH("/",RIGHT(C58,LEN(C58)-SEARCH("@",C58)-1))),"") -> 15 | B58: =LEFT(RIGHT(RIGHT(Tableau4[[#This Row],[file name]],LEN(Tableau4[[#This Row],[file name]])-SEARCH("@",Tableau4[[#This Row],[file name]])),LEN(RIGHT(Tableau4[[#This Row],[file name]],LEN(Tableau4[[#This Row],[file name]])-SEARCH("@",Tableau4[[#This Row],[file name]])))-SEARCH("/",RIGHT(Tableau4[[#This Row],[file name]],LEN(Tableau4[[#This Row],[file name]])-SEARCH("@",Tableau4[[#This Row],[file name]])))),1) -> 2 | C58: C:\Users\cbarrier\Desktop\Calibration\20201110_Cefas_Test3_Run1/@15/20201110_Cefas_Test3_Run1/@15/E11.tif | D58: 2605 | E58: 46.9044 | G58: 122186
A59: =IFERROR(LEFT(RIGHT(C59,LEN(C59)-SEARCH("@",C59)),SEARCH("/",RIGHT(C59,LEN(C59)-SEARCH("@",C59)-1))),"") -> 15 | B59: =LEFT(RIGHT(RIGHT(Tableau4[[#This Row],[file name]],LEN(Tableau4[[#This Row],[file name]])-SEARCH("@",Tableau4[[#This Row],[file name]])),LEN(RIGHT(Tableau4[[#This Row],[file name]],LEN(Tableau4[[#This Row],[file name]])-SEARCH("@",Tableau4[[#This Row],[file name]])))-SEARCH("/",RIGHT(Tableau4[[#This Row],[file name]],LEN(Tableau4[[#This Row],[file name]])-SEARCH("@",Tableau4[[#This Row],[file name]])))),1) -> 2 | C59: C:\Users\cbarrier\Desktop\Calibration\20201110_Cefas_Test3_Run1/@15/20201110_Cefas_Test3_Run1/@15/F11- exclu.tif
A60: =IFERROR(LEFT(RIGHT(C60,LEN(C60)-SEARCH("@",C60)),SEARCH("/",RIGHT(C60,LEN(C60)-SEARCH("@",C60)-1))),"") -> 15 | B60: =LEFT(RIGHT(RIGHT(Tableau4[[#This Row],[file name]],LEN(Tableau4[[#This Row],[file name]])-SEARCH("@",Tableau4[[#This Row],[file name]])),LEN(RIGHT(Tableau4[[#This Row],[file name]],LEN(Tableau4[[#This Row],[file name]])-SEARCH("@",Tableau4[[#This Row],[file name]])))-SEARCH("/",RIGHT(Tableau4[[#This Row],[file name]],LEN(Tableau4[[#This Row],[file name]])-SEARCH("@",Tableau4[[#This Row],[file name]])))),1) -> 2 | C60: C:\Users\cbarrier\Desktop\Calibration\20201110_Cefas_Test3_Run1/@15/20201110_Cefas_Test3_Run1/@15/G11.tif | D60: 3460 | E60: 50.9069 | G60: 176138
A61: =IFERROR(LEFT(RIGHT(C61,LEN(C61)-SEARCH("@",C61)),SEARCH("/",RIGHT(C61,LEN(C61)-SEARCH("@",C61)-1))),"") -> 15 | B61: =LEFT(RIGHT(RIGHT(Tableau4[[#This Row],[file name]],LEN(Tableau4[[#This Row],[file name]])-SEARCH("@",Tableau4[[#This Row],[file name]])),LEN(RIGHT(Tableau4[[#This Row],[file name]],LEN(Tableau4[[#This Row],[file name]])-SEARCH("@",Tableau4[[#This Row],[file name]])))-SEARCH("/",RIGHT(Tableau4[[#This Row],[file name]],LEN(Tableau4[[#This Row],[file name]])-SEARCH("@",Tableau4[[#This Row],[file name]])))),1) -> 2 | C61: C:\Users\cbarrier\Desktop\Calibration\20201110_Cefas_Test3_Run1/@15/20201110_Cefas_Test3_Run1/@15/H11.tif | D61: 3687 | E61: 44.7974 | G61: 165168
A62: =IFERROR(LEFT(RIGHT(C62,LEN(C62)-SEARCH("@",C62)),SEARCH("/",RIGHT(C62,LEN(C62)-SEARCH("@",C62)-1))),"") | B62: =LEFT(RIGHT(RIGHT(Tableau4[[#This Row],[file name]],LEN(Tableau4[[#This Row],[file name]])-SEARCH("@",Tableau4[[#This Row],[file name]])),LEN(RIGHT(Tableau4[[#This Row],[file name]],LEN(Tableau4[[#This Row],[file name]])-SEARCH("@",Tableau4[[#This Row],[file name]])))-SEARCH("/",RIGHT(Tableau4[[#This Row],[file name]],LEN(Tableau4[[#This Row],[file name]])-SEARCH("@",Tableau4[[#This Row],[file name]])))),1) -> #VALUE!
A63: =IFERROR(LEFT(RIGHT(C63,LEN(C63)-SEARCH("@",C63)),SEARCH("/",RIGHT(C63,LEN(C63)-SEARCH("@",C63)-1))),"") | B63: =LEFT(RIGHT(RIGHT(Tableau4[[#This Row],[file name]],LEN(Tableau4[[#This Row],[file name]])-SEARCH("@",Tableau4[[#This Row],[file name]])),LEN(RIGHT(Tableau4[[#This Row],[file name]],LEN(Tableau4[[#This Row],[file name]])-SEARCH("@",Tableau4[[#This Row],[file name]])))-SEARCH("/",RIGHT(Tableau4[[#This Row],[file name]],LEN(Tableau4[[#This Row],[file name]])-SEARCH("@",Tableau4[[#This Row],[file name]])))),1) -> #VALUE! | C63: group | E63: mean of mean fluo | F63: SD mean fluo | G63: mean of total fluo | H63: SD total fluo | I63: n fluorescent | J63: n total
A64: =IFERROR(LEFT(RIGHT(C64,LEN(C64)-SEARCH("@",C64)),SEARCH("/",RIGHT(C64,LEN(C64)-SEARCH("@",C64)-1))),"") -> 15 | B64: =LEFT(RIGHT(RIGHT(Tableau4[[#This Row],[file name]],LEN(Tableau4[[#This Row],[file name]])-SEARCH("@",Tableau4[[#This Row],[file name]])),LEN(RIGHT(Tableau4[[#This Row],[file name]],LEN(Tableau4[[#This Row],[file name]])-SEARCH("@",Tableau4[[#This Row],[file name]])))-SEARCH("/",RIGHT(Tableau4[[#This Row],[file name]],LEN(Tableau4[[#This Row],[file name]])-SEARCH("@",Tableau4[[#This Row],[file name]])))),1) | C64: C:\Users\cbarrier\Desktop\Calibration\20201110_Cefas_Test3_Run1/@15/ | E64: 47.4978 | F64: 6.9905 | G64: 150466.125 | H64: 65257.0663 | I64: 8 | J64: 8
A65: =IFERROR(LEFT(RIGHT(C65,LEN(C65)-SEARCH("@",C65)),SEARCH("/",RIGHT(C65,LEN(C65)-SEARCH("@",C65)-1))),"") | B65: =LEFT(RIGHT(RIGHT(Tableau4[[#This Row],[file name]],LEN(Tableau4[[#This Row],[file name]])-SEARCH("@",Tableau4[[#This Row],[file name]])),LEN(RIGHT(Tableau4[[#This Row],[file name]],LEN(Tableau4[[#This Row],[file name]])-SEARCH("@",Tableau4[[#This Row],[file name]])))-SEARCH("/",RIGHT(Tableau4[[#This Row],[file name]],LEN(Tableau4[[#This Row],[file name]])-SEARCH("@",Tableau4[[#This Row],[file name]])))),1) -> #VALUE!
A66: =IFERROR(LEFT(RIGHT(C66,LEN(C66)-SEARCH("@",C66)),SEARCH("/",RIGHT(C66,LEN(C66)-SEARCH("@",C66)-1))),"") | B66: =LEFT(RIGHT(RIGHT(Tableau4[[#This Row],[file name]],LEN(Tableau4[[#This Row],[file name]])-SEARCH("@",Tableau4[[#This Row],[file name]])),LEN(RIGHT(Tableau4[[#This Row],[file name]],LEN(Tableau4[[#This Row],[file name]])-SEARCH("@",Tableau4[[#This Row],[file name]])))-SEARCH("/",RIGHT(Tableau4[[#This Row],[file name]],LEN(Tableau4[[#This Row],[file name]])-SEARCH("@",Tableau4[[#This Row],[file name]])))),1) -> #VALUE!
A67: =IFERROR(LEFT(RIGHT(C67,LEN(C67)-SEARCH("@",C67)),SEARCH("/",RIGHT(C67,LEN(C67)-SEARCH("@",C67)-1))),"") | B67: =LEFT(RIGHT(RIGHT(Tableau4[[#This Row],[file name]],LEN(Tableau4[[#This Row],[file name]])-SEARCH("@",Tableau4[[#This Row],[file name]])),LEN(RIGHT(Tableau4[[#This Row],[file name]],LEN(Tableau4[[#This Row],[file name]])-SEARCH("@",Tableau4[[#This Row],[file name]])))-SEARCH("/",RIGHT(Tableau4[[#This Row],[file name]],LEN(Tableau4[[#This Row],[file name]])-SEARCH("@",Tableau4[[#This Row],[file name]])))),1) -> #VALUE!
A68: =IFERROR(LEFT(RIGHT(C68,LEN(C68)-SEARCH("@",C68)),SEARCH("/",RIGHT(C68,LEN(C68)-SEARCH("@",C68)-1))),"") | B68: =LEFT(RIGHT(RIGHT(Tableau4[[#This Row],[file name]],LEN(Tableau4[[#This Row],[file name]])-SEARCH("@",Tableau4[[#This Row],[file name]])),LEN(RIGHT(Tableau4[[#This Row],[file name]],LEN(Tableau4[[#This Row],[file name]])-SEARCH("@",Tableau4[[#This Row],[file name]])))-SEARCH("/",RIGHT(Tableau4[[#This Row],[file name]],LEN(Tableau4[[#This Row],[file name]])-SEARCH("@",Tableau4[[#This Row],[file name]])))),1) -> #VALUE!
A69: =IFERROR(LEFT(RIGHT(C69,LEN(C69)-SEARCH("@",C69)),SEARCH("/",RIGHT(C69,LEN(C69)-SEARCH("@",C69)-1))),"") | B69: =LEFT(RIGHT(RIGHT(Tableau4[[#This Row],[file name]],LEN(Tableau4[[#This Row],[file name]])-SEARCH("@",Tableau4[[#This Row],[file name]])),LEN(RIGHT(Tableau4[[#This Row],[file name]],LEN(Tableau4[[#This Row],[file name]])-SEARCH("@",Tableau4[[#This Row],[file name]])))-SEARCH("/",RIGHT(Tableau4[[#This Row],[file name]],LEN(Tableau4[[#This Row],[file name]])-SEARCH("@",Tableau4[[#This Row],[file name]])))),1) -> #VALUE!
A70: =IFERROR(LEFT(RIGHT(C70,LEN(C70)-SEARCH("@",C70)),SEARCH("/",RIGHT(C70,LEN(C70)-SEARCH("@",C70)-1))),"") | B70: =LEFT(RIGHT(RIGHT(Tableau4[[#This Row],[file name]],LEN(Tableau4[[#This Row],[file name]])-SEARCH("@",Tableau4[[#This Row],[file name]])),LEN(RIGHT(Tableau4[[#This Row],[file name]],LEN(Tableau4[[#This Row],[file name]])-SEARCH("@",Tableau4[[#This Row],[file name]])))-SEARCH("/",RIGHT(Tableau4[[#This Row],[file name]],LEN(Tableau4[[#This Row],[file name]])-SEARCH("@",Tableau4[[#This Row],[file name]])))),1) -> #VALUE! | C70: file name | D70: total area | E70: mean intensity | G70: total fluorescence
A71: =IFERROR(LEFT(RIGHT(C71,LEN(C71)-SEARCH("@",C71)),SEARCH("/",RIGHT(C71,LEN(C71)-SEARCH("@",C71)-1))),"") -> 16 | B71: =LEFT(RIGHT(RIGHT(Tableau4[[#This Row],[file name]],LEN(Tableau4[[#This Row],[file name]])-SEARCH("@",Tableau4[[#This Row],[file name]])),LEN(RIGHT(Tableau4[[#This Row],[file name]],LEN(Tableau4[[#This Row],[file name]])-SEARCH("@",Tableau4[[#This Row],[file name]])))-SEARCH("/",RIGHT(Tableau4[[#This Row],[file name]],LEN(Tableau4[[#This Row],[file name]])-SEARCH("@",Tableau4[[#This Row],[file name]])))),1) -> 2 | C71: C:\Users\cbarrier\Desktop\Calibration\20201110_Cefas_Test3_Run1/@16/20201110_Cefas_Test3_Run1/@16/A12.tif | D71: 114 | E71: 32.8421 | G71: 3744
A72: =IFERROR(LEFT(RIGHT(C72,LEN(C72)-SEARCH("@",C72)),SEARCH("/",RIGHT(C72,LEN(C72)-SEARCH("@",C72)-1))),"") -> 16 | B72: =LEFT(RIGHT(RIGHT(Tableau4[[#This Row],[file name]],LEN(Tableau4[[#This Row],[file name]])-SEARCH("@",Tableau4[[#This Row],[file name]])),LEN(RIGHT(Tableau4[[#This Row],[file name]],LEN(Tableau4[[#This Row],[file name]])-SEARCH("@",Tableau4[[#This Row],[file name]])))-SEARCH("/",RIGHT(Tableau4[[#This Row],[file name]],LEN(Tableau4[[#This Row],[file name]])-SEARCH("@",Tableau4[[#This Row],[file name]])))),1) -> 2 | C72: C:\Users\cbarrier\Desktop\Calibration\20201110_Cefas_Test3_Run1/@16/20201110_Cefas_Test3_Run1/@16/B12.tif | D72: 302 | E72: 36.2417 | G72: 10945
A73: =IFERROR(LEFT(RIGHT(C73,LEN(C73)-SEARCH("@",C73)),SEARCH("/",RIGHT(C73,LEN(C73)-SEARCH("@",C73)-1))),"") -> 16 | B73: =LEFT(RIGHT(RIGHT(Tableau4[[#This Row],[file name]],LEN(Tableau4[[#This Row],[file name]])-SEARCH("@",Tableau4[[#This Row],[file name]])),LEN(RIGHT(Tableau4[[#This Row],[file name]],LEN(Tableau4[[#This Row],[file name]])-SEARCH("@",Tableau4[[#This Row],[file name]])))-SEARCH("/",RIGHT(Tableau4[[#This Row],[file name]],LEN(Tableau4[[#This Row],[file name]])-SEARCH("@",Tableau4[[#This Row],[file name]])))),1) -> 2 | C73: C:\Users\cbarrier\Desktop\Calibration\20201110_Cefas_Test3_Run1/@16/20201110_Cefas_Test3_Run1/@16/C12- exclu.tif
A74: =IFERROR(LEFT(RIGHT(C74,LEN(C74)-SEARCH("@",C74)),SEARCH("/",RIGHT(C74,LEN(C74)-SEARCH("@",C74)-1))),"") -> 16 | B74: =LEFT(RIGHT(RIGHT(Tableau4[[#This Row],[file name]],LEN(Tableau4[[#This Row],[file name]])-SEARCH("@",Tableau4[[#This Row],[file name]])),LEN(RIGHT(Tableau4[[#This Row],[file name]],LEN(Tableau4[[#This Row],[file name]])-SEARCH("@",Tableau4[[#This Row],[file name]])))-SEARCH("/",RIGHT(Tableau4[[#This Row],[file name]],LEN(Tableau4[[#This Row],[file name]])-SEARCH("@",Tableau4[[#This Row],[file name]])))),1) -> 2 | C74: C:\Users\cbarrier\Desktop\Calibration\20201110_Cefas_Test3_Run1/@16/20201110_Cefas_Test3_Run1/@16/D12- exclu.tif
A75: =IFERROR(LEFT(RIGHT(C75,LEN(C75)-SEARCH("@",C75)),SEARCH("/",RIGHT(C75,LEN(C75)-SEARCH("@",C75)-1))),"") -> 16 | B75: =LEFT(RIGHT(RIGHT(Tableau4[[#This Row],[file name]],LEN(Tableau4[[#This Row],[file name]])-SEARCH("@",Tableau4[[#This Row],[file name]])),LEN(RIGHT(Tableau4[[#This Row],[file name]],LEN(Tableau4[[#This Row],[file name]])-SEARCH("@",Tableau4[[#This Row],[file name]])))-SEARCH("/",RIGHT(Tableau4[[#This Row],[file name]],LEN(Tableau4[[#This Row],[file name]])-SEARCH("@",Tableau4[[#This Row],[file name]])))),1) -> 2 | C75: C:\Users\cbarrier\Desktop\Calibration\20201110_Cefas_Test3_Run1/@16/20201110_Cefas_Test3_Run1/@16/E12.tif | D75: 132 | E75: 36.1742 | G75: 4775
A76: =IFERROR(LEFT(RIGHT(C76,LEN(C76)-SEARCH("@",C76)),SEARCH("/",RIGHT(C76,LEN(C76)-SEARCH("@",C76)-1))),"") -> 16 | B76: =LEFT(RIGHT(RIGHT(Tableau4[[#This Row],[file name]],LEN(Tableau4[[#This Row],[file name]])-SEARCH("@",Tableau4[[#This Row],[file name]])),LEN(RIGHT(Tableau4[[#This Row],[file name]],LEN(Tableau4[[#This Row],[file name]])-SEARCH("@",Tableau4[[#This Row],[file name]])))-SEARCH("/",RIGHT(Tableau4[[#This Row],[file name]],LEN(Tableau4[[#This Row],[file name]])-SEARCH("@",Tableau4[[#This Row],[file name]])))),1) -> 2 | C76: C:\Users\cbarrier\Desktop\Calibration\20201110_Cefas_Test3_Run1/@16/20201110_Cefas_Test3_Run1/@16/F12.tif | D76: 81 | E76: 34.4074 | G76: 2787
A77: =IFERROR(LEFT(RIGHT(C77,LEN(C77)-SEARCH("@",C77)),SEARCH("/",RIGHT(C77,LEN(C77)-SEARCH("@",C77)-1))),"") -> 16 | B77: =LEFT(RIGHT(RIGHT(Tableau4[[#This Row],[file name]],LEN(Tableau4[[#This Row],[file name]])-SEARCH("@",Tableau4[[#This Row],[file name]])),LEN(RIGHT(Tableau4[[#This Row],[file name]],LEN(Tableau4[[#This Row],[file name]])-SEARCH("@",Tableau4[[#This Row],[file name]])))-SEARCH("/",RIGHT(Tableau4[[#This Row],[file name]],LEN(Tableau4[[#This Row],[file name]])-SEARCH("@",Tableau4[[#This Row],[file name]])))),1) -> 2 | C77: C:\Users\cbarrier\Desktop\Calibration\20201110_Cefas_Test3_Run1/@16/20201110_Cefas_Test3_Run1/@16/G12.tif | D77: 19 | E77: 32.3158 | G77: 614
A78: =IFERROR(LEFT(RIGHT(C78,LEN(C78)-SEARCH("@",C78)),SEARCH("/",RIGHT(C78,LEN(C78)-SEARCH("@",C78)-1))),"") -> 16 | B78: =LEFT(RIGHT(RIGHT(Tableau4[[#This Row],[file name]],LEN(Tableau4[[#This Row],[file name]])-SEARCH("@",Tableau4[[#This Row],[file name]])),LEN(RIGHT(Tableau4[[#This Row],[file name]],LEN(Tableau4[[#This Row],[file name]])-SEARCH("@",Tableau4[[#This Row],[file name]])))-SEARCH("/",RIGHT(Tableau4[[#This Row],[file name]],LEN(Tableau4[[#This Row],[file name]])-SEARCH("@",Tableau4[[#This Row],[file name]])))),1) -> 2 | C78: C:\Users\cbarrier\Desktop\Calibration\20201110_Cefas_Test3_Run1/@16/20201110_Cefas_Test3_Run1/@16/H12.tif | D78: 110 | E78: 35.4727 | G78: 3902
A79: =IFERROR(LEFT(RIGHT(C79,LEN(C79)-SEARCH("@",C79)),SEARCH("/",RIGHT(C79,LEN(C79)-SEARCH("@",C79)-1))),"") | B79: =LEFT(RIGHT(RIGHT(Tableau4[[#This Row],[file name]],LEN(Tableau4[[#This Row],[file name]])-SEARCH("@",Tableau4[[#This Row],[file name]])),LEN(RIGHT(Tableau4[[#This Row],[file name]],LEN(Tableau4[[#This Row],[file name]])-SEARCH("@",Tableau4[[#This Row],[file name]])))-SEARCH("/",RIGHT(Tableau4[[#This Row],[file name]],LEN(Tableau4[[#This Row],[file name]])-SEARCH("@",Tableau4[[#This Row],[file name]])))),1) -> #VALUE!
A80: =IFERROR(LEFT(RIGHT(C80,LEN(C80)-SEARCH("@",C80)),SEARCH("/",RIGHT(C80,LEN(C80)-SEARCH("@",C80)-1))),"") | B80: =LEFT(RIGHT(RIGHT(Tableau4[[#This Row],[file name]],LEN(Tableau4[[#This Row],[file name]])-SEARCH("@",Tableau4[[#This Row],[file name]])),LEN(RIGHT(Tableau4[[#This Row],[file name]],LEN(Tableau4[[#This Row],[file name]])-SEARCH("@",Tableau4[[#This Row],[file name]])))-SEARCH("/",RIGHT(Tableau4[[#This Row],[file name]],LEN(Tableau4[[#This Row],[file name]])-SEARCH("@",Tableau4[[#This Row],[file name]])))),1) -> #VALUE! | C80: group | E80: mean of mean fluo | F80: SD mean fluo | G80: mean of total fluo | H80: SD total fluo | I80: n fluorescent | J80: n total
A81: =IFERROR(LEFT(RIGHT(C81,LEN(C81)-SEARCH("@",C81)),SEARCH("/",RIGHT(C81,LEN(C81)-SEARCH("@",C81)-1))),"") -> 16 | B81: =LEFT(RIGHT(RIGHT(Tableau4[[#This Row],[file name]],LEN(Tableau4[[#This Row],[file name]])-SEARCH("@",Tableau4[[#This Row],[file name]])),LEN(RIGHT(Tableau4[[#This Row],[file name]],LEN(Tableau4[[#This Row],[file name]])-SEARCH("@",Tableau4[[#This Row],[file name]])))-SEARCH("/",RIGHT(Tableau4[[#This Row],[file name]],LEN(Tableau4[[#This Row],[file name]])-SEARCH("@",Tableau4[[#This Row],[file name]])))),1) | C81: C:\Users\cbarrier\Desktop\Calibration\20201110_Cefas_Test3_Run1/@16/ | E81: 33.0461 | F81: 15.5382 | G81: 7586 | H81: 11149.8637 | I81: 7 | J81: 8
A82: =IFERROR(LEFT(RIGHT(C82,LEN(C82)-SEARCH("@",C82)),SEARCH("/",RIGHT(C82,LEN(C82)-SEARCH("@",C82)-1))),"") | B82: =LEFT(RIGHT(RIGHT(Tableau4[[#This Row],[file name]],LEN(Tableau4[[#This Row],[file name]])-SEARCH("@",Tableau4[[#This Row],[file name]])),LEN(RIGHT(Tableau4[[#This Row],[file name]],LEN(Tableau4[[#This Row],[file name]])-SEARCH("@",Tableau4[[#This Row],[file name]])))-SEARCH("/",RIGHT(Tableau4[[#This Row],[file name]],LEN(Tableau4[[#This Row],[file name]])-SEARCH("@",Tableau4[[#This Row],[file name]])))),1) -> #VALUE!
A83: =IFERROR(LEFT(RIGHT(C83,LEN(C83)-SEARCH("@",C83)),SEARCH("/",RIGHT(C83,LEN(C83)-SEARCH("@",C83)-1))),"") | B83: =LEFT(RIGHT(RIGHT(Tableau4[[#This Row],[file name]],LEN(Tableau4[[#This Row],[file name]])-SEARCH("@",Tableau4[[#This Row],[file name]])),LEN(RIGHT(Tableau4[[#This Row],[file name]],LEN(Tableau4[[#This Row],[file name]])-SEARCH("@",Tableau4[[#This Row],[file name]])))-SEARCH("/",RIGHT(Tableau4[[#This Row],[file name]],LEN(Tableau4[[#This Row],[file name]])-SEARCH("@",Tableau4[[#This Row],[file name]])))),1) -> #VALUE!
A84: =IFERROR(LEFT(RIGHT(C84,LEN(C84)-SEARCH("@",C84)),SEARCH("/",RIGHT(C84,LEN(C84)-SEARCH("@",C84)-1))),"") | B84: =LEFT(RIGHT(RIGHT(Tableau4[[#This Row],[file name]],LEN(Tableau4[[#This Row],[file name]])-SEARCH("@",Tableau4[[#This Row],[file name]])),LEN(RIGHT(Tableau4[[#This Row],[file name]],LEN(Tableau4[[#This Row],[file name]])-SEARCH("@",Tableau4[[#This Row],[file name]])))-SEARCH("/",RIGHT(Tableau4[[#This Row],[file name]],LEN(Tableau4[[#This Row],[file name]])-SEARCH("@",Tableau4[[#This Row],[file name]])))),1) -> #VALUE!
A85: =IFERROR(LEFT(RIGHT(C85,LEN(C85)-SEARCH("@",C85)),SEARCH("/",RIGHT(C85,LEN(C85)-SEARCH("@",C85)-1))),"") | B85: =LEFT(RIGHT(RIGHT(Tableau4[[#This Row],[file name]],LEN(Tableau4[[#This Row],[file name]])-SEARCH("@",Tableau4[[#This Row],[file name]])),LEN(RIGHT(Tableau4[[#This Row],[file name]],LEN(Tableau4[[#This Row],[file name]])-SEARCH("@",Tableau4[[#This Row],[file name]])))-SEARCH("/",RIGHT(Tableau4[[#This Row],[file name]],LEN(Tableau4[[#This Row],[file name]])-SEARCH("@",Tableau4[[#This Row],[file name]])))),1) -> #VALUE!
A86: =IFERROR(LEFT(RIGHT(C86,LEN(C86)-SEARCH("@",C86)),SEARCH("/",RIGHT(C86,LEN(C86)-SEARCH("@",C86)-1))),"") | B86: =LEFT(RIGHT(RIGHT(Tableau4[[#This Row],[file name]],LEN(Tableau4[[#This Row],[file name]])-SEARCH("@",Tableau4[[#This Row],[file name]])),LEN(RIGHT(Tableau4[[#This Row],[file name]],LEN(Tableau4[[#This Row],[file name]])-SEARCH("@",Tableau4[[#This Row],[file name]])))-SEARCH("/",RIGHT(Tableau4[[#This Row],[file name]],LEN(Tableau4[[#This Row],[file name]])-SEARCH("@",Tableau4[[#This Row],[file name]])))),1) -> #VALUE!
A87: =IFERROR(LEFT(RIGHT(C87,LEN(C87)-SEARCH("@",C87)),SEARCH("/",RIGHT(C87,LEN(C87)-SEARCH("@",C87)-1))),"") | B87: =LEFT(RIGHT(RIGHT(Tableau4[[#This Row],[file name]],LEN(Tableau4[[#This Row],[file name]])-SEARCH("@",Tableau4[[#This Row],[file name]])),LEN(RIGHT(Tableau4[[#This Row],[file name]],LEN(Tableau4[[#This Row],[file name]])-SEARCH("@",Tableau4[[#This Row],[file name]])))-SEARCH("/",RIGHT(Tableau4[[#This Row],[file name]],LEN(Tableau4[[#This Row],[file name]])-SEARCH("@",Tableau4[[#This Row],[file name]])))),1) -> #VALUE! | C87: file name | D87: total area | E87: mean intensity | G87: total fluorescence
A88: =IFERROR(LEFT(RIGHT(C88,LEN(C88)-SEARCH("@",C88)),SEARCH("/",RIGHT(C88,LEN(C88)-SEARCH("@",C88)-1))),"") -> 2 | B88: =LEFT(RIGHT(RIGHT(Tableau4[[#This Row],[file name]],LEN(Tableau4[[#This Row],[file name]])-SEARCH("@",Tableau4[[#This Row],[file name]])),LEN(RIGHT(Tableau4[[#This Row],[file name]],LEN(Tableau4[[#This Row],[file name]])-SEARCH("@",Tableau4[[#This Row],[file name]])))-SEARCH("/",RIGHT(Tableau4[[#This Row],[file name]],LEN(Tableau4[[#This Row],[file name]])-SEARCH("@",Tableau4[[#This Row],[file name]])))),1) -> 2 | C88: C:\Users\cbarrier\Desktop\Calibration\20201110_Cefas_Test3_Run1/@2/20201110_Cefas_Test3_Run1/@2/A2.tif | D88: 422 | E88: 40.2773 | G88: 16997
A89: =IFERROR(LEFT(RIGHT(C89,LEN(C89)-SEARCH("@",C89)),SEARCH("/",RIGHT(C89,LEN(C89)-SEARCH("@",C89)-1))),"") -> 2 | B89: =LEFT(RIGHT(RIGHT(Tableau4[[#This Row],[file name]],LEN(Tableau4[[#This Row],[file name]])-SEARCH("@",Tableau4[[#This Row],[file name]])),LEN(RIGHT(Tableau4[[#This Row],[file name]],LEN(Tableau4[[#This Row],[file name]])-SEARCH("@",Tableau4[[#This Row],[file name]])))-SEARCH("/",RIGHT(Tableau4[[#This Row],[file name]],LEN(Tableau4[[#This Row],[file name]])-SEARCH("@",Tableau4[[#This Row],[file name]])))),1) -> 2 | C89: C:\Users\cbarrier\Desktop\Calibration\20201110_Cefas_Test3_Run1/@2/20201110_Cefas_Test3_Run1/@2/B2.tif | D89: 183 | E89: 34.1202 | G89: 6244
A90: =IFERROR(LEFT(RIGHT(C90,LEN(C90)-SEARCH("@",C90)),SEARCH("/",RIGHT(C90,LEN(C90)-SEARCH("@",C90)-1))),"") -> 2 | B90: =LEFT(RIGHT(RIGHT(Tableau4[[#This Row],[file name]],LEN(Tableau4[[#This Row],[file name]])-SEARCH("@",Tableau4[[#This Row],[file name]])),LEN(RIGHT(Tableau4[[#This Row],[file name]],LEN(Tableau4[[#This Row],[file name]])-SEARCH("@",Tableau4[[#This Row],[file name]])))-SEARCH("/",RIGHT(Tableau4[[#This Row],[file name]],LEN(Tableau4[[#This Row],[file name]])-SEARCH("@",Tableau4[[#This Row],[file name]])))),1) -> 2 | C90: C:\Users\cbarrier\Desktop\Calibration\20201110_Cefas_Test3_Run1/@2/20201110_Cefas_Test3_Run1/@2/C2.tif | D90: 479 | E90: 42.4342 | G90: 20326
A91: =IFERROR(LEFT(RIGHT(C91,LEN(C91)-SEARCH("@",C91)),SEARCH("/",RIGHT(C91,LEN(C91)-SEARCH("@",C91)-1))),"") -> 2 | B91: =LEFT(RIGHT(RIGHT(Tableau4[[#This Row],[file name]],LEN(Tableau4[[#This Row],[file name]])-SEARCH("@",Tableau4[[#This Row],[file name]])),LEN(RIGHT(Tableau4[[#This Row],[file name]],LEN(Tableau4[[#This Row],[file name]])-SEARCH("@",Tableau4[[#This Row],[file name]])))-SEARCH("/",RIGHT(Tableau4[[#This Row],[file name]],LEN(Tableau4[[#This Row],[file name]])-SEARCH("@",Tableau4[[#This Row],[file name]])))),1) -> 2 | C91: C:\Users\cbarrier\Desktop\Calibration\20201110_Cefas_Test3_Run1/@2/20201110_Cefas_Test3_Run1/@2/D2.tif | D91: 141 | E91: 37 | G91: 5217
A92: =IFERROR(LEFT(RIGHT(C92,LEN(C92)-SEARCH("@",C92)),SEARCH("/",RIGHT(C92,LEN(C92)-SEARCH("@",C92)-1))),"") -> 2 | B92: =LEFT(RIGHT(RIGHT(Tableau4[[#This Row],[file name]],LEN(Tableau4[[#This Row],[file name]])-SEARCH("@",Tableau4[[#This Row],[file name]])),LEN(RIGHT(Tableau4[[#This Row],[file name]],LEN(Tableau4[[#This Row],[file name]])-SEARCH("@",Tableau4[[#This Row],[file name]])))-SEARCH("/",RIGHT(Tableau4[[#This Row],[file name]],LEN(Tableau4[[#This Row],[file name]])-SEARCH("@",Tableau4[[#This Row],[file name]])))),1) -> 2 | C92: C:\Users\cbarrier\Desktop\Calibration\20201110_Cefas_Test3_Run1/@2/20201110_Cefas_Test3_Run1/@2/E2.tif | D92: 124 | E92: 37.2097 | G92: 4614
A93: =IFERROR(LEFT(RIGHT(C93,LEN(C93)-SEARCH("@",C93)),SEARCH("/",RIGHT(C93,LEN(C93)-SEARCH("@",C93)-1))),"") -> 2 | B93: =LEFT(RIGHT(RIGHT(Tableau4[[#This Row],[file name]],LEN(Tableau4[[#This Row],[file name]])-SEARCH("@",Tableau4[[#This Row],[file name]])),LEN(RIGHT(Tableau4[[#This Row],[file name]],LEN(Tableau4[[#This Row],[file name]])-SEARCH("@",Tableau4[[#This Row],[file name]])))-SEARCH("/",RIGHT(Tableau4[[#This Row],[file name]],LEN(Tableau4[[#This Row],[file name]])-SEARCH("@",Tableau4[[#This Row],[file name]])))),1) -> 2 | C93: C:\Users\cbarrier\Desktop\Calibration\20201110_Cefas_Test3_Run1/@2/20201110_Cefas_Test3_Run1/@2/F2.tif | D93: 324 | E93: 46.5494 | G93: 15082
A94: =IFERROR(LEFT(RIGHT(C94,LEN(C94)-SEARCH("@",C94)),SEARCH("/",RIGHT(C94,LEN(C94)-SEARCH("@",C94)-1))),"") -> 2 | B94: =LEFT(RIGHT(RIGHT(Tableau4[[#This Row],[file name]],LEN(Tableau4[[#This Row],[file name]])-SEARCH("@",Tableau4[[#This Row],[file name]])),LEN(RIGHT(Tableau4[[#This Row],[file name]],LEN(Tableau4[[#This Row],[file name]])-SEARCH("@",Tableau4[[#This Row],[file name]])))-SEARCH("/",RIGHT(Tableau4[[#This Row],[file name]],LEN(Tableau4[[#This Row],[file name]])-SEARCH("@",Tableau4[[#This Row],[file name]])))),1) -> 2 | C94: C:\Users\cbarrier\Desktop\Calibration\20201110_Cefas_Test3_Run1/@2/20201110_Cefas_Test3_Run1/@2/G2.tif | D94: 13 | E94: 30.7692 | G94: 400
A95: =IFERROR(LEFT(RIGHT(C95,LEN(C95)-SEARCH("@",C95)),SEARCH("/",RIGHT(C95,LEN(C95)-SEARCH("@",C95)-1))),"") -> 2 | B95: =LEFT(RIGHT(RIGHT(Tableau4[[#This Row],[file name]],LEN(Tableau4[[#This Row],[file name]])-SEARCH("@",Tableau4[[#This Row],[file name]])),LEN(RIGHT(Tableau4[[#This Row],[file name]],LEN(Tableau4[[#This Row],[file name]])-SEARCH("@",Tableau4[[#This Row],[file name]])))-SEARCH("/",RIGHT(Tableau4[[#This Row],[file name]],LEN(Tableau4[[#This Row],[file name]])-SEARCH("@",Tableau4[[#This Row],[file name]])))),1) -> 2 | C95: C:\Users\cbarrier\Desktop\Calibration\20201110_Cefas_Test3_Run1/@2/20201110_Cefas_Test3_Run1/@2/H2.tif | D95: 434 | E95: 41.3618 | G95: 17951
A96: =IFERROR(LEFT(RIGHT(C96,LEN(C96)-SEARCH("@",C96)),SEARCH("/",RIGHT(C96,LEN(C96)-SEARCH("@",C96)-1))),"") | B96: =LEFT(RIGHT(RIGHT(Tableau4[[#This Row],[file name]],LEN(Tableau4[[#This Row],[file name]])-SEARCH("@",Tableau4[[#This Row],[file name]])),LEN(RIGHT(Tableau4[[#This Row],[file name]],LEN(Tableau4[[#This Row],[file name]])-SEARCH("@",Tableau4[[#This Row],[file name]])))-SEARCH("/",RIGHT(Tableau4[[#This Row],[file name]],LEN(Tableau4[[#This Row],[file name]])-SEARCH("@",Tableau4[[#This Row],[file name]])))),1) -> #VALUE!
A97: =IFERROR(LEFT(RIGHT(C97,LEN(C97)-SEARCH("@",C97)),SEARCH("/",RIGHT(C97,LEN(C97)-SEARCH("@",C97)-1))),"") | B97: =LEFT(RIGHT(RIGHT(Tableau4[[#This Row],[file name]],LEN(Tableau4[[#This Row],[file name]])-SEARCH("@",Tableau4[[#This Row],[file name]])),LEN(RIGHT(Tableau4[[#This Row],[file name]],LEN(Tableau4[[#This Row],[file name]])-SEARCH("@",Tableau4[[#This Row],[file name]])))-SEARCH("/",RIGHT(Tableau4[[#This Row],[file name]],LEN(Tableau4[[#This Row],[file name]])-SEARCH("@",Tableau4[[#This Row],[file name]])))),1) -> #VALUE! | C97: group | E97: mean of mean fluo | F97: SD mean fluo | G97: mean of total fluo | H97: SD total fluo | I97: n fluorescent | J97: n total
A98: =IFERROR(LEFT(RIGHT(C98,LEN(C98)-SEARCH("@",C98)),SEARCH("/",RIGHT(C98,LEN(C98)-SEARCH("@",C98)-1))),"") -> 2 | B98: =LEFT(RIGHT(RIGHT(Tableau4[[#This Row],[file name]],LEN(Tableau4[[#This Row],[file name]])-SEARCH("@",Tableau4[[#This Row],[file name]])),LEN(RIGHT(Tableau4[[#This Row],[file name]],LEN(Tableau4[[#This Row],[file name]])-SEARCH("@",Tableau4[[#This Row],[file name]])))-SEARCH("/",RIGHT(Tableau4[[#This Row],[file name]],LEN(Tableau4[[#This Row],[file name]])-SEARCH("@",Tableau4[[#This Row],[file name]])))),1) | C98: C:\Users\cbarrier\Desktop\Calibration\20201110_Cefas_Test3_Run1/@2/ | E98: 38.7152 | F98: 4.9873 | G98: 10853.875 | H98: 7530.4165 | I98: 8 | J98: 8
A99: =IFERROR(LEFT(RIGHT(C99,LEN(C99)-SEARCH("@",C99)),SEARCH("/",RIGHT(C99,LEN(C99)-SEARCH("@",C99)-1))),"") | B99: =LEFT(RIGHT(RIGHT(Tableau4[[#This Row],[file name]],LEN(Tableau4[[#This Row],[file name]])-SEARCH("@",Tableau4[[#This Row],[file name]])),LEN(RIGHT(Tableau4[[#This Row],[file name]],LEN(Tableau4[[#This Row],[file name]])-SEARCH("@",Tableau4[[#This Row],[file name]])))-SEARCH("/",RIGHT(Tableau4[[#This Row],[file name]],LEN(Tableau4[[#This Row],[file name]])-SEARCH("@",Tableau4[[#This Row],[file name]])))),1) -> #VALUE!
A100: =IFERROR(LEFT(RIGHT(C100,LEN(C100)-SEARCH("@",C100)),SEARCH("/",RIGHT(C100,LEN(C100)-SEARCH("@",C100)-1))),"") | B100: =LEFT(RIGHT(RIGHT(Tableau4[[#This Row],[file name]],LEN(Tableau4[[#This Row],[file name]])-SEARCH("@",Tableau4[[#This Row],[file name]])),LEN(RIGHT(Tableau4[[#This Row],[file name]],LEN(Tableau4[[#This Row],[file name]])-SEARCH("@",Tableau4[[#This Row],[file name]])))-SEARCH("/",RIGHT(Tableau4[[#This Row],[file name]],LEN(Tableau4[[#This Row],[file name]])-SEARCH("@",Tableau4[[#This Row],[file name]])))),1) -> #VALUE!
...

Sheet R1
A1: 3. Expérimentateur 1 : copier et coller les valeurs des intensités totales de fluorescences obtenues dans le fichier raw data lors du traitement des images.
A3: R1 | B3: Non dopé | J3: avec testo
A4: Noms des groupes | B4: ='Page de garde'!A7 -> Témoin solvant | C4: ='Page de garde'!A9 -> EE2-33,8ng/L | D4: ='Page de garde'!A10 -> EE2-50,6ng/L | E4: ='Page de garde'!A11 -> EE2-76ng/L | F4: ='Page de garde'!A12 -> EE2-114ng/L | G4: ='Page de garde'!A13 -> EE2-170,9ng/L | H4: ='Page de garde'!A14 -> EE2-488ng/L | J4: ='Page de garde'!A36 -> Testo -30µg/L | K4: ='Page de garde'!A37 -> Testo 30µg/L + EE2 -64ng/L | L4: ='Page de garde'!A38 -> Testo 30µg/L + FAD-10mg/L
A5: Données brutes | C5: ='Raw data R1'!G88 -> 16997 | D5: ='Raw data R1'!G105 -> 7725 | E5: ='Raw data R1'!G122 -> 4226 | G5: ='Raw data R1'!G156 -> 72128 | J5: ='Raw data R1'!G20 -> 91890 | K5: ='Raw data R1'!G54 -> 168782 | L5: ='Raw data R1'!G71 -> 3744
B6: ='Raw data R1'!G4 -> 4209 | C6: ='Raw data R1'!G89 -> 6244 | D6: ='Raw data R1'!G106 -> 9599 | E6: ='Raw data R1'!G123 -> 22487 | F6: ='Raw data R1'!G140 -> 22801 | G6: ='Raw data R1'!G157 -> 109241 | H6: ='Raw data R1'!G174 -> 212197 | J6: ='Raw data R1'!G21 -> 15670 | K6: ='Raw data R1'!G55 -> 170359 | L6: ='Raw data R1'!G72 -> 10945
B7: ='Raw data R1'!G5 -> 3382 | C7: ='Raw data R1'!G90 -> 20326 | D7: ='Raw data R1'!G107 -> 25340 | E7: ='Raw data R1'!G124 -> 15514 | F7: ='Raw data R1'!G141 -> 0 | G7: ='Raw data R1'!G158 -> 81161 | H7: ='Raw data R1'!G175 -> 180227 | J7: ='Raw data R1'!G22 -> 63291 | K7: ='Raw data R1'!G56 -> 173175
B8: ='Raw data R1'!G6 -> 1871 | C8: ='Raw data R1'!G91 -> 5217 | D8: ='Raw data R1'!G108 -> 17447 | E8: ='Raw data R1'!G125 -> 2959 | F8: ='Raw data R1'!G142 -> 71554 | G8: ='Raw data R1'!G159 -> 34302 | H8: ='Raw data R1'!G176 -> 147117 | J8: ='Raw data R1'!G23 -> 101274 | K8: ='Raw data R1'!G57 -> 224011
B9: ='Raw data R1'!G7 -> 311 | C9: ='Raw data R1'!G92 -> 4614 | D9: ='Raw data R1'!G109 -> 2231 | E9: ='Raw data R1'!G126 -> 5217 | F9: ='Raw data R1'!G143 -> 8531 | G9: ='Raw data R1'!G160 -> 15204 | H9: ='Raw data R1'!G177 -> 171179 | J9: ='Raw data R1'!G24 -> 128615 | K9: ='Raw data R1'!G58 -> 122186 | L9: ='Raw data R1'!G75 -> 4775
B10: ='Raw data R1'!G8 -> 5307 | C10: ='Raw data R1'!G93 -> 15082 | E10: ='Raw data R1'!G127 -> 47643 | F10: ='Raw data R1'!G144 -> 5071 | G10: ='Raw data R1'!G161 -> 172748 | H10: ='Raw data R1'!G178 -> 186014 | J10: ='Raw data R1'!G25 -> 12817 | L10: ='Raw data R1'!G76 -> 2787
B11: ='Raw data R1'!G9 -> 3551 | C11: ='Raw data R1'!G94 -> 400 | D11: ='Raw data R1'!G111 -> 0 | E11: ='Raw data R1'!G128 -> 968 | F11: ='Raw data R1'!G145 -> 129490 | G11: ='Raw data R1'!G162 -> 103987 | H11: ='Raw data R1'!G179 -> 37059 | J11: ='Raw data R1'!G26 -> 136935 | K11: ='Raw data R1'!G60 -> 176138 | L11: ='Raw data R1'!G77 -> 614
B12: ='Raw data R1'!G10 -> 3203 | C12: ='Raw data R1'!G95 -> 17951 | D12: ='Raw data R1'!G112 -> 842 | E12: ='Raw data R1'!G129 -> 3271 | F12: ='Raw data R1'!G146 -> 48109 | G12: ='Raw data R1'!G163 -> 25034 | H12: ='Raw data R1'!G180 -> 213632 | J12: ='Raw data R1'!G27 -> 134925 | K12: ='Raw data R1'!G61 -> 165168 | L12: ='Raw data R1'!G78 -> 3902
J14: ='Raw data R1'!G38 -> 91466
J15: ='Raw data R1'!G39 -> 15059
J16: ='Raw data R1'!G40 -> 97160
J17: ='Raw data R1'!G41 -> 31226
J18: ='Raw data R1'!G42 -> 109993
J19: ='Raw data R1'!G43 -> 74636
J20: ='Raw data R1'!G44 -> 86075
A22: =A4 -> Noms des groupes | B22: =B4 -> Témoin solvant | C22: =C4 -> EE2-33,8ng/L | D22: =D4 -> EE2-50,6ng/L | E22: =E4 -> EE2-76ng/L | F22: =F4 -> EE2-114ng/L | G22: =G4 -> EE2-170,9ng/L | H22: =H4 -> EE2-488ng/L | I22: Nom des groupes | J22: =J4 -> Testo -30µg/L | K22: =K4 -> Testo 30µg/L + EE2 -64ng/L | L22: =L4 -> Testo 30µg/L + FAD-10mg/L
A23: mean | B23: =AVERAGE(B5:B20) -> 3119.1429 | C23: =AVERAGE(C5:C20) -> 10853.875 | D23: =AVERAGE(D5:D20) -> 9026.2857 | E23: =AVERAGE(E5:E20) -> 12785.625 | F23: =AVERAGE(F5:F20) -> 40793.714 | G23: =AVERAGE(G5:G20) -> 76725.625 | H23: =AVERAGE(H5:H20) -> 163917.86 | I23: mean | J23: =AVERAGE(J5:J20) -> 79402.133 | K23: =AVERAGE(K5:K20) -> 171402.71 | L23: =AVERAGE(L5:L20) -> 4461.1667
A24: SD | B24: =STDEV(B5:B20) -> 1616.6148 | C24: =STDEV(C5:C20) -> 7530.4165 | D24: =STDEV(D5:D20) -> 9431.3248 | E24: =STDEV(E5:E20) -> 15918.971 | F24: =STDEV(F5:F20) -> 46853.672 | G24: =STDEV(G5:G20) -> 52533.306 | H24: =STDEV(H5:H20) -> 60532.033 | I24: SD | J24: =STDEV(J5:J20) -> 43201.262 | K24: =STDEV(K5:K20) -> 29615.057 | L24: =STDEV(L5:L20) -> 3480.4915
B26: Non dopé | J26: avec testo
A27: Noms des groupes | B27: =B4 -> Témoin solvant | C27: =C4 -> EE2-33,8ng/L | D27: =D4 -> EE2-50,6ng/L | E27: =E4 -> EE2-76ng/L | F27: =F4 -> EE2-114ng/L | G27: =G4 -> EE2-170,9ng/L | H27: =H4 -> EE2-488ng/L | J27: =J4 -> Testo -30µg/L | K27: =K4 -> Testo 30µg/L + EE2 -64ng/L | L27: =L4 -> Testo 30µg/L + FAD-10mg/L
A28: Données normalisées sur la moyenne du groupe "Testo" | B28: =IF(B5="","",(B5/$J$23)) | C28: =IF(C5="","",(C5/$J$23)) -> 0.21406226 | D28: =IF(D5="","",(D5/$J$23)) -> 0.097289577 | E28: =IF(E5="","",(E5/$J$23)) -> 0.053222751 | F28: =IF(F5="","",(F5/$J$23)) | G28: =IF(G5="","",(G5/$J$23)) -> 0.90838869 | H28: =IF(H5="","",(H5/$J$23)) | J28: =IF(J5="","",(J5/$J$23)) -> 1.1572737 | K28: =IF(K5="","",(K5/$J$23)) -> 2.1256608 | L28: =IF(L5="","",(L5/$J$23)) -> 0.047152385
B29: =IF(B6="","",(B6/$J$23)) -> 0.053008651 | C29: =IF(C6="","",(C6/$J$23)) -> 0.078637686 | D29: =IF(D6="","",(D6/$J$23)) -> 0.12089096 | E29: =IF(E6="","",(E6/$J$23)) -> 0.28320398 | F29: =IF(F6="","",(F6/$J$23)) -> 0.28715853 | G29: =IF(G6="","",(G6/$J$23)) -> 1.3757943 | H29: =IF(H6="","",(H6/$J$23)) -> 2.6724345 | J29: =IF(J6="","",(J6/$J$23)) -> 0.19734986 | K29: =IF(K6="","",(K6/$J$23)) -> 2.1455217 | L29: =IF(L6="","",(L6/$J$23)) -> 0.13784264
B30: =IF(B7="","",(B7/$J$23)) -> 0.042593314 | C30: =IF(C7="","",(C7/$J$23)) -> 0.25598808 | D30: =IF(D7="","",(D7/$J$23)) -> 0.319135 | E30: =IF(E7="","",(E7/$J$23)) -> 0.19538518 | F30: =IF(F7="","",(F7/$J$23)) -> 0 | G30: =IF(G7="","",(G7/$J$23)) -> 1.0221514 | H30: =IF(H7="","",(H7/$J$23)) -> 2.2698005 | J30: =IF(J7="","",(J7/$J$23)) -> 0.79709445 | K30: =IF(K7="","",(K7/$J$23)) -> 2.1809867 | L30: =IF(L7="","",(L7/$J$23))
B31: =IF(B8="","",(B8/$J$23)) -> 0.023563599 | C31: =IF(C8="","",(C8/$J$23)) -> 0.065703524 | D31: =IF(D8="","",(D8/$J$23)) -> 0.21972961 | E31: =IF(E8="","",(E8/$J$23)) -> 0.037266001 | F31: =IF(F8="","",(F8/$J$23)) -> 0.90115967 | G31: =IF(G8="","",(G8/$J$23)) -> 0.43200351 | H31: =IF(H8="","",(H8/$J$23)) -> 1.8528092 | J31: =IF(J8="","",(J8/$J$23)) -> 1.2754569 | K31: =IF(K8="","",(K8/$J$23)) -> 2.8212214 | L31: =IF(L8="","",(L8/$J$23))
B32: =IF(B9="","",(B9/$J$23)) -> 0.0039167713 | C32: =IF(C9="","",(C9/$J$23)) -> 0.05810927 | D32: =IF(D9="","",(D9/$J$23)) -> 0.028097482 | E32: =IF(E9="","",(E9/$J$23)) -> 0.065703524 | F32: =IF(F9="","",(F9/$J$23)) -> 0.10744044 | G32: =IF(G9="","",(G9/$J$23)) -> 0.191481 | H32: =IF(H9="","",(H9/$J$23)) -> 2.1558489 | J32: =IF(J9="","",(J9/$J$23)) -> 1.6197928 | K32: =IF(K9="","",(K9/$J$23)) -> 1.5388252 | L32: =IF(L9="","",(L9/$J$23)) -> 0.060136923
B33: =IF(B10="","",(B10/$J$23)) -> 0.066836995 | C33: =IF(C10="","",(C10/$J$23)) -> 0.18994452 | D33: =IF(D10="","",(D10/$J$23)) | E33: =IF(E10="","",(E10/$J$23)) -> 0.60002166 | F33: =IF(F10="","",(F10/$J$23)) -> 0.063864783 | G33: =IF(G10="","",(G10/$J$23)) -> 2.1756091 | H33: =IF(H10="","",(H10/$J$23)) -> 2.3426826 | J33: =IF(J10="","",(J10/$J$23)) -> 0.16141884 | K33: =IF(K10="","",(K10/$J$23)) | L33: =IF(L10="","",(L10/$J$23)) -> 0.035099813
B34: =IF(B11="","",(B11/$J$23)) -> 0.04472172 | C34: =IF(C11="","",(C11/$J$23)) -> 0.005037648 | D34: =IF(D11="","",(D11/$J$23)) -> 0 | E34: =IF(E11="","",(E11/$J$23)) -> 0.012191108 | F34: =IF(F11="","",(F11/$J$23)) -> 1.6308126 | G34: =IF(G11="","",(G11/$J$23)) -> 1.3096248 | H34: =IF(H11="","",(H11/$J$23)) -> 0.4667255 | J34: =IF(J11="","",(J11/$J$23)) -> 1.7245758 | K34: =IF(K11="","",(K11/$J$23)) -> 2.2183031 | L34: =IF(L11="","",(L11/$J$23)) -> 0.0077327897
B35: =IF(B12="","",(B12/$J$23)) -> 0.040338967 | C35: =IF(C12="","",(C12/$J$23)) -> 0.22607705 | D35: =IF(D12="","",(D12/$J$23)) -> 0.010604249 | E35: =IF(E12="","",(E12/$J$23)) -> 0.041195367 | F35: =IF(F12="","",(F12/$J$23)) -> 0.60589052 | G35: =IF(G12="","",(G12/$J$23)) -> 0.3152812 | H35: =IF(H12="","",(H12/$J$23)) -> 2.6905071 | J35: =IF(J12="","",(J12/$J$23)) -> 1.6992616 | K35: =IF(K12="","",(K12/$J$23)) -> 2.0801456 | L35: =IF(L12="","",(L12/$J$23)) -> 0.049142256
B36: =IF(B13="","",(B13/$J$23)) | C36: =IF(C13="","",(C13/$J$23)) | D36: =IF(D13="","",(D13/$J$23)) | E36: =IF(E13="","",(E13/$J$23)) | F36: =IF(F13="","",(F13/$J$23)) | G36: =IF(G13="","",(G13/$J$23)) | H36: =IF(H13="","",(H13/$J$23)) | J36: =IF(J13="","",(J13/$J$23)) | K36: =IF(K13="","",(K13/$J$23)) | L36: =IF(L13="","",(L13/$J$23))
B37: =IF(B14="","",(B14/$J$23)) | C37: =IF(C14="","",(C14/$J$23)) | D37: =IF(D14="","",(D14/$J$23)) | E37: =IF(E14="","",(E14/$J$23)) | F37: =IF(F14="","",(F14/$J$23)) | G37: =IF(G14="","",(G14/$J$23)) | H37: =IF(H14="","",(H14/$J$23)) | J37: =IF(J14="","",(J14/$J$23)) -> 1.1519338 | K37: =IF(K14="","",(K14/$J$23)) | L37: =IF(L14="","",(L14/$J$23))
B38: =IF(B15="","",(B15/$J$23)) | C38: =IF(C15="","",(C15/$J$23)) | D38: =IF(D15="","",(D15/$J$23)) | E38: =IF(E15="","",(E15/$J$23)) | F38: =IF(F15="","",(F15/$J$23)) | G38: =IF(G15="","",(G15/$J$23)) | H38: =IF(H15="","",(H15/$J$23)) | J38: =IF(J15="","",(J15/$J$23)) -> 0.18965485 | K38: =IF(K15="","",(K15/$J$23)) | L38: =IF(L15="","",(L15/$J$23))
B39: =IF(B16="","",(B16/$J$23)) | C39: =IF(C16="","",(C16/$J$23)) | D39: =IF(D16="","",(D16/$J$23)) | E39: =IF(E16="","",(E16/$J$23)) | F39: =IF(F16="","",(F16/$J$23)) | G39: =IF(G16="","",(G16/$J$23)) | H39: =IF(H16="","",(H16/$J$23)) | J39: =IF(J16="","",(J16/$J$23)) -> 1.2236447 | K39: =IF(K16="","",(K16/$J$23)) | L39: =IF(L16="","",(L16/$J$23))
B40: =IF(B17="","",(B17/$J$23)) | C40: =IF(C17="","",(C17/$J$23)) | D40: =IF(D17="","",(D17/$J$23)) | E40: =IF(E17="","",(E17/$J$23)) | F40: =IF(F17="","",(F17/$J$23)) | G40: =IF(G17="","",(G17/$J$23)) | H40: =IF(H17="","",(H17/$J$23)) | J40: =IF(J17="","",(J17/$J$23)) -> 0.39326399 | K40: =IF(K17="","",(K17/$J$23)) | L40: =IF(L17="","",(L17/$J$23))
... B43: =IF(B20="","",(B20/$J$23)) | C43: =IF(C20="","",(C20/$J$23)) | D43: =IF(D20="","",(D20/$J$23)) | E43: =IF(E20="","",(E20/$J$23)) | F43: =IF(F20="","",(F20/$J$23)) | G43: =IF(G20="","",(G20/$J$23)) | H43: =IF(H20="","",(H20/$J$23)) | J43: =IF(J20="","",(J20/$J$23)) -> 1.0840389 | K43: =IF(K20="","",(K20/$J$23)) | L43: =IF(L20="","",(L20/$J$23))
A45: =A4 -> Noms des groupes | B45: =B4 -> Témoin solvant | C45: =C4 -> EE2-33,8ng/L | D45: =D4 -> EE2-50,6ng/L | E45: =E4 -> EE2-76ng/L | F45: =F4 -> EE2-114ng/L | G45: =G4 -> EE2-170,9ng/L | H45: =H4 -> EE2-488ng/L | I45: =I22 -> Nom des groupes | J45: =J4 -> Testo -30µg/L | K45: =K4 -> Testo 30µg/L + EE2 -64ng/L | L45: =L4 -> Testo 30µg/L + FAD-10mg/L
A46: mean | B46: =AVERAGE(B28:B43) -> 0.03928286 | C46: =AVERAGE(C28:C43) -> 0.136695 | D46: =AVERAGE(D28:D43) -> 0.11367813 | E46: =AVERAGE(E28:E43) -> 0.1610237 | F46: =AVERAGE(F28:F43) -> 0.51376094 | G46: =AVERAGE(G28:G43) -> 0.96629173 | H46: =AVERAGE(H28:H43) -> 2.0644012 | I46: mean | J46: =AVERAGE(J28:J43) -> 1 | K46: =AVERAGE(K28:K43) -> 2.1586664 | L46: =AVERAGE(L28:L43) -> 0.056184469
A47: SD | B47: =STDEV(B28:B43) -> 0.020359841 | C47: =STDEV(C28:C43) -> 0.09483897 | D47: =STDEV(D28:D43) -> 0.11877924 | E47: =STDEV(E28:E43) -> 0.20048543 | F47: =STDEV(F28:F43) -> 0.59008077 | G47: =STDEV(G28:G43) -> 0.66161076 | H47: =STDEV(H28:H43) -> 0.76234769 | I47: SD | J47: =STDEV(J28:J43) -> 0.54408188 | K47: =STDEV(K28:K43) -> 0.37297559 | L47: =STDEV(L28:L43) -> 0.043833728
A48: SEM | B48: =B47/SQRT(COUNT(B28:B43)) -> 0.0076952966 | C48: =C47/SQRT(COUNT(C28:C43)) -> 0.033530639 | D48: =D47/SQRT(COUNT(D28:D43)) -> 0.044894332 | E48: =E47/SQRT(COUNT(E28:E43)) -> 0.070882304 | F48: =F47/SQRT(COUNT(F28:F43)) -> 0.22302957 | G48: =G47/SQRT(COUNT(G28:G43)) -> 0.23391473 | H48: =H47/SQRT(COUNT(H28:H43)) -> 0.28814034 | I48: SEM | J48: =J47/SQRT(COUNT(J28:J43)) -> 0.14048134 | K48: =K47/SQRT(COUNT(K28:K43)) -> 0.14097152 | L48: =L47/SQRT(COUNT(L28:L43)) -> 0.017895045
A50: 4. Expérimentateur 1 : réaliser les tests statistiques avec les données normalisées et renseigner les résultats ainsi que le test statistique utilisé dans le tableau violet.
A52: =A27 -> Noms des groupes | B52: =B27 -> Témoin solvant | C52: =C27 -> EE2-33,8ng/L | D52: =D27 -> EE2-50,6ng/L | E52: =E27 -> EE2-76ng/L | F52: =F27 -> EE2-114ng/L | G52: =G27 -> EE2-170,9ng/L | H52: =H27 -> EE2-488ng/L | J52: =J27 -> Testo -30µg/L | K52: =K27 -> Testo 30µg/L + EE2 -64ng/L | L52: =L27 -> Testo 30µg/L + FAD-10mg/L
A53: Mean | B53: =B46 -> 0.03928286 | C53: =C46 -> 0.136695 | D53: =D46 -> 0.11367813 | E53: =E46 -> 0.1610237 | F53: =F46 -> 0.51376094 | G53: =G46 -> 0.96629173 | H53: =H46 -> 2.0644012 | J53: =J46 -> 1 | K53: =K46 -> 2.1586664 | L53: =L46 -> 0.056184469
A54: SEM | B54: =B48 -> 0.0076952966 | C54: =C48 -> 0.033530639 | D54: =D48 -> 0.044894332 | E54: =E48 -> 0.070882304 | F54: =F48 -> 0.22302957 | G54: =G48 -> 0.23391473 | H54: =H48 -> 0.28814034 | J54: =J48 -> 0.14048134 | K54: =K48 -> 0.14097152 | L54: =L48 -> 0.017895045
A55: % induction | B55: =(B53*100/$B$53)-100 -> 0 | C55: =(C53*100/$B$53)-100 -> 247.97621 | D55: =(D53*100/$B$53)-100 -> 189.38353 | E55: =(E53*100/$B$53)-100 -> 309.90829 | F55: =(F53*100/$B$53)-100 -> 1207.8501 | G55: =(G53*100/$B$53)-100 -> 2359.8304 | H55: =(H53*100/$B$53)-100 -> 5155.2212 | J55: =(J53*100/$J$53)-100 -> 0 | K55: =(K53*100/$J$53)-100 -> 115.86664 | L55: =(L53*100/$J$53)-100 -> -94.381553
A56: Test de normalité : valeur du p | B56: =[1]!SWTEST(B28:B43) -> 0.77863625 | C56: =[1]!SWTEST(C28:C43) -> 0.25426652 | D56: =[1]!SWTEST(D28:D43) -> 0.30434094 | E56: =[1]!SWTEST(E28:E43) -> 0.0094869948 | F56: =[1]!SWTEST(F28:F43) -> 0.1506962 | G56: =[1]!SWTEST(G28:G43) -> 0.59952225 | H56: =[1]!SWTEST(H28:H43) -> 0.033030431 | J56: =[1]!SWTEST(J28:J43) -> 0.11878649 | K56: =[1]!SWTEST(K28:K43) -> 0.16120261 | L56: =[1]!SWTEST(L28:L43) -> 0.18691748
A57: Test de normalité : résultat normal? | B57: =IF(B56>0.05,"Oui","Non") -> Oui | C57: =IF(C56>0.05,"Oui","Non") -> Oui | D57: =IF(D56>0.05,"Oui","Non") -> Oui | E57: =IF(E56>0.05,"Oui","Non") -> Non | F57: =IF(F56>0.05,"Oui","Non") -> Oui | G57: =IF(G56>0.05,"Oui","Non") -> Oui | H57: =IF(H56>0.05,"Oui","Non") -> Non | J57: =IF(J56>0.05,"Oui","Non") -> Oui | K57: =IF(K56>0.05,"Oui","Non") -> Oui | L57: =IF(L56>0.05,"Oui","Non") -> Oui
A59: Test statistique utilisé | C59: =IF($B57="Non",IF(C$57="Non","Mann Withney",IF(C$57="Oui","Mann Withney","")),IF($B$57="Oui",IF(C$57="Oui","T-Test Welch",IF(C$57="Non","Mann Withney","")))) -> T-Test Welch | D59: =IF($B57="Non",IF(D$57="Non","Mann Withney",IF(D$57="Oui","Mann Withney","")),IF($B$57="Oui",IF(D$57="Oui","T-Test Welch",IF(D$57="Non","Mann Withney","")))) -> T-Test Welch | E59: =IF($B57="Non",IF(E$57="Non","Mann Withney",IF(E$57="Oui","Mann Withney","")),IF($B$57="Oui",IF(E$57="Oui","T-Test Welch",IF(E$57="Non","Mann Withney","")))) -> Mann Withney | F59: =IF($B57="Non",IF(F$57="Non","Mann Withney",IF(F$57="Oui","Mann Withney","")),IF($B$57="Oui",IF(F$57="Oui","T-Test Welch",IF(F$57="Non","Mann Withney","")))) -> T-Test Welch | G59: =IF($B57="Non",IF(G$57="Non","Mann Withney",IF(G$57="Oui","Mann Withney","")),IF($B$57="Oui",IF(G$57="Oui","T-Test Welch",IF(G$57="Non","Mann Withney","")))) -> T-Test Welch | H59: =IF($B57="Non",IF(H$57="Non","Mann Withney",IF(H$57="Oui","Mann Withney","")),IF($B$57="Oui",IF(H$57="Oui","T-Test Welch",IF(H$57="Non","Mann Withney","")))) -> Mann Withney | J59: =IF($B57="Non",IF(J$57="Non","Mann Withney",IF(J$57="Oui","Mann Withney","")),IF($B$57="Oui",IF(J$57="Oui","T-Test Welch",IF(J$57="Non","Mann Withney","")))) -> T-Test Welch | K59: =IF($J57="Non",IF(K$57="Non","Mann Withney",IF(K$57="Oui","Mann Withney","")),IF($J$57="Oui",IF(K$57="Oui","T-Test Welch",IF(K$57="Non","Mann Withney","")))) -> T-Test Welch | L59: =IF($J57="Non",IF(L$57="Non","Mann Withney",IF(L$57="Oui","Mann Withney","")),IF($J$57="Oui",IF(L$57="Oui","T-Test Welch",IF(L$57="Non","Mann Withney","")))) -> T-Test Welch
A60: Test statistique : valeur du p | C60: =IF(C59="Mann Withney",[1]!MTEST($B28:$B43,C28:C43,2), IF(C59="T-Test Welch",_xlfn.T.TEST($B28:$B43,C28:C43,2,3),"")) -> 0.022873601 | D60: =IF(D59="Mann Withney",[1]!MTEST($B28:$B43,D28:D43,2), IF(D59="T-Test Welch",_xlfn.T.TEST($B28:$B43,D28:D43,2,3),"")) -> 0.15077778 | E60: =IF(E59="Mann Withney",[1]!MTEST($B28:$B43,E28:E43,2), IF(E59="T-Test Welch",_xlfn.T.TEST($B28:$B43,E28:E43,2,3),"")) -> 0.20301711 | F60: =IF(F59="Mann Withney",[1]!MTEST($B28:$B43,F28:F43,2), IF(F59="T-Test Welch",_xlfn.T.TEST($B28:$B43,F28:F43,2,3),"")) -> 0.077511201 | G60: =IF(G59="Mann Withney",[1]!MTEST($B28:$B43,G28:G43,2), IF(G59="T-Test Welch",_xlfn.T.TEST($B28:$B43,G28:G43,2,3),"")) -> 0.0054318304 | H60: =IF(H59="Mann Withney",[1]!MTEST($B28:$B43,H28:H43,2), IF(H59="T-Test Welch",_xlfn.T.TEST($B28:$B43,H28:H43,2,3),"")) -> 0.0017451187 | J60: =IF(J59="Mann Withney",[1]!MTEST($B28:$B43,J28:J43,2), IF(J59="T-Test Welch",_xlfn.T.TEST($B28:$B43,J28:J43,2,3),"")) -> 7.9587432e-06 | K60: =IF(K59="Mann Withney",[1]!MTEST($J28:$J43,K28:K43,2), IF(K59="T-Test Welch",_xlfn.T.TEST($J28:$J43,K28:K43,2,3),"")) -> 2.1633736e-05 | L60: =IF(L59="Mann Withney",[1]!MTEST($J28:$J43,L28:L43,2), IF(L59="T-Test Welch",_xlfn.T.TEST($J28:$J43,L28:L43,2,3),"")) -> 9.1316473e-06
A61: Annotation | C61: =IF(C60>0.05,"NS",IF(C60>0.01,"*",IF(C60>0.001,"**","***"))) -> * | D61: =IF(D60>0.05,"NS",IF(D60>0.01,"*",IF(D60>0.001,"**","***"))) -> NS | E61: =IF(E60>0.05,"NS",IF(E60>0.01,"*",IF(E60>0.001,"**","***"))) -> NS | F61: =IF(F60>0.05,"NS",IF(F60>0.01,"*",IF(F60>0.001,"**","***"))) -> NS | G61: =IF(G60>0.05,"NS",IF(G60>0.01,"*",IF(G60>0.001,"**","***"))) -> ** | H61: =IF(H60>0.05,"NS",IF(H60>0.01,"*",IF(H60>0.001,"**","***"))) -> ** | J61: =IF(J60>0.05,"NS",IF(J60>0.01,"*",IF(J60>0.001,"**","***"))) -> *** | K61: =IF(K60>0.05,"NS",IF(K60>0.01,"*",IF(K60>0.001,"**","***"))) -> *** | L61: =IF(L60>0.05,"NS",IF(L60>0.01,"*",IF(L60>0.001,"**","***"))) -> ***
A63: Eléments pour la mise en forme conditionnelles des résutats - calcul équivalent hormonal (eqH)
A64: LOD | B64: =B46+(3*B47) -> 0.10036238
A65: LOQ | B65: =B46+(10*B47) -> 0.24288127
A67: 5. Expérimentateur 1 : remplissage du suivi qualité (SQ) et transmission à l'expérimenteur 2.

Sheet Raw data R2
A1: Nom groupe | B1: N° de valeur | C1: file name | D1: total area | E1: mean intensity | G1: total fluorescence | I1: nbre de larves | J1: Colonne1 | L1: (Tous)
A2: =IFERROR(LEFT(RIGHT(C2,LEN(C2)-SEARCH("@",C2)),SEARCH("/",RIGHT(C2,LEN(C2)-SEARCH("@",C2)-1))),"") -> 1 | B2: =LEFT(RIGHT(RIGHT(Tableau46[[#This Row],[file name]],LEN(Tableau46[[#This Row],[file name]])-SEARCH("@",Tableau46[[#This Row],[file name]])),LEN(RIGHT(Tableau46[[#This Row],[file name]],LEN(Tableau46[[#This Row],[file name]])-SEARCH("@",Tableau46[[#This Row],[file name]])))-SEARCH("/",RIGHT(Tableau46[[#This Row],[file name]],LEN(Tableau46[[#This Row],[file name]])-SEARCH("@",Tableau46[[#This Row],[file name]])))),1) -> 0 | C2: C:\Users\cbarrier\Desktop\Calibration\20201111_Cefas_Test4_Run2\@1/01_A10_A10-1_20201111_14011001.tif | D2: 379583.021 | E2: 44.6723 | G2: 16956864 | K2: Filtre lignes : Enlever (vide) et Néant | L2: Filtre colonnes : Enlever (vide) et " "
A3: =IFERROR(LEFT(RIGHT(C3,LEN(C3)-SEARCH("@",C3)),SEARCH("/",RIGHT(C3,LEN(C3)-SEARCH("@",C3)-1))),"") -> 1 | B3: =LEFT(RIGHT(RIGHT(Tableau46[[#This Row],[file name]],LEN(Tableau46[[#This Row],[file name]])-SEARCH("@",Tableau46[[#This Row],[file name]])),LEN(RIGHT(Tableau46[[#This Row],[file name]],LEN(Tableau46[[#This Row],[file name]])-SEARCH("@",Tableau46[[#This Row],[file name]])))-SEARCH("/",RIGHT(Tableau46[[#This Row],[file name]],LEN(Tableau46[[#This Row],[file name]])-SEARCH("@",Tableau46[[#This Row],[file name]])))),1) -> 0 | C3: C:\Users\cbarrier\Desktop\Calibration\20201111_Cefas_Test4_Run2\@1/01_B10_B10-1_20201111_14011401.tif | D3: 399396.004 | E3: 41.8538 | G3: 16716231 | K3: Moyenne de total fluorescence | L3: Étiquettes de colonnes
A4: =IFERROR(LEFT(RIGHT(C4,LEN(C4)-SEARCH("@",C4)),SEARCH("/",RIGHT(C4,LEN(C4)-SEARCH("@",C4)-1))),"") -> 1 | B4: =LEFT(RIGHT(RIGHT(Tableau46[[#This Row],[file name]],LEN(Tableau46[[#This Row],[file name]])-SEARCH("@",Tableau46[[#This Row],[file name]])),LEN(RIGHT(Tableau46[[#This Row],[file name]],LEN(Tableau46[[#This Row],[file name]])-SEARCH("@",Tableau46[[#This Row],[file name]])))-SEARCH("/",RIGHT(Tableau46[[#This Row],[file name]],LEN(Tableau46[[#This Row],[file name]])-SEARCH("@",Tableau46[[#This Row],[file name]])))),1) -> 0 | C4: C:\Users\cbarrier\Desktop\Calibration\20201111_Cefas_Test4_Run2\@1/01_C10_C10-1_20201111_14011601.tif | D4: 350945.04 | E4: 46.6568 | G4: 16373960 | K4: Étiquettes de lignes | M4: 1 | N4: 13 | O4: 14 | P4: 15 | Q4: 16 | R4: 2 | S4: 3 | T4: 4 | U4: 5 | V4: 6 | W4: 7
A5: =IFERROR(LEFT(RIGHT(C5,LEN(C5)-SEARCH("@",C5)),SEARCH("/",RIGHT(C5,LEN(C5)-SEARCH("@",C5)-1))),"") -> 1 | B5: =LEFT(RIGHT(RIGHT(Tableau46[[#This Row],[file name]],LEN(Tableau46[[#This Row],[file name]])-SEARCH("@",Tableau46[[#This Row],[file name]])),LEN(RIGHT(Tableau46[[#This Row],[file name]],LEN(Tableau46[[#This Row],[file name]])-SEARCH("@",Tableau46[[#This Row],[file name]])))-SEARCH("/",RIGHT(Tableau46[[#This Row],[file name]],LEN(Tableau46[[#This Row],[file name]])-SEARCH("@",Tableau46[[#This Row],[file name]])))),1) -> 0 | C5: C:\Users\cbarrier\Desktop\Calibration\20201111_Cefas_Test4_Run2\@1/01_D10_D10-1_20201111_14011901.tif | D5: 371969.298 | E5: 47.0464 | G5: 17499818 | K5: #VALEUR! | L5: #DIV/0!
A6: =IFERROR(LEFT(RIGHT(C6,LEN(C6)-SEARCH("@",C6)),SEARCH("/",RIGHT(C6,LEN(C6)-SEARCH("@",C6)-1))),"") -> 1 | B6: =LEFT(RIGHT(RIGHT(Tableau46[[#This Row],[file name]],LEN(Tableau46[[#This Row],[file name]])-SEARCH("@",Tableau46[[#This Row],[file name]])),LEN(RIGHT(Tableau46[[#This Row],[file name]],LEN(Tableau46[[#This Row],[file name]])-SEARCH("@",Tableau46[[#This Row],[file name]])))-SEARCH("/",RIGHT(Tableau46[[#This Row],[file name]],LEN(Tableau46[[#This Row],[file name]])-SEARCH("@",Tableau46[[#This Row],[file name]])))),1) -> 0 | C6: C:\Users\cbarrier\Desktop\Calibration\20201111_Cefas_Test4_Run2\@1/01_E10_E10-1_20201111_14012401.tif | D6: 403721.983 | E6: 45.7725 | G6: 18479371 | K6: 0 | M6: 16298144 | N6: 19089658 | O6: 18590827 | P6: 17051836 | Q6: 13344438 | R6: 15136503 | S6: 17055132 | T6: 17432105 | U6: 17526914 | V6: 19944945 | W6: 21570333
A7: =IFERROR(LEFT(RIGHT(C7,LEN(C7)-SEARCH("@",C7)),SEARCH("/",RIGHT(C7,LEN(C7)-SEARCH("@",C7)-1))),"") -> 1 | B7: =LEFT(RIGHT(RIGHT(Tableau46[[#This Row],[file name]],LEN(Tableau46[[#This Row],[file name]])-SEARCH("@",Tableau46[[#This Row],[file name]])),LEN(RIGHT(Tableau46[[#This Row],[file name]],LEN(Tableau46[[#This Row],[file name]])-SEARCH("@",Tableau46[[#This Row],[file name]])))-SEARCH("/",RIGHT(Tableau46[[#This Row],[file name]],LEN(Tableau46[[#This Row],[file name]])-SEARCH("@",Tableau46[[#This Row],[file name]])))),1) -> 0 | C7: C:\Users\cbarrier\Desktop\Calibration\20201111_Cefas_Test4_Run2\@1/01_F10_F10-1_20201111_14012801.tif | D7: 371060.842 | E7: 42.1316 | G7: 15633374 | M7: #DIV/0! | N7: #DIV/0! | O7: 18590827 | P7: #DIV/0! | Q7: #DIV/0! | R7: #DIV/0! | S7: #DIV/0! | T7: #DIV/0! | U7: #DIV/0! | V7: #DIV/0! | W7: #DIV/0!
A8: =IFERROR(LEFT(RIGHT(C8,LEN(C8)-SEARCH("@",C8)),SEARCH("/",RIGHT(C8,LEN(C8)-SEARCH("@",C8)-1))),"") -> 1 | B8: =LEFT(RIGHT(RIGHT(Tableau46[[#This Row],[file name]],LEN(Tableau46[[#This Row],[file name]])-SEARCH("@",Tableau46[[#This Row],[file name]])),LEN(RIGHT(Tableau46[[#This Row],[file name]],LEN(Tableau46[[#This Row],[file name]])-SEARCH("@",Tableau46[[#This Row],[file name]])))-SEARCH("/",RIGHT(Tableau46[[#This Row],[file name]],LEN(Tableau46[[#This Row],[file name]])-SEARCH("@",Tableau46[[#This Row],[file name]])))),1) -> 0 | C8: C:\Users\cbarrier\Desktop\Calibration\20201111_Cefas_Test4_Run2\@1/01_G10_G10-1_20201111_14013001.tif | D8: 298990.033 | E8: 46.5927 | G8: 13930755
A9: =IFERROR(LEFT(RIGHT(C9,LEN(C9)-SEARCH("@",C9)),SEARCH("/",RIGHT(C9,LEN(C9)-SEARCH("@",C9)-1))),"") -> 1 | B9: =LEFT(RIGHT(RIGHT(Tableau46[[#This Row],[file name]],LEN(Tableau46[[#This Row],[file name]])-SEARCH("@",Tableau46[[#This Row],[file name]])),LEN(RIGHT(Tableau46[[#This Row],[file name]],LEN(Tableau46[[#This Row],[file name]])-SEARCH("@",Tableau46[[#This Row],[file name]])))-SEARCH("/",RIGHT(Tableau46[[#This Row],[file name]],LEN(Tableau46[[#This Row],[file name]])-SEARCH("@",Tableau46[[#This Row],[file name]])))),1) -> 0 | C9: C:\Users\cbarrier\Desktop\Calibration\20201111_Cefas_Test4_Run2\@1/01_H10_H10-1_20201111_14013401.tif | D9: 339740.755 | E9: 43.5473 | G9: 14794783
A10: =IFERROR(LEFT(RIGHT(C10,LEN(C10)-SEARCH("@",C10)),SEARCH("/",RIGHT(C10,LEN(C10)-SEARCH("@",C10)-1))),"") | B10: =LEFT(RIGHT(RIGHT(Tableau46[[#This Row],[file name]],LEN(Tableau46[[#This Row],[file name]])-SEARCH("@",Tableau46[[#This Row],[file name]])),LEN(RIGHT(Tableau46[[#This Row],[file name]],LEN(Tableau46[[#This Row],[file name]])-SEARCH("@",Tableau46[[#This Row],[file name]])))-SEARCH("/",RIGHT(Tableau46[[#This Row],[file name]],LEN(Tableau46[[#This Row],[file name]])-SEARCH("@",Tableau46[[#This Row],[file name]])))),1) -> #VALUE!
A11: =IFERROR(LEFT(RIGHT(C11,LEN(C11)-SEARCH("@",C11)),SEARCH("/",RIGHT(C11,LEN(C11)-SEARCH("@",C11)-1))),"") | B11: =LEFT(RIGHT(RIGHT(Tableau46[[#This Row],[file name]],LEN(Tableau46[[#This Row],[file name]])-SEARCH("@",Tableau46[[#This Row],[file name]])),LEN(RIGHT(Tableau46[[#This Row],[file name]],LEN(Tableau46[[#This Row],[file name]])-SEARCH("@",Tableau46[[#This Row],[file name]])))-SEARCH("/",RIGHT(Tableau46[[#This Row],[file name]],LEN(Tableau46[[#This Row],[file name]])-SEARCH("@",Tableau46[[#This Row],[file name]])))),1) -> #VALUE! | C11: group | E11: mean of mean fluo | F11: SD mean fluo | G11: mean of total fluo | H11: SD total fluo | I11: n fluorescent | J11: n total
A12: =IFERROR(LEFT(RIGHT(C12,LEN(C12)-SEARCH("@",C12)),SEARCH("/",RIGHT(C12,LEN(C12)-SEARCH("@",C12)-1))),"") -> 1 | B12: =LEFT(RIGHT(RIGHT(Tableau46[[#This Row],[file name]],LEN(Tableau46[[#This Row],[file name]])-SEARCH("@",Tableau46[[#This Row],[file name]])),LEN(RIGHT(Tableau46[[#This Row],[file name]],LEN(Tableau46[[#This Row],[file name]])-SEARCH("@",Tableau46[[#This Row],[file name]])))-SEARCH("/",RIGHT(Tableau46[[#This Row],[file name]],LEN(Tableau46[[#This Row],[file name]])-SEARCH("@",Tableau46[[#This Row],[file name]])))),1) | C12: C:\Users\cbarrier\Desktop\Calibration\20201111_Cefas_Test4_Run2\@1/ | E12: 44.7842 | F12: 2.0715 | G12: 16298144.5 | H12: 1469828.59 | I12: 8 | J12: 8
A13: =IFERROR(LEFT(RIGHT(C13,LEN(C13)-SEARCH("@",C13)),SEARCH("/",RIGHT(C13,LEN(C13)-SEARCH("@",C13)-1))),"") | B13: =LEFT(RIGHT(RIGHT(Tableau46[[#This Row],[file name]],LEN(Tableau46[[#This Row],[file name]])-SEARCH("@",Tableau46[[#This Row],[file name]])),LEN(RIGHT(Tableau46[[#This Row],[file name]],LEN(Tableau46[[#This Row],[file name]])-SEARCH("@",Tableau46[[#This Row],[file name]])))-SEARCH("/",RIGHT(Tableau46[[#This Row],[file name]],LEN(Tableau46[[#This Row],[file name]])-SEARCH("@",Tableau46[[#This Row],[file name]])))),1) -> #VALUE!
A14: =IFERROR(LEFT(RIGHT(C14,LEN(C14)-SEARCH("@",C14)),SEARCH("/",RIGHT(C14,LEN(C14)-SEARCH("@",C14)-1))),"") | B14: =LEFT(RIGHT(RIGHT(Tableau46[[#This Row],[file name]],LEN(Tableau46[[#This Row],[file name]])-SEARCH("@",Tableau46[[#This Row],[file name]])),LEN(RIGHT(Tableau46[[#This Row],[file name]],LEN(Tableau46[[#This Row],[file name]])-SEARCH("@",Tableau46[[#This Row],[file name]])))-SEARCH("/",RIGHT(Tableau46[[#This Row],[file name]],LEN(Tableau46[[#This Row],[file name]])-SEARCH("@",Tableau46[[#This Row],[file name]])))),1) -> #VALUE!
A15: =IFERROR(LEFT(RIGHT(C15,LEN(C15)-SEARCH("@",C15)),SEARCH("/",RIGHT(C15,LEN(C15)-SEARCH("@",C15)-1))),"") | B15: =LEFT(RIGHT(RIGHT(Tableau46[[#This Row],[file name]],LEN(Tableau46[[#This Row],[file name]])-SEARCH("@",Tableau46[[#This Row],[file name]])),LEN(RIGHT(Tableau46[[#This Row],[file name]],LEN(Tableau46[[#This Row],[file name]])-SEARCH("@",Tableau46[[#This Row],[file name]])))-SEARCH("/",RIGHT(Tableau46[[#This Row],[file name]],LEN(Tableau46[[#This Row],[file name]])-SEARCH("@",Tableau46[[#This Row],[file name]])))),1) -> #VALUE!
A16: =IFERROR(LEFT(RIGHT(C16,LEN(C16)-SEARCH("@",C16)),SEARCH("/",RIGHT(C16,LEN(C16)-SEARCH("@",C16)-1))),"") | B16: =LEFT(RIGHT(RIGHT(Tableau46[[#This Row],[file name]],LEN(Tableau46[[#This Row],[file name]])-SEARCH("@",Tableau46[[#This Row],[file name]])),LEN(RIGHT(Tableau46[[#This Row],[file name]],LEN(Tableau46[[#This Row],[file name]])-SEARCH("@",Tableau46[[#This Row],[file name]])))-SEARCH("/",RIGHT(Tableau46[[#This Row],[file name]],LEN(Tableau46[[#This Row],[file name]])-SEARCH("@",Tableau46[[#This Row],[file name]])))),1) -> #VALUE!
A17: =IFERROR(LEFT(RIGHT(C17,LEN(C17)-SEARCH("@",C17)),SEARCH("/",RIGHT(C17,LEN(C17)-SEARCH("@",C17)-1))),"") | B17: =LEFT(RIGHT(RIGHT(Tableau46[[#This Row],[file name]],LEN(Tableau46[[#This Row],[file name]])-SEARCH("@",Tableau46[[#This Row],[file name]])),LEN(RIGHT(Tableau46[[#This Row],[file name]],LEN(Tableau46[[#This Row],[file name]])-SEARCH("@",Tableau46[[#This Row],[file name]])))-SEARCH("/",RIGHT(Tableau46[[#This Row],[file name]],LEN(Tableau46[[#This Row],[file name]])-SEARCH("@",Tableau46[[#This Row],[file name]])))),1) -> #VALUE!
A18: =IFERROR(LEFT(RIGHT(C18,LEN(C18)-SEARCH("@",C18)),SEARCH("/",RIGHT(C18,LEN(C18)-SEARCH("@",C18)-1))),"") | B18: =LEFT(RIGHT(RIGHT(Tableau46[[#This Row],[file name]],LEN(Tableau46[[#This Row],[file name]])-SEARCH("@",Tableau46[[#This Row],[file name]])),LEN(RIGHT(Tableau46[[#This Row],[file name]],LEN(Tableau46[[#This Row],[file name]])-SEARCH("@",Tableau46[[#This Row],[file name]])))-SEARCH("/",RIGHT(Tableau46[[#This Row],[file name]],LEN(Tableau46[[#This Row],[file name]])-SEARCH("@",Tableau46[[#This Row],[file name]])))),1) -> #VALUE! | C18: file name | D18: total area | E18: mean intensity | G18: total fluorescence
A19: =IFERROR(LEFT(RIGHT(C19,LEN(C19)-SEARCH("@",C19)),SEARCH("/",RIGHT(C19,LEN(C19)-SEARCH("@",C19)-1))),"") -> 13 | B19: =LEFT(RIGHT(RIGHT(Tableau46[[#This Row],[file name]],LEN(Tableau46[[#This Row],[file name]])-SEARCH("@",Tableau46[[#This Row],[file name]])),LEN(RIGHT(Tableau46[[#This Row],[file name]],LEN(Tableau46[[#This Row],[file name]])-SEARCH("@",Tableau46[[#This Row],[file name]])))-SEARCH("/",RIGHT(Tableau46[[#This Row],[file name]],LEN(Tableau46[[#This Row],[file name]])-SEARCH("@",Tableau46[[#This Row],[file name]])))),1) -> 0 | C19: C:\Users\cbarrier\Desktop\Calibration\20201111_Cefas_Test4_Run2\@13/01_A8_A8-1_20201111_14002501.tif | D19: 390419.598 | E19: 45.854 | G19: 17902307
A20: =IFERROR(LEFT(RIGHT(C20,LEN(C20)-SEARCH("@",C20)),SEARCH("/",RIGHT(C20,LEN(C20)-SEARCH("@",C20)-1))),"") -> 13 | B20: =LEFT(RIGHT(RIGHT(Tableau46[[#This Row],[file name]],LEN(Tableau46[[#This Row],[file name]])-SEARCH("@",Tableau46[[#This Row],[file name]])),LEN(RIGHT(Tableau46[[#This Row],[file name]],LEN(Tableau46[[#This Row],[file name]])-SEARCH("@",Tableau46[[#This Row],[file name]])))-SEARCH("/",RIGHT(Tableau46[[#This Row],[file name]],LEN(Tableau46[[#This Row],[file name]])-SEARCH("@",Tableau46[[#This Row],[file name]])))),1) -> 0 | C20: C:\Users\cbarrier\Desktop\Calibration\20201111_Cefas_Test4_Run2\@13/01_B8_B8-1_20201111_14003101.tif | D20: 368335.476 | E20: 57.5562 | G20: 21199979
A21: =IFERROR(LEFT(RIGHT(C21,LEN(C21)-SEARCH("@",C21)),SEARCH("/",RIGHT(C21,LEN(C21)-SEARCH("@",C21)-1))),"") -> 13 | B21: =LEFT(RIGHT(RIGHT(Tableau46[[#This Row],[file name]],LEN(Tableau46[[#This Row],[file name]])-SEARCH("@",Tableau46[[#This Row],[file name]])),LEN(RIGHT(Tableau46[[#This Row],[file name]],LEN(Tableau46[[#This Row],[file name]])-SEARCH("@",Tableau46[[#This Row],[file name]])))-SEARCH("/",RIGHT(Tableau46[[#This Row],[file name]],LEN(Tableau46[[#This Row],[file name]])-SEARCH("@",Tableau46[[#This Row],[file name]])))),1) -> 0 | C21: C:\Users\cbarrier\Desktop\Calibration\20201111_Cefas_Test4_Run2\@13/01_C8_C8-1_20201111_14003301.tif | D21: 442028.527 | E21: 45.0104 | G21: 19895869
A22: =IFERROR(LEFT(RIGHT(C22,LEN(C22)-SEARCH("@",C22)),SEARCH("/",RIGHT(C22,LEN(C22)-SEARCH("@",C22)-1))),"") -> 13 | B22: =LEFT(RIGHT(RIGHT(Tableau46[[#This Row],[file name]],LEN(Tableau46[[#This Row],[file name]])-SEARCH("@",Tableau46[[#This Row],[file name]])),LEN(RIGHT(Tableau46[[#This Row],[file name]],LEN(Tableau46[[#This Row],[file name]])-SEARCH("@",Tableau46[[#This Row],[file name]])))-SEARCH("/",RIGHT(Tableau46[[#This Row],[file name]],LEN(Tableau46[[#This Row],[file name]])-SEARCH("@",Tableau46[[#This Row],[file name]])))),1) -> 0 | C22: C:\Users\cbarrier\Desktop\Calibration\20201111_Cefas_Test4_Run2\@13/01_D8_D8-1_20201111_14003501.tif | D22: 354146.265 | E22: 46.2608 | G22: 16383088
A23: =IFERROR(LEFT(RIGHT(C23,LEN(C23)-SEARCH("@",C23)),SEARCH("/",RIGHT(C23,LEN(C23)-SEARCH("@",C23)-1))),"") -> 13 | B23: =LEFT(RIGHT(RIGHT(Tableau46[[#This Row],[file name]],LEN(Tableau46[[#This Row],[file name]])-SEARCH("@",Tableau46[[#This Row],[file name]])),LEN(RIGHT(Tableau46[[#This Row],[file name]],LEN(Tableau46[[#This Row],[file name]])-SEARCH("@",Tableau46[[#This Row],[file name]])))-SEARCH("/",RIGHT(Tableau46[[#This Row],[file name]],LEN(Tableau46[[#This Row],[file name]])-SEARCH("@",Tableau46[[#This Row],[file name]])))),1) -> 0 | C23: C:\Users\cbarrier\Desktop\Calibration\20201111_Cefas_Test4_Run2\@13/01_E8_E8-1_20201111_14003901.tif | D23: 383627.811 | E23: 56.8512 | G23: 21809682
A24: =IFERROR(LEFT(RIGHT(C24,LEN(C24)-SEARCH("@",C24)),SEARCH("/",RIGHT(C24,LEN(C24)-SEARCH("@",C24)-1))),"") -> 13 | B24: =LEFT(RIGHT(RIGHT(Tableau46[[#This Row],[file name]],LEN(Tableau46[[#This Row],[file name]])-SEARCH("@",Tableau46[[#This Row],[file name]])),LEN(RIGHT(Tableau46[[#This Row],[file name]],LEN(Tableau46[[#This Row],[file name]])-SEARCH("@",Tableau46[[#This Row],[file name]])))-SEARCH("/",RIGHT(Tableau46[[#This Row],[file name]],LEN(Tableau46[[#This Row],[file name]])-SEARCH("@",Tableau46[[#This Row],[file name]])))),1) -> 0 | C24: C:\Users\cbarrier\Desktop\Calibration\20201111_Cefas_Test4_Run2\@13/01_F8_F8-1_20201111_14004101.tif | D24: 203731.978 | E24: 39.4173 | G24: 8030574
A25: =IFERROR(LEFT(RIGHT(C25,LEN(C25)-SEARCH("@",C25)),SEARCH("/",RIGHT(C25,LEN(C25)-SEARCH("@",C25)-1))),"") -> 13 | B25: =LEFT(RIGHT(RIGHT(Tableau46[[#This Row],[file name]],LEN(Tableau46[[#This Row],[file name]])-SEARCH("@",Tableau46[[#This Row],[file name]])),LEN(RIGHT(Tableau46[[#This Row],[file name]],LEN(Tableau46[[#This Row],[file name]])-SEARCH("@",Tableau46[[#This Row],[file name]])))-SEARCH("/",RIGHT(Tableau46[[#This Row],[file name]],LEN(Tableau46[[#This Row],[file name]])-SEARCH("@",Tableau46[[#This Row],[file name]])))),1) -> 0 | C25: C:\Users\cbarrier\Desktop\Calibration\20201111_Cefas_Test4_Run2\@13/01_G8_G8-1_20201111_14004401.tif | D25: 476117.241 | E25: 48.9264 | G25: 23294683
A26: =IFERROR(LEFT(RIGHT(C26,LEN(C26)-SEARCH("@",C26)),SEARCH("/",RIGHT(C26,LEN(C26)-SEARCH("@",C26)-1))),"") -> 13 | B26: =LEFT(RIGHT(RIGHT(Tableau46[[#This Row],[file name]],LEN(Tableau46[[#This Row],[file name]])-SEARCH("@",Tableau46[[#This Row],[file name]])),LEN(RIGHT(Tableau46[[#This Row],[file name]],LEN(Tableau46[[#This Row],[file name]])-SEARCH("@",Tableau46[[#This Row],[file name]])))-SEARCH("/",RIGHT(Tableau46[[#This Row],[file name]],LEN(Tableau46[[#This Row],[file name]])-SEARCH("@",Tableau46[[#This Row],[file name]])))),1) -> 0 | C26: C:\Users\cbarrier\Desktop\Calibration\20201111_Cefas_Test4_Run2\@13/01_H8_H8-1_20201111_14004601.tif | D26: 430305.124 | E26: 56.2417 | G26: 24201083
A27: =IFERROR(LEFT(RIGHT(C27,LEN(C27)-SEARCH("@",C27)),SEARCH("/",RIGHT(C27,LEN(C27)-SEARCH("@",C27)-1))),"") | B27: =LEFT(RIGHT(RIGHT(Tableau46[[#This Row],[file name]],LEN(Tableau46[[#This Row],[file name]])-SEARCH("@",Tableau46[[#This Row],[file name]])),LEN(RIGHT(Tableau46[[#This Row],[file name]],LEN(Tableau46[[#This Row],[file name]])-SEARCH("@",Tableau46[[#This Row],[file name]])))-SEARCH("/",RIGHT(Tableau46[[#This Row],[file name]],LEN(Tableau46[[#This Row],[file name]])-SEARCH("@",Tableau46[[#This Row],[file name]])))),1) -> #VALUE!
A28: =IFERROR(LEFT(RIGHT(C28,LEN(C28)-SEARCH("@",C28)),SEARCH("/",RIGHT(C28,LEN(C28)-SEARCH("@",C28)-1))),"") | B28: =LEFT(RIGHT(RIGHT(Tableau46[[#This Row],[file name]],LEN(Tableau46[[#This Row],[file name]])-SEARCH("@",Tableau46[[#This Row],[file name]])),LEN(RIGHT(Tableau46[[#This Row],[file name]],LEN(Tableau46[[#This Row],[file name]])-SEARCH("@",Tableau46[[#This Row],[file name]])))-SEARCH("/",RIGHT(Tableau46[[#This Row],[file name]],LEN(Tableau46[[#This Row],[file name]])-SEARCH("@",Tableau46[[#This Row],[file name]])))),1) -> #VALUE! | C28: group | E28: mean of mean fluo | F28: SD mean fluo | G28: mean of total fluo | H28: SD total fluo | I28: n fluorescent | J28: n total
A29: =IFERROR(LEFT(RIGHT(C29,LEN(C29)-SEARCH("@",C29)),SEARCH("/",RIGHT(C29,LEN(C29)-SEARCH("@",C29)-1))),"") -> 13 | B29: =LEFT(RIGHT(RIGHT(Tableau46[[#This Row],[file name]],LEN(Tableau46[[#This Row],[file name]])-SEARCH("@",Tableau46[[#This Row],[file name]])),LEN(RIGHT(Tableau46[[#This Row],[file name]],LEN(Tableau46[[#This Row],[file name]])-SEARCH("@",Tableau46[[#This Row],[file name]])))-SEARCH("/",RIGHT(Tableau46[[#This Row],[file name]],LEN(Tableau46[[#This Row],[file name]])-SEARCH("@",Tableau46[[#This Row],[file name]])))),1) | C29: C:\Users\cbarrier\Desktop\Calibration\20201111_Cefas_Test4_Run2\@13/ | E29: 49.5147 | F29: 6.6582 | G29: 19089658.1 | H29: 5173414.52 | I29: 8 | J29: 8
A30: =IFERROR(LEFT(RIGHT(C30,LEN(C30)-SEARCH("@",C30)),SEARCH("/",RIGHT(C30,LEN(C30)-SEARCH("@",C30)-1))),"") | B30: =LEFT(RIGHT(RIGHT(Tableau46[[#This Row],[file name]],LEN(Tableau46[[#This Row],[file name]])-SEARCH("@",Tableau46[[#This Row],[file name]])),LEN(RIGHT(Tableau46[[#This Row],[file name]],LEN(Tableau46[[#This Row],[file name]])-SEARCH("@",Tableau46[[#This Row],[file name]])))-SEARCH("/",RIGHT(Tableau46[[#This Row],[file name]],LEN(Tableau46[[#This Row],[file name]])-SEARCH("@",Tableau46[[#This Row],[file name]])))),1) -> #VALUE!
A31: =IFERROR(LEFT(RIGHT(C31,LEN(C31)-SEARCH("@",C31)),SEARCH("/",RIGHT(C31,LEN(C31)-SEARCH("@",C31)-1))),"") | B31: =LEFT(RIGHT(RIGHT(Tableau46[[#This Row],[file name]],LEN(Tableau46[[#This Row],[file name]])-SEARCH("@",Tableau46[[#This Row],[file name]])),LEN(RIGHT(Tableau46[[#This Row],[file name]],LEN(Tableau46[[#This Row],[file name]])-SEARCH("@",Tableau46[[#This Row],[file name]])))-SEARCH("/",RIGHT(Tableau46[[#This Row],[file name]],LEN(Tableau46[[#This Row],[file name]])-SEARCH("@",Tableau46[[#This Row],[file name]])))),1) -> #VALUE!
A32: =IFERROR(LEFT(RIGHT(C32,LEN(C32)-SEARCH("@",C32)),SEARCH("/",RIGHT(C32,LEN(C32)-SEARCH("@",C32)-1))),"") | B32: =LEFT(RIGHT(RIGHT(Tableau46[[#This Row],[file name]],LEN(Tableau46[[#This Row],[file name]])-SEARCH("@",Tableau46[[#This Row],[file name]])),LEN(RIGHT(Tableau46[[#This Row],[file name]],LEN(Tableau46[[#This Row],[file name]])-SEARCH("@",Tableau46[[#This Row],[file name]])))-SEARCH("/",RIGHT(Tableau46[[#This Row],[file name]],LEN(Tableau46[[#This Row],[file name]])-SEARCH("@",Tableau46[[#This Row],[file name]])))),1) -> #VALUE!
A33: =IFERROR(LEFT(RIGHT(C33,LEN(C33)-SEARCH("@",C33)),SEARCH("/",RIGHT(C33,LEN(C33)-SEARCH("@",C33)-1))),"") | B33: =LEFT(RIGHT(RIGHT(Tableau46[[#This Row],[file name]],LEN(Tableau46[[#This Row],[file name]])-SEARCH("@",Tableau46[[#This Row],[file name]])),LEN(RIGHT(Tableau46[[#This Row],[file name]],LEN(Tableau46[[#This Row],[file name]])-SEARCH("@",Tableau46[[#This Row],[file name]])))-SEARCH("/",RIGHT(Tableau46[[#This Row],[file name]],LEN(Tableau46[[#This Row],[file name]])-SEARCH("@",Tableau46[[#This Row],[file name]])))),1) -> #VALUE!
A34: =IFERROR(LEFT(RIGHT(C34,LEN(C34)-SEARCH("@",C34)),SEARCH("/",RIGHT(C34,LEN(C34)-SEARCH("@",C34)-1))),"") | B34: =LEFT(RIGHT(RIGHT(Tableau46[[#This Row],[file name]],LEN(Tableau46[[#This Row],[file name]])-SEARCH("@",Tableau46[[#This Row],[file name]])),LEN(RIGHT(Tableau46[[#This Row],[file name]],LEN(Tableau46[[#This Row],[file name]])-SEARCH("@",Tableau46[[#This Row],[file name]])))-SEARCH("/",RIGHT(Tableau46[[#This Row],[file name]],LEN(Tableau46[[#This Row],[file name]])-SEARCH("@",Tableau46[[#This Row],[file name]])))),1) -> #VALUE!
A35: =IFERROR(LEFT(RIGHT(C35,LEN(C35)-SEARCH("@",C35)),SEARCH("/",RIGHT(C35,LEN(C35)-SEARCH("@",C35)-1))),"") | B35: =LEFT(RIGHT(RIGHT(Tableau46[[#This Row],[file name]],LEN(Tableau46[[#This Row],[file name]])-SEARCH("@",Tableau46[[#This Row],[file name]])),LEN(RIGHT(Tableau46[[#This Row],[file name]],LEN(Tableau46[[#This Row],[file name]])-SEARCH("@",Tableau46[[#This Row],[file name]])))-SEARCH("/",RIGHT(Tableau46[[#This Row],[file name]],LEN(Tableau46[[#This Row],[file name]])-SEARCH("@",Tableau46[[#This Row],[file name]])))),1) -> #VALUE! | C35: file name | D35: total area | E35: mean intensity | G35: total fluorescence
A36: =IFERROR(LEFT(RIGHT(C36,LEN(C36)-SEARCH("@",C36)),SEARCH("/",RIGHT(C36,LEN(C36)-SEARCH("@",C36)-1))),"") -> 14 | B36: =LEFT(RIGHT(RIGHT(Tableau46[[#This Row],[file name]],LEN(Tableau46[[#This Row],[file name]])-SEARCH("@",Tableau46[[#This Row],[file name]])),LEN(RIGHT(Tableau46[[#This Row],[file name]],LEN(Tableau46[[#This Row],[file name]])-SEARCH("@",Tableau46[[#This Row],[file name]])))-SEARCH("/",RIGHT(Tableau46[[#This Row],[file name]],LEN(Tableau46[[#This Row],[file name]])-SEARCH("@",Tableau46[[#This Row],[file name]])))),1) -> 0 | C36: C:\Users\cbarrier\Desktop\Calibration\20201111_Cefas_Test4_Run2\@14/01_A9_A9-1_20201111_14004701.tif | D36: 338334.812 | E36: 43.0602 | G36: 14568751
A37: =IFERROR(LEFT(RIGHT(C37,LEN(C37)-SEARCH("@",C37)),SEARCH("/",RIGHT(C37,LEN(C37)-SEARCH("@",C37)-1))),"") -> 14 | B37: =LEFT(RIGHT(RIGHT(Tableau46[[#This Row],[file name]],LEN(Tableau46[[#This Row],[file name]])-SEARCH("@",Tableau46[[#This Row],[file name]])),LEN(RIGHT(Tableau46[[#This Row],[file name]],LEN(Tableau46[[#This Row],[file name]])-SEARCH("@",Tableau46[[#This Row],[file name]])))-SEARCH("/",RIGHT(Tableau46[[#This Row],[file name]],LEN(Tableau46[[#This Row],[file name]])-SEARCH("@",Tableau46[[#This Row],[file name]])))),1) -> 0 | C37: C:\Users\cbarrier\Desktop\Calibration\20201111_Cefas_Test4_Run2\@14/01_B9_B9-1_20201111_14005001.tif | D37: 393123.335 | E37: 47.6015 | G37: 18713255
A38: =IFERROR(LEFT(RIGHT(C38,LEN(C38)-SEARCH("@",C38)),SEARCH("/",RIGHT(C38,LEN(C38)-SEARCH("@",C38)-1))),"") -> 14 | B38: =LEFT(RIGHT(RIGHT(Tableau46[[#This Row],[file name]],LEN(Tableau46[[#This Row],[file name]])-SEARCH("@",Tableau46[[#This Row],[file name]])),LEN(RIGHT(Tableau46[[#This Row],[file name]],LEN(Tableau46[[#This Row],[file name]])-SEARCH("@",Tableau46[[#This Row],[file name]])))-SEARCH("/",RIGHT(Tableau46[[#This Row],[file name]],LEN(Tableau46[[#This Row],[file name]])-SEARCH("@",Tableau46[[#This Row],[file name]])))),1) -> 0 | C38: C:\Users\cbarrier\Desktop\Calibration\20201111_Cefas_Test4_Run2\@14/01_C9_C9-1_20201111_14005101.tif | D38: 361500.429 | E38: 54.2569 | G38: 19613902
A39: =IFERROR(LEFT(RIGHT(C39,LEN(C39)-SEARCH("@",C39)),SEARCH("/",RIGHT(C39,LEN(C39)-SEARCH("@",C39)-1))),"") -> 14 | B39: =LEFT(RIGHT(RIGHT(Tableau46[[#This Row],[file name]],LEN(Tableau46[[#This Row],[file name]])-SEARCH("@",Tableau46[[#This Row],[file name]])),LEN(RIGHT(Tableau46[[#This Row],[file name]],LEN(Tableau46[[#This Row],[file name]])-SEARCH("@",Tableau46[[#This Row],[file name]])))-SEARCH("/",RIGHT(Tableau46[[#This Row],[file name]],LEN(Tableau46[[#This Row],[file name]])-SEARCH("@",Tableau46[[#This Row],[file name]])))),1) -> 0 | C39: C:\Users\cbarrier\Desktop\Calibration\20201111_Cefas_Test4_Run2\@14/01_D9_D9-1_20201111_14005301.tif | D39: 343547.616 | E39: 51.2622 | G39: 17611017
A40: =IFERROR(LEFT(RIGHT(C40,LEN(C40)-SEARCH("@",C40)),SEARCH("/",RIGHT(C40,LEN(C40)-SEARCH("@",C40)-1))),"") -> 14 | B40: =LEFT(RIGHT(RIGHT(Tableau46[[#This Row],[file name]],LEN(Tableau46[[#This Row],[file name]])-SEARCH("@",Tableau46[[#This Row],[file name]])),LEN(RIGHT(Tableau46[[#This Row],[file name]],LEN(Tableau46[[#This Row],[file name]])-SEARCH("@",Tableau46[[#This Row],[file name]])))-SEARCH("/",RIGHT(Tableau46[[#This Row],[file name]],LEN(Tableau46[[#This Row],[file name]])-SEARCH("@",Tableau46[[#This Row],[file name]])))),1) -> 0 | C40: C:\Users\cbarrier\Desktop\Calibration\20201111_Cefas_Test4_Run2\@14/01_E9_E9-1_20201111_14005601.tif | D40: 398444.289 | E40: 52.4888 | G40: 20913859
A41: =IFERROR(LEFT(RIGHT(C41,LEN(C41)-SEARCH("@",C41)),SEARCH("/",RIGHT(C41,LEN(C41)-SEARCH("@",C41)-1))),"") -> 14 | B41: =LEFT(RIGHT(RIGHT(Tableau46[[#This Row],[file name]],LEN(Tableau46[[#This Row],[file name]])-SEARCH("@",Tableau46[[#This Row],[file name]])),LEN(RIGHT(Tableau46[[#This Row],[file name]],LEN(Tableau46[[#This Row],[file name]])-SEARCH("@",Tableau46[[#This Row],[file name]])))-SEARCH("/",RIGHT(Tableau46[[#This Row],[file name]],LEN(Tableau46[[#This Row],[file name]])-SEARCH("@",Tableau46[[#This Row],[file name]])))),1) -> 0 | C41: C:\Users\cbarrier\Desktop\Calibration\20201111_Cefas_Test4_Run2\@14/01_F9_F9-1_20201111_14010001.tif | D41: 391717.392 | E41: 41.0919 | G41: 16096405
A42: =IFERROR(LEFT(RIGHT(C42,LEN(C42)-SEARCH("@",C42)),SEARCH("/",RIGHT(C42,LEN(C42)-SEARCH("@",C42)-1))),"") -> 14 | B42: =LEFT(RIGHT(RIGHT(Tableau46[[#This Row],[file name]],LEN(Tableau46[[#This Row],[file name]])-SEARCH("@",Tableau46[[#This Row],[file name]])),LEN(RIGHT(Tableau46[[#This Row],[file name]],LEN(Tableau46[[#This Row],[file name]])-SEARCH("@",Tableau46[[#This Row],[file name]])))-SEARCH("/",RIGHT(Tableau46[[#This Row],[file name]],LEN(Tableau46[[#This Row],[file name]])-SEARCH("@",Tableau46[[#This Row],[file name]])))),1) -> 0 | C42: C:\Users\cbarrier\Desktop\Calibration\20201111_Cefas_Test4_Run2\@14/01_G9_G9-1_20201111_14010401.tif | D42: 538627.636 | E42: 47.7701 | G42: 25730274
A43: =IFERROR(LEFT(RIGHT(C43,LEN(C43)-SEARCH("@",C43)),SEARCH("/",RIGHT(C43,LEN(C43)-SEARCH("@",C43)-1))),"") -> 14 | B43: =LEFT(RIGHT(RIGHT(Tableau46[[#This Row],[file name]],LEN(Tableau46[[#This Row],[file name]])-SEARCH("@",Tableau46[[#This Row],[file name]])),LEN(RIGHT(Tableau46[[#This Row],[file name]],LEN(Tableau46[[#This Row],[file name]])-SEARCH("@",Tableau46[[#This Row],[file name]])))-SEARCH("/",RIGHT(Tableau46[[#This Row],[file name]],LEN(Tableau46[[#This Row],[file name]])-SEARCH("@",Tableau46[[#This Row],[file name]])))),1) -> 0 | C43: C:\Users\cbarrier\Desktop\Calibration\20201111_Cefas_Test4_Run2\@14/01_H9_H9-1_20201111_14010801.tif | D43: 334225.132 | E43: 46.3136 | G43: 15479153
A44: =IFERROR(LEFT(RIGHT(C44,LEN(C44)-SEARCH("@",C44)),SEARCH("/",RIGHT(C44,LEN(C44)-SEARCH("@",C44)-1))),"") | B44: =LEFT(RIGHT(RIGHT(Tableau46[[#This Row],[file name]],LEN(Tableau46[[#This Row],[file name]])-SEARCH("@",Tableau46[[#This Row],[file name]])),LEN(RIGHT(Tableau46[[#This Row],[file name]],LEN(Tableau46[[#This Row],[file name]])-SEARCH("@",Tableau46[[#This Row],[file name]])))-SEARCH("/",RIGHT(Tableau46[[#This Row],[file name]],LEN(Tableau46[[#This Row],[file name]])-SEARCH("@",Tableau46[[#This Row],[file name]])))),1) -> #VALUE!
A45: =IFERROR(LEFT(RIGHT(C45,LEN(C45)-SEARCH("@",C45)),SEARCH("/",RIGHT(C45,LEN(C45)-SEARCH("@",C45)-1))),"") | B45: =LEFT(RIGHT(RIGHT(Tableau46[[#This Row],[file name]],LEN(Tableau46[[#This Row],[file name]])-SEARCH("@",Tableau46[[#This Row],[file name]])),LEN(RIGHT(Tableau46[[#This Row],[file name]],LEN(Tableau46[[#This Row],[file name]])-SEARCH("@",Tableau46[[#This Row],[file name]])))-SEARCH("/",RIGHT(Tableau46[[#This Row],[file name]],LEN(Tableau46[[#This Row],[file name]])-SEARCH("@",Tableau46[[#This Row],[file name]])))),1) -> #VALUE! | C45: group | E45: mean of mean fluo | F45: SD mean fluo | G45: mean of total fluo | H45: SD total fluo | I45: n fluorescent | J45: n total
A46: =IFERROR(LEFT(RIGHT(C46,LEN(C46)-SEARCH("@",C46)),SEARCH("/",RIGHT(C46,LEN(C46)-SEARCH("@",C46)-1))),"") -> 14 | B46: =LEFT(RIGHT(RIGHT(Tableau46[[#This Row],[file name]],LEN(Tableau46[[#This Row],[file name]])-SEARCH("@",Tableau46[[#This Row],[file name]])),LEN(RIGHT(Tableau46[[#This Row],[file name]],LEN(Tableau46[[#This Row],[file name]])-SEARCH("@",Tableau46[[#This Row],[file name]])))-SEARCH("/",RIGHT(Tableau46[[#This Row],[file name]],LEN(Tableau46[[#This Row],[file name]])-SEARCH("@",Tableau46[[#This Row],[file name]])))),1) | C46: C:\Users\cbarrier\Desktop\Calibration\20201111_Cefas_Test4_Run2\@14/ | E46: 47.9806 | F46: 4.5531 | G46: 18590827 | H46: 3595068.67 | I46: 8 | J46: 8
A47: =IFERROR(LEFT(RIGHT(C47,LEN(C47)-SEARCH("@",C47)),SEARCH("/",RIGHT(C47,LEN(C47)-SEARCH("@",C47)-1))),"") | B47: =LEFT(RIGHT(RIGHT(Tableau46[[#This Row],[file name]],LEN(Tableau46[[#This Row],[file name]])-SEARCH("@",Tableau46[[#This Row],[file name]])),LEN(RIGHT(Tableau46[[#This Row],[file name]],LEN(Tableau46[[#This Row],[file name]])-SEARCH("@",Tableau46[[#This Row],[file name]])))-SEARCH("/",RIGHT(Tableau46[[#This Row],[file name]],LEN(Tableau46[[#This Row],[file name]])-SEARCH("@",Tableau46[[#This Row],[file name]])))),1) -> #VALUE!
A48: =IFERROR(LEFT(RIGHT(C48,LEN(C48)-SEARCH("@",C48)),SEARCH("/",RIGHT(C48,LEN(C48)-SEARCH("@",C48)-1))),"") | B48: =LEFT(RIGHT(RIGHT(Tableau46[[#This Row],[file name]],LEN(Tableau46[[#This Row],[file name]])-SEARCH("@",Tableau46[[#This Row],[file name]])),LEN(RIGHT(Tableau46[[#This Row],[file name]],LEN(Tableau46[[#This Row],[file name]])-SEARCH("@",Tableau46[[#This Row],[file name]])))-SEARCH("/",RIGHT(Tableau46[[#This Row],[file name]],LEN(Tableau46[[#This Row],[file name]])-SEARCH("@",Tableau46[[#This Row],[file name]])))),1) -> #VALUE!
A49: =IFERROR(LEFT(RIGHT(C49,LEN(C49)-SEARCH("@",C49)),SEARCH("/",RIGHT(C49,LEN(C49)-SEARCH("@",C49)-1))),"") | B49: =LEFT(RIGHT(RIGHT(Tableau46[[#This Row],[file name]],LEN(Tableau46[[#This Row],[file name]])-SEARCH("@",Tableau46[[#This Row],[file name]])),LEN(RIGHT(Tableau46[[#This Row],[file name]],LEN(Tableau46[[#This Row],[file name]])-SEARCH("@",Tableau46[[#This Row],[file name]])))-SEARCH("/",RIGHT(Tableau46[[#This Row],[file name]],LEN(Tableau46[[#This Row],[file name]])-SEARCH("@",Tableau46[[#This Row],[file name]])))),1) -> #VALUE!
A50: =IFERROR(LEFT(RIGHT(C50,LEN(C50)-SEARCH("@",C50)),SEARCH("/",RIGHT(C50,LEN(C50)-SEARCH("@",C50)-1))),"") | B50: =LEFT(RIGHT(RIGHT(Tableau46[[#This Row],[file name]],LEN(Tableau46[[#This Row],[file name]])-SEARCH("@",Tableau46[[#This Row],[file name]])),LEN(RIGHT(Tableau46[[#This Row],[file name]],LEN(Tableau46[[#This Row],[file name]])-SEARCH("@",Tableau46[[#This Row],[file name]])))-SEARCH("/",RIGHT(Tableau46[[#This Row],[file name]],LEN(Tableau46[[#This Row],[file name]])-SEARCH("@",Tableau46[[#This Row],[file name]])))),1) -> #VALUE!
A51: =IFERROR(LEFT(RIGHT(C51,LEN(C51)-SEARCH("@",C51)),SEARCH("/",RIGHT(C51,LEN(C51)-SEARCH("@",C51)-1))),"") | B51: =LEFT(RIGHT(RIGHT(Tableau46[[#This Row],[file name]],LEN(Tableau46[[#This Row],[file name]])-SEARCH("@",Tableau46[[#This Row],[file name]])),LEN(RIGHT(Tableau46[[#This Row],[file name]],LEN(Tableau46[[#This Row],[file name]])-SEARCH("@",Tableau46[[#This Row],[file name]])))-SEARCH("/",RIGHT(Tableau46[[#This Row],[file name]],LEN(Tableau46[[#This Row],[file name]])-SEARCH("@",Tableau46[[#This Row],[file name]])))),1) -> #VALUE!
A52: =IFERROR(LEFT(RIGHT(C52,LEN(C52)-SEARCH("@",C52)),SEARCH("/",RIGHT(C52,LEN(C52)-SEARCH("@",C52)-1))),"") | B52: =LEFT(RIGHT(RIGHT(Tableau46[[#This Row],[file name]],LEN(Tableau46[[#This Row],[file name]])-SEARCH("@",Tableau46[[#This Row],[file name]])),LEN(RIGHT(Tableau46[[#This Row],[file name]],LEN(Tableau46[[#This Row],[file name]])-SEARCH("@",Tableau46[[#This Row],[file name]])))-SEARCH("/",RIGHT(Tableau46[[#This Row],[file name]],LEN(Tableau46[[#This Row],[file name]])-SEARCH("@",Tableau46[[#This Row],[file name]])))),1) -> #VALUE! | C52: file name | D52: total area | E52: mean intensity | G52: total fluorescence
A53: =IFERROR(LEFT(RIGHT(C53,LEN(C53)-SEARCH("@",C53)),SEARCH("/",RIGHT(C53,LEN(C53)-SEARCH("@",C53)-1))),"") -> 15 | B53: =LEFT(RIGHT(RIGHT(Tableau46[[#This Row],[file name]],LEN(Tableau46[[#This Row],[file name]])-SEARCH("@",Tableau46[[#This Row],[file name]])),LEN(RIGHT(Tableau46[[#This Row],[file name]],LEN(Tableau46[[#This Row],[file name]])-SEARCH("@",Tableau46[[#This Row],[file name]])))-SEARCH("/",RIGHT(Tableau46[[#This Row],[file name]],LEN(Tableau46[[#This Row],[file name]])-SEARCH("@",Tableau46[[#This Row],[file name]])))),1) -> 0 | C53: C:\Users\cbarrier\Desktop\Calibration\20201111_Cefas_Test4_Run2\@15/01_A11_A11-1_20201111_14013901.tif | D53: 32790.9203 | E53: 34.626 | G53: 1135418
A54: =IFERROR(LEFT(RIGHT(C54,LEN(C54)-SEARCH("@",C54)),SEARCH("/",RIGHT(C54,LEN(C54)-SEARCH("@",C54)-1))),"") -> 15 | B54: =LEFT(RIGHT(RIGHT(Tableau46[[#This Row],[file name]],LEN(Tableau46[[#This Row],[file name]])-SEARCH("@",Tableau46[[#This Row],[file name]])),LEN(RIGHT(Tableau46[[#This Row],[file name]],LEN(Tableau46[[#This Row],[file name]])-SEARCH("@",Tableau46[[#This Row],[file name]])))-SEARCH("/",RIGHT(Tableau46[[#This Row],[file name]],LEN(Tableau46[[#This Row],[file name]])-SEARCH("@",Tableau46[[#This Row],[file name]])))),1) -> 0 | C54: C:\Users\cbarrier\Desktop\Calibration\20201111_Cefas_Test4_Run2\@15/01_B11_B11-1_20201111_14014101.tif | D54: 390181.669 | E54: 50.901 | G54: 19860634
A55: =IFERROR(LEFT(RIGHT(C55,LEN(C55)-SEARCH("@",C55)),SEARCH("/",RIGHT(C55,LEN(C55)-SEARCH("@",C55)-1))),"") -> 15 | B55: =LEFT(RIGHT(RIGHT(Tableau46[[#This Row],[file name]],LEN(Tableau46[[#This Row],[file name]])-SEARCH("@",Tableau46[[#This Row],[file name]])),LEN(RIGHT(Tableau46[[#This Row],[file name]],LEN(Tableau46[[#This Row],[file name]])-SEARCH("@",Tableau46[[#This Row],[file name]])))-SEARCH("/",RIGHT(Tableau46[[#This Row],[file name]],LEN(Tableau46[[#This Row],[file name]])-SEARCH("@",Tableau46[[#This Row],[file name]])))),1) -> 0 | C55: C:\Users\cbarrier\Desktop\Calibration\20201111_Cefas_Test4_Run2\@15/01_C11_C11-1_20201111_14014301.tif | D55: 247597.404 | E55: 52.4751 | G55: 12992688
A56: =IFERROR(LEFT(RIGHT(C56,LEN(C56)-SEARCH("@",C56)),SEARCH("/",RIGHT(C56,LEN(C56)-SEARCH("@",C56)-1))),"") -> 15 | B56: =LEFT(RIGHT(RIGHT(Tableau46[[#This Row],[file name]],LEN(Tableau46[[#This Row],[file name]])-SEARCH("@",Tableau46[[#This Row],[file name]])),LEN(RIGHT(Tableau46[[#This Row],[file name]],LEN(Tableau46[[#This Row],[file name]])-SEARCH("@",Tableau46[[#This Row],[file name]])))-SEARCH("/",RIGHT(Tableau46[[#This Row],[file name]],LEN(Tableau46[[#This Row],[file name]])-SEARCH("@",Tableau46[[#This Row],[file name]])))),1) -> 0 | C56: C:\Users\cbarrier\Desktop\Calibration\20201111_Cefas_Test4_Run2\@15/01_D11_D11-1_20201111_14014501.tif | D56: 336474.641 | E56: 58.6563 | G56: 19736349
A57: =IFERROR(LEFT(RIGHT(C57,LEN(C57)-SEARCH("@",C57)),SEARCH("/",RIGHT(C57,LEN(C57)-SEARCH("@",C57)-1))),"") -> 15 | B57: =LEFT(RIGHT(RIGHT(Tableau46[[#This Row],[file name]],LEN(Tableau46[[#This Row],[file name]])-SEARCH("@",Tableau46[[#This Row],[file name]])),LEN(RIGHT(Tableau46[[#This Row],[file name]],LEN(Tableau46[[#This Row],[file name]])-SEARCH("@",Tableau46[[#This Row],[file name]])))-SEARCH("/",RIGHT(Tableau46[[#This Row],[file name]],LEN(Tableau46[[#This Row],[file name]])-SEARCH("@",Tableau46[[#This Row],[file name]])))),1) -> 0 | C57: C:\Users\cbarrier\Desktop\Calibration\20201111_Cefas_Test4_Run2\@15/01_E11_E11-1_20201111_14014601.tif | D57: 380924.074 | E57: 45.8331 | G57: 17458937
A58: =IFERROR(LEFT(RIGHT(C58,LEN(C58)-SEARCH("@",C58)),SEARCH("/",RIGHT(C58,LEN(C58)-SEARCH("@",C58)-1))),"") -> 15 | B58: =LEFT(RIGHT(RIGHT(Tableau46[[#This Row],[file name]],LEN(Tableau46[[#This Row],[file name]])-SEARCH("@",Tableau46[[#This Row],[file name]])),LEN(RIGHT(Tableau46[[#This Row],[file name]],LEN(Tableau46[[#This Row],[file name]])-SEARCH("@",Tableau46[[#This Row],[file name]])))-SEARCH("/",RIGHT(Tableau46[[#This Row],[file name]],LEN(Tableau46[[#This Row],[file name]])-SEARCH("@",Tableau46[[#This Row],[file name]])))),1) -> 0 | C58: C:\Users\cbarrier\Desktop\Calibration\20201111_Cefas_Test4_Run2\@15/01_F11_F11-1_20201111_14014801.tif | D58: 287764.118 | E58: 55.4629 | G58: 15960245
A59: =IFERROR(LEFT(RIGHT(C59,LEN(C59)-SEARCH("@",C59)),SEARCH("/",RIGHT(C59,LEN(C59)-SEARCH("@",C59)-1))),"") -> 15 | B59: =LEFT(RIGHT(RIGHT(Tableau46[[#This Row],[file name]],LEN(Tableau46[[#This Row],[file name]])-SEARCH("@",Tableau46[[#This Row],[file name]])),LEN(RIGHT(Tableau46[[#This Row],[file name]],LEN(Tableau46[[#This Row],[file name]])-SEARCH("@",Tableau46[[#This Row],[file name]])))-SEARCH("/",RIGHT(Tableau46[[#This Row],[file name]],LEN(Tableau46[[#This Row],[file name]])-SEARCH("@",Tableau46[[#This Row],[file name]])))),1) -> 0 | C59: C:\Users\cbarrier\Desktop\Calibration\20201111_Cefas_Test4_Run2\@15/01_G11_G11-1_20201111_14014901.tif | D59: 324275.38 | E59: 61.0623 | G59: 19801001
A60: =IFERROR(LEFT(RIGHT(C60,LEN(C60)-SEARCH("@",C60)),SEARCH("/",RIGHT(C60,LEN(C60)-SEARCH("@",C60)-1))),"") -> 15 | B60: =LEFT(RIGHT(RIGHT(Tableau46[[#This Row],[file name]],LEN(Tableau46[[#This Row],[file name]])-SEARCH("@",Tableau46[[#This Row],[file name]])),LEN(RIGHT(Tableau46[[#This Row],[file name]],LEN(Tableau46[[#This Row],[file name]])-SEARCH("@",Tableau46[[#This Row],[file name]])))-SEARCH("/",RIGHT(Tableau46[[#This Row],[file name]],LEN(Tableau46[[#This Row],[file name]])-SEARCH("@",Tableau46[[#This Row],[file name]])))),1) -> 0 | C60: C:\Users\cbarrier\Desktop\Calibration\20201111_Cefas_Test4_Run2\@15/01_H11_H11-1_20201111_14014901.tif | D60: 561101.097 | E60: 52.5207 | G60: 29469412
A61: =IFERROR(LEFT(RIGHT(C61,LEN(C61)-SEARCH("@",C61)),SEARCH("/",RIGHT(C61,LEN(C61)-SEARCH("@",C61)-1))),"") | B61: =LEFT(RIGHT(RIGHT(Tableau46[[#This Row],[file name]],LEN(Tableau46[[#This Row],[file name]])-SEARCH("@",Tableau46[[#This Row],[file name]])),LEN(RIGHT(Tableau46[[#This Row],[file name]],LEN(Tableau46[[#This Row],[file name]])-SEARCH("@",Tableau46[[#This Row],[file name]])))-SEARCH("/",RIGHT(Tableau46[[#This Row],[file name]],LEN(Tableau46[[#This Row],[file name]])-SEARCH("@",Tableau46[[#This Row],[file name]])))),1) -> #VALUE!
A62: =IFERROR(LEFT(RIGHT(C62,LEN(C62)-SEARCH("@",C62)),SEARCH("/",RIGHT(C62,LEN(C62)-SEARCH("@",C62)-1))),"") | B62: =LEFT(RIGHT(RIGHT(Tableau46[[#This Row],[file name]],LEN(Tableau46[[#This Row],[file name]])-SEARCH("@",Tableau46[[#This Row],[file name]])),LEN(RIGHT(Tableau46[[#This Row],[file name]],LEN(Tableau46[[#This Row],[file name]])-SEARCH("@",Tableau46[[#This Row],[file name]])))-SEARCH("/",RIGHT(Tableau46[[#This Row],[file name]],LEN(Tableau46[[#This Row],[file name]])-SEARCH("@",Tableau46[[#This Row],[file name]])))),1) -> #VALUE! | C62: group | E62: mean of mean fluo | F62: SD mean fluo | G62: mean of total fluo | H62: SD total fluo | I62: n fluorescent | J62: n total
A63: =IFERROR(LEFT(RIGHT(C63,LEN(C63)-SEARCH("@",C63)),SEARCH("/",RIGHT(C63,LEN(C63)-SEARCH("@",C63)-1))),"") -> 15 | B63: =LEFT(RIGHT(RIGHT(Tableau46[[#This Row],[file name]],LEN(Tableau46[[#This Row],[file name]])-SEARCH("@",Tableau46[[#This Row],[file name]])),LEN(RIGHT(Tableau46[[#This Row],[file name]],LEN(Tableau46[[#This Row],[file name]])-SEARCH("@",Tableau46[[#This Row],[file name]])))-SEARCH("/",RIGHT(Tableau46[[#This Row],[file name]],LEN(Tableau46[[#This Row],[file name]])-SEARCH("@",Tableau46[[#This Row],[file name]])))),1) | C63: C:\Users\cbarrier\Desktop\Calibration\20201111_Cefas_Test4_Run2\@15/ | E63: 51.4422 | F63: 8.2594 | G63: 17051835.5 | H63: 8000146.47 | I63: 8 | J63: 8
A64: =IFERROR(LEFT(RIGHT(C64,LEN(C64)-SEARCH("@",C64)),SEARCH("/",RIGHT(C64,LEN(C64)-SEARCH("@",C64)-1))),"") | B64: =LEFT(RIGHT(RIGHT(Tableau46[[#This Row],[file name]],LEN(Tableau46[[#This Row],[file name]])-SEARCH("@",Tableau46[[#This Row],[file name]])),LEN(RIGHT(Tableau46[[#This Row],[file name]],LEN(Tableau46[[#This Row],[file name]])-SEARCH("@",Tableau46[[#This Row],[file name]])))-SEARCH("/",RIGHT(Tableau46[[#This Row],[file name]],LEN(Tableau46[[#This Row],[file name]])-SEARCH("@",Tableau46[[#This Row],[file name]])))),1) -> #VALUE!
A65: =IFERROR(LEFT(RIGHT(C65,LEN(C65)-SEARCH("@",C65)),SEARCH("/",RIGHT(C65,LEN(C65)-SEARCH("@",C65)-1))),"") | B65: =LEFT(RIGHT(RIGHT(Tableau46[[#This Row],[file name]],LEN(Tableau46[[#This Row],[file name]])-SEARCH("@",Tableau46[[#This Row],[file name]])),LEN(RIGHT(Tableau46[[#This Row],[file name]],LEN(Tableau46[[#This Row],[file name]])-SEARCH("@",Tableau46[[#This Row],[file name]])))-SEARCH("/",RIGHT(Tableau46[[#This Row],[file name]],LEN(Tableau46[[#This Row],[file name]])-SEARCH("@",Tableau46[[#This Row],[file name]])))),1) -> #VALUE!
A66: =IFERROR(LEFT(RIGHT(C66,LEN(C66)-SEARCH("@",C66)),SEARCH("/",RIGHT(C66,LEN(C66)-SEARCH("@",C66)-1))),"") | B66: =LEFT(RIGHT(RIGHT(Tableau46[[#This Row],[file name]],LEN(Tableau46[[#This Row],[file name]])-SEARCH("@",Tableau46[[#This Row],[file name]])),LEN(RIGHT(Tableau46[[#This Row],[file name]],LEN(Tableau46[[#This Row],[file name]])-SEARCH("@",Tableau46[[#This Row],[file name]])))-SEARCH("/",RIGHT(Tableau46[[#This Row],[file name]],LEN(Tableau46[[#This Row],[file name]])-SEARCH("@",Tableau46[[#This Row],[file name]])))),1) -> #VALUE!
A67: =IFERROR(LEFT(RIGHT(C67,LEN(C67)-SEARCH("@",C67)),SEARCH("/",RIGHT(C67,LEN(C67)-SEARCH("@",C67)-1))),"") | B67: =LEFT(RIGHT(RIGHT(Tableau46[[#This Row],[file name]],LEN(Tableau46[[#This Row],[file name]])-SEARCH("@",Tableau46[[#This Row],[file name]])),LEN(RIGHT(Tableau46[[#This Row],[file name]],LEN(Tableau46[[#This Row],[file name]])-SEARCH("@",Tableau46[[#This Row],[file name]])))-SEARCH("/",RIGHT(Tableau46[[#This Row],[file name]],LEN(Tableau46[[#This Row],[file name]])-SEARCH("@",Tableau46[[#This Row],[file name]])))),1) -> #VALUE!
A68: =IFERROR(LEFT(RIGHT(C68,LEN(C68)-SEARCH("@",C68)),SEARCH("/",RIGHT(C68,LEN(C68)-SEARCH("@",C68)-1))),"") | B68: =LEFT(RIGHT(RIGHT(Tableau46[[#This Row],[file name]],LEN(Tableau46[[#This Row],[file name]])-SEARCH("@",Tableau46[[#This Row],[file name]])),LEN(RIGHT(Tableau46[[#This Row],[file name]],LEN(Tableau46[[#This Row],[file name]])-SEARCH("@",Tableau46[[#This Row],[file name]])))-SEARCH("/",RIGHT(Tableau46[[#This Row],[file name]],LEN(Tableau46[[#This Row],[file name]])-SEARCH("@",Tableau46[[#This Row],[file name]])))),1) -> #VALUE!
A69: =IFERROR(LEFT(RIGHT(C69,LEN(C69)-SEARCH("@",C69)),SEARCH("/",RIGHT(C69,LEN(C69)-SEARCH("@",C69)-1))),"") | B69: =LEFT(RIGHT(RIGHT(Tableau46[[#This Row],[file name]],LEN(Tableau46[[#This Row],[file name]])-SEARCH("@",Tableau46[[#This Row],[file name]])),LEN(RIGHT(Tableau46[[#This Row],[file name]],LEN(Tableau46[[#This Row],[file name]])-SEARCH("@",Tableau46[[#This Row],[file name]])))-SEARCH("/",RIGHT(Tableau46[[#This Row],[file name]],LEN(Tableau46[[#This Row],[file name]])-SEARCH("@",Tableau46[[#This Row],[file name]])))),1) -> #VALUE! | C69: file name | D69: total area | E69: mean intensity | G69: total fluorescence
A70: =IFERROR(LEFT(RIGHT(C70,LEN(C70)-SEARCH("@",C70)),SEARCH("/",RIGHT(C70,LEN(C70)-SEARCH("@",C70)-1))),"") -> 16 | B70: =LEFT(RIGHT(RIGHT(Tableau46[[#This Row],[file name]],LEN(Tableau46[[#This Row],[file name]])-SEARCH("@",Tableau46[[#This Row],[file name]])),LEN(RIGHT(Tableau46[[#This Row],[file name]],LEN(Tableau46[[#This Row],[file name]])-SEARCH("@",Tableau46[[#This Row],[file name]])))-SEARCH("/",RIGHT(Tableau46[[#This Row],[file name]],LEN(Tableau46[[#This Row],[file name]])-SEARCH("@",Tableau46[[#This Row],[file name]])))),1) -> 0 | C70: C:\Users\cbarrier\Desktop\Calibration\20201111_Cefas_Test4_Run2\@16/01_A12_A12-1_20201111_14014901.tif | D70: 233905.681 | E70: 41.2122 | G70: 9639774
A71: =IFERROR(LEFT(RIGHT(C71,LEN(C71)-SEARCH("@",C71)),SEARCH("/",RIGHT(C71,LEN(C71)-SEARCH("@",C71)-1))),"") -> 16 | B71: =LEFT(RIGHT(RIGHT(Tableau46[[#This Row],[file name]],LEN(Tableau46[[#This Row],[file name]])-SEARCH("@",Tableau46[[#This Row],[file name]])),LEN(RIGHT(Tableau46[[#This Row],[file name]],LEN(Tableau46[[#This Row],[file name]])-SEARCH("@",Tableau46[[#This Row],[file name]])))-SEARCH("/",RIGHT(Tableau46[[#This Row],[file name]],LEN(Tableau46[[#This Row],[file name]])-SEARCH("@",Tableau46[[#This Row],[file name]])))),1) -> 0 | C71: C:\Users\cbarrier\Desktop\Calibration\20201111_Cefas_Test4_Run2\@16/01_C12_C12-1_20201111_14015001.tif | D71: 125604.798 | E71: 37.3954 | G71: 4697040
A72: =IFERROR(LEFT(RIGHT(C72,LEN(C72)-SEARCH("@",C72)),SEARCH("/",RIGHT(C72,LEN(C72)-SEARCH("@",C72)-1))),"") -> 16 | B72: =LEFT(RIGHT(RIGHT(Tableau46[[#This Row],[file name]],LEN(Tableau46[[#This Row],[file name]])-SEARCH("@",Tableau46[[#This Row],[file name]])),LEN(RIGHT(Tableau46[[#This Row],[file name]],LEN(Tableau46[[#This Row],[file name]])-SEARCH("@",Tableau46[[#This Row],[file name]])))-SEARCH("/",RIGHT(Tableau46[[#This Row],[file name]],LEN(Tableau46[[#This Row],[file name]])-SEARCH("@",Tableau46[[#This Row],[file name]])))),1) -> 0 | C72: C:\Users\cbarrier\Desktop\Calibration\20201111_Cefas_Test4_Run2\@16/01_D12_D12-1_20201111_14015001.tif | D72: 468200.699 | E72: 48.7433 | G72: 22821659
A73: =IFERROR(LEFT(RIGHT(C73,LEN(C73)-SEARCH("@",C73)),SEARCH("/",RIGHT(C73,LEN(C73)-SEARCH("@",C73)-1))),"") -> 16 | B73: =LEFT(RIGHT(RIGHT(Tableau46[[#This Row],[file name]],LEN(Tableau46[[#This Row],[file name]])-SEARCH("@",Tableau46[[#This Row],[file name]])),LEN(RIGHT(Tableau46[[#This Row],[file name]],LEN(Tableau46[[#This Row],[file name]])-SEARCH("@",Tableau46[[#This Row],[file name]])))-SEARCH("/",RIGHT(Tableau46[[#This Row],[file name]],LEN(Tableau46[[#This Row],[file name]])-SEARCH("@",Tableau46[[#This Row],[file name]])))),1) -> 0 | C73: C:\Users\cbarrier\Desktop\Calibration\20201111_Cefas_Test4_Run2\@16/01_E12_E12-1_20201111_14015001.tif | D73: 321312.085 | E73: 44.4561 | G73: 14284296
A74: =IFERROR(LEFT(RIGHT(C74,LEN(C74)-SEARCH("@",C74)),SEARCH("/",RIGHT(C74,LEN(C74)-SEARCH("@",C74)-1))),"") -> 16 | B74: =LEFT(RIGHT(RIGHT(Tableau46[[#This Row],[file name]],LEN(Tableau46[[#This Row],[file name]])-SEARCH("@",Tableau46[[#This Row],[file name]])),LEN(RIGHT(Tableau46[[#This Row],[file name]],LEN(Tableau46[[#This Row],[file name]])-SEARCH("@",Tableau46[[#This Row],[file name]])))-SEARCH("/",RIGHT(Tableau46[[#This Row],[file name]],LEN(Tableau46[[#This Row],[file name]])-SEARCH("@",Tableau46[[#This Row],[file name]])))),1) -> 0 | C74: C:\Users\cbarrier\Desktop\Calibration\20201111_Cefas_Test4_Run2\@16/01_G12_G12-1_20201111_14015001.tif | D74: 323193.886 | E74: 47.2763 | G74: 15279422
A75: =IFERROR(LEFT(RIGHT(C75,LEN(C75)-SEARCH("@",C75)),SEARCH("/",RIGHT(C75,LEN(C75)-SEARCH("@",C75)-1))),"") | B75: =LEFT(RIGHT(RIGHT(Tableau46[[#This Row],[file name]],LEN(Tableau46[[#This Row],[file name]])-SEARCH("@",Tableau46[[#This Row],[file name]])),LEN(RIGHT(Tableau46[[#This Row],[file name]],LEN(Tableau46[[#This Row],[file name]])-SEARCH("@",Tableau46[[#This Row],[file name]])))-SEARCH("/",RIGHT(Tableau46[[#This Row],[file name]],LEN(Tableau46[[#This Row],[file name]])-SEARCH("@",Tableau46[[#This Row],[file name]])))),1) -> #VALUE!
A76: =IFERROR(LEFT(RIGHT(C76,LEN(C76)-SEARCH("@",C76)),SEARCH("/",RIGHT(C76,LEN(C76)-SEARCH("@",C76)-1))),"") | B76: =LEFT(RIGHT(RIGHT(Tableau46[[#This Row],[file name]],LEN(Tableau46[[#This Row],[file name]])-SEARCH("@",Tableau46[[#This Row],[file name]])),LEN(RIGHT(Tableau46[[#This Row],[file name]],LEN(Tableau46[[#This Row],[file name]])-SEARCH("@",Tableau46[[#This Row],[file name]])))-SEARCH("/",RIGHT(Tableau46[[#This Row],[file name]],LEN(Tableau46[[#This Row],[file name]])-SEARCH("@",Tableau46[[#This Row],[file name]])))),1) -> #VALUE! | C76: group | E76: mean of mean fluo | F76: SD mean fluo | G76: mean of total fluo | H76: SD total fluo | I76: n fluorescent | J76: n total
A77: =IFERROR(LEFT(RIGHT(C77,LEN(C77)-SEARCH("@",C77)),SEARCH("/",RIGHT(C77,LEN(C77)-SEARCH("@",C77)-1))),"") -> 16 | B77: =LEFT(RIGHT(RIGHT(Tableau46[[#This Row],[file name]],LEN(Tableau46[[#This Row],[file name]])-SEARCH("@",Tableau46[[#This Row],[file name]])),LEN(RIGHT(Tableau46[[#This Row],[file name]],LEN(Tableau46[[#This Row],[file name]])-SEARCH("@",Tableau46[[#This Row],[file name]])))-SEARCH("/",RIGHT(Tableau46[[#This Row],[file name]],LEN(Tableau46[[#This Row],[file name]])-SEARCH("@",Tableau46[[#This Row],[file name]])))),1) | C77: C:\Users\cbarrier\Desktop\Calibration\20201111_Cefas_Test4_Run2\@16/ | E77: 43.8167 | F77: 4.6007 | G77: 13344438.2 | H77: 6762899.55 | I77: 5 | J77: 5
A78: =IFERROR(LEFT(RIGHT(C78,LEN(C78)-SEARCH("@",C78)),SEARCH("/",RIGHT(C78,LEN(C78)-SEARCH("@",C78)-1))),"") | B78: =LEFT(RIGHT(RIGHT(Tableau46[[#This Row],[file name]],LEN(Tableau46[[#This Row],[file name]])-SEARCH("@",Tableau46[[#This Row],[file name]])),LEN(RIGHT(Tableau46[[#This Row],[file name]],LEN(Tableau46[[#This Row],[file name]])-SEARCH("@",Tableau46[[#This Row],[file name]])))-SEARCH("/",RIGHT(Tableau46[[#This Row],[file name]],LEN(Tableau46[[#This Row],[file name]])-SEARCH("@",Tableau46[[#This Row],[file name]])))),1) -> #VALUE!
A79: =IFERROR(LEFT(RIGHT(C79,LEN(C79)-SEARCH("@",C79)),SEARCH("/",RIGHT(C79,LEN(C79)-SEARCH("@",C79)-1))),"") | B79: =LEFT(RIGHT(RIGHT(Tableau46[[#This Row],[file name]],LEN(Tableau46[[#This Row],[file name]])-SEARCH("@",Tableau46[[#This Row],[file name]])),LEN(RIGHT(Tableau46[[#This Row],[file name]],LEN(Tableau46[[#This Row],[file name]])-SEARCH("@",Tableau46[[#This Row],[file name]])))-SEARCH("/",RIGHT(Tableau46[[#This Row],[file name]],LEN(Tableau46[[#This Row],[file name]])-SEARCH("@",Tableau46[[#This Row],[file name]])))),1) -> #VALUE!
A80: =IFERROR(LEFT(RIGHT(C80,LEN(C80)-SEARCH("@",C80)),SEARCH("/",RIGHT(C80,LEN(C80)-SEARCH("@",C80)-1))),"") | B80: =LEFT(RIGHT(RIGHT(Tableau46[[#This Row],[file name]],LEN(Tableau46[[#This Row],[file name]])-SEARCH("@",Tableau46[[#This Row],[file name]])),LEN(RIGHT(Tableau46[[#This Row],[file name]],LEN(Tableau46[[#This Row],[file name]])-SEARCH("@",Tableau46[[#This Row],[file name]])))-SEARCH("/",RIGHT(Tableau46[[#This Row],[file name]],LEN(Tableau46[[#This Row],[file name]])-SEARCH("@",Tableau46[[#This Row],[file name]])))),1) -> #VALUE!
A81: =IFERROR(LEFT(RIGHT(C81,LEN(C81)-SEARCH("@",C81)),SEARCH("/",RIGHT(C81,LEN(C81)-SEARCH("@",C81)-1))),"") | B81: =LEFT(RIGHT(RIGHT(Tableau46[[#This Row],[file name]],LEN(Tableau46[[#This Row],[file name]])-SEARCH("@",Tableau46[[#This Row],[file name]])),LEN(RIGHT(Tableau46[[#This Row],[file name]],LEN(Tableau46[[#This Row],[file name]])-SEARCH("@",Tableau46[[#This Row],[file name]])))-SEARCH("/",RIGHT(Tableau46[[#This Row],[file name]],LEN(Tableau46[[#This Row],[file name]])-SEARCH("@",Tableau46[[#This Row],[file name]])))),1) -> #VALUE!
A82: =IFERROR(LEFT(RIGHT(C82,LEN(C82)-SEARCH("@",C82)),SEARCH("/",RIGHT(C82,LEN(C82)-SEARCH("@",C82)-1))),"") | B82: =LEFT(RIGHT(RIGHT(Tableau46[[#This Row],[file name]],LEN(Tableau46[[#This Row],[file name]])-SEARCH("@",Tableau46[[#This Row],[file name]])),LEN(RIGHT(Tableau46[[#This Row],[file name]],LEN(Tableau46[[#This Row],[file name]])-SEARCH("@",Tableau46[[#This Row],[file name]])))-SEARCH("/",RIGHT(Tableau46[[#This Row],[file name]],LEN(Tableau46[[#This Row],[file name]])-SEARCH("@",Tableau46[[#This Row],[file name]])))),1) -> #VALUE!
A83: =IFERROR(LEFT(RIGHT(C83,LEN(C83)-SEARCH("@",C83)),SEARCH("/",RIGHT(C83,LEN(C83)-SEARCH("@",C83)-1))),"") | B83: =LEFT(RIGHT(RIGHT(Tableau46[[#This Row],[file name]],LEN(Tableau46[[#This Row],[file name]])-SEARCH("@",Tableau46[[#This Row],[file name]])),LEN(RIGHT(Tableau46[[#This Row],[file name]],LEN(Tableau46[[#This Row],[file name]])-SEARCH("@",Tableau46[[#This Row],[file name]])))-SEARCH("/",RIGHT(Tableau46[[#This Row],[file name]],LEN(Tableau46[[#This Row],[file name]])-SEARCH("@",Tableau46[[#This Row],[file name]])))),1) -> #VALUE! | C83: file name | D83: total area | E83: mean intensity | G83: total fluorescence
A84: =IFERROR(LEFT(RIGHT(C84,LEN(C84)-SEARCH("@",C84)),SEARCH("/",RIGHT(C84,LEN(C84)-SEARCH("@",C84)-1))),"") -> 2 | B84: =LEFT(RIGHT(RIGHT(Tableau46[[#This Row],[file name]],LEN(Tableau46[[#This Row],[file name]])-SEARCH("@",Tableau46[[#This Row],[file name]])),LEN(RIGHT(Tableau46[[#This Row],[file name]],LEN(Tableau46[[#This Row],[file name]])-SEARCH("@",Tableau46[[#This Row],[file name]])))-SEARCH("/",RIGHT(Tableau46[[#This Row],[file name]],LEN(Tableau46[[#This Row],[file name]])-SEARCH("@",Tableau46[[#This Row],[file name]])))),1) -> 0 | C84: C:\Users\cbarrier\Desktop\Calibration\20201111_Cefas_Test4_Run2\@2/01_A2_A2-1_20201111_13583701.tif | D84: 307555.472 | E84: 47.5244 | G84: 14616380
A85: =IFERROR(LEFT(RIGHT(C85,LEN(C85)-SEARCH("@",C85)),SEARCH("/",RIGHT(C85,LEN(C85)-SEARCH("@",C85)-1))),"") -> 2 | B85: =LEFT(RIGHT(RIGHT(Tableau46[[#This Row],[file name]],LEN(Tableau46[[#This Row],[file name]])-SEARCH("@",Tableau46[[#This Row],[file name]])),LEN(RIGHT(Tableau46[[#This Row],[file name]],LEN(Tableau46[[#This Row],[file name]])-SEARCH("@",Tableau46[[#This Row],[file name]])))-SEARCH("/",RIGHT(Tableau46[[#This Row],[file name]],LEN(Tableau46[[#This Row],[file name]])-SEARCH("@",Tableau46[[#This Row],[file name]])))),1) -> 0 | C85: C:\Users\cbarrier\Desktop\Calibration\20201111_Cefas_Test4_Run2\@2/01_B2_B2-1_20201111_13583801.tif | D85: 292890.403 | E85: 44.7613 | G85: 13110160
A86: =IFERROR(LEFT(RIGHT(C86,LEN(C86)-SEARCH("@",C86)),SEARCH("/",RIGHT(C86,LEN(C86)-SEARCH("@",C86)-1))),"") -> 2 | B86: =LEFT(RIGHT(RIGHT(Tableau46[[#This Row],[file name]],LEN(Tableau46[[#This Row],[file name]])-SEARCH("@",Tableau46[[#This Row],[file name]])),LEN(RIGHT(Tableau46[[#This Row],[file name]],LEN(Tableau46[[#This Row],[file name]])-SEARCH("@",Tableau46[[#This Row],[file name]])))-SEARCH("/",RIGHT(Tableau46[[#This Row],[file name]],LEN(Tableau46[[#This Row],[file name]])-SEARCH("@",Tableau46[[#This Row],[file name]])))),1) -> 0 | C86: C:\Users\cbarrier\Desktop\Calibration\20201111_Cefas_Test4_Run2\@2/01_C2_C2-1_20201111_13583901.tif | D86: 357087.93 | E86: 41.4594 | G86: 14804646
A87: =IFERROR(LEFT(RIGHT(C87,LEN(C87)-SEARCH("@",C87)),SEARCH("/",RIGHT(C87,LEN(C87)-SEARCH("@",C87)-1))),"") -> 2 | B87: =LEFT(RIGHT(RIGHT(Tableau46[[#This Row],[file name]],LEN(Tableau46[[#This Row],[file name]])-SEARCH("@",Tableau46[[#This Row],[file name]])),LEN(RIGHT(Tableau46[[#This Row],[file name]],LEN(Tableau46[[#This Row],[file name]])-SEARCH("@",Tableau46[[#This Row],[file name]])))-SEARCH("/",RIGHT(Tableau46[[#This Row],[file name]],LEN(Tableau46[[#This Row],[file name]])-SEARCH("@",Tableau46[[#This Row],[file name]])))),1) -> 0 | C87: C:\Users\cbarrier\Desktop\Calibration\20201111_Cefas_Test4_Run2\@2/01_D2_D2-1_20201111_13584101.tif | D87: 501489.107 | E87: 39.6262 | G87: 19872120
A88: =IFERROR(LEFT(RIGHT(C88,LEN(C88)-SEARCH("@",C88)),SEARCH("/",RIGHT(C88,LEN(C88)-SEARCH("@",C88)-1))),"") -> 2 | B88: =LEFT(RIGHT(RIGHT(Tableau46[[#This Row],[file name]],LEN(Tableau46[[#This Row],[file name]])-SEARCH("@",Tableau46[[#This Row],[file name]])),LEN(RIGHT(Tableau46[[#This Row],[file name]],LEN(Tableau46[[#This Row],[file name]])-SEARCH("@",Tableau46[[#This Row],[file name]])))-SEARCH("/",RIGHT(Tableau46[[#This Row],[file name]],LEN(Tableau46[[#This Row],[file name]])-SEARCH("@",Tableau46[[#This Row],[file name]])))),1) -> 0 | C88: C:\Users\cbarrier\Desktop\Calibration\20201111_Cefas_Test4_Run2\@2/01_E2_E2-1_20201111_13584201.tif | D88: 337253.317 | E88: 45.4103 | G88: 15314787
A89: =IFERROR(LEFT(RIGHT(C89,LEN(C89)-SEARCH("@",C89)),SEARCH("/",RIGHT(C89,LEN(C89)-SEARCH("@",C89)-1))),"") -> 2 | B89: =LEFT(RIGHT(RIGHT(Tableau46[[#This Row],[file name]],LEN(Tableau46[[#This Row],[file name]])-SEARCH("@",Tableau46[[#This Row],[file name]])),LEN(RIGHT(Tableau46[[#This Row],[file name]],LEN(Tableau46[[#This Row],[file name]])-SEARCH("@",Tableau46[[#This Row],[file name]])))-SEARCH("/",RIGHT(Tableau46[[#This Row],[file name]],LEN(Tableau46[[#This Row],[file name]])-SEARCH("@",Tableau46[[#This Row],[file name]])))),1) -> 0 | C89: C:\Users\cbarrier\Desktop\Calibration\20201111_Cefas_Test4_Run2\@2/01_F2_F2-1_20201111_13584401.tif | D89: 399720.453 | E89: 42.9635 | G89: 17173379
A90: =IFERROR(LEFT(RIGHT(C90,LEN(C90)-SEARCH("@",C90)),SEARCH("/",RIGHT(C90,LEN(C90)-SEARCH("@",C90)-1))),"") -> 2 | B90: =LEFT(RIGHT(RIGHT(Tableau46[[#This Row],[file name]],LEN(Tableau46[[#This Row],[file name]])-SEARCH("@",Tableau46[[#This Row],[file name]])),LEN(RIGHT(Tableau46[[#This Row],[file name]],LEN(Tableau46[[#This Row],[file name]])-SEARCH("@",Tableau46[[#This Row],[file name]])))-SEARCH("/",RIGHT(Tableau46[[#This Row],[file name]],LEN(Tableau46[[#This Row],[file name]])-SEARCH("@",Tableau46[[#This Row],[file name]])))),1) -> 0 | C90: C:\Users\cbarrier\Desktop\Calibration\20201111_Cefas_Test4_Run2\@2/01_G2_G2-1_20201111_13584601.tif | D90: 223955.929 | E90: 44.1346 | G90: 9884213
A91: =IFERROR(LEFT(RIGHT(C91,LEN(C91)-SEARCH("@",C91)),SEARCH("/",RIGHT(C91,LEN(C91)-SEARCH("@",C91)-1))),"") -> 2 | B91: =LEFT(RIGHT(RIGHT(Tableau46[[#This Row],[file name]],LEN(Tableau46[[#This Row],[file name]])-SEARCH("@",Tableau46[[#This Row],[file name]])),LEN(RIGHT(Tableau46[[#This Row],[file name]],LEN(Tableau46[[#This Row],[file name]])-SEARCH("@",Tableau46[[#This Row],[file name]])))-SEARCH("/",RIGHT(Tableau46[[#This Row],[file name]],LEN(Tableau46[[#This Row],[file name]])-SEARCH("@",Tableau46[[#This Row],[file name]])))),1) -> 0 | C91: C:\Users\cbarrier\Desktop\Calibration\20201111_Cefas_Test4_Run2\@2/02_H2_H2-1_20201111_13584802.tif | D91: 400153.051 | E91: 40.7752 | G91: 16316338
A92: =IFERROR(LEFT(RIGHT(C92,LEN(C92)-SEARCH("@",C92)),SEARCH("/",RIGHT(C92,LEN(C92)-SEARCH("@",C92)-1))),"") | B92: =LEFT(RIGHT(RIGHT(Tableau46[[#This Row],[file name]],LEN(Tableau46[[#This Row],[file name]])-SEARCH("@",Tableau46[[#This Row],[file name]])),LEN(RIGHT(Tableau46[[#This Row],[file name]],LEN(Tableau46[[#This Row],[file name]])-SEARCH("@",Tableau46[[#This Row],[file name]])))-SEARCH("/",RIGHT(Tableau46[[#This Row],[file name]],LEN(Tableau46[[#This Row],[file name]])-SEARCH("@",Tableau46[[#This Row],[file name]])))),1) -> #VALUE!
A93: =IFERROR(LEFT(RIGHT(C93,LEN(C93)-SEARCH("@",C93)),SEARCH("/",RIGHT(C93,LEN(C93)-SEARCH("@",C93)-1))),"") | B93: =LEFT(RIGHT(RIGHT(Tableau46[[#This Row],[file name]],LEN(Tableau46[[#This Row],[file name]])-SEARCH("@",Tableau46[[#This Row],[file name]])),LEN(RIGHT(Tableau46[[#This Row],[file name]],LEN(Tableau46[[#This Row],[file name]])-SEARCH("@",Tableau46[[#This Row],[file name]])))-SEARCH("/",RIGHT(Tableau46[[#This Row],[file name]],LEN(Tableau46[[#This Row],[file name]])-SEARCH("@",Tableau46[[#This Row],[file name]])))),1) -> #VALUE! | C93: group | E93: mean of mean fluo | F93: SD mean fluo | G93: mean of total fluo | H93: SD total fluo | I93: n fluorescent | J93: n total
A94: =IFERROR(LEFT(RIGHT(C94,LEN(C94)-SEARCH("@",C94)),SEARCH("/",RIGHT(C94,LEN(C94)-SEARCH("@",C94)-1))),"") -> 2 | B94: =LEFT(RIGHT(RIGHT(Tableau46[[#This Row],[file name]],LEN(Tableau46[[#This Row],[file name]])-SEARCH("@",Tableau46[[#This Row],[file name]])),LEN(RIGHT(Tableau46[[#This Row],[file name]],LEN(Tableau46[[#This Row],[file name]])-SEARCH("@",Tableau46[[#This Row],[file name]])))-SEARCH("/",RIGHT(Tableau46[[#This Row],[file name]],LEN(Tableau46[[#This Row],[file name]])-SEARCH("@",Tableau46[[#This Row],[file name]])))),1) | C94: C:\Users\cbarrier\Desktop\Calibration\20201111_Cefas_Test4_Run2\@2/ | E94: 43.3319 | F94: 2.6321 | G94: 15136502.9 | H94: 2929456.34 | I94: 8 | J94: 8
A95: =IFERROR(LEFT(RIGHT(C95,LEN(C95)-SEARCH("@",C95)),SEARCH("/",RIGHT(C95,LEN(C95)-SEARCH("@",C95)-1))),"") | B95: =LEFT(RIGHT(RIGHT(Tableau46[[#This Row],[file name]],LEN(Tableau46[[#This Row],[file name]])-SEARCH("@",Tableau46[[#This Row],[file name]])),LEN(RIGHT(Tableau46[[#This Row],[file name]],LEN(Tableau46[[#This Row],[file name]])-SEARCH("@",Tableau46[[#This Row],[file name]])))-SEARCH("/",RIGHT(Tableau46[[#This Row],[file name]],LEN(Tableau46[[#This Row],[file name]])-SEARCH("@",Tableau46[[#This Row],[file name]])))),1) -> #VALUE!
A96: =IFERROR(LEFT(RIGHT(C96,LEN(C96)-SEARCH("@",C96)),SEARCH("/",RIGHT(C96,LEN(C96)-SEARCH("@",C96)-1))),"") | B96: =LEFT(RIGHT(RIGHT(Tableau46[[#This Row],[file name]],LEN(Tableau46[[#This Row],[file name]])-SEARCH("@",Tableau46[[#This Row],[file name]])),LEN(RIGHT(Tableau46[[#This Row],[file name]],LEN(Tableau46[[#This Row],[file name]])-SEARCH("@",Tableau46[[#This Row],[file name]])))-SEARCH("/",RIGHT(Tableau46[[#This Row],[file name]],LEN(Tableau46[[#This Row],[file name]])-SEARCH("@",Tableau46[[#This Row],[file name]])))),1) -> #VALUE!
A97: =IFERROR(LEFT(RIGHT(C97,LEN(C97)-SEARCH("@",C97)),SEARCH("/",RIGHT(C97,LEN(C97)-SEARCH("@",C97)-1))),"") | B97: =LEFT(RIGHT(RIGHT(Tableau46[[#This Row],[file name]],LEN(Tableau46[[#This Row],[file name]])-SEARCH("@",Tableau46[[#This Row],[file name]])),LEN(RIGHT(Tableau46[[#This Row],[file name]],LEN(Tableau46[[#This Row],[file name]])-SEARCH("@",Tableau46[[#This Row],[file name]])))-SEARCH("/",RIGHT(Tableau46[[#This Row],[file name]],LEN(Tableau46[[#This Row],[file name]])-SEARCH("@",Tableau46[[#This Row],[file name]])))),1) -> #VALUE!
A98: =IFERROR(LEFT(RIGHT(C98,LEN(C98)-SEARCH("@",C98)),SEARCH("/",RIGHT(C98,LEN(C98)-SEARCH("@",C98)-1))),"") | B98: =LEFT(RIGHT(RIGHT(Tableau46[[#This Row],[file name]],LEN(Tableau46[[#This Row],[file name]])-SEARCH("@",Tableau46[[#This Row],[file name]])),LEN(RIGHT(Tableau46[[#This Row],[file name]],LEN(Tableau46[[#This Row],[file name]])-SEARCH("@",Tableau46[[#This Row],[file name]])))-SEARCH("/",RIGHT(Tableau46[[#This Row],[file name]],LEN(Tableau46[[#This Row],[file name]])-SEARCH("@",Tableau46[[#This Row],[file name]])))),1) -> #VALUE!
A99: =IFERROR(LEFT(RIGHT(C99,LEN(C99)-SEARCH("@",C99)),SEARCH("/",RIGHT(C99,LEN(C99)-SEARCH("@",C99)-1))),"") | B99: =LEFT(RIGHT(RIGHT(Tableau46[[#This Row],[file name]],LEN(Tableau46[[#This Row],[file name]])-SEARCH("@",Tableau46[[#This Row],[file name]])),LEN(RIGHT(Tableau46[[#This Row],[file name]],LEN(Tableau46[[#This Row],[file name]])-SEARCH("@",Tableau46[[#This Row],[file name]])))-SEARCH("/",RIGHT(Tableau46[[#This Row],[file name]],LEN(Tableau46[[#This Row],[file name]])-SEARCH("@",Tableau46[[#This Row],[file name]])))),1) -> #VALUE!
A100: =IFERROR(LEFT(RIGHT(C100,LEN(C100)-SEARCH("@",C100)),SEARCH("/",RIGHT(C100,LEN(C100)-SEARCH("@",C100)-1))),"") | B100: =LEFT(RIGHT(RIGHT(Tableau46[[#This Row],[file name]],LEN(Tableau46[[#This Row],[file name]])-SEARCH("@",Tableau46[[#This Row],[file name]])),LEN(RIGHT(Tableau46[[#This Row],[file name]],LEN(Tableau46[[#This Row],[file name]])-SEARCH("@",Tableau46[[#This Row],[file name]])))-SEARCH("/",RIGHT(Tableau46[[#This Row],[file name]],LEN(Tableau46[[#This Row],[file name]])-SEARCH("@",Tableau46[[#This Row],[file name]])))),1) -> #VALUE! | C100: file name | D100: total area | E100: mean intensity | G100: total fluorescence
...

Sheet R2
A1: 6. Expérimentateur 2 : copier et coller les valeurs des intensités totales de fluorescences obtenues dans le fichier raw data lors du traitement des images. Ne pas supprimer les colonnes correspondant aux concentrations non lues.
A3: R2 | B3: Non dopé | J3: avec testo
A4: Noms des groupes | B4: ='Page de garde'!A7 -> Témoin solvant | C4: ='Page de garde'!A9 -> EE2-33,8ng/L | D4: ='Page de garde'!A10 -> EE2-50,6ng/L | E4: ='Page de garde'!A11 -> EE2-76ng/L | F4: ='Page de garde'!A12 -> EE2-114ng/L | G4: ='Page de garde'!A13 -> EE2-170,9ng/L | H4: ='Page de garde'!A14 -> EE2-488ng/L | J4: ='Page de garde'!A36 -> Testo -30µg/L | K4: ='Page de garde'!A37 -> Testo 30µg/L + EE2 -64ng/L | L4: ='Page de garde'!A38 -> Testo 30µg/L + FAD-10mg/L
A5: Données brutes | B5: 16956864 | C5: 14616380 | D5: 16038783 | E5: 18885472 | F5: 12750001 | G5: 20350616 | H5: 21764324 | J5: 17902307 | K5: 1135418 | L5: 9639774
B6: 16716231 | C6: 13110160 | D6: 23714757 | E6: 12957021 | F6: 22493468 | G6: 18019908 | H6: 23878409 | J6: 21199979 | K6: 19860634 | L6: 4697040
B7: 16373960 | C7: 14804646 | D7: 11712134 | E7: 19574752 | G7: 27411912 | H7: 14570221 | J7: 19895869 | K7: 12992688 | L7: 22821659
B8: 17499818 | C8: 19872120 | D8: 16544685 | E8: 21071476 | F8: 10816526 | G8: 17293360 | H8: 26833074 | J8: 16383088 | K8: 19736349 | L8: 14284296
B9: 18479371 | C9: 15314787 | D9: 17842695 | E9: 10039494 | F9: 20136480 | G9: 15776824 | H9: 21107014 | J9: 21809682 | K9: 17458937 | L9: 15279422
B10: 15633374 | C10: 17173379 | D10: 15021010 | E10: 22977545 | F10: 20434540 | G10: 17569769 | H10: 21268957 | J10: 8030574 | K10: 15960245
B11: 13930755 | C11: 9884213 | D11: 21520556 | E11: 17940484 | F11: 15504763 | G11: 20637883 | J11: 23294683 | K11: 19801001
B12: 14794783 | C12: 16316338 | D12: 14046432 | E12: 16010599 | F12: 20552618 | G12: 22499287 | J12: 24201083 | K12: 29469412
J13: 14568751
J14: 18713255
J15: 19613902
J16: 17611017
J17: 20913859
J18: 16096405
J19: 25730274
J20: 15479153
A22: =A4 -> Noms des groupes | B22: =B4 -> Témoin solvant | C22: =C4 -> EE2-33,8ng/L | D22: =D4 -> EE2-50,6ng/L | E22: =E4 -> EE2-76ng/L | F22: =F4 -> EE2-114ng/L | G22: =G4 -> EE2-170,9ng/L | H22: =H4 -> EE2-488ng/L | I22: Noms des groupes | J22: =J4 -> Testo -30µg/L | K22: =K4 -> Testo 30µg/L + EE2 -64ng/L | L22: =L4 -> Testo 30µg/L + FAD-10mg/L
A23: mean | B23: =AVERAGE(B5:B20) -> 16298144 | C23: =AVERAGE(C5:C20) -> 15136503 | D23: =AVERAGE(D5:D20) -> 17055132 | E23: =AVERAGE(E5:E20) -> 17432105 | F23: =AVERAGE(F5:F20) -> 17526914 | G23: =AVERAGE(G5:G20) -> 19944945 | H23: =AVERAGE(H5:H20) -> 21570333 | I23: mean | J23: =AVERAGE(J5:J20) -> 18840243 | K23: =AVERAGE(K5:K20) -> 17051836 | L23: =AVERAGE(L5:L20) -> 13344438
A24: SD | B24: =STDEV(B5:B20) -> 1469828.6 | C24: =STDEV(C5:C20) -> 2929456.3 | D24: =STDEV(D5:D20) -> 3926866.2 | E24: =STDEV(E5:E20) -> 4270435.6 | F24: =STDEV(F5:F20) -> 4491157.4 | G24: =STDEV(G5:G20) -> 3716303 | H24: =STDEV(H5:H20) -> 4058776.9 | I24: SD | J24: =STDEV(J5:J20) -> 4311353.1 | K24: =STDEV(K5:K20) -> 8000146.5 | L24: =STDEV(L5:L20) -> 6762899.6
B26: Non dopé | J26: avec testo
A27: Noms des groupes | B27: =B4 -> Témoin solvant | C27: =C4 -> EE2-33,8ng/L | D27: =D4 -> EE2-50,6ng/L | E27: =E4 -> EE2-76ng/L | F27: =F4 -> EE2-114ng/L | G27: =G4 -> EE2-170,9ng/L | H27: =H4 -> EE2-488ng/L | J27: =J4 -> Testo -30µg/L | K27: =K4 -> Testo 30µg/L + EE2 -64ng/L | L27: =L4 -> Testo 30µg/L + FAD-10mg/L
A28: Données normalisées sur la moyenne du groupe "Testo" | B28: =IF(B5="","",(B5/$J$23)) -> 0.90003427 | C28: =IF(C5="","",(C5/$J$23)) -> 0.77580636 | D28: =IF(D5="","",(D5/$J$23)) -> 0.85130449 | E28: =IF(E5="","",(E5/$J$23)) -> 1.0024007 | F28: =IF(F5="","",(F5/$J$23)) -> 0.67674293 | G28: =IF(G5="","",(G5/$J$23)) -> 1.0801674 | H28: =IF(H5="","",(H5/$J$23)) -> 1.155204 | J28: =IF(J5="","",(J5/$J$23)) -> 0.95021638 | K28: =IF(K5="","",(K5/$J$23)) -> 0.060265572 | L28: =IF(L5="","",(L5/$J$23)) -> 0.5116587
B29: =IF(B6="","",(B6/$J$23)) -> 0.88726198 | C29: =IF(C6="","",(C6/$J$23)) -> 0.69585941 | D29: =IF(D6="","",(D6/$J$23)) -> 1.2587289 | E29: =IF(E6="","",(E6/$J$23)) -> 0.68773111 | F29: =IF(F6="","",(F6/$J$23)) -> 1.1939054 | G29: =IF(G6="","",(G6/$J$23)) -> 0.95645839 | H29: =IF(H6="","",(H6/$J$23)) -> 1.2674152 | J29: =IF(J6="","",(J6/$J$23)) -> 1.1252498 | K29: =IF(K6="","",(K6/$J$23)) -> 1.0541602 | L29: =IF(L6="","",(L6/$J$23)) -> 0.24930889
B30: =IF(B7="","",(B7/$J$23)) -> 0.86909497 | C30: =IF(C7="","",(C7/$J$23)) -> 0.78579912 | D30: =IF(D7="","",(D7/$J$23)) -> 0.62165516 | E30: =IF(E7="","",(E7/$J$23)) -> 1.0389862 | F30: =IF(F7="","",(F7/$J$23)) | G30: =IF(G7="","",(G7/$J$23)) -> 1.454966 | H30: =IF(H7="","",(H7/$J$23)) -> 0.77335634 | J30: =IF(J7="","",(J7/$J$23)) -> 1.0560304 | K30: =IF(K7="","",(K7/$J$23)) -> 0.68962424 | L30: =IF(L7="","",(L7/$J$23)) -> 1.2113251
B31: =IF(B8="","",(B8/$J$23)) -> 0.92885312 | C31: =IF(C8="","",(C8/$J$23)) -> 1.0547699 | D31: =IF(D8="","",(D8/$J$23)) -> 0.87815669 | E31: =IF(E8="","",(E8/$J$23)) -> 1.1184291 | F31: =IF(F8="","",(F8/$J$23)) -> 0.57411819 | G31: =IF(G8="","",(G8/$J$23)) -> 0.91789476 | H31: =IF(H8="","",(H8/$J$23)) -> 1.4242425 | J31: =IF(J8="","",(J8/$J$23)) -> 0.86957946 | K31: =IF(K8="","",(K8/$J$23)) -> 1.0475634 | L31: =IF(L8="","",(L8/$J$23)) -> 0.75818005
B32: =IF(B9="","",(B9/$J$23)) -> 0.98084571 | C32: =IF(C9="","",(C9/$J$23)) -> 0.81287632 | D32: =IF(D9="","",(D9/$J$23)) -> 0.9470523 | E32: =IF(E9="","",(E9/$J$23)) -> 0.53287499 | F32: =IF(F9="","",(F9/$J$23)) -> 1.0688015 | G32: =IF(G9="","",(G9/$J$23)) -> 0.83740026 | H32: =IF(H9="","",(H9/$J$23)) -> 1.1203154 | J32: =IF(J9="","",(J9/$J$23)) -> 1.1576115 | K32: =IF(K9="","",(K9/$J$23)) -> 0.92668324 | L32: =IF(L9="","",(L9/$J$23)) -> 0.81099922
B33: =IF(B10="","",(B10/$J$23)) -> 0.82978624 | C33: =IF(C10="","",(C10/$J$23)) -> 0.91152643 | D33: =IF(D10="","",(D10/$J$23)) -> 0.79728326 | E33: =IF(E10="","",(E10/$J$23)) -> 1.2195992 | F33: =IF(F10="","",(F10/$J$23)) -> 1.0846219 | G33: =IF(G10="","",(G10/$J$23)) -> 0.93256597 | H33: =IF(H10="","",(H10/$J$23)) -> 1.128911 | J33: =IF(J10="","",(J10/$J$23)) -> 0.42624579 | K33: =IF(K10="","",(K10/$J$23)) -> 0.84713586 | L33: =IF(L10="","",(L10/$J$23))
B34: =IF(B11="","",(B11/$J$23)) -> 0.73941484 | C34: =IF(C11="","",(C11/$J$23)) -> 0.524633 | D34: =IF(D11="","",(D11/$J$23)) -> 1.1422653 | E34: =IF(E11="","",(E11/$J$23)) -> 0.95224273 | F34: =IF(F11="","",(F11/$J$23)) -> 0.82295984 | G34: =IF(G11="","",(G11/$J$23)) -> 1.0954149 | H34: =IF(H11="","",(H11/$J$23)) | J34: =IF(J11="","",(J11/$J$23)) -> 1.2364322 | K34: =IF(K11="","",(K11/$J$23)) -> 1.050995 | L34: =IF(L11="","",(L11/$J$23))
B35: =IF(B12="","",(B12/$J$23)) -> 0.78527561 | C35: =IF(C12="","",(C12/$J$23)) -> 0.86603651 | D35: =IF(D12="","",(D12/$J$23)) -> 0.74555473 | E35: =IF(E12="","",(E12/$J$23)) -> 0.84980854 | F35: =IF(F12="","",(F12/$J$23)) -> 1.0908892 | G35: =IF(G12="","",(G12/$J$23)) -> 1.1942143 | H35: =IF(H12="","",(H12/$J$23)) | J35: =IF(J12="","",(J12/$J$23)) -> 1.284542 | K35: =IF(K12="","",(K12/$J$23)) -> 1.5641737 | L35: =IF(L12="","",(L12/$J$23))
B36: =IF(B13="","",(B13/$J$23)) | C36: =IF(C13="","",(C13/$J$23)) | D36: =IF(D13="","",(D13/$J$23)) | E36: =IF(E13="","",(E13/$J$23)) | F36: =IF(F13="","",(F13/$J$23)) | G36: =IF(G13="","",(G13/$J$23)) | H36: =IF(H13="","",(H13/$J$23)) | J36: =IF(J13="","",(J13/$J$23)) -> 0.77327831 | K36: =IF(K13="","",(K13/$J$23)) | L36: =IF(L13="","",(L13/$J$23))
B37: =IF(B14="","",(B14/$J$23)) | C37: =IF(C14="","",(C14/$J$23)) | D37: =IF(D14="","",(D14/$J$23)) | E37: =IF(E14="","",(E14/$J$23)) | F37: =IF(F14="","",(F14/$J$23)) | G37: =IF(G14="","",(G14/$J$23)) | H37: =IF(H14="","",(H14/$J$23)) | J37: =IF(J14="","",(J14/$J$23)) -> 0.99325977 | K37: =IF(K14="","",(K14/$J$23)) | L37: =IF(L14="","",(L14/$J$23))
B38: =IF(B15="","",(B15/$J$23)) | C38: =IF(C15="","",(C15/$J$23)) | D38: =IF(D15="","",(D15/$J$23)) | E38: =IF(E15="","",(E15/$J$23)) | F38: =IF(F15="","",(F15/$J$23)) | G38: =IF(G15="","",(G15/$J$23)) | H38: =IF(H15="","",(H15/$J$23)) | J38: =IF(J15="","",(J15/$J$23)) -> 1.0410642 | K38: =IF(K15="","",(K15/$J$23)) | L38: =IF(L15="","",(L15/$J$23))
B39: =IF(B16="","",(B16/$J$23)) | C39: =IF(C16="","",(C16/$J$23)) | D39: =IF(D16="","",(D16/$J$23)) | E39: =IF(E16="","",(E16/$J$23)) | F39: =IF(F16="","",(F16/$J$23)) | G39: =IF(G16="","",(G16/$J$23)) | H39: =IF(H16="","",(H16/$J$23)) | J39: =IF(J16="","",(J16/$J$23)) -> 0.93475532 | K39: =IF(K16="","",(K16/$J$23)) | L39: =IF(L16="","",(L16/$J$23))
B40: =IF(B17="","",(B17/$J$23)) | C40: =IF(C17="","",(C17/$J$23)) | D40: =IF(D17="","",(D17/$J$23)) | E40: =IF(E17="","",(E17/$J$23)) | F40: =IF(F17="","",(F17/$J$23)) | G40: =IF(G17="","",(G17/$J$23)) | H40: =IF(H17="","",(H17/$J$23)) | J40: =IF(J17="","",(J17/$J$23)) -> 1.1100631 | K40: =IF(K17="","",(K17/$J$23)) | L40: =IF(L17="","",(L17/$J$23))
... B43: =IF(B20="","",(B20/$J$23)) | C43: =IF(C20="","",(C20/$J$23)) | D43: =IF(D20="","",(D20/$J$23)) | E43: =IF(E20="","",(E20/$J$23)) | F43: =IF(F20="","",(F20/$J$23)) | G43: =IF(G20="","",(G20/$J$23)) | H43: =IF(H20="","",(H20/$J$23)) | J43: =IF(J20="","",(J20/$J$23)) -> 0.82160052 | K43: =IF(K20="","",(K20/$J$23)) | L43: =IF(L20="","",(L20/$J$23))
A45: =A4 -> Noms des groupes | B45: =B4 -> Témoin solvant | C45: =C4 -> EE2-33,8ng/L | D45: =D4 -> EE2-50,6ng/L | E45: =E4 -> EE2-76ng/L | F45: =F4 -> EE2-114ng/L | G45: =G4 -> EE2-170,9ng/L | H45: =H4 -> EE2-488ng/L | J45: =J4 -> Testo -30µg/L | K45: =K4 -> Testo 30µg/L + EE2 -64ng/L | L45: =L4 -> Testo 30µg/L + FAD-10mg/L
A46: mean | B46: =AVERAGE(B28:B43) -> 0.86507084 | C46: =AVERAGE(C28:C43) -> 0.80341338 | D46: =AVERAGE(D28:D43) -> 0.9052501 | E46: =AVERAGE(E28:E43) -> 0.92525907 | F46: =AVERAGE(F28:F43) -> 0.9302913 | G46: =AVERAGE(G28:G43) -> 1.0586352 | H46: =AVERAGE(H28:H43) -> 1.1449074 | I46: mean | J46: =AVERAGE(J28:J43) -> 1 | K46: =AVERAGE(K28:K43) -> 0.90507516 | L46: =AVERAGE(L28:L43) -> 0.70829439
A47: SD | B47: =STDEV(B28:B43) -> 0.078015375 | C47: =STDEV(C28:C43) -> 0.15548931 | D47: =STDEV(D28:D43) -> 0.20842971 | E47: =STDEV(E28:E43) -> 0.22666564 | F47: =STDEV(F28:F43) -> 0.23838108 | G47: =STDEV(G28:G43) -> 0.19725346 | H47: =STDEV(H28:H43) -> 0.21543125 | I47: SD | J47: =STDEV(J28:J43) -> 0.22883745 | K47: =STDEV(K28:K43) -> 0.42463076 | L47: =STDEV(L28:L43) -> 0.35896032
A48: SEM | B48: =B47/SQRT(COUNT(B28:B43)) -> 0.0275826 | C48: =C47/SQRT(COUNT(C28:C43)) -> 0.054973773 | D48: =D47/SQRT(COUNT(D28:D43)) -> 0.07369103 | E48: =E47/SQRT(COUNT(E28:E43)) -> 0.080138405 | F48: =F47/SQRT(COUNT(F28:F43)) -> 0.090099579 | G48: =G47/SQRT(COUNT(G28:G43)) -> 0.069739629 | H48: =H47/SQRT(COUNT(H28:H43)) -> 0.087949438 | I48: SEM | J48: =J47/SQRT(COUNT(J28:J43)) -> 0.057209363 | K48: =K47/SQRT(COUNT(K28:K43)) -> 0.15012964 | L48: =L47/SQRT(COUNT(L28:L43)) -> 0.16053194
A50: 7. Expérimentateur 2 : réaliser les tests statistiques avec les données normalisées et renseigner les résultats ainsi que le test statistique utilisé dans le tableau violet.
A52: =A27 -> Noms des groupes | B52: =B27 -> Témoin solvant | C52: =C27 -> EE2-33,8ng/L | D52: =D27 -> EE2-50,6ng/L | E52: =E27 -> EE2-76ng/L | F52: =F27 -> EE2-114ng/L | G52: =G27 -> EE2-170,9ng/L | H52: =H27 -> EE2-488ng/L | J52: =J27 -> Testo -30µg/L | K52: =K27 -> Testo 30µg/L + EE2 -64ng/L | L52: =L27 -> Testo 30µg/L + FAD-10mg/L
A53: Mean | B53: =B46 -> 0.86507084 | C53: =C46 -> 0.80341338 | D53: =D46 -> 0.9052501 | E53: =E46 -> 0.92525907 | F53: =F46 -> 0.9302913 | G53: =G46 -> 1.0586352 | H53: =H46 -> 1.1449074 | J53: =J46 -> 1 | K53: =K46 -> 0.90507516 | L53: =L46 -> 0.70829439
A54: SEM | B54: =B48 -> 0.0275826 | C54: =C48 -> 0.054973773 | D54: =D48 -> 0.07369103 | E54: =E48 -> 0.080138405 | F54: =F48 -> 0.090099579 | G54: =G48 -> 0.069739629 | H54: =H48 -> 0.087949438 | J54: =J48 -> 0.057209363 | K54: =K48 -> 0.15012964 | L54: =L48 -> 0.16053194
A55: % induction | B55: =(B53*100/$B53)-100 -> 0 | C55: =(C53*100/$B53)-100 -> -7.1274471 | D55: =(D53*100/$B53)-100 -> 4.6446207 | E55: =(E53*100/$B53)-100 -> 6.9576072 | F55: =(F53*100/$B53)-100 -> 7.5393197 | G55: =(G53*100/$B53)-100 -> 22.375556 | H55: =(H53*100/$B53)-100 -> 32.348398 | J55: =(J53*100/$J53)-100 -> 0 | K55: =(K53*100/$J53)-100 -> -9.4924843 | L55: =(L53*100/$J53)-100 -> -29.170561
A56: Test de normalité : valeur du p | B56: =[1]!SWTEST(B28:B43) -> 0.9822563 | C56: =[1]!SWTEST(C28:C43) -> 0.93718582 | D56: =[1]!SWTEST(D28:D43) -> 0.75392207 | E56: =[1]!SWTEST(E28:E43) -> 0.81371684 | F56: =[1]!SWTEST(F28:F43) -> 0.23897948 | G56: =[1]!SWTEST(G28:G43) -> 0.32242809 | H56: =[1]!SWTEST(H28:H43) -> 0.50724708 | J56: =[1]!SWTEST(J28:J43) -> 0.66365044 | K56: =[1]!SWTEST(K28:K43) -> 0.30947734 | L56: =[1]!SWTEST(L28:L43) -> 0.94785043
A57: Test de normalité : résultat normal? | B57: =IF(B56>0.05,"Oui","Non") -> Oui | C57: =IF(C56>0.05,"Oui","Non") -> Oui | D57: =IF(D56>0.05,"Oui","Non") -> Oui | E57: =IF(E56>0.05,"Oui","Non") -> Oui | F57: =IF(F56>0.05,"Oui","Non") -> Oui | G57: =IF(G56>0.05,"Oui","Non") -> Oui | H57: =IF(H56>0.05,"Oui","Non") -> Oui | J57: =IF(J56>0.05,"Oui","Non") -> Oui | K57: =IF(K56>0.05,"Oui","Non") -> Oui | L57: =IF(L56>0.05,"Oui","Non") -> Oui
A59: Test statistique utilisé | C59: =IF($B57="Non",IF(C57="Non","MW",IF(C57="Oui","MW","")),IF($B57="Oui",IF(C57="Oui","T-Test Welch",IF(C57="Non","MW","")))) -> T-Test Welch | D59: =IF($B57="Non",IF(D57="Non","MW",IF(D57="Oui","MW","")),IF($B57="Oui",IF(D57="Oui","T-Test Welch",IF(D57="Non","MW","")))) -> T-Test Welch | E59: =IF($B57="Non",IF(E57="Non","MW",IF(E57="Oui","MW","")),IF($B57="Oui",IF(E57="Oui","T-Test Welch",IF(E57="Non","MW","")))) -> T-Test Welch | F59: =IF($B57="Non",IF(F57="Non","MW",IF(F57="Oui","MW","")),IF($B57="Oui",IF(F57="Oui","T-Test Welch",IF(F57="Non","MW","")))) -> T-Test Welch | G59: =IF($B57="Non",IF(G57="Non","MW",IF(G57="Oui","MW","")),IF($B57="Oui",IF(G57="Oui","T-Test Welch",IF(G57="Non","MW","")))) -> T-Test Welch | H59: =IF($B57="Non",IF(H57="Non","MW",IF(H57="Oui","MW","")),IF($B57="Oui",IF(H57="Oui","T-Test Welch",IF(H57="Non","MW","")))) -> T-Test Welch | J59: =IF($B57="Non",IF(J57="Non","MW",IF(J57="Oui","MW","")),IF($B57="Oui",IF(J57="Oui","T-Test Welch",IF(J57="Non","MW","")))) -> T-Test Welch | K59: =IF($J57="Non",IF(K57="Non","MW",IF(K57="Oui","MW","")),IF($J57="Oui",IF(K57="Oui","T-Test Welch",IF(K57="Non","MW","")))) -> T-Test Welch | L59: =IF($J57="Non",IF(L57="Non","MW",IF(L57="Oui","MW","")),IF($J57="Oui",IF(L57="Oui","T-Test Welch",IF(L57="Non","MW","")))) -> T-Test Welch
A60: Test statistique : valeur du p | C60: =IF(C59="MW",[1]!MTEST($B28:$B43,C28:C43,2), IF(C59="T-Test Welch",_xlfn.T.TEST($B28:$B43,C28:C43,2,3),"")) -> 0.33905348 | D60: =IF(D59="MW",[1]!MTEST($B28:$B43,D28:D43,2), IF(D59="T-Test Welch",_xlfn.T.TEST($B28:$B43,D28:D43,2,3),"")) -> 0.62199418 | E60: =IF(E59="MW",[1]!MTEST($B28:$B43,E28:E43,2), IF(E59="T-Test Welch",_xlfn.T.TEST($B28:$B43,E28:E43,2,3),"")) -> 0.49632959 | F60: =IF(F59="MW",[1]!MTEST($B28:$B43,F28:F43,2), IF(F59="T-Test Welch",_xlfn.T.TEST($B28:$B43,F28:F43,2,3),"")) -> 0.51075937 | G60: =IF(G59="MW",[1]!MTEST($B28:$B43,G28:G43,2), IF(G59="T-Test Welch",_xlfn.T.TEST($B28:$B43,G28:G43,2,3),"")) -> 0.029301722 | H60: =IF(H59="MW",[1]!MTEST($B28:$B43,H28:H43,2), IF(H59="T-Test Welch",_xlfn.T.TEST($B28:$B43,H28:H43,2,3),"")) -> 0.022966109 | J60: =IF(J59="MW",[1]!MTEST($B28:$B43,J28:J43,2), IF(J59="T-Test Welch",_xlfn.T.TEST($B28:$B43,J28:J43,2,3),"")) -> 0.046021084 | K60: =IF(K59="MW",[1]!MTEST($J28:$J43,K28:K43,2), IF(K59="T-Test Welch",_xlfn.T.TEST($J28:$J43,K28:K43,2,3),"")) -> 0.56902295 | L60: =IF(L59="MW",[1]!MTEST($J28:$J43,L28:L43,2), IF(L59="T-Test Welch",_xlfn.T.TEST($J28:$J43,L28:L43,2,3),"")) -> 0.14695694
A61: Annotation | C61: =IF(C60>0.05,"NS",IF(C60>0.01,"*",IF(C60>0.001,"**","***"))) -> NS | D61: =IF(D60>0.05,"NS",IF(D60>0.01,"*",IF(D60>0.001,"**","***"))) -> NS | E61: =IF(E60>0.05,"NS",IF(E60>0.01,"*",IF(E60>0.001,"**","***"))) -> NS | F61: =IF(F60>0.05,"NS",IF(F60>0.01,"*",IF(F60>0.001,"**","***"))) -> NS | G61: =IF(G60>0.05,"NS",IF(G60>0.01,"*",IF(G60>0.001,"**","***"))) -> * | H61: =IF(H60>0.05,"NS",IF(H60>0.01,"*",IF(H60>0.001,"**","***"))) -> * | J61: =IF(J60>0.05,"NS",IF(J60>0.01,"*",IF(J60>0.001,"**","***"))) -> * | K61: =IF(K60>0.05,"NS",IF(K60>0.01,"*",IF(K60>0.001,"**","***"))) -> NS | L61: =IF(L60>0.05,"NS",IF(L60>0.01,"*",IF(L60>0.001,"**","***"))) -> NS
A63: Eléments pour la mise en forme conditionnelles des résutats - calcul équivalent hormonal (eqH)
A64: LOD | B64: =B46+(3*B47) -> 1.099117
A65: LOQ | B65: =B46+(10*B47) -> 1.6452246
A67: 8. Expérimentateur 2 : se reporter à l'onglet "pooled normalised values".

Sheet Raw data R3
A1: Nom groupe | B1: N° de valeur | C1: file name | D1: total area | E1: mean intensity | G1: total fluorescence | I1: nbre de larves | L1: (Tous)
A2: =IFERROR(LEFT(RIGHT(C2,LEN(C2)-SEARCH("@",C2)),SEARCH("/",RIGHT(C2,LEN(C2)-SEARCH("@",C2)-1))),"") | B2: =LEFT(RIGHT(RIGHT(Tableau467[[#This Row],[file name]],LEN(Tableau467[[#This Row],[file name]])-SEARCH("@",Tableau467[[#This Row],[file name]])),LEN(RIGHT(Tableau467[[#This Row],[file name]],LEN(Tableau467[[#This Row],[file name]])-SEARCH("@",Tableau467[[#This Row],[file name]])))-SEARCH("/",RIGHT(Tableau467[[#This Row],[file name]],LEN(Tableau467[[#This Row],[file name]])-SEARCH("@",Tableau467[[#This Row],[file name]])))),1) -> #VALUE! | C2: file name | D2: total area | E2: mean intensity | G2: total fluorescence | K2: Filtre lignes : Enlever (vide) et Néant | L2: Filtre colonnes : Enlever (vide) et " "
A3: =IFERROR(LEFT(RIGHT(C3,LEN(C3)-SEARCH("@",C3)),SEARCH("/",RIGHT(C3,LEN(C3)-SEARCH("@",C3)-1))),"") -> 1 | B3: =LEFT(RIGHT(RIGHT(Tableau467[[#This Row],[file name]],LEN(Tableau467[[#This Row],[file name]])-SEARCH("@",Tableau467[[#This Row],[file name]])),LEN(RIGHT(Tableau467[[#This Row],[file name]],LEN(Tableau467[[#This Row],[file name]])-SEARCH("@",Tableau467[[#This Row],[file name]])))-SEARCH("/",RIGHT(Tableau467[[#This Row],[file name]],LEN(Tableau467[[#This Row],[file name]])-SEARCH("@",Tableau467[[#This Row],[file name]])))),1) -> A | C3: C:\Users\cbarrier\Desktop\Calibration\20201112_Cefas_Test5_Run3/@1/A10_01.tif | D3: 8781.7372 | E3: 33.6773 | G3: 295746 | K3: Moyenne de total fluorescence | L3: Étiquettes de colonnes
A4: =IFERROR(LEFT(RIGHT(C4,LEN(C4)-SEARCH("@",C4)),SEARCH("/",RIGHT(C4,LEN(C4)-SEARCH("@",C4)-1))),"") -> 1 | B4: =LEFT(RIGHT(RIGHT(Tableau467[[#This Row],[file name]],LEN(Tableau467[[#This Row],[file name]])-SEARCH("@",Tableau467[[#This Row],[file name]])),LEN(RIGHT(Tableau467[[#This Row],[file name]],LEN(Tableau467[[#This Row],[file name]])-SEARCH("@",Tableau467[[#This Row],[file name]])))-SEARCH("/",RIGHT(Tableau467[[#This Row],[file name]],LEN(Tableau467[[#This Row],[file name]])-SEARCH("@",Tableau467[[#This Row],[file name]])))),1) -> A | C4: C:\Users\cbarrier\Desktop\Calibration\20201112_Cefas_Test5_Run3/@1/A10_02.tif | D4: 4953.2459 | E4: 33.3668 | G4: 165274 | K4: Étiquettes de lignes | L4: 1 | M4: 13 | N4: 14 | O4: 15 | P4: 16 | Q4: 2 | R4: 3 | S4: 4 | T4: 5 | U4: 6 | V4: 7
A5: =IFERROR(LEFT(RIGHT(C5,LEN(C5)-SEARCH("@",C5)),SEARCH("/",RIGHT(C5,LEN(C5)-SEARCH("@",C5)-1))),"") -> 1 | B5: =LEFT(RIGHT(RIGHT(Tableau467[[#This Row],[file name]],LEN(Tableau467[[#This Row],[file name]])-SEARCH("@",Tableau467[[#This Row],[file name]])),LEN(RIGHT(Tableau467[[#This Row],[file name]],LEN(Tableau467[[#This Row],[file name]])-SEARCH("@",Tableau467[[#This Row],[file name]])))-SEARCH("/",RIGHT(Tableau467[[#This Row],[file name]],LEN(Tableau467[[#This Row],[file name]])-SEARCH("@",Tableau467[[#This Row],[file name]])))),1) -> A | C5: C:\Users\cbarrier\Desktop\Calibration\20201112_Cefas_Test5_Run3/@1/A10_03.tif | D5: 5472.3633 | E5: 33.2095 | G5: 181734 | K5: A | L5: 214251.33 | M5: 216515 | O5: 3389909.3 | P5: 32351 | Q5: 120125 | R5: 103686.67 | S5: 1907497.3 | T5: 312249.33 | U5: 2808534 | V5: 4625524
A6: =IFERROR(LEFT(RIGHT(C6,LEN(C6)-SEARCH("@",C6)),SEARCH("/",RIGHT(C6,LEN(C6)-SEARCH("@",C6)-1))),"") -> 1 | B6: =LEFT(RIGHT(RIGHT(Tableau467[[#This Row],[file name]],LEN(Tableau467[[#This Row],[file name]])-SEARCH("@",Tableau467[[#This Row],[file name]])),LEN(RIGHT(Tableau467[[#This Row],[file name]],LEN(Tableau467[[#This Row],[file name]])-SEARCH("@",Tableau467[[#This Row],[file name]])))-SEARCH("/",RIGHT(Tableau467[[#This Row],[file name]],LEN(Tableau467[[#This Row],[file name]])-SEARCH("@",Tableau467[[#This Row],[file name]])))),1) -> B | C6: C:\Users\cbarrier\Desktop\Calibration\20201112_Cefas_Test5_Run3/@1/B10_01.tif | D6: 9062.9258 | E6: 38.494 | G6: 348869 | K6: B | L6: 236458 | M6: 94544.5 | N6: 2715237 | O6: 3131122 | P6: 36179.333 | Q6: 197322.67 | R6: 81674.333 | S6: 322343.33 | T6: 610835.67 | U6: 3444294 | V6: 3449831.3
A7: =IFERROR(LEFT(RIGHT(C7,LEN(C7)-SEARCH("@",C7)),SEARCH("/",RIGHT(C7,LEN(C7)-SEARCH("@",C7)-1))),"") -> 1 | B7: =LEFT(RIGHT(RIGHT(Tableau467[[#This Row],[file name]],LEN(Tableau467[[#This Row],[file name]])-SEARCH("@",Tableau467[[#This Row],[file name]])),LEN(RIGHT(Tableau467[[#This Row],[file name]],LEN(Tableau467[[#This Row],[file name]])-SEARCH("@",Tableau467[[#This Row],[file name]])))-SEARCH("/",RIGHT(Tableau467[[#This Row],[file name]],LEN(Tableau467[[#This Row],[file name]])-SEARCH("@",Tableau467[[#This Row],[file name]])))),1) -> B | C7: C:\Users\cbarrier\Desktop\Calibration\20201112_Cefas_Test5_Run3/@1/B10_02.tif | D7: 0 | E7: 0 | G7: 0 | K7: C | L7: 249198 | M7: 255982.67 | N7: 3035553.7 | O7: 1108294 | P7: 32856 | Q7: 3061 | R7: 215181.33 | S7: 151647 | T7: 2582184 | U7: 3299099.7 | V7: 5851585.7
A8: =IFERROR(LEFT(RIGHT(C8,LEN(C8)-SEARCH("@",C8)),SEARCH("/",RIGHT(C8,LEN(C8)-SEARCH("@",C8)-1))),"") -> 1 | B8: =LEFT(RIGHT(RIGHT(Tableau467[[#This Row],[file name]],LEN(Tableau467[[#This Row],[file name]])-SEARCH("@",Tableau467[[#This Row],[file name]])),LEN(RIGHT(Tableau467[[#This Row],[file name]],LEN(Tableau467[[#This Row],[file name]])-SEARCH("@",Tableau467[[#This Row],[file name]])))-SEARCH("/",RIGHT(Tableau467[[#This Row],[file name]],LEN(Tableau467[[#This Row],[file name]])-SEARCH("@",Tableau467[[#This Row],[file name]])))),1) -> B | C8: C:\Users\cbarrier\Desktop\Calibration\20201112_Cefas_Test5_Run3/@1/B10_03.tif | D8: 9993.0113 | E8: 36.0758 | G8: 360505 | K8: D | L8: 245 | M8: 2719771.7 | N8: 778215 | O8: 2240251 | P8: 289718 | Q8: 2898.3333 | R8: 399418 | S8: 75567.667 | T8: 2912876.5 | U8: 2392396.5 | V8: 4740681.7
A9: =IFERROR(LEFT(RIGHT(C9,LEN(C9)-SEARCH("@",C9)),SEARCH("/",RIGHT(C9,LEN(C9)-SEARCH("@",C9)-1))),"") -> 1 | B9: =LEFT(RIGHT(RIGHT(Tableau467[[#This Row],[file name]],LEN(Tableau467[[#This Row],[file name]])-SEARCH("@",Tableau467[[#This Row],[file name]])),LEN(RIGHT(Tableau467[[#This Row],[file name]],LEN(Tableau467[[#This Row],[file name]])-SEARCH("@",Tableau467[[#This Row],[file name]])))-SEARCH("/",RIGHT(Tableau467[[#This Row],[file name]],LEN(Tableau467[[#This Row],[file name]])-SEARCH("@",Tableau467[[#This Row],[file name]])))),1) -> C | C9: C:\Users\cbarrier\Desktop\Calibration\20201112_Cefas_Test5_Run3/@1/C10_01.tif | D9: 7094.6054 | E9: 35.125 | G9: 249198 | K9: E | L9: 23115 | M9: 2842060.3 | N9: 1510797.3 | O9: 2939538.7 | P9: 36778 | Q9: 1979265 | R9: 144238.5 | S9: 443441.67 | T9: 1623525.7 | U9: 1470422 | V9: 3312305
A10: =IFERROR(LEFT(RIGHT(C10,LEN(C10)-SEARCH("@",C10)),SEARCH("/",RIGHT(C10,LEN(C10)-SEARCH("@",C10)-1))),"") -> 1 | B10: =LEFT(RIGHT(RIGHT(Tableau467[[#This Row],[file name]],LEN(Tableau467[[#This Row],[file name]])-SEARCH("@",Tableau467[[#This Row],[file name]])),LEN(RIGHT(Tableau467[[#This Row],[file name]],LEN(Tableau467[[#This Row],[file name]])-SEARCH("@",Tableau467[[#This Row],[file name]])))-SEARCH("/",RIGHT(Tableau467[[#This Row],[file name]],LEN(Tableau467[[#This Row],[file name]])-SEARCH("@",Tableau467[[#This Row],[file name]])))),1) -> C | C10: C:\Users\cbarrier\Desktop\Calibration\20201112_Cefas_Test5_Run3/@1/C10_02- exclu.tif | K10: F | L10: 16864 | M10: 100514 | N10: 355177.33 | O10: 2716401 | P10: 0 | Q10: 24175 | S10: 939062 | T10: 568967.33 | U10: 2953144 | V10: 4245998.7
A11: =IFERROR(LEFT(RIGHT(C11,LEN(C11)-SEARCH("@",C11)),SEARCH("/",RIGHT(C11,LEN(C11)-SEARCH("@",C11)-1))),"") -> 1 | B11: =LEFT(RIGHT(RIGHT(Tableau467[[#This Row],[file name]],LEN(Tableau467[[#This Row],[file name]])-SEARCH("@",Tableau467[[#This Row],[file name]])),LEN(RIGHT(Tableau467[[#This Row],[file name]],LEN(Tableau467[[#This Row],[file name]])-SEARCH("@",Tableau467[[#This Row],[file name]])))-SEARCH("/",RIGHT(Tableau467[[#This Row],[file name]],LEN(Tableau467[[#This Row],[file name]])-SEARCH("@",Tableau467[[#This Row],[file name]])))),1) -> C | C11: C:\Users\cbarrier\Desktop\Calibration\20201112_Cefas_Test5_Run3/@1/C10_03- exclu.tif | K11: G | L11: 102237.67 | M11: 1379684.5 | N11: 801077.33 | O11: 3585263 | P11: 12675 | Q11: 180241.67 | R11: 214323.33 | T11: 1554317 | U11: 1770320.7 | V11: 1794409
A12: =IFERROR(LEFT(RIGHT(C12,LEN(C12)-SEARCH("@",C12)),SEARCH("/",RIGHT(C12,LEN(C12)-SEARCH("@",C12)-1))),"") -> 1 | B12: =LEFT(RIGHT(RIGHT(Tableau467[[#This Row],[file name]],LEN(Tableau467[[#This Row],[file name]])-SEARCH("@",Tableau467[[#This Row],[file name]])),LEN(RIGHT(Tableau467[[#This Row],[file name]],LEN(Tableau467[[#This Row],[file name]])-SEARCH("@",Tableau467[[#This Row],[file name]])))-SEARCH("/",RIGHT(Tableau467[[#This Row],[file name]],LEN(Tableau467[[#This Row],[file name]])-SEARCH("@",Tableau467[[#This Row],[file name]])))),1) -> D | C12: C:\Users\cbarrier\Desktop\Calibration\20201112_Cefas_Test5_Run3/@1/D10_01.tif | D12: 0 | E12: 0 | G12: 0 | K12: H | L12: 26691.333 | M12: 1256675 | N12: 305904.67 | O12: 664211 | P12: 15076 | Q12: 4564 | R12: 150212.33 | S12: 786384 | T12: 3225594.3 | U12: 4220367.3 | V12: 1061458
A13: =IFERROR(LEFT(RIGHT(C13,LEN(C13)-SEARCH("@",C13)),SEARCH("/",RIGHT(C13,LEN(C13)-SEARCH("@",C13)-1))),"") -> 1 | B13: =LEFT(RIGHT(RIGHT(Tableau467[[#This Row],[file name]],LEN(Tableau467[[#This Row],[file name]])-SEARCH("@",Tableau467[[#This Row],[file name]])),LEN(RIGHT(Tableau467[[#This Row],[file name]],LEN(Tableau467[[#This Row],[file name]])-SEARCH("@",Tableau467[[#This Row],[file name]])))-SEARCH("/",RIGHT(Tableau467[[#This Row],[file name]],LEN(Tableau467[[#This Row],[file name]])-SEARCH("@",Tableau467[[#This Row],[file name]])))),1) -> D | C13: C:\Users\cbarrier\Desktop\Calibration\20201112_Cefas_Test5_Run3/@1/D10_02.tif | D13: 0 | E13: 0 | G13: 0
A14: =IFERROR(LEFT(RIGHT(C14,LEN(C14)-SEARCH("@",C14)),SEARCH("/",RIGHT(C14,LEN(C14)-SEARCH("@",C14)-1))),"") -> 1 | B14: =LEFT(RIGHT(RIGHT(Tableau467[[#This Row],[file name]],LEN(Tableau467[[#This Row],[file name]])-SEARCH("@",Tableau467[[#This Row],[file name]])),LEN(RIGHT(Tableau467[[#This Row],[file name]],LEN(Tableau467[[#This Row],[file name]])-SEARCH("@",Tableau467[[#This Row],[file name]])))-SEARCH("/",RIGHT(Tableau467[[#This Row],[file name]],LEN(Tableau467[[#This Row],[file name]])-SEARCH("@",Tableau467[[#This Row],[file name]])))),1) -> D | C14: C:\Users\cbarrier\Desktop\Calibration\20201112_Cefas_Test5_Run3/@1/D10_03.tif | D14: 21.6299 | E14: 34 | G14: 735
A15: =IFERROR(LEFT(RIGHT(C15,LEN(C15)-SEARCH("@",C15)),SEARCH("/",RIGHT(C15,LEN(C15)-SEARCH("@",C15)-1))),"") -> 1 | B15: =LEFT(RIGHT(RIGHT(Tableau467[[#This Row],[file name]],LEN(Tableau467[[#This Row],[file name]])-SEARCH("@",Tableau467[[#This Row],[file name]])),LEN(RIGHT(Tableau467[[#This Row],[file name]],LEN(Tableau467[[#This Row],[file name]])-SEARCH("@",Tableau467[[#This Row],[file name]])))-SEARCH("/",RIGHT(Tableau467[[#This Row],[file name]],LEN(Tableau467[[#This Row],[file name]])-SEARCH("@",Tableau467[[#This Row],[file name]])))),1) -> E | C15: C:\Users\cbarrier\Desktop\Calibration\20201112_Cefas_Test5_Run3/@1/E10_01.tif | D15: 1622.2421 | E15: 33.28 | G15: 53988
A16: =IFERROR(LEFT(RIGHT(C16,LEN(C16)-SEARCH("@",C16)),SEARCH("/",RIGHT(C16,LEN(C16)-SEARCH("@",C16)-1))),"") -> 1 | B16: =LEFT(RIGHT(RIGHT(Tableau467[[#This Row],[file name]],LEN(Tableau467[[#This Row],[file name]])-SEARCH("@",Tableau467[[#This Row],[file name]])),LEN(RIGHT(Tableau467[[#This Row],[file name]],LEN(Tableau467[[#This Row],[file name]])-SEARCH("@",Tableau467[[#This Row],[file name]])))-SEARCH("/",RIGHT(Tableau467[[#This Row],[file name]],LEN(Tableau467[[#This Row],[file name]])-SEARCH("@",Tableau467[[#This Row],[file name]])))),1) -> E | C16: C:\Users\cbarrier\Desktop\Calibration\20201112_Cefas_Test5_Run3/@1/E10_02.tif | D16: 194.6691 | E16: 30.2222 | G16: 5883
A17: =IFERROR(LEFT(RIGHT(C17,LEN(C17)-SEARCH("@",C17)),SEARCH("/",RIGHT(C17,LEN(C17)-SEARCH("@",C17)-1))),"") -> 1 | B17: =LEFT(RIGHT(RIGHT(Tableau467[[#This Row],[file name]],LEN(Tableau467[[#This Row],[file name]])-SEARCH("@",Tableau467[[#This Row],[file name]])),LEN(RIGHT(Tableau467[[#This Row],[file name]],LEN(Tableau467[[#This Row],[file name]])-SEARCH("@",Tableau467[[#This Row],[file name]])))-SEARCH("/",RIGHT(Tableau467[[#This Row],[file name]],LEN(Tableau467[[#This Row],[file name]])-SEARCH("@",Tableau467[[#This Row],[file name]])))),1) -> E | C17: C:\Users\cbarrier\Desktop\Calibration\20201112_Cefas_Test5_Run3/@1/E10_03.tif | D17: 302.8185 | E17: 31.2857 | G17: 9474
A18: =IFERROR(LEFT(RIGHT(C18,LEN(C18)-SEARCH("@",C18)),SEARCH("/",RIGHT(C18,LEN(C18)-SEARCH("@",C18)-1))),"") -> 1 | B18: =LEFT(RIGHT(RIGHT(Tableau467[[#This Row],[file name]],LEN(Tableau467[[#This Row],[file name]])-SEARCH("@",Tableau467[[#This Row],[file name]])),LEN(RIGHT(Tableau467[[#This Row],[file name]],LEN(Tableau467[[#This Row],[file name]])-SEARCH("@",Tableau467[[#This Row],[file name]])))-SEARCH("/",RIGHT(Tableau467[[#This Row],[file name]],LEN(Tableau467[[#This Row],[file name]])-SEARCH("@",Tableau467[[#This Row],[file name]])))),1) -> F | C18: C:\Users\cbarrier\Desktop\Calibration\20201112_Cefas_Test5_Run3/@1/F10_01.tif | D18: 519.1175 | E18: 31.375 | G18: 16287
A19: =IFERROR(LEFT(RIGHT(C19,LEN(C19)-SEARCH("@",C19)),SEARCH("/",RIGHT(C19,LEN(C19)-SEARCH("@",C19)-1))),"") -> 1 | B19: =LEFT(RIGHT(RIGHT(Tableau467[[#This Row],[file name]],LEN(Tableau467[[#This Row],[file name]])-SEARCH("@",Tableau467[[#This Row],[file name]])),LEN(RIGHT(Tableau467[[#This Row],[file name]],LEN(Tableau467[[#This Row],[file name]])-SEARCH("@",Tableau467[[#This Row],[file name]])))-SEARCH("/",RIGHT(Tableau467[[#This Row],[file name]],LEN(Tableau467[[#This Row],[file name]])-SEARCH("@",Tableau467[[#This Row],[file name]])))),1) -> F | C19: C:\Users\cbarrier\Desktop\Calibration\20201112_Cefas_Test5_Run3/@1/F10_02.tif | D19: 281.1886 | E19: 31.8462 | G19: 8955
A20: =IFERROR(LEFT(RIGHT(C20,LEN(C20)-SEARCH("@",C20)),SEARCH("/",RIGHT(C20,LEN(C20)-SEARCH("@",C20)-1))),"") -> 1 | B20: =LEFT(RIGHT(RIGHT(Tableau467[[#This Row],[file name]],LEN(Tableau467[[#This Row],[file name]])-SEARCH("@",Tableau467[[#This Row],[file name]])),LEN(RIGHT(Tableau467[[#This Row],[file name]],LEN(Tableau467[[#This Row],[file name]])-SEARCH("@",Tableau467[[#This Row],[file name]])))-SEARCH("/",RIGHT(Tableau467[[#This Row],[file name]],LEN(Tableau467[[#This Row],[file name]])-SEARCH("@",Tableau467[[#This Row],[file name]])))),1) -> F | C20: C:\Users\cbarrier\Desktop\Calibration\20201112_Cefas_Test5_Run3/@1/F10_03.tif | D20: 735.4164 | E20: 34.4706 | G20: 25350
