Workbook

Sheet Front page
A2: R1 | B2: Experiment number : | E2: Date performed :
A3: R2 | B3: Experiment number : | E3: Date performed :
A4: R3 | B4: Experiment number : | E4: Date performed :
A6: Do not fill in | B6: Do not fill in2 | C6: Concentration | D6: Units | E6: Chemical name | F6: Do not fill in3
A7: =IF(ISBLANK(liste_groupe[[#This Row],[Do not fill in2]])," ",IF(ISBLANK(liste_groupe[[#This Row],[Units]]),CONCATENATE(liste_groupe[[#This Row],[Chemical name]],liste_groupe[[#This Row],[Do not fill in3]]),CONCATENATE(liste_groupe[[#This Row],[Chemical name]],"-",liste_groupe[[#This Row],[Concentration]],liste_groupe[[#This Row],[Units]],liste_groupe[[#This Row],[Do not fill in3]]))) -> Solvent control | B7: Control | E7: Solvent control
A8: =IF(ISBLANK(liste_groupe[[#This Row],[Do not fill in2]])," ",IF(ISBLANK(liste_groupe[[#This Row],[Units]]),CONCATENATE(liste_groupe[[#This Row],[Chemical name]],liste_groupe[[#This Row],[Do not fill in3]]),CONCATENATE(liste_groupe[[#This Row],[Chemical name]],"-",liste_groupe[[#This Row],[Concentration]],liste_groupe[[#This Row],[Units]],liste_groupe[[#This Row],[Do not fill in3]]))) -> EE2-33.8ng/L | B8: Control | C8: 33.8 | D8: ng/L | E8: EE2
A9: =IF(ISBLANK(liste_groupe[[#This Row],[Do not fill in2]])," ",IF(ISBLANK(liste_groupe[[#This Row],[Units]]),CONCATENATE(liste_groupe[[#This Row],[Chemical name]],liste_groupe[[#This Row],[Do not fill in3]]),CONCATENATE(liste_groupe[[#This Row],[Chemical name]],"-",liste_groupe[[#This Row],[Concentration]],liste_groupe[[#This Row],[Units]],liste_groupe[[#This Row],[Do not fill in3]]))) -> EE2-50.6ng/L | B9: Control | C9: 50.6 | D9: ng/L | E9: EE2
A10: =IF(ISBLANK(liste_groupe[[#This Row],[Do not fill in2]])," ",IF(ISBLANK(liste_groupe[[#This Row],[Units]]),CONCATENATE(liste_groupe[[#This Row],[Chemical name]],liste_groupe[[#This Row],[Do not fill in3]]),CONCATENATE(liste_groupe[[#This Row],[Chemical name]],"-",liste_groupe[[#This Row],[Concentration]],liste_groupe[[#This Row],[Units]],liste_groupe[[#This Row],[Do not fill in3]]))) -> EE2-76ng/L | B10: Control | C10: 76 | D10: ng/L | E10: EE2
A11: =IF(ISBLANK(liste_groupe[[#This Row],[Do not fill in2]])," ",IF(ISBLANK(liste_groupe[[#This Row],[Units]]),CONCATENATE(liste_groupe[[#This Row],[Chemical name]],liste_groupe[[#This Row],[Do not fill in3]]),CONCATENATE(liste_groupe[[#This Row],[Chemical name]],"-",liste_groupe[[#This Row],[Concentration]],liste_groupe[[#This Row],[Units]],liste_groupe[[#This Row],[Do not fill in3]]))) -> EE2-114ng/L | B11: Control | C11: 114 | D11: ng/L | E11: EE2
A12: =IF(ISBLANK(liste_groupe[[#This Row],[Do not fill in2]])," ",IF(ISBLANK(liste_groupe[[#This Row],[Units]]),CONCATENATE(liste_groupe[[#This Row],[Chemical name]],liste_groupe[[#This Row],[Do not fill in3]]),CONCATENATE(liste_groupe[[#This Row],[Chemical name]],"-",liste_groupe[[#This Row],[Concentration]],liste_groupe[[#This Row],[Units]],liste_groupe[[#This Row],[Do not fill in3]]))) -> EE2-170.9ng/L | B12: Control | C12: 170.9 | D12: ng/L | E12: EE2
A13: =IF(ISBLANK(liste_groupe[[#This Row],[Do not fill in2]])," ",IF(ISBLANK(liste_groupe[[#This Row],[Units]]),CONCATENATE(liste_groupe[[#This Row],[Chemical name]],liste_groupe[[#This Row],[Do not fill in3]]),CONCATENATE(liste_groupe[[#This Row],[Chemical name]],"-",liste_groupe[[#This Row],[Concentration]],liste_groupe[[#This Row],[Units]],liste_groupe[[#This Row],[Do not fill in3]]))) -> EE2-488ng/L | B13: Control | C13: 488 | D13: ng/L | E13: EE2
A14: =IF(ISBLANK(liste_groupe[[#This Row],[Do not fill in2]])," ",IF(ISBLANK(liste_groupe[[#This Row],[Units]]),CONCATENATE(liste_groupe[[#This Row],[Chemical name]],liste_groupe[[#This Row],[Do not fill in3]]),CONCATENATE(liste_groupe[[#This Row],[Chemical name]],"-",liste_groupe[[#This Row],[Concentration]],liste_groupe[[#This Row],[Units]],liste_groupe[[#This Row],[Do not fill in3]]))) -> BPA-1mg/L | B14: test chemical | C14: 1 | D14: mg/L | E14: BPA
A15: =IF(ISBLANK(liste_groupe[[#This Row],[Do not fill in2]])," ",IF(ISBLANK(liste_groupe[[#This Row],[Units]]),CONCATENATE(liste_groupe[[#This Row],[Chemical name]],liste_groupe[[#This Row],[Do not fill in3]]),CONCATENATE(liste_groupe[[#This Row],[Chemical name]],"-",liste_groupe[[#This Row],[Concentration]],liste_groupe[[#This Row],[Units]],liste_groupe[[#This Row],[Do not fill in3]]))) -> BPA-2mg/L | B15: test chemical | C15: 2 | D15: mg/L | E15: BPA
A16: =IF(ISBLANK(liste_groupe[[#This Row],[Do not fill in2]])," ",IF(ISBLANK(liste_groupe[[#This Row],[Units]]),CONCATENATE(liste_groupe[[#This Row],[Chemical name]],liste_groupe[[#This Row],[Do not fill in3]]),CONCATENATE(liste_groupe[[#This Row],[Chemical name]],"-",liste_groupe[[#This Row],[Concentration]],liste_groupe[[#This Row],[Units]],liste_groupe[[#This Row],[Do not fill in3]]))) -> BPA-3mg/L | B16: test chemical | C16: 3 | D16: mg/L | E16: BPA
A17: =IF(ISBLANK(liste_groupe[[#This Row],[Do not fill in2]])," ",IF(ISBLANK(liste_groupe[[#This Row],[Units]]),CONCATENATE(liste_groupe[[#This Row],[Chemical name]],liste_groupe[[#This Row],[Do not fill in3]]),CONCATENATE(liste_groupe[[#This Row],[Chemical name]],"-",liste_groupe[[#This Row],[Concentration]],liste_groupe[[#This Row],[Units]],liste_groupe[[#This Row],[Do not fill in3]]))) -> BPA-4mg/L | B17: test chemical | C17: 4 | D17: mg/L | E17: BPA
A18: =IF(ISBLANK(liste_groupe[[#This Row],[Do not fill in2]])," ",IF(ISBLANK(liste_groupe[[#This Row],[Units]]),CONCATENATE(liste_groupe[[#This Row],[Chemical name]],liste_groupe[[#This Row],[Do not fill in3]]),CONCATENATE(liste_groupe[[#This Row],[Chemical name]],"-",liste_groupe[[#This Row],[Concentration]],liste_groupe[[#This Row],[Units]],liste_groupe[[#This Row],[Do not fill in3]]))) -> BPA-5mg/L | B18: test chemical | C18: 5 | D18: mg/L | E18: BPA
A19: =IF(ISBLANK(liste_groupe[[#This Row],[Do not fill in2]])," ",IF(ISBLANK(liste_groupe[[#This Row],[Units]]),CONCATENATE(liste_groupe[[#This Row],[Chemical name]],liste_groupe[[#This Row],[Do not fill in3]]),CONCATENATE(liste_groupe[[#This Row],[Chemical name]],"-",liste_groupe[[#This Row],[Concentration]],liste_groupe[[#This Row],[Units]],liste_groupe[[#This Row],[Do not fill in3]]))) | B19: test chemical
A20: =IF(ISBLANK(liste_groupe[[#This Row],[Do not fill in2]])," ",IF(ISBLANK(liste_groupe[[#This Row],[Units]]),CONCATENATE(liste_groupe[[#This Row],[Chemical name]],liste_groupe[[#This Row],[Do not fill in3]]),CONCATENATE(liste_groupe[[#This Row],[Chemical name]],"-",liste_groupe[[#This Row],[Concentration]],liste_groupe[[#This Row],[Units]],liste_groupe[[#This Row],[Do not fill in3]]))) | B20: test chemical
A21: =IF(ISBLANK(liste_groupe[[#This Row],[Do not fill in2]])," ",IF(ISBLANK(liste_groupe[[#This Row],[Units]]),CONCATENATE(liste_groupe[[#This Row],[Chemical name]],liste_groupe[[#This Row],[Do not fill in3]]),CONCATENATE(liste_groupe[[#This Row],[Chemical name]],"-",liste_groupe[[#This Row],[Concentration]],liste_groupe[[#This Row],[Units]],liste_groupe[[#This Row],[Do not fill in3]]))) | B21: test chemical
A22: =IF(ISBLANK(liste_groupe[[#This Row],[Do not fill in2]])," ",IF(ISBLANK(liste_groupe[[#This Row],[Units]]),CONCATENATE(liste_groupe[[#This Row],[Chemical name]],liste_groupe[[#This Row],[Do not fill in3]]),CONCATENATE(liste_groupe[[#This Row],[Chemical name]],"-",liste_groupe[[#This Row],[Concentration]],liste_groupe[[#This Row],[Units]],liste_groupe[[#This Row],[Do not fill in3]]))) | B22: test chemical
A23: =IF(ISBLANK(liste_groupe[[#This Row],[Do not fill in2]])," ",IF(ISBLANK(liste_groupe[[#This Row],[Units]]),CONCATENATE(liste_groupe[[#This Row],[Chemical name]],liste_groupe[[#This Row],[Do not fill in3]]),CONCATENATE(liste_groupe[[#This Row],[Chemical name]],"-",liste_groupe[[#This Row],[Concentration]],liste_groupe[[#This Row],[Units]],liste_groupe[[#This Row],[Do not fill in3]]))) | B23: test chemical
A24: =IF(ISBLANK(liste_groupe[[#This Row],[Do not fill in2]])," ",IF(ISBLANK(liste_groupe[[#This Row],[Units]]),CONCATENATE(liste_groupe[[#This Row],[Chemical name]],liste_groupe[[#This Row],[Do not fill in3]]),CONCATENATE(liste_groupe[[#This Row],[Chemical name]],"-",liste_groupe[[#This Row],[Concentration]],liste_groupe[[#This Row],[Units]],liste_groupe[[#This Row],[Do not fill in3]]))) | B24: test chemical
A25: =IF(ISBLANK(liste_groupe[[#This Row],[Do not fill in2]])," ",IF(ISBLANK(liste_groupe[[#This Row],[Units]]),CONCATENATE(liste_groupe[[#This Row],[Chemical name]],liste_groupe[[#This Row],[Do not fill in3]]),CONCATENATE(liste_groupe[[#This Row],[Chemical name]],"-",liste_groupe[[#This Row],[Concentration]],liste_groupe[[#This Row],[Units]],liste_groupe[[#This Row],[Do not fill in3]]))) | B25: test chemical
A26: =IF(ISBLANK(liste_groupe[[#This Row],[Do not fill in2]])," ",IF(ISBLANK(liste_groupe[[#This Row],[Units]]),CONCATENATE(liste_groupe[[#This Row],[Chemical name]],liste_groupe[[#This Row],[Do not fill in3]]),CONCATENATE(liste_groupe[[#This Row],[Chemical name]],"-",liste_groupe[[#This Row],[Concentration]],liste_groupe[[#This Row],[Units]],liste_groupe[[#This Row],[Do not fill in3]]))) | B26: test chemical
A27: =IF(ISBLANK(liste_groupe[[#This Row],[Do not fill in2]])," ",IF(ISBLANK(liste_groupe[[#This Row],[Units]]),CONCATENATE(liste_groupe[[#This Row],[Chemical name]],liste_groupe[[#This Row],[Do not fill in3]]),CONCATENATE(liste_groupe[[#This Row],[Chemical name]],"-",liste_groupe[[#This Row],[Concentration]],liste_groupe[[#This Row],[Units]],liste_groupe[[#This Row],[Do not fill in3]]))) | B27: test chemical
A28: =IF(ISBLANK(liste_groupe[[#This Row],[Do not fill in2]])," ",IF(ISBLANK(liste_groupe[[#This Row],[Units]]),CONCATENATE(liste_groupe[[#This Row],[Chemical name]],liste_groupe[[#This Row],[Do not fill in3]]),CONCATENATE(liste_groupe[[#This Row],[Chemical name]],"-",liste_groupe[[#This Row],[Concentration]],liste_groupe[[#This Row],[Units]],liste_groupe[[#This Row],[Do not fill in3]]))) | B28: test chemical
A29: =IF(ISBLANK(liste_groupe[[#This Row],[Do not fill in2]])," ",IF(ISBLANK(liste_groupe[[#This Row],[Units]]),CONCATENATE(liste_groupe[[#This Row],[Chemical name]],liste_groupe[[#This Row],[Do not fill in3]]),CONCATENATE(liste_groupe[[#This Row],[Chemical name]],"-",liste_groupe[[#This Row],[Concentration]],liste_groupe[[#This Row],[Units]],liste_groupe[[#This Row],[Do not fill in3]]))) | B29: test chemical
A30: =IF(ISBLANK(liste_groupe[[#This Row],[Do not fill in2]])," ",IF(ISBLANK(liste_groupe[[#This Row],[Units]]),CONCATENATE(liste_groupe[[#This Row],[Chemical name]],liste_groupe[[#This Row],[Do not fill in3]]),CONCATENATE(liste_groupe[[#This Row],[Chemical name]],"-",liste_groupe[[#This Row],[Concentration]],liste_groupe[[#This Row],[Units]],liste_groupe[[#This Row],[Do not fill in3]]))) | B30: test chemical
... A34: =IF(ISBLANK(liste_groupe[[#This Row],[Do not fill in2]])," ",IF(ISBLANK(liste_groupe[[#This Row],[Units]]),CONCATENATE(liste_groupe[[#This Row],[Chemical name]],liste_groupe[[#This Row],[Do not fill in3]]),CONCATENATE(liste_groupe[[#This Row],[Chemical name]],"-",liste_groupe[[#This Row],[Concentration]],liste_groupe[[#This Row],[Units]],liste_groupe[[#This Row],[Do not fill in3]]))) | B34: test chemical
A35: =IF(ISBLANK(liste_groupe[[#This Row],[Do not fill in2]])," ",IF(ISBLANK(liste_groupe[[#This Row],[Units]]),CONCATENATE(liste_groupe[[#This Row],[Chemical name]],liste_groupe[[#This Row],[Do not fill in3]]),CONCATENATE(liste_groupe[[#This Row],[Chemical name]],"-",liste_groupe[[#This Row],[Concentration]],liste_groupe[[#This Row],[Units]],liste_groupe[[#This Row],[Do not fill in3]]))) -> Testo -30µg/L | B35: Control | C35: 30 | D35: µg/L | E35: Testo
A36: =IF(ISBLANK(liste_groupe[[#This Row],[Do not fill in2]])," ",IF(ISBLANK(liste_groupe[[#This Row],[Units]]),CONCATENATE(liste_groupe[[#This Row],[Chemical name]],liste_groupe[[#This Row],[Do not fill in3]]),CONCATENATE(liste_groupe[[#This Row],[Chemical name]],"-",liste_groupe[[#This Row],[Concentration]],liste_groupe[[#This Row],[Units]],liste_groupe[[#This Row],[Do not fill in3]]))) -> Testo 30µg/L + EE2 -64ng/L | B36: Control | C36: 64 | D36: ng/L | E36: Testo 30µg/L + EE2
A37: =IF(ISBLANK(liste_groupe[[#This Row],[Do not fill in2]])," ",IF(ISBLANK(liste_groupe[[#This Row],[Units]]),CONCATENATE(liste_groupe[[#This Row],[Chemical name]],liste_groupe[[#This Row],[Do not fill in3]]),CONCATENATE(liste_groupe[[#This Row],[Chemical name]],"-",liste_groupe[[#This Row],[Concentration]],liste_groupe[[#This Row],[Units]],liste_groupe[[#This Row],[Do not fill in3]]))) -> Testo 30µg/L + FAD-10mg/L | B37: Control | C37: 10 | D37: mg/L | E37: Testo 30µg/L + FAD
A38: =IF(ISBLANK(liste_groupe[[#This Row],[Do not fill in2]])," ",IF(ISBLANK(liste_groupe[[#This Row],[Units]]),CONCATENATE(liste_groupe[[#This Row],[Chemical name]],liste_groupe[[#This Row],[Do not fill in3]]),CONCATENATE(liste_groupe[[#This Row],[Chemical name]],"-",liste_groupe[[#This Row],[Concentration]],liste_groupe[[#This Row],[Units]],liste_groupe[[#This Row],[Do not fill in3]]))) -> BPA-1mg/L + Testostérone | B38: =B14 -> test chemical | C38: =C14 -> 1 | D38: =D14 -> mg/L | E38: =E14 -> BPA | F38: + Testostérone
A39: =IF(ISBLANK(liste_groupe[[#This Row],[Do not fill in2]])," ",IF(ISBLANK(liste_groupe[[#This Row],[Units]]),CONCATENATE(liste_groupe[[#This Row],[Chemical name]],liste_groupe[[#This Row],[Do not fill in3]]),CONCATENATE(liste_groupe[[#This Row],[Chemical name]],"-",liste_groupe[[#This Row],[Concentration]],liste_groupe[[#This Row],[Units]],liste_groupe[[#This Row],[Do not fill in3]]))) -> BPA-2mg/L + Testostérone | B39: =B15 -> test chemical | C39: =C15 -> 2 | D39: =D15 -> mg/L | E39: =E15 -> BPA | F39: + Testostérone
A40: =IF(ISBLANK(liste_groupe[[#This Row],[Do not fill in2]])," ",IF(ISBLANK(liste_groupe[[#This Row],[Units]]),CONCATENATE(liste_groupe[[#This Row],[Chemical name]],liste_groupe[[#This Row],[Do not fill in3]]),CONCATENATE(liste_groupe[[#This Row],[Chemical name]],"-",liste_groupe[[#This Row],[Concentration]],liste_groupe[[#This Row],[Units]],liste_groupe[[#This Row],[Do not fill in3]]))) -> BPA-3mg/L + Testostérone | B40: =B16 -> test chemical | C40: =C16 -> 3 | D40: =D16 -> mg/L | E40: =E16 -> BPA | F40: + Testostérone
A41: =IF(ISBLANK(liste_groupe[[#This Row],[Do not fill in2]])," ",IF(ISBLANK(liste_groupe[[#This Row],[Units]]),CONCATENATE(liste_groupe[[#This Row],[Chemical name]],liste_groupe[[#This Row],[Do not fill in3]]),CONCATENATE(liste_groupe[[#This Row],[Chemical name]],"-",liste_groupe[[#This Row],[Concentration]],liste_groupe[[#This Row],[Units]],liste_groupe[[#This Row],[Do not fill in3]]))) -> BPA-4mg/L + Testostérone | B41: =B17 -> test chemical | C41: =C17 -> 4 | D41: =D17 -> mg/L | E41: =E17 -> BPA | F41: + Testostérone
A42: =IF(ISBLANK(liste_groupe[[#This Row],[Do not fill in2]])," ",IF(ISBLANK(liste_groupe[[#This Row],[Units]]),CONCATENATE(liste_groupe[[#This Row],[Chemical name]],liste_groupe[[#This Row],[Do not fill in3]]),CONCATENATE(liste_groupe[[#This Row],[Chemical name]],"-",liste_groupe[[#This Row],[Concentration]],liste_groupe[[#This Row],[Units]],liste_groupe[[#This Row],[Do not fill in3]]))) -> BPA-5mg/L + Testostérone | B42: =B18 -> test chemical | C42: =C18 -> 5 | D42: =D18 -> mg/L | E42: =E18 -> BPA | F42: + Testostérone
A43: =IF(ISBLANK(liste_groupe[[#This Row],[Do not fill in2]])," ",IF(ISBLANK(liste_groupe[[#This Row],[Units]]),CONCATENATE(liste_groupe[[#This Row],[Chemical name]],liste_groupe[[#This Row],[Do not fill in3]]),CONCATENATE(liste_groupe[[#This Row],[Chemical name]],"-",liste_groupe[[#This Row],[Concentration]],liste_groupe[[#This Row],[Units]],liste_groupe[[#This Row],[Do not fill in3]]))) -> 0-00 + Testostérone | B43: =B19 -> test chemical | C43: =C19 -> 0 | D43: =D19 -> 0 | E43: =E19 -> 0 | F43: + Testostérone
A44: =IF(ISBLANK(liste_groupe[[#This Row],[Do not fill in2]])," ",IF(ISBLANK(liste_groupe[[#This Row],[Units]]),CONCATENATE(liste_groupe[[#This Row],[Chemical name]],liste_groupe[[#This Row],[Do not fill in3]]),CONCATENATE(liste_groupe[[#This Row],[Chemical name]],"-",liste_groupe[[#This Row],[Concentration]],liste_groupe[[#This Row],[Units]],liste_groupe[[#This Row],[Do not fill in3]]))) -> 0-00 + Testostérone | B44: =B20 -> test chemical | C44: =C20 -> 0 | D44: =D20 -> 0 | E44: =E20 -> 0 | F44: + Testostérone
A45: =IF(ISBLANK(liste_groupe[[#This Row],[Do not fill in2]])," ",IF(ISBLANK(liste_groupe[[#This Row],[Units]]),CONCATENATE(liste_groupe[[#This Row],[Chemical name]],liste_groupe[[#This Row],[Do not fill in3]]),CONCATENATE(liste_groupe[[#This Row],[Chemical name]],"-",liste_groupe[[#This Row],[Concentration]],liste_groupe[[#This Row],[Units]],liste_groupe[[#This Row],[Do not fill in3]]))) -> 0-00 + Testostérone | B45: =B21 -> test chemical | C45: =C21 -> 0 | D45: =D21 -> 0 | E45: =E21 -> 0 | F45: + Testostérone
A46: =IF(ISBLANK(liste_groupe[[#This Row],[Do not fill in2]])," ",IF(ISBLANK(liste_groupe[[#This Row],[Units]]),CONCATENATE(liste_groupe[[#This Row],[Chemical name]],liste_groupe[[#This Row],[Do not fill in3]]),CONCATENATE(liste_groupe[[#This Row],[Chemical name]],"-",liste_groupe[[#This Row],[Concentration]],liste_groupe[[#This Row],[Units]],liste_groupe[[#This Row],[Do not fill in3]]))) -> 0-00 + Testostérone | B46: =B22 -> test chemical | C46: =C22 -> 0 | D46: =D22 -> 0 | E46: =E22 -> 0 | F46: + Testostérone
A47: =IF(ISBLANK(liste_groupe[[#This Row],[Do not fill in2]])," ",IF(ISBLANK(liste_groupe[[#This Row],[Units]]),CONCATENATE(liste_groupe[[#This Row],[Chemical name]],liste_groupe[[#This Row],[Do not fill in3]]),CONCATENATE(liste_groupe[[#This Row],[Chemical name]],"-",liste_groupe[[#This Row],[Concentration]],liste_groupe[[#This Row],[Units]],liste_groupe[[#This Row],[Do not fill in3]]))) -> 0-00 + Testostérone | B47: =B23 -> test chemical | C47: =C23 -> 0 | D47: =D23 -> 0 | E47: =E23 -> 0 | F47: + Testostérone
A48: =IF(ISBLANK(liste_groupe[[#This Row],[Do not fill in2]])," ",IF(ISBLANK(liste_groupe[[#This Row],[Units]]),CONCATENATE(liste_groupe[[#This Row],[Chemical name]],liste_groupe[[#This Row],[Do not fill in3]]),CONCATENATE(liste_groupe[[#This Row],[Chemical name]],"-",liste_groupe[[#This Row],[Concentration]],liste_groupe[[#This Row],[Units]],liste_groupe[[#This Row],[Do not fill in3]]))) -> 0-00 + Testostérone | B48: =B24 -> test chemical | C48: =C24 -> 0 | D48: =D24 -> 0 | E48: =E24 -> 0 | F48: + Testostérone
A49: =IF(ISBLANK(liste_groupe[[#This Row],[Do not fill in2]])," ",IF(ISBLANK(liste_groupe[[#This Row],[Units]]),CONCATENATE(liste_groupe[[#This Row],[Chemical name]],liste_groupe[[#This Row],[Do not fill in3]]),CONCATENATE(liste_groupe[[#This Row],[Chemical name]],"-",liste_groupe[[#This Row],[Concentration]],liste_groupe[[#This Row],[Units]],liste_groupe[[#This Row],[Do not fill in3]]))) -> 0-00 + Testostérone | B49: =B25 -> test chemical | C49: =C25 -> 0 | D49: =D25 -> 0 | E49: =E25 -> 0 | F49: + Testostérone
... A57: =IF(ISBLANK(liste_groupe[[#This Row],[Do not fill in2]])," ",IF(ISBLANK(liste_groupe[[#This Row],[Units]]),CONCATENATE(liste_groupe[[#This Row],[Chemical name]],liste_groupe[[#This Row],[Do not fill in3]]),CONCATENATE(liste_groupe[[#This Row],[Chemical name]],"-",liste_groupe[[#This Row],[Concentration]],liste_groupe[[#This Row],[Units]],liste_groupe[[#This Row],[Do not fill in3]]))) -> 0-00 + Testostérone | B57: =B33 -> test chemical | C57: =C33 -> 0 | D57: =D33 -> 0 | E57: =E33 -> 0 | F57: + Testostérone

Sheet Comments R1
A1: T+EE2: 3 embryos died
A2: -> whole replicate invalid?

Sheet R1
A3: R1 | B3: Unspiked | O3: Testosterone spiked
A4: Group names | B4: ='Front page'!A7 -> Solvent control | C4: ='Front page'!A8 -> EE2-33.8ng/L | D4: ='Front page'!A9 -> EE2-50.6ng/L | E4: ='Front page'!A10 -> EE2-76ng/L | F4: ='Front page'!A11 -> EE2-114ng/L | G4: ='Front page'!A12 -> EE2-170.9ng/L | H4: ='Front page'!A13 -> EE2-488ng/L | I4: ='Front page'!A14 -> BPA-1mg/L | J4: ='Front page'!A15 -> BPA-2mg/L | K4: ='Front page'!A16 -> BPA-3mg/L | L4: ='Front page'!A17 -> BPA-4mg/L | M4: ='Front page'!A18 -> BPA-5mg/L | O4: ='Front page'!A35 -> Testo -30µg/L | P4: ='Front page'!A36 -> Testo 30µg/L + EE2 -64ng/L | Q4: ='Front page'!A37 -> Testo 30µg/L + FAD-10mg/L | R4: ='Front page'!A38 -> BPA-1mg/L + Testostérone | S4: ='Front page'!A39 -> BPA-2mg/L + Testostérone | T4: ='Front page'!A40 -> BPA-3mg/L + Testostérone | U4: ='Front page'!A41 -> BPA-4mg/L + Testostérone | V4: ='Front page'!A42 -> BPA-5mg/L + Testostérone
A5: Raw data | B5: 222605 | C5: 368469 | D5: 918984 | E5: 1158111 | F5: 7010063 | G5: 7534801 | H5: 4753330 | I5: 66978 | J5: 282284 | K5: 1415318 | L5: 4501241 | M5: 1963839 | O5: 949028 | P5: 6194930 | Q5: 43325 | R5: 249928 | S5: 2750562 | T5: 4596206 | U5: 1173484 | V5: 6487540
B6: 363833 | C6: 349607 | D6: 733772 | E6: 4704011 | F6: 4204199 | G6: 6671012 | H6: 6705672 | I6: 332229 | J6: 382172 | K6: 506252 | L6: 2294645 | M6: 5600661 | O6: 1936445 | P6: 6492462 | Q6: 116986 | R6: 180652 | S6: 4323252 | T6: 268941 | U6: 2111671 | V6: 2097186
B7: 133670 | C7: 318952 | D7: 591331 | E7: 3322979 | F7: 1853987 | G7: 5553834 | H7: 6452982 | I7: 350692 | J7: 423739 | K7: 753523 | L7: 2236757 | M7: 7323612 | O7: 860195 | P7: 4589469 | Q7: 77528 | R7: 2443719 | S7: 3526977 | T7: 3790459 | U7: 1510665 | V7: 2374884
B8: 186730 | C8: 629539 | D8: 511032 | E8: 2240740 | F8: 2055104 | G8: 7797872 | H8: 5257803 | I8: 25094 | J8: 64844 | K8: 388267 | L8: 9549 | M8: 3415226 | O8: 507876 | P8: 3810216 | Q8: 32708 | R8: 505704 | S8: 1884982 | T8: 2240213 | U8: 691493 | V8: 606334
B9: 221315 | C9: 593125 | D9: 1838198 | E9: 3072023 | F9: 5139602 | G9: 10563051 | H9: 6049851 | I9: 110143 | J9: 74813 | K9: 1634422 | L9: 825922 | M9: 2985567 | O9: 1308266 | P9: 5762071 | Q9: 108302 | R9: 3175984 | S9: 6604582 | T9: 6829784 | U9: 3043250 | V9: 3570988
B10: 288374 | C10: 215960 | D10: 555107 | E10: 3715607 | F10: 4322859 | G10: 6441218 | H10: 5869784 | I10: 202756 | J10: 20314 | K10: 214644 | L10: 1693597 | M10: 2077564 | O10: 843067 | P10: 6937729 | Q10: 231497 | R10: 1381439 | S10: 732391 | T10: 3243506 | U10: 2952601 | V10: 4796955
B11: 47625 | C11: 503708 | D11: 1560404 | E11: 2010899 | F11: 8099620 | G11: 3737482 | H11: 6325128 | I11: 139028 | J11: 155160 | K11: 159770 | L11: 3724366 | M11: 3683146 | O11: 62484 | P11: 4262190 | Q11: 58234 | R11: 790144 | S11: 4713267 | T11: 3783747 | U11: 2277988 | V11: 1714502
O12: 383967 | R12: 1394166 | T12: 4319337 | U12: 3611260 | V12: 2065763
O13: 2156659
O14: 81945
O15: 1379026
O16: 2249219
O17: 1166966
O18: 2397788
A22: =A4 -> Group names | B22: =B4 -> Solvent control | C22: =C4 -> EE2-33.8ng/L | D22: =D4 -> EE2-50.6ng/L | E22: =E4 -> EE2-76ng/L | F22: =F4 -> EE2-114ng/L | G22: =G4 -> EE2-170.9ng/L | H22: =H4 -> EE2-488ng/L | ... M22: =M4 -> BPA-5mg/L | N22: Nom des groupes | O22: =O4 -> Testo -30µg/L | P22: =P4 -> Testo 30µg/L + EE2 -64ng/L | Q22: =Q4 -> Testo 30µg/L + FAD-10mg/L | R22: =R4 -> BPA-1mg/L + Testostérone | S22: =S4 -> BPA-2mg/L + Testostérone | T22: =T4 -> BPA-3mg/L + Testostérone | U22: =U4 -> BPA-4mg/L + Testostérone | V22: =V4 -> BPA-5mg/L + Testostérone
A23: mean | B23: =AVERAGE(B5:B20) -> 209164.57 | C23: =AVERAGE(C5:C20) -> 425622.86 | D23: =AVERAGE(D5:D20) -> 958404 | E23: =AVERAGE(E5:E20) -> 2889195.7 | F23: =AVERAGE(F5:F20) -> 4669347.7 | G23: =AVERAGE(G5:G20) -> 6899895.7 | H23: =AVERAGE(H5:H20) -> 5916364.3 | I23: =AVERAGE(I5:I20) -> 175274.29 | ... M23: =AVERAGE(M5:M20) -> 3864230.7 | N23: mean | O23: =AVERAGE(O5:O20) -> 1163066.5 | P23: =AVERAGE(P5:P20) -> 5435581 | Q23: =AVERAGE(Q5:Q20) -> 95511.429 | R23: =AVERAGE(R5:R20) -> 1265217 | S23: =AVERAGE(S5:S20) -> 3505144.7 | T23: =AVERAGE(T5:T20) -> 3634024.1 | U23: =AVERAGE(U5:U20) -> 2171551.5 | V23: =AVERAGE(V5:V20) -> 2964269
A24: SD | B24: =STDEV(B5:B20) -> 102325.06 | C24: =STDEV(C5:C20) -> 152817 | D24: =STDEV(D5:D20) -> 530092.4 | E24: =STDEV(E5:E20) -> 1182275.9 | F24: =STDEV(F5:F20) -> 2329656.6 | G24: =STDEV(G5:G20) -> 2109648 | H24: =STDEV(H5:H20) -> 693348.54 | I24: =STDEV(I5:I20) -> 126490.77 | ... M24: =STDEV(M5:M20) -> 1949043.5 | N24: SD | O24: =STDEV(O5:O20) -> 785134.03 | P24: =STDEV(P5:P20) -> 1210455.6 | Q24: =STDEV(Q5:Q20) -> 67697.287 | R24: =STDEV(R5:R20) -> 1074355.6 | S24: =STDEV(S5:S20) -> 1941577.2 | T24: =STDEV(T5:T20) -> 1892625.4 | U24: =STDEV(U5:U20) -> 1005772.9 | V24: =STDEV(V5:V20) -> 1896183.4
B26: Unspiked | O26: Testosterone spiked
A27: =A4 -> Group names | B27: =B4 -> Solvent control | C27: =C4 -> EE2-33.8ng/L | D27: =D4 -> EE2-50.6ng/L | E27: =E4 -> EE2-76ng/L | F27: =F4 -> EE2-114ng/L | G27: =G4 -> EE2-170.9ng/L | H27: =H4 -> EE2-488ng/L | ... M27: =M4 -> BPA-5mg/L | O27: =O4 -> Testo -30µg/L | P27: =P4 -> Testo 30µg/L + EE2 -64ng/L | Q27: =Q4 -> Testo 30µg/L + FAD-10mg/L | R27: =R4 -> BPA-1mg/L + Testostérone | S27: =S4 -> BPA-2mg/L + Testostérone | T27: =T4 -> BPA-3mg/L + Testostérone | U27: =U4 -> BPA-4mg/L + Testostérone | V27: =V4 -> BPA-5mg/L + Testostérone
A28: Data normalised to the "Testo" group | B28: =IF(B5="","",(B5/$O$23)) -> 0.1913949 | C28: =IF(C5="","",(C5/$O$23)) -> 0.3168082 | D28: =IF(D5="","",(D5/$O$23)) -> 0.79013883 | E28: =IF(E5="","",(E5/$O$23)) -> 0.99573928 | F28: =IF(F5="","",(F5/$O$23)) -> 6.0272246 | G28: =IF(G5="","",(G5/$O$23)) -> 6.4783923 | H28: =IF(H5="","",(H5/$O$23)) -> 4.0868944 | I28: =IF(I5="","",(I5/$O$23)) -> 0.057587421 | ... M28: =IF(M5="","",(M5/$O$23)) -> 1.688501 | O28: =IF(O5="","",(O5/$O$23)) -> 0.81597054 | P28: =IF(P5="","",(P5/$O$23)) -> 5.3263764 | Q28: =IF(Q5="","",(Q5/$O$23)) -> 0.037250665 | R28: =IF(R5="","",(R5/$O$23)) -> 0.21488711 | S28: =IF(S5="","",(S5/$O$23)) -> 2.3649224 | T28: =IF(T5="","",(T5/$O$23)) -> 3.9517998 | U28: =IF(U5="","",(U5/$O$23)) -> 1.0089569 | V28: =IF(V5="","",(V5/$O$23)) -> 5.5779614
B29: =IF(B6="","",(B6/$O$23)) -> 0.31282218 | C29: =IF(C6="","",(C6/$O$23)) -> 0.30059072 | D29: =IF(D6="","",(D6/$O$23)) -> 0.63089428 | E29: =IF(E6="","",(E6/$O$23)) -> 4.0444901 | F29: =IF(F6="","",(F6/$O$23)) -> 3.6147538 | G29: =IF(G6="","",(G6/$O$23)) -> 5.7357099 | H29: =IF(H6="","",(H6/$O$23)) -> 5.7655104 | I29: =IF(I6="","",(I6/$O$23)) -> 0.28564919 | ... M29: =IF(M6="","",(M6/$O$23)) -> 4.8154263 | O29: =IF(O6="","",(O6/$O$23)) -> 1.6649478 | P29: =IF(P6="","",(P6/$O$23)) -> 5.5821933 | Q29: =IF(Q6="","",(Q6/$O$23)) -> 0.1005841 | R29: =IF(R6="","",(R6/$O$23)) -> 0.15532388 | S29: =IF(S6="","",(S6/$O$23)) -> 3.7171151 | T29: =IF(T6="","",(T6/$O$23)) -> 0.23123441 | U29: =IF(U6="","",(U6/$O$23)) -> 1.8156064 | V29: =IF(V6="","",(V6/$O$23)) -> 1.8031523
B30: =IF(B7="","",(B7/$O$23)) -> 0.11492894 | C30: =IF(C7="","",(C7/$O$23)) -> 0.27423367 | D30: =IF(D7="","",(D7/$O$23)) -> 0.50842407 | E30: =IF(E7="","",(E7/$O$23)) -> 2.8570843 | F30: =IF(F7="","",(F7/$O$23)) -> 1.5940507 | G30: =IF(G7="","",(G7/$O$23)) -> 4.7751646 | H30: =IF(H7="","",(H7/$O$23)) -> 5.5482485 | I30: =IF(I7="","",(I7/$O$23)) -> 0.3015236 | ... M30: =IF(M7="","",(M7/$O$23)) -> 6.2968128 | O30: =IF(O7="","",(O7/$O$23)) -> 0.73959228 | P30: =IF(P7="","",(P7/$O$23)) -> 3.9460074 | Q30: =IF(Q7="","",(Q7/$O$23)) -> 0.066658269 | R30: =IF(R7="","",(R7/$O$23)) -> 2.1011 | S30: =IF(S7="","",(S7/$O$23)) -> 3.0324809 | T30: =IF(T7="","",(T7/$O$23)) -> 3.2590217 | U30: =IF(U7="","",(U7/$O$23)) -> 1.2988638 | V30: =IF(V7="","",(V7/$O$23)) -> 2.0419159
B31: =IF(B8="","",(B8/$O$23)) -> 0.16054972 | C31: =IF(C8="","",(C8/$O$23)) -> 0.54127515 | D31: =IF(D8="","",(D8/$O$23)) -> 0.4393833 | E31: =IF(E8="","",(E8/$O$23)) -> 1.9265794 | F31: =IF(F8="","",(F8/$O$23)) -> 1.7669703 | G31: =IF(G8="","",(G8/$O$23)) -> 6.7045797 | H31: =IF(H8="","",(H8/$O$23)) -> 4.5206383 | I31: =IF(I8="","",(I8/$O$23)) -> 0.021575722 | ... M31: =IF(M8="","",(M8/$O$23)) -> 2.9363979 | O31: =IF(O8="","",(O8/$O$23)) -> 0.43666979 | P31: =IF(P8="","",(P8/$O$23)) -> 3.2760087 | Q31: =IF(Q8="","",(Q8/$O$23)) -> 0.02812221 | R31: =IF(R8="","",(R8/$O$23)) -> 0.43480231 | S31: =IF(S8="","",(S8/$O$23)) -> 1.6207001 | T31: =IF(T8="","",(T8/$O$23)) -> 1.9261263 | U31: =IF(U8="","",(U8/$O$23)) -> 0.59454296 | V31: =IF(V8="","",(V8/$O$23)) -> 0.52132359
B32: =IF(B9="","",(B9/$O$23)) -> 0.19028577 | C32: =IF(C9="","",(C9/$O$23)) -> 0.50996654 | D32: =IF(D9="","",(D9/$O$23)) -> 1.5804754 | E32: =IF(E9="","",(E9/$O$23)) -> 2.6413133 | F32: =IF(F9="","",(F9/$O$23)) -> 4.4190096 | G32: =IF(G9="","",(G9/$O$23)) -> 9.0820697 | H32: =IF(H9="","",(H9/$O$23)) -> 5.2016381 | I32: =IF(I9="","",(I9/$O$23)) -> 0.094700518 | ... M32: =IF(M9="","",(M9/$O$23)) -> 2.5669788 | O32: =IF(O9="","",(O9/$O$23)) -> 1.124842 | P32: =IF(P9="","",(P9/$O$23)) -> 4.954206 | Q32: =IF(Q9="","",(Q9/$O$23)) -> 0.093117633 | R32: =IF(R9="","",(R9/$O$23)) -> 2.7306985 | S32: =IF(S9="","",(S9/$O$23)) -> 5.6785936 | T32: =IF(T9="","",(T9/$O$23)) -> 5.8722214 | U32: =IF(U9="","",(U9/$O$23)) -> 2.6165744 | V32: =IF(V9="","",(V9/$O$23)) -> 3.0703214
B33: =IF(B10="","",(B10/$O$23)) -> 0.24794283 | C33: =IF(C10="","",(C10/$O$23)) -> 0.18568156 | D33: =IF(D10="","",(D10/$O$23)) -> 0.47727881 | E33: =IF(E10="","",(E10/$O$23)) -> 3.1946643 | F33: =IF(F10="","",(F10/$O$23)) -> 3.7167772 | G33: =IF(G10="","",(G10/$O$23)) -> 5.5381339 | H33: =IF(H10="","",(H10/$O$23)) -> 5.0468172 | I33: =IF(I10="","",(I10/$O$23)) -> 0.17432881 | ... M33: =IF(M10="","",(M10/$O$23)) -> 1.7862814 | O33: =IF(O10="","",(O10/$O$23)) -> 0.72486569 | P33: =IF(P10="","",(P10/$O$23)) -> 5.9650321 | Q33: =IF(Q10="","",(Q10/$O$23)) -> 0.19904021 | R33: =IF(R10="","",(R10/$O$23)) -> 1.1877558 | S33: =IF(S10="","",(S10/$O$23)) -> 0.6297069 | T33: =IF(T10="","",(T10/$O$23)) -> 2.7887537 | U33: =IF(U10="","",(U10/$O$23)) -> 2.5386347 | V33: =IF(V10="","",(V10/$O$23)) -> 4.124403
B34: =IF(B11="","",(B11/$O$23)) -> 0.040947788 | C34: =IF(C11="","",(C11/$O$23)) -> 0.43308616 | D34: =IF(D11="","",(D11/$O$23)) -> 1.3416292 | E34: =IF(E11="","",(E11/$O$23)) -> 1.728963 | F34: =IF(F11="","",(F11/$O$23)) -> 6.9640214 | G34: =IF(G11="","",(G11/$O$23)) -> 3.2134723 | H34: =IF(H11="","",(H11/$O$23)) -> 5.4383202 | I34: =IF(I11="","",(I11/$O$23)) -> 0.11953573 | ... M34: =IF(M11="","",(M11/$O$23)) -> 3.1667544 | O34: =IF(O11="","",(O11/$O$23)) -> 0.053723497 | P34: =IF(P11="","",(P11/$O$23)) -> 3.6646142 | Q34: =IF(Q11="","",(Q11/$O$23)) -> 0.050069364 | R34: =IF(R11="","",(R11/$O$23)) -> 0.6793627 | S34: =IF(S11="","",(S11/$O$23)) -> 4.0524484 | T34: =IF(T11="","",(T11/$O$23)) -> 3.2532508 | U34: =IF(U11="","",(U11/$O$23)) -> 1.9586051 | V34: =IF(V11="","",(V11/$O$23)) -> 1.4741221
B35: =IF(B12="","",(B12/$O$23)) | C35: =IF(C12="","",(C12/$O$23)) | D35: =IF(D12="","",(D12/$O$23)) | E35: =IF(E12="","",(E12/$O$23)) | F35: =IF(F12="","",(F12/$O$23)) | G35: =IF(G12="","",(G12/$O$23)) | H35: =IF(H12="","",(H12/$O$23)) | I35: =IF(I12="","",(I12/$O$23)) | ... M35: =IF(M12="","",(M12/$O$23)) | O35: =IF(O12="","",(O12/$O$23)) -> 0.33013332 | P35: =IF(P12="","",(P12/$O$23)) | Q35: =IF(Q12="","",(Q12/$O$23)) | R35: =IF(R12="","",(R12/$O$23)) -> 1.1986984 | S35: =IF(S12="","",(S12/$O$23)) | T35: =IF(T12="","",(T12/$O$23)) -> 3.713749 | U35: =IF(U12="","",(U12/$O$23)) -> 3.1049471 | V35: =IF(V12="","",(V12/$O$23)) -> 1.7761349
B36: =IF(B13="","",(B13/$O$23)) | C36: =IF(C13="","",(C13/$O$23)) | D36: =IF(D13="","",(D13/$O$23)) | E36: =IF(E13="","",(E13/$O$23)) | F36: =IF(F13="","",(F13/$O$23)) | G36: =IF(G13="","",(G13/$O$23)) | H36: =IF(H13="","",(H13/$O$23)) | I36: =IF(I13="","",(I13/$O$23)) | ... M36: =IF(M13="","",(M13/$O$23)) | O36: =IF(O13="","",(O13/$O$23)) -> 1.8542869 | P36: =IF(P13="","",(P13/$O$23)) | Q36: =IF(Q13="","",(Q13/$O$23)) | R36: =IF(R13="","",(R13/$O$23)) | S36: =IF(S13="","",(S13/$O$23)) | T36: =IF(T13="","",(T13/$O$23)) | U36: =IF(U13="","",(U13/$O$23)) | V36: =IF(V13="","",(V13/$O$23))
B37: =IF(B14="","",(B14/$O$23)) | C37: =IF(C14="","",(C14/$O$23)) | D37: =IF(D14="","",(D14/$O$23)) | E37: =IF(E14="","",(E14/$O$23)) | F37: =IF(F14="","",(F14/$O$23)) | G37: =IF(G14="","",(G14/$O$23)) | H37: =IF(H14="","",(H14/$O$23)) | I37: =IF(I14="","",(I14/$O$23)) | ... M37: =IF(M14="","",(M14/$O$23)) | O37: =IF(O14="","",(O14/$O$23)) -> 0.070455989 | P37: =IF(P14="","",(P14/$O$23)) | Q37: =IF(Q14="","",(Q14/$O$23)) | R37: =IF(R14="","",(R14/$O$23)) | S37: =IF(S14="","",(S14/$O$23)) | T37: =IF(T14="","",(T14/$O$23)) | U37: =IF(U14="","",(U14/$O$23)) | V37: =IF(V14="","",(V14/$O$23))
B38: =IF(B15="","",(B15/$O$23)) | C38: =IF(C15="","",(C15/$O$23)) | D38: =IF(D15="","",(D15/$O$23)) | E38: =IF(E15="","",(E15/$O$23)) | F38: =IF(F15="","",(F15/$O$23)) | G38: =IF(G15="","",(G15/$O$23)) | H38: =IF(H15="","",(H15/$O$23)) | I38: =IF(I15="","",(I15/$O$23)) | ... M38: =IF(M15="","",(M15/$O$23)) | O38: =IF(O15="","",(O15/$O$23)) -> 1.1856811 | P38: =IF(P15="","",(P15/$O$23)) | Q38: =IF(Q15="","",(Q15/$O$23)) | R38: =IF(R15="","",(R15/$O$23)) | S38: =IF(S15="","",(S15/$O$23)) | T38: =IF(T15="","",(T15/$O$23)) | U38: =IF(U15="","",(U15/$O$23)) | V38: =IF(V15="","",(V15/$O$23))
B39: =IF(B16="","",(B16/$O$23)) | C39: =IF(C16="","",(C16/$O$23)) | D39: =IF(D16="","",(D16/$O$23)) | E39: =IF(E16="","",(E16/$O$23)) | F39: =IF(F16="","",(F16/$O$23)) | G39: =IF(G16="","",(G16/$O$23)) | H39: =IF(H16="","",(H16/$O$23)) | I39: =IF(I16="","",(I16/$O$23)) | ... M39: =IF(M16="","",(M16/$O$23)) | O39: =IF(O16="","",(O16/$O$23)) -> 1.9338696 | P39: =IF(P16="","",(P16/$O$23)) | Q39: =IF(Q16="","",(Q16/$O$23)) | R39: =IF(R16="","",(R16/$O$23)) | S39: =IF(S16="","",(S16/$O$23)) | T39: =IF(T16="","",(T16/$O$23)) | U39: =IF(U16="","",(U16/$O$23)) | V39: =IF(V16="","",(V16/$O$23))
B40: =IF(B17="","",(B17/$O$23)) | C40: =IF(C17="","",(C17/$O$23)) | D40: =IF(D17="","",(D17/$O$23)) | E40: =IF(E17="","",(E17/$O$23)) | F40: =IF(F17="","",(F17/$O$23)) | G40: =IF(G17="","",(G17/$O$23)) | H40: =IF(H17="","",(H17/$O$23)) | I40: =IF(I17="","",(I17/$O$23)) | ... M40: =IF(M17="","",(M17/$O$23)) | O40: =IF(O17="","",(O17/$O$23)) -> 1.0033528 | P40: =IF(P17="","",(P17/$O$23)) | Q40: =IF(Q17="","",(Q17/$O$23)) | R40: =IF(R17="","",(R17/$O$23)) | S40: =IF(S17="","",(S17/$O$23)) | T40: =IF(T17="","",(T17/$O$23)) | U40: =IF(U17="","",(U17/$O$23)) | V40: =IF(V17="","",(V17/$O$23))
... B43: =IF(B20="","",(B20/$O$23)) | C43: =IF(C20="","",(C20/$O$23)) | D43: =IF(D20="","",(D20/$O$23)) | E43: =IF(E20="","",(E20/$O$23)) | F43: =IF(F20="","",(F20/$O$23)) | G43: =IF(G20="","",(G20/$O$23)) | H43: =IF(H20="","",(H20/$O$23)) | I43: =IF(I20="","",(I20/$O$23)) | ... M43: =IF(M20="","",(M20/$O$23)) | O43: =IF(O20="","",(O20/$O$23)) | P43: =IF(P20="","",(P20/$O$23)) | Q43: =IF(Q20="","",(Q20/$O$23)) | R43: =IF(R20="","",(R20/$O$23)) | S43: =IF(S20="","",(S20/$O$23)) | T43: =IF(T20="","",(T20/$O$23)) | U43: =IF(U20="","",(U20/$O$23)) | V43: =IF(V20="","",(V20/$O$23))
A45: =A4 -> Group names | B45: =B4 -> Solvent control | C45: =C4 -> EE2-33.8ng/L | D45: =D4 -> EE2-50.6ng/L | E45: =E4 -> EE2-76ng/L | F45: =F4 -> EE2-114ng/L | G45: =G4 -> EE2-170.9ng/L | H45: =H4 -> EE2-488ng/L | ... M45: =M4 -> BPA-5mg/L | N45: =N22 -> Nom des groupes | O45: =O4 -> Testo -30µg/L | P45: =P4 -> Testo 30µg/L + EE2 -64ng/L | Q45: =Q4 -> Testo 30µg/L + FAD-10mg/L | R45: =R4 -> BPA-1mg/L + Testostérone | S45: =S4 -> BPA-2mg/L + Testostérone | T45: =T4 -> BPA-3mg/L + Testostérone | U45: =U4 -> BPA-4mg/L + Testostérone | V45: =V4 -> BPA-5mg/L + Testostérone
A46: mean | B46: =AVERAGE(B28:B43) -> 0.17983888 | C46: =AVERAGE(C28:C43) -> 0.36594886 | D46: =AVERAGE(D28:D43) -> 0.82403199 | E46: =AVERAGE(E28:E43) -> 2.4841191 | F46: =AVERAGE(F28:F43) -> 4.0146868 | G46: =AVERAGE(G28:G43) -> 5.9325032 | H46: =AVERAGE(H28:H43) -> 5.0868667 | I46: =AVERAGE(I28:I43) -> 0.15070014 | ... M46: =AVERAGE(M28:M43) -> 3.3224504 | N46: mean | O46: =AVERAGE(O28:O43) -> 1 | P46: =AVERAGE(P28:P43) -> 4.6734912 | Q46: =AVERAGE(Q28:Q43) -> 0.08212035 | R46: =AVERAGE(R28:R43) -> 1.0878286 | S46: =AVERAGE(S28:S43) -> 3.0137096 | T46: =AVERAGE(T28:T43) -> 3.1245196 | U46: =AVERAGE(U28:U43) -> 1.8670914 | V46: =AVERAGE(V28:V43) -> 2.5486668
A47: SD | B47: =STDEV(B28:B43) -> 0.087978684 | C47: =STDEV(C28:C43) -> 0.13139145 | D47: =STDEV(D28:D43) -> 0.45577136 | E47: =STDEV(E28:E43) -> 1.0165162 | F47: =STDEV(F28:F43) -> 2.0030296 | G47: =STDEV(G28:G43) -> 1.8138671 | H47: =STDEV(H28:H43) -> 0.59613834 | I47: =STDEV(I28:I43) -> 0.10875626 | ... M47: =STDEV(M28:M43) -> 1.6757799 | N47: SD | O47: =STDEV(O28:O43) -> 0.67505515 | P47: =STDEV(P28:P43) -> 1.0407449 | Q47: =STDEV(Q28:Q43) -> 0.058205861 | R47: =STDEV(R28:R43) -> 0.92372675 | S47: =STDEV(S28:S43) -> 1.6693605 | T47: =STDEV(T28:T43) -> 1.6272719 | U47: =STDEV(U28:U43) -> 0.86475961 | V47: =STDEV(V28:V43) -> 1.630331
A48: SEM | B48: =B47/SQRT(COUNT(B28:B43)) -> 0.033252817 | C48: =C47/SQRT(COUNT(C28:C43)) -> 0.049661302 | D48: =D47/SQRT(COUNT(D28:D43)) -> 0.17226538 | E48: =E47/SQRT(COUNT(E28:E43)) -> 0.384207 | F48: =F47/SQRT(COUNT(F28:F43)) -> 0.75707402 | G48: =G47/SQRT(COUNT(G28:G43)) -> 0.68557731 | H48: =H47/SQRT(COUNT(H28:H43)) -> 0.22531911 | I48: =I47/SQRT(COUNT(I28:I43)) -> 0.041106003 | ... M48: =M47/SQRT(COUNT(M28:M43)) -> 0.63338527 | N48: SEM | O48: =O47/SQRT(COUNT(O28:O43)) -> 0.18041608 | P48: =P47/SQRT(COUNT(P28:P43)) -> 0.39336461 | Q48: =Q47/SQRT(COUNT(Q28:Q43)) -> 0.021999748 | R48: =R47/SQRT(COUNT(R28:R43)) -> 0.32658672 | S48: =S47/SQRT(COUNT(S28:S43)) -> 0.63095894 | T48: =T47/SQRT(COUNT(T28:T43)) -> 0.57532748 | U48: =U47/SQRT(COUNT(U28:U43)) -> 0.30573869 | V48: =V47/SQRT(COUNT(V28:V43)) -> 0.57640906
A52: =A27 -> Group names | B52: =B27 -> Solvent control | C52: =C27 -> EE2-33.8ng/L | D52: =D27 -> EE2-50.6ng/L | E52: =E27 -> EE2-76ng/L | F52: =F27 -> EE2-114ng/L | G52: =G27 -> EE2-170.9ng/L | H52: =H27 -> EE2-488ng/L | I52: =I4 -> BPA-1mg/L | J52: =J4 -> BPA-2mg/L | K52: =K27 -> BPA-3mg/L | L52: =L27 -> BPA-4mg/L | M52: =M27 -> BPA-5mg/L | O52: =O27 -> Testo -30µg/L | P52: =P27 -> Testo 30µg/L + EE2 -64ng/L | Q52: =Q27 -> Testo 30µg/L + FAD-10mg/L | R52: =R27 -> BPA-1mg/L + Testostérone | S52: =S27 -> BPA-2mg/L + Testostérone | T52: =T27 -> BPA-3mg/L + Testostérone | U52: =U27 -> BPA-4mg/L + Testostérone | V52: =V27 -> BPA-5mg/L + Testostérone
A53: Mean | B53: =B46 -> 0.17983888 | C53: =C46 -> 0.36594886 | D53: =D46 -> 0.82403199 | E53: =E46 -> 2.4841191 | F53: =F46 -> 4.0146868 | G53: =G46 -> 5.9325032 | H53: =H46 -> 5.0868667 | I53: =I46 -> 0.15070014 | ... M53: =M46 -> 3.3224504 | O53: =O46 -> 1 | P53: =P46 -> 4.6734912 | Q53: =Q46 -> 0.08212035 | R53: =R46 -> 1.0878286 | S53: =S46 -> 3.0137096 | T53: =T46 -> 3.1245196 | U53: =U46 -> 1.8670914 | V53: =V46 -> 2.5486668
A54: SEM | B54: =B48 -> 0.033252817 | C54: =C48 -> 0.049661302 | D54: =D48 -> 0.17226538 | E54: =E48 -> 0.384207 | F54: =F48 -> 0.75707402 | G54: =G48 -> 0.68557731 | H54: =H48 -> 0.22531911 | I54: =I48 -> 0.041106003 | ... M54: =M48 -> 0.63338527 | O54: =O48 -> 0.18041608 | P54: =P48 -> 0.39336461 | Q54: =Q48 -> 0.021999748 | R54: =R48 -> 0.32658672 | S54: =S48 -> 0.63095894 | T54: =T48 -> 0.57532748 | U54: =U48 -> 0.30573869 | V54: =V48 -> 0.57640906
A55: % induction | B55: =(B53*100/$B$53)-100 -> 0 | C55: =(C53*100/$B$53)-100 -> 103.48707 | D55: =(D53*100/$B$53)-100 -> 358.20571 | E55: =(E53*100/$B$53)-100 -> 1281.3026 | F55: =(F53*100/$B$53)-100 -> 2132.3798 | G55: =(G53*100/$B$53)-100 -> 3198.788 | H55: =(H53*100/$B$53)-100 -> 2728.569 | I55: =(I53*100/$B$53)-100 -> -16.202689 | ... M55: =(M53*100/$B$53)-100 -> 1747.4595 | O55: =(O53*100/$O$53)-100 -> 0 | P55: =(P53*100/$O$53)-100 -> 367.34912 | Q55: =(Q53*100/$O$53)-100 -> -91.787965 | R55: =(R53*100/$O$53)-100 -> 8.7828598 | S55: =(S53*100/$O$53)-100 -> 201.37096 | T55: =(T53*100/$O$53)-100 -> 212.45196 | U55: =(U53*100/$O$53)-100 -> 86.709143 | V55: =(V53*100/$O$53)-100 -> 154.86668
A56: Normality test : p value | B56: =[1]!SWTEST(B28:B43) -> 0.98548533 | C56: =[1]!SWTEST(C28:C43) -> 0.62067337 | D56: =[1]!SWTEST(D28:D43) -> 0.0683735 | E56: =[1]!SWTEST(E28:E43) -> 0.98928739 | F56: =[1]!SWTEST(F28:F43) -> 0.61600401 | G56: =[1]!SWTEST(G28:G43) -> 0.89268362 | H56: =[1]!SWTEST(H28:H43) -> 0.60136727 | I56: =[1]!SWTEST(I28:I43) -> 0.42938795 | ... M56: =[1]!SWTEST(M28:M43) -> 0.27838233 | O56: =[1]!SWTEST(O28:O43) -> 0.40435376 | P56: =[1]!SWTEST(P28:P43) -> 0.50669953 | Q56: =[1]!SWTEST(Q28:Q43) -> 0.13403733 | R56: =[1]!SWTEST(R28:R43) -> 0.28351227 | S56: =[1]!SWTEST(S28:S43) -> 0.99693693 | T56: =[1]!SWTEST(T28:T43) -> 0.80049991 | U56: =[1]!SWTEST(U28:U43) -> 0.89293422 | V56: =[1]!SWTEST(V28:V43) -> 0.4322485
A57: Normality test : normal distibution? | B57: =IF(B56>0.05,"Oui","Non") -> Oui | C57: =IF(C56>0.05,"Oui","Non") -> Oui | D57: =IF(D56>0.05,"Oui","Non") -> Oui | E57: =IF(E56>0.05,"Oui","Non") -> Oui | F57: =IF(F56>0.05,"Oui","Non") -> Oui | G57: =IF(G56>0.05,"Oui","Non") -> Oui | H57: =IF(H56>0.05,"Oui","Non") -> Oui | I57: =IF(I56>0.05,"Oui","Non") -> Oui | ... M57: =IF(M56>0.05,"Oui","Non") -> Oui | O57: =IF(O56>0.05,"Oui","Non") -> Oui | P57: =IF(P56>0.05,"Oui","Non") -> Oui | Q57: =IF(Q56>0.05,"Oui","Non") -> Oui | R57: =IF(R56>0.05,"Oui","Non") -> Oui | S57: =IF(S56>0.05,"Oui","Non") -> Oui | T57: =IF(T56>0.05,"Oui","Non") -> Oui | U57: =IF(U56>0.05,"Oui","Non") -> Oui | V57: =IF(V56>0.05,"Oui","Non") -> Oui
A59: Statistical test used | C59: =IF($B57="Non",IF(C$57="Non","Mann Withney",IF(C$57="Oui","Mann Withney","")),IF($B$57="Oui",IF(C$57="Oui","T-Test Welch",IF(C$57="Non","Mann Withney","")))) -> T-Test Welch | D59: =IF($B57="Non",IF(D$57="Non","Mann Withney",IF(D$57="Oui","Mann Withney","")),IF($B$57="Oui",IF(D$57="Oui","T-Test Welch",IF(D$57="Non","Mann Withney","")))) -> T-Test Welch | E59: =IF($B57="Non",IF(E$57="Non","Mann Withney",IF(E$57="Oui","Mann Withney","")),IF($B$57="Oui",IF(E$57="Oui","T-Test Welch",IF(E$57="Non","Mann Withney","")))) -> T-Test Welch | F59: =IF($B57="Non",IF(F$57="Non","Mann Withney",IF(F$57="Oui","Mann Withney","")),IF($B$57="Oui",IF(F$57="Oui","T-Test Welch",IF(F$57="Non","Mann Withney","")))) -> T-Test Welch | G59: =IF($B57="Non",IF(G$57="Non","Mann Withney",IF(G$57="Oui","Mann Withney","")),IF($B$57="Oui",IF(G$57="Oui","T-Test Welch",IF(G$57="Non","Mann Withney","")))) -> T-Test Welch | H59: =IF($B57="Non",IF(H$57="Non","Mann Withney",IF(H$57="Oui","Mann Withney","")),IF($B$57="Oui",IF(H$57="Oui","T-Test Welch",IF(H$57="Non","Mann Withney","")))) -> T-Test Welch | I59: =IF($B57="Non",IF(I$57="Non","Mann Withney",IF(I$57="Oui","Mann Withney","")),IF($B$57="Oui",IF(I$57="Oui","T-Test Welch",IF(I$57="Non","Mann Withney","")))) -> T-Test Welch | J59: =IF($B57="Non",IF(J$57="Non","Mann Withney",IF(J$57="Oui","Mann Withney","")),IF($B$57="Oui",IF(J$57="Oui","T-Test Welch",IF(J$57="Non","Mann Withney","")))) -> T-Test Welch | ... M59: =IF($B57="Non",IF(M$57="Non","Mann Withney",IF(M$57="Oui","Mann Withney","")),IF($B$57="Oui",IF(M$57="Oui","T-Test Welch",IF(M$57="Non","Mann Withney","")))) -> T-Test Welch | O59: =IF($B57="Non",IF(O$57="Non","Mann Withney",IF(O$57="Oui","Mann Withney","")),IF($B$57="Oui",IF(O$57="Oui","T-Test Welch",IF(O$57="Non","Mann Withney","")))) -> T-Test Welch | P59: =IF($O57="Non",IF(P$57="Non","Mann Withney",IF(P$57="Oui","Mann Withney","")),IF($O$57="Oui",IF(P$57="Oui","T-Test Welch",IF(P$57="Non","Mann Withney","")))) -> T-Test Welch | Q59: =IF($O57="Non",IF(Q$57="Non","Mann Withney",IF(Q$57="Oui","Mann Withney","")),IF($O$57="Oui",IF(Q$57="Oui","T-Test Welch",IF(Q$57="Non","Mann Withney","")))) -> T-Test Welch | R59: =IF($O57="Non",IF(R$57="Non","Mann Withney",IF(R$57="Oui","Mann Withney","")),IF($O$57="Oui",IF(R$57="Oui","T-Test Welch",IF(R$57="Non","Mann Withney","")))) -> T-Test Welch | S59: =IF($O57="Non",IF(S$57="Non","Mann Withney",IF(S$57="Oui","Mann Withney","")),IF($O$57="Oui",IF(S$57="Oui","T-Test Welch",IF(S$57="Non","Mann Withney","")))) -> T-Test Welch | T59: =IF($O57="Non",IF(T$57="Non","Mann Withney",IF(T$57="Oui","Mann Withney","")),IF($O$57="Oui",IF(T$57="Oui","T-Test Welch",IF(T$57="Non","Mann Withney","")))) -> T-Test Welch | U59: =IF($O57="Non",IF(U$57="Non","Mann Withney",IF(U$57="Oui","Mann Withney","")),IF($O$57="Oui",IF(U$57="Oui","T-Test Welch",IF(U$57="Non","Mann Withney","")))) -> T-Test Welch | V59: =IF($O57="Non",IF(V$57="Non","Mann Withney",IF(V$57="Oui","Mann Withney","")),IF($O$57="Oui",IF(V$57="Oui","T-Test Welch",IF(V$57="Non","Mann Withney","")))) -> T-Test Welch
A60: Statistical test : p value | C60: =IF(C59="Mann Withney",[1]!MTEST($B28:$B43,C28:C43,2), IF(C59="T-Test Welch",_xlfn.T.TEST($B28:$B43,C28:C43,2,3),"")) -> 0.010410149 | D60: =IF(D59="Mann Withney",[1]!MTEST($B28:$B43,D28:D43,2), IF(D59="T-Test Welch",_xlfn.T.TEST($B28:$B43,D28:D43,2,3),"")) -> 0.0091874512 | E60: =IF(E59="Mann Withney",[1]!MTEST($B28:$B43,E28:E43,2), IF(E59="T-Test Welch",_xlfn.T.TEST($B28:$B43,E28:E43,2,3),"")) -> 0.00093371356 | F60: =IF(F59="Mann Withney",[1]!MTEST($B28:$B43,F28:F43,2), IF(F59="T-Test Welch",_xlfn.T.TEST($B28:$B43,F28:F43,2,3),"")) -> 0.0022837204 | G60: =IF(G59="Mann Withney",[1]!MTEST($B28:$B43,G28:G43,2), IF(G59="T-Test Welch",_xlfn.T.TEST($B28:$B43,G28:G43,2,3),"")) -> 0.00015316772 | H60: =IF(H59="Mann Withney",[1]!MTEST($B28:$B43,H28:H43,2), IF(H59="T-Test Welch",_xlfn.T.TEST($B28:$B43,H28:H43,2,3),"")) -> 4.1304383e-07 | I60: =IF(I59="Mann Withney",[1]!MTEST($B28:$B43,I28:I43,2), IF(I59="T-Test Welch",_xlfn.T.TEST($B28:$B43,I28:I43,2,3),"")) -> 0.59210068 | J60: =IF(J59="Mann Withney",[1]!MTEST($B28:$B43,J28:J43,2), IF(J59="T-Test Welch",_xlfn.T.TEST($B28:$B43,J28:J43,2,3),"")) -> 0.90701103 | ... M60: =IF(M59="Mann Withney",[1]!MTEST($B28:$B43,M28:M43,2), IF(M59="T-Test Welch",_xlfn.T.TEST($B28:$B43,M28:M43,2,3),"")) -> 0.0025258544 | O60: =IF(O59="Mann Withney",[1]!MTEST($B28:$B43,O28:O43,2), IF(O59="T-Test Welch",_xlfn.T.TEST($B28:$B43,O28:O43,2,3),"")) -> 0.00054049233 | P60: =IF(P59="Mann Withney",[1]!MTEST($O28:$O43,P28:P43,2), IF(P59="T-Test Welch",_xlfn.T.TEST($O28:$O43,P28:P43,2,3),"")) -> 1.8085021e-05 | Q60: =IF(Q59="Mann Withney",[1]!MTEST($O28:$O43,Q28:Q43,2), IF(Q59="T-Test Welch",_xlfn.T.TEST($O28:$O43,Q28:Q43,2,3),"")) -> 0.00020344513 | R60: =IF(R59="Mann Withney",[1]!MTEST($O28:$O43,R28:R43,2), IF(R59="T-Test Welch",_xlfn.T.TEST($O28:$O43,R28:R43,2,3),"")) -> 0.81809158 | S60: =IF(S59="Mann Withney",[1]!MTEST($O28:$O43,S28:S43,2), IF(S59="T-Test Welch",_xlfn.T.TEST($O28:$O43,S28:S43,2,3),"")) -> 0.018106078 | T60: =IF(T59="Mann Withney",[1]!MTEST($O28:$O43,T28:T43,2), IF(T59="T-Test Welch",_xlfn.T.TEST($O28:$O43,T28:T43,2,3),"")) -> 0.0072216783 | U60: =IF(U59="Mann Withney",[1]!MTEST($O28:$O43,U28:U43,2), IF(U59="T-Test Welch",_xlfn.T.TEST($O28:$O43,U28:U43,2,3),"")) -> 0.031100898 | V60: =IF(V59="Mann Withney",[1]!MTEST($O28:$O43,V28:V43,2), IF(V59="T-Test Welch",_xlfn.T.TEST($O28:$O43,V28:V43,2,3),"")) -> 0.032174084
A61: Annotation | C61: =IF(C60>0.05,"NS",IF(C60>0.01,"*",IF(C60>0.001,"**","***"))) -> * | D61: =IF(D60>0.05,"NS",IF(D60>0.01,"*",IF(D60>0.001,"**","***"))) -> ** | E61: =IF(E60>0.05,"NS",IF(E60>0.01,"*",IF(E60>0.001,"**","***"))) -> *** | F61: =IF(F60>0.05,"NS",IF(F60>0.01,"*",IF(F60>0.001,"**","***"))) -> ** | G61: =IF(G60>0.05,"NS",IF(G60>0.01,"*",IF(G60>0.001,"**","***"))) -> *** | H61: =IF(H60>0.05,"NS",IF(H60>0.01,"*",IF(H60>0.001,"**","***"))) -> *** | I61: =IF(I60>0.05,"NS",IF(I60>0.01,"*",IF(I60>0.001,"**","***"))) -> NS | J61: =IF(J60>0.05,"NS",IF(J60>0.01,"*",IF(J60>0.001,"**","***"))) -> NS | ... M61: =IF(M60>0.05,"NS",IF(M60>0.01,"*",IF(M60>0.001,"**","***"))) -> ** | O61: =IF(O60>0.05,"NS",IF(O60>0.01,"*",IF(O60>0.001,"**","***"))) -> *** | P61: =IF(P60>0.05,"NS",IF(P60>0.01,"*",IF(P60>0.001,"**","***"))) -> *** | Q61: =IF(Q60>0.05,"NS",IF(Q60>0.01,"*",IF(Q60>0.001,"**","***"))) -> *** | R61: =IF(R60>0.05,"NS",IF(R60>0.01,"*",IF(R60>0.001,"**","***"))) -> NS | S61: =IF(S60>0.05,"NS",IF(S60>0.01,"*",IF(S60>0.001,"**","***"))) -> * | T61: =IF(T60>0.05,"NS",IF(T60>0.01,"*",IF(T60>0.001,"**","***"))) -> ** | U61: =IF(U60>0.05,"NS",IF(U60>0.01,"*",IF(U60>0.001,"**","***"))) -> * | V61: =IF(V60>0.05,"NS",IF(V60>0.01,"*",IF(V60>0.001,"**","***"))) -> *

Sheet R2
A3: R2 | B3: Unspiked | O3: Testosterone spiked
A4: Group names | B4: ='Front page'!A7 -> Solvent control | C4: ='Front page'!A8 -> EE2-33.8ng/L | D4: ='Front page'!A9 -> EE2-50.6ng/L | E4: ='Front page'!A10 -> EE2-76ng/L | F4: ='Front page'!A11 -> EE2-114ng/L | G4: ='Front page'!A12 -> EE2-170.9ng/L | H4: ='Front page'!A13 -> EE2-488ng/L | I4: ='Front page'!A14 -> BPA-1mg/L | J4: ='Front page'!A15 -> BPA-2mg/L | K4: ='Front page'!A16 -> BPA-3mg/L | L4: ='Front page'!A17 -> BPA-4mg/L | M4: ='Front page'!A18 -> BPA-5mg/L | O4: ='Front page'!A35 -> Testo -30µg/L | P4: ='Front page'!A36 -> Testo 30µg/L + EE2 -64ng/L | Q4: ='Front page'!A37 -> Testo 30µg/L + FAD-10mg/L | R4: ='Front page'!A38 -> BPA-1mg/L + Testostérone | S4: ='Front page'!A39 -> BPA-2mg/L + Testostérone | T4: ='Front page'!A40 -> BPA-3mg/L + Testostérone | U4: ='Front page'!A41 -> BPA-4mg/L + Testostérone | V4: ='Front page'!A42 -> BPA-5mg/L + Testostérone
A5: Raw data | B5: 14159 | C5: 1000998 | D5: 604592 | E5: 604880 | F5: 4881547 | G5: 6616378 | H5: 6372864 | I5: 22255 | J5: 330634 | K5: 112774 | L5: 127937 | M5: 3507802 | O5: 1122759 | P5: 8898570 | Q5: 75738 | R5: 2549754 | S5: 2732355 | T5: 7258804 | U5: 4914014 | V5: 7839765
B6: 28379 | C6: 72708 | D6: 1626818 | E6: 1117348 | F6: 1731234 | G6: 5547818 | H6: 8983010 | I6: 54887 | J6: 200790 | K6: 65221 | L6: 133525 | M6: 1629746 | O6: 1139274 | P6: 3772461 | Q6: 84948 | R6: 1157480 | S6: 2517073 | T6: 3434137 | U6: 5039732 | V6: 8411325
B7: 121513 | C7: 93227 | D7: 192314 | E7: 1984922 | F7: 4593435 | G7: 4474566 | H7: 7216257 | I7: 220335 | J7: 73117 | K7: 207057 | L7: 921921 | M7: 501995 | O7: 1978479 | P7: 3030272 | Q7: 79458 | R7: 15676 | S7: 1189142 | T7: 5132589 | U7: 3836848 | V7: 8623596
B8: 86474 | C8: 114241 | D8: 959452 | E8: 2160125 | F8: 7657514 | G8: 4844722 | H8: 5855810 | I8: 151881 | J8: 66284 | K8: 72661 | L8: 398271 | M8: 299894 | O8: 394517 | P8: 6261709 | Q8: 223033 | R8: 2731641 | S8: 298139 | T8: 4661554 | U8: 4726560 | V8: 5114176
B9: 174073 | C9: 217315 | D9: 837303 | E9: 4753438 | F9: 1644986 | G9: 2741081 | H9: 5145738 | I9: 142840 | J9: 604464 | K9: 131265 | L9: 54516 | M9: 1398473 | O9: 3776283 | P9: 3582444 | Q9: 19153 | R9: 457982 | S9: 2479461 | T9: 4402351 | U9: 4718432 | V9: 4847642
B10: 61514 | C10: 65767 | D10: 1788181 | E10: 3141552 | F10: 2674888 | G10: 3078429 | H10: 7205188 | I10: 314930 | J10: 40038 | K10: 1014563 | L10: 96669 | M10: 1037245 | O10: 1178854 | P10: 3029666 | Q10: 247241 | R10: 1438408 | S10: 2318809 | T10: 7526193 | U10: 3757971 | V10: 8706403
B11: 72001 | C11: 199728 | D11: 1345193 | E11: 2348048 | F11: 4876029 | G11: 4634261 | H11: 3596537 | I11: 64149 | J11: 94345 | K11: 290817 | L11: 381061 | M11: 1495106 | O11: 158801 | P11: 5111162 | Q11: 249971 | R11: 1074156 | S11: 2661982 | T11: 5038636 | U11: 6931512 | V11: 1612620
B12: 160380 | C12: 217854 | D12: 137764 | E12: 1802229 | F12: 3731776 | G12: 6124493 | H12: 10745023 | I12: 196706 | K12: 289115 | L12: 150132 | M12: 2413851 | O12: 763690 | Q12: 13739 | R12: 1020006 | S12: 3560716 | T12: 513672 | U12: 5786584 | V12: 4763648
O13: 1562924
O14: 1498603
O15: 1750872
O16: 9901
O17: 827890
O18: 166340
O19: 748759
O20: 148954
A22: =A4 -> Group names | B22: =B4 -> Solvent control | C22: =C4 -> EE2-33.8ng/L | D22: =D4 -> EE2-50.6ng/L | E22: =E4 -> EE2-76ng/L | F22: =F4 -> EE2-114ng/L | G22: =G4 -> EE2-170.9ng/L | H22: =H4 -> EE2-488ng/L | ... M22: =M4 -> BPA-5mg/L | N22: Noms des groupes | O22: =O4 -> Testo -30µg/L | P22: =P4 -> Testo 30µg/L + EE2 -64ng/L | Q22: =Q4 -> Testo 30µg/L + FAD-10mg/L | R22: =R4 -> BPA-1mg/L + Testostérone | S22: =S4 -> BPA-2mg/L + Testostérone | T22: =T4 -> BPA-3mg/L + Testostérone | U22: =U4 -> BPA-4mg/L + Testostérone | V22: =V4 -> BPA-5mg/L + Testostérone
A23: mean | B23: =AVERAGE(B5:B20) -> 89811.625 | C23: =AVERAGE(C5:C20) -> 247729.75 | D23: =AVERAGE(D5:D20) -> 936452.12 | E23: =AVERAGE(E5:E20) -> 2239067.8 | F23: =AVERAGE(F5:F20) -> 3973926.1 | G23: =AVERAGE(G5:G20) -> 4757718.5 | H23: =AVERAGE(H5:H20) -> 6890053.4 | I23: =AVERAGE(I5:I20) -> 145997.88 | J23: =AVERAGE(J5:J20) -> 201381.71 | L23: =AVERAGE(L5:L20) -> 283004 | N23: mean | O23: =AVERAGE(O5:O20) -> 1076681.2 | P23: =AVERAGE(P5:P20) -> 4812326.3 | Q23: =AVERAGE(Q5:Q20) -> 124160.12 | R23: =AVERAGE(R5:R20) -> 1305637.9 | S23: =AVERAGE(S5:S20) -> 2219709.6 | T23: =AVERAGE(T5:T20) -> 4745992 | U23: =AVERAGE(U5:U20) -> 4963956.6 | V23: =AVERAGE(V5:V20) -> 6239896.9
A24: SD | B24: =STDEV(B5:B20) -> 58200.703 | C24: =STDEV(C5:C20) -> 310981.91 | D24: =STDEV(D5:D20) -> 618898.93 | E24: =STDEV(E5:E20) -> 1272729.8 | F24: =STDEV(F5:F20) -> 1992483.8 | G24: =STDEV(G5:G20) -> 1359452.2 | H24: =STDEV(H5:H20) -> 2225630.2 | I24: =STDEV(I5:I20) -> 97828.346 | J24: =STDEV(J5:J20) -> 204684.19 | L24: =STDEV(L5:L20) -> 288367.03 | N24: SD | O24: =STDEV(O5:O20) -> 944782.77 | P24: =STDEV(P5:P20) -> 2153869.6 | Q24: =STDEV(Q5:Q20) -> 99894.957 | R24: =STDEV(R5:R20) -> 936450.75 | S24: =STDEV(S5:S20) -> 1012558.8 | T24: =STDEV(T5:T20) -> 2205109.5 | U24: =STDEV(U5:U20) -> 1028010.6 | V24: =STDEV(V5:V20) -> 2558933.2
B26: Unspiked | O26: Testosterone spiked
A27: =A4 -> Group names | B27: =B4 -> Solvent control | C27: =C4 -> EE2-33.8ng/L | D27: =D4 -> EE2-50.6ng/L | E27: =E4 -> EE2-76ng/L | F27: =F4 -> EE2-114ng/L | G27: =G4 -> EE2-170.9ng/L | H27: =H4 -> EE2-488ng/L | ... M27: =M4 -> BPA-5mg/L | O27: =O4 -> Testo -30µg/L | P27: =P4 -> Testo 30µg/L + EE2 -64ng/L | Q27: =Q4 -> Testo 30µg/L + FAD-10mg/L | R27: =R4 -> BPA-1mg/L + Testostérone | S27: =S4 -> BPA-2mg/L + Testostérone | T27: =T4 -> BPA-3mg/L + Testostérone | U27: =U4 -> BPA-4mg/L + Testostérone | V27: =V4 -> BPA-5mg/L + Testostérone
A28: Data normalised to the "Testo" group | B28: =IF(B5="","",(B5/$O$23)) -> 0.013150596 | C28: =IF(C5="","",(C5/$O$23)) -> 0.92970691 | D28: =IF(D5="","",(D5/$O$23)) -> 0.56153295 | E28: =IF(E5="","",(E5/$O$23)) -> 0.56180044 | F28: =IF(F5="","",(F5/$O$23)) -> 4.5338832 | G28: =IF(G5="","",(G5/$O$23)) -> 6.1451595 | H28: =IF(H5="","",(H5/$O$23)) -> 5.9189886 | I28: =IF(I5="","",(I5/$O$23)) -> 0.020669999 | ... M28: =IF(M5="","",(M5/$O$23)) -> 3.2579763 | O28: =IF(O5="","",(O5/$O$23)) -> 1.0427961 | P28: =IF(P5="","",(P5/$O$23)) -> 8.2648138 | Q28: =IF(Q5="","",(Q5/$O$23)) -> 0.070343939 | R28: =IF(R5="","",(R5/$O$23)) -> 2.3681605 | S28: =IF(S5="","",(S5/$O$23)) -> 2.5377566 | T28: =IF(T5="","",(T5/$O$23)) -> 6.7418319 | U28: =IF(U5="","",(U5/$O$23)) -> 4.5640379 | V28: =IF(V5="","",(V5/$O$23)) -> 7.2814169
B29: =IF(B6="","",(B6/$O$23)) -> 0.026357847 | C29: =IF(C6="","",(C6/$O$23)) -> 0.067529735 | D29: =IF(D6="","",(D6/$O$23)) -> 1.510956 | E29: =IF(E6="","",(E6/$O$23)) -> 1.0377705 | F29: =IF(F6="","",(F6/$O$23)) -> 1.6079355 | G29: =IF(G6="","",(G6/$O$23)) -> 5.1527023 | H29: =IF(H6="","",(H6/$O$23)) -> 8.3432399 | I29: =IF(I6="","",(I6/$O$23)) -> 0.050977947 | ... M29: =IF(M6="","",(M6/$O$23)) -> 1.5136755 | O29: =IF(O6="","",(O6/$O$23)) -> 1.0581349 | P29: =IF(P6="","",(P6/$O$23)) -> 3.5037863 | Q29: =IF(Q6="","",(Q6/$O$23)) -> 0.078898003 | R29: =IF(R6="","",(R6/$O$23)) -> 1.0750443 | S29: =IF(S6="","",(S6/$O$23)) -> 2.337807 | T29: =IF(T6="","",(T6/$O$23)) -> 3.1895577 | U29: =IF(U6="","",(U6/$O$23)) -> 4.6808022 | V29: =IF(V6="","",(V6/$O$23)) -> 7.8122703
B30: =IF(B7="","",(B7/$O$23)) -> 0.11285884 | C30: =IF(C7="","",(C7/$O$23)) -> 0.086587372 | D30: =IF(D7="","",(D7/$O$23)) -> 0.17861739 | E30: =IF(E7="","",(E7/$O$23)) -> 1.8435558 | F30: =IF(F7="","",(F7/$O$23)) -> 4.2662905 | G30: =IF(G7="","",(G7/$O$23)) -> 4.1558874 | H30: =IF(H7="","",(H7/$O$23)) -> 6.7023151 | I30: =IF(I7="","",(I7/$O$23)) -> 0.20464274 | ... M30: =IF(M7="","",(M7/$O$23)) -> 0.46624291 | O30: =IF(O7="","",(O7/$O$23)) -> 1.8375717 | P30: =IF(P7="","",(P7/$O$23)) -> 2.814456 | Q30: =IF(Q7="","",(Q7/$O$23)) -> 0.073799 | R30: =IF(R7="","",(R7/$O$23)) -> 0.014559555 | S30: =IF(S7="","",(S7/$O$23)) -> 1.1044513 | T30: =IF(T7="","",(T7/$O$23)) -> 4.767046 | U30: =IF(U7="","",(U7/$O$23)) -> 3.5635876 | V30: =IF(V7="","",(V7/$O$23)) -> 8.0094234
B31: =IF(B8="","",(B8/$O$23)) -> 0.080315321 | C31: =IF(C8="","",(C8/$O$23)) -> 0.10610475 | D31: =IF(D8="","",(D8/$O$23)) -> 0.89111982 | E31: =IF(E8="","",(E8/$O$23)) -> 2.0062809 | F31: =IF(F8="","",(F8/$O$23)) -> 7.1121458 | G31: =IF(G8="","",(G8/$O$23)) -> 4.4996808 | H31: =IF(H8="","",(H8/$O$23)) -> 5.4387591 | I31: =IF(I8="","",(I8/$O$23)) -> 0.14106403 | ... M31: =IF(M8="","",(M8/$O$23)) -> 0.27853555 | O31: =IF(O8="","",(O8/$O$23)) -> 0.3664195 | P31: =IF(P8="","",(P8/$O$23)) -> 5.81575 | Q31: =IF(Q8="","",(Q8/$O$23)) -> 0.20714859 | R31: =IF(R8="","",(R8/$O$23)) -> 2.5370935 | S31: =IF(S8="","",(S8/$O$23)) -> 0.27690554 | T31: =IF(T8="","",(T8/$O$23)) -> 4.3295581 | U31: =IF(U8="","",(U8/$O$23)) -> 4.3899343 | V31: =IF(V8="","",(V8/$O$23)) -> 4.7499443
B32: =IF(B9="","",(B9/$O$23)) -> 0.16167552 | C32: =IF(C9="","",(C9/$O$23)) -> 0.20183782 | D32: =IF(D9="","",(D9/$O$23)) -> 0.77767027 | E32: =IF(E9="","",(E9/$O$23)) -> 4.4148981 | F32: =IF(F9="","",(F9/$O$23)) -> 1.5278301 | G32: =IF(G9="","",(G9/$O$23)) -> 2.5458612 | H32: =IF(H9="","",(H9/$O$23)) -> 4.7792585 | I32: =IF(I9="","",(I9/$O$23)) -> 0.13266693 | ... M32: =IF(M9="","",(M9/$O$23)) -> 1.2988737 | O32: =IF(O9="","",(O9/$O$23)) -> 3.5073361 | P32: =IF(P9="","",(P9/$O$23)) -> 3.3273023 | Q32: =IF(Q9="","",(Q9/$O$23)) -> 0.017788923 | R32: =IF(R9="","",(R9/$O$23)) -> 0.42536452 | S32: =IF(S9="","",(S9/$O$23)) -> 2.3028738 | T32: =IF(T9="","",(T9/$O$23)) -> 4.0888155 | U32: =IF(U9="","",(U9/$O$23)) -> 4.3823852 | V32: =IF(V9="","",(V9/$O$23)) -> 4.5023929
B33: =IF(B10="","",(B10/$O$23)) -> 0.057132972 | C33: =IF(C10="","",(C10/$O$23)) -> 0.061083074 | D33: =IF(D10="","",(D10/$O$23)) -> 1.6608267 | E33: =IF(E10="","",(E10/$O$23)) -> 2.9178106 | F33: =IF(F10="","",(F10/$O$23)) -> 2.4843824 | G33: =IF(G10="","",(G10/$O$23)) -> 2.8591833 | H33: =IF(H10="","",(H10/$O$23)) -> 6.6920344 | I33: =IF(I10="","",(I10/$O$23)) -> 0.29250068 | ... M33: =IF(M10="","",(M10/$O$23)) -> 0.9633724 | O33: =IF(O10="","",(O10/$O$23)) -> 1.094896 | P33: =IF(P10="","",(P10/$O$23)) -> 2.8138932 | Q33: =IF(Q10="","",(Q10/$O$23)) -> 0.22963249 | R33: =IF(R10="","",(R10/$O$23)) -> 1.3359646 | S33: =IF(S10="","",(S10/$O$23)) -> 2.1536634 | T33: =IF(T10="","",(T10/$O$23)) -> 6.9901775 | U33: =IF(U10="","",(U10/$O$23)) -> 3.4903283 | V33: =IF(V10="","",(V10/$O$23)) -> 8.0863329
B34: =IF(B11="","",(B11/$O$23)) -> 0.066873088 | C34: =IF(C11="","",(C11/$O$23)) -> 0.18550337 | D34: =IF(D11="","",(D11/$O$23)) -> 1.2493883 | E34: =IF(E11="","",(E11/$O$23)) -> 2.18082 | F34: =IF(F11="","",(F11/$O$23)) -> 4.5287582 | G34: =IF(G11="","",(G11/$O$23)) -> 4.3042089 | H34: =IF(H11="","",(H11/$O$23)) -> 3.3403916 | I34: =IF(I11="","",(I11/$O$23)) -> 0.059580308 | ... M34: =IF(M11="","",(M11/$O$23)) -> 1.3886245 | O34: =IF(O11="","",(O11/$O$23)) -> 0.14749119 | P34: =IF(P11="","",(P11/$O$23)) -> 4.747145 | Q34: =IF(Q11="","",(Q11/$O$23)) -> 0.23216806 | R34: =IF(R11="","",(R11/$O$23)) -> 0.9976546 | S34: =IF(S11="","",(S11/$O$23)) -> 2.4723956 | T34: =IF(T11="","",(T11/$O$23)) -> 4.6797843 | U34: =IF(U11="","",(U11/$O$23)) -> 6.4378496 | V34: =IF(V11="","",(V11/$O$23)) -> 1.4977692
B35: =IF(B12="","",(B12/$O$23)) -> 0.14895773 | C35: =IF(C12="","",(C12/$O$23)) -> 0.20233844 | D35: =IF(D12="","",(D12/$O$23)) -> 0.12795245 | E35: =IF(E12="","",(E12/$O$23)) -> 1.6738742 | F35: =IF(F12="","",(F12/$O$23)) -> 3.4659989 | G35: =IF(G12="","",(G12/$O$23)) -> 5.6883065 | H35: =IF(H12="","",(H12/$O$23)) -> 9.9797623 | I35: =IF(I12="","",(I12/$O$23)) -> 0.1826966 | ... M35: =IF(M12="","",(M12/$O$23)) -> 2.2419365 | O35: =IF(O12="","",(O12/$O$23)) -> 0.70929999 | P35: =IF(P12="","",(P12/$O$23)) | Q35: =IF(Q12="","",(Q12/$O$23)) -> 0.012760508 | R35: =IF(R12="","",(R12/$O$23)) -> 0.94736116 | S35: =IF(S12="","",(S12/$O$23)) -> 3.3071218 | T35: =IF(T12="","",(T12/$O$23)) -> 0.47708827 | U35: =IF(U12="","",(U12/$O$23)) -> 5.3744634 | V35: =IF(V12="","",(V12/$O$23)) -> 4.4243809
B36: =IF(B13="","",(B13/$O$23)) | C36: =IF(C13="","",(C13/$O$23)) | D36: =IF(D13="","",(D13/$O$23)) | E36: =IF(E13="","",(E13/$O$23)) | F36: =IF(F13="","",(F13/$O$23)) | G36: =IF(G13="","",(G13/$O$23)) | H36: =IF(H13="","",(H13/$O$23)) | I36: =IF(I13="","",(I13/$O$23)) | ... M36: =IF(M13="","",(M13/$O$23)) | O36: =IF(O13="","",(O13/$O$23)) -> 1.4516125 | P36: =IF(P13="","",(P13/$O$23)) | Q36: =IF(Q13="","",(Q13/$O$23)) | R36: =IF(R13="","",(R13/$O$23)) | S36: =IF(S13="","",(S13/$O$23)) | T36: =IF(T13="","",(T13/$O$23)) | U36: =IF(U13="","",(U13/$O$23)) | V36: =IF(V13="","",(V13/$O$23))
B37: =IF(B14="","",(B14/$O$23)) | C37: =IF(C14="","",(C14/$O$23)) | D37: =IF(D14="","",(D14/$O$23)) | E37: =IF(E14="","",(E14/$O$23)) | F37: =IF(F14="","",(F14/$O$23)) | G37: =IF(G14="","",(G14/$O$23)) | H37: =IF(H14="","",(H14/$O$23)) | I37: =IF(I14="","",(I14/$O$23)) | ... M37: =IF(M14="","",(M14/$O$23)) | O37: =IF(O14="","",(O14/$O$23)) -> 1.3918725 | P37: =IF(P14="","",(P14/$O$23)) | Q37: =IF(Q14="","",(Q14/$O$23)) | R37: =IF(R14="","",(R14/$O$23)) | S37: =IF(S14="","",(S14/$O$23)) | T37: =IF(T14="","",(T14/$O$23)) | U37: =IF(U14="","",(U14/$O$23)) | V37: =IF(V14="","",(V14/$O$23))
B38: =IF(B15="","",(B15/$O$23)) | C38: =IF(C15="","",(C15/$O$23)) | D38: =IF(D15="","",(D15/$O$23)) | E38: =IF(E15="","",(E15/$O$23)) | F38: =IF(F15="","",(F15/$O$23)) | G38: =IF(G15="","",(G15/$O$23)) | H38: =IF(H15="","",(H15/$O$23)) | I38: =IF(I15="","",(I15/$O$23)) | ... M38: =IF(M15="","",(M15/$O$23)) | O38: =IF(O15="","",(O15/$O$23)) -> 1.6261749 | P38: =IF(P15="","",(P15/$O$23)) | Q38: =IF(Q15="","",(Q15/$O$23)) | R38: =IF(R15="","",(R15/$O$23)) | S38: =IF(S15="","",(S15/$O$23)) | T38: =IF(T15="","",(T15/$O$23)) | U38: =IF(U15="","",(U15/$O$23)) | V38: =IF(V15="","",(V15/$O$23))
B39: =IF(B16="","",(B16/$O$23)) | C39: =IF(C16="","",(C16/$O$23)) | D39: =IF(D16="","",(D16/$O$23)) | E39: =IF(E16="","",(E16/$O$23)) | F39: =IF(F16="","",(F16/$O$23)) | G39: =IF(G16="","",(G16/$O$23)) | H39: =IF(H16="","",(H16/$O$23)) | I39: =IF(I16="","",(I16/$O$23)) | ... M39: =IF(M16="","",(M16/$O$23)) | O39: =IF(O16="","",(O16/$O$23)) -> 0.0091958507 | P39: =IF(P16="","",(P16/$O$23)) | Q39: =IF(Q16="","",(Q16/$O$23)) | R39: =IF(R16="","",(R16/$O$23)) | S39: =IF(S16="","",(S16/$O$23)) | T39: =IF(T16="","",(T16/$O$23)) | U39: =IF(U16="","",(U16/$O$23)) | V39: =IF(V16="","",(V16/$O$23))
B40: =IF(B17="","",(B17/$O$23)) | C40: =IF(C17="","",(C17/$O$23)) | D40: =IF(D17="","",(D17/$O$23)) | E40: =IF(E17="","",(E17/$O$23)) | F40: =IF(F17="","",(F17/$O$23)) | G40: =IF(G17="","",(G17/$O$23)) | H40: =IF(H17="","",(H17/$O$23)) | I40: =IF(I17="","",(I17/$O$23)) | ... M40: =IF(M17="","",(M17/$O$23)) | O40: =IF(O17="","",(O17/$O$23)) -> 0.76892767 | P40: =IF(P17="","",(P17/$O$23)) | Q40: =IF(Q17="","",(Q17/$O$23)) | R40: =IF(R17="","",(R17/$O$23)) | S40: =IF(S17="","",(S17/$O$23)) | T40: =IF(T17="","",(T17/$O$23)) | U40: =IF(U17="","",(U17/$O$23)) | V40: =IF(V17="","",(V17/$O$23))
... B43: =IF(B20="","",(B20/$O$23)) | C43: =IF(C20="","",(C20/$O$23)) | D43: =IF(D20="","",(D20/$O$23)) | E43: =IF(E20="","",(E20/$O$23)) | F43: =IF(F20="","",(F20/$O$23)) | G43: =IF(G20="","",(G20/$O$23)) | H43: =IF(H20="","",(H20/$O$23)) | I43: =IF(I20="","",(I20/$O$23)) | ... M43: =IF(M20="","",(M20/$O$23)) | O43: =IF(O20="","",(O20/$O$23)) -> 0.13834549 | P43: =IF(P20="","",(P20/$O$23)) | Q43: =IF(Q20="","",(Q20/$O$23)) | R43: =IF(R20="","",(R20/$O$23)) | S43: =IF(S20="","",(S20/$O$23)) | T43: =IF(T20="","",(T20/$O$23)) | U43: =IF(U20="","",(U20/$O$23)) | V43: =IF(V20="","",(V20/$O$23))
A45: =A4 -> Group names | B45: =B4 -> Solvent control | C45: =C4 -> EE2-33.8ng/L | D45: =D4 -> EE2-50.6ng/L | E45: =E4 -> EE2-76ng/L | F45: =F4 -> EE2-114ng/L | G45: =G4 -> EE2-170.9ng/L | H45: =H4 -> EE2-488ng/L | ... M45: =M4 -> BPA-5mg/L | O45: =O4 -> Testo -30µg/L | P45: =P4 -> Testo 30µg/L + EE2 -64ng/L | Q45: =Q4 -> Testo 30µg/L + FAD-10mg/L | R45: =R4 -> BPA-1mg/L + Testostérone | S45: =S4 -> BPA-2mg/L + Testostérone | T45: =T4 -> BPA-3mg/L + Testostérone | U45: =U4 -> BPA-4mg/L + Testostérone | V45: =V4 -> BPA-5mg/L + Testostérone
A46: mean | B46: =AVERAGE(B28:B43) -> 0.08341524 | C46: =AVERAGE(C28:C43) -> 0.23008643 | D46: =AVERAGE(D28:D43) -> 0.86975799 | E46: =AVERAGE(E28:E43) -> 2.0796013 | F46: =AVERAGE(F28:F43) -> 3.6909031 | G46: =AVERAGE(G28:G43) -> 4.4188737 | H46: =AVERAGE(H28:H43) -> 6.3993437 | I46: =AVERAGE(I28:I43) -> 0.1355999 | ... M46: =AVERAGE(M28:M43) -> 1.4261547 | N46: mean | O46: =AVERAGE(O28:O43) -> 1 | P46: =AVERAGE(P28:P43) -> 4.4695924 | Q46: =AVERAGE(Q28:Q43) -> 0.11531744 | R46: =AVERAGE(R28:R43) -> 1.2126503 | S46: =AVERAGE(S28:S43) -> 2.0616219 | T46: =AVERAGE(T28:T43) -> 4.4079824 | U46: =AVERAGE(U28:U43) -> 4.6104236 | V46: =AVERAGE(V28:V43) -> 5.7954914
A47: SD | B47: =STDEV(B28:B43) -> 0.054055648 | C47: =STDEV(C28:C43) -> 0.28883378 | D47: =STDEV(D28:D43) -> 0.57482094 | E47: =STDEV(E28:E43) -> 1.1820859 | F47: =STDEV(F28:F43) -> 1.8505791 | G47: =STDEV(G28:G43) -> 1.262632 | H47: =STDEV(H28:H43) -> 2.0671208 | I47: =STDEV(I28:I43) -> 0.09086101 | ... M47: =STDEV(M28:M43) -> 0.96354754 | N47: SD | O47: =STDEV(O28:O43) -> 0.87749533 | P47: =STDEV(P28:P43) -> 2.000471 | Q47: =STDEV(Q28:Q43) -> 0.092780437 | R47: =STDEV(R28:R43) -> 0.86975672 | S47: =STDEV(S28:S43) -> 0.9404444 | T47: =STDEV(T28:T43) -> 2.0480616 | U47: =STDEV(U28:U43) -> 0.95479569 | V47: =STDEV(V28:V43) -> 2.376686
A48: SEM | B48: =B47/SQRT(COUNT(B28:B43)) -> 0.019111558 | C48: =C47/SQRT(COUNT(C28:C43)) -> 0.10211816 | D48: =D47/SQRT(COUNT(D28:D43)) -> 0.20322989 | E48: =E47/SQRT(COUNT(E28:E43)) -> 0.41793049 | F48: =F47/SQRT(COUNT(F28:F43)) -> 0.65427852 | G48: =G47/SQRT(COUNT(G28:G43)) -> 0.44640782 | H48: =H47/SQRT(COUNT(H28:H43)) -> 0.73083755 | I48: =I47/SQRT(COUNT(I28:I43)) -> 0.032124218 | ... M48: =M47/SQRT(COUNT(M28:M43)) -> 0.3406655 | N48: SEM | O48: =O47/SQRT(COUNT(O28:O43)) -> 0.21937383 | P48: =P47/SQRT(COUNT(P28:P43)) -> 0.75610697 | Q48: =Q47/SQRT(COUNT(Q28:Q43)) -> 0.032802838 | R48: =R47/SQRT(COUNT(R28:R43)) -> 0.30750544 | S48: =S47/SQRT(COUNT(S28:S43)) -> 0.33249731 | T48: =T47/SQRT(COUNT(T28:T43)) -> 0.72409911 | U48: =U47/SQRT(COUNT(U28:U43)) -> 0.33757125 | V48: =V47/SQRT(COUNT(V28:V43)) -> 0.84028539
A52: =A27 -> Group names | B52: =B27 -> Solvent control | C52: =C27 -> EE2-33.8ng/L | D52: =D27 -> EE2-50.6ng/L | E52: =E27 -> EE2-76ng/L | F52: =F27 -> EE2-114ng/L | G52: =G27 -> EE2-170.9ng/L | H52: =H27 -> EE2-488ng/L | I52: =I4 -> BPA-1mg/L | J52: =J4 -> BPA-2mg/L | K52: =K4 -> BPA-3mg/L | L52: =L4 -> BPA-4mg/L | M52: =M4 -> BPA-5mg/L | O52: =O27 -> Testo -30µg/L | P52: =P27 -> Testo 30µg/L + EE2 -64ng/L | Q52: =Q27 -> Testo 30µg/L + FAD-10mg/L | R52: =R27 -> BPA-1mg/L + Testostérone | S52: =S27 -> BPA-2mg/L + Testostérone | T52: =T27 -> BPA-3mg/L + Testostérone | U52: =U27 -> BPA-4mg/L + Testostérone | V52: =V27 -> BPA-5mg/L + Testostérone
A53: Mean | B53: =B46 -> 0.08341524 | C53: =C46 -> 0.23008643 | D53: =D46 -> 0.86975799 | E53: =E46 -> 2.0796013 | F53: =F46 -> 3.6909031 | G53: =G46 -> 4.4188737 | H53: =H46 -> 6.3993437 | I53: =I46 -> 0.1355999 | ... M53: =M46 -> 1.4261547 | O53: =O46 -> 1 | P53: =P46 -> 4.4695924 | Q53: =Q46 -> 0.11531744 | R53: =R46 -> 1.2126503 | S53: =S46 -> 2.0616219 | T53: =T46 -> 4.4079824 | U53: =U46 -> 4.6104236 | V53: =V46 -> 5.7954914
A54: SEM | B54: =B48 -> 0.019111558 | C54: =C48 -> 0.10211816 | D54: =D48 -> 0.20322989 | E54: =E48 -> 0.41793049 | F54: =F48 -> 0.65427852 | G54: =G48 -> 0.44640782 | H54: =H48 -> 0.73083755 | I54: =I48 -> 0.032124218 | ... M54: =M48 -> 0.3406655 | O54: =O48 -> 0.21937383 | P54: =P48 -> 0.75610697 | Q54: =Q48 -> 0.032802838 | R54: =R48 -> 0.30750544 | S54: =S48 -> 0.33249731 | T54: =T48 -> 0.72409911 | U54: =U48 -> 0.33757125 | V54: =V48 -> 0.84028539
A55: % induction | B55: =(B53*100/$B53)-100 -> 0 | C55: =(C53*100/$B53)-100 -> 175.83261 | D55: =(D53*100/$B53)-100 -> 942.68476 | E55: =(E53*100/$B53)-100 -> 2393.0712 | F55: =(F53*100/$B53)-100 -> 4324.7347 | G55: =(G53*100/$B53)-100 -> 5197.4417 | H55: =(H53*100/$B53)-100 -> 7571.6721 | I55: =(I53*100/$B53)-100 -> 62.560108 | ... M55: =(M53*100/$B53)-100 -> 1609.7052 | O55: =(O53*100/$O53)-100 -> 0 | P55: =(P53*100/$O53)-100 -> 346.95924 | Q55: =(Q53*100/$O53)-100 -> -88.468256 | R55: =(R53*100/$O53)-100 -> 21.265033 | S55: =(S53*100/$O53)-100 -> 106.16219 | T55: =(T53*100/$O53)-100 -> 340.79824 | U55: =(U53*100/$O53)-100 -> 361.04236 | V55: =(V53*100/$O53)-100 -> 479.54914
A56: Normality test : p value | B56: =[1]!SWTEST(B28:B43) -> 0.67911409 | C56: =[1]!SWTEST(C28:C43) -> 0.000167419 | D56: =[1]!SWTEST(D28:D43) -> 0.6269651 | E56: =[1]!SWTEST(E28:E43) -> 0.56164602 | F56: =[1]!SWTEST(F28:F43) -> 0.46680812 | G56: =[1]!SWTEST(G28:G43) -> 0.7243081 | H56: =[1]!SWTEST(H28:H43) -> 0.95405589 | I56: =[1]!SWTEST(I28:I43) -> 0.77641678 | ... M56: =[1]!SWTEST(M28:M43) -> 0.56822189 | O56: =[1]!SWTEST(O28:O43) -> 0.025479235 | P56: =[1]!SWTEST(P28:P43) -> 0.11228668 | Q56: =[1]!SWTEST(Q28:Q43) -> 0.063377693 | R56: =[1]!SWTEST(R28:R43) -> 0.471969 | S56: =[1]!SWTEST(S28:S43) -> 0.22383026 | T56: =[1]!SWTEST(T28:T43) -> 0.44604437 | U56: =[1]!SWTEST(U28:U43) -> 0.40163319 | V56: =[1]!SWTEST(V28:V43) -> 0.12991354
A57: Normality test : normal distibution? | B57: =IF(B56>0.05,"Oui","Non") -> Oui | C57: =IF(C56>0.05,"Oui","Non") -> Non | D57: =IF(D56>0.05,"Oui","Non") -> Oui | E57: =IF(E56>0.05,"Oui","Non") -> Oui | F57: =IF(F56>0.05,"Oui","Non") -> Oui | G57: =IF(G56>0.05,"Oui","Non") -> Oui | H57: =IF(H56>0.05,"Oui","Non") -> Oui | I57: =IF(I56>0.05,"Oui","Non") -> Oui | ... M57: =IF(M56>0.05,"Oui","Non") -> Oui | O57: =IF(O56>0.05,"Oui","Non") -> Non | P57: =IF(P56>0.05,"Oui","Non") -> Oui | Q57: =IF(Q56>0.05,"Oui","Non") -> Oui | R57: =IF(R56>0.05,"Oui","Non") -> Oui | S57: =IF(S56>0.05,"Oui","Non") -> Oui | T57: =IF(T56>0.05,"Oui","Non") -> Oui | U57: =IF(U56>0.05,"Oui","Non") -> Oui | V57: =IF(V56>0.05,"Oui","Non") -> Oui
A59: Statistical test used | C59: =IF($B57="Non",IF(C57="Non","MW",IF(C57="Oui","MW","")),IF($B57="Oui",IF(C57="Oui","T-Test Welch",IF(C57="Non","MW","")))) -> MW | D59: =IF($B57="Non",IF(D57="Non","MW",IF(D57="Oui","MW","")),IF($B57="Oui",IF(D57="Oui","T-Test Welch",IF(D57="Non","MW","")))) -> T-Test Welch | E59: =IF($B57="Non",IF(E57="Non","MW",IF(E57="Oui","MW","")),IF($B57="Oui",IF(E57="Oui","T-Test Welch",IF(E57="Non","MW","")))) -> T-Test Welch | F59: =IF($B57="Non",IF(F57="Non","MW",IF(F57="Oui","MW","")),IF($B57="Oui",IF(F57="Oui","T-Test Welch",IF(F57="Non","MW","")))) -> T-Test Welch | G59: =IF($B57="Non",IF(G57="Non","MW",IF(G57="Oui","MW","")),IF($B57="Oui",IF(G57="Oui","T-Test Welch",IF(G57="Non","MW","")))) -> T-Test Welch | H59: =IF($B57="Non",IF(H57="Non","MW",IF(H57="Oui","MW","")),IF($B57="Oui",IF(H57="Oui","T-Test Welch",IF(H57="Non","MW","")))) -> T-Test Welch | I59: =IF($B57="Non",IF(I57="Non","MW",IF(I57="Oui","MW","")),IF($B57="Oui",IF(I57="Oui","T-Test Welch",IF(I57="Non","MW","")))) -> T-Test Welch | J59: =IF($B57="Non",IF(J57="Non","MW",IF(J57="Oui","MW","")),IF($B57="Oui",IF(J57="Oui","T-Test Welch",IF(J57="Non","MW","")))) -> MW | ... M59: =IF($B57="Non",IF(M57="Non","MW",IF(M57="Oui","MW","")),IF($B57="Oui",IF(M57="Oui","T-Test Welch",IF(M57="Non","MW","")))) -> T-Test Welch | O59: =IF($B57="Non",IF(O57="Non","MW",IF(O57="Oui","MW","")),IF($B57="Oui",IF(O57="Oui","T-Test Welch",IF(O57="Non","MW","")))) -> MW | P59: =IF($O57="Non",IF(P57="Non","MW",IF(P57="Oui","MW","")),IF($O57="Oui",IF(P57="Oui","T-Test Welch",IF(P57="Non","MW","")))) -> MW | Q59: =IF($O57="Non",IF(Q57="Non","MW",IF(Q57="Oui","MW","")),IF($O57="Oui",IF(Q57="Oui","T-Test Welch",IF(Q57="Non","MW","")))) -> MW | R59: =IF($O57="Non",IF(R57="Non","MW",IF(R57="Oui","MW","")),IF($O57="Oui",IF(R57="Oui","T-Test Welch",IF(R57="Non","MW","")))) -> MW | S59: =IF($O57="Non",IF(S57="Non","MW",IF(S57="Oui","MW","")),IF($O57="Oui",IF(S57="Oui","T-Test Welch",IF(S57="Non","MW","")))) -> MW | T59: =IF($O57="Non",IF(T57="Non","MW",IF(T57="Oui","MW","")),IF($O57="Oui",IF(T57="Oui","T-Test Welch",IF(T57="Non","MW","")))) -> MW | U59: =IF($O57="Non",IF(U57="Non","MW",IF(U57="Oui","MW","")),IF($O57="Oui",IF(U57="Oui","T-Test Welch",IF(U57="Non","MW","")))) -> MW | V59: =IF($O57="Non",IF(V57="Non","MW",IF(V57="Oui","MW","")),IF($O57="Oui",IF(V57="Oui","T-Test Welch",IF(V57="Non","MW","")))) -> MW
A60: Statistical test : p value | C60: =IF(C59="MW",[1]!MTEST($B28:$B43,C28:C43,2), IF(C59="T-Test Welch",_xlfn.T.TEST($B28:$B43,C28:C43,2,3),"")) -> 0.074203411 | D60: =IF(D59="MW",[1]!MTEST($B28:$B43,D28:D43,2), IF(D59="T-Test Welch",_xlfn.T.TEST($B28:$B43,D28:D43,2,3),"")) -> 0.0060669454 | E60: =IF(E59="MW",[1]!MTEST($B28:$B43,E28:E43,2), IF(E59="T-Test Welch",_xlfn.T.TEST($B28:$B43,E28:E43,2,3),"")) -> 0.0020093462 | F60: =IF(F59="MW",[1]!MTEST($B28:$B43,F28:F43,2), IF(F59="T-Test Welch",_xlfn.T.TEST($B28:$B43,F28:F43,2,3),"")) -> 0.0008905539 | G60: =IF(G59="MW",[1]!MTEST($B28:$B43,G28:G43,2), IF(G59="T-Test Welch",_xlfn.T.TEST($B28:$B43,G28:G43,2,3),"")) -> 2.5473822e-05 | H60: =IF(H59="MW",[1]!MTEST($B28:$B43,H28:H43,2), IF(H59="T-Test Welch",_xlfn.T.TEST($B28:$B43,H28:H43,2,3),"")) -> 5.5182778e-05 | I60: =IF(I59="MW",[1]!MTEST($B28:$B43,I28:I43,2), IF(I59="T-Test Welch",_xlfn.T.TEST($B28:$B43,I28:I43,2,3),"")) -> 0.18927393 | J60: =IF(J59="MW",[1]!MTEST($B28:$B43,J28:J43,2), IF(J59="T-Test Welch",_xlfn.T.TEST($B28:$B43,J28:J43,2,3),"")) -> 0.24715997 | ... M60: =IF(M59="MW",[1]!MTEST($B28:$B43,M28:M43,2), IF(M59="T-Test Welch",_xlfn.T.TEST($B28:$B43,M28:M43,2,3),"")) -> 0.0055669854 | O60: =IF(O59="MW",[1]!MTEST($B28:$B43,O28:O43,2), IF(O59="T-Test Welch",_xlfn.T.TEST($B28:$B43,O28:O43,2,3),"")) -> 0.0017895728 | P60: =IF(P59="MW",[1]!MTEST($O28:$O43,P28:P43,2), IF(P59="T-Test Welch",_xlfn.T.TEST($O28:$O43,P28:P43,2,3),"")) -> 0.00051200452 | Q60: =IF(Q59="MW",[1]!MTEST($O28:$O43,Q28:Q43,2), IF(Q59="T-Test Welch",_xlfn.T.TEST($O28:$O43,Q28:Q43,2,3),"")) -> 0.0040001432 | R60: =IF(R59="MW",[1]!MTEST($O28:$O43,R28:R43,2), IF(R59="T-Test Welch",_xlfn.T.TEST($O28:$O43,R28:R43,2,3),"")) -> 0.581541 | S60: =IF(S59="MW",[1]!MTEST($O28:$O43,S28:S43,2), IF(S59="T-Test Welch",_xlfn.T.TEST($O28:$O43,S28:S43,2,3),"")) -> 0.012048284 | T60: =IF(T59="MW",[1]!MTEST($O28:$O43,T28:T43,2), IF(T59="T-Test Welch",_xlfn.T.TEST($O28:$O43,T28:T43,2,3),"")) -> 0.0014508616 | U60: =IF(U59="MW",[1]!MTEST($O28:$O43,U28:U43,2), IF(U59="T-Test Welch",_xlfn.T.TEST($O28:$O43,U28:U43,2,3),"")) -> 0.00011434374 | V60: =IF(V59="MW",[1]!MTEST($O28:$O43,V28:V43,2), IF(V59="T-Test Welch",_xlfn.T.TEST($O28:$O43,V28:V43,2,3),"")) -> 0.00018736353
A61: Annotation | C61: =IF(C60>0.05,"NS",IF(C60>0.01,"*",IF(C60>0.001,"**","***"))) -> NS | D61: =IF(D60>0.05,"NS",IF(D60>0.01,"*",IF(D60>0.001,"**","***"))) -> ** | E61: =IF(E60>0.05,"NS",IF(E60>0.01,"*",IF(E60>0.001,"**","***"))) -> ** | F61: =IF(F60>0.05,"NS",IF(F60>0.01,"*",IF(F60>0.001,"**","***"))) -> *** | G61: =IF(G60>0.05,"NS",IF(G60>0.01,"*",IF(G60>0.001,"**","***"))) -> *** | H61: =IF(H60>0.05,"NS",IF(H60>0.01,"*",IF(H60>0.001,"**","***"))) -> *** | I61: =IF(I60>0.05,"NS",IF(I60>0.01,"*",IF(I60>0.001,"**","***"))) -> NS | J61: =IF(J60>0.05,"NS",IF(J60>0.01,"*",IF(J60>0.001,"**","***"))) -> NS | ... M61: =IF(M60>0.05,"NS",IF(M60>0.01,"*",IF(M60>0.001,"**","***"))) -> ** | O61: =IF(O60>0.05,"NS",IF(O60>0.01,"*",IF(O60>0.001,"**","***"))) -> ** | P61: =IF(P60>0.05,"NS",IF(P60>0.01,"*",IF(P60>0.001,"**","***"))) -> *** | Q61: =IF(Q60>0.05,"NS",IF(Q60>0.01,"*",IF(Q60>0.001,"**","***"))) -> ** | R61: =IF(R60>0.05,"NS",IF(R60>0.01,"*",IF(R60>0.001,"**","***"))) -> NS | S61: =IF(S60>0.05,"NS",IF(S60>0.01,"*",IF(S60>0.001,"**","***"))) -> * | T61: =IF(T60>0.05,"NS",IF(T60>0.01,"*",IF(T60>0.001,"**","***"))) -> ** | U61: =IF(U60>0.05,"NS",IF(U60>0.01,"*",IF(U60>0.001,"**","***"))) -> *** | V61: =IF(V60>0.05,"NS",IF(V60>0.01,"*",IF(V60>0.001,"**","***"))) -> ***

Sheet R3
A3: R3 | B3: Unspiked | O3: Testosterone spiked
A4: Group names | B4: ='Front page'!A7 -> Solvent control | C4: ='Front page'!A8 -> EE2-33.8ng/L | D4: ='Front page'!A9 -> EE2-50.6ng/L | E4: ='Front page'!A10 -> EE2-76ng/L | F4: ='Front page'!A11 -> EE2-114ng/L | G4: ='Front page'!A12 -> EE2-170.9ng/L | H4: ='Front page'!A13 -> EE2-488ng/L | I4: ='Front page'!A14 -> BPA-1mg/L | J4: ='Front page'!A15 -> BPA-2mg/L | K4: ='Front page'!A16 -> BPA-3mg/L | L4: ='Front page'!A17 -> BPA-4mg/L | M4: ='Front page'!A18 -> BPA-5mg/L | O4: ='Front page'!A35 -> Testo -30µg/L | P4: ='Front page'!A36 -> Testo 30µg/L + EE2 -64ng/L | Q4: ='Front page'!A37 -> Testo 30µg/L + FAD-10mg/L | R4: ='Front page'!A38 -> BPA-1mg/L + Testostérone | S4: ='Front page'!A39 -> BPA-2mg/L + Testostérone | T4: ='Front page'!A40 -> BPA-3mg/L + Testostérone | U4: ='Front page'!A41 -> BPA-4mg/L + Testostérone | V4: ='Front page'!A42 -> BPA-5mg/L + Testostérone
A5: Raw data | B5: 6911 | C5: 1648968 | D5: 445753 | E5: 5489152 | F5: 2827971 | G5: 4484880 | H5: 10694984 | I5: 128236 | J5: 86855 | K5: 327970 | L5: 257519 | M5: 5101983 | O5: 218391 | P5: 6590587 | Q5: 39988 | R5: 3998668 | S5: 4690088 | T5: 5361478 | U5: 6085711 | V5: 10627363
B6: 216594 | C6: 152137 | D6: 394912 | E6: 1364361 | F6: 3963432 | G6: 2022658 | H6: 9111769 | I6: 331674 | J6: 180000 | K6: 56716 | L6: 3479593 | M6: 4428339 | O6: 442182 | P6: 4992626 | Q6: 230269 | R6: 56335 | S6: 2390864 | T6: 4758370 | U6: 10555207 | V6: 7468181
B7: 406433 | C7: 260080 | D7: 2549385 | E7: 1375051 | F7: 6136127 | G7: 7239706 | H7: 8838133 | I7: 73917 | J7: 436004 | K7: 162338 | L7: 1780542 | M7: 1817260 | O7: 77842 | P7: 8264893 | Q7: 93765 | R7: 2190803 | S7: 3743230 | T7: 2761463 | U7: 4829283 | V7: 11339443
B8: 132138 | C8: 643147 | D8: 768008 | E8: 3105217 | F8: 6144825 | G8: 3428228 | H8: 7245433 | I8: 124630 | J8: 349787 | K8: 1073116 | L8: 454414 | M8: 2131036 | O8: 571078 | P8: 6090137 | Q8: 89197 | R8: 2908825 | S8: 3088549 | T8: 7366806 | U8: 6645220 | V8: 8794090
B9: 296339 | C9: 676651 | D9: 888575 | E9: 813487 | F9: 7017350 | G9: 1938409 | H9: 10500559 | I9: 82772 | J9: 811095 | K9: 173432 | L9: 187059 | M9: 1428169 | O9: 1485296 | P9: 4215322 | Q9: 336938 | R9: 2201276 | S9: 4877423 | T9: 5123669 | U9: 5773419 | V9: 7906172
B10: 37232 | C10: 224754 | D10: 1573807 | E10: 1154569 | F10: 2747901 | G10: 3895996 | H10: 4556952 | I10: 284475 | J10: 102173 | K10: 476976 | L10: 136486 | M10: 1217189 | O10: 553501 | P10: 2969960 | Q10: 66862 | R10: 3415238 | S10: 2254863 | T10: 2638681 | U10: 10482282 | V10: 4019764
B11: 148051 | C11: 309128 | D11: 2390513 | E11: 3504058 | F11: 5641961 | G11: 4625800 | H11: 7084399 | I11: 168423 | J11: 271209 | K11: 67930 | L11: 252776 | M11: 2649532 | O11: 309432 | P11: 5311357 | Q11: 10368 | R11: 5547527 | S11: 5227086 | T11: 3570985 | U11: 9791627 | V11: 7138129
B12: 177380 | C12: 177232 | E12: 2005353 | F12: 6816634 | G12: 6420797 | K12: 12408 | M12: 440929 | O12: 112509 | P12: 6219389 | Q12: 346761 | R12: 3347550 | S12: 3784047 | U12: 4913180 | V12: 4507671
O13: 6590587 | P13: 7377760
O14: 4992626
O15: 8264893
O16: 6090137
O17: 4215322
O18: 2969960
O19: 5311357
O20: 6219389
A22: =A4 -> Group names | B22: =B4 -> Solvent control | C22: =C4 -> EE2-33.8ng/L | D22: =D4 -> EE2-50.6ng/L | E22: =E4 -> EE2-76ng/L | F22: =F4 -> EE2-114ng/L | G22: =G4 -> EE2-170.9ng/L | H22: =H4 -> EE2-488ng/L | ... M22: =M4 -> BPA-5mg/L | N22: Noms des groupes | O22: =O4 -> Testo -30µg/L | P22: =P4 -> Testo 30µg/L + EE2 -64ng/L | Q22: =Q4 -> Testo 30µg/L + FAD-10mg/L | R22: =R4 -> BPA-1mg/L + Testostérone | S22: =S4 -> BPA-2mg/L + Testostérone | T22: =T4 -> BPA-3mg/L + Testostérone | U22: =U4 -> BPA-4mg/L + Testostérone | V22: =V4 -> BPA-5mg/L + Testostérone
A23: mean | B23: =AVERAGE(B5:B20) -> 177634.75 | C23: =AVERAGE(C5:C20) -> 511512.12 | D23: =AVERAGE(D5:D20) -> 1287279 | E23: =AVERAGE(E5:E20) -> 2351406 | F23: =AVERAGE(F5:F20) -> 5162025.1 | G23: =AVERAGE(G5:G20) -> 4257059.2 | H23: =AVERAGE(H5:H20) -> 8290318.4 | I23: =AVERAGE(I5:I20) -> 170589.57 | J23: =AVERAGE(J5:J20) -> 319589 | L23: =AVERAGE(L5:L20) -> 935484.14 | N23: mean | O23: =AVERAGE(O5:O20) -> 3026531.4 | P23: =AVERAGE(P5:P20) -> 5781336.8 | Q23: =AVERAGE(Q5:Q20) -> 151768.5 | R23: =AVERAGE(R5:R20) -> 2958277.8 | S23: =AVERAGE(S5:S20) -> 3757018.8 | T23: =AVERAGE(T5:T20) -> 4511636 | U23: =AVERAGE(U5:U20) -> 7384491.1 | V23: =AVERAGE(V5:V20) -> 7725101.6
A24: SD | B24: =STDEV(B5:B20) -> 130800.78 | C24: =STDEV(C5:C20) -> 502238.68 | D24: =STDEV(D5:D20) -> 896774.52 | E24: =STDEV(E5:E20) -> 1585072.4 | F24: =STDEV(F5:F20) -> 1733596.5 | G24: =STDEV(G5:G20) -> 1888000.9 | H24: =STDEV(H5:H20) -> 2165121.8 | I24: =STDEV(I5:I20) -> 99905.286 | J24: =STDEV(J5:J20) -> 251430.26 | L24: =STDEV(L5:L20) -> 1261104.4 | N24: SD | O24: =STDEV(O5:O20) -> 2873781.5 | P24: =STDEV(P5:P20) -> 1614695.8 | Q24: =STDEV(Q5:Q20) -> 133870.86 | R24: =STDEV(R5:R20) -> 1591618.9 | S24: =STDEV(S5:S20) -> 1124890.1 | T24: =STDEV(T5:T20) -> 1671605 | U24: =STDEV(U5:U20) -> 2475867 | V24: =STDEV(V5:V20) -> 2595436.6
B26: Unspiked | O26: Testosterone spiked
A27: =A4 -> Group names | B27: =B4 -> Solvent control | C27: =C4 -> EE2-33.8ng/L | D27: =D4 -> EE2-50.6ng/L | E27: =E4 -> EE2-76ng/L | F27: =F4 -> EE2-114ng/L | G27: =G4 -> EE2-170.9ng/L | H27: =H4 -> EE2-488ng/L | ... M27: =M4 -> BPA-5mg/L | O27: =O4 -> Testo -30µg/L | P27: =P4 -> Testo 30µg/L + EE2 -64ng/L | Q27: =Q4 -> Testo 30µg/L + FAD-10mg/L | R27: =R4 -> BPA-1mg/L + Testostérone | S27: =S4 -> BPA-2mg/L + Testostérone | T27: =T4 -> BPA-3mg/L + Testostérone | U27: =U4 -> BPA-4mg/L + Testostérone | V27: =V4 -> BPA-5mg/L + Testostérone
A28: Data normalised to the "Testo" group | B28: =IF(B5="","",(B5/$O$23)) -> 0.0022834721 | C28: =IF(C5="","",(C5/$O$23)) -> 0.54483757 | D28: =IF(D5="","",(D5/$O$23)) -> 0.1472818 | E28: =IF(E5="","",(E5/$O$23)) -> 1.8136775 | F28: =IF(F5="","",(F5/$O$23)) -> 0.93439342 | G28: =IF(G5="","",(G5/$O$23)) -> 1.4818548 | H28: =IF(H5="","",(H5/$O$23)) -> 3.533743 | I28: =IF(I5="","",(I5/$O$23)) -> 0.042370616 | ... M28: =IF(M5="","",(M5/$O$23)) -> 1.6857526 | O28: =IF(O5="","",(O5/$O$23)) -> 0.072158842 | P28: =IF(P5="","",(P5/$O$23)) -> 2.1776041 | Q28: =IF(Q5="","",(Q5/$O$23)) -> 0.013212485 | R28: =IF(R5="","",(R5/$O$23)) -> 1.3212049 | S28: =IF(S5="","",(S5/$O$23)) -> 1.5496578 | T28: =IF(T5="","",(T5/$O$23)) -> 1.7714926 | U28: =IF(U5="","",(U5/$O$23)) -> 2.0107873 | V28: =IF(V5="","",(V5/$O$23)) -> 3.5114002
B29: =IF(B6="","",(B6/$O$23)) -> 0.071565093 | C29: =IF(C6="","",(C6/$O$23)) -> 0.050267776 | D29: =IF(D6="","",(D6/$O$23)) -> 0.13048337 | E29: =IF(E6="","",(E6/$O$23)) -> 0.45080022 | F29: =IF(F6="","",(F6/$O$23)) -> 1.3095625 | G29: =IF(G6="","",(G6/$O$23)) -> 0.66830895 | H29: =IF(H6="","",(H6/$O$23)) -> 3.0106309 | I29: =IF(I6="","",(I6/$O$23)) -> 0.10958882 | ... M29: =IF(M6="","",(M6/$O$23)) -> 1.463173 | O29: =IF(O6="","",(O6/$O$23)) -> 0.14610191 | P29: =IF(P6="","",(P6/$O$23)) -> 1.6496198 | Q29: =IF(Q6="","",(Q6/$O$23)) -> 0.076083467 | R29: =IF(R6="","",(R6/$O$23)) -> 0.018613717 | S29: =IF(S6="","",(S6/$O$23)) -> 0.78996835 | T29: =IF(T6="","",(T6/$O$23)) -> 1.572219 | U29: =IF(U6="","",(U6/$O$23)) -> 3.4875591 | V29: =IF(V6="","",(V6/$O$23)) -> 2.467571
B30: =IF(B7="","",(B7/$O$23)) -> 0.13429003 | C30: =IF(C7="","",(C7/$O$23)) -> 0.085933357 | D30: =IF(D7="","",(D7/$O$23)) -> 0.84234547 | E30: =IF(E7="","",(E7/$O$23)) -> 0.45433231 | F30: =IF(F7="","",(F7/$O$23)) -> 2.0274454 | G30: =IF(G7="","",(G7/$O$23)) -> 2.3920803 | H30: =IF(H7="","",(H7/$O$23)) -> 2.9202185 | I30: =IF(I7="","",(I7/$O$23)) -> 0.024423008 | ... M30: =IF(M7="","",(M7/$O$23)) -> 0.60044314 | O30: =IF(O7="","",(O7/$O$23)) -> 0.025719872 | P30: =IF(P7="","",(P7/$O$23)) -> 2.7308136 | Q30: =IF(Q7="","",(Q7/$O$23)) -> 0.03098101 | R30: =IF(R7="","",(R7/$O$23)) -> 0.72386595 | S30: =IF(S7="","",(S7/$O$23)) -> 1.2368053 | T30: =IF(T7="","",(T7/$O$23)) -> 0.91241843 | U30: =IF(U7="","",(U7/$O$23)) -> 1.5956494 | V30: =IF(V7="","",(V7/$O$23)) -> 3.7466795
B31: =IF(B8="","",(B8/$O$23)) -> 0.043659881 | C31: =IF(C8="","",(C8/$O$23)) -> 0.212503 | D31: =IF(D8="","",(D8/$O$23)) -> 0.25375848 | E31: =IF(E8="","",(E8/$O$23)) -> 1.0259986 | F31: =IF(F8="","",(F8/$O$23)) -> 2.0303193 | G31: =IF(G8="","",(G8/$O$23)) -> 1.1327251 | H31: =IF(H8="","",(H8/$O$23)) -> 2.3939725 | I31: =IF(I8="","",(I8/$O$23)) -> 0.041179153 | ... M31: =IF(M8="","",(M8/$O$23)) -> 0.70411826 | O31: =IF(O8="","",(O8/$O$23)) -> 0.18869059 | P31: =IF(P8="","",(P8/$O$23)) -> 2.0122497 | Q31: =IF(Q8="","",(Q8/$O$23)) -> 0.029471692 | R31: =IF(R8="","",(R8/$O$23)) -> 0.96110849 | S31: =IF(S8="","",(S8/$O$23)) -> 1.0204913 | T31: =IF(T8="","",(T8/$O$23)) -> 2.4340755 | U31: =IF(U8="","",(U8/$O$23)) -> 2.1956554 | V31: =IF(V8="","",(V8/$O$23)) -> 2.9056662
B32: =IF(B9="","",(B9/$O$23)) -> 0.097913738 | C32: =IF(C9="","",(C9/$O$23)) -> 0.2235731 | D32: =IF(D9="","",(D9/$O$23)) -> 0.29359517 | E32: =IF(E9="","",(E9/$O$23)) -> 0.26878525 | F32: =IF(F9="","",(F9/$O$23)) -> 2.3186114 | G32: =IF(G9="","",(G9/$O$23)) -> 0.64047213 | H32: =IF(H9="","",(H9/$O$23)) -> 3.4695028 | I32: =IF(I9="","",(I9/$O$23)) -> 0.0273488 | ... M32: =IF(M9="","",(M9/$O$23)) -> 0.4718831 | O32: =IF(O9="","",(O9/$O$23)) -> 0.4907585 | P32: =IF(P9="","",(P9/$O$23)) -> 1.3927898 | Q32: =IF(Q9="","",(Q9/$O$23)) -> 0.1113281 | R32: =IF(R9="","",(R9/$O$23)) -> 0.72732634 | S32: =IF(S9="","",(S9/$O$23)) -> 1.6115554 | T32: =IF(T9="","",(T9/$O$23)) -> 1.6929179 | U32: =IF(U9="","",(U9/$O$23)) -> 1.9076026 | V32: =IF(V9="","",(V9/$O$23)) -> 2.6122881
B33: =IF(B10="","",(B10/$O$23)) -> 0.012301871 | C33: =IF(C10="","",(C10/$O$23)) -> 0.074261249 | D33: =IF(D10="","",(D10/$O$23)) -> 0.52000353 | E33: =IF(E10="","",(E10/$O$23)) -> 0.38148258 | F33: =IF(F10="","",(F10/$O$23)) -> 0.90793739 | G33: =IF(G10="","",(G10/$O$23)) -> 1.2872809 | H33: =IF(H10="","",(H10/$O$23)) -> 1.5056682 | I33: =IF(I10="","",(I10/$O$23)) -> 0.093993739 | ... M33: =IF(M10="","",(M10/$O$23)) -> 0.40217293 | O33: =IF(O10="","",(O10/$O$23)) -> 0.18288295 | P33: =IF(P10="","",(P10/$O$23)) -> 0.98130818 | Q33: =IF(Q10="","",(Q10/$O$23)) -> 0.022091957 | R33: =IF(R10="","",(R10/$O$23)) -> 1.128433 | S33: =IF(S10="","",(S10/$O$23)) -> 0.74503209 | T33: =IF(T10="","",(T10/$O$23)) -> 0.87184987 | U33: =IF(U10="","",(U10/$O$23)) -> 3.4634638 | V33: =IF(V10="","",(V10/$O$23)) -> 1.3281752
B34: =IF(B11="","",(B11/$O$23)) -> 0.048917715 | C34: =IF(C11="","",(C11/$O$23)) -> 0.10213937 | D34: =IF(D11="","",(D11/$O$23)) -> 0.78985238 | E34: =IF(E11="","",(E11/$O$23)) -> 1.1577802 | F34: =IF(F11="","",(F11/$O$23)) -> 1.8641674 | G34: =IF(G11="","",(G11/$O$23)) -> 1.5284163 | H34: =IF(H11="","",(H11/$O$23)) -> 2.3407651 | I34: =IF(I11="","",(I11/$O$23)) -> 0.055648853 | ... M34: =IF(M11="","",(M11/$O$23)) -> 0.87543517 | O34: =IF(O11="","",(O11/$O$23)) -> 0.10223981 | P34: =IF(P11="","",(P11/$O$23)) -> 1.7549321 | Q34: =IF(Q11="","",(Q11/$O$23)) -> 0.0034257038 | R34: =IF(R11="","",(R11/$O$23)) -> 1.8329653 | S34: =IF(S11="","",(S11/$O$23)) -> 1.727088 | T34: =IF(T11="","",(T11/$O$23)) -> 1.1798936 | U34: =IF(U11="","",(U11/$O$23)) -> 3.2352637 | V34: =IF(V11="","",(V11/$O$23)) -> 2.3585181
B35: =IF(B12="","",(B12/$O$23)) -> 0.058608347 | C35: =IF(C12="","",(C12/$O$23)) -> 0.058559446 | D35: =IF(D12="","",(D12/$O$23)) | E35: =IF(E12="","",(E12/$O$23)) -> 0.66259118 | F35: =IF(F12="","",(F12/$O$23)) -> 2.2522925 | G35: =IF(G12="","",(G12/$O$23)) -> 2.1215035 | H35: =IF(H12="","",(H12/$O$23)) | I35: =IF(I12="","",(I12/$O$23)) | ... M35: =IF(M12="","",(M12/$O$23)) -> 0.1456879 | O35: =IF(O12="","",(O12/$O$23)) -> 0.037174239 | P35: =IF(P12="","",(P12/$O$23)) -> 2.0549561 | Q35: =IF(Q12="","",(Q12/$O$23)) -> 0.11457373 | R35: =IF(R12="","",(R12/$O$23)) -> 1.1060682 | S35: =IF(S12="","",(S12/$O$23)) -> 1.2502917 | T35: =IF(T12="","",(T12/$O$23)) | U35: =IF(U12="","",(U12/$O$23)) -> 1.6233699 | V35: =IF(V12="","",(V12/$O$23)) -> 1.4893852
B36: =IF(B13="","",(B13/$O$23)) | C36: =IF(C13="","",(C13/$O$23)) | D36: =IF(D13="","",(D13/$O$23)) | E36: =IF(E13="","",(E13/$O$23)) | F36: =IF(F13="","",(F13/$O$23)) | G36: =IF(G13="","",(G13/$O$23)) | H36: =IF(H13="","",(H13/$O$23)) | I36: =IF(I13="","",(I13/$O$23)) | ... M36: =IF(M13="","",(M13/$O$23)) | O36: =IF(O13="","",(O13/$O$23)) -> 2.1776041 | P36: =IF(P13="","",(P13/$O$23)) -> 2.4376949 | Q36: =IF(Q13="","",(Q13/$O$23)) | R36: =IF(R13="","",(R13/$O$23)) | S36: =IF(S13="","",(S13/$O$23)) | T36: =IF(T13="","",(T13/$O$23)) | U36: =IF(U13="","",(U13/$O$23)) | V36: =IF(V13="","",(V13/$O$23))
B37: =IF(B14="","",(B14/$O$23)) | C37: =IF(C14="","",(C14/$O$23)) | D37: =IF(D14="","",(D14/$O$23)) | E37: =IF(E14="","",(E14/$O$23)) | F37: =IF(F14="","",(F14/$O$23)) | G37: =IF(G14="","",(G14/$O$23)) | H37: =IF(H14="","",(H14/$O$23)) | I37: =IF(I14="","",(I14/$O$23)) | ... M37: =IF(M14="","",(M14/$O$23)) | O37: =IF(O14="","",(O14/$O$23)) -> 1.6496198 | P37: =IF(P14="","",(P14/$O$23)) | Q37: =IF(Q14="","",(Q14/$O$23)) | R37: =IF(R14="","",(R14/$O$23)) | S37: =IF(S14="","",(S14/$O$23)) | T37: =IF(T14="","",(T14/$O$23)) | U37: =IF(U14="","",(U14/$O$23)) | V37: =IF(V14="","",(V14/$O$23))
B38: =IF(B15="","",(B15/$O$23)) | C38: =IF(C15="","",(C15/$O$23)) | D38: =IF(D15="","",(D15/$O$23)) | E38: =IF(E15="","",(E15/$O$23)) | F38: =IF(F15="","",(F15/$O$23)) | G38: =IF(G15="","",(G15/$O$23)) | H38: =IF(H15="","",(H15/$O$23)) | I38: =IF(I15="","",(I15/$O$23)) | ... M38: =IF(M15="","",(M15/$O$23)) | O38: =IF(O15="","",(O15/$O$23)) -> 2.7308136 | P38: =IF(P15="","",(P15/$O$23)) | Q38: =IF(Q15="","",(Q15/$O$23)) | R38: =IF(R15="","",(R15/$O$23)) | S38: =IF(S15="","",(S15/$O$23)) | T38: =IF(T15="","",(T15/$O$23)) | U38: =IF(U15="","",(U15/$O$23)) | V38: =IF(V15="","",(V15/$O$23))
B39: =IF(B16="","",(B16/$O$23)) | C39: =IF(C16="","",(C16/$O$23)) | D39: =IF(D16="","",(D16/$O$23)) | E39: =IF(E16="","",(E16/$O$23)) | F39: =IF(F16="","",(F16/$O$23)) | G39: =IF(G16="","",(G16/$O$23)) | H39: =IF(H16="","",(H16/$O$23)) | I39: =IF(I16="","",(I16/$O$23)) | ... M39: =IF(M16="","",(M16/$O$23)) | O39: =IF(O16="","",(O16/$O$23)) -> 2.0122497 | P39: =IF(P16="","",(P16/$O$23)) | Q39: =IF(Q16="","",(Q16/$O$23)) | R39: =IF(R16="","",(R16/$O$23)) | S39: =IF(S16="","",(S16/$O$23)) | T39: =IF(T16="","",(T16/$O$23)) | U39: =IF(U16="","",(U16/$O$23)) | V39: =IF(V16="","",(V16/$O$23))
B40: =IF(B17="","",(B17/$O$23)) | C40: =IF(C17="","",(C17/$O$23)) | D40: =IF(D17="","",(D17/$O$23)) | E40: =IF(E17="","",(E17/$O$23)) | F40: =IF(F17="","",(F17/$O$23)) | G40: =IF(G17="","",(G17/$O$23)) | H40: =IF(H17="","",(H17/$O$23)) | I40: =IF(I17="","",(I17/$O$23)) | ... M40: =IF(M17="","",(M17/$O$23)) | O40: =IF(O17="","",(O17/$O$23)) -> 1.3927898 | P40: =IF(P17="","",(P17/$O$23)) | Q40: =IF(Q17="","",(Q17/$O$23)) | R40: =IF(R17="","",(R17/$O$23)) | S40: =IF(S17="","",(S17/$O$23)) | T40: =IF(T17="","",(T17/$O$23)) | U40: =IF(U17="","",(U17/$O$23)) | V40: =IF(V17="","",(V17/$O$23))
... B43: =IF(B20="","",(B20/$O$23)) | C43: =IF(C20="","",(C20/$O$23)) | D43: =IF(D20="","",(D20/$O$23)) | E43: =IF(E20="","",(E20/$O$23)) | F43: =IF(F20="","",(F20/$O$23)) | G43: =IF(G20="","",(G20/$O$23)) | H43: =IF(H20="","",(H20/$O$23)) | I43: =IF(I20="","",(I20/$O$23)) | ... M43: =IF(M20="","",(M20/$O$23)) | O43: =IF(O20="","",(O20/$O$23)) -> 2.0549561 | P43: =IF(P20="","",(P20/$O$23)) | Q43: =IF(Q20="","",(Q20/$O$23)) | R43: =IF(R20="","",(R20/$O$23)) | S43: =IF(S20="","",(S20/$O$23)) | T43: =IF(T20="","",(T20/$O$23)) | U43: =IF(U20="","",(U20/$O$23)) | V43: =IF(V20="","",(V20/$O$23))
A45: =A4 -> Group names | B45: =B4 -> Solvent control | C45: =C4 -> EE2-33.8ng/L | D45: =D4 -> EE2-50.6ng/L | E45: =E4 -> EE2-76ng/L | F45: =F4 -> EE2-114ng/L | G45: =G4 -> EE2-170.9ng/L | H45: =H4 -> EE2-488ng/L | ... M45: =M4 -> BPA-5mg/L | O45: =O4 -> Testo -30µg/L | P45: =P4 -> Testo 30µg/L + EE2 -64ng/L | Q45: =Q4 -> Testo 30µg/L + FAD-10mg/L | R45: =R4 -> BPA-1mg/L + Testostérone | S45: =S4 -> BPA-2mg/L + Testostérone | T45: =T4 -> BPA-3mg/L + Testostérone | U45: =U4 -> BPA-4mg/L + Testostérone | V45: =V4 -> BPA-5mg/L + Testostérone
A46: mean | B46: =AVERAGE(B28:B43) -> 0.058692519 | C46: =AVERAGE(C28:C43) -> 0.16900936 | D46: =AVERAGE(D28:D43) -> 0.42533146 | E46: =AVERAGE(E28:E43) -> 0.77693098 | F46: =AVERAGE(F28:F43) -> 1.7055911 | G46: =AVERAGE(G28:G43) -> 1.4065802 | H46: =AVERAGE(H28:H43) -> 2.7392144 | I46: =AVERAGE(I28:I43) -> 0.056364713 | ... M46: =AVERAGE(M28:M43) -> 0.79358326 | N46: mean | O46: =AVERAGE(O28:O43) -> 1 | P46: =AVERAGE(P28:P43) -> 1.9102187 | Q46: =AVERAGE(Q28:Q43) -> 0.050146019 | R46: =AVERAGE(R28:R43) -> 0.97744823 | S46: =AVERAGE(S28:S43) -> 1.2413612 | T46: =AVERAGE(T28:T43) -> 1.4906953 | U46: =AVERAGE(U28:U43) -> 2.4399189 | V46: =AVERAGE(V28:V43) -> 2.5524604
A47: SD | B47: =STDEV(B28:B43) -> 0.043218049 | C47: =STDEV(C28:C43) -> 0.16594531 | D47: =STDEV(D28:D43) -> 0.29630439 | E47: =STDEV(E28:E43) -> 0.52372573 | F47: =STDEV(F28:F43) -> 0.57279979 | G47: =STDEV(G28:G43) -> 0.62381671 | H47: =STDEV(H28:H43) -> 0.71538058 | I47: =STDEV(I28:I43) -> 0.03300983 | ... M47: =STDEV(M28:M43) -> 0.53087323 | N47: SD | O47: =STDEV(O28:O43) -> 0.94952972 | P47: =STDEV(P28:P43) -> 0.53351364 | Q47: =STDEV(Q28:Q43) -> 0.044232436 | R47: =STDEV(R28:R43) -> 0.52588879 | S47: =STDEV(S28:S43) -> 0.37167635 | T47: =STDEV(T28:T43) -> 0.55231709 | U47: =STDEV(U28:U43) -> 0.81805431 | V47: =STDEV(V28:V43) -> 0.85756145
A48: SEM | B48: =B47/SQRT(COUNT(B28:B43)) -> 0.015279888 | C48: =C47/SQRT(COUNT(C28:C43)) -> 0.058670526 | D48: =D47/SQRT(COUNT(D28:D43)) -> 0.11199253 | E48: =E47/SQRT(COUNT(E28:E43)) -> 0.18516501 | F48: =F47/SQRT(COUNT(F28:F43)) -> 0.20251531 | G48: =G47/SQRT(COUNT(G28:G43)) -> 0.22055251 | H48: =H47/SQRT(COUNT(H28:H43)) -> 0.27038844 | I48: =I47/SQRT(COUNT(I28:I43)) -> 0.012476543 | ... M48: =M47/SQRT(COUNT(M28:M43)) -> 0.18769203 | N48: SEM | O48: =O47/SQRT(COUNT(O28:O43)) -> 0.23738243 | P48: =P47/SQRT(COUNT(P28:P43)) -> 0.17783788 | Q48: =Q47/SQRT(COUNT(Q28:Q43)) -> 0.015638528 | R48: =R47/SQRT(COUNT(R28:R43)) -> 0.18592976 | S48: =S47/SQRT(COUNT(S28:S43)) -> 0.13140743 | T48: =T47/SQRT(COUNT(T28:T43)) -> 0.20875624 | U48: =U47/SQRT(COUNT(U28:U43)) -> 0.28922587 | V48: =V47/SQRT(COUNT(V28:V43)) -> 0.30319376
A52: =A27 -> Group names | B52: =B27 -> Solvent control | C52: =C27 -> EE2-33.8ng/L | D52: =D27 -> EE2-50.6ng/L | E52: =E27 -> EE2-76ng/L | F52: =F27 -> EE2-114ng/L | G52: =G27 -> EE2-170.9ng/L | H52: =H27 -> EE2-488ng/L | I52: =I4 -> BPA-1mg/L | J52: =J4 -> BPA-2mg/L | K52: =K4 -> BPA-3mg/L | L52: =L4 -> BPA-4mg/L | M52: =M4 -> BPA-5mg/L | O52: =O27 -> Testo -30µg/L | P52: =P27 -> Testo 30µg/L + EE2 -64ng/L | Q52: =Q27 -> Testo 30µg/L + FAD-10mg/L | R52: =R27 -> BPA-1mg/L + Testostérone | S52: =S27 -> BPA-2mg/L + Testostérone | T52: =T27 -> BPA-3mg/L + Testostérone | U52: =U27 -> BPA-4mg/L + Testostérone | V52: =V27 -> BPA-5mg/L + Testostérone
A53: Mean | B53: =B46 -> 0.058692519 | C53: =C46 -> 0.16900936 | D53: =D46 -> 0.42533146 | E53: =E46 -> 0.77693098 | F53: =F46 -> 1.7055911 | G53: =G46 -> 1.4065802 | H53: =H46 -> 2.7392144 | I53: =I46 -> 0.056364713 | ... M53: =M46 -> 0.79358326 | O53: =O46 -> 1 | P53: =P46 -> 1.9102187 | Q53: =Q46 -> 0.050146019 | R53: =R46 -> 0.97744823 | S53: =S46 -> 1.2413612 | T53: =T46 -> 1.4906953 | U53: =U46 -> 2.4399189 | V53: =V46 -> 2.5524604
A54: SEM | B54: =B48 -> 0.015279888 | C54: =C48 -> 0.058670526 | D54: =D48 -> 0.11199253 | E54: =E48 -> 0.18516501 | F54: =F48 -> 0.20251531 | G54: =G48 -> 0.22055251 | H54: =H48 -> 0.27038844 | I54: =I48 -> 0.012476543 | ... M54: =M48 -> 0.18769203 | O54: =O48 -> 0.23738243 | P54: =P48 -> 0.17783788 | Q54: =Q48 -> 0.015638528 | R54: =R48 -> 0.18592976 | S54: =S48 -> 0.13140743 | T54: =T48 -> 0.20875624 | U54: =U48 -> 0.28922587 | V54: =V48 -> 0.30319376
A55: % induction | B55: =(B53*100/$B53)-100 -> 0 | C55: =(C53*100/$B53)-100 -> 187.95724 | D55: =(D53*100/$B53)-100 -> 624.67746 | E55: =(E53*100/$B53)-100 -> 1223.7309 | F55: =(F53*100/$B53)-100 -> 2805.9771 | G55: =(G53*100/$B53)-100 -> 2296.5239 | H55: =(H53*100/$B53)-100 -> 4567.0589 | I55: =(I53*100/$B53)-100 -> -3.9661038 | ... M55: =(M53*100/$B53)-100 -> 1252.1029 | O55: =(O53*100/$O53)-100 -> 0 | P55: =(P53*100/$O53)-100 -> 91.021868 | Q55: =(Q53*100/$O53)-100 -> -94.985398 | R55: =(R53*100/$O53)-100 -> -2.2551765 | S55: =(S53*100/$O53)-100 -> 24.136124 | T55: =(T53*100/$O53)-100 -> 49.069527 | U55: =(U53*100/$O53)-100 -> 143.99189 | V55: =(V53*100/$O53)-100 -> 155.24604
A56: Normality test : p value | B56: =[1]!SWTEST(B28:B43) -> 0.86514005 | C56: =[1]!SWTEST(C28:C43) -> 0.0056543955 | D56: =[1]!SWTEST(D28:D43) -> 0.17511245 | E56: =[1]!SWTEST(E28:E43) -> 0.15228459 | F56: =[1]!SWTEST(F28:F43) -> 0.12153071 | G56: =[1]!SWTEST(G28:G43) -> 0.60617145 | H56: =[1]!SWTEST(H28:H43) -> 0.57829904 | I56: =[1]!SWTEST(I28:I43) -> 0.17599745 | ... M56: =[1]!SWTEST(M28:M43) -> 0.39489898 | O56: =[1]!SWTEST(O28:O43) -> 0.017044794 | P56: =[1]!SWTEST(P28:P43) -> 0.99682605 | Q56: =[1]!SWTEST(Q28:Q43) -> 0.092873931 | R56: =[1]!SWTEST(R28:R43) -> 0.83517824 | S56: =[1]!SWTEST(S28:S43) -> 0.50150172 | T56: =[1]!SWTEST(T28:T43) -> 0.56883524 | U56: =[1]!SWTEST(U28:U43) -> 0.056839479 | V56: =[1]!SWTEST(V28:V43) -> 0.67186515
A57: Normality test : normal distibution? | B57: =IF(B56>0.05,"Oui","Non") -> Oui | C57: =IF(C56>0.05,"Oui","Non") -> Non | D57: =IF(D56>0.05,"Oui","Non") -> Oui | E57: =IF(E56>0.05,"Oui","Non") -> Oui | F57: =IF(F56>0.05,"Oui","Non") -> Oui | G57: =IF(G56>0.05,"Oui","Non") -> Oui | H57: =IF(H56>0.05,"Oui","Non") -> Oui | I57: =IF(I56>0.05,"Oui","Non") -> Oui | ... M57: =IF(M56>0.05,"Oui","Non") -> Oui | O57: =IF(O56>0.05,"Oui","Non") -> Non | P57: =IF(P56>0.05,"Oui","Non") -> Oui | Q57: =IF(Q56>0.05,"Oui","Non") -> Oui | R57: =IF(R56>0.05,"Oui","Non") -> Oui | S57: =IF(S56>0.05,"Oui","Non") -> Oui | T57: =IF(T56>0.05,"Oui","Non") -> Oui | U57: =IF(U56>0.05,"Oui","Non") -> Oui | V57: =IF(V56>0.05,"Oui","Non") -> Oui
A59: Statistical test used | C59: =IF($B57="Non",IF(C57="Non","MW",IF(C57="Oui","MW","")),IF($B57="Oui",IF(C57="Oui","T-Test Welch",IF(C57="Non","MW","")))) -> MW | D59: =IF($B57="Non",IF(D57="Non","MW",IF(D57="Oui","MW","")),IF($B57="Oui",IF(D57="Oui","T-Test Welch",IF(D57="Non","MW","")))) -> T-Test Welch | E59: =IF($B57="Non",IF(E57="Non","MW",IF(E57="Oui","MW","")),IF($B57="Oui",IF(E57="Oui","T-Test Welch",IF(E57="Non","MW","")))) -> T-Test Welch | F59: =IF($B57="Non",IF(F57="Non","MW",IF(F57="Oui","MW","")),IF($B57="Oui",IF(F57="Oui","T-Test Welch",IF(F57="Non","MW","")))) -> T-Test Welch | G59: =IF($B57="Non",IF(G57="Non","MW",IF(G57="Oui","MW","")),IF($B57="Oui",IF(G57="Oui","T-Test Welch",IF(G57="Non","MW","")))) -> T-Test Welch | H59: =IF($B57="Non",IF(H57="Non","MW",IF(H57="Oui","MW","")),IF($B57="Oui",IF(H57="Oui","T-Test Welch",IF(H57="Non","MW","")))) -> T-Test Welch | I59: =IF($B57="Non",IF(I57="Non","MW",IF(I57="Oui","MW","")),IF($B57="Oui",IF(I57="Oui","T-Test Welch",IF(I57="Non","MW","")))) -> T-Test Welch | J59: =IF($B57="Non",IF(J57="Non","MW",IF(J57="Oui","MW","")),IF($B57="Oui",IF(J57="Oui","T-Test Welch",IF(J57="Non","MW","")))) -> T-Test Welch | ... M59: =IF($B57="Non",IF(M57="Non","MW",IF(M57="Oui","MW","")),IF($B57="Oui",IF(M57="Oui","T-Test Welch",IF(M57="Non","MW","")))) -> T-Test Welch | O59: =IF($B57="Non",IF(O57="Non","MW",IF(O57="Oui","MW","")),IF($B57="Oui",IF(O57="Oui","T-Test Welch",IF(O57="Non","MW","")))) -> MW | P59: =IF($O57="Non",IF(P57="Non","MW",IF(P57="Oui","MW","")),IF($O57="Oui",IF(P57="Oui","T-Test Welch",IF(P57="Non","MW","")))) -> MW | Q59: =IF($O57="Non",IF(Q57="Non","MW",IF(Q57="Oui","MW","")),IF($O57="Oui",IF(Q57="Oui","T-Test Welch",IF(Q57="Non","MW","")))) -> MW | R59: =IF($O57="Non",IF(R57="Non","MW",IF(R57="Oui","MW","")),IF($O57="Oui",IF(R57="Oui","T-Test Welch",IF(R57="Non","MW","")))) -> MW | S59: =IF($O57="Non",IF(S57="Non","MW",IF(S57="Oui","MW","")),IF($O57="Oui",IF(S57="Oui","T-Test Welch",IF(S57="Non","MW","")))) -> MW | T59: =IF($O57="Non",IF(T57="Non","MW",IF(T57="Oui","MW","")),IF($O57="Oui",IF(T57="Oui","T-Test Welch",IF(T57="Non","MW","")))) -> MW | U59: =IF($O57="Non",IF(U57="Non","MW",IF(U57="Oui","MW","")),IF($O57="Oui",IF(U57="Oui","T-Test Welch",IF(U57="Non","MW","")))) -> MW | V59: =IF($O57="Non",IF(V57="Non","MW",IF(V57="Oui","MW","")),IF($O57="Oui",IF(V57="Oui","T-Test Welch",IF(V57="Non","MW","")))) -> MW
A60: Statistical test : p value | C60: =IF(C59="MW",[1]!MTEST($B28:$B43,C28:C43,2), IF(C59="T-Test Welch",_xlfn.T.TEST($B28:$B43,C28:C43,2,3),"")) -> 0.045999367 | D60: =IF(D59="MW",[1]!MTEST($B28:$B43,D28:D43,2), IF(D59="T-Test Welch",_xlfn.T.TEST($B28:$B43,D28:D43,2,3),"")) -> 0.016715833 | E60: =IF(E59="MW",[1]!MTEST($B28:$B43,E28:E43,2), IF(E59="T-Test Welch",_xlfn.T.TEST($B28:$B43,E28:E43,2,3),"")) -> 0.0060065052 | F60: =IF(F59="MW",[1]!MTEST($B28:$B43,F28:F43,2), IF(F59="T-Test Welch",_xlfn.T.TEST($B28:$B43,F28:F43,2,3),"")) -> 7.8571905e-05 | G60: =IF(G59="MW",[1]!MTEST($B28:$B43,G28:G43,2), IF(G59="T-Test Welch",_xlfn.T.TEST($B28:$B43,G28:G43,2,3),"")) -> 0.0004746317 | H60: =IF(H59="MW",[1]!MTEST($B28:$B43,H28:H43,2), IF(H59="T-Test Welch",_xlfn.T.TEST($B28:$B43,H28:H43,2,3),"")) -> 5.9045222e-05 | I60: =IF(I59="MW",[1]!MTEST($B28:$B43,I28:I43,2), IF(I59="T-Test Welch",_xlfn.T.TEST($B28:$B43,I28:I43,2,3),"")) -> 0.90789593 | J60: =IF(J59="MW",[1]!MTEST($B28:$B43,J28:J43,2), IF(J59="T-Test Welch",_xlfn.T.TEST($B28:$B43,J28:J43,2,3),"")) -> 0.21298854 | ... M60: =IF(M59="MW",[1]!MTEST($B28:$B43,M28:M43,2), IF(M59="T-Test Welch",_xlfn.T.TEST($B28:$B43,M28:M43,2,3),"")) -> 0.005729985 | O60: =IF(O59="MW",[1]!MTEST($B28:$B43,O28:O43,2), IF(O59="T-Test Welch",_xlfn.T.TEST($B28:$B43,O28:O43,2,3),"")) -> 0.002694262 | P60: =IF(P59="MW",[1]!MTEST($O28:$O43,P28:P43,2), IF(P59="T-Test Welch",_xlfn.T.TEST($O28:$O43,P28:P43,2,3),"")) -> 0.027248441 | Q60: =IF(Q59="MW",[1]!MTEST($O28:$O43,Q28:Q43,2), IF(Q59="T-Test Welch",_xlfn.T.TEST($O28:$O43,Q28:Q43,2,3),"")) -> 0.0017895728 | R60: =IF(R59="MW",[1]!MTEST($O28:$O43,R28:R43,2), IF(R59="T-Test Welch",_xlfn.T.TEST($O28:$O43,R28:R43,2,3),"")) -> 0.95117027 | S60: =IF(S59="MW",[1]!MTEST($O28:$O43,S28:S43,2), IF(S59="T-Test Welch",_xlfn.T.TEST($O28:$O43,S28:S43,2,3),"")) -> 0.54029137 | T60: =IF(T59="MW",[1]!MTEST($O28:$O43,T28:T43,2), IF(T59="T-Test Welch",_xlfn.T.TEST($O28:$O43,T28:T43,2,3),"")) -> 0.25601504 | U60: =IF(U59="MW",[1]!MTEST($O28:$O43,U28:U43,2), IF(U59="T-Test Welch",_xlfn.T.TEST($O28:$O43,U28:U43,2,3),"")) -> 0.0084584156 | V60: =IF(V59="MW",[1]!MTEST($O28:$O43,V28:V43,2), IF(V59="T-Test Welch",_xlfn.T.TEST($O28:$O43,V28:V43,2,3),"")) -> 0.0032886143
A61: Annotation | C61: =IF(C60>0.05,"NS",IF(C60>0.01,"*",IF(C60>0.001,"**","***"))) -> * | D61: =IF(D60>0.05,"NS",IF(D60>0.01,"*",IF(D60>0.001,"**","***"))) -> * | E61: =IF(E60>0.05,"NS",IF(E60>0.01,"*",IF(E60>0.001,"**","***"))) -> ** | F61: =IF(F60>0.05,"NS",IF(F60>0.01,"*",IF(F60>0.001,"**","***"))) -> *** | G61: =IF(G60>0.05,"NS",IF(G60>0.01,"*",IF(G60>0.001,"**","***"))) -> *** | H61: =IF(H60>0.05,"NS",IF(H60>0.01,"*",IF(H60>0.001,"**","***"))) -> *** | I61: =IF(I60>0.05,"NS",IF(I60>0.01,"*",IF(I60>0.001,"**","***"))) -> NS | J61: =IF(J60>0.05,"NS",IF(J60>0.01,"*",IF(J60>0.001,"**","***"))) -> NS | ... M61: =IF(M60>0.05,"NS",IF(M60>0.01,"*",IF(M60>0.001,"**","***"))) -> ** | O61: =IF(O60>0.05,"NS",IF(O60>0.01,"*",IF(O60>0.001,"**","***"))) -> ** | P61: =IF(P60>0.05,"NS",IF(P60>0.01,"*",IF(P60>0.001,"**","***"))) -> * | Q61: =IF(Q60>0.05,"NS",IF(Q60>0.01,"*",IF(Q60>0.001,"**","***"))) -> ** | R61: =IF(R60>0.05,"NS",IF(R60>0.01,"*",IF(R60>0.001,"**","***"))) -> NS | S61: =IF(S60>0.05,"NS",IF(S60>0.01,"*",IF(S60>0.001,"**","***"))) -> NS | T61: =IF(T60>0.05,"NS",IF(T60>0.01,"*",IF(T60>0.001,"**","***"))) -> NS | U61: =IF(U60>0.05,"NS",IF(U60>0.01,"*",IF(U60>0.001,"**","***"))) -> ** | V61: =IF(V60>0.05,"NS",IF(V60>0.01,"*",IF(V60>0.001,"**","***"))) -> **

Sheet pooled normalised values
B3: Unspiked | O3: Testosterone spiked
B4: ='R1'!B4 -> Solvent control | C4: ='R1'!C4 -> EE2-33.8ng/L | D4: ='R1'!D4 -> EE2-50.6ng/L | E4: ='R1'!E4 -> EE2-76ng/L | F4: ='R1'!F4 -> EE2-114ng/L | G4: ='R1'!G4 -> EE2-170.9ng/L | H4: ='R1'!H4 -> EE2-488ng/L | I4: ='R1'!I4 -> BPA-1mg/L | ... M4: ='R1'!M4 -> BPA-5mg/L | O4: ='R1'!O4 -> Testo -30µg/L | P4: ='R1'!P4 -> Testo 30µg/L + EE2 -64ng/L | Q4: ='R1'!Q4 -> Testo 30µg/L + FAD-10mg/L | R4: ='R1'!R4 -> BPA-1mg/L + Testostérone | S4: ='R1'!S4 -> BPA-2mg/L + Testostérone | T4: ='R1'!T4 -> BPA-3mg/L + Testostérone | U4: ='R1'!U4 -> BPA-4mg/L + Testostérone | V4: ='R1'!V4 -> BPA-5mg/L + Testostérone
A6: Rep1 | B6: ='R1'!B28 -> 0.1913949 | C6: ='R1'!C28 -> 0.3168082 | D6: ='R1'!D28 -> 0.79013883 | E6: ='R1'!E28 -> 0.99573928 | F6: ='R1'!F28 -> 6.0272246 | G6: ='R1'!G28 -> 6.4783923 | H6: ='R1'!H28 -> 4.0868944 | I6: ='R1'!I28 -> 0.057587421 | ... M6: ='R1'!M28 -> 1.688501 | O6: ='R1'!O28 -> 0.81597054 | P6: ='R1'!P28 -> 5.3263764 | Q6: ='R1'!Q28 -> 0.037250665 | R6: ='R1'!R28 -> 0.21488711 | S6: ='R1'!S28 -> 2.3649224 | T6: ='R1'!T28 -> 3.9517998 | U6: ='R1'!U28 -> 1.0089569 | V6: ='R1'!V28 -> 5.5779614
B7: ='R1'!B29 -> 0.31282218 | C7: ='R1'!C29 -> 0.30059072 | D7: ='R1'!D29 -> 0.63089428 | E7: ='R1'!E29 -> 4.0444901 | F7: ='R1'!F29 -> 3.6147538 | G7: ='R1'!G29 -> 5.7357099 | H7: ='R1'!H29 -> 5.7655104 | I7: ='R1'!I29 -> 0.28564919 | ... M7: ='R1'!M29 -> 4.8154263 | O7: ='R1'!O29 -> 1.6649478 | P7: ='R1'!P29 -> 5.5821933 | Q7: ='R1'!Q29 -> 0.1005841 | R7: ='R1'!R29 -> 0.15532388 | S7: ='R1'!S29 -> 3.7171151 | T7: ='R1'!T29 -> 0.23123441 | U7: ='R1'!U29 -> 1.8156064 | V7: ='R1'!V29 -> 1.8031523
B8: ='R1'!B30 -> 0.11492894 | C8: ='R1'!C30 -> 0.27423367 | D8: ='R1'!D30 -> 0.50842407 | E8: ='R1'!E30 -> 2.8570843 | F8: ='R1'!F30 -> 1.5940507 | G8: ='R1'!G30 -> 4.7751646 | H8: ='R1'!H30 -> 5.5482485 | I8: ='R1'!I30 -> 0.3015236 | ... M8: ='R1'!M30 -> 6.2968128 | O8: ='R1'!O30 -> 0.73959228 | P8: ='R1'!P30 -> 3.9460074 | Q8: ='R1'!Q30 -> 0.066658269 | R8: ='R1'!R30 -> 2.1011 | S8: ='R1'!S30 -> 3.0324809 | T8: ='R1'!T30 -> 3.2590217 | U8: ='R1'!U30 -> 1.2988638 | V8: ='R1'!V30 -> 2.0419159
B9: ='R1'!B31 -> 0.16054972 | C9: ='R1'!C31 -> 0.54127515 | D9: ='R1'!D31 -> 0.4393833 | E9: ='R1'!E31 -> 1.9265794 | F9: ='R1'!F31 -> 1.7669703 | G9: ='R1'!G31 -> 6.7045797 | H9: ='R1'!H31 -> 4.5206383 | I9: ='R1'!I31 -> 0.021575722 | ... M9: ='R1'!M31 -> 2.9363979 | O9: ='R1'!O31 -> 0.43666979 | P9: ='R1'!P31 -> 3.2760087 | Q9: ='R1'!Q31 -> 0.02812221 | R9: ='R1'!R31 -> 0.43480231 | S9: ='R1'!S31 -> 1.6207001 | T9: ='R1'!T31 -> 1.9261263 | U9: ='R1'!U31 -> 0.59454296 | V9: ='R1'!V31 -> 0.52132359
B10: ='R1'!B32 -> 0.19028577 | C10: ='R1'!C32 -> 0.50996654 | D10: ='R1'!D32 -> 1.5804754 | E10: ='R1'!E32 -> 2.6413133 | F10: ='R1'!F32 -> 4.4190096 | G10: ='R1'!G32 -> 9.0820697 | H10: ='R1'!H32 -> 5.2016381 | I10: ='R1'!I32 -> 0.094700518 | ... M10: ='R1'!M32 -> 2.5669788 | O10: ='R1'!O32 -> 1.124842 | P10: ='R1'!P32 -> 4.954206 | Q10: ='R1'!Q32 -> 0.093117633 | R10: ='R1'!R32 -> 2.7306985 | S10: ='R1'!S32 -> 5.6785936 | T10: ='R1'!T32 -> 5.8722214 | U10: ='R1'!U32 -> 2.6165744 | V10: ='R1'!V32 -> 3.0703214
B11: ='R1'!B33 -> 0.24794283 | C11: ='R1'!C33 -> 0.18568156 | D11: ='R1'!D33 -> 0.47727881 | E11: ='R1'!E33 -> 3.1946643 | F11: ='R1'!F33 -> 3.7167772 | G11: ='R1'!G33 -> 5.5381339 | H11: ='R1'!H33 -> 5.0468172 | I11: ='R1'!I33 -> 0.17432881 | ... M11: ='R1'!M33 -> 1.7862814 | O11: ='R1'!O33 -> 0.72486569 | P11: ='R1'!P33 -> 5.9650321 | Q11: ='R1'!Q33 -> 0.19904021 | R11: ='R1'!R33 -> 1.1877558 | S11: ='R1'!S33 -> 0.6297069 | T11: ='R1'!T33 -> 2.7887537 | U11: ='R1'!U33 -> 2.5386347 | V11: ='R1'!V33 -> 4.124403
B12: ='R1'!B34 -> 0.040947788 | C12: ='R1'!C34 -> 0.43308616 | D12: ='R1'!D34 -> 1.3416292 | E12: ='R1'!E34 -> 1.728963 | F12: ='R1'!F34 -> 6.9640214 | G12: ='R1'!G34 -> 3.2134723 | H12: ='R1'!H34 -> 5.4383202 | I12: ='R1'!I34 -> 0.11953573 | ... M12: ='R1'!M34 -> 3.1667544 | O12: ='R1'!O34 -> 0.053723497 | P12: ='R1'!P34 -> 3.6646142 | Q12: ='R1'!Q34 -> 0.050069364 | R12: ='R1'!R34 -> 0.6793627 | S12: ='R1'!S34 -> 4.0524484 | T12: ='R1'!T34 -> 3.2532508 | U12: ='R1'!U34 -> 1.9586051 | V12: ='R1'!V34 -> 1.4741221
B13: ='R1'!B35 | C13: ='R1'!C35 | D13: ='R1'!D35 | E13: ='R1'!E35 | F13: ='R1'!F35 | G13: ='R1'!G35 | H13: ='R1'!H35 | I13: ='R1'!I35 | ... M13: ='R1'!M35 | O13: ='R1'!O35 -> 0.33013332 | P13: ='R1'!P35 | Q13: ='R1'!Q35 | R13: ='R1'!R35 -> 1.1986984 | S13: ='R1'!S35 | T13: ='R1'!T35 -> 3.713749 | U13: ='R1'!U35 -> 3.1049471 | V13: ='R1'!V35 -> 1.7761349
B14: ='R1'!B36 | C14: ='R1'!C36 | D14: ='R1'!D36 | E14: ='R1'!E36 | F14: ='R1'!F36 | G14: ='R1'!G36 | H14: ='R1'!H36 | I14: ='R1'!I36 | ... M14: ='R1'!M36 | O14: ='R1'!O36 -> 1.8542869 | P14: ='R1'!P36 | Q14: ='R1'!Q36 | R14: ='R1'!R36 | S14: ='R1'!S36 | T14: ='R1'!T36 | U14: ='R1'!U36 | V14: ='R1'!V36
B15: ='R1'!B37 | C15: ='R1'!C37 | D15: ='R1'!D37 | E15: ='R1'!E37 | F15: ='R1'!F37 | G15: ='R1'!G37 | H15: ='R1'!H37 | I15: ='R1'!I37 | ... M15: ='R1'!M37 | O15: ='R1'!O37 -> 0.070455989 | P15: ='R1'!P37 | Q15: ='R1'!Q37 | R15: ='R1'!R37 | S15: ='R1'!S37 | T15: ='R1'!T37 | U15: ='R1'!U37 | V15: ='R1'!V37
B16: ='R1'!B38 | C16: ='R1'!C38 | D16: ='R1'!D38 | E16: ='R1'!E38 | F16: ='R1'!F38 | G16: ='R1'!G38 | H16: ='R1'!H38 | I16: ='R1'!I38 | ... M16: ='R1'!M38 | O16: ='R1'!O38 -> 1.1856811 | P16: ='R1'!P38 | Q16: ='R1'!Q38 | R16: ='R1'!R38 | S16: ='R1'!S38 | T16: ='R1'!T38 | U16: ='R1'!U38 | V16: ='R1'!V38
B17: ='R1'!B39 | C17: ='R1'!C39 | D17: ='R1'!D39 | E17: ='R1'!E39 | F17: ='R1'!F39 | G17: ='R1'!G39 | H17: ='R1'!H39 | I17: ='R1'!I39 | ... M17: ='R1'!M39 | O17: ='R1'!O39 -> 1.9338696 | P17: ='R1'!P39 | Q17: ='R1'!Q39 | R17: ='R1'!R39 | S17: ='R1'!S39 | T17: ='R1'!T39 | U17: ='R1'!U39 | V17: ='R1'!V39
B18: ='R1'!B40 | C18: ='R1'!C40 | D18: ='R1'!D40 | E18: ='R1'!E40 | F18: ='R1'!F40 | G18: ='R1'!G40 | H18: ='R1'!H40 | I18: ='R1'!I40 | ... M18: ='R1'!M40 | O18: ='R1'!O40 -> 1.0033528 | P18: ='R1'!P40 | Q18: ='R1'!Q40 | R18: ='R1'!R40 | S18: ='R1'!S40 | T18: ='R1'!T40 | U18: ='R1'!U40 | V18: ='R1'!V40
... B21: ='R1'!B43 | C21: ='R1'!C43 | D21: ='R1'!D43 | E21: ='R1'!E43 | F21: ='R1'!F43 | G21: ='R1'!G43 | H21: ='R1'!H43 | I21: ='R1'!I43 | ... M21: ='R1'!M43 | O21: ='R1'!O43 | P21: ='R1'!P43 | Q21: ='R1'!Q43 | R21: ='R1'!R43 | S21: ='R1'!S43 | T21: ='R1'!T43 | U21: ='R1'!U43 | V21: ='R1'!V43
A22: Rep2 | B22: ='R2'!B28 -> 0.013150596 | C22: ='R2'!C28 -> 0.92970691 | D22: ='R2'!D28 -> 0.56153295 | E22: ='R2'!E28 -> 0.56180044 | F22: ='R2'!F28 -> 4.5338832 | G22: ='R2'!G28 -> 6.1451595 | H22: ='R2'!H28 -> 5.9189886 | I22: ='R2'!I28 -> 0.020669999 | ... M22: ='R2'!M28 -> 3.2579763 | O22: ='R2'!O28 -> 1.0427961 | P22: ='R2'!P28 -> 8.2648138 | Q22: ='R2'!Q28 -> 0.070343939 | R22: ='R2'!R28 -> 2.3681605 | S22: ='R2'!S28 -> 2.5377566 | T22: ='R2'!T28 -> 6.7418319 | U22: ='R2'!U28 -> 4.5640379 | V22: ='R2'!V28 -> 7.2814169
B23: ='R2'!B29 -> 0.026357847 | C23: ='R2'!C29 -> 0.067529735 | D23: ='R2'!D29 -> 1.510956 | E23: ='R2'!E29 -> 1.0377705 | F23: ='R2'!F29 -> 1.6079355 | G23: ='R2'!G29 -> 5.1527023 | H23: ='R2'!H29 -> 8.3432399 | I23: ='R2'!I29 -> 0.050977947 | ... M23: ='R2'!M29 -> 1.5136755 | O23: ='R2'!O29 -> 1.0581349 | P23: ='R2'!P29 -> 3.5037863 | Q23: ='R2'!Q29 -> 0.078898003 | R23: ='R2'!R29 -> 1.0750443 | S23: ='R2'!S29 -> 2.337807 | T23: ='R2'!T29 -> 3.1895577 | U23: ='R2'!U29 -> 4.6808022 | V23: ='R2'!V29 -> 7.8122703
B24: ='R2'!B30 -> 0.11285884 | C24: ='R2'!C30 -> 0.086587372 | D24: ='R2'!D30 -> 0.17861739 | E24: ='R2'!E30 -> 1.8435558 | F24: ='R2'!F30 -> 4.2662905 | G24: ='R2'!G30 -> 4.1558874 | H24: ='R2'!H30 -> 6.7023151 | I24: ='R2'!I30 -> 0.20464274 | ... M24: ='R2'!M30 -> 0.46624291 | O24: ='R2'!O30 -> 1.8375717 | P24: ='R2'!P30 -> 2.814456 | Q24: ='R2'!Q30 -> 0.073799 | R24: ='R2'!R30 -> 0.014559555 | S24: ='R2'!S30 -> 1.1044513 | T24: ='R2'!T30 -> 4.767046 | U24: ='R2'!U30 -> 3.5635876 | V24: ='R2'!V30 -> 8.0094234
B25: ='R2'!B31 -> 0.080315321 | C25: ='R2'!C31 -> 0.10610475 | D25: ='R2'!D31 -> 0.89111982 | E25: ='R2'!E31 -> 2.0062809 | F25: ='R2'!F31 -> 7.1121458 | G25: ='R2'!G31 -> 4.4996808 | H25: ='R2'!H31 -> 5.4387591 | I25: ='R2'!I31 -> 0.14106403 | ... M25: ='R2'!M31 -> 0.27853555 | O25: ='R2'!O31 -> 0.3664195 | P25: ='R2'!P31 -> 5.81575 | Q25: ='R2'!Q31 -> 0.20714859 | R25: ='R2'!R31 -> 2.5370935 | S25: ='R2'!S31 -> 0.27690554 | T25: ='R2'!T31 -> 4.3295581 | U25: ='R2'!U31 -> 4.3899343 | V25: ='R2'!V31 -> 4.7499443
B26: ='R2'!B32 -> 0.16167552 | C26: ='R2'!C32 -> 0.20183782 | D26: ='R2'!D32 -> 0.77767027 | E26: ='R2'!E32 -> 4.4148981 | F26: ='R2'!F32 -> 1.5278301 | G26: ='R2'!G32 -> 2.5458612 | H26: ='R2'!H32 -> 4.7792585 | I26: ='R2'!I32 -> 0.13266693 | ... M26: ='R2'!M32 -> 1.2988737 | O26: ='R2'!O32 -> 3.5073361 | P26: ='R2'!P32 -> 3.3273023 | Q26: ='R2'!Q32 -> 0.017788923 | R26: ='R2'!R32 -> 0.42536452 | S26: ='R2'!S32 -> 2.3028738 | T26: ='R2'!T32 -> 4.0888155 | U26: ='R2'!U32 -> 4.3823852 | V26: ='R2'!V32 -> 4.5023929
B27: ='R2'!B33 -> 0.057132972 | C27: ='R2'!C33 -> 0.061083074 | D27: ='R2'!D33 -> 1.6608267 | E27: ='R2'!E33 -> 2.9178106 | F27: ='R2'!F33 -> 2.4843824 | G27: ='R2'!G33 -> 2.8591833 | H27: ='R2'!H33 -> 6.6920344 | I27: ='R2'!I33 -> 0.29250068 | ... M27: ='R2'!M33 -> 0.9633724 | O27: ='R2'!O33 -> 1.094896 | P27: ='R2'!P33 -> 2.8138932 | Q27: ='R2'!Q33 -> 0.22963249 | R27: ='R2'!R33 -> 1.3359646 | S27: ='R2'!S33 -> 2.1536634 | T27: ='R2'!T33 -> 6.9901775 | U27: ='R2'!U33 -> 3.4903283 | V27: ='R2'!V33 -> 8.0863329
B28: ='R2'!B34 -> 0.066873088 | C28: ='R2'!C34 -> 0.18550337 | D28: ='R2'!D34 -> 1.2493883 | E28: ='R2'!E34 -> 2.18082 | F28: ='R2'!F34 -> 4.5287582 | G28: ='R2'!G34 -> 4.3042089 | H28: ='R2'!H34 -> 3.3403916 | I28: ='R2'!I34 -> 0.059580308 | ... M28: ='R2'!M34 -> 1.3886245 | O28: ='R2'!O34 -> 0.14749119 | P28: ='R2'!P34 -> 4.747145 | Q28: ='R2'!Q34 -> 0.23216806 | R28: ='R2'!R34 -> 0.9976546 | S28: ='R2'!S34 -> 2.4723956 | T28: ='R2'!T34 -> 4.6797843 | U28: ='R2'!U34 -> 6.4378496 | V28: ='R2'!V34 -> 1.4977692
B29: ='R2'!B35 -> 0.14895773 | C29: ='R2'!C35 -> 0.20233844 | D29: ='R2'!D35 -> 0.12795245 | E29: ='R2'!E35 -> 1.6738742 | F29: ='R2'!F35 -> 3.4659989 | G29: ='R2'!G35 -> 5.6883065 | H29: ='R2'!H35 -> 9.9797623 | I29: ='R2'!I35 -> 0.1826966 | ... M29: ='R2'!M35 -> 2.2419365 | O29: ='R2'!O35 -> 0.70929999 | P29: ='R2'!P35 | Q29: ='R2'!Q35 -> 0.012760508 | R29: ='R2'!R35 -> 0.94736116 | S29: ='R2'!S35 -> 3.3071218 | T29: ='R2'!T35 -> 0.47708827 | U29: ='R2'!U35 -> 5.3744634 | V29: ='R2'!V35 -> 4.4243809
B30: ='R2'!B36 | C30: ='R2'!C36 | D30: ='R2'!D36 | E30: ='R2'!E36 | F30: ='R2'!F36 | G30: ='R2'!G36 | H30: ='R2'!H36 | I30: ='R2'!I36 | ... M30: ='R2'!M36 | O30: ='R2'!O36 -> 1.4516125 | P30: ='R2'!P36 | Q30: ='R2'!Q36 | R30: ='R2'!R36 | S30: ='R2'!S36 | T30: ='R2'!T36 | U30: ='R2'!U36 | V30: ='R2'!V36
B31: ='R2'!B37 | C31: ='R2'!C37 | D31: ='R2'!D37 | E31: ='R2'!E37 | F31: ='R2'!F37 | G31: ='R2'!G37 | H31: ='R2'!H37 | I31: ='R2'!I37 | ... M31: ='R2'!M37 | O31: ='R2'!O37 -> 1.3918725 | P31: ='R2'!P37 | Q31: ='R2'!Q37 | R31: ='R2'!R37 | S31: ='R2'!S37 | T31: ='R2'!T37 | U31: ='R2'!U37 | V31: ='R2'!V37
B32: ='R2'!B38 | C32: ='R2'!C38 | D32: ='R2'!D38 | E32: ='R2'!E38 | F32: ='R2'!F38 | G32: ='R2'!G38 | H32: ='R2'!H38 | I32: ='R2'!I38 | ... M32: ='R2'!M38 | O32: ='R2'!O38 -> 1.6261749 | P32: ='R2'!P38 | Q32: ='R2'!Q38 | R32: ='R2'!R38 | S32: ='R2'!S38 | T32: ='R2'!T38 | U32: ='R2'!U38 | V32: ='R2'!V38
B33: ='R2'!B39 | C33: ='R2'!C39 | D33: ='R2'!D39 | E33: ='R2'!E39 | F33: ='R2'!F39 | G33: ='R2'!G39 | H33: ='R2'!H39 | I33: ='R2'!I39 | ... M33: ='R2'!M39 | O33: ='R2'!O39 -> 0.0091958507 | P33: ='R2'!P39 | Q33: ='R2'!Q39 | R33: ='R2'!R39 | S33: ='R2'!S39 | T33: ='R2'!T39 | U33: ='R2'!U39 | V33: ='R2'!V39
B34: ='R2'!B40 | C34: ='R2'!C40 | D34: ='R2'!D40 | E34: ='R2'!E40 | F34: ='R2'!F40 | G34: ='R2'!G40 | H34: ='R2'!H40 | I34: ='R2'!I40 | ... M34: ='R2'!M40 | O34: ='R2'!O40 -> 0.76892767 | P34: ='R2'!P40 | Q34: ='R2'!Q40 | R34: ='R2'!R40 | S34: ='R2'!S40 | T34: ='R2'!T40 | U34: ='R2'!U40 | V34: ='R2'!V40
... B37: ='R2'!B43 | C37: ='R2'!C43 | D37: ='R2'!D43 | E37: ='R2'!E43 | F37: ='R2'!F43 | G37: ='R2'!G43 | H37: ='R2'!H43 | I37: ='R2'!I43 | ... M37: ='R2'!M43 | O37: ='R2'!O43 -> 0.13834549 | P37: ='R2'!P43 | Q37: ='R2'!Q43 | R37: ='R2'!R43 | S37: ='R2'!S43 | T37: ='R2'!T43 | U37: ='R2'!U43 | V37: ='R2'!V43
A38: Rep3 | B38: ='R3'!B28 -> 0.0022834721 | C38: ='R3'!C28 -> 0.54483757 | D38: ='R3'!D28 -> 0.1472818 | E38: ='R3'!E28 -> 1.8136775 | F38: ='R3'!F28 -> 0.93439342 | G38: ='R3'!G28 -> 1.4818548 | H38: ='R3'!H28 -> 3.533743 | I38: ='R3'!I28 -> 0.042370616 | ... M38: ='R3'!M28 -> 1.6857526 | O38: ='R3'!O28 -> 0.072158842 | P38: ='R3'!P28 -> 2.1776041 | Q38: ='R3'!Q28 -> 0.013212485 | R38: ='R3'!R28 -> 1.3212049 | S38: ='R3'!S28 -> 1.5496578 | T38: ='R3'!T28 -> 1.7714926 | U38: ='R3'!U28 -> 2.0107873 | V38: ='R3'!V28 -> 3.5114002
B39: ='R3'!B29 -> 0.071565093 | C39: ='R3'!C29 -> 0.050267776 | D39: ='R3'!D29 -> 0.13048337 | E39: ='R3'!E29 -> 0.45080022 | F39: ='R3'!F29 -> 1.3095625 | G39: ='R3'!G29 -> 0.66830895 | H39: ='R3'!H29 -> 3.0106309 | I39: ='R3'!I29 -> 0.10958882 | ... M39: ='R3'!M29 -> 1.463173 | O39: ='R3'!O29 -> 0.14610191 | P39: ='R3'!P29 -> 1.6496198 | Q39: ='R3'!Q29 -> 0.076083467 | R39: ='R3'!R29 -> 0.018613717 | S39: ='R3'!S29 -> 0.78996835 | T39: ='R3'!T29 -> 1.572219 | U39: ='R3'!U29 -> 3.4875591 | V39: ='R3'!V29 -> 2.467571
B40: ='R3'!B30 -> 0.13429003 | C40: ='R3'!C30 -> 0.085933357 | D40: ='R3'!D30 -> 0.84234547 | E40: ='R3'!E30 -> 0.45433231 | F40: ='R3'!F30 -> 2.0274454 | G40: ='R3'!G30 -> 2.3920803 | H40: ='R3'!H30 -> 2.9202185 | I40: ='R3'!I30 -> 0.024423008 | ... M40: ='R3'!M30 -> 0.60044314 | O40: ='R3'!O30 -> 0.025719872 | P40: ='R3'!P30 -> 2.7308136 | Q40: ='R3'!Q30 -> 0.03098101 | R40: ='R3'!R30 -> 0.72386595 | S40: ='R3'!S30 -> 1.2368053 | T40: ='R3'!T30 -> 0.91241843 | U40: ='R3'!U30 -> 1.5956494 | V40: ='R3'!V30 -> 3.7466795
B41: ='R3'!B31 -> 0.043659881 | C41: ='R3'!C31 -> 0.212503 | D41: ='R3'!D31 -> 0.25375848 | E41: ='R3'!E31 -> 1.0259986 | F41: ='R3'!F31 -> 2.0303193 | G41: ='R3'!G31 -> 1.1327251 | H41: ='R3'!H31 -> 2.3939725 | I41: ='R3'!I31 -> 0.041179153 | ... M41: ='R3'!M31 -> 0.70411826 | O41: ='R3'!O31 -> 0.18869059 | P41: ='R3'!P31 -> 2.0122497 | Q41: ='R3'!Q31 -> 0.029471692 | R41: ='R3'!R31 -> 0.96110849 | S41: ='R3'!S31 -> 1.0204913 | T41: ='R3'!T31 -> 2.4340755 | U41: ='R3'!U31 -> 2.1956554 | V41: ='R3'!V31 -> 2.9056662
B42: ='R3'!B32 -> 0.097913738 | C42: ='R3'!C32 -> 0.2235731 | D42: ='R3'!D32 -> 0.29359517 | E42: ='R3'!E32 -> 0.26878525 | F42: ='R3'!F32 -> 2.3186114 | G42: ='R3'!G32 -> 0.64047213 | H42: ='R3'!H32 -> 3.4695028 | I42: ='R3'!I32 -> 0.0273488 | ... M42: ='R3'!M32 -> 0.4718831 | O42: ='R3'!O32 -> 0.4907585 | P42: ='R3'!P32 -> 1.3927898 | Q42: ='R3'!Q32 -> 0.1113281 | R42: ='R3'!R32 -> 0.72732634 | S42: ='R3'!S32 -> 1.6115554 | T42: ='R3'!T32 -> 1.6929179 | U42: ='R3'!U32 -> 1.9076026 | V42: ='R3'!V32 -> 2.6122881
B43: ='R3'!B33 -> 0.012301871 | C43: ='R3'!C33 -> 0.074261249 | D43: ='R3'!D33 -> 0.52000353 | E43: ='R3'!E33 -> 0.38148258 | F43: ='R3'!F33 -> 0.90793739 | G43: ='R3'!G33 -> 1.2872809 | H43: ='R3'!H33 -> 1.5056682 | I43: ='R3'!I33 -> 0.093993739 | ... M43: ='R3'!M33 -> 0.40217293 | O43: ='R3'!O33 -> 0.18288295 | P43: ='R3'!P33 -> 0.98130818 | Q43: ='R3'!Q33 -> 0.022091957 | R43: ='R3'!R33 -> 1.128433 | S43: ='R3'!S33 -> 0.74503209 | T43: ='R3'!T33 -> 0.87184987 | U43: ='R3'!U33 -> 3.4634638 | V43: ='R3'!V33 -> 1.3281752
B44: ='R3'!B34 -> 0.048917715 | C44: ='R3'!C34 -> 0.10213937 | D44: ='R3'!D34 -> 0.78985238 | E44: ='R3'!E34 -> 1.1577802 | F44: ='R3'!F34 -> 1.8641674 | G44: ='R3'!G34 -> 1.5284163 | H44: ='R3'!H34 -> 2.3407651 | I44: ='R3'!I34 -> 0.055648853 | ... M44: ='R3'!M34 -> 0.87543517 | O44: ='R3'!O34 -> 0.10223981 | P44: ='R3'!P34 -> 1.7549321 | Q44: ='R3'!Q34 -> 0.0034257038 | R44: ='R3'!R34 -> 1.8329653 | S44: ='R3'!S34 -> 1.727088 | T44: ='R3'!T34 -> 1.1798936 | U44: ='R3'!U34 -> 3.2352637 | V44: ='R3'!V34 -> 2.3585181
B45: ='R3'!B35 -> 0.058608347 | C45: ='R3'!C35 -> 0.058559446 | D45: ='R3'!D35 | E45: ='R3'!E35 -> 0.66259118 | F45: ='R3'!F35 -> 2.2522925 | G45: ='R3'!G35 -> 2.1215035 | H45: ='R3'!H35 | I45: ='R3'!I35 | ... M45: ='R3'!M35 -> 0.1456879 | O45: ='R3'!O35 -> 0.037174239 | P45: ='R3'!P35 -> 2.0549561 | Q45: ='R3'!Q35 -> 0.11457373 | R45: ='R3'!R35 -> 1.1060682 | S45: ='R3'!S35 -> 1.2502917 | T45: ='R3'!T35 | U45: ='R3'!U35 -> 1.6233699 | V45: ='R3'!V35 -> 1.4893852
B46: ='R3'!B36 | C46: ='R3'!C36 | D46: ='R3'!D36 | E46: ='R3'!E36 | F46: ='R3'!F36 | G46: ='R3'!G36 | H46: ='R3'!H36 | I46: ='R3'!I36 | ... M46: ='R3'!M36 | O46: ='R3'!O36 -> 2.1776041 | P46: ='R3'!P36 -> 2.4376949 | Q46: ='R3'!Q36 | R46: ='R3'!R36 | S46: ='R3'!S36 | T46: ='R3'!T36 | U46: ='R3'!U36 | V46: ='R3'!V36
B47: ='R3'!B37 | C47: ='R3'!C37 | D47: ='R3'!D37 | E47: ='R3'!E37 | F47: ='R3'!F37 | G47: ='R3'!G37 | H47: ='R3'!H37 | I47: ='R3'!I37 | ... M47: ='R3'!M37 | O47: ='R3'!O37 -> 1.6496198 | P47: ='R3'!P37 | Q47: ='R3'!Q37 | R47: ='R3'!R37 | S47: ='R3'!S37 | T47: ='R3'!T37 | U47: ='R3'!U37 | V47: ='R3'!V37
B48: ='R3'!B38 | C48: ='R3'!C38 | D48: ='R3'!D38 | E48: ='R3'!E38 | F48: ='R3'!F38 | G48: ='R3'!G38 | H48: ='R3'!H38 | I48: ='R3'!I38 | ... M48: ='R3'!M38 | O48: ='R3'!O38 -> 2.7308136 | P48: ='R3'!P38 | Q48: ='R3'!Q38 | R48: ='R3'!R38 | S48: ='R3'!S38 | T48: ='R3'!T38 | U48: ='R3'!U38 | V48: ='R3'!V38
B49: ='R3'!B39 | C49: ='R3'!C39 | D49: ='R3'!D39 | E49: ='R3'!E39 | F49: ='R3'!F39 | G49: ='R3'!G39 | H49: ='R3'!H39 | I49: ='R3'!I39 | ... M49: ='R3'!M39 | O49: ='R3'!O39 -> 2.0122497 | P49: ='R3'!P39 | Q49: ='R3'!Q39 | R49: ='R3'!R39 | S49: ='R3'!S39 | T49: ='R3'!T39 | U49: ='R3'!U39 | V49: ='R3'!V39
B50: ='R3'!B40 | C50: ='R3'!C40 | D50: ='R3'!D40 | E50: ='R3'!E40 | F50: ='R3'!F40 | G50: ='R3'!G40 | H50: ='R3'!H40 | I50: ='R3'!I40 | ... M50: ='R3'!M40 | O50: ='R3'!O40 -> 1.3927898 | P50: ='R3'!P40 | Q50: ='R3'!Q40 | R50: ='R3'!R40 | S50: ='R3'!S40 | T50: ='R3'!T40 | U50: ='R3'!U40 | V50: ='R3'!V40
... B53: ='R3'!B43 | C53: ='R3'!C43 | D53: ='R3'!D43 | E53: ='R3'!E43 | F53: ='R3'!F43 | G53: ='R3'!G43 | H53: ='R3'!H43 | I53: ='R3'!I43 | ... M53: ='R3'!M43 | O53: ='R3'!O43 -> 2.0549561 | P53: ='R3'!P43 | Q53: ='R3'!Q43 | R53: ='R3'!R43 | S53: ='R3'!S43 | T53: ='R3'!T43 | U53: ='R3'!U43 | V53: ='R3'!V43
A55: Group names | B55: =B4 -> Solvent control | C55: =C4 -> EE2-33.8ng/L | D55: =D4 -> EE2-50.6ng/L | E55: =E4 -> EE2-76ng/L | F55: =F4 -> EE2-114ng/L | G55: =G4 -> EE2-170.9ng/L | H55: =H4 -> EE2-488ng/L | I55: =I4 -> BPA-1mg/L | ... M55: =M4 -> BPA-5mg/L | O55: =O4 -> Testo -30µg/L | P55: =P4 -> Testo 30µg/L + EE2 -64ng/L | Q55: =Q4 -> Testo 30µg/L + FAD-10mg/L | R55: =R4 -> BPA-1mg/L + Testostérone | S55: =S4 -> BPA-2mg/L + Testostérone | T55: =T4 -> BPA-3mg/L + Testostérone | U55: =U4 -> BPA-4mg/L + Testostérone | V55: =V4 -> BPA-5mg/L + Testostérone
A56: Mean | B56: =AVERAGE(B6:B53) -> 0.10416236 | C56: =AVERAGE(C6:C53) -> 0.25019167 | D56: =AVERAGE(D6:D53) -> 0.71380037 | E56: =AVERAGE(E6:E53) -> 1.7496127 | F56: =AVERAGE(F6:F53) -> 3.0989027 | G56: =AVERAGE(G6:G53) -> 3.8317893 | H56: =AVERAGE(H6:H53) -> 4.8171508 | I56: =AVERAGE(I6:I53) -> 0.11519333 | ... M56: =AVERAGE(M6:M53) -> 1.7832633 | O56: =AVERAGE(O6:O53) -> 1 | P56: =AVERAGE(P6:P53) -> 3.5301545 | Q56: =AVERAGE(Q6:Q53) -> 0.082545657 | R56: =AVERAGE(R6:R53) -> 1.0926424 | S56: =AVERAGE(S6:S53) -> 2.0660797 | T56: =AVERAGE(T6:T53) -> 3.0736906 | U56: =AVERAGE(U6:U53) -> 2.972478 | V56: =AVERAGE(V6:V53) -> 3.6322062
A57: SD | B57: =STDEV(B6:B53) -> 0.079784461 | C57: =STDEV(C6:C53) -> 0.21638331 | D57: =STDEV(D6:D53) -> 0.48541667 | E57: =STDEV(E6:E53) -> 1.1700361 | F57: =STDEV(F6:F53) -> 1.8407859 | G57: =STDEV(G6:G53) -> 2.2796116 | H57: =STDEV(H6:H53) -> 2.0221919 | I57: =STDEV(I6:I53) -> 0.09041642 | ... M57: =STDEV(M6:M53) -> 1.518983 | O57: =STDEV(O6:O53) -> 0.82996873 | P57: =STDEV(P6:P53) -> 1.8057152 | Q57: =STDEV(Q6:Q53) -> 0.071118223 | R57: =STDEV(R6:R53) -> 0.76401987 | S57: =STDEV(S6:S53) -> 1.2721867 | T57: =STDEV(T6:T53) -> 1.9251066 | U57: =STDEV(U6:U53) -> 1.4715788 | V57: =STDEV(V6:V53) -> 2.2789383
A58: SEM | B58: =B57/SQRT(COUNT(B6:B53)) -> 0.01663621 | C58: =C57/SQRT(COUNT(C6:C53)) -> 0.04511904 | D58: =D57/SQRT(COUNT(D6:D53)) -> 0.10349118 | E58: =E57/SQRT(COUNT(E6:E53)) -> 0.24396938 | F58: =F57/SQRT(COUNT(F6:F53)) -> 0.38383039 | G58: =G57/SQRT(COUNT(G6:G53)) -> 0.47533188 | H58: =H57/SQRT(COUNT(H6:H53)) -> 0.43113275 | I58: =I57/SQRT(COUNT(I6:I53)) -> 0.019276846 | ... M58: =M57/SQRT(COUNT(M6:M53)) -> 0.31672985 | O58: =O57/SQRT(COUNT(O6:O53)) -> 0.12237221 | P58: =P57/SQRT(COUNT(P6:P53)) -> 0.37651765 | Q58: =Q57/SQRT(COUNT(Q6:Q53)) -> 0.014829175 | R58: =R57/SQRT(COUNT(R6:R53)) -> 0.1559549 | S58: =S57/SQRT(COUNT(S6:S53)) -> 0.26526927 | T58: =T57/SQRT(COUNT(T6:T53)) -> 0.40141247 | U58: =U57/SQRT(COUNT(U6:U53)) -> 0.30038476 | V58: =V57/SQRT(COUNT(V6:V53)) -> 0.46518634
A62: Group names | B62: =B4 -> Solvent control | C62: =C4 -> EE2-33.8ng/L | D62: =D4 -> EE2-50.6ng/L | E62: =E4 -> EE2-76ng/L | F62: =F4 -> EE2-114ng/L | G62: =G4 -> EE2-170.9ng/L | H62: =H4 -> EE2-488ng/L | I62: =I4 -> BPA-1mg/L | ... M62: =M4 -> BPA-5mg/L | O62: =O4 -> Testo -30µg/L | P62: =P4 -> Testo 30µg/L + EE2 -64ng/L | Q62: =Q4 -> Testo 30µg/L + FAD-10mg/L | R62: =R4 -> BPA-1mg/L + Testostérone | S62: =S4 -> BPA-2mg/L + Testostérone | T62: =T4 -> BPA-3mg/L + Testostérone | U62: =U4 -> BPA-4mg/L + Testostérone | V62: =V4 -> BPA-5mg/L + Testostérone
A63: N | B63: =COUNT(B6:B53) -> 23 | C63: =COUNT(C6:C53) -> 23 | D63: =COUNT(D6:D53) -> 22 | E63: =COUNT(E6:E53) -> 23 | F63: =COUNT(F6:F53) -> 23 | G63: =COUNT(G6:G53) -> 23 | H63: =COUNT(H6:H53) -> 22 | I63: =COUNT(I6:I53) -> 22 | ... M63: =COUNT(M6:M53) -> 23 | O63: =COUNT(O6:O53) -> 46 | P63: =COUNT(P6:P53) -> 23 | Q63: =COUNT(Q6:Q53) -> 23 | R63: =COUNT(R6:R53) -> 24 | S63: =COUNT(S6:S53) -> 23 | T63: =COUNT(T6:T53) -> 23 | U63: =COUNT(U6:U53) -> 24 | V63: =COUNT(V6:V53) -> 24
B64: =IF(B63>=21,"OK","ATTENTION") -> OK | C64: =IF(C63>=21,"OK","ATTENTION") -> OK | D64: =IF(D63>=21,"OK","ATTENTION") -> OK | E64: =IF(E63>=21,"OK","ATTENTION") -> OK | F64: =IF(F63>=21,"OK","ATTENTION") -> OK | G64: =IF(G63>=21,"OK","ATTENTION") -> OK | H64: =IF(H63>=21,"OK","ATTENTION") -> OK | I64: =IF(I63>=21,"OK","ATTENTION") -> OK | ... M64: =IF(M63>=21,"OK","ATTENTION") -> OK | O64: =IF(O63>=41,"OK","ATTENTION") -> OK | P64: =IF(P63>=21,"OK","ATTENTION") -> OK | Q64: =IF(Q63>=21,"OK","ATTENTION") -> OK | R64: =IF(R63>=21,"OK","ATTENTION") -> OK | S64: =IF(S63>=21,"OK","ATTENTION") -> OK | T64: =IF(T63>=21,"OK","ATTENTION") -> OK | U64: =IF(U63>=21,"OK","ATTENTION") -> OK | V64: =IF(V63>=21,"OK","ATTENTION") -> OK
J73: 1 | K73: 2 | L73: 3 | M73: 4 | R73: 1 | S73: 2 | T73: 3 | U73: 4 | V73: 5
A74: Group Name | B74: =B4 -> Solvent control | C74: =C4 -> EE2-33.8ng/L | D74: =D4 -> EE2-50.6ng/L | E74: =E4 -> EE2-76ng/L | F74: =F4 -> EE2-114ng/L | G74: =G4 -> EE2-170.9ng/L | H74: =H4 -> EE2-488ng/L | I74: =I4 -> BPA-1mg/L | ... M74: =M4 -> BPA-5mg/L | O74: =O4 -> Testo -30µg/L | P74: =P4 -> Testo 30µg/L + EE2 -64ng/L | Q74: =Q4 -> Testo 30µg/L + FAD-10mg/L | R74: =R4 -> BPA-1mg/L + Testostérone | S74: =S4 -> BPA-2mg/L + Testostérone | T74: =T4 -> BPA-3mg/L + Testostérone | U74: =U4 -> BPA-4mg/L + Testostérone | V74: =V4 -> BPA-5mg/L + Testostérone
A75: Mean | B75: =B56 -> 0.10416236 | C75: =C56 -> 0.25019167 | D75: =D56 -> 0.71380037 | E75: =E56 -> 1.7496127 | F75: =F56 -> 3.0989027 | G75: =G56 -> 3.8317893 | H75: =H56 -> 4.8171508 | I75: =I56 -> 0.11519333 | ... M75: =M56 -> 1.7832633 | O75: =O56 -> 1 | P75: =P56 -> 3.5301545 | Q75: =Q56 -> 0.082545657 | R75: =R56 -> 1.0926424 | S75: =S56 -> 2.0660797 | T75: =T56 -> 3.0736906 | U75: =U56 -> 2.972478 | V75: =V56 -> 3.6322062
A76: SEM | B76: =B58 -> 0.01663621 | C76: =C58 -> 0.04511904 | D76: =D58 -> 0.10349118 | E76: =E58 -> 0.24396938 | F76: =F58 -> 0.38383039 | G76: =G58 -> 0.47533188 | H76: =H58 -> 0.43113275 | I76: =I58 -> 0.019276846 | ... M76: =M58 -> 0.31672985 | O76: =O58 -> 0.12237221 | P76: =P58 -> 0.37651765 | Q76: =Q58 -> 0.014829175 | R76: =R58 -> 0.1559549 | S76: =S58 -> 0.26526927 | T76: =T58 -> 0.40141247 | U76: =U58 -> 0.30038476 | V76: =V58 -> 0.46518634
A77: % induction | B77: =(B75*100/$B$75)-100 -> 0 | C77: =(C75*100/$B$75)-100 -> 140.19394 | D77: =(D75*100/$B$75)-100 -> 585.27671 | E77: =(E75*100/$B$75)-100 -> 1579.6977 | F77: =(F75*100/$B$75)-100 -> 2875.0697 | G77: =(G75*100/$B$75)-100 -> 3578.67 | H77: =(H75*100/$B$75)-100 -> 4524.6561 | I77: =(I75*100/$B$75)-100 -> 10.590171 | ... M77: =(M75*100/$B$75)-100 -> 1612.0036 | O77: =(O75*100/$O$75)-100 -> 0 | P77: =(P75*100/$O$75)-100 -> 253.01545 | Q77: =(Q75*100/$O$75)-100 -> -91.745434 | R77: =(R75*100/$O$75)-100 -> 9.2642388 | S77: =(S75*100/$O$75)-100 -> 106.60797 | T77: =(T75*100/$O$75)-100 -> 207.36906 | U77: =(U75*100/$O$75)-100 -> 197.2478 | V77: =(V75*100/$O$75)-100 -> 263.22062
A78: Normality test : p value | B78: =[1]!DPTEST(B6:B53) -> 0.095261508 | C78: =[1]!DPTEST(C6:C53) -> 0.00063234296 | D78: =[1]!DPTEST(D6:D53) -> 0.31902934 | E78: =[1]!DPTEST(E6:E53) -> 0.31015751 | F78: =[1]!DPTEST(F6:F53) -> 0.17679114 | G78: =[1]!DPTEST(G6:G53) -> 0.65069871 | H78: =[1]!DPTEST(H6:H53) -> 0.21547311 | I78: =[1]!DPTEST(I6:I53) -> 0.15586879 | ... M78: =[1]!DPTEST(M6:M53) -> 0.0018214055 | O78: =[1]!DPTEST(O6:O53) -> 0.079471747 | P78: =[1]!DPTEST(P6:P53) -> 0.15737448 | Q78: =[1]!DPTEST(Q6:Q53) -> 0.084193361 | R78: =[1]!DPTEST(R6:R53) -> 0.36087813 | S78: =[1]!DPTEST(S6:S53) -> 0.025764537 | T78: =[1]!DPTEST(T6:T53) -> 0.54860299 | U78: =[1]!DPTEST(U6:U53) -> 0.52567129 | V78: =[1]!DPTEST(V6:V53) -> 0.20064509
A79: Normality test : normal distibution? | B79: =IF(B78>0.05,"Oui","Non") -> Oui | C79: =IF(C78>0.05,"Oui","Non") -> Non | D79: =IF(D78>0.05,"Oui","Non") -> Oui | E79: =IF(E78>0.05,"Oui","Non") -> Oui | F79: =IF(F78>0.05,"Oui","Non") -> Oui | G79: =IF(G78>0.05,"Oui","Non") -> Oui | H79: =IF(H78>0.05,"Oui","Non") -> Oui | I79: =IF(I78>0.05,"Oui","Non") -> Oui | ... M79: =IF(M78>0.05,"Oui","Non") -> Non | O79: =IF(O78>0.05,"Oui","Non") -> Oui | P79: =IF(P78>0.05,"Oui","Non") -> Oui | Q79: =IF(Q78>0.05,"Oui","Non") -> Oui | R79: =IF(R78>0.05,"Oui","Non") -> Oui | S79: =IF(S78>0.05,"Oui","Non") -> Non | T79: =IF(T78>0.05,"Oui","Non") -> Oui | U79: =IF(U78>0.05,"Oui","Non") -> Oui | V79: =IF(V78>0.05,"Oui","Non") -> Oui
A81: Statistical test used | C81: Kruskal-Wallis | D81: Kruskal-Wallis | E81: Kruskal-Wallis | F81: Kruskal-Wallis | G81: Kruskal-Wallis | H81: Kruskal-Wallis | I81: Kruskal-Wallis | J81: Kruskal-Wallis | K81: Kruskal-Wallis | L81: Kruskal-Wallis | M81: Kruskal-Wallis | O81: =IF($B79="Non",IF(O79="Non","Mann Withney",IF(O79="Oui","Mann Withney","")),IF($B79="Oui",IF(O79="Oui","T-Test Welch",IF(O79="Non","Mann Withney","")))) -> T-Test Welch | P81: =IF($O79="Non",IF(P79="Non","Mann Withney",IF(P$79="Oui","Mann Withney","")),IF($O79="Oui",IF(P79="Oui","T-Test Welch",IF(P79="Non","Mann Withney","")))) -> T-Test Welch | Q81: =IF($O79="Non",IF(Q79="Non","Mann Withney",IF(Q$79="Oui","Mann Withney","")),IF($O79="Oui",IF(Q79="Oui","T-Test Welch",IF(Q79="Non","Mann Withney","")))) -> T-Test Welch | R81: Kruskal-Wallis | S81: Kruskal-Wallis | T81: Kruskal-Wallis | U81: Kruskal-Wallis | V81: Kruskal-Wallis
A82: Statistical test : p value | C82: >0,99 | D82: 0.02 | E82: <0,001 | F82: <0,001 | G82: <0,001 | H82: <0,001 | I82: >0,99 | J82: >0,99 | K82: 0.34 | L82: 0.02 | M82: <0,001 | O82: =IF(O81="Mann Withney",[1]!MTEST($B6:$B37,O6:O53,2), IF(O81="T-Test Welch",_xlfn.T.TEST($B6:$B37,O6:O53,2,3),"")) -> 7.2509401e-09 | P82: =IF(P81="Mann Withney",[1]!MTEST($O6:$O53,P6:P53,2), IF(P81="T-Test Welch",_xlfn.T.TEST($O6:$O53,P6:P53,2,3),"")) -> 7.9423673e-07 | Q82: =IF(Q81="Mann Withney",[1]!MTEST($O6:$O53,Q6:Q53,2), IF(Q81="T-Test Welch",_xlfn.T.TEST($O6:$O53,Q6:Q53,2,3),"")) -> 1.9058331e-09 | R82: >0,99 | S82: 0.008 | T82: <0,001 | U82: <0,001 | V82: <0,001
A83: Annotation | C83: ns | D83: * | E83: *** | F83: *** | G83: *** | H83: *** | I83: ns | J83: ns | K83: ns | L83: * | M83: *** | O83: =IF(O82>0.05,"NS",IF(O82>0.01,"*",IF(O82>0.001,"**","***"))) -> *** | P83: =IF(P82>0.05,"NS",IF(P82>0.01,"*",IF(P82>0.001,"**","***"))) -> *** | Q83: =IF(Q82>0.05,"NS",IF(Q82>0.01,"*",IF(Q82>0.001,"**","***"))) -> *** | R83: ns | S83: ** | T83: *** | U83: *** | V83: ***
B94: =B75/$B$75 -> 1 | C94: =C75/$B$75 -> 2.4019394 | D94: =D75/$B$75 -> 6.8527671 | E94: =E75/$B$75 -> 16.796977 | F94: =F75/$B$75 -> 29.750697 | G94: =G75/$B$75 -> 36.7867 | H94: =H75/$B$75 -> 46.246561 | I94: =I75/$B$75 -> 1.1059017 | ... V94: =V75/$B$75 -> 34.870622
