Workbook

Sheet Front page
A2: R1 | B2: Experiment number : | E2: Date performed :
A3: R2 | B3: Experiment number : | E3: Date performed :
A4: R3 | B4: Experiment number : | E4: Date performed :
A6: Do not fill in | B6: Do not fill in2 | C6: Concentration | D6: Units | E6: Chemical name | F6: Do not fill in3
A7: =IF(ISBLANK(liste_groupe[[#This Row],[Do not fill in2]])," ",IF(ISBLANK(liste_groupe[[#This Row],[Units]]),CONCATENATE(liste_groupe[[#This Row],[Chemical name]],liste_groupe[[#This Row],[Do not fill in3]]),CONCATENATE(liste_groupe[[#This Row],[Chemical name]],"-",liste_groupe[[#This Row],[Concentration]],liste_groupe[[#This Row],[Units]],liste_groupe[[#This Row],[Do not fill in3]]))) -> Solvent control | B7: Control | E7: Solvent control
A8: =IF(ISBLANK(liste_groupe[[#This Row],[Do not fill in2]])," ",IF(ISBLANK(liste_groupe[[#This Row],[Units]]),CONCATENATE(liste_groupe[[#This Row],[Chemical name]],liste_groupe[[#This Row],[Do not fill in3]]),CONCATENATE(liste_groupe[[#This Row],[Chemical name]],"-",liste_groupe[[#This Row],[Concentration]],liste_groupe[[#This Row],[Units]],liste_groupe[[#This Row],[Do not fill in3]]))) -> EE2-33.8ng/L | B8: Control | C8: 33.8 | D8: ng/L | E8: EE2
A9: =IF(ISBLANK(liste_groupe[[#This Row],[Do not fill in2]])," ",IF(ISBLANK(liste_groupe[[#This Row],[Units]]),CONCATENATE(liste_groupe[[#This Row],[Chemical name]],liste_groupe[[#This Row],[Do not fill in3]]),CONCATENATE(liste_groupe[[#This Row],[Chemical name]],"-",liste_groupe[[#This Row],[Concentration]],liste_groupe[[#This Row],[Units]],liste_groupe[[#This Row],[Do not fill in3]]))) -> EE2-50.6ng/L | B9: Control | C9: 50.6 | D9: ng/L | E9: EE2
A10: =IF(ISBLANK(liste_groupe[[#This Row],[Do not fill in2]])," ",IF(ISBLANK(liste_groupe[[#This Row],[Units]]),CONCATENATE(liste_groupe[[#This Row],[Chemical name]],liste_groupe[[#This Row],[Do not fill in3]]),CONCATENATE(liste_groupe[[#This Row],[Chemical name]],"-",liste_groupe[[#This Row],[Concentration]],liste_groupe[[#This Row],[Units]],liste_groupe[[#This Row],[Do not fill in3]]))) -> EE2-76ng/L | B10: Control | C10: 76 | D10: ng/L | E10: EE2
A11: =IF(ISBLANK(liste_groupe[[#This Row],[Do not fill in2]])," ",IF(ISBLANK(liste_groupe[[#This Row],[Units]]),CONCATENATE(liste_groupe[[#This Row],[Chemical name]],liste_groupe[[#This Row],[Do not fill in3]]),CONCATENATE(liste_groupe[[#This Row],[Chemical name]],"-",liste_groupe[[#This Row],[Concentration]],liste_groupe[[#This Row],[Units]],liste_groupe[[#This Row],[Do not fill in3]]))) -> EE2-114ng/L | B11: Control | C11: 114 | D11: ng/L | E11: EE2
A12: =IF(ISBLANK(liste_groupe[[#This Row],[Do not fill in2]])," ",IF(ISBLANK(liste_groupe[[#This Row],[Units]]),CONCATENATE(liste_groupe[[#This Row],[Chemical name]],liste_groupe[[#This Row],[Do not fill in3]]),CONCATENATE(liste_groupe[[#This Row],[Chemical name]],"-",liste_groupe[[#This Row],[Concentration]],liste_groupe[[#This Row],[Units]],liste_groupe[[#This Row],[Do not fill in3]]))) -> EE2-170.9ng/L | B12: Control | C12: 170.9 | D12: ng/L | E12: EE2
A13: =IF(ISBLANK(liste_groupe[[#This Row],[Do not fill in2]])," ",IF(ISBLANK(liste_groupe[[#This Row],[Units]]),CONCATENATE(liste_groupe[[#This Row],[Chemical name]],liste_groupe[[#This Row],[Do not fill in3]]),CONCATENATE(liste_groupe[[#This Row],[Chemical name]],"-",liste_groupe[[#This Row],[Concentration]],liste_groupe[[#This Row],[Units]],liste_groupe[[#This Row],[Do not fill in3]]))) -> EE2-488ng/L | B13: Control | C13: 488 | D13: ng/L | E13: EE2
A14: =IF(ISBLANK(liste_groupe[[#This Row],[Do not fill in2]])," ",IF(ISBLANK(liste_groupe[[#This Row],[Units]]),CONCATENATE(liste_groupe[[#This Row],[Chemical name]],liste_groupe[[#This Row],[Do not fill in3]]),CONCATENATE(liste_groupe[[#This Row],[Chemical name]],"-",liste_groupe[[#This Row],[Concentration]],liste_groupe[[#This Row],[Units]],liste_groupe[[#This Row],[Do not fill in3]]))) -> Estrone-0.04µg/L | B14: test chemical | C14: 0.04 | D14: µg/L | E14: Estrone
A15: =IF(ISBLANK(liste_groupe[[#This Row],[Do not fill in2]])," ",IF(ISBLANK(liste_groupe[[#This Row],[Units]]),CONCATENATE(liste_groupe[[#This Row],[Chemical name]],liste_groupe[[#This Row],[Do not fill in3]]),CONCATENATE(liste_groupe[[#This Row],[Chemical name]],"-",liste_groupe[[#This Row],[Concentration]],liste_groupe[[#This Row],[Units]],liste_groupe[[#This Row],[Do not fill in3]]))) -> Estrone-0.2µg/L | B15: test chemical | C15: 0.2 | D15: µg/L | E15: Estrone
A16: =IF(ISBLANK(liste_groupe[[#This Row],[Do not fill in2]])," ",IF(ISBLANK(liste_groupe[[#This Row],[Units]]),CONCATENATE(liste_groupe[[#This Row],[Chemical name]],liste_groupe[[#This Row],[Do not fill in3]]),CONCATENATE(liste_groupe[[#This Row],[Chemical name]],"-",liste_groupe[[#This Row],[Concentration]],liste_groupe[[#This Row],[Units]],liste_groupe[[#This Row],[Do not fill in3]]))) -> Estrone-1µg/L | B16: test chemical | C16: 1 | D16: µg/L | E16: Estrone
A17: =IF(ISBLANK(liste_groupe[[#This Row],[Do not fill in2]])," ",IF(ISBLANK(liste_groupe[[#This Row],[Units]]),CONCATENATE(liste_groupe[[#This Row],[Chemical name]],liste_groupe[[#This Row],[Do not fill in3]]),CONCATENATE(liste_groupe[[#This Row],[Chemical name]],"-",liste_groupe[[#This Row],[Concentration]],liste_groupe[[#This Row],[Units]],liste_groupe[[#This Row],[Do not fill in3]]))) -> Estrone-5µg/L | B17: test chemical | C17: 5 | D17: µg/L | E17: Estrone
A18: =IF(ISBLANK(liste_groupe[[#This Row],[Do not fill in2]])," ",IF(ISBLANK(liste_groupe[[#This Row],[Units]]),CONCATENATE(liste_groupe[[#This Row],[Chemical name]],liste_groupe[[#This Row],[Do not fill in3]]),CONCATENATE(liste_groupe[[#This Row],[Chemical name]],"-",liste_groupe[[#This Row],[Concentration]],liste_groupe[[#This Row],[Units]],liste_groupe[[#This Row],[Do not fill in3]]))) -> Estrone-25µg/L | B18: test chemical | C18: 25 | D18: µg/L | E18: Estrone
A19: =IF(ISBLANK(liste_groupe[[#This Row],[Do not fill in2]])," ",IF(ISBLANK(liste_groupe[[#This Row],[Units]]),CONCATENATE(liste_groupe[[#This Row],[Chemical name]],liste_groupe[[#This Row],[Do not fill in3]]),CONCATENATE(liste_groupe[[#This Row],[Chemical name]],"-",liste_groupe[[#This Row],[Concentration]],liste_groupe[[#This Row],[Units]],liste_groupe[[#This Row],[Do not fill in3]]))) | B19: test chemical
A20: =IF(ISBLANK(liste_groupe[[#This Row],[Do not fill in2]])," ",IF(ISBLANK(liste_groupe[[#This Row],[Units]]),CONCATENATE(liste_groupe[[#This Row],[Chemical name]],liste_groupe[[#This Row],[Do not fill in3]]),CONCATENATE(liste_groupe[[#This Row],[Chemical name]],"-",liste_groupe[[#This Row],[Concentration]],liste_groupe[[#This Row],[Units]],liste_groupe[[#This Row],[Do not fill in3]]))) | B20: test chemical
A21: =IF(ISBLANK(liste_groupe[[#This Row],[Do not fill in2]])," ",IF(ISBLANK(liste_groupe[[#This Row],[Units]]),CONCATENATE(liste_groupe[[#This Row],[Chemical name]],liste_groupe[[#This Row],[Do not fill in3]]),CONCATENATE(liste_groupe[[#This Row],[Chemical name]],"-",liste_groupe[[#This Row],[Concentration]],liste_groupe[[#This Row],[Units]],liste_groupe[[#This Row],[Do not fill in3]]))) | B21: test chemical
A22: =IF(ISBLANK(liste_groupe[[#This Row],[Do not fill in2]])," ",IF(ISBLANK(liste_groupe[[#This Row],[Units]]),CONCATENATE(liste_groupe[[#This Row],[Chemical name]],liste_groupe[[#This Row],[Do not fill in3]]),CONCATENATE(liste_groupe[[#This Row],[Chemical name]],"-",liste_groupe[[#This Row],[Concentration]],liste_groupe[[#This Row],[Units]],liste_groupe[[#This Row],[Do not fill in3]]))) | B22: test chemical
A23: =IF(ISBLANK(liste_groupe[[#This Row],[Do not fill in2]])," ",IF(ISBLANK(liste_groupe[[#This Row],[Units]]),CONCATENATE(liste_groupe[[#This Row],[Chemical name]],liste_groupe[[#This Row],[Do not fill in3]]),CONCATENATE(liste_groupe[[#This Row],[Chemical name]],"-",liste_groupe[[#This Row],[Concentration]],liste_groupe[[#This Row],[Units]],liste_groupe[[#This Row],[Do not fill in3]]))) | B23: test chemical
A24: =IF(ISBLANK(liste_groupe[[#This Row],[Do not fill in2]])," ",IF(ISBLANK(liste_groupe[[#This Row],[Units]]),CONCATENATE(liste_groupe[[#This Row],[Chemical name]],liste_groupe[[#This Row],[Do not fill in3]]),CONCATENATE(liste_groupe[[#This Row],[Chemical name]],"-",liste_groupe[[#This Row],[Concentration]],liste_groupe[[#This Row],[Units]],liste_groupe[[#This Row],[Do not fill in3]]))) | B24: test chemical
A25: =IF(ISBLANK(liste_groupe[[#This Row],[Do not fill in2]])," ",IF(ISBLANK(liste_groupe[[#This Row],[Units]]),CONCATENATE(liste_groupe[[#This Row],[Chemical name]],liste_groupe[[#This Row],[Do not fill in3]]),CONCATENATE(liste_groupe[[#This Row],[Chemical name]],"-",liste_groupe[[#This Row],[Concentration]],liste_groupe[[#This Row],[Units]],liste_groupe[[#This Row],[Do not fill in3]]))) | B25: test chemical
A26: =IF(ISBLANK(liste_groupe[[#This Row],[Do not fill in2]])," ",IF(ISBLANK(liste_groupe[[#This Row],[Units]]),CONCATENATE(liste_groupe[[#This Row],[Chemical name]],liste_groupe[[#This Row],[Do not fill in3]]),CONCATENATE(liste_groupe[[#This Row],[Chemical name]],"-",liste_groupe[[#This Row],[Concentration]],liste_groupe[[#This Row],[Units]],liste_groupe[[#This Row],[Do not fill in3]]))) | B26: test chemical
A27: =IF(ISBLANK(liste_groupe[[#This Row],[Do not fill in2]])," ",IF(ISBLANK(liste_groupe[[#This Row],[Units]]),CONCATENATE(liste_groupe[[#This Row],[Chemical name]],liste_groupe[[#This Row],[Do not fill in3]]),CONCATENATE(liste_groupe[[#This Row],[Chemical name]],"-",liste_groupe[[#This Row],[Concentration]],liste_groupe[[#This Row],[Units]],liste_groupe[[#This Row],[Do not fill in3]]))) | B27: test chemical
A28: =IF(ISBLANK(liste_groupe[[#This Row],[Do not fill in2]])," ",IF(ISBLANK(liste_groupe[[#This Row],[Units]]),CONCATENATE(liste_groupe[[#This Row],[Chemical name]],liste_groupe[[#This Row],[Do not fill in3]]),CONCATENATE(liste_groupe[[#This Row],[Chemical name]],"-",liste_groupe[[#This Row],[Concentration]],liste_groupe[[#This Row],[Units]],liste_groupe[[#This Row],[Do not fill in3]]))) | B28: test chemical
A29: =IF(ISBLANK(liste_groupe[[#This Row],[Do not fill in2]])," ",IF(ISBLANK(liste_groupe[[#This Row],[Units]]),CONCATENATE(liste_groupe[[#This Row],[Chemical name]],liste_groupe[[#This Row],[Do not fill in3]]),CONCATENATE(liste_groupe[[#This Row],[Chemical name]],"-",liste_groupe[[#This Row],[Concentration]],liste_groupe[[#This Row],[Units]],liste_groupe[[#This Row],[Do not fill in3]]))) | B29: test chemical
A30: =IF(ISBLANK(liste_groupe[[#This Row],[Do not fill in2]])," ",IF(ISBLANK(liste_groupe[[#This Row],[Units]]),CONCATENATE(liste_groupe[[#This Row],[Chemical name]],liste_groupe[[#This Row],[Do not fill in3]]),CONCATENATE(liste_groupe[[#This Row],[Chemical name]],"-",liste_groupe[[#This Row],[Concentration]],liste_groupe[[#This Row],[Units]],liste_groupe[[#This Row],[Do not fill in3]]))) | B30: test chemical
... A34: =IF(ISBLANK(liste_groupe[[#This Row],[Do not fill in2]])," ",IF(ISBLANK(liste_groupe[[#This Row],[Units]]),CONCATENATE(liste_groupe[[#This Row],[Chemical name]],liste_groupe[[#This Row],[Do not fill in3]]),CONCATENATE(liste_groupe[[#This Row],[Chemical name]],"-",liste_groupe[[#This Row],[Concentration]],liste_groupe[[#This Row],[Units]],liste_groupe[[#This Row],[Do not fill in3]]))) | B34: test chemical
A35: =IF(ISBLANK(liste_groupe[[#This Row],[Do not fill in2]])," ",IF(ISBLANK(liste_groupe[[#This Row],[Units]]),CONCATENATE(liste_groupe[[#This Row],[Chemical name]],liste_groupe[[#This Row],[Do not fill in3]]),CONCATENATE(liste_groupe[[#This Row],[Chemical name]],"-",liste_groupe[[#This Row],[Concentration]],liste_groupe[[#This Row],[Units]],liste_groupe[[#This Row],[Do not fill in3]]))) -> Testo -30µg/L | B35: Control | C35: 30 | D35: µg/L | E35: Testo
A36: =IF(ISBLANK(liste_groupe[[#This Row],[Do not fill in2]])," ",IF(ISBLANK(liste_groupe[[#This Row],[Units]]),CONCATENATE(liste_groupe[[#This Row],[Chemical name]],liste_groupe[[#This Row],[Do not fill in3]]),CONCATENATE(liste_groupe[[#This Row],[Chemical name]],"-",liste_groupe[[#This Row],[Concentration]],liste_groupe[[#This Row],[Units]],liste_groupe[[#This Row],[Do not fill in3]]))) -> Testo 30µg/L + EE2 -64ng/L | B36: Control | C36: 64 | D36: ng/L | E36: Testo 30µg/L + EE2
A37: =IF(ISBLANK(liste_groupe[[#This Row],[Do not fill in2]])," ",IF(ISBLANK(liste_groupe[[#This Row],[Units]]),CONCATENATE(liste_groupe[[#This Row],[Chemical name]],liste_groupe[[#This Row],[Do not fill in3]]),CONCATENATE(liste_groupe[[#This Row],[Chemical name]],"-",liste_groupe[[#This Row],[Concentration]],liste_groupe[[#This Row],[Units]],liste_groupe[[#This Row],[Do not fill in3]]))) -> Testo 30µg/L + FAD-10mg/L | B37: Control | C37: 10 | D37: mg/L | E37: Testo 30µg/L + FAD
A38: =IF(ISBLANK(liste_groupe[[#This Row],[Do not fill in2]])," ",IF(ISBLANK(liste_groupe[[#This Row],[Units]]),CONCATENATE(liste_groupe[[#This Row],[Chemical name]],liste_groupe[[#This Row],[Do not fill in3]]),CONCATENATE(liste_groupe[[#This Row],[Chemical name]],"-",liste_groupe[[#This Row],[Concentration]],liste_groupe[[#This Row],[Units]],liste_groupe[[#This Row],[Do not fill in3]]))) -> Estrone-0.04µg/L + Testostérone | B38: =B14 -> test chemical | C38: =C14 -> 0.04 | D38: =D14 -> µg/L | E38: =E14 -> Estrone | F38: + Testostérone
A39: =IF(ISBLANK(liste_groupe[[#This Row],[Do not fill in2]])," ",IF(ISBLANK(liste_groupe[[#This Row],[Units]]),CONCATENATE(liste_groupe[[#This Row],[Chemical name]],liste_groupe[[#This Row],[Do not fill in3]]),CONCATENATE(liste_groupe[[#This Row],[Chemical name]],"-",liste_groupe[[#This Row],[Concentration]],liste_groupe[[#This Row],[Units]],liste_groupe[[#This Row],[Do not fill in3]]))) -> Estrone-0.2µg/L + Testostérone | B39: =B15 -> test chemical | C39: =C15 -> 0.2 | D39: =D15 -> µg/L | E39: =E15 -> Estrone | F39: + Testostérone
A40: =IF(ISBLANK(liste_groupe[[#This Row],[Do not fill in2]])," ",IF(ISBLANK(liste_groupe[[#This Row],[Units]]),CONCATENATE(liste_groupe[[#This Row],[Chemical name]],liste_groupe[[#This Row],[Do not fill in3]]),CONCATENATE(liste_groupe[[#This Row],[Chemical name]],"-",liste_groupe[[#This Row],[Concentration]],liste_groupe[[#This Row],[Units]],liste_groupe[[#This Row],[Do not fill in3]]))) -> Estrone-1µg/L + Testostérone | B40: =B16 -> test chemical | C40: =C16 -> 1 | D40: =D16 -> µg/L | E40: =E16 -> Estrone | F40: + Testostérone
A41: =IF(ISBLANK(liste_groupe[[#This Row],[Do not fill in2]])," ",IF(ISBLANK(liste_groupe[[#This Row],[Units]]),CONCATENATE(liste_groupe[[#This Row],[Chemical name]],liste_groupe[[#This Row],[Do not fill in3]]),CONCATENATE(liste_groupe[[#This Row],[Chemical name]],"-",liste_groupe[[#This Row],[Concentration]],liste_groupe[[#This Row],[Units]],liste_groupe[[#This Row],[Do not fill in3]]))) -> Estrone-5µg/L + Testostérone | B41: =B17 -> test chemical | C41: =C17 -> 5 | D41: =D17 -> µg/L | E41: =E17 -> Estrone | F41: + Testostérone
A42: =IF(ISBLANK(liste_groupe[[#This Row],[Do not fill in2]])," ",IF(ISBLANK(liste_groupe[[#This Row],[Units]]),CONCATENATE(liste_groupe[[#This Row],[Chemical name]],liste_groupe[[#This Row],[Do not fill in3]]),CONCATENATE(liste_groupe[[#This Row],[Chemical name]],"-",liste_groupe[[#This Row],[Concentration]],liste_groupe[[#This Row],[Units]],liste_groupe[[#This Row],[Do not fill in3]]))) -> Estrone-25µg/L + Testostérone | B42: =B18 -> test chemical | C42: =C18 -> 25 | D42: =D18 -> µg/L | E42: =E18 -> Estrone | F42: + Testostérone
A43: =IF(ISBLANK(liste_groupe[[#This Row],[Do not fill in2]])," ",IF(ISBLANK(liste_groupe[[#This Row],[Units]]),CONCATENATE(liste_groupe[[#This Row],[Chemical name]],liste_groupe[[#This Row],[Do not fill in3]]),CONCATENATE(liste_groupe[[#This Row],[Chemical name]],"-",liste_groupe[[#This Row],[Concentration]],liste_groupe[[#This Row],[Units]],liste_groupe[[#This Row],[Do not fill in3]]))) -> 0-00 + Testostérone | B43: =B19 -> test chemical | C43: =C19 -> 0 | D43: =D19 -> 0 | E43: =E19 -> 0 | F43: + Testostérone
A44: =IF(ISBLANK(liste_groupe[[#This Row],[Do not fill in2]])," ",IF(ISBLANK(liste_groupe[[#This Row],[Units]]),CONCATENATE(liste_groupe[[#This Row],[Chemical name]],liste_groupe[[#This Row],[Do not fill in3]]),CONCATENATE(liste_groupe[[#This Row],[Chemical name]],"-",liste_groupe[[#This Row],[Concentration]],liste_groupe[[#This Row],[Units]],liste_groupe[[#This Row],[Do not fill in3]]))) -> 0-00 + Testostérone | B44: =B20 -> test chemical | C44: =C20 -> 0 | D44: =D20 -> 0 | E44: =E20 -> 0 | F44: + Testostérone
A45: =IF(ISBLANK(liste_groupe[[#This Row],[Do not fill in2]])," ",IF(ISBLANK(liste_groupe[[#This Row],[Units]]),CONCATENATE(liste_groupe[[#This Row],[Chemical name]],liste_groupe[[#This Row],[Do not fill in3]]),CONCATENATE(liste_groupe[[#This Row],[Chemical name]],"-",liste_groupe[[#This Row],[Concentration]],liste_groupe[[#This Row],[Units]],liste_groupe[[#This Row],[Do not fill in3]]))) -> 0-00 + Testostérone | B45: =B21 -> test chemical | C45: =C21 -> 0 | D45: =D21 -> 0 | E45: =E21 -> 0 | F45: + Testostérone
A46: =IF(ISBLANK(liste_groupe[[#This Row],[Do not fill in2]])," ",IF(ISBLANK(liste_groupe[[#This Row],[Units]]),CONCATENATE(liste_groupe[[#This Row],[Chemical name]],liste_groupe[[#This Row],[Do not fill in3]]),CONCATENATE(liste_groupe[[#This Row],[Chemical name]],"-",liste_groupe[[#This Row],[Concentration]],liste_groupe[[#This Row],[Units]],liste_groupe[[#This Row],[Do not fill in3]]))) -> 0-00 + Testostérone | B46: =B22 -> test chemical | C46: =C22 -> 0 | D46: =D22 -> 0 | E46: =E22 -> 0 | F46: + Testostérone
A47: =IF(ISBLANK(liste_groupe[[#This Row],[Do not fill in2]])," ",IF(ISBLANK(liste_groupe[[#This Row],[Units]]),CONCATENATE(liste_groupe[[#This Row],[Chemical name]],liste_groupe[[#This Row],[Do not fill in3]]),CONCATENATE(liste_groupe[[#This Row],[Chemical name]],"-",liste_groupe[[#This Row],[Concentration]],liste_groupe[[#This Row],[Units]],liste_groupe[[#This Row],[Do not fill in3]]))) -> 0-00 + Testostérone | B47: =B23 -> test chemical | C47: =C23 -> 0 | D47: =D23 -> 0 | E47: =E23 -> 0 | F47: + Testostérone
A48: =IF(ISBLANK(liste_groupe[[#This Row],[Do not fill in2]])," ",IF(ISBLANK(liste_groupe[[#This Row],[Units]]),CONCATENATE(liste_groupe[[#This Row],[Chemical name]],liste_groupe[[#This Row],[Do not fill in3]]),CONCATENATE(liste_groupe[[#This Row],[Chemical name]],"-",liste_groupe[[#This Row],[Concentration]],liste_groupe[[#This Row],[Units]],liste_groupe[[#This Row],[Do not fill in3]]))) -> 0-00 + Testostérone | B48: =B24 -> test chemical | C48: =C24 -> 0 | D48: =D24 -> 0 | E48: =E24 -> 0 | F48: + Testostérone
A49: =IF(ISBLANK(liste_groupe[[#This Row],[Do not fill in2]])," ",IF(ISBLANK(liste_groupe[[#This Row],[Units]]),CONCATENATE(liste_groupe[[#This Row],[Chemical name]],liste_groupe[[#This Row],[Do not fill in3]]),CONCATENATE(liste_groupe[[#This Row],[Chemical name]],"-",liste_groupe[[#This Row],[Concentration]],liste_groupe[[#This Row],[Units]],liste_groupe[[#This Row],[Do not fill in3]]))) -> 0-00 + Testostérone | B49: =B25 -> test chemical | C49: =C25 -> 0 | D49: =D25 -> 0 | E49: =E25 -> 0 | F49: + Testostérone
... A57: =IF(ISBLANK(liste_groupe[[#This Row],[Do not fill in2]])," ",IF(ISBLANK(liste_groupe[[#This Row],[Units]]),CONCATENATE(liste_groupe[[#This Row],[Chemical name]],liste_groupe[[#This Row],[Do not fill in3]]),CONCATENATE(liste_groupe[[#This Row],[Chemical name]],"-",liste_groupe[[#This Row],[Concentration]],liste_groupe[[#This Row],[Units]],liste_groupe[[#This Row],[Do not fill in3]]))) -> 0-00 + Testostérone | B57: =B33 -> test chemical | C57: =C33 -> 0 | D57: =D33 -> 0 | E57: =E33 -> 0 | F57: + Testostérone

Sheet Feuil1
A1: R1 Start of the exposure: 15h45 (09.02.2022) start of reading : 15h30 (10.02.2022) (end of the reading 18h30)
A4: In the group Testo + Fadrozole : only 7 pictures because a technical problem when the picture was saved (half of the picture is gray). We can get rid of the value or do another analysis with a croped picture?
A8: R2 : Start of the exposure : 10.02, start of reading 12h until 15h
A10: 6 deads in the Estrone 25 mg/L well, the 2 remaining embryos was close to death. And not light up at all
A12: In the embryos used for R1 did not looked nice : 1/3 hatched correctly, 1/3 hatched with a curved spine, 1/3 didnt hatched at jpf7

Sheet R1
A3: R1 | B3: Unspiked | O3: Testosterone spiked
A4: Group names | B4: ='Front page'!A7 -> Solvent control | C4: ='Front page'!A8 -> EE2-33.8ng/L | D4: ='Front page'!A9 -> EE2-50.6ng/L | E4: ='Front page'!A10 -> EE2-76ng/L | F4: ='Front page'!A11 -> EE2-114ng/L | G4: ='Front page'!A12 -> EE2-170.9ng/L | H4: ='Front page'!A13 -> EE2-488ng/L | I4: ='Front page'!A14 -> Estrone-0.04µg/L | J4: ='Front page'!A15 -> Estrone-0.2µg/L | K4: ='Front page'!A16 -> Estrone-1µg/L | L4: ='Front page'!A17 -> Estrone-5µg/L | M4: ='Front page'!A18 -> Estrone-25µg/L | O4: ='Front page'!A35 -> Testo -30µg/L | P4: ='Front page'!A36 -> Testo 30µg/L + EE2 -64ng/L | Q4: ='Front page'!A37 -> Testo 30µg/L + FAD-10mg/L | R4: ='Front page'!A38 -> Estrone-0.04µg/L + Testostérone | S4: ='Front page'!A39 -> Estrone-0.2µg/L + Testostérone | T4: ='Front page'!A40 -> Estrone-1µg/L + Testostérone | U4: ='Front page'!A41 -> Estrone-5µg/L + Testostérone | V4: ='Front page'!A42 -> Estrone-25µg/L + Testostérone
A5: Raw data | B5: 460516 | C5: 154767 | D5: 304641 | E5: 767946 | F5: 3499126 | G5: 4065868 | H5: 6216468 | I5: 120140 | J5: 17127 | K5: 43276 | L5: 7350933 | M5: 10218264 | O5: 1208389 | P5: 4341670 | Q5: 59694 | R5: 1028627 | S5: 2288918 | T5: 4605139 | U5: 8227139 | V5: 6832148
B6: 121006 | C6: 34380 | D6: 217309 | E6: 197269 | F6: 2089830 | G6: 2699167 | H6: 8594881 | I6: 466554 | J6: 65450 | K6: 1577835 | L6: 4948028 | M6: 2031029 | O6: 610108 | P6: 1061513 | Q6: 193297 | R6: 3537944 | S6: 3909521 | T6: 7139065 | U6: 9532429 | V6: 5647024
B7: 40550 | C7: 360721 | D7: 146880 | E7: 597346 | F7: 1407147 | G7: 2824200 | H7: 8636929 | I7: 221890 | J7: 124360 | K7: 187670 | L7: 6830685 | M7: 10207333 | O7: 1051750 | P7: 6575230 | Q7: 509042 | R7: 3585093 | S7: 5050297 | T7: 2959656 | U7: 3061895 | V7: 9941655
B8: 53094 | C8: 344097 | D8: 748608 | E8: 302042 | F8: 3407131 | G8: 4204638 | H8: 8970874 | I8: 22654 | J8: 99056 | K8: 601125 | L8: 6970468 | M8: 9296723 | O8: 2595395 | P8: 5892886 | Q8: 757127 | R8: 4185361 | S8: 3591559 | T8: 5631530 | U8: 10406767 | V8: 8117949
B9: 75087 | C9: 77787 | D9: 234915 | E9: 700636 | F9: 1763103 | G9: 4443005 | H9: 6909642 | I9: 77501 | J9: 232367 | K9: 85237 | L9: 4069831 | M9: 11759164 | O9: 2510173 | P9: 6207305 | Q9: 600 | R9: 5178763 | S9: 6572033 | T9: 5108736 | U9: 5756618 | V9: 9521278
B10: 68929 | C10: 6194 | D10: 137492 | E10: 687994 | F10: 700008 | G10: 6553005 | H10: 3075559 | I10: 138073 | J10: 85130 | K10: 710239 | L10: 9605732 | M10: 6824751 | O10: 4189082 | P10: 5587389 | Q10: 72680 | R10: 2780175 | S10: 4362055 | T10: 1594421 | U10: 7961656 | V10: 9507970
B11: 276722 | C11: 131435 | D11: 490774 | E11: 863991 | F11: 4290628 | G11: 3745163 | H11: 10020915 | I11: 384 | J11: 30573 | K11: 86996 | L11: 6274060 | M11: 7589197 | O11: 147960 | P11: 2109787 | Q11: 271968 | R11: 432076 | S11: 913864 | T11: 5483057 | U11: 11349985 | V11: 5671926
B12: 253389 | C12: 11562 | D12: 128915 | E12: 1095426 | G12: 2374348 | H12: 4995155 | I12: 54294 | J12: 22296 | K12: 9588 | L12: 7498810 | M12: 9567521 | O12: 1523142 | P12: 4459517 | Q12: 8017175 | R12: 2150522 | S12: 2001073 | T12: 5423980 | V12: 9029063
O13: 3209674
O14: 3132146
O15: 2576970
O16: 4394890
O17: 2383529
O18: 2117810
O19: 548401
O20: 351225
A22: =A4 -> Group names | B22: =B4 -> Solvent control | C22: =C4 -> EE2-33.8ng/L | D22: =D4 -> EE2-50.6ng/L | E22: =E4 -> EE2-76ng/L | F22: =F4 -> EE2-114ng/L | G22: =G4 -> EE2-170.9ng/L | H22: =H4 -> EE2-488ng/L | ... M22: =M4 -> Estrone-25µg/L | N22: Nom des groupes | O22: =O4 -> Testo -30µg/L | P22: =P4 -> Testo 30µg/L + EE2 -64ng/L | Q22: =Q4 -> Testo 30µg/L + FAD-10mg/L | R22: =R4 -> Estrone-0.04µg/L + Testostérone | S22: =S4 -> Estrone-0.2µg/L + Testostérone | T22: =T4 -> Estrone-1µg/L + Testostérone | U22: =U4 -> Estrone-5µg/L + Testostérone | V22: =V4 -> Estrone-25µg/L + Testostérone
A23: mean | B23: =AVERAGE(B5:B20) -> 168661.62 | C23: =AVERAGE(C5:C20) -> 140117.88 | D23: =AVERAGE(D5:D20) -> 301191.75 | E23: =AVERAGE(E5:E20) -> 651581.25 | F23: =AVERAGE(F5:F20) -> 2450996.1 | G23: =AVERAGE(G5:G20) -> 3863674.2 | H23: =AVERAGE(H5:H20) -> 7177552.9 | I23: =AVERAGE(I5:I20) -> 137686.25 | ... M23: =AVERAGE(M5:M20) -> 8436747.8 | N23: mean | O23: =AVERAGE(O5:O20) -> 2034415.2 | P23: =AVERAGE(P5:P20) -> 4529412.1 | Q23: =AVERAGE(Q5:Q20) -> 1235197.9 | R23: =AVERAGE(R5:R20) -> 2859820.1 | S23: =AVERAGE(S5:S20) -> 3586165 | T23: =AVERAGE(T5:T20) -> 4743198 | U23: =AVERAGE(U5:U20) -> 8042355.6 | V23: =AVERAGE(V5:V20) -> 8033626.6
A24: SD | B24: =STDEV(B5:B20) -> 148697.72 | C24: =STDEV(C5:C20) -> 141467.34 | D24: =STDEV(D5:D20) -> 216416.45 | E24: =STDEV(E5:E20) -> 290543.3 | F24: =STDEV(F5:F20) -> 1301040.2 | G24: =STDEV(G5:G20) -> 1330627.4 | H24: =STDEV(H5:H20) -> 2330664.6 | I24: =STDEV(I5:I20) -> 150339.21 | ... M24: =STDEV(M5:M20) -> 3016988.5 | N24: SD | O24: =STDEV(O5:O20) -> 1324210.5 | P24: =STDEV(P5:P20) -> 1996429.5 | Q24: =STDEV(Q5:Q20) -> 2752192 | R24: =STDEV(R5:R20) -> 1598083 | S24: =STDEV(S5:S20) -> 1816678.4 | T24: =STDEV(T5:T20) -> 1723313.5 | U24: =STDEV(U5:U20) -> 2852525.6 | V24: =STDEV(V5:V20) -> 1762401.9
B26: Unspiked | O26: Testosterone spiked
A27: =A4 -> Group names | B27: =B4 -> Solvent control | C27: =C4 -> EE2-33.8ng/L | D27: =D4 -> EE2-50.6ng/L | E27: =E4 -> EE2-76ng/L | F27: =F4 -> EE2-114ng/L | G27: =G4 -> EE2-170.9ng/L | H27: =H4 -> EE2-488ng/L | ... M27: =M4 -> Estrone-25µg/L | O27: =O4 -> Testo -30µg/L | P27: =P4 -> Testo 30µg/L + EE2 -64ng/L | Q27: =Q4 -> Testo 30µg/L + FAD-10mg/L | R27: =R4 -> Estrone-0.04µg/L + Testostérone | S27: =S4 -> Estrone-0.2µg/L + Testostérone | T27: =T4 -> Estrone-1µg/L + Testostérone | U27: =U4 -> Estrone-5µg/L + Testostérone | V27: =V4 -> Estrone-25µg/L + Testostérone
A28: Data normalised to the "Testo" group | B28: =IF(B5="","",(B5/$O$23)) -> 0.22636283 | C28: =IF(C5="","",(C5/$O$23)) -> 0.07607444 | D28: =IF(D5="","",(D5/$O$23)) -> 0.14974377 | E28: =IF(E5="","",(E5/$O$23)) -> 0.37747751 | F28: =IF(F5="","",(F5/$O$23)) -> 1.7199665 | G28: =IF(G5="","",(G5/$O$23)) -> 1.9985438 | H28: =IF(H5="","",(H5/$O$23)) -> 3.0556535 | I28: =IF(I5="","",(I5/$O$23)) -> 0.059053824 | ... M28: =IF(M5="","",(M5/$O$23)) -> 5.0227032 | O28: =IF(O5="","",(O5/$O$23)) -> 0.59397362 | P28: =IF(P5="","",(P5/$O$23)) -> 2.134112 | Q28: =IF(Q5="","",(Q5/$O$23)) -> 0.029342092 | R28: =IF(R5="","",(R5/$O$23)) -> 0.5056131 | S28: =IF(S5="","",(S5/$O$23)) -> 1.1250987 | T28: =IF(T5="","",(T5/$O$23)) -> 2.263618 | U28: =IF(U5="","",(U5/$O$23)) -> 4.0439822 | V28: =IF(V5="","",(V5/$O$23)) -> 3.3582859
B29: =IF(B6="","",(B6/$O$23)) -> 0.059479499 | C29: =IF(C6="","",(C6/$O$23)) -> 0.016899205 | D29: =IF(D6="","",(D6/$O$23)) -> 0.10681644 | E29: =IF(E6="","",(E6/$O$23)) -> 0.096965946 | F29: =IF(F6="","",(F6/$O$23)) -> 1.0272387 | G29: =IF(G6="","",(G6/$O$23)) -> 1.3267532 | H29: =IF(H6="","",(H6/$O$23)) -> 4.2247427 | I29: =IF(I6="","",(I6/$O$23)) -> 0.22933076 | ... M29: =IF(M6="","",(M6/$O$23)) -> 0.99833552 | O29: =IF(O6="","",(O6/$O$23)) -> 0.29989354 | P29: =IF(P6="","",(P6/$O$23)) -> 0.52177794 | Q29: =IF(Q6="","",(Q6/$O$23)) -> 0.095013543 | R29: =IF(R6="","",(R6/$O$23)) -> 1.7390471 | S29: =IF(S6="","",(S6/$O$23)) -> 1.9216927 | T29: =IF(T6="","",(T6/$O$23)) -> 3.5091484 | U29: =IF(U6="","",(U6/$O$23)) -> 4.6855867 | V29: =IF(V6="","",(V6/$O$23)) -> 2.775748
B30: =IF(B7="","",(B7/$O$23)) -> 0.019932017 | C30: =IF(C7="","",(C7/$O$23)) -> 0.17730943 | D30: =IF(D7="","",(D7/$O$23)) -> 0.07219765 | E30: =IF(E7="","",(E7/$O$23)) -> 0.29362049 | F30: =IF(F7="","",(F7/$O$23)) -> 0.69167148 | G30: =IF(G7="","",(G7/$O$23)) -> 1.3882122 | H30: =IF(H7="","",(H7/$O$23)) -> 4.2454111 | I30: =IF(I7="","",(I7/$O$23)) -> 0.1090682 | ... M30: =IF(M7="","",(M7/$O$23)) -> 5.0173302 | O30: =IF(O7="","",(O7/$O$23)) -> 0.51697902 | P30: =IF(P7="","",(P7/$O$23)) -> 3.232 | Q30: =IF(Q7="","",(Q7/$O$23)) -> 0.25021539 | R30: =IF(R7="","",(R7/$O$23)) -> 1.7622228 | S30: =IF(S7="","",(S7/$O$23)) -> 2.4824317 | T30: =IF(T7="","",(T7/$O$23)) -> 1.4547944 | U30: =IF(U7="","",(U7/$O$23)) -> 1.5050492 | V30: =IF(V7="","",(V7/$O$23)) -> 4.8867383
B31: =IF(B8="","",(B8/$O$23)) -> 0.026097917 | C31: =IF(C8="","",(C8/$O$23)) -> 0.16913804 | D31: =IF(D8="","",(D8/$O$23)) -> 0.36797207 | E31: =IF(E8="","",(E8/$O$23)) -> 0.14846625 | F31: =IF(F8="","",(F8/$O$23)) -> 1.6747471 | G31: =IF(G8="","",(G8/$O$23)) -> 2.0667551 | H31: =IF(H8="","",(H8/$O$23)) -> 4.409559 | I31: =IF(I8="","",(I8/$O$23)) -> 0.011135386 | ... M31: =IF(M8="","",(M8/$O$23)) -> 4.5697273 | O31: =IF(O8="","",(O8/$O$23)) -> 1.275745 | P31: =IF(P8="","",(P8/$O$23)) -> 2.8965994 | Q31: =IF(Q8="","",(Q8/$O$23)) -> 0.37215952 | R31: =IF(R8="","",(R8/$O$23)) -> 2.0572796 | S31: =IF(S8="","",(S8/$O$23)) -> 1.7654011 | T31: =IF(T8="","",(T8/$O$23)) -> 2.768132 | U31: =IF(U8="","",(U8/$O$23)) -> 5.1153603 | V31: =IF(V8="","",(V8/$O$23)) -> 3.9903107
B32: =IF(B9="","",(B9/$O$23)) -> 0.036908394 | C32: =IF(C9="","",(C9/$O$23)) -> 0.038235557 | D32: =IF(D9="","",(D9/$O$23)) -> 0.11547053 | E32: =IF(E9="","",(E9/$O$23)) -> 0.34439183 | F32: =IF(F9="","",(F9/$O$23)) -> 0.86663871 | G32: =IF(G9="","",(G9/$O$23)) -> 2.1839224 | H32: =IF(H9="","",(H9/$O$23)) -> 3.3963774 | I32: =IF(I9="","",(I9/$O$23)) -> 0.038094976 | ... M32: =IF(M9="","",(M9/$O$23)) -> 5.7801199 | O32: =IF(O9="","",(O9/$O$23)) -> 1.2338548 | P32: =IF(P9="","",(P9/$O$23)) -> 3.0511495 | Q32: =IF(Q9="","",(Q9/$O$23)) -> 0.00029492504 | R32: =IF(R9="","",(R9/$O$23)) -> 2.5455781 | S32: =IF(S9="","",(S9/$O$23)) -> 3.2304285 | T32: =IF(T9="","",(T9/$O$23)) -> 2.511157 | U32: =IF(U9="","",(U9/$O$23)) -> 2.829618 | V32: =IF(V9="","",(V9/$O$23)) -> 4.6801055
B33: =IF(B10="","",(B10/$O$23)) -> 0.03388148 | C33: =IF(C10="","",(C10/$O$23)) -> 0.0030446095 | D33: =IF(D10="","",(D10/$O$23)) -> 0.067583056 | E33: =IF(E10="","",(E10/$O$23)) -> 0.33817776 | F33: =IF(F10="","",(F10/$O$23)) -> 0.34408315 | G33: =IF(G10="","",(G10/$O$23)) -> 3.2210754 | H33: =IF(H10="","",(H10/$O$23)) -> 1.5117656 | I33: =IF(I10="","",(I10/$O$23)) -> 0.067868642 | ... M33: =IF(M10="","",(M10/$O$23)) -> 3.3546499 | O33: =IF(O10="","",(O10/$O$23)) -> 2.0591086 | P33: =IF(P10="","",(P10/$O$23)) -> 2.7464349 | Q33: =IF(Q10="","",(Q10/$O$23)) -> 0.035725253 | R33: =IF(R10="","",(R10/$O$23)) -> 1.366572 | S33: =IF(S10="","",(S10/$O$23)) -> 2.1441321 | T33: =IF(T10="","",(T10/$O$23)) -> 0.78372446 | U33: =IF(U10="","",(U10/$O$23)) -> 3.9134862 | V33: =IF(V10="","",(V10/$O$23)) -> 4.6735641
B34: =IF(B11="","",(B11/$O$23)) -> 0.13602041 | C34: =IF(C11="","",(C11/$O$23)) -> 0.064605788 | D34: =IF(D11="","",(D11/$O$23)) -> 0.2412359 | E34: =IF(E11="","",(E11/$O$23)) -> 0.42468763 | F34: =IF(F11="","",(F11/$O$23)) -> 2.1090227 | G34: =IF(G11="","",(G11/$O$23)) -> 1.8409039 | H34: =IF(H11="","",(H11/$O$23)) -> 4.9256979 | I34: =IF(I11="","",(I11/$O$23)) -> 0.00018875203 | ... M34: =IF(M11="","",(M11/$O$23)) -> 3.7304071 | O34: =IF(O11="","",(O11/$O$23)) -> 0.072728515 | P34: =IF(P11="","",(P11/$O$23)) -> 1.0370484 | Q34: =IF(Q11="","",(Q11/$O$23)) -> 0.13368362 | R34: =IF(R11="","",(R11/$O$23)) -> 0.21238339 | S34: =IF(S11="","",(S11/$O$23)) -> 0.4492023 | T34: =IF(T11="","",(T11/$O$23)) -> 2.6951513 | U34: =IF(U11="","",(U11/$O$23)) -> 5.5789913 | V34: =IF(V11="","",(V11/$O$23)) -> 2.7879883
B35: =IF(B12="","",(B12/$O$23)) -> 0.12455127 | C35: =IF(C12="","",(C12/$O$23)) -> 0.0056832055 | D35: =IF(D12="","",(D12/$O$23)) -> 0.063367103 | E35: =IF(E12="","",(E12/$O$23)) -> 0.5384476 | F35: =IF(F12="","",(F12/$O$23)) | G35: =IF(G12="","",(G12/$O$23)) -> 1.1670911 | H35: =IF(H12="","",(H12/$O$23)) -> 2.4553272 | I35: =IF(I12="","",(I12/$O$23)) -> 0.026687767 | ... M35: =IF(M12="","",(M12/$O$23)) -> 4.7028359 | O35: =IF(O12="","",(O12/$O$23)) -> 0.74868786 | P35: =IF(P12="","",(P12/$O$23)) -> 2.1920387 | Q35: =IF(Q12="","",(Q12/$O$23)) -> 3.9407761 | R35: =IF(R12="","",(R12/$O$23)) -> 1.0570713 | S35: =IF(S12="","",(S12/$O$23)) -> 0.98361089 | T35: =IF(T12="","",(T12/$O$23)) -> 2.6661125 | U35: =IF(U12="","",(U12/$O$23)) | V35: =IF(V12="","",(V12/$O$23)) -> 4.4381613
B36: =IF(B13="","",(B13/$O$23)) | C36: =IF(C13="","",(C13/$O$23)) | D36: =IF(D13="","",(D13/$O$23)) | E36: =IF(E13="","",(E13/$O$23)) | F36: =IF(F13="","",(F13/$O$23)) | G36: =IF(G13="","",(G13/$O$23)) | H36: =IF(H13="","",(H13/$O$23)) | I36: =IF(I13="","",(I13/$O$23)) | ... M36: =IF(M13="","",(M13/$O$23)) | O36: =IF(O13="","",(O13/$O$23)) -> 1.5776887 | P36: =IF(P13="","",(P13/$O$23)) | Q36: =IF(Q13="","",(Q13/$O$23)) | R36: =IF(R13="","",(R13/$O$23)) | S36: =IF(S13="","",(S13/$O$23)) | T36: =IF(T13="","",(T13/$O$23)) | U36: =IF(U13="","",(U13/$O$23)) | V36: =IF(V13="","",(V13/$O$23))
B37: =IF(B14="","",(B14/$O$23)) | C37: =IF(C14="","",(C14/$O$23)) | D37: =IF(D14="","",(D14/$O$23)) | E37: =IF(E14="","",(E14/$O$23)) | F37: =IF(F14="","",(F14/$O$23)) | G37: =IF(G14="","",(G14/$O$23)) | H37: =IF(H14="","",(H14/$O$23)) | I37: =IF(I14="","",(I14/$O$23)) | ... M37: =IF(M14="","",(M14/$O$23)) | O37: =IF(O14="","",(O14/$O$23)) -> 1.5395805 | P37: =IF(P14="","",(P14/$O$23)) | Q37: =IF(Q14="","",(Q14/$O$23)) | R37: =IF(R14="","",(R14/$O$23)) | S37: =IF(S14="","",(S14/$O$23)) | T37: =IF(T14="","",(T14/$O$23)) | U37: =IF(U14="","",(U14/$O$23)) | V37: =IF(V14="","",(V14/$O$23))
B38: =IF(B15="","",(B15/$O$23)) | C38: =IF(C15="","",(C15/$O$23)) | D38: =IF(D15="","",(D15/$O$23)) | E38: =IF(E15="","",(E15/$O$23)) | F38: =IF(F15="","",(F15/$O$23)) | G38: =IF(G15="","",(G15/$O$23)) | H38: =IF(H15="","",(H15/$O$23)) | I38: =IF(I15="","",(I15/$O$23)) | ... M38: =IF(M15="","",(M15/$O$23)) | O38: =IF(O15="","",(O15/$O$23)) -> 1.2666883 | P38: =IF(P15="","",(P15/$O$23)) | Q38: =IF(Q15="","",(Q15/$O$23)) | R38: =IF(R15="","",(R15/$O$23)) | S38: =IF(S15="","",(S15/$O$23)) | T38: =IF(T15="","",(T15/$O$23)) | U38: =IF(U15="","",(U15/$O$23)) | V38: =IF(V15="","",(V15/$O$23))
B39: =IF(B16="","",(B16/$O$23)) | C39: =IF(C16="","",(C16/$O$23)) | D39: =IF(D16="","",(D16/$O$23)) | E39: =IF(E16="","",(E16/$O$23)) | F39: =IF(F16="","",(F16/$O$23)) | G39: =IF(G16="","",(G16/$O$23)) | H39: =IF(H16="","",(H16/$O$23)) | I39: =IF(I16="","",(I16/$O$23)) | ... M39: =IF(M16="","",(M16/$O$23)) | O39: =IF(O16="","",(O16/$O$23)) -> 2.1602719 | P39: =IF(P16="","",(P16/$O$23)) | Q39: =IF(Q16="","",(Q16/$O$23)) | R39: =IF(R16="","",(R16/$O$23)) | S39: =IF(S16="","",(S16/$O$23)) | T39: =IF(T16="","",(T16/$O$23)) | U39: =IF(U16="","",(U16/$O$23)) | V39: =IF(V16="","",(V16/$O$23))
B40: =IF(B17="","",(B17/$O$23)) | C40: =IF(C17="","",(C17/$O$23)) | D40: =IF(D17="","",(D17/$O$23)) | E40: =IF(E17="","",(E17/$O$23)) | F40: =IF(F17="","",(F17/$O$23)) | G40: =IF(G17="","",(G17/$O$23)) | H40: =IF(H17="","",(H17/$O$23)) | I40: =IF(I17="","",(I17/$O$23)) | ... M40: =IF(M17="","",(M17/$O$23)) | O40: =IF(O17="","",(O17/$O$23)) -> 1.171604 | P40: =IF(P17="","",(P17/$O$23)) | Q40: =IF(Q17="","",(Q17/$O$23)) | R40: =IF(R17="","",(R17/$O$23)) | S40: =IF(S17="","",(S17/$O$23)) | T40: =IF(T17="","",(T17/$O$23)) | U40: =IF(U17="","",(U17/$O$23)) | V40: =IF(V17="","",(V17/$O$23))
... B43: =IF(B20="","",(B20/$O$23)) | C43: =IF(C20="","",(C20/$O$23)) | D43: =IF(D20="","",(D20/$O$23)) | E43: =IF(E20="","",(E20/$O$23)) | F43: =IF(F20="","",(F20/$O$23)) | G43: =IF(G20="","",(G20/$O$23)) | H43: =IF(H20="","",(H20/$O$23)) | I43: =IF(I20="","",(I20/$O$23)) | ... M43: =IF(M20="","",(M20/$O$23)) | O43: =IF(O20="","",(O20/$O$23)) -> 0.17264175 | P43: =IF(P20="","",(P20/$O$23)) | Q43: =IF(Q20="","",(Q20/$O$23)) | R43: =IF(R20="","",(R20/$O$23)) | S43: =IF(S20="","",(S20/$O$23)) | T43: =IF(T20="","",(T20/$O$23)) | U43: =IF(U20="","",(U20/$O$23)) | V43: =IF(V20="","",(V20/$O$23))
A45: =A4 -> Group names | B45: =B4 -> Solvent control | C45: =C4 -> EE2-33.8ng/L | D45: =D4 -> EE2-50.6ng/L | E45: =E4 -> EE2-76ng/L | F45: =F4 -> EE2-114ng/L | G45: =G4 -> EE2-170.9ng/L | H45: =H4 -> EE2-488ng/L | ... M45: =M4 -> Estrone-25µg/L | N45: =N22 -> Nom des groupes | O45: =O4 -> Testo -30µg/L | P45: =P4 -> Testo 30µg/L + EE2 -64ng/L | Q45: =Q4 -> Testo 30µg/L + FAD-10mg/L | R45: =R4 -> Estrone-0.04µg/L + Testostérone | S45: =S4 -> Estrone-0.2µg/L + Testostérone | T45: =T4 -> Estrone-1µg/L + Testostérone | U45: =U4 -> Estrone-5µg/L + Testostérone | V45: =V4 -> Estrone-25µg/L + Testostérone
A46: mean | B46: =AVERAGE(B28:B43) -> 0.082904228 | C46: =AVERAGE(C28:C43) -> 0.068873783 | D46: =AVERAGE(D28:D43) -> 0.14804832 | E46: =AVERAGE(E28:E43) -> 0.32027938 | F46: =AVERAGE(F28:F43) -> 1.2047669 | G46: =AVERAGE(G28:G43) -> 1.8991571 | H46: =AVERAGE(H28:H43) -> 3.5280668 | I46: =AVERAGE(I28:I43) -> 0.067678538 | ... M46: =AVERAGE(M28:M43) -> 4.1470136 | N46: mean | O46: =AVERAGE(O28:O43) -> 1 | P46: =AVERAGE(P28:P43) -> 2.2263951 | Q46: =AVERAGE(Q28:Q43) -> 0.60715131 | R46: =AVERAGE(R28:R43) -> 1.4057209 | S46: =AVERAGE(S28:S43) -> 1.7627498 | T46: =AVERAGE(T28:T43) -> 2.3314798 | U46: =AVERAGE(U28:U43) -> 3.9531534 | V46: =AVERAGE(V28:V43) -> 3.9488628
A47: SD | B47: =STDEV(B28:B43) -> 0.073091134 | C47: =STDEV(C28:C43) -> 0.069537103 | D47: =STDEV(D28:D43) -> 0.10637772 | E47: =STDEV(E28:E43) -> 0.14281416 | F47: =STDEV(F28:F43) -> 0.63951557 | G47: =STDEV(G28:G43) -> 0.65405888 | H47: =STDEV(H28:H43) -> 1.1456189 | I47: =STDEV(I28:I43) -> 0.073897996 | ... M47: =STDEV(M28:M43) -> 1.4829757 | N47: SD | O47: =STDEV(O28:O43) -> 0.65090474 | P47: =STDEV(P28:P43) -> 0.98132839 | Q47: =STDEV(Q28:Q43) -> 1.3528172 | R47: =STDEV(R28:R43) -> 0.78552448 | S47: =STDEV(S28:S43) -> 0.89297325 | T47: =STDEV(T28:T43) -> 0.84708048 | U47: =STDEV(U28:U43) -> 1.4021354 | V47: =STDEV(V28:V43) -> 0.8662941
A48: SEM | B48: =B47/SQRT(COUNT(B28:B43)) -> 0.025841618 | C48: =C47/SQRT(COUNT(C28:C43)) -> 0.024585079 | D48: =D47/SQRT(COUNT(D28:D43)) -> 0.037610202 | E48: =E47/SQRT(COUNT(E28:E43)) -> 0.050492429 | F48: =F47/SQRT(COUNT(F28:F43)) -> 0.24171416 | G48: =G47/SQRT(COUNT(G28:G43)) -> 0.23124473 | H48: =H47/SQRT(COUNT(H28:H43)) -> 0.40503745 | I48: =I47/SQRT(COUNT(I28:I43)) -> 0.026126887 | ... M48: =M47/SQRT(COUNT(M28:M43)) -> 0.5243111 | N48: SEM | O48: =O47/SQRT(COUNT(O28:O43)) -> 0.16272619 | P48: =P47/SQRT(COUNT(P28:P43)) -> 0.34695198 | Q48: =Q47/SQRT(COUNT(Q28:Q43)) -> 0.47829312 | R48: =R47/SQRT(COUNT(R28:R43)) -> 0.27772484 | S48: =S47/SQRT(COUNT(S28:S43)) -> 0.31571372 | T48: =T47/SQRT(COUNT(T28:T43)) -> 0.29948818 | U48: =U47/SQRT(COUNT(U28:U43)) -> 0.52995736 | V48: =V47/SQRT(COUNT(V28:V43)) -> 0.30628122
A52: =A27 -> Group names | B52: =B27 -> Solvent control | C52: =C27 -> EE2-33.8ng/L | D52: =D27 -> EE2-50.6ng/L | E52: =E27 -> EE2-76ng/L | F52: =F27 -> EE2-114ng/L | G52: =G27 -> EE2-170.9ng/L | H52: =H27 -> EE2-488ng/L | I52: =I4 -> Estrone-0.04µg/L | J52: =J4 -> Estrone-0.2µg/L | K52: =K27 -> Estrone-1µg/L | L52: =L27 -> Estrone-5µg/L | M52: =M27 -> Estrone-25µg/L | O52: =O27 -> Testo -30µg/L | P52: =P27 -> Testo 30µg/L + EE2 -64ng/L | Q52: =Q27 -> Testo 30µg/L + FAD-10mg/L | R52: =R27 -> Estrone-0.04µg/L + Testostérone | S52: =S27 -> Estrone-0.2µg/L + Testostérone | T52: =T27 -> Estrone-1µg/L + Testostérone | U52: =U27 -> Estrone-5µg/L + Testostérone | V52: =V27 -> Estrone-25µg/L + Testostérone
A53: Mean | B53: =B46 -> 0.082904228 | C53: =C46 -> 0.068873783 | D53: =D46 -> 0.14804832 | E53: =E46 -> 0.32027938 | F53: =F46 -> 1.2047669 | G53: =G46 -> 1.8991571 | H53: =H46 -> 3.5280668 | I53: =I46 -> 0.067678538 | ... M53: =M46 -> 4.1470136 | O53: =O46 -> 1 | P53: =P46 -> 2.2263951 | Q53: =Q46 -> 0.60715131 | R53: =R46 -> 1.4057209 | S53: =S46 -> 1.7627498 | T53: =T46 -> 2.3314798 | U53: =U46 -> 3.9531534 | V53: =V46 -> 3.9488628
A54: SEM | B54: =B48 -> 0.025841618 | C54: =C48 -> 0.024585079 | D54: =D48 -> 0.037610202 | E54: =E48 -> 0.050492429 | F54: =F48 -> 0.24171416 | G54: =G48 -> 0.23124473 | H54: =H48 -> 0.40503745 | I54: =I48 -> 0.026126887 | ... M54: =M48 -> 0.5243111 | O54: =O48 -> 0.16272619 | P54: =P48 -> 0.34695198 | Q54: =Q48 -> 0.47829312 | R54: =R48 -> 0.27772484 | S54: =S48 -> 0.31571372 | T54: =T48 -> 0.29948818 | U54: =U48 -> 0.52995736 | V54: =V48 -> 0.30628122
A55: % induction | B55: =(B53*100/$B$53)-100 -> 0 | C55: =(C53*100/$B$53)-100 -> -16.923678 | D55: =(D53*100/$B$53)-100 -> 78.577522 | E55: =(E53*100/$B$53)-100 -> 286.32454 | F55: =(F53*100/$B$53)-100 -> 1353.2032 | G55: =(G53*100/$B$53)-100 -> 2190.7844 | H55: =(H53*100/$B$53)-100 -> 4155.5933 | I55: =(I53*100/$B$53)-100 -> -18.365396 | ... M55: =(M53*100/$B$53)-100 -> 4902.1739 | O55: =(O53*100/$O$53)-100 -> 0 | P55: =(P53*100/$O$53)-100 -> 122.63951 | Q55: =(Q53*100/$O$53)-100 -> -39.284869 | R55: =(R53*100/$O$53)-100 -> 40.572094 | S55: =(S53*100/$O$53)-100 -> 76.274976 | T55: =(T53*100/$O$53)-100 -> 133.14798 | U55: =(U53*100/$O$53)-100 -> 295.31534 | V55: =(V53*100/$O$53)-100 -> 294.88628
A56: Normality test : p value | B56: =[1]!SWTEST(B28:B43) -> #NAME? | C56: =[1]!SWTEST(C28:C43) -> #NAME? | D56: =[1]!SWTEST(D28:D43) -> #NAME? | E56: =[1]!SWTEST(E28:E43) -> #NAME? | F56: =[1]!SWTEST(F28:F43) -> #NAME? | G56: =[1]!SWTEST(G28:G43) -> #NAME? | H56: =[1]!SWTEST(H28:H43) -> #NAME? | I56: =[1]!SWTEST(I28:I43) -> #NAME? | ... M56: =[1]!SWTEST(M28:M43) -> #NAME? | O56: =[1]!SWTEST(O28:O43) -> #NAME? | P56: =[1]!SWTEST(P28:P43) -> #NAME? | Q56: =[1]!SWTEST(Q28:Q43) -> #NAME? | R56: =[1]!SWTEST(R28:R43) -> #NAME? | S56: =[1]!SWTEST(S28:S43) -> #NAME? | T56: =[1]!SWTEST(T28:T43) -> #NAME? | U56: =[1]!SWTEST(U28:U43) -> #NAME? | V56: =[1]!SWTEST(V28:V43) -> #NAME?
A57: Normality test : normal distibution? | B57: =IF(B56>0.05,"Oui","Non") -> #NAME? | C57: =IF(C56>0.05,"Oui","Non") -> #NAME? | D57: =IF(D56>0.05,"Oui","Non") -> #NAME? | E57: =IF(E56>0.05,"Oui","Non") -> #NAME? | F57: =IF(F56>0.05,"Oui","Non") -> #NAME? | G57: =IF(G56>0.05,"Oui","Non") -> #NAME? | H57: =IF(H56>0.05,"Oui","Non") -> #NAME? | I57: =IF(I56>0.05,"Oui","Non") -> #NAME? | ... M57: =IF(M56>0.05,"Oui","Non") -> #NAME? | O57: =IF(O56>0.05,"Oui","Non") -> #NAME? | P57: =IF(P56>0.05,"Oui","Non") -> #NAME? | Q57: =IF(Q56>0.05,"Oui","Non") -> #NAME? | R57: =IF(R56>0.05,"Oui","Non") -> #NAME? | S57: =IF(S56>0.05,"Oui","Non") -> #NAME? | T57: =IF(T56>0.05,"Oui","Non") -> #NAME? | U57: =IF(U56>0.05,"Oui","Non") -> #NAME? | V57: =IF(V56>0.05,"Oui","Non") -> #NAME?
A59: Statistical test used | C59: =IF($B57="Non",IF(C$57="Non","Mann Withney",IF(C$57="Oui","Mann Withney","")),IF($B$57="Oui",IF(C$57="Oui","T-Test Welch",IF(C$57="Non","Mann Withney","")))) -> #NAME? | D59: =IF($B57="Non",IF(D$57="Non","Mann Withney",IF(D$57="Oui","Mann Withney","")),IF($B$57="Oui",IF(D$57="Oui","T-Test Welch",IF(D$57="Non","Mann Withney","")))) -> #NAME? | E59: =IF($B57="Non",IF(E$57="Non","Mann Withney",IF(E$57="Oui","Mann Withney","")),IF($B$57="Oui",IF(E$57="Oui","T-Test Welch",IF(E$57="Non","Mann Withney","")))) -> #NAME? | F59: =IF($B57="Non",IF(F$57="Non","Mann Withney",IF(F$57="Oui","Mann Withney","")),IF($B$57="Oui",IF(F$57="Oui","T-Test Welch",IF(F$57="Non","Mann Withney","")))) -> #NAME? | G59: =IF($B57="Non",IF(G$57="Non","Mann Withney",IF(G$57="Oui","Mann Withney","")),IF($B$57="Oui",IF(G$57="Oui","T-Test Welch",IF(G$57="Non","Mann Withney","")))) -> #NAME? | H59: =IF($B57="Non",IF(H$57="Non","Mann Withney",IF(H$57="Oui","Mann Withney","")),IF($B$57="Oui",IF(H$57="Oui","T-Test Welch",IF(H$57="Non","Mann Withney","")))) -> #NAME? | I59: =IF($B57="Non",IF(I$57="Non","Mann Withney",IF(I$57="Oui","Mann Withney","")),IF($B$57="Oui",IF(I$57="Oui","T-Test Welch",IF(I$57="Non","Mann Withney","")))) -> #NAME? | J59: =IF($B57="Non",IF(J$57="Non","Mann Withney",IF(J$57="Oui","Mann Withney","")),IF($B$57="Oui",IF(J$57="Oui","T-Test Welch",IF(J$57="Non","Mann Withney","")))) -> #NAME? | ... M59: =IF($B57="Non",IF(M$57="Non","Mann Withney",IF(M$57="Oui","Mann Withney","")),IF($B$57="Oui",IF(M$57="Oui","T-Test Welch",IF(M$57="Non","Mann Withney","")))) -> #NAME? | O59: =IF($B57="Non",IF(O$57="Non","Mann Withney",IF(O$57="Oui","Mann Withney","")),IF($B$57="Oui",IF(O$57="Oui","T-Test Welch",IF(O$57="Non","Mann Withney","")))) -> #NAME? | P59: =IF($O57="Non",IF(P$57="Non","Mann Withney",IF(P$57="Oui","Mann Withney","")),IF($O$57="Oui",IF(P$57="Oui","T-Test Welch",IF(P$57="Non","Mann Withney","")))) -> #NAME? | Q59: =IF($O57="Non",IF(Q$57="Non","Mann Withney",IF(Q$57="Oui","Mann Withney","")),IF($O$57="Oui",IF(Q$57="Oui","T-Test Welch",IF(Q$57="Non","Mann Withney","")))) -> #NAME? | R59: =IF($O57="Non",IF(R$57="Non","Mann Withney",IF(R$57="Oui","Mann Withney","")),IF($O$57="Oui",IF(R$57="Oui","T-Test Welch",IF(R$57="Non","Mann Withney","")))) -> #NAME? | S59: =IF($O57="Non",IF(S$57="Non","Mann Withney",IF(S$57="Oui","Mann Withney","")),IF($O$57="Oui",IF(S$57="Oui","T-Test Welch",IF(S$57="Non","Mann Withney","")))) -> #NAME? | T59: =IF($O57="Non",IF(T$57="Non","Mann Withney",IF(T$57="Oui","Mann Withney","")),IF($O$57="Oui",IF(T$57="Oui","T-Test Welch",IF(T$57="Non","Mann Withney","")))) -> #NAME? | U59: =IF($O57="Non",IF(U$57="Non","Mann Withney",IF(U$57="Oui","Mann Withney","")),IF($O$57="Oui",IF(U$57="Oui","T-Test Welch",IF(U$57="Non","Mann Withney","")))) -> #NAME? | V59: =IF($O57="Non",IF(V$57="Non","Mann Withney",IF(V$57="Oui","Mann Withney","")),IF($O$57="Oui",IF(V$57="Oui","T-Test Welch",IF(V$57="Non","Mann Withney","")))) -> #NAME?
A60: Statistical test : p value | C60: =IF(C59="Mann Withney",[1]!MTEST($B28:$B43,C28:C43,2), IF(C59="T-Test Welch",_xlfn.T.TEST($B28:$B43,C28:C43,2,3),"")) -> #NAME? | D60: =IF(D59="Mann Withney",[1]!MTEST($B28:$B43,D28:D43,2), IF(D59="T-Test Welch",_xlfn.T.TEST($B28:$B43,D28:D43,2,3),"")) -> #NAME? | E60: =IF(E59="Mann Withney",[1]!MTEST($B28:$B43,E28:E43,2), IF(E59="T-Test Welch",_xlfn.T.TEST($B28:$B43,E28:E43,2,3),"")) -> #NAME? | F60: =IF(F59="Mann Withney",[1]!MTEST($B28:$B43,F28:F43,2), IF(F59="T-Test Welch",_xlfn.T.TEST($B28:$B43,F28:F43,2,3),"")) -> #NAME? | G60: =IF(G59="Mann Withney",[1]!MTEST($B28:$B43,G28:G43,2), IF(G59="T-Test Welch",_xlfn.T.TEST($B28:$B43,G28:G43,2,3),"")) -> #NAME? | H60: =IF(H59="Mann Withney",[1]!MTEST($B28:$B43,H28:H43,2), IF(H59="T-Test Welch",_xlfn.T.TEST($B28:$B43,H28:H43,2,3),"")) -> #NAME? | I60: =IF(I59="Mann Withney",[1]!MTEST($B28:$B43,I28:I43,2), IF(I59="T-Test Welch",_xlfn.T.TEST($B28:$B43,I28:I43,2,3),"")) -> #NAME? | J60: =IF(J59="Mann Withney",[1]!MTEST($B28:$B43,J28:J43,2), IF(J59="T-Test Welch",_xlfn.T.TEST($B28:$B43,J28:J43,2,3),"")) -> #NAME? | ... M60: =IF(M59="Mann Withney",[1]!MTEST($B28:$B43,M28:M43,2), IF(M59="T-Test Welch",_xlfn.T.TEST($B28:$B43,M28:M43,2,3),"")) -> #NAME? | O60: =IF(O59="Mann Withney",[1]!MTEST($B28:$B43,O28:O43,2), IF(O59="T-Test Welch",_xlfn.T.TEST($B28:$B43,O28:O43,2,3),"")) -> #NAME? | P60: =IF(P59="Mann Withney",[1]!MTEST($O28:$O43,P28:P43,2), IF(P59="T-Test Welch",_xlfn.T.TEST($O28:$O43,P28:P43,2,3),"")) -> #NAME? | Q60: =IF(Q59="Mann Withney",[1]!MTEST($O28:$O43,Q28:Q43,2), IF(Q59="T-Test Welch",_xlfn.T.TEST($O28:$O43,Q28:Q43,2,3),"")) -> #NAME? | R60: =IF(R59="Mann Withney",[1]!MTEST($O28:$O43,R28:R43,2), IF(R59="T-Test Welch",_xlfn.T.TEST($O28:$O43,R28:R43,2,3),"")) -> #NAME? | S60: =IF(S59="Mann Withney",[1]!MTEST($O28:$O43,S28:S43,2), IF(S59="T-Test Welch",_xlfn.T.TEST($O28:$O43,S28:S43,2,3),"")) -> #NAME? | T60: =IF(T59="Mann Withney",[1]!MTEST($O28:$O43,T28:T43,2), IF(T59="T-Test Welch",_xlfn.T.TEST($O28:$O43,T28:T43,2,3),"")) -> #NAME? | U60: =IF(U59="Mann Withney",[1]!MTEST($O28:$O43,U28:U43,2), IF(U59="T-Test Welch",_xlfn.T.TEST($O28:$O43,U28:U43,2,3),"")) -> #NAME? | V60: =IF(V59="Mann Withney",[1]!MTEST($O28:$O43,V28:V43,2), IF(V59="T-Test Welch",_xlfn.T.TEST($O28:$O43,V28:V43,2,3),"")) -> #NAME?
A61: Annotation | C61: =IF(C60>0.05,"NS",IF(C60>0.01,"*",IF(C60>0.001,"**","***"))) -> #NAME? | D61: =IF(D60>0.05,"NS",IF(D60>0.01,"*",IF(D60>0.001,"**","***"))) -> #NAME? | E61: =IF(E60>0.05,"NS",IF(E60>0.01,"*",IF(E60>0.001,"**","***"))) -> #NAME? | F61: =IF(F60>0.05,"NS",IF(F60>0.01,"*",IF(F60>0.001,"**","***"))) -> #NAME? | G61: =IF(G60>0.05,"NS",IF(G60>0.01,"*",IF(G60>0.001,"**","***"))) -> #NAME? | H61: =IF(H60>0.05,"NS",IF(H60>0.01,"*",IF(H60>0.001,"**","***"))) -> #NAME? | I61: =IF(I60>0.05,"NS",IF(I60>0.01,"*",IF(I60>0.001,"**","***"))) -> #NAME? | J61: =IF(J60>0.05,"NS",IF(J60>0.01,"*",IF(J60>0.001,"**","***"))) -> #NAME? | ... M61: =IF(M60>0.05,"NS",IF(M60>0.01,"*",IF(M60>0.001,"**","***"))) -> #NAME? | O61: =IF(O60>0.05,"NS",IF(O60>0.01,"*",IF(O60>0.001,"**","***"))) -> #NAME? | P61: =IF(P60>0.05,"NS",IF(P60>0.01,"*",IF(P60>0.001,"**","***"))) -> #NAME? | Q61: =IF(Q60>0.05,"NS",IF(Q60>0.01,"*",IF(Q60>0.001,"**","***"))) -> #NAME? | R61: =IF(R60>0.05,"NS",IF(R60>0.01,"*",IF(R60>0.001,"**","***"))) -> #NAME? | S61: =IF(S60>0.05,"NS",IF(S60>0.01,"*",IF(S60>0.001,"**","***"))) -> #NAME? | T61: =IF(T60>0.05,"NS",IF(T60>0.01,"*",IF(T60>0.001,"**","***"))) -> #NAME? | U61: =IF(U60>0.05,"NS",IF(U60>0.01,"*",IF(U60>0.001,"**","***"))) -> #NAME? | V61: =IF(V60>0.05,"NS",IF(V60>0.01,"*",IF(V60>0.001,"**","***"))) -> #NAME?

Sheet R2
A3: R2 | B3: Unspiked | O3: Testosterone spiked
A4: Group names | B4: ='Front page'!A7 -> Solvent control | C4: ='Front page'!A8 -> EE2-33.8ng/L | D4: ='Front page'!A9 -> EE2-50.6ng/L | E4: ='Front page'!A10 -> EE2-76ng/L | F4: ='Front page'!A11 -> EE2-114ng/L | G4: ='Front page'!A12 -> EE2-170.9ng/L | H4: ='Front page'!A13 -> EE2-488ng/L | I4: ='Front page'!A14 -> Estrone-0.04µg/L | J4: ='Front page'!A15 -> Estrone-0.2µg/L | K4: ='Front page'!A16 -> Estrone-1µg/L | L4: ='Front page'!A17 -> Estrone-5µg/L | M4: ='Front page'!A18 -> Estrone-25µg/L | O4: ='Front page'!A35 -> Testo -30µg/L | P4: ='Front page'!A36 -> Testo 30µg/L + EE2 -64ng/L | Q4: ='Front page'!A37 -> Testo 30µg/L + FAD-10mg/L | R4: ='Front page'!A38 -> Estrone-0.04µg/L + Testostérone | S4: ='Front page'!A39 -> Estrone-0.2µg/L + Testostérone | T4: ='Front page'!A40 -> Estrone-1µg/L + Testostérone | U4: ='Front page'!A41 -> Estrone-5µg/L + Testostérone | V4: ='Front page'!A42 -> Estrone-25µg/L + Testostérone
A5: Raw data | B5: 305217 | C5: 58590 | D5: 95889 | E5: 3564799 | F5: 1183619 | G5: 4632668 | H5: 4381135 | I5: 248905 | J5: 148896 | K5: 978579 | L5: 6338972 | O5: 4057873 | P5: 6265745 | Q5: 118416 | R5: 4397980 | S5: 3593712 | T5: 2250586 | U5: 6813132 | V5: 10909006
B6: 26943 | C6: 803685 | D6: 1364889 | E6: 1570998 | F6: 9359684 | G6: 6058316 | H6: 6003363 | I6: 78049 | J6: 88161 | K6: 1193809 | L6: 7666578 | O6: 5299284 | P6: 7834906 | Q6: 70832 | R6: 4259943 | S6: 3166045 | T6: 6080131 | U6: 10131885 | V6: 10109318
B7: 544707 | C7: 260148 | D7: 267311 | E7: 1022016 | F7: 6028957 | G7: 2730310 | H7: 10312751 | I7: 41033 | J7: 240187 | K7: 1444052 | L7: 7765633 | O7: 4340526 | P7: 6122385 | Q7: 203420 | R7: 3463646 | S7: 4669516 | T7: 5075563 | U7: 3783209 | V7: 8279756
B8: 1147853 | C8: 26991 | D8: 5725054 | E8: 3830520 | F8: 3080965 | G8: 4479328 | H8: 6819276 | I8: 52826 | J8: 127459 | K8: 106082 | L8: 3950339 | O8: 3613929 | P8: 7044763 | Q8: 330439 | R8: 2684299 | S8: 5020190 | T8: 6366718 | U8: 8793481 | V8: 7454509
B9: 67656 | C9: 98975 | D9: 131205 | E9: 393420 | F9: 2434121 | G9: 4946377 | H9: 11599237 | I9: 77445 | J9: 86562 | K9: 1270556 | L9: 8693529 | O9: 3124823 | P9: 8078230 | Q9: 44878 | R9: 2849756 | S9: 445360 | T9: 4550719 | U9: 9349788 | V9: 5373383
B10: 566626 | C10: 148075 | D10: 197768 | E10: 523581 | F10: 2879141 | G10: 4386312 | H10: 5877475 | I10: 98415 | J10: 22151 | K10: 1420485 | L10: 6791730 | O10: 4113260 | P10: 7807673 | Q10: 387437 | R10: 2308110 | S10: 3766427 | T10: 4686024 | U10: 4257696 | V10: 7124171
B11: 248673 | C11: 90741 | D11: 156354 | E11: 1647190 | F11: 818764 | G11: 5666062 | H11: 6872517 | I11: 888 | J11: 72892 | K11: 216801 | L11: 8761068 | O11: 1382800 | P11: 10322436 | Q11: 90708 | R11: 4460719 | S11: 4563775 | T11: 3467922 | U11: 9709234 | V11: 7182911
B12: 71293 | C12: 389287 | D12: 69827 | E12: 1270264 | F12: 6472030 | G12: 2731667 | H12: 9989392 | I12: 165172 | J12: 54811 | K12: 86174 | L12: 9450389 | O12: 4220841 | P12: 7771367 | Q12: 516219 | R12: 3500524 | S12: 5906541 | T12: 3862252 | U12: 7891671 | V12: 6092303
O13: 1898306
O14: 4872254
O15: 3383261
O16: 3712936
O17: 3079447
O18: 2169490
O19: 4834729
O20: 257941
A22: =A4 -> Group names | B22: =B4 -> Solvent control | C22: =C4 -> EE2-33.8ng/L | D22: =D4 -> EE2-50.6ng/L | E22: =E4 -> EE2-76ng/L | F22: =F4 -> EE2-114ng/L | G22: =G4 -> EE2-170.9ng/L | H22: =H4 -> EE2-488ng/L | ... M22: =M4 -> Estrone-25µg/L | N22: Noms des groupes | O22: =O4 -> Testo -30µg/L | P22: =P4 -> Testo 30µg/L + EE2 -64ng/L | Q22: =Q4 -> Testo 30µg/L + FAD-10mg/L | R22: =R4 -> Estrone-0.04µg/L + Testostérone | S22: =S4 -> Estrone-0.2µg/L + Testostérone | T22: =T4 -> Estrone-1µg/L + Testostérone | U22: =U4 -> Estrone-5µg/L + Testostérone | V22: =V4 -> Estrone-25µg/L + Testostérone
A23: mean | B23: =AVERAGE(B5:B20) -> 372371 | C23: =AVERAGE(C5:C20) -> 234561.5 | D23: =AVERAGE(D5:D20) -> 1001037.1 | E23: =AVERAGE(E5:E20) -> 1727848.5 | F23: =AVERAGE(F5:F20) -> 4032160.1 | G23: =AVERAGE(G5:G20) -> 4453880 | H23: =AVERAGE(H5:H20) -> 7731893.2 | I23: =AVERAGE(I5:I20) -> 95341.625 | J23: =AVERAGE(J5:J20) -> 105139.88 | L23: =AVERAGE(L5:L20) -> 7427279.8 | N23: mean | O23: =AVERAGE(O5:O20) -> 3397606.2 | P23: =AVERAGE(P5:P20) -> 7655938.1 | Q23: =AVERAGE(Q5:Q20) -> 220293.62 | R23: =AVERAGE(R5:R20) -> 3490622.1 | S23: =AVERAGE(S5:S20) -> 3891445.8 | T23: =AVERAGE(T5:T20) -> 4542489.4 | U23: =AVERAGE(U5:U20) -> 7591262 | V23: =AVERAGE(V5:V20) -> 7815669.6
A24: SD | B24: =STDEV(B5:B20) -> 376342.85 | C24: =STDEV(C5:C20) -> 258869.97 | D24: =STDEV(D5:D20) -> 1956266.9 | E24: =STDEV(E5:E20) -> 1296438.3 | F24: =STDEV(F5:F20) -> 2965292.8 | G24: =STDEV(G5:G20) -> 1210669.4 | H24: =STDEV(H5:H20) -> 2561783.3 | I24: =STDEV(I5:I20) -> 78162.152 | J24: =STDEV(J5:J20) -> 67341.308 | L24: =STDEV(L5:L20) -> 1745383.7 | N24: SD | O24: =STDEV(O5:O20) -> 1375170.2 | P24: =STDEV(P5:P20) -> 1310118.6 | Q24: =STDEV(Q5:Q20) -> 172463.81 | R24: =STDEV(R5:R20) -> 829480.73 | S24: =STDEV(S5:S20) -> 1643084.2 | T24: =STDEV(T5:T20) -> 1355793.3 | U24: =STDEV(U5:U20) -> 2443299.2 | V24: =STDEV(V5:V20) -> 1889394.3
B26: Unspiked | O26: Testosterone spiked
A27: =A4 -> Group names | B27: =B4 -> Solvent control | C27: =C4 -> EE2-33.8ng/L | D27: =D4 -> EE2-50.6ng/L | E27: =E4 -> EE2-76ng/L | F27: =F4 -> EE2-114ng/L | G27: =G4 -> EE2-170.9ng/L | H27: =H4 -> EE2-488ng/L | ... M27: =M4 -> Estrone-25µg/L | O27: =O4 -> Testo -30µg/L | P27: =P4 -> Testo 30µg/L + EE2 -64ng/L | Q27: =Q4 -> Testo 30µg/L + FAD-10mg/L | R27: =R4 -> Estrone-0.04µg/L + Testostérone | S27: =S4 -> Estrone-0.2µg/L + Testostérone | T27: =T4 -> Estrone-1µg/L + Testostérone | U27: =U4 -> Estrone-5µg/L + Testostérone | V27: =V4 -> Estrone-25µg/L + Testostérone
A28: Data normalised to the "Testo" group | B28: =IF(B5="","",(B5/$O$23)) -> 0.089832952 | C28: =IF(C5="","",(C5/$O$23)) -> 0.017244494 | D28: =IF(D5="","",(D5/$O$23)) -> 0.028222517 | E28: =IF(E5="","",(E5/$O$23)) -> 1.049209 | F28: =IF(F5="","",(F5/$O$23)) -> 0.3483685 | G28: =IF(G5="","",(G5/$O$23)) -> 1.3635094 | H28: =IF(H5="","",(H5/$O$23)) -> 1.289477 | I28: =IF(I5="","",(I5/$O$23)) -> 0.07325893 | ... M28: =IF(M5="","",(M5/$O$23)) | O28: =IF(O5="","",(O5/$O$23)) -> 1.1943329 | P28: =IF(P5="","",(P5/$O$23)) -> 1.8441645 | Q28: =IF(Q5="","",(Q5/$O$23)) -> 0.034852773 | R28: =IF(R5="","",(R5/$O$23)) -> 1.2944349 | S28: =IF(S5="","",(S5/$O$23)) -> 1.0577188 | T28: =IF(T5="","",(T5/$O$23)) -> 0.66240342 | U28: =IF(U5="","",(U5/$O$23)) -> 2.0052742 | V28: =IF(V5="","",(V5/$O$23)) -> 3.2107917
B29: =IF(B6="","",(B6/$O$23)) -> 0.0079299948 | C29: =IF(C6="","",(C6/$O$23)) -> 0.23654448 | D29: =IF(D6="","",(D6/$O$23)) -> 0.40172077 | E29: =IF(E6="","",(E6/$O$23)) -> 0.46238377 | F29: =IF(F6="","",(F6/$O$23)) -> 2.7547877 | G29: =IF(G6="","",(G6/$O$23)) -> 1.783113 | H29: =IF(H6="","",(H6/$O$23)) -> 1.766939 | I29: =IF(I6="","",(I6/$O$23)) -> 0.022971761 | ... M29: =IF(M6="","",(M6/$O$23)) | O29: =IF(O6="","",(O6/$O$23)) -> 1.559711 | P29: =IF(P6="","",(P6/$O$23)) -> 2.3060076 | Q29: =IF(Q6="","",(Q6/$O$23)) -> 0.020847619 | R29: =IF(R6="","",(R6/$O$23)) -> 1.2538071 | S29: =IF(S6="","",(S6/$O$23)) -> 0.93184577 | T29: =IF(T6="","",(T6/$O$23)) -> 1.7895337 | U29: =IF(U6="","",(U6/$O$23)) -> 2.9820657 | V29: =IF(V6="","",(V6/$O$23)) -> 2.9754237
B30: =IF(B7="","",(B7/$O$23)) -> 0.16032081 | C30: =IF(C7="","",(C7/$O$23)) -> 0.076568025 | D30: =IF(D7="","",(D7/$O$23)) -> 0.078676274 | E30: =IF(E7="","",(E7/$O$23)) -> 0.30080472 | F30: =IF(F7="","",(F7/$O$23)) -> 1.774472 | G30: =IF(G7="","",(G7/$O$23)) -> 0.80359812 | H30: =IF(H7="","",(H7/$O$23)) -> 3.035299 | I30: =IF(I7="","",(I7/$O$23)) -> 0.012077032 | ... M30: =IF(M7="","",(M7/$O$23)) | O30: =IF(O7="","",(O7/$O$23)) -> 1.2775247 | P30: =IF(P7="","",(P7/$O$23)) -> 1.8019701 | Q30: =IF(Q7="","",(Q7/$O$23)) -> 0.059871564 | R30: =IF(R7="","",(R7/$O$23)) -> 1.0194371 | S30: =IF(S7="","",(S7/$O$23)) -> 1.3743547 | T30: =IF(T7="","",(T7/$O$23)) -> 1.4938644 | U30: =IF(U7="","",(U7/$O$23)) -> 1.1134925 | V30: =IF(V7="","",(V7/$O$23)) -> 2.4369381
B31: =IF(B8="","",(B8/$O$23)) -> 0.33784168 | C31: =IF(C8="","",(C8/$O$23)) -> 0.0079441224 | D31: =IF(D8="","",(D8/$O$23)) -> 1.6850257 | E31: =IF(E8="","",(E8/$O$23)) -> 1.1274173 | F31: =IF(F8="","",(F8/$O$23)) -> 0.90680461 | G31: =IF(G8="","",(G8/$O$23)) -> 1.3183776 | H31: =IF(H8="","",(H8/$O$23)) -> 2.0070825 | I31: =IF(I8="","",(I8/$O$23)) -> 0.015548005 | ... M31: =IF(M8="","",(M8/$O$23)) | O31: =IF(O8="","",(O8/$O$23)) -> 1.0636692 | P31: =IF(P8="","",(P8/$O$23)) -> 2.0734489 | Q31: =IF(Q8="","",(Q8/$O$23)) -> 0.097256414 | R31: =IF(R8="","",(R8/$O$23)) -> 0.79005594 | S31: =IF(S8="","",(S8/$O$23)) -> 1.4775667 | T31: =IF(T8="","",(T8/$O$23)) -> 1.8738834 | U31: =IF(U8="","",(U8/$O$23)) -> 2.5881401 | V31: =IF(V8="","",(V8/$O$23)) -> 2.1940474
B32: =IF(B9="","",(B9/$O$23)) -> 0.019912843 | C32: =IF(C9="","",(C9/$O$23)) -> 0.029130803 | D32: =IF(D9="","",(D9/$O$23)) -> 0.038616894 | E32: =IF(E9="","",(E9/$O$23)) -> 0.11579329 | F32: =IF(F9="","",(F9/$O$23)) -> 0.71642233 | G32: =IF(G9="","",(G9/$O$23)) -> 1.4558417 | H32: =IF(H9="","",(H9/$O$23)) -> 3.4139439 | I32: =IF(I9="","",(I9/$O$23)) -> 0.022793989 | ... M32: =IF(M9="","",(M9/$O$23)) | O32: =IF(O9="","",(O9/$O$23)) -> 0.91971311 | P32: =IF(P9="","",(P9/$O$23)) -> 2.377624 | Q32: =IF(Q9="","",(Q9/$O$23)) -> 0.013208711 | R32: =IF(R9="","",(R9/$O$23)) -> 0.83875405 | S32: =IF(S9="","",(S9/$O$23)) -> 0.13108052 | T32: =IF(T9="","",(T9/$O$23)) -> 1.3393898 | U32: =IF(U9="","",(U9/$O$23)) -> 2.7518751 | V32: =IF(V9="","",(V9/$O$23)) -> 1.5815202
B33: =IF(B10="","",(B10/$O$23)) -> 0.16677212 | C33: =IF(C10="","",(C10/$O$23)) -> 0.043582154 | D33: =IF(D10="","",(D10/$O$23)) -> 0.05820804 | E33: =IF(E10="","",(E10/$O$23)) -> 0.15410291 | F33: =IF(F10="","",(F10/$O$23)) -> 0.84740279 | G33: =IF(G10="","",(G10/$O$23)) -> 1.2910007 | H33: =IF(H10="","",(H10/$O$23)) -> 1.729887 | I33: =IF(I10="","",(I10/$O$23)) -> 0.028965982 | ... M33: =IF(M10="","",(M10/$O$23)) | O33: =IF(O10="","",(O10/$O$23)) -> 1.2106347 | P33: =IF(P10="","",(P10/$O$23)) -> 2.2979923 | Q33: =IF(Q10="","",(Q10/$O$23)) -> 0.11403234 | R33: =IF(R10="","",(R10/$O$23)) -> 0.67933416 | S33: =IF(S10="","",(S10/$O$23)) -> 1.1085531 | T33: =IF(T10="","",(T10/$O$23)) -> 1.3792134 | U33: =IF(U10="","",(U10/$O$23)) -> 1.2531458 | V33: =IF(V10="","",(V10/$O$23)) -> 2.0968207
B34: =IF(B11="","",(B11/$O$23)) -> 0.073190647 | C34: =IF(C11="","",(C11/$O$23)) -> 0.026707333 | D34: =IF(D11="","",(D11/$O$23)) -> 0.04601887 | E34: =IF(E11="","",(E11/$O$23)) -> 0.48480897 | F34: =IF(F11="","",(F11/$O$23)) -> 0.2409826 | G34: =IF(G11="","",(G11/$O$23)) -> 1.6676629 | H34: =IF(H11="","",(H11/$O$23)) -> 2.0227526 | I34: =IF(I11="","",(I11/$O$23)) -> 0.00026136048 | ... M34: =IF(M11="","",(M11/$O$23)) | O34: =IF(O11="","",(O11/$O$23)) -> 0.40699242 | P34: =IF(P11="","",(P11/$O$23)) -> 3.0381496 | Q34: =IF(Q11="","",(Q11/$O$23)) -> 0.02669762 | R34: =IF(R11="","",(R11/$O$23)) -> 1.3129005 | S34: =IF(S11="","",(S11/$O$23)) -> 1.3432325 | T34: =IF(T11="","",(T11/$O$23)) -> 1.0206957 | U34: =IF(U11="","",(U11/$O$23)) -> 2.857669 | V34: =IF(V11="","",(V11/$O$23)) -> 2.1141093
B35: =IF(B12="","",(B12/$O$23)) -> 0.020983303 | C35: =IF(C12="","",(C12/$O$23)) -> 0.11457684 | D35: =IF(D12="","",(D12/$O$23)) -> 0.020551822 | E35: =IF(E12="","",(E12/$O$23)) -> 0.37387028 | F35: =IF(F12="","",(F12/$O$23)) -> 1.9048794 | G35: =IF(G12="","",(G12/$O$23)) -> 0.80399752 | H35: =IF(H12="","",(H12/$O$23)) -> 2.9401264 | I35: =IF(I12="","",(I12/$O$23)) -> 0.048614227 | ... M35: =IF(M12="","",(M12/$O$23)) | O35: =IF(O12="","",(O12/$O$23)) -> 1.2422985 | P35: =IF(P12="","",(P12/$O$23)) -> 2.2873065 | Q35: =IF(Q12="","",(Q12/$O$23)) -> 0.15193609 | R35: =IF(R12="","",(R12/$O$23)) -> 1.0302913 | S35: =IF(S12="","",(S12/$O$23)) -> 1.7384419 | T35: =IF(T12="","",(T12/$O$23)) -> 1.1367568 | U35: =IF(U12="","",(U12/$O$23)) -> 2.322715 | V35: =IF(V12="","",(V12/$O$23)) -> 1.7931163
B36: =IF(B13="","",(B13/$O$23)) | C36: =IF(C13="","",(C13/$O$23)) | D36: =IF(D13="","",(D13/$O$23)) | E36: =IF(E13="","",(E13/$O$23)) | F36: =IF(F13="","",(F13/$O$23)) | G36: =IF(G13="","",(G13/$O$23)) | H36: =IF(H13="","",(H13/$O$23)) | I36: =IF(I13="","",(I13/$O$23)) | ... M36: =IF(M13="","",(M13/$O$23)) | O36: =IF(O13="","",(O13/$O$23)) -> 0.55871866 | P36: =IF(P13="","",(P13/$O$23)) | Q36: =IF(Q13="","",(Q13/$O$23)) | R36: =IF(R13="","",(R13/$O$23)) | S36: =IF(S13="","",(S13/$O$23)) | T36: =IF(T13="","",(T13/$O$23)) | U36: =IF(U13="","",(U13/$O$23)) | V36: =IF(V13="","",(V13/$O$23))
B37: =IF(B14="","",(B14/$O$23)) | C37: =IF(C14="","",(C14/$O$23)) | D37: =IF(D14="","",(D14/$O$23)) | E37: =IF(E14="","",(E14/$O$23)) | F37: =IF(F14="","",(F14/$O$23)) | G37: =IF(G14="","",(G14/$O$23)) | H37: =IF(H14="","",(H14/$O$23)) | I37: =IF(I14="","",(I14/$O$23)) | ... M37: =IF(M14="","",(M14/$O$23)) | O37: =IF(O14="","",(O14/$O$23)) -> 1.4340255 | P37: =IF(P14="","",(P14/$O$23)) | Q37: =IF(Q14="","",(Q14/$O$23)) | R37: =IF(R14="","",(R14/$O$23)) | S37: =IF(S14="","",(S14/$O$23)) | T37: =IF(T14="","",(T14/$O$23)) | U37: =IF(U14="","",(U14/$O$23)) | V37: =IF(V14="","",(V14/$O$23))
B38: =IF(B15="","",(B15/$O$23)) | C38: =IF(C15="","",(C15/$O$23)) | D38: =IF(D15="","",(D15/$O$23)) | E38: =IF(E15="","",(E15/$O$23)) | F38: =IF(F15="","",(F15/$O$23)) | G38: =IF(G15="","",(G15/$O$23)) | H38: =IF(H15="","",(H15/$O$23)) | I38: =IF(I15="","",(I15/$O$23)) | ... M38: =IF(M15="","",(M15/$O$23)) | O38: =IF(O15="","",(O15/$O$23)) -> 0.99577784 | P38: =IF(P15="","",(P15/$O$23)) | Q38: =IF(Q15="","",(Q15/$O$23)) | R38: =IF(R15="","",(R15/$O$23)) | S38: =IF(S15="","",(S15/$O$23)) | T38: =IF(T15="","",(T15/$O$23)) | U38: =IF(U15="","",(U15/$O$23)) | V38: =IF(V15="","",(V15/$O$23))
B39: =IF(B16="","",(B16/$O$23)) | C39: =IF(C16="","",(C16/$O$23)) | D39: =IF(D16="","",(D16/$O$23)) | E39: =IF(E16="","",(E16/$O$23)) | F39: =IF(F16="","",(F16/$O$23)) | G39: =IF(G16="","",(G16/$O$23)) | H39: =IF(H16="","",(H16/$O$23)) | I39: =IF(I16="","",(I16/$O$23)) | ... M39: =IF(M16="","",(M16/$O$23)) | O39: =IF(O16="","",(O16/$O$23)) -> 1.0928094 | P39: =IF(P16="","",(P16/$O$23)) | Q39: =IF(Q16="","",(Q16/$O$23)) | R39: =IF(R16="","",(R16/$O$23)) | S39: =IF(S16="","",(S16/$O$23)) | T39: =IF(T16="","",(T16/$O$23)) | U39: =IF(U16="","",(U16/$O$23)) | V39: =IF(V16="","",(V16/$O$23))
B40: =IF(B17="","",(B17/$O$23)) | C40: =IF(C17="","",(C17/$O$23)) | D40: =IF(D17="","",(D17/$O$23)) | E40: =IF(E17="","",(E17/$O$23)) | F40: =IF(F17="","",(F17/$O$23)) | G40: =IF(G17="","",(G17/$O$23)) | H40: =IF(H17="","",(H17/$O$23)) | I40: =IF(I17="","",(I17/$O$23)) | ... M40: =IF(M17="","",(M17/$O$23)) | O40: =IF(O17="","",(O17/$O$23)) -> 0.90635782 | P40: =IF(P17="","",(P17/$O$23)) | Q40: =IF(Q17="","",(Q17/$O$23)) | R40: =IF(R17="","",(R17/$O$23)) | S40: =IF(S17="","",(S17/$O$23)) | T40: =IF(T17="","",(T17/$O$23)) | U40: =IF(U17="","",(U17/$O$23)) | V40: =IF(V17="","",(V17/$O$23))
... B43: =IF(B20="","",(B20/$O$23)) | C43: =IF(C20="","",(C20/$O$23)) | D43: =IF(D20="","",(D20/$O$23)) | E43: =IF(E20="","",(E20/$O$23)) | F43: =IF(F20="","",(F20/$O$23)) | G43: =IF(G20="","",(G20/$O$23)) | H43: =IF(H20="","",(H20/$O$23)) | I43: =IF(I20="","",(I20/$O$23)) | ... M43: =IF(M20="","",(M20/$O$23)) | O43: =IF(O20="","",(O20/$O$23)) -> 0.07591845 | P43: =IF(P20="","",(P20/$O$23)) | Q43: =IF(Q20="","",(Q20/$O$23)) | R43: =IF(R20="","",(R20/$O$23)) | S43: =IF(S20="","",(S20/$O$23)) | T43: =IF(T20="","",(T20/$O$23)) | U43: =IF(U20="","",(U20/$O$23)) | V43: =IF(V20="","",(V20/$O$23))
A45: =A4 -> Group names | B45: =B4 -> Solvent control | C45: =C4 -> EE2-33.8ng/L | D45: =D4 -> EE2-50.6ng/L | E45: =E4 -> EE2-76ng/L | F45: =F4 -> EE2-114ng/L | G45: =G4 -> EE2-170.9ng/L | H45: =H4 -> EE2-488ng/L | ... M45: =M4 -> Estrone-25µg/L | O45: =O4 -> Testo -30µg/L | P45: =P4 -> Testo 30µg/L + EE2 -64ng/L | Q45: =Q4 -> Testo 30µg/L + FAD-10mg/L | R45: =R4 -> Estrone-0.04µg/L + Testostérone | S45: =S4 -> Estrone-0.2µg/L + Testostérone | T45: =T4 -> Estrone-1µg/L + Testostérone | U45: =U4 -> Estrone-5µg/L + Testostérone | V45: =V4 -> Estrone-25µg/L + Testostérone
A46: mean | B46: =AVERAGE(B28:B43) -> 0.10959804 | C46: =AVERAGE(C28:C43) -> 0.069037282 | D46: =AVERAGE(D28:D43) -> 0.29463012 | E46: =AVERAGE(E28:E43) -> 0.50854878 | F46: =AVERAGE(F28:F43) -> 1.186765 | G46: =AVERAGE(G28:G43) -> 1.3108876 | H46: =AVERAGE(H28:H43) -> 2.2756884 | I46: =AVERAGE(I28:I43) -> 0.028061411 | ... M46: =AVERAGE(M28:M43) -> #DIV/0! | N46: mean | O46: =AVERAGE(O28:O43) -> 1 | P46: =AVERAGE(P28:P43) -> 2.253333 | Q46: =AVERAGE(Q28:Q43) -> 0.064837891 | R46: =AVERAGE(R28:R43) -> 1.0273769 | S46: =AVERAGE(S28:S43) -> 1.1453492 | T46: =AVERAGE(T28:T43) -> 1.3369676 | U46: =AVERAGE(U28:U43) -> 2.2342972 | V46: =AVERAGE(V28:V43) -> 2.3003459
A47: SD | B47: =STDEV(B28:B43) -> 0.11076706 | C47: =STDEV(C28:C43) -> 0.07619187 | D47: =STDEV(D28:D43) -> 0.575778 | E47: =STDEV(E28:E43) -> 0.38157402 | F47: =STDEV(F28:F43) -> 0.8727594 | G47: =STDEV(G28:G43) -> 0.35633011 | H47: =STDEV(H28:H43) -> 0.75399654 | I47: =STDEV(I28:I43) -> 0.023005065 | ... M47: =STDEV(M28:M43) -> #DIV/0! | N47: SD | O47: =STDEV(O28:O43) -> 0.40474677 | P47: =STDEV(P28:P43) -> 0.38560048 | Q47: =STDEV(Q28:Q43) -> 0.050760388 | R47: =STDEV(R28:R43) -> 0.2441368 | S47: =STDEV(S28:S43) -> 0.48360055 | T47: =STDEV(T28:T43) -> 0.39904368 | U47: =STDEV(U28:U43) -> 0.7191237 | V47: =STDEV(V28:V43) -> 0.55609573
A48: SEM | B48: =B47/SQRT(COUNT(B28:B43)) -> 0.039162069 | C48: =C47/SQRT(COUNT(C28:C43)) -> 0.026937894 | D48: =D47/SQRT(COUNT(D28:D43)) -> 0.20356826 | E48: =E47/SQRT(COUNT(E28:E43)) -> 0.13490679 | F48: =F47/SQRT(COUNT(F28:F43)) -> 0.30856704 | G48: =G47/SQRT(COUNT(G28:G43)) -> 0.12598172 | H48: =H47/SQRT(COUNT(H28:H43)) -> 0.26657803 | I48: =I47/SQRT(COUNT(I28:I43)) -> 0.0081335186 | ... M48: =M47/SQRT(COUNT(M28:M43)) -> #DIV/0! | N48: SEM | O48: =O47/SQRT(COUNT(O28:O43)) -> 0.10118669 | P48: =P47/SQRT(COUNT(P28:P43)) -> 0.13633036 | Q48: =Q47/SQRT(COUNT(Q28:Q43)) -> 0.017946507 | R48: =R47/SQRT(COUNT(R28:R43)) -> 0.086315394 | S48: =S47/SQRT(COUNT(S28:S43)) -> 0.17097861 | T48: =T47/SQRT(COUNT(T28:T43)) -> 0.14108325 | U48: =U47/SQRT(COUNT(U28:U43)) -> 0.25424862 | V48: =V47/SQRT(COUNT(V28:V43)) -> 0.19660953
A52: =A27 -> Group names | B52: =B27 -> Solvent control | C52: =C27 -> EE2-33.8ng/L | D52: =D27 -> EE2-50.6ng/L | E52: =E27 -> EE2-76ng/L | F52: =F27 -> EE2-114ng/L | G52: =G27 -> EE2-170.9ng/L | H52: =H27 -> EE2-488ng/L | I52: =I4 -> Estrone-0.04µg/L | J52: =J4 -> Estrone-0.2µg/L | K52: =K4 -> Estrone-1µg/L | L52: =L4 -> Estrone-5µg/L | M52: =M4 -> Estrone-25µg/L | O52: =O27 -> Testo -30µg/L | P52: =P27 -> Testo 30µg/L + EE2 -64ng/L | Q52: =Q27 -> Testo 30µg/L + FAD-10mg/L | R52: =R27 -> Estrone-0.04µg/L + Testostérone | S52: =S27 -> Estrone-0.2µg/L + Testostérone | T52: =T27 -> Estrone-1µg/L + Testostérone | U52: =U27 -> Estrone-5µg/L + Testostérone | V52: =V27 -> Estrone-25µg/L + Testostérone
A53: Mean | B53: =B46 -> 0.10959804 | C53: =C46 -> 0.069037282 | D53: =D46 -> 0.29463012 | E53: =E46 -> 0.50854878 | F53: =F46 -> 1.186765 | G53: =G46 -> 1.3108876 | H53: =H46 -> 2.2756884 | I53: =I46 -> 0.028061411 | ... M53: =M46 -> #DIV/0! | O53: =O46 -> 1 | P53: =P46 -> 2.253333 | Q53: =Q46 -> 0.064837891 | R53: =R46 -> 1.0273769 | S53: =S46 -> 1.1453492 | T53: =T46 -> 1.3369676 | U53: =U46 -> 2.2342972 | V53: =V46 -> 2.3003459
A54: SEM | B54: =B48 -> 0.039162069 | C54: =C48 -> 0.026937894 | D54: =D48 -> 0.20356826 | E54: =E48 -> 0.13490679 | F54: =F48 -> 0.30856704 | G54: =G48 -> 0.12598172 | H54: =H48 -> 0.26657803 | I54: =I48 -> 0.0081335186 | ... M54: =M48 -> #DIV/0! | O54: =O48 -> 0.10118669 | P54: =P48 -> 0.13633036 | Q54: =Q48 -> 0.017946507 | R54: =R48 -> 0.086315394 | S54: =S48 -> 0.17097861 | T54: =T48 -> 0.14108325 | U54: =U48 -> 0.25424862 | V54: =V48 -> 0.19660953
A55: % induction | B55: =(B53*100/$B53)-100 -> 0 | C55: =(C53*100/$B53)-100 -> -37.008655 | D55: =(D53*100/$B53)-100 -> 168.8279 | E55: =(E53*100/$B53)-100 -> 364.01264 | F55: =(F53*100/$B53)-100 -> 982.83409 | G55: =(G53*100/$B53)-100 -> 1096.0867 | H55: =(H53*100/$B53)-100 -> 1976.3951 | I55: =(I53*100/$B53)-100 -> -74.396066 | ... M55: =(M53*100/$B53)-100 -> #DIV/0! | O55: =(O53*100/$O53)-100 -> 0 | P55: =(P53*100/$O53)-100 -> 125.3333 | Q55: =(Q53*100/$O53)-100 -> -93.516211 | R55: =(R53*100/$O53)-100 -> 2.7376885 | S55: =(S53*100/$O53)-100 -> 14.534924 | T55: =(T53*100/$O53)-100 -> 33.696757 | U55: =(U53*100/$O53)-100 -> 123.42972 | V55: =(V53*100/$O53)-100 -> 130.03459
A56: Normality test : p value | B56: =[1]!SWTEST(B28:B43) -> #NAME? | C56: =[1]!SWTEST(C28:C43) -> #NAME? | D56: =[1]!SWTEST(D28:D43) -> #NAME? | E56: =[1]!SWTEST(E28:E43) -> #NAME? | F56: =[1]!SWTEST(F28:F43) -> #NAME? | G56: =[1]!SWTEST(G28:G43) -> #NAME? | H56: =[1]!SWTEST(H28:H43) -> #NAME? | I56: =[1]!SWTEST(I28:I43) -> #NAME? | ... M56: =[1]!SWTEST(M28:M43) -> #NAME? | O56: =[1]!SWTEST(O28:O43) -> #NAME? | P56: =[1]!SWTEST(P28:P43) -> #NAME? | Q56: =[1]!SWTEST(Q28:Q43) -> #NAME? | R56: =[1]!SWTEST(R28:R43) -> #NAME? | S56: =[1]!SWTEST(S28:S43) -> #NAME? | T56: =[1]!SWTEST(T28:T43) -> #NAME? | U56: =[1]!SWTEST(U28:U43) -> #NAME? | V56: =[1]!SWTEST(V28:V43) -> #NAME?
A57: Normality test : normal distibution? | B57: =IF(B56>0.05,"Oui","Non") -> #NAME? | C57: =IF(C56>0.05,"Oui","Non") -> #NAME? | D57: =IF(D56>0.05,"Oui","Non") -> #NAME? | E57: =IF(E56>0.05,"Oui","Non") -> #NAME? | F57: =IF(F56>0.05,"Oui","Non") -> #NAME? | G57: =IF(G56>0.05,"Oui","Non") -> #NAME? | H57: =IF(H56>0.05,"Oui","Non") -> #NAME? | I57: =IF(I56>0.05,"Oui","Non") -> #NAME? | ... M57: =IF(M56>0.05,"Oui","Non") -> #NAME? | O57: =IF(O56>0.05,"Oui","Non") -> #NAME? | P57: =IF(P56>0.05,"Oui","Non") -> #NAME? | Q57: =IF(Q56>0.05,"Oui","Non") -> #NAME? | R57: =IF(R56>0.05,"Oui","Non") -> #NAME? | S57: =IF(S56>0.05,"Oui","Non") -> #NAME? | T57: =IF(T56>0.05,"Oui","Non") -> #NAME? | U57: =IF(U56>0.05,"Oui","Non") -> #NAME? | V57: =IF(V56>0.05,"Oui","Non") -> #NAME?
A59: Statistical test used | C59: =IF($B57="Non",IF(C57="Non","MW",IF(C57="Oui","MW","")),IF($B57="Oui",IF(C57="Oui","T-Test Welch",IF(C57="Non","MW","")))) -> #NAME? | D59: =IF($B57="Non",IF(D57="Non","MW",IF(D57="Oui","MW","")),IF($B57="Oui",IF(D57="Oui","T-Test Welch",IF(D57="Non","MW","")))) -> #NAME? | E59: =IF($B57="Non",IF(E57="Non","MW",IF(E57="Oui","MW","")),IF($B57="Oui",IF(E57="Oui","T-Test Welch",IF(E57="Non","MW","")))) -> #NAME? | F59: =IF($B57="Non",IF(F57="Non","MW",IF(F57="Oui","MW","")),IF($B57="Oui",IF(F57="Oui","T-Test Welch",IF(F57="Non","MW","")))) -> #NAME? | G59: =IF($B57="Non",IF(G57="Non","MW",IF(G57="Oui","MW","")),IF($B57="Oui",IF(G57="Oui","T-Test Welch",IF(G57="Non","MW","")))) -> #NAME? | H59: =IF($B57="Non",IF(H57="Non","MW",IF(H57="Oui","MW","")),IF($B57="Oui",IF(H57="Oui","T-Test Welch",IF(H57="Non","MW","")))) -> #NAME? | I59: =IF($B57="Non",IF(I57="Non","MW",IF(I57="Oui","MW","")),IF($B57="Oui",IF(I57="Oui","T-Test Welch",IF(I57="Non","MW","")))) -> #NAME? | J59: =IF($B57="Non",IF(J57="Non","MW",IF(J57="Oui","MW","")),IF($B57="Oui",IF(J57="Oui","T-Test Welch",IF(J57="Non","MW","")))) -> #NAME? | ... M59: =IF($B57="Non",IF(M57="Non","MW",IF(M57="Oui","MW","")),IF($B57="Oui",IF(M57="Oui","T-Test Welch",IF(M57="Non","MW","")))) -> #NAME? | O59: =IF($B57="Non",IF(O57="Non","MW",IF(O57="Oui","MW","")),IF($B57="Oui",IF(O57="Oui","T-Test Welch",IF(O57="Non","MW","")))) -> #NAME? | P59: =IF($O57="Non",IF(P57="Non","MW",IF(P57="Oui","MW","")),IF($O57="Oui",IF(P57="Oui","T-Test Welch",IF(P57="Non","MW","")))) -> #NAME? | Q59: =IF($O57="Non",IF(Q57="Non","MW",IF(Q57="Oui","MW","")),IF($O57="Oui",IF(Q57="Oui","T-Test Welch",IF(Q57="Non","MW","")))) -> #NAME? | R59: =IF($O57="Non",IF(R57="Non","MW",IF(R57="Oui","MW","")),IF($O57="Oui",IF(R57="Oui","T-Test Welch",IF(R57="Non","MW","")))) -> #NAME? | S59: =IF($O57="Non",IF(S57="Non","MW",IF(S57="Oui","MW","")),IF($O57="Oui",IF(S57="Oui","T-Test Welch",IF(S57="Non","MW","")))) -> #NAME? | T59: =IF($O57="Non",IF(T57="Non","MW",IF(T57="Oui","MW","")),IF($O57="Oui",IF(T57="Oui","T-Test Welch",IF(T57="Non","MW","")))) -> #NAME? | U59: =IF($O57="Non",IF(U57="Non","MW",IF(U57="Oui","MW","")),IF($O57="Oui",IF(U57="Oui","T-Test Welch",IF(U57="Non","MW","")))) -> #NAME? | V59: =IF($O57="Non",IF(V57="Non","MW",IF(V57="Oui","MW","")),IF($O57="Oui",IF(V57="Oui","T-Test Welch",IF(V57="Non","MW","")))) -> #NAME?
A60: Statistical test : p value | C60: =IF(C59="MW",[1]!MTEST($B28:$B43,C28:C43,2), IF(C59="T-Test Welch",_xlfn.T.TEST($B28:$B43,C28:C43,2,3),"")) -> #NAME? | D60: =IF(D59="MW",[1]!MTEST($B28:$B43,D28:D43,2), IF(D59="T-Test Welch",_xlfn.T.TEST($B28:$B43,D28:D43,2,3),"")) -> #NAME? | E60: =IF(E59="MW",[1]!MTEST($B28:$B43,E28:E43,2), IF(E59="T-Test Welch",_xlfn.T.TEST($B28:$B43,E28:E43,2,3),"")) -> #NAME? | F60: =IF(F59="MW",[1]!MTEST($B28:$B43,F28:F43,2), IF(F59="T-Test Welch",_xlfn.T.TEST($B28:$B43,F28:F43,2,3),"")) -> #NAME? | G60: =IF(G59="MW",[1]!MTEST($B28:$B43,G28:G43,2), IF(G59="T-Test Welch",_xlfn.T.TEST($B28:$B43,G28:G43,2,3),"")) -> #NAME? | H60: =IF(H59="MW",[1]!MTEST($B28:$B43,H28:H43,2), IF(H59="T-Test Welch",_xlfn.T.TEST($B28:$B43,H28:H43,2,3),"")) -> #NAME? | I60: =IF(I59="MW",[1]!MTEST($B28:$B43,I28:I43,2), IF(I59="T-Test Welch",_xlfn.T.TEST($B28:$B43,I28:I43,2,3),"")) -> #NAME? | J60: =IF(J59="MW",[1]!MTEST($B28:$B43,J28:J43,2), IF(J59="T-Test Welch",_xlfn.T.TEST($B28:$B43,J28:J43,2,3),"")) -> #NAME? | ... M60: =IF(M59="MW",[1]!MTEST($B28:$B43,M28:M43,2), IF(M59="T-Test Welch",_xlfn.T.TEST($B28:$B43,M28:M43,2,3),"")) -> #NAME? | O60: =IF(O59="MW",[1]!MTEST($B28:$B43,O28:O43,2), IF(O59="T-Test Welch",_xlfn.T.TEST($B28:$B43,O28:O43,2,3),"")) -> #NAME? | P60: =IF(P59="MW",[1]!MTEST($O28:$O43,P28:P43,2), IF(P59="T-Test Welch",_xlfn.T.TEST($O28:$O43,P28:P43,2,3),"")) -> #NAME? | Q60: =IF(Q59="MW",[1]!MTEST($O28:$O43,Q28:Q43,2), IF(Q59="T-Test Welch",_xlfn.T.TEST($O28:$O43,Q28:Q43,2,3),"")) -> #NAME? | R60: =IF(R59="MW",[1]!MTEST($O28:$O43,R28:R43,2), IF(R59="T-Test Welch",_xlfn.T.TEST($O28:$O43,R28:R43,2,3),"")) -> #NAME? | S60: =IF(S59="MW",[1]!MTEST($O28:$O43,S28:S43,2), IF(S59="T-Test Welch",_xlfn.T.TEST($O28:$O43,S28:S43,2,3),"")) -> #NAME? | T60: =IF(T59="MW",[1]!MTEST($O28:$O43,T28:T43,2), IF(T59="T-Test Welch",_xlfn.T.TEST($O28:$O43,T28:T43,2,3),"")) -> #NAME? | U60: =IF(U59="MW",[1]!MTEST($O28:$O43,U28:U43,2), IF(U59="T-Test Welch",_xlfn.T.TEST($O28:$O43,U28:U43,2,3),"")) -> #NAME? | V60: =IF(V59="MW",[1]!MTEST($O28:$O43,V28:V43,2), IF(V59="T-Test Welch",_xlfn.T.TEST($O28:$O43,V28:V43,2,3),"")) -> #NAME?
A61: Annotation | C61: =IF(C60>0.05,"NS",IF(C60>0.01,"*",IF(C60>0.001,"**","***"))) -> #NAME? | D61: =IF(D60>0.05,"NS",IF(D60>0.01,"*",IF(D60>0.001,"**","***"))) -> #NAME? | E61: =IF(E60>0.05,"NS",IF(E60>0.01,"*",IF(E60>0.001,"**","***"))) -> #NAME? | F61: =IF(F60>0.05,"NS",IF(F60>0.01,"*",IF(F60>0.001,"**","***"))) -> #NAME? | G61: =IF(G60>0.05,"NS",IF(G60>0.01,"*",IF(G60>0.001,"**","***"))) -> #NAME? | H61: =IF(H60>0.05,"NS",IF(H60>0.01,"*",IF(H60>0.001,"**","***"))) -> #NAME? | I61: =IF(I60>0.05,"NS",IF(I60>0.01,"*",IF(I60>0.001,"**","***"))) -> #NAME? | J61: =IF(J60>0.05,"NS",IF(J60>0.01,"*",IF(J60>0.001,"**","***"))) -> #NAME? | ... M61: =IF(M60>0.05,"NS",IF(M60>0.01,"*",IF(M60>0.001,"**","***"))) -> #NAME? | O61: =IF(O60>0.05,"NS",IF(O60>0.01,"*",IF(O60>0.001,"**","***"))) -> #NAME? | P61: =IF(P60>0.05,"NS",IF(P60>0.01,"*",IF(P60>0.001,"**","***"))) -> #NAME? | Q61: =IF(Q60>0.05,"NS",IF(Q60>0.01,"*",IF(Q60>0.001,"**","***"))) -> #NAME? | R61: =IF(R60>0.05,"NS",IF(R60>0.01,"*",IF(R60>0.001,"**","***"))) -> #NAME? | S61: =IF(S60>0.05,"NS",IF(S60>0.01,"*",IF(S60>0.001,"**","***"))) -> #NAME? | T61: =IF(T60>0.05,"NS",IF(T60>0.01,"*",IF(T60>0.001,"**","***"))) -> #NAME? | U61: =IF(U60>0.05,"NS",IF(U60>0.01,"*",IF(U60>0.001,"**","***"))) -> #NAME? | V61: =IF(V60>0.05,"NS",IF(V60>0.01,"*",IF(V60>0.001,"**","***"))) -> #NAME?

Sheet R3
A3: R3 | B3: Unspiked | O3: Testosterone spiked
A4: Group names | B4: ='Front page'!A7 -> Solvent control | C4: ='Front page'!A8 -> EE2-33.8ng/L | D4: ='Front page'!A9 -> EE2-50.6ng/L | E4: ='Front page'!A10 -> EE2-76ng/L | F4: ='Front page'!A11 -> EE2-114ng/L | G4: ='Front page'!A12 -> EE2-170.9ng/L | H4: ='Front page'!A13 -> EE2-488ng/L | I4: ='Front page'!A14 -> Estrone-0.04µg/L | J4: ='Front page'!A15 -> Estrone-0.2µg/L | K4: ='Front page'!A16 -> Estrone-1µg/L | L4: ='Front page'!A17 -> Estrone-5µg/L | M4: ='Front page'!A18 -> Estrone-25µg/L | O4: ='Front page'!A35 -> Testo -30µg/L | P4: ='Front page'!A36 -> Testo 30µg/L + EE2 -64ng/L | Q4: ='Front page'!A37 -> Testo 30µg/L + FAD-10mg/L | R4: ='Front page'!A38 -> Estrone-0.04µg/L + Testostérone | S4: ='Front page'!A39 -> Estrone-0.2µg/L + Testostérone | T4: ='Front page'!A40 -> Estrone-1µg/L + Testostérone | U4: ='Front page'!A41 -> Estrone-5µg/L + Testostérone | V4: ='Front page'!A42 -> Estrone-25µg/L + Testostérone
A5: Raw data | B5: 74147 | C5: 44732 | D5: 379561 | E5: 1693508 | F5: 2099582 | G5: 7385815 | H5: 11108900 | I5: 35552 | J5: 234283 | K5: 44856 | L5: 7889678 | M5: 10096210 | O5: 485039 | P5: 8080152 | Q5: 58909 | R5: 1949562 | S5: 1176717 | T5: 5866028 | U5: 6503272 | V5: 8486113
B6: 32337 | C6: 46938 | D6: 860316 | E6: 1698245 | F6: 5003055 | G6: 6015837 | H6: 11528799 | I6: 36896 | J6: 152771 | K6: 265292 | L6: 7500991 | M6: 9627317 | O6: 112447 | P6: 6523110 | Q6: 55250 | R6: 3325414 | S6: 3235019 | T6: 5499959 | U6: 6481012 | V6: 4167481
B7: 40850 | C7: 221087 | D7: 41630 | E7: 1936651 | F7: 3402079 | G7: 5179779 | H7: 6444913 | I7: 161898 | J7: 94190 | K7: 125960 | L7: 6672793 | M7: 8749194 | O7: 555389 | P7: 7021303 | Q7: 434326 | R7: 1822805 | S7: 65034 | T7: 4407704 | U7: 5515866 | V7: 6843401
B8: 21127 | C8: 260557 | D8: 321176 | E8: 1271106 | F8: 1870947 | G8: 6938568 | H8: 8966832 | I8: 18883 | J8: 157569 | K8: 981392 | L8: 6948187 | M8: 8968394 | O8: 115346 | P8: 5287188 | Q8: 41237 | R8: 4111881 | S8: 4263252 | T8: 5740009 | U8: 8457445 | V8: 3094864
B9: 366325 | C9: 67106 | D9: 158651 | E9: 2624085 | F9: 3000802 | G9: 7838420 | H9: 9337913 | I9: 87198 | J9: 209 | K9: 173241 | L9: 3618729 | M9: 10477669 | O9: 10743 | P9: 4377155 | Q9: 97087 | R9: 2076272 | S9: 3061727 | T9: 3632917 | U9: 6933462 | V9: 7054948
B10: 7244 | C10: 100975 | D10: 34723 | E10: 1497454 | F10: 4966695 | G10: 5217063 | H10: 9818316 | I10: 65680 | J10: 112866 | K10: 86796 | L10: 8163852 | M10: 7909948 | O10: 3649789 | P10: 6433613 | Q10: 72705 | R10: 4128909 | S10: 1540764 | T10: 6882939 | U10: 6214024 | V10: 4292373
B11: 73747 | C11: 224536 | D11: 755279 | E11: 1657973 | F11: 3276385 | G11: 6554341 | H11: 8230668 | I11: 111858 | J11: 18016 | K11: 202526 | L11: 8060323 | M11: 10698201 | O11: 559411 | P11: 5069556 | Q11: 84081 | R11: 1646755 | S11: 87044 | T11: 6459448 | U11: 10116238 | V11: 8150576
B12: 36797 | C12: 57365 | D12: 430992 | E12: 4067395 | F12: 3878772 | G12: 5171850 | H12: 6069088 | I12: 49666 | J12: 399931 | K12: 446132 | M12: 10901177 | O12: 560834 | P12: 6371817 | Q12: 47105 | R12: 6343157 | S12: 7076917 | T12: 4069442 | U12: 7347925 | V12: 6975681
O13: 24030
O14: 1759750
O15: 3578469
O16: 1186434
O17: 3505936
O18: 1851091
O19: 776394
O20: 3359026
A22: =A4 -> Group names | B22: =B4 -> Solvent control | C22: =C4 -> EE2-33.8ng/L | D22: =D4 -> EE2-50.6ng/L | E22: =E4 -> EE2-76ng/L | F22: =F4 -> EE2-114ng/L | G22: =G4 -> EE2-170.9ng/L | H22: =H4 -> EE2-488ng/L | ... M22: =M4 -> Estrone-25µg/L | N22: Noms des groupes | O22: =O4 -> Testo -30µg/L | P22: =P4 -> Testo 30µg/L + EE2 -64ng/L | Q22: =Q4 -> Testo 30µg/L + FAD-10mg/L | R22: =R4 -> Estrone-0.04µg/L + Testostérone | S22: =S4 -> Estrone-0.2µg/L + Testostérone | T22: =T4 -> Estrone-1µg/L + Testostérone | U22: =U4 -> Estrone-5µg/L + Testostérone | V22: =V4 -> Estrone-25µg/L + Testostérone
A23: mean | B23: =AVERAGE(B5:B20) -> 81571.75 | C23: =AVERAGE(C5:C20) -> 127912 | D23: =AVERAGE(D5:D20) -> 372791 | E23: =AVERAGE(E5:E20) -> 2055802.1 | F23: =AVERAGE(F5:F20) -> 3437289.6 | G23: =AVERAGE(G5:G20) -> 6287709.1 | H23: =AVERAGE(H5:H20) -> 8938178.6 | I23: =AVERAGE(I5:I20) -> 70953.875 | J23: =AVERAGE(J5:J20) -> 146229.38 | L23: =AVERAGE(L5:L20) -> 6979221.9 | N23: mean | O23: =AVERAGE(O5:O20) -> 1380633 | P23: =AVERAGE(P5:P20) -> 6145486.8 | Q23: =AVERAGE(Q5:Q20) -> 111337.5 | R23: =AVERAGE(R5:R20) -> 3175594.4 | S23: =AVERAGE(S5:S20) -> 2563309.2 | T23: =AVERAGE(T5:T20) -> 5319805.8 | U23: =AVERAGE(U5:U20) -> 7196155.5 | V23: =AVERAGE(V5:V20) -> 6133179.6
A24: SD | B24: =STDEV(B5:B20) -> 117391.93 | C24: =STDEV(C5:C20) -> 91408.054 | D24: =STDEV(D5:D20) -> 307033.85 | E24: =STDEV(E5:E20) -> 904632.61 | F24: =STDEV(F5:F20) -> 1161658.4 | G24: =STDEV(G5:G20) -> 1055468.7 | H24: =STDEV(H5:H20) -> 1975102.9 | I24: =STDEV(I5:I20) -> 47529.612 | J24: =STDEV(J5:J20) -> 127543.36 | L24: =STDEV(L5:L20) -> 1584354.5 | N24: SD | O24: =STDEV(O5:O20) -> 1388865 | P24: =STDEV(P5:P20) -> 1183706.4 | Q24: =STDEV(Q5:Q20) -> 131851.91 | R24: =STDEV(R5:R20) -> 1635341.6 | S24: =STDEV(S5:S20) -> 2369556.3 | T24: =STDEV(T5:T20) -> 1164381.3 | U24: =STDEV(U5:U20) -> 1463325.4 | V24: =STDEV(V5:V20) -> 2005491.2
B26: Unspiked | O26: Testosterone spiked
A27: =A4 -> Group names | B27: =B4 -> Solvent control | C27: =C4 -> EE2-33.8ng/L | D27: =D4 -> EE2-50.6ng/L | E27: =E4 -> EE2-76ng/L | F27: =F4 -> EE2-114ng/L | G27: =G4 -> EE2-170.9ng/L | H27: =H4 -> EE2-488ng/L | ... M27: =M4 -> Estrone-25µg/L | O27: =O4 -> Testo -30µg/L | P27: =P4 -> Testo 30µg/L + EE2 -64ng/L | Q27: =Q4 -> Testo 30µg/L + FAD-10mg/L | R27: =R4 -> Estrone-0.04µg/L + Testostérone | S27: =S4 -> Estrone-0.2µg/L + Testostérone | T27: =T4 -> Estrone-1µg/L + Testostérone | U27: =U4 -> Estrone-5µg/L + Testostérone | V27: =V4 -> Estrone-25µg/L + Testostérone
A28: Data normalised to the "Testo" group | B28: =IF(B5="","",(B5/$O$23)) -> 0.053705076 | C28: =IF(C5="","",(C5/$O$23)) -> 0.032399631 | D28: =IF(D5="","",(D5/$O$23)) -> 0.2749181 | E28: =IF(E5="","",(E5/$O$23)) -> 1.2266171 | F28: =IF(F5="","",(F5/$O$23)) -> 1.5207387 | G28: =IF(G5="","",(G5/$O$23)) -> 5.349586 | H28: =IF(H5="","",(H5/$O$23)) -> 8.0462368 | I28: =IF(I5="","",(I5/$O$23)) -> 0.025750507 | ... M28: =IF(M5="","",(M5/$O$23)) -> 7.3127399 | O28: =IF(O5="","",(O5/$O$23)) -> 0.35131639 | P28: =IF(P5="","",(P5/$O$23)) -> 5.8524981 | Q28: =IF(Q5="","",(Q5/$O$23)) -> 0.042668109 | R28: =IF(R5="","",(R5/$O$23)) -> 1.4120784 | S28: =IF(S5="","",(S5/$O$23)) -> 0.85230253 | T28: =IF(T5="","",(T5/$O$23)) -> 4.248796 | U28: =IF(U5="","",(U5/$O$23)) -> 4.7103553 | V28: =IF(V5="","",(V5/$O$23)) -> 6.1465379
B29: =IF(B6="","",(B6/$O$23)) -> 0.023421865 | C29: =IF(C6="","",(C6/$O$23)) -> 0.033997449 | D29: =IF(D6="","",(D6/$O$23)) -> 0.62313156 | E29: =IF(E6="","",(E6/$O$23)) -> 1.2300481 | F29: =IF(F6="","",(F6/$O$23)) -> 3.62374 | G29: =IF(G6="","",(G6/$O$23)) -> 4.3573035 | H29: =IF(H6="","",(H6/$O$23)) -> 8.3503719 | I29: =IF(I6="","",(I6/$O$23)) -> 0.026723974 | ... M29: =IF(M6="","",(M6/$O$23)) -> 6.9731181 | O29: =IF(O6="","",(O6/$O$23)) -> 0.081445974 | P29: =IF(P6="","",(P6/$O$23)) -> 4.7247241 | Q29: =IF(Q6="","",(Q6/$O$23)) -> 0.040017876 | R29: =IF(R6="","",(R6/$O$23)) -> 2.4086155 | S29: =IF(S6="","",(S6/$O$23)) -> 2.3431419 | T29: =IF(T6="","",(T6/$O$23)) -> 3.9836503 | U29: =IF(U6="","",(U6/$O$23)) -> 4.6942323 | V29: =IF(V6="","",(V6/$O$23)) -> 3.0185292
B30: =IF(B7="","",(B7/$O$23)) -> 0.029587877 | C30: =IF(C7="","",(C7/$O$23)) -> 0.16013452 | D30: =IF(D7="","",(D7/$O$23)) -> 0.030152836 | E30: =IF(E7="","",(E7/$O$23)) -> 1.4027269 | F30: =IF(F7="","",(F7/$O$23)) -> 2.4641443 | G30: =IF(G7="","",(G7/$O$23)) -> 3.7517421 | H30: =IF(H7="","",(H7/$O$23)) -> 4.6680856 | I30: =IF(I7="","",(I7/$O$23)) -> 0.1172636 | ... M30: =IF(M7="","",(M7/$O$23)) -> 6.3370889 | O30: =IF(O7="","",(O7/$O$23)) -> 0.40227128 | P30: =IF(P7="","",(P7/$O$23)) -> 5.085568 | Q30: =IF(Q7="","",(Q7/$O$23)) -> 0.31458469 | R30: =IF(R7="","",(R7/$O$23)) -> 1.3202676 | S30: =IF(S7="","",(S7/$O$23)) -> 0.04710448 | T30: =IF(T7="","",(T7/$O$23)) -> 3.192524 | U30: =IF(U7="","",(U7/$O$23)) -> 3.9951718 | V30: =IF(V7="","",(V7/$O$23)) -> 4.9567126
B31: =IF(B8="","",(B8/$O$23)) -> 0.015302401 | C31: =IF(C8="","",(C8/$O$23)) -> 0.18872285 | D31: =IF(D8="","",(D8/$O$23)) -> 0.23262953 | E31: =IF(E8="","",(E8/$O$23)) -> 0.920669 | F31: =IF(F8="","",(F8/$O$23)) -> 1.3551371 | G31: =IF(G8="","",(G8/$O$23)) -> 5.0256426 | H31: =IF(H8="","",(H8/$O$23)) -> 6.4947252 | I31: =IF(I8="","",(I8/$O$23)) -> 0.01367706 | ... M31: =IF(M8="","",(M8/$O$23)) -> 6.4958566 | O31: =IF(O8="","",(O8/$O$23)) -> 0.083545736 | P31: =IF(P8="","",(P8/$O$23)) -> 3.8295391 | Q31: =IF(Q8="","",(Q8/$O$23)) -> 0.029868184 | R31: =IF(R8="","",(R8/$O$23)) -> 2.9782578 | S31: =IF(S8="","",(S8/$O$23)) -> 3.0878966 | T31: =IF(T8="","",(T8/$O$23)) -> 4.1575198 | U31: =IF(U8="","",(U8/$O$23)) -> 6.1257735 | V31: =IF(V8="","",(V8/$O$23)) -> 2.2416268
B32: =IF(B9="","",(B9/$O$23)) -> 0.26533119 | C32: =IF(C9="","",(C9/$O$23)) -> 0.048605241 | D32: =IF(D9="","",(D9/$O$23)) -> 0.11491178 | E32: =IF(E9="","",(E9/$O$23)) -> 1.9006391 | F32: =IF(F9="","",(F9/$O$23)) -> 2.1734972 | G32: =IF(G9="","",(G9/$O$23)) -> 5.6774103 | H32: =IF(H9="","",(H9/$O$23)) -> 6.7635012 | I32: =IF(I9="","",(I9/$O$23)) -> 0.063157986 | ... M32: =IF(M9="","",(M9/$O$23)) -> 7.5890327 | O32: =IF(O9="","",(O9/$O$23)) -> 0.0077812134 | P32: =IF(P9="","",(P9/$O$23)) -> 3.1703972 | Q32: =IF(Q9="","",(Q9/$O$23)) -> 0.070320643 | R32: =IF(R9="","",(R9/$O$23)) -> 1.5038551 | S32: =IF(S9="","",(S9/$O$23)) -> 2.2176255 | T32: =IF(T9="","",(T9/$O$23)) -> 2.6313416 | U32: =IF(U9="","",(U9/$O$23)) -> 5.0219443 | V32: =IF(V9="","",(V9/$O$23)) -> 5.1099373
B33: =IF(B10="","",(B10/$O$23)) -> 0.0052468686 | C33: =IF(C10="","",(C10/$O$23)) -> 0.073136742 | D33: =IF(D10="","",(D10/$O$23)) -> 0.025150058 | E33: =IF(E10="","",(E10/$O$23)) -> 1.0846141 | F33: =IF(F10="","",(F10/$O$23)) -> 3.5974042 | G33: =IF(G10="","",(G10/$O$23)) -> 3.7787471 | H33: =IF(H10="","",(H10/$O$23)) -> 7.1114597 | I33: =IF(I10="","",(I10/$O$23)) -> 0.047572382 | ... M33: =IF(M10="","",(M10/$O$23)) -> 5.7292184 | O33: =IF(O10="","",(O10/$O$23)) -> 2.643562 | P33: =IF(P10="","",(P10/$O$23)) -> 4.6599009 | Q33: =IF(Q10="","",(Q10/$O$23)) -> 0.052660627 | R33: =IF(R10="","",(R10/$O$23)) -> 2.9905913 | S33: =IF(S10="","",(S10/$O$23)) -> 1.1159838 | T33: =IF(T10="","",(T10/$O$23)) -> 4.9853502 | U33: =IF(U10="","",(U10/$O$23)) -> 4.5008514 | V33: =IF(V10="","",(V10/$O$23)) -> 3.1089891
B34: =IF(B11="","",(B11/$O$23)) -> 0.053415354 | C34: =IF(C11="","",(C11/$O$23)) -> 0.16263265 | D34: =IF(D11="","",(D11/$O$23)) -> 0.54705269 | E34: =IF(E11="","",(E11/$O$23)) -> 1.2008789 | F34: =IF(F11="","",(F11/$O$23)) -> 2.3731035 | G34: =IF(G11="","",(G11/$O$23)) -> 4.7473449 | H34: =IF(H11="","",(H11/$O$23)) -> 5.9615177 | I34: =IF(I11="","",(I11/$O$23)) -> 0.081019359 | ... M34: =IF(M11="","",(M11/$O$23)) -> 7.7487652 | O34: =IF(O11="","",(O11/$O$23)) -> 0.40518443 | P34: =IF(P11="","",(P11/$O$23)) -> 3.671907 | Q34: =IF(Q11="","",(Q11/$O$23)) -> 0.060900326 | R34: =IF(R11="","",(R11/$O$23)) -> 1.1927536 | S34: =IF(S11="","",(S11/$O$23)) -> 0.063046443 | T34: =IF(T11="","",(T11/$O$23)) -> 4.6786134 | U34: =IF(U11="","",(U11/$O$23)) -> 7.3272463 | V34: =IF(V11="","",(V11/$O$23)) -> 5.9035066
B35: =IF(B12="","",(B12/$O$23)) -> 0.026652267 | C35: =IF(C12="","",(C12/$O$23)) -> 0.041549782 | D35: =IF(D12="","",(D12/$O$23)) -> 0.31216985 | E35: =IF(E12="","",(E12/$O$23)) -> 2.9460363 | F35: =IF(F12="","",(F12/$O$23)) -> 2.8094157 | G35: =IF(G12="","",(G12/$O$23)) -> 3.7459991 | H35: =IF(H12="","",(H12/$O$23)) -> 4.3958735 | I35: =IF(I12="","",(I12/$O$23)) -> 0.035973354 | ... M35: =IF(M12="","",(M12/$O$23)) -> 7.8957819 | O35: =IF(O12="","",(O12/$O$23)) -> 0.40621512 | P35: =IF(P12="","",(P12/$O$23)) -> 4.6151418 | Q35: =IF(Q12="","",(Q12/$O$23)) -> 0.034118408 | R35: =IF(R12="","",(R12/$O$23)) -> 4.5943832 | S35: =IF(S12="","",(S12/$O$23)) -> 5.1258495 | T35: =IF(T12="","",(T12/$O$23)) -> 2.947519 | U35: =IF(U12="","",(U12/$O$23)) -> 5.3221421 | V35: =IF(V12="","",(V12/$O$23)) -> 5.0525237
B36: =IF(B13="","",(B13/$O$23)) | C36: =IF(C13="","",(C13/$O$23)) | D36: =IF(D13="","",(D13/$O$23)) | E36: =IF(E13="","",(E13/$O$23)) | F36: =IF(F13="","",(F13/$O$23)) | G36: =IF(G13="","",(G13/$O$23)) | H36: =IF(H13="","",(H13/$O$23)) | I36: =IF(I13="","",(I13/$O$23)) | ... M36: =IF(M13="","",(M13/$O$23)) | O36: =IF(O13="","",(O13/$O$23)) -> 0.01740506 | P36: =IF(P13="","",(P13/$O$23)) | Q36: =IF(Q13="","",(Q13/$O$23)) | R36: =IF(R13="","",(R13/$O$23)) | S36: =IF(S13="","",(S13/$O$23)) | T36: =IF(T13="","",(T13/$O$23)) | U36: =IF(U13="","",(U13/$O$23)) | V36: =IF(V13="","",(V13/$O$23))
B37: =IF(B14="","",(B14/$O$23)) | C37: =IF(C14="","",(C14/$O$23)) | D37: =IF(D14="","",(D14/$O$23)) | E37: =IF(E14="","",(E14/$O$23)) | F37: =IF(F14="","",(F14/$O$23)) | G37: =IF(G14="","",(G14/$O$23)) | H37: =IF(H14="","",(H14/$O$23)) | I37: =IF(I14="","",(I14/$O$23)) | ... M37: =IF(M14="","",(M14/$O$23)) | O37: =IF(O14="","",(O14/$O$23)) -> 1.2745965 | P37: =IF(P14="","",(P14/$O$23)) | Q37: =IF(Q14="","",(Q14/$O$23)) | R37: =IF(R14="","",(R14/$O$23)) | S37: =IF(S14="","",(S14/$O$23)) | T37: =IF(T14="","",(T14/$O$23)) | U37: =IF(U14="","",(U14/$O$23)) | V37: =IF(V14="","",(V14/$O$23))
B38: =IF(B15="","",(B15/$O$23)) | C38: =IF(C15="","",(C15/$O$23)) | D38: =IF(D15="","",(D15/$O$23)) | E38: =IF(E15="","",(E15/$O$23)) | F38: =IF(F15="","",(F15/$O$23)) | G38: =IF(G15="","",(G15/$O$23)) | H38: =IF(H15="","",(H15/$O$23)) | I38: =IF(I15="","",(I15/$O$23)) | ... M38: =IF(M15="","",(M15/$O$23)) | O38: =IF(O15="","",(O15/$O$23)) -> 2.5919046 | P38: =IF(P15="","",(P15/$O$23)) | Q38: =IF(Q15="","",(Q15/$O$23)) | R38: =IF(R15="","",(R15/$O$23)) | S38: =IF(S15="","",(S15/$O$23)) | T38: =IF(T15="","",(T15/$O$23)) | U38: =IF(U15="","",(U15/$O$23)) | V38: =IF(V15="","",(V15/$O$23))
B39: =IF(B16="","",(B16/$O$23)) | C39: =IF(C16="","",(C16/$O$23)) | D39: =IF(D16="","",(D16/$O$23)) | E39: =IF(E16="","",(E16/$O$23)) | F39: =IF(F16="","",(F16/$O$23)) | G39: =IF(G16="","",(G16/$O$23)) | H39: =IF(H16="","",(H16/$O$23)) | I39: =IF(I16="","",(I16/$O$23)) | ... M39: =IF(M16="","",(M16/$O$23)) | O39: =IF(O16="","",(O16/$O$23)) -> 0.85934061 | P39: =IF(P16="","",(P16/$O$23)) | Q39: =IF(Q16="","",(Q16/$O$23)) | R39: =IF(R16="","",(R16/$O$23)) | S39: =IF(S16="","",(S16/$O$23)) | T39: =IF(T16="","",(T16/$O$23)) | U39: =IF(U16="","",(U16/$O$23)) | V39: =IF(V16="","",(V16/$O$23))
B40: =IF(B17="","",(B17/$O$23)) | C40: =IF(C17="","",(C17/$O$23)) | D40: =IF(D17="","",(D17/$O$23)) | E40: =IF(E17="","",(E17/$O$23)) | F40: =IF(F17="","",(F17/$O$23)) | G40: =IF(G17="","",(G17/$O$23)) | H40: =IF(H17="","",(H17/$O$23)) | I40: =IF(I17="","",(I17/$O$23)) | ... M40: =IF(M17="","",(M17/$O$23)) | O40: =IF(O17="","",(O17/$O$23)) -> 2.5393685 | P40: =IF(P17="","",(P17/$O$23)) | Q40: =IF(Q17="","",(Q17/$O$23)) | R40: =IF(R17="","",(R17/$O$23)) | S40: =IF(S17="","",(S17/$O$23)) | T40: =IF(T17="","",(T17/$O$23)) | U40: =IF(U17="","",(U17/$O$23)) | V40: =IF(V17="","",(V17/$O$23))
... B43: =IF(B20="","",(B20/$O$23)) | C43: =IF(C20="","",(C20/$O$23)) | D43: =IF(D20="","",(D20/$O$23)) | E43: =IF(E20="","",(E20/$O$23)) | F43: =IF(F20="","",(F20/$O$23)) | G43: =IF(G20="","",(G20/$O$23)) | H43: =IF(H20="","",(H20/$O$23)) | I43: =IF(I20="","",(I20/$O$23)) | ... M43: =IF(M20="","",(M20/$O$23)) | O43: =IF(O20="","",(O20/$O$23)) -> 2.4329608 | P43: =IF(P20="","",(P20/$O$23)) | Q43: =IF(Q20="","",(Q20/$O$23)) | R43: =IF(R20="","",(R20/$O$23)) | S43: =IF(S20="","",(S20/$O$23)) | T43: =IF(T20="","",(T20/$O$23)) | U43: =IF(U20="","",(U20/$O$23)) | V43: =IF(V20="","",(V20/$O$23))
A45: =A4 -> Group names | B45: =B4 -> Solvent control | C45: =C4 -> EE2-33.8ng/L | D45: =D4 -> EE2-50.6ng/L | E45: =E4 -> EE2-76ng/L | F45: =F4 -> EE2-114ng/L | G45: =G4 -> EE2-170.9ng/L | H45: =H4 -> EE2-488ng/L | ... M45: =M4 -> Estrone-25µg/L | O45: =O4 -> Testo -30µg/L | P45: =P4 -> Testo 30µg/L + EE2 -64ng/L | Q45: =Q4 -> Testo 30µg/L + FAD-10mg/L | R45: =R4 -> Estrone-0.04µg/L + Testostérone | S45: =S4 -> Estrone-0.2µg/L + Testostérone | T45: =T4 -> Estrone-1µg/L + Testostérone | U45: =U4 -> Estrone-5µg/L + Testostérone | V45: =V4 -> Estrone-25µg/L + Testostérone
A46: mean | B46: =AVERAGE(B28:B43) -> 0.059082863 | C46: =AVERAGE(C28:C43) -> 0.092647358 | D46: =AVERAGE(D28:D43) -> 0.27001455 | E46: =AVERAGE(E28:E43) -> 1.4890287 | F46: =AVERAGE(F28:F43) -> 2.4896476 | G46: =AVERAGE(G28:G43) -> 4.554222 | H46: =AVERAGE(H28:H43) -> 6.4739715 | I46: =AVERAGE(I28:I43) -> 0.051392278 | ... M46: =AVERAGE(M28:M43) -> 7.0102002 | N46: mean | O46: =AVERAGE(O28:O43) -> 1 | P46: =AVERAGE(P28:P43) -> 4.4512095 | Q46: =AVERAGE(Q28:Q43) -> 0.080642358 | R46: =AVERAGE(R28:R43) -> 2.3001003 | S46: =AVERAGE(S28:S43) -> 1.8566188 | T46: =AVERAGE(T28:T43) -> 3.8531643 | U46: =AVERAGE(U28:U43) -> 5.2122146 | V46: =AVERAGE(V28:V43) -> 4.4422954
A47: SD | B47: =STDEV(B28:B43) -> 0.085027611 | C47: =STDEV(C28:C43) -> 0.066207351 | D47: =STDEV(D28:D43) -> 0.22238629 | E47: =STDEV(E28:E43) -> 0.65523032 | F47: =STDEV(F28:F43) -> 0.84139548 | G47: =STDEV(G28:G43) -> 0.76448171 | H47: =STDEV(H28:H43) -> 1.4305778 | I47: =STDEV(I28:I43) -> 0.034425957 | ... M47: =STDEV(M28:M43) -> 0.76683283 | N47: SD | O47: =STDEV(O28:O43) -> 1.0059625 | P47: =STDEV(P28:P43) -> 0.857365 | Q47: =STDEV(Q28:Q43) -> 0.095501057 | R47: =STDEV(R28:R43) -> 1.1844868 | S47: =STDEV(S28:S43) -> 1.7162825 | T47: =STDEV(T28:T43) -> 0.84336775 | U47: =STDEV(U28:U43) -> 1.0598945 | V47: =STDEV(V28:V43) -> 1.4525882
A48: SEM | B48: =B47/SQRT(COUNT(B28:B43)) -> 0.0300618 | C48: =C47/SQRT(COUNT(C28:C43)) -> 0.023407833 | D48: =D47/SQRT(COUNT(D28:D43)) -> 0.078625428 | E48: =E47/SQRT(COUNT(E28:E43)) -> 0.2316589 | F48: =F47/SQRT(COUNT(F28:F43)) -> 0.29747823 | G48: =G47/SQRT(COUNT(G28:G43)) -> 0.2702851 | H48: =H47/SQRT(COUNT(H28:H43)) -> 0.50578564 | I48: =I47/SQRT(COUNT(I28:I43)) -> 0.012171414 | ... M48: =M47/SQRT(COUNT(M28:M43)) -> 0.27111635 | N48: SEM | O48: =O47/SQRT(COUNT(O28:O43)) -> 0.25149063 | P48: =P47/SQRT(COUNT(P28:P43)) -> 0.3031243 | Q48: =Q47/SQRT(COUNT(Q28:Q43)) -> 0.033764722 | R48: =R47/SQRT(COUNT(R28:R43)) -> 0.41877933 | S48: =S47/SQRT(COUNT(S28:S43)) -> 0.60679751 | T48: =T47/SQRT(COUNT(T28:T43)) -> 0.29817553 | U48: =U47/SQRT(COUNT(U28:U43)) -> 0.3747293 | V48: =V47/SQRT(COUNT(V28:V43)) -> 0.51356749
A52: =A27 -> Group names | B52: =B27 -> Solvent control | C52: =C27 -> EE2-33.8ng/L | D52: =D27 -> EE2-50.6ng/L | E52: =E27 -> EE2-76ng/L | F52: =F27 -> EE2-114ng/L | G52: =G27 -> EE2-170.9ng/L | H52: =H27 -> EE2-488ng/L | I52: =I4 -> Estrone-0.04µg/L | J52: =J4 -> Estrone-0.2µg/L | K52: =K4 -> Estrone-1µg/L | L52: =L4 -> Estrone-5µg/L | M52: =M4 -> Estrone-25µg/L | O52: =O27 -> Testo -30µg/L | P52: =P27 -> Testo 30µg/L + EE2 -64ng/L | Q52: =Q27 -> Testo 30µg/L + FAD-10mg/L | R52: =R27 -> Estrone-0.04µg/L + Testostérone | S52: =S27 -> Estrone-0.2µg/L + Testostérone | T52: =T27 -> Estrone-1µg/L + Testostérone | U52: =U27 -> Estrone-5µg/L + Testostérone | V52: =V27 -> Estrone-25µg/L + Testostérone
A53: Mean | B53: =B46 -> 0.059082863 | C53: =C46 -> 0.092647358 | D53: =D46 -> 0.27001455 | E53: =E46 -> 1.4890287 | F53: =F46 -> 2.4896476 | G53: =G46 -> 4.554222 | H53: =H46 -> 6.4739715 | I53: =I46 -> 0.051392278 | ... M53: =M46 -> 7.0102002 | O53: =O46 -> 1 | P53: =P46 -> 4.4512095 | Q53: =Q46 -> 0.080642358 | R53: =R46 -> 2.3001003 | S53: =S46 -> 1.8566188 | T53: =T46 -> 3.8531643 | U53: =U46 -> 5.2122146 | V53: =V46 -> 4.4422954
A54: SEM | B54: =B48 -> 0.0300618 | C54: =C48 -> 0.023407833 | D54: =D48 -> 0.078625428 | E54: =E48 -> 0.2316589 | F54: =F48 -> 0.29747823 | G54: =G48 -> 0.2702851 | H54: =H48 -> 0.50578564 | I54: =I48 -> 0.012171414 | ... M54: =M48 -> 0.27111635 | O54: =O48 -> 0.25149063 | P54: =P48 -> 0.3031243 | Q54: =Q48 -> 0.033764722 | R54: =R48 -> 0.41877933 | S54: =S48 -> 0.60679751 | T54: =T48 -> 0.29817553 | U54: =U48 -> 0.3747293 | V54: =V48 -> 0.51356749
A55: % induction | B55: =(B53*100/$B53)-100 -> 0 | C55: =(C53*100/$B53)-100 -> 56.809189 | D55: =(D53*100/$B53)-100 -> 357.00993 | E55: =(E53*100/$B53)-100 -> 2420.2379 | F55: =(F53*100/$B53)-100 -> 4113.8236 | G55: =(G53*100/$B53)-100 -> 7608.1945 | H55: =(H53*100/$B53)-100 -> 10857.444 | I55: =(I53*100/$B53)-100 -> -13.016608 | ... M55: =(M53*100/$B53)-100 -> 11765.031 | O55: =(O53*100/$O53)-100 -> 0 | P55: =(P53*100/$O53)-100 -> 345.12095 | Q55: =(Q53*100/$O53)-100 -> -91.935764 | R55: =(R53*100/$O53)-100 -> 130.01003 | S55: =(S53*100/$O53)-100 -> 85.661885 | T55: =(T53*100/$O53)-100 -> 285.31643 | U55: =(U53*100/$O53)-100 -> 421.22146 | V55: =(V53*100/$O53)-100 -> 344.22954
A56: Normality test : p value | B56: =[1]!SWTEST(B28:B43) -> #NAME? | C56: =[1]!SWTEST(C28:C43) -> #NAME? | D56: =[1]!SWTEST(D28:D43) -> #NAME? | E56: =[1]!SWTEST(E28:E43) -> #NAME? | F56: =[1]!SWTEST(F28:F43) -> #NAME? | G56: =[1]!SWTEST(G28:G43) -> #NAME? | H56: =[1]!SWTEST(H28:H43) -> #NAME? | I56: =[1]!SWTEST(I28:I43) -> #NAME? | ... M56: =[1]!SWTEST(M28:M43) -> #NAME? | O56: =[1]!SWTEST(O28:O43) -> #NAME? | P56: =[1]!SWTEST(P28:P43) -> #NAME? | Q56: =[1]!SWTEST(Q28:Q43) -> #NAME? | R56: =[1]!SWTEST(R28:R43) -> #NAME? | S56: =[1]!SWTEST(S28:S43) -> #NAME? | T56: =[1]!SWTEST(T28:T43) -> #NAME? | U56: =[1]!SWTEST(U28:U43) -> #NAME? | V56: =[1]!SWTEST(V28:V43) -> #NAME?
A57: Normality test : normal distibution? | B57: =IF(B56>0.05,"Oui","Non") -> #NAME? | C57: =IF(C56>0.05,"Oui","Non") -> #NAME? | D57: =IF(D56>0.05,"Oui","Non") -> #NAME? | E57: =IF(E56>0.05,"Oui","Non") -> #NAME? | F57: =IF(F56>0.05,"Oui","Non") -> #NAME? | G57: =IF(G56>0.05,"Oui","Non") -> #NAME? | H57: =IF(H56>0.05,"Oui","Non") -> #NAME? | I57: =IF(I56>0.05,"Oui","Non") -> #NAME? | ... M57: =IF(M56>0.05,"Oui","Non") -> #NAME? | O57: =IF(O56>0.05,"Oui","Non") -> #NAME? | P57: =IF(P56>0.05,"Oui","Non") -> #NAME? | Q57: =IF(Q56>0.05,"Oui","Non") -> #NAME? | R57: =IF(R56>0.05,"Oui","Non") -> #NAME? | S57: =IF(S56>0.05,"Oui","Non") -> #NAME? | T57: =IF(T56>0.05,"Oui","Non") -> #NAME? | U57: =IF(U56>0.05,"Oui","Non") -> #NAME? | V57: =IF(V56>0.05,"Oui","Non") -> #NAME?
A59: Statistical test used | C59: =IF($B57="Non",IF(C57="Non","MW",IF(C57="Oui","MW","")),IF($B57="Oui",IF(C57="Oui","T-Test Welch",IF(C57="Non","MW","")))) -> #NAME? | D59: =IF($B57="Non",IF(D57="Non","MW",IF(D57="Oui","MW","")),IF($B57="Oui",IF(D57="Oui","T-Test Welch",IF(D57="Non","MW","")))) -> #NAME? | E59: =IF($B57="Non",IF(E57="Non","MW",IF(E57="Oui","MW","")),IF($B57="Oui",IF(E57="Oui","T-Test Welch",IF(E57="Non","MW","")))) -> #NAME? | F59: =IF($B57="Non",IF(F57="Non","MW",IF(F57="Oui","MW","")),IF($B57="Oui",IF(F57="Oui","T-Test Welch",IF(F57="Non","MW","")))) -> #NAME? | G59: =IF($B57="Non",IF(G57="Non","MW",IF(G57="Oui","MW","")),IF($B57="Oui",IF(G57="Oui","T-Test Welch",IF(G57="Non","MW","")))) -> #NAME? | H59: =IF($B57="Non",IF(H57="Non","MW",IF(H57="Oui","MW","")),IF($B57="Oui",IF(H57="Oui","T-Test Welch",IF(H57="Non","MW","")))) -> #NAME? | I59: =IF($B57="Non",IF(I57="Non","MW",IF(I57="Oui","MW","")),IF($B57="Oui",IF(I57="Oui","T-Test Welch",IF(I57="Non","MW","")))) -> #NAME? | J59: =IF($B57="Non",IF(J57="Non","MW",IF(J57="Oui","MW","")),IF($B57="Oui",IF(J57="Oui","T-Test Welch",IF(J57="Non","MW","")))) -> #NAME? | ... M59: =IF($B57="Non",IF(M57="Non","MW",IF(M57="Oui","MW","")),IF($B57="Oui",IF(M57="Oui","T-Test Welch",IF(M57="Non","MW","")))) -> #NAME? | O59: =IF($B57="Non",IF(O57="Non","MW",IF(O57="Oui","MW","")),IF($B57="Oui",IF(O57="Oui","T-Test Welch",IF(O57="Non","MW","")))) -> #NAME? | P59: =IF($O57="Non",IF(P57="Non","MW",IF(P57="Oui","MW","")),IF($O57="Oui",IF(P57="Oui","T-Test Welch",IF(P57="Non","MW","")))) -> #NAME? | Q59: =IF($O57="Non",IF(Q57="Non","MW",IF(Q57="Oui","MW","")),IF($O57="Oui",IF(Q57="Oui","T-Test Welch",IF(Q57="Non","MW","")))) -> #NAME? | R59: =IF($O57="Non",IF(R57="Non","MW",IF(R57="Oui","MW","")),IF($O57="Oui",IF(R57="Oui","T-Test Welch",IF(R57="Non","MW","")))) -> #NAME? | S59: =IF($O57="Non",IF(S57="Non","MW",IF(S57="Oui","MW","")),IF($O57="Oui",IF(S57="Oui","T-Test Welch",IF(S57="Non","MW","")))) -> #NAME? | T59: =IF($O57="Non",IF(T57="Non","MW",IF(T57="Oui","MW","")),IF($O57="Oui",IF(T57="Oui","T-Test Welch",IF(T57="Non","MW","")))) -> #NAME? | U59: =IF($O57="Non",IF(U57="Non","MW",IF(U57="Oui","MW","")),IF($O57="Oui",IF(U57="Oui","T-Test Welch",IF(U57="Non","MW","")))) -> #NAME? | V59: =IF($O57="Non",IF(V57="Non","MW",IF(V57="Oui","MW","")),IF($O57="Oui",IF(V57="Oui","T-Test Welch",IF(V57="Non","MW","")))) -> #NAME?
A60: Statistical test : p value | C60: =IF(C59="MW",[1]!MTEST($B28:$B43,C28:C43,2), IF(C59="T-Test Welch",_xlfn.T.TEST($B28:$B43,C28:C43,2,3),"")) -> #NAME? | D60: =IF(D59="MW",[1]!MTEST($B28:$B43,D28:D43,2), IF(D59="T-Test Welch",_xlfn.T.TEST($B28:$B43,D28:D43,2,3),"")) -> #NAME? | E60: =IF(E59="MW",[1]!MTEST($B28:$B43,E28:E43,2), IF(E59="T-Test Welch",_xlfn.T.TEST($B28:$B43,E28:E43,2,3),"")) -> #NAME? | F60: =IF(F59="MW",[1]!MTEST($B28:$B43,F28:F43,2), IF(F59="T-Test Welch",_xlfn.T.TEST($B28:$B43,F28:F43,2,3),"")) -> #NAME? | G60: =IF(G59="MW",[1]!MTEST($B28:$B43,G28:G43,2), IF(G59="T-Test Welch",_xlfn.T.TEST($B28:$B43,G28:G43,2,3),"")) -> #NAME? | H60: =IF(H59="MW",[1]!MTEST($B28:$B43,H28:H43,2), IF(H59="T-Test Welch",_xlfn.T.TEST($B28:$B43,H28:H43,2,3),"")) -> #NAME? | I60: =IF(I59="MW",[1]!MTEST($B28:$B43,I28:I43,2), IF(I59="T-Test Welch",_xlfn.T.TEST($B28:$B43,I28:I43,2,3),"")) -> #NAME? | J60: =IF(J59="MW",[1]!MTEST($B28:$B43,J28:J43,2), IF(J59="T-Test Welch",_xlfn.T.TEST($B28:$B43,J28:J43,2,3),"")) -> #NAME? | ... M60: =IF(M59="MW",[1]!MTEST($B28:$B43,M28:M43,2), IF(M59="T-Test Welch",_xlfn.T.TEST($B28:$B43,M28:M43,2,3),"")) -> #NAME? | O60: =IF(O59="MW",[1]!MTEST($B28:$B43,O28:O43,2), IF(O59="T-Test Welch",_xlfn.T.TEST($B28:$B43,O28:O43,2,3),"")) -> #NAME? | P60: =IF(P59="MW",[1]!MTEST($O28:$O43,P28:P43,2), IF(P59="T-Test Welch",_xlfn.T.TEST($O28:$O43,P28:P43,2,3),"")) -> #NAME? | Q60: =IF(Q59="MW",[1]!MTEST($O28:$O43,Q28:Q43,2), IF(Q59="T-Test Welch",_xlfn.T.TEST($O28:$O43,Q28:Q43,2,3),"")) -> #NAME? | R60: =IF(R59="MW",[1]!MTEST($O28:$O43,R28:R43,2), IF(R59="T-Test Welch",_xlfn.T.TEST($O28:$O43,R28:R43,2,3),"")) -> #NAME? | S60: =IF(S59="MW",[1]!MTEST($O28:$O43,S28:S43,2), IF(S59="T-Test Welch",_xlfn.T.TEST($O28:$O43,S28:S43,2,3),"")) -> #NAME? | T60: =IF(T59="MW",[1]!MTEST($O28:$O43,T28:T43,2), IF(T59="T-Test Welch",_xlfn.T.TEST($O28:$O43,T28:T43,2,3),"")) -> #NAME? | U60: =IF(U59="MW",[1]!MTEST($O28:$O43,U28:U43,2), IF(U59="T-Test Welch",_xlfn.T.TEST($O28:$O43,U28:U43,2,3),"")) -> #NAME? | V60: =IF(V59="MW",[1]!MTEST($O28:$O43,V28:V43,2), IF(V59="T-Test Welch",_xlfn.T.TEST($O28:$O43,V28:V43,2,3),"")) -> #NAME?
A61: Annotation | C61: =IF(C60>0.05,"NS",IF(C60>0.01,"*",IF(C60>0.001,"**","***"))) -> #NAME? | D61: =IF(D60>0.05,"NS",IF(D60>0.01,"*",IF(D60>0.001,"**","***"))) -> #NAME? | E61: =IF(E60>0.05,"NS",IF(E60>0.01,"*",IF(E60>0.001,"**","***"))) -> #NAME? | F61: =IF(F60>0.05,"NS",IF(F60>0.01,"*",IF(F60>0.001,"**","***"))) -> #NAME? | G61: =IF(G60>0.05,"NS",IF(G60>0.01,"*",IF(G60>0.001,"**","***"))) -> #NAME? | H61: =IF(H60>0.05,"NS",IF(H60>0.01,"*",IF(H60>0.001,"**","***"))) -> #NAME? | I61: =IF(I60>0.05,"NS",IF(I60>0.01,"*",IF(I60>0.001,"**","***"))) -> #NAME? | J61: =IF(J60>0.05,"NS",IF(J60>0.01,"*",IF(J60>0.001,"**","***"))) -> #NAME? | ... M61: =IF(M60>0.05,"NS",IF(M60>0.01,"*",IF(M60>0.001,"**","***"))) -> #NAME? | O61: =IF(O60>0.05,"NS",IF(O60>0.01,"*",IF(O60>0.001,"**","***"))) -> #NAME? | P61: =IF(P60>0.05,"NS",IF(P60>0.01,"*",IF(P60>0.001,"**","***"))) -> #NAME? | Q61: =IF(Q60>0.05,"NS",IF(Q60>0.01,"*",IF(Q60>0.001,"**","***"))) -> #NAME? | R61: =IF(R60>0.05,"NS",IF(R60>0.01,"*",IF(R60>0.001,"**","***"))) -> #NAME? | S61: =IF(S60>0.05,"NS",IF(S60>0.01,"*",IF(S60>0.001,"**","***"))) -> #NAME? | T61: =IF(T60>0.05,"NS",IF(T60>0.01,"*",IF(T60>0.001,"**","***"))) -> #NAME? | U61: =IF(U60>0.05,"NS",IF(U60>0.01,"*",IF(U60>0.001,"**","***"))) -> #NAME? | V61: =IF(V60>0.05,"NS",IF(V60>0.01,"*",IF(V60>0.001,"**","***"))) -> #NAME?

Sheet pooled normalised values
B3: Unspiked | O3: Testosterone spiked
B4: ='R1'!B4 -> Solvent control | C4: ='R1'!C4 -> EE2-33.8ng/L | D4: ='R1'!D4 -> EE2-50.6ng/L | E4: ='R1'!E4 -> EE2-76ng/L | F4: ='R1'!F4 -> EE2-114ng/L | G4: ='R1'!G4 -> EE2-170.9ng/L | H4: ='R1'!H4 -> EE2-488ng/L | I4: ='R1'!I4 -> Estrone-0.04µg/L | ... M4: ='R1'!M4 -> Estrone-25µg/L | O4: ='R1'!O4 -> Testo -30µg/L | P4: ='R1'!P4 -> Testo 30µg/L + EE2 -64ng/L | Q4: ='R1'!Q4 -> Testo 30µg/L + FAD-10mg/L | R4: ='R1'!R4 -> Estrone-0.04µg/L + Testostérone | S4: ='R1'!S4 -> Estrone-0.2µg/L + Testostérone | T4: ='R1'!T4 -> Estrone-1µg/L + Testostérone | U4: ='R1'!U4 -> Estrone-5µg/L + Testostérone | V4: ='R1'!V4 -> Estrone-25µg/L + Testostérone
A6: Rep1 | B6: ='R1'!B28 -> 0.22636283 | C6: ='R1'!C28 -> 0.07607444 | D6: ='R1'!D28 -> 0.14974377 | E6: ='R1'!E28 -> 0.37747751 | F6: ='R1'!F28 -> 1.7199665 | G6: ='R1'!G28 -> 1.9985438 | H6: ='R1'!H28 -> 3.0556535 | I6: ='R1'!I28 -> 0.059053824 | ... M6: ='R1'!M28 -> 5.0227032 | O6: ='R1'!O28 -> 0.59397362 | P6: ='R1'!P28 -> 2.134112 | Q6: ='R1'!Q28 -> 0.029342092 | R6: ='R1'!R28 -> 0.5056131 | S6: ='R1'!S28 -> 1.1250987 | T6: ='R1'!T28 -> 2.263618 | U6: ='R1'!U28 -> 4.0439822 | V6: ='R1'!V28 -> 3.3582859
B7: ='R1'!B29 -> 0.059479499 | C7: ='R1'!C29 -> 0.016899205 | D7: ='R1'!D29 -> 0.10681644 | E7: ='R1'!E29 -> 0.096965946 | F7: ='R1'!F29 -> 1.0272387 | G7: ='R1'!G29 -> 1.3267532 | H7: ='R1'!H29 -> 4.2247427 | I7: ='R1'!I29 -> 0.22933076 | ... M7: ='R1'!M29 -> 0.99833552 | O7: ='R1'!O29 -> 0.29989354 | P7: ='R1'!P29 -> 0.52177794 | Q7: ='R1'!Q29 -> 0.095013543 | R7: ='R1'!R29 -> 1.7390471 | S7: ='R1'!S29 -> 1.9216927 | T7: ='R1'!T29 -> 3.5091484 | U7: ='R1'!U29 -> 4.6855867 | V7: ='R1'!V29 -> 2.775748
B8: ='R1'!B30 -> 0.019932017 | C8: ='R1'!C30 -> 0.17730943 | D8: ='R1'!D30 -> 0.07219765 | E8: ='R1'!E30 -> 0.29362049 | F8: ='R1'!F30 -> 0.69167148 | G8: ='R1'!G30 -> 1.3882122 | H8: ='R1'!H30 -> 4.2454111 | I8: ='R1'!I30 -> 0.1090682 | ... M8: ='R1'!M30 -> 5.0173302 | O8: ='R1'!O30 -> 0.51697902 | P8: ='R1'!P30 -> 3.232 | Q8: ='R1'!Q30 -> 0.25021539 | R8: ='R1'!R30 -> 1.7622228 | S8: ='R1'!S30 -> 2.4824317 | T8: ='R1'!T30 -> 1.4547944 | U8: ='R1'!U30 -> 1.5050492 | V8: ='R1'!V30 -> 4.8867383
B9: ='R1'!B31 -> 0.026097917 | C9: ='R1'!C31 -> 0.16913804 | D9: ='R1'!D31 -> 0.36797207 | E9: ='R1'!E31 -> 0.14846625 | F9: ='R1'!F31 -> 1.6747471 | G9: ='R1'!G31 -> 2.0667551 | H9: ='R1'!H31 -> 4.409559 | I9: ='R1'!I31 -> 0.011135386 | ... M9: ='R1'!M31 -> 4.5697273 | O9: ='R1'!O31 -> 1.275745 | P9: ='R1'!P31 -> 2.8965994 | Q9: ='R1'!Q31 -> 0.37215952 | R9: ='R1'!R31 -> 2.0572796 | S9: ='R1'!S31 -> 1.7654011 | T9: ='R1'!T31 -> 2.768132 | U9: ='R1'!U31 -> 5.1153603 | V9: ='R1'!V31 -> 3.9903107
B10: ='R1'!B32 -> 0.036908394 | C10: ='R1'!C32 -> 0.038235557 | D10: ='R1'!D32 -> 0.11547053 | E10: ='R1'!E32 -> 0.34439183 | F10: ='R1'!F32 -> 0.86663871 | G10: ='R1'!G32 -> 2.1839224 | H10: ='R1'!H32 -> 3.3963774 | I10: ='R1'!I32 -> 0.038094976 | ... M10: ='R1'!M32 -> 5.7801199 | O10: ='R1'!O32 -> 1.2338548 | P10: ='R1'!P32 -> 3.0511495 | Q10: ='R1'!Q32 -> 0.00029492504 | R10: ='R1'!R32 -> 2.5455781 | S10: ='R1'!S32 -> 3.2304285 | T10: ='R1'!T32 -> 2.511157 | U10: ='R1'!U32 -> 2.829618 | V10: ='R1'!V32 -> 4.6801055
B11: ='R1'!B33 -> 0.03388148 | C11: ='R1'!C33 -> 0.0030446095 | D11: ='R1'!D33 -> 0.067583056 | E11: ='R1'!E33 -> 0.33817776 | F11: ='R1'!F33 -> 0.34408315 | G11: ='R1'!G33 -> 3.2210754 | H11: ='R1'!H33 -> 1.5117656 | I11: ='R1'!I33 -> 0.067868642 | ... M11: ='R1'!M33 -> 3.3546499 | O11: ='R1'!O33 -> 2.0591086 | P11: ='R1'!P33 -> 2.7464349 | Q11: ='R1'!Q33 -> 0.035725253 | R11: ='R1'!R33 -> 1.366572 | S11: ='R1'!S33 -> 2.1441321 | T11: ='R1'!T33 -> 0.78372446 | U11: ='R1'!U33 -> 3.9134862 | V11: ='R1'!V33 -> 4.6735641
B12: ='R1'!B34 -> 0.13602041 | C12: ='R1'!C34 -> 0.064605788 | D12: ='R1'!D34 -> 0.2412359 | E12: ='R1'!E34 -> 0.42468763 | F12: ='R1'!F34 -> 2.1090227 | G12: ='R1'!G34 -> 1.8409039 | H12: ='R1'!H34 -> 4.9256979 | I12: ='R1'!I34 -> 0.00018875203 | ... M12: ='R1'!M34 -> 3.7304071 | O12: ='R1'!O34 -> 0.072728515 | P12: ='R1'!P34 -> 1.0370484 | Q12: ='R1'!Q34 -> 0.13368362 | R12: ='R1'!R34 -> 0.21238339 | S12: ='R1'!S34 -> 0.4492023 | T12: ='R1'!T34 -> 2.6951513 | U12: ='R1'!U34 -> 5.5789913 | V12: ='R1'!V34 -> 2.7879883
B13: ='R1'!B35 -> 0.12455127 | C13: ='R1'!C35 -> 0.0056832055 | D13: ='R1'!D35 -> 0.063367103 | E13: ='R1'!E35 -> 0.5384476 | F13: ='R1'!F35 | G13: ='R1'!G35 -> 1.1670911 | H13: ='R1'!H35 -> 2.4553272 | I13: ='R1'!I35 -> 0.026687767 | ... M13: ='R1'!M35 -> 4.7028359 | O13: ='R1'!O35 -> 0.74868786 | P13: ='R1'!P35 -> 2.1920387 | Q13: ='R1'!Q35 -> 3.9407761 | R13: ='R1'!R35 -> 1.0570713 | S13: ='R1'!S35 -> 0.98361089 | T13: ='R1'!T35 -> 2.6661125 | U13: ='R1'!U35 | V13: ='R1'!V35 -> 4.4381613
B14: ='R1'!B36 | C14: ='R1'!C36 | D14: ='R1'!D36 | E14: ='R1'!E36 | F14: ='R1'!F36 | G14: ='R1'!G36 | H14: ='R1'!H36 | I14: ='R1'!I36 | ... M14: ='R1'!M36 | O14: ='R1'!O36 -> 1.5776887 | P14: ='R1'!P36 | Q14: ='R1'!Q36 | R14: ='R1'!R36 | S14: ='R1'!S36 | T14: ='R1'!T36 | U14: ='R1'!U36 | V14: ='R1'!V36
B15: ='R1'!B37 | C15: ='R1'!C37 | D15: ='R1'!D37 | E15: ='R1'!E37 | F15: ='R1'!F37 | G15: ='R1'!G37 | H15: ='R1'!H37 | I15: ='R1'!I37 | ... M15: ='R1'!M37 | O15: ='R1'!O37 -> 1.5395805 | P15: ='R1'!P37 | Q15: ='R1'!Q37 | R15: ='R1'!R37 | S15: ='R1'!S37 | T15: ='R1'!T37 | U15: ='R1'!U37 | V15: ='R1'!V37
B16: ='R1'!B38 | C16: ='R1'!C38 | D16: ='R1'!D38 | E16: ='R1'!E38 | F16: ='R1'!F38 | G16: ='R1'!G38 | H16: ='R1'!H38 | I16: ='R1'!I38 | ... M16: ='R1'!M38 | O16: ='R1'!O38 -> 1.2666883 | P16: ='R1'!P38 | Q16: ='R1'!Q38 | R16: ='R1'!R38 | S16: ='R1'!S38 | T16: ='R1'!T38 | U16: ='R1'!U38 | V16: ='R1'!V38
B17: ='R1'!B39 | C17: ='R1'!C39 | D17: ='R1'!D39 | E17: ='R1'!E39 | F17: ='R1'!F39 | G17: ='R1'!G39 | H17: ='R1'!H39 | I17: ='R1'!I39 | ... M17: ='R1'!M39 | O17: ='R1'!O39 -> 2.1602719 | P17: ='R1'!P39 | Q17: ='R1'!Q39 | R17: ='R1'!R39 | S17: ='R1'!S39 | T17: ='R1'!T39 | U17: ='R1'!U39 | V17: ='R1'!V39
B18: ='R1'!B40 | C18: ='R1'!C40 | D18: ='R1'!D40 | E18: ='R1'!E40 | F18: ='R1'!F40 | G18: ='R1'!G40 | H18: ='R1'!H40 | I18: ='R1'!I40 | ... M18: ='R1'!M40 | O18: ='R1'!O40 -> 1.171604 | P18: ='R1'!P40 | Q18: ='R1'!Q40 | R18: ='R1'!R40 | S18: ='R1'!S40 | T18: ='R1'!T40 | U18: ='R1'!U40 | V18: ='R1'!V40
... B21: ='R1'!B43 | C21: ='R1'!C43 | D21: ='R1'!D43 | E21: ='R1'!E43 | F21: ='R1'!F43 | G21: ='R1'!G43 | H21: ='R1'!H43 | I21: ='R1'!I43 | ... M21: ='R1'!M43 | O21: ='R1'!O43 -> 0.17264175 | P21: ='R1'!P43 | Q21: ='R1'!Q43 | R21: ='R1'!R43 | S21: ='R1'!S43 | T21: ='R1'!T43 | U21: ='R1'!U43 | V21: ='R1'!V43
A22: Rep2 | B22: ='R2'!B28 -> 0.089832952 | C22: ='R2'!C28 -> 0.017244494 | D22: ='R2'!D28 -> 0.028222517 | E22: ='R2'!E28 -> 1.049209 | F22: ='R2'!F28 -> 0.3483685 | G22: ='R2'!G28 -> 1.3635094 | H22: ='R2'!H28 -> 1.289477 | I22: ='R2'!I28 -> 0.07325893 | ... M22: ='R2'!M28 | O22: ='R2'!O28 -> 1.1943329 | P22: ='R2'!P28 -> 1.8441645 | Q22: ='R2'!Q28 -> 0.034852773 | R22: ='R2'!R28 -> 1.2944349 | S22: ='R2'!S28 -> 1.0577188 | T22: ='R2'!T28 -> 0.66240342 | U22: ='R2'!U28 -> 2.0052742 | V22: ='R2'!V28 -> 3.2107917
B23: ='R2'!B29 -> 0.0079299948 | C23: ='R2'!C29 -> 0.23654448 | D23: ='R2'!D29 -> 0.40172077 | E23: ='R2'!E29 -> 0.46238377 | F23: ='R2'!F29 -> 2.7547877 | G23: ='R2'!G29 -> 1.783113 | H23: ='R2'!H29 -> 1.766939 | I23: ='R2'!I29 -> 0.022971761 | ... M23: ='R2'!M29 | O23: ='R2'!O29 -> 1.559711 | P23: ='R2'!P29 -> 2.3060076 | Q23: ='R2'!Q29 -> 0.020847619 | R23: ='R2'!R29 -> 1.2538071 | S23: ='R2'!S29 -> 0.93184577 | T23: ='R2'!T29 -> 1.7895337 | U23: ='R2'!U29 -> 2.9820657 | V23: ='R2'!V29 -> 2.9754237
B24: ='R2'!B30 -> 0.16032081 | C24: ='R2'!C30 -> 0.076568025 | D24: ='R2'!D30 -> 0.078676274 | E24: ='R2'!E30 -> 0.30080472 | F24: ='R2'!F30 -> 1.774472 | G24: ='R2'!G30 -> 0.80359812 | H24: ='R2'!H30 -> 3.035299 | I24: ='R2'!I30 -> 0.012077032 | ... M24: ='R2'!M30 | O24: ='R2'!O30 -> 1.2775247 | P24: ='R2'!P30 -> 1.8019701 | Q24: ='R2'!Q30 -> 0.059871564 | R24: ='R2'!R30 -> 1.0194371 | S24: ='R2'!S30 -> 1.3743547 | T24: ='R2'!T30 -> 1.4938644 | U24: ='R2'!U30 -> 1.1134925 | V24: ='R2'!V30 -> 2.4369381
B25: ='R2'!B31 -> 0.33784168 | C25: ='R2'!C31 -> 0.0079441224 | D25: ='R2'!D31 -> 1.6850257 | E25: ='R2'!E31 -> 1.1274173 | F25: ='R2'!F31 -> 0.90680461 | G25: ='R2'!G31 -> 1.3183776 | H25: ='R2'!H31 -> 2.0070825 | I25: ='R2'!I31 -> 0.015548005 | ... M25: ='R2'!M31 | O25: ='R2'!O31 -> 1.0636692 | P25: ='R2'!P31 -> 2.0734489 | Q25: ='R2'!Q31 -> 0.097256414 | R25: ='R2'!R31 -> 0.79005594 | S25: ='R2'!S31 -> 1.4775667 | T25: ='R2'!T31 -> 1.8738834 | U25: ='R2'!U31 -> 2.5881401 | V25: ='R2'!V31 -> 2.1940474
B26: ='R2'!B32 -> 0.019912843 | C26: ='R2'!C32 -> 0.029130803 | D26: ='R2'!D32 -> 0.038616894 | E26: ='R2'!E32 -> 0.11579329 | F26: ='R2'!F32 -> 0.71642233 | G26: ='R2'!G32 -> 1.4558417 | H26: ='R2'!H32 -> 3.4139439 | I26: ='R2'!I32 -> 0.022793989 | ... M26: ='R2'!M32 | O26: ='R2'!O32 -> 0.91971311 | P26: ='R2'!P32 -> 2.377624 | Q26: ='R2'!Q32 -> 0.013208711 | R26: ='R2'!R32 -> 0.83875405 | S26: ='R2'!S32 -> 0.13108052 | T26: ='R2'!T32 -> 1.3393898 | U26: ='R2'!U32 -> 2.7518751 | V26: ='R2'!V32 -> 1.5815202
B27: ='R2'!B33 -> 0.16677212 | C27: ='R2'!C33 -> 0.043582154 | D27: ='R2'!D33 -> 0.05820804 | E27: ='R2'!E33 -> 0.15410291 | F27: ='R2'!F33 -> 0.84740279 | G27: ='R2'!G33 -> 1.2910007 | H27: ='R2'!H33 -> 1.729887 | I27: ='R2'!I33 -> 0.028965982 | ... M27: ='R2'!M33 | O27: ='R2'!O33 -> 1.2106347 | P27: ='R2'!P33 -> 2.2979923 | Q27: ='R2'!Q33 -> 0.11403234 | R27: ='R2'!R33 -> 0.67933416 | S27: ='R2'!S33 -> 1.1085531 | T27: ='R2'!T33 -> 1.3792134 | U27: ='R2'!U33 -> 1.2531458 | V27: ='R2'!V33 -> 2.0968207
B28: ='R2'!B34 -> 0.073190647 | C28: ='R2'!C34 -> 0.026707333 | D28: ='R2'!D34 -> 0.04601887 | E28: ='R2'!E34 -> 0.48480897 | F28: ='R2'!F34 -> 0.2409826 | G28: ='R2'!G34 -> 1.6676629 | H28: ='R2'!H34 -> 2.0227526 | I28: ='R2'!I34 -> 0.00026136048 | ... M28: ='R2'!M34 | O28: ='R2'!O34 -> 0.40699242 | P28: ='R2'!P34 -> 3.0381496 | Q28: ='R2'!Q34 -> 0.02669762 | R28: ='R2'!R34 -> 1.3129005 | S28: ='R2'!S34 -> 1.3432325 | T28: ='R2'!T34 -> 1.0206957 | U28: ='R2'!U34 -> 2.857669 | V28: ='R2'!V34 -> 2.1141093
B29: ='R2'!B35 -> 0.020983303 | C29: ='R2'!C35 -> 0.11457684 | D29: ='R2'!D35 -> 0.020551822 | E29: ='R2'!E35 -> 0.37387028 | F29: ='R2'!F35 -> 1.9048794 | G29: ='R2'!G35 -> 0.80399752 | H29: ='R2'!H35 -> 2.9401264 | I29: ='R2'!I35 -> 0.048614227 | ... M29: ='R2'!M35 | O29: ='R2'!O35 -> 1.2422985 | P29: ='R2'!P35 -> 2.2873065 | Q29: ='R2'!Q35 -> 0.15193609 | R29: ='R2'!R35 -> 1.0302913 | S29: ='R2'!S35 -> 1.7384419 | T29: ='R2'!T35 -> 1.1367568 | U29: ='R2'!U35 -> 2.322715 | V29: ='R2'!V35 -> 1.7931163
B30: ='R2'!B36 | C30: ='R2'!C36 | D30: ='R2'!D36 | E30: ='R2'!E36 | F30: ='R2'!F36 | G30: ='R2'!G36 | H30: ='R2'!H36 | I30: ='R2'!I36 | ... M30: ='R2'!M36 | O30: ='R2'!O36 -> 0.55871866 | P30: ='R2'!P36 | Q30: ='R2'!Q36 | R30: ='R2'!R36 | S30: ='R2'!S36 | T30: ='R2'!T36 | U30: ='R2'!U36 | V30: ='R2'!V36
B31: ='R2'!B37 | C31: ='R2'!C37 | D31: ='R2'!D37 | E31: ='R2'!E37 | F31: ='R2'!F37 | G31: ='R2'!G37 | H31: ='R2'!H37 | I31: ='R2'!I37 | ... M31: ='R2'!M37 | O31: ='R2'!O37 -> 1.4340255 | P31: ='R2'!P37 | Q31: ='R2'!Q37 | R31: ='R2'!R37 | S31: ='R2'!S37 | T31: ='R2'!T37 | U31: ='R2'!U37 | V31: ='R2'!V37
B32: ='R2'!B38 | C32: ='R2'!C38 | D32: ='R2'!D38 | E32: ='R2'!E38 | F32: ='R2'!F38 | G32: ='R2'!G38 | H32: ='R2'!H38 | I32: ='R2'!I38 | ... M32: ='R2'!M38 | O32: ='R2'!O38 -> 0.99577784 | P32: ='R2'!P38 | Q32: ='R2'!Q38 | R32: ='R2'!R38 | S32: ='R2'!S38 | T32: ='R2'!T38 | U32: ='R2'!U38 | V32: ='R2'!V38
B33: ='R2'!B39 | C33: ='R2'!C39 | D33: ='R2'!D39 | E33: ='R2'!E39 | F33: ='R2'!F39 | G33: ='R2'!G39 | H33: ='R2'!H39 | I33: ='R2'!I39 | ... M33: ='R2'!M39 | O33: ='R2'!O39 -> 1.0928094 | P33: ='R2'!P39 | Q33: ='R2'!Q39 | R33: ='R2'!R39 | S33: ='R2'!S39 | T33: ='R2'!T39 | U33: ='R2'!U39 | V33: ='R2'!V39
B34: ='R2'!B40 | C34: ='R2'!C40 | D34: ='R2'!D40 | E34: ='R2'!E40 | F34: ='R2'!F40 | G34: ='R2'!G40 | H34: ='R2'!H40 | I34: ='R2'!I40 | ... M34: ='R2'!M40 | O34: ='R2'!O40 -> 0.90635782 | P34: ='R2'!P40 | Q34: ='R2'!Q40 | R34: ='R2'!R40 | S34: ='R2'!S40 | T34: ='R2'!T40 | U34: ='R2'!U40 | V34: ='R2'!V40
... B37: ='R2'!B43 | C37: ='R2'!C43 | D37: ='R2'!D43 | E37: ='R2'!E43 | F37: ='R2'!F43 | G37: ='R2'!G43 | H37: ='R2'!H43 | I37: ='R2'!I43 | ... M37: ='R2'!M43 | O37: ='R2'!O43 -> 0.07591845 | P37: ='R2'!P43 | Q37: ='R2'!Q43 | R37: ='R2'!R43 | S37: ='R2'!S43 | T37: ='R2'!T43 | U37: ='R2'!U43 | V37: ='R2'!V43
A38: Rep3 | B38: ='R3'!B28 -> 0.053705076 | C38: ='R3'!C28 -> 0.032399631 | D38: ='R3'!D28 -> 0.2749181 | E38: ='R3'!E28 -> 1.2266171 | F38: ='R3'!F28 -> 1.5207387 | G38: ='R3'!G28 -> 5.349586 | H38: ='R3'!H28 -> 8.0462368 | I38: ='R3'!I28 -> 0.025750507 | ... M38: ='R3'!M28 -> 7.3127399 | O38: ='R3'!O28 -> 0.35131639 | P38: ='R3'!P28 -> 5.8524981 | Q38: ='R3'!Q28 -> 0.042668109 | R38: ='R3'!R28 -> 1.4120784 | S38: ='R3'!S28 -> 0.85230253 | T38: ='R3'!T28 -> 4.248796 | U38: ='R3'!U28 -> 4.7103553 | V38: ='R3'!V28 -> 6.1465379
B39: ='R3'!B29 -> 0.023421865 | C39: ='R3'!C29 -> 0.033997449 | D39: ='R3'!D29 -> 0.62313156 | E39: ='R3'!E29 -> 1.2300481 | F39: ='R3'!F29 -> 3.62374 | G39: ='R3'!G29 -> 4.3573035 | H39: ='R3'!H29 -> 8.3503719 | I39: ='R3'!I29 -> 0.026723974 | ... M39: ='R3'!M29 -> 6.9731181 | O39: ='R3'!O29 -> 0.081445974 | P39: ='R3'!P29 -> 4.7247241 | Q39: ='R3'!Q29 -> 0.040017876 | R39: ='R3'!R29 -> 2.4086155 | S39: ='R3'!S29 -> 2.3431419 | T39: ='R3'!T29 -> 3.9836503 | U39: ='R3'!U29 -> 4.6942323 | V39: ='R3'!V29 -> 3.0185292
B40: ='R3'!B30 -> 0.029587877 | C40: ='R3'!C30 -> 0.16013452 | D40: ='R3'!D30 -> 0.030152836 | E40: ='R3'!E30 -> 1.4027269 | F40: ='R3'!F30 -> 2.4641443 | G40: ='R3'!G30 -> 3.7517421 | H40: ='R3'!H30 -> 4.6680856 | I40: ='R3'!I30 -> 0.1172636 | ... M40: ='R3'!M30 -> 6.3370889 | O40: ='R3'!O30 -> 0.40227128 | P40: ='R3'!P30 -> 5.085568 | Q40: ='R3'!Q30 -> 0.31458469 | R40: ='R3'!R30 -> 1.3202676 | S40: ='R3'!S30 -> 0.04710448 | T40: ='R3'!T30 -> 3.192524 | U40: ='R3'!U30 -> 3.9951718 | V40: ='R3'!V30 -> 4.9567126
B41: ='R3'!B31 -> 0.015302401 | C41: ='R3'!C31 -> 0.18872285 | D41: ='R3'!D31 -> 0.23262953 | E41: ='R3'!E31 -> 0.920669 | F41: ='R3'!F31 -> 1.3551371 | G41: ='R3'!G31 -> 5.0256426 | H41: ='R3'!H31 -> 6.4947252 | I41: ='R3'!I31 -> 0.01367706 | ... M41: ='R3'!M31 -> 6.4958566 | O41: ='R3'!O31 -> 0.083545736 | P41: ='R3'!P31 -> 3.8295391 | Q41: ='R3'!Q31 -> 0.029868184 | R41: ='R3'!R31 -> 2.9782578 | S41: ='R3'!S31 -> 3.0878966 | T41: ='R3'!T31 -> 4.1575198 | U41: ='R3'!U31 -> 6.1257735 | V41: ='R3'!V31 -> 2.2416268
B42: ='R3'!B32 -> 0.26533119 | C42: ='R3'!C32 -> 0.048605241 | D42: ='R3'!D32 -> 0.11491178 | E42: ='R3'!E32 -> 1.9006391 | F42: ='R3'!F32 -> 2.1734972 | G42: ='R3'!G32 -> 5.6774103 | H42: ='R3'!H32 -> 6.7635012 | I42: ='R3'!I32 -> 0.063157986 | ... M42: ='R3'!M32 -> 7.5890327 | O42: ='R3'!O32 -> 0.0077812134 | P42: ='R3'!P32 -> 3.1703972 | Q42: ='R3'!Q32 -> 0.070320643 | R42: ='R3'!R32 -> 1.5038551 | S42: ='R3'!S32 -> 2.2176255 | T42: ='R3'!T32 -> 2.6313416 | U42: ='R3'!U32 -> 5.0219443 | V42: ='R3'!V32 -> 5.1099373
B43: ='R3'!B33 -> 0.0052468686 | C43: ='R3'!C33 -> 0.073136742 | D43: ='R3'!D33 -> 0.025150058 | E43: ='R3'!E33 -> 1.0846141 | F43: ='R3'!F33 -> 3.5974042 | G43: ='R3'!G33 -> 3.7787471 | H43: ='R3'!H33 -> 7.1114597 | I43: ='R3'!I33 -> 0.047572382 | ... M43: ='R3'!M33 -> 5.7292184 | O43: ='R3'!O33 -> 2.643562 | P43: ='R3'!P33 -> 4.6599009 | Q43: ='R3'!Q33 -> 0.052660627 | R43: ='R3'!R33 -> 2.9905913 | S43: ='R3'!S33 -> 1.1159838 | T43: ='R3'!T33 -> 4.9853502 | U43: ='R3'!U33 -> 4.5008514 | V43: ='R3'!V33 -> 3.1089891
B44: ='R3'!B34 -> 0.053415354 | C44: ='R3'!C34 -> 0.16263265 | D44: ='R3'!D34 -> 0.54705269 | E44: ='R3'!E34 -> 1.2008789 | F44: ='R3'!F34 -> 2.3731035 | G44: ='R3'!G34 -> 4.7473449 | H44: ='R3'!H34 -> 5.9615177 | I44: ='R3'!I34 -> 0.081019359 | ... M44: ='R3'!M34 -> 7.7487652 | O44: ='R3'!O34 -> 0.40518443 | P44: ='R3'!P34 -> 3.671907 | Q44: ='R3'!Q34 -> 0.060900326 | R44: ='R3'!R34 -> 1.1927536 | S44: ='R3'!S34 -> 0.063046443 | T44: ='R3'!T34 -> 4.6786134 | U44: ='R3'!U34 -> 7.3272463 | V44: ='R3'!V34 -> 5.9035066
B45: ='R3'!B35 -> 0.026652267 | C45: ='R3'!C35 -> 0.041549782 | D45: ='R3'!D35 -> 0.31216985 | E45: ='R3'!E35 -> 2.9460363 | F45: ='R3'!F35 -> 2.8094157 | G45: ='R3'!G35 -> 3.7459991 | H45: ='R3'!H35 -> 4.3958735 | I45: ='R3'!I35 -> 0.035973354 | ... M45: ='R3'!M35 -> 7.8957819 | O45: ='R3'!O35 -> 0.40621512 | P45: ='R3'!P35 -> 4.6151418 | Q45: ='R3'!Q35 -> 0.034118408 | R45: ='R3'!R35 -> 4.5943832 | S45: ='R3'!S35 -> 5.1258495 | T45: ='R3'!T35 -> 2.947519 | U45: ='R3'!U35 -> 5.3221421 | V45: ='R3'!V35 -> 5.0525237
B46: ='R3'!B36 | C46: ='R3'!C36 | D46: ='R3'!D36 | E46: ='R3'!E36 | F46: ='R3'!F36 | G46: ='R3'!G36 | H46: ='R3'!H36 | I46: ='R3'!I36 | ... M46: ='R3'!M36 | O46: ='R3'!O36 -> 0.01740506 | P46: ='R3'!P36 | Q46: ='R3'!Q36 | R46: ='R3'!R36 | S46: ='R3'!S36 | T46: ='R3'!T36 | U46: ='R3'!U36 | V46: ='R3'!V36
B47: ='R3'!B37 | C47: ='R3'!C37 | D47: ='R3'!D37 | E47: ='R3'!E37 | F47: ='R3'!F37 | G47: ='R3'!G37 | H47: ='R3'!H37 | I47: ='R3'!I37 | ... M47: ='R3'!M37 | O47: ='R3'!O37 -> 1.2745965 | P47: ='R3'!P37 | Q47: ='R3'!Q37 | R47: ='R3'!R37 | S47: ='R3'!S37 | T47: ='R3'!T37 | U47: ='R3'!U37 | V47: ='R3'!V37
B48: ='R3'!B38 | C48: ='R3'!C38 | D48: ='R3'!D38 | E48: ='R3'!E38 | F48: ='R3'!F38 | G48: ='R3'!G38 | H48: ='R3'!H38 | I48: ='R3'!I38 | ... M48: ='R3'!M38 | O48: ='R3'!O38 -> 2.5919046 | P48: ='R3'!P38 | Q48: ='R3'!Q38 | R48: ='R3'!R38 | S48: ='R3'!S38 | T48: ='R3'!T38 | U48: ='R3'!U38 | V48: ='R3'!V38
B49: ='R3'!B39 | C49: ='R3'!C39 | D49: ='R3'!D39 | E49: ='R3'!E39 | F49: ='R3'!F39 | G49: ='R3'!G39 | H49: ='R3'!H39 | I49: ='R3'!I39 | ... M49: ='R3'!M39 | O49: ='R3'!O39 -> 0.85934061 | P49: ='R3'!P39 | Q49: ='R3'!Q39 | R49: ='R3'!R39 | S49: ='R3'!S39 | T49: ='R3'!T39 | U49: ='R3'!U39 | V49: ='R3'!V39
B50: ='R3'!B40 | C50: ='R3'!C40 | D50: ='R3'!D40 | E50: ='R3'!E40 | F50: ='R3'!F40 | G50: ='R3'!G40 | H50: ='R3'!H40 | I50: ='R3'!I40 | ... M50: ='R3'!M40 | O50: ='R3'!O40 -> 2.5393685 | P50: ='R3'!P40 | Q50: ='R3'!Q40 | R50: ='R3'!R40 | S50: ='R3'!S40 | T50: ='R3'!T40 | U50: ='R3'!U40 | V50: ='R3'!V40
... B53: ='R3'!B43 | C53: ='R3'!C43 | D53: ='R3'!D43 | E53: ='R3'!E43 | F53: ='R3'!F43 | G53: ='R3'!G43 | H53: ='R3'!H43 | I53: ='R3'!I43 | ... M53: ='R3'!M43 | O53: ='R3'!O43 -> 2.4329608 | P53: ='R3'!P43 | Q53: ='R3'!Q43 | R53: ='R3'!R43 | S53: ='R3'!S43 | T53: ='R3'!T43 | U53: ='R3'!U43 | V53: ='R3'!V43
A55: Group names | B55: =B4 -> Solvent control | C55: =C4 -> EE2-33.8ng/L | D55: =D4 -> EE2-50.6ng/L | E55: =E4 -> EE2-76ng/L | F55: =F4 -> EE2-114ng/L | G55: =G4 -> EE2-170.9ng/L | H55: =H4 -> EE2-488ng/L | I55: =I4 -> Estrone-0.04µg/L | ... M55: =M4 -> Estrone-25µg/L | O55: =O4 -> Testo -30µg/L | P55: =P4 -> Testo 30µg/L + EE2 -64ng/L | Q55: =Q4 -> Testo 30µg/L + FAD-10mg/L | R55: =R4 -> Estrone-0.04µg/L + Testostérone | S55: =S4 -> Estrone-0.2µg/L + Testostérone | T55: =T4 -> Estrone-1µg/L + Testostérone | U55: =U4 -> Estrone-5µg/L + Testostérone | V55: =V4 -> Estrone-25µg/L + Testostérone
A56: Mean | B56: =AVERAGE(B6:B53) -> 0.083861712 | C56: =AVERAGE(C6:C53) -> 0.076852808 | D56: =AVERAGE(D6:D53) -> 0.23756433 | E56: =AVERAGE(E6:E53) -> 0.77261894 | F56: =AVERAGE(F6:F53) -> 1.6454204 | G56: =AVERAGE(G6:G53) -> 2.5880889 | H56: =AVERAGE(H6:H53) -> 4.0925756 | I56: =AVERAGE(I6:I53) -> 0.049044076 | ... M56: =AVERAGE(M6:M53) -> 5.5786069 | O56: =AVERAGE(O6:O53) -> 1 | P56: =AVERAGE(P6:P53) -> 2.9769792 | Q56: =AVERAGE(Q6:Q53) -> 0.25087718 | R56: =AVERAGE(R6:R53) -> 1.5777327 | S56: =AVERAGE(S6:S53) -> 1.5882393 | T56: =AVERAGE(T6:T53) -> 2.5072039 | U56: =AVERAGE(U6:U53) -> 3.7932247 | V56: =AVERAGE(V6:V53) -> 3.5638347
A57: SD | B57: =STDEV(B6:B53) -> 0.089468864 | C57: =STDEV(C6:C53) -> 0.068576166 | D57: =STDEV(D6:D53) -> 0.35168083 | E57: =STDEV(E6:E53) -> 0.67463182 | F57: =STDEV(F6:F53) -> 0.98823469 | G57: =STDEV(G6:G53) -> 1.556847 | H57: =STDEV(H6:H53) -> 2.1040221 | I57: =STDEV(I6:I53) -> 0.049594569 | ... M57: =STDEV(M6:M53) -> 1.8672993 | O57: =STDEV(O6:O53) -> 0.71446845 | P57: =STDEV(P6:P53) -> 1.302348 | Q57: =STDEV(Q6:Q53) -> 0.79171951 | R57: =STDEV(R6:R53) -> 0.9644097 | S57: =STDEV(S6:S53) -> 1.1463997 | T57: =STDEV(T6:T53) -> 1.2651153 | U57: =STDEV(U6:U53) -> 1.6377486 | V57: =STDEV(V6:V53) -> 1.3564467
A58: SEM | B58: =B57/SQRT(COUNT(B6:B53)) -> 0.018262755 | C58: =C57/SQRT(COUNT(C6:C53)) -> 0.013998051 | D58: =D57/SQRT(COUNT(D6:D53)) -> 0.071786549 | E58: =E57/SQRT(COUNT(E6:E53)) -> 0.13770864 | F58: =F57/SQRT(COUNT(F6:F53)) -> 0.20606118 | G58: =G57/SQRT(COUNT(G6:G53)) -> 0.31779006 | H58: =H57/SQRT(COUNT(H6:H53)) -> 0.42948171 | I58: =I57/SQRT(COUNT(I6:I53)) -> 0.010123449 | ... M58: =M57/SQRT(COUNT(M6:M53)) -> 0.46682481 | O58: =O57/SQRT(COUNT(O6:O53)) -> 0.10312464 | P58: =P57/SQRT(COUNT(P6:P53)) -> 0.26584068 | Q58: =Q57/SQRT(COUNT(Q6:Q53)) -> 0.16160907 | R58: =R57/SQRT(COUNT(R6:R53)) -> 0.1968593 | S58: =S57/SQRT(COUNT(S6:S53)) -> 0.23400785 | T58: =T57/SQRT(COUNT(T6:T53)) -> 0.25824058 | U58: =U57/SQRT(COUNT(U6:U53)) -> 0.34149418 | V58: =V57/SQRT(COUNT(V6:V53)) -> 0.27688351
A62: Group names | B62: =B4 -> Solvent control | C62: =C4 -> EE2-33.8ng/L | D62: =D4 -> EE2-50.6ng/L | E62: =E4 -> EE2-76ng/L | F62: =F4 -> EE2-114ng/L | G62: =G4 -> EE2-170.9ng/L | H62: =H4 -> EE2-488ng/L | I62: =I4 -> Estrone-0.04µg/L | ... M62: =M4 -> Estrone-25µg/L | O62: =O4 -> Testo -30µg/L | P62: =P4 -> Testo 30µg/L + EE2 -64ng/L | Q62: =Q4 -> Testo 30µg/L + FAD-10mg/L | R62: =R4 -> Estrone-0.04µg/L + Testostérone | S62: =S4 -> Estrone-0.2µg/L + Testostérone | T62: =T4 -> Estrone-1µg/L + Testostérone | U62: =U4 -> Estrone-5µg/L + Testostérone | V62: =V4 -> Estrone-25µg/L + Testostérone
A63: N | B63: =COUNT(B6:B53) -> 24 | C63: =COUNT(C6:C53) -> 24 | D63: =COUNT(D6:D53) -> 24 | E63: =COUNT(E6:E53) -> 24 | F63: =COUNT(F6:F53) -> 23 | G63: =COUNT(G6:G53) -> 24 | H63: =COUNT(H6:H53) -> 24 | I63: =COUNT(I6:I53) -> 24 | ... M63: =COUNT(M6:M53) -> 16 | O63: =COUNT(O6:O53) -> 48 | P63: =COUNT(P6:P53) -> 24 | Q63: =COUNT(Q6:Q53) -> 24 | R63: =COUNT(R6:R53) -> 24 | S63: =COUNT(S6:S53) -> 24 | T63: =COUNT(T6:T53) -> 24 | U63: =COUNT(U6:U53) -> 23 | V63: =COUNT(V6:V53) -> 24
B64: =IF(B63>=21,"OK","ATTENTION") -> OK | C64: =IF(C63>=21,"OK","ATTENTION") -> OK | D64: =IF(D63>=21,"OK","ATTENTION") -> OK | E64: =IF(E63>=21,"OK","ATTENTION") -> OK | F64: =IF(F63>=21,"OK","ATTENTION") -> OK | G64: =IF(G63>=21,"OK","ATTENTION") -> OK | H64: =IF(H63>=21,"OK","ATTENTION") -> OK | I64: =IF(I63>=21,"OK","ATTENTION") -> OK | ... M64: =IF(M63>=21,"OK","ATTENTION") -> ATTENTION | O64: =IF(O63>=41,"OK","ATTENTION") -> OK | P64: =IF(P63>=21,"OK","ATTENTION") -> OK | Q64: =IF(Q63>=21,"OK","ATTENTION") -> OK | R64: =IF(R63>=21,"OK","ATTENTION") -> OK | S64: =IF(S63>=21,"OK","ATTENTION") -> OK | T64: =IF(T63>=21,"OK","ATTENTION") -> OK | U64: =IF(U63>=21,"OK","ATTENTION") -> OK | V64: =IF(V63>=21,"OK","ATTENTION") -> OK
J73: 1 | K73: 2 | L73: 3 | M73: 4 | R73: 1 | S73: 2 | T73: 3 | U73: 4 | V73: 5
A74: Group Name | B74: =B4 -> Solvent control | C74: =C4 -> EE2-33.8ng/L | D74: =D4 -> EE2-50.6ng/L | E74: =E4 -> EE2-76ng/L | F74: =F4 -> EE2-114ng/L | G74: =G4 -> EE2-170.9ng/L | H74: =H4 -> EE2-488ng/L | I74: =I4 -> Estrone-0.04µg/L | ... M74: =M4 -> Estrone-25µg/L | O74: =O4 -> Testo -30µg/L | P74: =P4 -> Testo 30µg/L + EE2 -64ng/L | Q74: =Q4 -> Testo 30µg/L + FAD-10mg/L | R74: =R4 -> Estrone-0.04µg/L + Testostérone | S74: =S4 -> Estrone-0.2µg/L + Testostérone | T74: =T4 -> Estrone-1µg/L + Testostérone | U74: =U4 -> Estrone-5µg/L + Testostérone | V74: =V4 -> Estrone-25µg/L + Testostérone
A75: Mean | B75: =B56 -> 0.083861712 | C75: =C56 -> 0.076852808 | D75: =D56 -> 0.23756433 | E75: =E56 -> 0.77261894 | F75: =F56 -> 1.6454204 | G75: =G56 -> 2.5880889 | H75: =H56 -> 4.0925756 | I75: =I56 -> 0.049044076 | ... M75: =M56 -> 5.5786069 | O75: =O56 -> 1 | P75: =P56 -> 2.9769792 | Q75: =Q56 -> 0.25087718 | R75: =R56 -> 1.5777327 | S75: =S56 -> 1.5882393 | T75: =T56 -> 2.5072039 | U75: =U56 -> 3.7932247 | V75: =V56 -> 3.5638347
A76: SEM | B76: =B58 -> 0.018262755 | C76: =C58 -> 0.013998051 | D76: =D58 -> 0.071786549 | E76: =E58 -> 0.13770864 | F76: =F58 -> 0.20606118 | G76: =G58 -> 0.31779006 | H76: =H58 -> 0.42948171 | I76: =I58 -> 0.010123449 | ... M76: =M58 -> 0.46682481 | O76: =O58 -> 0.10312464 | P76: =P58 -> 0.26584068 | Q76: =Q58 -> 0.16160907 | R76: =R58 -> 0.1968593 | S76: =S58 -> 0.23400785 | T76: =T58 -> 0.25824058 | U76: =U58 -> 0.34149418 | V76: =V58 -> 0.27688351
A77: % induction | B77: =(B75*100/$B$75)-100 -> 0 | C77: =(C75*100/$B$75)-100 -> -8.3576923 | D77: =(D75*100/$B$75)-100 -> 183.28104 | E77: =(E75*100/$B$75)-100 -> 821.30119 | F77: =(F75*100/$B$75)-100 -> 1862.0639 | G77: =(G75*100/$B$75)-100 -> 2986.1389 | H77: =(H75*100/$B$75)-100 -> 4780.1479 | I77: =(I75*100/$B$75)-100 -> -41.517917 | ... M77: =(M75*100/$B$75)-100 -> 6552.1501 | O77: =(O75*100/$O$75)-100 -> 0 | P77: =(P75*100/$O$75)-100 -> 197.69792 | Q77: =(Q75*100/$O$75)-100 -> -74.912282 | R77: =(R75*100/$O$75)-100 -> 57.773271 | S77: =(S75*100/$O$75)-100 -> 58.823929 | T77: =(T75*100/$O$75)-100 -> 150.72039 | U77: =(U75*100/$O$75)-100 -> 279.32247 | V77: =(V75*100/$O$75)-100 -> 256.38347
A78: Normality test : p value | B78: =[2]!DPTEST(B6:B53) -> 0.0030524179 | C78: =[2]!DPTEST(C6:C53) -> 0.13837263 | D78: =[2]!DPTEST(D6:D53) -> 1.0644894e-09 | E78: =[2]!DPTEST(E6:E53) -> 0.00044372443 | F78: =[2]!DPTEST(F6:F53) -> 0.53572788 | G78: =[2]!DPTEST(G6:G53) -> 0.13504814 | H78: =[2]!DPTEST(H6:H53) -> 0.34662727 | I78: =[2]!DPTEST(I6:I53) -> 1.6240137e-06 | ... M78: =[2]!DPTEST(M6:M53) -> 0.18032147 | O78: =[2]!DPTEST(O6:O53) -> 0.16483785 | P78: =[2]!DPTEST(P6:P53) -> 0.6204263 | Q78: =[2]!DPTEST(Q6:Q53) -> 1.6620039e-13 | R78: =[2]!DPTEST(R6:R53) -> 0.0011579566 | S78: =[2]!DPTEST(S6:S53) -> 0.0039720167 | T78: =[2]!DPTEST(T6:T53) -> 0.38050246 | U78: =[2]!DPTEST(U6:U53) -> 0.8367758 | V78: =[2]!DPTEST(V6:V53) -> 0.16819351
A79: Normality test : normal distibution? | B79: =IF(B78>0.05,"Oui","Non") -> Non | C79: =IF(C78>0.05,"Oui","Non") -> Oui | D79: =IF(D78>0.05,"Oui","Non") -> Non | E79: =IF(E78>0.05,"Oui","Non") -> Non | F79: =IF(F78>0.05,"Oui","Non") -> Oui | G79: =IF(G78>0.05,"Oui","Non") -> Oui | H79: =IF(H78>0.05,"Oui","Non") -> Oui | I79: =IF(I78>0.05,"Oui","Non") -> Non | ... M79: =IF(M78>0.05,"Oui","Non") -> Oui | O79: =IF(O78>0.05,"Oui","Non") -> Oui | P79: =IF(P78>0.05,"Oui","Non") -> Oui | Q79: =IF(Q78>0.05,"Oui","Non") -> Non | R79: =IF(R78>0.05,"Oui","Non") -> Non | S79: =IF(S78>0.05,"Oui","Non") -> Non | T79: =IF(T78>0.05,"Oui","Non") -> Oui | U79: =IF(U78>0.05,"Oui","Non") -> Oui | V79: =IF(V78>0.05,"Oui","Non") -> Oui
A81: Statistical test used | C81: Kruskal-WalliS | D81: Kruskal-WalliS | E81: Kruskal-WalliS | F81: Kruskal-WalliS | G81: Kruskal-WalliS | H81: Kruskal-WalliS | I81: Kruskal-WalliS | J81: Kruskal-WalliS | K81: Kruskal-WalliS | L81: Kruskal-WalliS | M81: Kruskal-WalliS | O81: =IF($B79="Non",IF(O79="Non","Mann Withney",IF(O79="Oui","Mann Withney","")),IF($B79="Oui",IF(O79="Oui","T-Test Welch",IF(O79="Non","Mann Withney","")))) -> Mann Withney | P81: =IF($O79="Non",IF(P79="Non","Mann Withney",IF(P$79="Oui","Mann Withney","")),IF($O79="Oui",IF(P79="Oui","T-Test Welch",IF(P79="Non","Mann Withney","")))) -> T-Test Welch | Q81: =IF($O79="Non",IF(Q79="Non","Mann Withney",IF(Q$79="Oui","Mann Withney","")),IF($O79="Oui",IF(Q79="Oui","T-Test Welch",IF(Q79="Non","Mann Withney","")))) -> Mann Withney | R81: Kruskal-WalliS | S81: Kruskal-WalliS | T81: Kruskal-WalliS | U81: Kruskal-WalliS | V81: Kruskal-WalliS
A82: Statistical test : p value | C82: >0,99 | D82: 0.96 | E82: <0,001 | F82: <0,001 | G82: <0,001 | H82: <0,001 | I82: >0,99 | J82: >0,99 | K82: 0.4 | L82: <0,001 | M82: <0,001 | O82: =IF(O81="Mann Withney",[2]!MTEST($B6:$B37,O6:O53,2), IF(O81="T-Test Welch",_xlfn.T.TEST($B6:$B37,O6:O53,2,3),"")) -> 6.9990725e-07 | P82: =IF(P81="Mann Withney",[2]!MTEST($O6:$O53,P6:P53,2), IF(P81="T-Test Welch",_xlfn.T.TEST($O6:$O53,P6:P53,2,3),"")) -> 1.0420536e-07 | Q82: =IF(Q81="Mann Withney",[2]!MTEST($O6:$O53,Q6:Q53,2), IF(Q81="T-Test Welch",_xlfn.T.TEST($O6:$O53,Q6:Q53,2,3),"")) -> 1.0623021e-07 | R82: 0.25 | S82: 0.27 | T82: <0,001 | U82: <0,001 | V82: <0,001
A83: Annotation | C83: ns | D83: ns | E83: *** | F83: *** | G83: *** | H83: *** | I83: ns | J83: ns | K83: ns | L83: *** | M83: *** | O83: =IF(O82>0.05,"NS",IF(O82>0.01,"*",IF(O82>0.001,"**","***"))) -> *** | P83: =IF(P82>0.05,"NS",IF(P82>0.01,"*",IF(P82>0.001,"**","***"))) -> *** | Q83: =IF(Q82>0.05,"NS",IF(Q82>0.01,"*",IF(Q82>0.001,"**","***"))) -> *** | R83: ns | S83: ns | T83: *** | U83: *** | V83: ***
B94: =B75/$B$75 -> 1 | C94: =C75/$B$75 -> 0.91642308 | D94: =D75/$B$75 -> 2.8328104 | E94: =E75/$B$75 -> 9.2130119 | F94: =F75/$B$75 -> 19.620639 | G94: =G75/$B$75 -> 30.861389 | H94: =H75/$B$75 -> 48.801479 | I94: =I75/$B$75 -> 0.58482083 | ... V94: =V75/$B$75 -> 42.496565
