Workbook

Sheet Front page
A2: R1 | B2: Experiment number : | E2: Date performed :
A3: R2 | B3: Experiment number : | E3: Date performed :
A4: R3 | B4: Experiment number : | E4: Date performed :
A6: Do not fill in | B6: Do not fill in2 | C6: Concentration | D6: Units | E6: Chemical name | F6: Do not fill in3
A7: =IF(ISBLANK(liste_groupe[[#This Row],[Do not fill in2]])," ",IF(ISBLANK(liste_groupe[[#This Row],[Units]]),CONCATENATE(liste_groupe[[#This Row],[Chemical name]],liste_groupe[[#This Row],[Do not fill in3]]),CONCATENATE(liste_groupe[[#This Row],[Chemical name]],"-",liste_groupe[[#This Row],[Concentration]],liste_groupe[[#This Row],[Units]],liste_groupe[[#This Row],[Do not fill in3]]))) -> Solvent control | B7: Control | E7: Solvent control
A8: =IF(ISBLANK(liste_groupe[[#This Row],[Do not fill in2]])," ",IF(ISBLANK(liste_groupe[[#This Row],[Units]]),CONCATENATE(liste_groupe[[#This Row],[Chemical name]],liste_groupe[[#This Row],[Do not fill in3]]),CONCATENATE(liste_groupe[[#This Row],[Chemical name]],"-",liste_groupe[[#This Row],[Concentration]],liste_groupe[[#This Row],[Units]],liste_groupe[[#This Row],[Do not fill in3]]))) -> EE2-33.8ng/L | B8: Control | C8: 33.8 | D8: ng/L | E8: EE2
A9: =IF(ISBLANK(liste_groupe[[#This Row],[Do not fill in2]])," ",IF(ISBLANK(liste_groupe[[#This Row],[Units]]),CONCATENATE(liste_groupe[[#This Row],[Chemical name]],liste_groupe[[#This Row],[Do not fill in3]]),CONCATENATE(liste_groupe[[#This Row],[Chemical name]],"-",liste_groupe[[#This Row],[Concentration]],liste_groupe[[#This Row],[Units]],liste_groupe[[#This Row],[Do not fill in3]]))) -> EE2-50.6ng/L | B9: Control | C9: 50.6 | D9: ng/L | E9: EE2
A10: =IF(ISBLANK(liste_groupe[[#This Row],[Do not fill in2]])," ",IF(ISBLANK(liste_groupe[[#This Row],[Units]]),CONCATENATE(liste_groupe[[#This Row],[Chemical name]],liste_groupe[[#This Row],[Do not fill in3]]),CONCATENATE(liste_groupe[[#This Row],[Chemical name]],"-",liste_groupe[[#This Row],[Concentration]],liste_groupe[[#This Row],[Units]],liste_groupe[[#This Row],[Do not fill in3]]))) -> EE2-76ng/L | B10: Control | C10: 76 | D10: ng/L | E10: EE2
A11: =IF(ISBLANK(liste_groupe[[#This Row],[Do not fill in2]])," ",IF(ISBLANK(liste_groupe[[#This Row],[Units]]),CONCATENATE(liste_groupe[[#This Row],[Chemical name]],liste_groupe[[#This Row],[Do not fill in3]]),CONCATENATE(liste_groupe[[#This Row],[Chemical name]],"-",liste_groupe[[#This Row],[Concentration]],liste_groupe[[#This Row],[Units]],liste_groupe[[#This Row],[Do not fill in3]]))) -> EE2-114ng/L | B11: Control | C11: 114 | D11: ng/L | E11: EE2
A12: =IF(ISBLANK(liste_groupe[[#This Row],[Do not fill in2]])," ",IF(ISBLANK(liste_groupe[[#This Row],[Units]]),CONCATENATE(liste_groupe[[#This Row],[Chemical name]],liste_groupe[[#This Row],[Do not fill in3]]),CONCATENATE(liste_groupe[[#This Row],[Chemical name]],"-",liste_groupe[[#This Row],[Concentration]],liste_groupe[[#This Row],[Units]],liste_groupe[[#This Row],[Do not fill in3]]))) -> EE2-170.9ng/L | B12: Control | C12: 170.9 | D12: ng/L | E12: EE2
A13: =IF(ISBLANK(liste_groupe[[#This Row],[Do not fill in2]])," ",IF(ISBLANK(liste_groupe[[#This Row],[Units]]),CONCATENATE(liste_groupe[[#This Row],[Chemical name]],liste_groupe[[#This Row],[Do not fill in3]]),CONCATENATE(liste_groupe[[#This Row],[Chemical name]],"-",liste_groupe[[#This Row],[Concentration]],liste_groupe[[#This Row],[Units]],liste_groupe[[#This Row],[Do not fill in3]]))) -> EE2-488ng/L | B13: Control | C13: 488 | D13: ng/L | E13: EE2
A14: =IF(ISBLANK(liste_groupe[[#This Row],[Do not fill in2]])," ",IF(ISBLANK(liste_groupe[[#This Row],[Units]]),CONCATENATE(liste_groupe[[#This Row],[Chemical name]],liste_groupe[[#This Row],[Do not fill in3]]),CONCATENATE(liste_groupe[[#This Row],[Chemical name]],"-",liste_groupe[[#This Row],[Concentration]],liste_groupe[[#This Row],[Units]],liste_groupe[[#This Row],[Do not fill in3]]))) -> Amantadine-0.001mg/L | B14: test chemical | C14: 0.001 | D14: mg/L | E14: Amantadine
A15: =IF(ISBLANK(liste_groupe[[#This Row],[Do not fill in2]])," ",IF(ISBLANK(liste_groupe[[#This Row],[Units]]),CONCATENATE(liste_groupe[[#This Row],[Chemical name]],liste_groupe[[#This Row],[Do not fill in3]]),CONCATENATE(liste_groupe[[#This Row],[Chemical name]],"-",liste_groupe[[#This Row],[Concentration]],liste_groupe[[#This Row],[Units]],liste_groupe[[#This Row],[Do not fill in3]]))) -> Amantadine-0.01mg/L | B15: test chemical | C15: 0.01 | D15: mg/L | E15: Amantadine
A16: =IF(ISBLANK(liste_groupe[[#This Row],[Do not fill in2]])," ",IF(ISBLANK(liste_groupe[[#This Row],[Units]]),CONCATENATE(liste_groupe[[#This Row],[Chemical name]],liste_groupe[[#This Row],[Do not fill in3]]),CONCATENATE(liste_groupe[[#This Row],[Chemical name]],"-",liste_groupe[[#This Row],[Concentration]],liste_groupe[[#This Row],[Units]],liste_groupe[[#This Row],[Do not fill in3]]))) -> Amantadine-0.1mg/L | B16: test chemical | C16: 0.1 | D16: mg/L | E16: Amantadine
A17: =IF(ISBLANK(liste_groupe[[#This Row],[Do not fill in2]])," ",IF(ISBLANK(liste_groupe[[#This Row],[Units]]),CONCATENATE(liste_groupe[[#This Row],[Chemical name]],liste_groupe[[#This Row],[Do not fill in3]]),CONCATENATE(liste_groupe[[#This Row],[Chemical name]],"-",liste_groupe[[#This Row],[Concentration]],liste_groupe[[#This Row],[Units]],liste_groupe[[#This Row],[Do not fill in3]]))) -> Amantadine-1mg/L | B17: test chemical | C17: 1 | D17: mg/L | E17: Amantadine
A18: =IF(ISBLANK(liste_groupe[[#This Row],[Do not fill in2]])," ",IF(ISBLANK(liste_groupe[[#This Row],[Units]]),CONCATENATE(liste_groupe[[#This Row],[Chemical name]],liste_groupe[[#This Row],[Do not fill in3]]),CONCATENATE(liste_groupe[[#This Row],[Chemical name]],"-",liste_groupe[[#This Row],[Concentration]],liste_groupe[[#This Row],[Units]],liste_groupe[[#This Row],[Do not fill in3]]))) -> Amantadine-10mg/L | B18: test chemical | C18: 10 | D18: mg/L | E18: Amantadine
A19: =IF(ISBLANK(liste_groupe[[#This Row],[Do not fill in2]])," ",IF(ISBLANK(liste_groupe[[#This Row],[Units]]),CONCATENATE(liste_groupe[[#This Row],[Chemical name]],liste_groupe[[#This Row],[Do not fill in3]]),CONCATENATE(liste_groupe[[#This Row],[Chemical name]],"-",liste_groupe[[#This Row],[Concentration]],liste_groupe[[#This Row],[Units]],liste_groupe[[#This Row],[Do not fill in3]]))) | B19: test chemical
A20: =IF(ISBLANK(liste_groupe[[#This Row],[Do not fill in2]])," ",IF(ISBLANK(liste_groupe[[#This Row],[Units]]),CONCATENATE(liste_groupe[[#This Row],[Chemical name]],liste_groupe[[#This Row],[Do not fill in3]]),CONCATENATE(liste_groupe[[#This Row],[Chemical name]],"-",liste_groupe[[#This Row],[Concentration]],liste_groupe[[#This Row],[Units]],liste_groupe[[#This Row],[Do not fill in3]]))) | B20: test chemical
A21: =IF(ISBLANK(liste_groupe[[#This Row],[Do not fill in2]])," ",IF(ISBLANK(liste_groupe[[#This Row],[Units]]),CONCATENATE(liste_groupe[[#This Row],[Chemical name]],liste_groupe[[#This Row],[Do not fill in3]]),CONCATENATE(liste_groupe[[#This Row],[Chemical name]],"-",liste_groupe[[#This Row],[Concentration]],liste_groupe[[#This Row],[Units]],liste_groupe[[#This Row],[Do not fill in3]]))) | B21: test chemical
A22: =IF(ISBLANK(liste_groupe[[#This Row],[Do not fill in2]])," ",IF(ISBLANK(liste_groupe[[#This Row],[Units]]),CONCATENATE(liste_groupe[[#This Row],[Chemical name]],liste_groupe[[#This Row],[Do not fill in3]]),CONCATENATE(liste_groupe[[#This Row],[Chemical name]],"-",liste_groupe[[#This Row],[Concentration]],liste_groupe[[#This Row],[Units]],liste_groupe[[#This Row],[Do not fill in3]]))) | B22: test chemical
A23: =IF(ISBLANK(liste_groupe[[#This Row],[Do not fill in2]])," ",IF(ISBLANK(liste_groupe[[#This Row],[Units]]),CONCATENATE(liste_groupe[[#This Row],[Chemical name]],liste_groupe[[#This Row],[Do not fill in3]]),CONCATENATE(liste_groupe[[#This Row],[Chemical name]],"-",liste_groupe[[#This Row],[Concentration]],liste_groupe[[#This Row],[Units]],liste_groupe[[#This Row],[Do not fill in3]]))) | B23: test chemical
A24: =IF(ISBLANK(liste_groupe[[#This Row],[Do not fill in2]])," ",IF(ISBLANK(liste_groupe[[#This Row],[Units]]),CONCATENATE(liste_groupe[[#This Row],[Chemical name]],liste_groupe[[#This Row],[Do not fill in3]]),CONCATENATE(liste_groupe[[#This Row],[Chemical name]],"-",liste_groupe[[#This Row],[Concentration]],liste_groupe[[#This Row],[Units]],liste_groupe[[#This Row],[Do not fill in3]]))) | B24: test chemical
A25: =IF(ISBLANK(liste_groupe[[#This Row],[Do not fill in2]])," ",IF(ISBLANK(liste_groupe[[#This Row],[Units]]),CONCATENATE(liste_groupe[[#This Row],[Chemical name]],liste_groupe[[#This Row],[Do not fill in3]]),CONCATENATE(liste_groupe[[#This Row],[Chemical name]],"-",liste_groupe[[#This Row],[Concentration]],liste_groupe[[#This Row],[Units]],liste_groupe[[#This Row],[Do not fill in3]]))) | B25: test chemical
A26: =IF(ISBLANK(liste_groupe[[#This Row],[Do not fill in2]])," ",IF(ISBLANK(liste_groupe[[#This Row],[Units]]),CONCATENATE(liste_groupe[[#This Row],[Chemical name]],liste_groupe[[#This Row],[Do not fill in3]]),CONCATENATE(liste_groupe[[#This Row],[Chemical name]],"-",liste_groupe[[#This Row],[Concentration]],liste_groupe[[#This Row],[Units]],liste_groupe[[#This Row],[Do not fill in3]]))) | B26: test chemical
A27: =IF(ISBLANK(liste_groupe[[#This Row],[Do not fill in2]])," ",IF(ISBLANK(liste_groupe[[#This Row],[Units]]),CONCATENATE(liste_groupe[[#This Row],[Chemical name]],liste_groupe[[#This Row],[Do not fill in3]]),CONCATENATE(liste_groupe[[#This Row],[Chemical name]],"-",liste_groupe[[#This Row],[Concentration]],liste_groupe[[#This Row],[Units]],liste_groupe[[#This Row],[Do not fill in3]]))) | B27: test chemical
A28: =IF(ISBLANK(liste_groupe[[#This Row],[Do not fill in2]])," ",IF(ISBLANK(liste_groupe[[#This Row],[Units]]),CONCATENATE(liste_groupe[[#This Row],[Chemical name]],liste_groupe[[#This Row],[Do not fill in3]]),CONCATENATE(liste_groupe[[#This Row],[Chemical name]],"-",liste_groupe[[#This Row],[Concentration]],liste_groupe[[#This Row],[Units]],liste_groupe[[#This Row],[Do not fill in3]]))) | B28: test chemical
A29: =IF(ISBLANK(liste_groupe[[#This Row],[Do not fill in2]])," ",IF(ISBLANK(liste_groupe[[#This Row],[Units]]),CONCATENATE(liste_groupe[[#This Row],[Chemical name]],liste_groupe[[#This Row],[Do not fill in3]]),CONCATENATE(liste_groupe[[#This Row],[Chemical name]],"-",liste_groupe[[#This Row],[Concentration]],liste_groupe[[#This Row],[Units]],liste_groupe[[#This Row],[Do not fill in3]]))) | B29: test chemical
A30: =IF(ISBLANK(liste_groupe[[#This Row],[Do not fill in2]])," ",IF(ISBLANK(liste_groupe[[#This Row],[Units]]),CONCATENATE(liste_groupe[[#This Row],[Chemical name]],liste_groupe[[#This Row],[Do not fill in3]]),CONCATENATE(liste_groupe[[#This Row],[Chemical name]],"-",liste_groupe[[#This Row],[Concentration]],liste_groupe[[#This Row],[Units]],liste_groupe[[#This Row],[Do not fill in3]]))) | B30: test chemical
... A34: =IF(ISBLANK(liste_groupe[[#This Row],[Do not fill in2]])," ",IF(ISBLANK(liste_groupe[[#This Row],[Units]]),CONCATENATE(liste_groupe[[#This Row],[Chemical name]],liste_groupe[[#This Row],[Do not fill in3]]),CONCATENATE(liste_groupe[[#This Row],[Chemical name]],"-",liste_groupe[[#This Row],[Concentration]],liste_groupe[[#This Row],[Units]],liste_groupe[[#This Row],[Do not fill in3]]))) | B34: test chemical
A35: =IF(ISBLANK(liste_groupe[[#This Row],[Do not fill in2]])," ",IF(ISBLANK(liste_groupe[[#This Row],[Units]]),CONCATENATE(liste_groupe[[#This Row],[Chemical name]],liste_groupe[[#This Row],[Do not fill in3]]),CONCATENATE(liste_groupe[[#This Row],[Chemical name]],"-",liste_groupe[[#This Row],[Concentration]],liste_groupe[[#This Row],[Units]],liste_groupe[[#This Row],[Do not fill in3]]))) -> Testo -30µg/L | B35: Control | C35: 30 | D35: µg/L | E35: Testo
A36: =IF(ISBLANK(liste_groupe[[#This Row],[Do not fill in2]])," ",IF(ISBLANK(liste_groupe[[#This Row],[Units]]),CONCATENATE(liste_groupe[[#This Row],[Chemical name]],liste_groupe[[#This Row],[Do not fill in3]]),CONCATENATE(liste_groupe[[#This Row],[Chemical name]],"-",liste_groupe[[#This Row],[Concentration]],liste_groupe[[#This Row],[Units]],liste_groupe[[#This Row],[Do not fill in3]]))) -> Testo 30µg/L + EE2 -64ng/L | B36: Control | C36: 64 | D36: ng/L | E36: Testo 30µg/L + EE2
A37: =IF(ISBLANK(liste_groupe[[#This Row],[Do not fill in2]])," ",IF(ISBLANK(liste_groupe[[#This Row],[Units]]),CONCATENATE(liste_groupe[[#This Row],[Chemical name]],liste_groupe[[#This Row],[Do not fill in3]]),CONCATENATE(liste_groupe[[#This Row],[Chemical name]],"-",liste_groupe[[#This Row],[Concentration]],liste_groupe[[#This Row],[Units]],liste_groupe[[#This Row],[Do not fill in3]]))) -> Testo 30µg/L + FAD-10mg/L | B37: Control | C37: 10 | D37: mg/L | E37: Testo 30µg/L + FAD
A38: =IF(ISBLANK(liste_groupe[[#This Row],[Do not fill in2]])," ",IF(ISBLANK(liste_groupe[[#This Row],[Units]]),CONCATENATE(liste_groupe[[#This Row],[Chemical name]],liste_groupe[[#This Row],[Do not fill in3]]),CONCATENATE(liste_groupe[[#This Row],[Chemical name]],"-",liste_groupe[[#This Row],[Concentration]],liste_groupe[[#This Row],[Units]],liste_groupe[[#This Row],[Do not fill in3]]))) -> Amantadine-0.001mg/L + Testostérone | B38: =B14 -> test chemical | C38: =C14 -> 0.001 | D38: =D14 -> mg/L | E38: =E14 -> Amantadine | F38: + Testostérone
A39: =IF(ISBLANK(liste_groupe[[#This Row],[Do not fill in2]])," ",IF(ISBLANK(liste_groupe[[#This Row],[Units]]),CONCATENATE(liste_groupe[[#This Row],[Chemical name]],liste_groupe[[#This Row],[Do not fill in3]]),CONCATENATE(liste_groupe[[#This Row],[Chemical name]],"-",liste_groupe[[#This Row],[Concentration]],liste_groupe[[#This Row],[Units]],liste_groupe[[#This Row],[Do not fill in3]]))) -> Amantadine-0.01mg/L + Testostérone | B39: =B15 -> test chemical | C39: =C15 -> 0.01 | D39: =D15 -> mg/L | E39: =E15 -> Amantadine | F39: + Testostérone
A40: =IF(ISBLANK(liste_groupe[[#This Row],[Do not fill in2]])," ",IF(ISBLANK(liste_groupe[[#This Row],[Units]]),CONCATENATE(liste_groupe[[#This Row],[Chemical name]],liste_groupe[[#This Row],[Do not fill in3]]),CONCATENATE(liste_groupe[[#This Row],[Chemical name]],"-",liste_groupe[[#This Row],[Concentration]],liste_groupe[[#This Row],[Units]],liste_groupe[[#This Row],[Do not fill in3]]))) -> Amantadine-0.1mg/L + Testostérone | B40: =B16 -> test chemical | C40: =C16 -> 0.1 | D40: =D16 -> mg/L | E40: =E16 -> Amantadine | F40: + Testostérone
A41: =IF(ISBLANK(liste_groupe[[#This Row],[Do not fill in2]])," ",IF(ISBLANK(liste_groupe[[#This Row],[Units]]),CONCATENATE(liste_groupe[[#This Row],[Chemical name]],liste_groupe[[#This Row],[Do not fill in3]]),CONCATENATE(liste_groupe[[#This Row],[Chemical name]],"-",liste_groupe[[#This Row],[Concentration]],liste_groupe[[#This Row],[Units]],liste_groupe[[#This Row],[Do not fill in3]]))) -> Amantadine-1mg/L + Testostérone | B41: =B17 -> test chemical | C41: =C17 -> 1 | D41: =D17 -> mg/L | E41: =E17 -> Amantadine | F41: + Testostérone
A42: =IF(ISBLANK(liste_groupe[[#This Row],[Do not fill in2]])," ",IF(ISBLANK(liste_groupe[[#This Row],[Units]]),CONCATENATE(liste_groupe[[#This Row],[Chemical name]],liste_groupe[[#This Row],[Do not fill in3]]),CONCATENATE(liste_groupe[[#This Row],[Chemical name]],"-",liste_groupe[[#This Row],[Concentration]],liste_groupe[[#This Row],[Units]],liste_groupe[[#This Row],[Do not fill in3]]))) -> Amantadine-10mg/L + Testostérone | B42: =B18 -> test chemical | C42: =C18 -> 10 | D42: =D18 -> mg/L | E42: =E18 -> Amantadine | F42: + Testostérone
A43: =IF(ISBLANK(liste_groupe[[#This Row],[Do not fill in2]])," ",IF(ISBLANK(liste_groupe[[#This Row],[Units]]),CONCATENATE(liste_groupe[[#This Row],[Chemical name]],liste_groupe[[#This Row],[Do not fill in3]]),CONCATENATE(liste_groupe[[#This Row],[Chemical name]],"-",liste_groupe[[#This Row],[Concentration]],liste_groupe[[#This Row],[Units]],liste_groupe[[#This Row],[Do not fill in3]]))) -> 0-00 + Testostérone | B43: =B19 -> test chemical | C43: =C19 -> 0 | D43: =D19 -> 0 | E43: =E19 -> 0 | F43: + Testostérone
A44: =IF(ISBLANK(liste_groupe[[#This Row],[Do not fill in2]])," ",IF(ISBLANK(liste_groupe[[#This Row],[Units]]),CONCATENATE(liste_groupe[[#This Row],[Chemical name]],liste_groupe[[#This Row],[Do not fill in3]]),CONCATENATE(liste_groupe[[#This Row],[Chemical name]],"-",liste_groupe[[#This Row],[Concentration]],liste_groupe[[#This Row],[Units]],liste_groupe[[#This Row],[Do not fill in3]]))) -> 0-00 + Testostérone | B44: =B20 -> test chemical | C44: =C20 -> 0 | D44: =D20 -> 0 | E44: =E20 -> 0 | F44: + Testostérone
A45: =IF(ISBLANK(liste_groupe[[#This Row],[Do not fill in2]])," ",IF(ISBLANK(liste_groupe[[#This Row],[Units]]),CONCATENATE(liste_groupe[[#This Row],[Chemical name]],liste_groupe[[#This Row],[Do not fill in3]]),CONCATENATE(liste_groupe[[#This Row],[Chemical name]],"-",liste_groupe[[#This Row],[Concentration]],liste_groupe[[#This Row],[Units]],liste_groupe[[#This Row],[Do not fill in3]]))) -> 0-00 + Testostérone | B45: =B21 -> test chemical | C45: =C21 -> 0 | D45: =D21 -> 0 | E45: =E21 -> 0 | F45: + Testostérone
A46: =IF(ISBLANK(liste_groupe[[#This Row],[Do not fill in2]])," ",IF(ISBLANK(liste_groupe[[#This Row],[Units]]),CONCATENATE(liste_groupe[[#This Row],[Chemical name]],liste_groupe[[#This Row],[Do not fill in3]]),CONCATENATE(liste_groupe[[#This Row],[Chemical name]],"-",liste_groupe[[#This Row],[Concentration]],liste_groupe[[#This Row],[Units]],liste_groupe[[#This Row],[Do not fill in3]]))) -> 0-00 + Testostérone | B46: =B22 -> test chemical | C46: =C22 -> 0 | D46: =D22 -> 0 | E46: =E22 -> 0 | F46: + Testostérone
A47: =IF(ISBLANK(liste_groupe[[#This Row],[Do not fill in2]])," ",IF(ISBLANK(liste_groupe[[#This Row],[Units]]),CONCATENATE(liste_groupe[[#This Row],[Chemical name]],liste_groupe[[#This Row],[Do not fill in3]]),CONCATENATE(liste_groupe[[#This Row],[Chemical name]],"-",liste_groupe[[#This Row],[Concentration]],liste_groupe[[#This Row],[Units]],liste_groupe[[#This Row],[Do not fill in3]]))) -> 0-00 + Testostérone | B47: =B23 -> test chemical | C47: =C23 -> 0 | D47: =D23 -> 0 | E47: =E23 -> 0 | F47: + Testostérone
A48: =IF(ISBLANK(liste_groupe[[#This Row],[Do not fill in2]])," ",IF(ISBLANK(liste_groupe[[#This Row],[Units]]),CONCATENATE(liste_groupe[[#This Row],[Chemical name]],liste_groupe[[#This Row],[Do not fill in3]]),CONCATENATE(liste_groupe[[#This Row],[Chemical name]],"-",liste_groupe[[#This Row],[Concentration]],liste_groupe[[#This Row],[Units]],liste_groupe[[#This Row],[Do not fill in3]]))) -> 0-00 + Testostérone | B48: =B24 -> test chemical | C48: =C24 -> 0 | D48: =D24 -> 0 | E48: =E24 -> 0 | F48: + Testostérone
A49: =IF(ISBLANK(liste_groupe[[#This Row],[Do not fill in2]])," ",IF(ISBLANK(liste_groupe[[#This Row],[Units]]),CONCATENATE(liste_groupe[[#This Row],[Chemical name]],liste_groupe[[#This Row],[Do not fill in3]]),CONCATENATE(liste_groupe[[#This Row],[Chemical name]],"-",liste_groupe[[#This Row],[Concentration]],liste_groupe[[#This Row],[Units]],liste_groupe[[#This Row],[Do not fill in3]]))) -> 0-00 + Testostérone | B49: =B25 -> test chemical | C49: =C25 -> 0 | D49: =D25 -> 0 | E49: =E25 -> 0 | F49: + Testostérone
... A57: =IF(ISBLANK(liste_groupe[[#This Row],[Do not fill in2]])," ",IF(ISBLANK(liste_groupe[[#This Row],[Units]]),CONCATENATE(liste_groupe[[#This Row],[Chemical name]],liste_groupe[[#This Row],[Do not fill in3]]),CONCATENATE(liste_groupe[[#This Row],[Chemical name]],"-",liste_groupe[[#This Row],[Concentration]],liste_groupe[[#This Row],[Units]],liste_groupe[[#This Row],[Do not fill in3]]))) -> 0-00 + Testostérone | B57: =B33 -> test chemical | C57: =C33 -> 0 | D57: =D33 -> 0 | E57: =E33 -> 0 | F57: + Testostérone

Sheet Comments
A2: Start of the exposure: 15h45 (09.02.2022) start of reading : 15h30 (10.02.2022) (end of the reading 18h30)
A4: R1: contamination in the bottle 1 mg/L of amantadine, because of the lid.
A5: 7 embryos dead in the whole plate of amantadine, as we knew the replicats will be excluded because of the deads, we did not read the amantadine + testo plate
A6: The bottle 1 mg/L was changed
A8: In the group Testo + Fadrozole : only 7 pictures because a technical problem when the picture was saved (half of the picture is gray). We can get rid of the value or do another analysis with a croped picture?
A11: R1 done another time, because too much deads in the first R1.
A12: R1bis: Start of the exposure : 10.02, start of reading 12h until 15h
A13: R1bis : Only 4 embryos in the amantadine 0,1 mg/L well
A14: 1 dead and the 3 others where light up…. Contamination again?

Sheet R1
A3: R1 | B3: Unspiked | O3: Testosterone spiked
A4: Group names | B4: ='Front page'!A7 -> Solvent control | C4: ='Front page'!A8 -> EE2-33.8ng/L | D4: ='Front page'!A9 -> EE2-50.6ng/L | E4: ='Front page'!A10 -> EE2-76ng/L | F4: ='Front page'!A11 -> EE2-114ng/L | G4: ='Front page'!A12 -> EE2-170.9ng/L | H4: ='Front page'!A13 -> EE2-488ng/L | I4: ='Front page'!A14 -> Amantadine-0.001mg/L | J4: ='Front page'!A15 -> Amantadine-0.01mg/L | K4: ='Front page'!A16 -> Amantadine-0.1mg/L | L4: ='Front page'!A17 -> Amantadine-1mg/L | M4: ='Front page'!A18 -> Amantadine-10mg/L | O4: ='Front page'!A35 -> Testo -30µg/L | P4: ='Front page'!A36 -> Testo 30µg/L + EE2 -64ng/L | Q4: ='Front page'!A37 -> Testo 30µg/L + FAD-10mg/L | R4: ='Front page'!A38 -> Amantadine-0.001mg/L + Testostérone | S4: ='Front page'!A39 -> Amantadine-0.01mg/L + Testostérone | T4: ='Front page'!A40 -> Amantadine-0.1mg/L + Testostérone | U4: ='Front page'!A41 -> Amantadine-1mg/L + Testostérone | V4: ='Front page'!A42 -> Amantadine-10mg/L + Testostérone
A5: Raw data | B5: 222638 | C5: 332014 | D5: 462085 | E5: 318858 | F5: 1776859 | G5: 3699243 | H5: 4642912 | I5: 43831 | J5: 159532 | K5: 589442 | L5: 365803 | M5: 183726 | O5: 867403 | P5: 6131601 | Q5: 47135 | R5: 2267246 | S5: 814227 | T5: 3000897 | U5: 958702 | V5: 179158
B6: 16975 | C6: 663076 | D6: 521807 | E6: 905913 | F6: 4979776 | G6: 4253571 | H6: 8705082 | I6: 145896 | J6: 19094 | K6: 89016 | L6: 120486 | M6: 124422 | O6: 1550874 | P6: 5173886 | Q6: 44044 | R6: 710689 | S6: 2395040 | T6: 2835924 | U6: 2713263 | V6: 1217802
B7: 22029 | C7: 49973 | D7: 1784193 | E7: 343890 | F7: 4305872 | G7: 6565690 | H7: 8249044 | I7: 582534 | J7: 296079 | K7: 133372 | L7: 82771 | M7: 107719 | O7: 3675296 | P7: 4934501 | Q7: 64043 | R7: 1068730 | S7: 2834863 | T7: 2791345 | U7: 287227 | V7: 1491620
B8: 253918 | C8: 93822 | D8: 567762 | E8: 1772095 | F8: 2297666 | G8: 5433344 | H8: 6385360 | I8: 67649 | J8: 410120 | K8: 258541 | L8: 109472 | M8: 175386 | O8: 1521673 | P8: 5807811 | Q8: 43905 | R8: 2282390 | S8: 1469457 | T8: 2148400 | U8: 211128 | V8: 525788
B9: 143827 | C9: 112468 | D9: 480896 | E9: 1339325 | F9: 2748581 | G9: 4974674 | H9: 6478983 | I9: 79311 | J9: 135157 | K9: 58250 | L9: 16898 | M9: 166767 | O9: 1714008 | P9: 8835686 | Q9: 123795 | R9: 546861 | S9: 1219233 | T9: 862723 | U9: 1112492 | V9: 380033
B10: 118649 | C10: 85329 | D10: 761322 | E10: 2511109 | F10: 3731308 | G10: 4141934 | H10: 5890947 | I10: 116937 | J10: 118516 | K10: 22244 | L10: 109748 | M10: 20269 | O10: 2092881 | P10: 6849271 | Q10: 154427 | R10: 1008328 | S10: 4103156 | T10: 2029357 | U10: 628156 | V10: 9819
B11: 222019 | C11: 10859 | D11: 440522 | E11: 443388 | F11: 3632376 | G11: 5253269 | H11: 5785384 | I11: 116722 | J11: 140440 | K11: 132250 | L11: 122127 | M11: 78118 | O11: 49009 | P11: 4942199 | Q11: 8215 | R11: 673308 | S11: 1015345 | T11: 2709208 | U11: 3242334 | V11: 1688555
O12: 3246280 | R12: 3748497 | S12: 3121591 | T12: 1245888 | U12: 520160 | V12: 1553265
O13: 3815465
O14: 3044358
O15: 532549
O16: 2808474
O17: 43634
O18: 3572235
A22: =A4 -> Group names | B22: =B4 -> Solvent control | C22: =C4 -> EE2-33.8ng/L | D22: =D4 -> EE2-50.6ng/L | E22: =E4 -> EE2-76ng/L | F22: =F4 -> EE2-114ng/L | G22: =G4 -> EE2-170.9ng/L | H22: =H4 -> EE2-488ng/L | ... M22: =M4 -> Amantadine-10mg/L | N22: Nom des groupes | O22: =O4 -> Testo -30µg/L | P22: =P4 -> Testo 30µg/L + EE2 -64ng/L | Q22: =Q4 -> Testo 30µg/L + FAD-10mg/L | R22: =R4 -> Amantadine-0.001mg/L + Testostérone | S22: =S4 -> Amantadine-0.01mg/L + Testostérone | T22: =T4 -> Amantadine-0.1mg/L + Testostérone | U22: =U4 -> Amantadine-1mg/L + Testostérone | V22: =V4 -> Amantadine-10mg/L + Testostérone
A23: mean | B23: =AVERAGE(B5:B20) -> 142865 | C23: =AVERAGE(C5:C20) -> 192505.86 | D23: =AVERAGE(D5:D20) -> 716941 | E23: =AVERAGE(E5:E20) -> 1090654 | F23: =AVERAGE(F5:F20) -> 3353205.4 | G23: =AVERAGE(G5:G20) -> 4903103.6 | H23: =AVERAGE(H5:H20) -> 6591101.7 | I23: =AVERAGE(I5:I20) -> 164697.14 | ... M23: =AVERAGE(M5:M20) -> 122343.86 | N23: mean | O23: =AVERAGE(O5:O20) -> 2038152.8 | P23: =AVERAGE(P5:P20) -> 6096422.1 | Q23: =AVERAGE(Q5:Q20) -> 69366.286 | R23: =AVERAGE(R5:R20) -> 1538256.1 | S23: =AVERAGE(S5:S20) -> 2121614 | T23: =AVERAGE(T5:T20) -> 2202967.8 | U23: =AVERAGE(U5:U20) -> 1209182.8 | V23: =AVERAGE(V5:V20) -> 880755
A24: SD | B24: =STDEV(B5:B20) -> 96608.167 | C24: =STDEV(C5:C20) -> 231603.62 | D24: =STDEV(D5:D20) -> 482770.55 | E24: =STDEV(E5:E20) -> 831695.01 | F24: =STDEV(F5:F20) -> 1135694 | G24: =STDEV(G5:G20) -> 968128.66 | H24: =STDEV(H5:H20) -> 1426383.9 | I24: =STDEV(I5:I20) -> 187457.34 | ... M24: =STDEV(M5:M20) -> 59368.987 | N24: SD | O24: =STDEV(O5:O20) -> 1342857.3 | P24: =STDEV(P5:P20) -> 1395722.4 | Q24: =STDEV(Q5:Q20) -> 51233.701 | R24: =STDEV(R5:R20) -> 1126782.5 | S24: =STDEV(S5:S20) -> 1176109.9 | T24: =STDEV(T5:T20) -> 791487.54 | U24: =STDEV(U5:U20) -> 1141835.1 | V24: =STDEV(V5:V20) -> 678133.91
B26: Unspiked | O26: Testosterone spiked
A27: =A4 -> Group names | B27: =B4 -> Solvent control | C27: =C4 -> EE2-33.8ng/L | D27: =D4 -> EE2-50.6ng/L | E27: =E4 -> EE2-76ng/L | F27: =F4 -> EE2-114ng/L | G27: =G4 -> EE2-170.9ng/L | H27: =H4 -> EE2-488ng/L | ... M27: =M4 -> Amantadine-10mg/L | O27: =O4 -> Testo -30µg/L | P27: =P4 -> Testo 30µg/L + EE2 -64ng/L | Q27: =Q4 -> Testo 30µg/L + FAD-10mg/L | R27: =R4 -> Amantadine-0.001mg/L + Testostérone | S27: =S4 -> Amantadine-0.01mg/L + Testostérone | T27: =T4 -> Amantadine-0.1mg/L + Testostérone | U27: =U4 -> Amantadine-1mg/L + Testostérone | V27: =V4 -> Amantadine-10mg/L + Testostérone
A28: Data normalised to the "Testo" group | B28: =IF(B5="","",(B5/$O$23)) -> 0.10923519 | C28: =IF(C5="","",(C5/$O$23)) -> 0.16289947 | D28: =IF(D5="","",(D5/$O$23)) -> 0.22671755 | E28: =IF(E5="","",(E5/$O$23)) -> 0.1564446 | F28: =IF(F5="","",(F5/$O$23)) -> 0.87179873 | G28: =IF(G5="","",(G5/$O$23)) -> 1.8149979 | H28: =IF(H5="","",(H5/$O$23)) -> 2.278 | I28: =IF(I5="","",(I5/$O$23)) -> 0.021505257 | ... M28: =IF(M5="","",(M5/$O$23)) -> 0.090143389 | O28: =IF(O5="","",(O5/$O$23)) -> 0.42558291 | P28: =IF(P5="","",(P5/$O$23)) -> 3.0084109 | Q28: =IF(Q5="","",(Q5/$O$23)) -> 0.023126333 | R28: =IF(R5="","",(R5/$O$23)) -> 1.1124024 | S28: =IF(S5="","",(S5/$O$23)) -> 0.39949262 | T28: =IF(T5="","",(T5/$O$23)) -> 1.4723612 | U28: =IF(U5="","",(U5/$O$23)) -> 0.47037789 | V28: =IF(V5="","",(V5/$O$23)) -> 0.087902144
B29: =IF(B6="","",(B6/$O$23)) -> 0.00832862 | C29: =IF(C6="","",(C6/$O$23)) -> 0.32533184 | D29: =IF(D6="","",(D6/$O$23)) -> 0.25601957 | E29: =IF(E6="","",(E6/$O$23)) -> 0.44447747 | F29: =IF(F6="","",(F6/$O$23)) -> 2.443279 | G29: =IF(G6="","",(G6/$O$23)) -> 2.0869736 | H29: =IF(H6="","",(H6/$O$23)) -> 4.2710645 | I29: =IF(I6="","",(I6/$O$23)) -> 0.071582465 | ... M29: =IF(M6="","",(M6/$O$23)) -> 0.061046454 | O29: =IF(O6="","",(O6/$O$23)) -> 0.76092137 | P29: =IF(P6="","",(P6/$O$23)) -> 2.5385172 | Q29: =IF(Q6="","",(Q6/$O$23)) -> 0.021609764 | R29: =IF(R6="","",(R6/$O$23)) -> 0.3486927 | S29: =IF(S6="","",(S6/$O$23)) -> 1.1751033 | T29: =IF(T6="","",(T6/$O$23)) -> 1.3914187 | U29: =IF(U6="","",(U6/$O$23)) -> 1.3312363 | V29: =IF(V6="","",(V6/$O$23)) -> 0.5975028
B30: =IF(B7="","",(B7/$O$23)) -> 0.010808316 | C30: =IF(C7="","",(C7/$O$23)) -> 0.02451877 | D30: =IF(D7="","",(D7/$O$23)) -> 0.87539708 | E30: =IF(E7="","",(E7/$O$23)) -> 0.16872631 | F30: =IF(F7="","",(F7/$O$23)) -> 2.1126346 | G30: =IF(G7="","",(G7/$O$23)) -> 3.2213925 | H30: =IF(H7="","",(H7/$O$23)) -> 4.0473139 | I30: =IF(I7="","",(I7/$O$23)) -> 0.28581469 | ... M30: =IF(M7="","",(M7/$O$23)) -> 0.052851288 | O30: =IF(O7="","",(O7/$O$23)) -> 1.8032485 | P30: =IF(P7="","",(P7/$O$23)) -> 2.4210653 | Q30: =IF(Q7="","",(Q7/$O$23)) -> 0.03142208 | R30: =IF(R7="","",(R7/$O$23)) -> 0.52436206 | S30: =IF(S7="","",(S7/$O$23)) -> 1.3908982 | T30: =IF(T7="","",(T7/$O$23)) -> 1.3695465 | U30: =IF(U7="","",(U7/$O$23)) -> 0.14092516 | V30: =IF(V7="","",(V7/$O$23)) -> 0.73184896
B31: =IF(B8="","",(B8/$O$23)) -> 0.12458242 | C31: =IF(C8="","",(C8/$O$23)) -> 0.046032859 | D31: =IF(D8="","",(D8/$O$23)) -> 0.27856695 | E31: =IF(E8="","",(E8/$O$23)) -> 0.86946131 | F31: =IF(F8="","",(F8/$O$23)) -> 1.1273277 | G31: =IF(G8="","",(G8/$O$23)) -> 2.6658178 | H31: =IF(H8="","",(H8/$O$23)) -> 3.1329153 | I31: =IF(I8="","",(I8/$O$23)) -> 0.033191329 | ... M31: =IF(M8="","",(M8/$O$23)) -> 0.086051449 | O31: =IF(O8="","",(O8/$O$23)) -> 0.74659418 | P31: =IF(P8="","",(P8/$O$23)) -> 2.8495464 | Q31: =IF(Q8="","",(Q8/$O$23)) -> 0.021541565 | R31: =IF(R8="","",(R8/$O$23)) -> 1.1198326 | S31: =IF(S8="","",(S8/$O$23)) -> 0.7209749 | T31: =IF(T8="","",(T8/$O$23)) -> 1.0540917 | U31: =IF(U8="","",(U8/$O$23)) -> 0.10358792 | V31: =IF(V8="","",(V8/$O$23)) -> 0.25797281
B32: =IF(B9="","",(B9/$O$23)) -> 0.07056733 | C32: =IF(C9="","",(C9/$O$23)) -> 0.055181339 | D32: =IF(D9="","",(D9/$O$23)) -> 0.23594698 | E32: =IF(E9="","",(E9/$O$23)) -> 0.65712689 | F32: =IF(F9="","",(F9/$O$23)) -> 1.3485647 | G32: =IF(G9="","",(G9/$O$23)) -> 2.4407758 | H32: =IF(H9="","",(H9/$O$23)) -> 3.1788505 | I32: =IF(I9="","",(I9/$O$23)) -> 0.038913177 | ... M32: =IF(M9="","",(M9/$O$23)) -> 0.08182262 | O32: =IF(O9="","",(O9/$O$23)) -> 0.84096149 | P32: =IF(P9="","",(P9/$O$23)) -> 4.3351441 | Q32: =IF(Q9="","",(Q9/$O$23)) -> 0.060738822 | R32: =IF(R9="","",(R9/$O$23)) -> 0.26831207 | S32: =IF(S9="","",(S9/$O$23)) -> 0.59820491 | T32: =IF(T9="","",(T9/$O$23)) -> 0.42328672 | U32: =IF(U9="","",(U9/$O$23)) -> 0.54583347 | V32: =IF(V9="","",(V9/$O$23)) -> 0.18645952
B33: =IF(B10="","",(B10/$O$23)) -> 0.058213987 | C33: =IF(C10="","",(C10/$O$23)) -> 0.041865851 | D33: =IF(D10="","",(D10/$O$23)) -> 0.37353529 | E33: =IF(E10="","",(E10/$O$23)) -> 1.2320514 | F33: =IF(F10="","",(F10/$O$23)) -> 1.8307303 | G33: =IF(G10="","",(G10/$O$23)) -> 2.0322 | H33: =IF(H10="","",(H10/$O$23)) -> 2.8903363 | I33: =IF(I10="","",(I10/$O$23)) -> 0.057374011 | ... M33: =IF(M10="","",(M10/$O$23)) -> 0.0099447893 | O33: =IF(O10="","",(O10/$O$23)) -> 1.0268519 | P33: =IF(P10="","",(P10/$O$23)) -> 3.3605287 | Q33: =IF(Q10="","",(Q10/$O$23)) -> 0.075768118 | R33: =IF(R10="","",(R10/$O$23)) -> 0.4947264 | S33: =IF(S10="","",(S10/$O$23)) -> 2.0131739 | T33: =IF(T10="","",(T10/$O$23)) -> 0.99568443 | U33: =IF(U10="","",(U10/$O$23)) -> 0.30819868 | V33: =IF(V10="","",(V10/$O$23)) -> 0.0048175976
B34: =IF(B11="","",(B11/$O$23)) -> 0.10893148 | C34: =IF(C11="","",(C11/$O$23)) -> 0.0053278636 | D34: =IF(D11="","",(D11/$O$23)) -> 0.21613787 | E34: =IF(E11="","",(E11/$O$23)) -> 0.21754404 | F34: =IF(F11="","",(F11/$O$23)) -> 1.7821902 | G34: =IF(G11="","",(G11/$O$23)) -> 2.5774658 | H34: =IF(H11="","",(H11/$O$23)) -> 2.8385428 | I34: =IF(I11="","",(I11/$O$23)) -> 0.057268523 | ... M34: =IF(M11="","",(M11/$O$23)) -> 0.038327843 | O34: =IF(O11="","",(O11/$O$23)) -> 0.024045793 | P34: =IF(P11="","",(P11/$O$23)) -> 2.4248423 | Q34: =IF(Q11="","",(Q11/$O$23)) -> 0.0040306105 | R34: =IF(R11="","",(R11/$O$23)) -> 0.33035207 | S34: =IF(S11="","",(S11/$O$23)) -> 0.49816923 | T34: =IF(T11="","",(T11/$O$23)) -> 1.3292468 | U34: =IF(U11="","",(U11/$O$23)) -> 1.5908199 | V34: =IF(V11="","",(V11/$O$23)) -> 0.82847322
B35: =IF(B12="","",(B12/$O$23)) | C35: =IF(C12="","",(C12/$O$23)) | D35: =IF(D12="","",(D12/$O$23)) | E35: =IF(E12="","",(E12/$O$23)) | F35: =IF(F12="","",(F12/$O$23)) | G35: =IF(G12="","",(G12/$O$23)) | H35: =IF(H12="","",(H12/$O$23)) | I35: =IF(I12="","",(I12/$O$23)) | ... M35: =IF(M12="","",(M12/$O$23)) | O35: =IF(O12="","",(O12/$O$23)) -> 1.592756 | P35: =IF(P12="","",(P12/$O$23)) | Q35: =IF(Q12="","",(Q12/$O$23)) | R35: =IF(R12="","",(R12/$O$23)) -> 1.8391639 | S35: =IF(S12="","",(S12/$O$23)) -> 1.5315785 | T35: =IF(T12="","",(T12/$O$23)) -> 0.61128293 | U35: =IF(U12="","",(U12/$O$23)) -> 0.25521149 | V35: =IF(V12="","",(V12/$O$23)) -> 0.76209449
B36: =IF(B13="","",(B13/$O$23)) | C36: =IF(C13="","",(C13/$O$23)) | D36: =IF(D13="","",(D13/$O$23)) | E36: =IF(E13="","",(E13/$O$23)) | F36: =IF(F13="","",(F13/$O$23)) | G36: =IF(G13="","",(G13/$O$23)) | H36: =IF(H13="","",(H13/$O$23)) | I36: =IF(I13="","",(I13/$O$23)) | ... M36: =IF(M13="","",(M13/$O$23)) | O36: =IF(O13="","",(O13/$O$23)) -> 1.8720211 | P36: =IF(P13="","",(P13/$O$23)) | Q36: =IF(Q13="","",(Q13/$O$23)) | R36: =IF(R13="","",(R13/$O$23)) | S36: =IF(S13="","",(S13/$O$23)) | T36: =IF(T13="","",(T13/$O$23)) | U36: =IF(U13="","",(U13/$O$23)) | V36: =IF(V13="","",(V13/$O$23))
B37: =IF(B14="","",(B14/$O$23)) | C37: =IF(C14="","",(C14/$O$23)) | D37: =IF(D14="","",(D14/$O$23)) | E37: =IF(E14="","",(E14/$O$23)) | F37: =IF(F14="","",(F14/$O$23)) | G37: =IF(G14="","",(G14/$O$23)) | H37: =IF(H14="","",(H14/$O$23)) | I37: =IF(I14="","",(I14/$O$23)) | ... M37: =IF(M14="","",(M14/$O$23)) | O37: =IF(O14="","",(O14/$O$23)) -> 1.4936849 | P37: =IF(P14="","",(P14/$O$23)) | Q37: =IF(Q14="","",(Q14/$O$23)) | R37: =IF(R14="","",(R14/$O$23)) | S37: =IF(S14="","",(S14/$O$23)) | T37: =IF(T14="","",(T14/$O$23)) | U37: =IF(U14="","",(U14/$O$23)) | V37: =IF(V14="","",(V14/$O$23))
B38: =IF(B15="","",(B15/$O$23)) | C38: =IF(C15="","",(C15/$O$23)) | D38: =IF(D15="","",(D15/$O$23)) | E38: =IF(E15="","",(E15/$O$23)) | F38: =IF(F15="","",(F15/$O$23)) | G38: =IF(G15="","",(G15/$O$23)) | H38: =IF(H15="","",(H15/$O$23)) | I38: =IF(I15="","",(I15/$O$23)) | ... M38: =IF(M15="","",(M15/$O$23)) | O38: =IF(O15="","",(O15/$O$23)) -> 0.26129003 | P38: =IF(P15="","",(P15/$O$23)) | Q38: =IF(Q15="","",(Q15/$O$23)) | R38: =IF(R15="","",(R15/$O$23)) | S38: =IF(S15="","",(S15/$O$23)) | T38: =IF(T15="","",(T15/$O$23)) | U38: =IF(U15="","",(U15/$O$23)) | V38: =IF(V15="","",(V15/$O$23))
B39: =IF(B16="","",(B16/$O$23)) | C39: =IF(C16="","",(C16/$O$23)) | D39: =IF(D16="","",(D16/$O$23)) | E39: =IF(E16="","",(E16/$O$23)) | F39: =IF(F16="","",(F16/$O$23)) | G39: =IF(G16="","",(G16/$O$23)) | H39: =IF(H16="","",(H16/$O$23)) | I39: =IF(I16="","",(I16/$O$23)) | ... M39: =IF(M16="","",(M16/$O$23)) | O39: =IF(O16="","",(O16/$O$23)) -> 1.3779507 | P39: =IF(P16="","",(P16/$O$23)) | Q39: =IF(Q16="","",(Q16/$O$23)) | R39: =IF(R16="","",(R16/$O$23)) | S39: =IF(S16="","",(S16/$O$23)) | T39: =IF(T16="","",(T16/$O$23)) | U39: =IF(U16="","",(U16/$O$23)) | V39: =IF(V16="","",(V16/$O$23))
B40: =IF(B17="","",(B17/$O$23)) | C40: =IF(C17="","",(C17/$O$23)) | D40: =IF(D17="","",(D17/$O$23)) | E40: =IF(E17="","",(E17/$O$23)) | F40: =IF(F17="","",(F17/$O$23)) | G40: =IF(G17="","",(G17/$O$23)) | H40: =IF(H17="","",(H17/$O$23)) | I40: =IF(I17="","",(I17/$O$23)) | ... M40: =IF(M17="","",(M17/$O$23)) | O40: =IF(O17="","",(O17/$O$23)) -> 0.021408601 | P40: =IF(P17="","",(P17/$O$23)) | Q40: =IF(Q17="","",(Q17/$O$23)) | R40: =IF(R17="","",(R17/$O$23)) | S40: =IF(S17="","",(S17/$O$23)) | T40: =IF(T17="","",(T17/$O$23)) | U40: =IF(U17="","",(U17/$O$23)) | V40: =IF(V17="","",(V17/$O$23))
... B43: =IF(B20="","",(B20/$O$23)) | C43: =IF(C20="","",(C20/$O$23)) | D43: =IF(D20="","",(D20/$O$23)) | E43: =IF(E20="","",(E20/$O$23)) | F43: =IF(F20="","",(F20/$O$23)) | G43: =IF(G20="","",(G20/$O$23)) | H43: =IF(H20="","",(H20/$O$23)) | I43: =IF(I20="","",(I20/$O$23)) | ... M43: =IF(M20="","",(M20/$O$23)) | O43: =IF(O20="","",(O20/$O$23)) | P43: =IF(P20="","",(P20/$O$23)) | Q43: =IF(Q20="","",(Q20/$O$23)) | R43: =IF(R20="","",(R20/$O$23)) | S43: =IF(S20="","",(S20/$O$23)) | T43: =IF(T20="","",(T20/$O$23)) | U43: =IF(U20="","",(U20/$O$23)) | V43: =IF(V20="","",(V20/$O$23))
A45: =A4 -> Group names | B45: =B4 -> Solvent control | C45: =C4 -> EE2-33.8ng/L | D45: =D4 -> EE2-50.6ng/L | E45: =E4 -> EE2-76ng/L | F45: =F4 -> EE2-114ng/L | G45: =G4 -> EE2-170.9ng/L | H45: =H4 -> EE2-488ng/L | ... M45: =M4 -> Amantadine-10mg/L | N45: =N22 -> Nom des groupes | O45: =O4 -> Testo -30µg/L | P45: =P4 -> Testo 30µg/L + EE2 -64ng/L | Q45: =Q4 -> Testo 30µg/L + FAD-10mg/L | R45: =R4 -> Amantadine-0.001mg/L + Testostérone | S45: =S4 -> Amantadine-0.01mg/L + Testostérone | T45: =T4 -> Amantadine-0.1mg/L + Testostérone | U45: =U4 -> Amantadine-1mg/L + Testostérone | V45: =V4 -> Amantadine-10mg/L + Testostérone
A46: mean | B46: =AVERAGE(B28:B43) -> 0.070095334 | C46: =AVERAGE(C28:C43) -> 0.094451141 | D46: =AVERAGE(D28:D43) -> 0.35176018 | E46: =AVERAGE(E28:E43) -> 0.53511886 | F46: =AVERAGE(F28:F43) -> 1.6452179 | G46: =AVERAGE(G28:G43) -> 2.4056605 | H46: =AVERAGE(H28:H43) -> 3.2338605 | I46: =AVERAGE(I28:I43) -> 0.080807064 | ... M46: =AVERAGE(M28:M43) -> 0.060026833 | N46: mean | O46: =AVERAGE(O28:O43) -> 1 | P46: =AVERAGE(P28:P43) -> 2.9911507 | Q46: =AVERAGE(Q28:Q43) -> 0.034033899 | R46: =AVERAGE(R28:R43) -> 0.75473053 | S46: =AVERAGE(S28:S43) -> 1.0409494 | T46: =AVERAGE(T28:T43) -> 1.0808649 | U46: =AVERAGE(U28:U43) -> 0.59327385 | V46: =AVERAGE(V28:V43) -> 0.43213394
A47: SD | B47: =STDEV(B28:B43) -> 0.047399865 | C47: =STDEV(C28:C43) -> 0.11363408 | D47: =STDEV(D28:D43) -> 0.23686671 | E47: =STDEV(E28:E43) -> 0.40806313 | F47: =STDEV(F28:F43) -> 0.55721731 | G47: =STDEV(G28:G43) -> 0.47500299 | H47: =STDEV(H28:H43) -> 0.6998415 | I47: =STDEV(I28:I43) -> 0.091974136 | ... M47: =STDEV(M28:M43) -> 0.029128821 | N47: SD | O47: =STDEV(O28:O43) -> 0.65885996 | P47: =STDEV(P28:P43) -> 0.68479774 | Q47: =STDEV(Q28:Q43) -> 0.025137321 | R47: =STDEV(R28:R43) -> 0.55284496 | S47: =STDEV(S28:S43) -> 0.57704695 | T47: =STDEV(T28:T43) -> 0.38833572 | U47: =STDEV(U28:U43) -> 0.56023036 | V47: =STDEV(V28:V43) -> 0.33271986
A48: SEM | B48: =B47/SQRT(COUNT(B28:B43)) -> 0.017915465 | C48: =C47/SQRT(COUNT(C28:C43)) -> 0.042949646 | D48: =D47/SQRT(COUNT(D28:D43)) -> 0.089527203 | E48: =E47/SQRT(COUNT(E28:E43)) -> 0.15423337 | F48: =F47/SQRT(COUNT(F28:F43)) -> 0.21060835 | G48: =G47/SQRT(COUNT(G28:G43)) -> 0.17953425 | H48: =H47/SQRT(COUNT(H28:H43)) -> 0.26451523 | I48: =I47/SQRT(COUNT(I28:I43)) -> 0.034762956 | ... M48: =M47/SQRT(COUNT(M28:M43)) -> 0.011009659 | N48: SEM | O48: =O47/SQRT(COUNT(O28:O43)) -> 0.17608773 | P48: =P47/SQRT(COUNT(P28:P43)) -> 0.25882922 | Q48: =Q47/SQRT(COUNT(Q28:Q43)) -> 0.0095010142 | R48: =R47/SQRT(COUNT(R28:R43)) -> 0.19546021 | S48: =S47/SQRT(COUNT(S28:S43)) -> 0.20401691 | T48: =T47/SQRT(COUNT(T28:T43)) -> 0.13729741 | U48: =U47/SQRT(COUNT(U28:U43)) -> 0.19807134 | V48: =V47/SQRT(COUNT(V28:V43)) -> 0.11763424
A52: =A27 -> Group names | B52: =B27 -> Solvent control | C52: =C27 -> EE2-33.8ng/L | D52: =D27 -> EE2-50.6ng/L | E52: =E27 -> EE2-76ng/L | F52: =F27 -> EE2-114ng/L | G52: =G27 -> EE2-170.9ng/L | H52: =H27 -> EE2-488ng/L | I52: =I4 -> Amantadine-0.001mg/L | J52: =J4 -> Amantadine-0.01mg/L | K52: =K27 -> Amantadine-0.1mg/L | L52: =L27 -> Amantadine-1mg/L | M52: =M27 -> Amantadine-10mg/L | O52: =O27 -> Testo -30µg/L | P52: =P27 -> Testo 30µg/L + EE2 -64ng/L | Q52: =Q27 -> Testo 30µg/L + FAD-10mg/L | R52: =R27 -> Amantadine-0.001mg/L + Testostérone | S52: =S27 -> Amantadine-0.01mg/L + Testostérone | T52: =T27 -> Amantadine-0.1mg/L + Testostérone | U52: =U27 -> Amantadine-1mg/L + Testostérone | V52: =V27 -> Amantadine-10mg/L + Testostérone
A53: Mean | B53: =B46 -> 0.070095334 | C53: =C46 -> 0.094451141 | D53: =D46 -> 0.35176018 | E53: =E46 -> 0.53511886 | F53: =F46 -> 1.6452179 | G53: =G46 -> 2.4056605 | H53: =H46 -> 3.2338605 | I53: =I46 -> 0.080807064 | ... M53: =M46 -> 0.060026833 | O53: =O46 -> 1 | P53: =P46 -> 2.9911507 | Q53: =Q46 -> 0.034033899 | R53: =R46 -> 0.75473053 | S53: =S46 -> 1.0409494 | T53: =T46 -> 1.0808649 | U53: =U46 -> 0.59327385 | V53: =V46 -> 0.43213394
A54: SEM | B54: =B48 -> 0.017915465 | C54: =C48 -> 0.042949646 | D54: =D48 -> 0.089527203 | E54: =E48 -> 0.15423337 | F54: =F48 -> 0.21060835 | G54: =G48 -> 0.17953425 | H54: =H48 -> 0.26451523 | I54: =I48 -> 0.034762956 | ... M54: =M48 -> 0.011009659 | O54: =O48 -> 0.17608773 | P54: =P48 -> 0.25882922 | Q54: =Q48 -> 0.0095010142 | R54: =R48 -> 0.19546021 | S54: =S48 -> 0.20401691 | T54: =T48 -> 0.13729741 | U54: =U48 -> 0.19807134 | V54: =V48 -> 0.11763424
A55: % induction | B55: =(B53*100/$B$53)-100 -> 0 | C55: =(C53*100/$B$53)-100 -> 34.746689 | D55: =(D53*100/$B$53)-100 -> 401.8311 | E55: =(E53*100/$B$53)-100 -> 663.41581 | F55: =(F53*100/$B$53)-100 -> 2247.1147 | G55: =(G53*100/$B$53)-100 -> 3331.9837 | H55: =(H53*100/$B$53)-100 -> 4513.5175 | I55: =(I53*100/$B$53)-100 -> 15.28166 | ... M55: =(M53*100/$B$53)-100 -> -14.36401 | O55: =(O53*100/$O$53)-100 -> 0 | P55: =(P53*100/$O$53)-100 -> 199.11507 | Q55: =(Q53*100/$O$53)-100 -> -96.59661 | R55: =(R53*100/$O$53)-100 -> -24.526947 | S55: =(S53*100/$O$53)-100 -> 4.094944 | T55: =(T53*100/$O$53)-100 -> 8.0864872 | U55: =(U53*100/$O$53)-100 -> -40.672615 | V55: =(V53*100/$O$53)-100 -> -56.786606
A56: Normality test : p value | B56: =[1]!SWTEST(B28:B43) -> 0.26529446 | C56: =[1]!SWTEST(C28:C43) -> 0.017502554 | D56: =[1]!SWTEST(D28:D43) -> 0.00064297451 | E56: =[1]!SWTEST(E28:E43) -> 0.2910295 | F56: =[1]!SWTEST(F28:F43) -> 0.91405168 | G56: =[1]!SWTEST(G28:G43) -> 0.78265001 | H56: =[1]!SWTEST(H28:H43) -> 0.51081898 | I56: =[1]!SWTEST(I28:I43) -> 0.00062102928 | ... M56: =[1]!SWTEST(M28:M43) -> 0.48734945 | O56: =[1]!SWTEST(O28:O43) -> 0.23617526 | P56: =[1]!SWTEST(P28:P43) -> 0.11207927 | Q56: =[1]!SWTEST(Q28:Q43) -> 0.25514989 | R56: =[1]!SWTEST(R28:R43) -> 0.064935296 | S56: =[1]!SWTEST(S28:S43) -> 0.46470205 | T56: =[1]!SWTEST(T28:T43) -> 0.17870546 | U56: =[1]!SWTEST(U28:U43) -> 0.039298611 | V56: =[1]!SWTEST(V28:V43) -> 0.19282046
A57: Normality test : normal distibution? | B57: =IF(B56>0.05,"Oui","Non") -> Oui | C57: =IF(C56>0.05,"Oui","Non") -> Non | D57: =IF(D56>0.05,"Oui","Non") -> Non | E57: =IF(E56>0.05,"Oui","Non") -> Oui | F57: =IF(F56>0.05,"Oui","Non") -> Oui | G57: =IF(G56>0.05,"Oui","Non") -> Oui | H57: =IF(H56>0.05,"Oui","Non") -> Oui | I57: =IF(I56>0.05,"Oui","Non") -> Non | ... M57: =IF(M56>0.05,"Oui","Non") -> Oui | O57: =IF(O56>0.05,"Oui","Non") -> Oui | P57: =IF(P56>0.05,"Oui","Non") -> Oui | Q57: =IF(Q56>0.05,"Oui","Non") -> Oui | R57: =IF(R56>0.05,"Oui","Non") -> Oui | S57: =IF(S56>0.05,"Oui","Non") -> Oui | T57: =IF(T56>0.05,"Oui","Non") -> Oui | U57: =IF(U56>0.05,"Oui","Non") -> Non | V57: =IF(V56>0.05,"Oui","Non") -> Oui
A59: Statistical test used | C59: =IF($B57="Non",IF(C$57="Non","Mann Withney",IF(C$57="Oui","Mann Withney","")),IF($B$57="Oui",IF(C$57="Oui","T-Test Welch",IF(C$57="Non","Mann Withney","")))) -> Mann Withney | D59: =IF($B57="Non",IF(D$57="Non","Mann Withney",IF(D$57="Oui","Mann Withney","")),IF($B$57="Oui",IF(D$57="Oui","T-Test Welch",IF(D$57="Non","Mann Withney","")))) -> Mann Withney | E59: =IF($B57="Non",IF(E$57="Non","Mann Withney",IF(E$57="Oui","Mann Withney","")),IF($B$57="Oui",IF(E$57="Oui","T-Test Welch",IF(E$57="Non","Mann Withney","")))) -> T-Test Welch | F59: =IF($B57="Non",IF(F$57="Non","Mann Withney",IF(F$57="Oui","Mann Withney","")),IF($B$57="Oui",IF(F$57="Oui","T-Test Welch",IF(F$57="Non","Mann Withney","")))) -> T-Test Welch | G59: =IF($B57="Non",IF(G$57="Non","Mann Withney",IF(G$57="Oui","Mann Withney","")),IF($B$57="Oui",IF(G$57="Oui","T-Test Welch",IF(G$57="Non","Mann Withney","")))) -> T-Test Welch | H59: =IF($B57="Non",IF(H$57="Non","Mann Withney",IF(H$57="Oui","Mann Withney","")),IF($B$57="Oui",IF(H$57="Oui","T-Test Welch",IF(H$57="Non","Mann Withney","")))) -> T-Test Welch | I59: =IF($B57="Non",IF(I$57="Non","Mann Withney",IF(I$57="Oui","Mann Withney","")),IF($B$57="Oui",IF(I$57="Oui","T-Test Welch",IF(I$57="Non","Mann Withney","")))) -> Mann Withney | J59: =IF($B57="Non",IF(J$57="Non","Mann Withney",IF(J$57="Oui","Mann Withney","")),IF($B$57="Oui",IF(J$57="Oui","T-Test Welch",IF(J$57="Non","Mann Withney","")))) -> T-Test Welch | ... M59: =IF($B57="Non",IF(M$57="Non","Mann Withney",IF(M$57="Oui","Mann Withney","")),IF($B$57="Oui",IF(M$57="Oui","T-Test Welch",IF(M$57="Non","Mann Withney","")))) -> T-Test Welch | O59: =IF($B57="Non",IF(O$57="Non","Mann Withney",IF(O$57="Oui","Mann Withney","")),IF($B$57="Oui",IF(O$57="Oui","T-Test Welch",IF(O$57="Non","Mann Withney","")))) -> T-Test Welch | P59: =IF($O57="Non",IF(P$57="Non","Mann Withney",IF(P$57="Oui","Mann Withney","")),IF($O$57="Oui",IF(P$57="Oui","T-Test Welch",IF(P$57="Non","Mann Withney","")))) -> T-Test Welch | Q59: =IF($O57="Non",IF(Q$57="Non","Mann Withney",IF(Q$57="Oui","Mann Withney","")),IF($O$57="Oui",IF(Q$57="Oui","T-Test Welch",IF(Q$57="Non","Mann Withney","")))) -> T-Test Welch | R59: =IF($O57="Non",IF(R$57="Non","Mann Withney",IF(R$57="Oui","Mann Withney","")),IF($O$57="Oui",IF(R$57="Oui","T-Test Welch",IF(R$57="Non","Mann Withney","")))) -> T-Test Welch | S59: =IF($O57="Non",IF(S$57="Non","Mann Withney",IF(S$57="Oui","Mann Withney","")),IF($O$57="Oui",IF(S$57="Oui","T-Test Welch",IF(S$57="Non","Mann Withney","")))) -> T-Test Welch | T59: =IF($O57="Non",IF(T$57="Non","Mann Withney",IF(T$57="Oui","Mann Withney","")),IF($O$57="Oui",IF(T$57="Oui","T-Test Welch",IF(T$57="Non","Mann Withney","")))) -> T-Test Welch | U59: =IF($O57="Non",IF(U$57="Non","Mann Withney",IF(U$57="Oui","Mann Withney","")),IF($O$57="Oui",IF(U$57="Oui","T-Test Welch",IF(U$57="Non","Mann Withney","")))) -> Mann Withney | V59: =IF($O57="Non",IF(V$57="Non","Mann Withney",IF(V$57="Oui","Mann Withney","")),IF($O$57="Oui",IF(V$57="Oui","T-Test Welch",IF(V$57="Non","Mann Withney","")))) -> T-Test Welch
A60: Statistical test : p value | C60: =IF(C59="Mann Withney",[1]!MTEST($B28:$B43,C28:C43,2), IF(C59="T-Test Welch",_xlfn.T.TEST($B28:$B43,C28:C43,2,3),"")) -> 0.74939418 | D60: =IF(D59="Mann Withney",[1]!MTEST($B28:$B43,D28:D43,2), IF(D59="T-Test Welch",_xlfn.T.TEST($B28:$B43,D28:D43,2,3),"")) -> 0.0017451187 | E60: =IF(E59="Mann Withney",[1]!MTEST($B28:$B43,E28:E43,2), IF(E59="T-Test Welch",_xlfn.T.TEST($B28:$B43,E28:E43,2,3),"")) -> 0.023396544 | F60: =IF(F59="Mann Withney",[1]!MTEST($B28:$B43,F28:F43,2), IF(F59="T-Test Welch",_xlfn.T.TEST($B28:$B43,F28:F43,2,3),"")) -> 0.00028132523 | G60: =IF(G59="Mann Withney",[1]!MTEST($B28:$B43,G28:G43,2), IF(G59="T-Test Welch",_xlfn.T.TEST($B28:$B43,G28:G43,2,3),"")) -> 1.1241277e-05 | H60: =IF(H59="Mann Withney",[1]!MTEST($B28:$B43,H28:H43,2), IF(H59="T-Test Welch",_xlfn.T.TEST($B28:$B43,H28:H43,2,3),"")) -> 1.963808e-05 | I60: =IF(I59="Mann Withney",[1]!MTEST($B28:$B43,I28:I43,2), IF(I59="T-Test Welch",_xlfn.T.TEST($B28:$B43,I28:I43,2,3),"")) -> 0.65472085 | J60: =IF(J59="Mann Withney",[1]!MTEST($B28:$B43,J28:J43,2), IF(J59="T-Test Welch",_xlfn.T.TEST($B28:$B43,J28:J43,2,3),"")) -> 0.5266469 | ... M60: =IF(M59="Mann Withney",[1]!MTEST($B28:$B43,M28:M43,2), IF(M59="T-Test Welch",_xlfn.T.TEST($B28:$B43,M28:M43,2,3),"")) -> 0.64240241 | O60: =IF(O59="Mann Withney",[1]!MTEST($B28:$B43,O28:O43,2), IF(O59="T-Test Welch",_xlfn.T.TEST($B28:$B43,O28:O43,2,3),"")) -> 0.00014568601 | P60: =IF(P59="Mann Withney",[1]!MTEST($O28:$O43,P28:P43,2), IF(P59="T-Test Welch",_xlfn.T.TEST($O28:$O43,P28:P43,2,3),"")) -> 4.0765147e-05 | Q60: =IF(Q59="Mann Withney",[1]!MTEST($O28:$O43,Q28:Q43,2), IF(Q59="T-Test Welch",_xlfn.T.TEST($O28:$O43,Q28:Q43,2,3),"")) -> 0.00010391174 | R60: =IF(R59="Mann Withney",[1]!MTEST($O28:$O43,R28:R43,2), IF(R59="T-Test Welch",_xlfn.T.TEST($O28:$O43,R28:R43,2,3),"")) -> 0.3642675 | S60: =IF(S59="Mann Withney",[1]!MTEST($O28:$O43,S28:S43,2), IF(S59="T-Test Welch",_xlfn.T.TEST($O28:$O43,S28:S43,2,3),"")) -> 0.88108157 | T60: =IF(T59="Mann Withney",[1]!MTEST($O28:$O43,T28:T43,2), IF(T59="T-Test Welch",_xlfn.T.TEST($O28:$O43,T28:T43,2,3),"")) -> 0.72104757 | U60: =IF(U59="Mann Withney",[1]!MTEST($O28:$O43,U28:U43,2), IF(U59="T-Test Welch",_xlfn.T.TEST($O28:$O43,U28:U43,2,3),"")) -> 0.15177223 | V60: =IF(V59="Mann Withney",[1]!MTEST($O28:$O43,V28:V43,2), IF(V59="T-Test Welch",_xlfn.T.TEST($O28:$O43,V28:V43,2,3),"")) -> 0.014404081
A61: Annotation | C61: =IF(C60>0.05,"NS",IF(C60>0.01,"*",IF(C60>0.001,"**","***"))) -> NS | D61: =IF(D60>0.05,"NS",IF(D60>0.01,"*",IF(D60>0.001,"**","***"))) -> ** | E61: =IF(E60>0.05,"NS",IF(E60>0.01,"*",IF(E60>0.001,"**","***"))) -> * | F61: =IF(F60>0.05,"NS",IF(F60>0.01,"*",IF(F60>0.001,"**","***"))) -> *** | G61: =IF(G60>0.05,"NS",IF(G60>0.01,"*",IF(G60>0.001,"**","***"))) -> *** | H61: =IF(H60>0.05,"NS",IF(H60>0.01,"*",IF(H60>0.001,"**","***"))) -> *** | I61: =IF(I60>0.05,"NS",IF(I60>0.01,"*",IF(I60>0.001,"**","***"))) -> NS | J61: =IF(J60>0.05,"NS",IF(J60>0.01,"*",IF(J60>0.001,"**","***"))) -> NS | ... M61: =IF(M60>0.05,"NS",IF(M60>0.01,"*",IF(M60>0.001,"**","***"))) -> NS | O61: =IF(O60>0.05,"NS",IF(O60>0.01,"*",IF(O60>0.001,"**","***"))) -> *** | P61: =IF(P60>0.05,"NS",IF(P60>0.01,"*",IF(P60>0.001,"**","***"))) -> *** | Q61: =IF(Q60>0.05,"NS",IF(Q60>0.01,"*",IF(Q60>0.001,"**","***"))) -> *** | R61: =IF(R60>0.05,"NS",IF(R60>0.01,"*",IF(R60>0.001,"**","***"))) -> NS | S61: =IF(S60>0.05,"NS",IF(S60>0.01,"*",IF(S60>0.001,"**","***"))) -> NS | T61: =IF(T60>0.05,"NS",IF(T60>0.01,"*",IF(T60>0.001,"**","***"))) -> NS | U61: =IF(U60>0.05,"NS",IF(U60>0.01,"*",IF(U60>0.001,"**","***"))) -> NS | V61: =IF(V60>0.05,"NS",IF(V60>0.01,"*",IF(V60>0.001,"**","***"))) -> *

Sheet R2
A3: R2 | B3: Unspiked | O3: Testosterone spiked
A4: Group names | B4: ='Front page'!A7 -> Solvent control | C4: ='Front page'!A8 -> EE2-33.8ng/L | D4: ='Front page'!A9 -> EE2-50.6ng/L | E4: ='Front page'!A10 -> EE2-76ng/L | F4: ='Front page'!A11 -> EE2-114ng/L | G4: ='Front page'!A12 -> EE2-170.9ng/L | H4: ='Front page'!A13 -> EE2-488ng/L | I4: ='Front page'!A14 -> Amantadine-0.001mg/L | J4: ='Front page'!A15 -> Amantadine-0.01mg/L | K4: ='Front page'!A16 -> Amantadine-0.1mg/L | L4: ='Front page'!A17 -> Amantadine-1mg/L | M4: ='Front page'!A18 -> Amantadine-10mg/L | O4: ='Front page'!A35 -> Testo -30µg/L | P4: ='Front page'!A36 -> Testo 30µg/L + EE2 -64ng/L | Q4: ='Front page'!A37 -> Testo 30µg/L + FAD-10mg/L | R4: ='Front page'!A38 -> Amantadine-0.001mg/L + Testostérone | S4: ='Front page'!A39 -> Amantadine-0.01mg/L + Testostérone | T4: ='Front page'!A40 -> Amantadine-0.1mg/L + Testostérone | U4: ='Front page'!A41 -> Amantadine-1mg/L + Testostérone | V4: ='Front page'!A42 -> Amantadine-10mg/L + Testostérone
A5: Raw data | B5: 305217 | C5: 58590 | D5: 95889 | E5: 3564799 | F5: 1183619 | G5: 4632668 | H5: 4381135 | I5: 37495 | J5: 56402 | K5: 1847345 | L5: 421683 | M5: 22840 | O5: 4057873 | P5: 6265745 | Q5: 118416 | R5: 156193 | S5: 1619929 | T5: 245507 | U5: 2500297 | V5: 5540342
B6: 26943 | C6: 803685 | D6: 1364889 | E6: 1570998 | F6: 9359684 | G6: 6058316 | H6: 6003363 | I6: 537998 | J6: 156553 | K6: 2388856 | L6: 68220 | M6: 224821 | O6: 5299284 | P6: 7834906 | Q6: 70832 | R6: 2584028 | S6: 2280913 | T6: 2846782 | U6: 4725543 | V6: 5194749
B7: 544707 | C7: 260148 | D7: 267311 | E7: 1022016 | F7: 6028957 | G7: 2730310 | H7: 10312751 | I7: 49266 | J7: 19706 | K7: 1276951 | L7: 13422 | M7: 120817 | O7: 4340526 | P7: 6122385 | Q7: 203420 | R7: 3147089 | S7: 137082 | T7: 1329787 | U7: 3669618 | V7: 3418535
B8: 1147853 | C8: 26991 | D8: 5725054 | E8: 3830520 | F8: 3080965 | G8: 4479328 | H8: 6819276 | I8: 62764 | J8: 468233 | L8: 522435 | M8: 313120 | O8: 3613929 | P8: 7044763 | Q8: 330439 | R8: 2346546 | S8: 4192672 | T8: 594810 | U8: 829961 | V8: 4029363
B9: 67656 | C9: 98975 | D9: 131205 | E9: 393420 | F9: 2434121 | G9: 4946377 | H9: 11599237 | I9: 42299 | J9: 652245 | L9: 128466 | M9: 273395 | O9: 3124823 | P9: 8078230 | Q9: 44878 | R9: 1254344 | S9: 2757066 | T9: 1224659 | U9: 2343259 | V9: 4419984
B10: 566626 | C10: 148075 | D10: 197768 | E10: 523581 | F10: 2879141 | G10: 4386312 | H10: 5877475 | I10: 127868 | J10: 34504 | L10: 113106 | M10: 35388 | O10: 4113260 | P10: 7807673 | Q10: 387437 | R10: 2702328 | S10: 2806794 | T10: 1740228 | U10: 3647649 | V10: 6942896
B11: 248673 | C11: 90741 | D11: 156354 | E11: 1647190 | F11: 818764 | G11: 5666062 | H11: 6872517 | I11: 426418 | J11: 55427 | L11: 49081 | M11: 281761 | O11: 1382800 | P11: 10322436 | Q11: 90708 | R11: 428864 | S11: 2384132 | T11: 2533741 | U11: 4462821 | V11: 2668519
B12: 71293 | C12: 389287 | D12: 69827 | E12: 1270264 | F12: 6472030 | G12: 2731667 | H12: 9989392 | I12: 22195 | J12: 80679 | L12: 186243 | M12: 321919 | O12: 4220841 | P12: 7771367 | Q12: 516219 | R12: 3245205 | S12: 4249879 | T12: 4963 | U12: 2603469 | V12: 4175698
O13: 1898306
O14: 4872254
O15: 3383261
O16: 3712936
O17: 3079447
O18: 2169490
O19: 4834729
O20: 257941
A22: =A4 -> Group names | B22: =B4 -> Solvent control | C22: =C4 -> EE2-33.8ng/L | D22: =D4 -> EE2-50.6ng/L | E22: =E4 -> EE2-76ng/L | F22: =F4 -> EE2-114ng/L | G22: =G4 -> EE2-170.9ng/L | H22: =H4 -> EE2-488ng/L | ... M22: =M4 -> Amantadine-10mg/L | N22: Noms des groupes | O22: =O4 -> Testo -30µg/L | P22: =P4 -> Testo 30µg/L + EE2 -64ng/L | Q22: =Q4 -> Testo 30µg/L + FAD-10mg/L | R22: =R4 -> Amantadine-0.001mg/L + Testostérone | S22: =S4 -> Amantadine-0.01mg/L + Testostérone | T22: =T4 -> Amantadine-0.1mg/L + Testostérone | U22: =U4 -> Amantadine-1mg/L + Testostérone | V22: =V4 -> Amantadine-10mg/L + Testostérone
A23: mean | B23: =AVERAGE(B5:B20) -> 372371 | C23: =AVERAGE(C5:C20) -> 234561.5 | D23: =AVERAGE(D5:D20) -> 1001037.1 | E23: =AVERAGE(E5:E20) -> 1727848.5 | F23: =AVERAGE(F5:F20) -> 4032160.1 | G23: =AVERAGE(G5:G20) -> 4453880 | H23: =AVERAGE(H5:H20) -> 7731893.2 | I23: =AVERAGE(I5:I20) -> 163287.88 | J23: =AVERAGE(J5:J20) -> 190468.62 | L23: =AVERAGE(L5:L20) -> 187832 | N23: mean | O23: =AVERAGE(O5:O20) -> 3397606.2 | P23: =AVERAGE(P5:P20) -> 7655938.1 | Q23: =AVERAGE(Q5:Q20) -> 220293.62 | R23: =AVERAGE(R5:R20) -> 1983074.6 | S23: =AVERAGE(S5:S20) -> 2553558.4 | T23: =AVERAGE(T5:T20) -> 1315059.6 | U23: =AVERAGE(U5:U20) -> 3097827.1 | V23: =AVERAGE(V5:V20) -> 4548760.8
A24: SD | B24: =STDEV(B5:B20) -> 376342.85 | C24: =STDEV(C5:C20) -> 258869.97 | D24: =STDEV(D5:D20) -> 1956266.9 | E24: =STDEV(E5:E20) -> 1296438.3 | F24: =STDEV(F5:F20) -> 2965292.8 | G24: =STDEV(G5:G20) -> 1210669.4 | H24: =STDEV(H5:H20) -> 2561783.3 | I24: =STDEV(I5:I20) -> 201556.48 | J24: =STDEV(J5:J20) -> 237032.08 | L24: =STDEV(L5:L20) -> 185061.38 | N24: SD | O24: =STDEV(O5:O20) -> 1375170.2 | P24: =STDEV(P5:P20) -> 1310118.6 | Q24: =STDEV(Q5:Q20) -> 172463.81 | R24: =STDEV(R5:R20) -> 1209639.8 | S24: =STDEV(S5:S20) -> 1335440.2 | T24: =STDEV(T5:T20) -> 1028144.7 | U24: =STDEV(U5:U20) -> 1279282.1 | V24: =STDEV(V5:V20) -> 1329375.3
B26: Unspiked | O26: Testosterone spiked
A27: =A4 -> Group names | B27: =B4 -> Solvent control | C27: =C4 -> EE2-33.8ng/L | D27: =D4 -> EE2-50.6ng/L | E27: =E4 -> EE2-76ng/L | F27: =F4 -> EE2-114ng/L | G27: =G4 -> EE2-170.9ng/L | H27: =H4 -> EE2-488ng/L | ... M27: =M4 -> Amantadine-10mg/L | O27: =O4 -> Testo -30µg/L | P27: =P4 -> Testo 30µg/L + EE2 -64ng/L | Q27: =Q4 -> Testo 30µg/L + FAD-10mg/L | R27: =R4 -> Amantadine-0.001mg/L + Testostérone | S27: =S4 -> Amantadine-0.01mg/L + Testostérone | T27: =T4 -> Amantadine-0.1mg/L + Testostérone | U27: =U4 -> Amantadine-1mg/L + Testostérone | V27: =V4 -> Amantadine-10mg/L + Testostérone
A28: Data normalised to the "Testo" group | B28: =IF(B5="","",(B5/$O$23)) -> 0.089832952 | C28: =IF(C5="","",(C5/$O$23)) -> 0.017244494 | D28: =IF(D5="","",(D5/$O$23)) -> 0.028222517 | E28: =IF(E5="","",(E5/$O$23)) -> 1.049209 | F28: =IF(F5="","",(F5/$O$23)) -> 0.3483685 | G28: =IF(G5="","",(G5/$O$23)) -> 1.3635094 | H28: =IF(H5="","",(H5/$O$23)) -> 1.289477 | I28: =IF(I5="","",(I5/$O$23)) -> 0.011035711 | ... M28: =IF(M5="","",(M5/$O$23)) -> 0.0067223799 | O28: =IF(O5="","",(O5/$O$23)) -> 1.1943329 | P28: =IF(P5="","",(P5/$O$23)) -> 1.8441645 | Q28: =IF(Q5="","",(Q5/$O$23)) -> 0.034852773 | R28: =IF(R5="","",(R5/$O$23)) -> 0.045971484 | S28: =IF(S5="","",(S5/$O$23)) -> 0.47678538 | T28: =IF(T5="","",(T5/$O$23)) -> 0.072258815 | U28: =IF(U5="","",(U5/$O$23)) -> 0.73589958 | V28: =IF(V5="","",(V5/$O$23)) -> 1.6306604
B29: =IF(B6="","",(B6/$O$23)) -> 0.0079299948 | C29: =IF(C6="","",(C6/$O$23)) -> 0.23654448 | D29: =IF(D6="","",(D6/$O$23)) -> 0.40172077 | E29: =IF(E6="","",(E6/$O$23)) -> 0.46238377 | F29: =IF(F6="","",(F6/$O$23)) -> 2.7547877 | G29: =IF(G6="","",(G6/$O$23)) -> 1.783113 | H29: =IF(H6="","",(H6/$O$23)) -> 1.766939 | I29: =IF(I6="","",(I6/$O$23)) -> 0.15834619 | ... M29: =IF(M6="","",(M6/$O$23)) -> 0.06617041 | O29: =IF(O6="","",(O6/$O$23)) -> 1.559711 | P29: =IF(P6="","",(P6/$O$23)) -> 2.3060076 | Q29: =IF(Q6="","",(Q6/$O$23)) -> 0.020847619 | R29: =IF(R6="","",(R6/$O$23)) -> 0.76054369 | S29: =IF(S6="","",(S6/$O$23)) -> 0.67132941 | T29: =IF(T6="","",(T6/$O$23)) -> 0.83787873 | U29: =IF(U6="","",(U6/$O$23)) -> 1.3908448 | V29: =IF(V6="","",(V6/$O$23)) -> 1.5289438
B30: =IF(B7="","",(B7/$O$23)) -> 0.16032081 | C30: =IF(C7="","",(C7/$O$23)) -> 0.076568025 | D30: =IF(D7="","",(D7/$O$23)) -> 0.078676274 | E30: =IF(E7="","",(E7/$O$23)) -> 0.30080472 | F30: =IF(F7="","",(F7/$O$23)) -> 1.774472 | G30: =IF(G7="","",(G7/$O$23)) -> 0.80359812 | H30: =IF(H7="","",(H7/$O$23)) -> 3.035299 | I30: =IF(I7="","",(I7/$O$23)) -> 0.014500209 | ... M30: =IF(M7="","",(M7/$O$23)) -> 0.035559447 | O30: =IF(O7="","",(O7/$O$23)) -> 1.2775247 | P30: =IF(P7="","",(P7/$O$23)) -> 1.8019701 | Q30: =IF(Q7="","",(Q7/$O$23)) -> 0.059871564 | R30: =IF(R7="","",(R7/$O$23)) -> 0.92626654 | S30: =IF(S7="","",(S7/$O$23)) -> 0.040346641 | T30: =IF(T7="","",(T7/$O$23)) -> 0.39138938 | U30: =IF(U7="","",(U7/$O$23)) -> 1.0800598 | V30: =IF(V7="","",(V7/$O$23)) -> 1.0061599
B31: =IF(B8="","",(B8/$O$23)) -> 0.33784168 | C31: =IF(C8="","",(C8/$O$23)) -> 0.0079441224 | D31: =IF(D8="","",(D8/$O$23)) -> 1.6850257 | E31: =IF(E8="","",(E8/$O$23)) -> 1.1274173 | F31: =IF(F8="","",(F8/$O$23)) -> 0.90680461 | G31: =IF(G8="","",(G8/$O$23)) -> 1.3183776 | H31: =IF(H8="","",(H8/$O$23)) -> 2.0070825 | I31: =IF(I8="","",(I8/$O$23)) -> 0.018473006 | ... M31: =IF(M8="","",(M8/$O$23)) -> 0.092159002 | O31: =IF(O8="","",(O8/$O$23)) -> 1.0636692 | P31: =IF(P8="","",(P8/$O$23)) -> 2.0734489 | Q31: =IF(Q8="","",(Q8/$O$23)) -> 0.097256414 | R31: =IF(R8="","",(R8/$O$23)) -> 0.69064683 | S31: =IF(S8="","",(S8/$O$23)) -> 1.2340076 | T31: =IF(T8="","",(T8/$O$23)) -> 0.17506737 | U31: =IF(U8="","",(U8/$O$23)) -> 0.24427816 | V31: =IF(V8="","",(V8/$O$23)) -> 1.1859417
B32: =IF(B9="","",(B9/$O$23)) -> 0.019912843 | C32: =IF(C9="","",(C9/$O$23)) -> 0.029130803 | D32: =IF(D9="","",(D9/$O$23)) -> 0.038616894 | E32: =IF(E9="","",(E9/$O$23)) -> 0.11579329 | F32: =IF(F9="","",(F9/$O$23)) -> 0.71642233 | G32: =IF(G9="","",(G9/$O$23)) -> 1.4558417 | H32: =IF(H9="","",(H9/$O$23)) -> 3.4139439 | I32: =IF(I9="","",(I9/$O$23)) -> 0.012449647 | ... M32: =IF(M9="","",(M9/$O$23)) -> 0.080466946 | O32: =IF(O9="","",(O9/$O$23)) -> 0.91971311 | P32: =IF(P9="","",(P9/$O$23)) -> 2.377624 | Q32: =IF(Q9="","",(Q9/$O$23)) -> 0.013208711 | R32: =IF(R9="","",(R9/$O$23)) -> 0.36918463 | S32: =IF(S9="","",(S9/$O$23)) -> 0.81147308 | T32: =IF(T9="","",(T9/$O$23)) -> 0.36044759 | U32: =IF(U9="","",(U9/$O$23)) -> 0.68967939 | V32: =IF(V9="","",(V9/$O$23)) -> 1.3009112
B33: =IF(B10="","",(B10/$O$23)) -> 0.16677212 | C33: =IF(C10="","",(C10/$O$23)) -> 0.043582154 | D33: =IF(D10="","",(D10/$O$23)) -> 0.05820804 | E33: =IF(E10="","",(E10/$O$23)) -> 0.15410291 | F33: =IF(F10="","",(F10/$O$23)) -> 0.84740279 | G33: =IF(G10="","",(G10/$O$23)) -> 1.2910007 | H33: =IF(H10="","",(H10/$O$23)) -> 1.729887 | I33: =IF(I10="","",(I10/$O$23)) -> 0.037634732 | ... M33: =IF(M10="","",(M10/$O$23)) -> 0.010415568 | O33: =IF(O10="","",(O10/$O$23)) -> 1.2106347 | P33: =IF(P10="","",(P10/$O$23)) -> 2.2979923 | Q33: =IF(Q10="","",(Q10/$O$23)) -> 0.11403234 | R33: =IF(R10="","",(R10/$O$23)) -> 0.79536232 | S33: =IF(S10="","",(S10/$O$23)) -> 0.82610926 | T33: =IF(T10="","",(T10/$O$23)) -> 0.51219237 | U33: =IF(U10="","",(U10/$O$23)) -> 1.0735938 | V33: =IF(V10="","",(V10/$O$23)) -> 2.0434669
B34: =IF(B11="","",(B11/$O$23)) -> 0.073190647 | C34: =IF(C11="","",(C11/$O$23)) -> 0.026707333 | D34: =IF(D11="","",(D11/$O$23)) -> 0.04601887 | E34: =IF(E11="","",(E11/$O$23)) -> 0.48480897 | F34: =IF(F11="","",(F11/$O$23)) -> 0.2409826 | G34: =IF(G11="","",(G11/$O$23)) -> 1.6676629 | H34: =IF(H11="","",(H11/$O$23)) -> 2.0227526 | I34: =IF(I11="","",(I11/$O$23)) -> 0.12550542 | ... M34: =IF(M11="","",(M11/$O$23)) -> 0.082929268 | O34: =IF(O11="","",(O11/$O$23)) -> 0.40699242 | P34: =IF(P11="","",(P11/$O$23)) -> 3.0381496 | Q34: =IF(Q11="","",(Q11/$O$23)) -> 0.02669762 | R34: =IF(R11="","",(R11/$O$23)) -> 0.12622534 | S34: =IF(S11="","",(S11/$O$23)) -> 0.70170933 | T34: =IF(T11="","",(T11/$O$23)) -> 0.74574298 | U34: =IF(U11="","",(U11/$O$23)) -> 1.3135192 | V34: =IF(V11="","",(V11/$O$23)) -> 0.78541149
B35: =IF(B12="","",(B12/$O$23)) -> 0.020983303 | C35: =IF(C12="","",(C12/$O$23)) -> 0.11457684 | D35: =IF(D12="","",(D12/$O$23)) -> 0.020551822 | E35: =IF(E12="","",(E12/$O$23)) -> 0.37387028 | F35: =IF(F12="","",(F12/$O$23)) -> 1.9048794 | G35: =IF(G12="","",(G12/$O$23)) -> 0.80399752 | H35: =IF(H12="","",(H12/$O$23)) -> 2.9401264 | I35: =IF(I12="","",(I12/$O$23)) -> 0.0065325404 | ... M35: =IF(M12="","",(M12/$O$23)) -> 0.094748766 | O35: =IF(O12="","",(O12/$O$23)) -> 1.2422985 | P35: =IF(P12="","",(P12/$O$23)) -> 2.2873065 | Q35: =IF(Q12="","",(Q12/$O$23)) -> 0.15193609 | R35: =IF(R12="","",(R12/$O$23)) -> 0.95514452 | S35: =IF(S12="","",(S12/$O$23)) -> 1.2508451 | T35: =IF(T12="","",(T12/$O$23)) -> 0.0014607343 | U35: =IF(U12="","",(U12/$O$23)) -> 0.76626566 | V35: =IF(V12="","",(V12/$O$23)) -> 1.2290117
B36: =IF(B13="","",(B13/$O$23)) | C36: =IF(C13="","",(C13/$O$23)) | D36: =IF(D13="","",(D13/$O$23)) | E36: =IF(E13="","",(E13/$O$23)) | F36: =IF(F13="","",(F13/$O$23)) | G36: =IF(G13="","",(G13/$O$23)) | H36: =IF(H13="","",(H13/$O$23)) | I36: =IF(I13="","",(I13/$O$23)) | ... M36: =IF(M13="","",(M13/$O$23)) | O36: =IF(O13="","",(O13/$O$23)) -> 0.55871866 | P36: =IF(P13="","",(P13/$O$23)) | Q36: =IF(Q13="","",(Q13/$O$23)) | R36: =IF(R13="","",(R13/$O$23)) | S36: =IF(S13="","",(S13/$O$23)) | T36: =IF(T13="","",(T13/$O$23)) | U36: =IF(U13="","",(U13/$O$23)) | V36: =IF(V13="","",(V13/$O$23))
B37: =IF(B14="","",(B14/$O$23)) | C37: =IF(C14="","",(C14/$O$23)) | D37: =IF(D14="","",(D14/$O$23)) | E37: =IF(E14="","",(E14/$O$23)) | F37: =IF(F14="","",(F14/$O$23)) | G37: =IF(G14="","",(G14/$O$23)) | H37: =IF(H14="","",(H14/$O$23)) | I37: =IF(I14="","",(I14/$O$23)) | ... M37: =IF(M14="","",(M14/$O$23)) | O37: =IF(O14="","",(O14/$O$23)) -> 1.4340255 | P37: =IF(P14="","",(P14/$O$23)) | Q37: =IF(Q14="","",(Q14/$O$23)) | R37: =IF(R14="","",(R14/$O$23)) | S37: =IF(S14="","",(S14/$O$23)) | T37: =IF(T14="","",(T14/$O$23)) | U37: =IF(U14="","",(U14/$O$23)) | V37: =IF(V14="","",(V14/$O$23))
B38: =IF(B15="","",(B15/$O$23)) | C38: =IF(C15="","",(C15/$O$23)) | D38: =IF(D15="","",(D15/$O$23)) | E38: =IF(E15="","",(E15/$O$23)) | F38: =IF(F15="","",(F15/$O$23)) | G38: =IF(G15="","",(G15/$O$23)) | H38: =IF(H15="","",(H15/$O$23)) | I38: =IF(I15="","",(I15/$O$23)) | ... M38: =IF(M15="","",(M15/$O$23)) | O38: =IF(O15="","",(O15/$O$23)) -> 0.99577784 | P38: =IF(P15="","",(P15/$O$23)) | Q38: =IF(Q15="","",(Q15/$O$23)) | R38: =IF(R15="","",(R15/$O$23)) | S38: =IF(S15="","",(S15/$O$23)) | T38: =IF(T15="","",(T15/$O$23)) | U38: =IF(U15="","",(U15/$O$23)) | V38: =IF(V15="","",(V15/$O$23))
B39: =IF(B16="","",(B16/$O$23)) | C39: =IF(C16="","",(C16/$O$23)) | D39: =IF(D16="","",(D16/$O$23)) | E39: =IF(E16="","",(E16/$O$23)) | F39: =IF(F16="","",(F16/$O$23)) | G39: =IF(G16="","",(G16/$O$23)) | H39: =IF(H16="","",(H16/$O$23)) | I39: =IF(I16="","",(I16/$O$23)) | ... M39: =IF(M16="","",(M16/$O$23)) | O39: =IF(O16="","",(O16/$O$23)) -> 1.0928094 | P39: =IF(P16="","",(P16/$O$23)) | Q39: =IF(Q16="","",(Q16/$O$23)) | R39: =IF(R16="","",(R16/$O$23)) | S39: =IF(S16="","",(S16/$O$23)) | T39: =IF(T16="","",(T16/$O$23)) | U39: =IF(U16="","",(U16/$O$23)) | V39: =IF(V16="","",(V16/$O$23))
B40: =IF(B17="","",(B17/$O$23)) | C40: =IF(C17="","",(C17/$O$23)) | D40: =IF(D17="","",(D17/$O$23)) | E40: =IF(E17="","",(E17/$O$23)) | F40: =IF(F17="","",(F17/$O$23)) | G40: =IF(G17="","",(G17/$O$23)) | H40: =IF(H17="","",(H17/$O$23)) | I40: =IF(I17="","",(I17/$O$23)) | ... M40: =IF(M17="","",(M17/$O$23)) | O40: =IF(O17="","",(O17/$O$23)) -> 0.90635782 | P40: =IF(P17="","",(P17/$O$23)) | Q40: =IF(Q17="","",(Q17/$O$23)) | R40: =IF(R17="","",(R17/$O$23)) | S40: =IF(S17="","",(S17/$O$23)) | T40: =IF(T17="","",(T17/$O$23)) | U40: =IF(U17="","",(U17/$O$23)) | V40: =IF(V17="","",(V17/$O$23))
... B43: =IF(B20="","",(B20/$O$23)) | C43: =IF(C20="","",(C20/$O$23)) | D43: =IF(D20="","",(D20/$O$23)) | E43: =IF(E20="","",(E20/$O$23)) | F43: =IF(F20="","",(F20/$O$23)) | G43: =IF(G20="","",(G20/$O$23)) | H43: =IF(H20="","",(H20/$O$23)) | I43: =IF(I20="","",(I20/$O$23)) | ... M43: =IF(M20="","",(M20/$O$23)) | O43: =IF(O20="","",(O20/$O$23)) -> 0.07591845 | P43: =IF(P20="","",(P20/$O$23)) | Q43: =IF(Q20="","",(Q20/$O$23)) | R43: =IF(R20="","",(R20/$O$23)) | S43: =IF(S20="","",(S20/$O$23)) | T43: =IF(T20="","",(T20/$O$23)) | U43: =IF(U20="","",(U20/$O$23)) | V43: =IF(V20="","",(V20/$O$23))
A45: =A4 -> Group names | B45: =B4 -> Solvent control | C45: =C4 -> EE2-33.8ng/L | D45: =D4 -> EE2-50.6ng/L | E45: =E4 -> EE2-76ng/L | F45: =F4 -> EE2-114ng/L | G45: =G4 -> EE2-170.9ng/L | H45: =H4 -> EE2-488ng/L | ... M45: =M4 -> Amantadine-10mg/L | O45: =O4 -> Testo -30µg/L | P45: =P4 -> Testo 30µg/L + EE2 -64ng/L | Q45: =Q4 -> Testo 30µg/L + FAD-10mg/L | R45: =R4 -> Amantadine-0.001mg/L + Testostérone | S45: =S4 -> Amantadine-0.01mg/L + Testostérone | T45: =T4 -> Amantadine-0.1mg/L + Testostérone | U45: =U4 -> Amantadine-1mg/L + Testostérone | V45: =V4 -> Amantadine-10mg/L + Testostérone
A46: mean | B46: =AVERAGE(B28:B43) -> 0.10959804 | C46: =AVERAGE(C28:C43) -> 0.069037282 | D46: =AVERAGE(D28:D43) -> 0.29463012 | E46: =AVERAGE(E28:E43) -> 0.50854878 | F46: =AVERAGE(F28:F43) -> 1.186765 | G46: =AVERAGE(G28:G43) -> 1.3108876 | H46: =AVERAGE(H28:H43) -> 2.2756884 | I46: =AVERAGE(I28:I43) -> 0.048059682 | ... M46: =AVERAGE(M28:M43) -> 0.058646474 | N46: mean | O46: =AVERAGE(O28:O43) -> 1 | P46: =AVERAGE(P28:P43) -> 2.253333 | Q46: =AVERAGE(Q28:Q43) -> 0.064837891 | R46: =AVERAGE(R28:R43) -> 0.58366817 | S46: =AVERAGE(S28:S43) -> 0.75157572 | T46: =AVERAGE(T28:T43) -> 0.38705475 | U46: =AVERAGE(U28:U43) -> 0.91176755 | V46: =AVERAGE(V28:V43) -> 1.3388134
A47: SD | B47: =STDEV(B28:B43) -> 0.11076706 | C47: =STDEV(C28:C43) -> 0.07619187 | D47: =STDEV(D28:D43) -> 0.575778 | E47: =STDEV(E28:E43) -> 0.38157402 | F47: =STDEV(F28:F43) -> 0.8727594 | G47: =STDEV(G28:G43) -> 0.35633011 | H47: =STDEV(H28:H43) -> 0.75399654 | I47: =STDEV(I28:I43) -> 0.059323083 | ... M47: =STDEV(M28:M43) -> 0.036063841 | N47: SD | O47: =STDEV(O28:O43) -> 0.40474677 | P47: =STDEV(P28:P43) -> 0.38560048 | Q47: =STDEV(Q28:Q43) -> 0.050760388 | R47: =STDEV(R28:R43) -> 0.35602708 | S47: =STDEV(S28:S43) -> 0.39305325 | T47: =STDEV(T28:T43) -> 0.30260855 | U47: =STDEV(U28:U43) -> 0.37652452 | V47: =STDEV(V28:V43) -> 0.3912682
A48: SEM | B48: =B47/SQRT(COUNT(B28:B43)) -> 0.039162069 | C48: =C47/SQRT(COUNT(C28:C43)) -> 0.026937894 | D48: =D47/SQRT(COUNT(D28:D43)) -> 0.20356826 | E48: =E47/SQRT(COUNT(E28:E43)) -> 0.13490679 | F48: =F47/SQRT(COUNT(F28:F43)) -> 0.30856704 | G48: =G47/SQRT(COUNT(G28:G43)) -> 0.12598172 | H48: =H47/SQRT(COUNT(H28:H43)) -> 0.26657803 | I48: =I47/SQRT(COUNT(I28:I43)) -> 0.020973877 | ... M48: =M47/SQRT(COUNT(M28:M43)) -> 0.012750493 | N48: SEM | O48: =O47/SQRT(COUNT(O28:O43)) -> 0.10118669 | P48: =P47/SQRT(COUNT(P28:P43)) -> 0.13633036 | Q48: =Q47/SQRT(COUNT(Q28:Q43)) -> 0.017946507 | R48: =R47/SQRT(COUNT(R28:R43)) -> 0.12587458 | S48: =S47/SQRT(COUNT(S28:S43)) -> 0.13896531 | T48: =T47/SQRT(COUNT(T28:T43)) -> 0.10698828 | U48: =U47/SQRT(COUNT(U28:U43)) -> 0.13312152 | V48: =V47/SQRT(COUNT(V28:V43)) -> 0.1383342
A52: =A27 -> Group names | B52: =B27 -> Solvent control | C52: =C27 -> EE2-33.8ng/L | D52: =D27 -> EE2-50.6ng/L | E52: =E27 -> EE2-76ng/L | F52: =F27 -> EE2-114ng/L | G52: =G27 -> EE2-170.9ng/L | H52: =H27 -> EE2-488ng/L | I52: =I4 -> Amantadine-0.001mg/L | J52: =J4 -> Amantadine-0.01mg/L | K52: =K4 -> Amantadine-0.1mg/L | L52: =L4 -> Amantadine-1mg/L | M52: =M4 -> Amantadine-10mg/L | O52: =O27 -> Testo -30µg/L | P52: =P27 -> Testo 30µg/L + EE2 -64ng/L | Q52: =Q27 -> Testo 30µg/L + FAD-10mg/L | R52: =R27 -> Amantadine-0.001mg/L + Testostérone | S52: =S27 -> Amantadine-0.01mg/L + Testostérone | T52: =T27 -> Amantadine-0.1mg/L + Testostérone | U52: =U27 -> Amantadine-1mg/L + Testostérone | V52: =V27 -> Amantadine-10mg/L + Testostérone
A53: Mean | B53: =B46 -> 0.10959804 | C53: =C46 -> 0.069037282 | D53: =D46 -> 0.29463012 | E53: =E46 -> 0.50854878 | F53: =F46 -> 1.186765 | G53: =G46 -> 1.3108876 | H53: =H46 -> 2.2756884 | I53: =I46 -> 0.048059682 | ... M53: =M46 -> 0.058646474 | O53: =O46 -> 1 | P53: =P46 -> 2.253333 | Q53: =Q46 -> 0.064837891 | R53: =R46 -> 0.58366817 | S53: =S46 -> 0.75157572 | T53: =T46 -> 0.38705475 | U53: =U46 -> 0.91176755 | V53: =V46 -> 1.3388134
A54: SEM | B54: =B48 -> 0.039162069 | C54: =C48 -> 0.026937894 | D54: =D48 -> 0.20356826 | E54: =E48 -> 0.13490679 | F54: =F48 -> 0.30856704 | G54: =G48 -> 0.12598172 | H54: =H48 -> 0.26657803 | I54: =I48 -> 0.020973877 | ... M54: =M48 -> 0.012750493 | O54: =O48 -> 0.10118669 | P54: =P48 -> 0.13633036 | Q54: =Q48 -> 0.017946507 | R54: =R48 -> 0.12587458 | S54: =S48 -> 0.13896531 | T54: =T48 -> 0.10698828 | U54: =U48 -> 0.13312152 | V54: =V48 -> 0.1383342
A55: % induction | B55: =(B53*100/$B53)-100 -> 0 | C55: =(C53*100/$B53)-100 -> -37.008655 | D55: =(D53*100/$B53)-100 -> 168.8279 | E55: =(E53*100/$B53)-100 -> 364.01264 | F55: =(F53*100/$B53)-100 -> 982.83409 | G55: =(G53*100/$B53)-100 -> 1096.0867 | H55: =(H53*100/$B53)-100 -> 1976.3951 | I55: =(I53*100/$B53)-100 -> -56.149143 | ... M55: =(M53*100/$B53)-100 -> -46.489489 | O55: =(O53*100/$O53)-100 -> 0 | P55: =(P53*100/$O53)-100 -> 125.3333 | Q55: =(Q53*100/$O53)-100 -> -93.516211 | R55: =(R53*100/$O53)-100 -> -41.633183 | S55: =(S53*100/$O53)-100 -> -24.842428 | T55: =(T53*100/$O53)-100 -> -61.294525 | U55: =(U53*100/$O53)-100 -> -8.823245 | V55: =(V53*100/$O53)-100 -> 33.881339
A56: Normality test : p value | B56: =[1]!SWTEST(B28:B43) -> 0.11384121 | C56: =[1]!SWTEST(C28:C43) -> 0.019938025 | D56: =[1]!SWTEST(D28:D43) -> 4.456964e-05 | E56: =[1]!SWTEST(E28:E43) -> 0.10232768 | F56: =[1]!SWTEST(F28:F43) -> 0.349541 | G56: =[1]!SWTEST(G28:G43) -> 0.32545592 | H56: =[1]!SWTEST(H28:H43) -> 0.3653672 | I56: =[1]!SWTEST(I28:I43) -> 0.0033078964 | ... M56: =[1]!SWTEST(M28:M43) -> 0.10661882 | O56: =[1]!SWTEST(O28:O43) -> 0.35262669 | P56: =[1]!SWTEST(P28:P43) -> 0.19601726 | Q56: =[1]!SWTEST(Q28:Q43) -> 0.27038863 | R56: =[1]!SWTEST(R28:R43) -> 0.17322787 | S56: =[1]!SWTEST(S28:S43) -> 0.55707606 | T56: =[1]!SWTEST(T28:T43) -> 0.6998296 | U56: =[1]!SWTEST(U28:U43) -> 0.66637927 | V56: =[1]!SWTEST(V28:V43) -> 0.94231524
A57: Normality test : normal distibution? | B57: =IF(B56>0.05,"Oui","Non") -> Oui | C57: =IF(C56>0.05,"Oui","Non") -> Non | D57: =IF(D56>0.05,"Oui","Non") -> Non | E57: =IF(E56>0.05,"Oui","Non") -> Oui | F57: =IF(F56>0.05,"Oui","Non") -> Oui | G57: =IF(G56>0.05,"Oui","Non") -> Oui | H57: =IF(H56>0.05,"Oui","Non") -> Oui | I57: =IF(I56>0.05,"Oui","Non") -> Non | ... M57: =IF(M56>0.05,"Oui","Non") -> Oui | O57: =IF(O56>0.05,"Oui","Non") -> Oui | P57: =IF(P56>0.05,"Oui","Non") -> Oui | Q57: =IF(Q56>0.05,"Oui","Non") -> Oui | R57: =IF(R56>0.05,"Oui","Non") -> Oui | S57: =IF(S56>0.05,"Oui","Non") -> Oui | T57: =IF(T56>0.05,"Oui","Non") -> Oui | U57: =IF(U56>0.05,"Oui","Non") -> Oui | V57: =IF(V56>0.05,"Oui","Non") -> Oui
A59: Statistical test used | C59: =IF($B57="Non",IF(C57="Non","MW",IF(C57="Oui","MW","")),IF($B57="Oui",IF(C57="Oui","T-Test Welch",IF(C57="Non","MW","")))) -> MW | D59: =IF($B57="Non",IF(D57="Non","MW",IF(D57="Oui","MW","")),IF($B57="Oui",IF(D57="Oui","T-Test Welch",IF(D57="Non","MW","")))) -> MW | E59: =IF($B57="Non",IF(E57="Non","MW",IF(E57="Oui","MW","")),IF($B57="Oui",IF(E57="Oui","T-Test Welch",IF(E57="Non","MW","")))) -> T-Test Welch | F59: =IF($B57="Non",IF(F57="Non","MW",IF(F57="Oui","MW","")),IF($B57="Oui",IF(F57="Oui","T-Test Welch",IF(F57="Non","MW","")))) -> T-Test Welch | G59: =IF($B57="Non",IF(G57="Non","MW",IF(G57="Oui","MW","")),IF($B57="Oui",IF(G57="Oui","T-Test Welch",IF(G57="Non","MW","")))) -> T-Test Welch | H59: =IF($B57="Non",IF(H57="Non","MW",IF(H57="Oui","MW","")),IF($B57="Oui",IF(H57="Oui","T-Test Welch",IF(H57="Non","MW","")))) -> T-Test Welch | I59: =IF($B57="Non",IF(I57="Non","MW",IF(I57="Oui","MW","")),IF($B57="Oui",IF(I57="Oui","T-Test Welch",IF(I57="Non","MW","")))) -> MW | J59: =IF($B57="Non",IF(J57="Non","MW",IF(J57="Oui","MW","")),IF($B57="Oui",IF(J57="Oui","T-Test Welch",IF(J57="Non","MW","")))) -> MW | ... M59: =IF($B57="Non",IF(M57="Non","MW",IF(M57="Oui","MW","")),IF($B57="Oui",IF(M57="Oui","T-Test Welch",IF(M57="Non","MW","")))) -> T-Test Welch | O59: =IF($B57="Non",IF(O57="Non","MW",IF(O57="Oui","MW","")),IF($B57="Oui",IF(O57="Oui","T-Test Welch",IF(O57="Non","MW","")))) -> T-Test Welch | P59: =IF($O57="Non",IF(P57="Non","MW",IF(P57="Oui","MW","")),IF($O57="Oui",IF(P57="Oui","T-Test Welch",IF(P57="Non","MW","")))) -> T-Test Welch | Q59: =IF($O57="Non",IF(Q57="Non","MW",IF(Q57="Oui","MW","")),IF($O57="Oui",IF(Q57="Oui","T-Test Welch",IF(Q57="Non","MW","")))) -> T-Test Welch | R59: =IF($O57="Non",IF(R57="Non","MW",IF(R57="Oui","MW","")),IF($O57="Oui",IF(R57="Oui","T-Test Welch",IF(R57="Non","MW","")))) -> T-Test Welch | S59: =IF($O57="Non",IF(S57="Non","MW",IF(S57="Oui","MW","")),IF($O57="Oui",IF(S57="Oui","T-Test Welch",IF(S57="Non","MW","")))) -> T-Test Welch | T59: =IF($O57="Non",IF(T57="Non","MW",IF(T57="Oui","MW","")),IF($O57="Oui",IF(T57="Oui","T-Test Welch",IF(T57="Non","MW","")))) -> T-Test Welch | U59: =IF($O57="Non",IF(U57="Non","MW",IF(U57="Oui","MW","")),IF($O57="Oui",IF(U57="Oui","T-Test Welch",IF(U57="Non","MW","")))) -> T-Test Welch | V59: =IF($O57="Non",IF(V57="Non","MW",IF(V57="Oui","MW","")),IF($O57="Oui",IF(V57="Oui","T-Test Welch",IF(V57="Non","MW","")))) -> T-Test Welch
A60: Statistical test : p value | C60: =IF(C59="MW",[1]!MTEST($B28:$B43,C28:C43,2), IF(C59="T-Test Welch",_xlfn.T.TEST($B28:$B43,C28:C43,2,3),"")) -> 0.59951018 | D60: =IF(D59="MW",[1]!MTEST($B28:$B43,D28:D43,2), IF(D59="T-Test Welch",_xlfn.T.TEST($B28:$B43,D28:D43,2,3),"")) -> 0.83363488 | E60: =IF(E59="MW",[1]!MTEST($B28:$B43,E28:E43,2), IF(E59="T-Test Welch",_xlfn.T.TEST($B28:$B43,E28:E43,2,3),"")) -> 0.021350048 | F60: =IF(F59="MW",[1]!MTEST($B28:$B43,F28:F43,2), IF(F59="T-Test Welch",_xlfn.T.TEST($B28:$B43,F28:F43,2,3),"")) -> 0.0099932322 | G60: =IF(G59="MW",[1]!MTEST($B28:$B43,G28:G43,2), IF(G59="T-Test Welch",_xlfn.T.TEST($B28:$B43,G28:G43,2,3),"")) -> 1.2941056e-05 | H60: =IF(H59="MW",[1]!MTEST($B28:$B43,H28:H43,2), IF(H59="T-Test Welch",_xlfn.T.TEST($B28:$B43,H28:H43,2,3),"")) -> 7.0193722e-05 | I60: =IF(I59="MW",[1]!MTEST($B28:$B43,I28:I43,2), IF(I59="T-Test Welch",_xlfn.T.TEST($B28:$B43,I28:I43,2,3),"")) -> 0.11518373 | J60: =IF(J59="MW",[1]!MTEST($B28:$B43,J28:J43,2), IF(J59="T-Test Welch",_xlfn.T.TEST($B28:$B43,J28:J43,2,3),"")) -> 0.24799581 | ... M60: =IF(M59="MW",[1]!MTEST($B28:$B43,M28:M43,2), IF(M59="T-Test Welch",_xlfn.T.TEST($B28:$B43,M28:M43,2,3),"")) -> 0.24924911 | O60: =IF(O59="MW",[1]!MTEST($B28:$B43,O28:O43,2), IF(O59="T-Test Welch",_xlfn.T.TEST($B28:$B43,O28:O43,2,3),"")) -> 1.1814446e-07 | P60: =IF(P59="MW",[1]!MTEST($O28:$O43,P28:P43,2), IF(P59="T-Test Welch",_xlfn.T.TEST($O28:$O43,P28:P43,2,3),"")) -> 2.5273641e-06 | Q60: =IF(Q59="MW",[1]!MTEST($O28:$O43,Q28:Q43,2), IF(Q59="T-Test Welch",_xlfn.T.TEST($O28:$O43,Q28:Q43,2,3),"")) -> 1.043289e-07 | R60: =IF(R59="MW",[1]!MTEST($O28:$O43,R28:R43,2), IF(R59="T-Test Welch",_xlfn.T.TEST($O28:$O43,R28:R43,2,3),"")) -> 0.020319564 | S60: =IF(S59="MW",[1]!MTEST($O28:$O43,S28:S43,2), IF(S59="T-Test Welch",_xlfn.T.TEST($O28:$O43,S28:S43,2,3),"")) -> 0.16969329 | T60: =IF(T59="MW",[1]!MTEST($O28:$O43,T28:T43,2), IF(T59="T-Test Welch",_xlfn.T.TEST($O28:$O43,T28:T43,2,3),"")) -> 0.00056762666 | U60: =IF(U59="MW",[1]!MTEST($O28:$O43,U28:U43,2), IF(U59="T-Test Welch",_xlfn.T.TEST($O28:$O43,U28:U43,2,3),"")) -> 0.60541047 | V60: =IF(V59="MW",[1]!MTEST($O28:$O43,V28:V43,2), IF(V59="T-Test Welch",_xlfn.T.TEST($O28:$O43,V28:V43,2,3),"")) -> 0.06732822
A61: Annotation | C61: =IF(C60>0.05,"NS",IF(C60>0.01,"*",IF(C60>0.001,"**","***"))) -> NS | D61: =IF(D60>0.05,"NS",IF(D60>0.01,"*",IF(D60>0.001,"**","***"))) -> NS | E61: =IF(E60>0.05,"NS",IF(E60>0.01,"*",IF(E60>0.001,"**","***"))) -> * | F61: =IF(F60>0.05,"NS",IF(F60>0.01,"*",IF(F60>0.001,"**","***"))) -> ** | G61: =IF(G60>0.05,"NS",IF(G60>0.01,"*",IF(G60>0.001,"**","***"))) -> *** | H61: =IF(H60>0.05,"NS",IF(H60>0.01,"*",IF(H60>0.001,"**","***"))) -> *** | I61: =IF(I60>0.05,"NS",IF(I60>0.01,"*",IF(I60>0.001,"**","***"))) -> NS | J61: =IF(J60>0.05,"NS",IF(J60>0.01,"*",IF(J60>0.001,"**","***"))) -> NS | ... M61: =IF(M60>0.05,"NS",IF(M60>0.01,"*",IF(M60>0.001,"**","***"))) -> NS | O61: =IF(O60>0.05,"NS",IF(O60>0.01,"*",IF(O60>0.001,"**","***"))) -> *** | P61: =IF(P60>0.05,"NS",IF(P60>0.01,"*",IF(P60>0.001,"**","***"))) -> *** | Q61: =IF(Q60>0.05,"NS",IF(Q60>0.01,"*",IF(Q60>0.001,"**","***"))) -> *** | R61: =IF(R60>0.05,"NS",IF(R60>0.01,"*",IF(R60>0.001,"**","***"))) -> * | S61: =IF(S60>0.05,"NS",IF(S60>0.01,"*",IF(S60>0.001,"**","***"))) -> NS | T61: =IF(T60>0.05,"NS",IF(T60>0.01,"*",IF(T60>0.001,"**","***"))) -> *** | U61: =IF(U60>0.05,"NS",IF(U60>0.01,"*",IF(U60>0.001,"**","***"))) -> NS | V61: =IF(V60>0.05,"NS",IF(V60>0.01,"*",IF(V60>0.001,"**","***"))) -> NS

Sheet R3
A3: R3 | B3: Unspiked | O3: Testosterone spiked
A4: Group names | B4: ='Front page'!A7 -> Solvent control | C4: ='Front page'!A8 -> EE2-33.8ng/L | D4: ='Front page'!A9 -> EE2-50.6ng/L | E4: ='Front page'!A10 -> EE2-76ng/L | F4: ='Front page'!A11 -> EE2-114ng/L | G4: ='Front page'!A12 -> EE2-170.9ng/L | H4: ='Front page'!A13 -> EE2-488ng/L | I4: ='Front page'!A14 -> Amantadine-0.001mg/L | J4: ='Front page'!A15 -> Amantadine-0.01mg/L | K4: ='Front page'!A16 -> Amantadine-0.1mg/L | L4: ='Front page'!A17 -> Amantadine-1mg/L | M4: ='Front page'!A18 -> Amantadine-10mg/L | O4: ='Front page'!A35 -> Testo -30µg/L | P4: ='Front page'!A36 -> Testo 30µg/L + EE2 -64ng/L | Q4: ='Front page'!A37 -> Testo 30µg/L + FAD-10mg/L | R4: ='Front page'!A38 -> Amantadine-0.001mg/L + Testostérone | S4: ='Front page'!A39 -> Amantadine-0.01mg/L + Testostérone | T4: ='Front page'!A40 -> Amantadine-0.1mg/L + Testostérone | U4: ='Front page'!A41 -> Amantadine-1mg/L + Testostérone | V4: ='Front page'!A42 -> Amantadine-10mg/L + Testostérone
A5: Raw data | B5: 65828 | C5: 19248 | D5: 2085088 | E5: 2144748 | F5: 5298040 | G5: 3309152 | H5: 9168257 | I5: 112487 | J5: 37071 | K5: 31870 | L5: 107222 | M5: 127043 | O5: 2273734 | P5: 4261304 | Q5: 145534 | R5: 1727134 | S5: 2675441 | T5: 5359200 | U5: 5440499 | V5: 4817559
B6: 254319 | C6: 717896 | D6: 175100 | E6: 2079630 | F6: 5927998 | G6: 4474601 | H6: 9456848 | I6: 444634 | J6: 360306 | K6: 75096 | L6: 129091 | M6: 21613 | O6: 7812045 | P6: 9290563 | Q6: 26099 | R6: 4944616 | S6: 510818 | T6: 2854494 | U6: 4889415 | V6: 5785092
B7: 45196 | C7: 209208 | D7: 676196 | E7: 3263927 | F7: 3848156 | G7: 9668809 | H7: 6344901 | I7: 15344 | J7: 252827 | K7: 721637 | L7: 51333 | M7: 52817 | O7: 2956671 | P7: 5956365 | Q7: 135885 | R7: 3954361 | S7: 4511283 | T7: 3897715 | U7: 2623659 | V7: 5838063
B8: 436295 | C8: 319263 | D8: 458793 | E8: 1896244 | F8: 8274130 | G8: 4263132 | H8: 12348654 | I8: 136895 | J8: 122104 | K8: 10551 | L8: 323782 | M8: 667978 | O8: 2730588 | P8: 5008126 | Q8: 154345 | R8: 1297089 | S8: 3174713 | T8: 1523173 | U8: 7584057 | V8: 5254266
B9: 23416 | C9: 58253 | D9: 388143 | E9: 1071499 | F9: 5309763 | G9: 4052710 | H9: 9217348 | I9: 38616 | J9: 21008 | K9: 68024 | L9: 231865 | M9: 15041 | O9: 2975822 | P9: 5982476 | Q9: 403306 | R9: 1765164 | S9: 58069 | T9: 1328705 | U9: 3107950 | V9: 7012340
B10: 19735 | C10: 675753 | D10: 197209 | E10: 2794335 | F10: 1247961 | G10: 6072953 | H10: 7591595 | I10: 41293 | J10: 28031 | K10: 173775 | L10: 237786 | M10: 722958 | O10: 2391468 | P10: 6396625 | Q10: 19909 | R10: 5325180 | S10: 915693 | T10: 7404092 | U10: 1181653 | V10: 4207882
B11: 591580 | C11: 121061 | D11: 231176 | E11: 1724296 | F11: 2405053 | G11: 6681931 | H11: 11965489 | I11: 208888 | J11: 211160 | K11: 252868 | L11: 31808 | M11: 93701 | O11: 2943625 | P11: 6349518 | Q11: 94642 | R11: 3653806 | S11: 4437673 | T11: 1504031 | U11: 481810 | V11: 1817219
B12: 216665 | C12: 679918 | D12: 443898 | E12: 5278261 | F12: 4450520 | G12: 4708326 | H12: 2689861 | I12: 157812 | J12: 110107 | K12: 66418 | L12: 66632 | M12: 85650 | O12: 4977926 | P12: 10084312 | Q12: 200261 | R12: 1924334 | S12: 3314090 | T12: 2317781 | U12: 1776972 | V12: 3814759
O13: 1257243
O14: 3667272
O15: 5268426
O16: 4578568
O17: 807062
O18: 5879638
O19: 2095365
O20: 4222775
A22: =A4 -> Group names | B22: =B4 -> Solvent control | C22: =C4 -> EE2-33.8ng/L | D22: =D4 -> EE2-50.6ng/L | E22: =E4 -> EE2-76ng/L | F22: =F4 -> EE2-114ng/L | G22: =G4 -> EE2-170.9ng/L | H22: =H4 -> EE2-488ng/L | ... M22: =M4 -> Amantadine-10mg/L | N22: Noms des groupes | O22: =O4 -> Testo -30µg/L | P22: =P4 -> Testo 30µg/L + EE2 -64ng/L | Q22: =Q4 -> Testo 30µg/L + FAD-10mg/L | R22: =R4 -> Amantadine-0.001mg/L + Testostérone | S22: =S4 -> Amantadine-0.01mg/L + Testostérone | T22: =T4 -> Amantadine-0.1mg/L + Testostérone | U22: =U4 -> Amantadine-1mg/L + Testostérone | V22: =V4 -> Amantadine-10mg/L + Testostérone
A23: mean | B23: =AVERAGE(B5:B20) -> 206629.25 | C23: =AVERAGE(C5:C20) -> 350075 | D23: =AVERAGE(D5:D20) -> 581950.38 | E23: =AVERAGE(E5:E20) -> 2531617.5 | F23: =AVERAGE(F5:F20) -> 4595202.6 | G23: =AVERAGE(G5:G20) -> 5403951.8 | H23: =AVERAGE(H5:H20) -> 8597869.1 | I23: =AVERAGE(I5:I20) -> 144496.12 | J23: =AVERAGE(J5:J20) -> 142826.75 | L23: =AVERAGE(L5:L20) -> 147439.88 | N23: mean | O23: =AVERAGE(O5:O20) -> 3552389.2 | P23: =AVERAGE(P5:P20) -> 6666161.1 | Q23: =AVERAGE(Q5:Q20) -> 147497.62 | R23: =AVERAGE(R5:R20) -> 3073960.5 | S23: =AVERAGE(S5:S20) -> 2449722.5 | T23: =AVERAGE(T5:T20) -> 3273648.9 | U23: =AVERAGE(U5:U20) -> 3385751.9 | V23: =AVERAGE(V5:V20) -> 4818397.5
A24: SD | B24: =STDEV(B5:B20) -> 213036.12 | C24: =STDEV(C5:C20) -> 297129.54 | D24: =STDEV(D5:D20) -> 629817.24 | E24: =STDEV(E5:E20) -> 1292324.7 | F24: =STDEV(F5:F20) -> 2167790.9 | G24: =STDEV(G5:G20) -> 2040059.5 | H24: =STDEV(H5:H20) -> 3113317.1 | I24: =STDEV(I5:I20) -> 138373.45 | J24: =STDEV(J5:J20) -> 122339.62 | L24: =STDEV(L5:L20) -> 105205.85 | N24: SD | O24: =STDEV(O5:O20) -> 1820196.8 | P24: =STDEV(P5:P20) -> 2008830.8 | Q24: =STDEV(Q5:Q20) -> 120840.92 | R24: =STDEV(R5:R20) -> 1589450.5 | S24: =STDEV(S5:S20) -> 1746763.3 | T24: =STDEV(T5:T20) -> 2166875.2 | U24: =STDEV(U5:U20) -> 2409677.4 | V24: =STDEV(V5:V20) -> 1575013.5
B26: Unspiked | O26: Testosterone spiked
A27: =A4 -> Group names | B27: =B4 -> Solvent control | C27: =C4 -> EE2-33.8ng/L | D27: =D4 -> EE2-50.6ng/L | E27: =E4 -> EE2-76ng/L | F27: =F4 -> EE2-114ng/L | G27: =G4 -> EE2-170.9ng/L | H27: =H4 -> EE2-488ng/L | ... M27: =M4 -> Amantadine-10mg/L | O27: =O4 -> Testo -30µg/L | P27: =P4 -> Testo 30µg/L + EE2 -64ng/L | Q27: =Q4 -> Testo 30µg/L + FAD-10mg/L | R27: =R4 -> Amantadine-0.001mg/L + Testostérone | S27: =S4 -> Amantadine-0.01mg/L + Testostérone | T27: =T4 -> Amantadine-0.1mg/L + Testostérone | U27: =U4 -> Amantadine-1mg/L + Testostérone | V27: =V4 -> Amantadine-10mg/L + Testostérone
A28: Data normalised to the "Testo" group | B28: =IF(B5="","",(B5/$O$23)) -> 0.018530627 | C28: =IF(C5="","",(C5/$O$23)) -> 0.0054183251 | D28: =IF(D5="","",(D5/$O$23)) -> 0.5869537 | E28: =IF(E5="","",(E5/$O$23)) -> 0.60374803 | F28: =IF(F5="","",(F5/$O$23)) -> 1.4914019 | G28: =IF(G5="","",(G5/$O$23)) -> 0.93152855 | H28: =IF(H5="","",(H5/$O$23)) -> 2.5808706 | I28: =IF(I5="","",(I5/$O$23)) -> 0.031665167 | ... M28: =IF(M5="","",(M5/$O$23)) -> 0.035762691 | O28: =IF(O5="","",(O5/$O$23)) -> 0.64005767 | P28: =IF(P5="","",(P5/$O$23)) -> 1.19956 | Q28: =IF(Q5="","",(Q5/$O$23)) -> 0.04096792 | R28: =IF(R5="","",(R5/$O$23)) -> 0.4861894 | S28: =IF(S5="","",(S5/$O$23)) -> 0.75313847 | T28: =IF(T5="","",(T5/$O$23)) -> 1.5086185 | U28: =IF(U5="","",(U5/$O$23)) -> 1.5315042 | V28: =IF(V5="","",(V5/$O$23)) -> 1.3561461
B29: =IF(B6="","",(B6/$O$23)) -> 0.071590972 | C29: =IF(C6="","",(C6/$O$23)) -> 0.20208821 | D29: =IF(D6="","",(D6/$O$23)) -> 0.04929077 | E29: =IF(E6="","",(E6/$O$23)) -> 0.58541727 | F29: =IF(F6="","",(F6/$O$23)) -> 1.6687355 | G29: =IF(G6="","",(G6/$O$23)) -> 1.2596032 | H29: =IF(H6="","",(H6/$O$23)) -> 2.6621092 | I29: =IF(I6="","",(I6/$O$23)) -> 0.12516477 | ... M29: =IF(M6="","",(M6/$O$23)) -> 0.0060840743 | O29: =IF(O6="","",(O6/$O$23)) -> 2.199096 | P29: =IF(P6="","",(P6/$O$23)) -> 2.6152998 | Q29: =IF(Q6="","",(Q6/$O$23)) -> 0.0073468863 | R29: =IF(R6="","",(R6/$O$23)) -> 1.3919128 | S29: =IF(S6="","",(S6/$O$23)) -> 0.14379562 | T29: =IF(T6="","",(T6/$O$23)) -> 0.80354201 | U29: =IF(U6="","",(U6/$O$23)) -> 1.3763737 | V29: =IF(V6="","",(V6/$O$23)) -> 1.6285073
B30: =IF(B7="","",(B7/$O$23)) -> 0.012722705 | C30: =IF(C7="","",(C7/$O$23)) -> 0.058892195 | D30: =IF(D7="","",(D7/$O$23)) -> 0.19034964 | E30: =IF(E7="","",(E7/$O$23)) -> 0.91879768 | F30: =IF(F7="","",(F7/$O$23)) -> 1.0832585 | G30: =IF(G7="","",(G7/$O$23)) -> 2.7217763 | H30: =IF(H7="","",(H7/$O$23)) -> 1.786094 | I30: =IF(I7="","",(I7/$O$23)) -> 0.0043193465 | ... M30: =IF(M7="","",(M7/$O$23)) -> 0.014868022 | O30: =IF(O7="","",(O7/$O$23)) -> 0.83230491 | P30: =IF(P7="","",(P7/$O$23)) -> 1.6767208 | Q30: =IF(Q7="","",(Q7/$O$23)) -> 0.03825172 | R30: =IF(R7="","",(R7/$O$23)) -> 1.1131553 | S30: =IF(S7="","",(S7/$O$23)) -> 1.2699292 | T30: =IF(T7="","",(T7/$O$23)) -> 1.0972094 | U30: =IF(U7="","",(U7/$O$23)) -> 0.7385618 | V30: =IF(V7="","",(V7/$O$23)) -> 1.6434187
B31: =IF(B8="","",(B8/$O$23)) -> 0.12281734 | C31: =IF(C8="","",(C8/$O$23)) -> 0.089872753 | D31: =IF(D8="","",(D8/$O$23)) -> 0.12915054 | E31: =IF(E8="","",(E8/$O$23)) -> 0.53379398 | F31: =IF(F8="","",(F8/$O$23)) -> 2.3291732 | G31: =IF(G8="","",(G8/$O$23)) -> 1.2000746 | H31: =IF(H8="","",(H8/$O$23)) -> 3.4761545 | I31: =IF(I8="","",(I8/$O$23)) -> 0.038536036 | ... M31: =IF(M8="","",(M8/$O$23)) -> 0.18803626 | O31: =IF(O8="","",(O8/$O$23)) -> 0.76866239 | P31: =IF(P8="","",(P8/$O$23)) -> 1.4097909 | Q31: =IF(Q8="","",(Q8/$O$23)) -> 0.043448223 | R31: =IF(R8="","",(R8/$O$23)) -> 0.36513144 | S31: =IF(S8="","",(S8/$O$23)) -> 0.89368388 | T31: =IF(T8="","",(T8/$O$23)) -> 0.42877424 | U31: =IF(U8="","",(U8/$O$23)) -> 2.1349172 | V31: =IF(V8="","",(V8/$O$23)) -> 1.4790795
B32: =IF(B9="","",(B9/$O$23)) -> 0.00659162 | C32: =IF(C9="","",(C9/$O$23)) -> 0.016398259 | D32: =IF(D9="","",(D9/$O$23)) -> 0.10926252 | E32: =IF(E9="","",(E9/$O$23)) -> 0.3016277 | F32: =IF(F9="","",(F9/$O$23)) -> 1.4947019 | G32: =IF(G9="","",(G9/$O$23)) -> 1.1408406 | H32: =IF(H9="","",(H9/$O$23)) -> 2.5946898 | I32: =IF(I9="","",(I9/$O$23)) -> 0.01087043 | ... M32: =IF(M9="","",(M9/$O$23)) -> 0.0042340518 | O32: =IF(O9="","",(O9/$O$23)) -> 0.83769593 | P32: =IF(P9="","",(P9/$O$23)) -> 1.6840711 | Q32: =IF(Q9="","",(Q9/$O$23)) -> 0.11353091 | R32: =IF(R9="","",(R9/$O$23)) -> 0.49689487 | S32: =IF(S9="","",(S9/$O$23)) -> 0.016346463 | T32: =IF(T9="","",(T9/$O$23)) -> 0.37403136 | U32: =IF(U9="","",(U9/$O$23)) -> 0.87489005 | V32: =IF(V9="","",(V9/$O$23)) -> 1.9739785
B33: =IF(B10="","",(B10/$O$23)) -> 0.005555416 | C33: =IF(C10="","",(C10/$O$23)) -> 0.19022493 | D33: =IF(D10="","",(D10/$O$23)) -> 0.055514468 | E33: =IF(E10="","",(E10/$O$23)) -> 0.78660721 | F33: =IF(F10="","",(F10/$O$23)) -> 0.35130187 | G33: =IF(G10="","",(G10/$O$23)) -> 1.7095404 | H33: =IF(H10="","",(H10/$O$23)) -> 2.1370392 | I33: =IF(I10="","",(I10/$O$23)) -> 0.011624008 | ... M33: =IF(M10="","",(M10/$O$23)) -> 0.20351317 | O33: =IF(O10="","",(O10/$O$23)) -> 0.67319988 | P33: =IF(P10="","",(P10/$O$23)) -> 1.8006543 | Q33: =IF(Q10="","",(Q10/$O$23)) -> 0.0056043971 | R33: =IF(R10="","",(R10/$O$23)) -> 1.4990418 | S33: =IF(S10="","",(S10/$O$23)) -> 0.2577682 | T33: =IF(T10="","",(T10/$O$23)) -> 2.084257 | U33: =IF(U10="","",(U10/$O$23)) -> 0.33263613 | V33: =IF(V10="","",(V10/$O$23)) -> 1.1845217
B34: =IF(B11="","",(B11/$O$23)) -> 0.16653017 | C34: =IF(C11="","",(C11/$O$23)) -> 0.034078754 | D34: =IF(D11="","",(D11/$O$23)) -> 0.065076202 | E34: =IF(E11="","",(E11/$O$23)) -> 0.4853905 | F34: =IF(F11="","",(F11/$O$23)) -> 0.67702406 | G34: =IF(G11="","",(G11/$O$23)) -> 1.8809681 | H34: =IF(H11="","",(H11/$O$23)) -> 3.3682933 | I34: =IF(I11="","",(I11/$O$23)) -> 0.058802115 | ... M34: =IF(M11="","",(M11/$O$23)) -> 0.026376895 | O34: =IF(O11="","",(O11/$O$23)) -> 0.82863245 | P34: =IF(P11="","",(P11/$O$23)) -> 1.7873937 | Q34: =IF(Q11="","",(Q11/$O$23)) -> 0.026641788 | R34: =IF(R11="","",(R11/$O$23)) -> 1.0285489 | S34: =IF(S11="","",(S11/$O$23)) -> 1.249208 | T34: =IF(T11="","",(T11/$O$23)) -> 0.42338575 | U34: =IF(U11="","",(U11/$O$23)) -> 0.13562984 | V34: =IF(V11="","",(V11/$O$23)) -> 0.51154839
B35: =IF(B12="","",(B12/$O$23)) -> 0.060991345 | C35: =IF(C12="","",(C12/$O$23)) -> 0.19139738 | D35: =IF(D12="","",(D12/$O$23)) -> 0.12495759 | E35: =IF(E12="","",(E12/$O$23)) -> 1.4858341 | F35: =IF(F12="","",(F12/$O$23)) -> 1.2528244 | G35: =IF(G12="","",(G12/$O$23)) -> 1.325397 | H35: =IF(H12="","",(H12/$O$23)) -> 0.75719771 | I35: =IF(I12="","",(I12/$O$23)) -> 0.044424186 | ... M35: =IF(M12="","",(M12/$O$23)) -> 0.024110533 | O35: =IF(O12="","",(O12/$O$23)) -> 1.4012896 | P35: =IF(P12="","",(P12/$O$23)) -> 2.8387407 | Q35: =IF(Q12="","",(Q12/$O$23)) -> 0.056373608 | R35: =IF(R12="","",(R12/$O$23)) -> 0.54170134 | S35: =IF(S12="","",(S12/$O$23)) -> 0.9329186 | T35: =IF(T12="","",(T12/$O$23)) -> 0.65245693 | U35: =IF(U12="","",(U12/$O$23)) -> 0.50021883 | V35: =IF(V12="","",(V12/$O$23)) -> 1.0738573
B36: =IF(B13="","",(B13/$O$23)) | C36: =IF(C13="","",(C13/$O$23)) | D36: =IF(D13="","",(D13/$O$23)) | E36: =IF(E13="","",(E13/$O$23)) | F36: =IF(F13="","",(F13/$O$23)) | G36: =IF(G13="","",(G13/$O$23)) | H36: =IF(H13="","",(H13/$O$23)) | I36: =IF(I13="","",(I13/$O$23)) | ... M36: =IF(M13="","",(M13/$O$23)) | O36: =IF(O13="","",(O13/$O$23)) -> 0.35391476 | P36: =IF(P13="","",(P13/$O$23)) | Q36: =IF(Q13="","",(Q13/$O$23)) | R36: =IF(R13="","",(R13/$O$23)) | S36: =IF(S13="","",(S13/$O$23)) | T36: =IF(T13="","",(T13/$O$23)) | U36: =IF(U13="","",(U13/$O$23)) | V36: =IF(V13="","",(V13/$O$23))
B37: =IF(B14="","",(B14/$O$23)) | C37: =IF(C14="","",(C14/$O$23)) | D37: =IF(D14="","",(D14/$O$23)) | E37: =IF(E14="","",(E14/$O$23)) | F37: =IF(F14="","",(F14/$O$23)) | G37: =IF(G14="","",(G14/$O$23)) | H37: =IF(H14="","",(H14/$O$23)) | I37: =IF(I14="","",(I14/$O$23)) | ... M37: =IF(M14="","",(M14/$O$23)) | O37: =IF(O14="","",(O14/$O$23)) -> 1.0323396 | P37: =IF(P14="","",(P14/$O$23)) | Q37: =IF(Q14="","",(Q14/$O$23)) | R37: =IF(R14="","",(R14/$O$23)) | S37: =IF(S14="","",(S14/$O$23)) | T37: =IF(T14="","",(T14/$O$23)) | U37: =IF(U14="","",(U14/$O$23)) | V37: =IF(V14="","",(V14/$O$23))
B38: =IF(B15="","",(B15/$O$23)) | C38: =IF(C15="","",(C15/$O$23)) | D38: =IF(D15="","",(D15/$O$23)) | E38: =IF(E15="","",(E15/$O$23)) | F38: =IF(F15="","",(F15/$O$23)) | G38: =IF(G15="","",(G15/$O$23)) | H38: =IF(H15="","",(H15/$O$23)) | I38: =IF(I15="","",(I15/$O$23)) | ... M38: =IF(M15="","",(M15/$O$23)) | O38: =IF(O15="","",(O15/$O$23)) -> 1.4830655 | P38: =IF(P15="","",(P15/$O$23)) | Q38: =IF(Q15="","",(Q15/$O$23)) | R38: =IF(R15="","",(R15/$O$23)) | S38: =IF(S15="","",(S15/$O$23)) | T38: =IF(T15="","",(T15/$O$23)) | U38: =IF(U15="","",(U15/$O$23)) | V38: =IF(V15="","",(V15/$O$23))
B39: =IF(B16="","",(B16/$O$23)) | C39: =IF(C16="","",(C16/$O$23)) | D39: =IF(D16="","",(D16/$O$23)) | E39: =IF(E16="","",(E16/$O$23)) | F39: =IF(F16="","",(F16/$O$23)) | G39: =IF(G16="","",(G16/$O$23)) | H39: =IF(H16="","",(H16/$O$23)) | I39: =IF(I16="","",(I16/$O$23)) | ... M39: =IF(M16="","",(M16/$O$23)) | O39: =IF(O16="","",(O16/$O$23)) -> 1.28887 | P39: =IF(P16="","",(P16/$O$23)) | Q39: =IF(Q16="","",(Q16/$O$23)) | R39: =IF(R16="","",(R16/$O$23)) | S39: =IF(S16="","",(S16/$O$23)) | T39: =IF(T16="","",(T16/$O$23)) | U39: =IF(U16="","",(U16/$O$23)) | V39: =IF(V16="","",(V16/$O$23))
B40: =IF(B17="","",(B17/$O$23)) | C40: =IF(C17="","",(C17/$O$23)) | D40: =IF(D17="","",(D17/$O$23)) | E40: =IF(E17="","",(E17/$O$23)) | F40: =IF(F17="","",(F17/$O$23)) | G40: =IF(G17="","",(G17/$O$23)) | H40: =IF(H17="","",(H17/$O$23)) | I40: =IF(I17="","",(I17/$O$23)) | ... M40: =IF(M17="","",(M17/$O$23)) | O40: =IF(O17="","",(O17/$O$23)) -> 0.2271885 | P40: =IF(P17="","",(P17/$O$23)) | Q40: =IF(Q17="","",(Q17/$O$23)) | R40: =IF(R17="","",(R17/$O$23)) | S40: =IF(S17="","",(S17/$O$23)) | T40: =IF(T17="","",(T17/$O$23)) | U40: =IF(U17="","",(U17/$O$23)) | V40: =IF(V17="","",(V17/$O$23))
... B43: =IF(B20="","",(B20/$O$23)) | C43: =IF(C20="","",(C20/$O$23)) | D43: =IF(D20="","",(D20/$O$23)) | E43: =IF(E20="","",(E20/$O$23)) | F43: =IF(F20="","",(F20/$O$23)) | G43: =IF(G20="","",(G20/$O$23)) | H43: =IF(H20="","",(H20/$O$23)) | I43: =IF(I20="","",(I20/$O$23)) | ... M43: =IF(M20="","",(M20/$O$23)) | O43: =IF(O20="","",(O20/$O$23)) -> 1.188714 | P43: =IF(P20="","",(P20/$O$23)) | Q43: =IF(Q20="","",(Q20/$O$23)) | R43: =IF(R20="","",(R20/$O$23)) | S43: =IF(S20="","",(S20/$O$23)) | T43: =IF(T20="","",(T20/$O$23)) | U43: =IF(U20="","",(U20/$O$23)) | V43: =IF(V20="","",(V20/$O$23))
A45: =A4 -> Group names | B45: =B4 -> Solvent control | C45: =C4 -> EE2-33.8ng/L | D45: =D4 -> EE2-50.6ng/L | E45: =E4 -> EE2-76ng/L | F45: =F4 -> EE2-114ng/L | G45: =G4 -> EE2-170.9ng/L | H45: =H4 -> EE2-488ng/L | ... M45: =M4 -> Amantadine-10mg/L | O45: =O4 -> Testo -30µg/L | P45: =P4 -> Testo 30µg/L + EE2 -64ng/L | Q45: =Q4 -> Testo 30µg/L + FAD-10mg/L | R45: =R4 -> Amantadine-0.001mg/L + Testostérone | S45: =S4 -> Amantadine-0.01mg/L + Testostérone | T45: =T4 -> Amantadine-0.1mg/L + Testostérone | U45: =U4 -> Amantadine-1mg/L + Testostérone | V45: =V4 -> Amantadine-10mg/L + Testostérone
A46: mean | B46: =AVERAGE(B28:B43) -> 0.058166275 | C46: =AVERAGE(C28:C43) -> 0.098546352 | D46: =AVERAGE(D28:D43) -> 0.16381943 | E46: =AVERAGE(E28:E43) -> 0.71265206 | F46: =AVERAGE(F28:F43) -> 1.2935527 | G46: =AVERAGE(G28:G43) -> 1.5212161 | H46: =AVERAGE(H28:H43) -> 2.420306 | I46: =AVERAGE(I28:I43) -> 0.040675758 | ... M46: =AVERAGE(M28:M43) -> 0.062873213 | N46: mean | O46: =AVERAGE(O28:O43) -> 1 | P46: =AVERAGE(P28:P43) -> 1.8765289 | Q46: =AVERAGE(Q28:Q43) -> 0.041520682 | R46: =AVERAGE(R28:R43) -> 0.86532198 | S46: =AVERAGE(S28:S43) -> 0.68959856 | T46: =AVERAGE(T28:T43) -> 0.92153439 | U46: =AVERAGE(U28:U43) -> 0.95309147 | V46: =AVERAGE(V28:V43) -> 1.3563822
A47: SD | B47: =STDEV(B28:B43) -> 0.059969812 | C47: =STDEV(C28:C43) -> 0.083642168 | D47: =STDEV(D28:D43) -> 0.17729398 | E47: =STDEV(E28:E43) -> 0.36379029 | F47: =STDEV(F28:F43) -> 0.61023461 | G47: =STDEV(G28:G43) -> 0.57427814 | H47: =STDEV(H28:H43) -> 0.8764009 | I47: =STDEV(I28:I43) -> 0.038952222 | ... M47: =STDEV(M28:M43) -> 0.082793159 | N47: SD | O47: =STDEV(O28:O43) -> 0.51238664 | P47: =STDEV(P28:P43) -> 0.56548723 | Q47: =STDEV(Q28:Q43) -> 0.034016801 | R47: =STDEV(R28:R43) -> 0.4474314 | S47: =STDEV(S28:S43) -> 0.49171506 | T47: =STDEV(T28:T43) -> 0.60997684 | U47: =STDEV(U28:U43) -> 0.67832584 | V47: =STDEV(V28:V43) -> 0.44336739
A48: SEM | B48: =B47/SQRT(COUNT(B28:B43)) -> 0.02120253 | C48: =C47/SQRT(COUNT(C28:C43)) -> 0.029571972 | D48: =D47/SQRT(COUNT(D28:D43)) -> 0.062682889 | E48: =E47/SQRT(COUNT(E28:E43)) -> 0.12861929 | F48: =F47/SQRT(COUNT(F28:F43)) -> 0.21575052 | G48: =G47/SQRT(COUNT(G28:G43)) -> 0.20303798 | H48: =H47/SQRT(COUNT(H28:H43)) -> 0.30985451 | I48: =I47/SQRT(COUNT(I28:I43)) -> 0.01377169 | ... M48: =M47/SQRT(COUNT(M28:M43)) -> 0.029271802 | N48: SEM | O48: =O47/SQRT(COUNT(O28:O43)) -> 0.12809666 | P48: =P47/SQRT(COUNT(P28:P43)) -> 0.19992993 | Q48: =Q47/SQRT(COUNT(Q28:Q43)) -> 0.012026755 | R48: =R47/SQRT(COUNT(R28:R43)) -> 0.15819089 | S48: =S47/SQRT(COUNT(S28:S43)) -> 0.17384753 | T48: =T47/SQRT(COUNT(T28:T43)) -> 0.21565938 | U48: =U47/SQRT(COUNT(U28:U43)) -> 0.2398244 | V48: =V47/SQRT(COUNT(V28:V43)) -> 0.15675404
A52: =A27 -> Group names | B52: =B27 -> Solvent control | C52: =C27 -> EE2-33.8ng/L | D52: =D27 -> EE2-50.6ng/L | E52: =E27 -> EE2-76ng/L | F52: =F27 -> EE2-114ng/L | G52: =G27 -> EE2-170.9ng/L | H52: =H27 -> EE2-488ng/L | I52: =I4 -> Amantadine-0.001mg/L | J52: =J4 -> Amantadine-0.01mg/L | K52: =K4 -> Amantadine-0.1mg/L | L52: =L4 -> Amantadine-1mg/L | M52: =M4 -> Amantadine-10mg/L | O52: =O27 -> Testo -30µg/L | P52: =P27 -> Testo 30µg/L + EE2 -64ng/L | Q52: =Q27 -> Testo 30µg/L + FAD-10mg/L | R52: =R27 -> Amantadine-0.001mg/L + Testostérone | S52: =S27 -> Amantadine-0.01mg/L + Testostérone | T52: =T27 -> Amantadine-0.1mg/L + Testostérone | U52: =U27 -> Amantadine-1mg/L + Testostérone | V52: =V27 -> Amantadine-10mg/L + Testostérone
A53: Mean | B53: =B46 -> 0.058166275 | C53: =C46 -> 0.098546352 | D53: =D46 -> 0.16381943 | E53: =E46 -> 0.71265206 | F53: =F46 -> 1.2935527 | G53: =G46 -> 1.5212161 | H53: =H46 -> 2.420306 | I53: =I46 -> 0.040675758 | ... M53: =M46 -> 0.062873213 | O53: =O46 -> 1 | P53: =P46 -> 1.8765289 | Q53: =Q46 -> 0.041520682 | R53: =R46 -> 0.86532198 | S53: =S46 -> 0.68959856 | T53: =T46 -> 0.92153439 | U53: =U46 -> 0.95309147 | V53: =V46 -> 1.3563822
A54: SEM | B54: =B48 -> 0.02120253 | C54: =C48 -> 0.029571972 | D54: =D48 -> 0.062682889 | E54: =E48 -> 0.12861929 | F54: =F48 -> 0.21575052 | G54: =G48 -> 0.20303798 | H54: =H48 -> 0.30985451 | I54: =I48 -> 0.01377169 | ... M54: =M48 -> 0.029271802 | O54: =O48 -> 0.12809666 | P54: =P48 -> 0.19992993 | Q54: =Q48 -> 0.012026755 | R54: =R48 -> 0.15819089 | S54: =S48 -> 0.17384753 | T54: =T48 -> 0.21565938 | U54: =U48 -> 0.2398244 | V54: =V48 -> 0.15675404
A55: % induction | B55: =(B53*100/$B53)-100 -> 0 | C55: =(C53*100/$B53)-100 -> 69.421803 | D55: =(D53*100/$B53)-100 -> 181.63988 | E55: =(E53*100/$B53)-100 -> 1125.198 | F55: =(F53*100/$B53)-100 -> 2123.8878 | G55: =(G53*100/$B53)-100 -> 2515.2889 | H55: =(H53*100/$B53)-100 -> 4061.0126 | I55: =(I53*100/$B53)-100 -> -30.069859 | ... M55: =(M53*100/$B53)-100 -> 8.092211 | O55: =(O53*100/$O53)-100 -> 0 | P55: =(P53*100/$O53)-100 -> 87.652891 | Q55: =(Q53*100/$O53)-100 -> -95.847932 | R55: =(R53*100/$O53)-100 -> -13.467802 | S55: =(S53*100/$O53)-100 -> -31.040144 | T55: =(T53*100/$O53)-100 -> -7.8465606 | U55: =(U53*100/$O53)-100 -> -4.6908535 | V55: =(V53*100/$O53)-100 -> 35.638219
A56: Normality test : p value | B56: =[1]!SWTEST(B28:B43) -> 0.11163356 | C56: =[1]!SWTEST(C28:C43) -> 0.08504993 | D56: =[1]!SWTEST(D28:D43) -> 0.00071928806 | E56: =[1]!SWTEST(E28:E43) -> 0.15848242 | F56: =[1]!SWTEST(F28:F43) -> 0.94717097 | G56: =[1]!SWTEST(G28:G43) -> 0.12421469 | H56: =[1]!SWTEST(H28:H43) -> 0.53291147 | I56: =[1]!SWTEST(I28:I43) -> 0.073983001 | ... M56: =[1]!SWTEST(M28:M43) -> 0.0017208071 | O56: =[1]!SWTEST(O28:O43) -> 0.61097979 | P56: =[1]!SWTEST(P28:P43) -> 0.17401466 | Q56: =[1]!SWTEST(Q28:Q43) -> 0.14789778 | R56: =[1]!SWTEST(R28:R43) -> 0.17245119 | S56: =[1]!SWTEST(S28:S43) -> 0.28990237 | T56: =[1]!SWTEST(T28:T43) -> 0.14434689 | U56: =[1]!SWTEST(U28:U43) -> 0.71977767 | V56: =[1]!SWTEST(V28:V43) -> 0.81586529
A57: Normality test : normal distibution? | B57: =IF(B56>0.05,"Oui","Non") -> Oui | C57: =IF(C56>0.05,"Oui","Non") -> Oui | D57: =IF(D56>0.05,"Oui","Non") -> Non | E57: =IF(E56>0.05,"Oui","Non") -> Oui | F57: =IF(F56>0.05,"Oui","Non") -> Oui | G57: =IF(G56>0.05,"Oui","Non") -> Oui | H57: =IF(H56>0.05,"Oui","Non") -> Oui | I57: =IF(I56>0.05,"Oui","Non") -> Oui | ... M57: =IF(M56>0.05,"Oui","Non") -> Non | O57: =IF(O56>0.05,"Oui","Non") -> Oui | P57: =IF(P56>0.05,"Oui","Non") -> Oui | Q57: =IF(Q56>0.05,"Oui","Non") -> Oui | R57: =IF(R56>0.05,"Oui","Non") -> Oui | S57: =IF(S56>0.05,"Oui","Non") -> Oui | T57: =IF(T56>0.05,"Oui","Non") -> Oui | U57: =IF(U56>0.05,"Oui","Non") -> Oui | V57: =IF(V56>0.05,"Oui","Non") -> Oui
A59: Statistical test used | C59: =IF($B57="Non",IF(C57="Non","MW",IF(C57="Oui","MW","")),IF($B57="Oui",IF(C57="Oui","T-Test Welch",IF(C57="Non","MW","")))) -> T-Test Welch | D59: =IF($B57="Non",IF(D57="Non","MW",IF(D57="Oui","MW","")),IF($B57="Oui",IF(D57="Oui","T-Test Welch",IF(D57="Non","MW","")))) -> MW | E59: =IF($B57="Non",IF(E57="Non","MW",IF(E57="Oui","MW","")),IF($B57="Oui",IF(E57="Oui","T-Test Welch",IF(E57="Non","MW","")))) -> T-Test Welch | F59: =IF($B57="Non",IF(F57="Non","MW",IF(F57="Oui","MW","")),IF($B57="Oui",IF(F57="Oui","T-Test Welch",IF(F57="Non","MW","")))) -> T-Test Welch | G59: =IF($B57="Non",IF(G57="Non","MW",IF(G57="Oui","MW","")),IF($B57="Oui",IF(G57="Oui","T-Test Welch",IF(G57="Non","MW","")))) -> T-Test Welch | H59: =IF($B57="Non",IF(H57="Non","MW",IF(H57="Oui","MW","")),IF($B57="Oui",IF(H57="Oui","T-Test Welch",IF(H57="Non","MW","")))) -> T-Test Welch | I59: =IF($B57="Non",IF(I57="Non","MW",IF(I57="Oui","MW","")),IF($B57="Oui",IF(I57="Oui","T-Test Welch",IF(I57="Non","MW","")))) -> T-Test Welch | J59: =IF($B57="Non",IF(J57="Non","MW",IF(J57="Oui","MW","")),IF($B57="Oui",IF(J57="Oui","T-Test Welch",IF(J57="Non","MW","")))) -> T-Test Welch | ... M59: =IF($B57="Non",IF(M57="Non","MW",IF(M57="Oui","MW","")),IF($B57="Oui",IF(M57="Oui","T-Test Welch",IF(M57="Non","MW","")))) -> MW | O59: =IF($B57="Non",IF(O57="Non","MW",IF(O57="Oui","MW","")),IF($B57="Oui",IF(O57="Oui","T-Test Welch",IF(O57="Non","MW","")))) -> T-Test Welch | P59: =IF($O57="Non",IF(P57="Non","MW",IF(P57="Oui","MW","")),IF($O57="Oui",IF(P57="Oui","T-Test Welch",IF(P57="Non","MW","")))) -> T-Test Welch | Q59: =IF($O57="Non",IF(Q57="Non","MW",IF(Q57="Oui","MW","")),IF($O57="Oui",IF(Q57="Oui","T-Test Welch",IF(Q57="Non","MW","")))) -> T-Test Welch | R59: =IF($O57="Non",IF(R57="Non","MW",IF(R57="Oui","MW","")),IF($O57="Oui",IF(R57="Oui","T-Test Welch",IF(R57="Non","MW","")))) -> T-Test Welch | S59: =IF($O57="Non",IF(S57="Non","MW",IF(S57="Oui","MW","")),IF($O57="Oui",IF(S57="Oui","T-Test Welch",IF(S57="Non","MW","")))) -> T-Test Welch | T59: =IF($O57="Non",IF(T57="Non","MW",IF(T57="Oui","MW","")),IF($O57="Oui",IF(T57="Oui","T-Test Welch",IF(T57="Non","MW","")))) -> T-Test Welch | U59: =IF($O57="Non",IF(U57="Non","MW",IF(U57="Oui","MW","")),IF($O57="Oui",IF(U57="Oui","T-Test Welch",IF(U57="Non","MW","")))) -> T-Test Welch | V59: =IF($O57="Non",IF(V57="Non","MW",IF(V57="Oui","MW","")),IF($O57="Oui",IF(V57="Oui","T-Test Welch",IF(V57="Non","MW","")))) -> T-Test Welch
A60: Statistical test : p value | C60: =IF(C59="MW",[1]!MTEST($B28:$B43,C28:C43,2), IF(C59="T-Test Welch",_xlfn.T.TEST($B28:$B43,C28:C43,2,3),"")) -> 0.2877006 | D60: =IF(D59="MW",[1]!MTEST($B28:$B43,D28:D43,2), IF(D59="T-Test Welch",_xlfn.T.TEST($B28:$B43,D28:D43,2,3),"")) -> 0.074203411 | E60: =IF(E59="MW",[1]!MTEST($B28:$B43,E28:E43,2), IF(E59="T-Test Welch",_xlfn.T.TEST($B28:$B43,E28:E43,2,3),"")) -> 0.0013064928 | F60: =IF(F59="MW",[1]!MTEST($B28:$B43,F28:F43,2), IF(F59="T-Test Welch",_xlfn.T.TEST($B28:$B43,F28:F43,2,3),"")) -> 0.00068793986 | G60: =IF(G59="MW",[1]!MTEST($B28:$B43,G28:G43,2), IF(G59="T-Test Welch",_xlfn.T.TEST($B28:$B43,G28:G43,2,3),"")) -> 0.00016480462 | H60: =IF(H59="MW",[1]!MTEST($B28:$B43,H28:H43,2), IF(H59="T-Test Welch",_xlfn.T.TEST($B28:$B43,H28:H43,2,3),"")) -> 0.00011986928 | I60: =IF(I59="MW",[1]!MTEST($B28:$B43,I28:I43,2), IF(I59="T-Test Welch",_xlfn.T.TEST($B28:$B43,I28:I43,2,3),"")) -> 0.50221256 | J60: =IF(J59="MW",[1]!MTEST($B28:$B43,J28:J43,2), IF(J59="T-Test Welch",_xlfn.T.TEST($B28:$B43,J28:J43,2,3),"")) -> 0.47774151 | ... M60: =IF(M59="MW",[1]!MTEST($B28:$B43,M28:M43,2), IF(M59="T-Test Welch",_xlfn.T.TEST($B28:$B43,M28:M43,2,3),"")) -> 1 | O60: =IF(O59="MW",[1]!MTEST($B28:$B43,O28:O43,2), IF(O59="T-Test Welch",_xlfn.T.TEST($B28:$B43,O28:O43,2,3),"")) -> 2.0700705e-06 | P60: =IF(P59="MW",[1]!MTEST($O28:$O43,P28:P43,2), IF(P59="T-Test Welch",_xlfn.T.TEST($O28:$O43,P28:P43,2,3),"")) -> 0.0027432282 | Q60: =IF(Q59="MW",[1]!MTEST($O28:$O43,Q28:Q43,2), IF(Q59="T-Test Welch",_xlfn.T.TEST($O28:$O43,Q28:Q43,2,3),"")) -> 1.8420644e-06 | R60: =IF(R59="MW",[1]!MTEST($O28:$O43,R28:R43,2), IF(R59="T-Test Welch",_xlfn.T.TEST($O28:$O43,R28:R43,2,3),"")) -> 0.51762692 | S60: =IF(S59="MW",[1]!MTEST($O28:$O43,S28:S43,2), IF(S59="T-Test Welch",_xlfn.T.TEST($O28:$O43,S28:S43,2,3),"")) -> 0.17161574 | T60: =IF(T59="MW",[1]!MTEST($O28:$O43,T28:T43,2), IF(T59="T-Test Welch",_xlfn.T.TEST($O28:$O43,T28:T43,2,3),"")) -> 0.75974109 | U60: =IF(U59="MW",[1]!MTEST($O28:$O43,U28:U43,2), IF(U59="T-Test Welch",_xlfn.T.TEST($O28:$O43,U28:U43,2,3),"")) -> 0.86611743 | V60: =IF(V59="MW",[1]!MTEST($O28:$O43,V28:V43,2), IF(V59="T-Test Welch",_xlfn.T.TEST($O28:$O43,V28:V43,2,3),"")) -> 0.09729027
A61: Annotation | C61: =IF(C60>0.05,"NS",IF(C60>0.01,"*",IF(C60>0.001,"**","***"))) -> NS | D61: =IF(D60>0.05,"NS",IF(D60>0.01,"*",IF(D60>0.001,"**","***"))) -> NS | E61: =IF(E60>0.05,"NS",IF(E60>0.01,"*",IF(E60>0.001,"**","***"))) -> ** | F61: =IF(F60>0.05,"NS",IF(F60>0.01,"*",IF(F60>0.001,"**","***"))) -> *** | G61: =IF(G60>0.05,"NS",IF(G60>0.01,"*",IF(G60>0.001,"**","***"))) -> *** | H61: =IF(H60>0.05,"NS",IF(H60>0.01,"*",IF(H60>0.001,"**","***"))) -> *** | I61: =IF(I60>0.05,"NS",IF(I60>0.01,"*",IF(I60>0.001,"**","***"))) -> NS | J61: =IF(J60>0.05,"NS",IF(J60>0.01,"*",IF(J60>0.001,"**","***"))) -> NS | ... M61: =IF(M60>0.05,"NS",IF(M60>0.01,"*",IF(M60>0.001,"**","***"))) -> NS | O61: =IF(O60>0.05,"NS",IF(O60>0.01,"*",IF(O60>0.001,"**","***"))) -> *** | P61: =IF(P60>0.05,"NS",IF(P60>0.01,"*",IF(P60>0.001,"**","***"))) -> ** | Q61: =IF(Q60>0.05,"NS",IF(Q60>0.01,"*",IF(Q60>0.001,"**","***"))) -> *** | R61: =IF(R60>0.05,"NS",IF(R60>0.01,"*",IF(R60>0.001,"**","***"))) -> NS | S61: =IF(S60>0.05,"NS",IF(S60>0.01,"*",IF(S60>0.001,"**","***"))) -> NS | T61: =IF(T60>0.05,"NS",IF(T60>0.01,"*",IF(T60>0.001,"**","***"))) -> NS | U61: =IF(U60>0.05,"NS",IF(U60>0.01,"*",IF(U60>0.001,"**","***"))) -> NS | V61: =IF(V60>0.05,"NS",IF(V60>0.01,"*",IF(V60>0.001,"**","***"))) -> NS

Sheet pooled normalised values
B3: Unspiked | O3: Testosterone spiked
B4: ='R1'!B4 -> Solvent control | C4: ='R1'!C4 -> EE2-33.8ng/L | D4: ='R1'!D4 -> EE2-50.6ng/L | E4: ='R1'!E4 -> EE2-76ng/L | F4: ='R1'!F4 -> EE2-114ng/L | G4: ='R1'!G4 -> EE2-170.9ng/L | H4: ='R1'!H4 -> EE2-488ng/L | I4: ='R1'!I4 -> Amantadine-0.001mg/L | ... M4: ='R1'!M4 -> Amantadine-10mg/L | O4: ='R1'!O4 -> Testo -30µg/L | P4: ='R1'!P4 -> Testo 30µg/L + EE2 -64ng/L | Q4: ='R1'!Q4 -> Testo 30µg/L + FAD-10mg/L | R4: ='R1'!R4 -> Amantadine-0.001mg/L + Testostérone | S4: ='R1'!S4 -> Amantadine-0.01mg/L + Testostérone | T4: ='R1'!T4 -> Amantadine-0.1mg/L + Testostérone | U4: ='R1'!U4 -> Amantadine-1mg/L + Testostérone | V4: ='R1'!V4 -> Amantadine-10mg/L + Testostérone
A6: Rep1 | B6: ='R1'!B28 -> 0.10923519 | C6: ='R1'!C28 -> 0.16289947 | D6: ='R1'!D28 -> 0.22671755 | E6: ='R1'!E28 -> 0.1564446 | F6: ='R1'!F28 -> 0.87179873 | G6: ='R1'!G28 -> 1.8149979 | H6: ='R1'!H28 -> 2.278 | I6: ='R1'!I28 -> 0.021505257 | ... M6: ='R1'!M28 -> 0.090143389 | O6: ='R1'!O28 -> 0.42558291 | P6: ='R1'!P28 -> 3.0084109 | Q6: ='R1'!Q28 -> 0.023126333 | R6: ='R1'!R28 -> 1.1124024 | S6: ='R1'!S28 -> 0.39949262 | T6: ='R1'!T28 -> 1.4723612 | U6: ='R1'!U28 -> 0.47037789 | V6: ='R1'!V28 -> 0.087902144
B7: ='R1'!B29 -> 0.00832862 | C7: ='R1'!C29 -> 0.32533184 | D7: ='R1'!D29 -> 0.25601957 | E7: ='R1'!E29 -> 0.44447747 | F7: ='R1'!F29 -> 2.443279 | G7: ='R1'!G29 -> 2.0869736 | H7: ='R1'!H29 -> 4.2710645 | I7: ='R1'!I29 -> 0.071582465 | ... M7: ='R1'!M29 -> 0.061046454 | O7: ='R1'!O29 -> 0.76092137 | P7: ='R1'!P29 -> 2.5385172 | Q7: ='R1'!Q29 -> 0.021609764 | R7: ='R1'!R29 -> 0.3486927 | S7: ='R1'!S29 -> 1.1751033 | T7: ='R1'!T29 -> 1.3914187 | U7: ='R1'!U29 -> 1.3312363 | V7: ='R1'!V29 -> 0.5975028
B8: ='R1'!B30 -> 0.010808316 | C8: ='R1'!C30 -> 0.02451877 | D8: ='R1'!D30 -> 0.87539708 | E8: ='R1'!E30 -> 0.16872631 | F8: ='R1'!F30 -> 2.1126346 | G8: ='R1'!G30 -> 3.2213925 | H8: ='R1'!H30 -> 4.0473139 | I8: ='R1'!I30 -> 0.28581469 | ... M8: ='R1'!M30 -> 0.052851288 | O8: ='R1'!O30 -> 1.8032485 | P8: ='R1'!P30 -> 2.4210653 | Q8: ='R1'!Q30 -> 0.03142208 | R8: ='R1'!R30 -> 0.52436206 | S8: ='R1'!S30 -> 1.3908982 | T8: ='R1'!T30 -> 1.3695465 | U8: ='R1'!U30 -> 0.14092516 | V8: ='R1'!V30 -> 0.73184896
B9: ='R1'!B31 -> 0.12458242 | C9: ='R1'!C31 -> 0.046032859 | D9: ='R1'!D31 -> 0.27856695 | E9: ='R1'!E31 -> 0.86946131 | F9: ='R1'!F31 -> 1.1273277 | G9: ='R1'!G31 -> 2.6658178 | H9: ='R1'!H31 -> 3.1329153 | I9: ='R1'!I31 -> 0.033191329 | ... M9: ='R1'!M31 -> 0.086051449 | O9: ='R1'!O31 -> 0.74659418 | P9: ='R1'!P31 -> 2.8495464 | Q9: ='R1'!Q31 -> 0.021541565 | R9: ='R1'!R31 -> 1.1198326 | S9: ='R1'!S31 -> 0.7209749 | T9: ='R1'!T31 -> 1.0540917 | U9: ='R1'!U31 -> 0.10358792 | V9: ='R1'!V31 -> 0.25797281
B10: ='R1'!B32 -> 0.07056733 | C10: ='R1'!C32 -> 0.055181339 | D10: ='R1'!D32 -> 0.23594698 | E10: ='R1'!E32 -> 0.65712689 | F10: ='R1'!F32 -> 1.3485647 | G10: ='R1'!G32 -> 2.4407758 | H10: ='R1'!H32 -> 3.1788505 | I10: ='R1'!I32 -> 0.038913177 | ... M10: ='R1'!M32 -> 0.08182262 | O10: ='R1'!O32 -> 0.84096149 | P10: ='R1'!P32 -> 4.3351441 | Q10: ='R1'!Q32 -> 0.060738822 | R10: ='R1'!R32 -> 0.26831207 | S10: ='R1'!S32 -> 0.59820491 | T10: ='R1'!T32 -> 0.42328672 | U10: ='R1'!U32 -> 0.54583347 | V10: ='R1'!V32 -> 0.18645952
B11: ='R1'!B33 -> 0.058213987 | C11: ='R1'!C33 -> 0.041865851 | D11: ='R1'!D33 -> 0.37353529 | E11: ='R1'!E33 -> 1.2320514 | F11: ='R1'!F33 -> 1.8307303 | G11: ='R1'!G33 -> 2.0322 | H11: ='R1'!H33 -> 2.8903363 | I11: ='R1'!I33 -> 0.057374011 | ... M11: ='R1'!M33 -> 0.0099447893 | O11: ='R1'!O33 -> 1.0268519 | P11: ='R1'!P33 -> 3.3605287 | Q11: ='R1'!Q33 -> 0.075768118 | R11: ='R1'!R33 -> 0.4947264 | S11: ='R1'!S33 -> 2.0131739 | T11: ='R1'!T33 -> 0.99568443 | U11: ='R1'!U33 -> 0.30819868 | V11: ='R1'!V33 -> 0.0048175976
B12: ='R1'!B34 -> 0.10893148 | C12: ='R1'!C34 -> 0.0053278636 | D12: ='R1'!D34 -> 0.21613787 | E12: ='R1'!E34 -> 0.21754404 | F12: ='R1'!F34 -> 1.7821902 | G12: ='R1'!G34 -> 2.5774658 | H12: ='R1'!H34 -> 2.8385428 | I12: ='R1'!I34 -> 0.057268523 | ... M12: ='R1'!M34 -> 0.038327843 | O12: ='R1'!O34 -> 0.024045793 | P12: ='R1'!P34 -> 2.4248423 | Q12: ='R1'!Q34 -> 0.0040306105 | R12: ='R1'!R34 -> 0.33035207 | S12: ='R1'!S34 -> 0.49816923 | T12: ='R1'!T34 -> 1.3292468 | U12: ='R1'!U34 -> 1.5908199 | V12: ='R1'!V34 -> 0.82847322
B13: ='R1'!B35 | C13: ='R1'!C35 | D13: ='R1'!D35 | E13: ='R1'!E35 | F13: ='R1'!F35 | G13: ='R1'!G35 | H13: ='R1'!H35 | I13: ='R1'!I35 | ... M13: ='R1'!M35 | O13: ='R1'!O35 -> 1.592756 | P13: ='R1'!P35 | Q13: ='R1'!Q35 | R13: ='R1'!R35 -> 1.8391639 | S13: ='R1'!S35 -> 1.5315785 | T13: ='R1'!T35 -> 0.61128293 | U13: ='R1'!U35 -> 0.25521149 | V13: ='R1'!V35 -> 0.76209449
B14: ='R1'!B36 | C14: ='R1'!C36 | D14: ='R1'!D36 | E14: ='R1'!E36 | F14: ='R1'!F36 | G14: ='R1'!G36 | H14: ='R1'!H36 | I14: ='R1'!I36 | ... M14: ='R1'!M36 | O14: ='R1'!O36 -> 1.8720211 | P14: ='R1'!P36 | Q14: ='R1'!Q36 | R14: ='R1'!R36 | S14: ='R1'!S36 | T14: ='R1'!T36 | U14: ='R1'!U36 | V14: ='R1'!V36
B15: ='R1'!B37 | C15: ='R1'!C37 | D15: ='R1'!D37 | E15: ='R1'!E37 | F15: ='R1'!F37 | G15: ='R1'!G37 | H15: ='R1'!H37 | I15: ='R1'!I37 | ... M15: ='R1'!M37 | O15: ='R1'!O37 -> 1.4936849 | P15: ='R1'!P37 | Q15: ='R1'!Q37 | R15: ='R1'!R37 | S15: ='R1'!S37 | T15: ='R1'!T37 | U15: ='R1'!U37 | V15: ='R1'!V37
B16: ='R1'!B38 | C16: ='R1'!C38 | D16: ='R1'!D38 | E16: ='R1'!E38 | F16: ='R1'!F38 | G16: ='R1'!G38 | H16: ='R1'!H38 | I16: ='R1'!I38 | ... M16: ='R1'!M38 | O16: ='R1'!O38 -> 0.26129003 | P16: ='R1'!P38 | Q16: ='R1'!Q38 | R16: ='R1'!R38 | S16: ='R1'!S38 | T16: ='R1'!T38 | U16: ='R1'!U38 | V16: ='R1'!V38
B17: ='R1'!B39 | C17: ='R1'!C39 | D17: ='R1'!D39 | E17: ='R1'!E39 | F17: ='R1'!F39 | G17: ='R1'!G39 | H17: ='R1'!H39 | I17: ='R1'!I39 | ... M17: ='R1'!M39 | O17: ='R1'!O39 -> 1.3779507 | P17: ='R1'!P39 | Q17: ='R1'!Q39 | R17: ='R1'!R39 | S17: ='R1'!S39 | T17: ='R1'!T39 | U17: ='R1'!U39 | V17: ='R1'!V39
B18: ='R1'!B40 | C18: ='R1'!C40 | D18: ='R1'!D40 | E18: ='R1'!E40 | F18: ='R1'!F40 | G18: ='R1'!G40 | H18: ='R1'!H40 | I18: ='R1'!I40 | ... M18: ='R1'!M40 | O18: ='R1'!O40 -> 0.021408601 | P18: ='R1'!P40 | Q18: ='R1'!Q40 | R18: ='R1'!R40 | S18: ='R1'!S40 | T18: ='R1'!T40 | U18: ='R1'!U40 | V18: ='R1'!V40
... B21: ='R1'!B43 | C21: ='R1'!C43 | D21: ='R1'!D43 | E21: ='R1'!E43 | F21: ='R1'!F43 | G21: ='R1'!G43 | H21: ='R1'!H43 | I21: ='R1'!I43 | ... M21: ='R1'!M43 | O21: ='R1'!O43 | P21: ='R1'!P43 | Q21: ='R1'!Q43 | R21: ='R1'!R43 | S21: ='R1'!S43 | T21: ='R1'!T43 | U21: ='R1'!U43 | V21: ='R1'!V43
A22: Rep2 | B22: ='R2'!B28 -> 0.089832952 | C22: ='R2'!C28 -> 0.017244494 | D22: ='R2'!D28 -> 0.028222517 | E22: ='R2'!E28 -> 1.049209 | F22: ='R2'!F28 -> 0.3483685 | G22: ='R2'!G28 -> 1.3635094 | H22: ='R2'!H28 -> 1.289477 | I22: ='R2'!I28 -> 0.011035711 | ... M22: ='R2'!M28 -> 0.0067223799 | O22: ='R2'!O28 -> 1.1943329 | P22: ='R2'!P28 -> 1.8441645 | Q22: ='R2'!Q28 -> 0.034852773 | R22: ='R2'!R28 -> 0.045971484 | S22: ='R2'!S28 -> 0.47678538 | T22: ='R2'!T28 -> 0.072258815 | U22: ='R2'!U28 -> 0.73589958 | V22: ='R2'!V28 -> 1.6306604
B23: ='R2'!B29 -> 0.0079299948 | C23: ='R2'!C29 -> 0.23654448 | D23: ='R2'!D29 -> 0.40172077 | E23: ='R2'!E29 -> 0.46238377 | F23: ='R2'!F29 -> 2.7547877 | G23: ='R2'!G29 -> 1.783113 | H23: ='R2'!H29 -> 1.766939 | I23: ='R2'!I29 -> 0.15834619 | ... M23: ='R2'!M29 -> 0.06617041 | O23: ='R2'!O29 -> 1.559711 | P23: ='R2'!P29 -> 2.3060076 | Q23: ='R2'!Q29 -> 0.020847619 | R23: ='R2'!R29 -> 0.76054369 | S23: ='R2'!S29 -> 0.67132941 | T23: ='R2'!T29 -> 0.83787873 | U23: ='R2'!U29 -> 1.3908448 | V23: ='R2'!V29 -> 1.5289438
B24: ='R2'!B30 -> 0.16032081 | C24: ='R2'!C30 -> 0.076568025 | D24: ='R2'!D30 -> 0.078676274 | E24: ='R2'!E30 -> 0.30080472 | F24: ='R2'!F30 -> 1.774472 | G24: ='R2'!G30 -> 0.80359812 | H24: ='R2'!H30 -> 3.035299 | I24: ='R2'!I30 -> 0.014500209 | ... M24: ='R2'!M30 -> 0.035559447 | O24: ='R2'!O30 -> 1.2775247 | P24: ='R2'!P30 -> 1.8019701 | Q24: ='R2'!Q30 -> 0.059871564 | R24: ='R2'!R30 -> 0.92626654 | S24: ='R2'!S30 -> 0.040346641 | T24: ='R2'!T30 -> 0.39138938 | U24: ='R2'!U30 -> 1.0800598 | V24: ='R2'!V30 -> 1.0061599
B25: ='R2'!B31 -> 0.33784168 | C25: ='R2'!C31 -> 0.0079441224 | D25: ='R2'!D31 -> 1.6850257 | E25: ='R2'!E31 -> 1.1274173 | F25: ='R2'!F31 -> 0.90680461 | G25: ='R2'!G31 -> 1.3183776 | H25: ='R2'!H31 -> 2.0070825 | I25: ='R2'!I31 -> 0.018473006 | ... M25: ='R2'!M31 -> 0.092159002 | O25: ='R2'!O31 -> 1.0636692 | P25: ='R2'!P31 -> 2.0734489 | Q25: ='R2'!Q31 -> 0.097256414 | R25: ='R2'!R31 -> 0.69064683 | S25: ='R2'!S31 -> 1.2340076 | T25: ='R2'!T31 -> 0.17506737 | U25: ='R2'!U31 -> 0.24427816 | V25: ='R2'!V31 -> 1.1859417
B26: ='R2'!B32 -> 0.019912843 | C26: ='R2'!C32 -> 0.029130803 | D26: ='R2'!D32 -> 0.038616894 | E26: ='R2'!E32 -> 0.11579329 | F26: ='R2'!F32 -> 0.71642233 | G26: ='R2'!G32 -> 1.4558417 | H26: ='R2'!H32 -> 3.4139439 | I26: ='R2'!I32 -> 0.012449647 | ... M26: ='R2'!M32 -> 0.080466946 | O26: ='R2'!O32 -> 0.91971311 | P26: ='R2'!P32 -> 2.377624 | Q26: ='R2'!Q32 -> 0.013208711 | R26: ='R2'!R32 -> 0.36918463 | S26: ='R2'!S32 -> 0.81147308 | T26: ='R2'!T32 -> 0.36044759 | U26: ='R2'!U32 -> 0.68967939 | V26: ='R2'!V32 -> 1.3009112
B27: ='R2'!B33 -> 0.16677212 | C27: ='R2'!C33 -> 0.043582154 | D27: ='R2'!D33 -> 0.05820804 | E27: ='R2'!E33 -> 0.15410291 | F27: ='R2'!F33 -> 0.84740279 | G27: ='R2'!G33 -> 1.2910007 | H27: ='R2'!H33 -> 1.729887 | I27: ='R2'!I33 -> 0.037634732 | ... M27: ='R2'!M33 -> 0.010415568 | O27: ='R2'!O33 -> 1.2106347 | P27: ='R2'!P33 -> 2.2979923 | Q27: ='R2'!Q33 -> 0.11403234 | R27: ='R2'!R33 -> 0.79536232 | S27: ='R2'!S33 -> 0.82610926 | T27: ='R2'!T33 -> 0.51219237 | U27: ='R2'!U33 -> 1.0735938 | V27: ='R2'!V33 -> 2.0434669
B28: ='R2'!B34 -> 0.073190647 | C28: ='R2'!C34 -> 0.026707333 | D28: ='R2'!D34 -> 0.04601887 | E28: ='R2'!E34 -> 0.48480897 | F28: ='R2'!F34 -> 0.2409826 | G28: ='R2'!G34 -> 1.6676629 | H28: ='R2'!H34 -> 2.0227526 | I28: ='R2'!I34 -> 0.12550542 | ... M28: ='R2'!M34 -> 0.082929268 | O28: ='R2'!O34 -> 0.40699242 | P28: ='R2'!P34 -> 3.0381496 | Q28: ='R2'!Q34 -> 0.02669762 | R28: ='R2'!R34 -> 0.12622534 | S28: ='R2'!S34 -> 0.70170933 | T28: ='R2'!T34 -> 0.74574298 | U28: ='R2'!U34 -> 1.3135192 | V28: ='R2'!V34 -> 0.78541149
B29: ='R2'!B35 -> 0.020983303 | C29: ='R2'!C35 -> 0.11457684 | D29: ='R2'!D35 -> 0.020551822 | E29: ='R2'!E35 -> 0.37387028 | F29: ='R2'!F35 -> 1.9048794 | G29: ='R2'!G35 -> 0.80399752 | H29: ='R2'!H35 -> 2.9401264 | I29: ='R2'!I35 -> 0.0065325404 | ... M29: ='R2'!M35 -> 0.094748766 | O29: ='R2'!O35 -> 1.2422985 | P29: ='R2'!P35 -> 2.2873065 | Q29: ='R2'!Q35 -> 0.15193609 | R29: ='R2'!R35 -> 0.95514452 | S29: ='R2'!S35 -> 1.2508451 | T29: ='R2'!T35 -> 0.0014607343 | U29: ='R2'!U35 -> 0.76626566 | V29: ='R2'!V35 -> 1.2290117
B30: ='R2'!B36 | C30: ='R2'!C36 | D30: ='R2'!D36 | E30: ='R2'!E36 | F30: ='R2'!F36 | G30: ='R2'!G36 | H30: ='R2'!H36 | I30: ='R2'!I36 | ... M30: ='R2'!M36 | O30: ='R2'!O36 -> 0.55871866 | P30: ='R2'!P36 | Q30: ='R2'!Q36 | R30: ='R2'!R36 | S30: ='R2'!S36 | T30: ='R2'!T36 | U30: ='R2'!U36 | V30: ='R2'!V36
B31: ='R2'!B37 | C31: ='R2'!C37 | D31: ='R2'!D37 | E31: ='R2'!E37 | F31: ='R2'!F37 | G31: ='R2'!G37 | H31: ='R2'!H37 | I31: ='R2'!I37 | ... M31: ='R2'!M37 | O31: ='R2'!O37 -> 1.4340255 | P31: ='R2'!P37 | Q31: ='R2'!Q37 | R31: ='R2'!R37 | S31: ='R2'!S37 | T31: ='R2'!T37 | U31: ='R2'!U37 | V31: ='R2'!V37
B32: ='R2'!B38 | C32: ='R2'!C38 | D32: ='R2'!D38 | E32: ='R2'!E38 | F32: ='R2'!F38 | G32: ='R2'!G38 | H32: ='R2'!H38 | I32: ='R2'!I38 | ... M32: ='R2'!M38 | O32: ='R2'!O38 -> 0.99577784 | P32: ='R2'!P38 | Q32: ='R2'!Q38 | R32: ='R2'!R38 | S32: ='R2'!S38 | T32: ='R2'!T38 | U32: ='R2'!U38 | V32: ='R2'!V38
B33: ='R2'!B39 | C33: ='R2'!C39 | D33: ='R2'!D39 | E33: ='R2'!E39 | F33: ='R2'!F39 | G33: ='R2'!G39 | H33: ='R2'!H39 | I33: ='R2'!I39 | ... M33: ='R2'!M39 | O33: ='R2'!O39 -> 1.0928094 | P33: ='R2'!P39 | Q33: ='R2'!Q39 | R33: ='R2'!R39 | S33: ='R2'!S39 | T33: ='R2'!T39 | U33: ='R2'!U39 | V33: ='R2'!V39
B34: ='R2'!B40 | C34: ='R2'!C40 | D34: ='R2'!D40 | E34: ='R2'!E40 | F34: ='R2'!F40 | G34: ='R2'!G40 | H34: ='R2'!H40 | I34: ='R2'!I40 | ... M34: ='R2'!M40 | O34: ='R2'!O40 -> 0.90635782 | P34: ='R2'!P40 | Q34: ='R2'!Q40 | R34: ='R2'!R40 | S34: ='R2'!S40 | T34: ='R2'!T40 | U34: ='R2'!U40 | V34: ='R2'!V40
... B37: ='R2'!B43 | C37: ='R2'!C43 | D37: ='R2'!D43 | E37: ='R2'!E43 | F37: ='R2'!F43 | G37: ='R2'!G43 | H37: ='R2'!H43 | I37: ='R2'!I43 | ... M37: ='R2'!M43 | O37: ='R2'!O43 -> 0.07591845 | P37: ='R2'!P43 | Q37: ='R2'!Q43 | R37: ='R2'!R43 | S37: ='R2'!S43 | T37: ='R2'!T43 | U37: ='R2'!U43 | V37: ='R2'!V43
A38: Rep3 | B38: ='R3'!B28 -> 0.018530627 | C38: ='R3'!C28 -> 0.0054183251 | D38: ='R3'!D28 -> 0.5869537 | E38: ='R3'!E28 -> 0.60374803 | F38: ='R3'!F28 -> 1.4914019 | G38: ='R3'!G28 -> 0.93152855 | H38: ='R3'!H28 -> 2.5808706 | I38: ='R3'!I28 -> 0.031665167 | ... M38: ='R3'!M28 -> 0.035762691 | O38: ='R3'!O28 -> 0.64005767 | P38: ='R3'!P28 -> 1.19956 | Q38: ='R3'!Q28 -> 0.04096792 | R38: ='R3'!R28 -> 0.4861894 | S38: ='R3'!S28 -> 0.75313847 | T38: ='R3'!T28 -> 1.5086185 | U38: ='R3'!U28 -> 1.5315042 | V38: ='R3'!V28 -> 1.3561461
B39: ='R3'!B29 -> 0.071590972 | C39: ='R3'!C29 -> 0.20208821 | D39: ='R3'!D29 -> 0.04929077 | E39: ='R3'!E29 -> 0.58541727 | F39: ='R3'!F29 -> 1.6687355 | G39: ='R3'!G29 -> 1.2596032 | H39: ='R3'!H29 -> 2.6621092 | I39: ='R3'!I29 -> 0.12516477 | ... M39: ='R3'!M29 -> 0.0060840743 | O39: ='R3'!O29 -> 2.199096 | P39: ='R3'!P29 -> 2.6152998 | Q39: ='R3'!Q29 -> 0.0073468863 | R39: ='R3'!R29 -> 1.3919128 | S39: ='R3'!S29 -> 0.14379562 | T39: ='R3'!T29 -> 0.80354201 | U39: ='R3'!U29 -> 1.3763737 | V39: ='R3'!V29 -> 1.6285073
B40: ='R3'!B30 -> 0.012722705 | C40: ='R3'!C30 -> 0.058892195 | D40: ='R3'!D30 -> 0.19034964 | E40: ='R3'!E30 -> 0.91879768 | F40: ='R3'!F30 -> 1.0832585 | G40: ='R3'!G30 -> 2.7217763 | H40: ='R3'!H30 -> 1.786094 | I40: ='R3'!I30 -> 0.0043193465 | ... M40: ='R3'!M30 -> 0.014868022 | O40: ='R3'!O30 -> 0.83230491 | P40: ='R3'!P30 -> 1.6767208 | Q40: ='R3'!Q30 -> 0.03825172 | R40: ='R3'!R30 -> 1.1131553 | S40: ='R3'!S30 -> 1.2699292 | T40: ='R3'!T30 -> 1.0972094 | U40: ='R3'!U30 -> 0.7385618 | V40: ='R3'!V30 -> 1.6434187
B41: ='R3'!B31 -> 0.12281734 | C41: ='R3'!C31 -> 0.089872753 | D41: ='R3'!D31 -> 0.12915054 | E41: ='R3'!E31 -> 0.53379398 | F41: ='R3'!F31 -> 2.3291732 | G41: ='R3'!G31 -> 1.2000746 | H41: ='R3'!H31 -> 3.4761545 | I41: ='R3'!I31 -> 0.038536036 | ... M41: ='R3'!M31 -> 0.18803626 | O41: ='R3'!O31 -> 0.76866239 | P41: ='R3'!P31 -> 1.4097909 | Q41: ='R3'!Q31 -> 0.043448223 | R41: ='R3'!R31 -> 0.36513144 | S41: ='R3'!S31 -> 0.89368388 | T41: ='R3'!T31 -> 0.42877424 | U41: ='R3'!U31 -> 2.1349172 | V41: ='R3'!V31 -> 1.4790795
B42: ='R3'!B32 -> 0.00659162 | C42: ='R3'!C32 -> 0.016398259 | D42: ='R3'!D32 -> 0.10926252 | E42: ='R3'!E32 -> 0.3016277 | F42: ='R3'!F32 -> 1.4947019 | G42: ='R3'!G32 -> 1.1408406 | H42: ='R3'!H32 -> 2.5946898 | I42: ='R3'!I32 -> 0.01087043 | ... M42: ='R3'!M32 -> 0.0042340518 | O42: ='R3'!O32 -> 0.83769593 | P42: ='R3'!P32 -> 1.6840711 | Q42: ='R3'!Q32 -> 0.11353091 | R42: ='R3'!R32 -> 0.49689487 | S42: ='R3'!S32 -> 0.016346463 | T42: ='R3'!T32 -> 0.37403136 | U42: ='R3'!U32 -> 0.87489005 | V42: ='R3'!V32 -> 1.9739785
B43: ='R3'!B33 -> 0.005555416 | C43: ='R3'!C33 -> 0.19022493 | D43: ='R3'!D33 -> 0.055514468 | E43: ='R3'!E33 -> 0.78660721 | F43: ='R3'!F33 -> 0.35130187 | G43: ='R3'!G33 -> 1.7095404 | H43: ='R3'!H33 -> 2.1370392 | I43: ='R3'!I33 -> 0.011624008 | ... M43: ='R3'!M33 -> 0.20351317 | O43: ='R3'!O33 -> 0.67319988 | P43: ='R3'!P33 -> 1.8006543 | Q43: ='R3'!Q33 -> 0.0056043971 | R43: ='R3'!R33 -> 1.4990418 | S43: ='R3'!S33 -> 0.2577682 | T43: ='R3'!T33 -> 2.084257 | U43: ='R3'!U33 -> 0.33263613 | V43: ='R3'!V33 -> 1.1845217
B44: ='R3'!B34 -> 0.16653017 | C44: ='R3'!C34 -> 0.034078754 | D44: ='R3'!D34 -> 0.065076202 | E44: ='R3'!E34 -> 0.4853905 | F44: ='R3'!F34 -> 0.67702406 | G44: ='R3'!G34 -> 1.8809681 | H44: ='R3'!H34 -> 3.3682933 | I44: ='R3'!I34 -> 0.058802115 | ... M44: ='R3'!M34 -> 0.026376895 | O44: ='R3'!O34 -> 0.82863245 | P44: ='R3'!P34 -> 1.7873937 | Q44: ='R3'!Q34 -> 0.026641788 | R44: ='R3'!R34 -> 1.0285489 | S44: ='R3'!S34 -> 1.249208 | T44: ='R3'!T34 -> 0.42338575 | U44: ='R3'!U34 -> 0.13562984 | V44: ='R3'!V34 -> 0.51154839
B45: ='R3'!B35 -> 0.060991345 | C45: ='R3'!C35 -> 0.19139738 | D45: ='R3'!D35 -> 0.12495759 | E45: ='R3'!E35 -> 1.4858341 | F45: ='R3'!F35 -> 1.2528244 | G45: ='R3'!G35 -> 1.325397 | H45: ='R3'!H35 -> 0.75719771 | I45: ='R3'!I35 -> 0.044424186 | ... M45: ='R3'!M35 -> 0.024110533 | O45: ='R3'!O35 -> 1.4012896 | P45: ='R3'!P35 -> 2.8387407 | Q45: ='R3'!Q35 -> 0.056373608 | R45: ='R3'!R35 -> 0.54170134 | S45: ='R3'!S35 -> 0.9329186 | T45: ='R3'!T35 -> 0.65245693 | U45: ='R3'!U35 -> 0.50021883 | V45: ='R3'!V35 -> 1.0738573
B46: ='R3'!B36 | C46: ='R3'!C36 | D46: ='R3'!D36 | E46: ='R3'!E36 | F46: ='R3'!F36 | G46: ='R3'!G36 | H46: ='R3'!H36 | I46: ='R3'!I36 | ... M46: ='R3'!M36 | O46: ='R3'!O36 -> 0.35391476 | P46: ='R3'!P36 | Q46: ='R3'!Q36 | R46: ='R3'!R36 | S46: ='R3'!S36 | T46: ='R3'!T36 | U46: ='R3'!U36 | V46: ='R3'!V36
B47: ='R3'!B37 | C47: ='R3'!C37 | D47: ='R3'!D37 | E47: ='R3'!E37 | F47: ='R3'!F37 | G47: ='R3'!G37 | H47: ='R3'!H37 | I47: ='R3'!I37 | ... M47: ='R3'!M37 | O47: ='R3'!O37 -> 1.0323396 | P47: ='R3'!P37 | Q47: ='R3'!Q37 | R47: ='R3'!R37 | S47: ='R3'!S37 | T47: ='R3'!T37 | U47: ='R3'!U37 | V47: ='R3'!V37
B48: ='R3'!B38 | C48: ='R3'!C38 | D48: ='R3'!D38 | E48: ='R3'!E38 | F48: ='R3'!F38 | G48: ='R3'!G38 | H48: ='R3'!H38 | I48: ='R3'!I38 | ... M48: ='R3'!M38 | O48: ='R3'!O38 -> 1.4830655 | P48: ='R3'!P38 | Q48: ='R3'!Q38 | R48: ='R3'!R38 | S48: ='R3'!S38 | T48: ='R3'!T38 | U48: ='R3'!U38 | V48: ='R3'!V38
B49: ='R3'!B39 | C49: ='R3'!C39 | D49: ='R3'!D39 | E49: ='R3'!E39 | F49: ='R3'!F39 | G49: ='R3'!G39 | H49: ='R3'!H39 | I49: ='R3'!I39 | ... M49: ='R3'!M39 | O49: ='R3'!O39 -> 1.28887 | P49: ='R3'!P39 | Q49: ='R3'!Q39 | R49: ='R3'!R39 | S49: ='R3'!S39 | T49: ='R3'!T39 | U49: ='R3'!U39 | V49: ='R3'!V39
B50: ='R3'!B40 | C50: ='R3'!C40 | D50: ='R3'!D40 | E50: ='R3'!E40 | F50: ='R3'!F40 | G50: ='R3'!G40 | H50: ='R3'!H40 | I50: ='R3'!I40 | ... M50: ='R3'!M40 | O50: ='R3'!O40 -> 0.2271885 | P50: ='R3'!P40 | Q50: ='R3'!Q40 | R50: ='R3'!R40 | S50: ='R3'!S40 | T50: ='R3'!T40 | U50: ='R3'!U40 | V50: ='R3'!V40
... B53: ='R3'!B43 | C53: ='R3'!C43 | D53: ='R3'!D43 | E53: ='R3'!E43 | F53: ='R3'!F43 | G53: ='R3'!G43 | H53: ='R3'!H43 | I53: ='R3'!I43 | ... M53: ='R3'!M43 | O53: ='R3'!O43 -> 1.188714 | P53: ='R3'!P43 | Q53: ='R3'!Q43 | R53: ='R3'!R43 | S53: ='R3'!S43 | T53: ='R3'!T43 | U53: ='R3'!U43 | V53: ='R3'!V43
A55: Group names | B55: =B4 -> Solvent control | C55: =C4 -> EE2-33.8ng/L | D55: =D4 -> EE2-50.6ng/L | E55: =E4 -> EE2-76ng/L | F55: =F4 -> EE2-114ng/L | G55: =G4 -> EE2-170.9ng/L | H55: =H4 -> EE2-488ng/L | I55: =I4 -> Amantadine-0.001mg/L | ... M55: =M4 -> Amantadine-10mg/L | O55: =O4 -> Testo -30µg/L | P55: =P4 -> Testo 30µg/L + EE2 -64ng/L | Q55: =Q4 -> Testo 30µg/L + FAD-10mg/L | R55: =R4 -> Amantadine-0.001mg/L + Testostérone | S55: =S4 -> Amantadine-0.01mg/L + Testostérone | T55: =T4 -> Amantadine-0.1mg/L + Testostérone | U55: =U4 -> Amantadine-1mg/L + Testostérone | V55: =V4 -> Amantadine-10mg/L + Testostérone
A56: Mean | B56: =AVERAGE(B6:B53) -> 0.079686169 | C56: =AVERAGE(C6:C53) -> 0.087035959 | D56: =AVERAGE(D6:D53) -> 0.26651816 | E56: =AVERAGE(E6:E53) -> 0.58762777 | F56: =AVERAGE(F6:F53) -> 1.3634377 | G56: =AVERAGE(G6:G53) -> 1.7172371 | H56: =AVERAGE(H6:H53) -> 2.6176078 | I56: =AVERAGE(I6:I53) -> 0.055457955 | ... M56: =AVERAGE(M6:M53) -> 0.060536753 | O56: =AVERAGE(O6:O53) -> 1 | P56: =AVERAGE(P6:P53) -> 2.3468239 | Q56: =AVERAGE(Q6:Q53) -> 0.04735243 | R56: =AVERAGE(R6:R53) -> 0.73457356 | S56: =AVERAGE(S6:S53) -> 0.82737457 | T56: =AVERAGE(T6:T53) -> 0.79648467 | U56: =AVERAGE(U6:U53) -> 0.81937762 | V56: =AVERAGE(V6:V53) -> 1.0424432
A57: SD | B57: =STDEV(B6:B53) -> 0.078638129 | C57: =STDEV(C6:C53) -> 0.088194296 | D57: =STDEV(D6:D53) -> 0.37043409 | E57: =STDEV(E6:E53) -> 0.37773636 | F57: =STDEV(F6:F53) -> 0.695642 | G57: =STDEV(G6:G53) -> 0.65702403 | H57: =STDEV(H6:H53) -> 0.85811263 | I57: =STDEV(I6:I53) -> 0.064910778 | ... M57: =STDEV(M6:M53) -> 0.053194395 | O57: =STDEV(O6:O53) -> 0.51722881 | P57: =STDEV(P6:P53) -> 0.70189274 | Q57: =STDEV(Q6:Q53) -> 0.03924707 | R57: =STDEV(R6:R53) -> 0.45446122 | S57: =STDEV(S6:S53) -> 0.49640182 | T57: =STDEV(T6:T53) -> 0.52809244 | U57: =STDEV(U6:U53) -> 0.55288133 | V57: =STDEV(V6:V53) -> 0.5783612
A58: SEM | B58: =B57/SQRT(COUNT(B6:B53)) -> 0.016397183 | C58: =C57/SQRT(COUNT(C6:C53)) -> 0.018389782 | D58: =D57/SQRT(COUNT(D6:D53)) -> 0.077240848 | E58: =E57/SQRT(COUNT(E6:E53)) -> 0.078763476 | F58: =F57/SQRT(COUNT(F6:F53)) -> 0.14505138 | G58: =G57/SQRT(COUNT(G6:G53)) -> 0.13699898 | H58: =H57/SQRT(COUNT(H6:H53)) -> 0.17892885 | I58: =I57/SQRT(COUNT(I6:I53)) -> 0.013534833 | ... M58: =M57/SQRT(COUNT(M6:M53)) -> 0.011091798 | O58: =O57/SQRT(COUNT(O6:O53)) -> 0.076261228 | P58: =P57/SQRT(COUNT(P6:P53)) -> 0.14635475 | Q58: =Q57/SQRT(COUNT(Q6:Q53)) -> 0.0081835799 | R58: =R57/SQRT(COUNT(R6:R53)) -> 0.092766508 | S58: =S57/SQRT(COUNT(S6:S53)) -> 0.1013276 | T58: =T57/SQRT(COUNT(T6:T53)) -> 0.10779642 | U58: =U57/SQRT(COUNT(U6:U53)) -> 0.11285643 | V58: =V57/SQRT(COUNT(V6:V53)) -> 0.11805749
A62: Group names | B62: =B4 -> Solvent control | C62: =C4 -> EE2-33.8ng/L | D62: =D4 -> EE2-50.6ng/L | E62: =E4 -> EE2-76ng/L | F62: =F4 -> EE2-114ng/L | G62: =G4 -> EE2-170.9ng/L | H62: =H4 -> EE2-488ng/L | I62: =I4 -> Amantadine-0.001mg/L | ... M62: =M4 -> Amantadine-10mg/L | O62: =O4 -> Testo -30µg/L | P62: =P4 -> Testo 30µg/L + EE2 -64ng/L | Q62: =Q4 -> Testo 30µg/L + FAD-10mg/L | R62: =R4 -> Amantadine-0.001mg/L + Testostérone | S62: =S4 -> Amantadine-0.01mg/L + Testostérone | T62: =T4 -> Amantadine-0.1mg/L + Testostérone | U62: =U4 -> Amantadine-1mg/L + Testostérone | V62: =V4 -> Amantadine-10mg/L + Testostérone
A63: N | B63: =COUNT(B6:B53) -> 23 | C63: =COUNT(C6:C53) -> 23 | D63: =COUNT(D6:D53) -> 23 | E63: =COUNT(E6:E53) -> 23 | F63: =COUNT(F6:F53) -> 23 | G63: =COUNT(G6:G53) -> 23 | H63: =COUNT(H6:H53) -> 23 | I63: =COUNT(I6:I53) -> 23 | ... M63: =COUNT(M6:M53) -> 23 | O63: =COUNT(O6:O53) -> 46 | P63: =COUNT(P6:P53) -> 23 | Q63: =COUNT(Q6:Q53) -> 23 | R63: =COUNT(R6:R53) -> 24 | S63: =COUNT(S6:S53) -> 24 | T63: =COUNT(T6:T53) -> 24 | U63: =COUNT(U6:U53) -> 24 | V63: =COUNT(V6:V53) -> 24
B64: =IF(B63>=21,"OK","ATTENTION") -> OK | C64: =IF(C63>=21,"OK","ATTENTION") -> OK | D64: =IF(D63>=21,"OK","ATTENTION") -> OK | E64: =IF(E63>=21,"OK","ATTENTION") -> OK | F64: =IF(F63>=21,"OK","ATTENTION") -> OK | G64: =IF(G63>=21,"OK","ATTENTION") -> OK | H64: =IF(H63>=21,"OK","ATTENTION") -> OK | I64: =IF(I63>=21,"OK","ATTENTION") -> OK | ... M64: =IF(M63>=21,"OK","ATTENTION") -> OK | O64: =IF(O63>=41,"OK","ATTENTION") -> OK | P64: =IF(P63>=21,"OK","ATTENTION") -> OK | Q64: =IF(Q63>=21,"OK","ATTENTION") -> OK | R64: =IF(R63>=21,"OK","ATTENTION") -> OK | S64: =IF(S63>=21,"OK","ATTENTION") -> OK | T64: =IF(T63>=21,"OK","ATTENTION") -> OK | U64: =IF(U63>=21,"OK","ATTENTION") -> OK | V64: =IF(V63>=21,"OK","ATTENTION") -> OK
J73: 1 | K73: 2 | L73: 3 | M73: 4 | R73: 1 | S73: 2 | T73: 3 | U73: 4 | V73: 5
A74: Group Name | B74: =B4 -> Solvent control | C74: =C4 -> EE2-33.8ng/L | D74: =D4 -> EE2-50.6ng/L | E74: =E4 -> EE2-76ng/L | F74: =F4 -> EE2-114ng/L | G74: =G4 -> EE2-170.9ng/L | H74: =H4 -> EE2-488ng/L | I74: =I4 -> Amantadine-0.001mg/L | ... M74: =M4 -> Amantadine-10mg/L | O74: =O4 -> Testo -30µg/L | P74: =P4 -> Testo 30µg/L + EE2 -64ng/L | Q74: =Q4 -> Testo 30µg/L + FAD-10mg/L | R74: =R4 -> Amantadine-0.001mg/L + Testostérone | S74: =S4 -> Amantadine-0.01mg/L + Testostérone | T74: =T4 -> Amantadine-0.1mg/L + Testostérone | U74: =U4 -> Amantadine-1mg/L + Testostérone | V74: =V4 -> Amantadine-10mg/L + Testostérone
A75: Mean | B75: =B56 -> 0.079686169 | C75: =C56 -> 0.087035959 | D75: =D56 -> 0.26651816 | E75: =E56 -> 0.58762777 | F75: =F56 -> 1.3634377 | G75: =G56 -> 1.7172371 | H75: =H56 -> 2.6176078 | I75: =I56 -> 0.055457955 | ... M75: =M56 -> 0.060536753 | O75: =O56 -> 1 | P75: =P56 -> 2.3468239 | Q75: =Q56 -> 0.04735243 | R75: =R56 -> 0.73457356 | S75: =S56 -> 0.82737457 | T75: =T56 -> 0.79648467 | U75: =U56 -> 0.81937762 | V75: =V56 -> 1.0424432
A76: SEM | B76: =B58 -> 0.016397183 | C76: =C58 -> 0.018389782 | D76: =D58 -> 0.077240848 | E76: =E58 -> 0.078763476 | F76: =F58 -> 0.14505138 | G76: =G58 -> 0.13699898 | H76: =H58 -> 0.17892885 | I76: =I58 -> 0.013534833 | ... M76: =M58 -> 0.011091798 | O76: =O58 -> 0.076261228 | P76: =P58 -> 0.14635475 | Q76: =Q58 -> 0.0081835799 | R76: =R58 -> 0.092766508 | S76: =S58 -> 0.1013276 | T76: =T58 -> 0.10779642 | U76: =U58 -> 0.11285643 | V76: =V58 -> 0.11805749
A77: % induction | B77: =(B75*100/$B$75)-100 -> 0 | C77: =(C75*100/$B$75)-100 -> 9.2234197 | D77: =(D75*100/$B$75)-100 -> 234.45975 | E77: =(E75*100/$B$75)-100 -> 637.42756 | F77: =(F75*100/$B$75)-100 -> 1611.0092 | G77: =(G75*100/$B$75)-100 -> 2055.0002 | H77: =(H75*100/$B$75)-100 -> 3184.896 | I77: =(I75*100/$B$75)-100 -> -30.404541 | ... M77: =(M75*100/$B$75)-100 -> -24.031041 | O77: =(O75*100/$O$75)-100 -> 0 | P77: =(P75*100/$O$75)-100 -> 134.68239 | Q77: =(Q75*100/$O$75)-100 -> -95.264757 | R77: =(R75*100/$O$75)-100 -> -26.542644 | S77: =(S75*100/$O$75)-100 -> -17.262543 | T77: =(T75*100/$O$75)-100 -> -20.351533 | U77: =(U75*100/$O$75)-100 -> -18.062238 | V77: =(V75*100/$O$75)-100 -> 4.2443174
A78: Normality test : p value | B78: =[1]!DPTEST(B6:B53) -> 0.0002671711 | C78: =[1]!DPTEST(C6:C53) -> 0.024042664 | D78: =[1]!DPTEST(D6:D53) -> 2.7106747e-08 | E78: =[1]!DPTEST(E6:E53) -> 0.24810838 | F78: =[1]!DPTEST(F6:F53) -> 0.67291318 | G78: =[1]!DPTEST(G6:G53) -> 0.38692947 | H78: =[1]!DPTEST(H6:H53) -> 0.94938861 | I78: =[1]!DPTEST(I6:I53) -> 1.7579756e-06 | ... M78: =[1]!DPTEST(M6:M53) -> 0.005889841 | O78: =[1]!DPTEST(O6:O53) -> 0.82426147 | P78: =[1]!DPTEST(P6:P53) -> 0.054310085 | Q78: =[1]!DPTEST(Q6:Q53) -> 0.023350208 | R78: =[1]!DPTEST(R6:R53) -> 0.32796854 | S78: =[1]!DPTEST(S6:S53) -> 0.75073668 | T78: =[1]!DPTEST(T6:T53) -> 0.42160379 | U78: =[1]!DPTEST(U6:U53) -> 0.43929618 | V78: =[1]!DPTEST(V6:V53) -> 0.59565703
A79: Normality test : normal distibution? | B79: =IF(B78>0.05,"Oui","Non") -> Non | C79: =IF(C78>0.05,"Oui","Non") -> Non | D79: =IF(D78>0.05,"Oui","Non") -> Non | E79: =IF(E78>0.05,"Oui","Non") -> Oui | F79: =IF(F78>0.05,"Oui","Non") -> Oui | G79: =IF(G78>0.05,"Oui","Non") -> Oui | H79: =IF(H78>0.05,"Oui","Non") -> Oui | I79: =IF(I78>0.05,"Oui","Non") -> Non | ... M79: =IF(M78>0.05,"Oui","Non") -> Non | O79: =IF(O78>0.05,"Oui","Non") -> Oui | P79: =IF(P78>0.05,"Oui","Non") -> Oui | Q79: =IF(Q78>0.05,"Oui","Non") -> Non | R79: =IF(R78>0.05,"Oui","Non") -> Oui | S79: =IF(S78>0.05,"Oui","Non") -> Oui | T79: =IF(T78>0.05,"Oui","Non") -> Oui | U79: =IF(U78>0.05,"Oui","Non") -> Oui | V79: =IF(V78>0.05,"Oui","Non") -> Oui
A81: Statistical test used | C81: Kruskal-Wallis | D81: Kruskal-Wallis | E81: Kruskal-Wallis | F81: Kruskal-Wallis | G81: Kruskal-Wallis | H81: Kruskal-Wallis | I81: Kruskal-Wallis | J81: Kruskal-Wallis | K81: Kruskal-Wallis | L81: Kruskal-Wallis | M81: Kruskal-Wallis | O81: =IF($B79="Non",IF(O79="Non","Mann Withney",IF(O79="Oui","Mann Withney","")),IF($B79="Oui",IF(O79="Oui","T-Test Welch",IF(O79="Non","Mann Withney","")))) -> Mann Withney | P81: =IF($O79="Non",IF(P79="Non","Mann Withney",IF(P$79="Oui","Mann Withney","")),IF($O79="Oui",IF(P79="Oui","T-Test Welch",IF(P79="Non","Mann Withney","")))) -> T-Test Welch | Q81: =IF($O79="Non",IF(Q79="Non","Mann Withney",IF(Q$79="Oui","Mann Withney","")),IF($O79="Oui",IF(Q79="Oui","T-Test Welch",IF(Q79="Non","Mann Withney","")))) -> Mann Withney | R81: ANOVA | S81: ANOVA | T81: ANOVA | U81: ANOVA | V81: ANOVA
A82: Statistical test : p value | C82: >0,99 | D82: 0.62 | E82: 0.002 | F82: <0,001 | G82: <0,001 | H82: <0,001 | I82: >0,99 | J82: >0,99 | K82: >0,99 | L82: >0,99 | M82: >0,99 | O82: =IF(O81="Mann Withney",[1]!MTEST($B6:$B37,O6:O53,2), IF(O81="T-Test Welch",_xlfn.T.TEST($B6:$B37,O6:O53,2,3),"")) -> 1.2068403e-07 | P82: =IF(P81="Mann Withney",[1]!MTEST($O6:$O53,P6:P53,2), IF(P81="T-Test Welch",_xlfn.T.TEST($O6:$O53,P6:P53,2,3),"")) -> 1.4990827e-09 | Q82: =IF(Q81="Mann Withney",[1]!MTEST($O6:$O53,Q6:Q53,2), IF(Q81="T-Test Welch",_xlfn.T.TEST($O6:$O53,Q6:Q53,2,3),"")) -> 3.7828896e-10 | R82: 0.17 | S82: 0.55 | T82: 0.39 | U82: 0.51 | V82: >0,99
A83: Annotation | C83: ns | D83: ns | E83: ** | F83: *** | G83: *** | H83: *** | I83: ns | J83: ns | K83: ns | L83: ns | M83: ns | O83: =IF(O82>0.05,"NS",IF(O82>0.01,"*",IF(O82>0.001,"**","***"))) -> *** | P83: =IF(P82>0.05,"NS",IF(P82>0.01,"*",IF(P82>0.001,"**","***"))) -> *** | Q83: =IF(Q82>0.05,"NS",IF(Q82>0.01,"*",IF(Q82>0.001,"**","***"))) -> *** | R83: ns | S83: ns | T83: ns | U83: ns | V83: ns
B94: =B75/$B$75 -> 1 | C94: =C75/$B$75 -> 1.0922342 | D94: =D75/$B$75 -> 3.3445975 | E94: =E75/$B$75 -> 7.3742756 | F94: =F75/$B$75 -> 17.110092 | G94: =G75/$B$75 -> 21.550002 | H94: =H75/$B$75 -> 32.84896 | I94: =I75/$B$75 -> 0.69595459 | ... V94: =V75/$B$75 -> 13.081858
