Workbook

Sheet Front page
A2: R1 | B2: Experiment number : | E2: Date performed :
A3: R2 | B3: Experiment number : | E3: Date performed :
A4: R3 | B4: Experiment number : | E4: Date performed :
A6: Do not fill in | B6: Do not fill in2 | C6: Concentration | D6: Units | E6: Chemical name | F6: Do not fill in3
A7: =IF(ISBLANK(liste_groupe[[#This Row],[Do not fill in2]])," ",IF(ISBLANK(liste_groupe[[#This Row],[Units]]),CONCATENATE(liste_groupe[[#This Row],[Chemical name]],liste_groupe[[#This Row],[Do not fill in3]]),CONCATENATE(liste_groupe[[#This Row],[Chemical name]],"-",liste_groupe[[#This Row],[Concentration]],liste_groupe[[#This Row],[Units]],liste_groupe[[#This Row],[Do not fill in3]]))) -> Solvent control | B7: Control | E7: Solvent control
A8: =IF(ISBLANK(liste_groupe[[#This Row],[Do not fill in2]])," ",IF(ISBLANK(liste_groupe[[#This Row],[Units]]),CONCATENATE(liste_groupe[[#This Row],[Chemical name]],liste_groupe[[#This Row],[Do not fill in3]]),CONCATENATE(liste_groupe[[#This Row],[Chemical name]],"-",liste_groupe[[#This Row],[Concentration]],liste_groupe[[#This Row],[Units]],liste_groupe[[#This Row],[Do not fill in3]]))) -> EE2-33.8ng/L | B8: Control | C8: 33.8 | D8: ng/L | E8: EE2
A9: =IF(ISBLANK(liste_groupe[[#This Row],[Do not fill in2]])," ",IF(ISBLANK(liste_groupe[[#This Row],[Units]]),CONCATENATE(liste_groupe[[#This Row],[Chemical name]],liste_groupe[[#This Row],[Do not fill in3]]),CONCATENATE(liste_groupe[[#This Row],[Chemical name]],"-",liste_groupe[[#This Row],[Concentration]],liste_groupe[[#This Row],[Units]],liste_groupe[[#This Row],[Do not fill in3]]))) -> EE2-50.6ng/L | B9: Control | C9: 50.6 | D9: ng/L | E9: EE2
A10: =IF(ISBLANK(liste_groupe[[#This Row],[Do not fill in2]])," ",IF(ISBLANK(liste_groupe[[#This Row],[Units]]),CONCATENATE(liste_groupe[[#This Row],[Chemical name]],liste_groupe[[#This Row],[Do not fill in3]]),CONCATENATE(liste_groupe[[#This Row],[Chemical name]],"-",liste_groupe[[#This Row],[Concentration]],liste_groupe[[#This Row],[Units]],liste_groupe[[#This Row],[Do not fill in3]]))) -> EE2-76ng/L | B10: Control | C10: 76 | D10: ng/L | E10: EE2
A11: =IF(ISBLANK(liste_groupe[[#This Row],[Do not fill in2]])," ",IF(ISBLANK(liste_groupe[[#This Row],[Units]]),CONCATENATE(liste_groupe[[#This Row],[Chemical name]],liste_groupe[[#This Row],[Do not fill in3]]),CONCATENATE(liste_groupe[[#This Row],[Chemical name]],"-",liste_groupe[[#This Row],[Concentration]],liste_groupe[[#This Row],[Units]],liste_groupe[[#This Row],[Do not fill in3]]))) -> EE2-114ng/L | B11: Control | C11: 114 | D11: ng/L | E11: EE2
A12: =IF(ISBLANK(liste_groupe[[#This Row],[Do not fill in2]])," ",IF(ISBLANK(liste_groupe[[#This Row],[Units]]),CONCATENATE(liste_groupe[[#This Row],[Chemical name]],liste_groupe[[#This Row],[Do not fill in3]]),CONCATENATE(liste_groupe[[#This Row],[Chemical name]],"-",liste_groupe[[#This Row],[Concentration]],liste_groupe[[#This Row],[Units]],liste_groupe[[#This Row],[Do not fill in3]]))) -> EE2-170.9ng/L | B12: Control | C12: 170.9 | D12: ng/L | E12: EE2
A13: =IF(ISBLANK(liste_groupe[[#This Row],[Do not fill in2]])," ",IF(ISBLANK(liste_groupe[[#This Row],[Units]]),CONCATENATE(liste_groupe[[#This Row],[Chemical name]],liste_groupe[[#This Row],[Do not fill in3]]),CONCATENATE(liste_groupe[[#This Row],[Chemical name]],"-",liste_groupe[[#This Row],[Concentration]],liste_groupe[[#This Row],[Units]],liste_groupe[[#This Row],[Do not fill in3]]))) -> EE2-488ng/L | B13: Control | C13: 488 | D13: ng/L | E13: EE2
A14: =IF(ISBLANK(liste_groupe[[#This Row],[Do not fill in2]])," ",IF(ISBLANK(liste_groupe[[#This Row],[Units]]),CONCATENATE(liste_groupe[[#This Row],[Chemical name]],liste_groupe[[#This Row],[Do not fill in3]]),CONCATENATE(liste_groupe[[#This Row],[Chemical name]],"-",liste_groupe[[#This Row],[Concentration]],liste_groupe[[#This Row],[Units]],liste_groupe[[#This Row],[Do not fill in3]]))) | B14: test chemical
A15: =IF(ISBLANK(liste_groupe[[#This Row],[Do not fill in2]])," ",IF(ISBLANK(liste_groupe[[#This Row],[Units]]),CONCATENATE(liste_groupe[[#This Row],[Chemical name]],liste_groupe[[#This Row],[Do not fill in3]]),CONCATENATE(liste_groupe[[#This Row],[Chemical name]],"-",liste_groupe[[#This Row],[Concentration]],liste_groupe[[#This Row],[Units]],liste_groupe[[#This Row],[Do not fill in3]]))) | B15: test chemical
A16: =IF(ISBLANK(liste_groupe[[#This Row],[Do not fill in2]])," ",IF(ISBLANK(liste_groupe[[#This Row],[Units]]),CONCATENATE(liste_groupe[[#This Row],[Chemical name]],liste_groupe[[#This Row],[Do not fill in3]]),CONCATENATE(liste_groupe[[#This Row],[Chemical name]],"-",liste_groupe[[#This Row],[Concentration]],liste_groupe[[#This Row],[Units]],liste_groupe[[#This Row],[Do not fill in3]]))) | B16: test chemical
A17: =IF(ISBLANK(liste_groupe[[#This Row],[Do not fill in2]])," ",IF(ISBLANK(liste_groupe[[#This Row],[Units]]),CONCATENATE(liste_groupe[[#This Row],[Chemical name]],liste_groupe[[#This Row],[Do not fill in3]]),CONCATENATE(liste_groupe[[#This Row],[Chemical name]],"-",liste_groupe[[#This Row],[Concentration]],liste_groupe[[#This Row],[Units]],liste_groupe[[#This Row],[Do not fill in3]]))) | B17: test chemical
A18: =IF(ISBLANK(liste_groupe[[#This Row],[Do not fill in2]])," ",IF(ISBLANK(liste_groupe[[#This Row],[Units]]),CONCATENATE(liste_groupe[[#This Row],[Chemical name]],liste_groupe[[#This Row],[Do not fill in3]]),CONCATENATE(liste_groupe[[#This Row],[Chemical name]],"-",liste_groupe[[#This Row],[Concentration]],liste_groupe[[#This Row],[Units]],liste_groupe[[#This Row],[Do not fill in3]]))) | B18: test chemical
A19: =IF(ISBLANK(liste_groupe[[#This Row],[Do not fill in2]])," ",IF(ISBLANK(liste_groupe[[#This Row],[Units]]),CONCATENATE(liste_groupe[[#This Row],[Chemical name]],liste_groupe[[#This Row],[Do not fill in3]]),CONCATENATE(liste_groupe[[#This Row],[Chemical name]],"-",liste_groupe[[#This Row],[Concentration]],liste_groupe[[#This Row],[Units]],liste_groupe[[#This Row],[Do not fill in3]]))) | B19: test chemical
A20: =IF(ISBLANK(liste_groupe[[#This Row],[Do not fill in2]])," ",IF(ISBLANK(liste_groupe[[#This Row],[Units]]),CONCATENATE(liste_groupe[[#This Row],[Chemical name]],liste_groupe[[#This Row],[Do not fill in3]]),CONCATENATE(liste_groupe[[#This Row],[Chemical name]],"-",liste_groupe[[#This Row],[Concentration]],liste_groupe[[#This Row],[Units]],liste_groupe[[#This Row],[Do not fill in3]]))) | B20: test chemical
A21: =IF(ISBLANK(liste_groupe[[#This Row],[Do not fill in2]])," ",IF(ISBLANK(liste_groupe[[#This Row],[Units]]),CONCATENATE(liste_groupe[[#This Row],[Chemical name]],liste_groupe[[#This Row],[Do not fill in3]]),CONCATENATE(liste_groupe[[#This Row],[Chemical name]],"-",liste_groupe[[#This Row],[Concentration]],liste_groupe[[#This Row],[Units]],liste_groupe[[#This Row],[Do not fill in3]]))) | B21: test chemical
A22: =IF(ISBLANK(liste_groupe[[#This Row],[Do not fill in2]])," ",IF(ISBLANK(liste_groupe[[#This Row],[Units]]),CONCATENATE(liste_groupe[[#This Row],[Chemical name]],liste_groupe[[#This Row],[Do not fill in3]]),CONCATENATE(liste_groupe[[#This Row],[Chemical name]],"-",liste_groupe[[#This Row],[Concentration]],liste_groupe[[#This Row],[Units]],liste_groupe[[#This Row],[Do not fill in3]]))) | B22: test chemical
A23: =IF(ISBLANK(liste_groupe[[#This Row],[Do not fill in2]])," ",IF(ISBLANK(liste_groupe[[#This Row],[Units]]),CONCATENATE(liste_groupe[[#This Row],[Chemical name]],liste_groupe[[#This Row],[Do not fill in3]]),CONCATENATE(liste_groupe[[#This Row],[Chemical name]],"-",liste_groupe[[#This Row],[Concentration]],liste_groupe[[#This Row],[Units]],liste_groupe[[#This Row],[Do not fill in3]]))) | B23: test chemical
A24: =IF(ISBLANK(liste_groupe[[#This Row],[Do not fill in2]])," ",IF(ISBLANK(liste_groupe[[#This Row],[Units]]),CONCATENATE(liste_groupe[[#This Row],[Chemical name]],liste_groupe[[#This Row],[Do not fill in3]]),CONCATENATE(liste_groupe[[#This Row],[Chemical name]],"-",liste_groupe[[#This Row],[Concentration]],liste_groupe[[#This Row],[Units]],liste_groupe[[#This Row],[Do not fill in3]]))) | B24: test chemical
A25: =IF(ISBLANK(liste_groupe[[#This Row],[Do not fill in2]])," ",IF(ISBLANK(liste_groupe[[#This Row],[Units]]),CONCATENATE(liste_groupe[[#This Row],[Chemical name]],liste_groupe[[#This Row],[Do not fill in3]]),CONCATENATE(liste_groupe[[#This Row],[Chemical name]],"-",liste_groupe[[#This Row],[Concentration]],liste_groupe[[#This Row],[Units]],liste_groupe[[#This Row],[Do not fill in3]]))) | B25: test chemical
... A34: =IF(ISBLANK(liste_groupe[[#This Row],[Do not fill in2]])," ",IF(ISBLANK(liste_groupe[[#This Row],[Units]]),CONCATENATE(liste_groupe[[#This Row],[Chemical name]],liste_groupe[[#This Row],[Do not fill in3]]),CONCATENATE(liste_groupe[[#This Row],[Chemical name]],"-",liste_groupe[[#This Row],[Concentration]],liste_groupe[[#This Row],[Units]],liste_groupe[[#This Row],[Do not fill in3]]))) | B34: test chemical
A35: =IF(ISBLANK(liste_groupe[[#This Row],[Do not fill in2]])," ",IF(ISBLANK(liste_groupe[[#This Row],[Units]]),CONCATENATE(liste_groupe[[#This Row],[Chemical name]],liste_groupe[[#This Row],[Do not fill in3]]),CONCATENATE(liste_groupe[[#This Row],[Chemical name]],"-",liste_groupe[[#This Row],[Concentration]],liste_groupe[[#This Row],[Units]],liste_groupe[[#This Row],[Do not fill in3]]))) -> Testo -30µg/L | B35: Control | C35: 30 | D35: µg/L | E35: Testo
A36: =IF(ISBLANK(liste_groupe[[#This Row],[Do not fill in2]])," ",IF(ISBLANK(liste_groupe[[#This Row],[Units]]),CONCATENATE(liste_groupe[[#This Row],[Chemical name]],liste_groupe[[#This Row],[Do not fill in3]]),CONCATENATE(liste_groupe[[#This Row],[Chemical name]],"-",liste_groupe[[#This Row],[Concentration]],liste_groupe[[#This Row],[Units]],liste_groupe[[#This Row],[Do not fill in3]]))) -> Testo 30µg/L + EE2 -64ng/L | B36: Control | C36: 64 | D36: ng/L | E36: Testo 30µg/L + EE2
A37: =IF(ISBLANK(liste_groupe[[#This Row],[Do not fill in2]])," ",IF(ISBLANK(liste_groupe[[#This Row],[Units]]),CONCATENATE(liste_groupe[[#This Row],[Chemical name]],liste_groupe[[#This Row],[Do not fill in3]]),CONCATENATE(liste_groupe[[#This Row],[Chemical name]],"-",liste_groupe[[#This Row],[Concentration]],liste_groupe[[#This Row],[Units]],liste_groupe[[#This Row],[Do not fill in3]]))) -> Testo 30µg/L + FAD-10mg/L | B37: Control | C37: 10 | D37: mg/L | E37: Testo 30µg/L + FAD
A38: =IF(ISBLANK(liste_groupe[[#This Row],[Do not fill in2]])," ",IF(ISBLANK(liste_groupe[[#This Row],[Units]]),CONCATENATE(liste_groupe[[#This Row],[Chemical name]],liste_groupe[[#This Row],[Do not fill in3]]),CONCATENATE(liste_groupe[[#This Row],[Chemical name]],"-",liste_groupe[[#This Row],[Concentration]],liste_groupe[[#This Row],[Units]],liste_groupe[[#This Row],[Do not fill in3]]))) -> 0-00 + Testostérone | B38: =B14 -> test chemical | C38: =C14 -> 0 | D38: =D14 -> 0 | E38: =E14 -> 0 | F38: + Testostérone
A39: =IF(ISBLANK(liste_groupe[[#This Row],[Do not fill in2]])," ",IF(ISBLANK(liste_groupe[[#This Row],[Units]]),CONCATENATE(liste_groupe[[#This Row],[Chemical name]],liste_groupe[[#This Row],[Do not fill in3]]),CONCATENATE(liste_groupe[[#This Row],[Chemical name]],"-",liste_groupe[[#This Row],[Concentration]],liste_groupe[[#This Row],[Units]],liste_groupe[[#This Row],[Do not fill in3]]))) -> 0-00 + Testostérone | B39: =B15 -> test chemical | C39: =C15 -> 0 | D39: =D15 -> 0 | E39: =E15 -> 0 | F39: + Testostérone
A40: =IF(ISBLANK(liste_groupe[[#This Row],[Do not fill in2]])," ",IF(ISBLANK(liste_groupe[[#This Row],[Units]]),CONCATENATE(liste_groupe[[#This Row],[Chemical name]],liste_groupe[[#This Row],[Do not fill in3]]),CONCATENATE(liste_groupe[[#This Row],[Chemical name]],"-",liste_groupe[[#This Row],[Concentration]],liste_groupe[[#This Row],[Units]],liste_groupe[[#This Row],[Do not fill in3]]))) -> 0-00 + Testostérone | B40: =B16 -> test chemical | C40: =C16 -> 0 | D40: =D16 -> 0 | E40: =E16 -> 0 | F40: + Testostérone
A41: =IF(ISBLANK(liste_groupe[[#This Row],[Do not fill in2]])," ",IF(ISBLANK(liste_groupe[[#This Row],[Units]]),CONCATENATE(liste_groupe[[#This Row],[Chemical name]],liste_groupe[[#This Row],[Do not fill in3]]),CONCATENATE(liste_groupe[[#This Row],[Chemical name]],"-",liste_groupe[[#This Row],[Concentration]],liste_groupe[[#This Row],[Units]],liste_groupe[[#This Row],[Do not fill in3]]))) -> 0-00 + Testostérone | B41: =B17 -> test chemical | C41: =C17 -> 0 | D41: =D17 -> 0 | E41: =E17 -> 0 | F41: + Testostérone
A42: =IF(ISBLANK(liste_groupe[[#This Row],[Do not fill in2]])," ",IF(ISBLANK(liste_groupe[[#This Row],[Units]]),CONCATENATE(liste_groupe[[#This Row],[Chemical name]],liste_groupe[[#This Row],[Do not fill in3]]),CONCATENATE(liste_groupe[[#This Row],[Chemical name]],"-",liste_groupe[[#This Row],[Concentration]],liste_groupe[[#This Row],[Units]],liste_groupe[[#This Row],[Do not fill in3]]))) -> 0-00 + Testostérone | B42: =B18 -> test chemical | C42: =C18 -> 0 | D42: =D18 -> 0 | E42: =E18 -> 0 | F42: + Testostérone
A43: =IF(ISBLANK(liste_groupe[[#This Row],[Do not fill in2]])," ",IF(ISBLANK(liste_groupe[[#This Row],[Units]]),CONCATENATE(liste_groupe[[#This Row],[Chemical name]],liste_groupe[[#This Row],[Do not fill in3]]),CONCATENATE(liste_groupe[[#This Row],[Chemical name]],"-",liste_groupe[[#This Row],[Concentration]],liste_groupe[[#This Row],[Units]],liste_groupe[[#This Row],[Do not fill in3]]))) -> 0-00 + Testostérone | B43: =B19 -> test chemical | C43: =C19 -> 0 | D43: =D19 -> 0 | E43: =E19 -> 0 | F43: + Testostérone
A44: =IF(ISBLANK(liste_groupe[[#This Row],[Do not fill in2]])," ",IF(ISBLANK(liste_groupe[[#This Row],[Units]]),CONCATENATE(liste_groupe[[#This Row],[Chemical name]],liste_groupe[[#This Row],[Do not fill in3]]),CONCATENATE(liste_groupe[[#This Row],[Chemical name]],"-",liste_groupe[[#This Row],[Concentration]],liste_groupe[[#This Row],[Units]],liste_groupe[[#This Row],[Do not fill in3]]))) -> 0-00 + Testostérone | B44: =B20 -> test chemical | C44: =C20 -> 0 | D44: =D20 -> 0 | E44: =E20 -> 0 | F44: + Testostérone
A45: =IF(ISBLANK(liste_groupe[[#This Row],[Do not fill in2]])," ",IF(ISBLANK(liste_groupe[[#This Row],[Units]]),CONCATENATE(liste_groupe[[#This Row],[Chemical name]],liste_groupe[[#This Row],[Do not fill in3]]),CONCATENATE(liste_groupe[[#This Row],[Chemical name]],"-",liste_groupe[[#This Row],[Concentration]],liste_groupe[[#This Row],[Units]],liste_groupe[[#This Row],[Do not fill in3]]))) -> 0-00 + Testostérone | B45: =B21 -> test chemical | C45: =C21 -> 0 | D45: =D21 -> 0 | E45: =E21 -> 0 | F45: + Testostérone
A46: =IF(ISBLANK(liste_groupe[[#This Row],[Do not fill in2]])," ",IF(ISBLANK(liste_groupe[[#This Row],[Units]]),CONCATENATE(liste_groupe[[#This Row],[Chemical name]],liste_groupe[[#This Row],[Do not fill in3]]),CONCATENATE(liste_groupe[[#This Row],[Chemical name]],"-",liste_groupe[[#This Row],[Concentration]],liste_groupe[[#This Row],[Units]],liste_groupe[[#This Row],[Do not fill in3]]))) -> 0-00 + Testostérone | B46: =B22 -> test chemical | C46: =C22 -> 0 | D46: =D22 -> 0 | E46: =E22 -> 0 | F46: + Testostérone
A47: =IF(ISBLANK(liste_groupe[[#This Row],[Do not fill in2]])," ",IF(ISBLANK(liste_groupe[[#This Row],[Units]]),CONCATENATE(liste_groupe[[#This Row],[Chemical name]],liste_groupe[[#This Row],[Do not fill in3]]),CONCATENATE(liste_groupe[[#This Row],[Chemical name]],"-",liste_groupe[[#This Row],[Concentration]],liste_groupe[[#This Row],[Units]],liste_groupe[[#This Row],[Do not fill in3]]))) -> 0-00 + Testostérone | B47: =B23 -> test chemical | C47: =C23 -> 0 | D47: =D23 -> 0 | E47: =E23 -> 0 | F47: + Testostérone
A48: =IF(ISBLANK(liste_groupe[[#This Row],[Do not fill in2]])," ",IF(ISBLANK(liste_groupe[[#This Row],[Units]]),CONCATENATE(liste_groupe[[#This Row],[Chemical name]],liste_groupe[[#This Row],[Do not fill in3]]),CONCATENATE(liste_groupe[[#This Row],[Chemical name]],"-",liste_groupe[[#This Row],[Concentration]],liste_groupe[[#This Row],[Units]],liste_groupe[[#This Row],[Do not fill in3]]))) -> 0-00 + Testostérone | B48: =B24 -> test chemical | C48: =C24 -> 0 | D48: =D24 -> 0 | E48: =E24 -> 0 | F48: + Testostérone
A49: =IF(ISBLANK(liste_groupe[[#This Row],[Do not fill in2]])," ",IF(ISBLANK(liste_groupe[[#This Row],[Units]]),CONCATENATE(liste_groupe[[#This Row],[Chemical name]],liste_groupe[[#This Row],[Do not fill in3]]),CONCATENATE(liste_groupe[[#This Row],[Chemical name]],"-",liste_groupe[[#This Row],[Concentration]],liste_groupe[[#This Row],[Units]],liste_groupe[[#This Row],[Do not fill in3]]))) -> 0-00 + Testostérone | B49: =B25 -> test chemical | C49: =C25 -> 0 | D49: =D25 -> 0 | E49: =E25 -> 0 | F49: + Testostérone
... A57: =IF(ISBLANK(liste_groupe[[#This Row],[Do not fill in2]])," ",IF(ISBLANK(liste_groupe[[#This Row],[Units]]),CONCATENATE(liste_groupe[[#This Row],[Chemical name]],liste_groupe[[#This Row],[Do not fill in3]]),CONCATENATE(liste_groupe[[#This Row],[Chemical name]],"-",liste_groupe[[#This Row],[Concentration]],liste_groupe[[#This Row],[Units]],liste_groupe[[#This Row],[Do not fill in3]]))) -> 0-00 + Testostérone | B57: =B33 -> test chemical | C57: =C33 -> 0 | D57: =D33 -> 0 | E57: =E33 -> 0 | F57: + Testostérone

Sheet R1
A3: R1 | B3: Unspiked | O3: Testosterone spiked
A4: Group names | B4: ='Front page'!A7 -> Solvent control | C4: ='Front page'!A8 -> EE2-33.8ng/L | D4: ='Front page'!A9 -> EE2-50.6ng/L | E4: ='Front page'!A10 -> EE2-76ng/L | F4: ='Front page'!A11 -> EE2-114ng/L | G4: ='Front page'!A12 -> EE2-170.9ng/L | H4: ='Front page'!A13 -> EE2-488ng/L | I4: ='Front page'!A14 | J4: ='Front page'!A15 | K4: ='Front page'!A16 | L4: ='Front page'!A17 | M4: ='Front page'!A18 | O4: ='Front page'!A35 -> Testo -30µg/L | P4: ='Front page'!A36 -> Testo 30µg/L + EE2 -64ng/L | Q4: ='Front page'!A37 -> Testo 30µg/L + FAD-10mg/L | R4: ='Front page'!A38 -> 0-00 + Testostérone | S4: ='Front page'!A39 -> 0-00 + Testostérone | T4: ='Front page'!A40 -> 0-00 + Testostérone | U4: ='Front page'!A41 -> 0-00 + Testostérone | V4: ='Front page'!A42 -> 0-00 + Testostérone
A5: Raw data | B5: 9621 | C5: 0 | D5: 220859 | E5: 1661818 | F5: 1712944 | G5: 2978520 | H5: 4759292 | O5: 25553 | P5: 2470247 | Q5: 534
B6: 80 | C6: 691325 | D6: 728223 | E6: 1659623 | F6: 907323 | G6: 3058448 | H6: 6160032 | O6: 1380826 | P6: 4260792 | Q6: 8839
B7: 14185 | C7: 139151 | D7: 61959 | E7: 751304 | F7: 1736873 | G7: 1942354 | H7: 6151823 | O7: 382790 | P7: 3583948 | Q7: 102339
B8: 3986 | C8: 10017 | D8: 105048 | E8: 932901 | F8: 1887601 | G8: 3054189 | H8: 5230018 | O8: 978105 | P8: 3049802 | Q8: 2171
B9: 88332 | C9: 199264 | D9: 483982 | E9: 1091106 | F9: 1968204 | G9: 3436693 | H9: 3351111 | O9: 3812296 | P9: 2728553 | Q9: 161
B10: 63757 | C10: 8819 | D10: 443040 | E10: 171922 | F10: 2293058 | G10: 3339876 | H10: 6349996 | O10: 806872 | P10: 2334006 | Q10: 31746
B11: 2024 | C11: 94728 | D11: 294993 | E11: 1358137 | F11: 1042513 | G11: 3544342 | H11: 5547647 | O11: 917857 | P11: 2602393 | Q11: 21607
C12: 31314 | D12: 418711 | E12: 844977 | F12: 990484 | G12: 3808794 | H12: 4542728 | O12: 1200236 | P12: 3104308 | Q12: 42282
O13: 472804
O14: 665329
O15: 1634223
O16: 605645
O17: 604155
O18: 3840707
O19: 2316143
O20: 1864971
A22: =A4 -> Group names | B22: =B4 -> Solvent control | C22: =C4 -> EE2-33.8ng/L | D22: =D4 -> EE2-50.6ng/L | E22: =E4 -> EE2-76ng/L | F22: =F4 -> EE2-114ng/L | G22: =G4 -> EE2-170.9ng/L | H22: =H4 -> EE2-488ng/L | ... M22: =M4 | N22: Nom des groupes | O22: =O4 -> Testo -30µg/L | P22: =P4 -> Testo 30µg/L + EE2 -64ng/L | Q22: =Q4 -> Testo 30µg/L + FAD-10mg/L | R22: =R4 -> 0-00 + Testostérone | S22: =S4 -> 0-00 + Testostérone | T22: =T4 -> 0-00 + Testostérone | U22: =U4 -> 0-00 + Testostérone | V22: =V4 -> 0-00 + Testostérone
A23: mean | B23: =AVERAGE(B5:B20) -> 25997.857 | C23: =AVERAGE(C5:C20) -> 146827.25 | D23: =AVERAGE(D5:D20) -> 344601.88 | E23: =AVERAGE(E5:E20) -> 1058973.5 | F23: =AVERAGE(F5:F20) -> 1567375 | G23: =AVERAGE(G5:G20) -> 3145402 | H23: =AVERAGE(H5:H20) -> 5261580.9 | I23: =AVERAGE(I5:I20) -> #DIV/0! | ... M23: =AVERAGE(M5:M20) -> #DIV/0! | N23: mean | O23: =AVERAGE(O5:O20) -> 1344282 | P23: =AVERAGE(P5:P20) -> 3016756.1 | Q23: =AVERAGE(Q5:Q20) -> 26209.875 | R23: =AVERAGE(R5:R20) -> #DIV/0! | S23: =AVERAGE(S5:S20) -> #DIV/0! | T23: =AVERAGE(T5:T20) -> #DIV/0! | U23: =AVERAGE(U5:U20) -> #DIV/0! | V23: =AVERAGE(V5:V20) -> #DIV/0!
A24: SD | B24: =STDEV(B5:B20) -> 35237.4 | C24: =STDEV(C5:C20) -> 231351.79 | D24: =STDEV(D5:D20) -> 219356.4 | E24: =STDEV(E5:E20) -> 501133.33 | F24: =STDEV(F5:F20) -> 518747.98 | G24: =STDEV(G5:G20) -> 562261.7 | H24: =STDEV(H5:H20) -> 1020235.4 | I24: =STDEV(I5:I20) -> #DIV/0! | ... M24: =STDEV(M5:M20) -> #DIV/0! | N24: SD | O24: =STDEV(O5:O20) -> 1132168.5 | P24: =STDEV(P5:P20) -> 643391.35 | Q24: =STDEV(Q5:Q20) -> 34482.296 | R24: =STDEV(R5:R20) -> #DIV/0! | S24: =STDEV(S5:S20) -> #DIV/0! | T24: =STDEV(T5:T20) -> #DIV/0! | U24: =STDEV(U5:U20) -> #DIV/0! | V24: =STDEV(V5:V20) -> #DIV/0!
B26: Unspiked | O26: Testosterone spiked
A27: =A4 -> Group names | B27: =B4 -> Solvent control | C27: =C4 -> EE2-33.8ng/L | D27: =D4 -> EE2-50.6ng/L | E27: =E4 -> EE2-76ng/L | F27: =F4 -> EE2-114ng/L | G27: =G4 -> EE2-170.9ng/L | H27: =H4 -> EE2-488ng/L | ... M27: =M4 | O27: =O4 -> Testo -30µg/L | P27: =P4 -> Testo 30µg/L + EE2 -64ng/L | Q27: =Q4 -> Testo 30µg/L + FAD-10mg/L | R27: =R4 -> 0-00 + Testostérone | S27: =S4 -> 0-00 + Testostérone | T27: =T4 -> 0-00 + Testostérone | U27: =U4 -> 0-00 + Testostérone | V27: =V4 -> 0-00 + Testostérone
A28: Data normalised to the "Testo" group | B28: =IF(B5="","",(B5/$O$23)) -> 0.0071569805 | C28: =IF(C5="","",(C5/$O$23)) -> 0 | D28: =IF(D5="","",(D5/$O$23)) -> 0.16429514 | E28: =IF(E5="","",(E5/$O$23)) -> 1.2362123 | F28: =IF(F5="","",(F5/$O$23)) -> 1.2742445 | G28: =IF(G5="","",(G5/$O$23)) -> 2.2156958 | H28: =IF(H5="","",(H5/$O$23)) -> 3.540397 | I28: =IF(I5="","",(I5/$O$23)) | ... M28: =IF(M5="","",(M5/$O$23)) | O28: =IF(O5="","",(O5/$O$23)) -> 0.01900866 | P28: =IF(P5="","",(P5/$O$23)) -> 1.8375958 | Q28: =IF(Q5="","",(Q5/$O$23)) -> 0.00039723808 | R28: =IF(R5="","",(R5/$O$23)) | S28: =IF(S5="","",(S5/$O$23)) | T28: =IF(T5="","",(T5/$O$23)) | U28: =IF(U5="","",(U5/$O$23)) | V28: =IF(V5="","",(V5/$O$23))
B29: =IF(B6="","",(B6/$O$23)) -> 5.9511323e-05 | C29: =IF(C6="","",(C6/$O$23)) -> 0.51427082 | D29: =IF(D6="","",(D6/$O$23)) -> 0.54171893 | E29: =IF(E6="","",(E6/$O$23)) -> 1.2345795 | F29: =IF(F6="","",(F6/$O$23)) -> 0.6749499 | G29: =IF(G6="","",(G6/$O$23)) -> 2.2751536 | H29: =IF(H6="","",(H6/$O$23)) -> 4.5823957 | I29: =IF(I6="","",(I6/$O$23)) | ... M29: =IF(M6="","",(M6/$O$23)) | O29: =IF(O6="","",(O6/$O$23)) -> 1.0271848 | P29: =IF(P6="","",(P6/$O$23)) -> 3.1695671 | Q29: =IF(Q6="","",(Q6/$O$23)) -> 0.0065752573 | R29: =IF(R6="","",(R6/$O$23)) | S29: =IF(S6="","",(S6/$O$23)) | T29: =IF(T6="","",(T6/$O$23)) | U29: =IF(U6="","",(U6/$O$23)) | V29: =IF(V6="","",(V6/$O$23))
B30: =IF(B7="","",(B7/$O$23)) -> 0.010552101 | C30: =IF(C7="","",(C7/$O$23)) -> 0.10351325 | D30: =IF(D7="","",(D7/$O$23)) -> 0.046090776 | E30: =IF(E7="","",(E7/$O$23)) -> 0.55888869 | F30: =IF(F7="","",(F7/$O$23)) -> 1.2920451 | G30: =IF(G7="","",(G7/$O$23)) -> 1.4449007 | H30: =IF(H7="","",(H7/$O$23)) -> 4.5762891 | I30: =IF(I7="","",(I7/$O$23)) | ... M30: =IF(M7="","",(M7/$O$23)) | O30: =IF(O7="","",(O7/$O$23)) -> 0.28475424 | P30: =IF(P7="","",(P7/$O$23)) -> 2.6660686 | Q30: =IF(Q7="","",(Q7/$O$23)) -> 0.076129116 | R30: =IF(R7="","",(R7/$O$23)) | S30: =IF(S7="","",(S7/$O$23)) | T30: =IF(T7="","",(T7/$O$23)) | U30: =IF(U7="","",(U7/$O$23)) | V30: =IF(V7="","",(V7/$O$23))
B31: =IF(B8="","",(B8/$O$23)) -> 0.0029651517 | C31: =IF(C8="","",(C8/$O$23)) -> 0.0074515615 | D31: =IF(D8="","",(D8/$O$23)) -> 0.078144318 | E31: =IF(E8="","",(E8/$O$23)) -> 0.69397716 | F31: =IF(F8="","",(F8/$O$23)) -> 1.4041704 | G31: =IF(G8="","",(G8/$O$23)) -> 2.2719853 | H31: =IF(H8="","",(H8/$O$23)) -> 3.8905661 | I31: =IF(I8="","",(I8/$O$23)) | ... M31: =IF(M8="","",(M8/$O$23)) | O31: =IF(O8="","",(O8/$O$23)) -> 0.72760403 | P31: =IF(P8="","",(P8/$O$23)) -> 2.2687219 | Q31: =IF(Q8="","",(Q8/$O$23)) -> 0.0016149885 | R31: =IF(R8="","",(R8/$O$23)) | S31: =IF(S8="","",(S8/$O$23)) | T31: =IF(T8="","",(T8/$O$23)) | U31: =IF(U8="","",(U8/$O$23)) | V31: =IF(V8="","",(V8/$O$23))
B32: =IF(B9="","",(B9/$O$23)) -> 0.065709427 | C32: =IF(C9="","",(C9/$O$23)) -> 0.1482308 | D32: =IF(D9="","",(D9/$O$23)) -> 0.36003011 | E32: =IF(E9="","",(E9/$O$23)) -> 0.81166452 | F32: =IF(F9="","",(F9/$O$23)) -> 1.4641303 | G32: =IF(G9="","",(G9/$O$23)) -> 2.5565268 | H32: =IF(H9="","",(H9/$O$23)) -> 2.4928631 | I32: =IF(I9="","",(I9/$O$23)) | ... M32: =IF(M9="","",(M9/$O$23)) | O32: =IF(O9="","",(O9/$O$23)) -> 2.8359347 | P32: =IF(P9="","",(P9/$O$23)) -> 2.0297475 | Q32: =IF(Q9="","",(Q9/$O$23)) -> 0.00011976654 | R32: =IF(R9="","",(R9/$O$23)) | S32: =IF(S9="","",(S9/$O$23)) | T32: =IF(T9="","",(T9/$O$23)) | U32: =IF(U9="","",(U9/$O$23)) | V32: =IF(V9="","",(V9/$O$23))
B33: =IF(B10="","",(B10/$O$23)) -> 0.047428293 | C33: =IF(C10="","",(C10/$O$23)) -> 0.0065603794 | D33: =IF(D10="","",(D10/$O$23)) -> 0.32957371 | E33: =IF(E10="","",(E10/$O$23)) -> 0.12789132 | F33: =IF(F10="","",(F10/$O$23)) -> 1.7057864 | G33: =IF(G10="","",(G10/$O$23)) -> 2.4845055 | H33: =IF(H10="","",(H10/$O$23)) -> 4.7237083 | I33: =IF(I10="","",(I10/$O$23)) | ... M33: =IF(M10="","",(M10/$O$23)) | O33: =IF(O10="","",(O10/$O$23)) -> 0.60022525 | P33: =IF(P10="","",(P10/$O$23)) -> 1.7362473 | Q33: =IF(Q10="","",(Q10/$O$23)) -> 0.023615581 | R33: =IF(R10="","",(R10/$O$23)) | S33: =IF(S10="","",(S10/$O$23)) | T33: =IF(T10="","",(T10/$O$23)) | U33: =IF(U10="","",(U10/$O$23)) | V33: =IF(V10="","",(V10/$O$23))
B34: =IF(B11="","",(B11/$O$23)) -> 0.0015056365 | C34: =IF(C11="","",(C11/$O$23)) -> 0.070467357 | D34: =IF(D11="","",(D11/$O$23)) -> 0.2194428 | E34: =IF(E11="","",(E11/$O$23)) -> 1.0103066 | F34: =IF(F11="","",(F11/$O$23)) -> 0.7755166 | G34: =IF(G11="","",(G11/$O$23)) -> 2.636606 | H34: =IF(H11="","",(H11/$O$23)) -> 4.1268476 | I34: =IF(I11="","",(I11/$O$23)) | ... M34: =IF(M11="","",(M11/$O$23)) | O34: =IF(O11="","",(O11/$O$23)) -> 0.68278605 | P34: =IF(P11="","",(P11/$O$23)) -> 1.9358981 | Q34: =IF(Q11="","",(Q11/$O$23)) -> 0.016073264 | R34: =IF(R11="","",(R11/$O$23)) | S34: =IF(S11="","",(S11/$O$23)) | T34: =IF(T11="","",(T11/$O$23)) | U34: =IF(U11="","",(U11/$O$23)) | V34: =IF(V11="","",(V11/$O$23))
B35: =IF(B12="","",(B12/$O$23)) | C35: =IF(C12="","",(C12/$O$23)) -> 0.02329422 | D35: =IF(D12="","",(D12/$O$23)) -> 0.31147557 | E35: =IF(E12="","",(E12/$O$23)) -> 0.62857124 | F35: =IF(F12="","",(F12/$O$23)) -> 0.73681266 | G35: =IF(G12="","",(G12/$O$23)) -> 2.8333296 | H35: =IF(H12="","",(H12/$O$23)) -> 3.3792969 | I35: =IF(I12="","",(I12/$O$23)) | ... M35: =IF(M12="","",(M12/$O$23)) | O35: =IF(O12="","",(O12/$O$23)) -> 0.8928454 | P35: =IF(P12="","",(P12/$O$23)) -> 2.3092684 | Q35: =IF(Q12="","",(Q12/$O$23)) -> 0.031453222 | R35: =IF(R12="","",(R12/$O$23)) | S35: =IF(S12="","",(S12/$O$23)) | T35: =IF(T12="","",(T12/$O$23)) | U35: =IF(U12="","",(U12/$O$23)) | V35: =IF(V12="","",(V12/$O$23))
B36: =IF(B13="","",(B13/$O$23)) | C36: =IF(C13="","",(C13/$O$23)) | D36: =IF(D13="","",(D13/$O$23)) | E36: =IF(E13="","",(E13/$O$23)) | F36: =IF(F13="","",(F13/$O$23)) | G36: =IF(G13="","",(G13/$O$23)) | H36: =IF(H13="","",(H13/$O$23)) | I36: =IF(I13="","",(I13/$O$23)) | ... M36: =IF(M13="","",(M13/$O$23)) | O36: =IF(O13="","",(O13/$O$23)) -> 0.35171489 | P36: =IF(P13="","",(P13/$O$23)) | Q36: =IF(Q13="","",(Q13/$O$23)) | R36: =IF(R13="","",(R13/$O$23)) | S36: =IF(S13="","",(S13/$O$23)) | T36: =IF(T13="","",(T13/$O$23)) | U36: =IF(U13="","",(U13/$O$23)) | V36: =IF(V13="","",(V13/$O$23))
B37: =IF(B14="","",(B14/$O$23)) | C37: =IF(C14="","",(C14/$O$23)) | D37: =IF(D14="","",(D14/$O$23)) | E37: =IF(E14="","",(E14/$O$23)) | F37: =IF(F14="","",(F14/$O$23)) | G37: =IF(G14="","",(G14/$O$23)) | H37: =IF(H14="","",(H14/$O$23)) | I37: =IF(I14="","",(I14/$O$23)) | ... M37: =IF(M14="","",(M14/$O$23)) | O37: =IF(O14="","",(O14/$O$23)) -> 0.49493261 | P37: =IF(P14="","",(P14/$O$23)) | Q37: =IF(Q14="","",(Q14/$O$23)) | R37: =IF(R14="","",(R14/$O$23)) | S37: =IF(S14="","",(S14/$O$23)) | T37: =IF(T14="","",(T14/$O$23)) | U37: =IF(U14="","",(U14/$O$23)) | V37: =IF(V14="","",(V14/$O$23))
B38: =IF(B15="","",(B15/$O$23)) | C38: =IF(C15="","",(C15/$O$23)) | D38: =IF(D15="","",(D15/$O$23)) | E38: =IF(E15="","",(E15/$O$23)) | F38: =IF(F15="","",(F15/$O$23)) | G38: =IF(G15="","",(G15/$O$23)) | H38: =IF(H15="","",(H15/$O$23)) | I38: =IF(I15="","",(I15/$O$23)) | ... M38: =IF(M15="","",(M15/$O$23)) | O38: =IF(O15="","",(O15/$O$23)) -> 1.2156847 | P38: =IF(P15="","",(P15/$O$23)) | Q38: =IF(Q15="","",(Q15/$O$23)) | R38: =IF(R15="","",(R15/$O$23)) | S38: =IF(S15="","",(S15/$O$23)) | T38: =IF(T15="","",(T15/$O$23)) | U38: =IF(U15="","",(U15/$O$23)) | V38: =IF(V15="","",(V15/$O$23))
B39: =IF(B16="","",(B16/$O$23)) | C39: =IF(C16="","",(C16/$O$23)) | D39: =IF(D16="","",(D16/$O$23)) | E39: =IF(E16="","",(E16/$O$23)) | F39: =IF(F16="","",(F16/$O$23)) | G39: =IF(G16="","",(G16/$O$23)) | H39: =IF(H16="","",(H16/$O$23)) | I39: =IF(I16="","",(I16/$O$23)) | ... M39: =IF(M16="","",(M16/$O$23)) | O39: =IF(O16="","",(O16/$O$23)) -> 0.45053419 | P39: =IF(P16="","",(P16/$O$23)) | Q39: =IF(Q16="","",(Q16/$O$23)) | R39: =IF(R16="","",(R16/$O$23)) | S39: =IF(S16="","",(S16/$O$23)) | T39: =IF(T16="","",(T16/$O$23)) | U39: =IF(U16="","",(U16/$O$23)) | V39: =IF(V16="","",(V16/$O$23))
B40: =IF(B17="","",(B17/$O$23)) | C40: =IF(C17="","",(C17/$O$23)) | D40: =IF(D17="","",(D17/$O$23)) | E40: =IF(E17="","",(E17/$O$23)) | F40: =IF(F17="","",(F17/$O$23)) | G40: =IF(G17="","",(G17/$O$23)) | H40: =IF(H17="","",(H17/$O$23)) | I40: =IF(I17="","",(I17/$O$23)) | ... M40: =IF(M17="","",(M17/$O$23)) | O40: =IF(O17="","",(O17/$O$23)) -> 0.44942579 | P40: =IF(P17="","",(P17/$O$23)) | Q40: =IF(Q17="","",(Q17/$O$23)) | R40: =IF(R17="","",(R17/$O$23)) | S40: =IF(S17="","",(S17/$O$23)) | T40: =IF(T17="","",(T17/$O$23)) | U40: =IF(U17="","",(U17/$O$23)) | V40: =IF(V17="","",(V17/$O$23))
... B43: =IF(B20="","",(B20/$O$23)) | C43: =IF(C20="","",(C20/$O$23)) | D43: =IF(D20="","",(D20/$O$23)) | E43: =IF(E20="","",(E20/$O$23)) | F43: =IF(F20="","",(F20/$O$23)) | G43: =IF(G20="","",(G20/$O$23)) | H43: =IF(H20="","",(H20/$O$23)) | I43: =IF(I20="","",(I20/$O$23)) | ... M43: =IF(M20="","",(M20/$O$23)) | O43: =IF(O20="","",(O20/$O$23)) -> 1.3873361 | P43: =IF(P20="","",(P20/$O$23)) | Q43: =IF(Q20="","",(Q20/$O$23)) | R43: =IF(R20="","",(R20/$O$23)) | S43: =IF(S20="","",(S20/$O$23)) | T43: =IF(T20="","",(T20/$O$23)) | U43: =IF(U20="","",(U20/$O$23)) | V43: =IF(V20="","",(V20/$O$23))
A45: =A4 -> Group names | B45: =B4 -> Solvent control | C45: =C4 -> EE2-33.8ng/L | D45: =D4 -> EE2-50.6ng/L | E45: =E4 -> EE2-76ng/L | F45: =F4 -> EE2-114ng/L | G45: =G4 -> EE2-170.9ng/L | H45: =H4 -> EE2-488ng/L | ... M45: =M4 | N45: =N22 -> Nom des groupes | O45: =O4 -> Testo -30µg/L | P45: =P4 -> Testo 30µg/L + EE2 -64ng/L | Q45: =Q4 -> Testo 30µg/L + FAD-10mg/L | R45: =R4 -> 0-00 + Testostérone | S45: =S4 -> 0-00 + Testostérone | T45: =T4 -> 0-00 + Testostérone | U45: =U4 -> 0-00 + Testostérone | V45: =V4 -> 0-00 + Testostérone
A46: mean | B46: =AVERAGE(B28:B43) -> 0.019339586 | C46: =AVERAGE(C28:C43) -> 0.10922355 | D46: =AVERAGE(D28:D43) -> 0.25634642 | E46: =AVERAGE(E28:E43) -> 0.78776142 | F46: =AVERAGE(F28:F43) -> 1.165957 | G46: =AVERAGE(G28:G43) -> 2.3398379 | H46: =AVERAGE(H28:H43) -> 3.9140455 | I46: =AVERAGE(I28:I43) -> #DIV/0! | ... M46: =AVERAGE(M28:M43) -> #DIV/0! | N46: mean | O46: =AVERAGE(O28:O43) -> 1 | P46: =AVERAGE(P28:P43) -> 2.2441393 | Q46: =AVERAGE(Q28:Q43) -> 0.019497304 | R46: =AVERAGE(R28:R43) -> #DIV/0! | S46: =AVERAGE(S28:S43) -> #DIV/0! | T46: =AVERAGE(T28:T43) -> #DIV/0! | U46: =AVERAGE(U28:U43) -> #DIV/0! | V46: =AVERAGE(V28:V43) -> #DIV/0!
A47: SD | B47: =STDEV(B28:B43) -> 0.026212804 | C47: =STDEV(C28:C43) -> 0.17210064 | D47: =STDEV(D28:D43) -> 0.16317737 | E47: =STDEV(E28:E43) -> 0.37278884 | F47: =STDEV(F28:F43) -> 0.38589223 | G47: =STDEV(G28:G43) -> 0.41826172 | H47: =STDEV(H28:H43) -> 0.75894447 | I47: =STDEV(I28:I43) -> #DIV/0! | ... M47: =STDEV(M28:M43) -> #DIV/0! | N47: SD | O47: =STDEV(O28:O43) -> 0.84221055 | P47: =STDEV(P28:P43) -> 0.47861338 | Q47: =STDEV(Q28:Q43) -> 0.025651088 | R47: =STDEV(R28:R43) -> #DIV/0! | S47: =STDEV(S28:S43) -> #DIV/0! | T47: =STDEV(T28:T43) -> #DIV/0! | U47: =STDEV(U28:U43) -> #DIV/0! | V47: =STDEV(V28:V43) -> #DIV/0!
A48: SEM | B48: =B47/SQRT(COUNT(B28:B43)) -> 0.0099075086 | C48: =C47/SQRT(COUNT(C28:C43)) -> 0.060846763 | D48: =D47/SQRT(COUNT(D28:D43)) -> 0.057691912 | E48: =E47/SQRT(COUNT(E28:E43)) -> 0.13180076 | F48: =F47/SQRT(COUNT(F28:F43)) -> 0.13643351 | G48: =G47/SQRT(COUNT(G28:G43)) -> 0.14787785 | H48: =H47/SQRT(COUNT(H28:H43)) -> 0.26832739 | I48: =I47/SQRT(COUNT(I28:I43)) -> #DIV/0! | ... M48: =M47/SQRT(COUNT(M28:M43)) -> #DIV/0! | N48: SEM | O48: =O47/SQRT(COUNT(O28:O43)) -> 0.21055264 | P48: =P47/SQRT(COUNT(P28:P43)) -> 0.16921538 | Q48: =Q47/SQRT(COUNT(Q28:Q43)) -> 0.0090690292 | R48: =R47/SQRT(COUNT(R28:R43)) -> #DIV/0! | S48: =S47/SQRT(COUNT(S28:S43)) -> #DIV/0! | T48: =T47/SQRT(COUNT(T28:T43)) -> #DIV/0! | U48: =U47/SQRT(COUNT(U28:U43)) -> #DIV/0! | V48: =V47/SQRT(COUNT(V28:V43)) -> #DIV/0!
A52: =A27 -> Group names | B52: =B27 -> Solvent control | C52: =C27 -> EE2-33.8ng/L | D52: =D27 -> EE2-50.6ng/L | E52: =E27 -> EE2-76ng/L | F52: =F27 -> EE2-114ng/L | G52: =G27 -> EE2-170.9ng/L | H52: =H27 -> EE2-488ng/L | I52: =I4 | J52: =J4 | K52: =K27 | L52: =L27 | M52: =M27 | O52: =O27 -> Testo -30µg/L | P52: =P27 -> Testo 30µg/L + EE2 -64ng/L | Q52: =Q27 -> Testo 30µg/L + FAD-10mg/L | R52: =R27 -> 0-00 + Testostérone | S52: =S27 -> 0-00 + Testostérone | T52: =T27 -> 0-00 + Testostérone | U52: =U27 -> 0-00 + Testostérone | V52: =V27 -> 0-00 + Testostérone
A53: Mean | B53: =B46 -> 0.019339586 | C53: =C46 -> 0.10922355 | D53: =D46 -> 0.25634642 | E53: =E46 -> 0.78776142 | F53: =F46 -> 1.165957 | G53: =G46 -> 2.3398379 | H53: =H46 -> 3.9140455 | I53: =I46 -> #DIV/0! | ... M53: =M46 -> #DIV/0! | O53: =O46 -> 1 | P53: =P46 -> 2.2441393 | Q53: =Q46 -> 0.019497304 | R53: =R46 -> #DIV/0! | S53: =S46 -> #DIV/0! | T53: =T46 -> #DIV/0! | U53: =U46 -> #DIV/0! | V53: =V46 -> #DIV/0!
A54: SEM | B54: =B48 -> 0.0099075086 | C54: =C48 -> 0.060846763 | D54: =D48 -> 0.057691912 | E54: =E48 -> 0.13180076 | F54: =F48 -> 0.13643351 | G54: =G48 -> 0.14787785 | H54: =H48 -> 0.26832739 | I54: =I48 -> #DIV/0! | ... M54: =M48 -> #DIV/0! | O54: =O48 -> 0.21055264 | P54: =P48 -> 0.16921538 | Q54: =Q48 -> 0.0090690292 | R54: =R48 -> #DIV/0! | S54: =S48 -> #DIV/0! | T54: =T48 -> #DIV/0! | U54: =U48 -> #DIV/0! | V54: =V48 -> #DIV/0!
A55: % induction | B55: =(B53*100/$B$53)-100 -> 0 | C55: =(C53*100/$B$53)-100 -> 464.76674 | D55: =(D53*100/$B$53)-100 -> 1225.5011 | E55: =(E53*100/$B$53)-100 -> 3973.3107 | F55: =(F53*100/$B$53)-100 -> 5928.8623 | G55: =(G53*100/$B$53)-100 -> 11998.697 | H55: =(H53*100/$B$53)-100 -> 20138.518 | I55: =(I53*100/$B$53)-100 -> #DIV/0! | ... M55: =(M53*100/$B$53)-100 -> #DIV/0! | O55: =(O53*100/$O$53)-100 -> 0 | P55: =(P53*100/$O$53)-100 -> 124.41393 | Q55: =(Q53*100/$O$53)-100 -> -98.05027 | R55: =(R53*100/$O$53)-100 -> #DIV/0! | S55: =(S53*100/$O$53)-100 -> #DIV/0! | T55: =(T53*100/$O$53)-100 -> #DIV/0! | U55: =(U53*100/$O$53)-100 -> #DIV/0! | V55: =(V53*100/$O$53)-100 -> #DIV/0!
A56: Normality test : p value | B56: =[1]!SWTEST(B28:B43) -> 0.015285699 | C56: =[1]!SWTEST(C28:C43) -> 0.0013330742 | D56: =[1]!SWTEST(D28:D43) -> 0.81796273 | E56: =[1]!SWTEST(E28:E43) -> 0.64147055 | F56: =[1]!SWTEST(F28:F43) -> 0.250006 | G56: =[1]!SWTEST(G28:G43) -> 0.16685366 | H56: =[1]!SWTEST(H28:H43) -> 0.42289963 | I56: =[1]!SWTEST(I28:I43) -> #VALUE! | ... M56: =[1]!SWTEST(M28:M43) -> #VALUE! | O56: =[1]!SWTEST(O28:O43) -> 0.0089013908 | P56: =[1]!SWTEST(P28:P43) -> 0.35627053 | Q56: =[1]!SWTEST(Q28:Q43) -> 0.020690973 | R56: =[1]!SWTEST(R28:R43) -> #VALUE! | S56: =[1]!SWTEST(S28:S43) -> #VALUE! | T56: =[1]!SWTEST(T28:T43) -> #VALUE! | U56: =[1]!SWTEST(U28:U43) -> #VALUE! | V56: =[1]!SWTEST(V28:V43) -> #VALUE!
A57: Normality test : normal distibution? | B57: =IF(B56>0.05,"Oui","Non") -> Non | C57: =IF(C56>0.05,"Oui","Non") -> Non | D57: =IF(D56>0.05,"Oui","Non") -> Oui | E57: =IF(E56>0.05,"Oui","Non") -> Oui | F57: =IF(F56>0.05,"Oui","Non") -> Oui | G57: =IF(G56>0.05,"Oui","Non") -> Oui | H57: =IF(H56>0.05,"Oui","Non") -> Oui | I57: =IF(I56>0.05,"Oui","Non") -> #VALUE! | ... M57: =IF(M56>0.05,"Oui","Non") -> #VALUE! | O57: =IF(O56>0.05,"Oui","Non") -> Non | P57: =IF(P56>0.05,"Oui","Non") -> Oui | Q57: =IF(Q56>0.05,"Oui","Non") -> Non | R57: =IF(R56>0.05,"Oui","Non") -> #VALUE! | S57: =IF(S56>0.05,"Oui","Non") -> #VALUE! | T57: =IF(T56>0.05,"Oui","Non") -> #VALUE! | U57: =IF(U56>0.05,"Oui","Non") -> #VALUE! | V57: =IF(V56>0.05,"Oui","Non") -> #VALUE!
A59: Statistical test used | C59: =IF($B57="Non",IF(C$57="Non","Mann Withney",IF(C$57="Oui","Mann Withney","")),IF($B$57="Oui",IF(C$57="Oui","T-Test Welch",IF(C$57="Non","Mann Withney","")))) -> Mann Withney | D59: =IF($B57="Non",IF(D$57="Non","Mann Withney",IF(D$57="Oui","Mann Withney","")),IF($B$57="Oui",IF(D$57="Oui","T-Test Welch",IF(D$57="Non","Mann Withney","")))) -> Mann Withney | E59: =IF($B57="Non",IF(E$57="Non","Mann Withney",IF(E$57="Oui","Mann Withney","")),IF($B$57="Oui",IF(E$57="Oui","T-Test Welch",IF(E$57="Non","Mann Withney","")))) -> Mann Withney | F59: =IF($B57="Non",IF(F$57="Non","Mann Withney",IF(F$57="Oui","Mann Withney","")),IF($B$57="Oui",IF(F$57="Oui","T-Test Welch",IF(F$57="Non","Mann Withney","")))) -> Mann Withney | G59: =IF($B57="Non",IF(G$57="Non","Mann Withney",IF(G$57="Oui","Mann Withney","")),IF($B$57="Oui",IF(G$57="Oui","T-Test Welch",IF(G$57="Non","Mann Withney","")))) -> Mann Withney | H59: =IF($B57="Non",IF(H$57="Non","Mann Withney",IF(H$57="Oui","Mann Withney","")),IF($B$57="Oui",IF(H$57="Oui","T-Test Welch",IF(H$57="Non","Mann Withney","")))) -> Mann Withney | I59: =IF($B57="Non",IF(I$57="Non","Mann Withney",IF(I$57="Oui","Mann Withney","")),IF($B$57="Oui",IF(I$57="Oui","T-Test Welch",IF(I$57="Non","Mann Withney","")))) -> #VALUE! | J59: =IF($B57="Non",IF(J$57="Non","Mann Withney",IF(J$57="Oui","Mann Withney","")),IF($B$57="Oui",IF(J$57="Oui","T-Test Welch",IF(J$57="Non","Mann Withney","")))) -> #VALUE! | ... M59: =IF($B57="Non",IF(M$57="Non","Mann Withney",IF(M$57="Oui","Mann Withney","")),IF($B$57="Oui",IF(M$57="Oui","T-Test Welch",IF(M$57="Non","Mann Withney","")))) -> #VALUE! | O59: =IF($B57="Non",IF(O$57="Non","Mann Withney",IF(O$57="Oui","Mann Withney","")),IF($B$57="Oui",IF(O$57="Oui","T-Test Welch",IF(O$57="Non","Mann Withney","")))) -> Mann Withney | P59: =IF($O57="Non",IF(P$57="Non","Mann Withney",IF(P$57="Oui","Mann Withney","")),IF($O$57="Oui",IF(P$57="Oui","T-Test Welch",IF(P$57="Non","Mann Withney","")))) -> Mann Withney | Q59: =IF($O57="Non",IF(Q$57="Non","Mann Withney",IF(Q$57="Oui","Mann Withney","")),IF($O$57="Oui",IF(Q$57="Oui","T-Test Welch",IF(Q$57="Non","Mann Withney","")))) -> Mann Withney | R59: =IF($O57="Non",IF(R$57="Non","Mann Withney",IF(R$57="Oui","Mann Withney","")),IF($O$57="Oui",IF(R$57="Oui","T-Test Welch",IF(R$57="Non","Mann Withney","")))) -> #VALUE! | S59: =IF($O57="Non",IF(S$57="Non","Mann Withney",IF(S$57="Oui","Mann Withney","")),IF($O$57="Oui",IF(S$57="Oui","T-Test Welch",IF(S$57="Non","Mann Withney","")))) -> #VALUE! | T59: =IF($O57="Non",IF(T$57="Non","Mann Withney",IF(T$57="Oui","Mann Withney","")),IF($O$57="Oui",IF(T$57="Oui","T-Test Welch",IF(T$57="Non","Mann Withney","")))) -> #VALUE! | U59: =IF($O57="Non",IF(U$57="Non","Mann Withney",IF(U$57="Oui","Mann Withney","")),IF($O$57="Oui",IF(U$57="Oui","T-Test Welch",IF(U$57="Non","Mann Withney","")))) -> #VALUE! | V59: =IF($O57="Non",IF(V$57="Non","Mann Withney",IF(V$57="Oui","Mann Withney","")),IF($O$57="Oui",IF(V$57="Oui","T-Test Welch",IF(V$57="Non","Mann Withney","")))) -> #VALUE!
A60: Statistical test : p value | C60: =IF(C59="Mann Withney",[1]!MTEST($B28:$B43,C28:C43,2), IF(C59="T-Test Welch",_xlfn.T.TEST($B28:$B43,C28:C43,2,3),"")) -> 0.16491482 | D60: =IF(D59="Mann Withney",[1]!MTEST($B28:$B43,D28:D43,2), IF(D59="T-Test Welch",_xlfn.T.TEST($B28:$B43,D28:D43,2,3),"")) -> 0.0026218218 | E60: =IF(E59="Mann Withney",[1]!MTEST($B28:$B43,E28:E43,2), IF(E59="T-Test Welch",_xlfn.T.TEST($B28:$B43,E28:E43,2,3),"")) -> 0.0011937454 | F60: =IF(F59="Mann Withney",[1]!MTEST($B28:$B43,F28:F43,2), IF(F59="T-Test Welch",_xlfn.T.TEST($B28:$B43,F28:F43,2,3),"")) -> 0.0011937454 | G60: =IF(G59="Mann Withney",[1]!MTEST($B28:$B43,G28:G43,2), IF(G59="T-Test Welch",_xlfn.T.TEST($B28:$B43,G28:G43,2,3),"")) -> 0.0011937454 | H60: =IF(H59="Mann Withney",[1]!MTEST($B28:$B43,H28:H43,2), IF(H59="T-Test Welch",_xlfn.T.TEST($B28:$B43,H28:H43,2,3),"")) -> 0.0011937454 | I60: =IF(I59="Mann Withney",[1]!MTEST($B28:$B43,I28:I43,2), IF(I59="T-Test Welch",_xlfn.T.TEST($B28:$B43,I28:I43,2,3),"")) -> #VALUE! | J60: =IF(J59="Mann Withney",[1]!MTEST($B28:$B43,J28:J43,2), IF(J59="T-Test Welch",_xlfn.T.TEST($B28:$B43,J28:J43,2,3),"")) -> #VALUE! | ... M60: =IF(M59="Mann Withney",[1]!MTEST($B28:$B43,M28:M43,2), IF(M59="T-Test Welch",_xlfn.T.TEST($B28:$B43,M28:M43,2,3),"")) -> #VALUE! | O60: =IF(O59="Mann Withney",[1]!MTEST($B28:$B43,O28:O43,2), IF(O59="T-Test Welch",_xlfn.T.TEST($B28:$B43,O28:O43,2,3),"")) -> 0.00030853467 | P60: =IF(P59="Mann Withney",[1]!MTEST($O28:$O43,P28:P43,2), IF(P59="T-Test Welch",_xlfn.T.TEST($O28:$O43,P28:P43,2,3),"")) -> 0.0021996471 | Q60: =IF(Q59="Mann Withney",[1]!MTEST($O28:$O43,Q28:Q43,2), IF(Q59="T-Test Welch",_xlfn.T.TEST($O28:$O43,Q28:Q43,2,3),"")) -> 0.00018736353 | R60: =IF(R59="Mann Withney",[1]!MTEST($O28:$O43,R28:R43,2), IF(R59="T-Test Welch",_xlfn.T.TEST($O28:$O43,R28:R43,2,3),"")) -> #VALUE! | S60: =IF(S59="Mann Withney",[1]!MTEST($O28:$O43,S28:S43,2), IF(S59="T-Test Welch",_xlfn.T.TEST($O28:$O43,S28:S43,2,3),"")) -> #VALUE! | T60: =IF(T59="Mann Withney",[1]!MTEST($O28:$O43,T28:T43,2), IF(T59="T-Test Welch",_xlfn.T.TEST($O28:$O43,T28:T43,2,3),"")) -> #VALUE! | U60: =IF(U59="Mann Withney",[1]!MTEST($O28:$O43,U28:U43,2), IF(U59="T-Test Welch",_xlfn.T.TEST($O28:$O43,U28:U43,2,3),"")) -> #VALUE! | V60: =IF(V59="Mann Withney",[1]!MTEST($O28:$O43,V28:V43,2), IF(V59="T-Test Welch",_xlfn.T.TEST($O28:$O43,V28:V43,2,3),"")) -> #VALUE!
A61: Annotation | C61: =IF(C60>0.05,"NS",IF(C60>0.01,"*",IF(C60>0.001,"**","***"))) -> NS | D61: =IF(D60>0.05,"NS",IF(D60>0.01,"*",IF(D60>0.001,"**","***"))) -> ** | E61: =IF(E60>0.05,"NS",IF(E60>0.01,"*",IF(E60>0.001,"**","***"))) -> ** | F61: =IF(F60>0.05,"NS",IF(F60>0.01,"*",IF(F60>0.001,"**","***"))) -> ** | G61: =IF(G60>0.05,"NS",IF(G60>0.01,"*",IF(G60>0.001,"**","***"))) -> ** | H61: =IF(H60>0.05,"NS",IF(H60>0.01,"*",IF(H60>0.001,"**","***"))) -> ** | I61: =IF(I60>0.05,"NS",IF(I60>0.01,"*",IF(I60>0.001,"**","***"))) -> #VALUE! | J61: =IF(J60>0.05,"NS",IF(J60>0.01,"*",IF(J60>0.001,"**","***"))) -> #VALUE! | ... M61: =IF(M60>0.05,"NS",IF(M60>0.01,"*",IF(M60>0.001,"**","***"))) -> #VALUE! | O61: =IF(O60>0.05,"NS",IF(O60>0.01,"*",IF(O60>0.001,"**","***"))) -> *** | P61: =IF(P60>0.05,"NS",IF(P60>0.01,"*",IF(P60>0.001,"**","***"))) -> ** | Q61: =IF(Q60>0.05,"NS",IF(Q60>0.01,"*",IF(Q60>0.001,"**","***"))) -> *** | R61: =IF(R60>0.05,"NS",IF(R60>0.01,"*",IF(R60>0.001,"**","***"))) -> #VALUE! | S61: =IF(S60>0.05,"NS",IF(S60>0.01,"*",IF(S60>0.001,"**","***"))) -> #VALUE! | T61: =IF(T60>0.05,"NS",IF(T60>0.01,"*",IF(T60>0.001,"**","***"))) -> #VALUE! | U61: =IF(U60>0.05,"NS",IF(U60>0.01,"*",IF(U60>0.001,"**","***"))) -> #VALUE! | V61: =IF(V60>0.05,"NS",IF(V60>0.01,"*",IF(V60>0.001,"**","***"))) -> #VALUE!

Sheet R2
A3: R2 | B3: Unspiked | O3: Testosterone spiked
A4: Group names | B4: ='Front page'!A7 -> Solvent control | C4: ='Front page'!A8 -> EE2-33.8ng/L | D4: ='Front page'!A9 -> EE2-50.6ng/L | E4: ='Front page'!A10 -> EE2-76ng/L | F4: ='Front page'!A11 -> EE2-114ng/L | G4: ='Front page'!A12 -> EE2-170.9ng/L | H4: ='Front page'!A13 -> EE2-488ng/L | I4: ='Front page'!A14 | J4: ='Front page'!A15 | K4: ='Front page'!A16 | L4: ='Front page'!A17 | M4: ='Front page'!A18 | O4: ='Front page'!A35 -> Testo -30µg/L | P4: ='Front page'!A36 -> Testo 30µg/L + EE2 -64ng/L | Q4: ='Front page'!A37 -> Testo 30µg/L + FAD-10mg/L | R4: ='Front page'!A38 -> 0-00 + Testostérone | S4: ='Front page'!A39 -> 0-00 + Testostérone | T4: ='Front page'!A40 -> 0-00 + Testostérone | U4: ='Front page'!A41 -> 0-00 + Testostérone | V4: ='Front page'!A42 -> 0-00 + Testostérone
A5: Raw data | B5: 17989 | C5: 24686 | D5: 327131 | E5: 99312 | F5: 2050617 | G5: 3669626 | H5: 7421219 | O5: 2468526 | P5: 3641274 | Q5: 42365
B6: 46343 | C6: 63921 | D6: 337570 | E6: 850684 | F6: 1321934 | G6: 2245239 | H6: 3998463 | O6: 952230 | P6: 3092059 | Q6: 19776
B7: 32511 | C7: 33900 | D7: 81717 | E7: 115769 | F7: 2153975 | G7: 3543558 | H7: 5563780 | O7: 1530422 | P7: 4358666 | Q7: 38819
B8: 5495 | C8: 97885 | D8: 137468 | E8: 202713 | F8: 1739012 | G8: 3470236 | H8: 5478839 | O8: 2293459 | P8: 3540388 | Q8: 28774
B9: 11994 | C9: 88032 | D9: 16564 | E9: 204590 | F9: 2872576 | G9: 2366366 | H9: 9369790 | O9: 1801693 | P9: 3442128 | Q9: 16152
B10: 39328 | C10: 8586 | D10: 19085 | E10: 97157 | F10: 1981536 | G10: 308872 | H10: 6878373 | O10: 2384302 | P10: 4415005 | Q10: 51211
B11: 55730 | C11: 117411 | D11: 15673 | E11: 101742 | F11: 837609 | G11: 2219626 | H11: 5729499 | O11: 2636591 | P11: 4228085 | Q11: 24203
B12: 62121 | C12: 10457 | D12: 11057 | E12: 378841 | F12: 1079857 | G12: 2112436 | H12: 9075731 | O12: 2079357 | P12: 3187367 | Q12: 40768
O13: 2563447
O14: 2813133
O15: 1929592
O16: 2028750
O17: 4318419
O18: 3004893
O19: 3474370
O20: 3057373
O21: 832643
A22: =A4 -> Group names | B22: =B4 -> Solvent control | C22: =C4 -> EE2-33.8ng/L | D22: =D4 -> EE2-50.6ng/L | E22: =E4 -> EE2-76ng/L | F22: =F4 -> EE2-114ng/L | G22: =G4 -> EE2-170.9ng/L | H22: =H4 -> EE2-488ng/L | ... M22: =M4 | N22: Noms des groupes | O22: =O4 -> Testo -30µg/L | P22: =P4 -> Testo 30µg/L + EE2 -64ng/L | Q22: =Q4 -> Testo 30µg/L + FAD-10mg/L | R22: =R4 -> 0-00 + Testostérone | S22: =S4 -> 0-00 + Testostérone | T22: =T4 -> 0-00 + Testostérone | U22: =U4 -> 0-00 + Testostérone | V22: =V4 -> 0-00 + Testostérone
A23: mean | B23: =AVERAGE(B5:B20) -> 33938.875 | C23: =AVERAGE(C5:C20) -> 55609.75 | D23: =AVERAGE(D5:D20) -> 118283.12 | E23: =AVERAGE(E5:E20) -> 256351 | F23: =AVERAGE(F5:F20) -> 1754639.5 | G23: =AVERAGE(G5:G20) -> 2491994.9 | H23: =AVERAGE(H5:H20) -> 6689461.8 | I23: =AVERAGE(I5:I20) -> #DIV/0! | J23: =AVERAGE(J5:J20) -> #DIV/0! | L23: =AVERAGE(L5:L20) -> #DIV/0! | N23: mean | O23: =AVERAGE(O5:O20) -> 2458534.8 | P23: =AVERAGE(P5:P20) -> 3738121.5 | Q23: =AVERAGE(Q5:Q20) -> 32758.5 | R23: =AVERAGE(R5:R20) -> #DIV/0! | S23: =AVERAGE(S5:S20) -> #DIV/0! | T23: =AVERAGE(T5:T20) -> #DIV/0! | U23: =AVERAGE(U5:U20) -> #DIV/0! | V23: =AVERAGE(V5:V20) -> #DIV/0!
A24: SD | B24: =STDEV(B5:B20) -> 20698.72 | C24: =STDEV(C5:C20) -> 42095.921 | D24: =STDEV(D5:D20) -> 139192.9 | E24: =STDEV(E5:E20) -> 258419.09 | F24: =STDEV(F5:F20) -> 658145.68 | G24: =STDEV(G5:G20) -> 1102626.9 | H24: =STDEV(H5:H20) -> 1864915.4 | I24: =STDEV(I5:I20) -> #DIV/0! | J24: =STDEV(J5:J20) -> #DIV/0! | L24: =STDEV(L5:L20) -> #DIV/0! | N24: SD | O24: =STDEV(O5:O20) -> 796641.94 | P24: =STDEV(P5:P20) -> 526461.01 | Q24: =STDEV(Q5:Q20) -> 12346.517 | R24: =STDEV(R5:R20) -> #DIV/0! | S24: =STDEV(S5:S20) -> #DIV/0! | T24: =STDEV(T5:T20) -> #DIV/0! | U24: =STDEV(U5:U20) -> #DIV/0! | V24: =STDEV(V5:V20) -> #DIV/0!
B26: Unspiked | O26: Testosterone spiked
A27: =A4 -> Group names | B27: =B4 -> Solvent control | C27: =C4 -> EE2-33.8ng/L | D27: =D4 -> EE2-50.6ng/L | E27: =E4 -> EE2-76ng/L | F27: =F4 -> EE2-114ng/L | G27: =G4 -> EE2-170.9ng/L | H27: =H4 -> EE2-488ng/L | ... M27: =M4 | O27: =O4 -> Testo -30µg/L | P27: =P4 -> Testo 30µg/L + EE2 -64ng/L | Q27: =Q4 -> Testo 30µg/L + FAD-10mg/L | R27: =R4 -> 0-00 + Testostérone | S27: =S4 -> 0-00 + Testostérone | T27: =T4 -> 0-00 + Testostérone | U27: =U4 -> 0-00 + Testostérone | V27: =V4 -> 0-00 + Testostérone
A28: Data normalised to the "Testo" group | B28: =IF(B5="","",(B5/$O$23)) -> 0.0073169596 | C28: =IF(C5="","",(C5/$O$23)) -> 0.01004094 | D28: =IF(D5="","",(D5/$O$23)) -> 0.13305933 | E28: =IF(E5="","",(E5/$O$23)) -> 0.040394791 | F28: =IF(F5="","",(F5/$O$23)) -> 0.83408093 | G28: =IF(G5="","",(G5/$O$23)) -> 1.4926069 | H28: =IF(H5="","",(H5/$O$23)) -> 3.0185536 | I28: =IF(I5="","",(I5/$O$23)) | ... M28: =IF(M5="","",(M5/$O$23)) | O28: =IF(O5="","",(O5/$O$23)) -> 1.0040639 | P28: =IF(P5="","",(P5/$O$23)) -> 1.4810748 | Q28: =IF(Q5="","",(Q5/$O$23)) -> 0.017231808 | R28: =IF(R5="","",(R5/$O$23)) | S28: =IF(S5="","",(S5/$O$23)) | T28: =IF(T5="","",(T5/$O$23)) | U28: =IF(U5="","",(U5/$O$23)) | V28: =IF(V5="","",(V5/$O$23))
B29: =IF(B6="","",(B6/$O$23)) -> 0.018849845 | C29: =IF(C6="","",(C6/$O$23)) -> 0.025999632 | D29: =IF(D6="","",(D6/$O$23)) -> 0.13730536 | E29: =IF(E6="","",(E6/$O$23)) -> 0.34601259 | F29: =IF(F6="","",(F6/$O$23)) -> 0.5376918 | G29: =IF(G6="","",(G6/$O$23)) -> 0.91324271 | H29: =IF(H6="","",(H6/$O$23)) -> 1.6263601 | I29: =IF(I6="","",(I6/$O$23)) | ... M29: =IF(M6="","",(M6/$O$23)) | O29: =IF(O6="","",(O6/$O$23)) -> 0.38731605 | P29: =IF(P6="","",(P6/$O$23)) -> 1.2576836 | Q29: =IF(Q6="","",(Q6/$O$23)) -> 0.0080438153 | R29: =IF(R6="","",(R6/$O$23)) | S29: =IF(S6="","",(S6/$O$23)) | T29: =IF(T6="","",(T6/$O$23)) | U29: =IF(U6="","",(U6/$O$23)) | V29: =IF(V6="","",(V6/$O$23))
B30: =IF(B7="","",(B7/$O$23)) -> 0.01322373 | C30: =IF(C7="","",(C7/$O$23)) -> 0.0137887 | D30: =IF(D7="","",(D7/$O$23)) -> 0.033238089 | E30: =IF(E7="","",(E7/$O$23)) -> 0.047088615 | F30: =IF(F7="","",(F7/$O$23)) -> 0.87612142 | G30: =IF(G7="","",(G7/$O$23)) -> 1.4413292 | H30: =IF(H7="","",(H7/$O$23)) -> 2.2630471 | I30: =IF(I7="","",(I7/$O$23)) | ... M30: =IF(M7="","",(M7/$O$23)) | O30: =IF(O7="","",(O7/$O$23)) -> 0.62249352 | P30: =IF(P7="","",(P7/$O$23)) -> 1.7728714 | Q30: =IF(Q7="","",(Q7/$O$23)) -> 0.015789486 | R30: =IF(R7="","",(R7/$O$23)) | S30: =IF(S7="","",(S7/$O$23)) | T30: =IF(T7="","",(T7/$O$23)) | U30: =IF(U7="","",(U7/$O$23)) | V30: =IF(V7="","",(V7/$O$23))
B31: =IF(B8="","",(B8/$O$23)) -> 0.0022350711 | C31: =IF(C8="","",(C8/$O$23)) -> 0.039814364 | D31: =IF(D8="","",(D8/$O$23)) -> 0.055914604 | E31: =IF(E8="","",(E8/$O$23)) -> 0.082452768 | F31: =IF(F8="","",(F8/$O$23)) -> 0.70733674 | G31: =IF(G8="","",(G8/$O$23)) -> 1.4115057 | H31: =IF(H8="","",(H8/$O$23)) -> 2.2284976 | I31: =IF(I8="","",(I8/$O$23)) | ... M31: =IF(M8="","",(M8/$O$23)) | O31: =IF(O8="","",(O8/$O$23)) -> 0.93285602 | P31: =IF(P8="","",(P8/$O$23)) -> 1.4400398 | Q31: =IF(Q8="","",(Q8/$O$23)) -> 0.011703719 | R31: =IF(R8="","",(R8/$O$23)) | S31: =IF(S8="","",(S8/$O$23)) | T31: =IF(T8="","",(T8/$O$23)) | U31: =IF(U8="","",(U8/$O$23)) | V31: =IF(V8="","",(V8/$O$23))
B32: =IF(B9="","",(B9/$O$23)) -> 0.0048785154 | C32: =IF(C9="","",(C9/$O$23)) -> 0.035806692 | D32: =IF(D9="","",(D9/$O$23)) -> 0.0067373461 | E32: =IF(E9="","",(E9/$O$23)) -> 0.083216231 | F32: =IF(F9="","",(F9/$O$23)) -> 1.1684097 | G32: =IF(G9="","",(G9/$O$23)) -> 0.96251067 | H32: =IF(H9="","",(H9/$O$23)) -> 3.8111276 | I32: =IF(I9="","",(I9/$O$23)) | ... M32: =IF(M9="","",(M9/$O$23)) | O32: =IF(O9="","",(O9/$O$23)) -> 0.73283201 | P32: =IF(P9="","",(P9/$O$23)) -> 1.4000729 | Q32: =IF(Q9="","",(Q9/$O$23)) -> 0.0065697666 | R32: =IF(R9="","",(R9/$O$23)) | S32: =IF(S9="","",(S9/$O$23)) | T32: =IF(T9="","",(T9/$O$23)) | U32: =IF(U9="","",(U9/$O$23)) | V32: =IF(V9="","",(V9/$O$23))
B33: =IF(B10="","",(B10/$O$23)) -> 0.015996519 | C33: =IF(C10="","",(C10/$O$23)) -> 0.0034923239 | D33: =IF(D10="","",(D10/$O$23)) -> 0.0077627536 | E33: =IF(E10="","",(E10/$O$23)) -> 0.039518253 | F33: =IF(F10="","",(F10/$O$23)) -> 0.80598249 | G33: =IF(G10="","",(G10/$O$23)) -> 0.12563255 | H33: =IF(H10="","",(H10/$O$23)) -> 2.7977529 | I33: =IF(I10="","",(I10/$O$23)) | ... M33: =IF(M10="","",(M10/$O$23)) | O33: =IF(O10="","",(O10/$O$23)) -> 0.96980608 | P33: =IF(P10="","",(P10/$O$23)) -> 1.7957871 | Q33: =IF(Q10="","",(Q10/$O$23)) -> 0.020829886 | R33: =IF(R10="","",(R10/$O$23)) | S33: =IF(S10="","",(S10/$O$23)) | T33: =IF(T10="","",(T10/$O$23)) | U33: =IF(U10="","",(U10/$O$23)) | V33: =IF(V10="","",(V10/$O$23))
B34: =IF(B11="","",(B11/$O$23)) -> 0.022667973 | C34: =IF(C11="","",(C11/$O$23)) -> 0.047756493 | D34: =IF(D11="","",(D11/$O$23)) -> 0.0063749352 | E34: =IF(E11="","",(E11/$O$23)) -> 0.041383185 | F34: =IF(F11="","",(F11/$O$23)) -> 0.34069438 | G34: =IF(G11="","",(G11/$O$23)) -> 0.90282472 | H34: =IF(H11="","",(H11/$O$23)) -> 2.3304527 | I34: =IF(I11="","",(I11/$O$23)) | ... M34: =IF(M11="","",(M11/$O$23)) | O34: =IF(O11="","",(O11/$O$23)) -> 1.0724237 | P34: =IF(P11="","",(P11/$O$23)) -> 1.719758 | Q34: =IF(Q11="","",(Q11/$O$23)) -> 0.0098444813 | R34: =IF(R11="","",(R11/$O$23)) | S34: =IF(S11="","",(S11/$O$23)) | T34: =IF(T11="","",(T11/$O$23)) | U34: =IF(U11="","",(U11/$O$23)) | V34: =IF(V11="","",(V11/$O$23))
B35: =IF(B12="","",(B12/$O$23)) -> 0.025267488 | C35: =IF(C12="","",(C12/$O$23)) -> 0.0042533463 | D35: =IF(D12="","",(D12/$O$23)) -> 0.0044973941 | E35: =IF(E12="","",(E12/$O$23)) -> 0.15409218 | F35: =IF(F12="","",(F12/$O$23)) -> 0.43922787 | G35: =IF(G12="","",(G12/$O$23)) -> 0.85922558 | H35: =IF(H12="","",(H12/$O$23)) -> 3.6915202 | I35: =IF(I12="","",(I12/$O$23)) | ... M35: =IF(M12="","",(M12/$O$23)) | O35: =IF(O12="","",(O12/$O$23)) -> 0.84577082 | P35: =IF(P12="","",(P12/$O$23)) -> 1.2964498 | Q35: =IF(Q12="","",(Q12/$O$23)) -> 0.016582234 | R35: =IF(R12="","",(R12/$O$23)) | S35: =IF(S12="","",(S12/$O$23)) | T35: =IF(T12="","",(T12/$O$23)) | U35: =IF(U12="","",(U12/$O$23)) | V35: =IF(V12="","",(V12/$O$23))
B36: =IF(B13="","",(B13/$O$23)) | C36: =IF(C13="","",(C13/$O$23)) | D36: =IF(D13="","",(D13/$O$23)) | E36: =IF(E13="","",(E13/$O$23)) | F36: =IF(F13="","",(F13/$O$23)) | G36: =IF(G13="","",(G13/$O$23)) | H36: =IF(H13="","",(H13/$O$23)) | I36: =IF(I13="","",(I13/$O$23)) | ... M36: =IF(M13="","",(M13/$O$23)) | O36: =IF(O13="","",(O13/$O$23)) -> 1.0426726 | P36: =IF(P13="","",(P13/$O$23)) | Q36: =IF(Q13="","",(Q13/$O$23)) | R36: =IF(R13="","",(R13/$O$23)) | S36: =IF(S13="","",(S13/$O$23)) | T36: =IF(T13="","",(T13/$O$23)) | U36: =IF(U13="","",(U13/$O$23)) | V36: =IF(V13="","",(V13/$O$23))
B37: =IF(B14="","",(B14/$O$23)) | C37: =IF(C14="","",(C14/$O$23)) | D37: =IF(D14="","",(D14/$O$23)) | E37: =IF(E14="","",(E14/$O$23)) | F37: =IF(F14="","",(F14/$O$23)) | G37: =IF(G14="","",(G14/$O$23)) | H37: =IF(H14="","",(H14/$O$23)) | I37: =IF(I14="","",(I14/$O$23)) | ... M37: =IF(M14="","",(M14/$O$23)) | O37: =IF(O14="","",(O14/$O$23)) -> 1.1442315 | P37: =IF(P14="","",(P14/$O$23)) | Q37: =IF(Q14="","",(Q14/$O$23)) | R37: =IF(R14="","",(R14/$O$23)) | S37: =IF(S14="","",(S14/$O$23)) | T37: =IF(T14="","",(T14/$O$23)) | U37: =IF(U14="","",(U14/$O$23)) | V37: =IF(V14="","",(V14/$O$23))
B38: =IF(B15="","",(B15/$O$23)) | C38: =IF(C15="","",(C15/$O$23)) | D38: =IF(D15="","",(D15/$O$23)) | E38: =IF(E15="","",(E15/$O$23)) | F38: =IF(F15="","",(F15/$O$23)) | G38: =IF(G15="","",(G15/$O$23)) | H38: =IF(H15="","",(H15/$O$23)) | I38: =IF(I15="","",(I15/$O$23)) | ... M38: =IF(M15="","",(M15/$O$23)) | O38: =IF(O15="","",(O15/$O$23)) -> 0.78485445 | P38: =IF(P15="","",(P15/$O$23)) | Q38: =IF(Q15="","",(Q15/$O$23)) | R38: =IF(R15="","",(R15/$O$23)) | S38: =IF(S15="","",(S15/$O$23)) | T38: =IF(T15="","",(T15/$O$23)) | U38: =IF(U15="","",(U15/$O$23)) | V38: =IF(V15="","",(V15/$O$23))
B39: =IF(B16="","",(B16/$O$23)) | C39: =IF(C16="","",(C16/$O$23)) | D39: =IF(D16="","",(D16/$O$23)) | E39: =IF(E16="","",(E16/$O$23)) | F39: =IF(F16="","",(F16/$O$23)) | G39: =IF(G16="","",(G16/$O$23)) | H39: =IF(H16="","",(H16/$O$23)) | I39: =IF(I16="","",(I16/$O$23)) | ... M39: =IF(M16="","",(M16/$O$23)) | O39: =IF(O16="","",(O16/$O$23)) -> 0.82518661 | P39: =IF(P16="","",(P16/$O$23)) | Q39: =IF(Q16="","",(Q16/$O$23)) | R39: =IF(R16="","",(R16/$O$23)) | S39: =IF(S16="","",(S16/$O$23)) | T39: =IF(T16="","",(T16/$O$23)) | U39: =IF(U16="","",(U16/$O$23)) | V39: =IF(V16="","",(V16/$O$23))
B40: =IF(B17="","",(B17/$O$23)) | C40: =IF(C17="","",(C17/$O$23)) | D40: =IF(D17="","",(D17/$O$23)) | E40: =IF(E17="","",(E17/$O$23)) | F40: =IF(F17="","",(F17/$O$23)) | G40: =IF(G17="","",(G17/$O$23)) | H40: =IF(H17="","",(H17/$O$23)) | I40: =IF(I17="","",(I17/$O$23)) | ... M40: =IF(M17="","",(M17/$O$23)) | O40: =IF(O17="","",(O17/$O$23)) -> 1.7565011 | P40: =IF(P17="","",(P17/$O$23)) | Q40: =IF(Q17="","",(Q17/$O$23)) | R40: =IF(R17="","",(R17/$O$23)) | S40: =IF(S17="","",(S17/$O$23)) | T40: =IF(T17="","",(T17/$O$23)) | U40: =IF(U17="","",(U17/$O$23)) | V40: =IF(V17="","",(V17/$O$23))
... B43: =IF(B20="","",(B20/$O$23)) | C43: =IF(C20="","",(C20/$O$23)) | D43: =IF(D20="","",(D20/$O$23)) | E43: =IF(E20="","",(E20/$O$23)) | F43: =IF(F20="","",(F20/$O$23)) | G43: =IF(G20="","",(G20/$O$23)) | H43: =IF(H20="","",(H20/$O$23)) | I43: =IF(I20="","",(I20/$O$23)) | ... M43: =IF(M20="","",(M20/$O$23)) | O43: =IF(O20="","",(O20/$O$23)) -> 1.2435752 | P43: =IF(P20="","",(P20/$O$23)) | Q43: =IF(Q20="","",(Q20/$O$23)) | R43: =IF(R20="","",(R20/$O$23)) | S43: =IF(S20="","",(S20/$O$23)) | T43: =IF(T20="","",(T20/$O$23)) | U43: =IF(U20="","",(U20/$O$23)) | V43: =IF(V20="","",(V20/$O$23))
A45: =A4 -> Group names | B45: =B4 -> Solvent control | C45: =C4 -> EE2-33.8ng/L | D45: =D4 -> EE2-50.6ng/L | E45: =E4 -> EE2-76ng/L | F45: =F4 -> EE2-114ng/L | G45: =G4 -> EE2-170.9ng/L | H45: =H4 -> EE2-488ng/L | ... M45: =M4 | O45: =O4 -> Testo -30µg/L | P45: =P4 -> Testo 30µg/L + EE2 -64ng/L | Q45: =Q4 -> Testo 30µg/L + FAD-10mg/L | R45: =R4 -> 0-00 + Testostérone | S45: =S4 -> 0-00 + Testostérone | T45: =T4 -> 0-00 + Testostérone | U45: =U4 -> 0-00 + Testostérone | V45: =V4 -> 0-00 + Testostérone
A46: mean | B46: =AVERAGE(B28:B43) -> 0.013804513 | C46: =AVERAGE(C28:C43) -> 0.022619061 | D46: =AVERAGE(D28:D43) -> 0.048111226 | E46: =AVERAGE(E28:E43) -> 0.10426983 | F46: =AVERAGE(F28:F43) -> 0.71369317 | G46: =AVERAGE(G28:G43) -> 1.0136098 | H46: =AVERAGE(H28:H43) -> 2.720914 | I46: =AVERAGE(I28:I43) -> #DIV/0! | ... M46: =AVERAGE(M28:M43) -> #DIV/0! | N46: mean | O46: =AVERAGE(O28:O43) -> 1 | P46: =AVERAGE(P28:P43) -> 1.5204672 | Q46: =AVERAGE(Q28:Q43) -> 0.013324399 | R46: =AVERAGE(R28:R43) -> #DIV/0! | S46: =AVERAGE(S28:S43) -> #DIV/0! | T46: =AVERAGE(T28:T43) -> #DIV/0! | U46: =AVERAGE(U28:U43) -> #DIV/0! | V46: =AVERAGE(V28:V43) -> #DIV/0!
A47: SD | B47: =STDEV(B28:B43) -> 0.0084191285 | C47: =STDEV(C28:C43) -> 0.017122361 | D47: =STDEV(D28:D43) -> 0.056616199 | E47: =STDEV(E28:E43) -> 0.10511101 | F47: =STDEV(F28:F43) -> 0.26769834 | G47: =STDEV(G28:G43) -> 0.44848943 | H47: =STDEV(H28:H43) -> 0.75854749 | I47: =STDEV(I28:I43) -> #DIV/0! | ... M47: =STDEV(M28:M43) -> #DIV/0! | N47: SD | O47: =STDEV(O28:O43) -> 0.32403118 | P47: =STDEV(P28:P43) -> 0.21413608 | Q47: =STDEV(Q28:Q43) -> 0.0050219003 | R47: =STDEV(R28:R43) -> #DIV/0! | S47: =STDEV(S28:S43) -> #DIV/0! | T47: =STDEV(T28:T43) -> #DIV/0! | U47: =STDEV(U28:U43) -> #DIV/0! | V47: =STDEV(V28:V43) -> #DIV/0!
A48: SEM | B48: =B47/SQRT(COUNT(B28:B43)) -> 0.0029766114 | C48: =C47/SQRT(COUNT(C28:C43)) -> 0.0060536688 | D48: =D47/SQRT(COUNT(D28:D43)) -> 0.020016849 | E48: =E47/SQRT(COUNT(E28:E43)) -> 0.037162355 | F48: =F47/SQRT(COUNT(F28:F43)) -> 0.094645655 | G48: =G47/SQRT(COUNT(G28:G43)) -> 0.15856496 | H48: =H47/SQRT(COUNT(H28:H43)) -> 0.26818704 | I48: =I47/SQRT(COUNT(I28:I43)) -> #DIV/0! | ... M48: =M47/SQRT(COUNT(M28:M43)) -> #DIV/0! | N48: SEM | O48: =O47/SQRT(COUNT(O28:O43)) -> 0.081007795 | P48: =P47/SQRT(COUNT(P28:P43)) -> 0.075708538 | Q48: =Q47/SQRT(COUNT(Q28:Q43)) -> 0.0017755099 | R48: =R47/SQRT(COUNT(R28:R43)) -> #DIV/0! | S48: =S47/SQRT(COUNT(S28:S43)) -> #DIV/0! | T48: =T47/SQRT(COUNT(T28:T43)) -> #DIV/0! | U48: =U47/SQRT(COUNT(U28:U43)) -> #DIV/0! | V48: =V47/SQRT(COUNT(V28:V43)) -> #DIV/0!
A52: =A27 -> Group names | B52: =B27 -> Solvent control | C52: =C27 -> EE2-33.8ng/L | D52: =D27 -> EE2-50.6ng/L | E52: =E27 -> EE2-76ng/L | F52: =F27 -> EE2-114ng/L | G52: =G27 -> EE2-170.9ng/L | H52: =H27 -> EE2-488ng/L | I52: =I4 | J52: =J4 | K52: =K4 | L52: =L4 | M52: =M4 | O52: =O27 -> Testo -30µg/L | P52: =P27 -> Testo 30µg/L + EE2 -64ng/L | Q52: =Q27 -> Testo 30µg/L + FAD-10mg/L | R52: =R27 -> 0-00 + Testostérone | S52: =S27 -> 0-00 + Testostérone | T52: =T27 -> 0-00 + Testostérone | U52: =U27 -> 0-00 + Testostérone | V52: =V27 -> 0-00 + Testostérone
A53: Mean | B53: =B46 -> 0.013804513 | C53: =C46 -> 0.022619061 | D53: =D46 -> 0.048111226 | E53: =E46 -> 0.10426983 | F53: =F46 -> 0.71369317 | G53: =G46 -> 1.0136098 | H53: =H46 -> 2.720914 | I53: =I46 -> #DIV/0! | ... M53: =M46 -> #DIV/0! | O53: =O46 -> 1 | P53: =P46 -> 1.5204672 | Q53: =Q46 -> 0.013324399 | R53: =R46 -> #DIV/0! | S53: =S46 -> #DIV/0! | T53: =T46 -> #DIV/0! | U53: =U46 -> #DIV/0! | V53: =V46 -> #DIV/0!
A54: SEM | B54: =B48 -> 0.0029766114 | C54: =C48 -> 0.0060536688 | D54: =D48 -> 0.020016849 | E54: =E48 -> 0.037162355 | F54: =F48 -> 0.094645655 | G54: =G48 -> 0.15856496 | H54: =H48 -> 0.26818704 | I54: =I48 -> #DIV/0! | ... M54: =M48 -> #DIV/0! | O54: =O48 -> 0.081007795 | P54: =P48 -> 0.075708538 | Q54: =Q48 -> 0.0017755099 | R54: =R48 -> #DIV/0! | S54: =S48 -> #DIV/0! | T54: =T48 -> #DIV/0! | U54: =U48 -> #DIV/0! | V54: =V48 -> #DIV/0!
A55: % induction | B55: =(B53*100/$B53)-100 -> 0 | C55: =(C53*100/$B53)-100 -> 63.852662 | D55: =(D53*100/$B53)-100 -> 248.51811 | E55: =(E53*100/$B53)-100 -> 655.33146 | F55: =(F53*100/$B53)-100 -> 5069.999 | G55: =(G53*100/$B53)-100 -> 7242.5972 | H55: =(H53*100/$B53)-100 -> 19610.323 | I55: =(I53*100/$B53)-100 -> #DIV/0! | ... M55: =(M53*100/$B53)-100 -> #DIV/0! | O55: =(O53*100/$O53)-100 -> 0 | P55: =(P53*100/$O53)-100 -> 52.046718 | Q55: =(Q53*100/$O53)-100 -> -98.66756 | R55: =(R53*100/$O53)-100 -> #DIV/0! | S55: =(S53*100/$O53)-100 -> #DIV/0! | T55: =(T53*100/$O53)-100 -> #DIV/0! | U55: =(U53*100/$O53)-100 -> #DIV/0! | V55: =(V53*100/$O53)-100 -> #DIV/0!
A56: Normality test : p value | B56: =[1]!SWTEST(B28:B43) -> 0.73599932 | C56: =[1]!SWTEST(C28:C43) -> 0.35920601 | D56: =[1]!SWTEST(D28:D43) -> 0.010199475 | E56: =[1]!SWTEST(E28:E43) -> 0.0016630441 | F56: =[1]!SWTEST(F28:F43) -> 0.87354264 | G56: =[1]!SWTEST(G28:G43) -> 0.13216734 | H56: =[1]!SWTEST(H28:H43) -> 0.58822915 | I56: =[1]!SWTEST(I28:I43) -> #VALUE! | ... M56: =[1]!SWTEST(M28:M43) -> #VALUE! | O56: =[1]!SWTEST(O28:O43) -> 0.96144232 | P56: =[1]!SWTEST(P28:P43) -> 0.23559724 | Q56: =[1]!SWTEST(Q28:Q43) -> 0.70351344 | R56: =[1]!SWTEST(R28:R43) -> #VALUE! | S56: =[1]!SWTEST(S28:S43) -> #VALUE! | T56: =[1]!SWTEST(T28:T43) -> #VALUE! | U56: =[1]!SWTEST(U28:U43) -> #VALUE! | V56: =[1]!SWTEST(V28:V43) -> #VALUE!
A57: Normality test : normal distibution? | B57: =IF(B56>0.05,"Oui","Non") -> Oui | C57: =IF(C56>0.05,"Oui","Non") -> Oui | D57: =IF(D56>0.05,"Oui","Non") -> Non | E57: =IF(E56>0.05,"Oui","Non") -> Non | F57: =IF(F56>0.05,"Oui","Non") -> Oui | G57: =IF(G56>0.05,"Oui","Non") -> Oui | H57: =IF(H56>0.05,"Oui","Non") -> Oui | I57: =IF(I56>0.05,"Oui","Non") -> #VALUE! | ... M57: =IF(M56>0.05,"Oui","Non") -> #VALUE! | O57: =IF(O56>0.05,"Oui","Non") -> Oui | P57: =IF(P56>0.05,"Oui","Non") -> Oui | Q57: =IF(Q56>0.05,"Oui","Non") -> Oui | R57: =IF(R56>0.05,"Oui","Non") -> #VALUE! | S57: =IF(S56>0.05,"Oui","Non") -> #VALUE! | T57: =IF(T56>0.05,"Oui","Non") -> #VALUE! | U57: =IF(U56>0.05,"Oui","Non") -> #VALUE! | V57: =IF(V56>0.05,"Oui","Non") -> #VALUE!
A59: Statistical test used | C59: =IF($B57="Non",IF(C57="Non","MW",IF(C57="Oui","MW","")),IF($B57="Oui",IF(C57="Oui","T-Test Welch",IF(C57="Non","MW","")))) -> T-Test Welch | D59: =IF($B57="Non",IF(D57="Non","MW",IF(D57="Oui","MW","")),IF($B57="Oui",IF(D57="Oui","T-Test Welch",IF(D57="Non","MW","")))) -> MW | E59: =IF($B57="Non",IF(E57="Non","MW",IF(E57="Oui","MW","")),IF($B57="Oui",IF(E57="Oui","T-Test Welch",IF(E57="Non","MW","")))) -> MW | F59: =IF($B57="Non",IF(F57="Non","MW",IF(F57="Oui","MW","")),IF($B57="Oui",IF(F57="Oui","T-Test Welch",IF(F57="Non","MW","")))) -> T-Test Welch | G59: =IF($B57="Non",IF(G57="Non","MW",IF(G57="Oui","MW","")),IF($B57="Oui",IF(G57="Oui","T-Test Welch",IF(G57="Non","MW","")))) -> T-Test Welch | H59: =IF($B57="Non",IF(H57="Non","MW",IF(H57="Oui","MW","")),IF($B57="Oui",IF(H57="Oui","T-Test Welch",IF(H57="Non","MW","")))) -> T-Test Welch | I59: =IF($B57="Non",IF(I57="Non","MW",IF(I57="Oui","MW","")),IF($B57="Oui",IF(I57="Oui","T-Test Welch",IF(I57="Non","MW","")))) -> #VALUE! | J59: =IF($B57="Non",IF(J57="Non","MW",IF(J57="Oui","MW","")),IF($B57="Oui",IF(J57="Oui","T-Test Welch",IF(J57="Non","MW","")))) -> #VALUE! | ... M59: =IF($B57="Non",IF(M57="Non","MW",IF(M57="Oui","MW","")),IF($B57="Oui",IF(M57="Oui","T-Test Welch",IF(M57="Non","MW","")))) -> #VALUE! | O59: =IF($B57="Non",IF(O57="Non","MW",IF(O57="Oui","MW","")),IF($B57="Oui",IF(O57="Oui","T-Test Welch",IF(O57="Non","MW","")))) -> T-Test Welch | P59: =IF($O57="Non",IF(P57="Non","MW",IF(P57="Oui","MW","")),IF($O57="Oui",IF(P57="Oui","T-Test Welch",IF(P57="Non","MW","")))) -> T-Test Welch | Q59: =IF($O57="Non",IF(Q57="Non","MW",IF(Q57="Oui","MW","")),IF($O57="Oui",IF(Q57="Oui","T-Test Welch",IF(Q57="Non","MW","")))) -> T-Test Welch | R59: =IF($O57="Non",IF(R57="Non","MW",IF(R57="Oui","MW","")),IF($O57="Oui",IF(R57="Oui","T-Test Welch",IF(R57="Non","MW","")))) -> #VALUE! | S59: =IF($O57="Non",IF(S57="Non","MW",IF(S57="Oui","MW","")),IF($O57="Oui",IF(S57="Oui","T-Test Welch",IF(S57="Non","MW","")))) -> #VALUE! | T59: =IF($O57="Non",IF(T57="Non","MW",IF(T57="Oui","MW","")),IF($O57="Oui",IF(T57="Oui","T-Test Welch",IF(T57="Non","MW","")))) -> #VALUE! | U59: =IF($O57="Non",IF(U57="Non","MW",IF(U57="Oui","MW","")),IF($O57="Oui",IF(U57="Oui","T-Test Welch",IF(U57="Non","MW","")))) -> #VALUE! | V59: =IF($O57="Non",IF(V57="Non","MW",IF(V57="Oui","MW","")),IF($O57="Oui",IF(V57="Oui","T-Test Welch",IF(V57="Non","MW","")))) -> #VALUE!
A60: Statistical test : p value | C60: =IF(C59="MW",[1]!MTEST($B28:$B43,C28:C43,2), IF(C59="T-Test Welch",_xlfn.T.TEST($B28:$B43,C28:C43,2,3),"")) -> 0.2200289 | D60: =IF(D59="MW",[1]!MTEST($B28:$B43,D28:D43,2), IF(D59="T-Test Welch",_xlfn.T.TEST($B28:$B43,D28:D43,2,3),"")) -> 0.40081417 | E60: =IF(E59="MW",[1]!MTEST($B28:$B43,E28:E43,2), IF(E59="T-Test Welch",_xlfn.T.TEST($B28:$B43,E28:E43,2,3),"")) -> 0.00077753045 | F60: =IF(F59="MW",[1]!MTEST($B28:$B43,F28:F43,2), IF(F59="T-Test Welch",_xlfn.T.TEST($B28:$B43,F28:F43,2,3),"")) -> 0.00014909102 | G60: =IF(G59="MW",[1]!MTEST($B28:$B43,G28:G43,2), IF(G59="T-Test Welch",_xlfn.T.TEST($B28:$B43,G28:G43,2,3),"")) -> 0.00040137477 | H60: =IF(H59="MW",[1]!MTEST($B28:$B43,H28:H43,2), IF(H59="T-Test Welch",_xlfn.T.TEST($B28:$B43,H28:H43,2,3),"")) -> 2.0087061e-05 | I60: =IF(I59="MW",[1]!MTEST($B28:$B43,I28:I43,2), IF(I59="T-Test Welch",_xlfn.T.TEST($B28:$B43,I28:I43,2,3),"")) -> #VALUE! | J60: =IF(J59="MW",[1]!MTEST($B28:$B43,J28:J43,2), IF(J59="T-Test Welch",_xlfn.T.TEST($B28:$B43,J28:J43,2,3),"")) -> #VALUE! | ... M60: =IF(M59="MW",[1]!MTEST($B28:$B43,M28:M43,2), IF(M59="T-Test Welch",_xlfn.T.TEST($B28:$B43,M28:M43,2,3),"")) -> #VALUE! | O60: =IF(O59="MW",[1]!MTEST($B28:$B43,O28:O43,2), IF(O59="T-Test Welch",_xlfn.T.TEST($B28:$B43,O28:O43,2,3),"")) -> 3.4728479e-09 | P60: =IF(P59="MW",[1]!MTEST($O28:$O43,P28:P43,2), IF(P59="T-Test Welch",_xlfn.T.TEST($O28:$O43,P28:P43,2,3),"")) -> 0.00013965416 | Q60: =IF(Q59="MW",[1]!MTEST($O28:$O43,Q28:Q43,2), IF(Q59="T-Test Welch",_xlfn.T.TEST($O28:$O43,Q28:Q43,2,3),"")) -> 3.498528e-09 | R60: =IF(R59="MW",[1]!MTEST($O28:$O43,R28:R43,2), IF(R59="T-Test Welch",_xlfn.T.TEST($O28:$O43,R28:R43,2,3),"")) -> #VALUE! | S60: =IF(S59="MW",[1]!MTEST($O28:$O43,S28:S43,2), IF(S59="T-Test Welch",_xlfn.T.TEST($O28:$O43,S28:S43,2,3),"")) -> #VALUE! | T60: =IF(T59="MW",[1]!MTEST($O28:$O43,T28:T43,2), IF(T59="T-Test Welch",_xlfn.T.TEST($O28:$O43,T28:T43,2,3),"")) -> #VALUE! | U60: =IF(U59="MW",[1]!MTEST($O28:$O43,U28:U43,2), IF(U59="T-Test Welch",_xlfn.T.TEST($O28:$O43,U28:U43,2,3),"")) -> #VALUE! | V60: =IF(V59="MW",[1]!MTEST($O28:$O43,V28:V43,2), IF(V59="T-Test Welch",_xlfn.T.TEST($O28:$O43,V28:V43,2,3),"")) -> #VALUE!
A61: Annotation | C61: =IF(C60>0.05,"NS",IF(C60>0.01,"*",IF(C60>0.001,"**","***"))) -> NS | D61: =IF(D60>0.05,"NS",IF(D60>0.01,"*",IF(D60>0.001,"**","***"))) -> NS | E61: =IF(E60>0.05,"NS",IF(E60>0.01,"*",IF(E60>0.001,"**","***"))) -> *** | F61: =IF(F60>0.05,"NS",IF(F60>0.01,"*",IF(F60>0.001,"**","***"))) -> *** | G61: =IF(G60>0.05,"NS",IF(G60>0.01,"*",IF(G60>0.001,"**","***"))) -> *** | H61: =IF(H60>0.05,"NS",IF(H60>0.01,"*",IF(H60>0.001,"**","***"))) -> *** | I61: =IF(I60>0.05,"NS",IF(I60>0.01,"*",IF(I60>0.001,"**","***"))) -> #VALUE! | J61: =IF(J60>0.05,"NS",IF(J60>0.01,"*",IF(J60>0.001,"**","***"))) -> #VALUE! | ... M61: =IF(M60>0.05,"NS",IF(M60>0.01,"*",IF(M60>0.001,"**","***"))) -> #VALUE! | O61: =IF(O60>0.05,"NS",IF(O60>0.01,"*",IF(O60>0.001,"**","***"))) -> *** | P61: =IF(P60>0.05,"NS",IF(P60>0.01,"*",IF(P60>0.001,"**","***"))) -> *** | Q61: =IF(Q60>0.05,"NS",IF(Q60>0.01,"*",IF(Q60>0.001,"**","***"))) -> *** | R61: =IF(R60>0.05,"NS",IF(R60>0.01,"*",IF(R60>0.001,"**","***"))) -> #VALUE! | S61: =IF(S60>0.05,"NS",IF(S60>0.01,"*",IF(S60>0.001,"**","***"))) -> #VALUE! | T61: =IF(T60>0.05,"NS",IF(T60>0.01,"*",IF(T60>0.001,"**","***"))) -> #VALUE! | U61: =IF(U60>0.05,"NS",IF(U60>0.01,"*",IF(U60>0.001,"**","***"))) -> #VALUE! | V61: =IF(V60>0.05,"NS",IF(V60>0.01,"*",IF(V60>0.001,"**","***"))) -> #VALUE!

Sheet R3
A3: R3 | B3: Unspiked | O3: Testosterone spiked
A4: Group names | B4: ='Front page'!A7 -> Solvent control | C4: ='Front page'!A8 -> EE2-33.8ng/L | D4: ='Front page'!A9 -> EE2-50.6ng/L | E4: ='Front page'!A10 -> EE2-76ng/L | F4: ='Front page'!A11 -> EE2-114ng/L | G4: ='Front page'!A12 -> EE2-170.9ng/L | H4: ='Front page'!A13 -> EE2-488ng/L | I4: ='Front page'!A14 | J4: ='Front page'!A15 | K4: ='Front page'!A16 | L4: ='Front page'!A17 | M4: ='Front page'!A18 | O4: ='Front page'!A35 -> Testo -30µg/L | P4: ='Front page'!A36 -> Testo 30µg/L + EE2 -64ng/L | Q4: ='Front page'!A37 -> Testo 30µg/L + FAD-10mg/L | R4: ='Front page'!A38 -> 0-00 + Testostérone | S4: ='Front page'!A39 -> 0-00 + Testostérone | T4: ='Front page'!A40 -> 0-00 + Testostérone | U4: ='Front page'!A41 -> 0-00 + Testostérone | V4: ='Front page'!A42 -> 0-00 + Testostérone
A5: Raw data | B5: 33298 | C5: 42656 | D5: 55230 | E5: 1666467 | F5: 3192997 | G5: 2927137 | H5: 6248301 | O5: 1950149 | P5: 3815865 | Q5: 7085
B6: 39902 | C6: 27920 | D6: 100111 | E6: 1271819 | F6: 1930408 | G6: 1713728 | H6: 8796415 | O6: 1948735 | P6: 3571623 | Q6: 30952
B7: 1835 | C7: 7937 | D7: 113718 | E7: 866893 | F7: 3069752 | G7: 2316748 | H7: 4890450 | O7: 1938092 | P7: 3280312 | Q7: 43812
B8: 16758 | C8: 60641 | D8: 56665 | E8: 1347945 | F8: 5468555 | G8: 2305939 | H8: 8092615 | O8: 1935757 | P8: 3750603 | Q8: 117906
B9: 19799 | C9: 17118 | D9: 21918 | E9: 1119940 | F9: 2907950 | G9: 2855299 | H9: 6536120 | O9: 4257890 | P9: 3340395 | Q9: 32884
B10: 422 | C10: 27467 | D10: 30331 | E10: 1186472 | F10: 3711475 | G10: 1887435 | H10: 8615534 | O10: 2867482 | P10: 4574119 | Q10: 27979
B11: 28958 | C11: 70845 | D11: 46748 | E11: 1838088 | F11: 2722659 | G11: 2211214 | H11: 6265676 | O11: 1803452 | P11: 2099808 | Q11: 42676
B12: 10371 | C12: 45757 | D12: 13395 | E12: 433215 | F12: 4419874 | G12: 3754386 | H12: 6008420 | O12: 1946995 | P12: 3895621 | Q12: 25595
O13: 1971639
O14: 2625907
O15: 3240113
O16: 543556
O17: 3058989
O18: 4228130
O19: 3469812
O20: 883475
A22: =A4 -> Group names | B22: =B4 -> Solvent control | C22: =C4 -> EE2-33.8ng/L | D22: =D4 -> EE2-50.6ng/L | E22: =E4 -> EE2-76ng/L | F22: =F4 -> EE2-114ng/L | G22: =G4 -> EE2-170.9ng/L | H22: =H4 -> EE2-488ng/L | ... M22: =M4 | N22: Noms des groupes | O22: =O4 -> Testo -30µg/L | P22: =P4 -> Testo 30µg/L + EE2 -64ng/L | Q22: =Q4 -> Testo 30µg/L + FAD-10mg/L | R22: =R4 -> 0-00 + Testostérone | S22: =S4 -> 0-00 + Testostérone | T22: =T4 -> 0-00 + Testostérone | U22: =U4 -> 0-00 + Testostérone | V22: =V4 -> 0-00 + Testostérone
A23: mean | B23: =AVERAGE(B5:B20) -> 18917.875 | C23: =AVERAGE(C5:C20) -> 37542.625 | D23: =AVERAGE(D5:D20) -> 54764.5 | E23: =AVERAGE(E5:E20) -> 1216354.9 | F23: =AVERAGE(F5:F20) -> 3427958.8 | G23: =AVERAGE(G5:G20) -> 2496485.8 | H23: =AVERAGE(H5:H20) -> 6931691.4 | I23: =AVERAGE(I5:I20) -> #DIV/0! | J23: =AVERAGE(J5:J20) -> #DIV/0! | L23: =AVERAGE(L5:L20) -> #DIV/0! | N23: mean | O23: =AVERAGE(O5:O20) -> 2416885.8 | P23: =AVERAGE(P5:P20) -> 3541043.2 | Q23: =AVERAGE(Q5:Q20) -> 41111.125 | R23: =AVERAGE(R5:R20) -> #DIV/0! | S23: =AVERAGE(S5:S20) -> #DIV/0! | T23: =AVERAGE(T5:T20) -> #DIV/0! | U23: =AVERAGE(U5:U20) -> #DIV/0! | V23: =AVERAGE(V5:V20) -> #DIV/0!
A24: SD | B24: =STDEV(B5:B20) -> 14443.674 | C24: =STDEV(C5:C20) -> 21460.852 | D24: =STDEV(D5:D20) -> 35831.425 | E24: =STDEV(E5:E20) -> 439994.43 | F24: =STDEV(F5:F20) -> 1096901.1 | G24: =STDEV(G5:G20) -> 657936.89 | H24: =STDEV(H5:H20) -> 1401348.1 | I24: =STDEV(I5:I20) -> #DIV/0! | J24: =STDEV(J5:J20) -> #DIV/0! | L24: =STDEV(L5:L20) -> #DIV/0! | N24: SD | O24: =STDEV(O5:O20) -> 1054168.7 | P24: =STDEV(P5:P20) -> 706980.28 | Q24: =STDEV(Q5:Q20) -> 33056.38 | R24: =STDEV(R5:R20) -> #DIV/0! | S24: =STDEV(S5:S20) -> #DIV/0! | T24: =STDEV(T5:T20) -> #DIV/0! | U24: =STDEV(U5:U20) -> #DIV/0! | V24: =STDEV(V5:V20) -> #DIV/0!
B26: Unspiked | O26: Testosterone spiked
A27: =A4 -> Group names | B27: =B4 -> Solvent control | C27: =C4 -> EE2-33.8ng/L | D27: =D4 -> EE2-50.6ng/L | E27: =E4 -> EE2-76ng/L | F27: =F4 -> EE2-114ng/L | G27: =G4 -> EE2-170.9ng/L | H27: =H4 -> EE2-488ng/L | ... M27: =M4 | O27: =O4 -> Testo -30µg/L | P27: =P4 -> Testo 30µg/L + EE2 -64ng/L | Q27: =Q4 -> Testo 30µg/L + FAD-10mg/L | R27: =R4 -> 0-00 + Testostérone | S27: =S4 -> 0-00 + Testostérone | T27: =T4 -> 0-00 + Testostérone | U27: =U4 -> 0-00 + Testostérone | V27: =V4 -> 0-00 + Testostérone
A28: Data normalised to the "Testo" group | B28: =IF(B5="","",(B5/$O$23)) -> 0.013777233 | C28: =IF(C5="","",(C5/$O$23)) -> 0.017649158 | D28: =IF(D5="","",(D5/$O$23)) -> 0.022851721 | E28: =IF(E5="","",(E5/$O$23)) -> 0.68951003 | F28: =IF(F5="","",(F5/$O$23)) -> 1.3211203 | G28: =IF(G5="","",(G5/$O$23)) -> 1.2111193 | H28: =IF(H5="","",(H5/$O$23)) -> 2.5852694 | I28: =IF(I5="","",(I5/$O$23)) | ... M28: =IF(M5="","",(M5/$O$23)) | O28: =IF(O5="","",(O5/$O$23)) -> 0.80688504 | P28: =IF(P5="","",(P5/$O$23)) -> 1.5788355 | Q28: =IF(Q5="","",(Q5/$O$23)) -> 0.0029314583 | R28: =IF(R5="","",(R5/$O$23)) | S28: =IF(S5="","",(S5/$O$23)) | T28: =IF(T5="","",(T5/$O$23)) | U28: =IF(U5="","",(U5/$O$23)) | V28: =IF(V5="","",(V5/$O$23))
B29: =IF(B6="","",(B6/$O$23)) -> 0.016509675 | C29: =IF(C6="","",(C6/$O$23)) -> 0.011552056 | D29: =IF(D6="","",(D6/$O$23)) -> 0.041421485 | E29: =IF(E6="","",(E6/$O$23)) -> 0.52622221 | F29: =IF(F6="","",(F6/$O$23)) -> 0.79871709 | G29: =IF(G6="","",(G6/$O$23)) -> 0.70906453 | H29: =IF(H6="","",(H6/$O$23)) -> 3.6395658 | I29: =IF(I6="","",(I6/$O$23)) | ... M29: =IF(M6="","",(M6/$O$23)) | O29: =IF(O6="","",(O6/$O$23)) -> 0.80629999 | P29: =IF(P6="","",(P6/$O$23)) -> 1.477779 | Q29: =IF(Q6="","",(Q6/$O$23)) -> 0.012806563 | R29: =IF(R6="","",(R6/$O$23)) | S29: =IF(S6="","",(S6/$O$23)) | T29: =IF(T6="","",(T6/$O$23)) | U29: =IF(U6="","",(U6/$O$23)) | V29: =IF(V6="","",(V6/$O$23))
B30: =IF(B7="","",(B7/$O$23)) -> 0.0007592415 | C30: =IF(C7="","",(C7/$O$23)) -> 0.0032839781 | D30: =IF(D7="","",(D7/$O$23)) -> 0.047051457 | E30: =IF(E7="","",(E7/$O$23)) -> 0.35868182 | F30: =IF(F7="","",(F7/$O$23)) -> 1.270127 | G30: =IF(G7="","",(G7/$O$23)) -> 0.95856742 | H30: =IF(H7="","",(H7/$O$23)) -> 2.023451 | I30: =IF(I7="","",(I7/$O$23)) | ... M30: =IF(M7="","",(M7/$O$23)) | O30: =IF(O7="","",(O7/$O$23)) -> 0.80189639 | P30: =IF(P7="","",(P7/$O$23)) -> 1.3572474 | Q30: =IF(Q7="","",(Q7/$O$23)) -> 0.01812746 | R30: =IF(R7="","",(R7/$O$23)) | S30: =IF(S7="","",(S7/$O$23)) | T30: =IF(T7="","",(T7/$O$23)) | U30: =IF(U7="","",(U7/$O$23)) | V30: =IF(V7="","",(V7/$O$23))
B31: =IF(B8="","",(B8/$O$23)) -> 0.0069337161 | C31: =IF(C8="","",(C8/$O$23)) -> 0.025090552 | D31: =IF(D8="","",(D8/$O$23)) -> 0.02344546 | E31: =IF(E8="","",(E8/$O$23)) -> 0.55771977 | F31: =IF(F8="","",(F8/$O$23)) -> 2.2626452 | G31: =IF(G8="","",(G8/$O$23)) -> 0.95409514 | H31: =IF(H8="","",(H8/$O$23)) -> 3.3483646 | I31: =IF(I8="","",(I8/$O$23)) | ... M31: =IF(M8="","",(M8/$O$23)) | O31: =IF(O8="","",(O8/$O$23)) -> 0.80093027 | P31: =IF(P8="","",(P8/$O$23)) -> 1.5518329 | Q31: =IF(Q8="","",(Q8/$O$23)) -> 0.048784266 | R31: =IF(R8="","",(R8/$O$23)) | S31: =IF(S8="","",(S8/$O$23)) | T31: =IF(T8="","",(T8/$O$23)) | U31: =IF(U8="","",(U8/$O$23)) | V31: =IF(V8="","",(V8/$O$23))
B32: =IF(B9="","",(B9/$O$23)) -> 0.0081919468 | C32: =IF(C9="","",(C9/$O$23)) -> 0.0070826681 | D32: =IF(D9="","",(D9/$O$23)) -> 0.0090686949 | E32: =IF(E9="","",(E9/$O$23)) -> 0.46338143 | F32: =IF(F9="","",(F9/$O$23)) -> 1.2031805 | G32: =IF(G9="","",(G9/$O$23)) -> 1.1813959 | H32: =IF(H9="","",(H9/$O$23)) -> 2.7043561 | I32: =IF(I9="","",(I9/$O$23)) | ... M32: =IF(M9="","",(M9/$O$23)) | O32: =IF(O9="","",(O9/$O$23)) -> 1.7617258 | P32: =IF(P9="","",(P9/$O$23)) -> 1.3821071 | Q32: =IF(Q9="","",(Q9/$O$23)) -> 0.013605939 | R32: =IF(R9="","",(R9/$O$23)) | S32: =IF(S9="","",(S9/$O$23)) | T32: =IF(T9="","",(T9/$O$23)) | U32: =IF(U9="","",(U9/$O$23)) | V32: =IF(V9="","",(V9/$O$23))
B33: =IF(B10="","",(B10/$O$23)) -> 0.00017460486 | C33: =IF(C10="","",(C10/$O$23)) -> 0.011364625 | D33: =IF(D10="","",(D10/$O$23)) -> 0.012549621 | E33: =IF(E10="","",(E10/$O$23)) -> 0.49090941 | F33: =IF(F10="","",(F10/$O$23)) -> 1.5356435 | G33: =IF(G10="","",(G10/$O$23)) -> 0.78093677 | H33: =IF(H10="","",(H10/$O$23)) -> 3.5647253 | I33: =IF(I10="","",(I10/$O$23)) | ... M33: =IF(M10="","",(M10/$O$23)) | O33: =IF(O10="","",(O10/$O$23)) -> 1.1864367 | P33: =IF(P10="","",(P10/$O$23)) -> 1.8925673 | Q33: =IF(Q10="","",(Q10/$O$23)) -> 0.011576467 | R33: =IF(R10="","",(R10/$O$23)) | S33: =IF(S10="","",(S10/$O$23)) | T33: =IF(T10="","",(T10/$O$23)) | U33: =IF(U10="","",(U10/$O$23)) | V33: =IF(V10="","",(V10/$O$23))
B34: =IF(B11="","",(B11/$O$23)) -> 0.011981534 | C34: =IF(C11="","",(C11/$O$23)) -> 0.029312514 | D34: =IF(D11="","",(D11/$O$23)) -> 0.019342246 | E34: =IF(E11="","",(E11/$O$23)) -> 0.76051917 | F34: =IF(F11="","",(F11/$O$23)) -> 1.1265154 | G34: =IF(G11="","",(G11/$O$23)) -> 0.91490214 | H34: =IF(H11="","",(H11/$O$23)) -> 2.5924584 | I34: =IF(I11="","",(I11/$O$23)) | ... M34: =IF(M11="","",(M11/$O$23)) | O34: =IF(O11="","",(O11/$O$23)) -> 0.74618833 | P34: =IF(P11="","",(P11/$O$23)) -> 0.86880728 | Q34: =IF(Q11="","",(Q11/$O$23)) -> 0.017657433 | R34: =IF(R11="","",(R11/$O$23)) | S34: =IF(S11="","",(S11/$O$23)) | T34: =IF(T11="","",(T11/$O$23)) | U34: =IF(U11="","",(U11/$O$23)) | V34: =IF(V11="","",(V11/$O$23))
B35: =IF(B12="","",(B12/$O$23)) -> 0.0042910592 | C35: =IF(C12="","",(C12/$O$23)) -> 0.018932214 | D35: =IF(D12="","",(D12/$O$23)) -> 0.005542256 | E35: =IF(E12="","",(E12/$O$23)) -> 0.17924513 | F35: =IF(F12="","",(F12/$O$23)) -> 1.8287475 | G35: =IF(G12="","",(G12/$O$23)) -> 1.5533982 | H35: =IF(H12="","",(H12/$O$23)) -> 2.4860173 | I35: =IF(I12="","",(I12/$O$23)) | ... M35: =IF(M12="","",(M12/$O$23)) | O35: =IF(O12="","",(O12/$O$23)) -> 0.80558005 | P35: =IF(P12="","",(P12/$O$23)) -> 1.6118349 | Q35: =IF(Q12="","",(Q12/$O$23)) -> 0.010590074 | R35: =IF(R12="","",(R12/$O$23)) | S35: =IF(S12="","",(S12/$O$23)) | T35: =IF(T12="","",(T12/$O$23)) | U35: =IF(U12="","",(U12/$O$23)) | V35: =IF(V12="","",(V12/$O$23))
B36: =IF(B13="","",(B13/$O$23)) | C36: =IF(C13="","",(C13/$O$23)) | D36: =IF(D13="","",(D13/$O$23)) | E36: =IF(E13="","",(E13/$O$23)) | F36: =IF(F13="","",(F13/$O$23)) | G36: =IF(G13="","",(G13/$O$23)) | H36: =IF(H13="","",(H13/$O$23)) | I36: =IF(I13="","",(I13/$O$23)) | ... M36: =IF(M13="","",(M13/$O$23)) | O36: =IF(O13="","",(O13/$O$23)) -> 0.81577665 | P36: =IF(P13="","",(P13/$O$23)) | Q36: =IF(Q13="","",(Q13/$O$23)) | R36: =IF(R13="","",(R13/$O$23)) | S36: =IF(S13="","",(S13/$O$23)) | T36: =IF(T13="","",(T13/$O$23)) | U36: =IF(U13="","",(U13/$O$23)) | V36: =IF(V13="","",(V13/$O$23))
B37: =IF(B14="","",(B14/$O$23)) | C37: =IF(C14="","",(C14/$O$23)) | D37: =IF(D14="","",(D14/$O$23)) | E37: =IF(E14="","",(E14/$O$23)) | F37: =IF(F14="","",(F14/$O$23)) | G37: =IF(G14="","",(G14/$O$23)) | H37: =IF(H14="","",(H14/$O$23)) | I37: =IF(I14="","",(I14/$O$23)) | ... M37: =IF(M14="","",(M14/$O$23)) | O37: =IF(O14="","",(O14/$O$23)) -> 1.0864837 | P37: =IF(P14="","",(P14/$O$23)) | Q37: =IF(Q14="","",(Q14/$O$23)) | R37: =IF(R14="","",(R14/$O$23)) | S37: =IF(S14="","",(S14/$O$23)) | T37: =IF(T14="","",(T14/$O$23)) | U37: =IF(U14="","",(U14/$O$23)) | V37: =IF(V14="","",(V14/$O$23))
B38: =IF(B15="","",(B15/$O$23)) | C38: =IF(C15="","",(C15/$O$23)) | D38: =IF(D15="","",(D15/$O$23)) | E38: =IF(E15="","",(E15/$O$23)) | F38: =IF(F15="","",(F15/$O$23)) | G38: =IF(G15="","",(G15/$O$23)) | H38: =IF(H15="","",(H15/$O$23)) | I38: =IF(I15="","",(I15/$O$23)) | ... M38: =IF(M15="","",(M15/$O$23)) | O38: =IF(O15="","",(O15/$O$23)) -> 1.3406148 | P38: =IF(P15="","",(P15/$O$23)) | Q38: =IF(Q15="","",(Q15/$O$23)) | R38: =IF(R15="","",(R15/$O$23)) | S38: =IF(S15="","",(S15/$O$23)) | T38: =IF(T15="","",(T15/$O$23)) | U38: =IF(U15="","",(U15/$O$23)) | V38: =IF(V15="","",(V15/$O$23))
B39: =IF(B16="","",(B16/$O$23)) | C39: =IF(C16="","",(C16/$O$23)) | D39: =IF(D16="","",(D16/$O$23)) | E39: =IF(E16="","",(E16/$O$23)) | F39: =IF(F16="","",(F16/$O$23)) | G39: =IF(G16="","",(G16/$O$23)) | H39: =IF(H16="","",(H16/$O$23)) | I39: =IF(I16="","",(I16/$O$23)) | ... M39: =IF(M16="","",(M16/$O$23)) | O39: =IF(O16="","",(O16/$O$23)) -> 0.22489933 | P39: =IF(P16="","",(P16/$O$23)) | Q39: =IF(Q16="","",(Q16/$O$23)) | R39: =IF(R16="","",(R16/$O$23)) | S39: =IF(S16="","",(S16/$O$23)) | T39: =IF(T16="","",(T16/$O$23)) | U39: =IF(U16="","",(U16/$O$23)) | V39: =IF(V16="","",(V16/$O$23))
B40: =IF(B17="","",(B17/$O$23)) | C40: =IF(C17="","",(C17/$O$23)) | D40: =IF(D17="","",(D17/$O$23)) | E40: =IF(E17="","",(E17/$O$23)) | F40: =IF(F17="","",(F17/$O$23)) | G40: =IF(G17="","",(G17/$O$23)) | H40: =IF(H17="","",(H17/$O$23)) | I40: =IF(I17="","",(I17/$O$23)) | ... M40: =IF(M17="","",(M17/$O$23)) | O40: =IF(O17="","",(O17/$O$23)) -> 1.2656738 | P40: =IF(P17="","",(P17/$O$23)) | Q40: =IF(Q17="","",(Q17/$O$23)) | R40: =IF(R17="","",(R17/$O$23)) | S40: =IF(S17="","",(S17/$O$23)) | T40: =IF(T17="","",(T17/$O$23)) | U40: =IF(U17="","",(U17/$O$23)) | V40: =IF(V17="","",(V17/$O$23))
... B43: =IF(B20="","",(B20/$O$23)) | C43: =IF(C20="","",(C20/$O$23)) | D43: =IF(D20="","",(D20/$O$23)) | E43: =IF(E20="","",(E20/$O$23)) | F43: =IF(F20="","",(F20/$O$23)) | G43: =IF(G20="","",(G20/$O$23)) | H43: =IF(H20="","",(H20/$O$23)) | I43: =IF(I20="","",(I20/$O$23)) | ... M43: =IF(M20="","",(M20/$O$23)) | O43: =IF(O20="","",(O20/$O$23)) -> 0.36554271 | P43: =IF(P20="","",(P20/$O$23)) | Q43: =IF(Q20="","",(Q20/$O$23)) | R43: =IF(R20="","",(R20/$O$23)) | S43: =IF(S20="","",(S20/$O$23)) | T43: =IF(T20="","",(T20/$O$23)) | U43: =IF(U20="","",(U20/$O$23)) | V43: =IF(V20="","",(V20/$O$23))
A45: =A4 -> Group names | B45: =B4 -> Solvent control | C45: =C4 -> EE2-33.8ng/L | D45: =D4 -> EE2-50.6ng/L | E45: =E4 -> EE2-76ng/L | F45: =F4 -> EE2-114ng/L | G45: =G4 -> EE2-170.9ng/L | H45: =H4 -> EE2-488ng/L | ... M45: =M4 | O45: =O4 -> Testo -30µg/L | P45: =P4 -> Testo 30µg/L + EE2 -64ng/L | Q45: =Q4 -> Testo 30µg/L + FAD-10mg/L | R45: =R4 -> 0-00 + Testostérone | S45: =S4 -> 0-00 + Testostérone | T45: =T4 -> 0-00 + Testostérone | U45: =U4 -> 0-00 + Testostérone | V45: =V4 -> 0-00 + Testostérone
A46: mean | B46: =AVERAGE(B28:B43) -> 0.0078273764 | C46: =AVERAGE(C28:C43) -> 0.015533471 | D46: =AVERAGE(D28:D43) -> 0.022659118 | E46: =AVERAGE(E28:E43) -> 0.50327362 | F46: =AVERAGE(F28:F43) -> 1.4183371 | G46: =AVERAGE(G28:G43) -> 1.0329349 | H46: =AVERAGE(H28:H43) -> 2.868026 | I46: =AVERAGE(I28:I43) -> #DIV/0! | ... M46: =AVERAGE(M28:M43) -> #DIV/0! | N46: mean | O46: =AVERAGE(O28:O43) -> 1 | P46: =AVERAGE(P28:P43) -> 1.4651264 | Q46: =AVERAGE(Q28:Q43) -> 0.017009958 | R46: =AVERAGE(R28:R43) -> #DIV/0! | S46: =AVERAGE(S28:S43) -> #DIV/0! | T46: =AVERAGE(T28:T43) -> #DIV/0! | U46: =AVERAGE(U28:U43) -> #DIV/0! | V46: =AVERAGE(V28:V43) -> #DIV/0!
A47: SD | B47: =STDEV(B28:B43) -> 0.005976151 | C47: =STDEV(C28:C43) -> 0.0088795473 | D47: =STDEV(D28:D43) -> 0.014825452 | E47: =STDEV(E28:E43) -> 0.18205015 | F47: =STDEV(F28:F43) -> 0.45384897 | G47: =STDEV(G28:G43) -> 0.27222506 | H47: =STDEV(H28:H43) -> 0.57981561 | I47: =STDEV(I28:I43) -> #DIV/0! | ... M47: =STDEV(M28:M43) -> #DIV/0! | N47: SD | O47: =STDEV(O28:O43) -> 0.43616819 | P47: =STDEV(P28:P43) -> 0.29251704 | Q47: =STDEV(Q28:Q43) -> 0.013677262 | R47: =STDEV(R28:R43) -> #DIV/0! | S47: =STDEV(S28:S43) -> #DIV/0! | T47: =STDEV(T28:T43) -> #DIV/0! | U47: =STDEV(U28:U43) -> #DIV/0! | V47: =STDEV(V28:V43) -> #DIV/0!
A48: SEM | B48: =B47/SQRT(COUNT(B28:B43)) -> 0.0021128884 | C48: =C47/SQRT(COUNT(C28:C43)) -> 0.0031393941 | D48: =D47/SQRT(COUNT(D28:D43)) -> 0.0052415889 | E48: =E47/SQRT(COUNT(E28:E43)) -> 0.064364449 | F48: =F47/SQRT(COUNT(F28:F43)) -> 0.16045984 | G48: =G47/SQRT(COUNT(G28:G43)) -> 0.096246094 | H48: =H47/SQRT(COUNT(H28:H43)) -> 0.20499577 | I48: =I47/SQRT(COUNT(I28:I43)) -> #DIV/0! | ... M48: =M47/SQRT(COUNT(M28:M43)) -> #DIV/0! | N48: SEM | O48: =O47/SQRT(COUNT(O28:O43)) -> 0.10904205 | P48: =P47/SQRT(COUNT(P28:P43)) -> 0.10342039 | Q48: =Q47/SQRT(COUNT(Q28:Q43)) -> 0.0048356423 | R48: =R47/SQRT(COUNT(R28:R43)) -> #DIV/0! | S48: =S47/SQRT(COUNT(S28:S43)) -> #DIV/0! | T48: =T47/SQRT(COUNT(T28:T43)) -> #DIV/0! | U48: =U47/SQRT(COUNT(U28:U43)) -> #DIV/0! | V48: =V47/SQRT(COUNT(V28:V43)) -> #DIV/0!
A52: =A27 -> Group names | B52: =B27 -> Solvent control | C52: =C27 -> EE2-33.8ng/L | D52: =D27 -> EE2-50.6ng/L | E52: =E27 -> EE2-76ng/L | F52: =F27 -> EE2-114ng/L | G52: =G27 -> EE2-170.9ng/L | H52: =H27 -> EE2-488ng/L | I52: =I4 | J52: =J4 | K52: =K4 | L52: =L4 | M52: =M4 | O52: =O27 -> Testo -30µg/L | P52: =P27 -> Testo 30µg/L + EE2 -64ng/L | Q52: =Q27 -> Testo 30µg/L + FAD-10mg/L | R52: =R27 -> 0-00 + Testostérone | S52: =S27 -> 0-00 + Testostérone | T52: =T27 -> 0-00 + Testostérone | U52: =U27 -> 0-00 + Testostérone | V52: =V27 -> 0-00 + Testostérone
A53: Mean | B53: =B46 -> 0.0078273764 | C53: =C46 -> 0.015533471 | D53: =D46 -> 0.022659118 | E53: =E46 -> 0.50327362 | F53: =F46 -> 1.4183371 | G53: =G46 -> 1.0329349 | H53: =H46 -> 2.868026 | I53: =I46 -> #DIV/0! | ... M53: =M46 -> #DIV/0! | O53: =O46 -> 1 | P53: =P46 -> 1.4651264 | Q53: =Q46 -> 0.017009958 | R53: =R46 -> #DIV/0! | S53: =S46 -> #DIV/0! | T53: =T46 -> #DIV/0! | U53: =U46 -> #DIV/0! | V53: =V46 -> #DIV/0!
A54: SEM | B54: =B48 -> 0.0021128884 | C54: =C48 -> 0.0031393941 | D54: =D48 -> 0.0052415889 | E54: =E48 -> 0.064364449 | F54: =F48 -> 0.16045984 | G54: =G48 -> 0.096246094 | H54: =H48 -> 0.20499577 | I54: =I48 -> #DIV/0! | ... M54: =M48 -> #DIV/0! | O54: =O48 -> 0.10904205 | P54: =P48 -> 0.10342039 | Q54: =Q48 -> 0.0048356423 | R54: =R48 -> #DIV/0! | S54: =S48 -> #DIV/0! | T54: =T48 -> #DIV/0! | U54: =U48 -> #DIV/0! | V54: =V48 -> #DIV/0!
A55: % induction | B55: =(B53*100/$B53)-100 -> 0 | C55: =(C53*100/$B53)-100 -> 98.45054 | D55: =(D53*100/$B53)-100 -> 189.48547 | E55: =(E53*100/$B53)-100 -> 6329.6591 | F55: =(F53*100/$B53)-100 -> 18020.21 | G55: =(G53*100/$B53)-100 -> 13096.439 | H55: =(H53*100/$B53)-100 -> 36540.962 | I55: =(I53*100/$B53)-100 -> #DIV/0! | ... M55: =(M53*100/$B53)-100 -> #DIV/0! | O55: =(O53*100/$O53)-100 -> 0 | P55: =(P53*100/$O53)-100 -> 46.512642 | Q55: =(Q53*100/$O53)-100 -> -98.299004 | R55: =(R53*100/$O53)-100 -> #DIV/0! | S55: =(S53*100/$O53)-100 -> #DIV/0! | T55: =(T53*100/$O53)-100 -> #DIV/0! | U55: =(U53*100/$O53)-100 -> #DIV/0! | V55: =(V53*100/$O53)-100 -> #DIV/0!
A56: Normality test : p value | B56: =[1]!SWTEST(B28:B43) -> 0.72121346 | C56: =[1]!SWTEST(C28:C43) -> 0.88201655 | D56: =[1]!SWTEST(D28:D43) -> 0.36703 | E56: =[1]!SWTEST(E28:E43) -> 0.91304066 | F56: =[1]!SWTEST(F28:F43) -> 0.68854563 | G56: =[1]!SWTEST(G28:G43) -> 0.49883002 | H56: =[1]!SWTEST(H28:H43) -> 0.31721321 | I56: =[1]!SWTEST(I28:I43) -> #VALUE! | ... M56: =[1]!SWTEST(M28:M43) -> #VALUE! | O56: =[1]!SWTEST(O28:O43) -> 0.28990895 | P56: =[1]!SWTEST(P28:P43) -> 0.35958582 | Q56: =[1]!SWTEST(Q28:Q43) -> 0.0072251784 | R56: =[1]!SWTEST(R28:R43) -> #VALUE! | S56: =[1]!SWTEST(S28:S43) -> #VALUE! | T56: =[1]!SWTEST(T28:T43) -> #VALUE! | U56: =[1]!SWTEST(U28:U43) -> #VALUE! | V56: =[1]!SWTEST(V28:V43) -> #VALUE!
A57: Normality test : normal distibution? | B57: =IF(B56>0.05,"Oui","Non") -> Oui | C57: =IF(C56>0.05,"Oui","Non") -> Oui | D57: =IF(D56>0.05,"Oui","Non") -> Oui | E57: =IF(E56>0.05,"Oui","Non") -> Oui | F57: =IF(F56>0.05,"Oui","Non") -> Oui | G57: =IF(G56>0.05,"Oui","Non") -> Oui | H57: =IF(H56>0.05,"Oui","Non") -> Oui | I57: =IF(I56>0.05,"Oui","Non") -> #VALUE! | ... M57: =IF(M56>0.05,"Oui","Non") -> #VALUE! | O57: =IF(O56>0.05,"Oui","Non") -> Oui | P57: =IF(P56>0.05,"Oui","Non") -> Oui | Q57: =IF(Q56>0.05,"Oui","Non") -> Non | R57: =IF(R56>0.05,"Oui","Non") -> #VALUE! | S57: =IF(S56>0.05,"Oui","Non") -> #VALUE! | T57: =IF(T56>0.05,"Oui","Non") -> #VALUE! | U57: =IF(U56>0.05,"Oui","Non") -> #VALUE! | V57: =IF(V56>0.05,"Oui","Non") -> #VALUE!
A59: Statistical test used | C59: =IF($B57="Non",IF(C57="Non","MW",IF(C57="Oui","MW","")),IF($B57="Oui",IF(C57="Oui","T-Test Welch",IF(C57="Non","MW","")))) -> T-Test Welch | D59: =IF($B57="Non",IF(D57="Non","MW",IF(D57="Oui","MW","")),IF($B57="Oui",IF(D57="Oui","T-Test Welch",IF(D57="Non","MW","")))) -> T-Test Welch | E59: =IF($B57="Non",IF(E57="Non","MW",IF(E57="Oui","MW","")),IF($B57="Oui",IF(E57="Oui","T-Test Welch",IF(E57="Non","MW","")))) -> T-Test Welch | F59: =IF($B57="Non",IF(F57="Non","MW",IF(F57="Oui","MW","")),IF($B57="Oui",IF(F57="Oui","T-Test Welch",IF(F57="Non","MW","")))) -> T-Test Welch | G59: =IF($B57="Non",IF(G57="Non","MW",IF(G57="Oui","MW","")),IF($B57="Oui",IF(G57="Oui","T-Test Welch",IF(G57="Non","MW","")))) -> T-Test Welch | H59: =IF($B57="Non",IF(H57="Non","MW",IF(H57="Oui","MW","")),IF($B57="Oui",IF(H57="Oui","T-Test Welch",IF(H57="Non","MW","")))) -> T-Test Welch | I59: =IF($B57="Non",IF(I57="Non","MW",IF(I57="Oui","MW","")),IF($B57="Oui",IF(I57="Oui","T-Test Welch",IF(I57="Non","MW","")))) -> #VALUE! | J59: =IF($B57="Non",IF(J57="Non","MW",IF(J57="Oui","MW","")),IF($B57="Oui",IF(J57="Oui","T-Test Welch",IF(J57="Non","MW","")))) -> #VALUE! | ... M59: =IF($B57="Non",IF(M57="Non","MW",IF(M57="Oui","MW","")),IF($B57="Oui",IF(M57="Oui","T-Test Welch",IF(M57="Non","MW","")))) -> #VALUE! | O59: =IF($B57="Non",IF(O57="Non","MW",IF(O57="Oui","MW","")),IF($B57="Oui",IF(O57="Oui","T-Test Welch",IF(O57="Non","MW","")))) -> T-Test Welch | P59: =IF($O57="Non",IF(P57="Non","MW",IF(P57="Oui","MW","")),IF($O57="Oui",IF(P57="Oui","T-Test Welch",IF(P57="Non","MW","")))) -> T-Test Welch | Q59: =IF($O57="Non",IF(Q57="Non","MW",IF(Q57="Oui","MW","")),IF($O57="Oui",IF(Q57="Oui","T-Test Welch",IF(Q57="Non","MW","")))) -> MW | R59: =IF($O57="Non",IF(R57="Non","MW",IF(R57="Oui","MW","")),IF($O57="Oui",IF(R57="Oui","T-Test Welch",IF(R57="Non","MW","")))) -> #VALUE! | S59: =IF($O57="Non",IF(S57="Non","MW",IF(S57="Oui","MW","")),IF($O57="Oui",IF(S57="Oui","T-Test Welch",IF(S57="Non","MW","")))) -> #VALUE! | T59: =IF($O57="Non",IF(T57="Non","MW",IF(T57="Oui","MW","")),IF($O57="Oui",IF(T57="Oui","T-Test Welch",IF(T57="Non","MW","")))) -> #VALUE! | U59: =IF($O57="Non",IF(U57="Non","MW",IF(U57="Oui","MW","")),IF($O57="Oui",IF(U57="Oui","T-Test Welch",IF(U57="Non","MW","")))) -> #VALUE! | V59: =IF($O57="Non",IF(V57="Non","MW",IF(V57="Oui","MW","")),IF($O57="Oui",IF(V57="Oui","T-Test Welch",IF(V57="Non","MW","")))) -> #VALUE!
A60: Statistical test : p value | C60: =IF(C59="MW",[1]!MTEST($B28:$B43,C28:C43,2), IF(C59="T-Test Welch",_xlfn.T.TEST($B28:$B43,C28:C43,2,3),"")) -> 0.063902761 | D60: =IF(D59="MW",[1]!MTEST($B28:$B43,D28:D43,2), IF(D59="T-Test Welch",_xlfn.T.TEST($B28:$B43,D28:D43,2,3),"")) -> 0.02708712 | E60: =IF(E59="MW",[1]!MTEST($B28:$B43,E28:E43,2), IF(E59="T-Test Welch",_xlfn.T.TEST($B28:$B43,E28:E43,2,3),"")) -> 0.00011559543 | F60: =IF(F59="MW",[1]!MTEST($B28:$B43,F28:F43,2), IF(F59="T-Test Welch",_xlfn.T.TEST($B28:$B43,F28:F43,2,3),"")) -> 4.9634872e-05 | G60: =IF(G59="MW",[1]!MTEST($B28:$B43,G28:G43,2), IF(G59="T-Test Welch",_xlfn.T.TEST($B28:$B43,G28:G43,2,3),"")) -> 1.4023105e-05 | H60: =IF(H59="MW",[1]!MTEST($B28:$B43,H28:H43,2), IF(H59="T-Test Welch",_xlfn.T.TEST($B28:$B43,H28:H43,2,3),"")) -> 2.295142e-06 | I60: =IF(I59="MW",[1]!MTEST($B28:$B43,I28:I43,2), IF(I59="T-Test Welch",_xlfn.T.TEST($B28:$B43,I28:I43,2,3),"")) -> #VALUE! | J60: =IF(J59="MW",[1]!MTEST($B28:$B43,J28:J43,2), IF(J59="T-Test Welch",_xlfn.T.TEST($B28:$B43,J28:J43,2,3),"")) -> #VALUE! | ... M60: =IF(M59="MW",[1]!MTEST($B28:$B43,M28:M43,2), IF(M59="T-Test Welch",_xlfn.T.TEST($B28:$B43,M28:M43,2,3),"")) -> #VALUE! | O60: =IF(O59="MW",[1]!MTEST($B28:$B43,O28:O43,2), IF(O59="T-Test Welch",_xlfn.T.TEST($B28:$B43,O28:O43,2,3),"")) -> 1.6986963e-07 | P60: =IF(P59="MW",[1]!MTEST($O28:$O43,P28:P43,2), IF(P59="T-Test Welch",_xlfn.T.TEST($O28:$O43,P28:P43,2,3),"")) -> 0.0057587359 | Q60: =IF(Q59="MW",[1]!MTEST($O28:$O43,Q28:Q43,2), IF(Q59="T-Test Welch",_xlfn.T.TEST($O28:$O43,Q28:Q43,2,3),"")) -> 8.8849419e-05 | R60: =IF(R59="MW",[1]!MTEST($O28:$O43,R28:R43,2), IF(R59="T-Test Welch",_xlfn.T.TEST($O28:$O43,R28:R43,2,3),"")) -> #VALUE! | S60: =IF(S59="MW",[1]!MTEST($O28:$O43,S28:S43,2), IF(S59="T-Test Welch",_xlfn.T.TEST($O28:$O43,S28:S43,2,3),"")) -> #VALUE! | T60: =IF(T59="MW",[1]!MTEST($O28:$O43,T28:T43,2), IF(T59="T-Test Welch",_xlfn.T.TEST($O28:$O43,T28:T43,2,3),"")) -> #VALUE! | U60: =IF(U59="MW",[1]!MTEST($O28:$O43,U28:U43,2), IF(U59="T-Test Welch",_xlfn.T.TEST($O28:$O43,U28:U43,2,3),"")) -> #VALUE! | V60: =IF(V59="MW",[1]!MTEST($O28:$O43,V28:V43,2), IF(V59="T-Test Welch",_xlfn.T.TEST($O28:$O43,V28:V43,2,3),"")) -> #VALUE!
A61: Annotation | C61: =IF(C60>0.05,"NS",IF(C60>0.01,"*",IF(C60>0.001,"**","***"))) -> NS | D61: =IF(D60>0.05,"NS",IF(D60>0.01,"*",IF(D60>0.001,"**","***"))) -> * | E61: =IF(E60>0.05,"NS",IF(E60>0.01,"*",IF(E60>0.001,"**","***"))) -> *** | F61: =IF(F60>0.05,"NS",IF(F60>0.01,"*",IF(F60>0.001,"**","***"))) -> *** | G61: =IF(G60>0.05,"NS",IF(G60>0.01,"*",IF(G60>0.001,"**","***"))) -> *** | H61: =IF(H60>0.05,"NS",IF(H60>0.01,"*",IF(H60>0.001,"**","***"))) -> *** | I61: =IF(I60>0.05,"NS",IF(I60>0.01,"*",IF(I60>0.001,"**","***"))) -> #VALUE! | J61: =IF(J60>0.05,"NS",IF(J60>0.01,"*",IF(J60>0.001,"**","***"))) -> #VALUE! | ... M61: =IF(M60>0.05,"NS",IF(M60>0.01,"*",IF(M60>0.001,"**","***"))) -> #VALUE! | O61: =IF(O60>0.05,"NS",IF(O60>0.01,"*",IF(O60>0.001,"**","***"))) -> *** | P61: =IF(P60>0.05,"NS",IF(P60>0.01,"*",IF(P60>0.001,"**","***"))) -> ** | Q61: =IF(Q60>0.05,"NS",IF(Q60>0.01,"*",IF(Q60>0.001,"**","***"))) -> *** | R61: =IF(R60>0.05,"NS",IF(R60>0.01,"*",IF(R60>0.001,"**","***"))) -> #VALUE! | S61: =IF(S60>0.05,"NS",IF(S60>0.01,"*",IF(S60>0.001,"**","***"))) -> #VALUE! | T61: =IF(T60>0.05,"NS",IF(T60>0.01,"*",IF(T60>0.001,"**","***"))) -> #VALUE! | U61: =IF(U60>0.05,"NS",IF(U60>0.01,"*",IF(U60>0.001,"**","***"))) -> #VALUE! | V61: =IF(V60>0.05,"NS",IF(V60>0.01,"*",IF(V60>0.001,"**","***"))) -> #VALUE!

Sheet pooled normalised values
B3: Unspiked | J3: Testosterone spiked
B4: ='R1'!B4 -> Solvent control | C4: ='R1'!C4 -> EE2-33.8ng/L | D4: ='R1'!D4 -> EE2-50.6ng/L | E4: ='R1'!E4 -> EE2-76ng/L | F4: ='R1'!F4 -> EE2-114ng/L | G4: ='R1'!G4 -> EE2-170.9ng/L | H4: ='R1'!H4 -> EE2-488ng/L | J4: ='R1'!O4 -> Testo -30µg/L | K4: ='R1'!P4 -> Testo 30µg/L + EE2 -64ng/L | L4: ='R1'!Q4 -> Testo 30µg/L + FAD-10mg/L
A6: Rep1 | B6: ='R1'!B28 -> 0.0071569805 | C6: ='R1'!C28 -> 0 | D6: ='R1'!D28 -> 0.16429514 | E6: ='R1'!E28 -> 1.2362123 | F6: ='R1'!F28 -> 1.2742445 | G6: ='R1'!G28 -> 2.2156958 | H6: ='R1'!H28 -> 3.540397 | J6: ='R1'!O28 -> 0.01900866 | K6: ='R1'!P28 -> 1.8375958 | L6: ='R1'!Q28 -> 0.00039723808
B7: ='R1'!B29 -> 5.9511323e-05 | C7: ='R1'!C29 -> 0.51427082 | D7: ='R1'!D29 -> 0.54171893 | E7: ='R1'!E29 -> 1.2345795 | F7: ='R1'!F29 -> 0.6749499 | G7: ='R1'!G29 -> 2.2751536 | H7: ='R1'!H29 -> 4.5823957 | J7: ='R1'!O29 -> 1.0271848 | K7: ='R1'!P29 -> 3.1695671 | L7: ='R1'!Q29 -> 0.0065752573
B8: ='R1'!B30 -> 0.010552101 | C8: ='R1'!C30 -> 0.10351325 | D8: ='R1'!D30 -> 0.046090776 | E8: ='R1'!E30 -> 0.55888869 | F8: ='R1'!F30 -> 1.2920451 | G8: ='R1'!G30 -> 1.4449007 | H8: ='R1'!H30 -> 4.5762891 | J8: ='R1'!O30 -> 0.28475424 | K8: ='R1'!P30 -> 2.6660686 | L8: ='R1'!Q30 -> 0.076129116
B9: ='R1'!B31 -> 0.0029651517 | C9: ='R1'!C31 -> 0.0074515615 | D9: ='R1'!D31 -> 0.078144318 | E9: ='R1'!E31 -> 0.69397716 | F9: ='R1'!F31 -> 1.4041704 | G9: ='R1'!G31 -> 2.2719853 | H9: ='R1'!H31 -> 3.8905661 | J9: ='R1'!O31 -> 0.72760403 | K9: ='R1'!P31 -> 2.2687219 | L9: ='R1'!Q31 -> 0.0016149885
B10: ='R1'!B32 -> 0.065709427 | C10: ='R1'!C32 -> 0.1482308 | D10: ='R1'!D32 -> 0.36003011 | E10: ='R1'!E32 -> 0.81166452 | F10: ='R1'!F32 -> 1.4641303 | G10: ='R1'!G32 -> 2.5565268 | H10: ='R1'!H32 -> 2.4928631 | J10: ='R1'!O32 -> 2.8359347 | K10: ='R1'!P32 -> 2.0297475 | L10: ='R1'!Q32 -> 0.00011976654
B11: ='R1'!B33 -> 0.047428293 | C11: ='R1'!C33 -> 0.0065603794 | D11: ='R1'!D33 -> 0.32957371 | E11: ='R1'!E33 -> 0.12789132 | F11: ='R1'!F33 -> 1.7057864 | G11: ='R1'!G33 -> 2.4845055 | H11: ='R1'!H33 -> 4.7237083 | J11: ='R1'!O33 -> 0.60022525 | K11: ='R1'!P33 -> 1.7362473 | L11: ='R1'!Q33 -> 0.023615581
B12: ='R1'!B34 -> 0.0015056365 | C12: ='R1'!C34 -> 0.070467357 | D12: ='R1'!D34 -> 0.2194428 | E12: ='R1'!E34 -> 1.0103066 | F12: ='R1'!F34 -> 0.7755166 | G12: ='R1'!G34 -> 2.636606 | H12: ='R1'!H34 -> 4.1268476 | J12: ='R1'!O34 -> 0.68278605 | K12: ='R1'!P34 -> 1.9358981 | L12: ='R1'!Q34 -> 0.016073264
B13: ='R1'!B35 | C13: ='R1'!C35 -> 0.02329422 | D13: ='R1'!D35 -> 0.31147557 | E13: ='R1'!E35 -> 0.62857124 | F13: ='R1'!F35 -> 0.73681266 | G13: ='R1'!G35 -> 2.8333296 | H13: ='R1'!H35 -> 3.3792969 | J13: ='R1'!O35 -> 0.8928454 | K13: ='R1'!P35 -> 2.3092684 | L13: ='R1'!Q35 -> 0.031453222
B14: ='R1'!B36 | C14: ='R1'!C36 | D14: ='R1'!D36 | E14: ='R1'!E36 | F14: ='R1'!F36 | G14: ='R1'!G36 | H14: ='R1'!H36 | J14: ='R1'!O36 -> 0.35171489 | K14: ='R1'!P36 | L14: ='R1'!Q36
B15: ='R1'!B37 | C15: ='R1'!C37 | D15: ='R1'!D37 | E15: ='R1'!E37 | F15: ='R1'!F37 | G15: ='R1'!G37 | H15: ='R1'!H37 | J15: ='R1'!O37 -> 0.49493261 | K15: ='R1'!P37 | L15: ='R1'!Q37
B16: ='R1'!B38 | C16: ='R1'!C38 | D16: ='R1'!D38 | E16: ='R1'!E38 | F16: ='R1'!F38 | G16: ='R1'!G38 | H16: ='R1'!H38 | J16: ='R1'!O38 -> 1.2156847 | K16: ='R1'!P38 | L16: ='R1'!Q38
B17: ='R1'!B39 | C17: ='R1'!C39 | D17: ='R1'!D39 | E17: ='R1'!E39 | F17: ='R1'!F39 | G17: ='R1'!G39 | H17: ='R1'!H39 | J17: ='R1'!O39 -> 0.45053419 | K17: ='R1'!P39 | L17: ='R1'!Q39
B18: ='R1'!B40 | C18: ='R1'!C40 | D18: ='R1'!D40 | E18: ='R1'!E40 | F18: ='R1'!F40 | G18: ='R1'!G40 | H18: ='R1'!H40 | J18: ='R1'!O40 -> 0.44942579 | K18: ='R1'!P40 | L18: ='R1'!Q40
... B21: ='R1'!B43 | C21: ='R1'!C43 | D21: ='R1'!D43 | E21: ='R1'!E43 | F21: ='R1'!F43 | G21: ='R1'!G43 | H21: ='R1'!H43 | J21: ='R1'!O43 -> 1.3873361 | K21: ='R1'!P43 | L21: ='R1'!Q43
A22: Rep2 | B22: ='R2'!B28 -> 0.0073169596 | C22: ='R2'!C28 -> 0.01004094 | D22: ='R2'!D28 -> 0.13305933 | E22: ='R2'!E28 -> 0.040394791 | F22: ='R2'!F28 -> 0.83408093 | G22: ='R2'!G28 -> 1.4926069 | H22: ='R2'!H28 -> 3.0185536 | J22: ='R2'!O28 -> 1.0040639 | K22: ='R2'!P28 -> 1.4810748 | L22: ='R2'!Q28 -> 0.017231808
B23: ='R2'!B29 -> 0.018849845 | C23: ='R2'!C29 -> 0.025999632 | D23: ='R2'!D29 -> 0.13730536 | E23: ='R2'!E29 -> 0.34601259 | F23: ='R2'!F29 -> 0.5376918 | G23: ='R2'!G29 -> 0.91324271 | H23: ='R2'!H29 -> 1.6263601 | J23: ='R2'!O29 -> 0.38731605 | K23: ='R2'!P29 -> 1.2576836 | L23: ='R2'!Q29 -> 0.0080438153
B24: ='R2'!B30 -> 0.01322373 | C24: ='R2'!C30 -> 0.0137887 | D24: ='R2'!D30 -> 0.033238089 | E24: ='R2'!E30 -> 0.047088615 | F24: ='R2'!F30 -> 0.87612142 | G24: ='R2'!G30 -> 1.4413292 | H24: ='R2'!H30 -> 2.2630471 | J24: ='R2'!O30 -> 0.62249352 | K24: ='R2'!P30 -> 1.7728714 | L24: ='R2'!Q30 -> 0.015789486
B25: ='R2'!B31 -> 0.0022350711 | C25: ='R2'!C31 -> 0.039814364 | D25: ='R2'!D31 -> 0.055914604 | E25: ='R2'!E31 -> 0.082452768 | F25: ='R2'!F31 -> 0.70733674 | G25: ='R2'!G31 -> 1.4115057 | H25: ='R2'!H31 -> 2.2284976 | J25: ='R2'!O31 -> 0.93285602 | K25: ='R2'!P31 -> 1.4400398 | L25: ='R2'!Q31 -> 0.011703719
B26: ='R2'!B32 -> 0.0048785154 | C26: ='R2'!C32 -> 0.035806692 | D26: ='R2'!D32 -> 0.0067373461 | E26: ='R2'!E32 -> 0.083216231 | F26: ='R2'!F32 -> 1.1684097 | G26: ='R2'!G32 -> 0.96251067 | H26: ='R2'!H32 -> 3.8111276 | J26: ='R2'!O32 -> 0.73283201 | K26: ='R2'!P32 -> 1.4000729 | L26: ='R2'!Q32 -> 0.0065697666
B27: ='R2'!B33 -> 0.015996519 | C27: ='R2'!C33 -> 0.0034923239 | D27: ='R2'!D33 -> 0.0077627536 | E27: ='R2'!E33 -> 0.039518253 | F27: ='R2'!F33 -> 0.80598249 | G27: ='R2'!G33 -> 0.12563255 | H27: ='R2'!H33 -> 2.7977529 | J27: ='R2'!O33 -> 0.96980608 | K27: ='R2'!P33 -> 1.7957871 | L27: ='R2'!Q33 -> 0.020829886
B28: ='R2'!B34 -> 0.022667973 | C28: ='R2'!C34 -> 0.047756493 | D28: ='R2'!D34 -> 0.0063749352 | E28: ='R2'!E34 -> 0.041383185 | F28: ='R2'!F34 -> 0.34069438 | G28: ='R2'!G34 -> 0.90282472 | H28: ='R2'!H34 -> 2.3304527 | J28: ='R2'!O34 -> 1.0724237 | K28: ='R2'!P34 -> 1.719758 | L28: ='R2'!Q34 -> 0.0098444813
B29: ='R2'!B35 -> 0.025267488 | C29: ='R2'!C35 -> 0.0042533463 | D29: ='R2'!D35 -> 0.0044973941 | E29: ='R2'!E35 -> 0.15409218 | F29: ='R2'!F35 -> 0.43922787 | G29: ='R2'!G35 -> 0.85922558 | H29: ='R2'!H35 -> 3.6915202 | J29: ='R2'!O35 -> 0.84577082 | K29: ='R2'!P35 -> 1.2964498 | L29: ='R2'!Q35 -> 0.016582234
B30: ='R2'!B36 | C30: ='R2'!C36 | D30: ='R2'!D36 | E30: ='R2'!E36 | F30: ='R2'!F36 | G30: ='R2'!G36 | H30: ='R2'!H36 | J30: ='R2'!O36 -> 1.0426726 | K30: ='R2'!P36 | L30: ='R2'!Q36
B31: ='R2'!B37 | C31: ='R2'!C37 | D31: ='R2'!D37 | E31: ='R2'!E37 | F31: ='R2'!F37 | G31: ='R2'!G37 | H31: ='R2'!H37 | J31: ='R2'!O37 -> 1.1442315 | K31: ='R2'!P37 | L31: ='R2'!Q37
B32: ='R2'!B38 | C32: ='R2'!C38 | D32: ='R2'!D38 | E32: ='R2'!E38 | F32: ='R2'!F38 | G32: ='R2'!G38 | H32: ='R2'!H38 | J32: ='R2'!O38 -> 0.78485445 | K32: ='R2'!P38 | L32: ='R2'!Q38
B33: ='R2'!B39 | C33: ='R2'!C39 | D33: ='R2'!D39 | E33: ='R2'!E39 | F33: ='R2'!F39 | G33: ='R2'!G39 | H33: ='R2'!H39 | J33: ='R2'!O39 -> 0.82518661 | K33: ='R2'!P39 | L33: ='R2'!Q39
B34: ='R2'!B40 | C34: ='R2'!C40 | D34: ='R2'!D40 | E34: ='R2'!E40 | F34: ='R2'!F40 | G34: ='R2'!G40 | H34: ='R2'!H40 | J34: ='R2'!O40 -> 1.7565011 | K34: ='R2'!P40 | L34: ='R2'!Q40
... B37: ='R2'!B43 | C37: ='R2'!C43 | D37: ='R2'!D43 | E37: ='R2'!E43 | F37: ='R2'!F43 | G37: ='R2'!G43 | H37: ='R2'!H43 | J37: ='R2'!O43 -> 1.2435752 | K37: ='R2'!P43 | L37: ='R2'!Q43
A38: Rep3 | B38: ='R3'!B28 -> 0.013777233 | C38: ='R3'!C28 -> 0.017649158 | D38: ='R3'!D28 -> 0.022851721 | E38: ='R3'!E28 -> 0.68951003 | F38: ='R3'!F28 -> 1.3211203 | G38: ='R3'!G28 -> 1.2111193 | H38: ='R3'!H28 -> 2.5852694 | J38: ='R3'!O28 -> 0.80688504 | K38: ='R3'!P28 -> 1.5788355 | L38: ='R3'!Q28 -> 0.0029314583
B39: ='R3'!B29 -> 0.016509675 | C39: ='R3'!C29 -> 0.011552056 | D39: ='R3'!D29 -> 0.041421485 | E39: ='R3'!E29 -> 0.52622221 | F39: ='R3'!F29 -> 0.79871709 | G39: ='R3'!G29 -> 0.70906453 | H39: ='R3'!H29 -> 3.6395658 | J39: ='R3'!O29 -> 0.80629999 | K39: ='R3'!P29 -> 1.477779 | L39: ='R3'!Q29 -> 0.012806563
B40: ='R3'!B30 -> 0.0007592415 | C40: ='R3'!C30 -> 0.0032839781 | D40: ='R3'!D30 -> 0.047051457 | E40: ='R3'!E30 -> 0.35868182 | F40: ='R3'!F30 -> 1.270127 | G40: ='R3'!G30 -> 0.95856742 | H40: ='R3'!H30 -> 2.023451 | J40: ='R3'!O30 -> 0.80189639 | K40: ='R3'!P30 -> 1.3572474 | L40: ='R3'!Q30 -> 0.01812746
B41: ='R3'!B31 -> 0.0069337161 | C41: ='R3'!C31 -> 0.025090552 | D41: ='R3'!D31 -> 0.02344546 | E41: ='R3'!E31 -> 0.55771977 | F41: ='R3'!F31 -> 2.2626452 | G41: ='R3'!G31 -> 0.95409514 | H41: ='R3'!H31 -> 3.3483646 | J41: ='R3'!O31 -> 0.80093027 | K41: ='R3'!P31 -> 1.5518329 | L41: ='R3'!Q31 -> 0.048784266
B42: ='R3'!B32 -> 0.0081919468 | C42: ='R3'!C32 -> 0.0070826681 | D42: ='R3'!D32 -> 0.0090686949 | E42: ='R3'!E32 -> 0.46338143 | F42: ='R3'!F32 -> 1.2031805 | G42: ='R3'!G32 -> 1.1813959 | H42: ='R3'!H32 -> 2.7043561 | J42: ='R3'!O32 -> 1.7617258 | K42: ='R3'!P32 -> 1.3821071 | L42: ='R3'!Q32 -> 0.013605939
B43: ='R3'!B33 -> 0.00017460486 | C43: ='R3'!C33 -> 0.011364625 | D43: ='R3'!D33 -> 0.012549621 | E43: ='R3'!E33 -> 0.49090941 | F43: ='R3'!F33 -> 1.5356435 | G43: ='R3'!G33 -> 0.78093677 | H43: ='R3'!H33 -> 3.5647253 | J43: ='R3'!O33 -> 1.1864367 | K43: ='R3'!P33 -> 1.8925673 | L43: ='R3'!Q33 -> 0.011576467
B44: ='R3'!B34 -> 0.011981534 | C44: ='R3'!C34 -> 0.029312514 | D44: ='R3'!D34 -> 0.019342246 | E44: ='R3'!E34 -> 0.76051917 | F44: ='R3'!F34 -> 1.1265154 | G44: ='R3'!G34 -> 0.91490214 | H44: ='R3'!H34 -> 2.5924584 | J44: ='R3'!O34 -> 0.74618833 | K44: ='R3'!P34 -> 0.86880728 | L44: ='R3'!Q34 -> 0.017657433
B45: ='R3'!B35 -> 0.0042910592 | C45: ='R3'!C35 -> 0.018932214 | D45: ='R3'!D35 -> 0.005542256 | E45: ='R3'!E35 -> 0.17924513 | F45: ='R3'!F35 -> 1.8287475 | G45: ='R3'!G35 -> 1.5533982 | H45: ='R3'!H35 -> 2.4860173 | J45: ='R3'!O35 -> 0.80558005 | K45: ='R3'!P35 -> 1.6118349 | L45: ='R3'!Q35 -> 0.010590074
B46: ='R3'!B36 | C46: ='R3'!C36 | D46: ='R3'!D36 | E46: ='R3'!E36 | F46: ='R3'!F36 | G46: ='R3'!G36 | H46: ='R3'!H36 | J46: ='R3'!O36 -> 0.81577665 | K46: ='R3'!P36 | L46: ='R3'!Q36
B47: ='R3'!B37 | C47: ='R3'!C37 | D47: ='R3'!D37 | E47: ='R3'!E37 | F47: ='R3'!F37 | G47: ='R3'!G37 | H47: ='R3'!H37 | J47: ='R3'!O37 -> 1.0864837 | K47: ='R3'!P37 | L47: ='R3'!Q37
B48: ='R3'!B38 | C48: ='R3'!C38 | D48: ='R3'!D38 | E48: ='R3'!E38 | F48: ='R3'!F38 | G48: ='R3'!G38 | H48: ='R3'!H38 | J48: ='R3'!O38 -> 1.3406148 | K48: ='R3'!P38 | L48: ='R3'!Q38
B49: ='R3'!B39 | C49: ='R3'!C39 | D49: ='R3'!D39 | E49: ='R3'!E39 | F49: ='R3'!F39 | G49: ='R3'!G39 | H49: ='R3'!H39 | J49: ='R3'!O39 -> 0.22489933 | K49: ='R3'!P39 | L49: ='R3'!Q39
B50: ='R3'!B40 | C50: ='R3'!C40 | D50: ='R3'!D40 | E50: ='R3'!E40 | F50: ='R3'!F40 | G50: ='R3'!G40 | H50: ='R3'!H40 | J50: ='R3'!O40 -> 1.2656738 | K50: ='R3'!P40 | L50: ='R3'!Q40
... B53: ='R3'!B43 | C53: ='R3'!C43 | D53: ='R3'!D43 | E53: ='R3'!E43 | F53: ='R3'!F43 | G53: ='R3'!G43 | H53: ='R3'!H43 | J53: ='R3'!O43 -> 0.36554271 | K53: ='R3'!P43 | L53: ='R3'!Q43
A55: Group names | B55: =B4 -> Solvent control | C55: =C4 -> EE2-33.8ng/L | D55: =D4 -> EE2-50.6ng/L | E55: =E4 -> EE2-76ng/L | F55: =F4 -> EE2-114ng/L | G55: =G4 -> EE2-170.9ng/L | H55: =H4 -> EE2-488ng/L | J55: =J4 -> Testo -30µg/L | K55: =K4 -> Testo 30µg/L + EE2 -64ng/L | L55: =L4 -> Testo 30µg/L + FAD-10mg/L
A56: Mean | B56: =AVERAGE(B6:B53) -> 0.013410096 | C56: =AVERAGE(C6:C53) -> 0.04912536 | D56: =AVERAGE(D6:D53) -> 0.10903892 | E56: =AVERAGE(E6:E53) -> 0.46510162 | F56: =AVERAGE(F6:F53) -> 1.0993291 | G56: =AVERAGE(G6:G53) -> 1.4621275 | H56: =AVERAGE(H6:H53) -> 3.1676618 | J56: =AVERAGE(J6:J53) -> 1 | K56: =AVERAGE(K6:K53) -> 1.7432443 | L56: =AVERAGE(L6:L53) -> 0.016610554
A57: SD | B57: =STDEV(B6:B53) -> 0.015616905 | C57: =STDEV(C6:C53) -> 0.10497968 | D57: =STDEV(D6:D53) -> 0.14345875 | E57: =STDEV(E6:E53) -> 0.37114763 | F57: =STDEV(F6:F53) -> 0.46742785 | G57: =STDEV(G6:G53) -> 0.73417641 | H57: =STDEV(H6:H53) -> 0.86438393 | J57: =STDEV(J6:J53) -> 0.56621856 | K57: =STDEV(K6:K53) -> 0.49106978 | L57: =STDEV(L6:L53) -> 0.016479487
A58: SEM | B58: =B57/SQRT(COUNT(B6:B53)) -> 0.0032563498 | C58: =C57/SQRT(COUNT(C6:C53)) -> 0.021428888 | D58: =D57/SQRT(COUNT(D6:D53)) -> 0.029283395 | E58: =E57/SQRT(COUNT(E6:E53)) -> 0.075760193 | F58: =F57/SQRT(COUNT(F6:F53)) -> 0.095413309 | G58: =G57/SQRT(COUNT(G6:G53)) -> 0.14986313 | H58: =H57/SQRT(COUNT(H6:H53)) -> 0.17644163 | J58: =J57/SQRT(COUNT(J6:J53)) -> 0.08172661 | K58: =K57/SQRT(COUNT(K6:K53)) -> 0.1002392 | L58: =L57/SQRT(COUNT(L6:L53)) -> 0.0033638612
A62: Group names | B62: =B4 -> Solvent control | C62: =C4 -> EE2-33.8ng/L | D62: =D4 -> EE2-50.6ng/L | E62: =E4 -> EE2-76ng/L | F62: =F4 -> EE2-114ng/L | G62: =G4 -> EE2-170.9ng/L | H62: =H4 -> EE2-488ng/L | J62: =J4 -> Testo -30µg/L | K62: =K4 -> Testo 30µg/L + EE2 -64ng/L | L62: =L4 -> Testo 30µg/L + FAD-10mg/L
A63: N | B63: =COUNT(B6:B53) -> 23 | C63: =COUNT(C6:C53) -> 24 | D63: =COUNT(D6:D53) -> 24 | E63: =COUNT(E6:E53) -> 24 | F63: =COUNT(F6:F53) -> 24 | G63: =COUNT(G6:G53) -> 24 | H63: =COUNT(H6:H53) -> 24 | J63: =COUNT(J6:J53) -> 48 | K63: =COUNT(K6:K53) -> 24 | L63: =COUNT(L6:L53) -> 24
B64: =IF(B63>=21,"OK","ATTENTION") -> OK | C64: =IF(C63>=21,"OK","ATTENTION") -> OK | D64: =IF(D63>=21,"OK","ATTENTION") -> OK | E64: =IF(E63>=21,"OK","ATTENTION") -> OK | F64: =IF(F63>=21,"OK","ATTENTION") -> OK | G64: =IF(G63>=21,"OK","ATTENTION") -> OK | H64: =IF(H63>=21,"OK","ATTENTION") -> OK | J64: =IF(J63>=41,"OK","ATTENTION") -> OK | K64: =IF(K63>=21,"OK","ATTENTION") -> OK | L64: =IF(L63>=21,"OK","ATTENTION") -> OK
A74: Group Name | B74: =B4 -> Solvent control | C74: =C4 -> EE2-33.8ng/L | D74: =D4 -> EE2-50.6ng/L | E74: =E4 -> EE2-76ng/L | F74: =F4 -> EE2-114ng/L | G74: =G4 -> EE2-170.9ng/L | H74: =H4 -> EE2-488ng/L | J74: =J4 -> Testo -30µg/L | K74: =K4 -> Testo 30µg/L + EE2 -64ng/L | L74: =L4 -> Testo 30µg/L + FAD-10mg/L
A75: Mean | B75: =B56 -> 0.013410096 | C75: =C56 -> 0.04912536 | D75: =D56 -> 0.10903892 | E75: =E56 -> 0.46510162 | F75: =F56 -> 1.0993291 | G75: =G56 -> 1.4621275 | H75: =H56 -> 3.1676618 | J75: =J56 -> 1 | K75: =K56 -> 1.7432443 | L75: =L56 -> 0.016610554
A76: SEM | B76: =B58 -> 0.0032563498 | C76: =C58 -> 0.021428888 | D76: =D58 -> 0.029283395 | E76: =E58 -> 0.075760193 | F76: =F58 -> 0.095413309 | G76: =G58 -> 0.14986313 | H76: =H58 -> 0.17644163 | J76: =J58 -> 0.08172661 | K76: =K58 -> 0.1002392 | L76: =L58 -> 0.0033638612
A77: % induction | B77: =(B75*100/$B$75)-100 -> 0 | C77: =(C75*100/$B$75)-100 -> 266.33115 | D77: =(D75*100/$B$75)-100 -> 713.11065 | E77: =(E75*100/$B$75)-100 -> 3368.2944 | F77: =(F75*100/$B$75)-100 -> 8097.7717 | G77: =(G75*100/$B$75)-100 -> 10803.184 | H77: =(H75*100/$B$75)-100 -> 23521.47 | J77: =(J75*100/$J$75)-100 -> 0 | K77: =(K75*100/$J$75)-100 -> 74.324431 | L77: =(L75*100/$J$75)-100 -> -98.338945
A78: Normality test : p value | B78: =[1]!DPTEST(B6:B53) -> 7.3617371e-06 | C78: =[1]!DPTEST(C6:C53) -> 6.511236e-12 | D78: =[1]!DPTEST(D6:D53) -> 0.0008104697 | E78: =[1]!DPTEST(E6:E53) -> 0.39095862 | F78: =[1]!DPTEST(F6:F53) -> 0.44873985 | G78: =[1]!DPTEST(G6:G53) -> 0.3588051 | H78: =[1]!DPTEST(H6:H53) -> 0.45921557 | J78: =[1]!DPTEST(J6:J53) -> 4.8622686e-05 | K78: =[1]!DPTEST(K6:K53) -> 0.009421548 | L78: =[1]!DPTEST(L6:L53) -> 8.0912446e-07
A79: Normality test : normal distibution? | B79: =IF(B78>0.05,"Oui","Non") -> Non | C79: =IF(C78>0.05,"Oui","Non") -> Non | D79: =IF(D78>0.05,"Oui","Non") -> Non | E79: =IF(E78>0.05,"Oui","Non") -> Oui | F79: =IF(F78>0.05,"Oui","Non") -> Oui | G79: =IF(G78>0.05,"Oui","Non") -> Oui | H79: =IF(H78>0.05,"Oui","Non") -> Oui | J79: =IF(J78>0.05,"Oui","Non") -> Non | K79: =IF(K78>0.05,"Oui","Non") -> Non | L79: =IF(L78>0.05,"Oui","Non") -> Non
A81: Statistical test used | C81: Kruskal-Wallis | D81: Kruskal-Wallis | E81: Kruskal-Wallis | F81: Kruskal-Wallis | G81: Kruskal-Wallis | H81: Kruskal-Wallis | J81: =IF($B79="Non",IF(J79="Non","Mann Withney",IF(J79="Oui","Mann Withney","")),IF($B79="Oui",IF(J79="Oui","T-Test Welch",IF(J79="Non","Mann Withney","")))) -> Mann Withney | K81: =IF($J79="Non",IF(K79="Non","Mann Withney",IF(K$79="Oui","Mann Withney","")),IF($J79="Oui",IF(K79="Oui","T-Test Welch",IF(K79="Non","Mann Withney","")))) -> Mann Withney | L81: =IF($J79="Non",IF(L79="Non","Mann Withney",IF(L$79="Oui","Mann Withney","")),IF($J79="Oui",IF(L79="Oui","T-Test Welch",IF(L79="Non","Mann Withney","")))) -> Mann Withney
A82: Statistical test : p value | C82: >0,99 | D82: 0.39 | E82: <0,001 | F82: <0,001 | G82: <0,001 | H82: <0,001 | J82: =IF(J81="Mann Withney",[1]!MTEST($B6:$B37,J6:J53,2), IF(J81="T-Test Welch",_xlfn.T.TEST($B6:$B37,J6:J53,2,3),"")) -> 9.1961576e-09 | K82: =IF(K81="Mann Withney",[1]!MTEST($J6:$J53,K6:K53,2), IF(K81="T-Test Welch",_xlfn.T.TEST($J6:$J53,K6:K53,2,3),"")) -> 1.4721964e-07 | L82: =IF(L81="Mann Withney",[1]!MTEST($J6:$J53,L6:L53,2), IF(L81="T-Test Welch",_xlfn.T.TEST($J6:$J53,L6:L53,2,3),"")) -> 9.049872e-12
A83: Annotation | C83: ns | D83: ns | E83: *** | F83: *** | G83: *** | H83: *** | J83: =IF(J82>0.05,"NS",IF(J82>0.01,"*",IF(J82>0.001,"**","***"))) -> *** | K83: =IF(K82>0.05,"NS",IF(K82>0.01,"*",IF(K82>0.001,"**","***"))) -> *** | L83: =IF(L82>0.05,"NS",IF(L82>0.01,"*",IF(L82>0.001,"**","***"))) -> ***
