Workbook

Sheet Page de garde
A1: 1. Expérimentateur 1 : copier et coller le n° de prestation et renseigner la date de réalisation de chaque réplica ainsi que le visa de l'expérimentateur.
A2: R1 | B2: Numéro d'expérience : | E2: Date de réalisation :
A3: R2 | B3: Numéro d'expérience : | E3: Date de réalisation :
A4: R3 | B4: Numéro d'expérience : | E4: Date de réalisation :
A5: 2. Expérimentateur 1 : copier et coller la dilution appliquée et le nom donné pour chaque des échantillons par le client. Conserver la mise en forme de l'exemple en italique. Ne pas remplir la colonne "nom sur graphique".
A6: Nom sur le graphique | B6: Code WF | C6: Concentration | D6: Unité | E6: Nom de l'échantillon donné par le client | F6: Dopage (+Testostérone / + EE2, ….)
A7: =IF(ISBLANK(liste_groupe[[#This Row],[Code WF]])," ",IF(ISBLANK(liste_groupe[[#This Row],[Unité]]),CONCATENATE(liste_groupe[[#This Row],[Nom de l''échantillon donné par le client]],liste_groupe[[#This Row],[Dopage (+Testostérone / + EE2, ….)]]),CONCATENATE(liste_groupe[[#This Row],[Nom de l''échantillon donné par le client]],"-",liste_groupe[[#This Row],[Concentration]],liste_groupe[[#This Row],[Unité]],liste_groupe[[#This Row],[Dopage (+Testostérone / + EE2, ….)]]))) -> Témoin solvant | B7: Témoin | E7: Témoin solvant
A8: =IF(ISBLANK(liste_groupe[[#This Row],[Code WF]])," ",IF(ISBLANK(liste_groupe[[#This Row],[Unité]]),CONCATENATE(liste_groupe[[#This Row],[Nom de l''échantillon donné par le client]],liste_groupe[[#This Row],[Dopage (+Testostérone / + EE2, ….)]]),CONCATENATE(liste_groupe[[#This Row],[Nom de l''échantillon donné par le client]],"-",liste_groupe[[#This Row],[Concentration]],liste_groupe[[#This Row],[Unité]],liste_groupe[[#This Row],[Dopage (+Testostérone / + EE2, ….)]]))) -> EE2-22.5ng/L | B8: Témoin | C8: 22.5 | D8: ng/L | E8: EE2
A9: =IF(ISBLANK(liste_groupe[[#This Row],[Code WF]])," ",IF(ISBLANK(liste_groupe[[#This Row],[Unité]]),CONCATENATE(liste_groupe[[#This Row],[Nom de l''échantillon donné par le client]],liste_groupe[[#This Row],[Dopage (+Testostérone / + EE2, ….)]]),CONCATENATE(liste_groupe[[#This Row],[Nom de l''échantillon donné par le client]],"-",liste_groupe[[#This Row],[Concentration]],liste_groupe[[#This Row],[Unité]],liste_groupe[[#This Row],[Dopage (+Testostérone / + EE2, ….)]]))) -> EE2-33.8ng/L | B9: Témoin | C9: 33.8 | D9: ng/L | E9: EE2
A10: =IF(ISBLANK(liste_groupe[[#This Row],[Code WF]])," ",IF(ISBLANK(liste_groupe[[#This Row],[Unité]]),CONCATENATE(liste_groupe[[#This Row],[Nom de l''échantillon donné par le client]],liste_groupe[[#This Row],[Dopage (+Testostérone / + EE2, ….)]]),CONCATENATE(liste_groupe[[#This Row],[Nom de l''échantillon donné par le client]],"-",liste_groupe[[#This Row],[Concentration]],liste_groupe[[#This Row],[Unité]],liste_groupe[[#This Row],[Dopage (+Testostérone / + EE2, ….)]]))) -> EE2-50.6ng/L | B10: Témoin | C10: 50.6 | D10: ng/L | E10: EE2
A11: =IF(ISBLANK(liste_groupe[[#This Row],[Code WF]])," ",IF(ISBLANK(liste_groupe[[#This Row],[Unité]]),CONCATENATE(liste_groupe[[#This Row],[Nom de l''échantillon donné par le client]],liste_groupe[[#This Row],[Dopage (+Testostérone / + EE2, ….)]]),CONCATENATE(liste_groupe[[#This Row],[Nom de l''échantillon donné par le client]],"-",liste_groupe[[#This Row],[Concentration]],liste_groupe[[#This Row],[Unité]],liste_groupe[[#This Row],[Dopage (+Testostérone / + EE2, ….)]]))) -> EE2-76ng/L | B11: Témoin | C11: 76 | D11: ng/L | E11: EE2
A12: =IF(ISBLANK(liste_groupe[[#This Row],[Code WF]])," ",IF(ISBLANK(liste_groupe[[#This Row],[Unité]]),CONCATENATE(liste_groupe[[#This Row],[Nom de l''échantillon donné par le client]],liste_groupe[[#This Row],[Dopage (+Testostérone / + EE2, ….)]]),CONCATENATE(liste_groupe[[#This Row],[Nom de l''échantillon donné par le client]],"-",liste_groupe[[#This Row],[Concentration]],liste_groupe[[#This Row],[Unité]],liste_groupe[[#This Row],[Dopage (+Testostérone / + EE2, ….)]]))) -> EE2-114ng/L | B12: Témoin | C12: 114 | D12: ng/L | E12: EE2
A13: =IF(ISBLANK(liste_groupe[[#This Row],[Code WF]])," ",IF(ISBLANK(liste_groupe[[#This Row],[Unité]]),CONCATENATE(liste_groupe[[#This Row],[Nom de l''échantillon donné par le client]],liste_groupe[[#This Row],[Dopage (+Testostérone / + EE2, ….)]]),CONCATENATE(liste_groupe[[#This Row],[Nom de l''échantillon donné par le client]],"-",liste_groupe[[#This Row],[Concentration]],liste_groupe[[#This Row],[Unité]],liste_groupe[[#This Row],[Dopage (+Testostérone / + EE2, ….)]]))) -> EE2-170.9ng/L | B13: Témoin | C13: 170.9 | D13: ng/L | E13: EE2
A14: =IF(ISBLANK(liste_groupe[[#This Row],[Code WF]])," ",IF(ISBLANK(liste_groupe[[#This Row],[Unité]]),CONCATENATE(liste_groupe[[#This Row],[Nom de l''échantillon donné par le client]],liste_groupe[[#This Row],[Dopage (+Testostérone / + EE2, ….)]]),CONCATENATE(liste_groupe[[#This Row],[Nom de l''échantillon donné par le client]],"-",liste_groupe[[#This Row],[Concentration]],liste_groupe[[#This Row],[Unité]],liste_groupe[[#This Row],[Dopage (+Testostérone / + EE2, ….)]]))) -> EE2-488ng/L | B14: Témoin | C14: 488 | D14: ng/L | E14: EE2
A15: =IF(ISBLANK(liste_groupe[[#This Row],[Code WF]])," ",IF(ISBLANK(liste_groupe[[#This Row],[Unité]]),CONCATENATE(liste_groupe[[#This Row],[Nom de l''échantillon donné par le client]],liste_groupe[[#This Row],[Dopage (+Testostérone / + EE2, ….)]]),CONCATENATE(liste_groupe[[#This Row],[Nom de l''échantillon donné par le client]],"-",liste_groupe[[#This Row],[Concentration]],liste_groupe[[#This Row],[Unité]],liste_groupe[[#This Row],[Dopage (+Testostérone / + EE2, ….)]]))) -> Arabinose-0.01mg/L | B15: Test | C15: 0.01 | D15: mg/L | E15: Arabinose
A16: =IF(ISBLANK(liste_groupe[[#This Row],[Code WF]])," ",IF(ISBLANK(liste_groupe[[#This Row],[Unité]]),CONCATENATE(liste_groupe[[#This Row],[Nom de l''échantillon donné par le client]],liste_groupe[[#This Row],[Dopage (+Testostérone / + EE2, ….)]]),CONCATENATE(liste_groupe[[#This Row],[Nom de l''échantillon donné par le client]],"-",liste_groupe[[#This Row],[Concentration]],liste_groupe[[#This Row],[Unité]],liste_groupe[[#This Row],[Dopage (+Testostérone / + EE2, ….)]]))) -> Arabinose-0.1mg/L | B16: Test | C16: 0.1 | D16: mg/L | E16: Arabinose
A17: =IF(ISBLANK(liste_groupe[[#This Row],[Code WF]])," ",IF(ISBLANK(liste_groupe[[#This Row],[Unité]]),CONCATENATE(liste_groupe[[#This Row],[Nom de l''échantillon donné par le client]],liste_groupe[[#This Row],[Dopage (+Testostérone / + EE2, ….)]]),CONCATENATE(liste_groupe[[#This Row],[Nom de l''échantillon donné par le client]],"-",liste_groupe[[#This Row],[Concentration]],liste_groupe[[#This Row],[Unité]],liste_groupe[[#This Row],[Dopage (+Testostérone / + EE2, ….)]]))) -> Arabinose-1mg/L | B17: Test | C17: 1 | D17: mg/L | E17: Arabinose
A18: =IF(ISBLANK(liste_groupe[[#This Row],[Code WF]])," ",IF(ISBLANK(liste_groupe[[#This Row],[Unité]]),CONCATENATE(liste_groupe[[#This Row],[Nom de l''échantillon donné par le client]],liste_groupe[[#This Row],[Dopage (+Testostérone / + EE2, ….)]]),CONCATENATE(liste_groupe[[#This Row],[Nom de l''échantillon donné par le client]],"-",liste_groupe[[#This Row],[Concentration]],liste_groupe[[#This Row],[Unité]],liste_groupe[[#This Row],[Dopage (+Testostérone / + EE2, ….)]]))) -> Arabinose-10mg/L | B18: Test | C18: 10 | D18: mg/L | E18: Arabinose
A19: =IF(ISBLANK(liste_groupe[[#This Row],[Code WF]])," ",IF(ISBLANK(liste_groupe[[#This Row],[Unité]]),CONCATENATE(liste_groupe[[#This Row],[Nom de l''échantillon donné par le client]],liste_groupe[[#This Row],[Dopage (+Testostérone / + EE2, ….)]]),CONCATENATE(liste_groupe[[#This Row],[Nom de l''échantillon donné par le client]],"-",liste_groupe[[#This Row],[Concentration]],liste_groupe[[#This Row],[Unité]],liste_groupe[[#This Row],[Dopage (+Testostérone / + EE2, ….)]]))) -> Arabinose-100mg/L | B19: Test | C19: 100 | D19: mg/L | E19: Arabinose
A20: =IF(ISBLANK(liste_groupe[[#This Row],[Code WF]])," ",IF(ISBLANK(liste_groupe[[#This Row],[Unité]]),CONCATENATE(liste_groupe[[#This Row],[Nom de l''échantillon donné par le client]],liste_groupe[[#This Row],[Dopage (+Testostérone / + EE2, ….)]]),CONCATENATE(liste_groupe[[#This Row],[Nom de l''échantillon donné par le client]],"-",liste_groupe[[#This Row],[Concentration]],liste_groupe[[#This Row],[Unité]],liste_groupe[[#This Row],[Dopage (+Testostérone / + EE2, ….)]])))
A21: =IF(ISBLANK(liste_groupe[[#This Row],[Code WF]])," ",IF(ISBLANK(liste_groupe[[#This Row],[Unité]]),CONCATENATE(liste_groupe[[#This Row],[Nom de l''échantillon donné par le client]],liste_groupe[[#This Row],[Dopage (+Testostérone / + EE2, ….)]]),CONCATENATE(liste_groupe[[#This Row],[Nom de l''échantillon donné par le client]],"-",liste_groupe[[#This Row],[Concentration]],liste_groupe[[#This Row],[Unité]],liste_groupe[[#This Row],[Dopage (+Testostérone / + EE2, ….)]])))
A22: =IF(ISBLANK(liste_groupe[[#This Row],[Code WF]])," ",IF(ISBLANK(liste_groupe[[#This Row],[Unité]]),CONCATENATE(liste_groupe[[#This Row],[Nom de l''échantillon donné par le client]],liste_groupe[[#This Row],[Dopage (+Testostérone / + EE2, ….)]]),CONCATENATE(liste_groupe[[#This Row],[Nom de l''échantillon donné par le client]],"-",liste_groupe[[#This Row],[Concentration]],liste_groupe[[#This Row],[Unité]],liste_groupe[[#This Row],[Dopage (+Testostérone / + EE2, ….)]])))
A23: =IF(ISBLANK(liste_groupe[[#This Row],[Code WF]])," ",IF(ISBLANK(liste_groupe[[#This Row],[Unité]]),CONCATENATE(liste_groupe[[#This Row],[Nom de l''échantillon donné par le client]],liste_groupe[[#This Row],[Dopage (+Testostérone / + EE2, ….)]]),CONCATENATE(liste_groupe[[#This Row],[Nom de l''échantillon donné par le client]],"-",liste_groupe[[#This Row],[Concentration]],liste_groupe[[#This Row],[Unité]],liste_groupe[[#This Row],[Dopage (+Testostérone / + EE2, ….)]])))
A24: =IF(ISBLANK(liste_groupe[[#This Row],[Code WF]])," ",IF(ISBLANK(liste_groupe[[#This Row],[Unité]]),CONCATENATE(liste_groupe[[#This Row],[Nom de l''échantillon donné par le client]],liste_groupe[[#This Row],[Dopage (+Testostérone / + EE2, ….)]]),CONCATENATE(liste_groupe[[#This Row],[Nom de l''échantillon donné par le client]],"-",liste_groupe[[#This Row],[Concentration]],liste_groupe[[#This Row],[Unité]],liste_groupe[[#This Row],[Dopage (+Testostérone / + EE2, ….)]])))
A25: =IF(ISBLANK(liste_groupe[[#This Row],[Code WF]])," ",IF(ISBLANK(liste_groupe[[#This Row],[Unité]]),CONCATENATE(liste_groupe[[#This Row],[Nom de l''échantillon donné par le client]],liste_groupe[[#This Row],[Dopage (+Testostérone / + EE2, ….)]]),CONCATENATE(liste_groupe[[#This Row],[Nom de l''échantillon donné par le client]],"-",liste_groupe[[#This Row],[Concentration]],liste_groupe[[#This Row],[Unité]],liste_groupe[[#This Row],[Dopage (+Testostérone / + EE2, ….)]])))
A26: =IF(ISBLANK(liste_groupe[[#This Row],[Code WF]])," ",IF(ISBLANK(liste_groupe[[#This Row],[Unité]]),CONCATENATE(liste_groupe[[#This Row],[Nom de l''échantillon donné par le client]],liste_groupe[[#This Row],[Dopage (+Testostérone / + EE2, ….)]]),CONCATENATE(liste_groupe[[#This Row],[Nom de l''échantillon donné par le client]],"-",liste_groupe[[#This Row],[Concentration]],liste_groupe[[#This Row],[Unité]],liste_groupe[[#This Row],[Dopage (+Testostérone / + EE2, ….)]])))
A27: =IF(ISBLANK(liste_groupe[[#This Row],[Code WF]])," ",IF(ISBLANK(liste_groupe[[#This Row],[Unité]]),CONCATENATE(liste_groupe[[#This Row],[Nom de l''échantillon donné par le client]],liste_groupe[[#This Row],[Dopage (+Testostérone / + EE2, ….)]]),CONCATENATE(liste_groupe[[#This Row],[Nom de l''échantillon donné par le client]],"-",liste_groupe[[#This Row],[Concentration]],liste_groupe[[#This Row],[Unité]],liste_groupe[[#This Row],[Dopage (+Testostérone / + EE2, ….)]])))
A28: =IF(ISBLANK(liste_groupe[[#This Row],[Code WF]])," ",IF(ISBLANK(liste_groupe[[#This Row],[Unité]]),CONCATENATE(liste_groupe[[#This Row],[Nom de l''échantillon donné par le client]],liste_groupe[[#This Row],[Dopage (+Testostérone / + EE2, ….)]]),CONCATENATE(liste_groupe[[#This Row],[Nom de l''échantillon donné par le client]],"-",liste_groupe[[#This Row],[Concentration]],liste_groupe[[#This Row],[Unité]],liste_groupe[[#This Row],[Dopage (+Testostérone / + EE2, ….)]])))
A29: =IF(ISBLANK(liste_groupe[[#This Row],[Code WF]])," ",IF(ISBLANK(liste_groupe[[#This Row],[Unité]]),CONCATENATE(liste_groupe[[#This Row],[Nom de l''échantillon donné par le client]],liste_groupe[[#This Row],[Dopage (+Testostérone / + EE2, ….)]]),CONCATENATE(liste_groupe[[#This Row],[Nom de l''échantillon donné par le client]],"-",liste_groupe[[#This Row],[Concentration]],liste_groupe[[#This Row],[Unité]],liste_groupe[[#This Row],[Dopage (+Testostérone / + EE2, ….)]])))
A30: =IF(ISBLANK(liste_groupe[[#This Row],[Code WF]])," ",IF(ISBLANK(liste_groupe[[#This Row],[Unité]]),CONCATENATE(liste_groupe[[#This Row],[Nom de l''échantillon donné par le client]],liste_groupe[[#This Row],[Dopage (+Testostérone / + EE2, ….)]]),CONCATENATE(liste_groupe[[#This Row],[Nom de l''échantillon donné par le client]],"-",liste_groupe[[#This Row],[Concentration]],liste_groupe[[#This Row],[Unité]],liste_groupe[[#This Row],[Dopage (+Testostérone / + EE2, ….)]])))
A31: =IF(ISBLANK(liste_groupe[[#This Row],[Code WF]])," ",IF(ISBLANK(liste_groupe[[#This Row],[Unité]]),CONCATENATE(liste_groupe[[#This Row],[Nom de l''échantillon donné par le client]],liste_groupe[[#This Row],[Dopage (+Testostérone / + EE2, ….)]]),CONCATENATE(liste_groupe[[#This Row],[Nom de l''échantillon donné par le client]],"-",liste_groupe[[#This Row],[Concentration]],liste_groupe[[#This Row],[Unité]],liste_groupe[[#This Row],[Dopage (+Testostérone / + EE2, ….)]])))
... A35: =IF(ISBLANK(liste_groupe[[#This Row],[Code WF]])," ",IF(ISBLANK(liste_groupe[[#This Row],[Unité]]),CONCATENATE(liste_groupe[[#This Row],[Nom de l''échantillon donné par le client]],liste_groupe[[#This Row],[Dopage (+Testostérone / + EE2, ….)]]),CONCATENATE(liste_groupe[[#This Row],[Nom de l''échantillon donné par le client]],"-",liste_groupe[[#This Row],[Concentration]],liste_groupe[[#This Row],[Unité]],liste_groupe[[#This Row],[Dopage (+Testostérone / + EE2, ….)]])))
A36: =IF(ISBLANK(liste_groupe[[#This Row],[Code WF]])," ",IF(ISBLANK(liste_groupe[[#This Row],[Unité]]),CONCATENATE(liste_groupe[[#This Row],[Nom de l''échantillon donné par le client]],liste_groupe[[#This Row],[Dopage (+Testostérone / + EE2, ….)]]),CONCATENATE(liste_groupe[[#This Row],[Nom de l''échantillon donné par le client]],"-",liste_groupe[[#This Row],[Concentration]],liste_groupe[[#This Row],[Unité]],liste_groupe[[#This Row],[Dopage (+Testostérone / + EE2, ….)]]))) -> Testo -30µg/L | B36: Témoin | C36: 30 | D36: µg/L | E36: Testo
A37: =IF(ISBLANK(liste_groupe[[#This Row],[Code WF]])," ",IF(ISBLANK(liste_groupe[[#This Row],[Unité]]),CONCATENATE(liste_groupe[[#This Row],[Nom de l''échantillon donné par le client]],liste_groupe[[#This Row],[Dopage (+Testostérone / + EE2, ….)]]),CONCATENATE(liste_groupe[[#This Row],[Nom de l''échantillon donné par le client]],"-",liste_groupe[[#This Row],[Concentration]],liste_groupe[[#This Row],[Unité]],liste_groupe[[#This Row],[Dopage (+Testostérone / + EE2, ….)]]))) -> Testo 30µg/L + EE2 -64ng/L | B37: Témoin | C37: 64 | D37: ng/L | E37: Testo 30µg/L + EE2
A38: =IF(ISBLANK(liste_groupe[[#This Row],[Code WF]])," ",IF(ISBLANK(liste_groupe[[#This Row],[Unité]]),CONCATENATE(liste_groupe[[#This Row],[Nom de l''échantillon donné par le client]],liste_groupe[[#This Row],[Dopage (+Testostérone / + EE2, ….)]]),CONCATENATE(liste_groupe[[#This Row],[Nom de l''échantillon donné par le client]],"-",liste_groupe[[#This Row],[Concentration]],liste_groupe[[#This Row],[Unité]],liste_groupe[[#This Row],[Dopage (+Testostérone / + EE2, ….)]]))) -> Testo 30µg/L + FAD-10µg/L | B38: Témoin | C38: 10 | D38: µg/L | E38: Testo 30µg/L + FAD
A39: =IF(ISBLANK(liste_groupe[[#This Row],[Code WF]])," ",IF(ISBLANK(liste_groupe[[#This Row],[Unité]]),CONCATENATE(liste_groupe[[#This Row],[Nom de l''échantillon donné par le client]],liste_groupe[[#This Row],[Dopage (+Testostérone / + EE2, ….)]]),CONCATENATE(liste_groupe[[#This Row],[Nom de l''échantillon donné par le client]],"-",liste_groupe[[#This Row],[Concentration]],liste_groupe[[#This Row],[Unité]],liste_groupe[[#This Row],[Dopage (+Testostérone / + EE2, ….)]]))) -> Arabinose-0.01mg/L + Testostérone | B39: =B15 -> Test | C39: =C15 -> 0.01 | D39: =D15 -> mg/L | E39: =E15 -> Arabinose | F39: + Testostérone
A40: =IF(ISBLANK(liste_groupe[[#This Row],[Code WF]])," ",IF(ISBLANK(liste_groupe[[#This Row],[Unité]]),CONCATENATE(liste_groupe[[#This Row],[Nom de l''échantillon donné par le client]],liste_groupe[[#This Row],[Dopage (+Testostérone / + EE2, ….)]]),CONCATENATE(liste_groupe[[#This Row],[Nom de l''échantillon donné par le client]],"-",liste_groupe[[#This Row],[Concentration]],liste_groupe[[#This Row],[Unité]],liste_groupe[[#This Row],[Dopage (+Testostérone / + EE2, ….)]]))) -> Arabinose-0.1mg/L + Testostérone | B40: =B16 -> Test | C40: =C16 -> 0.1 | D40: =D16 -> mg/L | E40: =E16 -> Arabinose | F40: + Testostérone
A41: =IF(ISBLANK(liste_groupe[[#This Row],[Code WF]])," ",IF(ISBLANK(liste_groupe[[#This Row],[Unité]]),CONCATENATE(liste_groupe[[#This Row],[Nom de l''échantillon donné par le client]],liste_groupe[[#This Row],[Dopage (+Testostérone / + EE2, ….)]]),CONCATENATE(liste_groupe[[#This Row],[Nom de l''échantillon donné par le client]],"-",liste_groupe[[#This Row],[Concentration]],liste_groupe[[#This Row],[Unité]],liste_groupe[[#This Row],[Dopage (+Testostérone / + EE2, ….)]]))) -> Arabinose-1mg/L + Testostérone | B41: =B17 -> Test | C41: =C17 -> 1 | D41: =D17 -> mg/L | E41: =E17 -> Arabinose | F41: + Testostérone
A42: =IF(ISBLANK(liste_groupe[[#This Row],[Code WF]])," ",IF(ISBLANK(liste_groupe[[#This Row],[Unité]]),CONCATENATE(liste_groupe[[#This Row],[Nom de l''échantillon donné par le client]],liste_groupe[[#This Row],[Dopage (+Testostérone / + EE2, ….)]]),CONCATENATE(liste_groupe[[#This Row],[Nom de l''échantillon donné par le client]],"-",liste_groupe[[#This Row],[Concentration]],liste_groupe[[#This Row],[Unité]],liste_groupe[[#This Row],[Dopage (+Testostérone / + EE2, ….)]]))) -> Arabinose-10mg/L + Testostérone | B42: =B18 -> Test | C42: =C18 -> 10 | D42: =D18 -> mg/L | E42: =E18 -> Arabinose | F42: + Testostérone
A43: =IF(ISBLANK(liste_groupe[[#This Row],[Code WF]])," ",IF(ISBLANK(liste_groupe[[#This Row],[Unité]]),CONCATENATE(liste_groupe[[#This Row],[Nom de l''échantillon donné par le client]],liste_groupe[[#This Row],[Dopage (+Testostérone / + EE2, ….)]]),CONCATENATE(liste_groupe[[#This Row],[Nom de l''échantillon donné par le client]],"-",liste_groupe[[#This Row],[Concentration]],liste_groupe[[#This Row],[Unité]],liste_groupe[[#This Row],[Dopage (+Testostérone / + EE2, ….)]]))) -> Arabinose-100mg/L + Testostérone | B43: =B19 -> Test | C43: =C19 -> 100 | D43: =D19 -> mg/L | E43: =E19 -> Arabinose | F43: + Testostérone
A44: =IF(ISBLANK(liste_groupe[[#This Row],[Code WF]])," ",IF(ISBLANK(liste_groupe[[#This Row],[Unité]]),CONCATENATE(liste_groupe[[#This Row],[Nom de l''échantillon donné par le client]],liste_groupe[[#This Row],[Dopage (+Testostérone / + EE2, ….)]]),CONCATENATE(liste_groupe[[#This Row],[Nom de l''échantillon donné par le client]],"-",liste_groupe[[#This Row],[Concentration]],liste_groupe[[#This Row],[Unité]],liste_groupe[[#This Row],[Dopage (+Testostérone / + EE2, ….)]]))) -> 0-00 + Testostérone | B44: =B20 -> 0 | C44: =C20 -> 0 | D44: =D20 -> 0 | E44: =E20 -> 0 | F44: + Testostérone
A45: =IF(ISBLANK(liste_groupe[[#This Row],[Code WF]])," ",IF(ISBLANK(liste_groupe[[#This Row],[Unité]]),CONCATENATE(liste_groupe[[#This Row],[Nom de l''échantillon donné par le client]],liste_groupe[[#This Row],[Dopage (+Testostérone / + EE2, ….)]]),CONCATENATE(liste_groupe[[#This Row],[Nom de l''échantillon donné par le client]],"-",liste_groupe[[#This Row],[Concentration]],liste_groupe[[#This Row],[Unité]],liste_groupe[[#This Row],[Dopage (+Testostérone / + EE2, ….)]]))) -> 0-00 + Testostérone | B45: =B21 -> 0 | C45: =C21 -> 0 | D45: =D21 -> 0 | E45: =E21 -> 0 | F45: + Testostérone
A46: =IF(ISBLANK(liste_groupe[[#This Row],[Code WF]])," ",IF(ISBLANK(liste_groupe[[#This Row],[Unité]]),CONCATENATE(liste_groupe[[#This Row],[Nom de l''échantillon donné par le client]],liste_groupe[[#This Row],[Dopage (+Testostérone / + EE2, ….)]]),CONCATENATE(liste_groupe[[#This Row],[Nom de l''échantillon donné par le client]],"-",liste_groupe[[#This Row],[Concentration]],liste_groupe[[#This Row],[Unité]],liste_groupe[[#This Row],[Dopage (+Testostérone / + EE2, ….)]]))) -> 0-00 + Testostérone | B46: =B22 -> 0 | C46: =C22 -> 0 | D46: =D22 -> 0 | E46: =E22 -> 0 | F46: + Testostérone
A47: =IF(ISBLANK(liste_groupe[[#This Row],[Code WF]])," ",IF(ISBLANK(liste_groupe[[#This Row],[Unité]]),CONCATENATE(liste_groupe[[#This Row],[Nom de l''échantillon donné par le client]],liste_groupe[[#This Row],[Dopage (+Testostérone / + EE2, ….)]]),CONCATENATE(liste_groupe[[#This Row],[Nom de l''échantillon donné par le client]],"-",liste_groupe[[#This Row],[Concentration]],liste_groupe[[#This Row],[Unité]],liste_groupe[[#This Row],[Dopage (+Testostérone / + EE2, ….)]]))) -> 0-00 + Testostérone | B47: =B23 -> 0 | C47: =C23 -> 0 | D47: =D23 -> 0 | E47: =E23 -> 0 | F47: + Testostérone
A48: =IF(ISBLANK(liste_groupe[[#This Row],[Code WF]])," ",IF(ISBLANK(liste_groupe[[#This Row],[Unité]]),CONCATENATE(liste_groupe[[#This Row],[Nom de l''échantillon donné par le client]],liste_groupe[[#This Row],[Dopage (+Testostérone / + EE2, ….)]]),CONCATENATE(liste_groupe[[#This Row],[Nom de l''échantillon donné par le client]],"-",liste_groupe[[#This Row],[Concentration]],liste_groupe[[#This Row],[Unité]],liste_groupe[[#This Row],[Dopage (+Testostérone / + EE2, ….)]]))) -> 0-00 + Testostérone | B48: =B24 -> 0 | C48: =C24 -> 0 | D48: =D24 -> 0 | E48: =E24 -> 0 | F48: + Testostérone
A49: =IF(ISBLANK(liste_groupe[[#This Row],[Code WF]])," ",IF(ISBLANK(liste_groupe[[#This Row],[Unité]]),CONCATENATE(liste_groupe[[#This Row],[Nom de l''échantillon donné par le client]],liste_groupe[[#This Row],[Dopage (+Testostérone / + EE2, ….)]]),CONCATENATE(liste_groupe[[#This Row],[Nom de l''échantillon donné par le client]],"-",liste_groupe[[#This Row],[Concentration]],liste_groupe[[#This Row],[Unité]],liste_groupe[[#This Row],[Dopage (+Testostérone / + EE2, ….)]]))) -> 0-00 + Testostérone | B49: =B25 -> 0 | C49: =C25 -> 0 | D49: =D25 -> 0 | E49: =E25 -> 0 | F49: + Testostérone
A50: =IF(ISBLANK(liste_groupe[[#This Row],[Code WF]])," ",IF(ISBLANK(liste_groupe[[#This Row],[Unité]]),CONCATENATE(liste_groupe[[#This Row],[Nom de l''échantillon donné par le client]],liste_groupe[[#This Row],[Dopage (+Testostérone / + EE2, ….)]]),CONCATENATE(liste_groupe[[#This Row],[Nom de l''échantillon donné par le client]],"-",liste_groupe[[#This Row],[Concentration]],liste_groupe[[#This Row],[Unité]],liste_groupe[[#This Row],[Dopage (+Testostérone / + EE2, ….)]]))) -> 0-00 + Testostérone | B50: =B26 -> 0 | C50: =C26 -> 0 | D50: =D26 -> 0 | E50: =E26 -> 0 | F50: + Testostérone
... A58: =IF(ISBLANK(liste_groupe[[#This Row],[Code WF]])," ",IF(ISBLANK(liste_groupe[[#This Row],[Unité]]),CONCATENATE(liste_groupe[[#This Row],[Nom de l''échantillon donné par le client]],liste_groupe[[#This Row],[Dopage (+Testostérone / + EE2, ….)]]),CONCATENATE(liste_groupe[[#This Row],[Nom de l''échantillon donné par le client]],"-",liste_groupe[[#This Row],[Concentration]],liste_groupe[[#This Row],[Unité]],liste_groupe[[#This Row],[Dopage (+Testostérone / + EE2, ….)]]))) -> 0-00 + Testostérone | B58: =B34 -> 0 | C58: =C34 -> 0 | D58: =D34 -> 0 | E58: =E34 -> 0 | F58: + Testostérone

Sheet Feuil1
A1: Nom groupe | B1: N° de valeur | C1: file name | D1: total area | E1: mean intensity | G1: total fluorescence | I1: nbre de larves
A2: 01 EE2 0 | B2: A | C2: C:\Users\Olympus\Desktop\20190122\plaque1/@01 EE2 0/A1_1.tif | D2: 4931.616 | E2: 73.0526 | G2: 360268
A3: 01 EE2 0 | B3: A | C3: C:\Users\Olympus\Desktop\20190122\plaque1/@01 EE2 0/A1_2.tif | D3: 5234.4345 | E3: 71.1281 | G3: 372315
A4: 01 EE2 0 | B4: A | C4: C:\Users\Olympus\Desktop\20190122\plaque1/@01 EE2 0/A1_3.tif | D4: 3547.3027 | E4: 66.9878 | G4: 237626
A5: 01 EE2 0 | B5: A | C5: C:\Users\Olympus\Desktop\20190122\plaque3/@01 EE2 0/A1_3.tif | D5: 21456.8555 | E5: 67.0655 | G5: 1439015
A6: 01 EE2 0 | B6: A | C6: C:\Users\Olympus\Desktop\20190122\plaque3/@01 EE2 0/A1_2.tif | D6: 21586.6348 | E6: 66.4108 | G6: 1433586
A7: 01 EE2 0 | B7: A | C7: C:\Users\Olympus\Desktop\20190122\plaque3/@01 EE2 0/A1_1.tif | D7: 15984.4921 | E7: 69.7767 | G7: 1115346

Sheet Raw data R4
A1: Nom groupe | B1: N° de valeur | C1: file name | D1: total area | E1: mean intensity | G1: total fluorescence | I1: nbre de larves | J1: Colonne1 | L1: (Tous)
A2: =IFERROR(LEFT(RIGHT(C2,LEN(C2)-SEARCH("@",C2)),SEARCH("/",RIGHT(C2,LEN(C2)-SEARCH("@",C2)-1))),"") -> 01 TS | B2: =LEFT(RIGHT(RIGHT(Tableau4[[#This Row],[file name]],LEN(Tableau4[[#This Row],[file name]])-SEARCH("@",Tableau4[[#This Row],[file name]])),LEN(RIGHT(Tableau4[[#This Row],[file name]],LEN(Tableau4[[#This Row],[file name]])-SEARCH("@",Tableau4[[#This Row],[file name]])))-SEARCH("/",RIGHT(Tableau4[[#This Row],[file name]],LEN(Tableau4[[#This Row],[file name]])-SEARCH("@",Tableau4[[#This Row],[file name]])))),1) -> A | C2: \\192.168.24.208\images\R&D\2-Test oestrogénique\OECD and AOPs\REACTIV oecd interlaboratory validation\WF data\Repeats for invalid experiments - EBO\2022-EBO-ARABINOSE R4\plaque 1/@01 TS/A1_01.tif | D2: 108.7688 | E2: 62.2 | G2: 6765 | K2: Filtre lignes : Enlever (vide) et Néant | L2: Filtre colonnes : Enlever (vide) et " "
A3: =IFERROR(LEFT(RIGHT(C3,LEN(C3)-SEARCH("@",C3)),SEARCH("/",RIGHT(C3,LEN(C3)-SEARCH("@",C3)-1))),"") -> 01 TS | B3: =LEFT(RIGHT(RIGHT(Tableau4[[#This Row],[file name]],LEN(Tableau4[[#This Row],[file name]])-SEARCH("@",Tableau4[[#This Row],[file name]])),LEN(RIGHT(Tableau4[[#This Row],[file name]],LEN(Tableau4[[#This Row],[file name]])-SEARCH("@",Tableau4[[#This Row],[file name]])))-SEARCH("/",RIGHT(Tableau4[[#This Row],[file name]],LEN(Tableau4[[#This Row],[file name]])-SEARCH("@",Tableau4[[#This Row],[file name]])))),1) -> A | C3: \\192.168.24.208\images\R&D\2-Test oestrogénique\OECD and AOPs\REACTIV oecd interlaboratory validation\WF data\Repeats for invalid experiments - EBO\2022-EBO-ARABINOSE R4\plaque 1/@01 TS/A1_02.tif | D3: 282.7988 | E3: 63.1538 | G3: 17860 | K3: Moyenne de total fluorescence | L3: Étiquettes de colonnes
A4: =IFERROR(LEFT(RIGHT(C4,LEN(C4)-SEARCH("@",C4)),SEARCH("/",RIGHT(C4,LEN(C4)-SEARCH("@",C4)-1))),"") -> 01 TS | B4: =LEFT(RIGHT(RIGHT(Tableau4[[#This Row],[file name]],LEN(Tableau4[[#This Row],[file name]])-SEARCH("@",Tableau4[[#This Row],[file name]])),LEN(RIGHT(Tableau4[[#This Row],[file name]],LEN(Tableau4[[#This Row],[file name]])-SEARCH("@",Tableau4[[#This Row],[file name]])))-SEARCH("/",RIGHT(Tableau4[[#This Row],[file name]],LEN(Tableau4[[#This Row],[file name]])-SEARCH("@",Tableau4[[#This Row],[file name]])))),1) -> A | C4: \\192.168.24.208\images\R&D\2-Test oestrogénique\OECD and AOPs\REACTIV oecd interlaboratory validation\WF data\Repeats for invalid experiments - EBO\2022-EBO-ARABINOSE R4\plaque 1/@01 TS/A1_03.tif | D4: 261.0451 | E4: 62.6667 | G4: 16359 | K4: Étiquettes de lignes | L4: 01 TS | M4: 02 EE2 34 | N4: 03 EE2 51 | O4: 04 EE2 76 | P4: 05 EE2 114 | Q4: 06 EE2 171 | R4: 07 EE2 488 | S4: 08 ARABINOSE 0.01 | T4: 09 ARABINOSE 0.1 | U4: 10 ARABINOSE 1 | V4: 11 ARABINOSE 10 | W4: 12 ARABINOSE 100 | X4: 13 TESTO 0.2 | Y4: 14 TESTO 0.2 | Z4: 15 TESTO +EE2 | AA4: 16 TESTO + FAD | AB4: 17 ARABINOSE 0.01 + TESTO | AC4: 18 ARABINOSE 0.1 + TESTO | AD4: 19 ARABINOSE 1 + TESTO | AE4: 20 ARABINOSE 10 + TESTO | AF4: 21 ARABINOSE 100 + TESTO
A5: =IFERROR(LEFT(RIGHT(C5,LEN(C5)-SEARCH("@",C5)),SEARCH("/",RIGHT(C5,LEN(C5)-SEARCH("@",C5)-1))),"") -> 01 TS | B5: =LEFT(RIGHT(RIGHT(Tableau4[[#This Row],[file name]],LEN(Tableau4[[#This Row],[file name]])-SEARCH("@",Tableau4[[#This Row],[file name]])),LEN(RIGHT(Tableau4[[#This Row],[file name]],LEN(Tableau4[[#This Row],[file name]])-SEARCH("@",Tableau4[[#This Row],[file name]])))-SEARCH("/",RIGHT(Tableau4[[#This Row],[file name]],LEN(Tableau4[[#This Row],[file name]])-SEARCH("@",Tableau4[[#This Row],[file name]])))),1) -> B | C5: \\192.168.24.208\images\R&D\2-Test oestrogénique\OECD and AOPs\REACTIV oecd interlaboratory validation\WF data\Repeats for invalid experiments - EBO\2022-EBO-ARABINOSE R4\plaque 1/@01 TS/B1_01.tif | D5: 957.1652 | E5: 65.25 | G5: 62455 | K5: A | L5: 13661.333 | M5: 18440.333 | N5: 20535.5 | P5: 909024.33 | Q5: 1665191.7 | S5: 13755.667 | T5: 18675.5 | U5: 97261 | V5: 14582.333 | W5: 129130.33 | X5: 180610.5 | Y5: 3066750.3 | Z5: 4221483 | AA5: 63782 | AB5: 955613.67 | AC5: 1551804.3 | AD5: 2392594 | AE5: 2430909.7 | AF5: 1534589.7
A6: =IFERROR(LEFT(RIGHT(C6,LEN(C6)-SEARCH("@",C6)),SEARCH("/",RIGHT(C6,LEN(C6)-SEARCH("@",C6)-1))),"") -> 01 TS | B6: =LEFT(RIGHT(RIGHT(Tableau4[[#This Row],[file name]],LEN(Tableau4[[#This Row],[file name]])-SEARCH("@",Tableau4[[#This Row],[file name]])),LEN(RIGHT(Tableau4[[#This Row],[file name]],LEN(Tableau4[[#This Row],[file name]])-SEARCH("@",Tableau4[[#This Row],[file name]])))-SEARCH("/",RIGHT(Tableau4[[#This Row],[file name]],LEN(Tableau4[[#This Row],[file name]])-SEARCH("@",Tableau4[[#This Row],[file name]])))),1) -> B | C6: \\192.168.24.208\images\R&D\2-Test oestrogénique\OECD and AOPs\REACTIV oecd interlaboratory validation\WF data\Repeats for invalid experiments - EBO\2022-EBO-ARABINOSE R4\plaque 1/@01 TS/B1_02.tif | D6: 674.3664 | E6: 66.871 | G6: 45096 | K6: B | L6: 38562.333 | M6: 641823 | N6: 48641.5 | O6: 95020.5 | P6: 288629 | Q6: 2163063 | R6: 7890659.7 | S6: 18084.667 | T6: 31760.5 | U6: 17381.333 | W6: 66348.667 | X6: 2857972 | Y6: 1708235 | Z6: 5468220 | AA6: 128267.33 | AB6: 2972549.3 | AC6: 2715528.3 | AD6: 2228672.3 | AE6: 1147663 | AF6: 1359609.7
A7: =IFERROR(LEFT(RIGHT(C7,LEN(C7)-SEARCH("@",C7)),SEARCH("/",RIGHT(C7,LEN(C7)-SEARCH("@",C7)-1))),"") -> 01 TS | B7: =LEFT(RIGHT(RIGHT(Tableau4[[#This Row],[file name]],LEN(Tableau4[[#This Row],[file name]])-SEARCH("@",Tableau4[[#This Row],[file name]])),LEN(RIGHT(Tableau4[[#This Row],[file name]],LEN(Tableau4[[#This Row],[file name]])-SEARCH("@",Tableau4[[#This Row],[file name]])))-SEARCH("/",RIGHT(Tableau4[[#This Row],[file name]],LEN(Tableau4[[#This Row],[file name]])-SEARCH("@",Tableau4[[#This Row],[file name]])))),1) -> B | C7: \\192.168.24.208\images\R&D\2-Test oestrogénique\OECD and AOPs\REACTIV oecd interlaboratory validation\WF data\Repeats for invalid experiments - EBO\2022-EBO-ARABINOSE R4\plaque 1/@01 TS/B1_03.tif | D7: 130.5225 | E7: 62.3333 | G7: 8136 | K7: C | L7: 19738 | M7: 16039.667 | N7: 112336.33 | O7: 110110 | P7: 958369 | Q7: 2674798 | R7: 6349058.3 | S7: 17156.333 | T7: 222889 | U7: 117956 | V7: 182760.67 | W7: 146802 | X7: 3857789.3 | AA7: 92703.5 | AB7: 3929707 | AC7: 3475843.7 | AD7: 826766 | AE7: 2392449.3 | AF7: 2190320.3
A8: =IFERROR(LEFT(RIGHT(C8,LEN(C8)-SEARCH("@",C8)),SEARCH("/",RIGHT(C8,LEN(C8)-SEARCH("@",C8)-1))),"") -> 01 TS | B8: =LEFT(RIGHT(RIGHT(Tableau4[[#This Row],[file name]],LEN(Tableau4[[#This Row],[file name]])-SEARCH("@",Tableau4[[#This Row],[file name]])),LEN(RIGHT(Tableau4[[#This Row],[file name]],LEN(Tableau4[[#This Row],[file name]])-SEARCH("@",Tableau4[[#This Row],[file name]])))-SEARCH("/",RIGHT(Tableau4[[#This Row],[file name]],LEN(Tableau4[[#This Row],[file name]])-SEARCH("@",Tableau4[[#This Row],[file name]])))),1) -> C | C8: \\192.168.24.208\images\R&D\2-Test oestrogénique\OECD and AOPs\REACTIV oecd interlaboratory validation\WF data\Repeats for invalid experiments - EBO\2022-EBO-ARABINOSE R4\plaque 1/@01 TS/C1_01.tif | D8: 174.03 | E8: 66.125 | G8: 11508 | K8: D | L8: 66980 | N8: 270268.67 | O8: 129674.33 | P8: 3738404.7 | Q8: 2429720.5 | R8: 5811754.7 | S8: 68774.5 | T8: 49431.667 | U8: 25502.667 | V8: 434140 | W8: 279231 | X8: 1958316.3 | Y8: 2630261 | Z8: 5785933 | AA8: 17388.667 | AB8: 2988030.7 | AC8: 61077.333 | AD8: 193445 | AE8: 76443 | AF8: 2035375.7
A9: =IFERROR(LEFT(RIGHT(C9,LEN(C9)-SEARCH("@",C9)),SEARCH("/",RIGHT(C9,LEN(C9)-SEARCH("@",C9)-1))),"") -> 01 TS | B9: =LEFT(RIGHT(RIGHT(Tableau4[[#This Row],[file name]],LEN(Tableau4[[#This Row],[file name]])-SEARCH("@",Tableau4[[#This Row],[file name]])),LEN(RIGHT(Tableau4[[#This Row],[file name]],LEN(Tableau4[[#This Row],[file name]])-SEARCH("@",Tableau4[[#This Row],[file name]])))-SEARCH("/",RIGHT(Tableau4[[#This Row],[file name]],LEN(Tableau4[[#This Row],[file name]])-SEARCH("@",Tableau4[[#This Row],[file name]])))),1) -> C | C9: \\192.168.24.208\images\R&D\2-Test oestrogénique\OECD and AOPs\REACTIV oecd interlaboratory validation\WF data\Repeats for invalid experiments - EBO\2022-EBO-ARABINOSE R4\plaque 1/@01 TS/C1_02.tif | D9: 435.0751 | E9: 62.4 | G9: 27149 | K9: E | L9: 15315 | M9: 38815.667 | N9: 181078 | O9: 13284.333 | P9: 378218 | Q9: 1476391 | R9: 4770540.3 | S9: 62955.333 | T9: 52535.333 | U9: 107213 | V9: 81772 | W9: 22319.5 | X9: 2014934.7 | Y9: 722805 | Z9: 5361691.5 | AA9: 18469 | AB9: 51165 | AC9: 1668371.5 | AD9: 139014 | AE9: 131001 | AF9: 3212790
A10: =IFERROR(LEFT(RIGHT(C10,LEN(C10)-SEARCH("@",C10)),SEARCH("/",RIGHT(C10,LEN(C10)-SEARCH("@",C10)-1))),"") -> 01 TS | B10: =LEFT(RIGHT(RIGHT(Tableau4[[#This Row],[file name]],LEN(Tableau4[[#This Row],[file name]])-SEARCH("@",Tableau4[[#This Row],[file name]])),LEN(RIGHT(Tableau4[[#This Row],[file name]],LEN(Tableau4[[#This Row],[file name]])-SEARCH("@",Tableau4[[#This Row],[file name]])))-SEARCH("/",RIGHT(Tableau4[[#This Row],[file name]],LEN(Tableau4[[#This Row],[file name]])-SEARCH("@",Tableau4[[#This Row],[file name]])))),1) -> C | C10: \\192.168.24.208\images\R&D\2-Test oestrogénique\OECD and AOPs\REACTIV oecd interlaboratory validation\WF data\Repeats for invalid experiments - EBO\2022-EBO-ARABINOSE R4\plaque 1/@01 TS/C1_03.tif | D10: 326.3063 | E10: 63 | G10: 20557 | K10: F | L10: 97805 | M10: 13596 | N10: 58031.667 | O10: 149056.67 | P10: 844263.33 | Q10: 4128920.7 | R10: 6414696.7 | S10: 70888.333 | T10: 54413.667 | U10: 100654.67 | V10: 46872 | W10: 212969.33 | X10: 548564.33 | Y10: 1621851.3 | Z10: 4713168.7 | AA10: 40897 | AB10: 709379 | AD10: 1273812.5 | AE10: 1725500.3 | AF10: 926264
A11: =IFERROR(LEFT(RIGHT(C11,LEN(C11)-SEARCH("@",C11)),SEARCH("/",RIGHT(C11,LEN(C11)-SEARCH("@",C11)-1))),"") -> 01 TS | B11: =LEFT(RIGHT(RIGHT(Tableau4[[#This Row],[file name]],LEN(Tableau4[[#This Row],[file name]])-SEARCH("@",Tableau4[[#This Row],[file name]])),LEN(RIGHT(Tableau4[[#This Row],[file name]],LEN(Tableau4[[#This Row],[file name]])-SEARCH("@",Tableau4[[#This Row],[file name]])))-SEARCH("/",RIGHT(Tableau4[[#This Row],[file name]],LEN(Tableau4[[#This Row],[file name]])-SEARCH("@",Tableau4[[#This Row],[file name]])))),1) -> D | C11: \\192.168.24.208\images\R&D\2-Test oestrogénique\OECD and AOPs\REACTIV oecd interlaboratory validation\WF data\Repeats for invalid experiments - EBO\2022-EBO-ARABINOSE R4\plaque 1/@01 TS/D1_01.tif | D11: 1196.4565 | E11: 63.5273 | G11: 76008 | K11: G | L11: 24828.333 | M11: 26423.667 | N11: 17272.5 | O11: 156496.33 | P11: 234143 | Q11: 2408880.3 | R11: 3195749.7 | S11: 278339.33 | T11: 452315 | U11: 96470.333 | V11: 45911.5 | X11: 379465.33 | Y11: 2054946.3 | Z11: 6739059.7 | AA11: 80967.5 | AB11: 20960 | AC11: 718461.33 | AD11: 1414668.5 | AE11: 1486963.3 | AF11: 112387.33
A12: =IFERROR(LEFT(RIGHT(C12,LEN(C12)-SEARCH("@",C12)),SEARCH("/",RIGHT(C12,LEN(C12)-SEARCH("@",C12)-1))),"") -> 01 TS | B12: =LEFT(RIGHT(RIGHT(Tableau4[[#This Row],[file name]],LEN(Tableau4[[#This Row],[file name]])-SEARCH("@",Tableau4[[#This Row],[file name]])),LEN(RIGHT(Tableau4[[#This Row],[file name]],LEN(Tableau4[[#This Row],[file name]])-SEARCH("@",Tableau4[[#This Row],[file name]])))-SEARCH("/",RIGHT(Tableau4[[#This Row],[file name]],LEN(Tableau4[[#This Row],[file name]])-SEARCH("@",Tableau4[[#This Row],[file name]])))),1) -> D | C12: \\192.168.24.208\images\R&D\2-Test oestrogénique\OECD and AOPs\REACTIV oecd interlaboratory validation\WF data\Repeats for invalid experiments - EBO\2022-EBO-ARABINOSE R4\plaque 1/@01 TS/D1_02.tif | D12: 1000.6727 | E12: 63.8696 | G12: 63913 | K12: H | L12: 54551 | M12: 11333.667 | O12: 128586.67 | P12: 1812421.3 | Q12: 1650798 | R12: 5537578 | S12: 49729 | T12: 45792 | U12: 20571.667 | V12: 184645.67 | W12: 167047 | X12: 2613293 | Y12: 1524024.3 | Z12: 4751984.7 | AA12: 302921 | AB12: 509893.67 | AC12: 2403608.7 | AD12: 856782.5 | AE12: 244055 | AF12: 15634
A13: =IFERROR(LEFT(RIGHT(C13,LEN(C13)-SEARCH("@",C13)),SEARCH("/",RIGHT(C13,LEN(C13)-SEARCH("@",C13)-1))),"") -> 01 TS | B13: =LEFT(RIGHT(RIGHT(Tableau4[[#This Row],[file name]],LEN(Tableau4[[#This Row],[file name]])-SEARCH("@",Tableau4[[#This Row],[file name]])),LEN(RIGHT(Tableau4[[#This Row],[file name]],LEN(Tableau4[[#This Row],[file name]])-SEARCH("@",Tableau4[[#This Row],[file name]])))-SEARCH("/",RIGHT(Tableau4[[#This Row],[file name]],LEN(Tableau4[[#This Row],[file name]])-SEARCH("@",Tableau4[[#This Row],[file name]])))),1) -> D | C13: \\192.168.24.208\images\R&D\2-Test oestrogénique\OECD and AOPs\REACTIV oecd interlaboratory validation\WF data\Repeats for invalid experiments - EBO\2022-EBO-ARABINOSE R4\plaque 1/@01 TS/D1_03.tif | D13: 957.1652 | E13: 63.75 | G13: 61019
A14: =IFERROR(LEFT(RIGHT(C14,LEN(C14)-SEARCH("@",C14)),SEARCH("/",RIGHT(C14,LEN(C14)-SEARCH("@",C14)-1))),"") -> 01 TS | B14: =LEFT(RIGHT(RIGHT(Tableau4[[#This Row],[file name]],LEN(Tableau4[[#This Row],[file name]])-SEARCH("@",Tableau4[[#This Row],[file name]])),LEN(RIGHT(Tableau4[[#This Row],[file name]],LEN(Tableau4[[#This Row],[file name]])-SEARCH("@",Tableau4[[#This Row],[file name]])))-SEARCH("/",RIGHT(Tableau4[[#This Row],[file name]],LEN(Tableau4[[#This Row],[file name]])-SEARCH("@",Tableau4[[#This Row],[file name]])))),1) -> E | C14: \\192.168.24.208\images\R&D\2-Test oestrogénique\OECD and AOPs\REACTIV oecd interlaboratory validation\WF data\Repeats for invalid experiments - EBO\2022-EBO-ARABINOSE R4\plaque 1/@01 TS/E1_01.tif | D14: 282.7988 | E14: 64.4615 | G14: 18230
A15: =IFERROR(LEFT(RIGHT(C15,LEN(C15)-SEARCH("@",C15)),SEARCH("/",RIGHT(C15,LEN(C15)-SEARCH("@",C15)-1))),"") -> 01 TS | B15: =LEFT(RIGHT(RIGHT(Tableau4[[#This Row],[file name]],LEN(Tableau4[[#This Row],[file name]])-SEARCH("@",Tableau4[[#This Row],[file name]])),LEN(RIGHT(Tableau4[[#This Row],[file name]],LEN(Tableau4[[#This Row],[file name]])-SEARCH("@",Tableau4[[#This Row],[file name]])))-SEARCH("/",RIGHT(Tableau4[[#This Row],[file name]],LEN(Tableau4[[#This Row],[file name]])-SEARCH("@",Tableau4[[#This Row],[file name]])))),1) -> E | C15: \\192.168.24.208\images\R&D\2-Test oestrogénique\OECD and AOPs\REACTIV oecd interlaboratory validation\WF data\Repeats for invalid experiments - EBO\2022-EBO-ARABINOSE R4\plaque 1/@01 TS/E1_02.tif | D15: 195.7838 | E15: 63.3333 | G15: 12400
A16: =IFERROR(LEFT(RIGHT(C16,LEN(C16)-SEARCH("@",C16)),SEARCH("/",RIGHT(C16,LEN(C16)-SEARCH("@",C16)-1))),"") -> 01 TS | B16: =LEFT(RIGHT(RIGHT(Tableau4[[#This Row],[file name]],LEN(Tableau4[[#This Row],[file name]])-SEARCH("@",Tableau4[[#This Row],[file name]])),LEN(RIGHT(Tableau4[[#This Row],[file name]],LEN(Tableau4[[#This Row],[file name]])-SEARCH("@",Tableau4[[#This Row],[file name]])))-SEARCH("/",RIGHT(Tableau4[[#This Row],[file name]],LEN(Tableau4[[#This Row],[file name]])-SEARCH("@",Tableau4[[#This Row],[file name]])))),1) -> E | C16: \\192.168.24.208\images\R&D\2-Test oestrogénique\OECD and AOPs\REACTIV oecd interlaboratory validation\WF data\Repeats for invalid experiments - EBO\2022-EBO-ARABINOSE R4\plaque 1/@01 TS/E1_03- exclu.tif
A17: =IFERROR(LEFT(RIGHT(C17,LEN(C17)-SEARCH("@",C17)),SEARCH("/",RIGHT(C17,LEN(C17)-SEARCH("@",C17)-1))),"") -> 01 TS | B17: =LEFT(RIGHT(RIGHT(Tableau4[[#This Row],[file name]],LEN(Tableau4[[#This Row],[file name]])-SEARCH("@",Tableau4[[#This Row],[file name]])),LEN(RIGHT(Tableau4[[#This Row],[file name]],LEN(Tableau4[[#This Row],[file name]])-SEARCH("@",Tableau4[[#This Row],[file name]])))-SEARCH("/",RIGHT(Tableau4[[#This Row],[file name]],LEN(Tableau4[[#This Row],[file name]])-SEARCH("@",Tableau4[[#This Row],[file name]])))),1) -> F | C17: \\192.168.24.208\images\R&D\2-Test oestrogénique\OECD and AOPs\REACTIV oecd interlaboratory validation\WF data\Repeats for invalid experiments - EBO\2022-EBO-ARABINOSE R4\plaque 1/@01 TS/F1_01.tif | D17: 3154.2945 | E17: 68.0414 | G17: 214623
A18: =IFERROR(LEFT(RIGHT(C18,LEN(C18)-SEARCH("@",C18)),SEARCH("/",RIGHT(C18,LEN(C18)-SEARCH("@",C18)-1))),"") -> 01 TS | B18: =LEFT(RIGHT(RIGHT(Tableau4[[#This Row],[file name]],LEN(Tableau4[[#This Row],[file name]])-SEARCH("@",Tableau4[[#This Row],[file name]])),LEN(RIGHT(Tableau4[[#This Row],[file name]],LEN(Tableau4[[#This Row],[file name]])-SEARCH("@",Tableau4[[#This Row],[file name]])))-SEARCH("/",RIGHT(Tableau4[[#This Row],[file name]],LEN(Tableau4[[#This Row],[file name]])-SEARCH("@",Tableau4[[#This Row],[file name]])))),1) -> F | C18: \\192.168.24.208\images\R&D\2-Test oestrogénique\OECD and AOPs\REACTIV oecd interlaboratory validation\WF data\Repeats for invalid experiments - EBO\2022-EBO-ARABINOSE R4\plaque 1/@01 TS/F1_02.tif | D18: 804.8889 | E18: 64.7838 | G18: 52144
A19: =IFERROR(LEFT(RIGHT(C19,LEN(C19)-SEARCH("@",C19)),SEARCH("/",RIGHT(C19,LEN(C19)-SEARCH("@",C19)-1))),"") -> 01 TS | B19: =LEFT(RIGHT(RIGHT(Tableau4[[#This Row],[file name]],LEN(Tableau4[[#This Row],[file name]])-SEARCH("@",Tableau4[[#This Row],[file name]])),LEN(RIGHT(Tableau4[[#This Row],[file name]],LEN(Tableau4[[#This Row],[file name]])-SEARCH("@",Tableau4[[#This Row],[file name]])))-SEARCH("/",RIGHT(Tableau4[[#This Row],[file name]],LEN(Tableau4[[#This Row],[file name]])-SEARCH("@",Tableau4[[#This Row],[file name]])))),1) -> F | C19: \\192.168.24.208\images\R&D\2-Test oestrogénique\OECD and AOPs\REACTIV oecd interlaboratory validation\WF data\Repeats for invalid experiments - EBO\2022-EBO-ARABINOSE R4\plaque 1/@01 TS/F1_03.tif | D19: 413.3213 | E19: 64.4737 | G19: 26648
A20: =IFERROR(LEFT(RIGHT(C20,LEN(C20)-SEARCH("@",C20)),SEARCH("/",RIGHT(C20,LEN(C20)-SEARCH("@",C20)-1))),"") -> 01 TS | B20: =LEFT(RIGHT(RIGHT(Tableau4[[#This Row],[file name]],LEN(Tableau4[[#This Row],[file name]])-SEARCH("@",Tableau4[[#This Row],[file name]])),LEN(RIGHT(Tableau4[[#This Row],[file name]],LEN(Tableau4[[#This Row],[file name]])-SEARCH("@",Tableau4[[#This Row],[file name]])))-SEARCH("/",RIGHT(Tableau4[[#This Row],[file name]],LEN(Tableau4[[#This Row],[file name]])-SEARCH("@",Tableau4[[#This Row],[file name]])))),1) -> G | C20: \\192.168.24.208\images\R&D\2-Test oestrogénique\OECD and AOPs\REACTIV oecd interlaboratory validation\WF data\Repeats for invalid experiments - EBO\2022-EBO-ARABINOSE R4\plaque 1/@01 TS/G1_01.tif | D20: 413.3213 | E20: 64.2632 | G20: 26561
A21: =IFERROR(LEFT(RIGHT(C21,LEN(C21)-SEARCH("@",C21)),SEARCH("/",RIGHT(C21,LEN(C21)-SEARCH("@",C21)-1))),"") -> 01 TS | B21: =LEFT(RIGHT(RIGHT(Tableau4[[#This Row],[file name]],LEN(Tableau4[[#This Row],[file name]])-SEARCH("@",Tableau4[[#This Row],[file name]])),LEN(RIGHT(Tableau4[[#This Row],[file name]],LEN(Tableau4[[#This Row],[file name]])-SEARCH("@",Tableau4[[#This Row],[file name]])))-SEARCH("/",RIGHT(Tableau4[[#This Row],[file name]],LEN(Tableau4[[#This Row],[file name]])-SEARCH("@",Tableau4[[#This Row],[file name]])))),1) -> G | C21: \\192.168.24.208\images\R&D\2-Test oestrogénique\OECD and AOPs\REACTIV oecd interlaboratory validation\WF data\Repeats for invalid experiments - EBO\2022-EBO-ARABINOSE R4\plaque 1/@01 TS/G1_02.tif | D21: 435.0751 | E21: 63.15 | G21: 27475
A22: =IFERROR(LEFT(RIGHT(C22,LEN(C22)-SEARCH("@",C22)),SEARCH("/",RIGHT(C22,LEN(C22)-SEARCH("@",C22)-1))),"") -> 01 TS | B22: =LEFT(RIGHT(RIGHT(Tableau4[[#This Row],[file name]],LEN(Tableau4[[#This Row],[file name]])-SEARCH("@",Tableau4[[#This Row],[file name]])),LEN(RIGHT(Tableau4[[#This Row],[file name]],LEN(Tableau4[[#This Row],[file name]])-SEARCH("@",Tableau4[[#This Row],[file name]])))-SEARCH("/",RIGHT(Tableau4[[#This Row],[file name]],LEN(Tableau4[[#This Row],[file name]])-SEARCH("@",Tableau4[[#This Row],[file name]])))),1) -> G | C22: \\192.168.24.208\images\R&D\2-Test oestrogénique\OECD and AOPs\REACTIV oecd interlaboratory validation\WF data\Repeats for invalid experiments - EBO\2022-EBO-ARABINOSE R4\plaque 1/@01 TS/G1_03.tif | D22: 326.3063 | E22: 62.6667 | G22: 20449
A23: =IFERROR(LEFT(RIGHT(C23,LEN(C23)-SEARCH("@",C23)),SEARCH("/",RIGHT(C23,LEN(C23)-SEARCH("@",C23)-1))),"") -> 01 TS | B23: =LEFT(RIGHT(RIGHT(Tableau4[[#This Row],[file name]],LEN(Tableau4[[#This Row],[file name]])-SEARCH("@",Tableau4[[#This Row],[file name]])),LEN(RIGHT(Tableau4[[#This Row],[file name]],LEN(Tableau4[[#This Row],[file name]])-SEARCH("@",Tableau4[[#This Row],[file name]])))-SEARCH("/",RIGHT(Tableau4[[#This Row],[file name]],LEN(Tableau4[[#This Row],[file name]])-SEARCH("@",Tableau4[[#This Row],[file name]])))),1) -> H | C23: \\192.168.24.208\images\R&D\2-Test oestrogénique\OECD and AOPs\REACTIV oecd interlaboratory validation\WF data\Repeats for invalid experiments - EBO\2022-EBO-ARABINOSE R4\plaque 1/@01 TS/H1_01.tif | D23: 239.2913 | E23: 62.7273 | G23: 15010
A24: =IFERROR(LEFT(RIGHT(C24,LEN(C24)-SEARCH("@",C24)),SEARCH("/",RIGHT(C24,LEN(C24)-SEARCH("@",C24)-1))),"") -> 01 TS | B24: =LEFT(RIGHT(RIGHT(Tableau4[[#This Row],[file name]],LEN(Tableau4[[#This Row],[file name]])-SEARCH("@",Tableau4[[#This Row],[file name]])),LEN(RIGHT(Tableau4[[#This Row],[file name]],LEN(Tableau4[[#This Row],[file name]])-SEARCH("@",Tableau4[[#This Row],[file name]])))-SEARCH("/",RIGHT(Tableau4[[#This Row],[file name]],LEN(Tableau4[[#This Row],[file name]])-SEARCH("@",Tableau4[[#This Row],[file name]])))),1) -> H | C24: \\192.168.24.208\images\R&D\2-Test oestrogénique\OECD and AOPs\REACTIV oecd interlaboratory validation\WF data\Repeats for invalid experiments - EBO\2022-EBO-ARABINOSE R4\plaque 1/@01 TS/H1_02.tif | D24: 1892.5767 | E24: 64.7356 | G24: 122517
A25: =IFERROR(LEFT(RIGHT(C25,LEN(C25)-SEARCH("@",C25)),SEARCH("/",RIGHT(C25,LEN(C25)-SEARCH("@",C25)-1))),"") -> 01 TS | B25: =LEFT(RIGHT(RIGHT(Tableau4[[#This Row],[file name]],LEN(Tableau4[[#This Row],[file name]])-SEARCH("@",Tableau4[[#This Row],[file name]])),LEN(RIGHT(Tableau4[[#This Row],[file name]],LEN(Tableau4[[#This Row],[file name]])-SEARCH("@",Tableau4[[#This Row],[file name]])))-SEARCH("/",RIGHT(Tableau4[[#This Row],[file name]],LEN(Tableau4[[#This Row],[file name]])-SEARCH("@",Tableau4[[#This Row],[file name]])))),1) -> H | C25: \\192.168.24.208\images\R&D\2-Test oestrogénique\OECD and AOPs\REACTIV oecd interlaboratory validation\WF data\Repeats for invalid experiments - EBO\2022-EBO-ARABINOSE R4\plaque 1/@01 TS/H1_03.tif | D25: 413.3213 | E25: 63.2105 | G25: 26126
A26: =IFERROR(LEFT(RIGHT(C26,LEN(C26)-SEARCH("@",C26)),SEARCH("/",RIGHT(C26,LEN(C26)-SEARCH("@",C26)-1))),"") | B26: =LEFT(RIGHT(RIGHT(Tableau4[[#This Row],[file name]],LEN(Tableau4[[#This Row],[file name]])-SEARCH("@",Tableau4[[#This Row],[file name]])),LEN(RIGHT(Tableau4[[#This Row],[file name]],LEN(Tableau4[[#This Row],[file name]])-SEARCH("@",Tableau4[[#This Row],[file name]])))-SEARCH("/",RIGHT(Tableau4[[#This Row],[file name]],LEN(Tableau4[[#This Row],[file name]])-SEARCH("@",Tableau4[[#This Row],[file name]])))),1) -> #VALUE!
A27: =IFERROR(LEFT(RIGHT(C27,LEN(C27)-SEARCH("@",C27)),SEARCH("/",RIGHT(C27,LEN(C27)-SEARCH("@",C27)-1))),"") | B27: =LEFT(RIGHT(RIGHT(Tableau4[[#This Row],[file name]],LEN(Tableau4[[#This Row],[file name]])-SEARCH("@",Tableau4[[#This Row],[file name]])),LEN(RIGHT(Tableau4[[#This Row],[file name]],LEN(Tableau4[[#This Row],[file name]])-SEARCH("@",Tableau4[[#This Row],[file name]])))-SEARCH("/",RIGHT(Tableau4[[#This Row],[file name]],LEN(Tableau4[[#This Row],[file name]])-SEARCH("@",Tableau4[[#This Row],[file name]])))),1) -> #VALUE! | C27: group | E27: mean of mean fluo | F27: SD mean fluo | G27: mean of total fluo | H27: SD total fluo | I27: n fluorescent | J27: n total
A28: =IFERROR(LEFT(RIGHT(C28,LEN(C28)-SEARCH("@",C28)),SEARCH("/",RIGHT(C28,LEN(C28)-SEARCH("@",C28)-1))),"") -> 01 TS | B28: =LEFT(RIGHT(RIGHT(Tableau4[[#This Row],[file name]],LEN(Tableau4[[#This Row],[file name]])-SEARCH("@",Tableau4[[#This Row],[file name]])),LEN(RIGHT(Tableau4[[#This Row],[file name]],LEN(Tableau4[[#This Row],[file name]])-SEARCH("@",Tableau4[[#This Row],[file name]])))-SEARCH("/",RIGHT(Tableau4[[#This Row],[file name]],LEN(Tableau4[[#This Row],[file name]])-SEARCH("@",Tableau4[[#This Row],[file name]])))),1) | C28: \\192.168.24.208\images\R&D\2-Test oestrogénique\OECD and AOPs\REACTIV oecd interlaboratory validation\WF data\Repeats for invalid experiments - EBO\2022-EBO-ARABINOSE R4\plaque 1/@01 TS/ | E28: 63.9521 | F28: 1.4721 | G28: 41197.1667 | H28: 45990.0627 | I28: 24 | J28: 24
A29: =IFERROR(LEFT(RIGHT(C29,LEN(C29)-SEARCH("@",C29)),SEARCH("/",RIGHT(C29,LEN(C29)-SEARCH("@",C29)-1))),"") | B29: =LEFT(RIGHT(RIGHT(Tableau4[[#This Row],[file name]],LEN(Tableau4[[#This Row],[file name]])-SEARCH("@",Tableau4[[#This Row],[file name]])),LEN(RIGHT(Tableau4[[#This Row],[file name]],LEN(Tableau4[[#This Row],[file name]])-SEARCH("@",Tableau4[[#This Row],[file name]])))-SEARCH("/",RIGHT(Tableau4[[#This Row],[file name]],LEN(Tableau4[[#This Row],[file name]])-SEARCH("@",Tableau4[[#This Row],[file name]])))),1) -> #VALUE!
A30: =IFERROR(LEFT(RIGHT(C30,LEN(C30)-SEARCH("@",C30)),SEARCH("/",RIGHT(C30,LEN(C30)-SEARCH("@",C30)-1))),"") | B30: =LEFT(RIGHT(RIGHT(Tableau4[[#This Row],[file name]],LEN(Tableau4[[#This Row],[file name]])-SEARCH("@",Tableau4[[#This Row],[file name]])),LEN(RIGHT(Tableau4[[#This Row],[file name]],LEN(Tableau4[[#This Row],[file name]])-SEARCH("@",Tableau4[[#This Row],[file name]])))-SEARCH("/",RIGHT(Tableau4[[#This Row],[file name]],LEN(Tableau4[[#This Row],[file name]])-SEARCH("@",Tableau4[[#This Row],[file name]])))),1) -> #VALUE!
A31: =IFERROR(LEFT(RIGHT(C31,LEN(C31)-SEARCH("@",C31)),SEARCH("/",RIGHT(C31,LEN(C31)-SEARCH("@",C31)-1))),"") | B31: =LEFT(RIGHT(RIGHT(Tableau4[[#This Row],[file name]],LEN(Tableau4[[#This Row],[file name]])-SEARCH("@",Tableau4[[#This Row],[file name]])),LEN(RIGHT(Tableau4[[#This Row],[file name]],LEN(Tableau4[[#This Row],[file name]])-SEARCH("@",Tableau4[[#This Row],[file name]])))-SEARCH("/",RIGHT(Tableau4[[#This Row],[file name]],LEN(Tableau4[[#This Row],[file name]])-SEARCH("@",Tableau4[[#This Row],[file name]])))),1) -> #VALUE!
A32: =IFERROR(LEFT(RIGHT(C32,LEN(C32)-SEARCH("@",C32)),SEARCH("/",RIGHT(C32,LEN(C32)-SEARCH("@",C32)-1))),"") | B32: =LEFT(RIGHT(RIGHT(Tableau4[[#This Row],[file name]],LEN(Tableau4[[#This Row],[file name]])-SEARCH("@",Tableau4[[#This Row],[file name]])),LEN(RIGHT(Tableau4[[#This Row],[file name]],LEN(Tableau4[[#This Row],[file name]])-SEARCH("@",Tableau4[[#This Row],[file name]])))-SEARCH("/",RIGHT(Tableau4[[#This Row],[file name]],LEN(Tableau4[[#This Row],[file name]])-SEARCH("@",Tableau4[[#This Row],[file name]])))),1) -> #VALUE!
A33: =IFERROR(LEFT(RIGHT(C33,LEN(C33)-SEARCH("@",C33)),SEARCH("/",RIGHT(C33,LEN(C33)-SEARCH("@",C33)-1))),"") | B33: =LEFT(RIGHT(RIGHT(Tableau4[[#This Row],[file name]],LEN(Tableau4[[#This Row],[file name]])-SEARCH("@",Tableau4[[#This Row],[file name]])),LEN(RIGHT(Tableau4[[#This Row],[file name]],LEN(Tableau4[[#This Row],[file name]])-SEARCH("@",Tableau4[[#This Row],[file name]])))-SEARCH("/",RIGHT(Tableau4[[#This Row],[file name]],LEN(Tableau4[[#This Row],[file name]])-SEARCH("@",Tableau4[[#This Row],[file name]])))),1) -> #VALUE!
A34: =IFERROR(LEFT(RIGHT(C34,LEN(C34)-SEARCH("@",C34)),SEARCH("/",RIGHT(C34,LEN(C34)-SEARCH("@",C34)-1))),"") | B34: =LEFT(RIGHT(RIGHT(Tableau4[[#This Row],[file name]],LEN(Tableau4[[#This Row],[file name]])-SEARCH("@",Tableau4[[#This Row],[file name]])),LEN(RIGHT(Tableau4[[#This Row],[file name]],LEN(Tableau4[[#This Row],[file name]])-SEARCH("@",Tableau4[[#This Row],[file name]])))-SEARCH("/",RIGHT(Tableau4[[#This Row],[file name]],LEN(Tableau4[[#This Row],[file name]])-SEARCH("@",Tableau4[[#This Row],[file name]])))),1) -> #VALUE! | C34: file name | D34: total area | E34: mean intensity | G34: total fluorescence
A35: =IFERROR(LEFT(RIGHT(C35,LEN(C35)-SEARCH("@",C35)),SEARCH("/",RIGHT(C35,LEN(C35)-SEARCH("@",C35)-1))),"") -> 02 EE2 34 | B35: =LEFT(RIGHT(RIGHT(Tableau4[[#This Row],[file name]],LEN(Tableau4[[#This Row],[file name]])-SEARCH("@",Tableau4[[#This Row],[file name]])),LEN(RIGHT(Tableau4[[#This Row],[file name]],LEN(Tableau4[[#This Row],[file name]])-SEARCH("@",Tableau4[[#This Row],[file name]])))-SEARCH("/",RIGHT(Tableau4[[#This Row],[file name]],LEN(Tableau4[[#This Row],[file name]])-SEARCH("@",Tableau4[[#This Row],[file name]])))),1) -> A | C35: \\192.168.24.208\images\R&D\2-Test oestrogénique\OECD and AOPs\REACTIV oecd interlaboratory validation\WF data\Repeats for invalid experiments - EBO\2022-EBO-ARABINOSE R4\plaque 1/@02 EE2 34/A2_01.tif | D35: 282.7988 | E35: 63.2308 | G35: 17882
A36: =IFERROR(LEFT(RIGHT(C36,LEN(C36)-SEARCH("@",C36)),SEARCH("/",RIGHT(C36,LEN(C36)-SEARCH("@",C36)-1))),"") -> 02 EE2 34 | B36: =LEFT(RIGHT(RIGHT(Tableau4[[#This Row],[file name]],LEN(Tableau4[[#This Row],[file name]])-SEARCH("@",Tableau4[[#This Row],[file name]])),LEN(RIGHT(Tableau4[[#This Row],[file name]],LEN(Tableau4[[#This Row],[file name]])-SEARCH("@",Tableau4[[#This Row],[file name]])))-SEARCH("/",RIGHT(Tableau4[[#This Row],[file name]],LEN(Tableau4[[#This Row],[file name]])-SEARCH("@",Tableau4[[#This Row],[file name]])))),1) -> A | C36: \\192.168.24.208\images\R&D\2-Test oestrogénique\OECD and AOPs\REACTIV oecd interlaboratory validation\WF data\Repeats for invalid experiments - EBO\2022-EBO-ARABINOSE R4\plaque 1/@02 EE2 34/A2_02.tif | D36: 239.2913 | E36: 62.1818 | G36: 14880
A37: =IFERROR(LEFT(RIGHT(C37,LEN(C37)-SEARCH("@",C37)),SEARCH("/",RIGHT(C37,LEN(C37)-SEARCH("@",C37)-1))),"") -> 02 EE2 34 | B37: =LEFT(RIGHT(RIGHT(Tableau4[[#This Row],[file name]],LEN(Tableau4[[#This Row],[file name]])-SEARCH("@",Tableau4[[#This Row],[file name]])),LEN(RIGHT(Tableau4[[#This Row],[file name]],LEN(Tableau4[[#This Row],[file name]])-SEARCH("@",Tableau4[[#This Row],[file name]])))-SEARCH("/",RIGHT(Tableau4[[#This Row],[file name]],LEN(Tableau4[[#This Row],[file name]])-SEARCH("@",Tableau4[[#This Row],[file name]])))),1) -> A | C37: \\192.168.24.208\images\R&D\2-Test oestrogénique\OECD and AOPs\REACTIV oecd interlaboratory validation\WF data\Repeats for invalid experiments - EBO\2022-EBO-ARABINOSE R4\plaque 1/@02 EE2 34/A2_03.tif | D37: 348.0601 | E37: 64.8125 | G37: 22559
A38: =IFERROR(LEFT(RIGHT(C38,LEN(C38)-SEARCH("@",C38)),SEARCH("/",RIGHT(C38,LEN(C38)-SEARCH("@",C38)-1))),"") -> 02 EE2 34 | B38: =LEFT(RIGHT(RIGHT(Tableau4[[#This Row],[file name]],LEN(Tableau4[[#This Row],[file name]])-SEARCH("@",Tableau4[[#This Row],[file name]])),LEN(RIGHT(Tableau4[[#This Row],[file name]],LEN(Tableau4[[#This Row],[file name]])-SEARCH("@",Tableau4[[#This Row],[file name]])))-SEARCH("/",RIGHT(Tableau4[[#This Row],[file name]],LEN(Tableau4[[#This Row],[file name]])-SEARCH("@",Tableau4[[#This Row],[file name]])))),1) -> B | C38: \\192.168.24.208\images\R&D\2-Test oestrogénique\OECD and AOPs\REACTIV oecd interlaboratory validation\WF data\Repeats for invalid experiments - EBO\2022-EBO-ARABINOSE R4\plaque 1/@02 EE2 34/B2_01.tif | D38: 9354.1147 | E38: 68.614 | G38: 641823
A39: =IFERROR(LEFT(RIGHT(C39,LEN(C39)-SEARCH("@",C39)),SEARCH("/",RIGHT(C39,LEN(C39)-SEARCH("@",C39)-1))),"") -> 02 EE2 34 | B39: =LEFT(RIGHT(RIGHT(Tableau4[[#This Row],[file name]],LEN(Tableau4[[#This Row],[file name]])-SEARCH("@",Tableau4[[#This Row],[file name]])),LEN(RIGHT(Tableau4[[#This Row],[file name]],LEN(Tableau4[[#This Row],[file name]])-SEARCH("@",Tableau4[[#This Row],[file name]])))-SEARCH("/",RIGHT(Tableau4[[#This Row],[file name]],LEN(Tableau4[[#This Row],[file name]])-SEARCH("@",Tableau4[[#This Row],[file name]])))),1) -> B | C39: \\192.168.24.208\images\R&D\2-Test oestrogénique\OECD and AOPs\REACTIV oecd interlaboratory validation\WF data\Repeats for invalid experiments - EBO\2022-EBO-ARABINOSE R4\plaque 1/@02 EE2 34/B2_02- exclu.tif
A40: =IFERROR(LEFT(RIGHT(C40,LEN(C40)-SEARCH("@",C40)),SEARCH("/",RIGHT(C40,LEN(C40)-SEARCH("@",C40)-1))),"") -> 02 EE2 34 | B40: =LEFT(RIGHT(RIGHT(Tableau4[[#This Row],[file name]],LEN(Tableau4[[#This Row],[file name]])-SEARCH("@",Tableau4[[#This Row],[file name]])),LEN(RIGHT(Tableau4[[#This Row],[file name]],LEN(Tableau4[[#This Row],[file name]])-SEARCH("@",Tableau4[[#This Row],[file name]])))-SEARCH("/",RIGHT(Tableau4[[#This Row],[file name]],LEN(Tableau4[[#This Row],[file name]])-SEARCH("@",Tableau4[[#This Row],[file name]])))),1) -> B | C40: \\192.168.24.208\images\R&D\2-Test oestrogénique\OECD and AOPs\REACTIV oecd interlaboratory validation\WF data\Repeats for invalid experiments - EBO\2022-EBO-ARABINOSE R4\plaque 1/@02 EE2 34/B2_03- exclu.tif
A41: =IFERROR(LEFT(RIGHT(C41,LEN(C41)-SEARCH("@",C41)),SEARCH("/",RIGHT(C41,LEN(C41)-SEARCH("@",C41)-1))),"") -> 02 EE2 34 | B41: =LEFT(RIGHT(RIGHT(Tableau4[[#This Row],[file name]],LEN(Tableau4[[#This Row],[file name]])-SEARCH("@",Tableau4[[#This Row],[file name]])),LEN(RIGHT(Tableau4[[#This Row],[file name]],LEN(Tableau4[[#This Row],[file name]])-SEARCH("@",Tableau4[[#This Row],[file name]])))-SEARCH("/",RIGHT(Tableau4[[#This Row],[file name]],LEN(Tableau4[[#This Row],[file name]])-SEARCH("@",Tableau4[[#This Row],[file name]])))),1) -> C | C41: \\192.168.24.208\images\R&D\2-Test oestrogénique\OECD and AOPs\REACTIV oecd interlaboratory validation\WF data\Repeats for invalid experiments - EBO\2022-EBO-ARABINOSE R4\plaque 1/@02 EE2 34/C2_01.tif | D41: 500.3364 | E41: 63.2609 | G41: 31652
A42: =IFERROR(LEFT(RIGHT(C42,LEN(C42)-SEARCH("@",C42)),SEARCH("/",RIGHT(C42,LEN(C42)-SEARCH("@",C42)-1))),"") -> 02 EE2 34 | B42: =LEFT(RIGHT(RIGHT(Tableau4[[#This Row],[file name]],LEN(Tableau4[[#This Row],[file name]])-SEARCH("@",Tableau4[[#This Row],[file name]])),LEN(RIGHT(Tableau4[[#This Row],[file name]],LEN(Tableau4[[#This Row],[file name]])-SEARCH("@",Tableau4[[#This Row],[file name]])))-SEARCH("/",RIGHT(Tableau4[[#This Row],[file name]],LEN(Tableau4[[#This Row],[file name]])-SEARCH("@",Tableau4[[#This Row],[file name]])))),1) -> C | C42: \\192.168.24.208\images\R&D\2-Test oestrogénique\OECD and AOPs\REACTIV oecd interlaboratory validation\WF data\Repeats for invalid experiments - EBO\2022-EBO-ARABINOSE R4\plaque 1/@02 EE2 34/C2_02.tif | D42: 174.03 | E42: 62.375 | G42: 10855
A43: =IFERROR(LEFT(RIGHT(C43,LEN(C43)-SEARCH("@",C43)),SEARCH("/",RIGHT(C43,LEN(C43)-SEARCH("@",C43)-1))),"") -> 02 EE2 34 | B43: =LEFT(RIGHT(RIGHT(Tableau4[[#This Row],[file name]],LEN(Tableau4[[#This Row],[file name]])-SEARCH("@",Tableau4[[#This Row],[file name]])),LEN(RIGHT(Tableau4[[#This Row],[file name]],LEN(Tableau4[[#This Row],[file name]])-SEARCH("@",Tableau4[[#This Row],[file name]])))-SEARCH("/",RIGHT(Tableau4[[#This Row],[file name]],LEN(Tableau4[[#This Row],[file name]])-SEARCH("@",Tableau4[[#This Row],[file name]])))),1) -> C | C43: \\192.168.24.208\images\R&D\2-Test oestrogénique\OECD and AOPs\REACTIV oecd interlaboratory validation\WF data\Repeats for invalid experiments - EBO\2022-EBO-ARABINOSE R4\plaque 1/@02 EE2 34/C2_03.tif | D43: 87.015 | E43: 64.5 | G43: 5612
A44: =IFERROR(LEFT(RIGHT(C44,LEN(C44)-SEARCH("@",C44)),SEARCH("/",RIGHT(C44,LEN(C44)-SEARCH("@",C44)-1))),"") -> 02 EE2 34 | B44: =LEFT(RIGHT(RIGHT(Tableau4[[#This Row],[file name]],LEN(Tableau4[[#This Row],[file name]])-SEARCH("@",Tableau4[[#This Row],[file name]])),LEN(RIGHT(Tableau4[[#This Row],[file name]],LEN(Tableau4[[#This Row],[file name]])-SEARCH("@",Tableau4[[#This Row],[file name]])))-SEARCH("/",RIGHT(Tableau4[[#This Row],[file name]],LEN(Tableau4[[#This Row],[file name]])-SEARCH("@",Tableau4[[#This Row],[file name]])))),1) -> D | C44: \\192.168.24.208\images\R&D\2-Test oestrogénique\OECD and AOPs\REACTIV oecd interlaboratory validation\WF data\Repeats for invalid experiments - EBO\2022-EBO-ARABINOSE R4\plaque 1/@02 EE2 34/D2_01- exclu.tif
A45: =IFERROR(LEFT(RIGHT(C45,LEN(C45)-SEARCH("@",C45)),SEARCH("/",RIGHT(C45,LEN(C45)-SEARCH("@",C45)-1))),"") -> 02 EE2 34 | B45: =LEFT(RIGHT(RIGHT(Tableau4[[#This Row],[file name]],LEN(Tableau4[[#This Row],[file name]])-SEARCH("@",Tableau4[[#This Row],[file name]])),LEN(RIGHT(Tableau4[[#This Row],[file name]],LEN(Tableau4[[#This Row],[file name]])-SEARCH("@",Tableau4[[#This Row],[file name]])))-SEARCH("/",RIGHT(Tableau4[[#This Row],[file name]],LEN(Tableau4[[#This Row],[file name]])-SEARCH("@",Tableau4[[#This Row],[file name]])))),1) -> D | C45: \\192.168.24.208\images\R&D\2-Test oestrogénique\OECD and AOPs\REACTIV oecd interlaboratory validation\WF data\Repeats for invalid experiments - EBO\2022-EBO-ARABINOSE R4\plaque 1/@02 EE2 34/D2_02- exclu.tif
A46: =IFERROR(LEFT(RIGHT(C46,LEN(C46)-SEARCH("@",C46)),SEARCH("/",RIGHT(C46,LEN(C46)-SEARCH("@",C46)-1))),"") -> 02 EE2 34 | B46: =LEFT(RIGHT(RIGHT(Tableau4[[#This Row],[file name]],LEN(Tableau4[[#This Row],[file name]])-SEARCH("@",Tableau4[[#This Row],[file name]])),LEN(RIGHT(Tableau4[[#This Row],[file name]],LEN(Tableau4[[#This Row],[file name]])-SEARCH("@",Tableau4[[#This Row],[file name]])))-SEARCH("/",RIGHT(Tableau4[[#This Row],[file name]],LEN(Tableau4[[#This Row],[file name]])-SEARCH("@",Tableau4[[#This Row],[file name]])))),1) -> D | C46: \\192.168.24.208\images\R&D\2-Test oestrogénique\OECD and AOPs\REACTIV oecd interlaboratory validation\WF data\Repeats for invalid experiments - EBO\2022-EBO-ARABINOSE R4\plaque 1/@02 EE2 34/D2_03- exclu.tif
A47: =IFERROR(LEFT(RIGHT(C47,LEN(C47)-SEARCH("@",C47)),SEARCH("/",RIGHT(C47,LEN(C47)-SEARCH("@",C47)-1))),"") -> 02 EE2 34 | B47: =LEFT(RIGHT(RIGHT(Tableau4[[#This Row],[file name]],LEN(Tableau4[[#This Row],[file name]])-SEARCH("@",Tableau4[[#This Row],[file name]])),LEN(RIGHT(Tableau4[[#This Row],[file name]],LEN(Tableau4[[#This Row],[file name]])-SEARCH("@",Tableau4[[#This Row],[file name]])))-SEARCH("/",RIGHT(Tableau4[[#This Row],[file name]],LEN(Tableau4[[#This Row],[file name]])-SEARCH("@",Tableau4[[#This Row],[file name]])))),1) -> E | C47: \\192.168.24.208\images\R&D\2-Test oestrogénique\OECD and AOPs\REACTIV oecd interlaboratory validation\WF data\Repeats for invalid experiments - EBO\2022-EBO-ARABINOSE R4\plaque 1/@02 EE2 34/E2_01.tif | D47: 1044.1802 | E47: 65.7917 | G47: 68698
A48: =IFERROR(LEFT(RIGHT(C48,LEN(C48)-SEARCH("@",C48)),SEARCH("/",RIGHT(C48,LEN(C48)-SEARCH("@",C48)-1))),"") -> 02 EE2 34 | B48: =LEFT(RIGHT(RIGHT(Tableau4[[#This Row],[file name]],LEN(Tableau4[[#This Row],[file name]])-SEARCH("@",Tableau4[[#This Row],[file name]])),LEN(RIGHT(Tableau4[[#This Row],[file name]],LEN(Tableau4[[#This Row],[file name]])-SEARCH("@",Tableau4[[#This Row],[file name]])))-SEARCH("/",RIGHT(Tableau4[[#This Row],[file name]],LEN(Tableau4[[#This Row],[file name]])-SEARCH("@",Tableau4[[#This Row],[file name]])))),1) -> E | C48: \\192.168.24.208\images\R&D\2-Test oestrogénique\OECD and AOPs\REACTIV oecd interlaboratory validation\WF data\Repeats for invalid experiments - EBO\2022-EBO-ARABINOSE R4\plaque 1/@02 EE2 34/E2_02.tif | D48: 565.5976 | E48: 65.1154 | G48: 36829
A49: =IFERROR(LEFT(RIGHT(C49,LEN(C49)-SEARCH("@",C49)),SEARCH("/",RIGHT(C49,LEN(C49)-SEARCH("@",C49)-1))),"") -> 02 EE2 34 | B49: =LEFT(RIGHT(RIGHT(Tableau4[[#This Row],[file name]],LEN(Tableau4[[#This Row],[file name]])-SEARCH("@",Tableau4[[#This Row],[file name]])),LEN(RIGHT(Tableau4[[#This Row],[file name]],LEN(Tableau4[[#This Row],[file name]])-SEARCH("@",Tableau4[[#This Row],[file name]])))-SEARCH("/",RIGHT(Tableau4[[#This Row],[file name]],LEN(Tableau4[[#This Row],[file name]])-SEARCH("@",Tableau4[[#This Row],[file name]])))),1) -> E | C49: \\192.168.24.208\images\R&D\2-Test oestrogénique\OECD and AOPs\REACTIV oecd interlaboratory validation\WF data\Repeats for invalid experiments - EBO\2022-EBO-ARABINOSE R4\plaque 1/@02 EE2 34/E2_03.tif | D49: 174.03 | E49: 62.75 | G49: 10920
A50: =IFERROR(LEFT(RIGHT(C50,LEN(C50)-SEARCH("@",C50)),SEARCH("/",RIGHT(C50,LEN(C50)-SEARCH("@",C50)-1))),"") -> 02 EE2 34 | B50: =LEFT(RIGHT(RIGHT(Tableau4[[#This Row],[file name]],LEN(Tableau4[[#This Row],[file name]])-SEARCH("@",Tableau4[[#This Row],[file name]])),LEN(RIGHT(Tableau4[[#This Row],[file name]],LEN(Tableau4[[#This Row],[file name]])-SEARCH("@",Tableau4[[#This Row],[file name]])))-SEARCH("/",RIGHT(Tableau4[[#This Row],[file name]],LEN(Tableau4[[#This Row],[file name]])-SEARCH("@",Tableau4[[#This Row],[file name]])))),1) -> F | C50: \\192.168.24.208\images\R&D\2-Test oestrogénique\OECD and AOPs\REACTIV oecd interlaboratory validation\WF data\Repeats for invalid experiments - EBO\2022-EBO-ARABINOSE R4\plaque 1/@02 EE2 34/F2_01- exclu.tif
A51: =IFERROR(LEFT(RIGHT(C51,LEN(C51)-SEARCH("@",C51)),SEARCH("/",RIGHT(C51,LEN(C51)-SEARCH("@",C51)-1))),"") -> 02 EE2 34 | B51: =LEFT(RIGHT(RIGHT(Tableau4[[#This Row],[file name]],LEN(Tableau4[[#This Row],[file name]])-SEARCH("@",Tableau4[[#This Row],[file name]])),LEN(RIGHT(Tableau4[[#This Row],[file name]],LEN(Tableau4[[#This Row],[file name]])-SEARCH("@",Tableau4[[#This Row],[file name]])))-SEARCH("/",RIGHT(Tableau4[[#This Row],[file name]],LEN(Tableau4[[#This Row],[file name]])-SEARCH("@",Tableau4[[#This Row],[file name]])))),1) -> F | C51: \\192.168.24.208\images\R&D\2-Test oestrogénique\OECD and AOPs\REACTIV oecd interlaboratory validation\WF data\Repeats for invalid experiments - EBO\2022-EBO-ARABINOSE R4\plaque 1/@02 EE2 34/F2_02.tif | D51: 217.5376 | E51: 62.5 | G51: 13596
A52: =IFERROR(LEFT(RIGHT(C52,LEN(C52)-SEARCH("@",C52)),SEARCH("/",RIGHT(C52,LEN(C52)-SEARCH("@",C52)-1))),"") -> 02 EE2 34 | B52: =LEFT(RIGHT(RIGHT(Tableau4[[#This Row],[file name]],LEN(Tableau4[[#This Row],[file name]])-SEARCH("@",Tableau4[[#This Row],[file name]])),LEN(RIGHT(Tableau4[[#This Row],[file name]],LEN(Tableau4[[#This Row],[file name]])-SEARCH("@",Tableau4[[#This Row],[file name]])))-SEARCH("/",RIGHT(Tableau4[[#This Row],[file name]],LEN(Tableau4[[#This Row],[file name]])-SEARCH("@",Tableau4[[#This Row],[file name]])))),1) -> F | C52: \\192.168.24.208\images\R&D\2-Test oestrogénique\OECD and AOPs\REACTIV oecd interlaboratory validation\WF data\Repeats for invalid experiments - EBO\2022-EBO-ARABINOSE R4\plaque 1/@02 EE2 34/F2_03- exclu.tif
A53: =IFERROR(LEFT(RIGHT(C53,LEN(C53)-SEARCH("@",C53)),SEARCH("/",RIGHT(C53,LEN(C53)-SEARCH("@",C53)-1))),"") -> 02 EE2 34 | B53: =LEFT(RIGHT(RIGHT(Tableau4[[#This Row],[file name]],LEN(Tableau4[[#This Row],[file name]])-SEARCH("@",Tableau4[[#This Row],[file name]])),LEN(RIGHT(Tableau4[[#This Row],[file name]],LEN(Tableau4[[#This Row],[file name]])-SEARCH("@",Tableau4[[#This Row],[file name]])))-SEARCH("/",RIGHT(Tableau4[[#This Row],[file name]],LEN(Tableau4[[#This Row],[file name]])-SEARCH("@",Tableau4[[#This Row],[file name]])))),1) -> G | C53: \\192.168.24.208\images\R&D\2-Test oestrogénique\OECD and AOPs\REACTIV oecd interlaboratory validation\WF data\Repeats for invalid experiments - EBO\2022-EBO-ARABINOSE R4\plaque 1/@02 EE2 34/G2_01.tif | D53: 304.5526 | E53: 64.1429 | G53: 19535
A54: =IFERROR(LEFT(RIGHT(C54,LEN(C54)-SEARCH("@",C54)),SEARCH("/",RIGHT(C54,LEN(C54)-SEARCH("@",C54)-1))),"") -> 02 EE2 34 | B54: =LEFT(RIGHT(RIGHT(Tableau4[[#This Row],[file name]],LEN(Tableau4[[#This Row],[file name]])-SEARCH("@",Tableau4[[#This Row],[file name]])),LEN(RIGHT(Tableau4[[#This Row],[file name]],LEN(Tableau4[[#This Row],[file name]])-SEARCH("@",Tableau4[[#This Row],[file name]])))-SEARCH("/",RIGHT(Tableau4[[#This Row],[file name]],LEN(Tableau4[[#This Row],[file name]])-SEARCH("@",Tableau4[[#This Row],[file name]])))),1) -> G | C54: \\192.168.24.208\images\R&D\2-Test oestrogénique\OECD and AOPs\REACTIV oecd interlaboratory validation\WF data\Repeats for invalid experiments - EBO\2022-EBO-ARABINOSE R4\plaque 1/@02 EE2 34/G2_02.tif | D54: 652.6127 | E54: 66.0667 | G54: 43116
A55: =IFERROR(LEFT(RIGHT(C55,LEN(C55)-SEARCH("@",C55)),SEARCH("/",RIGHT(C55,LEN(C55)-SEARCH("@",C55)-1))),"") -> 02 EE2 34 | B55: =LEFT(RIGHT(RIGHT(Tableau4[[#This Row],[file name]],LEN(Tableau4[[#This Row],[file name]])-SEARCH("@",Tableau4[[#This Row],[file name]])),LEN(RIGHT(Tableau4[[#This Row],[file name]],LEN(Tableau4[[#This Row],[file name]])-SEARCH("@",Tableau4[[#This Row],[file name]])))-SEARCH("/",RIGHT(Tableau4[[#This Row],[file name]],LEN(Tableau4[[#This Row],[file name]])-SEARCH("@",Tableau4[[#This Row],[file name]])))),1) -> G | C55: \\192.168.24.208\images\R&D\2-Test oestrogénique\OECD and AOPs\REACTIV oecd interlaboratory validation\WF data\Repeats for invalid experiments - EBO\2022-EBO-ARABINOSE R4\plaque 1/@02 EE2 34/G2_03.tif | D55: 261.0451 | E55: 63.6667 | G55: 16620
A56: =IFERROR(LEFT(RIGHT(C56,LEN(C56)-SEARCH("@",C56)),SEARCH("/",RIGHT(C56,LEN(C56)-SEARCH("@",C56)-1))),"") -> 02 EE2 34 | B56: =LEFT(RIGHT(RIGHT(Tableau4[[#This Row],[file name]],LEN(Tableau4[[#This Row],[file name]])-SEARCH("@",Tableau4[[#This Row],[file name]])),LEN(RIGHT(Tableau4[[#This Row],[file name]],LEN(Tableau4[[#This Row],[file name]])-SEARCH("@",Tableau4[[#This Row],[file name]])))-SEARCH("/",RIGHT(Tableau4[[#This Row],[file name]],LEN(Tableau4[[#This Row],[file name]])-SEARCH("@",Tableau4[[#This Row],[file name]])))),1) -> H | C56: \\192.168.24.208\images\R&D\2-Test oestrogénique\OECD and AOPs\REACTIV oecd interlaboratory validation\WF data\Repeats for invalid experiments - EBO\2022-EBO-ARABINOSE R4\plaque 1/@02 EE2 34/H2_01.tif | D56: 174.03 | E56: 63.375 | G56: 11029
A57: =IFERROR(LEFT(RIGHT(C57,LEN(C57)-SEARCH("@",C57)),SEARCH("/",RIGHT(C57,LEN(C57)-SEARCH("@",C57)-1))),"") -> 02 EE2 34 | B57: =LEFT(RIGHT(RIGHT(Tableau4[[#This Row],[file name]],LEN(Tableau4[[#This Row],[file name]])-SEARCH("@",Tableau4[[#This Row],[file name]])),LEN(RIGHT(Tableau4[[#This Row],[file name]],LEN(Tableau4[[#This Row],[file name]])-SEARCH("@",Tableau4[[#This Row],[file name]])))-SEARCH("/",RIGHT(Tableau4[[#This Row],[file name]],LEN(Tableau4[[#This Row],[file name]])-SEARCH("@",Tableau4[[#This Row],[file name]])))),1) -> H | C57: \\192.168.24.208\images\R&D\2-Test oestrogénique\OECD and AOPs\REACTIV oecd interlaboratory validation\WF data\Repeats for invalid experiments - EBO\2022-EBO-ARABINOSE R4\plaque 1/@02 EE2 34/H2_02.tif | D57: 195.7838 | E57: 63 | G57: 12334
A58: =IFERROR(LEFT(RIGHT(C58,LEN(C58)-SEARCH("@",C58)),SEARCH("/",RIGHT(C58,LEN(C58)-SEARCH("@",C58)-1))),"") -> 02 EE2 34 | B58: =LEFT(RIGHT(RIGHT(Tableau4[[#This Row],[file name]],LEN(Tableau4[[#This Row],[file name]])-SEARCH("@",Tableau4[[#This Row],[file name]])),LEN(RIGHT(Tableau4[[#This Row],[file name]],LEN(Tableau4[[#This Row],[file name]])-SEARCH("@",Tableau4[[#This Row],[file name]])))-SEARCH("/",RIGHT(Tableau4[[#This Row],[file name]],LEN(Tableau4[[#This Row],[file name]])-SEARCH("@",Tableau4[[#This Row],[file name]])))),1) -> H | C58: \\192.168.24.208\images\R&D\2-Test oestrogénique\OECD and AOPs\REACTIV oecd interlaboratory validation\WF data\Repeats for invalid experiments - EBO\2022-EBO-ARABINOSE R4\plaque 1/@02 EE2 34/H2_03.tif | D58: 174.03 | E58: 61.125 | G58: 10638
A59: =IFERROR(LEFT(RIGHT(C59,LEN(C59)-SEARCH("@",C59)),SEARCH("/",RIGHT(C59,LEN(C59)-SEARCH("@",C59)-1))),"") | B59: =LEFT(RIGHT(RIGHT(Tableau4[[#This Row],[file name]],LEN(Tableau4[[#This Row],[file name]])-SEARCH("@",Tableau4[[#This Row],[file name]])),LEN(RIGHT(Tableau4[[#This Row],[file name]],LEN(Tableau4[[#This Row],[file name]])-SEARCH("@",Tableau4[[#This Row],[file name]])))-SEARCH("/",RIGHT(Tableau4[[#This Row],[file name]],LEN(Tableau4[[#This Row],[file name]])-SEARCH("@",Tableau4[[#This Row],[file name]])))),1) -> #VALUE!
A60: =IFERROR(LEFT(RIGHT(C60,LEN(C60)-SEARCH("@",C60)),SEARCH("/",RIGHT(C60,LEN(C60)-SEARCH("@",C60)-1))),"") | B60: =LEFT(RIGHT(RIGHT(Tableau4[[#This Row],[file name]],LEN(Tableau4[[#This Row],[file name]])-SEARCH("@",Tableau4[[#This Row],[file name]])),LEN(RIGHT(Tableau4[[#This Row],[file name]],LEN(Tableau4[[#This Row],[file name]])-SEARCH("@",Tableau4[[#This Row],[file name]])))-SEARCH("/",RIGHT(Tableau4[[#This Row],[file name]],LEN(Tableau4[[#This Row],[file name]])-SEARCH("@",Tableau4[[#This Row],[file name]])))),1) -> #VALUE! | C60: group | E60: mean of mean fluo | F60: SD mean fluo | G60: mean of total fluo | H60: SD total fluo | I60: n fluorescent | J60: n total
A61: =IFERROR(LEFT(RIGHT(C61,LEN(C61)-SEARCH("@",C61)),SEARCH("/",RIGHT(C61,LEN(C61)-SEARCH("@",C61)-1))),"") -> 02 EE2 34 | B61: =LEFT(RIGHT(RIGHT(Tableau4[[#This Row],[file name]],LEN(Tableau4[[#This Row],[file name]])-SEARCH("@",Tableau4[[#This Row],[file name]])),LEN(RIGHT(Tableau4[[#This Row],[file name]],LEN(Tableau4[[#This Row],[file name]])-SEARCH("@",Tableau4[[#This Row],[file name]])))-SEARCH("/",RIGHT(Tableau4[[#This Row],[file name]],LEN(Tableau4[[#This Row],[file name]])-SEARCH("@",Tableau4[[#This Row],[file name]])))),1) | C61: \\192.168.24.208\images\R&D\2-Test oestrogénique\OECD and AOPs\REACTIV oecd interlaboratory validation\WF data\Repeats for invalid experiments - EBO\2022-EBO-ARABINOSE R4\plaque 1/@02 EE2 34/ | E61: 65.7718 | F61: 6.2163 | G61: 146475.333 | H61: 293945.268 | I61: 24 | J61: 24
A62: =IFERROR(LEFT(RIGHT(C62,LEN(C62)-SEARCH("@",C62)),SEARCH("/",RIGHT(C62,LEN(C62)-SEARCH("@",C62)-1))),"") | B62: =LEFT(RIGHT(RIGHT(Tableau4[[#This Row],[file name]],LEN(Tableau4[[#This Row],[file name]])-SEARCH("@",Tableau4[[#This Row],[file name]])),LEN(RIGHT(Tableau4[[#This Row],[file name]],LEN(Tableau4[[#This Row],[file name]])-SEARCH("@",Tableau4[[#This Row],[file name]])))-SEARCH("/",RIGHT(Tableau4[[#This Row],[file name]],LEN(Tableau4[[#This Row],[file name]])-SEARCH("@",Tableau4[[#This Row],[file name]])))),1) -> #VALUE!
A63: =IFERROR(LEFT(RIGHT(C63,LEN(C63)-SEARCH("@",C63)),SEARCH("/",RIGHT(C63,LEN(C63)-SEARCH("@",C63)-1))),"") | B63: =LEFT(RIGHT(RIGHT(Tableau4[[#This Row],[file name]],LEN(Tableau4[[#This Row],[file name]])-SEARCH("@",Tableau4[[#This Row],[file name]])),LEN(RIGHT(Tableau4[[#This Row],[file name]],LEN(Tableau4[[#This Row],[file name]])-SEARCH("@",Tableau4[[#This Row],[file name]])))-SEARCH("/",RIGHT(Tableau4[[#This Row],[file name]],LEN(Tableau4[[#This Row],[file name]])-SEARCH("@",Tableau4[[#This Row],[file name]])))),1) -> #VALUE!
A64: =IFERROR(LEFT(RIGHT(C64,LEN(C64)-SEARCH("@",C64)),SEARCH("/",RIGHT(C64,LEN(C64)-SEARCH("@",C64)-1))),"") | B64: =LEFT(RIGHT(RIGHT(Tableau4[[#This Row],[file name]],LEN(Tableau4[[#This Row],[file name]])-SEARCH("@",Tableau4[[#This Row],[file name]])),LEN(RIGHT(Tableau4[[#This Row],[file name]],LEN(Tableau4[[#This Row],[file name]])-SEARCH("@",Tableau4[[#This Row],[file name]])))-SEARCH("/",RIGHT(Tableau4[[#This Row],[file name]],LEN(Tableau4[[#This Row],[file name]])-SEARCH("@",Tableau4[[#This Row],[file name]])))),1) -> #VALUE!
A65: =IFERROR(LEFT(RIGHT(C65,LEN(C65)-SEARCH("@",C65)),SEARCH("/",RIGHT(C65,LEN(C65)-SEARCH("@",C65)-1))),"") | B65: =LEFT(RIGHT(RIGHT(Tableau4[[#This Row],[file name]],LEN(Tableau4[[#This Row],[file name]])-SEARCH("@",Tableau4[[#This Row],[file name]])),LEN(RIGHT(Tableau4[[#This Row],[file name]],LEN(Tableau4[[#This Row],[file name]])-SEARCH("@",Tableau4[[#This Row],[file name]])))-SEARCH("/",RIGHT(Tableau4[[#This Row],[file name]],LEN(Tableau4[[#This Row],[file name]])-SEARCH("@",Tableau4[[#This Row],[file name]])))),1) -> #VALUE!
A66: =IFERROR(LEFT(RIGHT(C66,LEN(C66)-SEARCH("@",C66)),SEARCH("/",RIGHT(C66,LEN(C66)-SEARCH("@",C66)-1))),"") | B66: =LEFT(RIGHT(RIGHT(Tableau4[[#This Row],[file name]],LEN(Tableau4[[#This Row],[file name]])-SEARCH("@",Tableau4[[#This Row],[file name]])),LEN(RIGHT(Tableau4[[#This Row],[file name]],LEN(Tableau4[[#This Row],[file name]])-SEARCH("@",Tableau4[[#This Row],[file name]])))-SEARCH("/",RIGHT(Tableau4[[#This Row],[file name]],LEN(Tableau4[[#This Row],[file name]])-SEARCH("@",Tableau4[[#This Row],[file name]])))),1) -> #VALUE!
A67: =IFERROR(LEFT(RIGHT(C67,LEN(C67)-SEARCH("@",C67)),SEARCH("/",RIGHT(C67,LEN(C67)-SEARCH("@",C67)-1))),"") | B67: =LEFT(RIGHT(RIGHT(Tableau4[[#This Row],[file name]],LEN(Tableau4[[#This Row],[file name]])-SEARCH("@",Tableau4[[#This Row],[file name]])),LEN(RIGHT(Tableau4[[#This Row],[file name]],LEN(Tableau4[[#This Row],[file name]])-SEARCH("@",Tableau4[[#This Row],[file name]])))-SEARCH("/",RIGHT(Tableau4[[#This Row],[file name]],LEN(Tableau4[[#This Row],[file name]])-SEARCH("@",Tableau4[[#This Row],[file name]])))),1) -> #VALUE! | C67: file name | D67: total area | E67: mean intensity | G67: total fluorescence
A68: =IFERROR(LEFT(RIGHT(C68,LEN(C68)-SEARCH("@",C68)),SEARCH("/",RIGHT(C68,LEN(C68)-SEARCH("@",C68)-1))),"") -> 03 EE2 51 | B68: =LEFT(RIGHT(RIGHT(Tableau4[[#This Row],[file name]],LEN(Tableau4[[#This Row],[file name]])-SEARCH("@",Tableau4[[#This Row],[file name]])),LEN(RIGHT(Tableau4[[#This Row],[file name]],LEN(Tableau4[[#This Row],[file name]])-SEARCH("@",Tableau4[[#This Row],[file name]])))-SEARCH("/",RIGHT(Tableau4[[#This Row],[file name]],LEN(Tableau4[[#This Row],[file name]])-SEARCH("@",Tableau4[[#This Row],[file name]])))),1) -> A | C68: \\192.168.24.208\images\R&D\2-Test oestrogénique\OECD and AOPs\REACTIV oecd interlaboratory validation\WF data\Repeats for invalid experiments - EBO\2022-EBO-ARABINOSE R4\plaque 1/@03 EE2 51/A3_01.tif | D68: 413.3213 | E68: 63.2632 | G68: 26148
A69: =IFERROR(LEFT(RIGHT(C69,LEN(C69)-SEARCH("@",C69)),SEARCH("/",RIGHT(C69,LEN(C69)-SEARCH("@",C69)-1))),"") -> 03 EE2 51 | B69: =LEFT(RIGHT(RIGHT(Tableau4[[#This Row],[file name]],LEN(Tableau4[[#This Row],[file name]])-SEARCH("@",Tableau4[[#This Row],[file name]])),LEN(RIGHT(Tableau4[[#This Row],[file name]],LEN(Tableau4[[#This Row],[file name]])-SEARCH("@",Tableau4[[#This Row],[file name]])))-SEARCH("/",RIGHT(Tableau4[[#This Row],[file name]],LEN(Tableau4[[#This Row],[file name]])-SEARCH("@",Tableau4[[#This Row],[file name]])))),1) -> A | C69: \\192.168.24.208\images\R&D\2-Test oestrogénique\OECD and AOPs\REACTIV oecd interlaboratory validation\WF data\Repeats for invalid experiments - EBO\2022-EBO-ARABINOSE R4\plaque 1/@03 EE2 51/A3_02.tif | D69: 239.2913 | E69: 62.3636 | G69: 14923
A70: =IFERROR(LEFT(RIGHT(C70,LEN(C70)-SEARCH("@",C70)),SEARCH("/",RIGHT(C70,LEN(C70)-SEARCH("@",C70)-1))),"") -> 03 EE2 51 | B70: =LEFT(RIGHT(RIGHT(Tableau4[[#This Row],[file name]],LEN(Tableau4[[#This Row],[file name]])-SEARCH("@",Tableau4[[#This Row],[file name]])),LEN(RIGHT(Tableau4[[#This Row],[file name]],LEN(Tableau4[[#This Row],[file name]])-SEARCH("@",Tableau4[[#This Row],[file name]])))-SEARCH("/",RIGHT(Tableau4[[#This Row],[file name]],LEN(Tableau4[[#This Row],[file name]])-SEARCH("@",Tableau4[[#This Row],[file name]])))),1) -> A | C70: \\192.168.24.208\images\R&D\2-Test oestrogénique\OECD and AOPs\REACTIV oecd interlaboratory validation\WF data\Repeats for invalid experiments - EBO\2022-EBO-ARABINOSE R4\plaque 1/@03 EE2 51/A3_03- exclu.tif
A71: =IFERROR(LEFT(RIGHT(C71,LEN(C71)-SEARCH("@",C71)),SEARCH("/",RIGHT(C71,LEN(C71)-SEARCH("@",C71)-1))),"") -> 03 EE2 51 | B71: =LEFT(RIGHT(RIGHT(Tableau4[[#This Row],[file name]],LEN(Tableau4[[#This Row],[file name]])-SEARCH("@",Tableau4[[#This Row],[file name]])),LEN(RIGHT(Tableau4[[#This Row],[file name]],LEN(Tableau4[[#This Row],[file name]])-SEARCH("@",Tableau4[[#This Row],[file name]])))-SEARCH("/",RIGHT(Tableau4[[#This Row],[file name]],LEN(Tableau4[[#This Row],[file name]])-SEARCH("@",Tableau4[[#This Row],[file name]])))),1) -> B | C71: \\192.168.24.208\images\R&D\2-Test oestrogénique\OECD and AOPs\REACTIV oecd interlaboratory validation\WF data\Repeats for invalid experiments - EBO\2022-EBO-ARABINOSE R4\plaque 1/@03 EE2 51/B3_01.tif | D71: 739.6277 | E71: 65.2647 | G71: 48272
A72: =IFERROR(LEFT(RIGHT(C72,LEN(C72)-SEARCH("@",C72)),SEARCH("/",RIGHT(C72,LEN(C72)-SEARCH("@",C72)-1))),"") -> 03 EE2 51 | B72: =LEFT(RIGHT(RIGHT(Tableau4[[#This Row],[file name]],LEN(Tableau4[[#This Row],[file name]])-SEARCH("@",Tableau4[[#This Row],[file name]])),LEN(RIGHT(Tableau4[[#This Row],[file name]],LEN(Tableau4[[#This Row],[file name]])-SEARCH("@",Tableau4[[#This Row],[file name]])))-SEARCH("/",RIGHT(Tableau4[[#This Row],[file name]],LEN(Tableau4[[#This Row],[file name]])-SEARCH("@",Tableau4[[#This Row],[file name]])))),1) -> B | C72: \\192.168.24.208\images\R&D\2-Test oestrogénique\OECD and AOPs\REACTIV oecd interlaboratory validation\WF data\Repeats for invalid experiments - EBO\2022-EBO-ARABINOSE R4\plaque 1/@03 EE2 51/B3_02- exclu.tif
A73: =IFERROR(LEFT(RIGHT(C73,LEN(C73)-SEARCH("@",C73)),SEARCH("/",RIGHT(C73,LEN(C73)-SEARCH("@",C73)-1))),"") -> 03 EE2 51 | B73: =LEFT(RIGHT(RIGHT(Tableau4[[#This Row],[file name]],LEN(Tableau4[[#This Row],[file name]])-SEARCH("@",Tableau4[[#This Row],[file name]])),LEN(RIGHT(Tableau4[[#This Row],[file name]],LEN(Tableau4[[#This Row],[file name]])-SEARCH("@",Tableau4[[#This Row],[file name]])))-SEARCH("/",RIGHT(Tableau4[[#This Row],[file name]],LEN(Tableau4[[#This Row],[file name]])-SEARCH("@",Tableau4[[#This Row],[file name]])))),1) -> B | C73: \\192.168.24.208\images\R&D\2-Test oestrogénique\OECD and AOPs\REACTIV oecd interlaboratory validation\WF data\Repeats for invalid experiments - EBO\2022-EBO-ARABINOSE R4\plaque 1/@03 EE2 51/B3_03.tif | D73: 761.3814 | E73: 64.3714 | G73: 49011
A74: =IFERROR(LEFT(RIGHT(C74,LEN(C74)-SEARCH("@",C74)),SEARCH("/",RIGHT(C74,LEN(C74)-SEARCH("@",C74)-1))),"") -> 03 EE2 51 | B74: =LEFT(RIGHT(RIGHT(Tableau4[[#This Row],[file name]],LEN(Tableau4[[#This Row],[file name]])-SEARCH("@",Tableau4[[#This Row],[file name]])),LEN(RIGHT(Tableau4[[#This Row],[file name]],LEN(Tableau4[[#This Row],[file name]])-SEARCH("@",Tableau4[[#This Row],[file name]])))-SEARCH("/",RIGHT(Tableau4[[#This Row],[file name]],LEN(Tableau4[[#This Row],[file name]])-SEARCH("@",Tableau4[[#This Row],[file name]])))),1) -> C | C74: \\192.168.24.208\images\R&D\2-Test oestrogénique\OECD and AOPs\REACTIV oecd interlaboratory validation\WF data\Repeats for invalid experiments - EBO\2022-EBO-ARABINOSE R4\plaque 1/@03 EE2 51/C3_01.tif | D74: 2066.6067 | E74: 64.6737 | G74: 133655
A75: =IFERROR(LEFT(RIGHT(C75,LEN(C75)-SEARCH("@",C75)),SEARCH("/",RIGHT(C75,LEN(C75)-SEARCH("@",C75)-1))),"") -> 03 EE2 51 | B75: =LEFT(RIGHT(RIGHT(Tableau4[[#This Row],[file name]],LEN(Tableau4[[#This Row],[file name]])-SEARCH("@",Tableau4[[#This Row],[file name]])),LEN(RIGHT(Tableau4[[#This Row],[file name]],LEN(Tableau4[[#This Row],[file name]])-SEARCH("@",Tableau4[[#This Row],[file name]])))-SEARCH("/",RIGHT(Tableau4[[#This Row],[file name]],LEN(Tableau4[[#This Row],[file name]])-SEARCH("@",Tableau4[[#This Row],[file name]])))),1) -> C | C75: \\192.168.24.208\images\R&D\2-Test oestrogénique\OECD and AOPs\REACTIV oecd interlaboratory validation\WF data\Repeats for invalid experiments - EBO\2022-EBO-ARABINOSE R4\plaque 1/@03 EE2 51/C3_02.tif | D75: 1588.0241 | E75: 65.137 | G75: 103439
A76: =IFERROR(LEFT(RIGHT(C76,LEN(C76)-SEARCH("@",C76)),SEARCH("/",RIGHT(C76,LEN(C76)-SEARCH("@",C76)-1))),"") -> 03 EE2 51 | B76: =LEFT(RIGHT(RIGHT(Tableau4[[#This Row],[file name]],LEN(Tableau4[[#This Row],[file name]])-SEARCH("@",Tableau4[[#This Row],[file name]])),LEN(RIGHT(Tableau4[[#This Row],[file name]],LEN(Tableau4[[#This Row],[file name]])-SEARCH("@",Tableau4[[#This Row],[file name]])))-SEARCH("/",RIGHT(Tableau4[[#This Row],[file name]],LEN(Tableau4[[#This Row],[file name]])-SEARCH("@",Tableau4[[#This Row],[file name]])))),1) -> C | C76: \\192.168.24.208\images\R&D\2-Test oestrogénique\OECD and AOPs\REACTIV oecd interlaboratory validation\WF data\Repeats for invalid experiments - EBO\2022-EBO-ARABINOSE R4\plaque 1/@03 EE2 51/C3_03.tif | D76: 1566.2704 | E76: 63.7917 | G76: 99915
A77: =IFERROR(LEFT(RIGHT(C77,LEN(C77)-SEARCH("@",C77)),SEARCH("/",RIGHT(C77,LEN(C77)-SEARCH("@",C77)-1))),"") -> 03 EE2 51 | B77: =LEFT(RIGHT(RIGHT(Tableau4[[#This Row],[file name]],LEN(Tableau4[[#This Row],[file name]])-SEARCH("@",Tableau4[[#This Row],[file name]])),LEN(RIGHT(Tableau4[[#This Row],[file name]],LEN(Tableau4[[#This Row],[file name]])-SEARCH("@",Tableau4[[#This Row],[file name]])))-SEARCH("/",RIGHT(Tableau4[[#This Row],[file name]],LEN(Tableau4[[#This Row],[file name]])-SEARCH("@",Tableau4[[#This Row],[file name]])))),1) -> D | C77: \\192.168.24.208\images\R&D\2-Test oestrogénique\OECD and AOPs\REACTIV oecd interlaboratory validation\WF data\Repeats for invalid experiments - EBO\2022-EBO-ARABINOSE R4\plaque 1/@03 EE2 51/D3_01.tif | D77: 6156.3127 | E77: 66.8975 | G77: 411842
A78: =IFERROR(LEFT(RIGHT(C78,LEN(C78)-SEARCH("@",C78)),SEARCH("/",RIGHT(C78,LEN(C78)-SEARCH("@",C78)-1))),"") -> 03 EE2 51 | B78: =LEFT(RIGHT(RIGHT(Tableau4[[#This Row],[file name]],LEN(Tableau4[[#This Row],[file name]])-SEARCH("@",Tableau4[[#This Row],[file name]])),LEN(RIGHT(Tableau4[[#This Row],[file name]],LEN(Tableau4[[#This Row],[file name]])-SEARCH("@",Tableau4[[#This Row],[file name]])))-SEARCH("/",RIGHT(Tableau4[[#This Row],[file name]],LEN(Tableau4[[#This Row],[file name]])-SEARCH("@",Tableau4[[#This Row],[file name]])))),1) -> D | C78: \\192.168.24.208\images\R&D\2-Test oestrogénique\OECD and AOPs\REACTIV oecd interlaboratory validation\WF data\Repeats for invalid experiments - EBO\2022-EBO-ARABINOSE R4\plaque 1/@03 EE2 51/D3_02.tif | D78: 2610.4506 | E78: 63.3583 | G78: 165394
A79: =IFERROR(LEFT(RIGHT(C79,LEN(C79)-SEARCH("@",C79)),SEARCH("/",RIGHT(C79,LEN(C79)-SEARCH("@",C79)-1))),"") -> 03 EE2 51 | B79: =LEFT(RIGHT(RIGHT(Tableau4[[#This Row],[file name]],LEN(Tableau4[[#This Row],[file name]])-SEARCH("@",Tableau4[[#This Row],[file name]])),LEN(RIGHT(Tableau4[[#This Row],[file name]],LEN(Tableau4[[#This Row],[file name]])-SEARCH("@",Tableau4[[#This Row],[file name]])))-SEARCH("/",RIGHT(Tableau4[[#This Row],[file name]],LEN(Tableau4[[#This Row],[file name]])-SEARCH("@",Tableau4[[#This Row],[file name]])))),1) -> D | C79: \\192.168.24.208\images\R&D\2-Test oestrogénique\OECD and AOPs\REACTIV oecd interlaboratory validation\WF data\Repeats for invalid experiments - EBO\2022-EBO-ARABINOSE R4\plaque 1/@03 EE2 51/D3_03.tif | D79: 3611.1233 | E79: 64.6807 | G79: 233570
A80: =IFERROR(LEFT(RIGHT(C80,LEN(C80)-SEARCH("@",C80)),SEARCH("/",RIGHT(C80,LEN(C80)-SEARCH("@",C80)-1))),"") -> 03 EE2 51 | B80: =LEFT(RIGHT(RIGHT(Tableau4[[#This Row],[file name]],LEN(Tableau4[[#This Row],[file name]])-SEARCH("@",Tableau4[[#This Row],[file name]])),LEN(RIGHT(Tableau4[[#This Row],[file name]],LEN(Tableau4[[#This Row],[file name]])-SEARCH("@",Tableau4[[#This Row],[file name]])))-SEARCH("/",RIGHT(Tableau4[[#This Row],[file name]],LEN(Tableau4[[#This Row],[file name]])-SEARCH("@",Tableau4[[#This Row],[file name]])))),1) -> E | C80: \\192.168.24.208\images\R&D\2-Test oestrogénique\OECD and AOPs\REACTIV oecd interlaboratory validation\WF data\Repeats for invalid experiments - EBO\2022-EBO-ARABINOSE R4\plaque 1/@03 EE2 51/E3_01.tif | D80: 2784.4806 | E80: 65.0312 | G80: 181078
A81: =IFERROR(LEFT(RIGHT(C81,LEN(C81)-SEARCH("@",C81)),SEARCH("/",RIGHT(C81,LEN(C81)-SEARCH("@",C81)-1))),"") -> 03 EE2 51 | B81: =LEFT(RIGHT(RIGHT(Tableau4[[#This Row],[file name]],LEN(Tableau4[[#This Row],[file name]])-SEARCH("@",Tableau4[[#This Row],[file name]])),LEN(RIGHT(Tableau4[[#This Row],[file name]],LEN(Tableau4[[#This Row],[file name]])-SEARCH("@",Tableau4[[#This Row],[file name]])))-SEARCH("/",RIGHT(Tableau4[[#This Row],[file name]],LEN(Tableau4[[#This Row],[file name]])-SEARCH("@",Tableau4[[#This Row],[file name]])))),1) -> E | C81: \\192.168.24.208\images\R&D\2-Test oestrogénique\OECD and AOPs\REACTIV oecd interlaboratory validation\WF data\Repeats for invalid experiments - EBO\2022-EBO-ARABINOSE R4\plaque 1/@03 EE2 51/E3_02- exclu.tif
A82: =IFERROR(LEFT(RIGHT(C82,LEN(C82)-SEARCH("@",C82)),SEARCH("/",RIGHT(C82,LEN(C82)-SEARCH("@",C82)-1))),"") -> 03 EE2 51 | B82: =LEFT(RIGHT(RIGHT(Tableau4[[#This Row],[file name]],LEN(Tableau4[[#This Row],[file name]])-SEARCH("@",Tableau4[[#This Row],[file name]])),LEN(RIGHT(Tableau4[[#This Row],[file name]],LEN(Tableau4[[#This Row],[file name]])-SEARCH("@",Tableau4[[#This Row],[file name]])))-SEARCH("/",RIGHT(Tableau4[[#This Row],[file name]],LEN(Tableau4[[#This Row],[file name]])-SEARCH("@",Tableau4[[#This Row],[file name]])))),1) -> E | C82: \\192.168.24.208\images\R&D\2-Test oestrogénique\OECD and AOPs\REACTIV oecd interlaboratory validation\WF data\Repeats for invalid experiments - EBO\2022-EBO-ARABINOSE R4\plaque 1/@03 EE2 51/E3_03- exclu.tif
A83: =IFERROR(LEFT(RIGHT(C83,LEN(C83)-SEARCH("@",C83)),SEARCH("/",RIGHT(C83,LEN(C83)-SEARCH("@",C83)-1))),"") -> 03 EE2 51 | B83: =LEFT(RIGHT(RIGHT(Tableau4[[#This Row],[file name]],LEN(Tableau4[[#This Row],[file name]])-SEARCH("@",Tableau4[[#This Row],[file name]])),LEN(RIGHT(Tableau4[[#This Row],[file name]],LEN(Tableau4[[#This Row],[file name]])-SEARCH("@",Tableau4[[#This Row],[file name]])))-SEARCH("/",RIGHT(Tableau4[[#This Row],[file name]],LEN(Tableau4[[#This Row],[file name]])-SEARCH("@",Tableau4[[#This Row],[file name]])))),1) -> F | C83: \\192.168.24.208\images\R&D\2-Test oestrogénique\OECD and AOPs\REACTIV oecd interlaboratory validation\WF data\Repeats for invalid experiments - EBO\2022-EBO-ARABINOSE R4\plaque 1/@03 EE2 51/F3_01.tif | D83: 1152.949 | E83: 63.6038 | G83: 73332
A84: =IFERROR(LEFT(RIGHT(C84,LEN(C84)-SEARCH("@",C84)),SEARCH("/",RIGHT(C84,LEN(C84)-SEARCH("@",C84)-1))),"") -> 03 EE2 51 | B84: =LEFT(RIGHT(RIGHT(Tableau4[[#This Row],[file name]],LEN(Tableau4[[#This Row],[file name]])-SEARCH("@",Tableau4[[#This Row],[file name]])),LEN(RIGHT(Tableau4[[#This Row],[file name]],LEN(Tableau4[[#This Row],[file name]])-SEARCH("@",Tableau4[[#This Row],[file name]])))-SEARCH("/",RIGHT(Tableau4[[#This Row],[file name]],LEN(Tableau4[[#This Row],[file name]])-SEARCH("@",Tableau4[[#This Row],[file name]])))),1) -> F | C84: \\192.168.24.208\images\R&D\2-Test oestrogénique\OECD and AOPs\REACTIV oecd interlaboratory validation\WF data\Repeats for invalid experiments - EBO\2022-EBO-ARABINOSE R4\plaque 1/@03 EE2 51/F3_02.tif | D84: 456.8289 | E84: 62.2857 | G84: 28454
A85: =IFERROR(LEFT(RIGHT(C85,LEN(C85)-SEARCH("@",C85)),SEARCH("/",RIGHT(C85,LEN(C85)-SEARCH("@",C85)-1))),"") -> 03 EE2 51 | B85: =LEFT(RIGHT(RIGHT(Tableau4[[#This Row],[file name]],LEN(Tableau4[[#This Row],[file name]])-SEARCH("@",Tableau4[[#This Row],[file name]])),LEN(RIGHT(Tableau4[[#This Row],[file name]],LEN(Tableau4[[#This Row],[file name]])-SEARCH("@",Tableau4[[#This Row],[file name]])))-SEARCH("/",RIGHT(Tableau4[[#This Row],[file name]],LEN(Tableau4[[#This Row],[file name]])-SEARCH("@",Tableau4[[#This Row],[file name]])))),1) -> F | C85: \\192.168.24.208\images\R&D\2-Test oestrogénique\OECD and AOPs\REACTIV oecd interlaboratory validation\WF data\Repeats for invalid experiments - EBO\2022-EBO-ARABINOSE R4\plaque 1/@03 EE2 51/F3_03.tif | D85: 1109.4415 | E85: 65.1765 | G85: 72309
A86: =IFERROR(LEFT(RIGHT(C86,LEN(C86)-SEARCH("@",C86)),SEARCH("/",RIGHT(C86,LEN(C86)-SEARCH("@",C86)-1))),"") -> 03 EE2 51 | B86: =LEFT(RIGHT(RIGHT(Tableau4[[#This Row],[file name]],LEN(Tableau4[[#This Row],[file name]])-SEARCH("@",Tableau4[[#This Row],[file name]])),LEN(RIGHT(Tableau4[[#This Row],[file name]],LEN(Tableau4[[#This Row],[file name]])-SEARCH("@",Tableau4[[#This Row],[file name]])))-SEARCH("/",RIGHT(Tableau4[[#This Row],[file name]],LEN(Tableau4[[#This Row],[file name]])-SEARCH("@",Tableau4[[#This Row],[file name]])))),1) -> G | C86: \\192.168.24.208\images\R&D\2-Test oestrogénique\OECD and AOPs\REACTIV oecd interlaboratory validation\WF data\Repeats for invalid experiments - EBO\2022-EBO-ARABINOSE R4\plaque 1/@03 EE2 51/G3_01.tif | D86: 326.3063 | E86: 64.3333 | G86: 20992
A87: =IFERROR(LEFT(RIGHT(C87,LEN(C87)-SEARCH("@",C87)),SEARCH("/",RIGHT(C87,LEN(C87)-SEARCH("@",C87)-1))),"") -> 03 EE2 51 | B87: =LEFT(RIGHT(RIGHT(Tableau4[[#This Row],[file name]],LEN(Tableau4[[#This Row],[file name]])-SEARCH("@",Tableau4[[#This Row],[file name]])),LEN(RIGHT(Tableau4[[#This Row],[file name]],LEN(Tableau4[[#This Row],[file name]])-SEARCH("@",Tableau4[[#This Row],[file name]])))-SEARCH("/",RIGHT(Tableau4[[#This Row],[file name]],LEN(Tableau4[[#This Row],[file name]])-SEARCH("@",Tableau4[[#This Row],[file name]])))),1) -> G | C87: \\192.168.24.208\images\R&D\2-Test oestrogénique\OECD and AOPs\REACTIV oecd interlaboratory validation\WF data\Repeats for invalid experiments - EBO\2022-EBO-ARABINOSE R4\plaque 1/@03 EE2 51/G3_02- exclu.tif
A88: =IFERROR(LEFT(RIGHT(C88,LEN(C88)-SEARCH("@",C88)),SEARCH("/",RIGHT(C88,LEN(C88)-SEARCH("@",C88)-1))),"") -> 03 EE2 51 | B88: =LEFT(RIGHT(RIGHT(Tableau4[[#This Row],[file name]],LEN(Tableau4[[#This Row],[file name]])-SEARCH("@",Tableau4[[#This Row],[file name]])),LEN(RIGHT(Tableau4[[#This Row],[file name]],LEN(Tableau4[[#This Row],[file name]])-SEARCH("@",Tableau4[[#This Row],[file name]])))-SEARCH("/",RIGHT(Tableau4[[#This Row],[file name]],LEN(Tableau4[[#This Row],[file name]])-SEARCH("@",Tableau4[[#This Row],[file name]])))),1) -> G | C88: \\192.168.24.208\images\R&D\2-Test oestrogénique\OECD and AOPs\REACTIV oecd interlaboratory validation\WF data\Repeats for invalid experiments - EBO\2022-EBO-ARABINOSE R4\plaque 1/@03 EE2 51/G3_03.tif | D88: 217.5376 | E88: 62.3 | G88: 13553
A89: =IFERROR(LEFT(RIGHT(C89,LEN(C89)-SEARCH("@",C89)),SEARCH("/",RIGHT(C89,LEN(C89)-SEARCH("@",C89)-1))),"") -> 03 EE2 51 | B89: =LEFT(RIGHT(RIGHT(Tableau4[[#This Row],[file name]],LEN(Tableau4[[#This Row],[file name]])-SEARCH("@",Tableau4[[#This Row],[file name]])),LEN(RIGHT(Tableau4[[#This Row],[file name]],LEN(Tableau4[[#This Row],[file name]])-SEARCH("@",Tableau4[[#This Row],[file name]])))-SEARCH("/",RIGHT(Tableau4[[#This Row],[file name]],LEN(Tableau4[[#This Row],[file name]])-SEARCH("@",Tableau4[[#This Row],[file name]])))),1) -> H | C89: \\192.168.24.208\images\R&D\2-Test oestrogénique\OECD and AOPs\REACTIV oecd interlaboratory validation\WF data\Repeats for invalid experiments - EBO\2022-EBO-ARABINOSE R4\plaque 1/@03 EE2 51/H3_01- exclu.tif
A90: =IFERROR(LEFT(RIGHT(C90,LEN(C90)-SEARCH("@",C90)),SEARCH("/",RIGHT(C90,LEN(C90)-SEARCH("@",C90)-1))),"") -> 03 EE2 51 | B90: =LEFT(RIGHT(RIGHT(Tableau4[[#This Row],[file name]],LEN(Tableau4[[#This Row],[file name]])-SEARCH("@",Tableau4[[#This Row],[file name]])),LEN(RIGHT(Tableau4[[#This Row],[file name]],LEN(Tableau4[[#This Row],[file name]])-SEARCH("@",Tableau4[[#This Row],[file name]])))-SEARCH("/",RIGHT(Tableau4[[#This Row],[file name]],LEN(Tableau4[[#This Row],[file name]])-SEARCH("@",Tableau4[[#This Row],[file name]])))),1) -> H | C90: \\192.168.24.208\images\R&D\2-Test oestrogénique\OECD and AOPs\REACTIV oecd interlaboratory validation\WF data\Repeats for invalid experiments - EBO\2022-EBO-ARABINOSE R4\plaque 1/@03 EE2 51/H3_02- exclu.tif
A91: =IFERROR(LEFT(RIGHT(C91,LEN(C91)-SEARCH("@",C91)),SEARCH("/",RIGHT(C91,LEN(C91)-SEARCH("@",C91)-1))),"") -> 03 EE2 51 | B91: =LEFT(RIGHT(RIGHT(Tableau4[[#This Row],[file name]],LEN(Tableau4[[#This Row],[file name]])-SEARCH("@",Tableau4[[#This Row],[file name]])),LEN(RIGHT(Tableau4[[#This Row],[file name]],LEN(Tableau4[[#This Row],[file name]])-SEARCH("@",Tableau4[[#This Row],[file name]])))-SEARCH("/",RIGHT(Tableau4[[#This Row],[file name]],LEN(Tableau4[[#This Row],[file name]])-SEARCH("@",Tableau4[[#This Row],[file name]])))),1) -> H | C91: \\192.168.24.208\images\R&D\2-Test oestrogénique\OECD and AOPs\REACTIV oecd interlaboratory validation\WF data\Repeats for invalid experiments - EBO\2022-EBO-ARABINOSE R4\plaque 1/@03 EE2 51/H3_03- exclu.tif
A92: =IFERROR(LEFT(RIGHT(C92,LEN(C92)-SEARCH("@",C92)),SEARCH("/",RIGHT(C92,LEN(C92)-SEARCH("@",C92)-1))),"") | B92: =LEFT(RIGHT(RIGHT(Tableau4[[#This Row],[file name]],LEN(Tableau4[[#This Row],[file name]])-SEARCH("@",Tableau4[[#This Row],[file name]])),LEN(RIGHT(Tableau4[[#This Row],[file name]],LEN(Tableau4[[#This Row],[file name]])-SEARCH("@",Tableau4[[#This Row],[file name]])))-SEARCH("/",RIGHT(Tableau4[[#This Row],[file name]],LEN(Tableau4[[#This Row],[file name]])-SEARCH("@",Tableau4[[#This Row],[file name]])))),1) -> #VALUE!
A93: =IFERROR(LEFT(RIGHT(C93,LEN(C93)-SEARCH("@",C93)),SEARCH("/",RIGHT(C93,LEN(C93)-SEARCH("@",C93)-1))),"") | B93: =LEFT(RIGHT(RIGHT(Tableau4[[#This Row],[file name]],LEN(Tableau4[[#This Row],[file name]])-SEARCH("@",Tableau4[[#This Row],[file name]])),LEN(RIGHT(Tableau4[[#This Row],[file name]],LEN(Tableau4[[#This Row],[file name]])-SEARCH("@",Tableau4[[#This Row],[file name]])))-SEARCH("/",RIGHT(Tableau4[[#This Row],[file name]],LEN(Tableau4[[#This Row],[file name]])-SEARCH("@",Tableau4[[#This Row],[file name]])))),1) -> #VALUE! | C93: group | E93: mean of mean fluo | F93: SD mean fluo | G93: mean of total fluo | H93: SD total fluo | I93: n fluorescent | J93: n total
A94: =IFERROR(LEFT(RIGHT(C94,LEN(C94)-SEARCH("@",C94)),SEARCH("/",RIGHT(C94,LEN(C94)-SEARCH("@",C94)-1))),"") -> 03 EE2 51 | B94: =LEFT(RIGHT(RIGHT(Tableau4[[#This Row],[file name]],LEN(Tableau4[[#This Row],[file name]])-SEARCH("@",Tableau4[[#This Row],[file name]])),LEN(RIGHT(Tableau4[[#This Row],[file name]],LEN(Tableau4[[#This Row],[file name]])-SEARCH("@",Tableau4[[#This Row],[file name]])))-SEARCH("/",RIGHT(Tableau4[[#This Row],[file name]],LEN(Tableau4[[#This Row],[file name]])-SEARCH("@",Tableau4[[#This Row],[file name]])))),1) | C94: \\192.168.24.208\images\R&D\2-Test oestrogénique\OECD and AOPs\REACTIV oecd interlaboratory validation\WF data\Repeats for invalid experiments - EBO\2022-EBO-ARABINOSE R4\plaque 1/@03 EE2 51/ | E94: 65.3027 | F94: 3.2724 | G94: 164191.042 | H94: 198494.908 | I94: 24 | J94: 24
A95: =IFERROR(LEFT(RIGHT(C95,LEN(C95)-SEARCH("@",C95)),SEARCH("/",RIGHT(C95,LEN(C95)-SEARCH("@",C95)-1))),"") | B95: =LEFT(RIGHT(RIGHT(Tableau4[[#This Row],[file name]],LEN(Tableau4[[#This Row],[file name]])-SEARCH("@",Tableau4[[#This Row],[file name]])),LEN(RIGHT(Tableau4[[#This Row],[file name]],LEN(Tableau4[[#This Row],[file name]])-SEARCH("@",Tableau4[[#This Row],[file name]])))-SEARCH("/",RIGHT(Tableau4[[#This Row],[file name]],LEN(Tableau4[[#This Row],[file name]])-SEARCH("@",Tableau4[[#This Row],[file name]])))),1) -> #VALUE!
A96: =IFERROR(LEFT(RIGHT(C96,LEN(C96)-SEARCH("@",C96)),SEARCH("/",RIGHT(C96,LEN(C96)-SEARCH("@",C96)-1))),"") | B96: =LEFT(RIGHT(RIGHT(Tableau4[[#This Row],[file name]],LEN(Tableau4[[#This Row],[file name]])-SEARCH("@",Tableau4[[#This Row],[file name]])),LEN(RIGHT(Tableau4[[#This Row],[file name]],LEN(Tableau4[[#This Row],[file name]])-SEARCH("@",Tableau4[[#This Row],[file name]])))-SEARCH("/",RIGHT(Tableau4[[#This Row],[file name]],LEN(Tableau4[[#This Row],[file name]])-SEARCH("@",Tableau4[[#This Row],[file name]])))),1) -> #VALUE!
A97: =IFERROR(LEFT(RIGHT(C97,LEN(C97)-SEARCH("@",C97)),SEARCH("/",RIGHT(C97,LEN(C97)-SEARCH("@",C97)-1))),"") | B97: =LEFT(RIGHT(RIGHT(Tableau4[[#This Row],[file name]],LEN(Tableau4[[#This Row],[file name]])-SEARCH("@",Tableau4[[#This Row],[file name]])),LEN(RIGHT(Tableau4[[#This Row],[file name]],LEN(Tableau4[[#This Row],[file name]])-SEARCH("@",Tableau4[[#This Row],[file name]])))-SEARCH("/",RIGHT(Tableau4[[#This Row],[file name]],LEN(Tableau4[[#This Row],[file name]])-SEARCH("@",Tableau4[[#This Row],[file name]])))),1) -> #VALUE!
A98: =IFERROR(LEFT(RIGHT(C98,LEN(C98)-SEARCH("@",C98)),SEARCH("/",RIGHT(C98,LEN(C98)-SEARCH("@",C98)-1))),"") | B98: =LEFT(RIGHT(RIGHT(Tableau4[[#This Row],[file name]],LEN(Tableau4[[#This Row],[file name]])-SEARCH("@",Tableau4[[#This Row],[file name]])),LEN(RIGHT(Tableau4[[#This Row],[file name]],LEN(Tableau4[[#This Row],[file name]])-SEARCH("@",Tableau4[[#This Row],[file name]])))-SEARCH("/",RIGHT(Tableau4[[#This Row],[file name]],LEN(Tableau4[[#This Row],[file name]])-SEARCH("@",Tableau4[[#This Row],[file name]])))),1) -> #VALUE!
A99: =IFERROR(LEFT(RIGHT(C99,LEN(C99)-SEARCH("@",C99)),SEARCH("/",RIGHT(C99,LEN(C99)-SEARCH("@",C99)-1))),"") | B99: =LEFT(RIGHT(RIGHT(Tableau4[[#This Row],[file name]],LEN(Tableau4[[#This Row],[file name]])-SEARCH("@",Tableau4[[#This Row],[file name]])),LEN(RIGHT(Tableau4[[#This Row],[file name]],LEN(Tableau4[[#This Row],[file name]])-SEARCH("@",Tableau4[[#This Row],[file name]])))-SEARCH("/",RIGHT(Tableau4[[#This Row],[file name]],LEN(Tableau4[[#This Row],[file name]])-SEARCH("@",Tableau4[[#This Row],[file name]])))),1) -> #VALUE!
A100: =IFERROR(LEFT(RIGHT(C100,LEN(C100)-SEARCH("@",C100)),SEARCH("/",RIGHT(C100,LEN(C100)-SEARCH("@",C100)-1))),"") | B100: =LEFT(RIGHT(RIGHT(Tableau4[[#This Row],[file name]],LEN(Tableau4[[#This Row],[file name]])-SEARCH("@",Tableau4[[#This Row],[file name]])),LEN(RIGHT(Tableau4[[#This Row],[file name]],LEN(Tableau4[[#This Row],[file name]])-SEARCH("@",Tableau4[[#This Row],[file name]])))-SEARCH("/",RIGHT(Tableau4[[#This Row],[file name]],LEN(Tableau4[[#This Row],[file name]])-SEARCH("@",Tableau4[[#This Row],[file name]])))),1) -> #VALUE! | C100: file name | D100: total area | E100: mean intensity | G100: total fluorescence
...

Sheet R1
A1: 3. Expérimentateur 1 : copier et coller les valeurs des intensités totales de fluorescences obtenues dans le fichier raw data lors du traitement des images.
A3: R1 | B3: Non dopé | O3: avec testo
A4: Noms des groupes | B4: ='Page de garde'!A7 -> Témoin solvant | C4: ='Page de garde'!A9 -> EE2-33.8ng/L | D4: ='Page de garde'!A10 -> EE2-50.6ng/L | E4: ='Page de garde'!A11 -> EE2-76ng/L | F4: ='Page de garde'!A12 -> EE2-114ng/L | G4: ='Page de garde'!A13 -> EE2-170.9ng/L | H4: ='Page de garde'!A14 -> EE2-488ng/L | I4: ='Page de garde'!A15 -> Arabinose-0.01mg/L | J4: ='Page de garde'!A16 -> Arabinose-0.1mg/L | K4: ='Page de garde'!A17 -> Arabinose-1mg/L | L4: ='Page de garde'!A18 -> Arabinose-10mg/L | M4: ='Page de garde'!A19 -> Arabinose-100mg/L | O4: ='Page de garde'!A36 -> Testo -30µg/L | P4: ='Page de garde'!A37 -> Testo 30µg/L + EE2 -64ng/L | Q4: ='Page de garde'!A38 -> Testo 30µg/L + FAD-10µg/L | R4: ='Page de garde'!A39 -> Arabinose-0.01mg/L + Testostérone | S4: ='Page de garde'!A40 -> Arabinose-0.1mg/L + Testostérone | T4: ='Page de garde'!A41 -> Arabinose-1mg/L + Testostérone | U4: ='Page de garde'!A42 -> Arabinose-10mg/L + Testostérone | V4: ='Page de garde'!A43 -> Arabinose-100mg/L + Testostérone
A5: Données brutes | B5: 13661.333 | C5: 18440.333 | D5: 20535.5 | F5: 909024.33 | G5: 1665191.7 | I5: 13755.667 | J5: 18675.5 | K5: 97261 | L5: 14582.333 | M5: 129130.33 | O5: 3066750.3 | P5: 4221483 | Q5: 63782 | R5: 955613.67 | S5: 1551804.3 | T5: 2392594 | U5: 2430909.7 | V5: 1534589.7
B6: 38562.333 | C6: 641823 | D6: 48641.5 | E6: 95020.5 | F6: 288629 | G6: 2163063 | H6: 7890659.7 | I6: 18084.667 | J6: 31760.5 | K6: 17381.333 | M6: 66348.667 | O6: 1708235 | P6: 5468220 | Q6: 128267.33 | R6: 2972549.3 | S6: 2715528.3 | T6: 2228672.3 | U6: 1147663 | V6: 1359609.7
B7: 19738 | C7: 16039.667 | D7: 112336.33 | E7: 110110 | F7: 958369 | G7: 2674798 | H7: 6349058.3 | I7: 17156.333 | J7: 222889 | K7: 117956 | L7: 182760.67 | M7: 146802 | Q7: 92703.5 | R7: 3929707 | S7: 3475843.7 | T7: 826766 | U7: 2392449.3 | V7: 2190320.3
B8: 66980 | D8: 270268.67 | E8: 129674.33 | F8: 3738404.7 | G8: 2429720.5 | H8: 5811754.7 | I8: 68774.5 | J8: 49431.667 | K8: 25502.667 | L8: 434140 | M8: 279231 | O8: 2630261 | P8: 5785933 | Q8: 17388.667 | R8: 2988030.7 | S8: 61077.333 | T8: 193445 | U8: 76443 | V8: 2035375.7
B9: 15315 | C9: 38815.667 | D9: 181078 | E9: 13284.333 | F9: 378218 | G9: 1476391 | H9: 4770540.3 | I9: 62955.333 | J9: 52535.333 | K9: 107213 | L9: 81772 | M9: 22319.5 | O9: 722805 | P9: 5361691.5 | Q9: 18469 | R9: 51165 | S9: 1668371.5 | T9: 139014 | U9: 131001 | V9: 3212790
B10: 97805 | C10: 13596 | D10: 58031.667 | E10: 149056.67 | F10: 844263.33 | G10: 4128920.7 | H10: 6414696.7 | I10: 70888.333 | J10: 54413.667 | K10: 100654.67 | L10: 46872 | M10: 212969.33 | O10: 1621851.3 | P10: 4713168.7 | Q10: 40897 | R10: 709379 | T10: 1273812.5 | U10: 1725500.3 | V10: 926264
B11: 24828.333 | C11: 26423.667 | D11: 17272.5 | E11: 156496.33 | F11: 234143 | G11: 2408880.3 | H11: 3195749.7 | I11: 278339.33 | J11: 452315 | K11: 96470.333 | L11: 45911.5 | O11: 2054946.3 | P11: 6739059.7 | Q11: 80967.5 | R11: 20960 | S11: 718461.33 | T11: 1414668.5 | U11: 1486963.3 | V11: 112387.33
B12: 54551 | C12: 11333.667 | E12: 128586.67 | F12: 1812421.3 | G12: 1650798 | H12: 5537578 | I12: 49729 | J12: 45792 | K12: 20571.667 | L12: 184645.67 | M12: 167047 | O12: 1524024.3 | P12: 4751984.7 | Q12: 302921 | R12: 509893.67 | S12: 2403608.7 | T12: 856782.5 | U12: 244055 | V12: 15634
O13: 180610.5
O14: 2857972
O15: 3857789.3
O16: 1958316.3
O17: 2014934.7
O18: 548564.33
O19: 379465.33
O20: 2613293
A22: =A4 -> Noms des groupes | B22: =B4 -> Témoin solvant | C22: =C4 -> EE2-33.8ng/L | D22: =D4 -> EE2-50.6ng/L | E22: =E4 -> EE2-76ng/L | F22: =F4 -> EE2-114ng/L | G22: =G4 -> EE2-170.9ng/L | H22: =H4 -> EE2-488ng/L | ... M22: =M4 -> Arabinose-100mg/L | N22: Nom des groupes | O22: =O4 -> Testo -30µg/L | P22: =P4 -> Testo 30µg/L + EE2 -64ng/L | Q22: =Q4 -> Testo 30µg/L + FAD-10µg/L | R22: =R4 -> Arabinose-0.01mg/L + Testostérone | S22: =S4 -> Arabinose-0.1mg/L + Testostérone | T22: =T4 -> Arabinose-1mg/L + Testostérone | U22: =U4 -> Arabinose-10mg/L + Testostérone | V22: =V4 -> Arabinose-100mg/L + Testostérone
A23: mean | B23: =AVERAGE(B5:B20) -> 41430.125 | C23: =AVERAGE(C5:C20) -> 109496 | D23: =AVERAGE(D5:D20) -> 101166.31 | E23: =AVERAGE(E5:E20) -> 111746.98 | F23: =AVERAGE(F5:F20) -> 1145434.1 | G23: =AVERAGE(G5:G20) -> 2324720.4 | H23: =AVERAGE(H5:H20) -> 5710005.3 | I23: =AVERAGE(I5:I20) -> 72460.396 | ... M23: =AVERAGE(M5:M20) -> 146263.98 | N23: mean | O23: =AVERAGE(O5:O20) -> 1849321.3 | P23: =AVERAGE(P5:P20) -> 5291648.6 | Q23: =AVERAGE(Q5:Q20) -> 93174.5 | R23: =AVERAGE(R5:R20) -> 1517162.3 | S23: =AVERAGE(S5:S20) -> 1799242.2 | T23: =AVERAGE(T5:T20) -> 1165719.4 | U23: =AVERAGE(U5:U20) -> 1204373.1 | V23: =AVERAGE(V5:V20) -> 1423371.3
A24: SD | B24: =STDEV(B5:B20) -> 29786.328 | C24: =STDEV(C5:C20) -> 234920.78 | D24: =STDEV(D5:D20) -> 94220.669 | E24: =STDEV(E5:E20) -> 48264.601 | F24: =STDEV(F5:F20) -> 1165157.4 | G24: =STDEV(G5:G20) -> 847748.81 | H24: =STDEV(H5:H20) -> 1466537.4 | I24: =STDEV(I5:I20) -> 86578.421 | ... M24: =STDEV(M5:M20) -> 86220.946 | N24: SD | O24: =STDEV(O5:O20) -> 1065434.5 | P24: =STDEV(P5:P20) -> 831317.22 | Q24: =STDEV(Q5:Q20) -> 92809.786 | R24: =STDEV(R5:R20) -> 1534004.4 | S24: =STDEV(S5:S20) -> 1174981.5 | T24: =STDEV(T5:T20) -> 838239.9 | U24: =STDEV(U5:U20) -> 972267.51 | V24: =STDEV(V5:V20) -> 1077612
B26: Non dopé | O26: avec testo
A27: Noms des groupes | B27: =B4 -> Témoin solvant | C27: =C4 -> EE2-33.8ng/L | D27: =D4 -> EE2-50.6ng/L | E27: =E4 -> EE2-76ng/L | F27: =F4 -> EE2-114ng/L | G27: =G4 -> EE2-170.9ng/L | H27: =H4 -> EE2-488ng/L | I27: =I4 -> Arabinose-0.01mg/L | ... M27: =M4 -> Arabinose-100mg/L | O27: =O4 -> Testo -30µg/L | P27: =P4 -> Testo 30µg/L + EE2 -64ng/L | Q27: =Q4 -> Testo 30µg/L + FAD-10µg/L | R27: =R4 -> Arabinose-0.01mg/L + Testostérone | S27: =S4 -> Arabinose-0.1mg/L + Testostérone | T27: =T4 -> Arabinose-1mg/L + Testostérone | U27: =U4 -> Arabinose-10mg/L + Testostérone | V27: =V4 -> Arabinose-100mg/L + Testostérone
A28: Données normalisées sur la moyenne du groupe "Testo" | B28: =IF(B5="","",(B5/$O$23)) -> 0.0073872148 | C28: =IF(C5="","",(C5/$O$23)) -> 0.0099714061 | D28: =IF(D5="","",(D5/$O$23)) -> 0.011104344 | E28: =IF(E5="","",(E5/$O$23)) | F28: =IF(F5="","",(F5/$O$23)) -> 0.49154485 | G28: =IF(G5="","",(G5/$O$23)) -> 0.90043396 | H28: =IF(H5="","",(H5/$O$23)) | I28: =IF(I5="","",(I5/$O$23)) -> 0.0074382245 | ... M28: =IF(M5="","",(M5/$O$23)) -> 0.069825798 | O28: =IF(O5="","",(O5/$O$23)) -> 1.6583113 | P28: =IF(P5="","",(P5/$O$23)) -> 2.2827202 | Q28: =IF(Q5="","",(Q5/$O$23)) -> 0.034489411 | R28: =IF(R5="","",(R5/$O$23)) -> 0.51673751 | S28: =IF(S5="","",(S5/$O$23)) -> 0.83912102 | T28: =IF(T5="","",(T5/$O$23)) -> 1.2937687 | U28: =IF(U5="","",(U5/$O$23)) -> 1.3144875 | V28: =IF(V5="","",(V5/$O$23)) -> 0.82981238
B29: =IF(B6="","",(B6/$O$23)) -> 0.020852155 | C29: =IF(C6="","",(C6/$O$23)) -> 0.34705868 | D29: =IF(D6="","",(D6/$O$23)) -> 0.026302353 | E29: =IF(E6="","",(E6/$O$23)) -> 0.051381284 | F29: =IF(F6="","",(F6/$O$23)) -> 0.15607294 | G29: =IF(G6="","",(G6/$O$23)) -> 1.1696524 | H29: =IF(H6="","",(H6/$O$23)) -> 4.2667869 | I29: =IF(I6="","",(I6/$O$23)) -> 0.0097790833 | ... M29: =IF(M6="","",(M6/$O$23)) -> 0.035877307 | O29: =IF(O6="","",(O6/$O$23)) -> 0.92370917 | P29: =IF(P6="","",(P6/$O$23)) -> 2.9568794 | Q29: =IF(Q6="","",(Q6/$O$23)) -> 0.069359141 | R29: =IF(R6="","",(R6/$O$23)) -> 1.6073732 | S29: =IF(S6="","",(S6/$O$23)) -> 1.4683919 | T29: =IF(T6="","",(T6/$O$23)) -> 1.2051299 | U29: =IF(U6="","",(U6/$O$23)) -> 0.62058606 | V29: =IF(V6="","",(V6/$O$23)) -> 0.73519388
B30: =IF(B7="","",(B7/$O$23)) -> 0.010673105 | C30: =IF(C7="","",(C7/$O$23)) -> 0.0086732722 | D30: =IF(D7="","",(D7/$O$23)) -> 0.060744629 | E30: =IF(E7="","",(E7/$O$23)) -> 0.059540764 | F30: =IF(F7="","",(F7/$O$23)) -> 0.51822743 | G30: =IF(G7="","",(G7/$O$23)) -> 1.4463674 | H30: =IF(H7="","",(H7/$O$23)) -> 3.433183 | I30: =IF(I7="","",(I7/$O$23)) -> 0.0092770974 | ... M30: =IF(M7="","",(M7/$O$23)) -> 0.079381557 | O30: =IF(O7="","",(O7/$O$23)) | P30: =IF(P7="","",(P7/$O$23)) | Q30: =IF(Q7="","",(Q7/$O$23)) -> 0.050128392 | R30: =IF(R7="","",(R7/$O$23)) -> 2.1249456 | S30: =IF(S7="","",(S7/$O$23)) -> 1.879524 | T30: =IF(T7="","",(T7/$O$23)) -> 0.44706456 | U30: =IF(U7="","",(U7/$O$23)) -> 1.2936905 | V30: =IF(V7="","",(V7/$O$23)) -> 1.1843915
B31: =IF(B8="","",(B8/$O$23)) -> 0.036218694 | C31: =IF(C8="","",(C8/$O$23)) | D31: =IF(D8="","",(D8/$O$23)) -> 0.14614479 | E31: =IF(E8="","",(E8/$O$23)) -> 0.07011996 | F31: =IF(F8="","",(F8/$O$23)) -> 2.0215009 | G31: =IF(G8="","",(G8/$O$23)) -> 1.3138445 | H31: =IF(H8="","",(H8/$O$23)) -> 3.142642 | I31: =IF(I8="","",(I8/$O$23)) -> 0.03718905 | ... M31: =IF(M8="","",(M8/$O$23)) -> 0.15099107 | O31: =IF(O8="","",(O8/$O$23)) -> 1.4222845 | P31: =IF(P8="","",(P8/$O$23)) -> 3.1286792 | Q31: =IF(Q8="","",(Q8/$O$23)) -> 0.009402729 | R31: =IF(R8="","",(R8/$O$23)) -> 1.6157445 | S31: =IF(S8="","",(S8/$O$23)) -> 0.033026892 | T31: =IF(T8="","",(T8/$O$23)) -> 0.10460324 | U31: =IF(U8="","",(U8/$O$23)) -> 0.041335706 | V31: =IF(V8="","",(V8/$O$23)) -> 1.1006069
B32: =IF(B9="","",(B9/$O$23)) -> 0.0082814167 | C32: =IF(C9="","",(C9/$O$23)) -> 0.020989142 | D32: =IF(D9="","",(D9/$O$23)) -> 0.097915924 | E32: =IF(E9="","",(E9/$O$23)) -> 0.0071833562 | F32: =IF(F9="","",(F9/$O$23)) -> 0.2045172 | G32: =IF(G9="","",(G9/$O$23)) -> 0.79834209 | H32: =IF(H9="","",(H9/$O$23)) -> 2.5796169 | I32: =IF(I9="","",(I9/$O$23)) -> 0.0340424 | ... M32: =IF(M9="","",(M9/$O$23)) -> 0.012069023 | O32: =IF(O9="","",(O9/$O$23)) -> 0.3908488 | P32: =IF(P9="","",(P9/$O$23)) -> 2.8992753 | Q32: =IF(Q9="","",(Q9/$O$23)) -> 0.0099869073 | R32: =IF(R9="","",(R9/$O$23)) -> 0.027666907 | S32: =IF(S9="","",(S9/$O$23)) -> 0.90215342 | T32: =IF(T9="","",(T9/$O$23)) -> 0.075170282 | U32: =IF(U9="","",(U9/$O$23)) -> 0.070837341 | V32: =IF(V9="","",(V9/$O$23)) -> 1.7372806
B33: =IF(B10="","",(B10/$O$23)) -> 0.052886971 | C33: =IF(C10="","",(C10/$O$23)) -> 0.0073518865 | D33: =IF(D10="","",(D10/$O$23)) -> 0.031379981 | E33: =IF(E10="","",(E10/$O$23)) -> 0.080600743 | F33: =IF(F10="","",(F10/$O$23)) -> 0.45652605 | G33: =IF(G10="","",(G10/$O$23)) -> 2.2326682 | H33: =IF(H10="","",(H10/$O$23)) -> 3.4686762 | I33: =IF(I10="","",(I10/$O$23)) -> 0.038332082 | ... M33: =IF(M10="","",(M10/$O$23)) -> 0.11516081 | O33: =IF(O10="","",(O10/$O$23)) -> 0.87699816 | P33: =IF(P10="","",(P10/$O$23)) -> 2.5485938 | Q33: =IF(Q10="","",(Q10/$O$23)) -> 0.0221146 | R33: =IF(R10="","",(R10/$O$23)) -> 0.38358884 | S33: =IF(S10="","",(S10/$O$23)) | T33: =IF(T10="","",(T10/$O$23)) -> 0.68880001 | U33: =IF(U10="","",(U10/$O$23)) -> 0.93304521 | V33: =IF(V10="","",(V10/$O$23)) -> 0.50086701
B34: =IF(B11="","",(B11/$O$23)) -> 0.013425646 | C34: =IF(C11="","",(C11/$O$23)) -> 0.014288305 | D34: =IF(D11="","",(D11/$O$23)) -> 0.0093399132 | E34: =IF(E11="","",(E11/$O$23)) -> 0.08462366 | F34: =IF(F11="","",(F11/$O$23)) -> 0.12661024 | G34: =IF(G11="","",(G11/$O$23)) -> 1.3025754 | H34: =IF(H11="","",(H11/$O$23)) -> 1.7280663 | I34: =IF(I11="","",(I11/$O$23)) -> 0.15050891 | ... M34: =IF(M11="","",(M11/$O$23)) | O34: =IF(O11="","",(O11/$O$23)) -> 1.1111895 | P34: =IF(P11="","",(P11/$O$23)) -> 3.6440719 | Q34: =IF(Q11="","",(Q11/$O$23)) -> 0.043782279 | R34: =IF(R11="","",(R11/$O$23)) -> 0.011333888 | S34: =IF(S11="","",(S11/$O$23)) -> 0.38850001 | T34: =IF(T11="","",(T11/$O$23)) -> 0.76496633 | U34: =IF(U11="","",(U11/$O$23)) -> 0.80405896 | V34: =IF(V11="","",(V11/$O$23)) -> 0.060772207
B35: =IF(B12="","",(B12/$O$23)) -> 0.029497849 | C35: =IF(C12="","",(C12/$O$23)) -> 0.0061285548 | D35: =IF(D12="","",(D12/$O$23)) | E35: =IF(E12="","",(E12/$O$23)) -> 0.069531817 | F35: =IF(F12="","",(F12/$O$23)) -> 0.98004678 | G35: =IF(G12="","",(G12/$O$23)) -> 0.89265075 | H35: =IF(H12="","",(H12/$O$23)) -> 2.994384 | I35: =IF(I12="","",(I12/$O$23)) -> 0.026890406 | ... M35: =IF(M12="","",(M12/$O$23)) -> 0.090328816 | O35: =IF(O12="","",(O12/$O$23)) -> 0.82409929 | P35: =IF(P12="","",(P12/$O$23)) -> 2.5695831 | Q35: =IF(Q12="","",(Q12/$O$23)) -> 0.16380118 | R35: =IF(R12="","",(R12/$O$23)) -> 0.27571936 | S35: =IF(S12="","",(S12/$O$23)) -> 1.2997248 | T35: =IF(T12="","",(T12/$O$23)) -> 0.46329565 | U35: =IF(U12="","",(U12/$O$23)) -> 0.13197004 | V35: =IF(V12="","",(V12/$O$23)) -> 0.0084539125
B36: =IF(B13="","",(B13/$O$23)) | C36: =IF(C13="","",(C13/$O$23)) | D36: =IF(D13="","",(D13/$O$23)) | E36: =IF(E13="","",(E13/$O$23)) | F36: =IF(F13="","",(F13/$O$23)) | G36: =IF(G13="","",(G13/$O$23)) | H36: =IF(H13="","",(H13/$O$23)) | I36: =IF(I13="","",(I13/$O$23)) | ... M36: =IF(M13="","",(M13/$O$23)) | O36: =IF(O13="","",(O13/$O$23)) -> 0.097663129 | P36: =IF(P13="","",(P13/$O$23)) | Q36: =IF(Q13="","",(Q13/$O$23)) | R36: =IF(R13="","",(R13/$O$23)) | S36: =IF(S13="","",(S13/$O$23)) | T36: =IF(T13="","",(T13/$O$23)) | U36: =IF(U13="","",(U13/$O$23)) | V36: =IF(V13="","",(V13/$O$23))
B37: =IF(B14="","",(B14/$O$23)) | C37: =IF(C14="","",(C14/$O$23)) | D37: =IF(D14="","",(D14/$O$23)) | E37: =IF(E14="","",(E14/$O$23)) | F37: =IF(F14="","",(F14/$O$23)) | G37: =IF(G14="","",(G14/$O$23)) | H37: =IF(H14="","",(H14/$O$23)) | I37: =IF(I14="","",(I14/$O$23)) | ... M37: =IF(M14="","",(M14/$O$23)) | O37: =IF(O14="","",(O14/$O$23)) -> 1.5454167 | P37: =IF(P14="","",(P14/$O$23)) | Q37: =IF(Q14="","",(Q14/$O$23)) | R37: =IF(R14="","",(R14/$O$23)) | S37: =IF(S14="","",(S14/$O$23)) | T37: =IF(T14="","",(T14/$O$23)) | U37: =IF(U14="","",(U14/$O$23)) | V37: =IF(V14="","",(V14/$O$23))
B38: =IF(B15="","",(B15/$O$23)) | C38: =IF(C15="","",(C15/$O$23)) | D38: =IF(D15="","",(D15/$O$23)) | E38: =IF(E15="","",(E15/$O$23)) | F38: =IF(F15="","",(F15/$O$23)) | G38: =IF(G15="","",(G15/$O$23)) | H38: =IF(H15="","",(H15/$O$23)) | I38: =IF(I15="","",(I15/$O$23)) | ... M38: =IF(M15="","",(M15/$O$23)) | O38: =IF(O15="","",(O15/$O$23)) -> 2.0860569 | P38: =IF(P15="","",(P15/$O$23)) | Q38: =IF(Q15="","",(Q15/$O$23)) | R38: =IF(R15="","",(R15/$O$23)) | S38: =IF(S15="","",(S15/$O$23)) | T38: =IF(T15="","",(T15/$O$23)) | U38: =IF(U15="","",(U15/$O$23)) | V38: =IF(V15="","",(V15/$O$23))
B39: =IF(B16="","",(B16/$O$23)) | C39: =IF(C16="","",(C16/$O$23)) | D39: =IF(D16="","",(D16/$O$23)) | E39: =IF(E16="","",(E16/$O$23)) | F39: =IF(F16="","",(F16/$O$23)) | G39: =IF(G16="","",(G16/$O$23)) | H39: =IF(H16="","",(H16/$O$23)) | I39: =IF(I16="","",(I16/$O$23)) | ... M39: =IF(M16="","",(M16/$O$23)) | O39: =IF(O16="","",(O16/$O$23)) -> 1.0589379 | P39: =IF(P16="","",(P16/$O$23)) | Q39: =IF(Q16="","",(Q16/$O$23)) | R39: =IF(R16="","",(R16/$O$23)) | S39: =IF(S16="","",(S16/$O$23)) | T39: =IF(T16="","",(T16/$O$23)) | U39: =IF(U16="","",(U16/$O$23)) | V39: =IF(V16="","",(V16/$O$23))
B40: =IF(B17="","",(B17/$O$23)) | C40: =IF(C17="","",(C17/$O$23)) | D40: =IF(D17="","",(D17/$O$23)) | E40: =IF(E17="","",(E17/$O$23)) | F40: =IF(F17="","",(F17/$O$23)) | G40: =IF(G17="","",(G17/$O$23)) | H40: =IF(H17="","",(H17/$O$23)) | I40: =IF(I17="","",(I17/$O$23)) | ... M40: =IF(M17="","",(M17/$O$23)) | O40: =IF(O17="","",(O17/$O$23)) -> 1.0895536 | P40: =IF(P17="","",(P17/$O$23)) | Q40: =IF(Q17="","",(Q17/$O$23)) | R40: =IF(R17="","",(R17/$O$23)) | S40: =IF(S17="","",(S17/$O$23)) | T40: =IF(T17="","",(T17/$O$23)) | U40: =IF(U17="","",(U17/$O$23)) | V40: =IF(V17="","",(V17/$O$23))
... B43: =IF(B20="","",(B20/$O$23)) | C43: =IF(C20="","",(C20/$O$23)) | D43: =IF(D20="","",(D20/$O$23)) | E43: =IF(E20="","",(E20/$O$23)) | F43: =IF(F20="","",(F20/$O$23)) | G43: =IF(G20="","",(G20/$O$23)) | H43: =IF(H20="","",(H20/$O$23)) | I43: =IF(I20="","",(I20/$O$23)) | ... M43: =IF(M20="","",(M20/$O$23)) | O43: =IF(O20="","",(O20/$O$23)) -> 1.4131093 | P43: =IF(P20="","",(P20/$O$23)) | Q43: =IF(Q20="","",(Q20/$O$23)) | R43: =IF(R20="","",(R20/$O$23)) | S43: =IF(S20="","",(S20/$O$23)) | T43: =IF(T20="","",(T20/$O$23)) | U43: =IF(U20="","",(U20/$O$23)) | V43: =IF(V20="","",(V20/$O$23))
A45: =A4 -> Noms des groupes | B45: =B4 -> Témoin solvant | C45: =C4 -> EE2-33.8ng/L | D45: =D4 -> EE2-50.6ng/L | E45: =E4 -> EE2-76ng/L | F45: =F4 -> EE2-114ng/L | G45: =G4 -> EE2-170.9ng/L | H45: =H4 -> EE2-488ng/L | ... M45: =M4 -> Arabinose-100mg/L | N45: =N22 -> Nom des groupes | O45: =O4 -> Testo -30µg/L | P45: =P4 -> Testo 30µg/L + EE2 -64ng/L | Q45: =Q4 -> Testo 30µg/L + FAD-10µg/L | R45: =R4 -> Arabinose-0.01mg/L + Testostérone | S45: =S4 -> Arabinose-0.1mg/L + Testostérone | T45: =T4 -> Arabinose-1mg/L + Testostérone | U45: =U4 -> Arabinose-10mg/L + Testostérone | V45: =V4 -> Arabinose-100mg/L + Testostérone
A46: mean | B46: =AVERAGE(B28:B43) -> 0.022402882 | C46: =AVERAGE(C28:C43) -> 0.05920875 | D46: =AVERAGE(D28:D43) -> 0.054704562 | E46: =AVERAGE(E28:E43) -> 0.060425941 | F46: =AVERAGE(F28:F43) -> 0.6193808 | G46: =AVERAGE(G28:G43) -> 1.2570668 | H46: =AVERAGE(H28:H43) -> 3.0876222 | I46: =AVERAGE(I28:I43) -> 0.039182157 | ... M46: =AVERAGE(M28:M43) -> 0.079090626 | N46: mean | O46: =AVERAGE(O28:O43) -> 1 | P46: =AVERAGE(P28:P43) -> 2.8614004 | Q46: =AVERAGE(Q28:Q43) -> 0.05038308 | R46: =AVERAGE(R28:R43) -> 0.82038872 | S46: =AVERAGE(S28:S43) -> 0.97292029 | T46: =AVERAGE(T28:T43) -> 0.63034984 | U46: =AVERAGE(U28:U43) -> 0.65125141 | V46: =AVERAGE(V28:V43) -> 0.76967229
A47: SD | B47: =STDEV(B28:B43) -> 0.016106627 | C47: =STDEV(C28:C43) -> 0.12703081 | D47: =STDEV(D28:D43) -> 0.050948784 | E47: =STDEV(E28:E43) -> 0.026098549 | F47: =STDEV(F28:F43) -> 0.63004596 | G47: =STDEV(G28:G43) -> 0.45841078 | H47: =STDEV(H28:H43) -> 0.79301388 | I47: =STDEV(I28:I43) -> 0.046816323 | ... M47: =STDEV(M28:M43) -> 0.046623022 | N47: SD | O47: =STDEV(O28:O43) -> 0.5761219 | P47: =STDEV(P28:P43) -> 0.44952559 | Q47: =STDEV(Q28:Q43) -> 0.050185864 | R47: =STDEV(R28:R43) -> 0.82949592 | S47: =STDEV(S28:S43) -> 0.63535822 | T47: =STDEV(T28:T43) -> 0.45326895 | U47: =STDEV(U28:U43) -> 0.52574289 | V47: =STDEV(V28:V43) -> 0.58270677
A48: SEM | B48: =B47/SQRT(COUNT(B28:B43)) -> 0.0056945527 | C48: =C47/SQRT(COUNT(C28:C43)) -> 0.048013133 | D48: =D47/SQRT(COUNT(D28:D43)) -> 0.01925683 | E48: =E47/SQRT(COUNT(E28:E43)) -> 0.0098643241 | F48: =F47/SQRT(COUNT(F28:F43)) -> 0.22275488 | G48: =G47/SQRT(COUNT(G28:G43)) -> 0.16207269 | H48: =H47/SQRT(COUNT(H28:H43)) -> 0.29973107 | I48: =I47/SQRT(COUNT(I28:I43)) -> 0.01655207 | ... M48: =M47/SQRT(COUNT(M28:M43)) -> 0.017621846 | N48: SEM | O48: =O47/SQRT(COUNT(O28:O43)) -> 0.14875403 | P48: =P47/SQRT(COUNT(P28:P43)) -> 0.1699047 | Q48: =Q47/SQRT(COUNT(Q28:Q43)) -> 0.017743383 | R48: =R47/SQRT(COUNT(R28:R43)) -> 0.2932711 | S48: =S47/SQRT(COUNT(S28:S43)) -> 0.24014283 | T48: =T47/SQRT(COUNT(T28:T43)) -> 0.16025477 | U48: =U47/SQRT(COUNT(U28:U43)) -> 0.18587818 | V48: =V47/SQRT(COUNT(V28:V43)) -> 0.20601795
A50: 4. Expérimentateur 1 : réaliser les tests statistiques avec les données normalisées et renseigner les résultats ainsi que le test statistique utilisé dans le tableau violet.
A52: =A27 -> Noms des groupes | B52: =B27 -> Témoin solvant | C52: =C27 -> EE2-33.8ng/L | D52: =D27 -> EE2-50.6ng/L | E52: =E27 -> EE2-76ng/L | F52: =F27 -> EE2-114ng/L | G52: =G27 -> EE2-170.9ng/L | H52: =H27 -> EE2-488ng/L | I52: =I4 -> Arabinose-0.01mg/L | J52: =J4 -> Arabinose-0.1mg/L | K52: =K27 -> Arabinose-1mg/L | L52: =L27 -> Arabinose-10mg/L | M52: =M27 -> Arabinose-100mg/L | O52: =O27 -> Testo -30µg/L | P52: =P27 -> Testo 30µg/L + EE2 -64ng/L | Q52: =Q27 -> Testo 30µg/L + FAD-10µg/L | R52: =R27 -> Arabinose-0.01mg/L + Testostérone | S52: =S27 -> Arabinose-0.1mg/L + Testostérone | T52: =T27 -> Arabinose-1mg/L + Testostérone | U52: =U27 -> Arabinose-10mg/L + Testostérone | V52: =V27 -> Arabinose-100mg/L + Testostérone
A53: Mean | B53: =B46 -> 0.022402882 | C53: =C46 -> 0.05920875 | D53: =D46 -> 0.054704562 | E53: =E46 -> 0.060425941 | F53: =F46 -> 0.6193808 | G53: =G46 -> 1.2570668 | H53: =H46 -> 3.0876222 | I53: =I46 -> 0.039182157 | ... M53: =M46 -> 0.079090626 | O53: =O46 -> 1 | P53: =P46 -> 2.8614004 | Q53: =Q46 -> 0.05038308 | R53: =R46 -> 0.82038872 | S53: =S46 -> 0.97292029 | T53: =T46 -> 0.63034984 | U53: =U46 -> 0.65125141 | V53: =V46 -> 0.76967229
A54: SEM | B54: =B48 -> 0.0056945527 | C54: =C48 -> 0.048013133 | D54: =D48 -> 0.01925683 | E54: =E48 -> 0.0098643241 | F54: =F48 -> 0.22275488 | G54: =G48 -> 0.16207269 | H54: =H48 -> 0.29973107 | I54: =I48 -> 0.01655207 | ... M54: =M48 -> 0.017621846 | O54: =O48 -> 0.14875403 | P54: =P48 -> 0.1699047 | Q54: =Q48 -> 0.017743383 | R54: =R48 -> 0.2932711 | S54: =S48 -> 0.24014283 | T54: =T48 -> 0.16025477 | U54: =U48 -> 0.18587818 | V54: =V48 -> 0.20601795
A55: % induction | B55: =(B53*100/$B$53)-100 -> 0 | C55: =(C53*100/$B$53)-100 -> 164.29078 | D55: =(D53*100/$B$53)-100 -> 144.18538 | E55: =(E53*100/$B$53)-100 -> 169.72397 | F55: =(F53*100/$B$53)-100 -> 2664.7372 | G55: =(G53*100/$B$53)-100 -> 5511.1836 | H55: =(H53*100/$B$53)-100 -> 13682.255 | I55: =(I53*100/$B$53)-100 -> 74.897845 | ... M55: =(M53*100/$B$53)-100 -> 253.03774 | O55: =(O53*100/$O$53)-100 -> 0 | P55: =(P53*100/$O$53)-100 -> 186.14004 | Q55: =(Q53*100/$O$53)-100 -> -94.961692 | R55: =(R53*100/$O$53)-100 -> -17.961128 | S55: =(S53*100/$O$53)-100 -> -2.7079713 | T55: =(T53*100/$O$53)-100 -> -36.965016 | U55: =(U53*100/$O$53)-100 -> -34.874859 | V55: =(V53*100/$O$53)-100 -> -23.032771
A56: Test de normalité : valeur du p | B56: =[1]!SWTEST(B28:B43) -> #NAME? | C56: =[1]!SWTEST(C28:C43) -> #NAME? | D56: =[1]!SWTEST(D28:D43) -> #NAME? | E56: =[1]!SWTEST(E28:E43) -> #NAME? | F56: =[1]!SWTEST(F28:F43) -> #NAME? | G56: =[1]!SWTEST(G28:G43) -> #NAME? | H56: =[1]!SWTEST(H28:H43) -> #NAME? | I56: =[1]!SWTEST(I28:I43) -> #NAME? | ... M56: =[1]!SWTEST(M28:M43) -> #NAME? | O56: =[1]!SWTEST(O28:O43) -> #NAME? | P56: =[1]!SWTEST(P28:P43) -> #NAME? | Q56: =[1]!SWTEST(Q28:Q43) -> #NAME? | R56: =[1]!SWTEST(R28:R43) -> #NAME? | S56: =[1]!SWTEST(S28:S43) -> #NAME? | T56: =[1]!SWTEST(T28:T43) -> #NAME? | U56: =[1]!SWTEST(U28:U43) -> #NAME? | V56: =[1]!SWTEST(V28:V43) -> #NAME?
A57: Test de normalité : résultat normal? | B57: =IF(B56>0.05,"Oui","Non") -> #NAME? | C57: =IF(C56>0.05,"Oui","Non") -> #NAME? | D57: =IF(D56>0.05,"Oui","Non") -> #NAME? | E57: =IF(E56>0.05,"Oui","Non") -> #NAME? | F57: =IF(F56>0.05,"Oui","Non") -> #NAME? | G57: =IF(G56>0.05,"Oui","Non") -> #NAME? | H57: =IF(H56>0.05,"Oui","Non") -> #NAME? | I57: =IF(I56>0.05,"Oui","Non") -> #NAME? | ... M57: =IF(M56>0.05,"Oui","Non") -> #NAME? | O57: =IF(O56>0.05,"Oui","Non") -> #NAME? | P57: =IF(P56>0.05,"Oui","Non") -> #NAME? | Q57: =IF(Q56>0.05,"Oui","Non") -> #NAME? | R57: =IF(R56>0.05,"Oui","Non") -> #NAME? | S57: =IF(S56>0.05,"Oui","Non") -> #NAME? | T57: =IF(T56>0.05,"Oui","Non") -> #NAME? | U57: =IF(U56>0.05,"Oui","Non") -> #NAME? | V57: =IF(V56>0.05,"Oui","Non") -> #NAME?
A59: Test statistique utilisé | C59: =IF($B57="Non",IF(C$57="Non","Mann Withney",IF(C$57="Oui","Mann Withney","")),IF($B$57="Oui",IF(C$57="Oui","T-Test Welch",IF(C$57="Non","Mann Withney","")))) -> #NAME? | D59: =IF($B57="Non",IF(D$57="Non","Mann Withney",IF(D$57="Oui","Mann Withney","")),IF($B$57="Oui",IF(D$57="Oui","T-Test Welch",IF(D$57="Non","Mann Withney","")))) -> #NAME? | E59: =IF($B57="Non",IF(E$57="Non","Mann Withney",IF(E$57="Oui","Mann Withney","")),IF($B$57="Oui",IF(E$57="Oui","T-Test Welch",IF(E$57="Non","Mann Withney","")))) -> #NAME? | F59: =IF($B57="Non",IF(F$57="Non","Mann Withney",IF(F$57="Oui","Mann Withney","")),IF($B$57="Oui",IF(F$57="Oui","T-Test Welch",IF(F$57="Non","Mann Withney","")))) -> #NAME? | G59: =IF($B57="Non",IF(G$57="Non","Mann Withney",IF(G$57="Oui","Mann Withney","")),IF($B$57="Oui",IF(G$57="Oui","T-Test Welch",IF(G$57="Non","Mann Withney","")))) -> #NAME? | H59: =IF($B57="Non",IF(H$57="Non","Mann Withney",IF(H$57="Oui","Mann Withney","")),IF($B$57="Oui",IF(H$57="Oui","T-Test Welch",IF(H$57="Non","Mann Withney","")))) -> #NAME? | I59: =IF($B57="Non",IF(I$57="Non","Mann Withney",IF(I$57="Oui","Mann Withney","")),IF($B$57="Oui",IF(I$57="Oui","T-Test Welch",IF(I$57="Non","Mann Withney","")))) -> #NAME? | J59: =IF($B57="Non",IF(J$57="Non","Mann Withney",IF(J$57="Oui","Mann Withney","")),IF($B$57="Oui",IF(J$57="Oui","T-Test Welch",IF(J$57="Non","Mann Withney","")))) -> #NAME? | ... M59: =IF($B57="Non",IF(M$57="Non","Mann Withney",IF(M$57="Oui","Mann Withney","")),IF($B$57="Oui",IF(M$57="Oui","T-Test Welch",IF(M$57="Non","Mann Withney","")))) -> #NAME? | O59: =IF($B57="Non",IF(O$57="Non","Mann Withney",IF(O$57="Oui","Mann Withney","")),IF($B$57="Oui",IF(O$57="Oui","T-Test Welch",IF(O$57="Non","Mann Withney","")))) -> #NAME? | P59: =IF($O57="Non",IF(P$57="Non","Mann Withney",IF(P$57="Oui","Mann Withney","")),IF($O$57="Oui",IF(P$57="Oui","T-Test Welch",IF(P$57="Non","Mann Withney","")))) -> #NAME? | Q59: =IF($O57="Non",IF(Q$57="Non","Mann Withney",IF(Q$57="Oui","Mann Withney","")),IF($O$57="Oui",IF(Q$57="Oui","T-Test Welch",IF(Q$57="Non","Mann Withney","")))) -> #NAME? | R59: =IF($O57="Non",IF(R$57="Non","Mann Withney",IF(R$57="Oui","Mann Withney","")),IF($O$57="Oui",IF(R$57="Oui","T-Test Welch",IF(R$57="Non","Mann Withney","")))) -> #NAME? | S59: =IF($O57="Non",IF(S$57="Non","Mann Withney",IF(S$57="Oui","Mann Withney","")),IF($O$57="Oui",IF(S$57="Oui","T-Test Welch",IF(S$57="Non","Mann Withney","")))) -> #NAME? | T59: =IF($O57="Non",IF(T$57="Non","Mann Withney",IF(T$57="Oui","Mann Withney","")),IF($O$57="Oui",IF(T$57="Oui","T-Test Welch",IF(T$57="Non","Mann Withney","")))) -> #NAME? | U59: =IF($O57="Non",IF(U$57="Non","Mann Withney",IF(U$57="Oui","Mann Withney","")),IF($O$57="Oui",IF(U$57="Oui","T-Test Welch",IF(U$57="Non","Mann Withney","")))) -> #NAME? | V59: =IF($O57="Non",IF(V$57="Non","Mann Withney",IF(V$57="Oui","Mann Withney","")),IF($O$57="Oui",IF(V$57="Oui","T-Test Welch",IF(V$57="Non","Mann Withney","")))) -> #NAME?
A60: Test statistique : valeur du p | C60: =IF(C59="Mann Withney",[1]!MTEST($B28:$B43,C28:C43,2), IF(C59="T-Test Welch",_xlfn.T.TEST($B28:$B43,C28:C43,2,3),"")) -> #NAME? | D60: =IF(D59="Mann Withney",[1]!MTEST($B28:$B43,D28:D43,2), IF(D59="T-Test Welch",_xlfn.T.TEST($B28:$B43,D28:D43,2,3),"")) -> #NAME? | E60: =IF(E59="Mann Withney",[1]!MTEST($B28:$B43,E28:E43,2), IF(E59="T-Test Welch",_xlfn.T.TEST($B28:$B43,E28:E43,2,3),"")) -> #NAME? | F60: =IF(F59="Mann Withney",[1]!MTEST($B28:$B43,F28:F43,2), IF(F59="T-Test Welch",_xlfn.T.TEST($B28:$B43,F28:F43,2,3),"")) -> #NAME? | G60: =IF(G59="Mann Withney",[1]!MTEST($B28:$B43,G28:G43,2), IF(G59="T-Test Welch",_xlfn.T.TEST($B28:$B43,G28:G43,2,3),"")) -> #NAME? | H60: =IF(H59="Mann Withney",[1]!MTEST($B28:$B43,H28:H43,2), IF(H59="T-Test Welch",_xlfn.T.TEST($B28:$B43,H28:H43,2,3),"")) -> #NAME? | I60: =IF(I59="Mann Withney",[1]!MTEST($B28:$B43,I28:I43,2), IF(I59="T-Test Welch",_xlfn.T.TEST($B28:$B43,I28:I43,2,3),"")) -> #NAME? | J60: =IF(J59="Mann Withney",[1]!MTEST($B28:$B43,J28:J43,2), IF(J59="T-Test Welch",_xlfn.T.TEST($B28:$B43,J28:J43,2,3),"")) -> #NAME? | ... M60: =IF(M59="Mann Withney",[1]!MTEST($B28:$B43,M28:M43,2), IF(M59="T-Test Welch",_xlfn.T.TEST($B28:$B43,M28:M43,2,3),"")) -> #NAME? | O60: =IF(O59="Mann Withney",[1]!MTEST($B28:$B43,O28:O43,2), IF(O59="T-Test Welch",_xlfn.T.TEST($B28:$B43,O28:O43,2,3),"")) -> #NAME? | P60: =IF(P59="Mann Withney",[1]!MTEST($O28:$O43,P28:P43,2), IF(P59="T-Test Welch",_xlfn.T.TEST($O28:$O43,P28:P43,2,3),"")) -> #NAME? | Q60: =IF(Q59="Mann Withney",[1]!MTEST($O28:$O43,Q28:Q43,2), IF(Q59="T-Test Welch",_xlfn.T.TEST($O28:$O43,Q28:Q43,2,3),"")) -> #NAME? | R60: =IF(R59="Mann Withney",[1]!MTEST($O28:$O43,R28:R43,2), IF(R59="T-Test Welch",_xlfn.T.TEST($O28:$O43,R28:R43,2,3),"")) -> #NAME? | S60: =IF(S59="Mann Withney",[1]!MTEST($O28:$O43,S28:S43,2), IF(S59="T-Test Welch",_xlfn.T.TEST($O28:$O43,S28:S43,2,3),"")) -> #NAME? | T60: =IF(T59="Mann Withney",[1]!MTEST($O28:$O43,T28:T43,2), IF(T59="T-Test Welch",_xlfn.T.TEST($O28:$O43,T28:T43,2,3),"")) -> #NAME? | U60: =IF(U59="Mann Withney",[1]!MTEST($O28:$O43,U28:U43,2), IF(U59="T-Test Welch",_xlfn.T.TEST($O28:$O43,U28:U43,2,3),"")) -> #NAME? | V60: =IF(V59="Mann Withney",[1]!MTEST($O28:$O43,V28:V43,2), IF(V59="T-Test Welch",_xlfn.T.TEST($O28:$O43,V28:V43,2,3),"")) -> #NAME?
A61: Annotation | C61: =IF(C60>0.05,"NS",IF(C60>0.01,"*",IF(C60>0.001,"**","***"))) -> #NAME? | D61: =IF(D60>0.05,"NS",IF(D60>0.01,"*",IF(D60>0.001,"**","***"))) -> #NAME? | E61: =IF(E60>0.05,"NS",IF(E60>0.01,"*",IF(E60>0.001,"**","***"))) -> #NAME? | F61: =IF(F60>0.05,"NS",IF(F60>0.01,"*",IF(F60>0.001,"**","***"))) -> #NAME? | G61: =IF(G60>0.05,"NS",IF(G60>0.01,"*",IF(G60>0.001,"**","***"))) -> #NAME? | H61: =IF(H60>0.05,"NS",IF(H60>0.01,"*",IF(H60>0.001,"**","***"))) -> #NAME? | I61: =IF(I60>0.05,"NS",IF(I60>0.01,"*",IF(I60>0.001,"**","***"))) -> #NAME? | J61: =IF(J60>0.05,"NS",IF(J60>0.01,"*",IF(J60>0.001,"**","***"))) -> #NAME? | ... M61: =IF(M60>0.05,"NS",IF(M60>0.01,"*",IF(M60>0.001,"**","***"))) -> #NAME? | O61: =IF(O60>0.05,"NS",IF(O60>0.01,"*",IF(O60>0.001,"**","***"))) -> #NAME? | P61: =IF(P60>0.05,"NS",IF(P60>0.01,"*",IF(P60>0.001,"**","***"))) -> #NAME? | Q61: =IF(Q60>0.05,"NS",IF(Q60>0.01,"*",IF(Q60>0.001,"**","***"))) -> #NAME? | R61: =IF(R60>0.05,"NS",IF(R60>0.01,"*",IF(R60>0.001,"**","***"))) -> #NAME? | S61: =IF(S60>0.05,"NS",IF(S60>0.01,"*",IF(S60>0.001,"**","***"))) -> #NAME? | T61: =IF(T60>0.05,"NS",IF(T60>0.01,"*",IF(T60>0.001,"**","***"))) -> #NAME? | U61: =IF(U60>0.05,"NS",IF(U60>0.01,"*",IF(U60>0.001,"**","***"))) -> #NAME? | V61: =IF(V60>0.05,"NS",IF(V60>0.01,"*",IF(V60>0.001,"**","***"))) -> #NAME?
A63: Eléments pour la mise en forme conditionnelles des résutats - calcul équivalent hormonal (eqH)
A64: LOD | B64: =B46+(3*B47) -> 0.070722764
A65: LOQ | B65: =B46+(10*B47) -> 0.18346916
A67: 5. Expérimentateur 1 : remplissage du suivi qualité (SQ) et transmission à l'expérimenteur 2.

Sheet Raw data R2
A1: Nom groupe | B1: N° de valeur | C1: file name | D1: total area | E1: mean intensity | G1: total fluorescence | I1: nbre de larves | J1: Colonne1 | L1: (Tous)
A2: =IFERROR(LEFT(RIGHT(C2,LEN(C2)-SEARCH("@",C2)),SEARCH("/",RIGHT(C2,LEN(C2)-SEARCH("@",C2)-1))),"") -> 01 Evian + 0.2% DMSO | B2: =LEFT(RIGHT(RIGHT(Tableau46[[#This Row],[file name]],LEN(Tableau46[[#This Row],[file name]])-SEARCH("@",Tableau46[[#This Row],[file name]])),LEN(RIGHT(Tableau46[[#This Row],[file name]],LEN(Tableau46[[#This Row],[file name]])-SEARCH("@",Tableau46[[#This Row],[file name]])))-SEARCH("/",RIGHT(Tableau46[[#This Row],[file name]],LEN(Tableau46[[#This Row],[file name]])-SEARCH("@",Tableau46[[#This Row],[file name]])))),1) -> A | C2: F:\images\20210420\plaque 1/@01 Evian + 0.2% DMSO/A1_01.tif | D2: 10663.5381 | E2: 77.3489 | G2: 824813 | K2: Filtre lignes : Enlever (vide) et Néant | L2: Filtre colonnes : Enlever (vide) et " "
A3: =IFERROR(LEFT(RIGHT(C3,LEN(C3)-SEARCH("@",C3)),SEARCH("/",RIGHT(C3,LEN(C3)-SEARCH("@",C3)-1))),"") -> 01 Evian + 0.2% DMSO | B3: =LEFT(RIGHT(RIGHT(Tableau46[[#This Row],[file name]],LEN(Tableau46[[#This Row],[file name]])-SEARCH("@",Tableau46[[#This Row],[file name]])),LEN(RIGHT(Tableau46[[#This Row],[file name]],LEN(Tableau46[[#This Row],[file name]])-SEARCH("@",Tableau46[[#This Row],[file name]])))-SEARCH("/",RIGHT(Tableau46[[#This Row],[file name]],LEN(Tableau46[[#This Row],[file name]])-SEARCH("@",Tableau46[[#This Row],[file name]])))),1) -> A | C3: F:\images\20210420\plaque 1/@01 Evian + 0.2% DMSO/A1_02.tif | D3: 2054.84 | E3: 65.3368 | G3: 134257 | K3: Moyenne de total fluorescence | L3: Étiquettes de colonnes
A4: =IFERROR(LEFT(RIGHT(C4,LEN(C4)-SEARCH("@",C4)),SEARCH("/",RIGHT(C4,LEN(C4)-SEARCH("@",C4)-1))),"") -> 01 Evian + 0.2% DMSO | B4: =LEFT(RIGHT(RIGHT(Tableau46[[#This Row],[file name]],LEN(Tableau46[[#This Row],[file name]])-SEARCH("@",Tableau46[[#This Row],[file name]])),LEN(RIGHT(Tableau46[[#This Row],[file name]],LEN(Tableau46[[#This Row],[file name]])-SEARCH("@",Tableau46[[#This Row],[file name]])))-SEARCH("/",RIGHT(Tableau46[[#This Row],[file name]],LEN(Tableau46[[#This Row],[file name]])-SEARCH("@",Tableau46[[#This Row],[file name]])))),1) -> A | C4: F:\images\20210420\plaque 1/@01 Evian + 0.2% DMSO/A1_03.tif | D4: 3568.9326 | E4: 65.4545 | G4: 233603 | K4: Étiquettes de lignes | L4: 01 Evian + 0.2% DMSO | M4: 02 EE2 33.8 | N4: 03 EE2 50.6 | O4: 04 EE2 76 | P4: 05 EE2 114 | Q4: 06 EE2 170.9 | R4: 07 EE2 488 | S4: 08 Arabinose 0.01mg_L | T4: 09 Arabinose 0.1mg_L | U4: 10 Arabinose 1mg_L | V4: 11 Arabinose 10mg_L | W4: 12 Arabinose 100mg_L | X4: 01 Testo 30 | Y4: 02 Testo 30 | Z4: 03 Testo+ EE2 64 | AA4: 04 Testo+ FAD | AB4: 05 Arabinose 0.01mg_L Dopé | AC4: 06 Dutastéride 0.1mg_L Dopé | AD4: 07 Arabinose 1mg_L Dopé | AE4: 08 Arabinose 10mg_L Dopé | AF4: 09 Arabinose 100 mg_L Dopé
A5: =IFERROR(LEFT(RIGHT(C5,LEN(C5)-SEARCH("@",C5)),SEARCH("/",RIGHT(C5,LEN(C5)-SEARCH("@",C5)-1))),"") -> 01 Evian + 0.2% DMSO | B5: =LEFT(RIGHT(RIGHT(Tableau46[[#This Row],[file name]],LEN(Tableau46[[#This Row],[file name]])-SEARCH("@",Tableau46[[#This Row],[file name]])),LEN(RIGHT(Tableau46[[#This Row],[file name]],LEN(Tableau46[[#This Row],[file name]])-SEARCH("@",Tableau46[[#This Row],[file name]])))-SEARCH("/",RIGHT(Tableau46[[#This Row],[file name]],LEN(Tableau46[[#This Row],[file name]])-SEARCH("@",Tableau46[[#This Row],[file name]])))),1) -> B | C5: F:\images\20210420\plaque 1/@01 Evian + 0.2% DMSO/B1_01.tif | D5: 8716.8475 | E5: 71.3375 | G5: 621838 | K5: A | L5: 397557.67 | M5: 467595 | N5: 391522.67 | O5: 361017.33 | P5: 1386007.7 | Q5: 5394308 | R5: 7071461.3 | S5: 188165.67 | T5: 635364 | U5: 232542.67 | V5: 234562 | W5: 563278.67 | X5: 3159284 | Y5: 578354.33 | Z5: 4646382.3 | AA5: 564864.67 | AB5: 3052727.7 | AC5: 1833039.7 | AD5: 2678956 | AE5: 3954954.3 | AF5: 2888225.3
A6: =IFERROR(LEFT(RIGHT(C6,LEN(C6)-SEARCH("@",C6)),SEARCH("/",RIGHT(C6,LEN(C6)-SEARCH("@",C6)-1))),"") -> 01 Evian + 0.2% DMSO | B6: =LEFT(RIGHT(RIGHT(Tableau46[[#This Row],[file name]],LEN(Tableau46[[#This Row],[file name]])-SEARCH("@",Tableau46[[#This Row],[file name]])),LEN(RIGHT(Tableau46[[#This Row],[file name]],LEN(Tableau46[[#This Row],[file name]])-SEARCH("@",Tableau46[[#This Row],[file name]])))-SEARCH("/",RIGHT(Tableau46[[#This Row],[file name]],LEN(Tableau46[[#This Row],[file name]])-SEARCH("@",Tableau46[[#This Row],[file name]])))),1) -> B | C6: F:\images\20210420\plaque 1/@01 Evian + 0.2% DMSO/B1_02.tif | D6: 497.4876 | E6: 62.6522 | G6: 31169 | K6: B | L6: 223574 | M6: 322862 | N6: 420983 | O6: 263409 | P6: 1387665.7 | Q6: 285803 | R6: 5408057.3 | S6: 194568 | T6: 347131 | U6: 124862.33 | V6: 9271.6667 | W6: 497531 | X6: 1188065 | Y6: 985191.33 | Z6: 558750.67 | AA6: 519117.33 | AB6: 2917959.3 | AC6: 1827336.7 | AD6: 2541339.7 | AE6: 1398834.3 | AF6: 2431632.7
A7: =IFERROR(LEFT(RIGHT(C7,LEN(C7)-SEARCH("@",C7)),SEARCH("/",RIGHT(C7,LEN(C7)-SEARCH("@",C7)-1))),"") -> 01 Evian + 0.2% DMSO | B7: =LEFT(RIGHT(RIGHT(Tableau46[[#This Row],[file name]],LEN(Tableau46[[#This Row],[file name]])-SEARCH("@",Tableau46[[#This Row],[file name]])),LEN(RIGHT(Tableau46[[#This Row],[file name]],LEN(Tableau46[[#This Row],[file name]])-SEARCH("@",Tableau46[[#This Row],[file name]])))-SEARCH("/",RIGHT(Tableau46[[#This Row],[file name]],LEN(Tableau46[[#This Row],[file name]])-SEARCH("@",Tableau46[[#This Row],[file name]])))),1) -> B | C7: F:\images\20210420\plaque 1/@01 Evian + 0.2% DMSO/B1_03.tif | D7: 281.1886 | E7: 63 | G7: 17715 | K7: C | L7: 103340.33 | M7: 124033 | N7: 72416.667 | O7: 83686.333 | P7: 1126268.7 | Q7: 2564974 | R7: 5385202.3 | S7: 87471.333 | T7: 117695.33 | U7: 1222492.7 | V7: 180371.67 | W7: 114645.67 | Y7: 3794280 | Z7: 2293223.3 | AA7: 163219 | AB7: 1392143.3 | AC7: 467321.33 | AD7: 3745634.3 | AE7: 222824 | AF7: 3191310.7
A8: =IFERROR(LEFT(RIGHT(C8,LEN(C8)-SEARCH("@",C8)),SEARCH("/",RIGHT(C8,LEN(C8)-SEARCH("@",C8)-1))),"") -> 01 Evian + 0.2% DMSO | B8: =LEFT(RIGHT(RIGHT(Tableau46[[#This Row],[file name]],LEN(Tableau46[[#This Row],[file name]])-SEARCH("@",Tableau46[[#This Row],[file name]])),LEN(RIGHT(Tableau46[[#This Row],[file name]],LEN(Tableau46[[#This Row],[file name]])-SEARCH("@",Tableau46[[#This Row],[file name]])))-SEARCH("/",RIGHT(Tableau46[[#This Row],[file name]],LEN(Tableau46[[#This Row],[file name]])-SEARCH("@",Tableau46[[#This Row],[file name]])))),1) -> C | C8: F:\images\20210420\plaque 1/@01 Evian + 0.2% DMSO/C1_01.tif | D8: 3244.4842 | E8: 65.5867 | G8: 212795 | K8: D | L8: 42517 | M8: 304470 | N8: 320713.67 | O8: 352747.67 | P8: 1252962 | Q8: 3276381 | R8: 5425736.7 | S8: 60556.333 | T8: 724709.67 | U8: 177213.67 | V8: 100788.33 | W8: 285774.33 | X8: 1520444.7 | Z8: 4915069.3 | AA8: 55942.333 | AB8: 1948997.7 | AC8: 1079418.5 | AD8: 4017918.7 | AE8: 2826652.3 | AF8: 1496897
A9: =IFERROR(LEFT(RIGHT(C9,LEN(C9)-SEARCH("@",C9)),SEARCH("/",RIGHT(C9,LEN(C9)-SEARCH("@",C9)-1))),"") -> 01 Evian + 0.2% DMSO | B9: =LEFT(RIGHT(RIGHT(Tableau46[[#This Row],[file name]],LEN(Tableau46[[#This Row],[file name]])-SEARCH("@",Tableau46[[#This Row],[file name]])),LEN(RIGHT(Tableau46[[#This Row],[file name]],LEN(Tableau46[[#This Row],[file name]])-SEARCH("@",Tableau46[[#This Row],[file name]])))-SEARCH("/",RIGHT(Tableau46[[#This Row],[file name]],LEN(Tableau46[[#This Row],[file name]])-SEARCH("@",Tableau46[[#This Row],[file name]])))),1) -> C | C9: F:\images\20210420\plaque 1/@01 Evian + 0.2% DMSO/C1_02.tif | D9: 324.4484 | E9: 63 | G9: 20440 | K9: E | L9: 174870.67 | M9: 17855 | N9: 197683 | O9: 334733.5 | P9: 1024889.3 | Q9: 2371220.7 | R9: 6310010 | S9: 133593.33 | T9: 282969.33 | U9: 999899.33 | V9: 341146.67 | W9: 98848.667 | X9: 1193797.3 | Y9: 2083377 | Z9: 3614665.3 | AA9: 490869 | AB9: 1802743.3 | AC9: 1229335 | AD9: 1121056 | AE9: 2800718 | AF9: 613965
A10: =IFERROR(LEFT(RIGHT(C10,LEN(C10)-SEARCH("@",C10)),SEARCH("/",RIGHT(C10,LEN(C10)-SEARCH("@",C10)-1))),"") -> 01 Evian + 0.2% DMSO | B10: =LEFT(RIGHT(RIGHT(Tableau46[[#This Row],[file name]],LEN(Tableau46[[#This Row],[file name]])-SEARCH("@",Tableau46[[#This Row],[file name]])),LEN(RIGHT(Tableau46[[#This Row],[file name]],LEN(Tableau46[[#This Row],[file name]])-SEARCH("@",Tableau46[[#This Row],[file name]])))-SEARCH("/",RIGHT(Tableau46[[#This Row],[file name]],LEN(Tableau46[[#This Row],[file name]])-SEARCH("@",Tableau46[[#This Row],[file name]])))),1) -> C | C10: F:\images\20210420\plaque 1/@01 Evian + 0.2% DMSO/C1_03.tif | D10: 1211.2741 | E10: 63.3929 | G10: 76786 | K10: F | L10: 18695.333 | M10: 768063.33 | N10: 79634.333 | O10: 408458.67 | P10: 50693.333 | Q10: 3463090.3 | R10: 6732456 | S10: 165137 | T10: 214597 | U10: 307555.33 | V10: 132187.33 | W10: 308860.33 | X10: 1633129.3 | Y10: 1351356.7 | Z10: 3346130 | AA10: 453499.67 | AB10: 4203229.3 | AC10: 1133723.7 | AD10: 2555716 | AE10: 2925681.3 | AF10: 2037197
A11: =IFERROR(LEFT(RIGHT(C11,LEN(C11)-SEARCH("@",C11)),SEARCH("/",RIGHT(C11,LEN(C11)-SEARCH("@",C11)-1))),"") -> 01 Evian + 0.2% DMSO | B11: =LEFT(RIGHT(RIGHT(Tableau46[[#This Row],[file name]],LEN(Tableau46[[#This Row],[file name]])-SEARCH("@",Tableau46[[#This Row],[file name]])),LEN(RIGHT(Tableau46[[#This Row],[file name]],LEN(Tableau46[[#This Row],[file name]])-SEARCH("@",Tableau46[[#This Row],[file name]])))-SEARCH("/",RIGHT(Tableau46[[#This Row],[file name]],LEN(Tableau46[[#This Row],[file name]])-SEARCH("@",Tableau46[[#This Row],[file name]])))),1) -> D | C11: F:\images\20210420\plaque 1/@01 Evian + 0.2% DMSO/D1_01.tif | D11: 281.1886 | E11: 63.1538 | G11: 17758 | K11: G | L11: 78473.333 | M11: 368732 | N11: 233516.33 | O11: 153298.33 | P11: 1364760 | Q11: 2073809.3 | R11: 2846321.5 | S11: 292285 | T11: 288132 | U11: 26179.333 | V11: 1092951.3 | W11: 22574.333 | X11: 1429541.3 | Y11: 3889761.7 | Z11: 4327579.3 | AA11: 224071.33 | AB11: 2279704.3 | AC11: 2635639 | AD11: 3720190.3 | AE11: 2694032.3 | AF11: 2732785.7
A12: =IFERROR(LEFT(RIGHT(C12,LEN(C12)-SEARCH("@",C12)),SEARCH("/",RIGHT(C12,LEN(C12)-SEARCH("@",C12)-1))),"") -> 01 Evian + 0.2% DMSO | B12: =LEFT(RIGHT(RIGHT(Tableau46[[#This Row],[file name]],LEN(Tableau46[[#This Row],[file name]])-SEARCH("@",Tableau46[[#This Row],[file name]])),LEN(RIGHT(Tableau46[[#This Row],[file name]],LEN(Tableau46[[#This Row],[file name]])-SEARCH("@",Tableau46[[#This Row],[file name]])))-SEARCH("/",RIGHT(Tableau46[[#This Row],[file name]],LEN(Tableau46[[#This Row],[file name]])-SEARCH("@",Tableau46[[#This Row],[file name]])))),1) -> D | C12: F:\images\20210420\plaque 1/@01 Evian + 0.2% DMSO/D1_02.tif | D12: 1427.573 | E12: 65.2424 | G12: 93138 | K12: H | L12: 37917.333 | M12: 7578 | N12: 133124.67 | O12: 604678 | P12: 1421495 | Q12: 2132080.3 | R12: 1256415.7 | S12: 12112.667 | T12: 184892 | U12: 102929.67 | V12: 481405.5 | W12: 52741 | X12: 3315646.3 | Y12: 2658343.3 | Z12: 170587.67 | AA12: 113636.33 | AB12: 2559580.7 | AC12: 344924.67 | AD12: 625861.33 | AE12: 2175989.3 | AF12: 2257137
A13: =IFERROR(LEFT(RIGHT(C13,LEN(C13)-SEARCH("@",C13)),SEARCH("/",RIGHT(C13,LEN(C13)-SEARCH("@",C13)-1))),"") -> 01 Evian + 0.2% DMSO | B13: =LEFT(RIGHT(RIGHT(Tableau46[[#This Row],[file name]],LEN(Tableau46[[#This Row],[file name]])-SEARCH("@",Tableau46[[#This Row],[file name]])),LEN(RIGHT(Tableau46[[#This Row],[file name]],LEN(Tableau46[[#This Row],[file name]])-SEARCH("@",Tableau46[[#This Row],[file name]])))-SEARCH("/",RIGHT(Tableau46[[#This Row],[file name]],LEN(Tableau46[[#This Row],[file name]])-SEARCH("@",Tableau46[[#This Row],[file name]])))),1) -> D | C13: F:\images\20210420\plaque 1/@01 Evian + 0.2% DMSO/D1_03.tif | D13: 259.5587 | E13: 64.1667 | G13: 16655
A14: =IFERROR(LEFT(RIGHT(C14,LEN(C14)-SEARCH("@",C14)),SEARCH("/",RIGHT(C14,LEN(C14)-SEARCH("@",C14)-1))),"") -> 01 Evian + 0.2% DMSO | B14: =LEFT(RIGHT(RIGHT(Tableau46[[#This Row],[file name]],LEN(Tableau46[[#This Row],[file name]])-SEARCH("@",Tableau46[[#This Row],[file name]])),LEN(RIGHT(Tableau46[[#This Row],[file name]],LEN(Tableau46[[#This Row],[file name]])-SEARCH("@",Tableau46[[#This Row],[file name]])))-SEARCH("/",RIGHT(Tableau46[[#This Row],[file name]],LEN(Tableau46[[#This Row],[file name]])-SEARCH("@",Tableau46[[#This Row],[file name]])))),1) -> E | C14: F:\images\20210420\plaque 1/@01 Evian + 0.2% DMSO/E1_01.tif | D14: 2465.808 | E14: 65.1579 | G14: 160667
A15: =IFERROR(LEFT(RIGHT(C15,LEN(C15)-SEARCH("@",C15)),SEARCH("/",RIGHT(C15,LEN(C15)-SEARCH("@",C15)-1))),"") -> 01 Evian + 0.2% DMSO | B15: =LEFT(RIGHT(RIGHT(Tableau46[[#This Row],[file name]],LEN(Tableau46[[#This Row],[file name]])-SEARCH("@",Tableau46[[#This Row],[file name]])),LEN(RIGHT(Tableau46[[#This Row],[file name]],LEN(Tableau46[[#This Row],[file name]])-SEARCH("@",Tableau46[[#This Row],[file name]])))-SEARCH("/",RIGHT(Tableau46[[#This Row],[file name]],LEN(Tableau46[[#This Row],[file name]])-SEARCH("@",Tableau46[[#This Row],[file name]])))),1) -> E | C15: F:\images\20210420\plaque 1/@01 Evian + 0.2% DMSO/E1_02.tif | D15: 1449.2029 | E15: 63.1194 | G15: 91473
A16: =IFERROR(LEFT(RIGHT(C16,LEN(C16)-SEARCH("@",C16)),SEARCH("/",RIGHT(C16,LEN(C16)-SEARCH("@",C16)-1))),"") -> 01 Evian + 0.2% DMSO | B16: =LEFT(RIGHT(RIGHT(Tableau46[[#This Row],[file name]],LEN(Tableau46[[#This Row],[file name]])-SEARCH("@",Tableau46[[#This Row],[file name]])),LEN(RIGHT(Tableau46[[#This Row],[file name]],LEN(Tableau46[[#This Row],[file name]])-SEARCH("@",Tableau46[[#This Row],[file name]])))-SEARCH("/",RIGHT(Tableau46[[#This Row],[file name]],LEN(Tableau46[[#This Row],[file name]])-SEARCH("@",Tableau46[[#This Row],[file name]])))),1) -> E | C16: F:\images\20210420\plaque 1/@01 Evian + 0.2% DMSO/E1_03.tif | D16: 4152.9398 | E16: 65.6094 | G16: 272472
A17: =IFERROR(LEFT(RIGHT(C17,LEN(C17)-SEARCH("@",C17)),SEARCH("/",RIGHT(C17,LEN(C17)-SEARCH("@",C17)-1))),"") -> 01 Evian + 0.2% DMSO | B17: =LEFT(RIGHT(RIGHT(Tableau46[[#This Row],[file name]],LEN(Tableau46[[#This Row],[file name]])-SEARCH("@",Tableau46[[#This Row],[file name]])),LEN(RIGHT(Tableau46[[#This Row],[file name]],LEN(Tableau46[[#This Row],[file name]])-SEARCH("@",Tableau46[[#This Row],[file name]])))-SEARCH("/",RIGHT(Tableau46[[#This Row],[file name]],LEN(Tableau46[[#This Row],[file name]])-SEARCH("@",Tableau46[[#This Row],[file name]])))),1) -> F | C17: F:\images\20210420\plaque 1/@01 Evian + 0.2% DMSO/F1_01.tif | D17: 346.0783 | E17: 63.25 | G17: 21889
A18: =IFERROR(LEFT(RIGHT(C18,LEN(C18)-SEARCH("@",C18)),SEARCH("/",RIGHT(C18,LEN(C18)-SEARCH("@",C18)-1))),"") -> 01 Evian + 0.2% DMSO | B18: =LEFT(RIGHT(RIGHT(Tableau46[[#This Row],[file name]],LEN(Tableau46[[#This Row],[file name]])-SEARCH("@",Tableau46[[#This Row],[file name]])),LEN(RIGHT(Tableau46[[#This Row],[file name]],LEN(Tableau46[[#This Row],[file name]])-SEARCH("@",Tableau46[[#This Row],[file name]])))-SEARCH("/",RIGHT(Tableau46[[#This Row],[file name]],LEN(Tableau46[[#This Row],[file name]])-SEARCH("@",Tableau46[[#This Row],[file name]])))),1) -> F | C18: F:\images\20210420\plaque 1/@01 Evian + 0.2% DMSO/F1_02.tif | D18: 389.3381 | E18: 62.9444 | G18: 24507
A19: =IFERROR(LEFT(RIGHT(C19,LEN(C19)-SEARCH("@",C19)),SEARCH("/",RIGHT(C19,LEN(C19)-SEARCH("@",C19)-1))),"") -> 01 Evian + 0.2% DMSO | B19: =LEFT(RIGHT(RIGHT(Tableau46[[#This Row],[file name]],LEN(Tableau46[[#This Row],[file name]])-SEARCH("@",Tableau46[[#This Row],[file name]])),LEN(RIGHT(Tableau46[[#This Row],[file name]],LEN(Tableau46[[#This Row],[file name]])-SEARCH("@",Tableau46[[#This Row],[file name]])))-SEARCH("/",RIGHT(Tableau46[[#This Row],[file name]],LEN(Tableau46[[#This Row],[file name]])-SEARCH("@",Tableau46[[#This Row],[file name]])))),1) -> F | C19: F:\images\20210420\plaque 1/@01 Evian + 0.2% DMSO/F1_03.tif | D19: 151.4093 | E19: 64 | G19: 9690
A20: =IFERROR(LEFT(RIGHT(C20,LEN(C20)-SEARCH("@",C20)),SEARCH("/",RIGHT(C20,LEN(C20)-SEARCH("@",C20)-1))),"") -> 01 Evian + 0.2% DMSO | B20: =LEFT(RIGHT(RIGHT(Tableau46[[#This Row],[file name]],LEN(Tableau46[[#This Row],[file name]])-SEARCH("@",Tableau46[[#This Row],[file name]])),LEN(RIGHT(Tableau46[[#This Row],[file name]],LEN(Tableau46[[#This Row],[file name]])-SEARCH("@",Tableau46[[#This Row],[file name]])))-SEARCH("/",RIGHT(Tableau46[[#This Row],[file name]],LEN(Tableau46[[#This Row],[file name]])-SEARCH("@",Tableau46[[#This Row],[file name]])))),1) -> G | C20: F:\images\20210420\plaque 1/@01 Evian + 0.2% DMSO/G1_01.tif | D20: 2336.0286 | E20: 63.8241 | G20: 149095
A21: =IFERROR(LEFT(RIGHT(C21,LEN(C21)-SEARCH("@",C21)),SEARCH("/",RIGHT(C21,LEN(C21)-SEARCH("@",C21)-1))),"") -> 01 Evian + 0.2% DMSO | B21: =LEFT(RIGHT(RIGHT(Tableau46[[#This Row],[file name]],LEN(Tableau46[[#This Row],[file name]])-SEARCH("@",Tableau46[[#This Row],[file name]])),LEN(RIGHT(Tableau46[[#This Row],[file name]],LEN(Tableau46[[#This Row],[file name]])-SEARCH("@",Tableau46[[#This Row],[file name]])))-SEARCH("/",RIGHT(Tableau46[[#This Row],[file name]],LEN(Tableau46[[#This Row],[file name]])-SEARCH("@",Tableau46[[#This Row],[file name]])))),1) -> G | C21: F:\images\20210420\plaque 1/@01 Evian + 0.2% DMSO/G1_02.tif | D21: 865.1958 | E21: 63.5 | G21: 54940
A22: =IFERROR(LEFT(RIGHT(C22,LEN(C22)-SEARCH("@",C22)),SEARCH("/",RIGHT(C22,LEN(C22)-SEARCH("@",C22)-1))),"") -> 01 Evian + 0.2% DMSO | B22: =LEFT(RIGHT(RIGHT(Tableau46[[#This Row],[file name]],LEN(Tableau46[[#This Row],[file name]])-SEARCH("@",Tableau46[[#This Row],[file name]])),LEN(RIGHT(Tableau46[[#This Row],[file name]],LEN(Tableau46[[#This Row],[file name]])-SEARCH("@",Tableau46[[#This Row],[file name]])))-SEARCH("/",RIGHT(Tableau46[[#This Row],[file name]],LEN(Tableau46[[#This Row],[file name]])-SEARCH("@",Tableau46[[#This Row],[file name]])))),1) -> G | C22: F:\images\20210420\plaque 1/@01 Evian + 0.2% DMSO/G1_03.tif | D22: 497.4876 | E22: 63.087 | G22: 31385
A23: =IFERROR(LEFT(RIGHT(C23,LEN(C23)-SEARCH("@",C23)),SEARCH("/",RIGHT(C23,LEN(C23)-SEARCH("@",C23)-1))),"") -> 01 Evian + 0.2% DMSO | B23: =LEFT(RIGHT(RIGHT(Tableau46[[#This Row],[file name]],LEN(Tableau46[[#This Row],[file name]])-SEARCH("@",Tableau46[[#This Row],[file name]])),LEN(RIGHT(Tableau46[[#This Row],[file name]],LEN(Tableau46[[#This Row],[file name]])-SEARCH("@",Tableau46[[#This Row],[file name]])))-SEARCH("/",RIGHT(Tableau46[[#This Row],[file name]],LEN(Tableau46[[#This Row],[file name]])-SEARCH("@",Tableau46[[#This Row],[file name]])))),1) -> H | C23: F:\images\20210420\plaque 1/@01 Evian + 0.2% DMSO/H1_01.tif | D23: 108.1495 | E23: 64.2 | G23: 6943
A24: =IFERROR(LEFT(RIGHT(C24,LEN(C24)-SEARCH("@",C24)),SEARCH("/",RIGHT(C24,LEN(C24)-SEARCH("@",C24)-1))),"") -> 01 Evian + 0.2% DMSO | B24: =LEFT(RIGHT(RIGHT(Tableau46[[#This Row],[file name]],LEN(Tableau46[[#This Row],[file name]])-SEARCH("@",Tableau46[[#This Row],[file name]])),LEN(RIGHT(Tableau46[[#This Row],[file name]],LEN(Tableau46[[#This Row],[file name]])-SEARCH("@",Tableau46[[#This Row],[file name]])))-SEARCH("/",RIGHT(Tableau46[[#This Row],[file name]],LEN(Tableau46[[#This Row],[file name]])-SEARCH("@",Tableau46[[#This Row],[file name]])))),1) -> H | C24: F:\images\20210420\plaque 1/@01 Evian + 0.2% DMSO/H1_02.tif | D24: 1535.7225 | E24: 63.3662 | G24: 97313
A25: =IFERROR(LEFT(RIGHT(C25,LEN(C25)-SEARCH("@",C25)),SEARCH("/",RIGHT(C25,LEN(C25)-SEARCH("@",C25)-1))),"") -> 01 Evian + 0.2% DMSO | B25: =LEFT(RIGHT(RIGHT(Tableau46[[#This Row],[file name]],LEN(Tableau46[[#This Row],[file name]])-SEARCH("@",Tableau46[[#This Row],[file name]])),LEN(RIGHT(Tableau46[[#This Row],[file name]],LEN(Tableau46[[#This Row],[file name]])-SEARCH("@",Tableau46[[#This Row],[file name]])))-SEARCH("/",RIGHT(Tableau46[[#This Row],[file name]],LEN(Tableau46[[#This Row],[file name]])-SEARCH("@",Tableau46[[#This Row],[file name]])))),1) -> H | C25: F:\images\20210420\plaque 1/@01 Evian + 0.2% DMSO/H1_03.tif | D25: 151.4093 | E25: 62.7143 | G25: 9496
A26: =IFERROR(LEFT(RIGHT(C26,LEN(C26)-SEARCH("@",C26)),SEARCH("/",RIGHT(C26,LEN(C26)-SEARCH("@",C26)-1))),"") | B26: =LEFT(RIGHT(RIGHT(Tableau46[[#This Row],[file name]],LEN(Tableau46[[#This Row],[file name]])-SEARCH("@",Tableau46[[#This Row],[file name]])),LEN(RIGHT(Tableau46[[#This Row],[file name]],LEN(Tableau46[[#This Row],[file name]])-SEARCH("@",Tableau46[[#This Row],[file name]])))-SEARCH("/",RIGHT(Tableau46[[#This Row],[file name]],LEN(Tableau46[[#This Row],[file name]])-SEARCH("@",Tableau46[[#This Row],[file name]])))),1) -> #VALUE!
A27: =IFERROR(LEFT(RIGHT(C27,LEN(C27)-SEARCH("@",C27)),SEARCH("/",RIGHT(C27,LEN(C27)-SEARCH("@",C27)-1))),"") | B27: =LEFT(RIGHT(RIGHT(Tableau46[[#This Row],[file name]],LEN(Tableau46[[#This Row],[file name]])-SEARCH("@",Tableau46[[#This Row],[file name]])),LEN(RIGHT(Tableau46[[#This Row],[file name]],LEN(Tableau46[[#This Row],[file name]])-SEARCH("@",Tableau46[[#This Row],[file name]])))-SEARCH("/",RIGHT(Tableau46[[#This Row],[file name]],LEN(Tableau46[[#This Row],[file name]])-SEARCH("@",Tableau46[[#This Row],[file name]])))),1) -> #VALUE! | C27: group | E27: mean of mean fluo | F27: SD mean fluo | G27: mean of total fluo | H27: SD total fluo | I27: n fluorescent | J27: n total
A28: =IFERROR(LEFT(RIGHT(C28,LEN(C28)-SEARCH("@",C28)),SEARCH("/",RIGHT(C28,LEN(C28)-SEARCH("@",C28)-1))),"") -> 01 Evian + 0.2% DMSO | B28: =LEFT(RIGHT(RIGHT(Tableau46[[#This Row],[file name]],LEN(Tableau46[[#This Row],[file name]])-SEARCH("@",Tableau46[[#This Row],[file name]])),LEN(RIGHT(Tableau46[[#This Row],[file name]],LEN(Tableau46[[#This Row],[file name]])-SEARCH("@",Tableau46[[#This Row],[file name]])))-SEARCH("/",RIGHT(Tableau46[[#This Row],[file name]],LEN(Tableau46[[#This Row],[file name]])-SEARCH("@",Tableau46[[#This Row],[file name]])))),1) | C28: F:\images\20210420\plaque 1/@01 Evian + 0.2% DMSO/ | E28: 64.7685 | F28: 3.2326 | G28: 134618.208 | H28: 199155.815 | I28: 24 | J28: 24
A29: =IFERROR(LEFT(RIGHT(C29,LEN(C29)-SEARCH("@",C29)),SEARCH("/",RIGHT(C29,LEN(C29)-SEARCH("@",C29)-1))),"") | B29: =LEFT(RIGHT(RIGHT(Tableau46[[#This Row],[file name]],LEN(Tableau46[[#This Row],[file name]])-SEARCH("@",Tableau46[[#This Row],[file name]])),LEN(RIGHT(Tableau46[[#This Row],[file name]],LEN(Tableau46[[#This Row],[file name]])-SEARCH("@",Tableau46[[#This Row],[file name]])))-SEARCH("/",RIGHT(Tableau46[[#This Row],[file name]],LEN(Tableau46[[#This Row],[file name]])-SEARCH("@",Tableau46[[#This Row],[file name]])))),1) -> #VALUE!
A30: =IFERROR(LEFT(RIGHT(C30,LEN(C30)-SEARCH("@",C30)),SEARCH("/",RIGHT(C30,LEN(C30)-SEARCH("@",C30)-1))),"") | B30: =LEFT(RIGHT(RIGHT(Tableau46[[#This Row],[file name]],LEN(Tableau46[[#This Row],[file name]])-SEARCH("@",Tableau46[[#This Row],[file name]])),LEN(RIGHT(Tableau46[[#This Row],[file name]],LEN(Tableau46[[#This Row],[file name]])-SEARCH("@",Tableau46[[#This Row],[file name]])))-SEARCH("/",RIGHT(Tableau46[[#This Row],[file name]],LEN(Tableau46[[#This Row],[file name]])-SEARCH("@",Tableau46[[#This Row],[file name]])))),1) -> #VALUE!
A31: =IFERROR(LEFT(RIGHT(C31,LEN(C31)-SEARCH("@",C31)),SEARCH("/",RIGHT(C31,LEN(C31)-SEARCH("@",C31)-1))),"") | B31: =LEFT(RIGHT(RIGHT(Tableau46[[#This Row],[file name]],LEN(Tableau46[[#This Row],[file name]])-SEARCH("@",Tableau46[[#This Row],[file name]])),LEN(RIGHT(Tableau46[[#This Row],[file name]],LEN(Tableau46[[#This Row],[file name]])-SEARCH("@",Tableau46[[#This Row],[file name]])))-SEARCH("/",RIGHT(Tableau46[[#This Row],[file name]],LEN(Tableau46[[#This Row],[file name]])-SEARCH("@",Tableau46[[#This Row],[file name]])))),1) -> #VALUE!
A32: =IFERROR(LEFT(RIGHT(C32,LEN(C32)-SEARCH("@",C32)),SEARCH("/",RIGHT(C32,LEN(C32)-SEARCH("@",C32)-1))),"") | B32: =LEFT(RIGHT(RIGHT(Tableau46[[#This Row],[file name]],LEN(Tableau46[[#This Row],[file name]])-SEARCH("@",Tableau46[[#This Row],[file name]])),LEN(RIGHT(Tableau46[[#This Row],[file name]],LEN(Tableau46[[#This Row],[file name]])-SEARCH("@",Tableau46[[#This Row],[file name]])))-SEARCH("/",RIGHT(Tableau46[[#This Row],[file name]],LEN(Tableau46[[#This Row],[file name]])-SEARCH("@",Tableau46[[#This Row],[file name]])))),1) -> #VALUE!
A33: =IFERROR(LEFT(RIGHT(C33,LEN(C33)-SEARCH("@",C33)),SEARCH("/",RIGHT(C33,LEN(C33)-SEARCH("@",C33)-1))),"") | B33: =LEFT(RIGHT(RIGHT(Tableau46[[#This Row],[file name]],LEN(Tableau46[[#This Row],[file name]])-SEARCH("@",Tableau46[[#This Row],[file name]])),LEN(RIGHT(Tableau46[[#This Row],[file name]],LEN(Tableau46[[#This Row],[file name]])-SEARCH("@",Tableau46[[#This Row],[file name]])))-SEARCH("/",RIGHT(Tableau46[[#This Row],[file name]],LEN(Tableau46[[#This Row],[file name]])-SEARCH("@",Tableau46[[#This Row],[file name]])))),1) -> #VALUE!
A34: =IFERROR(LEFT(RIGHT(C34,LEN(C34)-SEARCH("@",C34)),SEARCH("/",RIGHT(C34,LEN(C34)-SEARCH("@",C34)-1))),"") | B34: =LEFT(RIGHT(RIGHT(Tableau46[[#This Row],[file name]],LEN(Tableau46[[#This Row],[file name]])-SEARCH("@",Tableau46[[#This Row],[file name]])),LEN(RIGHT(Tableau46[[#This Row],[file name]],LEN(Tableau46[[#This Row],[file name]])-SEARCH("@",Tableau46[[#This Row],[file name]])))-SEARCH("/",RIGHT(Tableau46[[#This Row],[file name]],LEN(Tableau46[[#This Row],[file name]])-SEARCH("@",Tableau46[[#This Row],[file name]])))),1) -> #VALUE! | C34: file name | D34: total area | E34: mean intensity | G34: total fluorescence
A35: =IFERROR(LEFT(RIGHT(C35,LEN(C35)-SEARCH("@",C35)),SEARCH("/",RIGHT(C35,LEN(C35)-SEARCH("@",C35)-1))),"") -> 02 EE2 33.8 | B35: =LEFT(RIGHT(RIGHT(Tableau46[[#This Row],[file name]],LEN(Tableau46[[#This Row],[file name]])-SEARCH("@",Tableau46[[#This Row],[file name]])),LEN(RIGHT(Tableau46[[#This Row],[file name]],LEN(Tableau46[[#This Row],[file name]])-SEARCH("@",Tableau46[[#This Row],[file name]])))-SEARCH("/",RIGHT(Tableau46[[#This Row],[file name]],LEN(Tableau46[[#This Row],[file name]])-SEARCH("@",Tableau46[[#This Row],[file name]])))),1) -> A | C35: F:\images\20210420\plaque 1/@02 EE2 33.8/A2_01.tif | D35: 8392.3991 | E35: 72.2706 | G35: 606524
A36: =IFERROR(LEFT(RIGHT(C36,LEN(C36)-SEARCH("@",C36)),SEARCH("/",RIGHT(C36,LEN(C36)-SEARCH("@",C36)-1))),"") -> 02 EE2 33.8 | B36: =LEFT(RIGHT(RIGHT(Tableau46[[#This Row],[file name]],LEN(Tableau46[[#This Row],[file name]])-SEARCH("@",Tableau46[[#This Row],[file name]])),LEN(RIGHT(Tableau46[[#This Row],[file name]],LEN(Tableau46[[#This Row],[file name]])-SEARCH("@",Tableau46[[#This Row],[file name]])))-SEARCH("/",RIGHT(Tableau46[[#This Row],[file name]],LEN(Tableau46[[#This Row],[file name]])-SEARCH("@",Tableau46[[#This Row],[file name]])))),1) -> A | C36: F:\images\20210420\plaque 1/@02 EE2 33.8/A2_02.tif | D36: 5104.6551 | E36: 66.4237 | G36: 339070
A37: =IFERROR(LEFT(RIGHT(C37,LEN(C37)-SEARCH("@",C37)),SEARCH("/",RIGHT(C37,LEN(C37)-SEARCH("@",C37)-1))),"") -> 02 EE2 33.8 | B37: =LEFT(RIGHT(RIGHT(Tableau46[[#This Row],[file name]],LEN(Tableau46[[#This Row],[file name]])-SEARCH("@",Tableau46[[#This Row],[file name]])),LEN(RIGHT(Tableau46[[#This Row],[file name]],LEN(Tableau46[[#This Row],[file name]])-SEARCH("@",Tableau46[[#This Row],[file name]])))-SEARCH("/",RIGHT(Tableau46[[#This Row],[file name]],LEN(Tableau46[[#This Row],[file name]])-SEARCH("@",Tableau46[[#This Row],[file name]])))),1) -> A | C37: F:\images\20210420\plaque 1/@02 EE2 33.8/A2_03.tif | D37: 6640.3777 | E37: 68.8502 | G37: 457191
A38: =IFERROR(LEFT(RIGHT(C38,LEN(C38)-SEARCH("@",C38)),SEARCH("/",RIGHT(C38,LEN(C38)-SEARCH("@",C38)-1))),"") -> 02 EE2 33.8 | B38: =LEFT(RIGHT(RIGHT(Tableau46[[#This Row],[file name]],LEN(Tableau46[[#This Row],[file name]])-SEARCH("@",Tableau46[[#This Row],[file name]])),LEN(RIGHT(Tableau46[[#This Row],[file name]],LEN(Tableau46[[#This Row],[file name]])-SEARCH("@",Tableau46[[#This Row],[file name]])))-SEARCH("/",RIGHT(Tableau46[[#This Row],[file name]],LEN(Tableau46[[#This Row],[file name]])-SEARCH("@",Tableau46[[#This Row],[file name]])))),1) -> B | C38: F:\images\20210420\plaque 1/@02 EE2 33.8/B2_01.tif | D38: 6640.3777 | E38: 68.1303 | G38: 452411
A39: =IFERROR(LEFT(RIGHT(C39,LEN(C39)-SEARCH("@",C39)),SEARCH("/",RIGHT(C39,LEN(C39)-SEARCH("@",C39)-1))),"") -> 02 EE2 33.8 | B39: =LEFT(RIGHT(RIGHT(Tableau46[[#This Row],[file name]],LEN(Tableau46[[#This Row],[file name]])-SEARCH("@",Tableau46[[#This Row],[file name]])),LEN(RIGHT(Tableau46[[#This Row],[file name]],LEN(Tableau46[[#This Row],[file name]])-SEARCH("@",Tableau46[[#This Row],[file name]])))-SEARCH("/",RIGHT(Tableau46[[#This Row],[file name]],LEN(Tableau46[[#This Row],[file name]])-SEARCH("@",Tableau46[[#This Row],[file name]])))),1) -> B | C39: F:\images\20210420\plaque 1/@02 EE2 33.8/B2_02.tif | D39: 5234.4345 | E39: 70.3471 | G39: 368227
A40: =IFERROR(LEFT(RIGHT(C40,LEN(C40)-SEARCH("@",C40)),SEARCH("/",RIGHT(C40,LEN(C40)-SEARCH("@",C40)-1))),"") -> 02 EE2 33.8 | B40: =LEFT(RIGHT(RIGHT(Tableau46[[#This Row],[file name]],LEN(Tableau46[[#This Row],[file name]])-SEARCH("@",Tableau46[[#This Row],[file name]])),LEN(RIGHT(Tableau46[[#This Row],[file name]],LEN(Tableau46[[#This Row],[file name]])-SEARCH("@",Tableau46[[#This Row],[file name]])))-SEARCH("/",RIGHT(Tableau46[[#This Row],[file name]],LEN(Tableau46[[#This Row],[file name]])-SEARCH("@",Tableau46[[#This Row],[file name]])))),1) -> B | C40: F:\images\20210420\plaque 1/@02 EE2 33.8/B2_03.tif | D40: 2292.7688 | E40: 64.5283 | G40: 147948
A41: =IFERROR(LEFT(RIGHT(C41,LEN(C41)-SEARCH("@",C41)),SEARCH("/",RIGHT(C41,LEN(C41)-SEARCH("@",C41)-1))),"") -> 02 EE2 33.8 | B41: =LEFT(RIGHT(RIGHT(Tableau46[[#This Row],[file name]],LEN(Tableau46[[#This Row],[file name]])-SEARCH("@",Tableau46[[#This Row],[file name]])),LEN(RIGHT(Tableau46[[#This Row],[file name]],LEN(Tableau46[[#This Row],[file name]])-SEARCH("@",Tableau46[[#This Row],[file name]])))-SEARCH("/",RIGHT(Tableau46[[#This Row],[file name]],LEN(Tableau46[[#This Row],[file name]])-SEARCH("@",Tableau46[[#This Row],[file name]])))),1) -> C | C41: F:\images\20210420\plaque 1/@02 EE2 33.8/C2_01.tif | D41: 3093.0749 | E41: 63.7622 | G41: 197221
A42: =IFERROR(LEFT(RIGHT(C42,LEN(C42)-SEARCH("@",C42)),SEARCH("/",RIGHT(C42,LEN(C42)-SEARCH("@",C42)-1))),"") -> 02 EE2 33.8 | B42: =LEFT(RIGHT(RIGHT(Tableau46[[#This Row],[file name]],LEN(Tableau46[[#This Row],[file name]])-SEARCH("@",Tableau46[[#This Row],[file name]])),LEN(RIGHT(Tableau46[[#This Row],[file name]],LEN(Tableau46[[#This Row],[file name]])-SEARCH("@",Tableau46[[#This Row],[file name]])))-SEARCH("/",RIGHT(Tableau46[[#This Row],[file name]],LEN(Tableau46[[#This Row],[file name]])-SEARCH("@",Tableau46[[#This Row],[file name]])))),1) -> C | C42: F:\images\20210420\plaque 1/@02 EE2 33.8/C2_02.tif | D42: 2379.2884 | E42: 64.4364 | G42: 153313
A43: =IFERROR(LEFT(RIGHT(C43,LEN(C43)-SEARCH("@",C43)),SEARCH("/",RIGHT(C43,LEN(C43)-SEARCH("@",C43)-1))),"") -> 02 EE2 33.8 | B43: =LEFT(RIGHT(RIGHT(Tableau46[[#This Row],[file name]],LEN(Tableau46[[#This Row],[file name]])-SEARCH("@",Tableau46[[#This Row],[file name]])),LEN(RIGHT(Tableau46[[#This Row],[file name]],LEN(Tableau46[[#This Row],[file name]])-SEARCH("@",Tableau46[[#This Row],[file name]])))-SEARCH("/",RIGHT(Tableau46[[#This Row],[file name]],LEN(Tableau46[[#This Row],[file name]])-SEARCH("@",Tableau46[[#This Row],[file name]])))),1) -> C | C43: F:\images\20210420\plaque 1/@02 EE2 33.8/C2_03.tif | D43: 346.0783 | E43: 62.3125 | G43: 21565
A44: =IFERROR(LEFT(RIGHT(C44,LEN(C44)-SEARCH("@",C44)),SEARCH("/",RIGHT(C44,LEN(C44)-SEARCH("@",C44)-1))),"") -> 02 EE2 33.8 | B44: =LEFT(RIGHT(RIGHT(Tableau46[[#This Row],[file name]],LEN(Tableau46[[#This Row],[file name]])-SEARCH("@",Tableau46[[#This Row],[file name]])),LEN(RIGHT(Tableau46[[#This Row],[file name]],LEN(Tableau46[[#This Row],[file name]])-SEARCH("@",Tableau46[[#This Row],[file name]])))-SEARCH("/",RIGHT(Tableau46[[#This Row],[file name]],LEN(Tableau46[[#This Row],[file name]])-SEARCH("@",Tableau46[[#This Row],[file name]])))),1) -> D | C44: F:\images\20210420\plaque 1/@02 EE2 33.8/D2_01.tif | D44: 9257.5949 | E44: 73.8832 | G44: 683981
A45: =IFERROR(LEFT(RIGHT(C45,LEN(C45)-SEARCH("@",C45)),SEARCH("/",RIGHT(C45,LEN(C45)-SEARCH("@",C45)-1))),"") -> 02 EE2 33.8 | B45: =LEFT(RIGHT(RIGHT(Tableau46[[#This Row],[file name]],LEN(Tableau46[[#This Row],[file name]])-SEARCH("@",Tableau46[[#This Row],[file name]])),LEN(RIGHT(Tableau46[[#This Row],[file name]],LEN(Tableau46[[#This Row],[file name]])-SEARCH("@",Tableau46[[#This Row],[file name]])))-SEARCH("/",RIGHT(Tableau46[[#This Row],[file name]],LEN(Tableau46[[#This Row],[file name]])-SEARCH("@",Tableau46[[#This Row],[file name]])))),1) -> D | C45: F:\images\20210420\plaque 1/@02 EE2 33.8/D2_02.tif | D45: 908.4556 | E45: 62.1667 | G45: 56476
A46: =IFERROR(LEFT(RIGHT(C46,LEN(C46)-SEARCH("@",C46)),SEARCH("/",RIGHT(C46,LEN(C46)-SEARCH("@",C46)-1))),"") -> 02 EE2 33.8 | B46: =LEFT(RIGHT(RIGHT(Tableau46[[#This Row],[file name]],LEN(Tableau46[[#This Row],[file name]])-SEARCH("@",Tableau46[[#This Row],[file name]])),LEN(RIGHT(Tableau46[[#This Row],[file name]],LEN(Tableau46[[#This Row],[file name]])-SEARCH("@",Tableau46[[#This Row],[file name]])))-SEARCH("/",RIGHT(Tableau46[[#This Row],[file name]],LEN(Tableau46[[#This Row],[file name]])-SEARCH("@",Tableau46[[#This Row],[file name]])))),1) -> D | C46: F:\images\20210420\plaque 1/@02 EE2 33.8/D2_03.tif | D46: 2703.7368 | E46: 63.968 | G46: 172953
A47: =IFERROR(LEFT(RIGHT(C47,LEN(C47)-SEARCH("@",C47)),SEARCH("/",RIGHT(C47,LEN(C47)-SEARCH("@",C47)-1))),"") -> 02 EE2 33.8 | B47: =LEFT(RIGHT(RIGHT(Tableau46[[#This Row],[file name]],LEN(Tableau46[[#This Row],[file name]])-SEARCH("@",Tableau46[[#This Row],[file name]])),LEN(RIGHT(Tableau46[[#This Row],[file name]],LEN(Tableau46[[#This Row],[file name]])-SEARCH("@",Tableau46[[#This Row],[file name]])))-SEARCH("/",RIGHT(Tableau46[[#This Row],[file name]],LEN(Tableau46[[#This Row],[file name]])-SEARCH("@",Tableau46[[#This Row],[file name]])))),1) -> E | C47: F:\images\20210420\plaque 1/@02 EE2 33.8/E2_01.tif | D47: 324.4484 | E47: 64.4 | G47: 20894
A48: =IFERROR(LEFT(RIGHT(C48,LEN(C48)-SEARCH("@",C48)),SEARCH("/",RIGHT(C48,LEN(C48)-SEARCH("@",C48)-1))),"") -> 02 EE2 33.8 | B48: =LEFT(RIGHT(RIGHT(Tableau46[[#This Row],[file name]],LEN(Tableau46[[#This Row],[file name]])-SEARCH("@",Tableau46[[#This Row],[file name]])),LEN(RIGHT(Tableau46[[#This Row],[file name]],LEN(Tableau46[[#This Row],[file name]])-SEARCH("@",Tableau46[[#This Row],[file name]])))-SEARCH("/",RIGHT(Tableau46[[#This Row],[file name]],LEN(Tableau46[[#This Row],[file name]])-SEARCH("@",Tableau46[[#This Row],[file name]])))),1) -> E | C48: F:\images\20210420\plaque 1/@02 EE2 33.8/E2_02- exclu.tif
A49: =IFERROR(LEFT(RIGHT(C49,LEN(C49)-SEARCH("@",C49)),SEARCH("/",RIGHT(C49,LEN(C49)-SEARCH("@",C49)-1))),"") -> 02 EE2 33.8 | B49: =LEFT(RIGHT(RIGHT(Tableau46[[#This Row],[file name]],LEN(Tableau46[[#This Row],[file name]])-SEARCH("@",Tableau46[[#This Row],[file name]])),LEN(RIGHT(Tableau46[[#This Row],[file name]],LEN(Tableau46[[#This Row],[file name]])-SEARCH("@",Tableau46[[#This Row],[file name]])))-SEARCH("/",RIGHT(Tableau46[[#This Row],[file name]],LEN(Tableau46[[#This Row],[file name]])-SEARCH("@",Tableau46[[#This Row],[file name]])))),1) -> E | C49: F:\images\20210420\plaque 1/@02 EE2 33.8/E2_03.tif | D49: 237.9288 | E49: 62.2727 | G49: 14816
A50: =IFERROR(LEFT(RIGHT(C50,LEN(C50)-SEARCH("@",C50)),SEARCH("/",RIGHT(C50,LEN(C50)-SEARCH("@",C50)-1))),"") -> 02 EE2 33.8 | B50: =LEFT(RIGHT(RIGHT(Tableau46[[#This Row],[file name]],LEN(Tableau46[[#This Row],[file name]])-SEARCH("@",Tableau46[[#This Row],[file name]])),LEN(RIGHT(Tableau46[[#This Row],[file name]],LEN(Tableau46[[#This Row],[file name]])-SEARCH("@",Tableau46[[#This Row],[file name]])))-SEARCH("/",RIGHT(Tableau46[[#This Row],[file name]],LEN(Tableau46[[#This Row],[file name]])-SEARCH("@",Tableau46[[#This Row],[file name]])))),1) -> F | C50: F:\images\20210420\plaque 1/@02 EE2 33.8/F2_01.tif | D50: 12134.3709 | E50: 76.2674 | G50: 925457
A51: =IFERROR(LEFT(RIGHT(C51,LEN(C51)-SEARCH("@",C51)),SEARCH("/",RIGHT(C51,LEN(C51)-SEARCH("@",C51)-1))),"") -> 02 EE2 33.8 | B51: =LEFT(RIGHT(RIGHT(Tableau46[[#This Row],[file name]],LEN(Tableau46[[#This Row],[file name]])-SEARCH("@",Tableau46[[#This Row],[file name]])),LEN(RIGHT(Tableau46[[#This Row],[file name]],LEN(Tableau46[[#This Row],[file name]])-SEARCH("@",Tableau46[[#This Row],[file name]])))-SEARCH("/",RIGHT(Tableau46[[#This Row],[file name]],LEN(Tableau46[[#This Row],[file name]])-SEARCH("@",Tableau46[[#This Row],[file name]])))),1) -> F | C51: F:\images\20210420\plaque 1/@02 EE2 33.8/F2_02.tif | D51: 11031.2463 | E51: 80.349 | G51: 886350
A52: =IFERROR(LEFT(RIGHT(C52,LEN(C52)-SEARCH("@",C52)),SEARCH("/",RIGHT(C52,LEN(C52)-SEARCH("@",C52)-1))),"") -> 02 EE2 33.8 | B52: =LEFT(RIGHT(RIGHT(Tableau46[[#This Row],[file name]],LEN(Tableau46[[#This Row],[file name]])-SEARCH("@",Tableau46[[#This Row],[file name]])),LEN(RIGHT(Tableau46[[#This Row],[file name]],LEN(Tableau46[[#This Row],[file name]])-SEARCH("@",Tableau46[[#This Row],[file name]])))-SEARCH("/",RIGHT(Tableau46[[#This Row],[file name]],LEN(Tableau46[[#This Row],[file name]])-SEARCH("@",Tableau46[[#This Row],[file name]])))),1) -> F | C52: F:\images\20210420\plaque 1/@02 EE2 33.8/F2_03.tif | D52: 7072.9755 | E52: 69.6147 | G52: 492383
A53: =IFERROR(LEFT(RIGHT(C53,LEN(C53)-SEARCH("@",C53)),SEARCH("/",RIGHT(C53,LEN(C53)-SEARCH("@",C53)-1))),"") -> 02 EE2 33.8 | B53: =LEFT(RIGHT(RIGHT(Tableau46[[#This Row],[file name]],LEN(Tableau46[[#This Row],[file name]])-SEARCH("@",Tableau46[[#This Row],[file name]])),LEN(RIGHT(Tableau46[[#This Row],[file name]],LEN(Tableau46[[#This Row],[file name]])-SEARCH("@",Tableau46[[#This Row],[file name]])))-SEARCH("/",RIGHT(Tableau46[[#This Row],[file name]],LEN(Tableau46[[#This Row],[file name]])-SEARCH("@",Tableau46[[#This Row],[file name]])))),1) -> G | C53: F:\images\20210420\plaque 1/@02 EE2 33.8/G2_01.tif | D53: 6186.1499 | E53: 64.7028 | G53: 400261
A54: =IFERROR(LEFT(RIGHT(C54,LEN(C54)-SEARCH("@",C54)),SEARCH("/",RIGHT(C54,LEN(C54)-SEARCH("@",C54)-1))),"") -> 02 EE2 33.8 | B54: =LEFT(RIGHT(RIGHT(Tableau46[[#This Row],[file name]],LEN(Tableau46[[#This Row],[file name]])-SEARCH("@",Tableau46[[#This Row],[file name]])),LEN(RIGHT(Tableau46[[#This Row],[file name]],LEN(Tableau46[[#This Row],[file name]])-SEARCH("@",Tableau46[[#This Row],[file name]])))-SEARCH("/",RIGHT(Tableau46[[#This Row],[file name]],LEN(Tableau46[[#This Row],[file name]])-SEARCH("@",Tableau46[[#This Row],[file name]])))),1) -> G | C54: F:\images\20210420\plaque 1/@02 EE2 33.8/G2_02.tif | D54: 5429.1036 | E54: 64.753 | G54: 351551
A55: =IFERROR(LEFT(RIGHT(C55,LEN(C55)-SEARCH("@",C55)),SEARCH("/",RIGHT(C55,LEN(C55)-SEARCH("@",C55)-1))),"") -> 02 EE2 33.8 | B55: =LEFT(RIGHT(RIGHT(Tableau46[[#This Row],[file name]],LEN(Tableau46[[#This Row],[file name]])-SEARCH("@",Tableau46[[#This Row],[file name]])),LEN(RIGHT(Tableau46[[#This Row],[file name]],LEN(Tableau46[[#This Row],[file name]])-SEARCH("@",Tableau46[[#This Row],[file name]])))-SEARCH("/",RIGHT(Tableau46[[#This Row],[file name]],LEN(Tableau46[[#This Row],[file name]])-SEARCH("@",Tableau46[[#This Row],[file name]])))),1) -> G | C55: F:\images\20210420\plaque 1/@02 EE2 33.8/G2_03.tif | D55: 5537.253 | E55: 64 | G55: 354384
A56: =IFERROR(LEFT(RIGHT(C56,LEN(C56)-SEARCH("@",C56)),SEARCH("/",RIGHT(C56,LEN(C56)-SEARCH("@",C56)-1))),"") -> 02 EE2 33.8 | B56: =LEFT(RIGHT(RIGHT(Tableau46[[#This Row],[file name]],LEN(Tableau46[[#This Row],[file name]])-SEARCH("@",Tableau46[[#This Row],[file name]])),LEN(RIGHT(Tableau46[[#This Row],[file name]],LEN(Tableau46[[#This Row],[file name]])-SEARCH("@",Tableau46[[#This Row],[file name]])))-SEARCH("/",RIGHT(Tableau46[[#This Row],[file name]],LEN(Tableau46[[#This Row],[file name]])-SEARCH("@",Tableau46[[#This Row],[file name]])))),1) -> H | C56: F:\images\20210420\plaque 1/@02 EE2 33.8/H2_01.tif | D56: 86.5196 | E56: 69.75 | G56: 6035
A57: =IFERROR(LEFT(RIGHT(C57,LEN(C57)-SEARCH("@",C57)),SEARCH("/",RIGHT(C57,LEN(C57)-SEARCH("@",C57)-1))),"") -> 02 EE2 33.8 | B57: =LEFT(RIGHT(RIGHT(Tableau46[[#This Row],[file name]],LEN(Tableau46[[#This Row],[file name]])-SEARCH("@",Tableau46[[#This Row],[file name]])),LEN(RIGHT(Tableau46[[#This Row],[file name]],LEN(Tableau46[[#This Row],[file name]])-SEARCH("@",Tableau46[[#This Row],[file name]])))-SEARCH("/",RIGHT(Tableau46[[#This Row],[file name]],LEN(Tableau46[[#This Row],[file name]])-SEARCH("@",Tableau46[[#This Row],[file name]])))),1) -> H | C57: F:\images\20210420\plaque 1/@02 EE2 33.8/H2_02.tif | D57: 108.1495 | E57: 63.4 | G57: 6857
A58: =IFERROR(LEFT(RIGHT(C58,LEN(C58)-SEARCH("@",C58)),SEARCH("/",RIGHT(C58,LEN(C58)-SEARCH("@",C58)-1))),"") -> 02 EE2 33.8 | B58: =LEFT(RIGHT(RIGHT(Tableau46[[#This Row],[file name]],LEN(Tableau46[[#This Row],[file name]])-SEARCH("@",Tableau46[[#This Row],[file name]])),LEN(RIGHT(Tableau46[[#This Row],[file name]],LEN(Tableau46[[#This Row],[file name]])-SEARCH("@",Tableau46[[#This Row],[file name]])))-SEARCH("/",RIGHT(Tableau46[[#This Row],[file name]],LEN(Tableau46[[#This Row],[file name]])-SEARCH("@",Tableau46[[#This Row],[file name]])))),1) -> H | C58: F:\images\20210420\plaque 1/@02 EE2 33.8/H2_03.tif | D58: 151.4093 | E58: 65 | G58: 9842
A59: =IFERROR(LEFT(RIGHT(C59,LEN(C59)-SEARCH("@",C59)),SEARCH("/",RIGHT(C59,LEN(C59)-SEARCH("@",C59)-1))),"") | B59: =LEFT(RIGHT(RIGHT(Tableau46[[#This Row],[file name]],LEN(Tableau46[[#This Row],[file name]])-SEARCH("@",Tableau46[[#This Row],[file name]])),LEN(RIGHT(Tableau46[[#This Row],[file name]],LEN(Tableau46[[#This Row],[file name]])-SEARCH("@",Tableau46[[#This Row],[file name]])))-SEARCH("/",RIGHT(Tableau46[[#This Row],[file name]],LEN(Tableau46[[#This Row],[file name]])-SEARCH("@",Tableau46[[#This Row],[file name]])))),1) -> #VALUE!
A60: =IFERROR(LEFT(RIGHT(C60,LEN(C60)-SEARCH("@",C60)),SEARCH("/",RIGHT(C60,LEN(C60)-SEARCH("@",C60)-1))),"") | B60: =LEFT(RIGHT(RIGHT(Tableau46[[#This Row],[file name]],LEN(Tableau46[[#This Row],[file name]])-SEARCH("@",Tableau46[[#This Row],[file name]])),LEN(RIGHT(Tableau46[[#This Row],[file name]],LEN(Tableau46[[#This Row],[file name]])-SEARCH("@",Tableau46[[#This Row],[file name]])))-SEARCH("/",RIGHT(Tableau46[[#This Row],[file name]],LEN(Tableau46[[#This Row],[file name]])-SEARCH("@",Tableau46[[#This Row],[file name]])))),1) -> #VALUE! | C60: group | E60: mean of mean fluo | F60: SD mean fluo | G60: mean of total fluo | H60: SD total fluo | I60: n fluorescent | J60: n total
A61: =IFERROR(LEFT(RIGHT(C61,LEN(C61)-SEARCH("@",C61)),SEARCH("/",RIGHT(C61,LEN(C61)-SEARCH("@",C61)-1))),"") -> 02 EE2 33.8 | B61: =LEFT(RIGHT(RIGHT(Tableau46[[#This Row],[file name]],LEN(Tableau46[[#This Row],[file name]])-SEARCH("@",Tableau46[[#This Row],[file name]])),LEN(RIGHT(Tableau46[[#This Row],[file name]],LEN(Tableau46[[#This Row],[file name]])-SEARCH("@",Tableau46[[#This Row],[file name]])))-SEARCH("/",RIGHT(Tableau46[[#This Row],[file name]],LEN(Tableau46[[#This Row],[file name]])-SEARCH("@",Tableau46[[#This Row],[file name]])))),1) | C61: F:\images\20210420\plaque 1/@02 EE2 33.8/ | E61: 67.061 | F61: 4.7669 | G61: 297365.125 | H61: 279009.454 | I61: 24 | J61: 24
A62: =IFERROR(LEFT(RIGHT(C62,LEN(C62)-SEARCH("@",C62)),SEARCH("/",RIGHT(C62,LEN(C62)-SEARCH("@",C62)-1))),"") | B62: =LEFT(RIGHT(RIGHT(Tableau46[[#This Row],[file name]],LEN(Tableau46[[#This Row],[file name]])-SEARCH("@",Tableau46[[#This Row],[file name]])),LEN(RIGHT(Tableau46[[#This Row],[file name]],LEN(Tableau46[[#This Row],[file name]])-SEARCH("@",Tableau46[[#This Row],[file name]])))-SEARCH("/",RIGHT(Tableau46[[#This Row],[file name]],LEN(Tableau46[[#This Row],[file name]])-SEARCH("@",Tableau46[[#This Row],[file name]])))),1) -> #VALUE!
A63: =IFERROR(LEFT(RIGHT(C63,LEN(C63)-SEARCH("@",C63)),SEARCH("/",RIGHT(C63,LEN(C63)-SEARCH("@",C63)-1))),"") | B63: =LEFT(RIGHT(RIGHT(Tableau46[[#This Row],[file name]],LEN(Tableau46[[#This Row],[file name]])-SEARCH("@",Tableau46[[#This Row],[file name]])),LEN(RIGHT(Tableau46[[#This Row],[file name]],LEN(Tableau46[[#This Row],[file name]])-SEARCH("@",Tableau46[[#This Row],[file name]])))-SEARCH("/",RIGHT(Tableau46[[#This Row],[file name]],LEN(Tableau46[[#This Row],[file name]])-SEARCH("@",Tableau46[[#This Row],[file name]])))),1) -> #VALUE!
A64: =IFERROR(LEFT(RIGHT(C64,LEN(C64)-SEARCH("@",C64)),SEARCH("/",RIGHT(C64,LEN(C64)-SEARCH("@",C64)-1))),"") | B64: =LEFT(RIGHT(RIGHT(Tableau46[[#This Row],[file name]],LEN(Tableau46[[#This Row],[file name]])-SEARCH("@",Tableau46[[#This Row],[file name]])),LEN(RIGHT(Tableau46[[#This Row],[file name]],LEN(Tableau46[[#This Row],[file name]])-SEARCH("@",Tableau46[[#This Row],[file name]])))-SEARCH("/",RIGHT(Tableau46[[#This Row],[file name]],LEN(Tableau46[[#This Row],[file name]])-SEARCH("@",Tableau46[[#This Row],[file name]])))),1) -> #VALUE!
A65: =IFERROR(LEFT(RIGHT(C65,LEN(C65)-SEARCH("@",C65)),SEARCH("/",RIGHT(C65,LEN(C65)-SEARCH("@",C65)-1))),"") | B65: =LEFT(RIGHT(RIGHT(Tableau46[[#This Row],[file name]],LEN(Tableau46[[#This Row],[file name]])-SEARCH("@",Tableau46[[#This Row],[file name]])),LEN(RIGHT(Tableau46[[#This Row],[file name]],LEN(Tableau46[[#This Row],[file name]])-SEARCH("@",Tableau46[[#This Row],[file name]])))-SEARCH("/",RIGHT(Tableau46[[#This Row],[file name]],LEN(Tableau46[[#This Row],[file name]])-SEARCH("@",Tableau46[[#This Row],[file name]])))),1) -> #VALUE!
A66: =IFERROR(LEFT(RIGHT(C66,LEN(C66)-SEARCH("@",C66)),SEARCH("/",RIGHT(C66,LEN(C66)-SEARCH("@",C66)-1))),"") | B66: =LEFT(RIGHT(RIGHT(Tableau46[[#This Row],[file name]],LEN(Tableau46[[#This Row],[file name]])-SEARCH("@",Tableau46[[#This Row],[file name]])),LEN(RIGHT(Tableau46[[#This Row],[file name]],LEN(Tableau46[[#This Row],[file name]])-SEARCH("@",Tableau46[[#This Row],[file name]])))-SEARCH("/",RIGHT(Tableau46[[#This Row],[file name]],LEN(Tableau46[[#This Row],[file name]])-SEARCH("@",Tableau46[[#This Row],[file name]])))),1) -> #VALUE!
A67: =IFERROR(LEFT(RIGHT(C67,LEN(C67)-SEARCH("@",C67)),SEARCH("/",RIGHT(C67,LEN(C67)-SEARCH("@",C67)-1))),"") | B67: =LEFT(RIGHT(RIGHT(Tableau46[[#This Row],[file name]],LEN(Tableau46[[#This Row],[file name]])-SEARCH("@",Tableau46[[#This Row],[file name]])),LEN(RIGHT(Tableau46[[#This Row],[file name]],LEN(Tableau46[[#This Row],[file name]])-SEARCH("@",Tableau46[[#This Row],[file name]])))-SEARCH("/",RIGHT(Tableau46[[#This Row],[file name]],LEN(Tableau46[[#This Row],[file name]])-SEARCH("@",Tableau46[[#This Row],[file name]])))),1) -> #VALUE! | C67: file name | D67: total area | E67: mean intensity | G67: total fluorescence
A68: =IFERROR(LEFT(RIGHT(C68,LEN(C68)-SEARCH("@",C68)),SEARCH("/",RIGHT(C68,LEN(C68)-SEARCH("@",C68)-1))),"") -> 03 EE2 50.6 | B68: =LEFT(RIGHT(RIGHT(Tableau46[[#This Row],[file name]],LEN(Tableau46[[#This Row],[file name]])-SEARCH("@",Tableau46[[#This Row],[file name]])),LEN(RIGHT(Tableau46[[#This Row],[file name]],LEN(Tableau46[[#This Row],[file name]])-SEARCH("@",Tableau46[[#This Row],[file name]])))-SEARCH("/",RIGHT(Tableau46[[#This Row],[file name]],LEN(Tableau46[[#This Row],[file name]])-SEARCH("@",Tableau46[[#This Row],[file name]])))),1) -> A | C68: F:\images\20210420\plaque 1/@03 EE2 50.6/A3_01.tif | D68: 6424.0787 | E68: 69.7306 | G68: 447955
A69: =IFERROR(LEFT(RIGHT(C69,LEN(C69)-SEARCH("@",C69)),SEARCH("/",RIGHT(C69,LEN(C69)-SEARCH("@",C69)-1))),"") -> 03 EE2 50.6 | B69: =LEFT(RIGHT(RIGHT(Tableau46[[#This Row],[file name]],LEN(Tableau46[[#This Row],[file name]])-SEARCH("@",Tableau46[[#This Row],[file name]])),LEN(RIGHT(Tableau46[[#This Row],[file name]],LEN(Tableau46[[#This Row],[file name]])-SEARCH("@",Tableau46[[#This Row],[file name]])))-SEARCH("/",RIGHT(Tableau46[[#This Row],[file name]],LEN(Tableau46[[#This Row],[file name]])-SEARCH("@",Tableau46[[#This Row],[file name]])))),1) -> A | C69: F:\images\20210420\plaque 1/@03 EE2 50.6/A3_02.tif | D69: 5493.9932 | E69: 69.4646 | G69: 381638
A70: =IFERROR(LEFT(RIGHT(C70,LEN(C70)-SEARCH("@",C70)),SEARCH("/",RIGHT(C70,LEN(C70)-SEARCH("@",C70)-1))),"") -> 03 EE2 50.6 | B70: =LEFT(RIGHT(RIGHT(Tableau46[[#This Row],[file name]],LEN(Tableau46[[#This Row],[file name]])-SEARCH("@",Tableau46[[#This Row],[file name]])),LEN(RIGHT(Tableau46[[#This Row],[file name]],LEN(Tableau46[[#This Row],[file name]])-SEARCH("@",Tableau46[[#This Row],[file name]])))-SEARCH("/",RIGHT(Tableau46[[#This Row],[file name]],LEN(Tableau46[[#This Row],[file name]])-SEARCH("@",Tableau46[[#This Row],[file name]])))),1) -> A | C70: F:\images\20210420\plaque 1/@03 EE2 50.6/A3_03.tif | D70: 5083.0252 | E70: 67.8681 | G70: 344975
A71: =IFERROR(LEFT(RIGHT(C71,LEN(C71)-SEARCH("@",C71)),SEARCH("/",RIGHT(C71,LEN(C71)-SEARCH("@",C71)-1))),"") -> 03 EE2 50.6 | B71: =LEFT(RIGHT(RIGHT(Tableau46[[#This Row],[file name]],LEN(Tableau46[[#This Row],[file name]])-SEARCH("@",Tableau46[[#This Row],[file name]])),LEN(RIGHT(Tableau46[[#This Row],[file name]],LEN(Tableau46[[#This Row],[file name]])-SEARCH("@",Tableau46[[#This Row],[file name]])))-SEARCH("/",RIGHT(Tableau46[[#This Row],[file name]],LEN(Tableau46[[#This Row],[file name]])-SEARCH("@",Tableau46[[#This Row],[file name]])))),1) -> B | C71: F:\images\20210420\plaque 1/@03 EE2 50.6/B3_01.tif | D71: 9452.264 | E71: 70.389 | G71: 665336
A72: =IFERROR(LEFT(RIGHT(C72,LEN(C72)-SEARCH("@",C72)),SEARCH("/",RIGHT(C72,LEN(C72)-SEARCH("@",C72)-1))),"") -> 03 EE2 50.6 | B72: =LEFT(RIGHT(RIGHT(Tableau46[[#This Row],[file name]],LEN(Tableau46[[#This Row],[file name]])-SEARCH("@",Tableau46[[#This Row],[file name]])),LEN(RIGHT(Tableau46[[#This Row],[file name]],LEN(Tableau46[[#This Row],[file name]])-SEARCH("@",Tableau46[[#This Row],[file name]])))-SEARCH("/",RIGHT(Tableau46[[#This Row],[file name]],LEN(Tableau46[[#This Row],[file name]])-SEARCH("@",Tableau46[[#This Row],[file name]])))),1) -> B | C72: F:\images\20210420\plaque 1/@03 EE2 50.6/B3_02.tif | D72: 1362.6834 | E72: 66.6984 | G72: 90889
A73: =IFERROR(LEFT(RIGHT(C73,LEN(C73)-SEARCH("@",C73)),SEARCH("/",RIGHT(C73,LEN(C73)-SEARCH("@",C73)-1))),"") -> 03 EE2 50.6 | B73: =LEFT(RIGHT(RIGHT(Tableau46[[#This Row],[file name]],LEN(Tableau46[[#This Row],[file name]])-SEARCH("@",Tableau46[[#This Row],[file name]])),LEN(RIGHT(Tableau46[[#This Row],[file name]],LEN(Tableau46[[#This Row],[file name]])-SEARCH("@",Tableau46[[#This Row],[file name]])))-SEARCH("/",RIGHT(Tableau46[[#This Row],[file name]],LEN(Tableau46[[#This Row],[file name]])-SEARCH("@",Tableau46[[#This Row],[file name]])))),1) -> B | C73: F:\images\20210420\plaque 1/@03 EE2 50.6/B3_03.tif | D73: 7527.2033 | E73: 67.319 | G73: 506724
A74: =IFERROR(LEFT(RIGHT(C74,LEN(C74)-SEARCH("@",C74)),SEARCH("/",RIGHT(C74,LEN(C74)-SEARCH("@",C74)-1))),"") -> 03 EE2 50.6 | B74: =LEFT(RIGHT(RIGHT(Tableau46[[#This Row],[file name]],LEN(Tableau46[[#This Row],[file name]])-SEARCH("@",Tableau46[[#This Row],[file name]])),LEN(RIGHT(Tableau46[[#This Row],[file name]],LEN(Tableau46[[#This Row],[file name]])-SEARCH("@",Tableau46[[#This Row],[file name]])))-SEARCH("/",RIGHT(Tableau46[[#This Row],[file name]],LEN(Tableau46[[#This Row],[file name]])-SEARCH("@",Tableau46[[#This Row],[file name]])))),1) -> C | C74: F:\images\20210420\plaque 1/@03 EE2 50.6/C3_01.tif | D74: 2336.0286 | E74: 65.3611 | G74: 152685
A75: =IFERROR(LEFT(RIGHT(C75,LEN(C75)-SEARCH("@",C75)),SEARCH("/",RIGHT(C75,LEN(C75)-SEARCH("@",C75)-1))),"") -> 03 EE2 50.6 | B75: =LEFT(RIGHT(RIGHT(Tableau46[[#This Row],[file name]],LEN(Tableau46[[#This Row],[file name]])-SEARCH("@",Tableau46[[#This Row],[file name]])),LEN(RIGHT(Tableau46[[#This Row],[file name]],LEN(Tableau46[[#This Row],[file name]])-SEARCH("@",Tableau46[[#This Row],[file name]])))-SEARCH("/",RIGHT(Tableau46[[#This Row],[file name]],LEN(Tableau46[[#This Row],[file name]])-SEARCH("@",Tableau46[[#This Row],[file name]])))),1) -> C | C75: F:\images\20210420\plaque 1/@03 EE2 50.6/C3_02.tif | D75: 475.8577 | E75: 63 | G75: 29979
A76: =IFERROR(LEFT(RIGHT(C76,LEN(C76)-SEARCH("@",C76)),SEARCH("/",RIGHT(C76,LEN(C76)-SEARCH("@",C76)-1))),"") -> 03 EE2 50.6 | B76: =LEFT(RIGHT(RIGHT(Tableau46[[#This Row],[file name]],LEN(Tableau46[[#This Row],[file name]])-SEARCH("@",Tableau46[[#This Row],[file name]])),LEN(RIGHT(Tableau46[[#This Row],[file name]],LEN(Tableau46[[#This Row],[file name]])-SEARCH("@",Tableau46[[#This Row],[file name]])))-SEARCH("/",RIGHT(Tableau46[[#This Row],[file name]],LEN(Tableau46[[#This Row],[file name]])-SEARCH("@",Tableau46[[#This Row],[file name]])))),1) -> C | C76: F:\images\20210420\plaque 1/@03 EE2 50.6/C3_03.tif | D76: 540.7474 | E76: 63.96 | G76: 34586
A77: =IFERROR(LEFT(RIGHT(C77,LEN(C77)-SEARCH("@",C77)),SEARCH("/",RIGHT(C77,LEN(C77)-SEARCH("@",C77)-1))),"") -> 03 EE2 50.6 | B77: =LEFT(RIGHT(RIGHT(Tableau46[[#This Row],[file name]],LEN(Tableau46[[#This Row],[file name]])-SEARCH("@",Tableau46[[#This Row],[file name]])),LEN(RIGHT(Tableau46[[#This Row],[file name]],LEN(Tableau46[[#This Row],[file name]])-SEARCH("@",Tableau46[[#This Row],[file name]])))-SEARCH("/",RIGHT(Tableau46[[#This Row],[file name]],LEN(Tableau46[[#This Row],[file name]])-SEARCH("@",Tableau46[[#This Row],[file name]])))),1) -> D | C77: F:\images\20210420\plaque 1/@03 EE2 50.6/D3_01.tif | D77: 7527.2033 | E77: 75.0316 | G77: 564778
A78: =IFERROR(LEFT(RIGHT(C78,LEN(C78)-SEARCH("@",C78)),SEARCH("/",RIGHT(C78,LEN(C78)-SEARCH("@",C78)-1))),"") -> 03 EE2 50.6 | B78: =LEFT(RIGHT(RIGHT(Tableau46[[#This Row],[file name]],LEN(Tableau46[[#This Row],[file name]])-SEARCH("@",Tableau46[[#This Row],[file name]])),LEN(RIGHT(Tableau46[[#This Row],[file name]],LEN(Tableau46[[#This Row],[file name]])-SEARCH("@",Tableau46[[#This Row],[file name]])))-SEARCH("/",RIGHT(Tableau46[[#This Row],[file name]],LEN(Tableau46[[#This Row],[file name]])-SEARCH("@",Tableau46[[#This Row],[file name]])))),1) -> D | C78: F:\images\20210420\plaque 1/@03 EE2 50.6/D3_02.tif | D78: 4088.0501 | E78: 64.9947 | G78: 265702
A79: =IFERROR(LEFT(RIGHT(C79,LEN(C79)-SEARCH("@",C79)),SEARCH("/",RIGHT(C79,LEN(C79)-SEARCH("@",C79)-1))),"") -> 03 EE2 50.6 | B79: =LEFT(RIGHT(RIGHT(Tableau46[[#This Row],[file name]],LEN(Tableau46[[#This Row],[file name]])-SEARCH("@",Tableau46[[#This Row],[file name]])),LEN(RIGHT(Tableau46[[#This Row],[file name]],LEN(Tableau46[[#This Row],[file name]])-SEARCH("@",Tableau46[[#This Row],[file name]])))-SEARCH("/",RIGHT(Tableau46[[#This Row],[file name]],LEN(Tableau46[[#This Row],[file name]])-SEARCH("@",Tableau46[[#This Row],[file name]])))),1) -> D | C79: F:\images\20210420\plaque 1/@03 EE2 50.6/D3_03.tif | D79: 1989.9503 | E79: 66.163 | G79: 131661
A80: =IFERROR(LEFT(RIGHT(C80,LEN(C80)-SEARCH("@",C80)),SEARCH("/",RIGHT(C80,LEN(C80)-SEARCH("@",C80)-1))),"") -> 03 EE2 50.6 | B80: =LEFT(RIGHT(RIGHT(Tableau46[[#This Row],[file name]],LEN(Tableau46[[#This Row],[file name]])-SEARCH("@",Tableau46[[#This Row],[file name]])),LEN(RIGHT(Tableau46[[#This Row],[file name]],LEN(Tableau46[[#This Row],[file name]])-SEARCH("@",Tableau46[[#This Row],[file name]])))-SEARCH("/",RIGHT(Tableau46[[#This Row],[file name]],LEN(Tableau46[[#This Row],[file name]])-SEARCH("@",Tableau46[[#This Row],[file name]])))),1) -> E | C80: F:\images\20210420\plaque 1/@03 EE2 50.6/E3_01.tif | D80: 5212.8046 | E80: 68.4938 | G80: 357045
A81: =IFERROR(LEFT(RIGHT(C81,LEN(C81)-SEARCH("@",C81)),SEARCH("/",RIGHT(C81,LEN(C81)-SEARCH("@",C81)-1))),"") -> 03 EE2 50.6 | B81: =LEFT(RIGHT(RIGHT(Tableau46[[#This Row],[file name]],LEN(Tableau46[[#This Row],[file name]])-SEARCH("@",Tableau46[[#This Row],[file name]])),LEN(RIGHT(Tableau46[[#This Row],[file name]],LEN(Tableau46[[#This Row],[file name]])-SEARCH("@",Tableau46[[#This Row],[file name]])))-SEARCH("/",RIGHT(Tableau46[[#This Row],[file name]],LEN(Tableau46[[#This Row],[file name]])-SEARCH("@",Tableau46[[#This Row],[file name]])))),1) -> E | C81: F:\images\20210420\plaque 1/@03 EE2 50.6/E3_02.tif | D81: 1730.3916 | E81: 63.5625 | G81: 109988
A82: =IFERROR(LEFT(RIGHT(C82,LEN(C82)-SEARCH("@",C82)),SEARCH("/",RIGHT(C82,LEN(C82)-SEARCH("@",C82)-1))),"") -> 03 EE2 50.6 | B82: =LEFT(RIGHT(RIGHT(Tableau46[[#This Row],[file name]],LEN(Tableau46[[#This Row],[file name]])-SEARCH("@",Tableau46[[#This Row],[file name]])),LEN(RIGHT(Tableau46[[#This Row],[file name]],LEN(Tableau46[[#This Row],[file name]])-SEARCH("@",Tableau46[[#This Row],[file name]])))-SEARCH("/",RIGHT(Tableau46[[#This Row],[file name]],LEN(Tableau46[[#This Row],[file name]])-SEARCH("@",Tableau46[[#This Row],[file name]])))),1) -> E | C82: F:\images\20210420\plaque 1/@03 EE2 50.6/E3_03.tif | D82: 1989.9503 | E82: 63.3261 | G82: 126016
A83: =IFERROR(LEFT(RIGHT(C83,LEN(C83)-SEARCH("@",C83)),SEARCH("/",RIGHT(C83,LEN(C83)-SEARCH("@",C83)-1))),"") -> 03 EE2 50.6 | B83: =LEFT(RIGHT(RIGHT(Tableau46[[#This Row],[file name]],LEN(Tableau46[[#This Row],[file name]])-SEARCH("@",Tableau46[[#This Row],[file name]])),LEN(RIGHT(Tableau46[[#This Row],[file name]],LEN(Tableau46[[#This Row],[file name]])-SEARCH("@",Tableau46[[#This Row],[file name]])))-SEARCH("/",RIGHT(Tableau46[[#This Row],[file name]],LEN(Tableau46[[#This Row],[file name]])-SEARCH("@",Tableau46[[#This Row],[file name]])))),1) -> F | C83: F:\images\20210420\plaque 1/@03 EE2 50.6/F3_01.tif | D83: 1708.7617 | E83: 65.3418 | G83: 111654
A84: =IFERROR(LEFT(RIGHT(C84,LEN(C84)-SEARCH("@",C84)),SEARCH("/",RIGHT(C84,LEN(C84)-SEARCH("@",C84)-1))),"") -> 03 EE2 50.6 | B84: =LEFT(RIGHT(RIGHT(Tableau46[[#This Row],[file name]],LEN(Tableau46[[#This Row],[file name]])-SEARCH("@",Tableau46[[#This Row],[file name]])),LEN(RIGHT(Tableau46[[#This Row],[file name]],LEN(Tableau46[[#This Row],[file name]])-SEARCH("@",Tableau46[[#This Row],[file name]])))-SEARCH("/",RIGHT(Tableau46[[#This Row],[file name]],LEN(Tableau46[[#This Row],[file name]])-SEARCH("@",Tableau46[[#This Row],[file name]])))),1) -> F | C84: F:\images\20210420\plaque 1/@03 EE2 50.6/F3_02.tif | D84: 973.3453 | E84: 69.2444 | G84: 67399
A85: =IFERROR(LEFT(RIGHT(C85,LEN(C85)-SEARCH("@",C85)),SEARCH("/",RIGHT(C85,LEN(C85)-SEARCH("@",C85)-1))),"") -> 03 EE2 50.6 | B85: =LEFT(RIGHT(RIGHT(Tableau46[[#This Row],[file name]],LEN(Tableau46[[#This Row],[file name]])-SEARCH("@",Tableau46[[#This Row],[file name]])),LEN(RIGHT(Tableau46[[#This Row],[file name]],LEN(Tableau46[[#This Row],[file name]])-SEARCH("@",Tableau46[[#This Row],[file name]])))-SEARCH("/",RIGHT(Tableau46[[#This Row],[file name]],LEN(Tableau46[[#This Row],[file name]])-SEARCH("@",Tableau46[[#This Row],[file name]])))),1) -> F | C85: F:\images\20210420\plaque 1/@03 EE2 50.6/F3_03.tif | D85: 951.7154 | E85: 62.8864 | G85: 59850
A86: =IFERROR(LEFT(RIGHT(C86,LEN(C86)-SEARCH("@",C86)),SEARCH("/",RIGHT(C86,LEN(C86)-SEARCH("@",C86)-1))),"") -> 03 EE2 50.6 | B86: =LEFT(RIGHT(RIGHT(Tableau46[[#This Row],[file name]],LEN(Tableau46[[#This Row],[file name]])-SEARCH("@",Tableau46[[#This Row],[file name]])),LEN(RIGHT(Tableau46[[#This Row],[file name]],LEN(Tableau46[[#This Row],[file name]])-SEARCH("@",Tableau46[[#This Row],[file name]])))-SEARCH("/",RIGHT(Tableau46[[#This Row],[file name]],LEN(Tableau46[[#This Row],[file name]])-SEARCH("@",Tableau46[[#This Row],[file name]])))),1) -> G | C86: F:\images\20210420\plaque 1/@03 EE2 50.6/G3_01.tif | D86: 3785.2316 | E86: 65.5543 | G86: 248138
A87: =IFERROR(LEFT(RIGHT(C87,LEN(C87)-SEARCH("@",C87)),SEARCH("/",RIGHT(C87,LEN(C87)-SEARCH("@",C87)-1))),"") -> 03 EE2 50.6 | B87: =LEFT(RIGHT(RIGHT(Tableau46[[#This Row],[file name]],LEN(Tableau46[[#This Row],[file name]])-SEARCH("@",Tableau46[[#This Row],[file name]])),LEN(RIGHT(Tableau46[[#This Row],[file name]],LEN(Tableau46[[#This Row],[file name]])-SEARCH("@",Tableau46[[#This Row],[file name]])))-SEARCH("/",RIGHT(Tableau46[[#This Row],[file name]],LEN(Tableau46[[#This Row],[file name]])-SEARCH("@",Tableau46[[#This Row],[file name]])))),1) -> G | C87: F:\images\20210420\plaque 1/@03 EE2 50.6/G3_02.tif | D87: 6272.6694 | E87: 67.9586 | G87: 426282
... A91: =IFERROR(LEFT(RIGHT(C91,LEN(C91)-SEARCH("@",C91)),SEARCH("/",RIGHT(C91,LEN(C91)-SEARCH("@",C91)-1))),"") -> 03 EE2 50.6 | B91: =LEFT(RIGHT(RIGHT(Tableau46[[#This Row],[file name]],LEN(Tableau46[[#This Row],[file name]])-SEARCH("@",Tableau46[[#This Row],[file name]])),LEN(RIGHT(Tableau46[[#This Row],[file name]],LEN(Tableau46[[#This Row],[file name]])-SEARCH("@",Tableau46[[#This Row],[file name]])))-SEARCH("/",RIGHT(Tableau46[[#This Row],[file name]],LEN(Tableau46[[#This Row],[file name]])-SEARCH("@",Tableau46[[#This Row],[file name]])))),1) -> H | C91: F:\images\20210420\plaque 1/@03 EE2 50.6/H3_03.tif | D91: 2292.7688 | E91: 64.4057 | G91: 147667
A92: =IFERROR(LEFT(RIGHT(C92,LEN(C92)-SEARCH("@",C92)),SEARCH("/",RIGHT(C92,LEN(C92)-SEARCH("@",C92)-1))),"") | B92: =LEFT(RIGHT(RIGHT(Tableau46[[#This Row],[file name]],LEN(Tableau46[[#This Row],[file name]])-SEARCH("@",Tableau46[[#This Row],[file name]])),LEN(RIGHT(Tableau46[[#This Row],[file name]],LEN(Tableau46[[#This Row],[file name]])-SEARCH("@",Tableau46[[#This Row],[file name]])))-SEARCH("/",RIGHT(Tableau46[[#This Row],[file name]],LEN(Tableau46[[#This Row],[file name]])-SEARCH("@",Tableau46[[#This Row],[file name]])))),1) -> #VALUE!
A93: =IFERROR(LEFT(RIGHT(C93,LEN(C93)-SEARCH("@",C93)),SEARCH("/",RIGHT(C93,LEN(C93)-SEARCH("@",C93)-1))),"") | B93: =LEFT(RIGHT(RIGHT(Tableau46[[#This Row],[file name]],LEN(Tableau46[[#This Row],[file name]])-SEARCH("@",Tableau46[[#This Row],[file name]])),LEN(RIGHT(Tableau46[[#This Row],[file name]],LEN(Tableau46[[#This Row],[file name]])-SEARCH("@",Tableau46[[#This Row],[file name]])))-SEARCH("/",RIGHT(Tableau46[[#This Row],[file name]],LEN(Tableau46[[#This Row],[file name]])-SEARCH("@",Tableau46[[#This Row],[file name]])))),1) -> #VALUE! | C93: group | E93: mean of mean fluo | F93: SD mean fluo | G93: mean of total fluo | H93: SD total fluo | I93: n fluorescent | J93: n total
A94: =IFERROR(LEFT(RIGHT(C94,LEN(C94)-SEARCH("@",C94)),SEARCH("/",RIGHT(C94,LEN(C94)-SEARCH("@",C94)-1))),"") -> 03 EE2 50.6 | B94: =LEFT(RIGHT(RIGHT(Tableau46[[#This Row],[file name]],LEN(Tableau46[[#This Row],[file name]])-SEARCH("@",Tableau46[[#This Row],[file name]])),LEN(RIGHT(Tableau46[[#This Row],[file name]],LEN(Tableau46[[#This Row],[file name]])-SEARCH("@",Tableau46[[#This Row],[file name]])))-SEARCH("/",RIGHT(Tableau46[[#This Row],[file name]],LEN(Tableau46[[#This Row],[file name]])-SEARCH("@",Tableau46[[#This Row],[file name]])))),1) | C94: F:\images\20210420\plaque 1/@03 EE2 50.6/ | E94: 66.3578 | F94: 3.0025 | G94: 231199.292 | H94: 187560.211 | I94: 24 | J94: 24
A95: =IFERROR(LEFT(RIGHT(C95,LEN(C95)-SEARCH("@",C95)),SEARCH("/",RIGHT(C95,LEN(C95)-SEARCH("@",C95)-1))),"") | B95: =LEFT(RIGHT(RIGHT(Tableau46[[#This Row],[file name]],LEN(Tableau46[[#This Row],[file name]])-SEARCH("@",Tableau46[[#This Row],[file name]])),LEN(RIGHT(Tableau46[[#This Row],[file name]],LEN(Tableau46[[#This Row],[file name]])-SEARCH("@",Tableau46[[#This Row],[file name]])))-SEARCH("/",RIGHT(Tableau46[[#This Row],[file name]],LEN(Tableau46[[#This Row],[file name]])-SEARCH("@",Tableau46[[#This Row],[file name]])))),1) -> #VALUE!
A96: =IFERROR(LEFT(RIGHT(C96,LEN(C96)-SEARCH("@",C96)),SEARCH("/",RIGHT(C96,LEN(C96)-SEARCH("@",C96)-1))),"") | B96: =LEFT(RIGHT(RIGHT(Tableau46[[#This Row],[file name]],LEN(Tableau46[[#This Row],[file name]])-SEARCH("@",Tableau46[[#This Row],[file name]])),LEN(RIGHT(Tableau46[[#This Row],[file name]],LEN(Tableau46[[#This Row],[file name]])-SEARCH("@",Tableau46[[#This Row],[file name]])))-SEARCH("/",RIGHT(Tableau46[[#This Row],[file name]],LEN(Tableau46[[#This Row],[file name]])-SEARCH("@",Tableau46[[#This Row],[file name]])))),1) -> #VALUE!
A97: =IFERROR(LEFT(RIGHT(C97,LEN(C97)-SEARCH("@",C97)),SEARCH("/",RIGHT(C97,LEN(C97)-SEARCH("@",C97)-1))),"") | B97: =LEFT(RIGHT(RIGHT(Tableau46[[#This Row],[file name]],LEN(Tableau46[[#This Row],[file name]])-SEARCH("@",Tableau46[[#This Row],[file name]])),LEN(RIGHT(Tableau46[[#This Row],[file name]],LEN(Tableau46[[#This Row],[file name]])-SEARCH("@",Tableau46[[#This Row],[file name]])))-SEARCH("/",RIGHT(Tableau46[[#This Row],[file name]],LEN(Tableau46[[#This Row],[file name]])-SEARCH("@",Tableau46[[#This Row],[file name]])))),1) -> #VALUE!
A98: =IFERROR(LEFT(RIGHT(C98,LEN(C98)-SEARCH("@",C98)),SEARCH("/",RIGHT(C98,LEN(C98)-SEARCH("@",C98)-1))),"") | B98: =LEFT(RIGHT(RIGHT(Tableau46[[#This Row],[file name]],LEN(Tableau46[[#This Row],[file name]])-SEARCH("@",Tableau46[[#This Row],[file name]])),LEN(RIGHT(Tableau46[[#This Row],[file name]],LEN(Tableau46[[#This Row],[file name]])-SEARCH("@",Tableau46[[#This Row],[file name]])))-SEARCH("/",RIGHT(Tableau46[[#This Row],[file name]],LEN(Tableau46[[#This Row],[file name]])-SEARCH("@",Tableau46[[#This Row],[file name]])))),1) -> #VALUE!
A99: =IFERROR(LEFT(RIGHT(C99,LEN(C99)-SEARCH("@",C99)),SEARCH("/",RIGHT(C99,LEN(C99)-SEARCH("@",C99)-1))),"") | B99: =LEFT(RIGHT(RIGHT(Tableau46[[#This Row],[file name]],LEN(Tableau46[[#This Row],[file name]])-SEARCH("@",Tableau46[[#This Row],[file name]])),LEN(RIGHT(Tableau46[[#This Row],[file name]],LEN(Tableau46[[#This Row],[file name]])-SEARCH("@",Tableau46[[#This Row],[file name]])))-SEARCH("/",RIGHT(Tableau46[[#This Row],[file name]],LEN(Tableau46[[#This Row],[file name]])-SEARCH("@",Tableau46[[#This Row],[file name]])))),1) -> #VALUE!
A100: =IFERROR(LEFT(RIGHT(C100,LEN(C100)-SEARCH("@",C100)),SEARCH("/",RIGHT(C100,LEN(C100)-SEARCH("@",C100)-1))),"") | B100: =LEFT(RIGHT(RIGHT(Tableau46[[#This Row],[file name]],LEN(Tableau46[[#This Row],[file name]])-SEARCH("@",Tableau46[[#This Row],[file name]])),LEN(RIGHT(Tableau46[[#This Row],[file name]],LEN(Tableau46[[#This Row],[file name]])-SEARCH("@",Tableau46[[#This Row],[file name]])))-SEARCH("/",RIGHT(Tableau46[[#This Row],[file name]],LEN(Tableau46[[#This Row],[file name]])-SEARCH("@",Tableau46[[#This Row],[file name]])))),1) -> #VALUE! | C100: file name | D100: total area | E100: mean intensity | G100: total fluorescence
A101: =IFERROR(LEFT(RIGHT(C101,LEN(C101)-SEARCH("@",C101)),SEARCH("/",RIGHT(C101,LEN(C101)-SEARCH("@",C101)-1))),"") -> 04 EE2 76 | B101: =LEFT(RIGHT(RIGHT(Tableau46[[#This Row],[file name]],LEN(Tableau46[[#This Row],[file name]])-SEARCH("@",Tableau46[[#This Row],[file name]])),LEN(RIGHT(Tableau46[[#This Row],[file name]],LEN(Tableau46[[#This Row],[file name]])-SEARCH("@",Tableau46[[#This Row],[file name]])))-SEARCH("/",RIGHT(Tableau46[[#This Row],[file name]],LEN(Tableau46[[#This Row],[file name]])-SEARCH("@",Tableau46[[#This Row],[file name]])))),1) -> A | C101: F:\images\20210420\plaque 1/@04 EE2 76/A4_01.tif | D101: 2422.5482 | E101: 64.1696 | G101: 155454
A102: =IFERROR(LEFT(RIGHT(C102,LEN(C102)-SEARCH("@",C102)),SEARCH("/",RIGHT(C102,LEN(C102)-SEARCH("@",C102)-1))),"") -> 04 EE2 76 | B102: =LEFT(RIGHT(RIGHT(Tableau46[[#This Row],[file name]],LEN(Tableau46[[#This Row],[file name]])-SEARCH("@",Tableau46[[#This Row],[file name]])),LEN(RIGHT(Tableau46[[#This Row],[file name]],LEN(Tableau46[[#This Row],[file name]])-SEARCH("@",Tableau46[[#This Row],[file name]])))-SEARCH("/",RIGHT(Tableau46[[#This Row],[file name]],LEN(Tableau46[[#This Row],[file name]])-SEARCH("@",Tableau46[[#This Row],[file name]])))),1) -> A | C102: F:\images\20210420\plaque 1/@04 EE2 76/A4_02.tif | D102: 4131.3099 | E102: 65.4974 | G102: 270590
A103: =IFERROR(LEFT(RIGHT(C103,LEN(C103)-SEARCH("@",C103)),SEARCH("/",RIGHT(C103,LEN(C103)-SEARCH("@",C103)-1))),"") -> 04 EE2 76 | B103: =LEFT(RIGHT(RIGHT(Tableau46[[#This Row],[file name]],LEN(Tableau46[[#This Row],[file name]])-SEARCH("@",Tableau46[[#This Row],[file name]])),LEN(RIGHT(Tableau46[[#This Row],[file name]],LEN(Tableau46[[#This Row],[file name]])-SEARCH("@",Tableau46[[#This Row],[file name]])))-SEARCH("/",RIGHT(Tableau46[[#This Row],[file name]],LEN(Tableau46[[#This Row],[file name]])-SEARCH("@",Tableau46[[#This Row],[file name]])))),1) -> A | C103: F:\images\20210420\plaque 1/@04 EE2 76/A4_03.tif | D103: 9041.296 | E103: 72.6675 | G103: 657008
...

Sheet R2
A1: 6. Expérimentateur 2 : copier et coller les valeurs des intensités totales de fluorescences obtenues dans le fichier raw data lors du traitement des images. Ne pas supprimer les colonnes correspondant aux concentrations non lues.
A3: R2 | B3: Non dopé | O3: avec testo
A4: Noms des groupes | B4: ='Page de garde'!A7 -> Témoin solvant | C4: ='Page de garde'!A9 -> EE2-33.8ng/L | D4: ='Page de garde'!A10 -> EE2-50.6ng/L | E4: ='Page de garde'!A11 -> EE2-76ng/L | F4: ='Page de garde'!A12 -> EE2-114ng/L | G4: ='Page de garde'!A13 -> EE2-170.9ng/L | H4: ='Page de garde'!A14 -> EE2-488ng/L | I4: ='Page de garde'!A15 -> Arabinose-0.01mg/L | J4: ='Page de garde'!A16 -> Arabinose-0.1mg/L | K4: ='Page de garde'!A17 -> Arabinose-1mg/L | L4: ='Page de garde'!A18 -> Arabinose-10mg/L | M4: ='Page de garde'!A19 -> Arabinose-100mg/L | O4: ='Page de garde'!A36 -> Testo -30µg/L | P4: ='Page de garde'!A37 -> Testo 30µg/L + EE2 -64ng/L | Q4: ='Page de garde'!A38 -> Testo 30µg/L + FAD-10µg/L | R4: ='Page de garde'!A39 -> Arabinose-0.01mg/L + Testostérone | S4: ='Page de garde'!A40 -> Arabinose-0.1mg/L + Testostérone | T4: ='Page de garde'!A41 -> Arabinose-1mg/L + Testostérone | U4: ='Page de garde'!A42 -> Arabinose-10mg/L + Testostérone | V4: ='Page de garde'!A43 -> Arabinose-100mg/L + Testostérone
A5: Données brutes | B5: 397557.67 | C5: 467595 | D5: 391522.67 | E5: 361017.33 | F5: 1386007.7 | G5: 5394308 | H5: 7071461.3 | I5: 188165.67 | J5: 635364 | K5: 232542.67 | L5: 234562 | M5: 563278.67 | O5: 578354.33 | P5: 4646382.3 | Q5: 564864.67 | R5: 3052727.7 | S5: 1833039.7 | T5: 2678956 | U5: 3954954.3 | V5: 2888225.3
B6: 223574 | C6: 322862 | D6: 420983 | E6: 263409 | F6: 1387665.7 | G6: 285803 | H6: 5408057.3 | I6: 194568 | J6: 347131 | K6: 124862.33 | L6: 9271.6667 | M6: 497531 | O6: 985191.33 | P6: 558750.67 | Q6: 519117.33 | R6: 2917959.3 | S6: 1827336.7 | T6: 2541339.7 | U6: 1398834.3 | V6: 2431632.7
B7: 103340.33 | C7: 124033 | D7: 72416.667 | E7: 83686.333 | F7: 1126268.7 | G7: 2564974 | H7: 5385202.3 | I7: 87471.333 | J7: 117695.33 | K7: 1222492.7 | L7: 180371.67 | M7: 114645.67 | O7: 3794280 | P7: 2293223.3 | Q7: 163219 | R7: 1392143.3 | S7: 467321.33 | T7: 3745634.3 | U7: 222824 | V7: 3191310.7
