Workbook

Sheet Page de garde
A1: 1. Expérimentateur 1 : copier et coller le n° de prestation et renseigner la date de réalisation de chaque réplica ainsi que le visa de l'expérimentateur.
A2: R1 | B2: Numéro d'expérience : | E2: Date de réalisation :
A3: R2 | B3: Numéro d'expérience : | E3: Date de réalisation :
A4: R3 | B4: Numéro d'expérience : | E4: Date de réalisation :
A5: 2. Expérimentateur 1 : copier et coller la dilution appliquée et le nom donné pour chaque des échantillons par le client. Conserver la mise en forme de l'exemple en italique. Ne pas remplir la colonne "nom sur graphique".
A6: Nom sur le graphique | B6: Code WF | C6: Concentration | D6: Unité | E6: Nom de l'échantillon donné par le client | F6: Dopage (+Testostérone / + EE2, ….)
A7: =IF(ISBLANK(liste_groupe[[#This Row],[Code WF]])," ",IF(ISBLANK(liste_groupe[[#This Row],[Unité]]),CONCATENATE(liste_groupe[[#This Row],[Nom de l''échantillon donné par le client]],liste_groupe[[#This Row],[Dopage (+Testostérone / + EE2, ….)]]),CONCATENATE(liste_groupe[[#This Row],[Nom de l''échantillon donné par le client]],"-",liste_groupe[[#This Row],[Concentration]],liste_groupe[[#This Row],[Unité]],liste_groupe[[#This Row],[Dopage (+Testostérone / + EE2, ….)]]))) -> Témoin solvant | B7: Témoin | E7: Témoin solvant
A8: =IF(ISBLANK(liste_groupe[[#This Row],[Code WF]])," ",IF(ISBLANK(liste_groupe[[#This Row],[Unité]]),CONCATENATE(liste_groupe[[#This Row],[Nom de l''échantillon donné par le client]],liste_groupe[[#This Row],[Dopage (+Testostérone / + EE2, ….)]]),CONCATENATE(liste_groupe[[#This Row],[Nom de l''échantillon donné par le client]],"-",liste_groupe[[#This Row],[Concentration]],liste_groupe[[#This Row],[Unité]],liste_groupe[[#This Row],[Dopage (+Testostérone / + EE2, ….)]]))) -> EE2-22.5ng/L | B8: Témoin | C8: 22.5 | D8: ng/L | E8: EE2
A9: =IF(ISBLANK(liste_groupe[[#This Row],[Code WF]])," ",IF(ISBLANK(liste_groupe[[#This Row],[Unité]]),CONCATENATE(liste_groupe[[#This Row],[Nom de l''échantillon donné par le client]],liste_groupe[[#This Row],[Dopage (+Testostérone / + EE2, ….)]]),CONCATENATE(liste_groupe[[#This Row],[Nom de l''échantillon donné par le client]],"-",liste_groupe[[#This Row],[Concentration]],liste_groupe[[#This Row],[Unité]],liste_groupe[[#This Row],[Dopage (+Testostérone / + EE2, ….)]]))) -> EE2-33.8ng/L | B9: Témoin | C9: 33.8 | D9: ng/L | E9: EE2
A10: =IF(ISBLANK(liste_groupe[[#This Row],[Code WF]])," ",IF(ISBLANK(liste_groupe[[#This Row],[Unité]]),CONCATENATE(liste_groupe[[#This Row],[Nom de l''échantillon donné par le client]],liste_groupe[[#This Row],[Dopage (+Testostérone / + EE2, ….)]]),CONCATENATE(liste_groupe[[#This Row],[Nom de l''échantillon donné par le client]],"-",liste_groupe[[#This Row],[Concentration]],liste_groupe[[#This Row],[Unité]],liste_groupe[[#This Row],[Dopage (+Testostérone / + EE2, ….)]]))) -> EE2-50.6ng/L | B10: Témoin | C10: 50.6 | D10: ng/L | E10: EE2
A11: =IF(ISBLANK(liste_groupe[[#This Row],[Code WF]])," ",IF(ISBLANK(liste_groupe[[#This Row],[Unité]]),CONCATENATE(liste_groupe[[#This Row],[Nom de l''échantillon donné par le client]],liste_groupe[[#This Row],[Dopage (+Testostérone / + EE2, ….)]]),CONCATENATE(liste_groupe[[#This Row],[Nom de l''échantillon donné par le client]],"-",liste_groupe[[#This Row],[Concentration]],liste_groupe[[#This Row],[Unité]],liste_groupe[[#This Row],[Dopage (+Testostérone / + EE2, ….)]]))) -> EE2-76ng/L | B11: Témoin | C11: 76 | D11: ng/L | E11: EE2
A12: =IF(ISBLANK(liste_groupe[[#This Row],[Code WF]])," ",IF(ISBLANK(liste_groupe[[#This Row],[Unité]]),CONCATENATE(liste_groupe[[#This Row],[Nom de l''échantillon donné par le client]],liste_groupe[[#This Row],[Dopage (+Testostérone / + EE2, ….)]]),CONCATENATE(liste_groupe[[#This Row],[Nom de l''échantillon donné par le client]],"-",liste_groupe[[#This Row],[Concentration]],liste_groupe[[#This Row],[Unité]],liste_groupe[[#This Row],[Dopage (+Testostérone / + EE2, ….)]]))) -> EE2-114ng/L | B12: Témoin | C12: 114 | D12: ng/L | E12: EE2
A13: =IF(ISBLANK(liste_groupe[[#This Row],[Code WF]])," ",IF(ISBLANK(liste_groupe[[#This Row],[Unité]]),CONCATENATE(liste_groupe[[#This Row],[Nom de l''échantillon donné par le client]],liste_groupe[[#This Row],[Dopage (+Testostérone / + EE2, ….)]]),CONCATENATE(liste_groupe[[#This Row],[Nom de l''échantillon donné par le client]],"-",liste_groupe[[#This Row],[Concentration]],liste_groupe[[#This Row],[Unité]],liste_groupe[[#This Row],[Dopage (+Testostérone / + EE2, ….)]]))) -> EE2-170.9ng/L | B13: Témoin | C13: 170.9 | D13: ng/L | E13: EE2
A14: =IF(ISBLANK(liste_groupe[[#This Row],[Code WF]])," ",IF(ISBLANK(liste_groupe[[#This Row],[Unité]]),CONCATENATE(liste_groupe[[#This Row],[Nom de l''échantillon donné par le client]],liste_groupe[[#This Row],[Dopage (+Testostérone / + EE2, ….)]]),CONCATENATE(liste_groupe[[#This Row],[Nom de l''échantillon donné par le client]],"-",liste_groupe[[#This Row],[Concentration]],liste_groupe[[#This Row],[Unité]],liste_groupe[[#This Row],[Dopage (+Testostérone / + EE2, ….)]]))) -> EE2-488ng/L | B14: Témoin | C14: 488 | D14: ng/L | E14: EE2
A15: Tamoxifen-30,2µg/L | C15: 30.2 | D15: µg/L | E15: Tamoxifen
A16: Tamoxifen-60,4µg/L | C16: 60.4 | D16: µg/L | E16: Tamoxifen
A17: Tamoxifen-121µg/L | C17: 121 | D17: µg/L | E17: Tamoxifen
A18: Tamoxifen-242µg/L | C18: 242 | D18: µg/L | E18: Tamoxifen
A19: Tamoxifen-483µg/L | C19: 483 | D19: µg/L | E19: Tamoxifen
A20: =IF(ISBLANK(liste_groupe[[#This Row],[Code WF]])," ",IF(ISBLANK(liste_groupe[[#This Row],[Unité]]),CONCATENATE(liste_groupe[[#This Row],[Nom de l''échantillon donné par le client]],liste_groupe[[#This Row],[Dopage (+Testostérone / + EE2, ….)]]),CONCATENATE(liste_groupe[[#This Row],[Nom de l''échantillon donné par le client]],"-",liste_groupe[[#This Row],[Concentration]],liste_groupe[[#This Row],[Unité]],liste_groupe[[#This Row],[Dopage (+Testostérone / + EE2, ….)]])))
A21: =IF(ISBLANK(liste_groupe[[#This Row],[Code WF]])," ",IF(ISBLANK(liste_groupe[[#This Row],[Unité]]),CONCATENATE(liste_groupe[[#This Row],[Nom de l''échantillon donné par le client]],liste_groupe[[#This Row],[Dopage (+Testostérone / + EE2, ….)]]),CONCATENATE(liste_groupe[[#This Row],[Nom de l''échantillon donné par le client]],"-",liste_groupe[[#This Row],[Concentration]],liste_groupe[[#This Row],[Unité]],liste_groupe[[#This Row],[Dopage (+Testostérone / + EE2, ….)]])))
A22: =IF(ISBLANK(liste_groupe[[#This Row],[Code WF]])," ",IF(ISBLANK(liste_groupe[[#This Row],[Unité]]),CONCATENATE(liste_groupe[[#This Row],[Nom de l''échantillon donné par le client]],liste_groupe[[#This Row],[Dopage (+Testostérone / + EE2, ….)]]),CONCATENATE(liste_groupe[[#This Row],[Nom de l''échantillon donné par le client]],"-",liste_groupe[[#This Row],[Concentration]],liste_groupe[[#This Row],[Unité]],liste_groupe[[#This Row],[Dopage (+Testostérone / + EE2, ….)]])))
A23: =IF(ISBLANK(liste_groupe[[#This Row],[Code WF]])," ",IF(ISBLANK(liste_groupe[[#This Row],[Unité]]),CONCATENATE(liste_groupe[[#This Row],[Nom de l''échantillon donné par le client]],liste_groupe[[#This Row],[Dopage (+Testostérone / + EE2, ….)]]),CONCATENATE(liste_groupe[[#This Row],[Nom de l''échantillon donné par le client]],"-",liste_groupe[[#This Row],[Concentration]],liste_groupe[[#This Row],[Unité]],liste_groupe[[#This Row],[Dopage (+Testostérone / + EE2, ….)]])))
A24: =IF(ISBLANK(liste_groupe[[#This Row],[Code WF]])," ",IF(ISBLANK(liste_groupe[[#This Row],[Unité]]),CONCATENATE(liste_groupe[[#This Row],[Nom de l''échantillon donné par le client]],liste_groupe[[#This Row],[Dopage (+Testostérone / + EE2, ….)]]),CONCATENATE(liste_groupe[[#This Row],[Nom de l''échantillon donné par le client]],"-",liste_groupe[[#This Row],[Concentration]],liste_groupe[[#This Row],[Unité]],liste_groupe[[#This Row],[Dopage (+Testostérone / + EE2, ….)]])))
A25: =IF(ISBLANK(liste_groupe[[#This Row],[Code WF]])," ",IF(ISBLANK(liste_groupe[[#This Row],[Unité]]),CONCATENATE(liste_groupe[[#This Row],[Nom de l''échantillon donné par le client]],liste_groupe[[#This Row],[Dopage (+Testostérone / + EE2, ….)]]),CONCATENATE(liste_groupe[[#This Row],[Nom de l''échantillon donné par le client]],"-",liste_groupe[[#This Row],[Concentration]],liste_groupe[[#This Row],[Unité]],liste_groupe[[#This Row],[Dopage (+Testostérone / + EE2, ….)]])))
A26: =IF(ISBLANK(liste_groupe[[#This Row],[Code WF]])," ",IF(ISBLANK(liste_groupe[[#This Row],[Unité]]),CONCATENATE(liste_groupe[[#This Row],[Nom de l''échantillon donné par le client]],liste_groupe[[#This Row],[Dopage (+Testostérone / + EE2, ….)]]),CONCATENATE(liste_groupe[[#This Row],[Nom de l''échantillon donné par le client]],"-",liste_groupe[[#This Row],[Concentration]],liste_groupe[[#This Row],[Unité]],liste_groupe[[#This Row],[Dopage (+Testostérone / + EE2, ….)]])))
A27: =IF(ISBLANK(liste_groupe[[#This Row],[Code WF]])," ",IF(ISBLANK(liste_groupe[[#This Row],[Unité]]),CONCATENATE(liste_groupe[[#This Row],[Nom de l''échantillon donné par le client]],liste_groupe[[#This Row],[Dopage (+Testostérone / + EE2, ….)]]),CONCATENATE(liste_groupe[[#This Row],[Nom de l''échantillon donné par le client]],"-",liste_groupe[[#This Row],[Concentration]],liste_groupe[[#This Row],[Unité]],liste_groupe[[#This Row],[Dopage (+Testostérone / + EE2, ….)]])))
A28: =IF(ISBLANK(liste_groupe[[#This Row],[Code WF]])," ",IF(ISBLANK(liste_groupe[[#This Row],[Unité]]),CONCATENATE(liste_groupe[[#This Row],[Nom de l''échantillon donné par le client]],liste_groupe[[#This Row],[Dopage (+Testostérone / + EE2, ….)]]),CONCATENATE(liste_groupe[[#This Row],[Nom de l''échantillon donné par le client]],"-",liste_groupe[[#This Row],[Concentration]],liste_groupe[[#This Row],[Unité]],liste_groupe[[#This Row],[Dopage (+Testostérone / + EE2, ….)]])))
A29: =IF(ISBLANK(liste_groupe[[#This Row],[Code WF]])," ",IF(ISBLANK(liste_groupe[[#This Row],[Unité]]),CONCATENATE(liste_groupe[[#This Row],[Nom de l''échantillon donné par le client]],liste_groupe[[#This Row],[Dopage (+Testostérone / + EE2, ….)]]),CONCATENATE(liste_groupe[[#This Row],[Nom de l''échantillon donné par le client]],"-",liste_groupe[[#This Row],[Concentration]],liste_groupe[[#This Row],[Unité]],liste_groupe[[#This Row],[Dopage (+Testostérone / + EE2, ….)]])))
A30: =IF(ISBLANK(liste_groupe[[#This Row],[Code WF]])," ",IF(ISBLANK(liste_groupe[[#This Row],[Unité]]),CONCATENATE(liste_groupe[[#This Row],[Nom de l''échantillon donné par le client]],liste_groupe[[#This Row],[Dopage (+Testostérone / + EE2, ….)]]),CONCATENATE(liste_groupe[[#This Row],[Nom de l''échantillon donné par le client]],"-",liste_groupe[[#This Row],[Concentration]],liste_groupe[[#This Row],[Unité]],liste_groupe[[#This Row],[Dopage (+Testostérone / + EE2, ….)]])))
A31: =IF(ISBLANK(liste_groupe[[#This Row],[Code WF]])," ",IF(ISBLANK(liste_groupe[[#This Row],[Unité]]),CONCATENATE(liste_groupe[[#This Row],[Nom de l''échantillon donné par le client]],liste_groupe[[#This Row],[Dopage (+Testostérone / + EE2, ….)]]),CONCATENATE(liste_groupe[[#This Row],[Nom de l''échantillon donné par le client]],"-",liste_groupe[[#This Row],[Concentration]],liste_groupe[[#This Row],[Unité]],liste_groupe[[#This Row],[Dopage (+Testostérone / + EE2, ….)]])))
... A35: =IF(ISBLANK(liste_groupe[[#This Row],[Code WF]])," ",IF(ISBLANK(liste_groupe[[#This Row],[Unité]]),CONCATENATE(liste_groupe[[#This Row],[Nom de l''échantillon donné par le client]],liste_groupe[[#This Row],[Dopage (+Testostérone / + EE2, ….)]]),CONCATENATE(liste_groupe[[#This Row],[Nom de l''échantillon donné par le client]],"-",liste_groupe[[#This Row],[Concentration]],liste_groupe[[#This Row],[Unité]],liste_groupe[[#This Row],[Dopage (+Testostérone / + EE2, ….)]])))
A36: =IF(ISBLANK(liste_groupe[[#This Row],[Code WF]])," ",IF(ISBLANK(liste_groupe[[#This Row],[Unité]]),CONCATENATE(liste_groupe[[#This Row],[Nom de l''échantillon donné par le client]],liste_groupe[[#This Row],[Dopage (+Testostérone / + EE2, ….)]]),CONCATENATE(liste_groupe[[#This Row],[Nom de l''échantillon donné par le client]],"-",liste_groupe[[#This Row],[Concentration]],liste_groupe[[#This Row],[Unité]],liste_groupe[[#This Row],[Dopage (+Testostérone / + EE2, ….)]]))) -> Testo -30µg/L | B36: Témoin | C36: 30 | D36: µg/L | E36: Testo
A37: =IF(ISBLANK(liste_groupe[[#This Row],[Code WF]])," ",IF(ISBLANK(liste_groupe[[#This Row],[Unité]]),CONCATENATE(liste_groupe[[#This Row],[Nom de l''échantillon donné par le client]],liste_groupe[[#This Row],[Dopage (+Testostérone / + EE2, ….)]]),CONCATENATE(liste_groupe[[#This Row],[Nom de l''échantillon donné par le client]],"-",liste_groupe[[#This Row],[Concentration]],liste_groupe[[#This Row],[Unité]],liste_groupe[[#This Row],[Dopage (+Testostérone / + EE2, ….)]]))) -> Testo 30µg/L + EE2 -64ng/L | B37: Témoin | C37: 64 | D37: ng/L | E37: Testo 30µg/L + EE2
A38: =IF(ISBLANK(liste_groupe[[#This Row],[Code WF]])," ",IF(ISBLANK(liste_groupe[[#This Row],[Unité]]),CONCATENATE(liste_groupe[[#This Row],[Nom de l''échantillon donné par le client]],liste_groupe[[#This Row],[Dopage (+Testostérone / + EE2, ….)]]),CONCATENATE(liste_groupe[[#This Row],[Nom de l''échantillon donné par le client]],"-",liste_groupe[[#This Row],[Concentration]],liste_groupe[[#This Row],[Unité]],liste_groupe[[#This Row],[Dopage (+Testostérone / + EE2, ….)]]))) -> Testo 30µg/L + FAD-10µg/L | B38: Témoin | C38: 10 | D38: µg/L | E38: Testo 30µg/L + FAD
A39: =IF(ISBLANK(liste_groupe[[#This Row],[Code WF]])," ",IF(ISBLANK(liste_groupe[[#This Row],[Unité]]),CONCATENATE(liste_groupe[[#This Row],[Nom de l''échantillon donné par le client]],liste_groupe[[#This Row],[Dopage (+Testostérone / + EE2, ….)]]),CONCATENATE(liste_groupe[[#This Row],[Nom de l''échantillon donné par le client]],"-",liste_groupe[[#This Row],[Concentration]],liste_groupe[[#This Row],[Unité]],liste_groupe[[#This Row],[Dopage (+Testostérone / + EE2, ….)]]))) -> Tamoxifen-30.2µg/L + Testostérone | B39: =B15 -> 0 | C39: =C15 -> 30.2 | D39: =D15 -> µg/L | E39: =E15 -> Tamoxifen | F39: + Testostérone
A40: =IF(ISBLANK(liste_groupe[[#This Row],[Code WF]])," ",IF(ISBLANK(liste_groupe[[#This Row],[Unité]]),CONCATENATE(liste_groupe[[#This Row],[Nom de l''échantillon donné par le client]],liste_groupe[[#This Row],[Dopage (+Testostérone / + EE2, ….)]]),CONCATENATE(liste_groupe[[#This Row],[Nom de l''échantillon donné par le client]],"-",liste_groupe[[#This Row],[Concentration]],liste_groupe[[#This Row],[Unité]],liste_groupe[[#This Row],[Dopage (+Testostérone / + EE2, ….)]]))) -> Tamoxifen-60.4µg/L + Testostérone | B40: =B16 -> 0 | C40: =C16 -> 60.4 | D40: =D16 -> µg/L | E40: =E16 -> Tamoxifen | F40: + Testostérone
A41: =IF(ISBLANK(liste_groupe[[#This Row],[Code WF]])," ",IF(ISBLANK(liste_groupe[[#This Row],[Unité]]),CONCATENATE(liste_groupe[[#This Row],[Nom de l''échantillon donné par le client]],liste_groupe[[#This Row],[Dopage (+Testostérone / + EE2, ….)]]),CONCATENATE(liste_groupe[[#This Row],[Nom de l''échantillon donné par le client]],"-",liste_groupe[[#This Row],[Concentration]],liste_groupe[[#This Row],[Unité]],liste_groupe[[#This Row],[Dopage (+Testostérone / + EE2, ….)]]))) -> Tamoxifen-121µg/L + Testostérone | B41: =B17 -> 0 | C41: =C17 -> 121 | D41: =D17 -> µg/L | E41: =E17 -> Tamoxifen | F41: + Testostérone
A42: =IF(ISBLANK(liste_groupe[[#This Row],[Code WF]])," ",IF(ISBLANK(liste_groupe[[#This Row],[Unité]]),CONCATENATE(liste_groupe[[#This Row],[Nom de l''échantillon donné par le client]],liste_groupe[[#This Row],[Dopage (+Testostérone / + EE2, ….)]]),CONCATENATE(liste_groupe[[#This Row],[Nom de l''échantillon donné par le client]],"-",liste_groupe[[#This Row],[Concentration]],liste_groupe[[#This Row],[Unité]],liste_groupe[[#This Row],[Dopage (+Testostérone / + EE2, ….)]]))) -> Tamoxifen-242µg/L + Testostérone | B42: =B18 -> 0 | C42: =C18 -> 242 | D42: =D18 -> µg/L | E42: =E18 -> Tamoxifen | F42: + Testostérone
A43: =IF(ISBLANK(liste_groupe[[#This Row],[Code WF]])," ",IF(ISBLANK(liste_groupe[[#This Row],[Unité]]),CONCATENATE(liste_groupe[[#This Row],[Nom de l''échantillon donné par le client]],liste_groupe[[#This Row],[Dopage (+Testostérone / + EE2, ….)]]),CONCATENATE(liste_groupe[[#This Row],[Nom de l''échantillon donné par le client]],"-",liste_groupe[[#This Row],[Concentration]],liste_groupe[[#This Row],[Unité]],liste_groupe[[#This Row],[Dopage (+Testostérone / + EE2, ….)]]))) -> Tamoxifen-483µg/L + Testostérone | B43: =B19 -> 0 | C43: =C19 -> 483 | D43: =D19 -> µg/L | E43: =E19 -> Tamoxifen | F43: + Testostérone
A44: =IF(ISBLANK(liste_groupe[[#This Row],[Code WF]])," ",IF(ISBLANK(liste_groupe[[#This Row],[Unité]]),CONCATENATE(liste_groupe[[#This Row],[Nom de l''échantillon donné par le client]],liste_groupe[[#This Row],[Dopage (+Testostérone / + EE2, ….)]]),CONCATENATE(liste_groupe[[#This Row],[Nom de l''échantillon donné par le client]],"-",liste_groupe[[#This Row],[Concentration]],liste_groupe[[#This Row],[Unité]],liste_groupe[[#This Row],[Dopage (+Testostérone / + EE2, ….)]]))) -> 0-00 + Testostérone | B44: =B20 -> 0 | C44: =C20 -> 0 | D44: =D20 -> 0 | E44: =E20 -> 0 | F44: + Testostérone
A45: =IF(ISBLANK(liste_groupe[[#This Row],[Code WF]])," ",IF(ISBLANK(liste_groupe[[#This Row],[Unité]]),CONCATENATE(liste_groupe[[#This Row],[Nom de l''échantillon donné par le client]],liste_groupe[[#This Row],[Dopage (+Testostérone / + EE2, ….)]]),CONCATENATE(liste_groupe[[#This Row],[Nom de l''échantillon donné par le client]],"-",liste_groupe[[#This Row],[Concentration]],liste_groupe[[#This Row],[Unité]],liste_groupe[[#This Row],[Dopage (+Testostérone / + EE2, ….)]]))) -> 0-00 + Testostérone | B45: =B21 -> 0 | C45: =C21 -> 0 | D45: =D21 -> 0 | E45: =E21 -> 0 | F45: + Testostérone
A46: =IF(ISBLANK(liste_groupe[[#This Row],[Code WF]])," ",IF(ISBLANK(liste_groupe[[#This Row],[Unité]]),CONCATENATE(liste_groupe[[#This Row],[Nom de l''échantillon donné par le client]],liste_groupe[[#This Row],[Dopage (+Testostérone / + EE2, ….)]]),CONCATENATE(liste_groupe[[#This Row],[Nom de l''échantillon donné par le client]],"-",liste_groupe[[#This Row],[Concentration]],liste_groupe[[#This Row],[Unité]],liste_groupe[[#This Row],[Dopage (+Testostérone / + EE2, ….)]]))) -> 0-00 + Testostérone | B46: =B22 -> 0 | C46: =C22 -> 0 | D46: =D22 -> 0 | E46: =E22 -> 0 | F46: + Testostérone
A47: =IF(ISBLANK(liste_groupe[[#This Row],[Code WF]])," ",IF(ISBLANK(liste_groupe[[#This Row],[Unité]]),CONCATENATE(liste_groupe[[#This Row],[Nom de l''échantillon donné par le client]],liste_groupe[[#This Row],[Dopage (+Testostérone / + EE2, ….)]]),CONCATENATE(liste_groupe[[#This Row],[Nom de l''échantillon donné par le client]],"-",liste_groupe[[#This Row],[Concentration]],liste_groupe[[#This Row],[Unité]],liste_groupe[[#This Row],[Dopage (+Testostérone / + EE2, ….)]]))) -> 0-00 + Testostérone | B47: =B23 -> 0 | C47: =C23 -> 0 | D47: =D23 -> 0 | E47: =E23 -> 0 | F47: + Testostérone
A48: =IF(ISBLANK(liste_groupe[[#This Row],[Code WF]])," ",IF(ISBLANK(liste_groupe[[#This Row],[Unité]]),CONCATENATE(liste_groupe[[#This Row],[Nom de l''échantillon donné par le client]],liste_groupe[[#This Row],[Dopage (+Testostérone / + EE2, ….)]]),CONCATENATE(liste_groupe[[#This Row],[Nom de l''échantillon donné par le client]],"-",liste_groupe[[#This Row],[Concentration]],liste_groupe[[#This Row],[Unité]],liste_groupe[[#This Row],[Dopage (+Testostérone / + EE2, ….)]]))) -> 0-00 + Testostérone | B48: =B24 -> 0 | C48: =C24 -> 0 | D48: =D24 -> 0 | E48: =E24 -> 0 | F48: + Testostérone
A49: =IF(ISBLANK(liste_groupe[[#This Row],[Code WF]])," ",IF(ISBLANK(liste_groupe[[#This Row],[Unité]]),CONCATENATE(liste_groupe[[#This Row],[Nom de l''échantillon donné par le client]],liste_groupe[[#This Row],[Dopage (+Testostérone / + EE2, ….)]]),CONCATENATE(liste_groupe[[#This Row],[Nom de l''échantillon donné par le client]],"-",liste_groupe[[#This Row],[Concentration]],liste_groupe[[#This Row],[Unité]],liste_groupe[[#This Row],[Dopage (+Testostérone / + EE2, ….)]]))) -> 0-00 + Testostérone | B49: =B25 -> 0 | C49: =C25 -> 0 | D49: =D25 -> 0 | E49: =E25 -> 0 | F49: + Testostérone
A50: =IF(ISBLANK(liste_groupe[[#This Row],[Code WF]])," ",IF(ISBLANK(liste_groupe[[#This Row],[Unité]]),CONCATENATE(liste_groupe[[#This Row],[Nom de l''échantillon donné par le client]],liste_groupe[[#This Row],[Dopage (+Testostérone / + EE2, ….)]]),CONCATENATE(liste_groupe[[#This Row],[Nom de l''échantillon donné par le client]],"-",liste_groupe[[#This Row],[Concentration]],liste_groupe[[#This Row],[Unité]],liste_groupe[[#This Row],[Dopage (+Testostérone / + EE2, ….)]]))) -> 0-00 + Testostérone | B50: =B26 -> 0 | C50: =C26 -> 0 | D50: =D26 -> 0 | E50: =E26 -> 0 | F50: + Testostérone
... A58: =IF(ISBLANK(liste_groupe[[#This Row],[Code WF]])," ",IF(ISBLANK(liste_groupe[[#This Row],[Unité]]),CONCATENATE(liste_groupe[[#This Row],[Nom de l''échantillon donné par le client]],liste_groupe[[#This Row],[Dopage (+Testostérone / + EE2, ….)]]),CONCATENATE(liste_groupe[[#This Row],[Nom de l''échantillon donné par le client]],"-",liste_groupe[[#This Row],[Concentration]],liste_groupe[[#This Row],[Unité]],liste_groupe[[#This Row],[Dopage (+Testostérone / + EE2, ….)]]))) -> 0-00 + Testostérone | B58: =B34 -> 0 | C58: =C34 -> 0 | D58: =D34 -> 0 | E58: =E34 -> 0 | F58: + Testostérone

Sheet Feuil1
A1: Nom groupe | B1: N° de valeur | C1: file name | D1: total area | E1: mean intensity | G1: total fluorescence | I1: nbre de larves
A2: 01 EE2 0 | B2: A | C2: C:\Users\Olympus\Desktop\20190122\plaque1/@01 EE2 0/A1_1.tif | D2: 4931.616 | E2: 73.0526 | G2: 360268
A3: 01 EE2 0 | B3: A | C3: C:\Users\Olympus\Desktop\20190122\plaque1/@01 EE2 0/A1_2.tif | D3: 5234.4345 | E3: 71.1281 | G3: 372315
A4: 01 EE2 0 | B4: A | C4: C:\Users\Olympus\Desktop\20190122\plaque1/@01 EE2 0/A1_3.tif | D4: 3547.3027 | E4: 66.9878 | G4: 237626
A5: 01 EE2 0 | B5: A | C5: C:\Users\Olympus\Desktop\20190122\plaque3/@01 EE2 0/A1_3.tif | D5: 21456.8555 | E5: 67.0655 | G5: 1439015
A6: 01 EE2 0 | B6: A | C6: C:\Users\Olympus\Desktop\20190122\plaque3/@01 EE2 0/A1_2.tif | D6: 21586.6348 | E6: 66.4108 | G6: 1433586
A7: 01 EE2 0 | B7: A | C7: C:\Users\Olympus\Desktop\20190122\plaque3/@01 EE2 0/A1_1.tif | D7: 15984.4921 | E7: 69.7767 | G7: 1115346

Sheet Raw data R4
A1: Nom groupe | B1: N° de valeur | C1: file name | D1: total area | E1: mean intensity | G1: total fluorescence | I1: nbre de larves | J1: Colonne1 | L1: (Tous)
A2: =IFERROR(LEFT(RIGHT(C2,LEN(C2)-SEARCH("@",C2)),SEARCH("/",RIGHT(C2,LEN(C2)-SEARCH("@",C2)-1))),"") -> 01 Témoins solvant | B2: =LEFT(RIGHT(RIGHT(Tableau4[[#This Row],[file name]],LEN(Tableau4[[#This Row],[file name]])-SEARCH("@",Tableau4[[#This Row],[file name]])),LEN(RIGHT(Tableau4[[#This Row],[file name]],LEN(Tableau4[[#This Row],[file name]])-SEARCH("@",Tableau4[[#This Row],[file name]])))-SEARCH("/",RIGHT(Tableau4[[#This Row],[file name]],LEN(Tableau4[[#This Row],[file name]])-SEARCH("@",Tableau4[[#This Row],[file name]])))),1) -> A | C2: D:\Images\20210706\plaque 1/@01 Témoins solvant/A1_01.tif | D2: 3309.3739 | E2: 64.1242 | G2: 212211 | K2: Filtre lignes : Enlever (vide) et Néant | L2: Filtre colonnes : Enlever (vide) et " "
A3: =IFERROR(LEFT(RIGHT(C3,LEN(C3)-SEARCH("@",C3)),SEARCH("/",RIGHT(C3,LEN(C3)-SEARCH("@",C3)-1))),"") -> 01 Témoins solvant | B3: =LEFT(RIGHT(RIGHT(Tableau4[[#This Row],[file name]],LEN(Tableau4[[#This Row],[file name]])-SEARCH("@",Tableau4[[#This Row],[file name]])),LEN(RIGHT(Tableau4[[#This Row],[file name]],LEN(Tableau4[[#This Row],[file name]])-SEARCH("@",Tableau4[[#This Row],[file name]])))-SEARCH("/",RIGHT(Tableau4[[#This Row],[file name]],LEN(Tableau4[[#This Row],[file name]])-SEARCH("@",Tableau4[[#This Row],[file name]])))),1) -> A | C3: D:\Images\20210706\plaque 1/@01 Témoins solvant/A1_02.tif | D3: 3806.8615 | E3: 63.8977 | G3: 243250 | K3: Moyenne de total fluorescence | L3: Étiquettes de colonnes
A4: =IFERROR(LEFT(RIGHT(C4,LEN(C4)-SEARCH("@",C4)),SEARCH("/",RIGHT(C4,LEN(C4)-SEARCH("@",C4)-1))),"") -> 01 Témoins solvant | B4: =LEFT(RIGHT(RIGHT(Tableau4[[#This Row],[file name]],LEN(Tableau4[[#This Row],[file name]])-SEARCH("@",Tableau4[[#This Row],[file name]])),LEN(RIGHT(Tableau4[[#This Row],[file name]],LEN(Tableau4[[#This Row],[file name]])-SEARCH("@",Tableau4[[#This Row],[file name]])))-SEARCH("/",RIGHT(Tableau4[[#This Row],[file name]],LEN(Tableau4[[#This Row],[file name]])-SEARCH("@",Tableau4[[#This Row],[file name]])))),1) -> A | C4: D:\Images\20210706\plaque 1/@01 Témoins solvant/A1_03.tif | D4: 2660.477 | E4: 64.8862 | G4: 172628 | K4: Étiquettes de lignes | L4: 01 Témoins solvant | M4: 02 EE2 33.8 | N4: 03 EE2 50 | O4: 04 EE2 76 | P4: 05 EE2 114 | Q4: 06 EE2 170 | R4: 07 EE2 488 | S4: 08tam 30.2µg_L | T4: 09 tam 60.4µg_L | U4: 10 tam 121µg_L | V4: 11 tam 242µg_L | W4: 12 tam 483µg_L | X4: 01 testo 30 | Y4: 02 testo 30 | Z4: 03Testo + EE2 64 | AA4: 04 Testo +FAD | AB4: 05 tam 30.2 + testo | AC4: 06 tam 60.4 + testo | AD4: 07 tam 121 + testo | AE4: 08 tam 242 + testo | AF4: 09 tam 483 + testo
A5: =IFERROR(LEFT(RIGHT(C5,LEN(C5)-SEARCH("@",C5)),SEARCH("/",RIGHT(C5,LEN(C5)-SEARCH("@",C5)-1))),"") -> 01 Témoins solvant | B5: =LEFT(RIGHT(RIGHT(Tableau4[[#This Row],[file name]],LEN(Tableau4[[#This Row],[file name]])-SEARCH("@",Tableau4[[#This Row],[file name]])),LEN(RIGHT(Tableau4[[#This Row],[file name]],LEN(Tableau4[[#This Row],[file name]])-SEARCH("@",Tableau4[[#This Row],[file name]])))-SEARCH("/",RIGHT(Tableau4[[#This Row],[file name]],LEN(Tableau4[[#This Row],[file name]])-SEARCH("@",Tableau4[[#This Row],[file name]])))),1) -> B | C5: D:\Images\20210706\plaque 1/@01 Témoins solvant/B1_01.tif | D5: 6078.0004 | E5: 69.0605 | G5: 419750 | K5: A | L5: 209363 | M5: 763340.33 | N5: 212852.67 | O5: 1535448.3 | P5: 3204036.3 | Q5: 2781247.5 | R5: 3334371 | S5: 327923.67 | T5: 59842.667 | U5: 296776.33 | W5: 202340.33 | X5: 2451907.3 | Y5: 763391 | Z5: 1351450.3 | AA5: 276977.67 | AB5: 1020822.7 | AC5: 1475454.7 | AD5: 2472672 | AE5: 402997.5
A6: =IFERROR(LEFT(RIGHT(C6,LEN(C6)-SEARCH("@",C6)),SEARCH("/",RIGHT(C6,LEN(C6)-SEARCH("@",C6)-1))),"") -> 01 Témoins solvant | B6: =LEFT(RIGHT(RIGHT(Tableau4[[#This Row],[file name]],LEN(Tableau4[[#This Row],[file name]])-SEARCH("@",Tableau4[[#This Row],[file name]])),LEN(RIGHT(Tableau4[[#This Row],[file name]],LEN(Tableau4[[#This Row],[file name]])-SEARCH("@",Tableau4[[#This Row],[file name]])))-SEARCH("/",RIGHT(Tableau4[[#This Row],[file name]],LEN(Tableau4[[#This Row],[file name]])-SEARCH("@",Tableau4[[#This Row],[file name]])))),1) -> B | C6: D:\Images\20210706\plaque 1/@01 Témoins solvant/B1_02.tif | D6: 3006.5554 | E6: 65.2734 | G6: 196248 | K6: B | L6: 223862.33 | M6: 220336.67 | N6: 305969.33 | O6: 76267 | P6: 470212.67 | Q6: 2656338.3 | R6: 4608624 | S6: 191021 | T6: 911880 | U6: 66721.333 | V6: 55448.5 | W6: 567157.33 | X6: 2295905 | Y6: 1951211.3 | Z6: 3585811.3 | AA6: 107738.33 | AB6: 2013930.7 | AC6: 3171346.7 | AD6: 2977910.3 | AE6: 4320794.7 | AF6: 1415395.3
A7: =IFERROR(LEFT(RIGHT(C7,LEN(C7)-SEARCH("@",C7)),SEARCH("/",RIGHT(C7,LEN(C7)-SEARCH("@",C7)-1))),"") -> 01 Témoins solvant | B7: =LEFT(RIGHT(RIGHT(Tableau4[[#This Row],[file name]],LEN(Tableau4[[#This Row],[file name]])-SEARCH("@",Tableau4[[#This Row],[file name]])),LEN(RIGHT(Tableau4[[#This Row],[file name]],LEN(Tableau4[[#This Row],[file name]])-SEARCH("@",Tableau4[[#This Row],[file name]])))-SEARCH("/",RIGHT(Tableau4[[#This Row],[file name]],LEN(Tableau4[[#This Row],[file name]])-SEARCH("@",Tableau4[[#This Row],[file name]])))),1) -> B | C7: D:\Images\20210706\plaque 1/@01 Témoins solvant/B1_03.tif | D7: 886.8257 | E7: 62.6829 | G7: 55589 | K7: C | L7: 165223.33 | M7: 247208 | N7: 53224 | O7: 730484.67 | P7: 848194.67 | Q7: 2253150 | R7: 5526207.7 | S7: 58227.667 | T7: 290287.67 | U7: 205823 | V7: 135554.33 | W7: 653129 | X7: 3237843.5 | Y7: 200292.67 | Z7: 5725325 | AA7: 236999 | AB7: 875347.67 | AC7: 3095786 | AD7: 2143399.7 | AE7: 4419535.3 | AF7: 1568311.3
A8: =IFERROR(LEFT(RIGHT(C8,LEN(C8)-SEARCH("@",C8)),SEARCH("/",RIGHT(C8,LEN(C8)-SEARCH("@",C8)-1))),"") -> 01 Témoins solvant | B8: =LEFT(RIGHT(RIGHT(Tableau4[[#This Row],[file name]],LEN(Tableau4[[#This Row],[file name]])-SEARCH("@",Tableau4[[#This Row],[file name]])),LEN(RIGHT(Tableau4[[#This Row],[file name]],LEN(Tableau4[[#This Row],[file name]])-SEARCH("@",Tableau4[[#This Row],[file name]])))-SEARCH("/",RIGHT(Tableau4[[#This Row],[file name]],LEN(Tableau4[[#This Row],[file name]])-SEARCH("@",Tableau4[[#This Row],[file name]])))),1) -> C | C8: D:\Images\20210706\plaque 1/@01 Témoins solvant/C1_01.tif | D8: 1925.0606 | E8: 64.0562 | G8: 123312 | K8: D | L8: 22358 | M8: 290352.33 | N8: 910041.67 | O8: 295471.67 | P8: 2160336 | Q8: 1398430.3 | R8: 8878170.7 | S8: 358234.33 | T8: 123564.33 | U8: 244014.33 | V8: 200206.33 | W8: 485194.67 | X8: 2340426.7 | Y8: 2068997 | Z8: 4350810 | AA8: 433665 | AB8: 1527078 | AC8: 505966.33 | AD8: 4255782.7 | AE8: 3419736.7 | AF8: 1466290.7
A9: =IFERROR(LEFT(RIGHT(C9,LEN(C9)-SEARCH("@",C9)),SEARCH("/",RIGHT(C9,LEN(C9)-SEARCH("@",C9)-1))),"") -> 01 Témoins solvant | B9: =LEFT(RIGHT(RIGHT(Tableau4[[#This Row],[file name]],LEN(Tableau4[[#This Row],[file name]])-SEARCH("@",Tableau4[[#This Row],[file name]])),LEN(RIGHT(Tableau4[[#This Row],[file name]],LEN(Tableau4[[#This Row],[file name]])-SEARCH("@",Tableau4[[#This Row],[file name]])))-SEARCH("/",RIGHT(Tableau4[[#This Row],[file name]],LEN(Tableau4[[#This Row],[file name]])-SEARCH("@",Tableau4[[#This Row],[file name]])))),1) -> C | C9: D:\Images\20210706\plaque 1/@01 Témoins solvant/C1_02.tif | D9: 2422.5482 | E9: 64.3839 | G9: 155973 | K9: E | L9: 455100.33 | M9: 187394.33 | N9: 282587.33 | O9: 3249625 | P9: 524078 | Q9: 2271600.3 | R9: 4329440 | S9: 521324 | T9: 233350.33 | U9: 118892 | V9: 383699.67 | W9: 1320469 | X9: 4353982.3 | Y9: 2197222.7 | Z9: 3518809.3 | AA9: 408285.67 | AB9: 3179875.7 | AC9: 2457357.7 | AD9: 2619640 | AE9: 1259300 | AF9: 1384854
A10: =IFERROR(LEFT(RIGHT(C10,LEN(C10)-SEARCH("@",C10)),SEARCH("/",RIGHT(C10,LEN(C10)-SEARCH("@",C10)-1))),"") -> 01 Témoins solvant | B10: =LEFT(RIGHT(RIGHT(Tableau4[[#This Row],[file name]],LEN(Tableau4[[#This Row],[file name]])-SEARCH("@",Tableau4[[#This Row],[file name]])),LEN(RIGHT(Tableau4[[#This Row],[file name]],LEN(Tableau4[[#This Row],[file name]])-SEARCH("@",Tableau4[[#This Row],[file name]])))-SEARCH("/",RIGHT(Tableau4[[#This Row],[file name]],LEN(Tableau4[[#This Row],[file name]])-SEARCH("@",Tableau4[[#This Row],[file name]])))),1) -> C | C10: D:\Images\20210706\plaque 1/@01 Témoins solvant/C1_03.tif | D10: 3266.1141 | E10: 66.2517 | G10: 216385 | K10: F | L10: 279696 | M10: 206291.67 | N10: 72748.333 | O10: 400953 | P10: 553494.33 | Q10: 757846.67 | R10: 4509148 | S10: 101833.67 | T10: 68026 | U10: 29272.333 | V10: 96844.333 | W10: 152952.33 | X10: 1818043 | Y10: 4282805.7 | Z10: 3497251.5 | AA10: 439721.33 | AB10: 542910.33 | AC10: 2364861.3 | AD10: 738112.67 | AE10: 3096492.5 | AF10: 316200.33
A11: =IFERROR(LEFT(RIGHT(C11,LEN(C11)-SEARCH("@",C11)),SEARCH("/",RIGHT(C11,LEN(C11)-SEARCH("@",C11)-1))),"") -> 01 Témoins solvant | B11: =LEFT(RIGHT(RIGHT(Tableau4[[#This Row],[file name]],LEN(Tableau4[[#This Row],[file name]])-SEARCH("@",Tableau4[[#This Row],[file name]])),LEN(RIGHT(Tableau4[[#This Row],[file name]],LEN(Tableau4[[#This Row],[file name]])-SEARCH("@",Tableau4[[#This Row],[file name]])))-SEARCH("/",RIGHT(Tableau4[[#This Row],[file name]],LEN(Tableau4[[#This Row],[file name]])-SEARCH("@",Tableau4[[#This Row],[file name]])))),1) -> D | C11: D:\Images\20210706\plaque 1/@01 Témoins solvant/D1_01.tif | D11: 584.0072 | E11: 66.4444 | G11: 38804 | K11: G | L11: 178014.33 | M11: 492718 | N11: 214143 | O11: 241880 | P11: 1198137.7 | Q11: 2592890.7 | R11: 4464727.3 | S11: 117529.67 | T11: 744551.67 | U11: 172620.67 | V11: 334549.33 | W11: 1292797.5 | X11: 3591514 | Y11: 703483.67 | Z11: 3239653.7 | AA11: 19164 | AB11: 1208462.3 | AC11: 779245.67 | AD11: 321896.33 | AE11: 2484626 | AF11: 1967087.3
A12: =IFERROR(LEFT(RIGHT(C12,LEN(C12)-SEARCH("@",C12)),SEARCH("/",RIGHT(C12,LEN(C12)-SEARCH("@",C12)-1))),"") -> 01 Témoins solvant | B12: =LEFT(RIGHT(RIGHT(Tableau4[[#This Row],[file name]],LEN(Tableau4[[#This Row],[file name]])-SEARCH("@",Tableau4[[#This Row],[file name]])),LEN(RIGHT(Tableau4[[#This Row],[file name]],LEN(Tableau4[[#This Row],[file name]])-SEARCH("@",Tableau4[[#This Row],[file name]])))-SEARCH("/",RIGHT(Tableau4[[#This Row],[file name]],LEN(Tableau4[[#This Row],[file name]])-SEARCH("@",Tableau4[[#This Row],[file name]])))),1) -> D | C12: D:\Images\20210706\plaque 1/@01 Témoins solvant/D1_02.tif | D12: 237.9288 | E12: 66.5455 | G12: 15833 | K12: H | L12: 86649.333 | M12: 234648.33 | N12: 254764 | O12: 454379.33 | P12: 910914.33 | Q12: 2426628.7 | R12: 3400637.3 | S12: 27542 | T12: 305399.33 | U12: 164986 | V12: 234107.67 | W12: 165144 | X12: 2326497.3 | Y12: 918506.33 | Z12: 3217490 | AC12: 2155137.7 | AD12: 2269026 | AE12: 1810840 | AF12: 2080089
A13: =IFERROR(LEFT(RIGHT(C13,LEN(C13)-SEARCH("@",C13)),SEARCH("/",RIGHT(C13,LEN(C13)-SEARCH("@",C13)-1))),"") -> 01 Témoins solvant | B13: =LEFT(RIGHT(RIGHT(Tableau4[[#This Row],[file name]],LEN(Tableau4[[#This Row],[file name]])-SEARCH("@",Tableau4[[#This Row],[file name]])),LEN(RIGHT(Tableau4[[#This Row],[file name]],LEN(Tableau4[[#This Row],[file name]])-SEARCH("@",Tableau4[[#This Row],[file name]])))-SEARCH("/",RIGHT(Tableau4[[#This Row],[file name]],LEN(Tableau4[[#This Row],[file name]])-SEARCH("@",Tableau4[[#This Row],[file name]])))),1) -> D | C13: D:\Images\20210706\plaque 1/@01 Témoins solvant/D1_03.tif | D13: 194.6691 | E13: 63.8889 | G13: 12437
A14: =IFERROR(LEFT(RIGHT(C14,LEN(C14)-SEARCH("@",C14)),SEARCH("/",RIGHT(C14,LEN(C14)-SEARCH("@",C14)-1))),"") -> 01 Témoins solvant | B14: =LEFT(RIGHT(RIGHT(Tableau4[[#This Row],[file name]],LEN(Tableau4[[#This Row],[file name]])-SEARCH("@",Tableau4[[#This Row],[file name]])),LEN(RIGHT(Tableau4[[#This Row],[file name]],LEN(Tableau4[[#This Row],[file name]])-SEARCH("@",Tableau4[[#This Row],[file name]])))-SEARCH("/",RIGHT(Tableau4[[#This Row],[file name]],LEN(Tableau4[[#This Row],[file name]])-SEARCH("@",Tableau4[[#This Row],[file name]])))),1) -> E | C14: D:\Images\20210706\plaque 1/@01 Témoins solvant/E1_01.tif | D14: 4477.3882 | E14: 66.4686 | G14: 297606
A15: =IFERROR(LEFT(RIGHT(C15,LEN(C15)-SEARCH("@",C15)),SEARCH("/",RIGHT(C15,LEN(C15)-SEARCH("@",C15)-1))),"") -> 01 Témoins solvant | B15: =LEFT(RIGHT(RIGHT(Tableau4[[#This Row],[file name]],LEN(Tableau4[[#This Row],[file name]])-SEARCH("@",Tableau4[[#This Row],[file name]])),LEN(RIGHT(Tableau4[[#This Row],[file name]],LEN(Tableau4[[#This Row],[file name]])-SEARCH("@",Tableau4[[#This Row],[file name]])))-SEARCH("/",RIGHT(Tableau4[[#This Row],[file name]],LEN(Tableau4[[#This Row],[file name]])-SEARCH("@",Tableau4[[#This Row],[file name]])))),1) -> E | C15: D:\Images\20210706\plaque 1/@01 Témoins solvant/E1_02.tif | D15: 6791.7869 | E15: 72.5573 | G15: 492794
A16: =IFERROR(LEFT(RIGHT(C16,LEN(C16)-SEARCH("@",C16)),SEARCH("/",RIGHT(C16,LEN(C16)-SEARCH("@",C16)-1))),"") -> 01 Témoins solvant | B16: =LEFT(RIGHT(RIGHT(Tableau4[[#This Row],[file name]],LEN(Tableau4[[#This Row],[file name]])-SEARCH("@",Tableau4[[#This Row],[file name]])),LEN(RIGHT(Tableau4[[#This Row],[file name]],LEN(Tableau4[[#This Row],[file name]])-SEARCH("@",Tableau4[[#This Row],[file name]])))-SEARCH("/",RIGHT(Tableau4[[#This Row],[file name]],LEN(Tableau4[[#This Row],[file name]])-SEARCH("@",Tableau4[[#This Row],[file name]])))),1) -> E | C16: D:\Images\20210706\plaque 1/@01 Témoins solvant/E1_03.tif | D16: 8240.9899 | E16: 69.7612 | G16: 574901
A17: =IFERROR(LEFT(RIGHT(C17,LEN(C17)-SEARCH("@",C17)),SEARCH("/",RIGHT(C17,LEN(C17)-SEARCH("@",C17)-1))),"") -> 01 Témoins solvant | B17: =LEFT(RIGHT(RIGHT(Tableau4[[#This Row],[file name]],LEN(Tableau4[[#This Row],[file name]])-SEARCH("@",Tableau4[[#This Row],[file name]])),LEN(RIGHT(Tableau4[[#This Row],[file name]],LEN(Tableau4[[#This Row],[file name]])-SEARCH("@",Tableau4[[#This Row],[file name]])))-SEARCH("/",RIGHT(Tableau4[[#This Row],[file name]],LEN(Tableau4[[#This Row],[file name]])-SEARCH("@",Tableau4[[#This Row],[file name]])))),1) -> F | C17: D:\Images\20210706\plaque 1/@01 Témoins solvant/F1_01.tif | D17: 4066.4202 | E17: 63.2553 | G17: 257223
A18: =IFERROR(LEFT(RIGHT(C18,LEN(C18)-SEARCH("@",C18)),SEARCH("/",RIGHT(C18,LEN(C18)-SEARCH("@",C18)-1))),"") -> 01 Témoins solvant | B18: =LEFT(RIGHT(RIGHT(Tableau4[[#This Row],[file name]],LEN(Tableau4[[#This Row],[file name]])-SEARCH("@",Tableau4[[#This Row],[file name]])),LEN(RIGHT(Tableau4[[#This Row],[file name]],LEN(Tableau4[[#This Row],[file name]])-SEARCH("@",Tableau4[[#This Row],[file name]])))-SEARCH("/",RIGHT(Tableau4[[#This Row],[file name]],LEN(Tableau4[[#This Row],[file name]])-SEARCH("@",Tableau4[[#This Row],[file name]])))),1) -> F | C18: D:\Images\20210706\plaque 1/@01 Témoins solvant/F1_02.tif | D18: 4736.9469 | E18: 64.3242 | G18: 304700
A19: =IFERROR(LEFT(RIGHT(C19,LEN(C19)-SEARCH("@",C19)),SEARCH("/",RIGHT(C19,LEN(C19)-SEARCH("@",C19)-1))),"") -> 01 Témoins solvant | B19: =LEFT(RIGHT(RIGHT(Tableau4[[#This Row],[file name]],LEN(Tableau4[[#This Row],[file name]])-SEARCH("@",Tableau4[[#This Row],[file name]])),LEN(RIGHT(Tableau4[[#This Row],[file name]],LEN(Tableau4[[#This Row],[file name]])-SEARCH("@",Tableau4[[#This Row],[file name]])))-SEARCH("/",RIGHT(Tableau4[[#This Row],[file name]],LEN(Tableau4[[#This Row],[file name]])-SEARCH("@",Tableau4[[#This Row],[file name]])))),1) -> F | C19: D:\Images\20210706\plaque 1/@01 Témoins solvant/F1_03.tif | D19: 4347.6088 | E19: 63.7512 | G19: 277165
A20: =IFERROR(LEFT(RIGHT(C20,LEN(C20)-SEARCH("@",C20)),SEARCH("/",RIGHT(C20,LEN(C20)-SEARCH("@",C20)-1))),"") -> 01 Témoins solvant | B20: =LEFT(RIGHT(RIGHT(Tableau4[[#This Row],[file name]],LEN(Tableau4[[#This Row],[file name]])-SEARCH("@",Tableau4[[#This Row],[file name]])),LEN(RIGHT(Tableau4[[#This Row],[file name]],LEN(Tableau4[[#This Row],[file name]])-SEARCH("@",Tableau4[[#This Row],[file name]])))-SEARCH("/",RIGHT(Tableau4[[#This Row],[file name]],LEN(Tableau4[[#This Row],[file name]])-SEARCH("@",Tableau4[[#This Row],[file name]])))),1) -> G | C20: D:\Images\20210706\plaque 1/@01 Témoins solvant/G1_01.tif | D20: 3093.0749 | E20: 66.2727 | G20: 204987
A21: =IFERROR(LEFT(RIGHT(C21,LEN(C21)-SEARCH("@",C21)),SEARCH("/",RIGHT(C21,LEN(C21)-SEARCH("@",C21)-1))),"") -> 01 Témoins solvant | B21: =LEFT(RIGHT(RIGHT(Tableau4[[#This Row],[file name]],LEN(Tableau4[[#This Row],[file name]])-SEARCH("@",Tableau4[[#This Row],[file name]])),LEN(RIGHT(Tableau4[[#This Row],[file name]],LEN(Tableau4[[#This Row],[file name]])-SEARCH("@",Tableau4[[#This Row],[file name]])))-SEARCH("/",RIGHT(Tableau4[[#This Row],[file name]],LEN(Tableau4[[#This Row],[file name]])-SEARCH("@",Tableau4[[#This Row],[file name]])))),1) -> G | C21: D:\Images\20210706\plaque 1/@01 Témoins solvant/G1_02.tif | D21: 800.3061 | E21: 63.5676 | G21: 50874
A22: =IFERROR(LEFT(RIGHT(C22,LEN(C22)-SEARCH("@",C22)),SEARCH("/",RIGHT(C22,LEN(C22)-SEARCH("@",C22)-1))),"") -> 01 Témoins solvant | B22: =LEFT(RIGHT(RIGHT(Tableau4[[#This Row],[file name]],LEN(Tableau4[[#This Row],[file name]])-SEARCH("@",Tableau4[[#This Row],[file name]])),LEN(RIGHT(Tableau4[[#This Row],[file name]],LEN(Tableau4[[#This Row],[file name]])-SEARCH("@",Tableau4[[#This Row],[file name]])))-SEARCH("/",RIGHT(Tableau4[[#This Row],[file name]],LEN(Tableau4[[#This Row],[file name]])-SEARCH("@",Tableau4[[#This Row],[file name]])))),1) -> G | C22: D:\Images\20210706\plaque 1/@01 Témoins solvant/G1_03.tif | D22: 4282.7191 | E22: 64.9545 | G22: 278182
A23: =IFERROR(LEFT(RIGHT(C23,LEN(C23)-SEARCH("@",C23)),SEARCH("/",RIGHT(C23,LEN(C23)-SEARCH("@",C23)-1))),"") -> 01 Témoins solvant | B23: =LEFT(RIGHT(RIGHT(Tableau4[[#This Row],[file name]],LEN(Tableau4[[#This Row],[file name]])-SEARCH("@",Tableau4[[#This Row],[file name]])),LEN(RIGHT(Tableau4[[#This Row],[file name]],LEN(Tableau4[[#This Row],[file name]])-SEARCH("@",Tableau4[[#This Row],[file name]])))-SEARCH("/",RIGHT(Tableau4[[#This Row],[file name]],LEN(Tableau4[[#This Row],[file name]])-SEARCH("@",Tableau4[[#This Row],[file name]])))),1) -> H | C23: D:\Images\20210706\plaque 1/@01 Témoins solvant/H1_01.tif | D23: 1838.541 | E23: 65.5529 | G23: 120522
A24: =IFERROR(LEFT(RIGHT(C24,LEN(C24)-SEARCH("@",C24)),SEARCH("/",RIGHT(C24,LEN(C24)-SEARCH("@",C24)-1))),"") -> 01 Témoins solvant | B24: =LEFT(RIGHT(RIGHT(Tableau4[[#This Row],[file name]],LEN(Tableau4[[#This Row],[file name]])-SEARCH("@",Tableau4[[#This Row],[file name]])),LEN(RIGHT(Tableau4[[#This Row],[file name]],LEN(Tableau4[[#This Row],[file name]])-SEARCH("@",Tableau4[[#This Row],[file name]])))-SEARCH("/",RIGHT(Tableau4[[#This Row],[file name]],LEN(Tableau4[[#This Row],[file name]])-SEARCH("@",Tableau4[[#This Row],[file name]])))),1) -> H | C24: D:\Images\20210706\plaque 1/@01 Témoins solvant/H1_02.tif | D24: 994.9752 | E24: 64.4783 | G24: 64154
A25: =IFERROR(LEFT(RIGHT(C25,LEN(C25)-SEARCH("@",C25)),SEARCH("/",RIGHT(C25,LEN(C25)-SEARCH("@",C25)-1))),"") -> 01 Témoins solvant | B25: =LEFT(RIGHT(RIGHT(Tableau4[[#This Row],[file name]],LEN(Tableau4[[#This Row],[file name]])-SEARCH("@",Tableau4[[#This Row],[file name]])),LEN(RIGHT(Tableau4[[#This Row],[file name]],LEN(Tableau4[[#This Row],[file name]])-SEARCH("@",Tableau4[[#This Row],[file name]])))-SEARCH("/",RIGHT(Tableau4[[#This Row],[file name]],LEN(Tableau4[[#This Row],[file name]])-SEARCH("@",Tableau4[[#This Row],[file name]])))),1) -> H | C25: D:\Images\20210706\plaque 1/@01 Témoins solvant/H1_03.tif | D25: 1189.6442 | E25: 63.2727 | G25: 75272
A26: =IFERROR(LEFT(RIGHT(C26,LEN(C26)-SEARCH("@",C26)),SEARCH("/",RIGHT(C26,LEN(C26)-SEARCH("@",C26)-1))),"") | B26: =LEFT(RIGHT(RIGHT(Tableau4[[#This Row],[file name]],LEN(Tableau4[[#This Row],[file name]])-SEARCH("@",Tableau4[[#This Row],[file name]])),LEN(RIGHT(Tableau4[[#This Row],[file name]],LEN(Tableau4[[#This Row],[file name]])-SEARCH("@",Tableau4[[#This Row],[file name]])))-SEARCH("/",RIGHT(Tableau4[[#This Row],[file name]],LEN(Tableau4[[#This Row],[file name]])-SEARCH("@",Tableau4[[#This Row],[file name]])))),1) -> #VALUE!
A27: =IFERROR(LEFT(RIGHT(C27,LEN(C27)-SEARCH("@",C27)),SEARCH("/",RIGHT(C27,LEN(C27)-SEARCH("@",C27)-1))),"") | B27: =LEFT(RIGHT(RIGHT(Tableau4[[#This Row],[file name]],LEN(Tableau4[[#This Row],[file name]])-SEARCH("@",Tableau4[[#This Row],[file name]])),LEN(RIGHT(Tableau4[[#This Row],[file name]],LEN(Tableau4[[#This Row],[file name]])-SEARCH("@",Tableau4[[#This Row],[file name]])))-SEARCH("/",RIGHT(Tableau4[[#This Row],[file name]],LEN(Tableau4[[#This Row],[file name]])-SEARCH("@",Tableau4[[#This Row],[file name]])))),1) -> #VALUE! | C27: group | E27: mean of mean fluo | F27: SD mean fluo | G27: mean of total fluo | H27: SD total fluo | I27: n fluorescent | J27: n total
A28: =IFERROR(LEFT(RIGHT(C28,LEN(C28)-SEARCH("@",C28)),SEARCH("/",RIGHT(C28,LEN(C28)-SEARCH("@",C28)-1))),"") -> 01 Témoins solvant | B28: =LEFT(RIGHT(RIGHT(Tableau4[[#This Row],[file name]],LEN(Tableau4[[#This Row],[file name]])-SEARCH("@",Tableau4[[#This Row],[file name]])),LEN(RIGHT(Tableau4[[#This Row],[file name]],LEN(Tableau4[[#This Row],[file name]])-SEARCH("@",Tableau4[[#This Row],[file name]])))-SEARCH("/",RIGHT(Tableau4[[#This Row],[file name]],LEN(Tableau4[[#This Row],[file name]])-SEARCH("@",Tableau4[[#This Row],[file name]])))),1) | C28: D:\Images\20210706\plaque 1/@01 Témoins solvant/ | E28: 65.4047 | F28: 2.3104 | G28: 202533.333 | H28: 147389.427 | I28: 24 | J28: 24
A29: =IFERROR(LEFT(RIGHT(C29,LEN(C29)-SEARCH("@",C29)),SEARCH("/",RIGHT(C29,LEN(C29)-SEARCH("@",C29)-1))),"") | B29: =LEFT(RIGHT(RIGHT(Tableau4[[#This Row],[file name]],LEN(Tableau4[[#This Row],[file name]])-SEARCH("@",Tableau4[[#This Row],[file name]])),LEN(RIGHT(Tableau4[[#This Row],[file name]],LEN(Tableau4[[#This Row],[file name]])-SEARCH("@",Tableau4[[#This Row],[file name]])))-SEARCH("/",RIGHT(Tableau4[[#This Row],[file name]],LEN(Tableau4[[#This Row],[file name]])-SEARCH("@",Tableau4[[#This Row],[file name]])))),1) -> #VALUE!
A30: =IFERROR(LEFT(RIGHT(C30,LEN(C30)-SEARCH("@",C30)),SEARCH("/",RIGHT(C30,LEN(C30)-SEARCH("@",C30)-1))),"") | B30: =LEFT(RIGHT(RIGHT(Tableau4[[#This Row],[file name]],LEN(Tableau4[[#This Row],[file name]])-SEARCH("@",Tableau4[[#This Row],[file name]])),LEN(RIGHT(Tableau4[[#This Row],[file name]],LEN(Tableau4[[#This Row],[file name]])-SEARCH("@",Tableau4[[#This Row],[file name]])))-SEARCH("/",RIGHT(Tableau4[[#This Row],[file name]],LEN(Tableau4[[#This Row],[file name]])-SEARCH("@",Tableau4[[#This Row],[file name]])))),1) -> #VALUE!
A31: =IFERROR(LEFT(RIGHT(C31,LEN(C31)-SEARCH("@",C31)),SEARCH("/",RIGHT(C31,LEN(C31)-SEARCH("@",C31)-1))),"") | B31: =LEFT(RIGHT(RIGHT(Tableau4[[#This Row],[file name]],LEN(Tableau4[[#This Row],[file name]])-SEARCH("@",Tableau4[[#This Row],[file name]])),LEN(RIGHT(Tableau4[[#This Row],[file name]],LEN(Tableau4[[#This Row],[file name]])-SEARCH("@",Tableau4[[#This Row],[file name]])))-SEARCH("/",RIGHT(Tableau4[[#This Row],[file name]],LEN(Tableau4[[#This Row],[file name]])-SEARCH("@",Tableau4[[#This Row],[file name]])))),1) -> #VALUE!
A32: =IFERROR(LEFT(RIGHT(C32,LEN(C32)-SEARCH("@",C32)),SEARCH("/",RIGHT(C32,LEN(C32)-SEARCH("@",C32)-1))),"") | B32: =LEFT(RIGHT(RIGHT(Tableau4[[#This Row],[file name]],LEN(Tableau4[[#This Row],[file name]])-SEARCH("@",Tableau4[[#This Row],[file name]])),LEN(RIGHT(Tableau4[[#This Row],[file name]],LEN(Tableau4[[#This Row],[file name]])-SEARCH("@",Tableau4[[#This Row],[file name]])))-SEARCH("/",RIGHT(Tableau4[[#This Row],[file name]],LEN(Tableau4[[#This Row],[file name]])-SEARCH("@",Tableau4[[#This Row],[file name]])))),1) -> #VALUE!
A33: =IFERROR(LEFT(RIGHT(C33,LEN(C33)-SEARCH("@",C33)),SEARCH("/",RIGHT(C33,LEN(C33)-SEARCH("@",C33)-1))),"") | B33: =LEFT(RIGHT(RIGHT(Tableau4[[#This Row],[file name]],LEN(Tableau4[[#This Row],[file name]])-SEARCH("@",Tableau4[[#This Row],[file name]])),LEN(RIGHT(Tableau4[[#This Row],[file name]],LEN(Tableau4[[#This Row],[file name]])-SEARCH("@",Tableau4[[#This Row],[file name]])))-SEARCH("/",RIGHT(Tableau4[[#This Row],[file name]],LEN(Tableau4[[#This Row],[file name]])-SEARCH("@",Tableau4[[#This Row],[file name]])))),1) -> #VALUE!
A34: =IFERROR(LEFT(RIGHT(C34,LEN(C34)-SEARCH("@",C34)),SEARCH("/",RIGHT(C34,LEN(C34)-SEARCH("@",C34)-1))),"") | B34: =LEFT(RIGHT(RIGHT(Tableau4[[#This Row],[file name]],LEN(Tableau4[[#This Row],[file name]])-SEARCH("@",Tableau4[[#This Row],[file name]])),LEN(RIGHT(Tableau4[[#This Row],[file name]],LEN(Tableau4[[#This Row],[file name]])-SEARCH("@",Tableau4[[#This Row],[file name]])))-SEARCH("/",RIGHT(Tableau4[[#This Row],[file name]],LEN(Tableau4[[#This Row],[file name]])-SEARCH("@",Tableau4[[#This Row],[file name]])))),1) -> #VALUE! | C34: file name | D34: total area | E34: mean intensity | G34: total fluorescence
A35: =IFERROR(LEFT(RIGHT(C35,LEN(C35)-SEARCH("@",C35)),SEARCH("/",RIGHT(C35,LEN(C35)-SEARCH("@",C35)-1))),"") -> 02 EE2 33.8 | B35: =LEFT(RIGHT(RIGHT(Tableau4[[#This Row],[file name]],LEN(Tableau4[[#This Row],[file name]])-SEARCH("@",Tableau4[[#This Row],[file name]])),LEN(RIGHT(Tableau4[[#This Row],[file name]],LEN(Tableau4[[#This Row],[file name]])-SEARCH("@",Tableau4[[#This Row],[file name]])))-SEARCH("/",RIGHT(Tableau4[[#This Row],[file name]],LEN(Tableau4[[#This Row],[file name]])-SEARCH("@",Tableau4[[#This Row],[file name]])))),1) -> A | C35: D:\Images\20210706\plaque 1/@02 EE2 33.8/A2_01.tif | D35: 11636.8833 | E35: 69.0483 | G35: 803507
A36: =IFERROR(LEFT(RIGHT(C36,LEN(C36)-SEARCH("@",C36)),SEARCH("/",RIGHT(C36,LEN(C36)-SEARCH("@",C36)-1))),"") -> 02 EE2 33.8 | B36: =LEFT(RIGHT(RIGHT(Tableau4[[#This Row],[file name]],LEN(Tableau4[[#This Row],[file name]])-SEARCH("@",Tableau4[[#This Row],[file name]])),LEN(RIGHT(Tableau4[[#This Row],[file name]],LEN(Tableau4[[#This Row],[file name]])-SEARCH("@",Tableau4[[#This Row],[file name]])))-SEARCH("/",RIGHT(Tableau4[[#This Row],[file name]],LEN(Tableau4[[#This Row],[file name]])-SEARCH("@",Tableau4[[#This Row],[file name]])))),1) -> A | C36: D:\Images\20210706\plaque 1/@02 EE2 33.8/A2_02.tif | D36: 12220.8905 | E36: 68.7186 | G36: 839802
A37: =IFERROR(LEFT(RIGHT(C37,LEN(C37)-SEARCH("@",C37)),SEARCH("/",RIGHT(C37,LEN(C37)-SEARCH("@",C37)-1))),"") -> 02 EE2 33.8 | B37: =LEFT(RIGHT(RIGHT(Tableau4[[#This Row],[file name]],LEN(Tableau4[[#This Row],[file name]])-SEARCH("@",Tableau4[[#This Row],[file name]])),LEN(RIGHT(Tableau4[[#This Row],[file name]],LEN(Tableau4[[#This Row],[file name]])-SEARCH("@",Tableau4[[#This Row],[file name]])))-SEARCH("/",RIGHT(Tableau4[[#This Row],[file name]],LEN(Tableau4[[#This Row],[file name]])-SEARCH("@",Tableau4[[#This Row],[file name]])))),1) -> A | C37: D:\Images\20210706\plaque 1/@02 EE2 33.8/A2_03.tif | D37: 9690.1928 | E37: 66.7388 | G37: 646712
A38: =IFERROR(LEFT(RIGHT(C38,LEN(C38)-SEARCH("@",C38)),SEARCH("/",RIGHT(C38,LEN(C38)-SEARCH("@",C38)-1))),"") -> 02 EE2 33.8 | B38: =LEFT(RIGHT(RIGHT(Tableau4[[#This Row],[file name]],LEN(Tableau4[[#This Row],[file name]])-SEARCH("@",Tableau4[[#This Row],[file name]])),LEN(RIGHT(Tableau4[[#This Row],[file name]],LEN(Tableau4[[#This Row],[file name]])-SEARCH("@",Tableau4[[#This Row],[file name]])))-SEARCH("/",RIGHT(Tableau4[[#This Row],[file name]],LEN(Tableau4[[#This Row],[file name]])-SEARCH("@",Tableau4[[#This Row],[file name]])))),1) -> B | C38: D:\Images\20210706\plaque 1/@02 EE2 33.8/B2_01.tif | D38: 2292.7688 | E38: 65.8491 | G38: 150977
A39: =IFERROR(LEFT(RIGHT(C39,LEN(C39)-SEARCH("@",C39)),SEARCH("/",RIGHT(C39,LEN(C39)-SEARCH("@",C39)-1))),"") -> 02 EE2 33.8 | B39: =LEFT(RIGHT(RIGHT(Tableau4[[#This Row],[file name]],LEN(Tableau4[[#This Row],[file name]])-SEARCH("@",Tableau4[[#This Row],[file name]])),LEN(RIGHT(Tableau4[[#This Row],[file name]],LEN(Tableau4[[#This Row],[file name]])-SEARCH("@",Tableau4[[#This Row],[file name]])))-SEARCH("/",RIGHT(Tableau4[[#This Row],[file name]],LEN(Tableau4[[#This Row],[file name]])-SEARCH("@",Tableau4[[#This Row],[file name]])))),1) -> B | C39: D:\Images\20210706\plaque 1/@02 EE2 33.8/B2_02.tif | D39: 2054.84 | E39: 64.0526 | G39: 131618
A40: =IFERROR(LEFT(RIGHT(C40,LEN(C40)-SEARCH("@",C40)),SEARCH("/",RIGHT(C40,LEN(C40)-SEARCH("@",C40)-1))),"") -> 02 EE2 33.8 | B40: =LEFT(RIGHT(RIGHT(Tableau4[[#This Row],[file name]],LEN(Tableau4[[#This Row],[file name]])-SEARCH("@",Tableau4[[#This Row],[file name]])),LEN(RIGHT(Tableau4[[#This Row],[file name]],LEN(Tableau4[[#This Row],[file name]])-SEARCH("@",Tableau4[[#This Row],[file name]])))-SEARCH("/",RIGHT(Tableau4[[#This Row],[file name]],LEN(Tableau4[[#This Row],[file name]])-SEARCH("@",Tableau4[[#This Row],[file name]])))),1) -> B | C40: D:\Images\20210706\plaque 1/@02 EE2 33.8/B2_03.tif | D40: 5710.2922 | E40: 66.2689 | G40: 378415
A41: =IFERROR(LEFT(RIGHT(C41,LEN(C41)-SEARCH("@",C41)),SEARCH("/",RIGHT(C41,LEN(C41)-SEARCH("@",C41)-1))),"") -> 02 EE2 33.8 | B41: =LEFT(RIGHT(RIGHT(Tableau4[[#This Row],[file name]],LEN(Tableau4[[#This Row],[file name]])-SEARCH("@",Tableau4[[#This Row],[file name]])),LEN(RIGHT(Tableau4[[#This Row],[file name]],LEN(Tableau4[[#This Row],[file name]])-SEARCH("@",Tableau4[[#This Row],[file name]])))-SEARCH("/",RIGHT(Tableau4[[#This Row],[file name]],LEN(Tableau4[[#This Row],[file name]])-SEARCH("@",Tableau4[[#This Row],[file name]])))),1) -> C | C41: D:\Images\20210706\plaque 1/@02 EE2 33.8/C2_01.tif | D41: 4520.648 | E41: 68.5311 | G41: 309805
A42: =IFERROR(LEFT(RIGHT(C42,LEN(C42)-SEARCH("@",C42)),SEARCH("/",RIGHT(C42,LEN(C42)-SEARCH("@",C42)-1))),"") -> 02 EE2 33.8 | B42: =LEFT(RIGHT(RIGHT(Tableau4[[#This Row],[file name]],LEN(Tableau4[[#This Row],[file name]])-SEARCH("@",Tableau4[[#This Row],[file name]])),LEN(RIGHT(Tableau4[[#This Row],[file name]],LEN(Tableau4[[#This Row],[file name]])-SEARCH("@",Tableau4[[#This Row],[file name]])))-SEARCH("/",RIGHT(Tableau4[[#This Row],[file name]],LEN(Tableau4[[#This Row],[file name]])-SEARCH("@",Tableau4[[#This Row],[file name]])))),1) -> C | C42: D:\Images\20210706\plaque 1/@02 EE2 33.8/C2_02.tif | D42: 4607.1676 | E42: 68.3333 | G42: 314823
A43: =IFERROR(LEFT(RIGHT(C43,LEN(C43)-SEARCH("@",C43)),SEARCH("/",RIGHT(C43,LEN(C43)-SEARCH("@",C43)-1))),"") -> 02 EE2 33.8 | B43: =LEFT(RIGHT(RIGHT(Tableau4[[#This Row],[file name]],LEN(Tableau4[[#This Row],[file name]])-SEARCH("@",Tableau4[[#This Row],[file name]])),LEN(RIGHT(Tableau4[[#This Row],[file name]],LEN(Tableau4[[#This Row],[file name]])-SEARCH("@",Tableau4[[#This Row],[file name]])))-SEARCH("/",RIGHT(Tableau4[[#This Row],[file name]],LEN(Tableau4[[#This Row],[file name]])-SEARCH("@",Tableau4[[#This Row],[file name]])))),1) -> C | C43: D:\Images\20210706\plaque 1/@02 EE2 33.8/C2_03.tif | D43: 1773.6514 | E43: 65.9634 | G43: 116996
A44: =IFERROR(LEFT(RIGHT(C44,LEN(C44)-SEARCH("@",C44)),SEARCH("/",RIGHT(C44,LEN(C44)-SEARCH("@",C44)-1))),"") -> 02 EE2 33.8 | B44: =LEFT(RIGHT(RIGHT(Tableau4[[#This Row],[file name]],LEN(Tableau4[[#This Row],[file name]])-SEARCH("@",Tableau4[[#This Row],[file name]])),LEN(RIGHT(Tableau4[[#This Row],[file name]],LEN(Tableau4[[#This Row],[file name]])-SEARCH("@",Tableau4[[#This Row],[file name]])))-SEARCH("/",RIGHT(Tableau4[[#This Row],[file name]],LEN(Tableau4[[#This Row],[file name]])-SEARCH("@",Tableau4[[#This Row],[file name]])))),1) -> D | C44: D:\Images\20210706\plaque 1/@02 EE2 33.8/D2_01.tif | D44: 8868.2568 | E44: 67.7 | G44: 600381
A45: =IFERROR(LEFT(RIGHT(C45,LEN(C45)-SEARCH("@",C45)),SEARCH("/",RIGHT(C45,LEN(C45)-SEARCH("@",C45)-1))),"") -> 02 EE2 33.8 | B45: =LEFT(RIGHT(RIGHT(Tableau4[[#This Row],[file name]],LEN(Tableau4[[#This Row],[file name]])-SEARCH("@",Tableau4[[#This Row],[file name]])),LEN(RIGHT(Tableau4[[#This Row],[file name]],LEN(Tableau4[[#This Row],[file name]])-SEARCH("@",Tableau4[[#This Row],[file name]])))-SEARCH("/",RIGHT(Tableau4[[#This Row],[file name]],LEN(Tableau4[[#This Row],[file name]])-SEARCH("@",Tableau4[[#This Row],[file name]])))),1) -> D | C45: D:\Images\20210706\plaque 1/@02 EE2 33.8/D2_02.tif | D45: 1816.9111 | E45: 63.9643 | G45: 116217
A46: =IFERROR(LEFT(RIGHT(C46,LEN(C46)-SEARCH("@",C46)),SEARCH("/",RIGHT(C46,LEN(C46)-SEARCH("@",C46)-1))),"") -> 02 EE2 33.8 | B46: =LEFT(RIGHT(RIGHT(Tableau4[[#This Row],[file name]],LEN(Tableau4[[#This Row],[file name]])-SEARCH("@",Tableau4[[#This Row],[file name]])),LEN(RIGHT(Tableau4[[#This Row],[file name]],LEN(Tableau4[[#This Row],[file name]])-SEARCH("@",Tableau4[[#This Row],[file name]])))-SEARCH("/",RIGHT(Tableau4[[#This Row],[file name]],LEN(Tableau4[[#This Row],[file name]])-SEARCH("@",Tableau4[[#This Row],[file name]])))),1) -> D | C46: D:\Images\20210706\plaque 1/@02 EE2 33.8/D2_03.tif | D46: 2400.9183 | E46: 64.3333 | G46: 154459
... A54: =IFERROR(LEFT(RIGHT(C54,LEN(C54)-SEARCH("@",C54)),SEARCH("/",RIGHT(C54,LEN(C54)-SEARCH("@",C54)-1))),"") -> 02 EE2 33.8 | B54: =LEFT(RIGHT(RIGHT(Tableau4[[#This Row],[file name]],LEN(Tableau4[[#This Row],[file name]])-SEARCH("@",Tableau4[[#This Row],[file name]])),LEN(RIGHT(Tableau4[[#This Row],[file name]],LEN(Tableau4[[#This Row],[file name]])-SEARCH("@",Tableau4[[#This Row],[file name]])))-SEARCH("/",RIGHT(Tableau4[[#This Row],[file name]],LEN(Tableau4[[#This Row],[file name]])-SEARCH("@",Tableau4[[#This Row],[file name]])))),1) -> G | C54: D:\Images\20210706\plaque 1/@02 EE2 33.8/G2_02.tif | D54: 5969.8509 | E54: 65.058 | G54: 388386
A55: =IFERROR(LEFT(RIGHT(C55,LEN(C55)-SEARCH("@",C55)),SEARCH("/",RIGHT(C55,LEN(C55)-SEARCH("@",C55)-1))),"") -> 02 EE2 33.8 | B55: =LEFT(RIGHT(RIGHT(Tableau4[[#This Row],[file name]],LEN(Tableau4[[#This Row],[file name]])-SEARCH("@",Tableau4[[#This Row],[file name]])),LEN(RIGHT(Tableau4[[#This Row],[file name]],LEN(Tableau4[[#This Row],[file name]])-SEARCH("@",Tableau4[[#This Row],[file name]])))-SEARCH("/",RIGHT(Tableau4[[#This Row],[file name]],LEN(Tableau4[[#This Row],[file name]])-SEARCH("@",Tableau4[[#This Row],[file name]])))),1) -> G | C55: D:\Images\20210706\plaque 1/@02 EE2 33.8/G2_03- exclu.tif
A56: =IFERROR(LEFT(RIGHT(C56,LEN(C56)-SEARCH("@",C56)),SEARCH("/",RIGHT(C56,LEN(C56)-SEARCH("@",C56)-1))),"") -> 02 EE2 33.8 | B56: =LEFT(RIGHT(RIGHT(Tableau4[[#This Row],[file name]],LEN(Tableau4[[#This Row],[file name]])-SEARCH("@",Tableau4[[#This Row],[file name]])),LEN(RIGHT(Tableau4[[#This Row],[file name]],LEN(Tableau4[[#This Row],[file name]])-SEARCH("@",Tableau4[[#This Row],[file name]])))-SEARCH("/",RIGHT(Tableau4[[#This Row],[file name]],LEN(Tableau4[[#This Row],[file name]])-SEARCH("@",Tableau4[[#This Row],[file name]])))),1) -> H | C56: D:\Images\20210706\plaque 1/@02 EE2 33.8/H2_01.tif | D56: 4325.9789 | E56: 66.285 | G56: 286748
A57: =IFERROR(LEFT(RIGHT(C57,LEN(C57)-SEARCH("@",C57)),SEARCH("/",RIGHT(C57,LEN(C57)-SEARCH("@",C57)-1))),"") -> 02 EE2 33.8 | B57: =LEFT(RIGHT(RIGHT(Tableau4[[#This Row],[file name]],LEN(Tableau4[[#This Row],[file name]])-SEARCH("@",Tableau4[[#This Row],[file name]])),LEN(RIGHT(Tableau4[[#This Row],[file name]],LEN(Tableau4[[#This Row],[file name]])-SEARCH("@",Tableau4[[#This Row],[file name]])))-SEARCH("/",RIGHT(Tableau4[[#This Row],[file name]],LEN(Tableau4[[#This Row],[file name]])-SEARCH("@",Tableau4[[#This Row],[file name]])))),1) -> H | C57: D:\Images\20210706\plaque 1/@02 EE2 33.8/H2_02.tif | D57: 4369.2387 | E57: 68.1436 | G57: 297735
A58: =IFERROR(LEFT(RIGHT(C58,LEN(C58)-SEARCH("@",C58)),SEARCH("/",RIGHT(C58,LEN(C58)-SEARCH("@",C58)-1))),"") -> 02 EE2 33.8 | B58: =LEFT(RIGHT(RIGHT(Tableau4[[#This Row],[file name]],LEN(Tableau4[[#This Row],[file name]])-SEARCH("@",Tableau4[[#This Row],[file name]])),LEN(RIGHT(Tableau4[[#This Row],[file name]],LEN(Tableau4[[#This Row],[file name]])-SEARCH("@",Tableau4[[#This Row],[file name]])))-SEARCH("/",RIGHT(Tableau4[[#This Row],[file name]],LEN(Tableau4[[#This Row],[file name]])-SEARCH("@",Tableau4[[#This Row],[file name]])))),1) -> H | C58: D:\Images\20210706\plaque 1/@02 EE2 33.8/H2_03.tif | D58: 1860.1709 | E58: 64.2209 | G58: 119462
A59: =IFERROR(LEFT(RIGHT(C59,LEN(C59)-SEARCH("@",C59)),SEARCH("/",RIGHT(C59,LEN(C59)-SEARCH("@",C59)-1))),"") | B59: =LEFT(RIGHT(RIGHT(Tableau4[[#This Row],[file name]],LEN(Tableau4[[#This Row],[file name]])-SEARCH("@",Tableau4[[#This Row],[file name]])),LEN(RIGHT(Tableau4[[#This Row],[file name]],LEN(Tableau4[[#This Row],[file name]])-SEARCH("@",Tableau4[[#This Row],[file name]])))-SEARCH("/",RIGHT(Tableau4[[#This Row],[file name]],LEN(Tableau4[[#This Row],[file name]])-SEARCH("@",Tableau4[[#This Row],[file name]])))),1) -> #VALUE!
A60: =IFERROR(LEFT(RIGHT(C60,LEN(C60)-SEARCH("@",C60)),SEARCH("/",RIGHT(C60,LEN(C60)-SEARCH("@",C60)-1))),"") | B60: =LEFT(RIGHT(RIGHT(Tableau4[[#This Row],[file name]],LEN(Tableau4[[#This Row],[file name]])-SEARCH("@",Tableau4[[#This Row],[file name]])),LEN(RIGHT(Tableau4[[#This Row],[file name]],LEN(Tableau4[[#This Row],[file name]])-SEARCH("@",Tableau4[[#This Row],[file name]])))-SEARCH("/",RIGHT(Tableau4[[#This Row],[file name]],LEN(Tableau4[[#This Row],[file name]])-SEARCH("@",Tableau4[[#This Row],[file name]])))),1) -> #VALUE! | C60: group | E60: mean of mean fluo | F60: SD mean fluo | G60: mean of total fluo | H60: SD total fluo | I60: n fluorescent | J60: n total
A61: =IFERROR(LEFT(RIGHT(C61,LEN(C61)-SEARCH("@",C61)),SEARCH("/",RIGHT(C61,LEN(C61)-SEARCH("@",C61)-1))),"") -> 02 EE2 33.8 | B61: =LEFT(RIGHT(RIGHT(Tableau4[[#This Row],[file name]],LEN(Tableau4[[#This Row],[file name]])-SEARCH("@",Tableau4[[#This Row],[file name]])),LEN(RIGHT(Tableau4[[#This Row],[file name]],LEN(Tableau4[[#This Row],[file name]])-SEARCH("@",Tableau4[[#This Row],[file name]])))-SEARCH("/",RIGHT(Tableau4[[#This Row],[file name]],LEN(Tableau4[[#This Row],[file name]])-SEARCH("@",Tableau4[[#This Row],[file name]])))),1) | C61: D:\Images\20210706\plaque 1/@02 EE2 33.8/ | E61: 66.1637 | F61: 1.8834 | G61: 311185.667 | H61: 236734.353 | I61: 24 | J61: 24
A62: =IFERROR(LEFT(RIGHT(C62,LEN(C62)-SEARCH("@",C62)),SEARCH("/",RIGHT(C62,LEN(C62)-SEARCH("@",C62)-1))),"") | B62: =LEFT(RIGHT(RIGHT(Tableau4[[#This Row],[file name]],LEN(Tableau4[[#This Row],[file name]])-SEARCH("@",Tableau4[[#This Row],[file name]])),LEN(RIGHT(Tableau4[[#This Row],[file name]],LEN(Tableau4[[#This Row],[file name]])-SEARCH("@",Tableau4[[#This Row],[file name]])))-SEARCH("/",RIGHT(Tableau4[[#This Row],[file name]],LEN(Tableau4[[#This Row],[file name]])-SEARCH("@",Tableau4[[#This Row],[file name]])))),1) -> #VALUE!
A63: =IFERROR(LEFT(RIGHT(C63,LEN(C63)-SEARCH("@",C63)),SEARCH("/",RIGHT(C63,LEN(C63)-SEARCH("@",C63)-1))),"") | B63: =LEFT(RIGHT(RIGHT(Tableau4[[#This Row],[file name]],LEN(Tableau4[[#This Row],[file name]])-SEARCH("@",Tableau4[[#This Row],[file name]])),LEN(RIGHT(Tableau4[[#This Row],[file name]],LEN(Tableau4[[#This Row],[file name]])-SEARCH("@",Tableau4[[#This Row],[file name]])))-SEARCH("/",RIGHT(Tableau4[[#This Row],[file name]],LEN(Tableau4[[#This Row],[file name]])-SEARCH("@",Tableau4[[#This Row],[file name]])))),1) -> #VALUE!
A64: =IFERROR(LEFT(RIGHT(C64,LEN(C64)-SEARCH("@",C64)),SEARCH("/",RIGHT(C64,LEN(C64)-SEARCH("@",C64)-1))),"") | B64: =LEFT(RIGHT(RIGHT(Tableau4[[#This Row],[file name]],LEN(Tableau4[[#This Row],[file name]])-SEARCH("@",Tableau4[[#This Row],[file name]])),LEN(RIGHT(Tableau4[[#This Row],[file name]],LEN(Tableau4[[#This Row],[file name]])-SEARCH("@",Tableau4[[#This Row],[file name]])))-SEARCH("/",RIGHT(Tableau4[[#This Row],[file name]],LEN(Tableau4[[#This Row],[file name]])-SEARCH("@",Tableau4[[#This Row],[file name]])))),1) -> #VALUE!
A65: =IFERROR(LEFT(RIGHT(C65,LEN(C65)-SEARCH("@",C65)),SEARCH("/",RIGHT(C65,LEN(C65)-SEARCH("@",C65)-1))),"") | B65: =LEFT(RIGHT(RIGHT(Tableau4[[#This Row],[file name]],LEN(Tableau4[[#This Row],[file name]])-SEARCH("@",Tableau4[[#This Row],[file name]])),LEN(RIGHT(Tableau4[[#This Row],[file name]],LEN(Tableau4[[#This Row],[file name]])-SEARCH("@",Tableau4[[#This Row],[file name]])))-SEARCH("/",RIGHT(Tableau4[[#This Row],[file name]],LEN(Tableau4[[#This Row],[file name]])-SEARCH("@",Tableau4[[#This Row],[file name]])))),1) -> #VALUE!
A66: =IFERROR(LEFT(RIGHT(C66,LEN(C66)-SEARCH("@",C66)),SEARCH("/",RIGHT(C66,LEN(C66)-SEARCH("@",C66)-1))),"") | B66: =LEFT(RIGHT(RIGHT(Tableau4[[#This Row],[file name]],LEN(Tableau4[[#This Row],[file name]])-SEARCH("@",Tableau4[[#This Row],[file name]])),LEN(RIGHT(Tableau4[[#This Row],[file name]],LEN(Tableau4[[#This Row],[file name]])-SEARCH("@",Tableau4[[#This Row],[file name]])))-SEARCH("/",RIGHT(Tableau4[[#This Row],[file name]],LEN(Tableau4[[#This Row],[file name]])-SEARCH("@",Tableau4[[#This Row],[file name]])))),1) -> #VALUE!
A67: =IFERROR(LEFT(RIGHT(C67,LEN(C67)-SEARCH("@",C67)),SEARCH("/",RIGHT(C67,LEN(C67)-SEARCH("@",C67)-1))),"") | B67: =LEFT(RIGHT(RIGHT(Tableau4[[#This Row],[file name]],LEN(Tableau4[[#This Row],[file name]])-SEARCH("@",Tableau4[[#This Row],[file name]])),LEN(RIGHT(Tableau4[[#This Row],[file name]],LEN(Tableau4[[#This Row],[file name]])-SEARCH("@",Tableau4[[#This Row],[file name]])))-SEARCH("/",RIGHT(Tableau4[[#This Row],[file name]],LEN(Tableau4[[#This Row],[file name]])-SEARCH("@",Tableau4[[#This Row],[file name]])))),1) -> #VALUE! | C67: file name | D67: total area | E67: mean intensity | G67: total fluorescence
A68: =IFERROR(LEFT(RIGHT(C68,LEN(C68)-SEARCH("@",C68)),SEARCH("/",RIGHT(C68,LEN(C68)-SEARCH("@",C68)-1))),"") -> 03 EE2 50 | B68: =LEFT(RIGHT(RIGHT(Tableau4[[#This Row],[file name]],LEN(Tableau4[[#This Row],[file name]])-SEARCH("@",Tableau4[[#This Row],[file name]])),LEN(RIGHT(Tableau4[[#This Row],[file name]],LEN(Tableau4[[#This Row],[file name]])-SEARCH("@",Tableau4[[#This Row],[file name]])))-SEARCH("/",RIGHT(Tableau4[[#This Row],[file name]],LEN(Tableau4[[#This Row],[file name]])-SEARCH("@",Tableau4[[#This Row],[file name]])))),1) -> A | C68: D:\Images\20210706\plaque 1/@03 EE2 50/A3_01.tif | D68: 886.8257 | E68: 62.9512 | G68: 55827
A69: =IFERROR(LEFT(RIGHT(C69,LEN(C69)-SEARCH("@",C69)),SEARCH("/",RIGHT(C69,LEN(C69)-SEARCH("@",C69)-1))),"") -> 03 EE2 50 | B69: =LEFT(RIGHT(RIGHT(Tableau4[[#This Row],[file name]],LEN(Tableau4[[#This Row],[file name]])-SEARCH("@",Tableau4[[#This Row],[file name]])),LEN(RIGHT(Tableau4[[#This Row],[file name]],LEN(Tableau4[[#This Row],[file name]])-SEARCH("@",Tableau4[[#This Row],[file name]])))-SEARCH("/",RIGHT(Tableau4[[#This Row],[file name]],LEN(Tableau4[[#This Row],[file name]])-SEARCH("@",Tableau4[[#This Row],[file name]])))),1) -> A | C69: D:\Images\20210706\plaque 1/@03 EE2 50/A3_02.tif | D69: 7267.6446 | E69: 66.3274 | G69: 482044
A70: =IFERROR(LEFT(RIGHT(C70,LEN(C70)-SEARCH("@",C70)),SEARCH("/",RIGHT(C70,LEN(C70)-SEARCH("@",C70)-1))),"") -> 03 EE2 50 | B70: =LEFT(RIGHT(RIGHT(Tableau4[[#This Row],[file name]],LEN(Tableau4[[#This Row],[file name]])-SEARCH("@",Tableau4[[#This Row],[file name]])),LEN(RIGHT(Tableau4[[#This Row],[file name]],LEN(Tableau4[[#This Row],[file name]])-SEARCH("@",Tableau4[[#This Row],[file name]])))-SEARCH("/",RIGHT(Tableau4[[#This Row],[file name]],LEN(Tableau4[[#This Row],[file name]])-SEARCH("@",Tableau4[[#This Row],[file name]])))),1) -> A | C70: D:\Images\20210706\plaque 1/@03 EE2 50/A3_03.tif | D70: 1600.6122 | E70: 62.9054 | G70: 100687
A71: =IFERROR(LEFT(RIGHT(C71,LEN(C71)-SEARCH("@",C71)),SEARCH("/",RIGHT(C71,LEN(C71)-SEARCH("@",C71)-1))),"") -> 03 EE2 50 | B71: =LEFT(RIGHT(RIGHT(Tableau4[[#This Row],[file name]],LEN(Tableau4[[#This Row],[file name]])-SEARCH("@",Tableau4[[#This Row],[file name]])),LEN(RIGHT(Tableau4[[#This Row],[file name]],LEN(Tableau4[[#This Row],[file name]])-SEARCH("@",Tableau4[[#This Row],[file name]])))-SEARCH("/",RIGHT(Tableau4[[#This Row],[file name]],LEN(Tableau4[[#This Row],[file name]])-SEARCH("@",Tableau4[[#This Row],[file name]])))),1) -> B | C71: D:\Images\20210706\plaque 1/@03 EE2 50/B3_01.tif | D71: 1665.5019 | E71: 63.4545 | G71: 105684
A72: =IFERROR(LEFT(RIGHT(C72,LEN(C72)-SEARCH("@",C72)),SEARCH("/",RIGHT(C72,LEN(C72)-SEARCH("@",C72)-1))),"") -> 03 EE2 50 | B72: =LEFT(RIGHT(RIGHT(Tableau4[[#This Row],[file name]],LEN(Tableau4[[#This Row],[file name]])-SEARCH("@",Tableau4[[#This Row],[file name]])),LEN(RIGHT(Tableau4[[#This Row],[file name]],LEN(Tableau4[[#This Row],[file name]])-SEARCH("@",Tableau4[[#This Row],[file name]])))-SEARCH("/",RIGHT(Tableau4[[#This Row],[file name]],LEN(Tableau4[[#This Row],[file name]])-SEARCH("@",Tableau4[[#This Row],[file name]])))),1) -> B | C72: D:\Images\20210706\plaque 1/@03 EE2 50/B3_02.tif | D72: 6402.4488 | E72: 65.3547 | G72: 418430
A73: =IFERROR(LEFT(RIGHT(C73,LEN(C73)-SEARCH("@",C73)),SEARCH("/",RIGHT(C73,LEN(C73)-SEARCH("@",C73)-1))),"") -> 03 EE2 50 | B73: =LEFT(RIGHT(RIGHT(Tableau4[[#This Row],[file name]],LEN(Tableau4[[#This Row],[file name]])-SEARCH("@",Tableau4[[#This Row],[file name]])),LEN(RIGHT(Tableau4[[#This Row],[file name]],LEN(Tableau4[[#This Row],[file name]])-SEARCH("@",Tableau4[[#This Row],[file name]])))-SEARCH("/",RIGHT(Tableau4[[#This Row],[file name]],LEN(Tableau4[[#This Row],[file name]])-SEARCH("@",Tableau4[[#This Row],[file name]])))),1) -> B | C73: D:\Images\20210706\plaque 1/@03 EE2 50/B3_03.tif | D73: 5991.4808 | E73: 65.7256 | G73: 393794
A74: =IFERROR(LEFT(RIGHT(C74,LEN(C74)-SEARCH("@",C74)),SEARCH("/",RIGHT(C74,LEN(C74)-SEARCH("@",C74)-1))),"") -> 03 EE2 50 | B74: =LEFT(RIGHT(RIGHT(Tableau4[[#This Row],[file name]],LEN(Tableau4[[#This Row],[file name]])-SEARCH("@",Tableau4[[#This Row],[file name]])),LEN(RIGHT(Tableau4[[#This Row],[file name]],LEN(Tableau4[[#This Row],[file name]])-SEARCH("@",Tableau4[[#This Row],[file name]])))-SEARCH("/",RIGHT(Tableau4[[#This Row],[file name]],LEN(Tableau4[[#This Row],[file name]])-SEARCH("@",Tableau4[[#This Row],[file name]])))),1) -> C | C74: D:\Images\20210706\plaque 1/@03 EE2 50/C3_01.tif | D74: 843.5659 | E74: 63.6154 | G74: 53664
A75: =IFERROR(LEFT(RIGHT(C75,LEN(C75)-SEARCH("@",C75)),SEARCH("/",RIGHT(C75,LEN(C75)-SEARCH("@",C75)-1))),"") -> 03 EE2 50 | B75: =LEFT(RIGHT(RIGHT(Tableau4[[#This Row],[file name]],LEN(Tableau4[[#This Row],[file name]])-SEARCH("@",Tableau4[[#This Row],[file name]])),LEN(RIGHT(Tableau4[[#This Row],[file name]],LEN(Tableau4[[#This Row],[file name]])-SEARCH("@",Tableau4[[#This Row],[file name]])))-SEARCH("/",RIGHT(Tableau4[[#This Row],[file name]],LEN(Tableau4[[#This Row],[file name]])-SEARCH("@",Tableau4[[#This Row],[file name]])))),1) -> C | C75: D:\Images\20210706\plaque 1/@03 EE2 50/C3_02.tif | D75: 1081.4947 | E75: 66.4 | G75: 71811
A76: =IFERROR(LEFT(RIGHT(C76,LEN(C76)-SEARCH("@",C76)),SEARCH("/",RIGHT(C76,LEN(C76)-SEARCH("@",C76)-1))),"") -> 03 EE2 50 | B76: =LEFT(RIGHT(RIGHT(Tableau4[[#This Row],[file name]],LEN(Tableau4[[#This Row],[file name]])-SEARCH("@",Tableau4[[#This Row],[file name]])),LEN(RIGHT(Tableau4[[#This Row],[file name]],LEN(Tableau4[[#This Row],[file name]])-SEARCH("@",Tableau4[[#This Row],[file name]])))-SEARCH("/",RIGHT(Tableau4[[#This Row],[file name]],LEN(Tableau4[[#This Row],[file name]])-SEARCH("@",Tableau4[[#This Row],[file name]])))),1) -> C | C76: D:\Images\20210706\plaque 1/@03 EE2 50/C3_03.tif | D76: 519.1175 | E76: 65.875 | G76: 34197
A77: =IFERROR(LEFT(RIGHT(C77,LEN(C77)-SEARCH("@",C77)),SEARCH("/",RIGHT(C77,LEN(C77)-SEARCH("@",C77)-1))),"") -> 03 EE2 50 | B77: =LEFT(RIGHT(RIGHT(Tableau4[[#This Row],[file name]],LEN(Tableau4[[#This Row],[file name]])-SEARCH("@",Tableau4[[#This Row],[file name]])),LEN(RIGHT(Tableau4[[#This Row],[file name]],LEN(Tableau4[[#This Row],[file name]])-SEARCH("@",Tableau4[[#This Row],[file name]])))-SEARCH("/",RIGHT(Tableau4[[#This Row],[file name]],LEN(Tableau4[[#This Row],[file name]])-SEARCH("@",Tableau4[[#This Row],[file name]])))),1) -> D | C77: D:\Images\20210706\plaque 1/@03 EE2 50/D3_01.tif | D77: 14859.7376 | E77: 70.9767 | G77: 1054695
A78: =IFERROR(LEFT(RIGHT(C78,LEN(C78)-SEARCH("@",C78)),SEARCH("/",RIGHT(C78,LEN(C78)-SEARCH("@",C78)-1))),"") -> 03 EE2 50 | B78: =LEFT(RIGHT(RIGHT(Tableau4[[#This Row],[file name]],LEN(Tableau4[[#This Row],[file name]])-SEARCH("@",Tableau4[[#This Row],[file name]])),LEN(RIGHT(Tableau4[[#This Row],[file name]],LEN(Tableau4[[#This Row],[file name]])-SEARCH("@",Tableau4[[#This Row],[file name]])))-SEARCH("/",RIGHT(Tableau4[[#This Row],[file name]],LEN(Tableau4[[#This Row],[file name]])-SEARCH("@",Tableau4[[#This Row],[file name]])))),1) -> D | C78: D:\Images\20210706\plaque 1/@03 EE2 50/D3_02.tif | D78: 15162.5561 | E78: 69.6034 | G78: 1055366
A79: =IFERROR(LEFT(RIGHT(C79,LEN(C79)-SEARCH("@",C79)),SEARCH("/",RIGHT(C79,LEN(C79)-SEARCH("@",C79)-1))),"") -> 03 EE2 50 | B79: =LEFT(RIGHT(RIGHT(Tableau4[[#This Row],[file name]],LEN(Tableau4[[#This Row],[file name]])-SEARCH("@",Tableau4[[#This Row],[file name]])),LEN(RIGHT(Tableau4[[#This Row],[file name]],LEN(Tableau4[[#This Row],[file name]])-SEARCH("@",Tableau4[[#This Row],[file name]])))-SEARCH("/",RIGHT(Tableau4[[#This Row],[file name]],LEN(Tableau4[[#This Row],[file name]])-SEARCH("@",Tableau4[[#This Row],[file name]])))),1) -> D | C79: D:\Images\20210706\plaque 1/@03 EE2 50/D3_03.tif | D79: 9409.0042 | E79: 65.9011 | G79: 620064
... A81: =IFERROR(LEFT(RIGHT(C81,LEN(C81)-SEARCH("@",C81)),SEARCH("/",RIGHT(C81,LEN(C81)-SEARCH("@",C81)-1))),"") -> 03 EE2 50 | B81: =LEFT(RIGHT(RIGHT(Tableau4[[#This Row],[file name]],LEN(Tableau4[[#This Row],[file name]])-SEARCH("@",Tableau4[[#This Row],[file name]])),LEN(RIGHT(Tableau4[[#This Row],[file name]],LEN(Tableau4[[#This Row],[file name]])-SEARCH("@",Tableau4[[#This Row],[file name]])))-SEARCH("/",RIGHT(Tableau4[[#This Row],[file name]],LEN(Tableau4[[#This Row],[file name]])-SEARCH("@",Tableau4[[#This Row],[file name]])))),1) -> E | C81: D:\Images\20210706\plaque 1/@03 EE2 50/E3_02.tif | D81: 5126.285 | E81: 63.9072 | G81: 327606
A82: =IFERROR(LEFT(RIGHT(C82,LEN(C82)-SEARCH("@",C82)),SEARCH("/",RIGHT(C82,LEN(C82)-SEARCH("@",C82)-1))),"") -> 03 EE2 50 | B82: =LEFT(RIGHT(RIGHT(Tableau4[[#This Row],[file name]],LEN(Tableau4[[#This Row],[file name]])-SEARCH("@",Tableau4[[#This Row],[file name]])),LEN(RIGHT(Tableau4[[#This Row],[file name]],LEN(Tableau4[[#This Row],[file name]])-SEARCH("@",Tableau4[[#This Row],[file name]])))-SEARCH("/",RIGHT(Tableau4[[#This Row],[file name]],LEN(Tableau4[[#This Row],[file name]])-SEARCH("@",Tableau4[[#This Row],[file name]])))),1) -> E | C82: D:\Images\20210706\plaque 1/@03 EE2 50/E3_03.tif | D82: 3590.5625 | E82: 64 | G82: 229796
A83: =IFERROR(LEFT(RIGHT(C83,LEN(C83)-SEARCH("@",C83)),SEARCH("/",RIGHT(C83,LEN(C83)-SEARCH("@",C83)-1))),"") -> 03 EE2 50 | B83: =LEFT(RIGHT(RIGHT(Tableau4[[#This Row],[file name]],LEN(Tableau4[[#This Row],[file name]])-SEARCH("@",Tableau4[[#This Row],[file name]])),LEN(RIGHT(Tableau4[[#This Row],[file name]],LEN(Tableau4[[#This Row],[file name]])-SEARCH("@",Tableau4[[#This Row],[file name]])))-SEARCH("/",RIGHT(Tableau4[[#This Row],[file name]],LEN(Tableau4[[#This Row],[file name]])-SEARCH("@",Tableau4[[#This Row],[file name]])))),1) -> F | C83: D:\Images\20210706\plaque 1/@03 EE2 50/F3_01.tif | D83: 1254.5339 | E83: 63.1034 | G83: 79165
A84: =IFERROR(LEFT(RIGHT(C84,LEN(C84)-SEARCH("@",C84)),SEARCH("/",RIGHT(C84,LEN(C84)-SEARCH("@",C84)-1))),"") -> 03 EE2 50 | B84: =LEFT(RIGHT(RIGHT(Tableau4[[#This Row],[file name]],LEN(Tableau4[[#This Row],[file name]])-SEARCH("@",Tableau4[[#This Row],[file name]])),LEN(RIGHT(Tableau4[[#This Row],[file name]],LEN(Tableau4[[#This Row],[file name]])-SEARCH("@",Tableau4[[#This Row],[file name]])))-SEARCH("/",RIGHT(Tableau4[[#This Row],[file name]],LEN(Tableau4[[#This Row],[file name]])-SEARCH("@",Tableau4[[#This Row],[file name]])))),1) -> F | C84: D:\Images\20210706\plaque 1/@03 EE2 50/F3_02.tif | D84: 692.1566 | E84: 62.625 | G84: 43346
A85: =IFERROR(LEFT(RIGHT(C85,LEN(C85)-SEARCH("@",C85)),SEARCH("/",RIGHT(C85,LEN(C85)-SEARCH("@",C85)-1))),"") -> 03 EE2 50 | B85: =LEFT(RIGHT(RIGHT(Tableau4[[#This Row],[file name]],LEN(Tableau4[[#This Row],[file name]])-SEARCH("@",Tableau4[[#This Row],[file name]])),LEN(RIGHT(Tableau4[[#This Row],[file name]],LEN(Tableau4[[#This Row],[file name]])-SEARCH("@",Tableau4[[#This Row],[file name]])))-SEARCH("/",RIGHT(Tableau4[[#This Row],[file name]],LEN(Tableau4[[#This Row],[file name]])-SEARCH("@",Tableau4[[#This Row],[file name]])))),1) -> F | C85: D:\Images\20210706\plaque 1/@03 EE2 50/F3_03.tif | D85: 1514.0926 | E85: 63.2286 | G85: 95734
A86: =IFERROR(LEFT(RIGHT(C86,LEN(C86)-SEARCH("@",C86)),SEARCH("/",RIGHT(C86,LEN(C86)-SEARCH("@",C86)-1))),"") -> 03 EE2 50 | B86: =LEFT(RIGHT(RIGHT(Tableau4[[#This Row],[file name]],LEN(Tableau4[[#This Row],[file name]])-SEARCH("@",Tableau4[[#This Row],[file name]])),LEN(RIGHT(Tableau4[[#This Row],[file name]],LEN(Tableau4[[#This Row],[file name]])-SEARCH("@",Tableau4[[#This Row],[file name]])))-SEARCH("/",RIGHT(Tableau4[[#This Row],[file name]],LEN(Tableau4[[#This Row],[file name]])-SEARCH("@",Tableau4[[#This Row],[file name]])))),1) -> G | C86: D:\Images\20210706\plaque 1/@03 EE2 50/G3_01.tif | D86: 1881.8008 | E86: 63.2184 | G86: 118964
A87: =IFERROR(LEFT(RIGHT(C87,LEN(C87)-SEARCH("@",C87)),SEARCH("/",RIGHT(C87,LEN(C87)-SEARCH("@",C87)-1))),"") -> 03 EE2 50 | B87: =LEFT(RIGHT(RIGHT(Tableau4[[#This Row],[file name]],LEN(Tableau4[[#This Row],[file name]])-SEARCH("@",Tableau4[[#This Row],[file name]])),LEN(RIGHT(Tableau4[[#This Row],[file name]],LEN(Tableau4[[#This Row],[file name]])-SEARCH("@",Tableau4[[#This Row],[file name]])))-SEARCH("/",RIGHT(Tableau4[[#This Row],[file name]],LEN(Tableau4[[#This Row],[file name]])-SEARCH("@",Tableau4[[#This Row],[file name]])))),1) -> G | C87: D:\Images\20210706\plaque 1/@03 EE2 50/G3_02.tif | D87: 2271.1389 | E87: 63.619 | G87: 144488
A88: =IFERROR(LEFT(RIGHT(C88,LEN(C88)-SEARCH("@",C88)),SEARCH("/",RIGHT(C88,LEN(C88)-SEARCH("@",C88)-1))),"") -> 03 EE2 50 | B88: =LEFT(RIGHT(RIGHT(Tableau4[[#This Row],[file name]],LEN(Tableau4[[#This Row],[file name]])-SEARCH("@",Tableau4[[#This Row],[file name]])),LEN(RIGHT(Tableau4[[#This Row],[file name]],LEN(Tableau4[[#This Row],[file name]])-SEARCH("@",Tableau4[[#This Row],[file name]])))-SEARCH("/",RIGHT(Tableau4[[#This Row],[file name]],LEN(Tableau4[[#This Row],[file name]])-SEARCH("@",Tableau4[[#This Row],[file name]])))),1) -> G | C88: D:\Images\20210706\plaque 1/@03 EE2 50/G3_03.tif | D88: 5796.8118 | E88: 65.3769 | G88: 378977
A89: =IFERROR(LEFT(RIGHT(C89,LEN(C89)-SEARCH("@",C89)),SEARCH("/",RIGHT(C89,LEN(C89)-SEARCH("@",C89)-1))),"") -> 03 EE2 50 | B89: =LEFT(RIGHT(RIGHT(Tableau4[[#This Row],[file name]],LEN(Tableau4[[#This Row],[file name]])-SEARCH("@",Tableau4[[#This Row],[file name]])),LEN(RIGHT(Tableau4[[#This Row],[file name]],LEN(Tableau4[[#This Row],[file name]])-SEARCH("@",Tableau4[[#This Row],[file name]])))-SEARCH("/",RIGHT(Tableau4[[#This Row],[file name]],LEN(Tableau4[[#This Row],[file name]])-SEARCH("@",Tableau4[[#This Row],[file name]])))),1) -> H | C89: D:\Images\20210706\plaque 1/@03 EE2 50/H3_01.tif | D89: 6121.2602 | E89: 69.1873 | G89: 423513
A90: =IFERROR(LEFT(RIGHT(C90,LEN(C90)-SEARCH("@",C90)),SEARCH("/",RIGHT(C90,LEN(C90)-SEARCH("@",C90)-1))),"") -> 03 EE2 50 | B90: =LEFT(RIGHT(RIGHT(Tableau4[[#This Row],[file name]],LEN(Tableau4[[#This Row],[file name]])-SEARCH("@",Tableau4[[#This Row],[file name]])),LEN(RIGHT(Tableau4[[#This Row],[file name]],LEN(Tableau4[[#This Row],[file name]])-SEARCH("@",Tableau4[[#This Row],[file name]])))-SEARCH("/",RIGHT(Tableau4[[#This Row],[file name]],LEN(Tableau4[[#This Row],[file name]])-SEARCH("@",Tableau4[[#This Row],[file name]])))),1) -> H | C90: D:\Images\20210706\plaque 1/@03 EE2 50/H3_02.tif | D90: 951.7154 | E90: 63.8864 | G90: 60802
A91: =IFERROR(LEFT(RIGHT(C91,LEN(C91)-SEARCH("@",C91)),SEARCH("/",RIGHT(C91,LEN(C91)-SEARCH("@",C91)-1))),"") -> 03 EE2 50 | B91: =LEFT(RIGHT(RIGHT(Tableau4[[#This Row],[file name]],LEN(Tableau4[[#This Row],[file name]])-SEARCH("@",Tableau4[[#This Row],[file name]])),LEN(RIGHT(Tableau4[[#This Row],[file name]],LEN(Tableau4[[#This Row],[file name]])-SEARCH("@",Tableau4[[#This Row],[file name]])))-SEARCH("/",RIGHT(Tableau4[[#This Row],[file name]],LEN(Tableau4[[#This Row],[file name]])-SEARCH("@",Tableau4[[#This Row],[file name]])))),1) -> H | C91: D:\Images\20210706\plaque 1/@03 EE2 50/H3_03.tif | D91: 4109.68 | E91: 68.1263 | G91: 279977
A92: =IFERROR(LEFT(RIGHT(C92,LEN(C92)-SEARCH("@",C92)),SEARCH("/",RIGHT(C92,LEN(C92)-SEARCH("@",C92)-1))),"") | B92: =LEFT(RIGHT(RIGHT(Tableau4[[#This Row],[file name]],LEN(Tableau4[[#This Row],[file name]])-SEARCH("@",Tableau4[[#This Row],[file name]])),LEN(RIGHT(Tableau4[[#This Row],[file name]],LEN(Tableau4[[#This Row],[file name]])-SEARCH("@",Tableau4[[#This Row],[file name]])))-SEARCH("/",RIGHT(Tableau4[[#This Row],[file name]],LEN(Tableau4[[#This Row],[file name]])-SEARCH("@",Tableau4[[#This Row],[file name]])))),1) -> #VALUE!
A93: =IFERROR(LEFT(RIGHT(C93,LEN(C93)-SEARCH("@",C93)),SEARCH("/",RIGHT(C93,LEN(C93)-SEARCH("@",C93)-1))),"") | B93: =LEFT(RIGHT(RIGHT(Tableau4[[#This Row],[file name]],LEN(Tableau4[[#This Row],[file name]])-SEARCH("@",Tableau4[[#This Row],[file name]])),LEN(RIGHT(Tableau4[[#This Row],[file name]],LEN(Tableau4[[#This Row],[file name]])-SEARCH("@",Tableau4[[#This Row],[file name]])))-SEARCH("/",RIGHT(Tableau4[[#This Row],[file name]],LEN(Tableau4[[#This Row],[file name]])-SEARCH("@",Tableau4[[#This Row],[file name]])))),1) -> #VALUE! | C93: group | E93: mean of mean fluo | F93: SD mean fluo | G93: mean of total fluo | H93: SD total fluo | I93: n fluorescent | J93: n total
A94: =IFERROR(LEFT(RIGHT(C94,LEN(C94)-SEARCH("@",C94)),SEARCH("/",RIGHT(C94,LEN(C94)-SEARCH("@",C94)-1))),"") -> 03 EE2 50 | B94: =LEFT(RIGHT(RIGHT(Tableau4[[#This Row],[file name]],LEN(Tableau4[[#This Row],[file name]])-SEARCH("@",Tableau4[[#This Row],[file name]])),LEN(RIGHT(Tableau4[[#This Row],[file name]],LEN(Tableau4[[#This Row],[file name]])-SEARCH("@",Tableau4[[#This Row],[file name]])))-SEARCH("/",RIGHT(Tableau4[[#This Row],[file name]],LEN(Tableau4[[#This Row],[file name]])-SEARCH("@",Tableau4[[#This Row],[file name]])))),1) | C94: D:\Images\20210706\plaque 1/@03 EE2 50/ | E94: 65.1246 | F94: 2.3371 | G94: 288291.292 | H94: 288472.65 | I94: 24 | J94: 24
A95: =IFERROR(LEFT(RIGHT(C95,LEN(C95)-SEARCH("@",C95)),SEARCH("/",RIGHT(C95,LEN(C95)-SEARCH("@",C95)-1))),"") | B95: =LEFT(RIGHT(RIGHT(Tableau4[[#This Row],[file name]],LEN(Tableau4[[#This Row],[file name]])-SEARCH("@",Tableau4[[#This Row],[file name]])),LEN(RIGHT(Tableau4[[#This Row],[file name]],LEN(Tableau4[[#This Row],[file name]])-SEARCH("@",Tableau4[[#This Row],[file name]])))-SEARCH("/",RIGHT(Tableau4[[#This Row],[file name]],LEN(Tableau4[[#This Row],[file name]])-SEARCH("@",Tableau4[[#This Row],[file name]])))),1) -> #VALUE!
A96: =IFERROR(LEFT(RIGHT(C96,LEN(C96)-SEARCH("@",C96)),SEARCH("/",RIGHT(C96,LEN(C96)-SEARCH("@",C96)-1))),"") | B96: =LEFT(RIGHT(RIGHT(Tableau4[[#This Row],[file name]],LEN(Tableau4[[#This Row],[file name]])-SEARCH("@",Tableau4[[#This Row],[file name]])),LEN(RIGHT(Tableau4[[#This Row],[file name]],LEN(Tableau4[[#This Row],[file name]])-SEARCH("@",Tableau4[[#This Row],[file name]])))-SEARCH("/",RIGHT(Tableau4[[#This Row],[file name]],LEN(Tableau4[[#This Row],[file name]])-SEARCH("@",Tableau4[[#This Row],[file name]])))),1) -> #VALUE!
A97: =IFERROR(LEFT(RIGHT(C97,LEN(C97)-SEARCH("@",C97)),SEARCH("/",RIGHT(C97,LEN(C97)-SEARCH("@",C97)-1))),"") | B97: =LEFT(RIGHT(RIGHT(Tableau4[[#This Row],[file name]],LEN(Tableau4[[#This Row],[file name]])-SEARCH("@",Tableau4[[#This Row],[file name]])),LEN(RIGHT(Tableau4[[#This Row],[file name]],LEN(Tableau4[[#This Row],[file name]])-SEARCH("@",Tableau4[[#This Row],[file name]])))-SEARCH("/",RIGHT(Tableau4[[#This Row],[file name]],LEN(Tableau4[[#This Row],[file name]])-SEARCH("@",Tableau4[[#This Row],[file name]])))),1) -> #VALUE!
A98: =IFERROR(LEFT(RIGHT(C98,LEN(C98)-SEARCH("@",C98)),SEARCH("/",RIGHT(C98,LEN(C98)-SEARCH("@",C98)-1))),"") | B98: =LEFT(RIGHT(RIGHT(Tableau4[[#This Row],[file name]],LEN(Tableau4[[#This Row],[file name]])-SEARCH("@",Tableau4[[#This Row],[file name]])),LEN(RIGHT(Tableau4[[#This Row],[file name]],LEN(Tableau4[[#This Row],[file name]])-SEARCH("@",Tableau4[[#This Row],[file name]])))-SEARCH("/",RIGHT(Tableau4[[#This Row],[file name]],LEN(Tableau4[[#This Row],[file name]])-SEARCH("@",Tableau4[[#This Row],[file name]])))),1) -> #VALUE!
A99: =IFERROR(LEFT(RIGHT(C99,LEN(C99)-SEARCH("@",C99)),SEARCH("/",RIGHT(C99,LEN(C99)-SEARCH("@",C99)-1))),"") | B99: =LEFT(RIGHT(RIGHT(Tableau4[[#This Row],[file name]],LEN(Tableau4[[#This Row],[file name]])-SEARCH("@",Tableau4[[#This Row],[file name]])),LEN(RIGHT(Tableau4[[#This Row],[file name]],LEN(Tableau4[[#This Row],[file name]])-SEARCH("@",Tableau4[[#This Row],[file name]])))-SEARCH("/",RIGHT(Tableau4[[#This Row],[file name]],LEN(Tableau4[[#This Row],[file name]])-SEARCH("@",Tableau4[[#This Row],[file name]])))),1) -> #VALUE!
A100: =IFERROR(LEFT(RIGHT(C100,LEN(C100)-SEARCH("@",C100)),SEARCH("/",RIGHT(C100,LEN(C100)-SEARCH("@",C100)-1))),"") | B100: =LEFT(RIGHT(RIGHT(Tableau4[[#This Row],[file name]],LEN(Tableau4[[#This Row],[file name]])-SEARCH("@",Tableau4[[#This Row],[file name]])),LEN(RIGHT(Tableau4[[#This Row],[file name]],LEN(Tableau4[[#This Row],[file name]])-SEARCH("@",Tableau4[[#This Row],[file name]])))-SEARCH("/",RIGHT(Tableau4[[#This Row],[file name]],LEN(Tableau4[[#This Row],[file name]])-SEARCH("@",Tableau4[[#This Row],[file name]])))),1) -> #VALUE! | C100: file name | D100: total area | E100: mean intensity | G100: total fluorescence
A101: =IFERROR(LEFT(RIGHT(C101,LEN(C101)-SEARCH("@",C101)),SEARCH("/",RIGHT(C101,LEN(C101)-SEARCH("@",C101)-1))),"") -> 04 EE2 76 | B101: =LEFT(RIGHT(RIGHT(Tableau4[[#This Row],[file name]],LEN(Tableau4[[#This Row],[file name]])-SEARCH("@",Tableau4[[#This Row],[file name]])),LEN(RIGHT(Tableau4[[#This Row],[file name]],LEN(Tableau4[[#This Row],[file name]])-SEARCH("@",Tableau4[[#This Row],[file name]])))-SEARCH("/",RIGHT(Tableau4[[#This Row],[file name]],LEN(Tableau4[[#This Row],[file name]])-SEARCH("@",Tableau4[[#This Row],[file name]])))),1) -> A | C101: D:\Images\20210706\plaque 1/@04 EE2 76/A4_01.tif | D101: 24506.6706 | E101: 65.9665 | G101: 1616618
A102: =IFERROR(LEFT(RIGHT(C102,LEN(C102)-SEARCH("@",C102)),SEARCH("/",RIGHT(C102,LEN(C102)-SEARCH("@",C102)-1))),"") -> 04 EE2 76 | B102: =LEFT(RIGHT(RIGHT(Tableau4[[#This Row],[file name]],LEN(Tableau4[[#This Row],[file name]])-SEARCH("@",Tableau4[[#This Row],[file name]])),LEN(RIGHT(Tableau4[[#This Row],[file name]],LEN(Tableau4[[#This Row],[file name]])-SEARCH("@",Tableau4[[#This Row],[file name]])))-SEARCH("/",RIGHT(Tableau4[[#This Row],[file name]],LEN(Tableau4[[#This Row],[file name]])-SEARCH("@",Tableau4[[#This Row],[file name]])))),1) -> A | C102: D:\Images\20210706\plaque 1/@04 EE2 76/A4_02.tif | D102: 21132.4071 | E102: 66.7257 | G102: 1410074
A103: =IFERROR(LEFT(RIGHT(C103,LEN(C103)-SEARCH("@",C103)),SEARCH("/",RIGHT(C103,LEN(C103)-SEARCH("@",C103)-1))),"") -> 04 EE2 76 | B103: =LEFT(RIGHT(RIGHT(Tableau4[[#This Row],[file name]],LEN(Tableau4[[#This Row],[file name]])-SEARCH("@",Tableau4[[#This Row],[file name]])),LEN(RIGHT(Tableau4[[#This Row],[file name]],LEN(Tableau4[[#This Row],[file name]])-SEARCH("@",Tableau4[[#This Row],[file name]])))-SEARCH("/",RIGHT(Tableau4[[#This Row],[file name]],LEN(Tableau4[[#This Row],[file name]])-SEARCH("@",Tableau4[[#This Row],[file name]])))),1) -> A | C103: D:\Images\20210706\plaque 1/@04 EE2 76/A4_03.tif | D103: 23684.7346 | E103: 66.695 | G103: 1579653
A104: =IFERROR(LEFT(RIGHT(C104,LEN(C104)-SEARCH("@",C104)),SEARCH("/",RIGHT(C104,LEN(C104)-SEARCH("@",C104)-1))),"") -> 04 EE2 76 | B104: =LEFT(RIGHT(RIGHT(Tableau4[[#This Row],[file name]],LEN(Tableau4[[#This Row],[file name]])-SEARCH("@",Tableau4[[#This Row],[file name]])),LEN(RIGHT(Tableau4[[#This Row],[file name]],LEN(Tableau4[[#This Row],[file name]])-SEARCH("@",Tableau4[[#This Row],[file name]])))-SEARCH("/",RIGHT(Tableau4[[#This Row],[file name]],LEN(Tableau4[[#This Row],[file name]])-SEARCH("@",Tableau4[[#This Row],[file name]])))),1) -> B | C104: D:\Images\20210706\plaque 1/@04 EE2 76/B4_01.tif | D104: 670.5267 | E104: 63.3548 | G104: 42481
A105: =IFERROR(LEFT(RIGHT(C105,LEN(C105)-SEARCH("@",C105)),SEARCH("/",RIGHT(C105,LEN(C105)-SEARCH("@",C105)-1))),"") -> 04 EE2 76 | B105: =LEFT(RIGHT(RIGHT(Tableau4[[#This Row],[file name]],LEN(Tableau4[[#This Row],[file name]])-SEARCH("@",Tableau4[[#This Row],[file name]])),LEN(RIGHT(Tableau4[[#This Row],[file name]],LEN(Tableau4[[#This Row],[file name]])-SEARCH("@",Tableau4[[#This Row],[file name]])))-SEARCH("/",RIGHT(Tableau4[[#This Row],[file name]],LEN(Tableau4[[#This Row],[file name]])-SEARCH("@",Tableau4[[#This Row],[file name]])))),1) -> B | C105: D:\Images\20210706\plaque 1/@04 EE2 76/B4_02.tif | D105: 908.4556 | E105: 63.5 | G105: 57687
A106: =IFERROR(LEFT(RIGHT(C106,LEN(C106)-SEARCH("@",C106)),SEARCH("/",RIGHT(C106,LEN(C106)-SEARCH("@",C106)-1))),"") -> 04 EE2 76 | B106: =LEFT(RIGHT(RIGHT(Tableau4[[#This Row],[file name]],LEN(Tableau4[[#This Row],[file name]])-SEARCH("@",Tableau4[[#This Row],[file name]])),LEN(RIGHT(Tableau4[[#This Row],[file name]],LEN(Tableau4[[#This Row],[file name]])-SEARCH("@",Tableau4[[#This Row],[file name]])))-SEARCH("/",RIGHT(Tableau4[[#This Row],[file name]],LEN(Tableau4[[#This Row],[file name]])-SEARCH("@",Tableau4[[#This Row],[file name]])))),1) -> B | C106: D:\Images\20210706\plaque 1/@04 EE2 76/B4_03.tif | D106: 1989.9503 | E106: 64.6413 | G106: 128633
A107: =IFERROR(LEFT(RIGHT(C107,LEN(C107)-SEARCH("@",C107)),SEARCH("/",RIGHT(C107,LEN(C107)-SEARCH("@",C107)-1))),"") -> 04 EE2 76 | B107: =LEFT(RIGHT(RIGHT(Tableau4[[#This Row],[file name]],LEN(Tableau4[[#This Row],[file name]])-SEARCH("@",Tableau4[[#This Row],[file name]])),LEN(RIGHT(Tableau4[[#This Row],[file name]],LEN(Tableau4[[#This Row],[file name]])-SEARCH("@",Tableau4[[#This Row],[file name]])))-SEARCH("/",RIGHT(Tableau4[[#This Row],[file name]],LEN(Tableau4[[#This Row],[file name]])-SEARCH("@",Tableau4[[#This Row],[file name]])))),1) -> C | C107: D:\Images\20210706\plaque 1/@04 EE2 76/C4_01.tif | D107: 13821.5027 | E107: 68.2034 | G107: 942674
A108: =IFERROR(LEFT(RIGHT(C108,LEN(C108)-SEARCH("@",C108)),SEARCH("/",RIGHT(C108,LEN(C108)-SEARCH("@",C108)-1))),"") -> 04 EE2 76 | B108: =LEFT(RIGHT(RIGHT(Tableau4[[#This Row],[file name]],LEN(Tableau4[[#This Row],[file name]])-SEARCH("@",Tableau4[[#This Row],[file name]])),LEN(RIGHT(Tableau4[[#This Row],[file name]],LEN(Tableau4[[#This Row],[file name]])-SEARCH("@",Tableau4[[#This Row],[file name]])))-SEARCH("/",RIGHT(Tableau4[[#This Row],[file name]],LEN(Tableau4[[#This Row],[file name]])-SEARCH("@",Tableau4[[#This Row],[file name]])))),1) -> C | C108: D:\Images\20210706\plaque 1/@04 EE2 76/C4_02.tif | D108: 6380.8189 | E108: 63.9492 | G108: 408048
...

Sheet R1
A1: 3. Expérimentateur 1 : copier et coller les valeurs des intensités totales de fluorescences obtenues dans le fichier raw data lors du traitement des images.
A3: R1 | B3: Non dopé | O3: avec testo
A4: Noms des groupes | B4: ='Page de garde'!A7 -> Témoin solvant | C4: ='Page de garde'!A9 -> EE2-33.8ng/L | D4: ='Page de garde'!A10 -> EE2-50.6ng/L | E4: ='Page de garde'!A11 -> EE2-76ng/L | F4: ='Page de garde'!A12 -> EE2-114ng/L | G4: ='Page de garde'!A13 -> EE2-170.9ng/L | H4: ='Page de garde'!A14 -> EE2-488ng/L | I4: ='Page de garde'!A15 -> Tamoxifen-30,2µg/L | J4: ='Page de garde'!A16 -> Tamoxifen-60,4µg/L | K4: ='Page de garde'!A17 -> Tamoxifen-121µg/L | L4: ='Page de garde'!A18 -> Tamoxifen-242µg/L | M4: ='Page de garde'!A19 -> Tamoxifen-483µg/L | O4: ='Page de garde'!A36 -> Testo -30µg/L | P4: ='Page de garde'!A37 -> Testo 30µg/L + EE2 -64ng/L | Q4: ='Page de garde'!A38 -> Testo 30µg/L + FAD-10µg/L | R4: ='Page de garde'!A39 -> Tamoxifen-30.2µg/L + Testostérone | S4: ='Page de garde'!A40 -> Tamoxifen-60.4µg/L + Testostérone | T4: ='Page de garde'!A41 -> Tamoxifen-121µg/L + Testostérone | U4: ='Page de garde'!A42 -> Tamoxifen-242µg/L + Testostérone | V4: ='Page de garde'!A43 -> Tamoxifen-483µg/L + Testostérone
A5: Données brutes | B5: 209363 | C5: 763340.33 | D5: 212852.67 | E5: 1535448.3 | F5: 3204036.3 | G5: 2781247.5 | H5: 3334371 | I5: 327923.67 | J5: 59842.667 | K5: 296776.33 | M5: 202340.33 | O5: 2451907.3 | P5: 1351450.3 | Q5: 276977.67 | R5: 1020822.7 | S5: 1475454.7 | T5: 2472672 | U5: 402997.5
B6: 223862.33 | C6: 220336.67 | D6: 305969.33 | E6: 76267 | F6: 470212.67 | G6: 2656338.3 | H6: 4608624 | I6: 191021 | J6: 911880 | K6: 66721.333 | L6: 55448.5 | M6: 567157.33 | O6: 2295905 | P6: 3585811.3 | Q6: 107738.33 | R6: 2013930.7 | S6: 3171346.7 | T6: 2977910.3 | U6: 4320794.7 | V6: 1415395.3
B7: 165223.33 | C7: 247208 | D7: 53224 | E7: 730484.67 | F7: 848194.67 | G7: 2253150 | H7: 5526207.7 | I7: 58227.667 | J7: 290287.67 | K7: 205823 | L7: 135554.33 | M7: 653129 | O7: 3237843.5 | P7: 5725325 | Q7: 236999 | R7: 875347.67 | S7: 3095786 | T7: 2143399.7 | U7: 4419535.3 | V7: 1568311.3
B8: 22358 | C8: 290352.33 | D8: 910041.67 | E8: 295471.67 | F8: 2160336 | G8: 1398430.3 | H8: 8878170.7 | I8: 358234.33 | J8: 123564.33 | K8: 244014.33 | L8: 200206.33 | M8: 485194.67 | O8: 2340426.7 | P8: 4350810 | Q8: 433665 | R8: 1527078 | S8: 505966.33 | T8: 4255782.7 | U8: 3419736.7 | V8: 1466290.7
B9: 455100.33 | C9: 187394.33 | D9: 282587.33 | E9: 3249625 | F9: 524078 | G9: 2271600.3 | H9: 4329440 | I9: 521324 | J9: 233350.33 | K9: 118892 | L9: 383699.67 | M9: 1320469 | O9: 4353982.3 | P9: 3518809.3 | Q9: 408285.67 | R9: 3179875.7 | S9: 2457357.7 | T9: 2619640 | U9: 1259300 | V9: 1384854
B10: 279696 | C10: 206291.67 | D10: 72748.333 | E10: 400953 | F10: 553494.33 | G10: 757846.67 | H10: 4509148 | I10: 101833.67 | J10: 68026 | K10: 29272.333 | L10: 96844.333 | M10: 152952.33 | O10: 1818043 | P10: 3497251.5 | Q10: 439721.33 | R10: 542910.33 | S10: 2364861.3 | T10: 738112.67 | U10: 3096492.5 | V10: 316200.33
B11: 178014.33 | C11: 492718 | D11: 214143 | E11: 241880 | F11: 1198137.7 | G11: 2592890.7 | H11: 4464727.3 | I11: 117529.67 | J11: 744551.67 | K11: 172620.67 | L11: 334549.33 | M11: 1292797.5 | O11: 3591514 | P11: 3239653.7 | Q11: 19164 | R11: 1208462.3 | S11: 779245.67 | T11: 321896.33 | U11: 2484626 | V11: 1967087.3
B12: 86649.333 | C12: 234648.33 | D12: 254764 | E12: 454379.33 | F12: 910914.33 | G12: 2426628.7 | H12: 3400637.3 | I12: 27542 | J12: 305399.33 | K12: 164986 | L12: 234107.67 | M12: 165144 | O12: 2326497.3 | P12: 3217490 | S12: 2155137.7 | T12: 2269026 | U12: 1810840 | V12: 2080089
O13: 763391
O14: 1951211.3
O15: 200292.67
O16: 2068997
O17: 2197222.7
O18: 4282805.7
O19: 703483.67
O20: 918506.33
A22: =A4 -> Noms des groupes | B22: =B4 -> Témoin solvant | C22: =C4 -> EE2-33.8ng/L | D22: =D4 -> EE2-50.6ng/L | E22: =E4 -> EE2-76ng/L | F22: =F4 -> EE2-114ng/L | G22: =G4 -> EE2-170.9ng/L | H22: =H4 -> EE2-488ng/L | ... M22: =M4 -> Tamoxifen-483µg/L | N22: Nom des groupes | O22: =O4 -> Testo -30µg/L | P22: =P4 -> Testo 30µg/L + EE2 -64ng/L | Q22: =Q4 -> Testo 30µg/L + FAD-10µg/L | R22: =R4 -> Tamoxifen-30.2µg/L + Testostérone | S22: =S4 -> Tamoxifen-60.4µg/L + Testostérone | T22: =T4 -> Tamoxifen-121µg/L + Testostérone | U22: =U4 -> Tamoxifen-242µg/L + Testostérone | V22: =V4 -> Tamoxifen-483µg/L + Testostérone
A23: mean | B23: =AVERAGE(B5:B20) -> 202533.33 | C23: =AVERAGE(C5:C20) -> 330286.21 | D23: =AVERAGE(D5:D20) -> 288291.29 | E23: =AVERAGE(E5:E20) -> 873063.62 | F23: =AVERAGE(F5:F20) -> 1233675.5 | G23: =AVERAGE(G5:G20) -> 2142266.6 | H23: =AVERAGE(H5:H20) -> 4881415.8 | I23: =AVERAGE(I5:I20) -> 212954.5 | ... M23: =AVERAGE(M5:M20) -> 604898.02 | N23: mean | O23: =AVERAGE(O5:O20) -> 2218876.8 | P23: =AVERAGE(P5:P20) -> 3560825.1 | Q23: =AVERAGE(Q5:Q20) -> 274650.14 | R23: =AVERAGE(R5:R20) -> 1481203.9 | S23: =AVERAGE(S5:S20) -> 2000644.5 | T23: =AVERAGE(T5:T20) -> 2224805 | U23: =AVERAGE(U5:U20) -> 2651790.3 | V23: =AVERAGE(V5:V20) -> 1456889.7
A24: SD | B24: =STDEV(B5:B20) -> 129907.22 | C24: =STDEV(C5:C20) -> 199801.65 | D24: =STDEV(D5:D20) -> 267514.22 | E24: =STDEV(E5:E20) -> 1060471.7 | F24: =STDEV(F5:F20) -> 966887.88 | G24: =STDEV(G5:G20) -> 702589.44 | H24: =STDEV(H5:H20) -> 1759349.1 | I24: =STDEV(I5:I20) -> 173068.48 | ... M24: =STDEV(M5:M20) -> 472533.93 | N24: SD | O24: =STDEV(O5:O20) -> 1218284.1 | P24: =STDEV(P5:P20) -> 1219949.3 | Q24: =STDEV(Q5:Q20) -> 165805.32 | R24: =STDEV(R5:R20) -> 885549.12 | S24: =STDEV(S5:S20) -> 995467.57 | T24: =STDEV(T5:T20) -> 1239197.2 | U24: =STDEV(U5:U20) -> 1435729.7 | V24: =STDEV(V5:V20) -> 572896.92
B26: Non dopé | O26: avec testo
A27: Noms des groupes | B27: =B4 -> Témoin solvant | C27: =C4 -> EE2-33.8ng/L | D27: =D4 -> EE2-50.6ng/L | E27: =E4 -> EE2-76ng/L | F27: =F4 -> EE2-114ng/L | G27: =G4 -> EE2-170.9ng/L | H27: =H4 -> EE2-488ng/L | I27: =I4 -> Tamoxifen-30,2µg/L | ... M27: =M4 -> Tamoxifen-483µg/L | O27: =O4 -> Testo -30µg/L | P27: =P4 -> Testo 30µg/L + EE2 -64ng/L | Q27: =Q4 -> Testo 30µg/L + FAD-10µg/L | R27: =R4 -> Tamoxifen-30.2µg/L + Testostérone | S27: =S4 -> Tamoxifen-60.4µg/L + Testostérone | T27: =T4 -> Tamoxifen-121µg/L + Testostérone | U27: =U4 -> Tamoxifen-242µg/L + Testostérone | V27: =V4 -> Tamoxifen-483µg/L + Testostérone
A28: Données normalisées sur la moyenne du groupe "Testo" | B28: =IF(B5="","",(B5/$O$23)) -> 0.094355395 | C28: =IF(C5="","",(C5/$O$23)) -> 0.34402105 | D28: =IF(D5="","",(D5/$O$23)) -> 0.095928112 | E28: =IF(E5="","",(E5/$O$23)) -> 0.69199349 | F28: =IF(F5="","",(F5/$O$23)) -> 1.4439902 | G28: =IF(G5="","",(G5/$O$23)) -> 1.2534483 | H28: =IF(H5="","",(H5/$O$23)) -> 1.5027292 | I28: =IF(I5="","",(I5/$O$23)) -> 0.14778813 | ... M28: =IF(M5="","",(M5/$O$23)) -> 0.09119043 | O28: =IF(O5="","",(O5/$O$23)) -> 1.1050218 | P28: =IF(P5="","",(P5/$O$23)) -> 0.60906956 | Q28: =IF(Q5="","",(Q5/$O$23)) -> 0.12482787 | R28: =IF(R5="","",(R5/$O$23)) -> 0.46006279 | S28: =IF(S5="","",(S5/$O$23)) -> 0.66495564 | T28: =IF(T5="","",(T5/$O$23)) -> 1.11438 | U28: =IF(U5="","",(U5/$O$23)) -> 0.18162229 | V28: =IF(V5="","",(V5/$O$23))
B29: =IF(B6="","",(B6/$O$23)) -> 0.10088993 | C29: =IF(C6="","",(C6/$O$23)) -> 0.09930099 | D29: =IF(D6="","",(D6/$O$23)) -> 0.13789379 | E29: =IF(E6="","",(E6/$O$23)) -> 0.034371894 | F29: =IF(F6="","",(F6/$O$23)) -> 0.21191472 | G29: =IF(G6="","",(G6/$O$23)) -> 1.1971545 | H29: =IF(H6="","",(H6/$O$23)) -> 2.0770076 | I29: =IF(I6="","",(I6/$O$23)) -> 0.08608905 | ... M29: =IF(M6="","",(M6/$O$23)) -> 0.25560559 | O29: =IF(O6="","",(O6/$O$23)) -> 1.0347149 | P29: =IF(P6="","",(P6/$O$23)) -> 1.6160479 | Q29: =IF(Q6="","",(Q6/$O$23)) -> 0.048555346 | R29: =IF(R6="","",(R6/$O$23)) -> 0.90763517 | S29: =IF(S6="","",(S6/$O$23)) -> 1.4292576 | T29: =IF(T6="","",(T6/$O$23)) -> 1.34208 | U29: =IF(U6="","",(U6/$O$23)) -> 1.9472891 | V29: =IF(V6="","",(V6/$O$23)) -> 0.63788819
B30: =IF(B7="","",(B7/$O$23)) -> 0.074462598 | C30: =IF(C7="","",(C7/$O$23)) -> 0.11141132 | D30: =IF(D7="","",(D7/$O$23)) -> 0.02398691 | E30: =IF(E7="","",(E7/$O$23)) -> 0.3292137 | F30: =IF(F7="","",(F7/$O$23)) -> 0.38226307 | G30: =IF(G7="","",(G7/$O$23)) -> 1.0154462 | H30: =IF(H7="","",(H7/$O$23)) -> 2.4905428 | I30: =IF(I7="","",(I7/$O$23)) -> 0.026241955 | ... M30: =IF(M7="","",(M7/$O$23)) -> 0.29435117 | O30: =IF(O7="","",(O7/$O$23)) -> 1.4592263 | P30: =IF(P7="","",(P7/$O$23)) -> 2.5802807 | Q30: =IF(Q7="","",(Q7/$O$23)) -> 0.10681034 | R30: =IF(R7="","",(R7/$O$23)) -> 0.39450034 | S30: =IF(S7="","",(S7/$O$23)) -> 1.3952041 | T30: =IF(T7="","",(T7/$O$23)) -> 0.96598406 | U30: =IF(U7="","",(U7/$O$23)) -> 1.9917894 | V30: =IF(V7="","",(V7/$O$23)) -> 0.70680414
B31: =IF(B8="","",(B8/$O$23)) -> 0.010076269 | C31: =IF(C8="","",(C8/$O$23)) -> 0.13085554 | D31: =IF(D8="","",(D8/$O$23)) -> 0.41013618 | E31: =IF(E8="","",(E8/$O$23)) -> 0.13316272 | F31: =IF(F8="","",(F8/$O$23)) -> 0.9736169 | G31: =IF(G8="","",(G8/$O$23)) -> 0.63024243 | H31: =IF(H8="","",(H8/$O$23)) -> 4.0012003 | I31: =IF(I8="","",(I8/$O$23)) -> 0.1614485 | ... M31: =IF(M8="","",(M8/$O$23)) -> 0.21866679 | O31: =IF(O8="","",(O8/$O$23)) -> 1.0547799 | P31: =IF(P8="","",(P8/$O$23)) -> 1.9608164 | Q31: =IF(Q8="","",(Q8/$O$23)) -> 0.19544347 | R31: =IF(R8="","",(R8/$O$23)) -> 0.68822116 | S31: =IF(S8="","",(S8/$O$23)) -> 0.22802813 | T31: =IF(T8="","",(T8/$O$23)) -> 1.9179896 | U31: =IF(U8="","",(U8/$O$23)) -> 1.5412017 | V31: =IF(V8="","",(V8/$O$23)) -> 0.66082562
B32: =IF(B9="","",(B9/$O$23)) -> 0.20510392 | C32: =IF(C9="","",(C9/$O$23)) -> 0.08445459 | D32: =IF(D9="","",(D9/$O$23)) -> 0.12735602 | E32: =IF(E9="","",(E9/$O$23)) -> 1.464536 | F32: =IF(F9="","",(F9/$O$23)) -> 0.23619067 | G32: =IF(G9="","",(G9/$O$23)) -> 1.0237613 | H32: =IF(H9="","",(H9/$O$23)) -> 1.9511854 | I32: =IF(I9="","",(I9/$O$23)) -> 0.2349495 | ... M32: =IF(M9="","",(M9/$O$23)) -> 0.59510694 | O32: =IF(O9="","",(O9/$O$23)) -> 1.9622461 | P32: =IF(P9="","",(P9/$O$23)) -> 1.5858516 | Q32: =IF(Q9="","",(Q9/$O$23)) -> 0.18400556 | R32: =IF(R9="","",(R9/$O$23)) -> 1.4331015 | S32: =IF(S9="","",(S9/$O$23)) -> 1.1074782 | T32: =IF(T9="","",(T9/$O$23)) -> 1.1806153 | U32: =IF(U9="","",(U9/$O$23)) -> 0.56753939 | V32: =IF(V9="","",(V9/$O$23)) -> 0.62412387
B33: =IF(B10="","",(B10/$O$23)) -> 0.12605296 | C33: =IF(C10="","",(C10/$O$23)) -> 0.092971211 | D33: =IF(D10="","",(D10/$O$23)) -> 0.032786107 | E33: =IF(E10="","",(E10/$O$23)) -> 0.18070088 | F33: =IF(F10="","",(F10/$O$23)) -> 0.24944797 | G33: =IF(G10="","",(G10/$O$23)) -> 0.34154517 | H33: =IF(H10="","",(H10/$O$23)) -> 2.0321759 | I33: =IF(I10="","",(I10/$O$23)) -> 0.04589424 | ... M33: =IF(M10="","",(M10/$O$23)) -> 0.068932322 | O33: =IF(O10="","",(O10/$O$23)) -> 0.81935282 | P33: =IF(P10="","",(P10/$O$23)) -> 1.5761359 | Q33: =IF(Q10="","",(Q10/$O$23)) -> 0.19817293 | R33: =IF(R10="","",(R10/$O$23)) -> 0.24467799 | S33: =IF(S10="","",(S10/$O$23)) -> 1.0657921 | T33: =IF(T10="","",(T10/$O$23)) -> 0.33265148 | U33: =IF(U10="","",(U10/$O$23)) -> 1.3955225 | V33: =IF(V10="","",(V10/$O$23)) -> 0.14250468
B34: =IF(B11="","",(B11/$O$23)) -> 0.080227226 | C34: =IF(C11="","",(C11/$O$23)) -> 0.22205739 | D34: =IF(D11="","",(D11/$O$23)) -> 0.096509638 | E34: =IF(E11="","",(E11/$O$23)) -> 0.10901011 | F34: =IF(F11="","",(F11/$O$23)) -> 0.53997484 | G34: =IF(G11="","",(G11/$O$23)) -> 1.16856 | H34: =IF(H11="","",(H11/$O$23)) -> 2.0121564 | I34: =IF(I11="","",(I11/$O$23)) -> 0.052968089 | ... M34: =IF(M11="","",(M11/$O$23)) -> 0.58263599 | O34: =IF(O11="","",(O11/$O$23)) -> 1.618618 | P34: =IF(P11="","",(P11/$O$23)) -> 1.4600421 | Q34: =IF(Q11="","",(Q11/$O$23)) -> 0.008636802 | R34: =IF(R11="","",(R11/$O$23)) -> 0.54462794 | S34: =IF(S11="","",(S11/$O$23)) -> 0.35118924 | T34: =IF(T11="","",(T11/$O$23)) -> 0.14507174 | U34: =IF(U11="","",(U11/$O$23)) -> 1.1197674 | V34: =IF(V11="","",(V11/$O$23)) -> 0.88652389
B35: =IF(B12="","",(B12/$O$23)) -> 0.039050988 | C35: =IF(C12="","",(C12/$O$23)) -> 0.10575095 | D35: =IF(D12="","",(D12/$O$23)) -> 0.11481665 | E35: =IF(E12="","",(E12/$O$23)) -> 0.20477898 | F35: =IF(F12="","",(F12/$O$23)) -> 0.41052947 | G35: =IF(G12="","",(G12/$O$23)) -> 1.0936293 | H35: =IF(H12="","",(H12/$O$23)) -> 1.532594 | I35: =IF(I12="","",(I12/$O$23)) -> 0.012412586 | ... M35: =IF(M12="","",(M12/$O$23)) -> 0.074426844 | O35: =IF(O12="","",(O12/$O$23)) -> 1.0485022 | P35: =IF(P12="","",(P12/$O$23)) -> 1.4500534 | Q35: =IF(Q12="","",(Q12/$O$23)) | R35: =IF(R12="","",(R12/$O$23)) | S35: =IF(S12="","",(S12/$O$23)) -> 0.97127413 | T35: =IF(T12="","",(T12/$O$23)) -> 1.0226011 | U35: =IF(U12="","",(U12/$O$23)) -> 0.81610658 | V35: =IF(V12="","",(V12/$O$23)) -> 0.93745131
B36: =IF(B13="","",(B13/$O$23)) | C36: =IF(C13="","",(C13/$O$23)) | D36: =IF(D13="","",(D13/$O$23)) | E36: =IF(E13="","",(E13/$O$23)) | F36: =IF(F13="","",(F13/$O$23)) | G36: =IF(G13="","",(G13/$O$23)) | H36: =IF(H13="","",(H13/$O$23)) | I36: =IF(I13="","",(I13/$O$23)) | ... M36: =IF(M13="","",(M13/$O$23)) | O36: =IF(O13="","",(O13/$O$23)) -> 0.34404388 | P36: =IF(P13="","",(P13/$O$23)) | Q36: =IF(Q13="","",(Q13/$O$23)) | R36: =IF(R13="","",(R13/$O$23)) | S36: =IF(S13="","",(S13/$O$23)) | T36: =IF(T13="","",(T13/$O$23)) | U36: =IF(U13="","",(U13/$O$23)) | V36: =IF(V13="","",(V13/$O$23))
B37: =IF(B14="","",(B14/$O$23)) | C37: =IF(C14="","",(C14/$O$23)) | D37: =IF(D14="","",(D14/$O$23)) | E37: =IF(E14="","",(E14/$O$23)) | F37: =IF(F14="","",(F14/$O$23)) | G37: =IF(G14="","",(G14/$O$23)) | H37: =IF(H14="","",(H14/$O$23)) | I37: =IF(I14="","",(I14/$O$23)) | ... M37: =IF(M14="","",(M14/$O$23)) | O37: =IF(O14="","",(O14/$O$23)) -> 0.87936892 | P37: =IF(P14="","",(P14/$O$23)) | Q37: =IF(Q14="","",(Q14/$O$23)) | R37: =IF(R14="","",(R14/$O$23)) | S37: =IF(S14="","",(S14/$O$23)) | T37: =IF(T14="","",(T14/$O$23)) | U37: =IF(U14="","",(U14/$O$23)) | V37: =IF(V14="","",(V14/$O$23))
B38: =IF(B15="","",(B15/$O$23)) | C38: =IF(C15="","",(C15/$O$23)) | D38: =IF(D15="","",(D15/$O$23)) | E38: =IF(E15="","",(E15/$O$23)) | F38: =IF(F15="","",(F15/$O$23)) | G38: =IF(G15="","",(G15/$O$23)) | H38: =IF(H15="","",(H15/$O$23)) | I38: =IF(I15="","",(I15/$O$23)) | ... M38: =IF(M15="","",(M15/$O$23)) | O38: =IF(O15="","",(O15/$O$23)) -> 0.090267591 | P38: =IF(P15="","",(P15/$O$23)) | Q38: =IF(Q15="","",(Q15/$O$23)) | R38: =IF(R15="","",(R15/$O$23)) | S38: =IF(S15="","",(S15/$O$23)) | T38: =IF(T15="","",(T15/$O$23)) | U38: =IF(U15="","",(U15/$O$23)) | V38: =IF(V15="","",(V15/$O$23))
B39: =IF(B16="","",(B16/$O$23)) | C39: =IF(C16="","",(C16/$O$23)) | D39: =IF(D16="","",(D16/$O$23)) | E39: =IF(E16="","",(E16/$O$23)) | F39: =IF(F16="","",(F16/$O$23)) | G39: =IF(G16="","",(G16/$O$23)) | H39: =IF(H16="","",(H16/$O$23)) | I39: =IF(I16="","",(I16/$O$23)) | ... M39: =IF(M16="","",(M16/$O$23)) | O39: =IF(O16="","",(O16/$O$23)) -> 0.93245238 | P39: =IF(P16="","",(P16/$O$23)) | Q39: =IF(Q16="","",(Q16/$O$23)) | R39: =IF(R16="","",(R16/$O$23)) | S39: =IF(S16="","",(S16/$O$23)) | T39: =IF(T16="","",(T16/$O$23)) | U39: =IF(U16="","",(U16/$O$23)) | V39: =IF(V16="","",(V16/$O$23))
B40: =IF(B17="","",(B17/$O$23)) | C40: =IF(C17="","",(C17/$O$23)) | D40: =IF(D17="","",(D17/$O$23)) | E40: =IF(E17="","",(E17/$O$23)) | F40: =IF(F17="","",(F17/$O$23)) | G40: =IF(G17="","",(G17/$O$23)) | H40: =IF(H17="","",(H17/$O$23)) | I40: =IF(I17="","",(I17/$O$23)) | ... M40: =IF(M17="","",(M17/$O$23)) | O40: =IF(O17="","",(O17/$O$23)) -> 0.99024093 | P40: =IF(P17="","",(P17/$O$23)) | Q40: =IF(Q17="","",(Q17/$O$23)) | R40: =IF(R17="","",(R17/$O$23)) | S40: =IF(S17="","",(S17/$O$23)) | T40: =IF(T17="","",(T17/$O$23)) | U40: =IF(U17="","",(U17/$O$23)) | V40: =IF(V17="","",(V17/$O$23))
... B43: =IF(B20="","",(B20/$O$23)) | C43: =IF(C20="","",(C20/$O$23)) | D43: =IF(D20="","",(D20/$O$23)) | E43: =IF(E20="","",(E20/$O$23)) | F43: =IF(F20="","",(F20/$O$23)) | G43: =IF(G20="","",(G20/$O$23)) | H43: =IF(H20="","",(H20/$O$23)) | I43: =IF(I20="","",(I20/$O$23)) | ... M43: =IF(M20="","",(M20/$O$23)) | O43: =IF(O20="","",(O20/$O$23)) -> 0.41395102 | P43: =IF(P20="","",(P20/$O$23)) | Q43: =IF(Q20="","",(Q20/$O$23)) | R43: =IF(R20="","",(R20/$O$23)) | S43: =IF(S20="","",(S20/$O$23)) | T43: =IF(T20="","",(T20/$O$23)) | U43: =IF(U20="","",(U20/$O$23)) | V43: =IF(V20="","",(V20/$O$23))
A45: =A4 -> Noms des groupes | B45: =B4 -> Témoin solvant | C45: =C4 -> EE2-33.8ng/L | D45: =D4 -> EE2-50.6ng/L | E45: =E4 -> EE2-76ng/L | F45: =F4 -> EE2-114ng/L | G45: =G4 -> EE2-170.9ng/L | H45: =H4 -> EE2-488ng/L | ... M45: =M4 -> Tamoxifen-483µg/L | N45: =N22 -> Nom des groupes | O45: =O4 -> Testo -30µg/L | P45: =P4 -> Testo 30µg/L + EE2 -64ng/L | Q45: =Q4 -> Testo 30µg/L + FAD-10µg/L | R45: =R4 -> Tamoxifen-30.2µg/L + Testostérone | S45: =S4 -> Tamoxifen-60.4µg/L + Testostérone | T45: =T4 -> Tamoxifen-121µg/L + Testostérone | U45: =U4 -> Tamoxifen-242µg/L + Testostérone | V45: =V4 -> Tamoxifen-483µg/L + Testostérone
A46: mean | B46: =AVERAGE(B28:B43) -> 0.091277411 | C46: =AVERAGE(C28:C43) -> 0.14885288 | D46: =AVERAGE(D28:D43) -> 0.12992668 | E46: =AVERAGE(E28:E43) -> 0.39347097 | F46: =AVERAGE(F28:F43) -> 0.55599098 | G46: =AVERAGE(G28:G43) -> 0.9654734 | H46: =AVERAGE(H28:H43) -> 2.1999489 | I46: =AVERAGE(I28:I43) -> 0.095974006 | ... M46: =AVERAGE(M28:M43) -> 0.27261451 | N46: mean | O46: =AVERAGE(O28:O43) -> 1 | P46: =AVERAGE(P28:P43) -> 1.6047872 | Q46: =AVERAGE(Q28:Q43) -> 0.1237789 | R46: =AVERAGE(R28:R43) -> 0.6675467 | S46: =AVERAGE(S28:S43) -> 0.90164738 | T46: =AVERAGE(T28:T43) -> 1.0026717 | U46: =AVERAGE(U28:U43) -> 1.1951048 | V46: =AVERAGE(V28:V43) -> 0.65658881
A47: SD | B47: =STDEV(B28:B43) -> 0.058546387 | C47: =STDEV(C28:C43) -> 0.090046301 | D47: =STDEV(D28:D43) -> 0.1205629 | E47: =STDEV(E28:E43) -> 0.47793174 | F47: =STDEV(F28:F43) -> 0.43575554 | G47: =STDEV(G28:G43) -> 0.31664193 | H47: =STDEV(H28:H43) -> 0.79290072 | I47: =STDEV(I28:I43) -> 0.077998236 | ... M47: =STDEV(M28:M43) -> 0.21296086 | N47: SD | O47: =STDEV(O28:O43) -> 0.54905441 | P47: =STDEV(P28:P43) -> 0.54980487 | Q47: =STDEV(Q28:Q43) -> 0.074724886 | R47: =STDEV(R28:R43) -> 0.39909791 | S47: =STDEV(S28:S43) -> 0.44863579 | T47: =STDEV(T28:T43) -> 0.5584795 | U47: =STDEV(U28:U43) -> 0.64705247 | V47: =STDEV(V28:V43) -> 0.2581923
A48: SEM | B48: =B47/SQRT(COUNT(B28:B43)) -> 0.020699274 | C48: =C47/SQRT(COUNT(C28:C43)) -> 0.031836175 | D48: =D47/SQRT(COUNT(D28:D43)) -> 0.042625421 | E48: =E47/SQRT(COUNT(E28:E43)) -> 0.16897439 | F48: =F47/SQRT(COUNT(F28:F43)) -> 0.15406285 | G48: =G47/SQRT(COUNT(G28:G43)) -> 0.11194983 | H48: =H47/SQRT(COUNT(H28:H43)) -> 0.28033274 | I48: =I47/SQRT(COUNT(I28:I43)) -> 0.027576541 | ... M48: =M47/SQRT(COUNT(M28:M43)) -> 0.075293035 | N48: SEM | O48: =O47/SQRT(COUNT(O28:O43)) -> 0.1372636 | P48: =P47/SQRT(COUNT(P28:P43)) -> 0.19438538 | Q48: =Q47/SQRT(COUNT(Q28:Q43)) -> 0.028243352 | R48: =R47/SQRT(COUNT(R28:R43)) -> 0.15084483 | S48: =S47/SQRT(COUNT(S28:S43)) -> 0.1586167 | T48: =T47/SQRT(COUNT(T28:T43)) -> 0.19745232 | U48: =U47/SQRT(COUNT(U28:U43)) -> 0.2287676 | V48: =V47/SQRT(COUNT(V28:V43)) -> 0.097587518
A50: 4. Expérimentateur 1 : réaliser les tests statistiques avec les données normalisées et renseigner les résultats ainsi que le test statistique utilisé dans le tableau violet.
A52: =A27 -> Noms des groupes | B52: =B27 -> Témoin solvant | C52: =C27 -> EE2-33.8ng/L | D52: =D27 -> EE2-50.6ng/L | E52: =E27 -> EE2-76ng/L | F52: =F27 -> EE2-114ng/L | G52: =G27 -> EE2-170.9ng/L | H52: =H27 -> EE2-488ng/L | I52: =I4 -> Tamoxifen-30,2µg/L | J52: =J4 -> Tamoxifen-60,4µg/L | K52: =K27 -> Tamoxifen-121µg/L | L52: =L27 -> Tamoxifen-242µg/L | M52: =M27 -> Tamoxifen-483µg/L | O52: =O27 -> Testo -30µg/L | P52: =P27 -> Testo 30µg/L + EE2 -64ng/L | Q52: =Q27 -> Testo 30µg/L + FAD-10µg/L | R52: =R27 -> Tamoxifen-30.2µg/L + Testostérone | S52: =S27 -> Tamoxifen-60.4µg/L + Testostérone | T52: =T27 -> Tamoxifen-121µg/L + Testostérone | U52: =U27 -> Tamoxifen-242µg/L + Testostérone | V52: =V27 -> Tamoxifen-483µg/L + Testostérone
A53: Mean | B53: =B46 -> 0.091277411 | C53: =C46 -> 0.14885288 | D53: =D46 -> 0.12992668 | E53: =E46 -> 0.39347097 | F53: =F46 -> 0.55599098 | G53: =G46 -> 0.9654734 | H53: =H46 -> 2.1999489 | I53: =I46 -> 0.095974006 | ... M53: =M46 -> 0.27261451 | O53: =O46 -> 1 | P53: =P46 -> 1.6047872 | Q53: =Q46 -> 0.1237789 | R53: =R46 -> 0.6675467 | S53: =S46 -> 0.90164738 | T53: =T46 -> 1.0026717 | U53: =U46 -> 1.1951048 | V53: =V46 -> 0.65658881
A54: SEM | B54: =B48 -> 0.020699274 | C54: =C48 -> 0.031836175 | D54: =D48 -> 0.042625421 | E54: =E48 -> 0.16897439 | F54: =F48 -> 0.15406285 | G54: =G48 -> 0.11194983 | H54: =H48 -> 0.28033274 | I54: =I48 -> 0.027576541 | ... M54: =M48 -> 0.075293035 | O54: =O48 -> 0.1372636 | P54: =P48 -> 0.19438538 | Q54: =Q48 -> 0.028243352 | R54: =R48 -> 0.15084483 | S54: =S48 -> 0.1586167 | T54: =T48 -> 0.19745232 | U54: =U48 -> 0.2287676 | V54: =V48 -> 0.097587518
A55: % induction | B55: =(B53*100/$B$53)-100 -> 0 | C55: =(C53*100/$B$53)-100 -> 63.077456 | D55: =(D53*100/$B$53)-100 -> 42.342639 | E55: =(E53*100/$B$53)-100 -> 331.07157 | F55: =(F53*100/$B$53)-100 -> 509.1222 | G55: =(G53*100/$B$53)-100 -> 957.7353 | H55: =(H53*100/$B$53)-100 -> 2310.1789 | I55: =(I53*100/$B$53)-100 -> 5.1454082 | ... M55: =(M53*100/$B$53)-100 -> 198.66591 | O55: =(O53*100/$O$53)-100 -> 0 | P55: =(P53*100/$O$53)-100 -> 60.478719 | Q55: =(Q53*100/$O$53)-100 -> -87.62211 | R55: =(R53*100/$O$53)-100 -> -33.24533 | S55: =(S53*100/$O$53)-100 -> -9.8352617 | T55: =(T53*100/$O$53)-100 -> 0.26716736 | U55: =(U53*100/$O$53)-100 -> 19.510479 | V55: =(V53*100/$O$53)-100 -> -34.341119
A56: Test de normalité : valeur du p | B56: =[1]!SWTEST(B28:B43) -> #NAME? | C56: =[1]!SWTEST(C28:C43) -> #NAME? | D56: =[1]!SWTEST(D28:D43) -> #NAME? | E56: =[1]!SWTEST(E28:E43) -> #NAME? | F56: =[1]!SWTEST(F28:F43) -> #NAME? | G56: =[1]!SWTEST(G28:G43) -> #NAME? | H56: =[1]!SWTEST(H28:H43) -> #NAME? | I56: =[1]!SWTEST(I28:I43) -> #NAME? | ... M56: =[1]!SWTEST(M28:M43) -> #NAME? | O56: =[1]!SWTEST(O28:O43) -> #NAME? | P56: =[1]!SWTEST(P28:P43) -> #NAME? | Q56: =[1]!SWTEST(Q28:Q43) -> #NAME? | R56: =[1]!SWTEST(R28:R43) -> #NAME? | S56: =[1]!SWTEST(S28:S43) -> #NAME? | T56: =[1]!SWTEST(T28:T43) -> #NAME? | U56: =[1]!SWTEST(U28:U43) -> #NAME? | V56: =[1]!SWTEST(V28:V43) -> #NAME?
A57: Test de normalité : résultat normal? | B57: =IF(B56>0.05,"Oui","Non") -> #NAME? | C57: =IF(C56>0.05,"Oui","Non") -> #NAME? | D57: =IF(D56>0.05,"Oui","Non") -> #NAME? | E57: =IF(E56>0.05,"Oui","Non") -> #NAME? | F57: =IF(F56>0.05,"Oui","Non") -> #NAME? | G57: =IF(G56>0.05,"Oui","Non") -> #NAME? | H57: =IF(H56>0.05,"Oui","Non") -> #NAME? | I57: =IF(I56>0.05,"Oui","Non") -> #NAME? | ... M57: =IF(M56>0.05,"Oui","Non") -> #NAME? | O57: =IF(O56>0.05,"Oui","Non") -> #NAME? | P57: =IF(P56>0.05,"Oui","Non") -> #NAME? | Q57: =IF(Q56>0.05,"Oui","Non") -> #NAME? | R57: =IF(R56>0.05,"Oui","Non") -> #NAME? | S57: =IF(S56>0.05,"Oui","Non") -> #NAME? | T57: =IF(T56>0.05,"Oui","Non") -> #NAME? | U57: =IF(U56>0.05,"Oui","Non") -> #NAME? | V57: =IF(V56>0.05,"Oui","Non") -> #NAME?
A59: Test statistique utilisé | C59: Krutall Wallis | D59: Krutall Wallis | E59: Krutall Wallis | F59: Krutall Wallis | G59: Krutall Wallis | H59: Krutall Wallis | I59: Anova | J59: Anova | K59: Anova | L59: Anova | M59: Anova | O59: =IF($B57="Non",IF(O$57="Non","Mann Withney",IF(O$57="Oui","Mann Withney","")),IF($B$57="Oui",IF(O$57="Oui","T-Test Welch",IF(O$57="Non","Mann Withney","")))) -> #NAME? | P59: =IF($O57="Non",IF(P$57="Non","Mann Withney",IF(P$57="Oui","Mann Withney","")),IF($O$57="Oui",IF(P$57="Oui","T-Test Welch",IF(P$57="Non","Mann Withney","")))) -> #NAME? | Q59: =IF($O57="Non",IF(Q$57="Non","Mann Withney",IF(Q$57="Oui","Mann Withney","")),IF($O$57="Oui",IF(Q$57="Oui","T-Test Welch",IF(Q$57="Non","Mann Withney","")))) -> #NAME? | R59: Anova | S59: Anova | T59: Anova | U59: Anova | V59: Anova
A60: Test statistique : valeur du p | C60: 0.9999 | D60: 0.9999 | E60: 0.3818 | F60: 0.0195 | G60: 0.0012 | H60: 0.0001 | I60: 0.9999 | J60: 0.7208 | K60: 0.998 | L60: 0.9999 | M60: 0.0146 | O60: 0.0001 | P60: 0.0234 | Q60: 0.0001 | R60: 0.4673 | S60: 0.9894 | T60: 0.9999 | U60: 0.8437 | V60: 0.4364
A61: Annotation | C61: =IF(C60>0.05,"NS",IF(C60>0.01,"*",IF(C60>0.001,"**","***"))) -> NS | D61: =IF(D60>0.05,"NS",IF(D60>0.01,"*",IF(D60>0.001,"**","***"))) -> NS | E61: =IF(E60>0.05,"NS",IF(E60>0.01,"*",IF(E60>0.001,"**","***"))) -> NS | F61: =IF(F60>0.05,"NS",IF(F60>0.01,"*",IF(F60>0.001,"**","***"))) -> * | G61: =IF(G60>0.05,"NS",IF(G60>0.01,"*",IF(G60>0.001,"**","***"))) -> ** | H61: =IF(H60>0.05,"NS",IF(H60>0.01,"*",IF(H60>0.001,"**","***"))) -> *** | I61: =IF(I60>0.05,"NS",IF(I60>0.01,"*",IF(I60>0.001,"**","***"))) -> NS | J61: =IF(J60>0.05,"NS",IF(J60>0.01,"*",IF(J60>0.001,"**","***"))) -> NS | ... M61: =IF(M60>0.05,"NS",IF(M60>0.01,"*",IF(M60>0.001,"**","***"))) -> * | O61: =IF(O60>0.05,"NS",IF(O60>0.01,"*",IF(O60>0.001,"**","***"))) -> *** | P61: =IF(P60>0.05,"NS",IF(P60>0.01,"*",IF(P60>0.001,"**","***"))) -> * | Q61: =IF(Q60>0.05,"NS",IF(Q60>0.01,"*",IF(Q60>0.001,"**","***"))) -> *** | R61: =IF(R60>0.05,"NS",IF(R60>0.01,"*",IF(R60>0.001,"**","***"))) -> NS | S61: =IF(S60>0.05,"NS",IF(S60>0.01,"*",IF(S60>0.001,"**","***"))) -> NS | T61: =IF(T60>0.05,"NS",IF(T60>0.01,"*",IF(T60>0.001,"**","***"))) -> NS | U61: =IF(U60>0.05,"NS",IF(U60>0.01,"*",IF(U60>0.001,"**","***"))) -> NS | V61: =IF(V60>0.05,"NS",IF(V60>0.01,"*",IF(V60>0.001,"**","***"))) -> NS
A63: Eléments pour la mise en forme conditionnelles des résutats - calcul équivalent hormonal (eqH)
A64: LOD | B64: =B46+(3*B47) -> 0.26691657
A65: LOQ | B65: =B46+(10*B47) -> 0.67674129
A67: 5. Expérimentateur 1 : remplissage du suivi qualité (SQ) et transmission à l'expérimenteur 2.

Sheet Raw data R5
A1: Nom groupe | B1: N° de valeur | C1: file name | D1: total area | E1: mean intensity | G1: total fluorescence | I1: nbre de larves | J1: Colonne1 | L1: (Tous)
A2: =IFERROR(LEFT(RIGHT(C2,LEN(C2)-SEARCH("@",C2)),SEARCH("/",RIGHT(C2,LEN(C2)-SEARCH("@",C2)-1))),"") -> 01 Témoins solvant | B2: =LEFT(RIGHT(RIGHT(Tableau46[[#This Row],[file name]],LEN(Tableau46[[#This Row],[file name]])-SEARCH("@",Tableau46[[#This Row],[file name]])),LEN(RIGHT(Tableau46[[#This Row],[file name]],LEN(Tableau46[[#This Row],[file name]])-SEARCH("@",Tableau46[[#This Row],[file name]])))-SEARCH("/",RIGHT(Tableau46[[#This Row],[file name]],LEN(Tableau46[[#This Row],[file name]])-SEARCH("@",Tableau46[[#This Row],[file name]])))),1) -> A | C2: D:\Images\20210707\plaque 1/@01 Témoins solvant/A1_01.tif | D2: 930.0855 | E2: 64.7907 | G2: 60261 | K2: Filtre lignes : Enlever (vide) et Néant | L2: Filtre colonnes : Enlever (vide) et " "
A3: =IFERROR(LEFT(RIGHT(C3,LEN(C3)-SEARCH("@",C3)),SEARCH("/",RIGHT(C3,LEN(C3)-SEARCH("@",C3)-1))),"") -> 01 Témoins solvant | B3: =LEFT(RIGHT(RIGHT(Tableau46[[#This Row],[file name]],LEN(Tableau46[[#This Row],[file name]])-SEARCH("@",Tableau46[[#This Row],[file name]])),LEN(RIGHT(Tableau46[[#This Row],[file name]],LEN(Tableau46[[#This Row],[file name]])-SEARCH("@",Tableau46[[#This Row],[file name]])))-SEARCH("/",RIGHT(Tableau46[[#This Row],[file name]],LEN(Tableau46[[#This Row],[file name]])-SEARCH("@",Tableau46[[#This Row],[file name]])))),1) -> A | C3: D:\Images\20210707\plaque 1/@01 Témoins solvant/A1_02.tif | D3: 930.0855 | E3: 64.1163 | G3: 59634 | K3: Moyenne de total fluorescence | L3: Étiquettes de colonnes
A4: =IFERROR(LEFT(RIGHT(C4,LEN(C4)-SEARCH("@",C4)),SEARCH("/",RIGHT(C4,LEN(C4)-SEARCH("@",C4)-1))),"") -> 01 Témoins solvant | B4: =LEFT(RIGHT(RIGHT(Tableau46[[#This Row],[file name]],LEN(Tableau46[[#This Row],[file name]])-SEARCH("@",Tableau46[[#This Row],[file name]])),LEN(RIGHT(Tableau46[[#This Row],[file name]],LEN(Tableau46[[#This Row],[file name]])-SEARCH("@",Tableau46[[#This Row],[file name]])))-SEARCH("/",RIGHT(Tableau46[[#This Row],[file name]],LEN(Tableau46[[#This Row],[file name]])-SEARCH("@",Tableau46[[#This Row],[file name]])))),1) -> A | C4: D:\Images\20210707\plaque 1/@01 Témoins solvant/A1_03.tif | D4: 1168.0143 | E4: 65.3148 | G4: 76289 | K4: Étiquettes de lignes | L4: 01 Témoins solvant | M4: 02 EE2 33.8 | N4: 03 EE2 50 | O4: 04 EE2 76 | P4: 05 EE2 114 | Q4: 06 EE2 170 | R4: 07 EE2 488 | S4: 08tam 30.2µg_L | T4: 09 tam 60.4µg_L | U4: 10 tam 121µg_L | V4: 11 tam 242µg_L | W4: 12 tam 483µg_L | X4: 01 testo 30 | Y4: 02 testo 30 | Z4: 03Testo + EE2 64 | AA4: 04 Testo +FAD | AB4: 05 tam 30.2 + testo | AC4: 06 tam 60.4 + testo | AD4: 07 tam 121 + testo | AE4: 08 tam 242 + testo | AF4: 09 tam 483 + testo
A5: =IFERROR(LEFT(RIGHT(C5,LEN(C5)-SEARCH("@",C5)),SEARCH("/",RIGHT(C5,LEN(C5)-SEARCH("@",C5)-1))),"") -> 01 Témoins solvant | B5: =LEFT(RIGHT(RIGHT(Tableau46[[#This Row],[file name]],LEN(Tableau46[[#This Row],[file name]])-SEARCH("@",Tableau46[[#This Row],[file name]])),LEN(RIGHT(Tableau46[[#This Row],[file name]],LEN(Tableau46[[#This Row],[file name]])-SEARCH("@",Tableau46[[#This Row],[file name]])))-SEARCH("/",RIGHT(Tableau46[[#This Row],[file name]],LEN(Tableau46[[#This Row],[file name]])-SEARCH("@",Tableau46[[#This Row],[file name]])))),1) -> B | C5: D:\Images\20210707\plaque 1/@01 Témoins solvant/B1_01.tif | D5: 4996.5057 | E5: 67.2121 | G5: 335826 | K5: A | L5: 65394.667 | M5: 40087.333 | N5: 75726 | O5: 279876.33 | P5: 898058.67 | Q5: 3863798.3 | R5: 6722729.7 | S5: 107652 | T5: 66324.333 | U5: 143276.33 | V5: 331118 | W5: 953575.67 | X5: 2585032 | Y5: 2333295.7 | Z5: 2053960.3 | AA5: 430831.67 | AB5: 3233417 | AC5: 631578.33 | AD5: 2036829.3 | AE5: 1658457.7 | AF5: 3412970
A6: =IFERROR(LEFT(RIGHT(C6,LEN(C6)-SEARCH("@",C6)),SEARCH("/",RIGHT(C6,LEN(C6)-SEARCH("@",C6)-1))),"") -> 01 Témoins solvant | B6: =LEFT(RIGHT(RIGHT(Tableau46[[#This Row],[file name]],LEN(Tableau46[[#This Row],[file name]])-SEARCH("@",Tableau46[[#This Row],[file name]])),LEN(RIGHT(Tableau46[[#This Row],[file name]],LEN(Tableau46[[#This Row],[file name]])-SEARCH("@",Tableau46[[#This Row],[file name]])))-SEARCH("/",RIGHT(Tableau46[[#This Row],[file name]],LEN(Tableau46[[#This Row],[file name]])-SEARCH("@",Tableau46[[#This Row],[file name]])))),1) -> B | C6: D:\Images\20210707\plaque 1/@01 Témoins solvant/B1_02.tif | D6: 1492.4627 | E6: 63.1014 | G6: 94177 | K6: B | L6: 183659.67 | M6: 153918 | N6: 165043 | O6: 216234 | P6: 2641118 | Q6: 3534469 | R6: 5469782.3 | S6: 44759.333 | T6: 60953 | U6: 95099.333 | V6: 99454.333 | W6: 1002084.3 | X6: 2909905.7 | Y6: 673526 | Z6: 1627829.7 | AA6: 64954.333 | AB6: 2861534 | AC6: 167516.33 | AD6: 2337081.3 | AE6: 970216 | AF6: 2033549
A7: =IFERROR(LEFT(RIGHT(C7,LEN(C7)-SEARCH("@",C7)),SEARCH("/",RIGHT(C7,LEN(C7)-SEARCH("@",C7)-1))),"") -> 01 Témoins solvant | B7: =LEFT(RIGHT(RIGHT(Tableau46[[#This Row],[file name]],LEN(Tableau46[[#This Row],[file name]])-SEARCH("@",Tableau46[[#This Row],[file name]])),LEN(RIGHT(Tableau46[[#This Row],[file name]],LEN(Tableau46[[#This Row],[file name]])-SEARCH("@",Tableau46[[#This Row],[file name]])))-SEARCH("/",RIGHT(Tableau46[[#This Row],[file name]],LEN(Tableau46[[#This Row],[file name]])-SEARCH("@",Tableau46[[#This Row],[file name]])))),1) -> B | C7: D:\Images\20210707\plaque 1/@01 Témoins solvant/B1_03.tif | D7: 1903.4307 | E7: 63.5568 | G7: 120976 | K7: C | L7: 51695.667 | M7: 49532.667 | N7: 172058.33 | O7: 952386 | P7: 933870.5 | Q7: 1563776.3 | R7: 2254837.3 | S7: 50686 | T7: 183082.33 | U7: 193544.33 | V7: 258304 | W7: 1641363 | X7: 1449621 | Y7: 1826615.7 | Z7: 3634572 | AA7: 206529.33 | AB7: 1630483 | AC7: 991665.67 | AD7: 508994.5 | AE7: 872290.5 | AF7: 2678527
A8: =IFERROR(LEFT(RIGHT(C8,LEN(C8)-SEARCH("@",C8)),SEARCH("/",RIGHT(C8,LEN(C8)-SEARCH("@",C8)-1))),"") -> 01 Témoins solvant | B8: =LEFT(RIGHT(RIGHT(Tableau46[[#This Row],[file name]],LEN(Tableau46[[#This Row],[file name]])-SEARCH("@",Tableau46[[#This Row],[file name]])),LEN(RIGHT(Tableau46[[#This Row],[file name]],LEN(Tableau46[[#This Row],[file name]])-SEARCH("@",Tableau46[[#This Row],[file name]])))-SEARCH("/",RIGHT(Tableau46[[#This Row],[file name]],LEN(Tableau46[[#This Row],[file name]])-SEARCH("@",Tableau46[[#This Row],[file name]])))),1) -> C | C8: D:\Images\20210707\plaque 1/@01 Témoins solvant/C1_01.tif | D8: 389.3381 | E8: 63.3889 | G8: 24680 | K8: D | L8: 91018.667 | M8: 359243.67 | N8: 44031.333 | O8: 393909 | P8: 2137682.3 | Q8: 2376959.7 | R8: 5104893 | S8: 109779 | T8: 617194.67 | U8: 81652.667 | V8: 54428.333 | W8: 150976.67 | X8: 2834323.7 | Y8: 2902343 | Z8: 4504180.3 | AA8: 84774.667 | AB8: 2830495.3 | AC8: 2412901.3 | AD8: 2015495 | AE8: 1560049 | AF8: 1883178
A9: =IFERROR(LEFT(RIGHT(C9,LEN(C9)-SEARCH("@",C9)),SEARCH("/",RIGHT(C9,LEN(C9)-SEARCH("@",C9)-1))),"") -> 01 Témoins solvant | B9: =LEFT(RIGHT(RIGHT(Tableau46[[#This Row],[file name]],LEN(Tableau46[[#This Row],[file name]])-SEARCH("@",Tableau46[[#This Row],[file name]])),LEN(RIGHT(Tableau46[[#This Row],[file name]],LEN(Tableau46[[#This Row],[file name]])-SEARCH("@",Tableau46[[#This Row],[file name]])))-SEARCH("/",RIGHT(Tableau46[[#This Row],[file name]],LEN(Tableau46[[#This Row],[file name]])-SEARCH("@",Tableau46[[#This Row],[file name]])))),1) -> C | C9: D:\Images\20210707\plaque 1/@01 Témoins solvant/C1_02.tif | D9: 1038.2349 | E9: 65.1875 | G9: 67680 | K9: E | L9: 160479.67 | M9: 61458 | N9: 50145.333 | O9: 692466.33 | P9: 2484366.3 | Q9: 3995856 | R9: 6632677.3 | S9: 17376.333 | T9: 112490 | U9: 423391 | V9: 265269.33 | W9: 511215.33 | X9: 3844526.3 | Y9: 1110205 | Z9: 4526733.3 | AA9: 257691.33 | AB9: 194315.67 | AC9: 570063.33 | AD9: 1109447.7 | AE9: 3115808 | AF9: 1223271.7
A10: =IFERROR(LEFT(RIGHT(C10,LEN(C10)-SEARCH("@",C10)),SEARCH("/",RIGHT(C10,LEN(C10)-SEARCH("@",C10)-1))),"") -> 01 Témoins solvant | B10: =LEFT(RIGHT(RIGHT(Tableau46[[#This Row],[file name]],LEN(Tableau46[[#This Row],[file name]])-SEARCH("@",Tableau46[[#This Row],[file name]])),LEN(RIGHT(Tableau46[[#This Row],[file name]],LEN(Tableau46[[#This Row],[file name]])-SEARCH("@",Tableau46[[#This Row],[file name]])))-SEARCH("/",RIGHT(Tableau46[[#This Row],[file name]],LEN(Tableau46[[#This Row],[file name]])-SEARCH("@",Tableau46[[#This Row],[file name]])))),1) -> C | C10: D:\Images\20210707\plaque 1/@01 Témoins solvant/C1_03.tif | D10: 973.3453 | E10: 64.4444 | G10: 62727 | K10: F | L10: 144069.33 | M10: 36496.667 | N10: 42870.5 | O10: 1517178.7 | P10: 1168245 | Q10: 3495340.3 | R10: 6518594.3 | S10: 319481 | T10: 265096 | U10: 258801.67 | V10: 703988 | W10: 285240.33 | X10: 1981341.7 | Y10: 2639658.5 | Z10: 5322663 | AA10: 31738.333 | AB10: 2760118.7 | AC10: 318608.5 | AD10: 87896.667 | AE10: 2756369.7 | AF10: 1951485
A11: =IFERROR(LEFT(RIGHT(C11,LEN(C11)-SEARCH("@",C11)),SEARCH("/",RIGHT(C11,LEN(C11)-SEARCH("@",C11)-1))),"") -> 01 Témoins solvant | B11: =LEFT(RIGHT(RIGHT(Tableau46[[#This Row],[file name]],LEN(Tableau46[[#This Row],[file name]])-SEARCH("@",Tableau46[[#This Row],[file name]])),LEN(RIGHT(Tableau46[[#This Row],[file name]],LEN(Tableau46[[#This Row],[file name]])-SEARCH("@",Tableau46[[#This Row],[file name]])))-SEARCH("/",RIGHT(Tableau46[[#This Row],[file name]],LEN(Tableau46[[#This Row],[file name]])-SEARCH("@",Tableau46[[#This Row],[file name]])))),1) -> D | C11: D:\Images\20210707\plaque 1/@01 Témoins solvant/D1_01.tif | D11: 1254.5339 | E11: 68.5 | G11: 85936 | K11: G | L11: 56663 | M11: 58278 | N11: 491352 | O11: 59439 | P11: 2103103.7 | Q11: 3352698.7 | R11: 7004798 | S11: 281635.33 | T11: 35487.333 | U11: 187574.33 | V11: 78343.667 | W11: 534994 | X11: 844496 | Y11: 3458526.7 | Z11: 5432276 | AA11: 408617.67 | AB11: 3559884.3 | AD11: 3109376.7 | AE11: 1025970.5 | AF11: 1636550.5
A12: =IFERROR(LEFT(RIGHT(C12,LEN(C12)-SEARCH("@",C12)),SEARCH("/",RIGHT(C12,LEN(C12)-SEARCH("@",C12)-1))),"") -> 01 Témoins solvant | B12: =LEFT(RIGHT(RIGHT(Tableau46[[#This Row],[file name]],LEN(Tableau46[[#This Row],[file name]])-SEARCH("@",Tableau46[[#This Row],[file name]])),LEN(RIGHT(Tableau46[[#This Row],[file name]],LEN(Tableau46[[#This Row],[file name]])-SEARCH("@",Tableau46[[#This Row],[file name]])))-SEARCH("/",RIGHT(Tableau46[[#This Row],[file name]],LEN(Tableau46[[#This Row],[file name]])-SEARCH("@",Tableau46[[#This Row],[file name]])))),1) -> D | C12: D:\Images\20210707\plaque 1/@01 Témoins solvant/D1_02.tif | D12: 2076.4699 | E12: 64.3542 | G12: 133629 | K12: H | L12: 27837.5 | M12: 19171.333 | N12: 13900.667 | O12: 329142 | P12: 835195 | Q12: 2489622.7 | R12: 3965401.7 | S12: 168598 | T12: 73844.333 | U12: 47030.667 | V12: 217135.33 | W12: 738033.67 | X12: 1209738.3 | Y12: 3991905 | Z12: 3182010 | AA12: 55761.667 | AB12: 1453716.3 | AC12: 2284909.7 | AD12: 2989128.7 | AE12: 3892393.3 | AF12: 3085237.3
A13: =IFERROR(LEFT(RIGHT(C13,LEN(C13)-SEARCH("@",C13)),SEARCH("/",RIGHT(C13,LEN(C13)-SEARCH("@",C13)-1))),"") -> 01 Témoins solvant | B13: =LEFT(RIGHT(RIGHT(Tableau46[[#This Row],[file name]],LEN(Tableau46[[#This Row],[file name]])-SEARCH("@",Tableau46[[#This Row],[file name]])),LEN(RIGHT(Tableau46[[#This Row],[file name]],LEN(Tableau46[[#This Row],[file name]])-SEARCH("@",Tableau46[[#This Row],[file name]])))-SEARCH("/",RIGHT(Tableau46[[#This Row],[file name]],LEN(Tableau46[[#This Row],[file name]])-SEARCH("@",Tableau46[[#This Row],[file name]])))),1) -> D | C13: D:\Images\20210707\plaque 1/@01 Témoins solvant/D1_03.tif | D13: 821.936 | E13: 65.0789 | G13: 53491
A14: =IFERROR(LEFT(RIGHT(C14,LEN(C14)-SEARCH("@",C14)),SEARCH("/",RIGHT(C14,LEN(C14)-SEARCH("@",C14)-1))),"") -> 01 Témoins solvant | B14: =LEFT(RIGHT(RIGHT(Tableau46[[#This Row],[file name]],LEN(Tableau46[[#This Row],[file name]])-SEARCH("@",Tableau46[[#This Row],[file name]])),LEN(RIGHT(Tableau46[[#This Row],[file name]],LEN(Tableau46[[#This Row],[file name]])-SEARCH("@",Tableau46[[#This Row],[file name]])))-SEARCH("/",RIGHT(Tableau46[[#This Row],[file name]],LEN(Tableau46[[#This Row],[file name]])-SEARCH("@",Tableau46[[#This Row],[file name]])))),1) -> E | C14: D:\Images\20210707\plaque 1/@01 Témoins solvant/E1_01.tif | D14: 1968.3204 | E14: 65.1209 | G14: 128179
A15: =IFERROR(LEFT(RIGHT(C15,LEN(C15)-SEARCH("@",C15)),SEARCH("/",RIGHT(C15,LEN(C15)-SEARCH("@",C15)-1))),"") -> 01 Témoins solvant | B15: =LEFT(RIGHT(RIGHT(Tableau46[[#This Row],[file name]],LEN(Tableau46[[#This Row],[file name]])-SEARCH("@",Tableau46[[#This Row],[file name]])),LEN(RIGHT(Tableau46[[#This Row],[file name]],LEN(Tableau46[[#This Row],[file name]])-SEARCH("@",Tableau46[[#This Row],[file name]])))-SEARCH("/",RIGHT(Tableau46[[#This Row],[file name]],LEN(Tableau46[[#This Row],[file name]])-SEARCH("@",Tableau46[[#This Row],[file name]])))),1) -> E | C15: D:\Images\20210707\plaque 1/@01 Témoins solvant/E1_02.tif | D15: 2725.3667 | E15: 64.7698 | G15: 176522
A16: =IFERROR(LEFT(RIGHT(C16,LEN(C16)-SEARCH("@",C16)),SEARCH("/",RIGHT(C16,LEN(C16)-SEARCH("@",C16)-1))),"") -> 01 Témoins solvant | B16: =LEFT(RIGHT(RIGHT(Tableau46[[#This Row],[file name]],LEN(Tableau46[[#This Row],[file name]])-SEARCH("@",Tableau46[[#This Row],[file name]])),LEN(RIGHT(Tableau46[[#This Row],[file name]],LEN(Tableau46[[#This Row],[file name]])-SEARCH("@",Tableau46[[#This Row],[file name]])))-SEARCH("/",RIGHT(Tableau46[[#This Row],[file name]],LEN(Tableau46[[#This Row],[file name]])-SEARCH("@",Tableau46[[#This Row],[file name]])))),1) -> E | C16: D:\Images\20210707\plaque 1/@01 Témoins solvant/E1_03.tif | D16: 2703.7368 | E16: 65.368 | G16: 176738
A17: =IFERROR(LEFT(RIGHT(C17,LEN(C17)-SEARCH("@",C17)),SEARCH("/",RIGHT(C17,LEN(C17)-SEARCH("@",C17)-1))),"") -> 01 Témoins solvant | B17: =LEFT(RIGHT(RIGHT(Tableau46[[#This Row],[file name]],LEN(Tableau46[[#This Row],[file name]])-SEARCH("@",Tableau46[[#This Row],[file name]])),LEN(RIGHT(Tableau46[[#This Row],[file name]],LEN(Tableau46[[#This Row],[file name]])-SEARCH("@",Tableau46[[#This Row],[file name]])))-SEARCH("/",RIGHT(Tableau46[[#This Row],[file name]],LEN(Tableau46[[#This Row],[file name]])-SEARCH("@",Tableau46[[#This Row],[file name]])))),1) -> F | C17: D:\Images\20210707\plaque 1/@01 Témoins solvant/F1_01.tif | D17: 2487.4379 | E17: 66.9739 | G17: 166593
A18: =IFERROR(LEFT(RIGHT(C18,LEN(C18)-SEARCH("@",C18)),SEARCH("/",RIGHT(C18,LEN(C18)-SEARCH("@",C18)-1))),"") -> 01 Témoins solvant | B18: =LEFT(RIGHT(RIGHT(Tableau46[[#This Row],[file name]],LEN(Tableau46[[#This Row],[file name]])-SEARCH("@",Tableau46[[#This Row],[file name]])),LEN(RIGHT(Tableau46[[#This Row],[file name]],LEN(Tableau46[[#This Row],[file name]])-SEARCH("@",Tableau46[[#This Row],[file name]])))-SEARCH("/",RIGHT(Tableau46[[#This Row],[file name]],LEN(Tableau46[[#This Row],[file name]])-SEARCH("@",Tableau46[[#This Row],[file name]])))),1) -> F | C18: D:\Images\20210707\plaque 1/@01 Témoins solvant/F1_02.tif | D18: 2119.7297 | E18: 67.5816 | G18: 143255
A19: =IFERROR(LEFT(RIGHT(C19,LEN(C19)-SEARCH("@",C19)),SEARCH("/",RIGHT(C19,LEN(C19)-SEARCH("@",C19)-1))),"") -> 01 Témoins solvant | B19: =LEFT(RIGHT(RIGHT(Tableau46[[#This Row],[file name]],LEN(Tableau46[[#This Row],[file name]])-SEARCH("@",Tableau46[[#This Row],[file name]])),LEN(RIGHT(Tableau46[[#This Row],[file name]],LEN(Tableau46[[#This Row],[file name]])-SEARCH("@",Tableau46[[#This Row],[file name]])))-SEARCH("/",RIGHT(Tableau46[[#This Row],[file name]],LEN(Tableau46[[#This Row],[file name]])-SEARCH("@",Tableau46[[#This Row],[file name]])))),1) -> F | C19: D:\Images\20210707\plaque 1/@01 Témoins solvant/F1_03.tif | D19: 1881.8008 | E19: 65.023 | G19: 122360
A20: =IFERROR(LEFT(RIGHT(C20,LEN(C20)-SEARCH("@",C20)),SEARCH("/",RIGHT(C20,LEN(C20)-SEARCH("@",C20)-1))),"") -> 01 Témoins solvant | B20: =LEFT(RIGHT(RIGHT(Tableau46[[#This Row],[file name]],LEN(Tableau46[[#This Row],[file name]])-SEARCH("@",Tableau46[[#This Row],[file name]])),LEN(RIGHT(Tableau46[[#This Row],[file name]],LEN(Tableau46[[#This Row],[file name]])-SEARCH("@",Tableau46[[#This Row],[file name]])))-SEARCH("/",RIGHT(Tableau46[[#This Row],[file name]],LEN(Tableau46[[#This Row],[file name]])-SEARCH("@",Tableau46[[#This Row],[file name]])))),1) -> G | C20: D:\Images\20210707\plaque 1/@01 Témoins solvant/G1_01.tif | D20: 973.3453 | E20: 64.7111 | G20: 62986
A21: =IFERROR(LEFT(RIGHT(C21,LEN(C21)-SEARCH("@",C21)),SEARCH("/",RIGHT(C21,LEN(C21)-SEARCH("@",C21)-1))),"") -> 01 Témoins solvant | B21: =LEFT(RIGHT(RIGHT(Tableau46[[#This Row],[file name]],LEN(Tableau46[[#This Row],[file name]])-SEARCH("@",Tableau46[[#This Row],[file name]])),LEN(RIGHT(Tableau46[[#This Row],[file name]],LEN(Tableau46[[#This Row],[file name]])-SEARCH("@",Tableau46[[#This Row],[file name]])))-SEARCH("/",RIGHT(Tableau46[[#This Row],[file name]],LEN(Tableau46[[#This Row],[file name]])-SEARCH("@",Tableau46[[#This Row],[file name]])))),1) -> G | C21: D:\Images\20210707\plaque 1/@01 Témoins solvant/G1_02.tif | D21: 886.8257 | E21: 64.8537 | G21: 57514
A22: =IFERROR(LEFT(RIGHT(C22,LEN(C22)-SEARCH("@",C22)),SEARCH("/",RIGHT(C22,LEN(C22)-SEARCH("@",C22)-1))),"") -> 01 Témoins solvant | B22: =LEFT(RIGHT(RIGHT(Tableau46[[#This Row],[file name]],LEN(Tableau46[[#This Row],[file name]])-SEARCH("@",Tableau46[[#This Row],[file name]])),LEN(RIGHT(Tableau46[[#This Row],[file name]],LEN(Tableau46[[#This Row],[file name]])-SEARCH("@",Tableau46[[#This Row],[file name]])))-SEARCH("/",RIGHT(Tableau46[[#This Row],[file name]],LEN(Tableau46[[#This Row],[file name]])-SEARCH("@",Tableau46[[#This Row],[file name]])))),1) -> G | C22: D:\Images\20210707\plaque 1/@01 Témoins solvant/G1_03.tif | D22: 778.6762 | E22: 63.5556 | G22: 49489
A23: =IFERROR(LEFT(RIGHT(C23,LEN(C23)-SEARCH("@",C23)),SEARCH("/",RIGHT(C23,LEN(C23)-SEARCH("@",C23)-1))),"") -> 01 Témoins solvant | B23: =LEFT(RIGHT(RIGHT(Tableau46[[#This Row],[file name]],LEN(Tableau46[[#This Row],[file name]])-SEARCH("@",Tableau46[[#This Row],[file name]])),LEN(RIGHT(Tableau46[[#This Row],[file name]],LEN(Tableau46[[#This Row],[file name]])-SEARCH("@",Tableau46[[#This Row],[file name]])))-SEARCH("/",RIGHT(Tableau46[[#This Row],[file name]],LEN(Tableau46[[#This Row],[file name]])-SEARCH("@",Tableau46[[#This Row],[file name]])))),1) -> H | C23: D:\Images\20210707\plaque 1/@01 Témoins solvant/H1_01- exclu.tif
A24: =IFERROR(LEFT(RIGHT(C24,LEN(C24)-SEARCH("@",C24)),SEARCH("/",RIGHT(C24,LEN(C24)-SEARCH("@",C24)-1))),"") -> 01 Témoins solvant | B24: =LEFT(RIGHT(RIGHT(Tableau46[[#This Row],[file name]],LEN(Tableau46[[#This Row],[file name]])-SEARCH("@",Tableau46[[#This Row],[file name]])),LEN(RIGHT(Tableau46[[#This Row],[file name]],LEN(Tableau46[[#This Row],[file name]])-SEARCH("@",Tableau46[[#This Row],[file name]])))-SEARCH("/",RIGHT(Tableau46[[#This Row],[file name]],LEN(Tableau46[[#This Row],[file name]])-SEARCH("@",Tableau46[[#This Row],[file name]])))),1) -> H | C24: D:\Images\20210707\plaque 1/@01 Témoins solvant/H1_02.tif | D24: 237.9288 | E24: 66.5455 | G24: 15833
A25: =IFERROR(LEFT(RIGHT(C25,LEN(C25)-SEARCH("@",C25)),SEARCH("/",RIGHT(C25,LEN(C25)-SEARCH("@",C25)-1))),"") -> 01 Témoins solvant | B25: =LEFT(RIGHT(RIGHT(Tableau46[[#This Row],[file name]],LEN(Tableau46[[#This Row],[file name]])-SEARCH("@",Tableau46[[#This Row],[file name]])),LEN(RIGHT(Tableau46[[#This Row],[file name]],LEN(Tableau46[[#This Row],[file name]])-SEARCH("@",Tableau46[[#This Row],[file name]])))-SEARCH("/",RIGHT(Tableau46[[#This Row],[file name]],LEN(Tableau46[[#This Row],[file name]])-SEARCH("@",Tableau46[[#This Row],[file name]])))),1) -> H | C25: D:\Images\20210707\plaque 1/@01 Témoins solvant/H1_03.tif | D25: 605.637 | E25: 65.7857 | G25: 39842
A26: =IFERROR(LEFT(RIGHT(C26,LEN(C26)-SEARCH("@",C26)),SEARCH("/",RIGHT(C26,LEN(C26)-SEARCH("@",C26)-1))),"") | B26: =LEFT(RIGHT(RIGHT(Tableau46[[#This Row],[file name]],LEN(Tableau46[[#This Row],[file name]])-SEARCH("@",Tableau46[[#This Row],[file name]])),LEN(RIGHT(Tableau46[[#This Row],[file name]],LEN(Tableau46[[#This Row],[file name]])-SEARCH("@",Tableau46[[#This Row],[file name]])))-SEARCH("/",RIGHT(Tableau46[[#This Row],[file name]],LEN(Tableau46[[#This Row],[file name]])-SEARCH("@",Tableau46[[#This Row],[file name]])))),1) -> #VALUE!
A27: =IFERROR(LEFT(RIGHT(C27,LEN(C27)-SEARCH("@",C27)),SEARCH("/",RIGHT(C27,LEN(C27)-SEARCH("@",C27)-1))),"") | B27: =LEFT(RIGHT(RIGHT(Tableau46[[#This Row],[file name]],LEN(Tableau46[[#This Row],[file name]])-SEARCH("@",Tableau46[[#This Row],[file name]])),LEN(RIGHT(Tableau46[[#This Row],[file name]],LEN(Tableau46[[#This Row],[file name]])-SEARCH("@",Tableau46[[#This Row],[file name]])))-SEARCH("/",RIGHT(Tableau46[[#This Row],[file name]],LEN(Tableau46[[#This Row],[file name]])-SEARCH("@",Tableau46[[#This Row],[file name]])))),1) -> #VALUE! | C27: group | E27: mean of mean fluo | F27: SD mean fluo | G27: mean of total fluo | H27: SD total fluo | I27: n fluorescent | J27: n total
A28: =IFERROR(LEFT(RIGHT(C28,LEN(C28)-SEARCH("@",C28)),SEARCH("/",RIGHT(C28,LEN(C28)-SEARCH("@",C28)-1))),"") -> 01 Témoins solvant | B28: =LEFT(RIGHT(RIGHT(Tableau46[[#This Row],[file name]],LEN(Tableau46[[#This Row],[file name]])-SEARCH("@",Tableau46[[#This Row],[file name]])),LEN(RIGHT(Tableau46[[#This Row],[file name]],LEN(Tableau46[[#This Row],[file name]])-SEARCH("@",Tableau46[[#This Row],[file name]])))-SEARCH("/",RIGHT(Tableau46[[#This Row],[file name]],LEN(Tableau46[[#This Row],[file name]])-SEARCH("@",Tableau46[[#This Row],[file name]])))),1) | C28: D:\Images\20210707\plaque 1/@01 Témoins solvant/ | E28: 65.1181 | F28: 1.3987 | G28: 97129.125 | H28: 70405.1418 | I28: 24 | J28: 24
A29: =IFERROR(LEFT(RIGHT(C29,LEN(C29)-SEARCH("@",C29)),SEARCH("/",RIGHT(C29,LEN(C29)-SEARCH("@",C29)-1))),"") | B29: =LEFT(RIGHT(RIGHT(Tableau46[[#This Row],[file name]],LEN(Tableau46[[#This Row],[file name]])-SEARCH("@",Tableau46[[#This Row],[file name]])),LEN(RIGHT(Tableau46[[#This Row],[file name]],LEN(Tableau46[[#This Row],[file name]])-SEARCH("@",Tableau46[[#This Row],[file name]])))-SEARCH("/",RIGHT(Tableau46[[#This Row],[file name]],LEN(Tableau46[[#This Row],[file name]])-SEARCH("@",Tableau46[[#This Row],[file name]])))),1) -> #VALUE!
A30: =IFERROR(LEFT(RIGHT(C30,LEN(C30)-SEARCH("@",C30)),SEARCH("/",RIGHT(C30,LEN(C30)-SEARCH("@",C30)-1))),"") | B30: =LEFT(RIGHT(RIGHT(Tableau46[[#This Row],[file name]],LEN(Tableau46[[#This Row],[file name]])-SEARCH("@",Tableau46[[#This Row],[file name]])),LEN(RIGHT(Tableau46[[#This Row],[file name]],LEN(Tableau46[[#This Row],[file name]])-SEARCH("@",Tableau46[[#This Row],[file name]])))-SEARCH("/",RIGHT(Tableau46[[#This Row],[file name]],LEN(Tableau46[[#This Row],[file name]])-SEARCH("@",Tableau46[[#This Row],[file name]])))),1) -> #VALUE!
A31: =IFERROR(LEFT(RIGHT(C31,LEN(C31)-SEARCH("@",C31)),SEARCH("/",RIGHT(C31,LEN(C31)-SEARCH("@",C31)-1))),"") | B31: =LEFT(RIGHT(RIGHT(Tableau46[[#This Row],[file name]],LEN(Tableau46[[#This Row],[file name]])-SEARCH("@",Tableau46[[#This Row],[file name]])),LEN(RIGHT(Tableau46[[#This Row],[file name]],LEN(Tableau46[[#This Row],[file name]])-SEARCH("@",Tableau46[[#This Row],[file name]])))-SEARCH("/",RIGHT(Tableau46[[#This Row],[file name]],LEN(Tableau46[[#This Row],[file name]])-SEARCH("@",Tableau46[[#This Row],[file name]])))),1) -> #VALUE!
A32: =IFERROR(LEFT(RIGHT(C32,LEN(C32)-SEARCH("@",C32)),SEARCH("/",RIGHT(C32,LEN(C32)-SEARCH("@",C32)-1))),"") | B32: =LEFT(RIGHT(RIGHT(Tableau46[[#This Row],[file name]],LEN(Tableau46[[#This Row],[file name]])-SEARCH("@",Tableau46[[#This Row],[file name]])),LEN(RIGHT(Tableau46[[#This Row],[file name]],LEN(Tableau46[[#This Row],[file name]])-SEARCH("@",Tableau46[[#This Row],[file name]])))-SEARCH("/",RIGHT(Tableau46[[#This Row],[file name]],LEN(Tableau46[[#This Row],[file name]])-SEARCH("@",Tableau46[[#This Row],[file name]])))),1) -> #VALUE!
A33: =IFERROR(LEFT(RIGHT(C33,LEN(C33)-SEARCH("@",C33)),SEARCH("/",RIGHT(C33,LEN(C33)-SEARCH("@",C33)-1))),"") | B33: =LEFT(RIGHT(RIGHT(Tableau46[[#This Row],[file name]],LEN(Tableau46[[#This Row],[file name]])-SEARCH("@",Tableau46[[#This Row],[file name]])),LEN(RIGHT(Tableau46[[#This Row],[file name]],LEN(Tableau46[[#This Row],[file name]])-SEARCH("@",Tableau46[[#This Row],[file name]])))-SEARCH("/",RIGHT(Tableau46[[#This Row],[file name]],LEN(Tableau46[[#This Row],[file name]])-SEARCH("@",Tableau46[[#This Row],[file name]])))),1) -> #VALUE!
A34: =IFERROR(LEFT(RIGHT(C34,LEN(C34)-SEARCH("@",C34)),SEARCH("/",RIGHT(C34,LEN(C34)-SEARCH("@",C34)-1))),"") | B34: =LEFT(RIGHT(RIGHT(Tableau46[[#This Row],[file name]],LEN(Tableau46[[#This Row],[file name]])-SEARCH("@",Tableau46[[#This Row],[file name]])),LEN(RIGHT(Tableau46[[#This Row],[file name]],LEN(Tableau46[[#This Row],[file name]])-SEARCH("@",Tableau46[[#This Row],[file name]])))-SEARCH("/",RIGHT(Tableau46[[#This Row],[file name]],LEN(Tableau46[[#This Row],[file name]])-SEARCH("@",Tableau46[[#This Row],[file name]])))),1) -> #VALUE! | C34: file name | D34: total area | E34: mean intensity | G34: total fluorescence
A35: =IFERROR(LEFT(RIGHT(C35,LEN(C35)-SEARCH("@",C35)),SEARCH("/",RIGHT(C35,LEN(C35)-SEARCH("@",C35)-1))),"") -> 02 EE2 33.8 | B35: =LEFT(RIGHT(RIGHT(Tableau46[[#This Row],[file name]],LEN(Tableau46[[#This Row],[file name]])-SEARCH("@",Tableau46[[#This Row],[file name]])),LEN(RIGHT(Tableau46[[#This Row],[file name]],LEN(Tableau46[[#This Row],[file name]])-SEARCH("@",Tableau46[[#This Row],[file name]])))-SEARCH("/",RIGHT(Tableau46[[#This Row],[file name]],LEN(Tableau46[[#This Row],[file name]])-SEARCH("@",Tableau46[[#This Row],[file name]])))),1) -> A | C35: D:\Images\20210707\plaque 1/@02 EE2 33.8/A2_01.tif | D35: 584.0072 | E35: 63.9259 | G35: 37333
A36: =IFERROR(LEFT(RIGHT(C36,LEN(C36)-SEARCH("@",C36)),SEARCH("/",RIGHT(C36,LEN(C36)-SEARCH("@",C36)-1))),"") -> 02 EE2 33.8 | B36: =LEFT(RIGHT(RIGHT(Tableau46[[#This Row],[file name]],LEN(Tableau46[[#This Row],[file name]])-SEARCH("@",Tableau46[[#This Row],[file name]])),LEN(RIGHT(Tableau46[[#This Row],[file name]],LEN(Tableau46[[#This Row],[file name]])-SEARCH("@",Tableau46[[#This Row],[file name]])))-SEARCH("/",RIGHT(Tableau46[[#This Row],[file name]],LEN(Tableau46[[#This Row],[file name]])-SEARCH("@",Tableau46[[#This Row],[file name]])))),1) -> A | C36: D:\Images\20210707\plaque 1/@02 EE2 33.8/A2_02.tif | D36: 1103.1246 | E36: 64.8431 | G36: 71530
A37: =IFERROR(LEFT(RIGHT(C37,LEN(C37)-SEARCH("@",C37)),SEARCH("/",RIGHT(C37,LEN(C37)-SEARCH("@",C37)-1))),"") -> 02 EE2 33.8 | B37: =LEFT(RIGHT(RIGHT(Tableau46[[#This Row],[file name]],LEN(Tableau46[[#This Row],[file name]])-SEARCH("@",Tableau46[[#This Row],[file name]])),LEN(RIGHT(Tableau46[[#This Row],[file name]],LEN(Tableau46[[#This Row],[file name]])-SEARCH("@",Tableau46[[#This Row],[file name]])))-SEARCH("/",RIGHT(Tableau46[[#This Row],[file name]],LEN(Tableau46[[#This Row],[file name]])-SEARCH("@",Tableau46[[#This Row],[file name]])))),1) -> A | C37: D:\Images\20210707\plaque 1/@02 EE2 33.8/A2_03.tif | D37: 173.0392 | E37: 65.875 | G37: 11399
A38: =IFERROR(LEFT(RIGHT(C38,LEN(C38)-SEARCH("@",C38)),SEARCH("/",RIGHT(C38,LEN(C38)-SEARCH("@",C38)-1))),"") -> 02 EE2 33.8 | B38: =LEFT(RIGHT(RIGHT(Tableau46[[#This Row],[file name]],LEN(Tableau46[[#This Row],[file name]])-SEARCH("@",Tableau46[[#This Row],[file name]])),LEN(RIGHT(Tableau46[[#This Row],[file name]],LEN(Tableau46[[#This Row],[file name]])-SEARCH("@",Tableau46[[#This Row],[file name]])))-SEARCH("/",RIGHT(Tableau46[[#This Row],[file name]],LEN(Tableau46[[#This Row],[file name]])-SEARCH("@",Tableau46[[#This Row],[file name]])))),1) -> B | C38: D:\Images\20210707\plaque 1/@02 EE2 33.8/B2_01.tif | D38: 1168.0143 | E38: 64.037 | G38: 74796
A39: =IFERROR(LEFT(RIGHT(C39,LEN(C39)-SEARCH("@",C39)),SEARCH("/",RIGHT(C39,LEN(C39)-SEARCH("@",C39)-1))),"") -> 02 EE2 33.8 | B39: =LEFT(RIGHT(RIGHT(Tableau46[[#This Row],[file name]],LEN(Tableau46[[#This Row],[file name]])-SEARCH("@",Tableau46[[#This Row],[file name]])),LEN(RIGHT(Tableau46[[#This Row],[file name]],LEN(Tableau46[[#This Row],[file name]])-SEARCH("@",Tableau46[[#This Row],[file name]])))-SEARCH("/",RIGHT(Tableau46[[#This Row],[file name]],LEN(Tableau46[[#This Row],[file name]])-SEARCH("@",Tableau46[[#This Row],[file name]])))),1) -> B | C39: D:\Images\20210707\plaque 1/@02 EE2 33.8/B2_02.tif | D39: 3568.9326 | E39: 65.297 | G39: 233040
A40: =IFERROR(LEFT(RIGHT(C40,LEN(C40)-SEARCH("@",C40)),SEARCH("/",RIGHT(C40,LEN(C40)-SEARCH("@",C40)-1))),"") -> 02 EE2 33.8 | B40: =LEFT(RIGHT(RIGHT(Tableau46[[#This Row],[file name]],LEN(Tableau46[[#This Row],[file name]])-SEARCH("@",Tableau46[[#This Row],[file name]])),LEN(RIGHT(Tableau46[[#This Row],[file name]],LEN(Tableau46[[#This Row],[file name]])-SEARCH("@",Tableau46[[#This Row],[file name]])))-SEARCH("/",RIGHT(Tableau46[[#This Row],[file name]],LEN(Tableau46[[#This Row],[file name]])-SEARCH("@",Tableau46[[#This Row],[file name]])))),1) -> B | C40: D:\Images\20210707\plaque 1/@02 EE2 33.8/B2_03- exclu.tif
A41: =IFERROR(LEFT(RIGHT(C41,LEN(C41)-SEARCH("@",C41)),SEARCH("/",RIGHT(C41,LEN(C41)-SEARCH("@",C41)-1))),"") -> 02 EE2 33.8 | B41: =LEFT(RIGHT(RIGHT(Tableau46[[#This Row],[file name]],LEN(Tableau46[[#This Row],[file name]])-SEARCH("@",Tableau46[[#This Row],[file name]])),LEN(RIGHT(Tableau46[[#This Row],[file name]],LEN(Tableau46[[#This Row],[file name]])-SEARCH("@",Tableau46[[#This Row],[file name]])))-SEARCH("/",RIGHT(Tableau46[[#This Row],[file name]],LEN(Tableau46[[#This Row],[file name]])-SEARCH("@",Tableau46[[#This Row],[file name]])))),1) -> C | C41: D:\Images\20210707\plaque 1/@02 EE2 33.8/C2_01.tif | D41: 1016.605 | E41: 65.8936 | G41: 66988
A42: =IFERROR(LEFT(RIGHT(C42,LEN(C42)-SEARCH("@",C42)),SEARCH("/",RIGHT(C42,LEN(C42)-SEARCH("@",C42)-1))),"") -> 02 EE2 33.8 | B42: =LEFT(RIGHT(RIGHT(Tableau46[[#This Row],[file name]],LEN(Tableau46[[#This Row],[file name]])-SEARCH("@",Tableau46[[#This Row],[file name]])),LEN(RIGHT(Tableau46[[#This Row],[file name]],LEN(Tableau46[[#This Row],[file name]])-SEARCH("@",Tableau46[[#This Row],[file name]])))-SEARCH("/",RIGHT(Tableau46[[#This Row],[file name]],LEN(Tableau46[[#This Row],[file name]])-SEARCH("@",Tableau46[[#This Row],[file name]])))),1) -> C | C42: D:\Images\20210707\plaque 1/@02 EE2 33.8/C2_02.tif | D42: 562.3773 | E42: 62.8846 | G42: 35365
A43: =IFERROR(LEFT(RIGHT(C43,LEN(C43)-SEARCH("@",C43)),SEARCH("/",RIGHT(C43,LEN(C43)-SEARCH("@",C43)-1))),"") -> 02 EE2 33.8 | B43: =LEFT(RIGHT(RIGHT(Tableau46[[#This Row],[file name]],LEN(Tableau46[[#This Row],[file name]])-SEARCH("@",Tableau46[[#This Row],[file name]])),LEN(RIGHT(Tableau46[[#This Row],[file name]],LEN(Tableau46[[#This Row],[file name]])-SEARCH("@",Tableau46[[#This Row],[file name]])))-SEARCH("/",RIGHT(Tableau46[[#This Row],[file name]],LEN(Tableau46[[#This Row],[file name]])-SEARCH("@",Tableau46[[#This Row],[file name]])))),1) -> C | C43: D:\Images\20210707\plaque 1/@02 EE2 33.8/C2_03.tif | D43: 692.1566 | E43: 66.8125 | G43: 46245
A44: =IFERROR(LEFT(RIGHT(C44,LEN(C44)-SEARCH("@",C44)),SEARCH("/",RIGHT(C44,LEN(C44)-SEARCH("@",C44)-1))),"") -> 02 EE2 33.8 | B44: =LEFT(RIGHT(RIGHT(Tableau46[[#This Row],[file name]],LEN(Tableau46[[#This Row],[file name]])-SEARCH("@",Tableau46[[#This Row],[file name]])),LEN(RIGHT(Tableau46[[#This Row],[file name]],LEN(Tableau46[[#This Row],[file name]])-SEARCH("@",Tableau46[[#This Row],[file name]])))-SEARCH("/",RIGHT(Tableau46[[#This Row],[file name]],LEN(Tableau46[[#This Row],[file name]])-SEARCH("@",Tableau46[[#This Row],[file name]])))),1) -> D | C44: D:\Images\20210707\plaque 1/@02 EE2 33.8/D2_01.tif | D44: 11096.1359 | E44: 67.3606 | G44: 747443
A45: =IFERROR(LEFT(RIGHT(C45,LEN(C45)-SEARCH("@",C45)),SEARCH("/",RIGHT(C45,LEN(C45)-SEARCH("@",C45)-1))),"") -> 02 EE2 33.8 | B45: =LEFT(RIGHT(RIGHT(Tableau46[[#This Row],[file name]],LEN(Tableau46[[#This Row],[file name]])-SEARCH("@",Tableau46[[#This Row],[file name]])),LEN(RIGHT(Tableau46[[#This Row],[file name]],LEN(Tableau46[[#This Row],[file name]])-SEARCH("@",Tableau46[[#This Row],[file name]])))-SEARCH("/",RIGHT(Tableau46[[#This Row],[file name]],LEN(Tableau46[[#This Row],[file name]])-SEARCH("@",Tableau46[[#This Row],[file name]])))),1) -> D | C45: D:\Images\20210707\plaque 1/@02 EE2 33.8/D2_02.tif | D45: 3979.9006 | E45: 63.2446 | G45: 251707
A46: =IFERROR(LEFT(RIGHT(C46,LEN(C46)-SEARCH("@",C46)),SEARCH("/",RIGHT(C46,LEN(C46)-SEARCH("@",C46)-1))),"") -> 02 EE2 33.8 | B46: =LEFT(RIGHT(RIGHT(Tableau46[[#This Row],[file name]],LEN(Tableau46[[#This Row],[file name]])-SEARCH("@",Tableau46[[#This Row],[file name]])),LEN(RIGHT(Tableau46[[#This Row],[file name]],LEN(Tableau46[[#This Row],[file name]])-SEARCH("@",Tableau46[[#This Row],[file name]])))-SEARCH("/",RIGHT(Tableau46[[#This Row],[file name]],LEN(Tableau46[[#This Row],[file name]])-SEARCH("@",Tableau46[[#This Row],[file name]])))),1) -> D | C46: D:\Images\20210707\plaque 1/@02 EE2 33.8/D2_03.tif | D46: 1232.904 | E46: 63.7368 | G46: 78581
A47: =IFERROR(LEFT(RIGHT(C47,LEN(C47)-SEARCH("@",C47)),SEARCH("/",RIGHT(C47,LEN(C47)-SEARCH("@",C47)-1))),"") -> 02 EE2 33.8 | B47: =LEFT(RIGHT(RIGHT(Tableau46[[#This Row],[file name]],LEN(Tableau46[[#This Row],[file name]])-SEARCH("@",Tableau46[[#This Row],[file name]])),LEN(RIGHT(Tableau46[[#This Row],[file name]],LEN(Tableau46[[#This Row],[file name]])-SEARCH("@",Tableau46[[#This Row],[file name]])))-SEARCH("/",RIGHT(Tableau46[[#This Row],[file name]],LEN(Tableau46[[#This Row],[file name]])-SEARCH("@",Tableau46[[#This Row],[file name]])))),1) -> E | C47: D:\Images\20210707\plaque 1/@02 EE2 33.8/E2_01.tif | D47: 843.5659 | E47: 62.8462 | G47: 53015
A48: =IFERROR(LEFT(RIGHT(C48,LEN(C48)-SEARCH("@",C48)),SEARCH("/",RIGHT(C48,LEN(C48)-SEARCH("@",C48)-1))),"") -> 02 EE2 33.8 | B48: =LEFT(RIGHT(RIGHT(Tableau46[[#This Row],[file name]],LEN(Tableau46[[#This Row],[file name]])-SEARCH("@",Tableau46[[#This Row],[file name]])),LEN(RIGHT(Tableau46[[#This Row],[file name]],LEN(Tableau46[[#This Row],[file name]])-SEARCH("@",Tableau46[[#This Row],[file name]])))-SEARCH("/",RIGHT(Tableau46[[#This Row],[file name]],LEN(Tableau46[[#This Row],[file name]])-SEARCH("@",Tableau46[[#This Row],[file name]])))),1) -> E | C48: D:\Images\20210707\plaque 1/@02 EE2 33.8/E2_02.tif | D48: 627.2669 | E48: 63.8621 | G48: 40059
A49: =IFERROR(LEFT(RIGHT(C49,LEN(C49)-SEARCH("@",C49)),SEARCH("/",RIGHT(C49,LEN(C49)-SEARCH("@",C49)-1))),"") -> 02 EE2 33.8 | B49: =LEFT(RIGHT(RIGHT(Tableau46[[#This Row],[file name]],LEN(Tableau46[[#This Row],[file name]])-SEARCH("@",Tableau46[[#This Row],[file name]])),LEN(RIGHT(Tableau46[[#This Row],[file name]],LEN(Tableau46[[#This Row],[file name]])-SEARCH("@",Tableau46[[#This Row],[file name]])))-SEARCH("/",RIGHT(Tableau46[[#This Row],[file name]],LEN(Tableau46[[#This Row],[file name]])-SEARCH("@",Tableau46[[#This Row],[file name]])))),1) -> E | C49: D:\Images\20210707\plaque 1/@02 EE2 33.8/E2_03.tif | D49: 1427.573 | E49: 63.9545 | G49: 91300
A50: =IFERROR(LEFT(RIGHT(C50,LEN(C50)-SEARCH("@",C50)),SEARCH("/",RIGHT(C50,LEN(C50)-SEARCH("@",C50)-1))),"") -> 02 EE2 33.8 | B50: =LEFT(RIGHT(RIGHT(Tableau46[[#This Row],[file name]],LEN(Tableau46[[#This Row],[file name]])-SEARCH("@",Tableau46[[#This Row],[file name]])),LEN(RIGHT(Tableau46[[#This Row],[file name]],LEN(Tableau46[[#This Row],[file name]])-SEARCH("@",Tableau46[[#This Row],[file name]])))-SEARCH("/",RIGHT(Tableau46[[#This Row],[file name]],LEN(Tableau46[[#This Row],[file name]])-SEARCH("@",Tableau46[[#This Row],[file name]])))),1) -> F | C50: D:\Images\20210707\plaque 1/@02 EE2 33.8/F2_01.tif | D50: 324.4484 | E50: 63.8667 | G50: 20721
A51: =IFERROR(LEFT(RIGHT(C51,LEN(C51)-SEARCH("@",C51)),SEARCH("/",RIGHT(C51,LEN(C51)-SEARCH("@",C51)-1))),"") -> 02 EE2 33.8 | B51: =LEFT(RIGHT(RIGHT(Tableau46[[#This Row],[file name]],LEN(Tableau46[[#This Row],[file name]])-SEARCH("@",Tableau46[[#This Row],[file name]])),LEN(RIGHT(Tableau46[[#This Row],[file name]],LEN(Tableau46[[#This Row],[file name]])-SEARCH("@",Tableau46[[#This Row],[file name]])))-SEARCH("/",RIGHT(Tableau46[[#This Row],[file name]],LEN(Tableau46[[#This Row],[file name]])-SEARCH("@",Tableau46[[#This Row],[file name]])))),1) -> F | C51: D:\Images\20210707\plaque 1/@02 EE2 33.8/F2_02.tif | D51: 454.2278 | E51: 64.5714 | G51: 29330
A52: =IFERROR(LEFT(RIGHT(C52,LEN(C52)-SEARCH("@",C52)),SEARCH("/",RIGHT(C52,LEN(C52)-SEARCH("@",C52)-1))),"") -> 02 EE2 33.8 | B52: =LEFT(RIGHT(RIGHT(Tableau46[[#This Row],[file name]],LEN(Tableau46[[#This Row],[file name]])-SEARCH("@",Tableau46[[#This Row],[file name]])),LEN(RIGHT(Tableau46[[#This Row],[file name]],LEN(Tableau46[[#This Row],[file name]])-SEARCH("@",Tableau46[[#This Row],[file name]])))-SEARCH("/",RIGHT(Tableau46[[#This Row],[file name]],LEN(Tableau46[[#This Row],[file name]])-SEARCH("@",Tableau46[[#This Row],[file name]])))),1) -> F | C52: D:\Images\20210707\plaque 1/@02 EE2 33.8/F2_03.tif | D52: 843.5659 | E52: 70.4615 | G52: 59439
A53: =IFERROR(LEFT(RIGHT(C53,LEN(C53)-SEARCH("@",C53)),SEARCH("/",RIGHT(C53,LEN(C53)-SEARCH("@",C53)-1))),"") -> 02 EE2 33.8 | B53: =LEFT(RIGHT(RIGHT(Tableau46[[#This Row],[file name]],LEN(Tableau46[[#This Row],[file name]])-SEARCH("@",Tableau46[[#This Row],[file name]])),LEN(RIGHT(Tableau46[[#This Row],[file name]],LEN(Tableau46[[#This Row],[file name]])-SEARCH("@",Tableau46[[#This Row],[file name]])))-SEARCH("/",RIGHT(Tableau46[[#This Row],[file name]],LEN(Tableau46[[#This Row],[file name]])-SEARCH("@",Tableau46[[#This Row],[file name]])))),1) -> G | C53: D:\Images\20210707\plaque 1/@02 EE2 33.8/G2_01.tif | D53: 519.1175 | E53: 63 | G53: 32704
A54: =IFERROR(LEFT(RIGHT(C54,LEN(C54)-SEARCH("@",C54)),SEARCH("/",RIGHT(C54,LEN(C54)-SEARCH("@",C54)-1))),"") -> 02 EE2 33.8 | B54: =LEFT(RIGHT(RIGHT(Tableau46[[#This Row],[file name]],LEN(Tableau46[[#This Row],[file name]])-SEARCH("@",Tableau46[[#This Row],[file name]])),LEN(RIGHT(Tableau46[[#This Row],[file name]],LEN(Tableau46[[#This Row],[file name]])-SEARCH("@",Tableau46[[#This Row],[file name]])))-SEARCH("/",RIGHT(Tableau46[[#This Row],[file name]],LEN(Tableau46[[#This Row],[file name]])-SEARCH("@",Tableau46[[#This Row],[file name]])))),1) -> G | C54: D:\Images\20210707\plaque 1/@02 EE2 33.8/G2_02.tif | D54: 1708.7617 | E54: 64.0506 | G54: 109447
A55: =IFERROR(LEFT(RIGHT(C55,LEN(C55)-SEARCH("@",C55)),SEARCH("/",RIGHT(C55,LEN(C55)-SEARCH("@",C55)-1))),"") -> 02 EE2 33.8 | B55: =LEFT(RIGHT(RIGHT(Tableau46[[#This Row],[file name]],LEN(Tableau46[[#This Row],[file name]])-SEARCH("@",Tableau46[[#This Row],[file name]])),LEN(RIGHT(Tableau46[[#This Row],[file name]],LEN(Tableau46[[#This Row],[file name]])-SEARCH("@",Tableau46[[#This Row],[file name]])))-SEARCH("/",RIGHT(Tableau46[[#This Row],[file name]],LEN(Tableau46[[#This Row],[file name]])-SEARCH("@",Tableau46[[#This Row],[file name]])))),1) -> G | C55: D:\Images\20210707\plaque 1/@02 EE2 33.8/G2_03.tif | D55: 497.4876 | E55: 65.6957 | G55: 32683
A56: =IFERROR(LEFT(RIGHT(C56,LEN(C56)-SEARCH("@",C56)),SEARCH("/",RIGHT(C56,LEN(C56)-SEARCH("@",C56)-1))),"") -> 02 EE2 33.8 | B56: =LEFT(RIGHT(RIGHT(Tableau46[[#This Row],[file name]],LEN(Tableau46[[#This Row],[file name]])-SEARCH("@",Tableau46[[#This Row],[file name]])),LEN(RIGHT(Tableau46[[#This Row],[file name]],LEN(Tableau46[[#This Row],[file name]])-SEARCH("@",Tableau46[[#This Row],[file name]])))-SEARCH("/",RIGHT(Tableau46[[#This Row],[file name]],LEN(Tableau46[[#This Row],[file name]])-SEARCH("@",Tableau46[[#This Row],[file name]])))),1) -> H | C56: D:\Images\20210707\plaque 1/@02 EE2 33.8/H2_01.tif | D56: 432.5979 | E56: 62.45 | G56: 27016
A57: =IFERROR(LEFT(RIGHT(C57,LEN(C57)-SEARCH("@",C57)),SEARCH("/",RIGHT(C57,LEN(C57)-SEARCH("@",C57)-1))),"") -> 02 EE2 33.8 | B57: =LEFT(RIGHT(RIGHT(Tableau46[[#This Row],[file name]],LEN(Tableau46[[#This Row],[file name]])-SEARCH("@",Tableau46[[#This Row],[file name]])),LEN(RIGHT(Tableau46[[#This Row],[file name]],LEN(Tableau46[[#This Row],[file name]])-SEARCH("@",Tableau46[[#This Row],[file name]])))-SEARCH("/",RIGHT(Tableau46[[#This Row],[file name]],LEN(Tableau46[[#This Row],[file name]])-SEARCH("@",Tableau46[[#This Row],[file name]])))),1) -> H | C57: D:\Images\20210707\plaque 1/@02 EE2 33.8/H2_02.tif | D57: 259.5587 | E57: 62.75 | G57: 16287
A58: =IFERROR(LEFT(RIGHT(C58,LEN(C58)-SEARCH("@",C58)),SEARCH("/",RIGHT(C58,LEN(C58)-SEARCH("@",C58)-1))),"") -> 02 EE2 33.8 | B58: =LEFT(RIGHT(RIGHT(Tableau46[[#This Row],[file name]],LEN(Tableau46[[#This Row],[file name]])-SEARCH("@",Tableau46[[#This Row],[file name]])),LEN(RIGHT(Tableau46[[#This Row],[file name]],LEN(Tableau46[[#This Row],[file name]])-SEARCH("@",Tableau46[[#This Row],[file name]])))-SEARCH("/",RIGHT(Tableau46[[#This Row],[file name]],LEN(Tableau46[[#This Row],[file name]])-SEARCH("@",Tableau46[[#This Row],[file name]])))),1) -> H | C58: D:\Images\20210707\plaque 1/@02 EE2 33.8/H2_03.tif | D58: 216.2989 | E58: 65.7 | G58: 14211
A59: =IFERROR(LEFT(RIGHT(C59,LEN(C59)-SEARCH("@",C59)),SEARCH("/",RIGHT(C59,LEN(C59)-SEARCH("@",C59)-1))),"") | B59: =LEFT(RIGHT(RIGHT(Tableau46[[#This Row],[file name]],LEN(Tableau46[[#This Row],[file name]])-SEARCH("@",Tableau46[[#This Row],[file name]])),LEN(RIGHT(Tableau46[[#This Row],[file name]],LEN(Tableau46[[#This Row],[file name]])-SEARCH("@",Tableau46[[#This Row],[file name]])))-SEARCH("/",RIGHT(Tableau46[[#This Row],[file name]],LEN(Tableau46[[#This Row],[file name]])-SEARCH("@",Tableau46[[#This Row],[file name]])))),1) -> #VALUE!
A60: =IFERROR(LEFT(RIGHT(C60,LEN(C60)-SEARCH("@",C60)),SEARCH("/",RIGHT(C60,LEN(C60)-SEARCH("@",C60)-1))),"") | B60: =LEFT(RIGHT(RIGHT(Tableau46[[#This Row],[file name]],LEN(Tableau46[[#This Row],[file name]])-SEARCH("@",Tableau46[[#This Row],[file name]])),LEN(RIGHT(Tableau46[[#This Row],[file name]],LEN(Tableau46[[#This Row],[file name]])-SEARCH("@",Tableau46[[#This Row],[file name]])))-SEARCH("/",RIGHT(Tableau46[[#This Row],[file name]],LEN(Tableau46[[#This Row],[file name]])-SEARCH("@",Tableau46[[#This Row],[file name]])))),1) -> #VALUE! | C60: group | E60: mean of mean fluo | F60: SD mean fluo | G60: mean of total fluo | H60: SD total fluo | I60: n fluorescent | J60: n total
A61: =IFERROR(LEFT(RIGHT(C61,LEN(C61)-SEARCH("@",C61)),SEARCH("/",RIGHT(C61,LEN(C61)-SEARCH("@",C61)-1))),"") -> 02 EE2 33.8 | B61: =LEFT(RIGHT(RIGHT(Tableau46[[#This Row],[file name]],LEN(Tableau46[[#This Row],[file name]])-SEARCH("@",Tableau46[[#This Row],[file name]])),LEN(RIGHT(Tableau46[[#This Row],[file name]],LEN(Tableau46[[#This Row],[file name]])-SEARCH("@",Tableau46[[#This Row],[file name]])))-SEARCH("/",RIGHT(Tableau46[[#This Row],[file name]],LEN(Tableau46[[#This Row],[file name]])-SEARCH("@",Tableau46[[#This Row],[file name]])))),1) | C61: D:\Images\20210707\plaque 1/@02 EE2 33.8/ | E61: 64.7051 | F61: 1.8188 | G61: 95367.0833 | H61: 151647.806 | I61: 24 | J61: 24
A62: =IFERROR(LEFT(RIGHT(C62,LEN(C62)-SEARCH("@",C62)),SEARCH("/",RIGHT(C62,LEN(C62)-SEARCH("@",C62)-1))),"") | B62: =LEFT(RIGHT(RIGHT(Tableau46[[#This Row],[file name]],LEN(Tableau46[[#This Row],[file name]])-SEARCH("@",Tableau46[[#This Row],[file name]])),LEN(RIGHT(Tableau46[[#This Row],[file name]],LEN(Tableau46[[#This Row],[file name]])-SEARCH("@",Tableau46[[#This Row],[file name]])))-SEARCH("/",RIGHT(Tableau46[[#This Row],[file name]],LEN(Tableau46[[#This Row],[file name]])-SEARCH("@",Tableau46[[#This Row],[file name]])))),1) -> #VALUE!
A63: =IFERROR(LEFT(RIGHT(C63,LEN(C63)-SEARCH("@",C63)),SEARCH("/",RIGHT(C63,LEN(C63)-SEARCH("@",C63)-1))),"") | B63: =LEFT(RIGHT(RIGHT(Tableau46[[#This Row],[file name]],LEN(Tableau46[[#This Row],[file name]])-SEARCH("@",Tableau46[[#This Row],[file name]])),LEN(RIGHT(Tableau46[[#This Row],[file name]],LEN(Tableau46[[#This Row],[file name]])-SEARCH("@",Tableau46[[#This Row],[file name]])))-SEARCH("/",RIGHT(Tableau46[[#This Row],[file name]],LEN(Tableau46[[#This Row],[file name]])-SEARCH("@",Tableau46[[#This Row],[file name]])))),1) -> #VALUE!
A64: =IFERROR(LEFT(RIGHT(C64,LEN(C64)-SEARCH("@",C64)),SEARCH("/",RIGHT(C64,LEN(C64)-SEARCH("@",C64)-1))),"") | B64: =LEFT(RIGHT(RIGHT(Tableau46[[#This Row],[file name]],LEN(Tableau46[[#This Row],[file name]])-SEARCH("@",Tableau46[[#This Row],[file name]])),LEN(RIGHT(Tableau46[[#This Row],[file name]],LEN(Tableau46[[#This Row],[file name]])-SEARCH("@",Tableau46[[#This Row],[file name]])))-SEARCH("/",RIGHT(Tableau46[[#This Row],[file name]],LEN(Tableau46[[#This Row],[file name]])-SEARCH("@",Tableau46[[#This Row],[file name]])))),1) -> #VALUE!
A65: =IFERROR(LEFT(RIGHT(C65,LEN(C65)-SEARCH("@",C65)),SEARCH("/",RIGHT(C65,LEN(C65)-SEARCH("@",C65)-1))),"") | B65: =LEFT(RIGHT(RIGHT(Tableau46[[#This Row],[file name]],LEN(Tableau46[[#This Row],[file name]])-SEARCH("@",Tableau46[[#This Row],[file name]])),LEN(RIGHT(Tableau46[[#This Row],[file name]],LEN(Tableau46[[#This Row],[file name]])-SEARCH("@",Tableau46[[#This Row],[file name]])))-SEARCH("/",RIGHT(Tableau46[[#This Row],[file name]],LEN(Tableau46[[#This Row],[file name]])-SEARCH("@",Tableau46[[#This Row],[file name]])))),1) -> #VALUE!
A66: =IFERROR(LEFT(RIGHT(C66,LEN(C66)-SEARCH("@",C66)),SEARCH("/",RIGHT(C66,LEN(C66)-SEARCH("@",C66)-1))),"") | B66: =LEFT(RIGHT(RIGHT(Tableau46[[#This Row],[file name]],LEN(Tableau46[[#This Row],[file name]])-SEARCH("@",Tableau46[[#This Row],[file name]])),LEN(RIGHT(Tableau46[[#This Row],[file name]],LEN(Tableau46[[#This Row],[file name]])-SEARCH("@",Tableau46[[#This Row],[file name]])))-SEARCH("/",RIGHT(Tableau46[[#This Row],[file name]],LEN(Tableau46[[#This Row],[file name]])-SEARCH("@",Tableau46[[#This Row],[file name]])))),1) -> #VALUE!
A67: =IFERROR(LEFT(RIGHT(C67,LEN(C67)-SEARCH("@",C67)),SEARCH("/",RIGHT(C67,LEN(C67)-SEARCH("@",C67)-1))),"") | B67: =LEFT(RIGHT(RIGHT(Tableau46[[#This Row],[file name]],LEN(Tableau46[[#This Row],[file name]])-SEARCH("@",Tableau46[[#This Row],[file name]])),LEN(RIGHT(Tableau46[[#This Row],[file name]],LEN(Tableau46[[#This Row],[file name]])-SEARCH("@",Tableau46[[#This Row],[file name]])))-SEARCH("/",RIGHT(Tableau46[[#This Row],[file name]],LEN(Tableau46[[#This Row],[file name]])-SEARCH("@",Tableau46[[#This Row],[file name]])))),1) -> #VALUE! | C67: file name | D67: total area | E67: mean intensity | G67: total fluorescence
A68: =IFERROR(LEFT(RIGHT(C68,LEN(C68)-SEARCH("@",C68)),SEARCH("/",RIGHT(C68,LEN(C68)-SEARCH("@",C68)-1))),"") -> 03 EE2 50 | B68: =LEFT(RIGHT(RIGHT(Tableau46[[#This Row],[file name]],LEN(Tableau46[[#This Row],[file name]])-SEARCH("@",Tableau46[[#This Row],[file name]])),LEN(RIGHT(Tableau46[[#This Row],[file name]],LEN(Tableau46[[#This Row],[file name]])-SEARCH("@",Tableau46[[#This Row],[file name]])))-SEARCH("/",RIGHT(Tableau46[[#This Row],[file name]],LEN(Tableau46[[#This Row],[file name]])-SEARCH("@",Tableau46[[#This Row],[file name]])))),1) -> A | C68: D:\Images\20210707\plaque 1/@03 EE2 50/A3_01.tif | D68: 367.7082 | E68: 63.0588 | G68: 23187
A69: =IFERROR(LEFT(RIGHT(C69,LEN(C69)-SEARCH("@",C69)),SEARCH("/",RIGHT(C69,LEN(C69)-SEARCH("@",C69)-1))),"") -> 03 EE2 50 | B69: =LEFT(RIGHT(RIGHT(Tableau46[[#This Row],[file name]],LEN(Tableau46[[#This Row],[file name]])-SEARCH("@",Tableau46[[#This Row],[file name]])),LEN(RIGHT(Tableau46[[#This Row],[file name]],LEN(Tableau46[[#This Row],[file name]])-SEARCH("@",Tableau46[[#This Row],[file name]])))-SEARCH("/",RIGHT(Tableau46[[#This Row],[file name]],LEN(Tableau46[[#This Row],[file name]])-SEARCH("@",Tableau46[[#This Row],[file name]])))),1) -> A | C69: D:\Images\20210707\plaque 1/@03 EE2 50/A3_02.tif | D69: 1946.6905 | E69: 65.8889 | G69: 128265
A70: =IFERROR(LEFT(RIGHT(C70,LEN(C70)-SEARCH("@",C70)),SEARCH("/",RIGHT(C70,LEN(C70)-SEARCH("@",C70)-1))),"") -> 03 EE2 50 | B70: =LEFT(RIGHT(RIGHT(Tableau46[[#This Row],[file name]],LEN(Tableau46[[#This Row],[file name]])-SEARCH("@",Tableau46[[#This Row],[file name]])),LEN(RIGHT(Tableau46[[#This Row],[file name]],LEN(Tableau46[[#This Row],[file name]])-SEARCH("@",Tableau46[[#This Row],[file name]])))-SEARCH("/",RIGHT(Tableau46[[#This Row],[file name]],LEN(Tableau46[[#This Row],[file name]])-SEARCH("@",Tableau46[[#This Row],[file name]])))),1) -> A | C70: D:\Images\20210707\plaque 1/@03 EE2 50/A3_03- exclu.tif
A71: =IFERROR(LEFT(RIGHT(C71,LEN(C71)-SEARCH("@",C71)),SEARCH("/",RIGHT(C71,LEN(C71)-SEARCH("@",C71)-1))),"") -> 03 EE2 50 | B71: =LEFT(RIGHT(RIGHT(Tableau46[[#This Row],[file name]],LEN(Tableau46[[#This Row],[file name]])-SEARCH("@",Tableau46[[#This Row],[file name]])),LEN(RIGHT(Tableau46[[#This Row],[file name]],LEN(Tableau46[[#This Row],[file name]])-SEARCH("@",Tableau46[[#This Row],[file name]])))-SEARCH("/",RIGHT(Tableau46[[#This Row],[file name]],LEN(Tableau46[[#This Row],[file name]])-SEARCH("@",Tableau46[[#This Row],[file name]])))),1) -> B | C71: D:\Images\20210707\plaque 1/@03 EE2 50/B3_01.tif | D71: 3266.1141 | E71: 64.6623 | G71: 211194
A72: =IFERROR(LEFT(RIGHT(C72,LEN(C72)-SEARCH("@",C72)),SEARCH("/",RIGHT(C72,LEN(C72)-SEARCH("@",C72)-1))),"") -> 03 EE2 50 | B72: =LEFT(RIGHT(RIGHT(Tableau46[[#This Row],[file name]],LEN(Tableau46[[#This Row],[file name]])-SEARCH("@",Tableau46[[#This Row],[file name]])),LEN(RIGHT(Tableau46[[#This Row],[file name]],LEN(Tableau46[[#This Row],[file name]])-SEARCH("@",Tableau46[[#This Row],[file name]])))-SEARCH("/",RIGHT(Tableau46[[#This Row],[file name]],LEN(Tableau46[[#This Row],[file name]])-SEARCH("@",Tableau46[[#This Row],[file name]])))),1) -> B | C72: D:\Images\20210707\plaque 1/@03 EE2 50/B3_02.tif | D72: 2682.1069 | E72: 66.3871 | G72: 178057
A73: =IFERROR(LEFT(RIGHT(C73,LEN(C73)-SEARCH("@",C73)),SEARCH("/",RIGHT(C73,LEN(C73)-SEARCH("@",C73)-1))),"") -> 03 EE2 50 | B73: =LEFT(RIGHT(RIGHT(Tableau46[[#This Row],[file name]],LEN(Tableau46[[#This Row],[file name]])-SEARCH("@",Tableau46[[#This Row],[file name]])),LEN(RIGHT(Tableau46[[#This Row],[file name]],LEN(Tableau46[[#This Row],[file name]])-SEARCH("@",Tableau46[[#This Row],[file name]])))-SEARCH("/",RIGHT(Tableau46[[#This Row],[file name]],LEN(Tableau46[[#This Row],[file name]])-SEARCH("@",Tableau46[[#This Row],[file name]])))),1) -> B | C73: D:\Images\20210707\plaque 1/@03 EE2 50/B3_03.tif | D73: 1622.2421 | E73: 65.2667 | G73: 105878
A74: =IFERROR(LEFT(RIGHT(C74,LEN(C74)-SEARCH("@",C74)),SEARCH("/",RIGHT(C74,LEN(C74)-SEARCH("@",C74)-1))),"") -> 03 EE2 50 | B74: =LEFT(RIGHT(RIGHT(Tableau46[[#This Row],[file name]],LEN(Tableau46[[#This Row],[file name]])-SEARCH("@",Tableau46[[#This Row],[file name]])),LEN(RIGHT(Tableau46[[#This Row],[file name]],LEN(Tableau46[[#This Row],[file name]])-SEARCH("@",Tableau46[[#This Row],[file name]])))-SEARCH("/",RIGHT(Tableau46[[#This Row],[file name]],LEN(Tableau46[[#This Row],[file name]])-SEARCH("@",Tableau46[[#This Row],[file name]])))),1) -> C | C74: D:\Images\20210707\plaque 1/@03 EE2 50/C3_01.tif | D74: 1816.9111 | E74: 63.7738 | G74: 115871
A75: =IFERROR(LEFT(RIGHT(C75,LEN(C75)-SEARCH("@",C75)),SEARCH("/",RIGHT(C75,LEN(C75)-SEARCH("@",C75)-1))),"") -> 03 EE2 50 | B75: =LEFT(RIGHT(RIGHT(Tableau46[[#This Row],[file name]],LEN(Tableau46[[#This Row],[file name]])-SEARCH("@",Tableau46[[#This Row],[file name]])),LEN(RIGHT(Tableau46[[#This Row],[file name]],LEN(Tableau46[[#This Row],[file name]])-SEARCH("@",Tableau46[[#This Row],[file name]])))-SEARCH("/",RIGHT(Tableau46[[#This Row],[file name]],LEN(Tableau46[[#This Row],[file name]])-SEARCH("@",Tableau46[[#This Row],[file name]])))),1) -> C | C75: D:\Images\20210707\plaque 1/@03 EE2 50/C3_02.tif | D75: 1708.7617 | E75: 62.7215 | G75: 107176
A76: =IFERROR(LEFT(RIGHT(C76,LEN(C76)-SEARCH("@",C76)),SEARCH("/",RIGHT(C76,LEN(C76)-SEARCH("@",C76)-1))),"") -> 03 EE2 50 | B76: =LEFT(RIGHT(RIGHT(Tableau46[[#This Row],[file name]],LEN(Tableau46[[#This Row],[file name]])-SEARCH("@",Tableau46[[#This Row],[file name]])),LEN(RIGHT(Tableau46[[#This Row],[file name]],LEN(Tableau46[[#This Row],[file name]])-SEARCH("@",Tableau46[[#This Row],[file name]])))-SEARCH("/",RIGHT(Tableau46[[#This Row],[file name]],LEN(Tableau46[[#This Row],[file name]])-SEARCH("@",Tableau46[[#This Row],[file name]])))),1) -> C | C76: D:\Images\20210707\plaque 1/@03 EE2 50/C3_03.tif | D76: 4477.3882 | E76: 65.4686 | G76: 293128
A77: =IFERROR(LEFT(RIGHT(C77,LEN(C77)-SEARCH("@",C77)),SEARCH("/",RIGHT(C77,LEN(C77)-SEARCH("@",C77)-1))),"") -> 03 EE2 50 | B77: =LEFT(RIGHT(RIGHT(Tableau46[[#This Row],[file name]],LEN(Tableau46[[#This Row],[file name]])-SEARCH("@",Tableau46[[#This Row],[file name]])),LEN(RIGHT(Tableau46[[#This Row],[file name]],LEN(Tableau46[[#This Row],[file name]])-SEARCH("@",Tableau46[[#This Row],[file name]])))-SEARCH("/",RIGHT(Tableau46[[#This Row],[file name]],LEN(Tableau46[[#This Row],[file name]])-SEARCH("@",Tableau46[[#This Row],[file name]])))),1) -> D | C77: D:\Images\20210707\plaque 1/@03 EE2 50/D3_01.tif | D77: 302.8185 | E77: 64.1429 | G77: 19424
A78: =IFERROR(LEFT(RIGHT(C78,LEN(C78)-SEARCH("@",C78)),SEARCH("/",RIGHT(C78,LEN(C78)-SEARCH("@",C78)-1))),"") -> 03 EE2 50 | B78: =LEFT(RIGHT(RIGHT(Tableau46[[#This Row],[file name]],LEN(Tableau46[[#This Row],[file name]])-SEARCH("@",Tableau46[[#This Row],[file name]])),LEN(RIGHT(Tableau46[[#This Row],[file name]],LEN(Tableau46[[#This Row],[file name]])-SEARCH("@",Tableau46[[#This Row],[file name]])))-SEARCH("/",RIGHT(Tableau46[[#This Row],[file name]],LEN(Tableau46[[#This Row],[file name]])-SEARCH("@",Tableau46[[#This Row],[file name]])))),1) -> D | C78: D:\Images\20210707\plaque 1/@03 EE2 50/D3_02.tif | D78: 1362.6834 | E78: 64.873 | G78: 88401
A79: =IFERROR(LEFT(RIGHT(C79,LEN(C79)-SEARCH("@",C79)),SEARCH("/",RIGHT(C79,LEN(C79)-SEARCH("@",C79)-1))),"") -> 03 EE2 50 | B79: =LEFT(RIGHT(RIGHT(Tableau46[[#This Row],[file name]],LEN(Tableau46[[#This Row],[file name]])-SEARCH("@",Tableau46[[#This Row],[file name]])),LEN(RIGHT(Tableau46[[#This Row],[file name]],LEN(Tableau46[[#This Row],[file name]])-SEARCH("@",Tableau46[[#This Row],[file name]])))-SEARCH("/",RIGHT(Tableau46[[#This Row],[file name]],LEN(Tableau46[[#This Row],[file name]])-SEARCH("@",Tableau46[[#This Row],[file name]])))),1) -> D | C79: D:\Images\20210707\plaque 1/@03 EE2 50/D3_03.tif | D79: 389.3381 | E79: 62.3333 | G79: 24269
A80: =IFERROR(LEFT(RIGHT(C80,LEN(C80)-SEARCH("@",C80)),SEARCH("/",RIGHT(C80,LEN(C80)-SEARCH("@",C80)-1))),"") -> 03 EE2 50 | B80: =LEFT(RIGHT(RIGHT(Tableau46[[#This Row],[file name]],LEN(Tableau46[[#This Row],[file name]])-SEARCH("@",Tableau46[[#This Row],[file name]])),LEN(RIGHT(Tableau46[[#This Row],[file name]],LEN(Tableau46[[#This Row],[file name]])-SEARCH("@",Tableau46[[#This Row],[file name]])))-SEARCH("/",RIGHT(Tableau46[[#This Row],[file name]],LEN(Tableau46[[#This Row],[file name]])-SEARCH("@",Tableau46[[#This Row],[file name]])))),1) -> E | C80: D:\Images\20210707\plaque 1/@03 EE2 50/E3_01.tif | D80: 1059.8648 | E80: 64.2245 | G80: 68069
A81: =IFERROR(LEFT(RIGHT(C81,LEN(C81)-SEARCH("@",C81)),SEARCH("/",RIGHT(C81,LEN(C81)-SEARCH("@",C81)-1))),"") -> 03 EE2 50 | B81: =LEFT(RIGHT(RIGHT(Tableau46[[#This Row],[file name]],LEN(Tableau46[[#This Row],[file name]])-SEARCH("@",Tableau46[[#This Row],[file name]])),LEN(RIGHT(Tableau46[[#This Row],[file name]],LEN(Tableau46[[#This Row],[file name]])-SEARCH("@",Tableau46[[#This Row],[file name]])))-SEARCH("/",RIGHT(Tableau46[[#This Row],[file name]],LEN(Tableau46[[#This Row],[file name]])-SEARCH("@",Tableau46[[#This Row],[file name]])))),1) -> E | C81: D:\Images\20210707\plaque 1/@03 EE2 50/E3_02.tif | D81: 432.5979 | E81: 63.1 | G81: 27297
A82: =IFERROR(LEFT(RIGHT(C82,LEN(C82)-SEARCH("@",C82)),SEARCH("/",RIGHT(C82,LEN(C82)-SEARCH("@",C82)-1))),"") -> 03 EE2 50 | B82: =LEFT(RIGHT(RIGHT(Tableau46[[#This Row],[file name]],LEN(Tableau46[[#This Row],[file name]])-SEARCH("@",Tableau46[[#This Row],[file name]])),LEN(RIGHT(Tableau46[[#This Row],[file name]],LEN(Tableau46[[#This Row],[file name]])-SEARCH("@",Tableau46[[#This Row],[file name]])))-SEARCH("/",RIGHT(Tableau46[[#This Row],[file name]],LEN(Tableau46[[#This Row],[file name]])-SEARCH("@",Tableau46[[#This Row],[file name]])))),1) -> E | C82: D:\Images\20210707\plaque 1/@03 EE2 50/E3_03.tif | D82: 843.5659 | E82: 65.2821 | G82: 55070
... A84: =IFERROR(LEFT(RIGHT(C84,LEN(C84)-SEARCH("@",C84)),SEARCH("/",RIGHT(C84,LEN(C84)-SEARCH("@",C84)-1))),"") -> 03 EE2 50 | B84: =LEFT(RIGHT(RIGHT(Tableau46[[#This Row],[file name]],LEN(Tableau46[[#This Row],[file name]])-SEARCH("@",Tableau46[[#This Row],[file name]])),LEN(RIGHT(Tableau46[[#This Row],[file name]],LEN(Tableau46[[#This Row],[file name]])-SEARCH("@",Tableau46[[#This Row],[file name]])))-SEARCH("/",RIGHT(Tableau46[[#This Row],[file name]],LEN(Tableau46[[#This Row],[file name]])-SEARCH("@",Tableau46[[#This Row],[file name]])))),1) -> F | C84: D:\Images\20210707\plaque 1/@03 EE2 50/F3_02.tif | D84: 627.2669 | E84: 62.7931 | G84: 39388
A85: =IFERROR(LEFT(RIGHT(C85,LEN(C85)-SEARCH("@",C85)),SEARCH("/",RIGHT(C85,LEN(C85)-SEARCH("@",C85)-1))),"") -> 03 EE2 50 | B85: =LEFT(RIGHT(RIGHT(Tableau46[[#This Row],[file name]],LEN(Tableau46[[#This Row],[file name]])-SEARCH("@",Tableau46[[#This Row],[file name]])),LEN(RIGHT(Tableau46[[#This Row],[file name]],LEN(Tableau46[[#This Row],[file name]])-SEARCH("@",Tableau46[[#This Row],[file name]])))-SEARCH("/",RIGHT(Tableau46[[#This Row],[file name]],LEN(Tableau46[[#This Row],[file name]])-SEARCH("@",Tableau46[[#This Row],[file name]])))),1) -> F | C85: D:\Images\20210707\plaque 1/@03 EE2 50/F3_03- exclu.tif
A86: =IFERROR(LEFT(RIGHT(C86,LEN(C86)-SEARCH("@",C86)),SEARCH("/",RIGHT(C86,LEN(C86)-SEARCH("@",C86)-1))),"") -> 03 EE2 50 | B86: =LEFT(RIGHT(RIGHT(Tableau46[[#This Row],[file name]],LEN(Tableau46[[#This Row],[file name]])-SEARCH("@",Tableau46[[#This Row],[file name]])),LEN(RIGHT(Tableau46[[#This Row],[file name]],LEN(Tableau46[[#This Row],[file name]])-SEARCH("@",Tableau46[[#This Row],[file name]])))-SEARCH("/",RIGHT(Tableau46[[#This Row],[file name]],LEN(Tableau46[[#This Row],[file name]])-SEARCH("@",Tableau46[[#This Row],[file name]])))),1) -> G | C86: D:\Images\20210707\plaque 1/@03 EE2 50/G3_01.tif | D86: 2509.0678 | E86: 64.8534 | G86: 162722
A87: =IFERROR(LEFT(RIGHT(C87,LEN(C87)-SEARCH("@",C87)),SEARCH("/",RIGHT(C87,LEN(C87)-SEARCH("@",C87)-1))),"") -> 03 EE2 50 | B87: =LEFT(RIGHT(RIGHT(Tableau46[[#This Row],[file name]],LEN(Tableau46[[#This Row],[file name]])-SEARCH("@",Tableau46[[#This Row],[file name]])),LEN(RIGHT(Tableau46[[#This Row],[file name]],LEN(Tableau46[[#This Row],[file name]])-SEARCH("@",Tableau46[[#This Row],[file name]])))-SEARCH("/",RIGHT(Tableau46[[#This Row],[file name]],LEN(Tableau46[[#This Row],[file name]])-SEARCH("@",Tableau46[[#This Row],[file name]])))),1) -> G | C87: D:\Images\20210707\plaque 1/@03 EE2 50/G3_02.tif | D87: 11117.7658 | E87: 80.7237 | G87: 897468
A88: =IFERROR(LEFT(RIGHT(C88,LEN(C88)-SEARCH("@",C88)),SEARCH("/",RIGHT(C88,LEN(C88)-SEARCH("@",C88)-1))),"") -> 03 EE2 50 | B88: =LEFT(RIGHT(RIGHT(Tableau46[[#This Row],[file name]],LEN(Tableau46[[#This Row],[file name]])-SEARCH("@",Tableau46[[#This Row],[file name]])),LEN(RIGHT(Tableau46[[#This Row],[file name]],LEN(Tableau46[[#This Row],[file name]])-SEARCH("@",Tableau46[[#This Row],[file name]])))-SEARCH("/",RIGHT(Tableau46[[#This Row],[file name]],LEN(Tableau46[[#This Row],[file name]])-SEARCH("@",Tableau46[[#This Row],[file name]])))),1) -> G | C88: D:\Images\20210707\plaque 1/@03 EE2 50/G3_03.tif | D88: 5840.0715 | E88: 70.8667 | G88: 413866
A89: =IFERROR(LEFT(RIGHT(C89,LEN(C89)-SEARCH("@",C89)),SEARCH("/",RIGHT(C89,LEN(C89)-SEARCH("@",C89)-1))),"") -> 03 EE2 50 | B89: =LEFT(RIGHT(RIGHT(Tableau46[[#This Row],[file name]],LEN(Tableau46[[#This Row],[file name]])-SEARCH("@",Tableau46[[#This Row],[file name]])),LEN(RIGHT(Tableau46[[#This Row],[file name]],LEN(Tableau46[[#This Row],[file name]])-SEARCH("@",Tableau46[[#This Row],[file name]])))-SEARCH("/",RIGHT(Tableau46[[#This Row],[file name]],LEN(Tableau46[[#This Row],[file name]])-SEARCH("@",Tableau46[[#This Row],[file name]])))),1) -> H | C89: D:\Images\20210707\plaque 1/@03 EE2 50/H3_01.tif | D89: 108.1495 | E89: 66 | G89: 7138
A90: =IFERROR(LEFT(RIGHT(C90,LEN(C90)-SEARCH("@",C90)),SEARCH("/",RIGHT(C90,LEN(C90)-SEARCH("@",C90)-1))),"") -> 03 EE2 50 | B90: =LEFT(RIGHT(RIGHT(Tableau46[[#This Row],[file name]],LEN(Tableau46[[#This Row],[file name]])-SEARCH("@",Tableau46[[#This Row],[file name]])),LEN(RIGHT(Tableau46[[#This Row],[file name]],LEN(Tableau46[[#This Row],[file name]])-SEARCH("@",Tableau46[[#This Row],[file name]])))-SEARCH("/",RIGHT(Tableau46[[#This Row],[file name]],LEN(Tableau46[[#This Row],[file name]])-SEARCH("@",Tableau46[[#This Row],[file name]])))),1) -> H | C90: D:\Images\20210707\plaque 1/@03 EE2 50/H3_02.tif | D90: 324.4484 | E90: 64.4667 | G90: 20916
A91: =IFERROR(LEFT(RIGHT(C91,LEN(C91)-SEARCH("@",C91)),SEARCH("/",RIGHT(C91,LEN(C91)-SEARCH("@",C91)-1))),"") -> 03 EE2 50 | B91: =LEFT(RIGHT(RIGHT(Tableau46[[#This Row],[file name]],LEN(Tableau46[[#This Row],[file name]])-SEARCH("@",Tableau46[[#This Row],[file name]])),LEN(RIGHT(Tableau46[[#This Row],[file name]],LEN(Tableau46[[#This Row],[file name]])-SEARCH("@",Tableau46[[#This Row],[file name]])))-SEARCH("/",RIGHT(Tableau46[[#This Row],[file name]],LEN(Tableau46[[#This Row],[file name]])-SEARCH("@",Tableau46[[#This Row],[file name]])))),1) -> H | C91: D:\Images\20210707\plaque 1/@03 EE2 50/H3_03.tif | D91: 216.2989 | E91: 63.1 | G91: 13648
A92: =IFERROR(LEFT(RIGHT(C92,LEN(C92)-SEARCH("@",C92)),SEARCH("/",RIGHT(C92,LEN(C92)-SEARCH("@",C92)-1))),"") | B92: =LEFT(RIGHT(RIGHT(Tableau46[[#This Row],[file name]],LEN(Tableau46[[#This Row],[file name]])-SEARCH("@",Tableau46[[#This Row],[file name]])),LEN(RIGHT(Tableau46[[#This Row],[file name]],LEN(Tableau46[[#This Row],[file name]])-SEARCH("@",Tableau46[[#This Row],[file name]])))-SEARCH("/",RIGHT(Tableau46[[#This Row],[file name]],LEN(Tableau46[[#This Row],[file name]])-SEARCH("@",Tableau46[[#This Row],[file name]])))),1) -> #VALUE!
A93: =IFERROR(LEFT(RIGHT(C93,LEN(C93)-SEARCH("@",C93)),SEARCH("/",RIGHT(C93,LEN(C93)-SEARCH("@",C93)-1))),"") | B93: =LEFT(RIGHT(RIGHT(Tableau46[[#This Row],[file name]],LEN(Tableau46[[#This Row],[file name]])-SEARCH("@",Tableau46[[#This Row],[file name]])),LEN(RIGHT(Tableau46[[#This Row],[file name]],LEN(Tableau46[[#This Row],[file name]])-SEARCH("@",Tableau46[[#This Row],[file name]])))-SEARCH("/",RIGHT(Tableau46[[#This Row],[file name]],LEN(Tableau46[[#This Row],[file name]])-SEARCH("@",Tableau46[[#This Row],[file name]])))),1) -> #VALUE! | C93: group | E93: mean of mean fluo | F93: SD mean fluo | G93: mean of total fluo | H93: SD total fluo | I93: n fluorescent | J93: n total
A94: =IFERROR(LEFT(RIGHT(C94,LEN(C94)-SEARCH("@",C94)),SEARCH("/",RIGHT(C94,LEN(C94)-SEARCH("@",C94)-1))),"") -> 03 EE2 50 | B94: =LEFT(RIGHT(RIGHT(Tableau46[[#This Row],[file name]],LEN(Tableau46[[#This Row],[file name]])-SEARCH("@",Tableau46[[#This Row],[file name]])),LEN(RIGHT(Tableau46[[#This Row],[file name]],LEN(Tableau46[[#This Row],[file name]])-SEARCH("@",Tableau46[[#This Row],[file name]])))-SEARCH("/",RIGHT(Tableau46[[#This Row],[file name]],LEN(Tableau46[[#This Row],[file name]])-SEARCH("@",Tableau46[[#This Row],[file name]])))),1) | C94: D:\Images\20210707\plaque 1/@03 EE2 50/ | E94: 65.2892 | F94: 3.7279 | G94: 128439.125 | H94: 191666.703 | I94: 24 | J94: 24
A95: =IFERROR(LEFT(RIGHT(C95,LEN(C95)-SEARCH("@",C95)),SEARCH("/",RIGHT(C95,LEN(C95)-SEARCH("@",C95)-1))),"") | B95: =LEFT(RIGHT(RIGHT(Tableau46[[#This Row],[file name]],LEN(Tableau46[[#This Row],[file name]])-SEARCH("@",Tableau46[[#This Row],[file name]])),LEN(RIGHT(Tableau46[[#This Row],[file name]],LEN(Tableau46[[#This Row],[file name]])-SEARCH("@",Tableau46[[#This Row],[file name]])))-SEARCH("/",RIGHT(Tableau46[[#This Row],[file name]],LEN(Tableau46[[#This Row],[file name]])-SEARCH("@",Tableau46[[#This Row],[file name]])))),1) -> #VALUE!
A96: =IFERROR(LEFT(RIGHT(C96,LEN(C96)-SEARCH("@",C96)),SEARCH("/",RIGHT(C96,LEN(C96)-SEARCH("@",C96)-1))),"") | B96: =LEFT(RIGHT(RIGHT(Tableau46[[#This Row],[file name]],LEN(Tableau46[[#This Row],[file name]])-SEARCH("@",Tableau46[[#This Row],[file name]])),LEN(RIGHT(Tableau46[[#This Row],[file name]],LEN(Tableau46[[#This Row],[file name]])-SEARCH("@",Tableau46[[#This Row],[file name]])))-SEARCH("/",RIGHT(Tableau46[[#This Row],[file name]],LEN(Tableau46[[#This Row],[file name]])-SEARCH("@",Tableau46[[#This Row],[file name]])))),1) -> #VALUE!
A97: =IFERROR(LEFT(RIGHT(C97,LEN(C97)-SEARCH("@",C97)),SEARCH("/",RIGHT(C97,LEN(C97)-SEARCH("@",C97)-1))),"") | B97: =LEFT(RIGHT(RIGHT(Tableau46[[#This Row],[file name]],LEN(Tableau46[[#This Row],[file name]])-SEARCH("@",Tableau46[[#This Row],[file name]])),LEN(RIGHT(Tableau46[[#This Row],[file name]],LEN(Tableau46[[#This Row],[file name]])-SEARCH("@",Tableau46[[#This Row],[file name]])))-SEARCH("/",RIGHT(Tableau46[[#This Row],[file name]],LEN(Tableau46[[#This Row],[file name]])-SEARCH("@",Tableau46[[#This Row],[file name]])))),1) -> #VALUE!
A98: =IFERROR(LEFT(RIGHT(C98,LEN(C98)-SEARCH("@",C98)),SEARCH("/",RIGHT(C98,LEN(C98)-SEARCH("@",C98)-1))),"") | B98: =LEFT(RIGHT(RIGHT(Tableau46[[#This Row],[file name]],LEN(Tableau46[[#This Row],[file name]])-SEARCH("@",Tableau46[[#This Row],[file name]])),LEN(RIGHT(Tableau46[[#This Row],[file name]],LEN(Tableau46[[#This Row],[file name]])-SEARCH("@",Tableau46[[#This Row],[file name]])))-SEARCH("/",RIGHT(Tableau46[[#This Row],[file name]],LEN(Tableau46[[#This Row],[file name]])-SEARCH("@",Tableau46[[#This Row],[file name]])))),1) -> #VALUE!
A99: =IFERROR(LEFT(RIGHT(C99,LEN(C99)-SEARCH("@",C99)),SEARCH("/",RIGHT(C99,LEN(C99)-SEARCH("@",C99)-1))),"") | B99: =LEFT(RIGHT(RIGHT(Tableau46[[#This Row],[file name]],LEN(Tableau46[[#This Row],[file name]])-SEARCH("@",Tableau46[[#This Row],[file name]])),LEN(RIGHT(Tableau46[[#This Row],[file name]],LEN(Tableau46[[#This Row],[file name]])-SEARCH("@",Tableau46[[#This Row],[file name]])))-SEARCH("/",RIGHT(Tableau46[[#This Row],[file name]],LEN(Tableau46[[#This Row],[file name]])-SEARCH("@",Tableau46[[#This Row],[file name]])))),1) -> #VALUE!
A100: =IFERROR(LEFT(RIGHT(C100,LEN(C100)-SEARCH("@",C100)),SEARCH("/",RIGHT(C100,LEN(C100)-SEARCH("@",C100)-1))),"") | B100: =LEFT(RIGHT(RIGHT(Tableau46[[#This Row],[file name]],LEN(Tableau46[[#This Row],[file name]])-SEARCH("@",Tableau46[[#This Row],[file name]])),LEN(RIGHT(Tableau46[[#This Row],[file name]],LEN(Tableau46[[#This Row],[file name]])-SEARCH("@",Tableau46[[#This Row],[file name]])))-SEARCH("/",RIGHT(Tableau46[[#This Row],[file name]],LEN(Tableau46[[#This Row],[file name]])-SEARCH("@",Tableau46[[#This Row],[file name]])))),1) -> #VALUE! | C100: file name | D100: total area | E100: mean intensity | G100: total fluorescence
A101: =IFERROR(LEFT(RIGHT(C101,LEN(C101)-SEARCH("@",C101)),SEARCH("/",RIGHT(C101,LEN(C101)-SEARCH("@",C101)-1))),"") -> 04 EE2 76 | B101: =LEFT(RIGHT(RIGHT(Tableau46[[#This Row],[file name]],LEN(Tableau46[[#This Row],[file name]])-SEARCH("@",Tableau46[[#This Row],[file name]])),LEN(RIGHT(Tableau46[[#This Row],[file name]],LEN(Tableau46[[#This Row],[file name]])-SEARCH("@",Tableau46[[#This Row],[file name]])))-SEARCH("/",RIGHT(Tableau46[[#This Row],[file name]],LEN(Tableau46[[#This Row],[file name]])-SEARCH("@",Tableau46[[#This Row],[file name]])))),1) -> A | C101: D:\Images\20210707\plaque 1/@04 EE2 76/A4_01.tif | D101: 2638.8471 | E101: 63.959 | G101: 168778
...

Sheet R2
A1: 6. Expérimentateur 2 : copier et coller les valeurs des intensités totales de fluorescences obtenues dans le fichier raw data lors du traitement des images. Ne pas supprimer les colonnes correspondant aux concentrations non lues.
A3: R2 | B3: Non dopé | O3: avec testo
A4: Noms des groupes | B4: ='Page de garde'!A7 -> Témoin solvant | C4: ='Page de garde'!A9 -> EE2-33.8ng/L | D4: ='Page de garde'!A10 -> EE2-50.6ng/L | E4: ='Page de garde'!A11 -> EE2-76ng/L | F4: ='Page de garde'!A12 -> EE2-114ng/L | G4: ='Page de garde'!A13 -> EE2-170.9ng/L | H4: ='Page de garde'!A14 -> EE2-488ng/L | I4: ='Page de garde'!A15 -> Tamoxifen-30,2µg/L | J4: ='Page de garde'!A16 -> Tamoxifen-60,4µg/L | K4: ='Page de garde'!A17 -> Tamoxifen-121µg/L | L4: ='Page de garde'!A18 -> Tamoxifen-242µg/L | M4: ='Page de garde'!A19 -> Tamoxifen-483µg/L | O4: ='Page de garde'!A36 -> Testo -30µg/L | P4: ='Page de garde'!A37 -> Testo 30µg/L + EE2 -64ng/L | Q4: ='Page de garde'!A38 -> Testo 30µg/L + FAD-10µg/L | R4: ='Page de garde'!A39 -> Tamoxifen-30.2µg/L + Testostérone | S4: ='Page de garde'!A40 -> Tamoxifen-60.4µg/L + Testostérone | T4: ='Page de garde'!A41 -> Tamoxifen-121µg/L + Testostérone | U4: ='Page de garde'!A42 -> Tamoxifen-242µg/L + Testostérone | V4: ='Page de garde'!A43 -> Tamoxifen-483µg/L + Testostérone
A5: Données brutes | B5: 65394.667 | C5: 40087.333 | D5: 75726 | E5: 279876.33 | F5: 898058.67 | G5: 3863798.3 | H5: 6722729.7 | I5: 107652 | J5: 66324.333 | K5: 143276.33 | L5: 331118 | M5: 953575.67 | O5: 2585032 | P5: 2053960.3 | Q5: 430831.67 | R5: 3233417 | S5: 631578.33 | T5: 2036829.3 | U5: 1658457.7 | V5: 3412970
B6: 183659.67 | C6: 153918 | D6: 165043 | E6: 216234 | F6: 2641118 | G6: 3534469 | H6: 5469782.3 | I6: 44759.333 | J6: 60953 | K6: 95099.333 | L6: 99454.333 | M6: 1002084.3 | O6: 2909905.7 | P6: 1627829.7 | Q6: 64954.333 | R6: 2861534 | S6: 167516.33 | T6: 2337081.3 | U6: 970216 | V6: 2033549
B7: 51695.667 | C7: 49532.667 | D7: 172058.33 | E7: 952386 | F7: 933870.5 | G7: 1563776.3 | H7: 2254837.3 | I7: 50686 | J7: 183082.33 | K7: 193544.33 | L7: 258304 | M7: 1641363 | O7: 1449621 | P7: 3634572 | Q7: 206529.33 | R7: 1630483 | S7: 991665.67 | T7: 508994.5 | U7: 872290.5 | V7: 2678527
B8: 91018.667 | C8: 359243.67 | D8: 44031.333 | E8: 393909 | F8: 2137682.3 | G8: 2376959.7 | H8: 5104893 | I8: 109779 | J8: 617194.67 | K8: 81652.667 | L8: 54428.333 | M8: 150976.67 | O8: 2834323.7 | P8: 4504180.3 | Q8: 84774.667 | R8: 2830495.3 | S8: 2412901.3 | T8: 2015495 | U8: 1560049 | V8: 1883178
B9: 160479.67 | C9: 61458 | D9: 50145.333 | E9: 692466.33 | F9: 2484366.3 | G9: 3995856 | H9: 6632677.3 | I9: 17376.333 | J9: 112490 | K9: 423391 | L9: 265269.33 | M9: 511215.33 | O9: 3844526.3 | P9: 4526733.3 | Q9: 257691.33 | R9: 194315.67 | S9: 570063.33 | T9: 1109447.7 | U9: 3115808 | V9: 1223271.7
B10: 144069.33 | C10: 36496.667 | D10: 42870.5 | E10: 1517178.7 | F10: 1168245 | G10: 3495340.3 | H10: 6518594.3 | I10: 319481 | J10: 265096 | K10: 258801.67 | L10: 703988 | M10: 285240.33 | O10: 1981341.7 | P10: 5322663 | Q10: 31738.333 | R10: 2760118.7 | S10: 318608.5 | T10: 87896.667 | U10: 2756369.7 | V10: 1951485
B11: 56663 | C11: 58278 | D11: 491352 | E11: 59439 | F11: 2103103.7 | G11: 3352698.7 | H11: 7004798 | I11: 281635.33 | J11: 35487.333 | K11: 187574.33 | L11: 78343.667 | M11: 534994 | O11: 844496 | P11: 5432276 | Q11: 408617.67 | R11: 3559884.3 | T11: 3109376.7 | U11: 1025970.5 | V11: 1636550.5
B12: 27837.5 | C12: 19171.333 | D12: 13900.667 | E12: 329142 | F12: 835195 | G12: 2489622.7 | H12: 3965401.7 | I12: 168598 | J12: 73844.333 | K12: 47030.667 | L12: 217135.33 | M12: 738033.67 | O12: 1209738.3 | P12: 3182010 | Q12: 55761.667 | R12: 1453716.3 | S12: 2284909.7 | T12: 2989128.7 | U12: 3892393.3 | V12: 3085237.3
O13: 2333295.7
O14: 673526
O15: 1826615.7
O16: 2902343
O17: 1110205
O18: 2639658.5
O19: 3458526.7
O20: 3991905
A22: =A4 -> Noms des groupes | B22: =B4 -> Témoin solvant | C22: =C4 -> EE2-33.8ng/L | D22: =D4 -> EE2-50.6ng/L | E22: =E4 -> EE2-76ng/L | F22: =F4 -> EE2-114ng/L | G22: =G4 -> EE2-170.9ng/L | H22: =H4 -> EE2-488ng/L | ... M22: =M4 -> Tamoxifen-483µg/L | N22: Noms des groupes | O22: =O4 -> Testo -30µg/L | P22: =P4 -> Testo 30µg/L + EE2 -64ng/L | Q22: =Q4 -> Testo 30µg/L + FAD-10µg/L | R22: =R4 -> Tamoxifen-30.2µg/L + Testostérone | S22: =S4 -> Tamoxifen-60.4µg/L + Testostérone | T22: =T4 -> Tamoxifen-121µg/L + Testostérone | U22: =U4 -> Tamoxifen-242µg/L + Testostérone | V22: =V4 -> Tamoxifen-483µg/L + Testostérone
A23: mean | B23: =AVERAGE(B5:B20) -> 97602.271 | C23: =AVERAGE(C5:C20) -> 97273.208 | D23: =AVERAGE(D5:D20) -> 131890.9 | E23: =AVERAGE(E5:E20) -> 555078.92 | F23: =AVERAGE(F5:F20) -> 1650204.9 | G23: =AVERAGE(G5:G20) -> 3084065.1 | H23: =AVERAGE(H5:H20) -> 5459214.2 | I23: =AVERAGE(I5:I20) -> 137495.88 | J23: =AVERAGE(J5:J20) -> 176809 | L23: =AVERAGE(L5:L20) -> 251005.12 | N23: mean | O23: =AVERAGE(O5:O20) -> 2287191.3 | P23: =AVERAGE(P5:P20) -> 3785528.1 | Q23: =AVERAGE(Q5:Q20) -> 192612.38 | R23: =AVERAGE(R5:R20) -> 2315495.5 | S23: =AVERAGE(S5:S20) -> 1053891.9 | T23: =AVERAGE(T5:T20) -> 1774281.2 | U23: =AVERAGE(U5:U20) -> 1981444.3 | V23: =AVERAGE(V5:V20) -> 2238096.1
A24: SD | B24: =STDEV(B5:B20) -> 57631.672 | C24: =STDEV(C5:C20) -> 113379 | D24: =STDEV(D5:D20) -> 156445.9 | E24: =STDEV(E5:E20) -> 480416.29 | F24: =STDEV(F5:F20) -> 764934.27 | G24: =STDEV(G5:G20) -> 849214.71 | H24: =STDEV(H5:H20) -> 1652261 | I24: =STDEV(I5:I20) -> 111538.41 | J24: =STDEV(J5:J20) -> 193506.53 | L24: =STDEV(L5:L20) -> 208545.14 | N24: SD | O24: =STDEV(O5:O20) -> 1039957 | P24: =STDEV(P5:P20) -> 1423347.2 | Q24: =STDEV(Q5:Q20) -> 160521.38 | R24: =STDEV(R5:R20) -> 1125259.7 | S24: =STDEV(S5:S20) -> 922399.56 | T24: =STDEV(T5:T20) -> 1107702.9 | U24: =STDEV(U5:U20) -> 1133051.9 | V24: =STDEV(V5:V20) -> 749631.75
B26: Non dopé | O26: avec testo
A27: Noms des groupes | B27: =B4 -> Témoin solvant | C27: =C4 -> EE2-33.8ng/L | D27: =D4 -> EE2-50.6ng/L | E27: =E4 -> EE2-76ng/L | F27: =F4 -> EE2-114ng/L | G27: =G4 -> EE2-170.9ng/L | H27: =H4 -> EE2-488ng/L | I27: =I4 -> Tamoxifen-30,2µg/L | ... M27: =M4 -> Tamoxifen-483µg/L | O27: =O4 -> Testo -30µg/L | P27: =P4 -> Testo 30µg/L + EE2 -64ng/L | Q27: =Q4 -> Testo 30µg/L + FAD-10µg/L | R27: =R4 -> Tamoxifen-30.2µg/L + Testostérone | S27: =S4 -> Tamoxifen-60.4µg/L + Testostérone | T27: =T4 -> Tamoxifen-121µg/L + Testostérone | U27: =U4 -> Tamoxifen-242µg/L + Testostérone | V27: =V4 -> Tamoxifen-483µg/L + Testostérone
A28: Données normalisées sur la moyenne du groupe "Testo" | B28: =IF(B5="","",(B5/$O$23)) -> 0.028591691 | C28: =IF(C5="","",(C5/$O$23)) -> 0.017526883 | D28: =IF(D5="","",(D5/$O$23)) -> 0.033108731 | E28: =IF(E5="","",(E5/$O$23)) -> 0.12236683 | F28: =IF(F5="","",(F5/$O$23)) -> 0.39264695 | G28: =IF(G5="","",(G5/$O$23)) -> 1.6893202 | H28: =IF(H5="","",(H5/$O$23)) -> 2.9392949 | I28: =IF(I5="","",(I5/$O$23)) -> 0.047067336 | ... M28: =IF(M5="","",(M5/$O$23)) -> 0.41691995 | O28: =IF(O5="","",(O5/$O$23)) -> 1.1302212 | P28: =IF(P5="","",(P5/$O$23)) -> 0.89802736 | Q28: =IF(Q5="","",(Q5/$O$23)) -> 0.18836714 | R28: =IF(R5="","",(R5/$O$23)) -> 1.4137064 | S28: =IF(S5="","",(S5/$O$23)) -> 0.27613709 | T28: =IF(T5="","",(T5/$O$23)) -> 0.89053739 | U28: =IF(U5="","",(U5/$O$23)) -> 0.72510668 | V28: =IF(V5="","",(V5/$O$23)) -> 1.4922101
B29: =IF(B6="","",(B6/$O$23)) -> 0.080299217 | C29: =IF(C6="","",(C6/$O$23)) -> 0.06729564 | D29: =IF(D6="","",(D6/$O$23)) -> 0.072159685 | E29: =IF(E6="","",(E6/$O$23)) -> 0.094541285 | F29: =IF(F6="","",(F6/$O$23)) -> 1.154743 | G29: =IF(G6="","",(G6/$O$23)) -> 1.5453316 | H29: =IF(H6="","",(H6/$O$23)) -> 2.3914844 | I29: =IF(I6="","",(I6/$O$23)) -> 0.019569563 | ... M29: =IF(M6="","",(M6/$O$23)) -> 0.43812879 | O29: =IF(O6="","",(O6/$O$23)) -> 1.2722616 | P29: =IF(P6="","",(P6/$O$23)) -> 0.71171559 | Q29: =IF(Q6="","",(Q6/$O$23)) -> 0.02839917 | R29: =IF(R6="","",(R6/$O$23)) -> 1.2511127 | S29: =IF(S6="","",(S6/$O$23)) -> 0.073241069 | T29: =IF(T6="","",(T6/$O$23)) -> 1.0218128 | U29: =IF(U6="","",(U6/$O$23)) -> 0.42419539 | V29: =IF(V6="","",(V6/$O$23)) -> 0.88910317
B30: =IF(B7="","",(B7/$O$23)) -> 0.022602249 | C30: =IF(C7="","",(C7/$O$23)) -> 0.021656548 | D30: =IF(D7="","",(D7/$O$23)) -> 0.075226911 | E30: =IF(E7="","",(E7/$O$23)) -> 0.41639981 | F30: =IF(F7="","",(F7/$O$23)) -> 0.40830451 | G30: =IF(G7="","",(G7/$O$23)) -> 0.68371035 | H30: =IF(H7="","",(H7/$O$23)) -> 0.9858543 | I30: =IF(I7="","",(I7/$O$23)) -> 0.022160805 | ... M30: =IF(M7="","",(M7/$O$23)) -> 0.7176326 | O30: =IF(O7="","",(O7/$O$23)) -> 0.63379964 | P30: =IF(P7="","",(P7/$O$23)) -> 1.5890984 | Q30: =IF(Q7="","",(Q7/$O$23)) -> 0.090298235 | R30: =IF(R7="","",(R7/$O$23)) -> 0.71287567 | S30: =IF(S7="","",(S7/$O$23)) -> 0.43357356 | T30: =IF(T7="","",(T7/$O$23)) -> 0.22254129 | U30: =IF(U7="","",(U7/$O$23)) -> 0.38138065 | V30: =IF(V7="","",(V7/$O$23)) -> 1.1710988
B31: =IF(B8="","",(B8/$O$23)) -> 0.039794952 | C31: =IF(C8="","",(C8/$O$23)) -> 0.15706761 | D31: =IF(D8="","",(D8/$O$23)) -> 0.019251269 | E31: =IF(E8="","",(E8/$O$23)) -> 0.1722239 | F31: =IF(F8="","",(F8/$O$23)) -> 0.93463208 | G31: =IF(G8="","",(G8/$O$23)) -> 1.0392483 | H31: =IF(H8="","",(H8/$O$23)) -> 2.2319485 | I31: =IF(I8="","",(I8/$O$23)) -> 0.047997298 | ... M31: =IF(M8="","",(M8/$O$23)) -> 0.066009638 | O31: =IF(O8="","",(O8/$O$23)) -> 1.2392159 | P31: =IF(P8="","",(P8/$O$23)) -> 1.9693064 | Q31: =IF(Q8="","",(Q8/$O$23)) -> 0.037064966 | R31: =IF(R8="","",(R8/$O$23)) -> 1.237542 | S31: =IF(S8="","",(S8/$O$23)) -> 1.0549626 | T31: =IF(T8="","",(T8/$O$23)) -> 0.88120965 | U31: =IF(U8="","",(U8/$O$23)) -> 0.68208069 | V31: =IF(V8="","",(V8/$O$23)) -> 0.82335834
B32: =IF(B9="","",(B9/$O$23)) -> 0.070164516 | C32: =IF(C9="","",(C9/$O$23)) -> 0.026870512 | D32: =IF(D9="","",(D9/$O$23)) -> 0.021924416 | E32: =IF(E9="","",(E9/$O$23)) -> 0.30275839 | F32: =IF(F9="","",(F9/$O$23)) -> 1.0862084 | G32: =IF(G9="","",(G9/$O$23)) -> 1.7470581 | H32: =IF(H9="","",(H9/$O$23)) -> 2.8999225 | I32: =IF(I9="","",(I9/$O$23)) -> 0.0075972367 | ... M32: =IF(M9="","",(M9/$O$23)) -> 0.22351228 | O32: =IF(O9="","",(O9/$O$23)) -> 1.6808941 | P32: =IF(P9="","",(P9/$O$23)) -> 1.9791669 | Q32: =IF(Q9="","",(Q9/$O$23)) -> 0.11266716 | R32: =IF(R9="","",(R9/$O$23)) -> 0.084958206 | S32: =IF(S9="","",(S9/$O$23)) -> 0.24924165 | T32: =IF(T9="","",(T9/$O$23)) -> 0.48506991 | U32: =IF(U9="","",(U9/$O$23)) -> 1.3622857 | V32: =IF(V9="","",(V9/$O$23)) -> 0.53483576
B33: =IF(B10="","",(B10/$O$23)) -> 0.062989631 | C33: =IF(C10="","",(C10/$O$23)) -> 0.015956981 | D33: =IF(D10="","",(D10/$O$23)) -> 0.018743732 | E33: =IF(E10="","",(E10/$O$23)) -> 0.66333703 | F33: =IF(F10="","",(F10/$O$23)) -> 0.51077714 | G33: =IF(G10="","",(G10/$O$23)) -> 1.5282239 | H33: =IF(H10="","",(H10/$O$23)) -> 2.8500434 | I33: =IF(I10="","",(I10/$O$23)) -> 0.13968268 | ... M33: =IF(M10="","",(M10/$O$23)) -> 0.12471206 | O33: =IF(O10="","",(O10/$O$23)) -> 0.86627721 | P33: =IF(P10="","",(P10/$O$23)) -> 2.3271613 | Q33: =IF(Q10="","",(Q10/$O$23)) -> 0.013876554 | R33: =IF(R10="","",(R10/$O$23)) -> 1.2067721 | S33: =IF(S10="","",(S10/$O$23)) -> 0.13930121 | T33: =IF(T10="","",(T10/$O$23)) -> 0.038429959 | U33: =IF(U10="","",(U10/$O$23)) -> 1.205133 | V33: =IF(V10="","",(V10/$O$23)) -> 0.85322335
B34: =IF(B11="","",(B11/$O$23)) -> 0.024774054 | C34: =IF(C11="","",(C11/$O$23)) -> 0.02548016 | D34: =IF(D11="","",(D11/$O$23)) -> 0.21482768 | E34: =IF(E11="","",(E11/$O$23)) -> 0.02598777 | F34: =IF(F11="","",(F11/$O$23)) -> 0.91951369 | G34: =IF(G11="","",(G11/$O$23)) -> 1.4658585 | H34: =IF(H11="","",(H11/$O$23)) -> 3.0626201 | I34: =IF(I11="","",(I11/$O$23)) -> 0.12313589 | ... M34: =IF(M11="","",(M11/$O$23)) -> 0.23390873 | O34: =IF(O11="","",(O11/$O$23)) -> 0.36922841 | P34: =IF(P11="","",(P11/$O$23)) -> 2.375086 | Q34: =IF(Q11="","",(Q11/$O$23)) -> 0.17865479 | R34: =IF(R11="","",(R11/$O$23)) -> 1.5564437 | S34: =IF(S11="","",(S11/$O$23)) | T34: =IF(T11="","",(T11/$O$23)) -> 1.3594738 | U34: =IF(U11="","",(U11/$O$23)) -> 0.44857224 | V34: =IF(V11="","",(V11/$O$23)) -> 0.71552849
B35: =IF(B12="","",(B12/$O$23)) -> 0.012171042 | C35: =IF(C12="","",(C12/$O$23)) -> 0.0083820421 | D35: =IF(D12="","",(D12/$O$23)) -> 0.0060776145 | E35: =IF(E12="","",(E12/$O$23)) -> 0.14390664 | F35: =IF(F12="","",(F12/$O$23)) -> 0.36516185 | G35: =IF(G12="","",(G12/$O$23)) -> 1.0885065 | H35: =IF(H12="","",(H12/$O$23)) -> 1.7337429 | I35: =IF(I12="","",(I12/$O$23)) -> 0.073713993 | ... M35: =IF(M12="","",(M12/$O$23)) -> 0.32268122 | O35: =IF(O12="","",(O12/$O$23)) -> 0.52891875 | P35: =IF(P12="","",(P12/$O$23)) -> 1.3912304 | Q35: =IF(Q12="","",(Q12/$O$23)) -> 0.024379975 | R35: =IF(R12="","",(R12/$O$23)) -> 0.63559019 | S35: =IF(S12="","",(S12/$O$23)) -> 0.99900245 | T35: =IF(T12="","",(T12/$O$23)) -> 1.3068993 | U35: =IF(U12="","",(U12/$O$23)) -> 1.7018224 | V35: =IF(V12="","",(V12/$O$23)) -> 1.3489197
B36: =IF(B13="","",(B13/$O$23)) | C36: =IF(C13="","",(C13/$O$23)) | D36: =IF(D13="","",(D13/$O$23)) | E36: =IF(E13="","",(E13/$O$23)) | F36: =IF(F13="","",(F13/$O$23)) | G36: =IF(G13="","",(G13/$O$23)) | H36: =IF(H13="","",(H13/$O$23)) | I36: =IF(I13="","",(I13/$O$23)) | ... M36: =IF(M13="","",(M13/$O$23)) | O36: =IF(O13="","",(O13/$O$23)) -> 1.0201577 | P36: =IF(P13="","",(P13/$O$23)) | Q36: =IF(Q13="","",(Q13/$O$23)) | R36: =IF(R13="","",(R13/$O$23)) | S36: =IF(S13="","",(S13/$O$23)) | T36: =IF(T13="","",(T13/$O$23)) | U36: =IF(U13="","",(U13/$O$23)) | V36: =IF(V13="","",(V13/$O$23))
B37: =IF(B14="","",(B14/$O$23)) | C37: =IF(C14="","",(C14/$O$23)) | D37: =IF(D14="","",(D14/$O$23)) | E37: =IF(E14="","",(E14/$O$23)) | F37: =IF(F14="","",(F14/$O$23)) | G37: =IF(G14="","",(G14/$O$23)) | H37: =IF(H14="","",(H14/$O$23)) | I37: =IF(I14="","",(I14/$O$23)) | ... M37: =IF(M14="","",(M14/$O$23)) | O37: =IF(O14="","",(O14/$O$23)) -> 0.29447734 | P37: =IF(P14="","",(P14/$O$23)) | Q37: =IF(Q14="","",(Q14/$O$23)) | R37: =IF(R14="","",(R14/$O$23)) | S37: =IF(S14="","",(S14/$O$23)) | T37: =IF(T14="","",(T14/$O$23)) | U37: =IF(U14="","",(U14/$O$23)) | V37: =IF(V14="","",(V14/$O$23))
B38: =IF(B15="","",(B15/$O$23)) | C38: =IF(C15="","",(C15/$O$23)) | D38: =IF(D15="","",(D15/$O$23)) | E38: =IF(E15="","",(E15/$O$23)) | F38: =IF(F15="","",(F15/$O$23)) | G38: =IF(G15="","",(G15/$O$23)) | H38: =IF(H15="","",(H15/$O$23)) | I38: =IF(I15="","",(I15/$O$23)) | ... M38: =IF(M15="","",(M15/$O$23)) | O38: =IF(O15="","",(O15/$O$23)) -> 0.7986283 | P38: =IF(P15="","",(P15/$O$23)) | Q38: =IF(Q15="","",(Q15/$O$23)) | R38: =IF(R15="","",(R15/$O$23)) | S38: =IF(S15="","",(S15/$O$23)) | T38: =IF(T15="","",(T15/$O$23)) | U38: =IF(U15="","",(U15/$O$23)) | V38: =IF(V15="","",(V15/$O$23))
B39: =IF(B16="","",(B16/$O$23)) | C39: =IF(C16="","",(C16/$O$23)) | D39: =IF(D16="","",(D16/$O$23)) | E39: =IF(E16="","",(E16/$O$23)) | F39: =IF(F16="","",(F16/$O$23)) | G39: =IF(G16="","",(G16/$O$23)) | H39: =IF(H16="","",(H16/$O$23)) | I39: =IF(I16="","",(I16/$O$23)) | ... M39: =IF(M16="","",(M16/$O$23)) | O39: =IF(O16="","",(O16/$O$23)) -> 1.2689551 | P39: =IF(P16="","",(P16/$O$23)) | Q39: =IF(Q16="","",(Q16/$O$23)) | R39: =IF(R16="","",(R16/$O$23)) | S39: =IF(S16="","",(S16/$O$23)) | T39: =IF(T16="","",(T16/$O$23)) | U39: =IF(U16="","",(U16/$O$23)) | V39: =IF(V16="","",(V16/$O$23))
B40: =IF(B17="","",(B17/$O$23)) | C40: =IF(C17="","",(C17/$O$23)) | D40: =IF(D17="","",(D17/$O$23)) | E40: =IF(E17="","",(E17/$O$23)) | F40: =IF(F17="","",(F17/$O$23)) | G40: =IF(G17="","",(G17/$O$23)) | H40: =IF(H17="","",(H17/$O$23)) | I40: =IF(I17="","",(I17/$O$23)) | ... M40: =IF(M17="","",(M17/$O$23)) | O40: =IF(O17="","",(O17/$O$23)) -> 0.48540103 | P40: =IF(P17="","",(P17/$O$23)) | Q40: =IF(Q17="","",(Q17/$O$23)) | R40: =IF(R17="","",(R17/$O$23)) | S40: =IF(S17="","",(S17/$O$23)) | T40: =IF(T17="","",(T17/$O$23)) | U40: =IF(U17="","",(U17/$O$23)) | V40: =IF(V17="","",(V17/$O$23))
... B43: =IF(B20="","",(B20/$O$23)) | C43: =IF(C20="","",(C20/$O$23)) | D43: =IF(D20="","",(D20/$O$23)) | E43: =IF(E20="","",(E20/$O$23)) | F43: =IF(F20="","",(F20/$O$23)) | G43: =IF(G20="","",(G20/$O$23)) | H43: =IF(H20="","",(H20/$O$23)) | I43: =IF(I20="","",(I20/$O$23)) | ... M43: =IF(M20="","",(M20/$O$23)) | O43: =IF(O20="","",(O20/$O$23)) -> 1.7453306 | P43: =IF(P20="","",(P20/$O$23)) | Q43: =IF(Q20="","",(Q20/$O$23)) | R43: =IF(R20="","",(R20/$O$23)) | S43: =IF(S20="","",(S20/$O$23)) | T43: =IF(T20="","",(T20/$O$23)) | U43: =IF(U20="","",(U20/$O$23)) | V43: =IF(V20="","",(V20/$O$23))
A45: =A4 -> Noms des groupes | B45: =B4 -> Témoin solvant | C45: =C4 -> EE2-33.8ng/L | D45: =D4 -> EE2-50.6ng/L | E45: =E4 -> EE2-76ng/L | F45: =F4 -> EE2-114ng/L | G45: =G4 -> EE2-170.9ng/L | H45: =H4 -> EE2-488ng/L | ... M45: =M4 -> Tamoxifen-483µg/L | O45: =O4 -> Testo -30µg/L | P45: =P4 -> Testo 30µg/L + EE2 -64ng/L | Q45: =Q4 -> Testo 30µg/L + FAD-10µg/L | R45: =R4 -> Tamoxifen-30.2µg/L + Testostérone | S45: =S4 -> Tamoxifen-60.4µg/L + Testostérone | T45: =T4 -> Tamoxifen-121µg/L + Testostérone | U45: =U4 -> Tamoxifen-242µg/L + Testostérone | V45: =V4 -> Tamoxifen-483µg/L + Testostérone
A46: mean | B46: =AVERAGE(B28:B43) -> 0.042673419 | C46: =AVERAGE(C28:C43) -> 0.042529547 | D46: =AVERAGE(D28:D43) -> 0.057665005 | E46: =AVERAGE(E28:E43) -> 0.24269021 | F46: =AVERAGE(F28:F43) -> 0.72149844 | G46: =AVERAGE(G28:G43) -> 1.3484072 | H46: =AVERAGE(H28:H43) -> 2.3868639 | I46: =AVERAGE(I28:I43) -> 0.0601156 | ... M46: =AVERAGE(M28:M43) -> 0.31793816 | N46: mean | O46: =AVERAGE(O28:O43) -> 1 | P46: =AVERAGE(P28:P43) -> 1.6550991 | Q46: =AVERAGE(Q28:Q43) -> 0.084213497 | R46: =AVERAGE(R28:R43) -> 1.0123751 | S46: =AVERAGE(S28:S43) -> 0.46077995 | T46: =AVERAGE(T28:T43) -> 0.77574677 | U46: =AVERAGE(U28:U43) -> 0.8663221 | V46: =AVERAGE(V28:V43) -> 0.97853472
A47: SD | B47: =STDEV(B28:B43) -> 0.025197574 | C47: =STDEV(C28:C43) -> 0.049571281 | D47: =STDEV(D28:D43) -> 0.068400881 | E47: =STDEV(E28:E43) -> 0.2100464 | F47: =STDEV(F28:F43) -> 0.33444263 | G47: =STDEV(G28:G43) -> 0.37129152 | H47: =STDEV(H28:H43) -> 0.72239739 | I47: =STDEV(I28:I43) -> 0.048766543 | ... M47: =STDEV(M28:M43) -> 0.20729648 | N47: SD | O47: =STDEV(O28:O43) -> 0.45468739 | P47: =STDEV(P28:P43) -> 0.62231226 | Q47: =STDEV(Q28:Q43) -> 0.070182753 | R47: =STDEV(R28:R43) -> 0.4919832 | S47: =STDEV(S28:S43) -> 0.40328921 | T47: =STDEV(T28:T43) -> 0.48430709 | U47: =STDEV(U28:U43) -> 0.49539009 | V47: =STDEV(V28:V43) -> 0.32775211
