Workbook

Sheet Page de garde
A1: 1. Expérimentateur 1 : copier et coller le n° de prestation et renseigner la date de réalisation de chaque réplica ainsi que le visa de l'expérimentateur.
A2: R1 | B2: Numéro d'expérience : | E2: Date de réalisation :
A3: R2 | B3: Numéro d'expérience : | E3: Date de réalisation :
A4: R3 | B4: Numéro d'expérience : | E4: Date de réalisation :
A5: 2. Expérimentateur 1 : copier et coller la dilution appliquée et le nom donné pour chaque des échantillons par le client. Conserver la mise en forme de l'exemple en italique. Ne pas remplir la colonne "nom sur graphique".
A6: Nom sur le graphique | B6: Code WF | C6: Concentration | D6: Unité | E6: Nom de l'échantillon donné par le client | F6: Dopage (+Testostérone / + EE2, ….)
A7: =IF(ISBLANK(liste_groupe[[#This Row],[Code WF]])," ",IF(ISBLANK(liste_groupe[[#This Row],[Unité]]),CONCATENATE(liste_groupe[[#This Row],[Nom de l''échantillon donné par le client]],liste_groupe[[#This Row],[Dopage (+Testostérone / + EE2, ….)]]),CONCATENATE(liste_groupe[[#This Row],[Nom de l''échantillon donné par le client]],"-",liste_groupe[[#This Row],[Concentration]],liste_groupe[[#This Row],[Unité]],liste_groupe[[#This Row],[Dopage (+Testostérone / + EE2, ….)]]))) -> Témoin solvant | B7: Témoin | E7: Témoin solvant
A8: =IF(ISBLANK(liste_groupe[[#This Row],[Code WF]])," ",IF(ISBLANK(liste_groupe[[#This Row],[Unité]]),CONCATENATE(liste_groupe[[#This Row],[Nom de l''échantillon donné par le client]],liste_groupe[[#This Row],[Dopage (+Testostérone / + EE2, ….)]]),CONCATENATE(liste_groupe[[#This Row],[Nom de l''échantillon donné par le client]],"-",liste_groupe[[#This Row],[Concentration]],liste_groupe[[#This Row],[Unité]],liste_groupe[[#This Row],[Dopage (+Testostérone / + EE2, ….)]]))) -> EE2-22.5ng/L | B8: Témoin | C8: 22.5 | D8: ng/L | E8: EE2
A9: =IF(ISBLANK(liste_groupe[[#This Row],[Code WF]])," ",IF(ISBLANK(liste_groupe[[#This Row],[Unité]]),CONCATENATE(liste_groupe[[#This Row],[Nom de l''échantillon donné par le client]],liste_groupe[[#This Row],[Dopage (+Testostérone / + EE2, ….)]]),CONCATENATE(liste_groupe[[#This Row],[Nom de l''échantillon donné par le client]],"-",liste_groupe[[#This Row],[Concentration]],liste_groupe[[#This Row],[Unité]],liste_groupe[[#This Row],[Dopage (+Testostérone / + EE2, ….)]]))) -> EE2-33.8ng/L | B9: Témoin | C9: 33.8 | D9: ng/L | E9: EE2
A10: =IF(ISBLANK(liste_groupe[[#This Row],[Code WF]])," ",IF(ISBLANK(liste_groupe[[#This Row],[Unité]]),CONCATENATE(liste_groupe[[#This Row],[Nom de l''échantillon donné par le client]],liste_groupe[[#This Row],[Dopage (+Testostérone / + EE2, ….)]]),CONCATENATE(liste_groupe[[#This Row],[Nom de l''échantillon donné par le client]],"-",liste_groupe[[#This Row],[Concentration]],liste_groupe[[#This Row],[Unité]],liste_groupe[[#This Row],[Dopage (+Testostérone / + EE2, ….)]]))) -> EE2-50.6ng/L | B10: Témoin | C10: 50.6 | D10: ng/L | E10: EE2
A11: =IF(ISBLANK(liste_groupe[[#This Row],[Code WF]])," ",IF(ISBLANK(liste_groupe[[#This Row],[Unité]]),CONCATENATE(liste_groupe[[#This Row],[Nom de l''échantillon donné par le client]],liste_groupe[[#This Row],[Dopage (+Testostérone / + EE2, ….)]]),CONCATENATE(liste_groupe[[#This Row],[Nom de l''échantillon donné par le client]],"-",liste_groupe[[#This Row],[Concentration]],liste_groupe[[#This Row],[Unité]],liste_groupe[[#This Row],[Dopage (+Testostérone / + EE2, ….)]]))) -> EE2-76ng/L | B11: Témoin | C11: 76 | D11: ng/L | E11: EE2
A12: =IF(ISBLANK(liste_groupe[[#This Row],[Code WF]])," ",IF(ISBLANK(liste_groupe[[#This Row],[Unité]]),CONCATENATE(liste_groupe[[#This Row],[Nom de l''échantillon donné par le client]],liste_groupe[[#This Row],[Dopage (+Testostérone / + EE2, ….)]]),CONCATENATE(liste_groupe[[#This Row],[Nom de l''échantillon donné par le client]],"-",liste_groupe[[#This Row],[Concentration]],liste_groupe[[#This Row],[Unité]],liste_groupe[[#This Row],[Dopage (+Testostérone / + EE2, ….)]]))) -> EE2-114ng/L | B12: Témoin | C12: 114 | D12: ng/L | E12: EE2
A13: =IF(ISBLANK(liste_groupe[[#This Row],[Code WF]])," ",IF(ISBLANK(liste_groupe[[#This Row],[Unité]]),CONCATENATE(liste_groupe[[#This Row],[Nom de l''échantillon donné par le client]],liste_groupe[[#This Row],[Dopage (+Testostérone / + EE2, ….)]]),CONCATENATE(liste_groupe[[#This Row],[Nom de l''échantillon donné par le client]],"-",liste_groupe[[#This Row],[Concentration]],liste_groupe[[#This Row],[Unité]],liste_groupe[[#This Row],[Dopage (+Testostérone / + EE2, ….)]]))) -> EE2-170.9ng/L | B13: Témoin | C13: 170.9 | D13: ng/L | E13: EE2
A14: =IF(ISBLANK(liste_groupe[[#This Row],[Code WF]])," ",IF(ISBLANK(liste_groupe[[#This Row],[Unité]]),CONCATENATE(liste_groupe[[#This Row],[Nom de l''échantillon donné par le client]],liste_groupe[[#This Row],[Dopage (+Testostérone / + EE2, ….)]]),CONCATENATE(liste_groupe[[#This Row],[Nom de l''échantillon donné par le client]],"-",liste_groupe[[#This Row],[Concentration]],liste_groupe[[#This Row],[Unité]],liste_groupe[[#This Row],[Dopage (+Testostérone / + EE2, ….)]]))) -> EE2-488ng/L | B14: Témoin | C14: 488 | D14: ng/L | E14: EE2
A15: Dutasteride-0,01mg/L | C15: 0.01 | D15: mg/L | E15: Dutasteride
A16: Dutasteride-0,1mg/L | C16: 0.1 | D16: mg/L | E16: Dutasteride
A17: Dutasteride-0,25mg/L | C17: 0.25 | D17: mg/L | E17: Dutasteride
A18: Dutasteride-0,5mg/L | C18: 0.5 | D18: mg/L | E18: Dutasteride
A19: Dutasteride-1mg/L | C19: 1 | D19: mg/L | E19: Dutasteride
A20: =IF(ISBLANK(liste_groupe[[#This Row],[Code WF]])," ",IF(ISBLANK(liste_groupe[[#This Row],[Unité]]),CONCATENATE(liste_groupe[[#This Row],[Nom de l''échantillon donné par le client]],liste_groupe[[#This Row],[Dopage (+Testostérone / + EE2, ….)]]),CONCATENATE(liste_groupe[[#This Row],[Nom de l''échantillon donné par le client]],"-",liste_groupe[[#This Row],[Concentration]],liste_groupe[[#This Row],[Unité]],liste_groupe[[#This Row],[Dopage (+Testostérone / + EE2, ….)]])))
A21: =IF(ISBLANK(liste_groupe[[#This Row],[Code WF]])," ",IF(ISBLANK(liste_groupe[[#This Row],[Unité]]),CONCATENATE(liste_groupe[[#This Row],[Nom de l''échantillon donné par le client]],liste_groupe[[#This Row],[Dopage (+Testostérone / + EE2, ….)]]),CONCATENATE(liste_groupe[[#This Row],[Nom de l''échantillon donné par le client]],"-",liste_groupe[[#This Row],[Concentration]],liste_groupe[[#This Row],[Unité]],liste_groupe[[#This Row],[Dopage (+Testostérone / + EE2, ….)]])))
A22: =IF(ISBLANK(liste_groupe[[#This Row],[Code WF]])," ",IF(ISBLANK(liste_groupe[[#This Row],[Unité]]),CONCATENATE(liste_groupe[[#This Row],[Nom de l''échantillon donné par le client]],liste_groupe[[#This Row],[Dopage (+Testostérone / + EE2, ….)]]),CONCATENATE(liste_groupe[[#This Row],[Nom de l''échantillon donné par le client]],"-",liste_groupe[[#This Row],[Concentration]],liste_groupe[[#This Row],[Unité]],liste_groupe[[#This Row],[Dopage (+Testostérone / + EE2, ….)]])))
A23: =IF(ISBLANK(liste_groupe[[#This Row],[Code WF]])," ",IF(ISBLANK(liste_groupe[[#This Row],[Unité]]),CONCATENATE(liste_groupe[[#This Row],[Nom de l''échantillon donné par le client]],liste_groupe[[#This Row],[Dopage (+Testostérone / + EE2, ….)]]),CONCATENATE(liste_groupe[[#This Row],[Nom de l''échantillon donné par le client]],"-",liste_groupe[[#This Row],[Concentration]],liste_groupe[[#This Row],[Unité]],liste_groupe[[#This Row],[Dopage (+Testostérone / + EE2, ….)]])))
A24: =IF(ISBLANK(liste_groupe[[#This Row],[Code WF]])," ",IF(ISBLANK(liste_groupe[[#This Row],[Unité]]),CONCATENATE(liste_groupe[[#This Row],[Nom de l''échantillon donné par le client]],liste_groupe[[#This Row],[Dopage (+Testostérone / + EE2, ….)]]),CONCATENATE(liste_groupe[[#This Row],[Nom de l''échantillon donné par le client]],"-",liste_groupe[[#This Row],[Concentration]],liste_groupe[[#This Row],[Unité]],liste_groupe[[#This Row],[Dopage (+Testostérone / + EE2, ….)]])))
A25: =IF(ISBLANK(liste_groupe[[#This Row],[Code WF]])," ",IF(ISBLANK(liste_groupe[[#This Row],[Unité]]),CONCATENATE(liste_groupe[[#This Row],[Nom de l''échantillon donné par le client]],liste_groupe[[#This Row],[Dopage (+Testostérone / + EE2, ….)]]),CONCATENATE(liste_groupe[[#This Row],[Nom de l''échantillon donné par le client]],"-",liste_groupe[[#This Row],[Concentration]],liste_groupe[[#This Row],[Unité]],liste_groupe[[#This Row],[Dopage (+Testostérone / + EE2, ….)]])))
A26: =IF(ISBLANK(liste_groupe[[#This Row],[Code WF]])," ",IF(ISBLANK(liste_groupe[[#This Row],[Unité]]),CONCATENATE(liste_groupe[[#This Row],[Nom de l''échantillon donné par le client]],liste_groupe[[#This Row],[Dopage (+Testostérone / + EE2, ….)]]),CONCATENATE(liste_groupe[[#This Row],[Nom de l''échantillon donné par le client]],"-",liste_groupe[[#This Row],[Concentration]],liste_groupe[[#This Row],[Unité]],liste_groupe[[#This Row],[Dopage (+Testostérone / + EE2, ….)]])))
A27: =IF(ISBLANK(liste_groupe[[#This Row],[Code WF]])," ",IF(ISBLANK(liste_groupe[[#This Row],[Unité]]),CONCATENATE(liste_groupe[[#This Row],[Nom de l''échantillon donné par le client]],liste_groupe[[#This Row],[Dopage (+Testostérone / + EE2, ….)]]),CONCATENATE(liste_groupe[[#This Row],[Nom de l''échantillon donné par le client]],"-",liste_groupe[[#This Row],[Concentration]],liste_groupe[[#This Row],[Unité]],liste_groupe[[#This Row],[Dopage (+Testostérone / + EE2, ….)]])))
A28: =IF(ISBLANK(liste_groupe[[#This Row],[Code WF]])," ",IF(ISBLANK(liste_groupe[[#This Row],[Unité]]),CONCATENATE(liste_groupe[[#This Row],[Nom de l''échantillon donné par le client]],liste_groupe[[#This Row],[Dopage (+Testostérone / + EE2, ….)]]),CONCATENATE(liste_groupe[[#This Row],[Nom de l''échantillon donné par le client]],"-",liste_groupe[[#This Row],[Concentration]],liste_groupe[[#This Row],[Unité]],liste_groupe[[#This Row],[Dopage (+Testostérone / + EE2, ….)]])))
A29: =IF(ISBLANK(liste_groupe[[#This Row],[Code WF]])," ",IF(ISBLANK(liste_groupe[[#This Row],[Unité]]),CONCATENATE(liste_groupe[[#This Row],[Nom de l''échantillon donné par le client]],liste_groupe[[#This Row],[Dopage (+Testostérone / + EE2, ….)]]),CONCATENATE(liste_groupe[[#This Row],[Nom de l''échantillon donné par le client]],"-",liste_groupe[[#This Row],[Concentration]],liste_groupe[[#This Row],[Unité]],liste_groupe[[#This Row],[Dopage (+Testostérone / + EE2, ….)]])))
A30: =IF(ISBLANK(liste_groupe[[#This Row],[Code WF]])," ",IF(ISBLANK(liste_groupe[[#This Row],[Unité]]),CONCATENATE(liste_groupe[[#This Row],[Nom de l''échantillon donné par le client]],liste_groupe[[#This Row],[Dopage (+Testostérone / + EE2, ….)]]),CONCATENATE(liste_groupe[[#This Row],[Nom de l''échantillon donné par le client]],"-",liste_groupe[[#This Row],[Concentration]],liste_groupe[[#This Row],[Unité]],liste_groupe[[#This Row],[Dopage (+Testostérone / + EE2, ….)]])))
A31: =IF(ISBLANK(liste_groupe[[#This Row],[Code WF]])," ",IF(ISBLANK(liste_groupe[[#This Row],[Unité]]),CONCATENATE(liste_groupe[[#This Row],[Nom de l''échantillon donné par le client]],liste_groupe[[#This Row],[Dopage (+Testostérone / + EE2, ….)]]),CONCATENATE(liste_groupe[[#This Row],[Nom de l''échantillon donné par le client]],"-",liste_groupe[[#This Row],[Concentration]],liste_groupe[[#This Row],[Unité]],liste_groupe[[#This Row],[Dopage (+Testostérone / + EE2, ….)]])))
... A35: =IF(ISBLANK(liste_groupe[[#This Row],[Code WF]])," ",IF(ISBLANK(liste_groupe[[#This Row],[Unité]]),CONCATENATE(liste_groupe[[#This Row],[Nom de l''échantillon donné par le client]],liste_groupe[[#This Row],[Dopage (+Testostérone / + EE2, ….)]]),CONCATENATE(liste_groupe[[#This Row],[Nom de l''échantillon donné par le client]],"-",liste_groupe[[#This Row],[Concentration]],liste_groupe[[#This Row],[Unité]],liste_groupe[[#This Row],[Dopage (+Testostérone / + EE2, ….)]])))
A36: =IF(ISBLANK(liste_groupe[[#This Row],[Code WF]])," ",IF(ISBLANK(liste_groupe[[#This Row],[Unité]]),CONCATENATE(liste_groupe[[#This Row],[Nom de l''échantillon donné par le client]],liste_groupe[[#This Row],[Dopage (+Testostérone / + EE2, ….)]]),CONCATENATE(liste_groupe[[#This Row],[Nom de l''échantillon donné par le client]],"-",liste_groupe[[#This Row],[Concentration]],liste_groupe[[#This Row],[Unité]],liste_groupe[[#This Row],[Dopage (+Testostérone / + EE2, ….)]]))) -> Testo -30µg/L | B36: Témoin | C36: 30 | D36: µg/L | E36: Testo
A37: =IF(ISBLANK(liste_groupe[[#This Row],[Code WF]])," ",IF(ISBLANK(liste_groupe[[#This Row],[Unité]]),CONCATENATE(liste_groupe[[#This Row],[Nom de l''échantillon donné par le client]],liste_groupe[[#This Row],[Dopage (+Testostérone / + EE2, ….)]]),CONCATENATE(liste_groupe[[#This Row],[Nom de l''échantillon donné par le client]],"-",liste_groupe[[#This Row],[Concentration]],liste_groupe[[#This Row],[Unité]],liste_groupe[[#This Row],[Dopage (+Testostérone / + EE2, ….)]]))) -> Testo 30µg/L + EE2 -64ng/L | B37: Témoin | C37: 64 | D37: ng/L | E37: Testo 30µg/L + EE2
A38: =IF(ISBLANK(liste_groupe[[#This Row],[Code WF]])," ",IF(ISBLANK(liste_groupe[[#This Row],[Unité]]),CONCATENATE(liste_groupe[[#This Row],[Nom de l''échantillon donné par le client]],liste_groupe[[#This Row],[Dopage (+Testostérone / + EE2, ….)]]),CONCATENATE(liste_groupe[[#This Row],[Nom de l''échantillon donné par le client]],"-",liste_groupe[[#This Row],[Concentration]],liste_groupe[[#This Row],[Unité]],liste_groupe[[#This Row],[Dopage (+Testostérone / + EE2, ….)]]))) -> Testo 30µg/L + FAD-10µg/L | B38: Témoin | C38: 10 | D38: µg/L | E38: Testo 30µg/L + FAD
A39: =IF(ISBLANK(liste_groupe[[#This Row],[Code WF]])," ",IF(ISBLANK(liste_groupe[[#This Row],[Unité]]),CONCATENATE(liste_groupe[[#This Row],[Nom de l''échantillon donné par le client]],liste_groupe[[#This Row],[Dopage (+Testostérone / + EE2, ….)]]),CONCATENATE(liste_groupe[[#This Row],[Nom de l''échantillon donné par le client]],"-",liste_groupe[[#This Row],[Concentration]],liste_groupe[[#This Row],[Unité]],liste_groupe[[#This Row],[Dopage (+Testostérone / + EE2, ….)]]))) -> Dutasteride-0.01mg/L + Testostérone | B39: =B15 -> 0 | C39: =C15 -> 0.01 | D39: =D15 -> mg/L | E39: =E15 -> Dutasteride | F39: + Testostérone
A40: =IF(ISBLANK(liste_groupe[[#This Row],[Code WF]])," ",IF(ISBLANK(liste_groupe[[#This Row],[Unité]]),CONCATENATE(liste_groupe[[#This Row],[Nom de l''échantillon donné par le client]],liste_groupe[[#This Row],[Dopage (+Testostérone / + EE2, ….)]]),CONCATENATE(liste_groupe[[#This Row],[Nom de l''échantillon donné par le client]],"-",liste_groupe[[#This Row],[Concentration]],liste_groupe[[#This Row],[Unité]],liste_groupe[[#This Row],[Dopage (+Testostérone / + EE2, ….)]]))) -> Dutasteride-0.1mg/L + Testostérone | B40: =B16 -> 0 | C40: =C16 -> 0.1 | D40: =D16 -> mg/L | E40: =E16 -> Dutasteride | F40: + Testostérone
A41: =IF(ISBLANK(liste_groupe[[#This Row],[Code WF]])," ",IF(ISBLANK(liste_groupe[[#This Row],[Unité]]),CONCATENATE(liste_groupe[[#This Row],[Nom de l''échantillon donné par le client]],liste_groupe[[#This Row],[Dopage (+Testostérone / + EE2, ….)]]),CONCATENATE(liste_groupe[[#This Row],[Nom de l''échantillon donné par le client]],"-",liste_groupe[[#This Row],[Concentration]],liste_groupe[[#This Row],[Unité]],liste_groupe[[#This Row],[Dopage (+Testostérone / + EE2, ….)]]))) -> Dutasteride-0.25mg/L + Testostérone | B41: =B17 -> 0 | C41: =C17 -> 0.25 | D41: =D17 -> mg/L | E41: =E17 -> Dutasteride | F41: + Testostérone
A42: =IF(ISBLANK(liste_groupe[[#This Row],[Code WF]])," ",IF(ISBLANK(liste_groupe[[#This Row],[Unité]]),CONCATENATE(liste_groupe[[#This Row],[Nom de l''échantillon donné par le client]],liste_groupe[[#This Row],[Dopage (+Testostérone / + EE2, ….)]]),CONCATENATE(liste_groupe[[#This Row],[Nom de l''échantillon donné par le client]],"-",liste_groupe[[#This Row],[Concentration]],liste_groupe[[#This Row],[Unité]],liste_groupe[[#This Row],[Dopage (+Testostérone / + EE2, ….)]]))) -> Dutasteride-0.5mg/L + Testostérone | B42: =B18 -> 0 | C42: =C18 -> 0.5 | D42: =D18 -> mg/L | E42: =E18 -> Dutasteride | F42: + Testostérone
A43: =IF(ISBLANK(liste_groupe[[#This Row],[Code WF]])," ",IF(ISBLANK(liste_groupe[[#This Row],[Unité]]),CONCATENATE(liste_groupe[[#This Row],[Nom de l''échantillon donné par le client]],liste_groupe[[#This Row],[Dopage (+Testostérone / + EE2, ….)]]),CONCATENATE(liste_groupe[[#This Row],[Nom de l''échantillon donné par le client]],"-",liste_groupe[[#This Row],[Concentration]],liste_groupe[[#This Row],[Unité]],liste_groupe[[#This Row],[Dopage (+Testostérone / + EE2, ….)]]))) -> Dutasteride-1mg/L + Testostérone | B43: =B19 -> 0 | C43: =C19 -> 1 | D43: =D19 -> mg/L | E43: =E19 -> Dutasteride | F43: + Testostérone
A44: =IF(ISBLANK(liste_groupe[[#This Row],[Code WF]])," ",IF(ISBLANK(liste_groupe[[#This Row],[Unité]]),CONCATENATE(liste_groupe[[#This Row],[Nom de l''échantillon donné par le client]],liste_groupe[[#This Row],[Dopage (+Testostérone / + EE2, ….)]]),CONCATENATE(liste_groupe[[#This Row],[Nom de l''échantillon donné par le client]],"-",liste_groupe[[#This Row],[Concentration]],liste_groupe[[#This Row],[Unité]],liste_groupe[[#This Row],[Dopage (+Testostérone / + EE2, ….)]]))) -> 0-00 + Testostérone | B44: =B20 -> 0 | C44: =C20 -> 0 | D44: =D20 -> 0 | E44: =E20 -> 0 | F44: + Testostérone
A45: =IF(ISBLANK(liste_groupe[[#This Row],[Code WF]])," ",IF(ISBLANK(liste_groupe[[#This Row],[Unité]]),CONCATENATE(liste_groupe[[#This Row],[Nom de l''échantillon donné par le client]],liste_groupe[[#This Row],[Dopage (+Testostérone / + EE2, ….)]]),CONCATENATE(liste_groupe[[#This Row],[Nom de l''échantillon donné par le client]],"-",liste_groupe[[#This Row],[Concentration]],liste_groupe[[#This Row],[Unité]],liste_groupe[[#This Row],[Dopage (+Testostérone / + EE2, ….)]]))) -> 0-00 + Testostérone | B45: =B21 -> 0 | C45: =C21 -> 0 | D45: =D21 -> 0 | E45: =E21 -> 0 | F45: + Testostérone
A46: =IF(ISBLANK(liste_groupe[[#This Row],[Code WF]])," ",IF(ISBLANK(liste_groupe[[#This Row],[Unité]]),CONCATENATE(liste_groupe[[#This Row],[Nom de l''échantillon donné par le client]],liste_groupe[[#This Row],[Dopage (+Testostérone / + EE2, ….)]]),CONCATENATE(liste_groupe[[#This Row],[Nom de l''échantillon donné par le client]],"-",liste_groupe[[#This Row],[Concentration]],liste_groupe[[#This Row],[Unité]],liste_groupe[[#This Row],[Dopage (+Testostérone / + EE2, ….)]]))) -> 0-00 + Testostérone | B46: =B22 -> 0 | C46: =C22 -> 0 | D46: =D22 -> 0 | E46: =E22 -> 0 | F46: + Testostérone
A47: =IF(ISBLANK(liste_groupe[[#This Row],[Code WF]])," ",IF(ISBLANK(liste_groupe[[#This Row],[Unité]]),CONCATENATE(liste_groupe[[#This Row],[Nom de l''échantillon donné par le client]],liste_groupe[[#This Row],[Dopage (+Testostérone / + EE2, ….)]]),CONCATENATE(liste_groupe[[#This Row],[Nom de l''échantillon donné par le client]],"-",liste_groupe[[#This Row],[Concentration]],liste_groupe[[#This Row],[Unité]],liste_groupe[[#This Row],[Dopage (+Testostérone / + EE2, ….)]]))) -> 0-00 + Testostérone | B47: =B23 -> 0 | C47: =C23 -> 0 | D47: =D23 -> 0 | E47: =E23 -> 0 | F47: + Testostérone
A48: =IF(ISBLANK(liste_groupe[[#This Row],[Code WF]])," ",IF(ISBLANK(liste_groupe[[#This Row],[Unité]]),CONCATENATE(liste_groupe[[#This Row],[Nom de l''échantillon donné par le client]],liste_groupe[[#This Row],[Dopage (+Testostérone / + EE2, ….)]]),CONCATENATE(liste_groupe[[#This Row],[Nom de l''échantillon donné par le client]],"-",liste_groupe[[#This Row],[Concentration]],liste_groupe[[#This Row],[Unité]],liste_groupe[[#This Row],[Dopage (+Testostérone / + EE2, ….)]]))) -> 0-00 + Testostérone | B48: =B24 -> 0 | C48: =C24 -> 0 | D48: =D24 -> 0 | E48: =E24 -> 0 | F48: + Testostérone
A49: =IF(ISBLANK(liste_groupe[[#This Row],[Code WF]])," ",IF(ISBLANK(liste_groupe[[#This Row],[Unité]]),CONCATENATE(liste_groupe[[#This Row],[Nom de l''échantillon donné par le client]],liste_groupe[[#This Row],[Dopage (+Testostérone / + EE2, ….)]]),CONCATENATE(liste_groupe[[#This Row],[Nom de l''échantillon donné par le client]],"-",liste_groupe[[#This Row],[Concentration]],liste_groupe[[#This Row],[Unité]],liste_groupe[[#This Row],[Dopage (+Testostérone / + EE2, ….)]]))) -> 0-00 + Testostérone | B49: =B25 -> 0 | C49: =C25 -> 0 | D49: =D25 -> 0 | E49: =E25 -> 0 | F49: + Testostérone
A50: =IF(ISBLANK(liste_groupe[[#This Row],[Code WF]])," ",IF(ISBLANK(liste_groupe[[#This Row],[Unité]]),CONCATENATE(liste_groupe[[#This Row],[Nom de l''échantillon donné par le client]],liste_groupe[[#This Row],[Dopage (+Testostérone / + EE2, ….)]]),CONCATENATE(liste_groupe[[#This Row],[Nom de l''échantillon donné par le client]],"-",liste_groupe[[#This Row],[Concentration]],liste_groupe[[#This Row],[Unité]],liste_groupe[[#This Row],[Dopage (+Testostérone / + EE2, ….)]]))) -> 0-00 + Testostérone | B50: =B26 -> 0 | C50: =C26 -> 0 | D50: =D26 -> 0 | E50: =E26 -> 0 | F50: + Testostérone
... A58: =IF(ISBLANK(liste_groupe[[#This Row],[Code WF]])," ",IF(ISBLANK(liste_groupe[[#This Row],[Unité]]),CONCATENATE(liste_groupe[[#This Row],[Nom de l''échantillon donné par le client]],liste_groupe[[#This Row],[Dopage (+Testostérone / + EE2, ….)]]),CONCATENATE(liste_groupe[[#This Row],[Nom de l''échantillon donné par le client]],"-",liste_groupe[[#This Row],[Concentration]],liste_groupe[[#This Row],[Unité]],liste_groupe[[#This Row],[Dopage (+Testostérone / + EE2, ….)]]))) -> 0-00 + Testostérone | B58: =B34 -> 0 | C58: =C34 -> 0 | D58: =D34 -> 0 | E58: =E34 -> 0 | F58: + Testostérone

Sheet Feuil1
A1: Nom groupe | B1: N° de valeur | C1: file name | D1: total area | E1: mean intensity | G1: total fluorescence | I1: nbre de larves
A2: 01 EE2 0 | B2: A | C2: C:\Users\Olympus\Desktop\20190122\plaque1/@01 EE2 0/A1_1.tif | D2: 4931.616 | E2: 73.0526 | G2: 360268
A3: 01 EE2 0 | B3: A | C3: C:\Users\Olympus\Desktop\20190122\plaque1/@01 EE2 0/A1_2.tif | D3: 5234.4345 | E3: 71.1281 | G3: 372315
A4: 01 EE2 0 | B4: A | C4: C:\Users\Olympus\Desktop\20190122\plaque1/@01 EE2 0/A1_3.tif | D4: 3547.3027 | E4: 66.9878 | G4: 237626
A5: 01 EE2 0 | B5: A | C5: C:\Users\Olympus\Desktop\20190122\plaque3/@01 EE2 0/A1_3.tif | D5: 21456.8555 | E5: 67.0655 | G5: 1439015
A6: 01 EE2 0 | B6: A | C6: C:\Users\Olympus\Desktop\20190122\plaque3/@01 EE2 0/A1_2.tif | D6: 21586.6348 | E6: 66.4108 | G6: 1433586
A7: 01 EE2 0 | B7: A | C7: C:\Users\Olympus\Desktop\20190122\plaque3/@01 EE2 0/A1_1.tif | D7: 15984.4921 | E7: 69.7767 | G7: 1115346

Sheet Feuil2
A1: Nom groupe | B1: N° de valeur | C1: file name | D1: total area | E1: mean intensity | G1: total fluorescence | I1: nbre de larves | J1: Colonne1
A2: 01 TS | B2: A | C2: D:\images\2022-CHG-NLO-dutasteride\plaque 1/@01 TS/A1_03.tif | D2: 8.4893 | E2: 64.2 | G2: 545
A3: 01 TS | B3: A | C3: D:\images\2022-CHG-NLO-dutasteride\plaque 1/@01 TS/A1_02.tif | D3: 11.885 | E3: 63.0714 | G3: 750
A4: 01 TS | B4: A | C4: D:\images\2022-CHG-NLO-dutasteride\plaque 1/@01 TS/A1_01.tif | D4: 22.0721 | E4: 63.4231 | G4: 1400

Sheet Raw data R1
A1: Nom groupe | B1: N° de valeur | C1: file name | D1: total area | E1: mean intensity | G1: total fluorescence | I1: nbre de larves | J1: Colonne1 | L1: (Tous)
A2: =IFERROR(LEFT(RIGHT(C2,LEN(C2)-SEARCH("@",C2)),SEARCH("/",RIGHT(C2,LEN(C2)-SEARCH("@",C2)-1))),"") | B2: =LEFT(RIGHT(RIGHT(Tableau4[[#This Row],[file name]],LEN(Tableau4[[#This Row],[file name]])-SEARCH("@",Tableau4[[#This Row],[file name]])),LEN(RIGHT(Tableau4[[#This Row],[file name]],LEN(Tableau4[[#This Row],[file name]])-SEARCH("@",Tableau4[[#This Row],[file name]])))-SEARCH("/",RIGHT(Tableau4[[#This Row],[file name]],LEN(Tableau4[[#This Row],[file name]])-SEARCH("@",Tableau4[[#This Row],[file name]])))),1) -> #VALUE! | C2: raw data | K2: Filtre lignes : Enlever (vide) et Néant | L2: Filtre colonnes : Enlever (vide) et " "
A3: =IFERROR(LEFT(RIGHT(C3,LEN(C3)-SEARCH("@",C3)),SEARCH("/",RIGHT(C3,LEN(C3)-SEARCH("@",C3)-1))),"") | B3: =LEFT(RIGHT(RIGHT(Tableau4[[#This Row],[file name]],LEN(Tableau4[[#This Row],[file name]])-SEARCH("@",Tableau4[[#This Row],[file name]])),LEN(RIGHT(Tableau4[[#This Row],[file name]],LEN(Tableau4[[#This Row],[file name]])-SEARCH("@",Tableau4[[#This Row],[file name]])))-SEARCH("/",RIGHT(Tableau4[[#This Row],[file name]],LEN(Tableau4[[#This Row],[file name]])-SEARCH("@",Tableau4[[#This Row],[file name]])))),1) -> #VALUE! | K3: Moyenne de total fluorescence | L3: Étiquettes de colonnes
A4: =IFERROR(LEFT(RIGHT(C4,LEN(C4)-SEARCH("@",C4)),SEARCH("/",RIGHT(C4,LEN(C4)-SEARCH("@",C4)-1))),"") | B4: =LEFT(RIGHT(RIGHT(Tableau4[[#This Row],[file name]],LEN(Tableau4[[#This Row],[file name]])-SEARCH("@",Tableau4[[#This Row],[file name]])),LEN(RIGHT(Tableau4[[#This Row],[file name]],LEN(Tableau4[[#This Row],[file name]])-SEARCH("@",Tableau4[[#This Row],[file name]])))-SEARCH("/",RIGHT(Tableau4[[#This Row],[file name]],LEN(Tableau4[[#This Row],[file name]])-SEARCH("@",Tableau4[[#This Row],[file name]])))),1) -> #VALUE! | C4: Version 4.0, Macro for Choriogenin Analysis. 60-255, auto blue selection TIF | K4: Étiquettes de lignes | L4: 04 EE2 76 | M4: 05 EE2 114 | N4: 07 EE2 488 | O4: 01 TS | P4: 02 EE2 34 | Q4: 03 EE2 51 | R4: 06 EE2 171 | S4: 08 duta 0.01 | T4: 09 duta 0.1 | U4: 10 duta 0.25 | V4: 11 duta 0.5 | W4: 12 duta 1 | X4: 13 testo | Y4: 14 testo | Z4: 15 testo + EE2 64 | AA4: 16 testo + fad | AB4: 17 testo + duta 0.01 | AC4: 18 testo + duta 0.1 | AD4: 19 testo + duta 0.25 | AE4: 20 testo + duta 0.5 | AF4: 21 testo + duta 1
A5: =IFERROR(LEFT(RIGHT(C5,LEN(C5)-SEARCH("@",C5)),SEARCH("/",RIGHT(C5,LEN(C5)-SEARCH("@",C5)-1))),"") | B5: =LEFT(RIGHT(RIGHT(Tableau4[[#This Row],[file name]],LEN(Tableau4[[#This Row],[file name]])-SEARCH("@",Tableau4[[#This Row],[file name]])),LEN(RIGHT(Tableau4[[#This Row],[file name]],LEN(Tableau4[[#This Row],[file name]])-SEARCH("@",Tableau4[[#This Row],[file name]])))-SEARCH("/",RIGHT(Tableau4[[#This Row],[file name]],LEN(Tableau4[[#This Row],[file name]])-SEARCH("@",Tableau4[[#This Row],[file name]])))),1) -> #VALUE! | K5: A | L5: 4087 | M5: 23266.667 | N5: 289398.67 | O5: 898.33333 | P5: 1228.6667 | Q5: 841 | R5: 76987 | S5: 25658.333 | T5: 4114.6667 | U5: 7253 | W5: 736 | X5: 664.5 | Y5: 87488 | Z5: 179834 | AA5: 2703 | AB5: 132753.67 | AC5: 99442.667 | AD5: 144318.67 | AE5: 127357.5 | AF5: 113581
A6: =IFERROR(LEFT(RIGHT(C6,LEN(C6)-SEARCH("@",C6)),SEARCH("/",RIGHT(C6,LEN(C6)-SEARCH("@",C6)-1))),"") | B6: =LEFT(RIGHT(RIGHT(Tableau4[[#This Row],[file name]],LEN(Tableau4[[#This Row],[file name]])-SEARCH("@",Tableau4[[#This Row],[file name]])),LEN(RIGHT(Tableau4[[#This Row],[file name]],LEN(Tableau4[[#This Row],[file name]])-SEARCH("@",Tableau4[[#This Row],[file name]])))-SEARCH("/",RIGHT(Tableau4[[#This Row],[file name]],LEN(Tableau4[[#This Row],[file name]])-SEARCH("@",Tableau4[[#This Row],[file name]])))),1) -> #VALUE! | K6: B | L6: 32840.667 | M6: 21138.333 | N6: 220805.33 | O6: 655.33333 | P6: 299 | Q6: 1106.6667 | R6: 160526.67 | S6: 890 | T6: 508.33333 | U6: 1929 | V6: 815.66667 | W6: 544.66667 | X6: 46034 | Y6: 27740 | Z6: 85611.667 | AA6: 1804.6667 | AB6: 2280 | AC6: 71544.667 | AD6: 13125.333 | AE6: 135077 | AF6: 81609.667
A7: =IFERROR(LEFT(RIGHT(C7,LEN(C7)-SEARCH("@",C7)),SEARCH("/",RIGHT(C7,LEN(C7)-SEARCH("@",C7)-1))),"") | B7: =LEFT(RIGHT(RIGHT(Tableau4[[#This Row],[file name]],LEN(Tableau4[[#This Row],[file name]])-SEARCH("@",Tableau4[[#This Row],[file name]])),LEN(RIGHT(Tableau4[[#This Row],[file name]],LEN(Tableau4[[#This Row],[file name]])-SEARCH("@",Tableau4[[#This Row],[file name]])))-SEARCH("/",RIGHT(Tableau4[[#This Row],[file name]],LEN(Tableau4[[#This Row],[file name]])-SEARCH("@",Tableau4[[#This Row],[file name]])))),1) -> #VALUE! | C7: analysed: | K7: C | L7: 1876.5 | M7: 24673.667 | N7: 150270.67 | O7: 7962 | P7: 3989 | Q7: 517.66667 | R7: 101078.33 | S7: 840.66667 | T7: 936 | U7: 4509.6667 | V7: 3784.3333 | W7: 358 | X7: 86265.667 | Y7: 128175.5 | Z7: 134675 | AA7: 925.66667 | AB7: 33958 | AC7: 118920.67 | AD7: 36777.667 | AE7: 80494.667 | AF7: 77971
A8: =IFERROR(LEFT(RIGHT(C8,LEN(C8)-SEARCH("@",C8)),SEARCH("/",RIGHT(C8,LEN(C8)-SEARCH("@",C8)-1))),"") | B8: =LEFT(RIGHT(RIGHT(Tableau4[[#This Row],[file name]],LEN(Tableau4[[#This Row],[file name]])-SEARCH("@",Tableau4[[#This Row],[file name]])),LEN(RIGHT(Tableau4[[#This Row],[file name]],LEN(Tableau4[[#This Row],[file name]])-SEARCH("@",Tableau4[[#This Row],[file name]])))-SEARCH("/",RIGHT(Tableau4[[#This Row],[file name]],LEN(Tableau4[[#This Row],[file name]])-SEARCH("@",Tableau4[[#This Row],[file name]])))),1) -> #VALUE! | C8: Date: Thu 29-Sep-2022 | K8: D | L8: 1802.6667 | M8: 70945.333 | N8: 48490 | O8: 2038.6667 | P8: 622.66667 | Q8: 3250.5 | R8: 4761 | S8: 740.66667 | T8: 582.66667 | U8: 544 | V8: 2303.6667 | W8: 7337 | X8: 70306 | Y8: 113809 | Z8: 119801 | AA8: 3260 | AB8: 68780.333 | AC8: 80031.667 | AD8: 21010 | AE8: 145377.67 | AF8: 70565.333
A9: =IFERROR(LEFT(RIGHT(C9,LEN(C9)-SEARCH("@",C9)),SEARCH("/",RIGHT(C9,LEN(C9)-SEARCH("@",C9)-1))),"") | B9: =LEFT(RIGHT(RIGHT(Tableau4[[#This Row],[file name]],LEN(Tableau4[[#This Row],[file name]])-SEARCH("@",Tableau4[[#This Row],[file name]])),LEN(RIGHT(Tableau4[[#This Row],[file name]],LEN(Tableau4[[#This Row],[file name]])-SEARCH("@",Tableau4[[#This Row],[file name]])))-SEARCH("/",RIGHT(Tableau4[[#This Row],[file name]],LEN(Tableau4[[#This Row],[file name]])-SEARCH("@",Tableau4[[#This Row],[file name]])))),1) -> #VALUE! | C9: Time: 16:04:31 | K9: E | L9: 5211.3333 | M9: 31265 | N9: 184792.67 | O9: 3827.3333 | P9: 886.33333 | Q9: 9380 | R9: 128211.67 | S9: 882.33333 | T9: 10898.5 | U9: 1237 | V9: 473.33333 | W9: 538 | X9: 36335 | Y9: 50367.333 | Z9: 8001 | AA9: 4983.6667 | AB9: 73197.667 | AC9: 30221 | AD9: 35624 | AE9: 84514.333 | AF9: 2584.3333
A10: =IFERROR(LEFT(RIGHT(C10,LEN(C10)-SEARCH("@",C10)),SEARCH("/",RIGHT(C10,LEN(C10)-SEARCH("@",C10)-1))),"") | B10: =LEFT(RIGHT(RIGHT(Tableau4[[#This Row],[file name]],LEN(Tableau4[[#This Row],[file name]])-SEARCH("@",Tableau4[[#This Row],[file name]])),LEN(RIGHT(Tableau4[[#This Row],[file name]],LEN(Tableau4[[#This Row],[file name]])-SEARCH("@",Tableau4[[#This Row],[file name]])))-SEARCH("/",RIGHT(Tableau4[[#This Row],[file name]],LEN(Tableau4[[#This Row],[file name]])-SEARCH("@",Tableau4[[#This Row],[file name]])))),1) -> #VALUE! | K10: F | L10: 1377.6667 | M10: 52712 | N10: 117331.33 | O10: 7548 | P10: 1490 | Q10: 823.66667 | R10: 95670 | S10: 1777.3333 | T10: 3746 | U10: 1305.6667 | V10: 6782 | W10: 28785 | X10: 74464.667 | Y10: 42078 | Z10: 126312.67 | AA10: 1286 | AB10: 18571 | AC10: 102472.67 | AD10: 16015.333 | AE10: 50323 | AF10: 29598
A11: =IFERROR(LEFT(RIGHT(C11,LEN(C11)-SEARCH("@",C11)),SEARCH("/",RIGHT(C11,LEN(C11)-SEARCH("@",C11)-1))),"") | B11: =LEFT(RIGHT(RIGHT(Tableau4[[#This Row],[file name]],LEN(Tableau4[[#This Row],[file name]])-SEARCH("@",Tableau4[[#This Row],[file name]])),LEN(RIGHT(Tableau4[[#This Row],[file name]],LEN(Tableau4[[#This Row],[file name]])-SEARCH("@",Tableau4[[#This Row],[file name]])))-SEARCH("/",RIGHT(Tableau4[[#This Row],[file name]],LEN(Tableau4[[#This Row],[file name]])-SEARCH("@",Tableau4[[#This Row],[file name]])))),1) -> #VALUE! | C11: start date of exposure: | D11: 28/09/2022 | K11: G | L11: 5890.6667 | M11: 62986.333 | N11: 190470.33 | O11: 8112 | P11: 6912.3333 | Q11: 1055.6667 | R11: 143495 | S11: 2602.6667 | T11: 7991.3333 | U11: 564 | V11: 628 | W11: 1659 | X11: 12800 | Y11: 55672.333 | Z11: 118578.33 | AA11: 1832 | AB11: 427 | AC11: 3385 | AD11: 124834.33 | AE11: 121794.67 | AF11: 14828.667
A12: =IFERROR(LEFT(RIGHT(C12,LEN(C12)-SEARCH("@",C12)),SEARCH("/",RIGHT(C12,LEN(C12)-SEARCH("@",C12)-1))),"") | B12: =LEFT(RIGHT(RIGHT(Tableau4[[#This Row],[file name]],LEN(Tableau4[[#This Row],[file name]])-SEARCH("@",Tableau4[[#This Row],[file name]])),LEN(RIGHT(Tableau4[[#This Row],[file name]],LEN(Tableau4[[#This Row],[file name]])-SEARCH("@",Tableau4[[#This Row],[file name]])))-SEARCH("/",RIGHT(Tableau4[[#This Row],[file name]],LEN(Tableau4[[#This Row],[file name]])-SEARCH("@",Tableau4[[#This Row],[file name]])))),1) -> #VALUE! | C12: date of read: | D12: 29/09/2022 | K12: H | L12: 7090.3333 | M12: 64881.333 | N12: 165996.33 | O12: 643.66667 | P12: 1064.3333 | Q12: 12822.333 | R12: 138335 | S12: 2072 | T12: 662 | U12: 3253.6667 | V12: 652 | W12: 588 | X12: 54967.333 | Y12: 31594 | Z12: 115345 | AA12: 1432.3333 | AB12: 76731 | AC12: 24632 | AD12: 87894.333 | AE12: 96709 | AF12: 31206.667
A13: =IFERROR(LEFT(RIGHT(C13,LEN(C13)-SEARCH("@",C13)),SEARCH("/",RIGHT(C13,LEN(C13)-SEARCH("@",C13)-1))),"") | B13: =LEFT(RIGHT(RIGHT(Tableau4[[#This Row],[file name]],LEN(Tableau4[[#This Row],[file name]])-SEARCH("@",Tableau4[[#This Row],[file name]])),LEN(RIGHT(Tableau4[[#This Row],[file name]],LEN(Tableau4[[#This Row],[file name]])-SEARCH("@",Tableau4[[#This Row],[file name]])))-SEARCH("/",RIGHT(Tableau4[[#This Row],[file name]],LEN(Tableau4[[#This Row],[file name]])-SEARCH("@",Tableau4[[#This Row],[file name]])))),1) -> #VALUE! | C13: line: | D13: ChgH homozygous
A14: =IFERROR(LEFT(RIGHT(C14,LEN(C14)-SEARCH("@",C14)),SEARCH("/",RIGHT(C14,LEN(C14)-SEARCH("@",C14)-1))),"") | B14: =LEFT(RIGHT(RIGHT(Tableau4[[#This Row],[file name]],LEN(Tableau4[[#This Row],[file name]])-SEARCH("@",Tableau4[[#This Row],[file name]])),LEN(RIGHT(Tableau4[[#This Row],[file name]],LEN(Tableau4[[#This Row],[file name]])-SEARCH("@",Tableau4[[#This Row],[file name]])))-SEARCH("/",RIGHT(Tableau4[[#This Row],[file name]],LEN(Tableau4[[#This Row],[file name]])-SEARCH("@",Tableau4[[#This Row],[file name]])))),1) -> #VALUE! | C14: crossed with: | D14: ChgH homozygous
A15: =IFERROR(LEFT(RIGHT(C15,LEN(C15)-SEARCH("@",C15)),SEARCH("/",RIGHT(C15,LEN(C15)-SEARCH("@",C15)-1))),"") | B15: =LEFT(RIGHT(RIGHT(Tableau4[[#This Row],[file name]],LEN(Tableau4[[#This Row],[file name]])-SEARCH("@",Tableau4[[#This Row],[file name]])),LEN(RIGHT(Tableau4[[#This Row],[file name]],LEN(Tableau4[[#This Row],[file name]])-SEARCH("@",Tableau4[[#This Row],[file name]])))-SEARCH("/",RIGHT(Tableau4[[#This Row],[file name]],LEN(Tableau4[[#This Row],[file name]])-SEARCH("@",Tableau4[[#This Row],[file name]])))),1) -> #VALUE! | C15: generation of embryos:
A16: =IFERROR(LEFT(RIGHT(C16,LEN(C16)-SEARCH("@",C16)),SEARCH("/",RIGHT(C16,LEN(C16)-SEARCH("@",C16)-1))),"") | B16: =LEFT(RIGHT(RIGHT(Tableau4[[#This Row],[file name]],LEN(Tableau4[[#This Row],[file name]])-SEARCH("@",Tableau4[[#This Row],[file name]])),LEN(RIGHT(Tableau4[[#This Row],[file name]],LEN(Tableau4[[#This Row],[file name]])-SEARCH("@",Tableau4[[#This Row],[file name]])))-SEARCH("/",RIGHT(Tableau4[[#This Row],[file name]],LEN(Tableau4[[#This Row],[file name]])-SEARCH("@",Tableau4[[#This Row],[file name]])))),1) -> #VALUE! | C16: exposure length in hours: | D16: 24h
A17: =IFERROR(LEFT(RIGHT(C17,LEN(C17)-SEARCH("@",C17)),SEARCH("/",RIGHT(C17,LEN(C17)-SEARCH("@",C17)-1))),"") | B17: =LEFT(RIGHT(RIGHT(Tableau4[[#This Row],[file name]],LEN(Tableau4[[#This Row],[file name]])-SEARCH("@",Tableau4[[#This Row],[file name]])),LEN(RIGHT(Tableau4[[#This Row],[file name]],LEN(Tableau4[[#This Row],[file name]])-SEARCH("@",Tableau4[[#This Row],[file name]])))-SEARCH("/",RIGHT(Tableau4[[#This Row],[file name]],LEN(Tableau4[[#This Row],[file name]])-SEARCH("@",Tableau4[[#This Row],[file name]])))),1) -> #VALUE!
A18: =IFERROR(LEFT(RIGHT(C18,LEN(C18)-SEARCH("@",C18)),SEARCH("/",RIGHT(C18,LEN(C18)-SEARCH("@",C18)-1))),"") | B18: =LEFT(RIGHT(RIGHT(Tableau4[[#This Row],[file name]],LEN(Tableau4[[#This Row],[file name]])-SEARCH("@",Tableau4[[#This Row],[file name]])),LEN(RIGHT(Tableau4[[#This Row],[file name]],LEN(Tableau4[[#This Row],[file name]])-SEARCH("@",Tableau4[[#This Row],[file name]])))-SEARCH("/",RIGHT(Tableau4[[#This Row],[file name]],LEN(Tableau4[[#This Row],[file name]])-SEARCH("@",Tableau4[[#This Row],[file name]])))),1) -> #VALUE!
A19: =IFERROR(LEFT(RIGHT(C19,LEN(C19)-SEARCH("@",C19)),SEARCH("/",RIGHT(C19,LEN(C19)-SEARCH("@",C19)-1))),"") | B19: =LEFT(RIGHT(RIGHT(Tableau4[[#This Row],[file name]],LEN(Tableau4[[#This Row],[file name]])-SEARCH("@",Tableau4[[#This Row],[file name]])),LEN(RIGHT(Tableau4[[#This Row],[file name]],LEN(Tableau4[[#This Row],[file name]])-SEARCH("@",Tableau4[[#This Row],[file name]])))-SEARCH("/",RIGHT(Tableau4[[#This Row],[file name]],LEN(Tableau4[[#This Row],[file name]])-SEARCH("@",Tableau4[[#This Row],[file name]])))),1) -> #VALUE! | C19: file name | D19: total area | E19: mean intensity | G19: total fluorescence
A20: =IFERROR(LEFT(RIGHT(C20,LEN(C20)-SEARCH("@",C20)),SEARCH("/",RIGHT(C20,LEN(C20)-SEARCH("@",C20)-1))),"") -> 01 TS | B20: =LEFT(RIGHT(RIGHT(Tableau4[[#This Row],[file name]],LEN(Tableau4[[#This Row],[file name]])-SEARCH("@",Tableau4[[#This Row],[file name]])),LEN(RIGHT(Tableau4[[#This Row],[file name]],LEN(Tableau4[[#This Row],[file name]])-SEARCH("@",Tableau4[[#This Row],[file name]])))-SEARCH("/",RIGHT(Tableau4[[#This Row],[file name]],LEN(Tableau4[[#This Row],[file name]])-SEARCH("@",Tableau4[[#This Row],[file name]])))),1) -> A | C20: D:\images\2022-CHG-NLO-dutasteride\plaque 1/@01 TS/A1_01.tif | D20: 22.0721 | E20: 63.4231 | G20: 1400
A21: =IFERROR(LEFT(RIGHT(C21,LEN(C21)-SEARCH("@",C21)),SEARCH("/",RIGHT(C21,LEN(C21)-SEARCH("@",C21)-1))),"") -> 01 TS | B21: =LEFT(RIGHT(RIGHT(Tableau4[[#This Row],[file name]],LEN(Tableau4[[#This Row],[file name]])-SEARCH("@",Tableau4[[#This Row],[file name]])),LEN(RIGHT(Tableau4[[#This Row],[file name]],LEN(Tableau4[[#This Row],[file name]])-SEARCH("@",Tableau4[[#This Row],[file name]])))-SEARCH("/",RIGHT(Tableau4[[#This Row],[file name]],LEN(Tableau4[[#This Row],[file name]])-SEARCH("@",Tableau4[[#This Row],[file name]])))),1) -> A | C21: D:\images\2022-CHG-NLO-dutasteride\plaque 1/@01 TS/A1_02.tif | D21: 11.885 | E21: 63.0714 | G21: 750
A22: =IFERROR(LEFT(RIGHT(C22,LEN(C22)-SEARCH("@",C22)),SEARCH("/",RIGHT(C22,LEN(C22)-SEARCH("@",C22)-1))),"") -> 01 TS | B22: =LEFT(RIGHT(RIGHT(Tableau4[[#This Row],[file name]],LEN(Tableau4[[#This Row],[file name]])-SEARCH("@",Tableau4[[#This Row],[file name]])),LEN(RIGHT(Tableau4[[#This Row],[file name]],LEN(Tableau4[[#This Row],[file name]])-SEARCH("@",Tableau4[[#This Row],[file name]])))-SEARCH("/",RIGHT(Tableau4[[#This Row],[file name]],LEN(Tableau4[[#This Row],[file name]])-SEARCH("@",Tableau4[[#This Row],[file name]])))),1) -> A | C22: D:\images\2022-CHG-NLO-dutasteride\plaque 1/@01 TS/A1_03.tif | D22: 8.4893 | E22: 64.2 | G22: 545
A23: =IFERROR(LEFT(RIGHT(C23,LEN(C23)-SEARCH("@",C23)),SEARCH("/",RIGHT(C23,LEN(C23)-SEARCH("@",C23)-1))),"") -> 01 TS | B23: =LEFT(RIGHT(RIGHT(Tableau4[[#This Row],[file name]],LEN(Tableau4[[#This Row],[file name]])-SEARCH("@",Tableau4[[#This Row],[file name]])),LEN(RIGHT(Tableau4[[#This Row],[file name]],LEN(Tableau4[[#This Row],[file name]])-SEARCH("@",Tableau4[[#This Row],[file name]])))-SEARCH("/",RIGHT(Tableau4[[#This Row],[file name]],LEN(Tableau4[[#This Row],[file name]])-SEARCH("@",Tableau4[[#This Row],[file name]])))),1) -> B | C23: D:\images\2022-CHG-NLO-dutasteride\plaque 1/@01 TS/B1_01.tif | D23: 6.7914 | E23: 64.5 | G23: 438
A24: =IFERROR(LEFT(RIGHT(C24,LEN(C24)-SEARCH("@",C24)),SEARCH("/",RIGHT(C24,LEN(C24)-SEARCH("@",C24)-1))),"") -> 01 TS | B24: =LEFT(RIGHT(RIGHT(Tableau4[[#This Row],[file name]],LEN(Tableau4[[#This Row],[file name]])-SEARCH("@",Tableau4[[#This Row],[file name]])),LEN(RIGHT(Tableau4[[#This Row],[file name]],LEN(Tableau4[[#This Row],[file name]])-SEARCH("@",Tableau4[[#This Row],[file name]])))-SEARCH("/",RIGHT(Tableau4[[#This Row],[file name]],LEN(Tableau4[[#This Row],[file name]])-SEARCH("@",Tableau4[[#This Row],[file name]])))),1) -> B | C24: D:\images\2022-CHG-NLO-dutasteride\plaque 1/@01 TS/B1_02.tif | D24: 11.885 | E24: 63.3571 | G24: 753
A25: =IFERROR(LEFT(RIGHT(C25,LEN(C25)-SEARCH("@",C25)),SEARCH("/",RIGHT(C25,LEN(C25)-SEARCH("@",C25)-1))),"") -> 01 TS | B25: =LEFT(RIGHT(RIGHT(Tableau4[[#This Row],[file name]],LEN(Tableau4[[#This Row],[file name]])-SEARCH("@",Tableau4[[#This Row],[file name]])),LEN(RIGHT(Tableau4[[#This Row],[file name]],LEN(Tableau4[[#This Row],[file name]])-SEARCH("@",Tableau4[[#This Row],[file name]])))-SEARCH("/",RIGHT(Tableau4[[#This Row],[file name]],LEN(Tableau4[[#This Row],[file name]])-SEARCH("@",Tableau4[[#This Row],[file name]])))),1) -> B | C25: D:\images\2022-CHG-NLO-dutasteride\plaque 1/@01 TS/B1_03.tif | D25: 11.885 | E25: 65.2143 | G25: 775
A26: =IFERROR(LEFT(RIGHT(C26,LEN(C26)-SEARCH("@",C26)),SEARCH("/",RIGHT(C26,LEN(C26)-SEARCH("@",C26)-1))),"") -> 01 TS | B26: =LEFT(RIGHT(RIGHT(Tableau4[[#This Row],[file name]],LEN(Tableau4[[#This Row],[file name]])-SEARCH("@",Tableau4[[#This Row],[file name]])),LEN(RIGHT(Tableau4[[#This Row],[file name]],LEN(Tableau4[[#This Row],[file name]])-SEARCH("@",Tableau4[[#This Row],[file name]])))-SEARCH("/",RIGHT(Tableau4[[#This Row],[file name]],LEN(Tableau4[[#This Row],[file name]])-SEARCH("@",Tableau4[[#This Row],[file name]])))),1) -> C | C26: D:\images\2022-CHG-NLO-dutasteride\plaque 1/@01 TS/C1_01.tif | D26: 16.9786 | E26: 65.55 | G26: 1113
A27: =IFERROR(LEFT(RIGHT(C27,LEN(C27)-SEARCH("@",C27)),SEARCH("/",RIGHT(C27,LEN(C27)-SEARCH("@",C27)-1))),"") -> 01 TS | B27: =LEFT(RIGHT(RIGHT(Tableau4[[#This Row],[file name]],LEN(Tableau4[[#This Row],[file name]])-SEARCH("@",Tableau4[[#This Row],[file name]])),LEN(RIGHT(Tableau4[[#This Row],[file name]],LEN(Tableau4[[#This Row],[file name]])-SEARCH("@",Tableau4[[#This Row],[file name]])))-SEARCH("/",RIGHT(Tableau4[[#This Row],[file name]],LEN(Tableau4[[#This Row],[file name]])-SEARCH("@",Tableau4[[#This Row],[file name]])))),1) -> C | C27: D:\images\2022-CHG-NLO-dutasteride\plaque 1/@01 TS/C1_02.tif | D27: 290.3333 | E27: 68.6784 | G27: 19940
A28: =IFERROR(LEFT(RIGHT(C28,LEN(C28)-SEARCH("@",C28)),SEARCH("/",RIGHT(C28,LEN(C28)-SEARCH("@",C28)-1))),"") -> 01 TS | B28: =LEFT(RIGHT(RIGHT(Tableau4[[#This Row],[file name]],LEN(Tableau4[[#This Row],[file name]])-SEARCH("@",Tableau4[[#This Row],[file name]])),LEN(RIGHT(Tableau4[[#This Row],[file name]],LEN(Tableau4[[#This Row],[file name]])-SEARCH("@",Tableau4[[#This Row],[file name]])))-SEARCH("/",RIGHT(Tableau4[[#This Row],[file name]],LEN(Tableau4[[#This Row],[file name]])-SEARCH("@",Tableau4[[#This Row],[file name]])))),1) -> C | C28: D:\images\2022-CHG-NLO-dutasteride\plaque 1/@01 TS/C1_03.tif | D28: 44.1442 | E28: 64.1731 | G28: 2833
A29: =IFERROR(LEFT(RIGHT(C29,LEN(C29)-SEARCH("@",C29)),SEARCH("/",RIGHT(C29,LEN(C29)-SEARCH("@",C29)-1))),"") -> 01 TS | B29: =LEFT(RIGHT(RIGHT(Tableau4[[#This Row],[file name]],LEN(Tableau4[[#This Row],[file name]])-SEARCH("@",Tableau4[[#This Row],[file name]])),LEN(RIGHT(Tableau4[[#This Row],[file name]],LEN(Tableau4[[#This Row],[file name]])-SEARCH("@",Tableau4[[#This Row],[file name]])))-SEARCH("/",RIGHT(Tableau4[[#This Row],[file name]],LEN(Tableau4[[#This Row],[file name]])-SEARCH("@",Tableau4[[#This Row],[file name]])))),1) -> D | C29: D:\images\2022-CHG-NLO-dutasteride\plaque 1/@01 TS/D1_01.tif | D29: 67.0653 | E29: 65.3797 | G29: 4385
A30: =IFERROR(LEFT(RIGHT(C30,LEN(C30)-SEARCH("@",C30)),SEARCH("/",RIGHT(C30,LEN(C30)-SEARCH("@",C30)-1))),"") -> 01 TS | B30: =LEFT(RIGHT(RIGHT(Tableau4[[#This Row],[file name]],LEN(Tableau4[[#This Row],[file name]])-SEARCH("@",Tableau4[[#This Row],[file name]])),LEN(RIGHT(Tableau4[[#This Row],[file name]],LEN(Tableau4[[#This Row],[file name]])-SEARCH("@",Tableau4[[#This Row],[file name]])))-SEARCH("/",RIGHT(Tableau4[[#This Row],[file name]],LEN(Tableau4[[#This Row],[file name]])-SEARCH("@",Tableau4[[#This Row],[file name]])))),1) -> D | C30: D:\images\2022-CHG-NLO-dutasteride\plaque 1/@01 TS/D1_02.tif | D30: 17.8275 | E30: 63.7143 | G30: 1136
A31: =IFERROR(LEFT(RIGHT(C31,LEN(C31)-SEARCH("@",C31)),SEARCH("/",RIGHT(C31,LEN(C31)-SEARCH("@",C31)-1))),"") -> 01 TS | B31: =LEFT(RIGHT(RIGHT(Tableau4[[#This Row],[file name]],LEN(Tableau4[[#This Row],[file name]])-SEARCH("@",Tableau4[[#This Row],[file name]])),LEN(RIGHT(Tableau4[[#This Row],[file name]],LEN(Tableau4[[#This Row],[file name]])-SEARCH("@",Tableau4[[#This Row],[file name]])))-SEARCH("/",RIGHT(Tableau4[[#This Row],[file name]],LEN(Tableau4[[#This Row],[file name]])-SEARCH("@",Tableau4[[#This Row],[file name]])))),1) -> D | C31: D:\images\2022-CHG-NLO-dutasteride\plaque 1/@01 TS/D1_03.tif | D31: 9.3382 | E31: 63.7273 | G31: 595
... A38: =IFERROR(LEFT(RIGHT(C38,LEN(C38)-SEARCH("@",C38)),SEARCH("/",RIGHT(C38,LEN(C38)-SEARCH("@",C38)-1))),"") -> 01 TS | B38: =LEFT(RIGHT(RIGHT(Tableau4[[#This Row],[file name]],LEN(Tableau4[[#This Row],[file name]])-SEARCH("@",Tableau4[[#This Row],[file name]])),LEN(RIGHT(Tableau4[[#This Row],[file name]],LEN(Tableau4[[#This Row],[file name]])-SEARCH("@",Tableau4[[#This Row],[file name]])))-SEARCH("/",RIGHT(Tableau4[[#This Row],[file name]],LEN(Tableau4[[#This Row],[file name]])-SEARCH("@",Tableau4[[#This Row],[file name]])))),1) -> G | C38: D:\images\2022-CHG-NLO-dutasteride\plaque 1/@01 TS/G1_01.tif | D38: 185.0663 | E38: 66.3028 | G38: 12270
A39: =IFERROR(LEFT(RIGHT(C39,LEN(C39)-SEARCH("@",C39)),SEARCH("/",RIGHT(C39,LEN(C39)-SEARCH("@",C39)-1))),"") -> 01 TS | B39: =LEFT(RIGHT(RIGHT(Tableau4[[#This Row],[file name]],LEN(Tableau4[[#This Row],[file name]])-SEARCH("@",Tableau4[[#This Row],[file name]])),LEN(RIGHT(Tableau4[[#This Row],[file name]],LEN(Tableau4[[#This Row],[file name]])-SEARCH("@",Tableau4[[#This Row],[file name]])))-SEARCH("/",RIGHT(Tableau4[[#This Row],[file name]],LEN(Tableau4[[#This Row],[file name]])-SEARCH("@",Tableau4[[#This Row],[file name]])))),1) -> G | C39: D:\images\2022-CHG-NLO-dutasteride\plaque 1/@01 TS/G1_02.tif | D39: 100.1735 | E39: 65 | G39: 6511
A40: =IFERROR(LEFT(RIGHT(C40,LEN(C40)-SEARCH("@",C40)),SEARCH("/",RIGHT(C40,LEN(C40)-SEARCH("@",C40)-1))),"") -> 01 TS | B40: =LEFT(RIGHT(RIGHT(Tableau4[[#This Row],[file name]],LEN(Tableau4[[#This Row],[file name]])-SEARCH("@",Tableau4[[#This Row],[file name]])),LEN(RIGHT(Tableau4[[#This Row],[file name]],LEN(Tableau4[[#This Row],[file name]])-SEARCH("@",Tableau4[[#This Row],[file name]])))-SEARCH("/",RIGHT(Tableau4[[#This Row],[file name]],LEN(Tableau4[[#This Row],[file name]])-SEARCH("@",Tableau4[[#This Row],[file name]])))),1) -> G | C40: D:\images\2022-CHG-NLO-dutasteride\plaque 1/@01 TS/G1_03.tif | D40: 86.5906 | E40: 64.1471 | G40: 5555
A41: =IFERROR(LEFT(RIGHT(C41,LEN(C41)-SEARCH("@",C41)),SEARCH("/",RIGHT(C41,LEN(C41)-SEARCH("@",C41)-1))),"") -> 01 TS | B41: =LEFT(RIGHT(RIGHT(Tableau4[[#This Row],[file name]],LEN(Tableau4[[#This Row],[file name]])-SEARCH("@",Tableau4[[#This Row],[file name]])),LEN(RIGHT(Tableau4[[#This Row],[file name]],LEN(Tableau4[[#This Row],[file name]])-SEARCH("@",Tableau4[[#This Row],[file name]])))-SEARCH("/",RIGHT(Tableau4[[#This Row],[file name]],LEN(Tableau4[[#This Row],[file name]])-SEARCH("@",Tableau4[[#This Row],[file name]])))),1) -> H | C41: D:\images\2022-CHG-NLO-dutasteride\plaque 1/@01 TS/H1_01.tif | D41: 5.0936 | E41: 66.3333 | G41: 338
A42: =IFERROR(LEFT(RIGHT(C42,LEN(C42)-SEARCH("@",C42)),SEARCH("/",RIGHT(C42,LEN(C42)-SEARCH("@",C42)-1))),"") -> 01 TS | B42: =LEFT(RIGHT(RIGHT(Tableau4[[#This Row],[file name]],LEN(Tableau4[[#This Row],[file name]])-SEARCH("@",Tableau4[[#This Row],[file name]])),LEN(RIGHT(Tableau4[[#This Row],[file name]],LEN(Tableau4[[#This Row],[file name]])-SEARCH("@",Tableau4[[#This Row],[file name]])))-SEARCH("/",RIGHT(Tableau4[[#This Row],[file name]],LEN(Tableau4[[#This Row],[file name]])-SEARCH("@",Tableau4[[#This Row],[file name]])))),1) -> H | C42: D:\images\2022-CHG-NLO-dutasteride\plaque 1/@01 TS/H1_02.tif | D42: 10.1871 | E42: 64.1667 | G42: 654
A43: =IFERROR(LEFT(RIGHT(C43,LEN(C43)-SEARCH("@",C43)),SEARCH("/",RIGHT(C43,LEN(C43)-SEARCH("@",C43)-1))),"") -> 01 TS | B43: =LEFT(RIGHT(RIGHT(Tableau4[[#This Row],[file name]],LEN(Tableau4[[#This Row],[file name]])-SEARCH("@",Tableau4[[#This Row],[file name]])),LEN(RIGHT(Tableau4[[#This Row],[file name]],LEN(Tableau4[[#This Row],[file name]])-SEARCH("@",Tableau4[[#This Row],[file name]])))-SEARCH("/",RIGHT(Tableau4[[#This Row],[file name]],LEN(Tableau4[[#This Row],[file name]])-SEARCH("@",Tableau4[[#This Row],[file name]])))),1) -> H | C43: D:\images\2022-CHG-NLO-dutasteride\plaque 1/@01 TS/H1_03.tif | D43: 14.4318 | E43: 65.0588 | G43: 939
A44: =IFERROR(LEFT(RIGHT(C44,LEN(C44)-SEARCH("@",C44)),SEARCH("/",RIGHT(C44,LEN(C44)-SEARCH("@",C44)-1))),"") | B44: =LEFT(RIGHT(RIGHT(Tableau4[[#This Row],[file name]],LEN(Tableau4[[#This Row],[file name]])-SEARCH("@",Tableau4[[#This Row],[file name]])),LEN(RIGHT(Tableau4[[#This Row],[file name]],LEN(Tableau4[[#This Row],[file name]])-SEARCH("@",Tableau4[[#This Row],[file name]])))-SEARCH("/",RIGHT(Tableau4[[#This Row],[file name]],LEN(Tableau4[[#This Row],[file name]])-SEARCH("@",Tableau4[[#This Row],[file name]])))),1) -> #VALUE!
A45: =IFERROR(LEFT(RIGHT(C45,LEN(C45)-SEARCH("@",C45)),SEARCH("/",RIGHT(C45,LEN(C45)-SEARCH("@",C45)-1))),"") | B45: =LEFT(RIGHT(RIGHT(Tableau4[[#This Row],[file name]],LEN(Tableau4[[#This Row],[file name]])-SEARCH("@",Tableau4[[#This Row],[file name]])),LEN(RIGHT(Tableau4[[#This Row],[file name]],LEN(Tableau4[[#This Row],[file name]])-SEARCH("@",Tableau4[[#This Row],[file name]])))-SEARCH("/",RIGHT(Tableau4[[#This Row],[file name]],LEN(Tableau4[[#This Row],[file name]])-SEARCH("@",Tableau4[[#This Row],[file name]])))),1) -> #VALUE! | C45: group | E45: mean of mean fluo | F45: SD mean fluo | G45: mean of total fluo | H45: SD total fluo | I45: n fluorescent | J45: n total
A46: =IFERROR(LEFT(RIGHT(C46,LEN(C46)-SEARCH("@",C46)),SEARCH("/",RIGHT(C46,LEN(C46)-SEARCH("@",C46)-1))),"") -> 01 TS | B46: =LEFT(RIGHT(RIGHT(Tableau4[[#This Row],[file name]],LEN(Tableau4[[#This Row],[file name]])-SEARCH("@",Tableau4[[#This Row],[file name]])),LEN(RIGHT(Tableau4[[#This Row],[file name]],LEN(Tableau4[[#This Row],[file name]])-SEARCH("@",Tableau4[[#This Row],[file name]])))-SEARCH("/",RIGHT(Tableau4[[#This Row],[file name]],LEN(Tableau4[[#This Row],[file name]])-SEARCH("@",Tableau4[[#This Row],[file name]])))),1) | C46: D:\images\2022-CHG-NLO-dutasteride\plaque 1/@01 TS/ | E46: 64.8259 | F46: 1.3243 | G46: 3960.6667 | H46: 5055.9931 | I46: 24 | J46: 24
A47: =IFERROR(LEFT(RIGHT(C47,LEN(C47)-SEARCH("@",C47)),SEARCH("/",RIGHT(C47,LEN(C47)-SEARCH("@",C47)-1))),"") | B47: =LEFT(RIGHT(RIGHT(Tableau4[[#This Row],[file name]],LEN(Tableau4[[#This Row],[file name]])-SEARCH("@",Tableau4[[#This Row],[file name]])),LEN(RIGHT(Tableau4[[#This Row],[file name]],LEN(Tableau4[[#This Row],[file name]])-SEARCH("@",Tableau4[[#This Row],[file name]])))-SEARCH("/",RIGHT(Tableau4[[#This Row],[file name]],LEN(Tableau4[[#This Row],[file name]])-SEARCH("@",Tableau4[[#This Row],[file name]])))),1) -> #VALUE!
A48: =IFERROR(LEFT(RIGHT(C48,LEN(C48)-SEARCH("@",C48)),SEARCH("/",RIGHT(C48,LEN(C48)-SEARCH("@",C48)-1))),"") | B48: =LEFT(RIGHT(RIGHT(Tableau4[[#This Row],[file name]],LEN(Tableau4[[#This Row],[file name]])-SEARCH("@",Tableau4[[#This Row],[file name]])),LEN(RIGHT(Tableau4[[#This Row],[file name]],LEN(Tableau4[[#This Row],[file name]])-SEARCH("@",Tableau4[[#This Row],[file name]])))-SEARCH("/",RIGHT(Tableau4[[#This Row],[file name]],LEN(Tableau4[[#This Row],[file name]])-SEARCH("@",Tableau4[[#This Row],[file name]])))),1) -> #VALUE!
A49: =IFERROR(LEFT(RIGHT(C49,LEN(C49)-SEARCH("@",C49)),SEARCH("/",RIGHT(C49,LEN(C49)-SEARCH("@",C49)-1))),"") | B49: =LEFT(RIGHT(RIGHT(Tableau4[[#This Row],[file name]],LEN(Tableau4[[#This Row],[file name]])-SEARCH("@",Tableau4[[#This Row],[file name]])),LEN(RIGHT(Tableau4[[#This Row],[file name]],LEN(Tableau4[[#This Row],[file name]])-SEARCH("@",Tableau4[[#This Row],[file name]])))-SEARCH("/",RIGHT(Tableau4[[#This Row],[file name]],LEN(Tableau4[[#This Row],[file name]])-SEARCH("@",Tableau4[[#This Row],[file name]])))),1) -> #VALUE!
A50: =IFERROR(LEFT(RIGHT(C50,LEN(C50)-SEARCH("@",C50)),SEARCH("/",RIGHT(C50,LEN(C50)-SEARCH("@",C50)-1))),"") | B50: =LEFT(RIGHT(RIGHT(Tableau4[[#This Row],[file name]],LEN(Tableau4[[#This Row],[file name]])-SEARCH("@",Tableau4[[#This Row],[file name]])),LEN(RIGHT(Tableau4[[#This Row],[file name]],LEN(Tableau4[[#This Row],[file name]])-SEARCH("@",Tableau4[[#This Row],[file name]])))-SEARCH("/",RIGHT(Tableau4[[#This Row],[file name]],LEN(Tableau4[[#This Row],[file name]])-SEARCH("@",Tableau4[[#This Row],[file name]])))),1) -> #VALUE!
A51: =IFERROR(LEFT(RIGHT(C51,LEN(C51)-SEARCH("@",C51)),SEARCH("/",RIGHT(C51,LEN(C51)-SEARCH("@",C51)-1))),"") | B51: =LEFT(RIGHT(RIGHT(Tableau4[[#This Row],[file name]],LEN(Tableau4[[#This Row],[file name]])-SEARCH("@",Tableau4[[#This Row],[file name]])),LEN(RIGHT(Tableau4[[#This Row],[file name]],LEN(Tableau4[[#This Row],[file name]])-SEARCH("@",Tableau4[[#This Row],[file name]])))-SEARCH("/",RIGHT(Tableau4[[#This Row],[file name]],LEN(Tableau4[[#This Row],[file name]])-SEARCH("@",Tableau4[[#This Row],[file name]])))),1) -> #VALUE!
A52: =IFERROR(LEFT(RIGHT(C52,LEN(C52)-SEARCH("@",C52)),SEARCH("/",RIGHT(C52,LEN(C52)-SEARCH("@",C52)-1))),"") | B52: =LEFT(RIGHT(RIGHT(Tableau4[[#This Row],[file name]],LEN(Tableau4[[#This Row],[file name]])-SEARCH("@",Tableau4[[#This Row],[file name]])),LEN(RIGHT(Tableau4[[#This Row],[file name]],LEN(Tableau4[[#This Row],[file name]])-SEARCH("@",Tableau4[[#This Row],[file name]])))-SEARCH("/",RIGHT(Tableau4[[#This Row],[file name]],LEN(Tableau4[[#This Row],[file name]])-SEARCH("@",Tableau4[[#This Row],[file name]])))),1) -> #VALUE! | C52: file name | D52: total area | E52: mean intensity | G52: total fluorescence
A53: =IFERROR(LEFT(RIGHT(C53,LEN(C53)-SEARCH("@",C53)),SEARCH("/",RIGHT(C53,LEN(C53)-SEARCH("@",C53)-1))),"") -> 02 EE2 34 | B53: =LEFT(RIGHT(RIGHT(Tableau4[[#This Row],[file name]],LEN(Tableau4[[#This Row],[file name]])-SEARCH("@",Tableau4[[#This Row],[file name]])),LEN(RIGHT(Tableau4[[#This Row],[file name]],LEN(Tableau4[[#This Row],[file name]])-SEARCH("@",Tableau4[[#This Row],[file name]])))-SEARCH("/",RIGHT(Tableau4[[#This Row],[file name]],LEN(Tableau4[[#This Row],[file name]])-SEARCH("@",Tableau4[[#This Row],[file name]])))),1) -> A | C53: D:\images\2022-CHG-NLO-dutasteride\plaque 1/@02 EE2 34/A2_01.tif | D53: 12.7339 | E53: 63 | G53: 802
A54: =IFERROR(LEFT(RIGHT(C54,LEN(C54)-SEARCH("@",C54)),SEARCH("/",RIGHT(C54,LEN(C54)-SEARCH("@",C54)-1))),"") -> 02 EE2 34 | B54: =LEFT(RIGHT(RIGHT(Tableau4[[#This Row],[file name]],LEN(Tableau4[[#This Row],[file name]])-SEARCH("@",Tableau4[[#This Row],[file name]])),LEN(RIGHT(Tableau4[[#This Row],[file name]],LEN(Tableau4[[#This Row],[file name]])-SEARCH("@",Tableau4[[#This Row],[file name]])))-SEARCH("/",RIGHT(Tableau4[[#This Row],[file name]],LEN(Tableau4[[#This Row],[file name]])-SEARCH("@",Tableau4[[#This Row],[file name]])))),1) -> A | C54: D:\images\2022-CHG-NLO-dutasteride\plaque 1/@02 EE2 34/A2_02.tif | D54: 27.1657 | E54: 64.2188 | G54: 1745
A55: =IFERROR(LEFT(RIGHT(C55,LEN(C55)-SEARCH("@",C55)),SEARCH("/",RIGHT(C55,LEN(C55)-SEARCH("@",C55)-1))),"") -> 02 EE2 34 | B55: =LEFT(RIGHT(RIGHT(Tableau4[[#This Row],[file name]],LEN(Tableau4[[#This Row],[file name]])-SEARCH("@",Tableau4[[#This Row],[file name]])),LEN(RIGHT(Tableau4[[#This Row],[file name]],LEN(Tableau4[[#This Row],[file name]])-SEARCH("@",Tableau4[[#This Row],[file name]])))-SEARCH("/",RIGHT(Tableau4[[#This Row],[file name]],LEN(Tableau4[[#This Row],[file name]])-SEARCH("@",Tableau4[[#This Row],[file name]])))),1) -> A | C55: D:\images\2022-CHG-NLO-dutasteride\plaque 1/@02 EE2 34/A2_03.tif | D55: 17.8275 | E55: 63.9048 | G55: 1139
A56: =IFERROR(LEFT(RIGHT(C56,LEN(C56)-SEARCH("@",C56)),SEARCH("/",RIGHT(C56,LEN(C56)-SEARCH("@",C56)-1))),"") -> 02 EE2 34 | B56: =LEFT(RIGHT(RIGHT(Tableau4[[#This Row],[file name]],LEN(Tableau4[[#This Row],[file name]])-SEARCH("@",Tableau4[[#This Row],[file name]])),LEN(RIGHT(Tableau4[[#This Row],[file name]],LEN(Tableau4[[#This Row],[file name]])-SEARCH("@",Tableau4[[#This Row],[file name]])))-SEARCH("/",RIGHT(Tableau4[[#This Row],[file name]],LEN(Tableau4[[#This Row],[file name]])-SEARCH("@",Tableau4[[#This Row],[file name]])))),1) -> B | C56: D:\images\2022-CHG-NLO-dutasteride\plaque 1/@02 EE2 34/B2_01.tif | D56: 5.0936 | E56: 66.1667 | G56: 337
A57: =IFERROR(LEFT(RIGHT(C57,LEN(C57)-SEARCH("@",C57)),SEARCH("/",RIGHT(C57,LEN(C57)-SEARCH("@",C57)-1))),"") -> 02 EE2 34 | B57: =LEFT(RIGHT(RIGHT(Tableau4[[#This Row],[file name]],LEN(Tableau4[[#This Row],[file name]])-SEARCH("@",Tableau4[[#This Row],[file name]])),LEN(RIGHT(Tableau4[[#This Row],[file name]],LEN(Tableau4[[#This Row],[file name]])-SEARCH("@",Tableau4[[#This Row],[file name]])))-SEARCH("/",RIGHT(Tableau4[[#This Row],[file name]],LEN(Tableau4[[#This Row],[file name]])-SEARCH("@",Tableau4[[#This Row],[file name]])))),1) -> B | C57: D:\images\2022-CHG-NLO-dutasteride\plaque 1/@02 EE2 34/B2_02.tif | D57: 2.5468 | E57: 65.6667 | G57: 167
A58: =IFERROR(LEFT(RIGHT(C58,LEN(C58)-SEARCH("@",C58)),SEARCH("/",RIGHT(C58,LEN(C58)-SEARCH("@",C58)-1))),"") -> 02 EE2 34 | B58: =LEFT(RIGHT(RIGHT(Tableau4[[#This Row],[file name]],LEN(Tableau4[[#This Row],[file name]])-SEARCH("@",Tableau4[[#This Row],[file name]])),LEN(RIGHT(Tableau4[[#This Row],[file name]],LEN(Tableau4[[#This Row],[file name]])-SEARCH("@",Tableau4[[#This Row],[file name]])))-SEARCH("/",RIGHT(Tableau4[[#This Row],[file name]],LEN(Tableau4[[#This Row],[file name]])-SEARCH("@",Tableau4[[#This Row],[file name]])))),1) -> B | C58: D:\images\2022-CHG-NLO-dutasteride\plaque 1/@02 EE2 34/B2_03.tif | D58: 5.9425 | E58: 66.1429 | G58: 393
A59: =IFERROR(LEFT(RIGHT(C59,LEN(C59)-SEARCH("@",C59)),SEARCH("/",RIGHT(C59,LEN(C59)-SEARCH("@",C59)-1))),"") -> 02 EE2 34 | B59: =LEFT(RIGHT(RIGHT(Tableau4[[#This Row],[file name]],LEN(Tableau4[[#This Row],[file name]])-SEARCH("@",Tableau4[[#This Row],[file name]])),LEN(RIGHT(Tableau4[[#This Row],[file name]],LEN(Tableau4[[#This Row],[file name]])-SEARCH("@",Tableau4[[#This Row],[file name]])))-SEARCH("/",RIGHT(Tableau4[[#This Row],[file name]],LEN(Tableau4[[#This Row],[file name]])-SEARCH("@",Tableau4[[#This Row],[file name]])))),1) -> C | C59: D:\images\2022-CHG-NLO-dutasteride\plaque 1/@02 EE2 34/C2_01.tif | D59: 139.2242 | E59: 65.8659 | G59: 9170
A60: =IFERROR(LEFT(RIGHT(C60,LEN(C60)-SEARCH("@",C60)),SEARCH("/",RIGHT(C60,LEN(C60)-SEARCH("@",C60)-1))),"") -> 02 EE2 34 | B60: =LEFT(RIGHT(RIGHT(Tableau4[[#This Row],[file name]],LEN(Tableau4[[#This Row],[file name]])-SEARCH("@",Tableau4[[#This Row],[file name]])),LEN(RIGHT(Tableau4[[#This Row],[file name]],LEN(Tableau4[[#This Row],[file name]])-SEARCH("@",Tableau4[[#This Row],[file name]])))-SEARCH("/",RIGHT(Tableau4[[#This Row],[file name]],LEN(Tableau4[[#This Row],[file name]])-SEARCH("@",Tableau4[[#This Row],[file name]])))),1) -> C | C60: D:\images\2022-CHG-NLO-dutasteride\plaque 1/@02 EE2 34/C2_02.tif | D60: 26.3168 | E60: 62.9355 | G60: 1656
A61: =IFERROR(LEFT(RIGHT(C61,LEN(C61)-SEARCH("@",C61)),SEARCH("/",RIGHT(C61,LEN(C61)-SEARCH("@",C61)-1))),"") -> 02 EE2 34 | B61: =LEFT(RIGHT(RIGHT(Tableau4[[#This Row],[file name]],LEN(Tableau4[[#This Row],[file name]])-SEARCH("@",Tableau4[[#This Row],[file name]])),LEN(RIGHT(Tableau4[[#This Row],[file name]],LEN(Tableau4[[#This Row],[file name]])-SEARCH("@",Tableau4[[#This Row],[file name]])))-SEARCH("/",RIGHT(Tableau4[[#This Row],[file name]],LEN(Tableau4[[#This Row],[file name]])-SEARCH("@",Tableau4[[#This Row],[file name]])))),1) -> C | C61: D:\images\2022-CHG-NLO-dutasteride\plaque 1/@02 EE2 34/C2_03.tif | D61: 17.8275 | E61: 64 | G61: 1141
A62: =IFERROR(LEFT(RIGHT(C62,LEN(C62)-SEARCH("@",C62)),SEARCH("/",RIGHT(C62,LEN(C62)-SEARCH("@",C62)-1))),"") -> 02 EE2 34 | B62: =LEFT(RIGHT(RIGHT(Tableau4[[#This Row],[file name]],LEN(Tableau4[[#This Row],[file name]])-SEARCH("@",Tableau4[[#This Row],[file name]])),LEN(RIGHT(Tableau4[[#This Row],[file name]],LEN(Tableau4[[#This Row],[file name]])-SEARCH("@",Tableau4[[#This Row],[file name]])))-SEARCH("/",RIGHT(Tableau4[[#This Row],[file name]],LEN(Tableau4[[#This Row],[file name]])-SEARCH("@",Tableau4[[#This Row],[file name]])))),1) -> D | C62: D:\images\2022-CHG-NLO-dutasteride\plaque 1/@02 EE2 34/D2_01.tif | D62: 9.3382 | E62: 63.4545 | G62: 593
A63: =IFERROR(LEFT(RIGHT(C63,LEN(C63)-SEARCH("@",C63)),SEARCH("/",RIGHT(C63,LEN(C63)-SEARCH("@",C63)-1))),"") -> 02 EE2 34 | B63: =LEFT(RIGHT(RIGHT(Tableau4[[#This Row],[file name]],LEN(Tableau4[[#This Row],[file name]])-SEARCH("@",Tableau4[[#This Row],[file name]])),LEN(RIGHT(Tableau4[[#This Row],[file name]],LEN(Tableau4[[#This Row],[file name]])-SEARCH("@",Tableau4[[#This Row],[file name]])))-SEARCH("/",RIGHT(Tableau4[[#This Row],[file name]],LEN(Tableau4[[#This Row],[file name]])-SEARCH("@",Tableau4[[#This Row],[file name]])))),1) -> D | C63: D:\images\2022-CHG-NLO-dutasteride\plaque 1/@02 EE2 34/D2_02.tif | D63: 10.1871 | E63: 61.5 | G63: 627
A64: =IFERROR(LEFT(RIGHT(C64,LEN(C64)-SEARCH("@",C64)),SEARCH("/",RIGHT(C64,LEN(C64)-SEARCH("@",C64)-1))),"") -> 02 EE2 34 | B64: =LEFT(RIGHT(RIGHT(Tableau4[[#This Row],[file name]],LEN(Tableau4[[#This Row],[file name]])-SEARCH("@",Tableau4[[#This Row],[file name]])),LEN(RIGHT(Tableau4[[#This Row],[file name]],LEN(Tableau4[[#This Row],[file name]])-SEARCH("@",Tableau4[[#This Row],[file name]])))-SEARCH("/",RIGHT(Tableau4[[#This Row],[file name]],LEN(Tableau4[[#This Row],[file name]])-SEARCH("@",Tableau4[[#This Row],[file name]])))),1) -> D | C64: D:\images\2022-CHG-NLO-dutasteride\plaque 1/@02 EE2 34/D2_03.tif | D64: 10.1871 | E64: 63.5833 | G64: 648
A65: =IFERROR(LEFT(RIGHT(C65,LEN(C65)-SEARCH("@",C65)),SEARCH("/",RIGHT(C65,LEN(C65)-SEARCH("@",C65)-1))),"") -> 02 EE2 34 | B65: =LEFT(RIGHT(RIGHT(Tableau4[[#This Row],[file name]],LEN(Tableau4[[#This Row],[file name]])-SEARCH("@",Tableau4[[#This Row],[file name]])),LEN(RIGHT(Tableau4[[#This Row],[file name]],LEN(Tableau4[[#This Row],[file name]])-SEARCH("@",Tableau4[[#This Row],[file name]])))-SEARCH("/",RIGHT(Tableau4[[#This Row],[file name]],LEN(Tableau4[[#This Row],[file name]])-SEARCH("@",Tableau4[[#This Row],[file name]])))),1) -> E | C65: D:\images\2022-CHG-NLO-dutasteride\plaque 1/@02 EE2 34/E2_01.tif | D65: 16.9786 | E65: 64 | G65: 1087
A66: =IFERROR(LEFT(RIGHT(C66,LEN(C66)-SEARCH("@",C66)),SEARCH("/",RIGHT(C66,LEN(C66)-SEARCH("@",C66)-1))),"") -> 02 EE2 34 | B66: =LEFT(RIGHT(RIGHT(Tableau4[[#This Row],[file name]],LEN(Tableau4[[#This Row],[file name]])-SEARCH("@",Tableau4[[#This Row],[file name]])),LEN(RIGHT(Tableau4[[#This Row],[file name]],LEN(Tableau4[[#This Row],[file name]])-SEARCH("@",Tableau4[[#This Row],[file name]])))-SEARCH("/",RIGHT(Tableau4[[#This Row],[file name]],LEN(Tableau4[[#This Row],[file name]])-SEARCH("@",Tableau4[[#This Row],[file name]])))),1) -> E | C66: D:\images\2022-CHG-NLO-dutasteride\plaque 1/@02 EE2 34/E2_02.tif | D66: 15.2807 | E66: 64 | G66: 978
A67: =IFERROR(LEFT(RIGHT(C67,LEN(C67)-SEARCH("@",C67)),SEARCH("/",RIGHT(C67,LEN(C67)-SEARCH("@",C67)-1))),"") -> 02 EE2 34 | B67: =LEFT(RIGHT(RIGHT(Tableau4[[#This Row],[file name]],LEN(Tableau4[[#This Row],[file name]])-SEARCH("@",Tableau4[[#This Row],[file name]])),LEN(RIGHT(Tableau4[[#This Row],[file name]],LEN(Tableau4[[#This Row],[file name]])-SEARCH("@",Tableau4[[#This Row],[file name]])))-SEARCH("/",RIGHT(Tableau4[[#This Row],[file name]],LEN(Tableau4[[#This Row],[file name]])-SEARCH("@",Tableau4[[#This Row],[file name]])))),1) -> E | C67: D:\images\2022-CHG-NLO-dutasteride\plaque 1/@02 EE2 34/E2_03.tif | D67: 9.3382 | E67: 63.6364 | G67: 594
A68: =IFERROR(LEFT(RIGHT(C68,LEN(C68)-SEARCH("@",C68)),SEARCH("/",RIGHT(C68,LEN(C68)-SEARCH("@",C68)-1))),"") -> 02 EE2 34 | B68: =LEFT(RIGHT(RIGHT(Tableau4[[#This Row],[file name]],LEN(Tableau4[[#This Row],[file name]])-SEARCH("@",Tableau4[[#This Row],[file name]])),LEN(RIGHT(Tableau4[[#This Row],[file name]],LEN(Tableau4[[#This Row],[file name]])-SEARCH("@",Tableau4[[#This Row],[file name]])))-SEARCH("/",RIGHT(Tableau4[[#This Row],[file name]],LEN(Tableau4[[#This Row],[file name]])-SEARCH("@",Tableau4[[#This Row],[file name]])))),1) -> F | C68: D:\images\2022-CHG-NLO-dutasteride\plaque 1/@02 EE2 34/F2_01.tif | D68: 30.5614 | E68: 63.2222 | G68: 1932
A69: =IFERROR(LEFT(RIGHT(C69,LEN(C69)-SEARCH("@",C69)),SEARCH("/",RIGHT(C69,LEN(C69)-SEARCH("@",C69)-1))),"") -> 02 EE2 34 | B69: =LEFT(RIGHT(RIGHT(Tableau4[[#This Row],[file name]],LEN(Tableau4[[#This Row],[file name]])-SEARCH("@",Tableau4[[#This Row],[file name]])),LEN(RIGHT(Tableau4[[#This Row],[file name]],LEN(Tableau4[[#This Row],[file name]])-SEARCH("@",Tableau4[[#This Row],[file name]])))-SEARCH("/",RIGHT(Tableau4[[#This Row],[file name]],LEN(Tableau4[[#This Row],[file name]])-SEARCH("@",Tableau4[[#This Row],[file name]])))),1) -> F | C69: D:\images\2022-CHG-NLO-dutasteride\plaque 1/@02 EE2 34/F2_02.tif | D69: 19.5253 | E69: 64.0435 | G69: 1250
A70: =IFERROR(LEFT(RIGHT(C70,LEN(C70)-SEARCH("@",C70)),SEARCH("/",RIGHT(C70,LEN(C70)-SEARCH("@",C70)-1))),"") -> 02 EE2 34 | B70: =LEFT(RIGHT(RIGHT(Tableau4[[#This Row],[file name]],LEN(Tableau4[[#This Row],[file name]])-SEARCH("@",Tableau4[[#This Row],[file name]])),LEN(RIGHT(Tableau4[[#This Row],[file name]],LEN(Tableau4[[#This Row],[file name]])-SEARCH("@",Tableau4[[#This Row],[file name]])))-SEARCH("/",RIGHT(Tableau4[[#This Row],[file name]],LEN(Tableau4[[#This Row],[file name]])-SEARCH("@",Tableau4[[#This Row],[file name]])))),1) -> F | C70: D:\images\2022-CHG-NLO-dutasteride\plaque 1/@02 EE2 34/F2_03.tif | D70: 20.3743 | E70: 63.2083 | G70: 1288
A71: =IFERROR(LEFT(RIGHT(C71,LEN(C71)-SEARCH("@",C71)),SEARCH("/",RIGHT(C71,LEN(C71)-SEARCH("@",C71)-1))),"") -> 02 EE2 34 | B71: =LEFT(RIGHT(RIGHT(Tableau4[[#This Row],[file name]],LEN(Tableau4[[#This Row],[file name]])-SEARCH("@",Tableau4[[#This Row],[file name]])),LEN(RIGHT(Tableau4[[#This Row],[file name]],LEN(Tableau4[[#This Row],[file name]])-SEARCH("@",Tableau4[[#This Row],[file name]])))-SEARCH("/",RIGHT(Tableau4[[#This Row],[file name]],LEN(Tableau4[[#This Row],[file name]])-SEARCH("@",Tableau4[[#This Row],[file name]])))),1) -> G | C71: D:\images\2022-CHG-NLO-dutasteride\plaque 1/@02 EE2 34/G2_01.tif | D71: 39.0507 | E71: 63.1087 | G71: 2464
A72: =IFERROR(LEFT(RIGHT(C72,LEN(C72)-SEARCH("@",C72)),SEARCH("/",RIGHT(C72,LEN(C72)-SEARCH("@",C72)-1))),"") -> 02 EE2 34 | B72: =LEFT(RIGHT(RIGHT(Tableau4[[#This Row],[file name]],LEN(Tableau4[[#This Row],[file name]])-SEARCH("@",Tableau4[[#This Row],[file name]])),LEN(RIGHT(Tableau4[[#This Row],[file name]],LEN(Tableau4[[#This Row],[file name]])-SEARCH("@",Tableau4[[#This Row],[file name]])))-SEARCH("/",RIGHT(Tableau4[[#This Row],[file name]],LEN(Tableau4[[#This Row],[file name]])-SEARCH("@",Tableau4[[#This Row],[file name]])))),1) -> G | C72: D:\images\2022-CHG-NLO-dutasteride\plaque 1/@02 EE2 34/G2_02.tif | D72: 140.922 | E72: 68.494 | G72: 9652
A73: =IFERROR(LEFT(RIGHT(C73,LEN(C73)-SEARCH("@",C73)),SEARCH("/",RIGHT(C73,LEN(C73)-SEARCH("@",C73)-1))),"") -> 02 EE2 34 | B73: =LEFT(RIGHT(RIGHT(Tableau4[[#This Row],[file name]],LEN(Tableau4[[#This Row],[file name]])-SEARCH("@",Tableau4[[#This Row],[file name]])),LEN(RIGHT(Tableau4[[#This Row],[file name]],LEN(Tableau4[[#This Row],[file name]])-SEARCH("@",Tableau4[[#This Row],[file name]])))-SEARCH("/",RIGHT(Tableau4[[#This Row],[file name]],LEN(Tableau4[[#This Row],[file name]])-SEARCH("@",Tableau4[[#This Row],[file name]])))),1) -> G | C73: D:\images\2022-CHG-NLO-dutasteride\plaque 1/@02 EE2 34/G2_03.tif | D73: 131.5838 | E73: 65.5161 | G73: 8621
A74: =IFERROR(LEFT(RIGHT(C74,LEN(C74)-SEARCH("@",C74)),SEARCH("/",RIGHT(C74,LEN(C74)-SEARCH("@",C74)-1))),"") -> 02 EE2 34 | B74: =LEFT(RIGHT(RIGHT(Tableau4[[#This Row],[file name]],LEN(Tableau4[[#This Row],[file name]])-SEARCH("@",Tableau4[[#This Row],[file name]])),LEN(RIGHT(Tableau4[[#This Row],[file name]],LEN(Tableau4[[#This Row],[file name]])-SEARCH("@",Tableau4[[#This Row],[file name]])))-SEARCH("/",RIGHT(Tableau4[[#This Row],[file name]],LEN(Tableau4[[#This Row],[file name]])-SEARCH("@",Tableau4[[#This Row],[file name]])))),1) -> H | C74: D:\images\2022-CHG-NLO-dutasteride\plaque 1/@02 EE2 34/H2_01.tif | D74: 7.6404 | E74: 64.8889 | G74: 496
A75: =IFERROR(LEFT(RIGHT(C75,LEN(C75)-SEARCH("@",C75)),SEARCH("/",RIGHT(C75,LEN(C75)-SEARCH("@",C75)-1))),"") -> 02 EE2 34 | B75: =LEFT(RIGHT(RIGHT(Tableau4[[#This Row],[file name]],LEN(Tableau4[[#This Row],[file name]])-SEARCH("@",Tableau4[[#This Row],[file name]])),LEN(RIGHT(Tableau4[[#This Row],[file name]],LEN(Tableau4[[#This Row],[file name]])-SEARCH("@",Tableau4[[#This Row],[file name]])))-SEARCH("/",RIGHT(Tableau4[[#This Row],[file name]],LEN(Tableau4[[#This Row],[file name]])-SEARCH("@",Tableau4[[#This Row],[file name]])))),1) -> H | C75: D:\images\2022-CHG-NLO-dutasteride\plaque 1/@02 EE2 34/H2_02.tif | D75: 20.3743 | E75: 65.875 | G75: 1342
A76: =IFERROR(LEFT(RIGHT(C76,LEN(C76)-SEARCH("@",C76)),SEARCH("/",RIGHT(C76,LEN(C76)-SEARCH("@",C76)-1))),"") -> 02 EE2 34 | B76: =LEFT(RIGHT(RIGHT(Tableau4[[#This Row],[file name]],LEN(Tableau4[[#This Row],[file name]])-SEARCH("@",Tableau4[[#This Row],[file name]])),LEN(RIGHT(Tableau4[[#This Row],[file name]],LEN(Tableau4[[#This Row],[file name]])-SEARCH("@",Tableau4[[#This Row],[file name]])))-SEARCH("/",RIGHT(Tableau4[[#This Row],[file name]],LEN(Tableau4[[#This Row],[file name]])-SEARCH("@",Tableau4[[#This Row],[file name]])))),1) -> H | C76: D:\images\2022-CHG-NLO-dutasteride\plaque 1/@02 EE2 34/H2_03.tif | D76: 21.2232 | E76: 63.84 | G76: 1355
A77: =IFERROR(LEFT(RIGHT(C77,LEN(C77)-SEARCH("@",C77)),SEARCH("/",RIGHT(C77,LEN(C77)-SEARCH("@",C77)-1))),"") | B77: =LEFT(RIGHT(RIGHT(Tableau4[[#This Row],[file name]],LEN(Tableau4[[#This Row],[file name]])-SEARCH("@",Tableau4[[#This Row],[file name]])),LEN(RIGHT(Tableau4[[#This Row],[file name]],LEN(Tableau4[[#This Row],[file name]])-SEARCH("@",Tableau4[[#This Row],[file name]])))-SEARCH("/",RIGHT(Tableau4[[#This Row],[file name]],LEN(Tableau4[[#This Row],[file name]])-SEARCH("@",Tableau4[[#This Row],[file name]])))),1) -> #VALUE!
A78: =IFERROR(LEFT(RIGHT(C78,LEN(C78)-SEARCH("@",C78)),SEARCH("/",RIGHT(C78,LEN(C78)-SEARCH("@",C78)-1))),"") | B78: =LEFT(RIGHT(RIGHT(Tableau4[[#This Row],[file name]],LEN(Tableau4[[#This Row],[file name]])-SEARCH("@",Tableau4[[#This Row],[file name]])),LEN(RIGHT(Tableau4[[#This Row],[file name]],LEN(Tableau4[[#This Row],[file name]])-SEARCH("@",Tableau4[[#This Row],[file name]])))-SEARCH("/",RIGHT(Tableau4[[#This Row],[file name]],LEN(Tableau4[[#This Row],[file name]])-SEARCH("@",Tableau4[[#This Row],[file name]])))),1) -> #VALUE! | C78: group | E78: mean of mean fluo | F78: SD mean fluo | G78: mean of total fluo | H78: SD total fluo | I78: n fluorescent | J78: n total
A79: =IFERROR(LEFT(RIGHT(C79,LEN(C79)-SEARCH("@",C79)),SEARCH("/",RIGHT(C79,LEN(C79)-SEARCH("@",C79)-1))),"") -> 02 EE2 34 | B79: =LEFT(RIGHT(RIGHT(Tableau4[[#This Row],[file name]],LEN(Tableau4[[#This Row],[file name]])-SEARCH("@",Tableau4[[#This Row],[file name]])),LEN(RIGHT(Tableau4[[#This Row],[file name]],LEN(Tableau4[[#This Row],[file name]])-SEARCH("@",Tableau4[[#This Row],[file name]])))-SEARCH("/",RIGHT(Tableau4[[#This Row],[file name]],LEN(Tableau4[[#This Row],[file name]])-SEARCH("@",Tableau4[[#This Row],[file name]])))),1) | C79: D:\images\2022-CHG-NLO-dutasteride\plaque 1/@02 EE2 34/ | E79: 64.3447 | F79: 1.4831 | G79: 2061.5417 | H79: 2793.3334 | I79: 24 | J79: 24
A80: =IFERROR(LEFT(RIGHT(C80,LEN(C80)-SEARCH("@",C80)),SEARCH("/",RIGHT(C80,LEN(C80)-SEARCH("@",C80)-1))),"") | B80: =LEFT(RIGHT(RIGHT(Tableau4[[#This Row],[file name]],LEN(Tableau4[[#This Row],[file name]])-SEARCH("@",Tableau4[[#This Row],[file name]])),LEN(RIGHT(Tableau4[[#This Row],[file name]],LEN(Tableau4[[#This Row],[file name]])-SEARCH("@",Tableau4[[#This Row],[file name]])))-SEARCH("/",RIGHT(Tableau4[[#This Row],[file name]],LEN(Tableau4[[#This Row],[file name]])-SEARCH("@",Tableau4[[#This Row],[file name]])))),1) -> #VALUE!
A81: =IFERROR(LEFT(RIGHT(C81,LEN(C81)-SEARCH("@",C81)),SEARCH("/",RIGHT(C81,LEN(C81)-SEARCH("@",C81)-1))),"") | B81: =LEFT(RIGHT(RIGHT(Tableau4[[#This Row],[file name]],LEN(Tableau4[[#This Row],[file name]])-SEARCH("@",Tableau4[[#This Row],[file name]])),LEN(RIGHT(Tableau4[[#This Row],[file name]],LEN(Tableau4[[#This Row],[file name]])-SEARCH("@",Tableau4[[#This Row],[file name]])))-SEARCH("/",RIGHT(Tableau4[[#This Row],[file name]],LEN(Tableau4[[#This Row],[file name]])-SEARCH("@",Tableau4[[#This Row],[file name]])))),1) -> #VALUE!
A82: =IFERROR(LEFT(RIGHT(C82,LEN(C82)-SEARCH("@",C82)),SEARCH("/",RIGHT(C82,LEN(C82)-SEARCH("@",C82)-1))),"") | B82: =LEFT(RIGHT(RIGHT(Tableau4[[#This Row],[file name]],LEN(Tableau4[[#This Row],[file name]])-SEARCH("@",Tableau4[[#This Row],[file name]])),LEN(RIGHT(Tableau4[[#This Row],[file name]],LEN(Tableau4[[#This Row],[file name]])-SEARCH("@",Tableau4[[#This Row],[file name]])))-SEARCH("/",RIGHT(Tableau4[[#This Row],[file name]],LEN(Tableau4[[#This Row],[file name]])-SEARCH("@",Tableau4[[#This Row],[file name]])))),1) -> #VALUE!
A83: =IFERROR(LEFT(RIGHT(C83,LEN(C83)-SEARCH("@",C83)),SEARCH("/",RIGHT(C83,LEN(C83)-SEARCH("@",C83)-1))),"") | B83: =LEFT(RIGHT(RIGHT(Tableau4[[#This Row],[file name]],LEN(Tableau4[[#This Row],[file name]])-SEARCH("@",Tableau4[[#This Row],[file name]])),LEN(RIGHT(Tableau4[[#This Row],[file name]],LEN(Tableau4[[#This Row],[file name]])-SEARCH("@",Tableau4[[#This Row],[file name]])))-SEARCH("/",RIGHT(Tableau4[[#This Row],[file name]],LEN(Tableau4[[#This Row],[file name]])-SEARCH("@",Tableau4[[#This Row],[file name]])))),1) -> #VALUE!
A84: =IFERROR(LEFT(RIGHT(C84,LEN(C84)-SEARCH("@",C84)),SEARCH("/",RIGHT(C84,LEN(C84)-SEARCH("@",C84)-1))),"") | B84: =LEFT(RIGHT(RIGHT(Tableau4[[#This Row],[file name]],LEN(Tableau4[[#This Row],[file name]])-SEARCH("@",Tableau4[[#This Row],[file name]])),LEN(RIGHT(Tableau4[[#This Row],[file name]],LEN(Tableau4[[#This Row],[file name]])-SEARCH("@",Tableau4[[#This Row],[file name]])))-SEARCH("/",RIGHT(Tableau4[[#This Row],[file name]],LEN(Tableau4[[#This Row],[file name]])-SEARCH("@",Tableau4[[#This Row],[file name]])))),1) -> #VALUE!
A85: =IFERROR(LEFT(RIGHT(C85,LEN(C85)-SEARCH("@",C85)),SEARCH("/",RIGHT(C85,LEN(C85)-SEARCH("@",C85)-1))),"") | B85: =LEFT(RIGHT(RIGHT(Tableau4[[#This Row],[file name]],LEN(Tableau4[[#This Row],[file name]])-SEARCH("@",Tableau4[[#This Row],[file name]])),LEN(RIGHT(Tableau4[[#This Row],[file name]],LEN(Tableau4[[#This Row],[file name]])-SEARCH("@",Tableau4[[#This Row],[file name]])))-SEARCH("/",RIGHT(Tableau4[[#This Row],[file name]],LEN(Tableau4[[#This Row],[file name]])-SEARCH("@",Tableau4[[#This Row],[file name]])))),1) -> #VALUE! | C85: file name | D85: total area | E85: mean intensity | G85: total fluorescence
A86: =IFERROR(LEFT(RIGHT(C86,LEN(C86)-SEARCH("@",C86)),SEARCH("/",RIGHT(C86,LEN(C86)-SEARCH("@",C86)-1))),"") -> 03 EE2 51 | B86: =LEFT(RIGHT(RIGHT(Tableau4[[#This Row],[file name]],LEN(Tableau4[[#This Row],[file name]])-SEARCH("@",Tableau4[[#This Row],[file name]])),LEN(RIGHT(Tableau4[[#This Row],[file name]],LEN(Tableau4[[#This Row],[file name]])-SEARCH("@",Tableau4[[#This Row],[file name]])))-SEARCH("/",RIGHT(Tableau4[[#This Row],[file name]],LEN(Tableau4[[#This Row],[file name]])-SEARCH("@",Tableau4[[#This Row],[file name]])))),1) -> A | C86: D:\images\2022-CHG-NLO-dutasteride\plaque 1/@03 EE2 51/A3_01.tif | D86: 11.885 | E86: 64.2143 | G86: 763
A87: =IFERROR(LEFT(RIGHT(C87,LEN(C87)-SEARCH("@",C87)),SEARCH("/",RIGHT(C87,LEN(C87)-SEARCH("@",C87)-1))),"") -> 03 EE2 51 | B87: =LEFT(RIGHT(RIGHT(Tableau4[[#This Row],[file name]],LEN(Tableau4[[#This Row],[file name]])-SEARCH("@",Tableau4[[#This Row],[file name]])),LEN(RIGHT(Tableau4[[#This Row],[file name]],LEN(Tableau4[[#This Row],[file name]])-SEARCH("@",Tableau4[[#This Row],[file name]])))-SEARCH("/",RIGHT(Tableau4[[#This Row],[file name]],LEN(Tableau4[[#This Row],[file name]])-SEARCH("@",Tableau4[[#This Row],[file name]])))),1) -> A | C87: D:\images\2022-CHG-NLO-dutasteride\plaque 1/@03 EE2 51/A3_02.tif | D87: 19.5253 | E87: 65.5652 | G87: 1280
A88: =IFERROR(LEFT(RIGHT(C88,LEN(C88)-SEARCH("@",C88)),SEARCH("/",RIGHT(C88,LEN(C88)-SEARCH("@",C88)-1))),"") -> 03 EE2 51 | B88: =LEFT(RIGHT(RIGHT(Tableau4[[#This Row],[file name]],LEN(Tableau4[[#This Row],[file name]])-SEARCH("@",Tableau4[[#This Row],[file name]])),LEN(RIGHT(Tableau4[[#This Row],[file name]],LEN(Tableau4[[#This Row],[file name]])-SEARCH("@",Tableau4[[#This Row],[file name]])))-SEARCH("/",RIGHT(Tableau4[[#This Row],[file name]],LEN(Tableau4[[#This Row],[file name]])-SEARCH("@",Tableau4[[#This Row],[file name]])))),1) -> A | C88: D:\images\2022-CHG-NLO-dutasteride\plaque 1/@03 EE2 51/A3_03.tif | D88: 7.6404 | E88: 62.7778 | G88: 480
A89: =IFERROR(LEFT(RIGHT(C89,LEN(C89)-SEARCH("@",C89)),SEARCH("/",RIGHT(C89,LEN(C89)-SEARCH("@",C89)-1))),"") -> 03 EE2 51 | B89: =LEFT(RIGHT(RIGHT(Tableau4[[#This Row],[file name]],LEN(Tableau4[[#This Row],[file name]])-SEARCH("@",Tableau4[[#This Row],[file name]])),LEN(RIGHT(Tableau4[[#This Row],[file name]],LEN(Tableau4[[#This Row],[file name]])-SEARCH("@",Tableau4[[#This Row],[file name]])))-SEARCH("/",RIGHT(Tableau4[[#This Row],[file name]],LEN(Tableau4[[#This Row],[file name]])-SEARCH("@",Tableau4[[#This Row],[file name]])))),1) -> B | C89: D:\images\2022-CHG-NLO-dutasteride\plaque 1/@03 EE2 51/B3_01.tif | D89: 21.2232 | E89: 63.92 | G89: 1357
A90: =IFERROR(LEFT(RIGHT(C90,LEN(C90)-SEARCH("@",C90)),SEARCH("/",RIGHT(C90,LEN(C90)-SEARCH("@",C90)-1))),"") -> 03 EE2 51 | B90: =LEFT(RIGHT(RIGHT(Tableau4[[#This Row],[file name]],LEN(Tableau4[[#This Row],[file name]])-SEARCH("@",Tableau4[[#This Row],[file name]])),LEN(RIGHT(Tableau4[[#This Row],[file name]],LEN(Tableau4[[#This Row],[file name]])-SEARCH("@",Tableau4[[#This Row],[file name]])))-SEARCH("/",RIGHT(Tableau4[[#This Row],[file name]],LEN(Tableau4[[#This Row],[file name]])-SEARCH("@",Tableau4[[#This Row],[file name]])))),1) -> B | C90: D:\images\2022-CHG-NLO-dutasteride\plaque 1/@03 EE2 51/B3_02.tif | D90: 17.8275 | E90: 61.9524 | G90: 1104
A91: =IFERROR(LEFT(RIGHT(C91,LEN(C91)-SEARCH("@",C91)),SEARCH("/",RIGHT(C91,LEN(C91)-SEARCH("@",C91)-1))),"") -> 03 EE2 51 | B91: =LEFT(RIGHT(RIGHT(Tableau4[[#This Row],[file name]],LEN(Tableau4[[#This Row],[file name]])-SEARCH("@",Tableau4[[#This Row],[file name]])),LEN(RIGHT(Tableau4[[#This Row],[file name]],LEN(Tableau4[[#This Row],[file name]])-SEARCH("@",Tableau4[[#This Row],[file name]])))-SEARCH("/",RIGHT(Tableau4[[#This Row],[file name]],LEN(Tableau4[[#This Row],[file name]])-SEARCH("@",Tableau4[[#This Row],[file name]])))),1) -> B | C91: D:\images\2022-CHG-NLO-dutasteride\plaque 1/@03 EE2 51/B3_03.tif | D91: 13.5828 | E91: 63.25 | G91: 859
A92: =IFERROR(LEFT(RIGHT(C92,LEN(C92)-SEARCH("@",C92)),SEARCH("/",RIGHT(C92,LEN(C92)-SEARCH("@",C92)-1))),"") -> 03 EE2 51 | B92: =LEFT(RIGHT(RIGHT(Tableau4[[#This Row],[file name]],LEN(Tableau4[[#This Row],[file name]])-SEARCH("@",Tableau4[[#This Row],[file name]])),LEN(RIGHT(Tableau4[[#This Row],[file name]],LEN(Tableau4[[#This Row],[file name]])-SEARCH("@",Tableau4[[#This Row],[file name]])))-SEARCH("/",RIGHT(Tableau4[[#This Row],[file name]],LEN(Tableau4[[#This Row],[file name]])-SEARCH("@",Tableau4[[#This Row],[file name]])))),1) -> C | C92: D:\images\2022-CHG-NLO-dutasteride\plaque 1/@03 EE2 51/C3_01.tif | D92: 8.4893 | E92: 62.5 | G92: 531
A93: =IFERROR(LEFT(RIGHT(C93,LEN(C93)-SEARCH("@",C93)),SEARCH("/",RIGHT(C93,LEN(C93)-SEARCH("@",C93)-1))),"") -> 03 EE2 51 | B93: =LEFT(RIGHT(RIGHT(Tableau4[[#This Row],[file name]],LEN(Tableau4[[#This Row],[file name]])-SEARCH("@",Tableau4[[#This Row],[file name]])),LEN(RIGHT(Tableau4[[#This Row],[file name]],LEN(Tableau4[[#This Row],[file name]])-SEARCH("@",Tableau4[[#This Row],[file name]])))-SEARCH("/",RIGHT(Tableau4[[#This Row],[file name]],LEN(Tableau4[[#This Row],[file name]])-SEARCH("@",Tableau4[[#This Row],[file name]])))),1) -> C | C93: D:\images\2022-CHG-NLO-dutasteride\plaque 1/@03 EE2 51/C3_02.tif | D93: 6.7914 | E93: 63.125 | G93: 429
A94: =IFERROR(LEFT(RIGHT(C94,LEN(C94)-SEARCH("@",C94)),SEARCH("/",RIGHT(C94,LEN(C94)-SEARCH("@",C94)-1))),"") -> 03 EE2 51 | B94: =LEFT(RIGHT(RIGHT(Tableau4[[#This Row],[file name]],LEN(Tableau4[[#This Row],[file name]])-SEARCH("@",Tableau4[[#This Row],[file name]])),LEN(RIGHT(Tableau4[[#This Row],[file name]],LEN(Tableau4[[#This Row],[file name]])-SEARCH("@",Tableau4[[#This Row],[file name]])))-SEARCH("/",RIGHT(Tableau4[[#This Row],[file name]],LEN(Tableau4[[#This Row],[file name]])-SEARCH("@",Tableau4[[#This Row],[file name]])))),1) -> C | C94: D:\images\2022-CHG-NLO-dutasteride\plaque 1/@03 EE2 51/C3_03.tif | D94: 9.3382 | E94: 63.5455 | G94: 593
A95: =IFERROR(LEFT(RIGHT(C95,LEN(C95)-SEARCH("@",C95)),SEARCH("/",RIGHT(C95,LEN(C95)-SEARCH("@",C95)-1))),"") -> 03 EE2 51 | B95: =LEFT(RIGHT(RIGHT(Tableau4[[#This Row],[file name]],LEN(Tableau4[[#This Row],[file name]])-SEARCH("@",Tableau4[[#This Row],[file name]])),LEN(RIGHT(Tableau4[[#This Row],[file name]],LEN(Tableau4[[#This Row],[file name]])-SEARCH("@",Tableau4[[#This Row],[file name]])))-SEARCH("/",RIGHT(Tableau4[[#This Row],[file name]],LEN(Tableau4[[#This Row],[file name]])-SEARCH("@",Tableau4[[#This Row],[file name]])))),1) -> D | C95: D:\images\2022-CHG-NLO-dutasteride\plaque 1/@03 EE2 51/D3_01.tif | D95: 84.0439 | E95: 62.7778 | G95: 5276
A96: =IFERROR(LEFT(RIGHT(C96,LEN(C96)-SEARCH("@",C96)),SEARCH("/",RIGHT(C96,LEN(C96)-SEARCH("@",C96)-1))),"") -> 03 EE2 51 | B96: =LEFT(RIGHT(RIGHT(Tableau4[[#This Row],[file name]],LEN(Tableau4[[#This Row],[file name]])-SEARCH("@",Tableau4[[#This Row],[file name]])),LEN(RIGHT(Tableau4[[#This Row],[file name]],LEN(Tableau4[[#This Row],[file name]])-SEARCH("@",Tableau4[[#This Row],[file name]])))-SEARCH("/",RIGHT(Tableau4[[#This Row],[file name]],LEN(Tableau4[[#This Row],[file name]])-SEARCH("@",Tableau4[[#This Row],[file name]])))),1) -> D | C96: D:\images\2022-CHG-NLO-dutasteride\plaque 1/@03 EE2 51/D3_02.tif | D96: 19.5253 | E96: 62.7391 | G96: 1225
A97: =IFERROR(LEFT(RIGHT(C97,LEN(C97)-SEARCH("@",C97)),SEARCH("/",RIGHT(C97,LEN(C97)-SEARCH("@",C97)-1))),"") -> 03 EE2 51 | B97: =LEFT(RIGHT(RIGHT(Tableau4[[#This Row],[file name]],LEN(Tableau4[[#This Row],[file name]])-SEARCH("@",Tableau4[[#This Row],[file name]])),LEN(RIGHT(Tableau4[[#This Row],[file name]],LEN(Tableau4[[#This Row],[file name]])-SEARCH("@",Tableau4[[#This Row],[file name]])))-SEARCH("/",RIGHT(Tableau4[[#This Row],[file name]],LEN(Tableau4[[#This Row],[file name]])-SEARCH("@",Tableau4[[#This Row],[file name]])))),1) -> D | C97: D:\images\2022-CHG-NLO-dutasteride\plaque 1/@03 EE2 51/D3_03- exclu.tif
A98: =IFERROR(LEFT(RIGHT(C98,LEN(C98)-SEARCH("@",C98)),SEARCH("/",RIGHT(C98,LEN(C98)-SEARCH("@",C98)-1))),"") -> 03 EE2 51 | B98: =LEFT(RIGHT(RIGHT(Tableau4[[#This Row],[file name]],LEN(Tableau4[[#This Row],[file name]])-SEARCH("@",Tableau4[[#This Row],[file name]])),LEN(RIGHT(Tableau4[[#This Row],[file name]],LEN(Tableau4[[#This Row],[file name]])-SEARCH("@",Tableau4[[#This Row],[file name]])))-SEARCH("/",RIGHT(Tableau4[[#This Row],[file name]],LEN(Tableau4[[#This Row],[file name]])-SEARCH("@",Tableau4[[#This Row],[file name]])))),1) -> E | C98: D:\images\2022-CHG-NLO-dutasteride\plaque 1/@03 EE2 51/E3_01.tif | D98: 139.2242 | E98: 65.5305 | G98: 9123
A99: =IFERROR(LEFT(RIGHT(C99,LEN(C99)-SEARCH("@",C99)),SEARCH("/",RIGHT(C99,LEN(C99)-SEARCH("@",C99)-1))),"") -> 03 EE2 51 | B99: =LEFT(RIGHT(RIGHT(Tableau4[[#This Row],[file name]],LEN(Tableau4[[#This Row],[file name]])-SEARCH("@",Tableau4[[#This Row],[file name]])),LEN(RIGHT(Tableau4[[#This Row],[file name]],LEN(Tableau4[[#This Row],[file name]])-SEARCH("@",Tableau4[[#This Row],[file name]])))-SEARCH("/",RIGHT(Tableau4[[#This Row],[file name]],LEN(Tableau4[[#This Row],[file name]])-SEARCH("@",Tableau4[[#This Row],[file name]])))),1) -> E | C99: D:\images\2022-CHG-NLO-dutasteride\plaque 1/@03 EE2 51/E3_02.tif | D99: 211.383 | E99: 66.5382 | G99: 14065
A100: =IFERROR(LEFT(RIGHT(C100,LEN(C100)-SEARCH("@",C100)),SEARCH("/",RIGHT(C100,LEN(C100)-SEARCH("@",C100)-1))),"") -> 03 EE2 51 | B100: =LEFT(RIGHT(RIGHT(Tableau4[[#This Row],[file name]],LEN(Tableau4[[#This Row],[file name]])-SEARCH("@",Tableau4[[#This Row],[file name]])),LEN(RIGHT(Tableau4[[#This Row],[file name]],LEN(Tableau4[[#This Row],[file name]])-SEARCH("@",Tableau4[[#This Row],[file name]])))-SEARCH("/",RIGHT(Tableau4[[#This Row],[file name]],LEN(Tableau4[[#This Row],[file name]])-SEARCH("@",Tableau4[[#This Row],[file name]])))),1) -> E | C100: D:\images\2022-CHG-NLO-dutasteride\plaque 1/@03 EE2 51/E3_03.tif | D100: 76.4035 | E100: 64.8111 | G100: 4952
A101: =IFERROR(LEFT(RIGHT(C101,LEN(C101)-SEARCH("@",C101)),SEARCH("/",RIGHT(C101,LEN(C101)-SEARCH("@",C101)-1))),"") -> 03 EE2 51 | B101: =LEFT(RIGHT(RIGHT(Tableau4[[#This Row],[file name]],LEN(Tableau4[[#This Row],[file name]])-SEARCH("@",Tableau4[[#This Row],[file name]])),LEN(RIGHT(Tableau4[[#This Row],[file name]],LEN(Tableau4[[#This Row],[file name]])-SEARCH("@",Tableau4[[#This Row],[file name]])))-SEARCH("/",RIGHT(Tableau4[[#This Row],[file name]],LEN(Tableau4[[#This Row],[file name]])-SEARCH("@",Tableau4[[#This Row],[file name]])))),1) -> F | C101: D:\images\2022-CHG-NLO-dutasteride\plaque 1/@03 EE2 51/F3_01.tif | D101: 11.885 | E101: 64.5 | G101: 767
A102: =IFERROR(LEFT(RIGHT(C102,LEN(C102)-SEARCH("@",C102)),SEARCH("/",RIGHT(C102,LEN(C102)-SEARCH("@",C102)-1))),"") -> 03 EE2 51 | B102: =LEFT(RIGHT(RIGHT(Tableau4[[#This Row],[file name]],LEN(Tableau4[[#This Row],[file name]])-SEARCH("@",Tableau4[[#This Row],[file name]])),LEN(RIGHT(Tableau4[[#This Row],[file name]],LEN(Tableau4[[#This Row],[file name]])-SEARCH("@",Tableau4[[#This Row],[file name]])))-SEARCH("/",RIGHT(Tableau4[[#This Row],[file name]],LEN(Tableau4[[#This Row],[file name]])-SEARCH("@",Tableau4[[#This Row],[file name]])))),1) -> F | C102: D:\images\2022-CHG-NLO-dutasteride\plaque 1/@03 EE2 51/F3_02.tif | D102: 8.4893 | E102: 65.4 | G102: 555
A103: =IFERROR(LEFT(RIGHT(C103,LEN(C103)-SEARCH("@",C103)),SEARCH("/",RIGHT(C103,LEN(C103)-SEARCH("@",C103)-1))),"") -> 03 EE2 51 | B103: =LEFT(RIGHT(RIGHT(Tableau4[[#This Row],[file name]],LEN(Tableau4[[#This Row],[file name]])-SEARCH("@",Tableau4[[#This Row],[file name]])),LEN(RIGHT(Tableau4[[#This Row],[file name]],LEN(Tableau4[[#This Row],[file name]])-SEARCH("@",Tableau4[[#This Row],[file name]])))-SEARCH("/",RIGHT(Tableau4[[#This Row],[file name]],LEN(Tableau4[[#This Row],[file name]])-SEARCH("@",Tableau4[[#This Row],[file name]])))),1) -> F | C103: D:\images\2022-CHG-NLO-dutasteride\plaque 1/@03 EE2 51/F3_03.tif | D103: 17.8275 | E103: 64.4762 | G103: 1149
A104: =IFERROR(LEFT(RIGHT(C104,LEN(C104)-SEARCH("@",C104)),SEARCH("/",RIGHT(C104,LEN(C104)-SEARCH("@",C104)-1))),"") -> 03 EE2 51 | B104: =LEFT(RIGHT(RIGHT(Tableau4[[#This Row],[file name]],LEN(Tableau4[[#This Row],[file name]])-SEARCH("@",Tableau4[[#This Row],[file name]])),LEN(RIGHT(Tableau4[[#This Row],[file name]],LEN(Tableau4[[#This Row],[file name]])-SEARCH("@",Tableau4[[#This Row],[file name]])))-SEARCH("/",RIGHT(Tableau4[[#This Row],[file name]],LEN(Tableau4[[#This Row],[file name]])-SEARCH("@",Tableau4[[#This Row],[file name]])))),1) -> G | C104: D:\images\2022-CHG-NLO-dutasteride\plaque 1/@03 EE2 51/G3_01.tif | D104: 26.3168 | E104: 64.7742 | G104: 1705
A105: =IFERROR(LEFT(RIGHT(C105,LEN(C105)-SEARCH("@",C105)),SEARCH("/",RIGHT(C105,LEN(C105)-SEARCH("@",C105)-1))),"") -> 03 EE2 51 | B105: =LEFT(RIGHT(RIGHT(Tableau4[[#This Row],[file name]],LEN(Tableau4[[#This Row],[file name]])-SEARCH("@",Tableau4[[#This Row],[file name]])),LEN(RIGHT(Tableau4[[#This Row],[file name]],LEN(Tableau4[[#This Row],[file name]])-SEARCH("@",Tableau4[[#This Row],[file name]])))-SEARCH("/",RIGHT(Tableau4[[#This Row],[file name]],LEN(Tableau4[[#This Row],[file name]])-SEARCH("@",Tableau4[[#This Row],[file name]])))),1) -> G | C105: D:\images\2022-CHG-NLO-dutasteride\plaque 1/@03 EE2 51/G3_02.tif | D105: 16.1296 | E105: 63.4211 | G105: 1023
A106: =IFERROR(LEFT(RIGHT(C106,LEN(C106)-SEARCH("@",C106)),SEARCH("/",RIGHT(C106,LEN(C106)-SEARCH("@",C106)-1))),"") -> 03 EE2 51 | B106: =LEFT(RIGHT(RIGHT(Tableau4[[#This Row],[file name]],LEN(Tableau4[[#This Row],[file name]])-SEARCH("@",Tableau4[[#This Row],[file name]])),LEN(RIGHT(Tableau4[[#This Row],[file name]],LEN(Tableau4[[#This Row],[file name]])-SEARCH("@",Tableau4[[#This Row],[file name]])))-SEARCH("/",RIGHT(Tableau4[[#This Row],[file name]],LEN(Tableau4[[#This Row],[file name]])-SEARCH("@",Tableau4[[#This Row],[file name]])))),1) -> G | C106: D:\images\2022-CHG-NLO-dutasteride\plaque 1/@03 EE2 51/G3_03.tif | D106: 6.7914 | E106: 64.625 | G106: 439
...

Sheet R1
A1: 3. Expérimentateur 1 : copier et coller les valeurs des intensités totales de fluorescences obtenues dans le fichier raw data lors du traitement des images.
A3: R1 | B3: Non dopé | O3: avec testo
A4: Noms des groupes | B4: ='Page de garde'!A7 -> Témoin solvant | C4: ='Page de garde'!A9 -> EE2-33.8ng/L | D4: ='Page de garde'!A10 -> EE2-50.6ng/L | E4: ='Page de garde'!A11 -> EE2-76ng/L | F4: ='Page de garde'!A12 -> EE2-114ng/L | G4: ='Page de garde'!A13 -> EE2-170.9ng/L | H4: ='Page de garde'!A14 -> EE2-488ng/L | I4: ='Page de garde'!A15 -> Dutasteride-0,01mg/L | J4: ='Page de garde'!A16 -> Dutasteride-0,1mg/L | K4: ='Page de garde'!A17 -> Dutasteride-0,25mg/L | L4: ='Page de garde'!A18 -> Dutasteride-0,5mg/L | M4: ='Page de garde'!A19 -> Dutasteride-1mg/L | O4: ='Page de garde'!A36 -> Testo -30µg/L | P4: ='Page de garde'!A37 -> Testo 30µg/L + EE2 -64ng/L | Q4: ='Page de garde'!A38 -> Testo 30µg/L + FAD-10µg/L | R4: ='Page de garde'!A39 -> Dutasteride-0.01mg/L + Testostérone | S4: ='Page de garde'!A40 -> Dutasteride-0.1mg/L + Testostérone | T4: ='Page de garde'!A41 -> Dutasteride-0.25mg/L + Testostérone | U4: ='Page de garde'!A42 -> Dutasteride-0.5mg/L + Testostérone | V4: ='Page de garde'!A43 -> Dutasteride-1mg/L + Testostérone
A5: Données brutes | B5: 898.33333 | C5: 1228.6667 | D5: 841 | E5: 4087 | F5: 23266.667 | G5: 76987 | H5: 289398.67 | I5: 25658.333 | J5: 4114.6667 | K5: 7253 | M5: 736 | O5: 87488 | P5: 179834 | Q5: 2703 | R5: 132753.67 | S5: 99442.667 | T5: 144318.67 | U5: 127357.5 | V5: 113581
B6: 655.33333 | C6: 299 | D6: 1106.6667 | E6: 32840.667 | F6: 21138.333 | G6: 160526.67 | H6: 220805.33 | I6: 890 | J6: 508.33333 | K6: 1929 | L6: 815.66667 | M6: 544.66667 | O6: 27740 | P6: 85611.667 | Q6: 1804.6667 | R6: 2280 | S6: 71544.667 | T6: 13125.333 | U6: 135077 | V6: 81609.667
B7: 7962 | C7: 3989 | D7: 517.66667 | E7: 1876.5 | F7: 24673.667 | G7: 101078.33 | H7: 150270.67 | I7: 840.66667 | J7: 936 | K7: 4509.6667 | L7: 3784.3333 | M7: 358 | O7: 128175.5 | P7: 134675 | Q7: 925.66667 | R7: 33958 | S7: 118920.67 | T7: 36777.667 | U7: 80494.667 | V7: 77971
B8: 2038.6667 | C8: 622.66667 | D8: 3250.5 | E8: 1802.6667 | F8: 70945.333 | G8: 4761 | H8: 48490 | I8: 740.66667 | J8: 582.66667 | K8: 544 | L8: 2303.6667 | M8: 7337 | O8: 113809 | P8: 119801 | Q8: 3260 | R8: 68780.333 | S8: 80031.667 | T8: 21010 | U8: 145377.67 | V8: 70565.333
B9: 3827.3333 | C9: 886.33333 | D9: 9380 | E9: 5211.3333 | F9: 31265 | G9: 128211.67 | H9: 184792.67 | I9: 882.33333 | J9: 10898.5 | K9: 1237 | L9: 473.33333 | M9: 538 | O9: 50367.333 | P9: 8001 | Q9: 4983.6667 | R9: 73197.667 | S9: 30221 | T9: 35624 | U9: 84514.333 | V9: 2584.3333
B10: 7548 | C10: 1490 | D10: 823.66667 | E10: 1377.6667 | F10: 52712 | G10: 95670 | H10: 117331.33 | I10: 1777.3333 | J10: 3746 | K10: 1305.6667 | L10: 6782 | M10: 28785 | O10: 42078 | P10: 126312.67 | Q10: 1286 | R10: 18571 | S10: 102472.67 | T10: 16015.333 | U10: 50323 | V10: 29598
B11: 8112 | C11: 6912.3333 | D11: 1055.6667 | E11: 5890.6667 | F11: 62986.333 | G11: 143495 | H11: 190470.33 | I11: 2602.6667 | J11: 7991.3333 | K11: 564 | L11: 628 | M11: 1659 | O11: 55672.333 | P11: 118578.33 | Q11: 1832 | R11: 427 | S11: 3385 | T11: 124834.33 | U11: 121794.67 | V11: 14828.667
B12: 643.66667 | C12: 1064.3333 | D12: 12822.333 | E12: 7090.3333 | F12: 64881.333 | G12: 138335 | H12: 165996.33 | I12: 2072 | J12: 662 | K12: 3253.6667 | L12: 652 | M12: 588 | O12: 31594 | P12: 115345 | Q12: 1432.3333 | R12: 76731 | S12: 24632 | T12: 87894.333 | U12: 96709 | V12: 31206.667
O13: 664.5
O14: 46034
O15: 86265.667
O16: 70306
O17: 36335
O18: 74464.667
O19: 12800
O20: 54967.333
A22: =A4 -> Noms des groupes | B22: =B4 -> Témoin solvant | C22: =C4 -> EE2-33.8ng/L | D22: =D4 -> EE2-50.6ng/L | E22: =E4 -> EE2-76ng/L | F22: =F4 -> EE2-114ng/L | G22: =G4 -> EE2-170.9ng/L | H22: =H4 -> EE2-488ng/L | ... M22: =M4 -> Dutasteride-1mg/L | N22: Nom des groupes | O22: =O4 -> Testo -30µg/L | P22: =P4 -> Testo 30µg/L + EE2 -64ng/L | Q22: =Q4 -> Testo 30µg/L + FAD-10µg/L | R22: =R4 -> Dutasteride-0.01mg/L + Testostérone | S22: =S4 -> Dutasteride-0.1mg/L + Testostérone | T22: =T4 -> Dutasteride-0.25mg/L + Testostérone | U22: =U4 -> Dutasteride-0.5mg/L + Testostérone | V22: =V4 -> Dutasteride-1mg/L + Testostérone
A23: mean | B23: =AVERAGE(B5:B20) -> 3960.6667 | C23: =AVERAGE(C5:C20) -> 2061.5417 | D23: =AVERAGE(D5:D20) -> 3724.6875 | E23: =AVERAGE(E5:E20) -> 7522.1042 | F23: =AVERAGE(F5:F20) -> 43983.583 | G23: =AVERAGE(G5:G20) -> 106133.08 | H23: =AVERAGE(H5:H20) -> 170944.42 | I23: =AVERAGE(I5:I20) -> 4433 | ... M23: =AVERAGE(M5:M20) -> 5068.2083 | N23: mean | O23: =AVERAGE(O5:O20) -> 57422.583 | P23: =AVERAGE(P5:P20) -> 111019.83 | Q23: =AVERAGE(Q5:Q20) -> 2278.4167 | R23: =AVERAGE(R5:R20) -> 50837.333 | S23: =AVERAGE(S5:S20) -> 66331.292 | T23: =AVERAGE(T5:T20) -> 59949.958 | U23: =AVERAGE(U5:U20) -> 105205.98 | V23: =AVERAGE(V5:V20) -> 52743.083
A24: SD | B24: =STDEV(B5:B20) -> 3404.4228 | C24: =STDEV(C5:C20) -> 2262.0493 | D24: =STDEV(D5:D20) -> 4720.3032 | E24: =STDEV(E5:E20) -> 10442.743 | F24: =STDEV(F5:F20) -> 20998.888 | G24: =STDEV(G5:G20) -> 49482.785 | H24: =STDEV(H5:H20) -> 71125.533 | I24: =STDEV(I5:I20) -> 8603.9032 | ... M24: =STDEV(M5:M20) -> 9865.292 | N24: SD | O24: =STDEV(O5:O20) -> 34647.951 | P24: =STDEV(P5:P20) -> 49193.828 | Q24: =STDEV(Q5:Q20) -> 1331.8388 | R24: =STDEV(R5:R20) -> 45399.415 | S24: =STDEV(S5:S20) -> 42068.148 | T24: =STDEV(T5:T20) -> 51929.586 | U24: =STDEV(U5:U20) -> 32502.857 | V24: =STDEV(V5:V20) -> 38621.843
B26: Non dopé | O26: avec testo
A27: Noms des groupes | B27: =B4 -> Témoin solvant | C27: =C4 -> EE2-33.8ng/L | D27: =D4 -> EE2-50.6ng/L | E27: =E4 -> EE2-76ng/L | F27: =F4 -> EE2-114ng/L | G27: =G4 -> EE2-170.9ng/L | H27: =H4 -> EE2-488ng/L | I27: =I4 -> Dutasteride-0,01mg/L | ... M27: =M4 -> Dutasteride-1mg/L | O27: =O4 -> Testo -30µg/L | P27: =P4 -> Testo 30µg/L + EE2 -64ng/L | Q27: =Q4 -> Testo 30µg/L + FAD-10µg/L | R27: =R4 -> Dutasteride-0.01mg/L + Testostérone | S27: =S4 -> Dutasteride-0.1mg/L + Testostérone | T27: =T4 -> Dutasteride-0.25mg/L + Testostérone | U27: =U4 -> Dutasteride-0.5mg/L + Testostérone | V27: =V4 -> Dutasteride-1mg/L + Testostérone
A28: Données normalisées sur la moyenne du groupe "Testo" | B28: =IF(B5="","",(B5/$O$23)) -> 0.015644251 | C28: =IF(C5="","",(C5/$O$23)) -> 0.021396924 | D28: =IF(D5="","",(D5/$O$23)) -> 0.014645806 | E28: =IF(E5="","",(E5/$O$23)) -> 0.071174088 | F28: =IF(F5="","",(F5/$O$23)) -> 0.40518321 | G28: =IF(G5="","",(G5/$O$23)) -> 1.3407094 | H28: =IF(H5="","",(H5/$O$23)) -> 5.0398058 | I28: =IF(I5="","",(I5/$O$23)) -> 0.44683349 | ... M28: =IF(M5="","",(M5/$O$23)) -> 0.012817257 | O28: =IF(O5="","",(O5/$O$23)) -> 1.5235817 | P28: =IF(P5="","",(P5/$O$23)) -> 3.1317644 | Q28: =IF(Q5="","",(Q5/$O$23)) -> 0.047072072 | R28: =IF(R5="","",(R5/$O$23)) -> 2.3118721 | S28: =IF(S5="","",(S5/$O$23)) -> 1.7317693 | T28: =IF(T5="","",(T5/$O$23)) -> 2.5132737 | U28: =IF(U5="","",(U5/$O$23)) -> 2.2178992 | V28: =IF(V5="","",(V5/$O$23)) -> 1.9779849
B29: =IF(B6="","",(B6/$O$23)) -> 0.011412467 | C29: =IF(C6="","",(C6/$O$23)) -> 0.0052070106 | D29: =IF(D6="","",(D6/$O$23)) -> 0.019272325 | E29: =IF(E6="","",(E6/$O$23)) -> 0.57191204 | F29: =IF(F6="","",(F6/$O$23)) -> 0.36811882 | G29: =IF(G6="","",(G6/$O$23)) -> 2.795532 | H29: =IF(H6="","",(H6/$O$23)) -> 3.8452699 | I29: =IF(I6="","",(I6/$O$23)) -> 0.015499129 | ... M29: =IF(M6="","",(M6/$O$23)) -> 0.0094852345 | O29: =IF(O6="","",(O6/$O$23)) -> 0.4830852 | P29: =IF(P6="","",(P6/$O$23)) -> 1.4909059 | Q29: =IF(Q6="","",(Q6/$O$23)) -> 0.031427821 | R29: =IF(R6="","",(R6/$O$23)) -> 0.039705633 | S29: =IF(S6="","",(S6/$O$23)) -> 1.2459326 | T29: =IF(T6="","",(T6/$O$23)) -> 0.22857441 | U29: =IF(U6="","",(U6/$O$23)) -> 2.3523323 | V29: =IF(V6="","",(V6/$O$23)) -> 1.421212
B30: =IF(B7="","",(B7/$O$23)) -> 0.13865625 | C30: =IF(C7="","",(C7/$O$23)) -> 0.069467442 | D30: =IF(D7="","",(D7/$O$23)) -> 0.0090150362 | E30: =IF(E7="","",(E7/$O$23)) -> 0.032678781 | F30: =IF(F7="","",(F7/$O$23)) -> 0.42968577 | G30: =IF(G7="","",(G7/$O$23)) -> 1.760254 | H30: =IF(H7="","",(H7/$O$23)) -> 2.6169263 | I30: =IF(I7="","",(I7/$O$23)) -> 0.014640001 | ... M30: =IF(M7="","",(M7/$O$23)) -> 0.0062344809 | O30: =IF(O7="","",(O7/$O$23)) -> 2.2321444 | P30: =IF(P7="","",(P7/$O$23)) -> 2.3453316 | Q30: =IF(Q7="","",(Q7/$O$23)) -> 0.016120255 | R30: =IF(R7="","",(R7/$O$23)) -> 0.59137012 | S30: =IF(S7="","",(S7/$O$23)) -> 2.0709738 | T30: =IF(T7="","",(T7/$O$23)) -> 0.64047391 | U30: =IF(U7="","",(U7/$O$23)) -> 1.4017946 | V30: =IF(V7="","",(V7/$O$23)) -> 1.3578456
B31: =IF(B8="","",(B8/$O$23)) -> 0.035502873 | C31: =IF(C8="","",(C8/$O$23)) -> 0.010843585 | D31: =IF(D8="","",(D8/$O$23)) -> 0.056606649 | E31: =IF(E8="","",(E8/$O$23)) -> 0.031392991 | F31: =IF(F8="","",(F8/$O$23)) -> 1.2354953 | G31: =IF(G8="","",(G8/$O$23)) -> 0.08291163 | H31: =IF(H8="","",(H8/$O$23)) -> 0.84444128 | I31: =IF(I8="","",(I8/$O$23)) -> 0.012898526 | ... M31: =IF(M8="","",(M8/$O$23)) -> 0.12777203 | O31: =IF(O8="","",(O8/$O$23)) -> 1.9819554 | P31: =IF(P8="","",(P8/$O$23)) -> 2.0863046 | Q31: =IF(Q8="","",(Q8/$O$23)) -> 0.056772089 | R31: =IF(R8="","",(R8/$O$23)) -> 1.1977924 | S31: =IF(S8="","",(S8/$O$23)) -> 1.3937316 | T31: =IF(T8="","",(T8/$O$23)) -> 0.36588392 | U31: =IF(U8="","",(U8/$O$23)) -> 2.5317159 | V31: =IF(V8="","",(V8/$O$23)) -> 1.2288777
B32: =IF(B9="","",(B9/$O$23)) -> 0.066652058 | C32: =IF(C9="","",(C9/$O$23)) -> 0.015435274 | D32: =IF(D9="","",(D9/$O$23)) -> 0.16335037 | E32: =IF(E9="","",(E9/$O$23)) -> 0.090754073 | F32: =IF(F9="","",(F9/$O$23)) -> 0.5444722 | G32: =IF(G9="","",(G9/$O$23)) -> 2.2327743 | H32: =IF(H9="","",(H9/$O$23)) -> 3.2181183 | I32: =IF(I9="","",(I9/$O$23)) -> 0.015365615 | ... M32: =IF(M9="","",(M9/$O$23)) -> 0.0093691361 | O32: =IF(O9="","",(O9/$O$23)) -> 0.87713458 | P32: =IF(P9="","",(P9/$O$23)) -> 0.13933542 | Q32: =IF(Q9="","",(Q9/$O$23)) -> 0.086789315 | R32: =IF(R9="","",(R9/$O$23)) -> 1.2747192 | S32: =IF(S9="","",(S9/$O$23)) -> 0.52629119 | T32: =IF(T9="","",(T9/$O$23)) -> 0.6203831 | U32: =IF(U9="","",(U9/$O$23)) -> 1.4717961 | V32: =IF(V9="","",(V9/$O$23)) -> 0.045005522
B33: =IF(B10="","",(B10/$O$23)) -> 0.13144654 | C33: =IF(C10="","",(C10/$O$23)) -> 0.025947979 | D33: =IF(D10="","",(D10/$O$23)) -> 0.01434395 | E33: =IF(E10="","",(E10/$O$23)) -> 0.023991722 | F33: =IF(F10="","",(F10/$O$23)) -> 0.91796636 | G33: =IF(G10="","",(G10/$O$23)) -> 1.6660692 | H33: =IF(H10="","",(H10/$O$23)) -> 2.043296 | I33: =IF(I10="","",(I10/$O$23)) -> 0.030951818 | ... M33: =IF(M10="","",(M10/$O$23)) -> 0.50128361 | O33: =IF(O10="","",(O10/$O$23)) -> 0.7327779 | P33: =IF(P10="","",(P10/$O$23)) -> 2.1997037 | Q33: =IF(Q10="","",(Q10/$O$23)) -> 0.02239537 | R33: =IF(R10="","",(R10/$O$23)) -> 0.32340934 | S33: =IF(S10="","",(S10/$O$23)) -> 1.784536 | T33: =IF(T10="","",(T10/$O$23)) -> 0.27890304 | U33: =IF(U10="","",(U10/$O$23)) -> 0.87636252 | V33: =IF(V10="","",(V10/$O$23)) -> 0.5154418
B34: =IF(B11="","",(B11/$O$23)) -> 0.14126846 | C34: =IF(C11="","",(C11/$O$23)) -> 0.12037656 | D34: =IF(D11="","",(D11/$O$23)) -> 0.018384172 | E34: =IF(E11="","",(E11/$O$23)) -> 0.10258449 | F34: =IF(F11="","",(F11/$O$23)) -> 1.0968913 | G34: =IF(G11="","",(G11/$O$23)) -> 2.4989297 | H34: =IF(H11="","",(H11/$O$23)) -> 3.3169935 | I34: =IF(I11="","",(I11/$O$23)) -> 0.045324792 | ... M34: =IF(M11="","",(M11/$O$23)) -> 0.028891072 | O34: =IF(O11="","",(O11/$O$23)) -> 0.96951983 | P34: =IF(P11="","",(P11/$O$23)) -> 2.0650122 | Q34: =IF(Q11="","",(Q11/$O$23)) -> 0.031903824 | R34: =IF(R11="","",(R11/$O$23)) -> 0.0074360987 | S34: =IF(S11="","",(S11/$O$23)) -> 0.058948933 | T34: =IF(T11="","",(T11/$O$23)) -> 2.1739589 | U34: =IF(U11="","",(U11/$O$23)) -> 2.1210238 | V34: =IF(V11="","",(V11/$O$23)) -> 0.25823754
B35: =IF(B12="","",(B12/$O$23)) -> 0.011209295 | C35: =IF(C12="","",(C12/$O$23)) -> 0.0185351 | D35: =IF(D12="","",(D12/$O$23)) -> 0.22329774 | E35: =IF(E12="","",(E12/$O$23)) -> 0.12347639 | F35: =IF(F12="","",(F12/$O$23)) -> 1.1298923 | G35: =IF(G12="","",(G12/$O$23)) -> 2.4090696 | H35: =IF(H12="","",(H12/$O$23)) -> 2.8907848 | I35: =IF(I12="","",(I12/$O$23)) -> 0.036083364 | ... M35: =IF(M12="","",(M12/$O$23)) -> 0.010239874 | O35: =IF(O12="","",(O12/$O$23)) -> 0.55020165 | P35: =IF(P12="","",(P12/$O$23)) -> 2.0087045 | Q35: =IF(Q12="","",(Q12/$O$23)) -> 0.024943729 | R35: =IF(R12="","",(R12/$O$23)) -> 1.3362513 | S35: =IF(S12="","",(S12/$O$23)) -> 0.42896015 | T35: =IF(T12="","",(T12/$O$23)) -> 1.5306579 | U35: =IF(U12="","",(U12/$O$23)) -> 1.6841632 | V35: =IF(V12="","",(V12/$O$23)) -> 0.54345633
B36: =IF(B13="","",(B13/$O$23)) | C36: =IF(C13="","",(C13/$O$23)) | D36: =IF(D13="","",(D13/$O$23)) | E36: =IF(E13="","",(E13/$O$23)) | F36: =IF(F13="","",(F13/$O$23)) | G36: =IF(G13="","",(G13/$O$23)) | H36: =IF(H13="","",(H13/$O$23)) | I36: =IF(I13="","",(I13/$O$23)) | ... M36: =IF(M13="","",(M13/$O$23)) | O36: =IF(O13="","",(O13/$O$23)) -> 0.011572102 | P36: =IF(P13="","",(P13/$O$23)) | Q36: =IF(Q13="","",(Q13/$O$23)) | R36: =IF(R13="","",(R13/$O$23)) | S36: =IF(S13="","",(S13/$O$23)) | T36: =IF(T13="","",(T13/$O$23)) | U36: =IF(U13="","",(U13/$O$23)) | V36: =IF(V13="","",(V13/$O$23))
B37: =IF(B14="","",(B14/$O$23)) | C37: =IF(C14="","",(C14/$O$23)) | D37: =IF(D14="","",(D14/$O$23)) | E37: =IF(E14="","",(E14/$O$23)) | F37: =IF(F14="","",(F14/$O$23)) | G37: =IF(G14="","",(G14/$O$23)) | H37: =IF(H14="","",(H14/$O$23)) | I37: =IF(I14="","",(I14/$O$23)) | ... M37: =IF(M14="","",(M14/$O$23)) | O37: =IF(O14="","",(O14/$O$23)) -> 0.80167066 | P37: =IF(P14="","",(P14/$O$23)) | Q37: =IF(Q14="","",(Q14/$O$23)) | R37: =IF(R14="","",(R14/$O$23)) | S37: =IF(S14="","",(S14/$O$23)) | T37: =IF(T14="","",(T14/$O$23)) | U37: =IF(U14="","",(U14/$O$23)) | V37: =IF(V14="","",(V14/$O$23))
B38: =IF(B15="","",(B15/$O$23)) | C38: =IF(C15="","",(C15/$O$23)) | D38: =IF(D15="","",(D15/$O$23)) | E38: =IF(E15="","",(E15/$O$23)) | F38: =IF(F15="","",(F15/$O$23)) | G38: =IF(G15="","",(G15/$O$23)) | H38: =IF(H15="","",(H15/$O$23)) | I38: =IF(I15="","",(I15/$O$23)) | ... M38: =IF(M15="","",(M15/$O$23)) | O38: =IF(O15="","",(O15/$O$23)) -> 1.5022951 | P38: =IF(P15="","",(P15/$O$23)) | Q38: =IF(Q15="","",(Q15/$O$23)) | R38: =IF(R15="","",(R15/$O$23)) | S38: =IF(S15="","",(S15/$O$23)) | T38: =IF(T15="","",(T15/$O$23)) | U38: =IF(U15="","",(U15/$O$23)) | V38: =IF(V15="","",(V15/$O$23))
B39: =IF(B16="","",(B16/$O$23)) | C39: =IF(C16="","",(C16/$O$23)) | D39: =IF(D16="","",(D16/$O$23)) | E39: =IF(E16="","",(E16/$O$23)) | F39: =IF(F16="","",(F16/$O$23)) | G39: =IF(G16="","",(G16/$O$23)) | H39: =IF(H16="","",(H16/$O$23)) | I39: =IF(I16="","",(I16/$O$23)) | ... M39: =IF(M16="","",(M16/$O$23)) | O39: =IF(O16="","",(O16/$O$23)) -> 1.2243615 | P39: =IF(P16="","",(P16/$O$23)) | Q39: =IF(Q16="","",(Q16/$O$23)) | R39: =IF(R16="","",(R16/$O$23)) | S39: =IF(S16="","",(S16/$O$23)) | T39: =IF(T16="","",(T16/$O$23)) | U39: =IF(U16="","",(U16/$O$23)) | V39: =IF(V16="","",(V16/$O$23))
B40: =IF(B17="","",(B17/$O$23)) | C40: =IF(C17="","",(C17/$O$23)) | D40: =IF(D17="","",(D17/$O$23)) | E40: =IF(E17="","",(E17/$O$23)) | F40: =IF(F17="","",(F17/$O$23)) | G40: =IF(G17="","",(G17/$O$23)) | H40: =IF(H17="","",(H17/$O$23)) | I40: =IF(I17="","",(I17/$O$23)) | ... M40: =IF(M17="","",(M17/$O$23)) | O40: =IF(O17="","",(O17/$O$23)) -> 0.63276498 | P40: =IF(P17="","",(P17/$O$23)) | Q40: =IF(Q17="","",(Q17/$O$23)) | R40: =IF(R17="","",(R17/$O$23)) | S40: =IF(S17="","",(S17/$O$23)) | T40: =IF(T17="","",(T17/$O$23)) | U40: =IF(U17="","",(U17/$O$23)) | V40: =IF(V17="","",(V17/$O$23))
... B43: =IF(B20="","",(B20/$O$23)) | C43: =IF(C20="","",(C20/$O$23)) | D43: =IF(D20="","",(D20/$O$23)) | E43: =IF(E20="","",(E20/$O$23)) | F43: =IF(F20="","",(F20/$O$23)) | G43: =IF(G20="","",(G20/$O$23)) | H43: =IF(H20="","",(H20/$O$23)) | I43: =IF(I20="","",(I20/$O$23)) | ... M43: =IF(M20="","",(M20/$O$23)) | O43: =IF(O20="","",(O20/$O$23)) -> 0.95724243 | P43: =IF(P20="","",(P20/$O$23)) | Q43: =IF(Q20="","",(Q20/$O$23)) | R43: =IF(R20="","",(R20/$O$23)) | S43: =IF(S20="","",(S20/$O$23)) | T43: =IF(T20="","",(T20/$O$23)) | U43: =IF(U20="","",(U20/$O$23)) | V43: =IF(V20="","",(V20/$O$23))
A45: =A4 -> Noms des groupes | B45: =B4 -> Témoin solvant | C45: =C4 -> EE2-33.8ng/L | D45: =D4 -> EE2-50.6ng/L | E45: =E4 -> EE2-76ng/L | F45: =F4 -> EE2-114ng/L | G45: =G4 -> EE2-170.9ng/L | H45: =H4 -> EE2-488ng/L | ... M45: =M4 -> Dutasteride-1mg/L | N45: =N22 -> Nom des groupes | O45: =O4 -> Testo -30µg/L | P45: =P4 -> Testo 30µg/L + EE2 -64ng/L | Q45: =Q4 -> Testo 30µg/L + FAD-10µg/L | R45: =R4 -> Dutasteride-0.01mg/L + Testostérone | S45: =S4 -> Dutasteride-0.1mg/L + Testostérone | T45: =T4 -> Dutasteride-0.25mg/L + Testostérone | U45: =U4 -> Dutasteride-0.5mg/L + Testostérone | V45: =V4 -> Dutasteride-1mg/L + Testostérone
A46: mean | B46: =AVERAGE(B28:B43) -> 0.068974024 | C46: =AVERAGE(C28:C43) -> 0.035901235 | D46: =AVERAGE(D28:D43) -> 0.064864506 | E46: =AVERAGE(E28:E43) -> 0.13099557 | F46: =AVERAGE(F28:F43) -> 0.76596316 | G46: =AVERAGE(G28:G43) -> 1.8482812 | H46: =AVERAGE(H28:H43) -> 2.9769545 | I46: =AVERAGE(I28:I43) -> 0.077199592 | ... M46: =AVERAGE(M28:M43) -> 0.088261587 | N46: mean | O46: =AVERAGE(O28:O43) -> 1 | P46: =AVERAGE(P28:P43) -> 1.9333828 | Q46: =AVERAGE(Q28:Q43) -> 0.039678059 | R46: =AVERAGE(R28:R43) -> 0.88531951 | S46: =AVERAGE(S28:S43) -> 1.1551429 | T46: =AVERAGE(T28:T43) -> 1.0440136 | U46: =AVERAGE(U28:U43) -> 1.8321359 | V46: =AVERAGE(V28:V43) -> 0.91850767
A47: SD | B47: =STDEV(B28:B43) -> 0.059287176 | C47: =STDEV(C28:C43) -> 0.039393026 | D47: =STDEV(D28:D43) -> 0.082202906 | E47: =STDEV(E28:E43) -> 0.18185777 | F47: =STDEV(F28:F43) -> 0.36569041 | G47: =STDEV(G28:G43) -> 0.86173039 | H47: =STDEV(H28:H43) -> 1.2386335 | I47: =STDEV(I28:I43) -> 0.14983483 | ... M47: =STDEV(M28:M43) -> 0.1718016 | N47: SD | O47: =STDEV(O28:O43) -> 0.60338545 | P47: =STDEV(P28:P43) -> 0.85669827 | Q47: =STDEV(Q28:Q43) -> 0.023193641 | R47: =STDEV(R28:R43) -> 0.79061951 | S47: =STDEV(S28:S43) -> 0.73260634 | T47: =STDEV(T28:T43) -> 0.90434083 | U47: =STDEV(U28:U43) -> 0.56602917 | V47: =STDEV(V28:V43) -> 0.67258979
A48: SEM | B48: =B47/SQRT(COUNT(B28:B43)) -> 0.020961182 | C48: =C47/SQRT(COUNT(C28:C43)) -> 0.013927538 | D48: =D47/SQRT(COUNT(D28:D43)) -> 0.029063116 | E48: =E47/SQRT(COUNT(E28:E43)) -> 0.064296431 | F48: =F47/SQRT(COUNT(F28:F43)) -> 0.12929108 | G48: =G47/SQRT(COUNT(G28:G43)) -> 0.3046677 | H48: =H47/SQRT(COUNT(H28:H43)) -> 0.43792306 | I48: =I47/SQRT(COUNT(I28:I43)) -> 0.052974613 | ... M48: =M47/SQRT(COUNT(M28:M43)) -> 0.06074104 | N48: SEM | O48: =O47/SQRT(COUNT(O28:O43)) -> 0.15084636 | P48: =P47/SQRT(COUNT(P28:P43)) -> 0.30288858 | Q48: =Q47/SQRT(COUNT(Q28:Q43)) -> 0.0082001904 | R48: =R47/SQRT(COUNT(R28:R43)) -> 0.27952621 | S48: =S47/SQRT(COUNT(S28:S43)) -> 0.25901545 | T48: =T47/SQRT(COUNT(T28:T43)) -> 0.31973277 | U48: =U47/SQRT(COUNT(U28:U43)) -> 0.20012153 | V48: =V47/SQRT(COUNT(V28:V43)) -> 0.2377964
A50: 4. Expérimentateur 1 : réaliser les tests statistiques avec les données normalisées et renseigner les résultats ainsi que le test statistique utilisé dans le tableau violet.
A52: =A27 -> Noms des groupes | B52: =B27 -> Témoin solvant | C52: =C27 -> EE2-33.8ng/L | D52: =D27 -> EE2-50.6ng/L | E52: =E27 -> EE2-76ng/L | F52: =F27 -> EE2-114ng/L | G52: =G27 -> EE2-170.9ng/L | H52: =H27 -> EE2-488ng/L | I52: =I4 -> Dutasteride-0,01mg/L | J52: =J4 -> Dutasteride-0,1mg/L | K52: =K27 -> Dutasteride-0,25mg/L | L52: =L27 -> Dutasteride-0,5mg/L | M52: =M27 -> Dutasteride-1mg/L | O52: =O27 -> Testo -30µg/L | P52: =P27 -> Testo 30µg/L + EE2 -64ng/L | Q52: =Q27 -> Testo 30µg/L + FAD-10µg/L | R52: =R27 -> Dutasteride-0.01mg/L + Testostérone | S52: =S27 -> Dutasteride-0.1mg/L + Testostérone | T52: =T27 -> Dutasteride-0.25mg/L + Testostérone | U52: =U27 -> Dutasteride-0.5mg/L + Testostérone | V52: =V27 -> Dutasteride-1mg/L + Testostérone
A53: Mean | B53: =B46 -> 0.068974024 | C53: =C46 -> 0.035901235 | D53: =D46 -> 0.064864506 | E53: =E46 -> 0.13099557 | F53: =F46 -> 0.76596316 | G53: =G46 -> 1.8482812 | H53: =H46 -> 2.9769545 | I53: =I46 -> 0.077199592 | ... M53: =M46 -> 0.088261587 | O53: =O46 -> 1 | P53: =P46 -> 1.9333828 | Q53: =Q46 -> 0.039678059 | R53: =R46 -> 0.88531951 | S53: =S46 -> 1.1551429 | T53: =T46 -> 1.0440136 | U53: =U46 -> 1.8321359 | V53: =V46 -> 0.91850767
A54: SEM | B54: =B48 -> 0.020961182 | C54: =C48 -> 0.013927538 | D54: =D48 -> 0.029063116 | E54: =E48 -> 0.064296431 | F54: =F48 -> 0.12929108 | G54: =G48 -> 0.3046677 | H54: =H48 -> 0.43792306 | I54: =I48 -> 0.052974613 | ... M54: =M48 -> 0.06074104 | O54: =O48 -> 0.15084636 | P54: =P48 -> 0.30288858 | Q54: =Q48 -> 0.0082001904 | R54: =R48 -> 0.27952621 | S54: =S48 -> 0.25901545 | T54: =T48 -> 0.31973277 | U54: =U48 -> 0.20012153 | V54: =V48 -> 0.2377964
A55: % induction | B55: =(B53*100/$B$53)-100 -> 0 | C55: =(C53*100/$B$53)-100 -> -47.94963 | D55: =(D53*100/$B$53)-100 -> -5.9580668 | E55: =(E53*100/$B$53)-100 -> 89.920152 | F55: =(F53*100/$B$53)-100 -> 1010.5096 | G55: =(G53*100/$B$53)-100 -> 2579.6772 | H55: =(H53*100/$B$53)-100 -> 4216.0516 | I55: =(I53*100/$B$53)-100 -> 11.925602 | ... M55: =(M53*100/$B$53)-100 -> 27.963516 | O55: =(O53*100/$O$53)-100 -> 0 | P55: =(P53*100/$O$53)-100 -> 93.338277 | Q55: =(Q53*100/$O$53)-100 -> -96.032194 | R55: =(R53*100/$O$53)-100 -> -11.468049 | S55: =(S53*100/$O$53)-100 -> 15.514294 | T55: =(T53*100/$O$53)-100 -> 4.4013607 | U55: =(U53*100/$O$53)-100 -> 83.213595 | V55: =(V53*100/$O$53)-100 -> -8.1492328
A56: Test de normalité : valeur du p | B56: =[1]!SWTEST(B28:B43) -> #NAME? | C56: =[1]!SWTEST(C28:C43) -> #NAME? | D56: =[1]!SWTEST(D28:D43) -> #NAME? | E56: =[1]!SWTEST(E28:E43) -> #NAME? | F56: =[1]!SWTEST(F28:F43) -> #NAME? | G56: =[1]!SWTEST(G28:G43) -> #NAME? | H56: =[1]!SWTEST(H28:H43) -> #NAME? | I56: =[1]!SWTEST(I28:I43) -> #NAME? | ... M56: =[1]!SWTEST(M28:M43) -> #NAME? | O56: =[1]!SWTEST(O28:O43) -> #NAME? | P56: =[1]!SWTEST(P28:P43) -> #NAME? | Q56: =[1]!SWTEST(Q28:Q43) -> #NAME? | R56: =[1]!SWTEST(R28:R43) -> #NAME? | S56: =[1]!SWTEST(S28:S43) -> #NAME? | T56: =[1]!SWTEST(T28:T43) -> #NAME? | U56: =[1]!SWTEST(U28:U43) -> #NAME? | V56: =[1]!SWTEST(V28:V43) -> #NAME?
A57: Test de normalité : résultat normal? | B57: =IF(B56>0.05,"Oui","Non") -> #NAME? | C57: =IF(C56>0.05,"Oui","Non") -> #NAME? | D57: =IF(D56>0.05,"Oui","Non") -> #NAME? | E57: =IF(E56>0.05,"Oui","Non") -> #NAME? | F57: =IF(F56>0.05,"Oui","Non") -> #NAME? | G57: =IF(G56>0.05,"Oui","Non") -> #NAME? | H57: =IF(H56>0.05,"Oui","Non") -> #NAME? | I57: =IF(I56>0.05,"Oui","Non") -> #NAME? | ... M57: =IF(M56>0.05,"Oui","Non") -> #NAME? | O57: =IF(O56>0.05,"Oui","Non") -> #NAME? | P57: =IF(P56>0.05,"Oui","Non") -> #NAME? | Q57: =IF(Q56>0.05,"Oui","Non") -> #NAME? | R57: =IF(R56>0.05,"Oui","Non") -> #NAME? | S57: =IF(S56>0.05,"Oui","Non") -> #NAME? | T57: =IF(T56>0.05,"Oui","Non") -> #NAME? | U57: =IF(U56>0.05,"Oui","Non") -> #NAME? | V57: =IF(V56>0.05,"Oui","Non") -> #NAME?
A59: Test statistique utilisé
A60: Test statistique : valeur du p
A61: Annotation
A63: Eléments pour la mise en forme conditionnelles des résutats - calcul équivalent hormonal (eqH)
A64: LOD | B64: =B46+(3*B47) -> 0.24683555
A65: LOQ | B65: =B46+(10*B47) -> 0.66184578
A67: 5. Expérimentateur 1 : remplissage du suivi qualité (SQ) et transmission à l'expérimenteur 2.

Sheet Raw data R2
A1: Nom groupe | B1: N° de valeur | C1: file name | D1: total area | E1: mean intensity | G1: total fluorescence | I1: nbre de larves | J1: Colonne1 | L1: (Tous)
A2: =IFERROR(LEFT(RIGHT(C2,LEN(C2)-SEARCH("@",C2)),SEARCH("/",RIGHT(C2,LEN(C2)-SEARCH("@",C2)-1))),"") -> 01 Evian + 0.2% DMSO | B2: =LEFT(RIGHT(RIGHT(Tableau46[[#This Row],[file name]],LEN(Tableau46[[#This Row],[file name]])-SEARCH("@",Tableau46[[#This Row],[file name]])),LEN(RIGHT(Tableau46[[#This Row],[file name]],LEN(Tableau46[[#This Row],[file name]])-SEARCH("@",Tableau46[[#This Row],[file name]])))-SEARCH("/",RIGHT(Tableau46[[#This Row],[file name]],LEN(Tableau46[[#This Row],[file name]])-SEARCH("@",Tableau46[[#This Row],[file name]])))),1) -> A | C2: F:\images\2021-CHG-ACH-Dutasteride 2\plaque 1/@01 Evian + 0.2% DMSO/A1_01.tif | D2: 6142.8901 | E2: 67.5775 | G2: 415121 | K2: Filtre lignes : Enlever (vide) et Néant | L2: Filtre colonnes : Enlever (vide) et " "
A3: =IFERROR(LEFT(RIGHT(C3,LEN(C3)-SEARCH("@",C3)),SEARCH("/",RIGHT(C3,LEN(C3)-SEARCH("@",C3)-1))),"") -> 01 Evian + 0.2% DMSO | B3: =LEFT(RIGHT(RIGHT(Tableau46[[#This Row],[file name]],LEN(Tableau46[[#This Row],[file name]])-SEARCH("@",Tableau46[[#This Row],[file name]])),LEN(RIGHT(Tableau46[[#This Row],[file name]],LEN(Tableau46[[#This Row],[file name]])-SEARCH("@",Tableau46[[#This Row],[file name]])))-SEARCH("/",RIGHT(Tableau46[[#This Row],[file name]],LEN(Tableau46[[#This Row],[file name]])-SEARCH("@",Tableau46[[#This Row],[file name]])))),1) -> A | C3: F:\images\2021-CHG-ACH-Dutasteride 2\plaque 1/@01 Evian + 0.2% DMSO/A1_02.tif | D3: 497.4876 | E3: 63.8261 | G3: 31753 | K3: Moyenne de total fluorescence | L3: Étiquettes de colonnes
A4: =IFERROR(LEFT(RIGHT(C4,LEN(C4)-SEARCH("@",C4)),SEARCH("/",RIGHT(C4,LEN(C4)-SEARCH("@",C4)-1))),"") -> 01 Evian + 0.2% DMSO | B4: =LEFT(RIGHT(RIGHT(Tableau46[[#This Row],[file name]],LEN(Tableau46[[#This Row],[file name]])-SEARCH("@",Tableau46[[#This Row],[file name]])),LEN(RIGHT(Tableau46[[#This Row],[file name]],LEN(Tableau46[[#This Row],[file name]])-SEARCH("@",Tableau46[[#This Row],[file name]])))-SEARCH("/",RIGHT(Tableau46[[#This Row],[file name]],LEN(Tableau46[[#This Row],[file name]])-SEARCH("@",Tableau46[[#This Row],[file name]])))),1) -> A | C4: F:\images\2021-CHG-ACH-Dutasteride 2\plaque 1/@01 Evian + 0.2% DMSO/A1_03.tif | D4: 2595.5874 | E4: 65.7 | G4: 170530 | K4: Étiquettes de lignes | L4: 01 Evian + 0.2% DMSO | M4: 02 EE2 33.8 | N4: 03 EE2 50.6 | O4: 04 EE2 76 | P4: 05 EE2 114 | Q4: 06 EE2 170.9 | R4: 07 EE2 488 | S4: 08 Dutastéride 0.01mg_L | T4: 09 Dutastéride 0.1mg_L | U4: 10 Dutastéride 0.25mg_L | V4: 11 Dutastéride 0.5mg_L | W4: 12 Dutastéride 1mg_L | X4: 01 Testo 30 | Y4: 02 Testo 30 | Z4: 03 Testo+ EE2 64 | AA4: 04 Testo+ FAD | AB4: 05 Dutastéride 0.01mg_L Dopé | AC4: 06 Dutastéride 0.1mg_L Dopé | AD4: 07 Dutastéride 0.25mg_L Dopé | AE4: 08 Dutastéride 0.5 mg_L Dopé | AF4: 09 Dutastéride 1mg_L Dopé
A5: =IFERROR(LEFT(RIGHT(C5,LEN(C5)-SEARCH("@",C5)),SEARCH("/",RIGHT(C5,LEN(C5)-SEARCH("@",C5)-1))),"") -> 01 Evian + 0.2% DMSO | B5: =LEFT(RIGHT(RIGHT(Tableau46[[#This Row],[file name]],LEN(Tableau46[[#This Row],[file name]])-SEARCH("@",Tableau46[[#This Row],[file name]])),LEN(RIGHT(Tableau46[[#This Row],[file name]],LEN(Tableau46[[#This Row],[file name]])-SEARCH("@",Tableau46[[#This Row],[file name]])))-SEARCH("/",RIGHT(Tableau46[[#This Row],[file name]],LEN(Tableau46[[#This Row],[file name]])-SEARCH("@",Tableau46[[#This Row],[file name]])))),1) -> B | C5: F:\images\2021-CHG-ACH-Dutasteride 2\plaque 1/@01 Evian + 0.2% DMSO/B1_01.tif | D5: 281.1886 | E5: 63.9231 | G5: 17974 | K5: A | L5: 205801.33 | M5: 356194 | N5: 245196.33 | O5: 117024.67 | P5: 2570734.5 | Q5: 740867 | R5: 4506018.7 | S5: 306784 | T5: 49244 | U5: 12357.667 | V5: 65343.667 | W5: 299329 | X5: 3038682.7 | Y5: 221634.33 | Z5: 515447.67 | AA5: 20555.667 | AB5: 1316114 | AC5: 60830.333 | AD5: 40931 | AE5: 87507.333 | AF5: 156088.67
A6: =IFERROR(LEFT(RIGHT(C6,LEN(C6)-SEARCH("@",C6)),SEARCH("/",RIGHT(C6,LEN(C6)-SEARCH("@",C6)-1))),"") -> 01 Evian + 0.2% DMSO | B6: =LEFT(RIGHT(RIGHT(Tableau46[[#This Row],[file name]],LEN(Tableau46[[#This Row],[file name]])-SEARCH("@",Tableau46[[#This Row],[file name]])),LEN(RIGHT(Tableau46[[#This Row],[file name]],LEN(Tableau46[[#This Row],[file name]])-SEARCH("@",Tableau46[[#This Row],[file name]])))-SEARCH("/",RIGHT(Tableau46[[#This Row],[file name]],LEN(Tableau46[[#This Row],[file name]])-SEARCH("@",Tableau46[[#This Row],[file name]])))),1) -> B | C6: F:\images\2021-CHG-ACH-Dutasteride 2\plaque 1/@01 Evian + 0.2% DMSO/B1_02.tif | D6: 367.7082 | E6: 64.4118 | G6: 23685 | K6: B | L6: 21420.667 | M6: 40823 | N6: 88077 | O6: 485598.33 | P6: 396266.67 | Q6: 3910685 | R6: 930626 | S6: 127248.33 | T6: 99353.333 | U6: 180631 | V6: 26395.667 | W6: 79497.333 | X6: 2426701.3 | Y6: 2827034.7 | Z6: 2327787.7 | AA6: 68501.5 | AB6: 113816.5 | AC6: 97435.333 | AD6: 235647 | AE6: 674932 | AF6: 3155462.7
A7: =IFERROR(LEFT(RIGHT(C7,LEN(C7)-SEARCH("@",C7)),SEARCH("/",RIGHT(C7,LEN(C7)-SEARCH("@",C7)-1))),"") -> 01 Evian + 0.2% DMSO | B7: =LEFT(RIGHT(RIGHT(Tableau46[[#This Row],[file name]],LEN(Tableau46[[#This Row],[file name]])-SEARCH("@",Tableau46[[#This Row],[file name]])),LEN(RIGHT(Tableau46[[#This Row],[file name]],LEN(Tableau46[[#This Row],[file name]])-SEARCH("@",Tableau46[[#This Row],[file name]])))-SEARCH("/",RIGHT(Tableau46[[#This Row],[file name]],LEN(Tableau46[[#This Row],[file name]])-SEARCH("@",Tableau46[[#This Row],[file name]])))),1) -> B | C7: F:\images\2021-CHG-ACH-Dutasteride 2\plaque 1/@01 Evian + 0.2% DMSO/B1_03.tif | D7: 346.0783 | E7: 65.3125 | G7: 22603 | K7: C | L7: 256033 | M7: 292068.33 | N7: 35329 | O7: 33101 | P7: 194186 | Q7: 1645537.7 | R7: 4857281 | S7: 17563.667 | T7: 315443.33 | U7: 23086.333 | V7: 47283 | W7: 18616 | X7: 2564563 | Y7: 3056246.3 | Z7: 1272393 | AA7: 77298 | AB7: 174041.33 | AC7: 2551419.3 | AD7: 1657311.7 | AE7: 206681 | AF7: 2919105.7
A8: =IFERROR(LEFT(RIGHT(C8,LEN(C8)-SEARCH("@",C8)),SEARCH("/",RIGHT(C8,LEN(C8)-SEARCH("@",C8)-1))),"") -> 01 Evian + 0.2% DMSO | B8: =LEFT(RIGHT(RIGHT(Tableau46[[#This Row],[file name]],LEN(Tableau46[[#This Row],[file name]])-SEARCH("@",Tableau46[[#This Row],[file name]])),LEN(RIGHT(Tableau46[[#This Row],[file name]],LEN(Tableau46[[#This Row],[file name]])-SEARCH("@",Tableau46[[#This Row],[file name]])))-SEARCH("/",RIGHT(Tableau46[[#This Row],[file name]],LEN(Tableau46[[#This Row],[file name]])-SEARCH("@",Tableau46[[#This Row],[file name]])))),1) -> C | C8: F:\images\2021-CHG-ACH-Dutasteride 2\plaque 1/@01 Evian + 0.2% DMSO/C1_01.tif | D8: 5450.7334 | E8: 66.0794 | G8: 360181 | K8: D | L8: 49481.667 | M8: 310187 | N8: 563119.67 | O8: 865181 | P8: 3443046.7 | Q8: 938586 | R8: 3644842.5 | S8: 126210.67 | T8: 18983.667 | U8: 132259.67 | V8: 46043 | W8: 158359.67 | X8: 358331.5 | Y8: 3382208.7 | Z8: 1263207.7 | AA8: 209968.67 | AB8: 822137.67 | AC8: 468691 | AD8: 3549285.3 | AE8: 1021342 | AF8: 288348.33
A9: =IFERROR(LEFT(RIGHT(C9,LEN(C9)-SEARCH("@",C9)),SEARCH("/",RIGHT(C9,LEN(C9)-SEARCH("@",C9)-1))),"") -> 01 Evian + 0.2% DMSO | B9: =LEFT(RIGHT(RIGHT(Tableau46[[#This Row],[file name]],LEN(Tableau46[[#This Row],[file name]])-SEARCH("@",Tableau46[[#This Row],[file name]])),LEN(RIGHT(Tableau46[[#This Row],[file name]],LEN(Tableau46[[#This Row],[file name]])-SEARCH("@",Tableau46[[#This Row],[file name]])))-SEARCH("/",RIGHT(Tableau46[[#This Row],[file name]],LEN(Tableau46[[#This Row],[file name]])-SEARCH("@",Tableau46[[#This Row],[file name]])))),1) -> C | C9: F:\images\2021-CHG-ACH-Dutasteride 2\plaque 1/@01 Evian + 0.2% DMSO/C1_02.tif | D9: 3633.8223 | E9: 66.3095 | G9: 240957 | K9: E | L9: 80009 | M9: 23475.667 | N9: 67009.333 | O9: 180335.33 | P9: 41038.667 | Q9: 3298624 | R9: 2870863.7 | S9: 115777.67 | T9: 12826.667 | U9: 200364.67 | V9: 11031.333 | W9: 63873.333 | X9: 2918831.7 | Y9: 1320880 | Z9: 2562032.3 | AA9: 268903 | AB9: 3008221 | AC9: 203667 | AD9: 3087674.3 | AE9: 736159.33 | AF9: 2740875.3
A10: =IFERROR(LEFT(RIGHT(C10,LEN(C10)-SEARCH("@",C10)),SEARCH("/",RIGHT(C10,LEN(C10)-SEARCH("@",C10)-1))),"") -> 01 Evian + 0.2% DMSO | B10: =LEFT(RIGHT(RIGHT(Tableau46[[#This Row],[file name]],LEN(Tableau46[[#This Row],[file name]])-SEARCH("@",Tableau46[[#This Row],[file name]])),LEN(RIGHT(Tableau46[[#This Row],[file name]],LEN(Tableau46[[#This Row],[file name]])-SEARCH("@",Tableau46[[#This Row],[file name]])))-SEARCH("/",RIGHT(Tableau46[[#This Row],[file name]],LEN(Tableau46[[#This Row],[file name]])-SEARCH("@",Tableau46[[#This Row],[file name]])))),1) -> C | C10: F:\images\2021-CHG-ACH-Dutasteride 2\plaque 1/@01 Evian + 0.2% DMSO/C1_03.tif | D10: 2530.6977 | E10: 65.9744 | G10: 166961 | K10: F | L10: 327080 | M10: 172649.67 | N10: 8133 | O10: 364053 | P10: 1107926.7 | Q10: 2467242.7 | R10: 2571275.3 | S10: 44334 | T10: 103268.33 | U10: 612003.33 | V10: 86527 | W10: 30591.667 | X10: 4002309.3 | Y10: 46936.667 | Z10: 2881974.3 | AA10: 247352.33 | AB10: 3411877.7 | AC10: 2627816 | AD10: 1987535 | AE10: 34060 | AF10: 2400586.7
A11: =IFERROR(LEFT(RIGHT(C11,LEN(C11)-SEARCH("@",C11)),SEARCH("/",RIGHT(C11,LEN(C11)-SEARCH("@",C11)-1))),"") -> 01 Evian + 0.2% DMSO | B11: =LEFT(RIGHT(RIGHT(Tableau46[[#This Row],[file name]],LEN(Tableau46[[#This Row],[file name]])-SEARCH("@",Tableau46[[#This Row],[file name]])),LEN(RIGHT(Tableau46[[#This Row],[file name]],LEN(Tableau46[[#This Row],[file name]])-SEARCH("@",Tableau46[[#This Row],[file name]])))-SEARCH("/",RIGHT(Tableau46[[#This Row],[file name]],LEN(Tableau46[[#This Row],[file name]])-SEARCH("@",Tableau46[[#This Row],[file name]])))),1) -> D | C11: F:\images\2021-CHG-ACH-Dutasteride 2\plaque 1/@01 Evian + 0.2% DMSO/D1_01.tif | D11: 1081.4947 | E11: 64.28 | G11: 69518 | K11: G | L11: 49677 | M11: 256891.33 | N11: 20750.333 | O11: 403772.67 | P11: 643208 | Q11: 1911772.7 | R11: 1036425.3 | S11: 26388.667 | T11: 526652 | U11: 24290.333 | V11: 18526 | W11: 61465 | X11: 660382.5 | Y11: 3149334.3 | Z11: 5377271 | AA11: 131762 | AB11: 1912717 | AC11: 1079706.7 | AD11: 4463956 | AE11: 132959 | AF11: 3228319.3
A12: =IFERROR(LEFT(RIGHT(C12,LEN(C12)-SEARCH("@",C12)),SEARCH("/",RIGHT(C12,LEN(C12)-SEARCH("@",C12)-1))),"") -> 01 Evian + 0.2% DMSO | B12: =LEFT(RIGHT(RIGHT(Tableau46[[#This Row],[file name]],LEN(Tableau46[[#This Row],[file name]])-SEARCH("@",Tableau46[[#This Row],[file name]])),LEN(RIGHT(Tableau46[[#This Row],[file name]],LEN(Tableau46[[#This Row],[file name]])-SEARCH("@",Tableau46[[#This Row],[file name]])))-SEARCH("/",RIGHT(Tableau46[[#This Row],[file name]],LEN(Tableau46[[#This Row],[file name]])-SEARCH("@",Tableau46[[#This Row],[file name]])))),1) -> D | C12: F:\images\2021-CHG-ACH-Dutasteride 2\plaque 1/@01 Evian + 0.2% DMSO/D1_02.tif | D12: 432.5979 | E12: 62.55 | G12: 27059 | K12: H | L12: 381767.67 | M12: 269649 | N12: 169080.67 | P12: 536407 | Q12: 2465692.7 | R12: 2927317.7 | S12: 158165 | T12: 170775.33 | U12: 85856.333 | V12: 502613.67 | X12: 91949 | Y12: 2556949.3 | Z12: 829283 | AA12: 105186 | AB12: 83231.667 | AC12: 117032 | AD12: 3344854 | AE12: 2035467 | AF12: 1101300.3
A13: =IFERROR(LEFT(RIGHT(C13,LEN(C13)-SEARCH("@",C13)),SEARCH("/",RIGHT(C13,LEN(C13)-SEARCH("@",C13)-1))),"") -> 01 Evian + 0.2% DMSO | B13: =LEFT(RIGHT(RIGHT(Tableau46[[#This Row],[file name]],LEN(Tableau46[[#This Row],[file name]])-SEARCH("@",Tableau46[[#This Row],[file name]])),LEN(RIGHT(Tableau46[[#This Row],[file name]],LEN(Tableau46[[#This Row],[file name]])-SEARCH("@",Tableau46[[#This Row],[file name]])))-SEARCH("/",RIGHT(Tableau46[[#This Row],[file name]],LEN(Tableau46[[#This Row],[file name]])-SEARCH("@",Tableau46[[#This Row],[file name]])))),1) -> D | C13: F:\images\2021-CHG-ACH-Dutasteride 2\plaque 1/@01 Evian + 0.2% DMSO/D1_03.tif | D13: 821.936 | E13: 63.1053 | G13: 51868
A14: =IFERROR(LEFT(RIGHT(C14,LEN(C14)-SEARCH("@",C14)),SEARCH("/",RIGHT(C14,LEN(C14)-SEARCH("@",C14)-1))),"") -> 01 Evian + 0.2% DMSO | B14: =LEFT(RIGHT(RIGHT(Tableau46[[#This Row],[file name]],LEN(Tableau46[[#This Row],[file name]])-SEARCH("@",Tableau46[[#This Row],[file name]])),LEN(RIGHT(Tableau46[[#This Row],[file name]],LEN(Tableau46[[#This Row],[file name]])-SEARCH("@",Tableau46[[#This Row],[file name]])))-SEARCH("/",RIGHT(Tableau46[[#This Row],[file name]],LEN(Tableau46[[#This Row],[file name]])-SEARCH("@",Tableau46[[#This Row],[file name]])))),1) -> E | C14: F:\images\2021-CHG-ACH-Dutasteride 2\plaque 1/@01 Evian + 0.2% DMSO/E1_01.tif | D14: 1514.0926 | E14: 64.4286 | G14: 97551
A15: =IFERROR(LEFT(RIGHT(C15,LEN(C15)-SEARCH("@",C15)),SEARCH("/",RIGHT(C15,LEN(C15)-SEARCH("@",C15)-1))),"") -> 01 Evian + 0.2% DMSO | B15: =LEFT(RIGHT(RIGHT(Tableau46[[#This Row],[file name]],LEN(Tableau46[[#This Row],[file name]])-SEARCH("@",Tableau46[[#This Row],[file name]])),LEN(RIGHT(Tableau46[[#This Row],[file name]],LEN(Tableau46[[#This Row],[file name]])-SEARCH("@",Tableau46[[#This Row],[file name]])))-SEARCH("/",RIGHT(Tableau46[[#This Row],[file name]],LEN(Tableau46[[#This Row],[file name]])-SEARCH("@",Tableau46[[#This Row],[file name]])))),1) -> E | C15: F:\images\2021-CHG-ACH-Dutasteride 2\plaque 1/@01 Evian + 0.2% DMSO/E1_02.tif | D15: 562.3773 | E15: 63.6154 | G15: 35776
A16: =IFERROR(LEFT(RIGHT(C16,LEN(C16)-SEARCH("@",C16)),SEARCH("/",RIGHT(C16,LEN(C16)-SEARCH("@",C16)-1))),"") -> 01 Evian + 0.2% DMSO | B16: =LEFT(RIGHT(RIGHT(Tableau46[[#This Row],[file name]],LEN(Tableau46[[#This Row],[file name]])-SEARCH("@",Tableau46[[#This Row],[file name]])),LEN(RIGHT(Tableau46[[#This Row],[file name]],LEN(Tableau46[[#This Row],[file name]])-SEARCH("@",Tableau46[[#This Row],[file name]])))-SEARCH("/",RIGHT(Tableau46[[#This Row],[file name]],LEN(Tableau46[[#This Row],[file name]])-SEARCH("@",Tableau46[[#This Row],[file name]])))),1) -> E | C16: F:\images\2021-CHG-ACH-Dutasteride 2\plaque 1/@01 Evian + 0.2% DMSO/E1_03.tif | D16: 1665.5019 | E16: 64.0649 | G16: 106700
A17: =IFERROR(LEFT(RIGHT(C17,LEN(C17)-SEARCH("@",C17)),SEARCH("/",RIGHT(C17,LEN(C17)-SEARCH("@",C17)-1))),"") -> 01 Evian + 0.2% DMSO | B17: =LEFT(RIGHT(RIGHT(Tableau46[[#This Row],[file name]],LEN(Tableau46[[#This Row],[file name]])-SEARCH("@",Tableau46[[#This Row],[file name]])),LEN(RIGHT(Tableau46[[#This Row],[file name]],LEN(Tableau46[[#This Row],[file name]])-SEARCH("@",Tableau46[[#This Row],[file name]])))-SEARCH("/",RIGHT(Tableau46[[#This Row],[file name]],LEN(Tableau46[[#This Row],[file name]])-SEARCH("@",Tableau46[[#This Row],[file name]])))),1) -> F | C17: F:\images\2021-CHG-ACH-Dutasteride 2\plaque 1/@01 Evian + 0.2% DMSO/F1_01.tif | D17: 8846.6269 | E17: 74.4841 | G17: 658933
A18: =IFERROR(LEFT(RIGHT(C18,LEN(C18)-SEARCH("@",C18)),SEARCH("/",RIGHT(C18,LEN(C18)-SEARCH("@",C18)-1))),"") -> 01 Evian + 0.2% DMSO | B18: =LEFT(RIGHT(RIGHT(Tableau46[[#This Row],[file name]],LEN(Tableau46[[#This Row],[file name]])-SEARCH("@",Tableau46[[#This Row],[file name]])),LEN(RIGHT(Tableau46[[#This Row],[file name]],LEN(Tableau46[[#This Row],[file name]])-SEARCH("@",Tableau46[[#This Row],[file name]])))-SEARCH("/",RIGHT(Tableau46[[#This Row],[file name]],LEN(Tableau46[[#This Row],[file name]])-SEARCH("@",Tableau46[[#This Row],[file name]])))),1) -> F | C18: F:\images\2021-CHG-ACH-Dutasteride 2\plaque 1/@01 Evian + 0.2% DMSO/F1_02.tif | D18: 4196.1996 | E18: 72.1392 | G18: 302710
A19: =IFERROR(LEFT(RIGHT(C19,LEN(C19)-SEARCH("@",C19)),SEARCH("/",RIGHT(C19,LEN(C19)-SEARCH("@",C19)-1))),"") -> 01 Evian + 0.2% DMSO | B19: =LEFT(RIGHT(RIGHT(Tableau46[[#This Row],[file name]],LEN(Tableau46[[#This Row],[file name]])-SEARCH("@",Tableau46[[#This Row],[file name]])),LEN(RIGHT(Tableau46[[#This Row],[file name]],LEN(Tableau46[[#This Row],[file name]])-SEARCH("@",Tableau46[[#This Row],[file name]])))-SEARCH("/",RIGHT(Tableau46[[#This Row],[file name]],LEN(Tableau46[[#This Row],[file name]])-SEARCH("@",Tableau46[[#This Row],[file name]])))),1) -> F | C19: F:\images\2021-CHG-ACH-Dutasteride 2\plaque 1/@01 Evian + 0.2% DMSO/F1_03.tif | D19: 302.8185 | E19: 64.7143 | G19: 19597
A20: =IFERROR(LEFT(RIGHT(C20,LEN(C20)-SEARCH("@",C20)),SEARCH("/",RIGHT(C20,LEN(C20)-SEARCH("@",C20)-1))),"") -> 01 Evian + 0.2% DMSO | B20: =LEFT(RIGHT(RIGHT(Tableau46[[#This Row],[file name]],LEN(Tableau46[[#This Row],[file name]])-SEARCH("@",Tableau46[[#This Row],[file name]])),LEN(RIGHT(Tableau46[[#This Row],[file name]],LEN(Tableau46[[#This Row],[file name]])-SEARCH("@",Tableau46[[#This Row],[file name]])))-SEARCH("/",RIGHT(Tableau46[[#This Row],[file name]],LEN(Tableau46[[#This Row],[file name]])-SEARCH("@",Tableau46[[#This Row],[file name]])))),1) -> G | C20: F:\images\2021-CHG-ACH-Dutasteride 2\plaque 1/@01 Evian + 0.2% DMSO/G1_01.tif | D20: 865.1958 | E20: 67.7 | G20: 58574
A21: =IFERROR(LEFT(RIGHT(C21,LEN(C21)-SEARCH("@",C21)),SEARCH("/",RIGHT(C21,LEN(C21)-SEARCH("@",C21)-1))),"") -> 01 Evian + 0.2% DMSO | B21: =LEFT(RIGHT(RIGHT(Tableau46[[#This Row],[file name]],LEN(Tableau46[[#This Row],[file name]])-SEARCH("@",Tableau46[[#This Row],[file name]])),LEN(RIGHT(Tableau46[[#This Row],[file name]],LEN(Tableau46[[#This Row],[file name]])-SEARCH("@",Tableau46[[#This Row],[file name]])))-SEARCH("/",RIGHT(Tableau46[[#This Row],[file name]],LEN(Tableau46[[#This Row],[file name]])-SEARCH("@",Tableau46[[#This Row],[file name]])))),1) -> G | C21: F:\images\2021-CHG-ACH-Dutasteride 2\plaque 1/@01 Evian + 0.2% DMSO/G1_02.tif | D21: 540.7474 | E21: 63.8 | G21: 34500
A22: =IFERROR(LEFT(RIGHT(C22,LEN(C22)-SEARCH("@",C22)),SEARCH("/",RIGHT(C22,LEN(C22)-SEARCH("@",C22)-1))),"") -> 01 Evian + 0.2% DMSO | B22: =LEFT(RIGHT(RIGHT(Tableau46[[#This Row],[file name]],LEN(Tableau46[[#This Row],[file name]])-SEARCH("@",Tableau46[[#This Row],[file name]])),LEN(RIGHT(Tableau46[[#This Row],[file name]],LEN(Tableau46[[#This Row],[file name]])-SEARCH("@",Tableau46[[#This Row],[file name]])))-SEARCH("/",RIGHT(Tableau46[[#This Row],[file name]],LEN(Tableau46[[#This Row],[file name]])-SEARCH("@",Tableau46[[#This Row],[file name]])))),1) -> G | C22: F:\images\2021-CHG-ACH-Dutasteride 2\plaque 1/@01 Evian + 0.2% DMSO/G1_03.tif | D22: 843.5659 | E22: 66.3333 | G22: 55957
A23: =IFERROR(LEFT(RIGHT(C23,LEN(C23)-SEARCH("@",C23)),SEARCH("/",RIGHT(C23,LEN(C23)-SEARCH("@",C23)-1))),"") -> 01 Evian + 0.2% DMSO | B23: =LEFT(RIGHT(RIGHT(Tableau46[[#This Row],[file name]],LEN(Tableau46[[#This Row],[file name]])-SEARCH("@",Tableau46[[#This Row],[file name]])),LEN(RIGHT(Tableau46[[#This Row],[file name]],LEN(Tableau46[[#This Row],[file name]])-SEARCH("@",Tableau46[[#This Row],[file name]])))-SEARCH("/",RIGHT(Tableau46[[#This Row],[file name]],LEN(Tableau46[[#This Row],[file name]])-SEARCH("@",Tableau46[[#This Row],[file name]])))),1) -> H | C23: F:\images\2021-CHG-ACH-Dutasteride 2\plaque 1/@01 Evian + 0.2% DMSO/H1_01.tif | D23: 8435.6589 | E23: 70.6538 | G23: 596012
A24: =IFERROR(LEFT(RIGHT(C24,LEN(C24)-SEARCH("@",C24)),SEARCH("/",RIGHT(C24,LEN(C24)-SEARCH("@",C24)-1))),"") -> 01 Evian + 0.2% DMSO | B24: =LEFT(RIGHT(RIGHT(Tableau46[[#This Row],[file name]],LEN(Tableau46[[#This Row],[file name]])-SEARCH("@",Tableau46[[#This Row],[file name]])),LEN(RIGHT(Tableau46[[#This Row],[file name]],LEN(Tableau46[[#This Row],[file name]])-SEARCH("@",Tableau46[[#This Row],[file name]])))-SEARCH("/",RIGHT(Tableau46[[#This Row],[file name]],LEN(Tableau46[[#This Row],[file name]])-SEARCH("@",Tableau46[[#This Row],[file name]])))),1) -> H | C24: F:\images\2021-CHG-ACH-Dutasteride 2\plaque 1/@01 Evian + 0.2% DMSO/H1_02.tif | D24: 7289.2745 | E24: 69.7181 | G24: 508194
A25: =IFERROR(LEFT(RIGHT(C25,LEN(C25)-SEARCH("@",C25)),SEARCH("/",RIGHT(C25,LEN(C25)-SEARCH("@",C25)-1))),"") -> 01 Evian + 0.2% DMSO | B25: =LEFT(RIGHT(RIGHT(Tableau46[[#This Row],[file name]],LEN(Tableau46[[#This Row],[file name]])-SEARCH("@",Tableau46[[#This Row],[file name]])),LEN(RIGHT(Tableau46[[#This Row],[file name]],LEN(Tableau46[[#This Row],[file name]])-SEARCH("@",Tableau46[[#This Row],[file name]])))-SEARCH("/",RIGHT(Tableau46[[#This Row],[file name]],LEN(Tableau46[[#This Row],[file name]])-SEARCH("@",Tableau46[[#This Row],[file name]])))),1) -> H | C25: F:\images\2021-CHG-ACH-Dutasteride 2\plaque 1/@01 Evian + 0.2% DMSO/H1_03.tif | D25: 648.8968 | E25: 63.3333 | G25: 41097
A26: =IFERROR(LEFT(RIGHT(C26,LEN(C26)-SEARCH("@",C26)),SEARCH("/",RIGHT(C26,LEN(C26)-SEARCH("@",C26)-1))),"") | B26: =LEFT(RIGHT(RIGHT(Tableau46[[#This Row],[file name]],LEN(Tableau46[[#This Row],[file name]])-SEARCH("@",Tableau46[[#This Row],[file name]])),LEN(RIGHT(Tableau46[[#This Row],[file name]],LEN(Tableau46[[#This Row],[file name]])-SEARCH("@",Tableau46[[#This Row],[file name]])))-SEARCH("/",RIGHT(Tableau46[[#This Row],[file name]],LEN(Tableau46[[#This Row],[file name]])-SEARCH("@",Tableau46[[#This Row],[file name]])))),1) -> #VALUE!
A27: =IFERROR(LEFT(RIGHT(C27,LEN(C27)-SEARCH("@",C27)),SEARCH("/",RIGHT(C27,LEN(C27)-SEARCH("@",C27)-1))),"") | B27: =LEFT(RIGHT(RIGHT(Tableau46[[#This Row],[file name]],LEN(Tableau46[[#This Row],[file name]])-SEARCH("@",Tableau46[[#This Row],[file name]])),LEN(RIGHT(Tableau46[[#This Row],[file name]],LEN(Tableau46[[#This Row],[file name]])-SEARCH("@",Tableau46[[#This Row],[file name]])))-SEARCH("/",RIGHT(Tableau46[[#This Row],[file name]],LEN(Tableau46[[#This Row],[file name]])-SEARCH("@",Tableau46[[#This Row],[file name]])))),1) -> #VALUE! | C27: group | E27: mean of mean fluo | F27: SD mean fluo | G27: mean of total fluo | H27: SD total fluo | I27: n fluorescent | J27: n total
A28: =IFERROR(LEFT(RIGHT(C28,LEN(C28)-SEARCH("@",C28)),SEARCH("/",RIGHT(C28,LEN(C28)-SEARCH("@",C28)-1))),"") -> 01 Evian + 0.2% DMSO | B28: =LEFT(RIGHT(RIGHT(Tableau46[[#This Row],[file name]],LEN(Tableau46[[#This Row],[file name]])-SEARCH("@",Tableau46[[#This Row],[file name]])),LEN(RIGHT(Tableau46[[#This Row],[file name]],LEN(Tableau46[[#This Row],[file name]])-SEARCH("@",Tableau46[[#This Row],[file name]])))-SEARCH("/",RIGHT(Tableau46[[#This Row],[file name]],LEN(Tableau46[[#This Row],[file name]])-SEARCH("@",Tableau46[[#This Row],[file name]])))),1) | C28: F:\images\2021-CHG-ACH-Dutasteride 2\plaque 1/@01 Evian + 0.2% DMSO/ | E28: 66.0014 | F28: 3.0332 | G28: 171408.792 | H28: 197143.893 | I28: 24 | J28: 24
A29: =IFERROR(LEFT(RIGHT(C29,LEN(C29)-SEARCH("@",C29)),SEARCH("/",RIGHT(C29,LEN(C29)-SEARCH("@",C29)-1))),"") | B29: =LEFT(RIGHT(RIGHT(Tableau46[[#This Row],[file name]],LEN(Tableau46[[#This Row],[file name]])-SEARCH("@",Tableau46[[#This Row],[file name]])),LEN(RIGHT(Tableau46[[#This Row],[file name]],LEN(Tableau46[[#This Row],[file name]])-SEARCH("@",Tableau46[[#This Row],[file name]])))-SEARCH("/",RIGHT(Tableau46[[#This Row],[file name]],LEN(Tableau46[[#This Row],[file name]])-SEARCH("@",Tableau46[[#This Row],[file name]])))),1) -> #VALUE!
A30: =IFERROR(LEFT(RIGHT(C30,LEN(C30)-SEARCH("@",C30)),SEARCH("/",RIGHT(C30,LEN(C30)-SEARCH("@",C30)-1))),"") | B30: =LEFT(RIGHT(RIGHT(Tableau46[[#This Row],[file name]],LEN(Tableau46[[#This Row],[file name]])-SEARCH("@",Tableau46[[#This Row],[file name]])),LEN(RIGHT(Tableau46[[#This Row],[file name]],LEN(Tableau46[[#This Row],[file name]])-SEARCH("@",Tableau46[[#This Row],[file name]])))-SEARCH("/",RIGHT(Tableau46[[#This Row],[file name]],LEN(Tableau46[[#This Row],[file name]])-SEARCH("@",Tableau46[[#This Row],[file name]])))),1) -> #VALUE!
A31: =IFERROR(LEFT(RIGHT(C31,LEN(C31)-SEARCH("@",C31)),SEARCH("/",RIGHT(C31,LEN(C31)-SEARCH("@",C31)-1))),"") | B31: =LEFT(RIGHT(RIGHT(Tableau46[[#This Row],[file name]],LEN(Tableau46[[#This Row],[file name]])-SEARCH("@",Tableau46[[#This Row],[file name]])),LEN(RIGHT(Tableau46[[#This Row],[file name]],LEN(Tableau46[[#This Row],[file name]])-SEARCH("@",Tableau46[[#This Row],[file name]])))-SEARCH("/",RIGHT(Tableau46[[#This Row],[file name]],LEN(Tableau46[[#This Row],[file name]])-SEARCH("@",Tableau46[[#This Row],[file name]])))),1) -> #VALUE!
A32: =IFERROR(LEFT(RIGHT(C32,LEN(C32)-SEARCH("@",C32)),SEARCH("/",RIGHT(C32,LEN(C32)-SEARCH("@",C32)-1))),"") | B32: =LEFT(RIGHT(RIGHT(Tableau46[[#This Row],[file name]],LEN(Tableau46[[#This Row],[file name]])-SEARCH("@",Tableau46[[#This Row],[file name]])),LEN(RIGHT(Tableau46[[#This Row],[file name]],LEN(Tableau46[[#This Row],[file name]])-SEARCH("@",Tableau46[[#This Row],[file name]])))-SEARCH("/",RIGHT(Tableau46[[#This Row],[file name]],LEN(Tableau46[[#This Row],[file name]])-SEARCH("@",Tableau46[[#This Row],[file name]])))),1) -> #VALUE!
A33: =IFERROR(LEFT(RIGHT(C33,LEN(C33)-SEARCH("@",C33)),SEARCH("/",RIGHT(C33,LEN(C33)-SEARCH("@",C33)-1))),"") | B33: =LEFT(RIGHT(RIGHT(Tableau46[[#This Row],[file name]],LEN(Tableau46[[#This Row],[file name]])-SEARCH("@",Tableau46[[#This Row],[file name]])),LEN(RIGHT(Tableau46[[#This Row],[file name]],LEN(Tableau46[[#This Row],[file name]])-SEARCH("@",Tableau46[[#This Row],[file name]])))-SEARCH("/",RIGHT(Tableau46[[#This Row],[file name]],LEN(Tableau46[[#This Row],[file name]])-SEARCH("@",Tableau46[[#This Row],[file name]])))),1) -> #VALUE!
A34: =IFERROR(LEFT(RIGHT(C34,LEN(C34)-SEARCH("@",C34)),SEARCH("/",RIGHT(C34,LEN(C34)-SEARCH("@",C34)-1))),"") | B34: =LEFT(RIGHT(RIGHT(Tableau46[[#This Row],[file name]],LEN(Tableau46[[#This Row],[file name]])-SEARCH("@",Tableau46[[#This Row],[file name]])),LEN(RIGHT(Tableau46[[#This Row],[file name]],LEN(Tableau46[[#This Row],[file name]])-SEARCH("@",Tableau46[[#This Row],[file name]])))-SEARCH("/",RIGHT(Tableau46[[#This Row],[file name]],LEN(Tableau46[[#This Row],[file name]])-SEARCH("@",Tableau46[[#This Row],[file name]])))),1) -> #VALUE! | C34: file name | D34: total area | E34: mean intensity | G34: total fluorescence
A35: =IFERROR(LEFT(RIGHT(C35,LEN(C35)-SEARCH("@",C35)),SEARCH("/",RIGHT(C35,LEN(C35)-SEARCH("@",C35)-1))),"") -> 02 EE2 33.8 | B35: =LEFT(RIGHT(RIGHT(Tableau46[[#This Row],[file name]],LEN(Tableau46[[#This Row],[file name]])-SEARCH("@",Tableau46[[#This Row],[file name]])),LEN(RIGHT(Tableau46[[#This Row],[file name]],LEN(Tableau46[[#This Row],[file name]])-SEARCH("@",Tableau46[[#This Row],[file name]])))-SEARCH("/",RIGHT(Tableau46[[#This Row],[file name]],LEN(Tableau46[[#This Row],[file name]])-SEARCH("@",Tableau46[[#This Row],[file name]])))),1) -> A | C35: F:\images\2021-CHG-ACH-Dutasteride 2\plaque 1/@02 EE2 33.8/A2_01.tif | D35: 7981.4311 | E35: 71.2114 | G35: 568369
A36: =IFERROR(LEFT(RIGHT(C36,LEN(C36)-SEARCH("@",C36)),SEARCH("/",RIGHT(C36,LEN(C36)-SEARCH("@",C36)-1))),"") -> 02 EE2 33.8 | B36: =LEFT(RIGHT(RIGHT(Tableau46[[#This Row],[file name]],LEN(Tableau46[[#This Row],[file name]])-SEARCH("@",Tableau46[[#This Row],[file name]])),LEN(RIGHT(Tableau46[[#This Row],[file name]],LEN(Tableau46[[#This Row],[file name]])-SEARCH("@",Tableau46[[#This Row],[file name]])))-SEARCH("/",RIGHT(Tableau46[[#This Row],[file name]],LEN(Tableau46[[#This Row],[file name]])-SEARCH("@",Tableau46[[#This Row],[file name]])))),1) -> A | C36: F:\images\2021-CHG-ACH-Dutasteride 2\plaque 1/@02 EE2 33.8/A2_02.tif | D36: 3395.8935 | E36: 67.8408 | G36: 230380
A37: =IFERROR(LEFT(RIGHT(C37,LEN(C37)-SEARCH("@",C37)),SEARCH("/",RIGHT(C37,LEN(C37)-SEARCH("@",C37)-1))),"") -> 02 EE2 33.8 | B37: =LEFT(RIGHT(RIGHT(Tableau46[[#This Row],[file name]],LEN(Tableau46[[#This Row],[file name]])-SEARCH("@",Tableau46[[#This Row],[file name]])),LEN(RIGHT(Tableau46[[#This Row],[file name]],LEN(Tableau46[[#This Row],[file name]])-SEARCH("@",Tableau46[[#This Row],[file name]])))-SEARCH("/",RIGHT(Tableau46[[#This Row],[file name]],LEN(Tableau46[[#This Row],[file name]])-SEARCH("@",Tableau46[[#This Row],[file name]])))),1) -> A | C37: F:\images\2021-CHG-ACH-Dutasteride 2\plaque 1/@02 EE2 33.8/A2_03.tif | D37: 4131.3099 | E37: 65.3141 | G37: 269833
A38: =IFERROR(LEFT(RIGHT(C38,LEN(C38)-SEARCH("@",C38)),SEARCH("/",RIGHT(C38,LEN(C38)-SEARCH("@",C38)-1))),"") -> 02 EE2 33.8 | B38: =LEFT(RIGHT(RIGHT(Tableau46[[#This Row],[file name]],LEN(Tableau46[[#This Row],[file name]])-SEARCH("@",Tableau46[[#This Row],[file name]])),LEN(RIGHT(Tableau46[[#This Row],[file name]],LEN(Tableau46[[#This Row],[file name]])-SEARCH("@",Tableau46[[#This Row],[file name]])))-SEARCH("/",RIGHT(Tableau46[[#This Row],[file name]],LEN(Tableau46[[#This Row],[file name]])-SEARCH("@",Tableau46[[#This Row],[file name]])))),1) -> B | C38: F:\images\2021-CHG-ACH-Dutasteride 2\plaque 1/@02 EE2 33.8/B2_01.tif | D38: 173.0392 | E38: 64 | G38: 11075
A39: =IFERROR(LEFT(RIGHT(C39,LEN(C39)-SEARCH("@",C39)),SEARCH("/",RIGHT(C39,LEN(C39)-SEARCH("@",C39)-1))),"") -> 02 EE2 33.8 | B39: =LEFT(RIGHT(RIGHT(Tableau46[[#This Row],[file name]],LEN(Tableau46[[#This Row],[file name]])-SEARCH("@",Tableau46[[#This Row],[file name]])),LEN(RIGHT(Tableau46[[#This Row],[file name]],LEN(Tableau46[[#This Row],[file name]])-SEARCH("@",Tableau46[[#This Row],[file name]])))-SEARCH("/",RIGHT(Tableau46[[#This Row],[file name]],LEN(Tableau46[[#This Row],[file name]])-SEARCH("@",Tableau46[[#This Row],[file name]])))),1) -> B | C39: F:\images\2021-CHG-ACH-Dutasteride 2\plaque 1/@02 EE2 33.8/B2_02.tif | D39: 281.1886 | E39: 64.0769 | G39: 18018
A40: =IFERROR(LEFT(RIGHT(C40,LEN(C40)-SEARCH("@",C40)),SEARCH("/",RIGHT(C40,LEN(C40)-SEARCH("@",C40)-1))),"") -> 02 EE2 33.8 | B40: =LEFT(RIGHT(RIGHT(Tableau46[[#This Row],[file name]],LEN(Tableau46[[#This Row],[file name]])-SEARCH("@",Tableau46[[#This Row],[file name]])),LEN(RIGHT(Tableau46[[#This Row],[file name]],LEN(Tableau46[[#This Row],[file name]])-SEARCH("@",Tableau46[[#This Row],[file name]])))-SEARCH("/",RIGHT(Tableau46[[#This Row],[file name]],LEN(Tableau46[[#This Row],[file name]])-SEARCH("@",Tableau46[[#This Row],[file name]])))),1) -> B | C40: F:\images\2021-CHG-ACH-Dutasteride 2\plaque 1/@02 EE2 33.8/B2_03.tif | D40: 1427.573 | E40: 65.4091 | G40: 93376
A41: =IFERROR(LEFT(RIGHT(C41,LEN(C41)-SEARCH("@",C41)),SEARCH("/",RIGHT(C41,LEN(C41)-SEARCH("@",C41)-1))),"") -> 02 EE2 33.8 | B41: =LEFT(RIGHT(RIGHT(Tableau46[[#This Row],[file name]],LEN(Tableau46[[#This Row],[file name]])-SEARCH("@",Tableau46[[#This Row],[file name]])),LEN(RIGHT(Tableau46[[#This Row],[file name]],LEN(Tableau46[[#This Row],[file name]])-SEARCH("@",Tableau46[[#This Row],[file name]])))-SEARCH("/",RIGHT(Tableau46[[#This Row],[file name]],LEN(Tableau46[[#This Row],[file name]])-SEARCH("@",Tableau46[[#This Row],[file name]])))),1) -> C | C41: F:\images\2021-CHG-ACH-Dutasteride 2\plaque 1/@02 EE2 33.8/C2_01.tif | D41: 4217.8295 | E41: 64.6154 | G41: 272537
A42: =IFERROR(LEFT(RIGHT(C42,LEN(C42)-SEARCH("@",C42)),SEARCH("/",RIGHT(C42,LEN(C42)-SEARCH("@",C42)-1))),"") -> 02 EE2 33.8 | B42: =LEFT(RIGHT(RIGHT(Tableau46[[#This Row],[file name]],LEN(Tableau46[[#This Row],[file name]])-SEARCH("@",Tableau46[[#This Row],[file name]])),LEN(RIGHT(Tableau46[[#This Row],[file name]],LEN(Tableau46[[#This Row],[file name]])-SEARCH("@",Tableau46[[#This Row],[file name]])))-SEARCH("/",RIGHT(Tableau46[[#This Row],[file name]],LEN(Tableau46[[#This Row],[file name]])-SEARCH("@",Tableau46[[#This Row],[file name]])))),1) -> C | C42: F:\images\2021-CHG-ACH-Dutasteride 2\plaque 1/@02 EE2 33.8/C2_02.tif | D42: 3244.4842 | E42: 64.5867 | G42: 209550
A43: =IFERROR(LEFT(RIGHT(C43,LEN(C43)-SEARCH("@",C43)),SEARCH("/",RIGHT(C43,LEN(C43)-SEARCH("@",C43)-1))),"") -> 02 EE2 33.8 | B43: =LEFT(RIGHT(RIGHT(Tableau46[[#This Row],[file name]],LEN(Tableau46[[#This Row],[file name]])-SEARCH("@",Tableau46[[#This Row],[file name]])),LEN(RIGHT(Tableau46[[#This Row],[file name]],LEN(Tableau46[[#This Row],[file name]])-SEARCH("@",Tableau46[[#This Row],[file name]])))-SEARCH("/",RIGHT(Tableau46[[#This Row],[file name]],LEN(Tableau46[[#This Row],[file name]])-SEARCH("@",Tableau46[[#This Row],[file name]])))),1) -> C | C43: F:\images\2021-CHG-ACH-Dutasteride 2\plaque 1/@02 EE2 33.8/C2_03.tif | D43: 5558.8829 | E43: 70.8988 | G43: 394118
A44: =IFERROR(LEFT(RIGHT(C44,LEN(C44)-SEARCH("@",C44)),SEARCH("/",RIGHT(C44,LEN(C44)-SEARCH("@",C44)-1))),"") -> 02 EE2 33.8 | B44: =LEFT(RIGHT(RIGHT(Tableau46[[#This Row],[file name]],LEN(Tableau46[[#This Row],[file name]])-SEARCH("@",Tableau46[[#This Row],[file name]])),LEN(RIGHT(Tableau46[[#This Row],[file name]],LEN(Tableau46[[#This Row],[file name]])-SEARCH("@",Tableau46[[#This Row],[file name]])))-SEARCH("/",RIGHT(Tableau46[[#This Row],[file name]],LEN(Tableau46[[#This Row],[file name]])-SEARCH("@",Tableau46[[#This Row],[file name]])))),1) -> D | C44: F:\images\2021-CHG-ACH-Dutasteride 2\plaque 1/@02 EE2 33.8/D2_01.tif | D44: 5515.6231 | E44: 70.4588 | G44: 388624
A45: =IFERROR(LEFT(RIGHT(C45,LEN(C45)-SEARCH("@",C45)),SEARCH("/",RIGHT(C45,LEN(C45)-SEARCH("@",C45)-1))),"") -> 02 EE2 33.8 | B45: =LEFT(RIGHT(RIGHT(Tableau46[[#This Row],[file name]],LEN(Tableau46[[#This Row],[file name]])-SEARCH("@",Tableau46[[#This Row],[file name]])),LEN(RIGHT(Tableau46[[#This Row],[file name]],LEN(Tableau46[[#This Row],[file name]])-SEARCH("@",Tableau46[[#This Row],[file name]])))-SEARCH("/",RIGHT(Tableau46[[#This Row],[file name]],LEN(Tableau46[[#This Row],[file name]])-SEARCH("@",Tableau46[[#This Row],[file name]])))),1) -> D | C45: F:\images\2021-CHG-ACH-Dutasteride 2\plaque 1/@02 EE2 33.8/D2_02.tif | D45: 4347.6088 | E45: 68 | G45: 295637
A46: =IFERROR(LEFT(RIGHT(C46,LEN(C46)-SEARCH("@",C46)),SEARCH("/",RIGHT(C46,LEN(C46)-SEARCH("@",C46)-1))),"") -> 02 EE2 33.8 | B46: =LEFT(RIGHT(RIGHT(Tableau46[[#This Row],[file name]],LEN(Tableau46[[#This Row],[file name]])-SEARCH("@",Tableau46[[#This Row],[file name]])),LEN(RIGHT(Tableau46[[#This Row],[file name]],LEN(Tableau46[[#This Row],[file name]])-SEARCH("@",Tableau46[[#This Row],[file name]])))-SEARCH("/",RIGHT(Tableau46[[#This Row],[file name]],LEN(Tableau46[[#This Row],[file name]])-SEARCH("@",Tableau46[[#This Row],[file name]])))),1) -> D | C46: F:\images\2021-CHG-ACH-Dutasteride 2\plaque 1/@02 EE2 33.8/D2_03.tif | D46: 3568.9326 | E46: 69.0121 | G46: 246300
A47: =IFERROR(LEFT(RIGHT(C47,LEN(C47)-SEARCH("@",C47)),SEARCH("/",RIGHT(C47,LEN(C47)-SEARCH("@",C47)-1))),"") -> 02 EE2 33.8 | B47: =LEFT(RIGHT(RIGHT(Tableau46[[#This Row],[file name]],LEN(Tableau46[[#This Row],[file name]])-SEARCH("@",Tableau46[[#This Row],[file name]])),LEN(RIGHT(Tableau46[[#This Row],[file name]],LEN(Tableau46[[#This Row],[file name]])-SEARCH("@",Tableau46[[#This Row],[file name]])))-SEARCH("/",RIGHT(Tableau46[[#This Row],[file name]],LEN(Tableau46[[#This Row],[file name]])-SEARCH("@",Tableau46[[#This Row],[file name]])))),1) -> E | C47: F:\images\2021-CHG-ACH-Dutasteride 2\plaque 1/@02 EE2 33.8/E2_01.tif | D47: 584.0072 | E47: 62.4074 | G47: 36446
A48: =IFERROR(LEFT(RIGHT(C48,LEN(C48)-SEARCH("@",C48)),SEARCH("/",RIGHT(C48,LEN(C48)-SEARCH("@",C48)-1))),"") -> 02 EE2 33.8 | B48: =LEFT(RIGHT(RIGHT(Tableau46[[#This Row],[file name]],LEN(Tableau46[[#This Row],[file name]])-SEARCH("@",Tableau46[[#This Row],[file name]])),LEN(RIGHT(Tableau46[[#This Row],[file name]],LEN(Tableau46[[#This Row],[file name]])-SEARCH("@",Tableau46[[#This Row],[file name]])))-SEARCH("/",RIGHT(Tableau46[[#This Row],[file name]],LEN(Tableau46[[#This Row],[file name]])-SEARCH("@",Tableau46[[#This Row],[file name]])))),1) -> E | C48: F:\images\2021-CHG-ACH-Dutasteride 2\plaque 1/@02 EE2 33.8/E2_02.tif | D48: 389.3381 | E48: 62.8889 | G48: 24485
A49: =IFERROR(LEFT(RIGHT(C49,LEN(C49)-SEARCH("@",C49)),SEARCH("/",RIGHT(C49,LEN(C49)-SEARCH("@",C49)-1))),"") -> 02 EE2 33.8 | B49: =LEFT(RIGHT(RIGHT(Tableau46[[#This Row],[file name]],LEN(Tableau46[[#This Row],[file name]])-SEARCH("@",Tableau46[[#This Row],[file name]])),LEN(RIGHT(Tableau46[[#This Row],[file name]],LEN(Tableau46[[#This Row],[file name]])-SEARCH("@",Tableau46[[#This Row],[file name]])))-SEARCH("/",RIGHT(Tableau46[[#This Row],[file name]],LEN(Tableau46[[#This Row],[file name]])-SEARCH("@",Tableau46[[#This Row],[file name]])))),1) -> E | C49: F:\images\2021-CHG-ACH-Dutasteride 2\plaque 1/@02 EE2 33.8/E2_03.tif | D49: 151.4093 | E49: 62.7143 | G49: 9496
A50: =IFERROR(LEFT(RIGHT(C50,LEN(C50)-SEARCH("@",C50)),SEARCH("/",RIGHT(C50,LEN(C50)-SEARCH("@",C50)-1))),"") -> 02 EE2 33.8 | B50: =LEFT(RIGHT(RIGHT(Tableau46[[#This Row],[file name]],LEN(Tableau46[[#This Row],[file name]])-SEARCH("@",Tableau46[[#This Row],[file name]])),LEN(RIGHT(Tableau46[[#This Row],[file name]],LEN(Tableau46[[#This Row],[file name]])-SEARCH("@",Tableau46[[#This Row],[file name]])))-SEARCH("/",RIGHT(Tableau46[[#This Row],[file name]],LEN(Tableau46[[#This Row],[file name]])-SEARCH("@",Tableau46[[#This Row],[file name]])))),1) -> F | C50: F:\images\2021-CHG-ACH-Dutasteride 2\plaque 1/@02 EE2 33.8/F2_01.tif | D50: 3785.2316 | E50: 65.0914 | G50: 246386
A51: =IFERROR(LEFT(RIGHT(C51,LEN(C51)-SEARCH("@",C51)),SEARCH("/",RIGHT(C51,LEN(C51)-SEARCH("@",C51)-1))),"") -> 02 EE2 33.8 | B51: =LEFT(RIGHT(RIGHT(Tableau46[[#This Row],[file name]],LEN(Tableau46[[#This Row],[file name]])-SEARCH("@",Tableau46[[#This Row],[file name]])),LEN(RIGHT(Tableau46[[#This Row],[file name]],LEN(Tableau46[[#This Row],[file name]])-SEARCH("@",Tableau46[[#This Row],[file name]])))-SEARCH("/",RIGHT(Tableau46[[#This Row],[file name]],LEN(Tableau46[[#This Row],[file name]])-SEARCH("@",Tableau46[[#This Row],[file name]])))),1) -> F | C51: F:\images\2021-CHG-ACH-Dutasteride 2\plaque 1/@02 EE2 33.8/F2_02.tif | D51: 2920.0358 | E51: 64.1185 | G51: 187228
A52: =IFERROR(LEFT(RIGHT(C52,LEN(C52)-SEARCH("@",C52)),SEARCH("/",RIGHT(C52,LEN(C52)-SEARCH("@",C52)-1))),"") -> 02 EE2 33.8 | B52: =LEFT(RIGHT(RIGHT(Tableau46[[#This Row],[file name]],LEN(Tableau46[[#This Row],[file name]])-SEARCH("@",Tableau46[[#This Row],[file name]])),LEN(RIGHT(Tableau46[[#This Row],[file name]],LEN(Tableau46[[#This Row],[file name]])-SEARCH("@",Tableau46[[#This Row],[file name]])))-SEARCH("/",RIGHT(Tableau46[[#This Row],[file name]],LEN(Tableau46[[#This Row],[file name]])-SEARCH("@",Tableau46[[#This Row],[file name]])))),1) -> F | C52: F:\images\2021-CHG-ACH-Dutasteride 2\plaque 1/@02 EE2 33.8/F2_03.tif | D52: 1319.4236 | E52: 63.918 | G52: 84335
A53: =IFERROR(LEFT(RIGHT(C53,LEN(C53)-SEARCH("@",C53)),SEARCH("/",RIGHT(C53,LEN(C53)-SEARCH("@",C53)-1))),"") -> 02 EE2 33.8 | B53: =LEFT(RIGHT(RIGHT(Tableau46[[#This Row],[file name]],LEN(Tableau46[[#This Row],[file name]])-SEARCH("@",Tableau46[[#This Row],[file name]])),LEN(RIGHT(Tableau46[[#This Row],[file name]],LEN(Tableau46[[#This Row],[file name]])-SEARCH("@",Tableau46[[#This Row],[file name]])))-SEARCH("/",RIGHT(Tableau46[[#This Row],[file name]],LEN(Tableau46[[#This Row],[file name]])-SEARCH("@",Tableau46[[#This Row],[file name]])))),1) -> G | C53: F:\images\2021-CHG-ACH-Dutasteride 2\plaque 1/@02 EE2 33.8/G2_01.tif | D53: 4369.2387 | E53: 65.4802 | G53: 286099
A54: =IFERROR(LEFT(RIGHT(C54,LEN(C54)-SEARCH("@",C54)),SEARCH("/",RIGHT(C54,LEN(C54)-SEARCH("@",C54)-1))),"") -> 02 EE2 33.8 | B54: =LEFT(RIGHT(RIGHT(Tableau46[[#This Row],[file name]],LEN(Tableau46[[#This Row],[file name]])-SEARCH("@",Tableau46[[#This Row],[file name]])),LEN(RIGHT(Tableau46[[#This Row],[file name]],LEN(Tableau46[[#This Row],[file name]])-SEARCH("@",Tableau46[[#This Row],[file name]])))-SEARCH("/",RIGHT(Tableau46[[#This Row],[file name]],LEN(Tableau46[[#This Row],[file name]])-SEARCH("@",Tableau46[[#This Row],[file name]])))),1) -> G | C54: F:\images\2021-CHG-ACH-Dutasteride 2\plaque 1/@02 EE2 33.8/G2_02.tif | D54: 2984.9255 | E54: 64.7971 | G54: 193415
A55: =IFERROR(LEFT(RIGHT(C55,LEN(C55)-SEARCH("@",C55)),SEARCH("/",RIGHT(C55,LEN(C55)-SEARCH("@",C55)-1))),"") -> 02 EE2 33.8 | B55: =LEFT(RIGHT(RIGHT(Tableau46[[#This Row],[file name]],LEN(Tableau46[[#This Row],[file name]])-SEARCH("@",Tableau46[[#This Row],[file name]])),LEN(RIGHT(Tableau46[[#This Row],[file name]],LEN(Tableau46[[#This Row],[file name]])-SEARCH("@",Tableau46[[#This Row],[file name]])))-SEARCH("/",RIGHT(Tableau46[[#This Row],[file name]],LEN(Tableau46[[#This Row],[file name]])-SEARCH("@",Tableau46[[#This Row],[file name]])))),1) -> G | C55: F:\images\2021-CHG-ACH-Dutasteride 2\plaque 1/@02 EE2 33.8/G2_03.tif | D55: 4239.4593 | E55: 68.6786 | G55: 291160
A56: =IFERROR(LEFT(RIGHT(C56,LEN(C56)-SEARCH("@",C56)),SEARCH("/",RIGHT(C56,LEN(C56)-SEARCH("@",C56)-1))),"") -> 02 EE2 33.8 | B56: =LEFT(RIGHT(RIGHT(Tableau46[[#This Row],[file name]],LEN(Tableau46[[#This Row],[file name]])-SEARCH("@",Tableau46[[#This Row],[file name]])),LEN(RIGHT(Tableau46[[#This Row],[file name]],LEN(Tableau46[[#This Row],[file name]])-SEARCH("@",Tableau46[[#This Row],[file name]])))-SEARCH("/",RIGHT(Tableau46[[#This Row],[file name]],LEN(Tableau46[[#This Row],[file name]])-SEARCH("@",Tableau46[[#This Row],[file name]])))),1) -> H | C56: F:\images\2021-CHG-ACH-Dutasteride 2\plaque 1/@02 EE2 33.8/H2_01.tif | D56: 7462.3136 | E56: 64.8522 | G56: 483947
A57: =IFERROR(LEFT(RIGHT(C57,LEN(C57)-SEARCH("@",C57)),SEARCH("/",RIGHT(C57,LEN(C57)-SEARCH("@",C57)-1))),"") -> 02 EE2 33.8 | B57: =LEFT(RIGHT(RIGHT(Tableau46[[#This Row],[file name]],LEN(Tableau46[[#This Row],[file name]])-SEARCH("@",Tableau46[[#This Row],[file name]])),LEN(RIGHT(Tableau46[[#This Row],[file name]],LEN(Tableau46[[#This Row],[file name]])-SEARCH("@",Tableau46[[#This Row],[file name]])))-SEARCH("/",RIGHT(Tableau46[[#This Row],[file name]],LEN(Tableau46[[#This Row],[file name]])-SEARCH("@",Tableau46[[#This Row],[file name]])))),1) -> H | C57: F:\images\2021-CHG-ACH-Dutasteride 2\plaque 1/@02 EE2 33.8/H2_02.tif | D57: 886.8257 | E57: 62.4146 | G57: 55351
A58: =IFERROR(LEFT(RIGHT(C58,LEN(C58)-SEARCH("@",C58)),SEARCH("/",RIGHT(C58,LEN(C58)-SEARCH("@",C58)-1))),"") -> 02 EE2 33.8 | B58: =LEFT(RIGHT(RIGHT(Tableau46[[#This Row],[file name]],LEN(Tableau46[[#This Row],[file name]])-SEARCH("@",Tableau46[[#This Row],[file name]])),LEN(RIGHT(Tableau46[[#This Row],[file name]],LEN(Tableau46[[#This Row],[file name]])-SEARCH("@",Tableau46[[#This Row],[file name]])))-SEARCH("/",RIGHT(Tableau46[[#This Row],[file name]],LEN(Tableau46[[#This Row],[file name]])-SEARCH("@",Tableau46[[#This Row],[file name]])))),1) -> H | C58: F:\images\2021-CHG-ACH-Dutasteride 2\plaque 1/@02 EE2 33.8/H2_03- exclu.tif
A59: =IFERROR(LEFT(RIGHT(C59,LEN(C59)-SEARCH("@",C59)),SEARCH("/",RIGHT(C59,LEN(C59)-SEARCH("@",C59)-1))),"") | B59: =LEFT(RIGHT(RIGHT(Tableau46[[#This Row],[file name]],LEN(Tableau46[[#This Row],[file name]])-SEARCH("@",Tableau46[[#This Row],[file name]])),LEN(RIGHT(Tableau46[[#This Row],[file name]],LEN(Tableau46[[#This Row],[file name]])-SEARCH("@",Tableau46[[#This Row],[file name]])))-SEARCH("/",RIGHT(Tableau46[[#This Row],[file name]],LEN(Tableau46[[#This Row],[file name]])-SEARCH("@",Tableau46[[#This Row],[file name]])))),1) -> #VALUE!
A60: =IFERROR(LEFT(RIGHT(C60,LEN(C60)-SEARCH("@",C60)),SEARCH("/",RIGHT(C60,LEN(C60)-SEARCH("@",C60)-1))),"") | B60: =LEFT(RIGHT(RIGHT(Tableau46[[#This Row],[file name]],LEN(Tableau46[[#This Row],[file name]])-SEARCH("@",Tableau46[[#This Row],[file name]])),LEN(RIGHT(Tableau46[[#This Row],[file name]],LEN(Tableau46[[#This Row],[file name]])-SEARCH("@",Tableau46[[#This Row],[file name]])))-SEARCH("/",RIGHT(Tableau46[[#This Row],[file name]],LEN(Tableau46[[#This Row],[file name]])-SEARCH("@",Tableau46[[#This Row],[file name]])))),1) -> #VALUE! | C60: group | E60: mean of mean fluo | F60: SD mean fluo | G60: mean of total fluo | H60: SD total fluo | I60: n fluorescent | J60: n total
A61: =IFERROR(LEFT(RIGHT(C61,LEN(C61)-SEARCH("@",C61)),SEARCH("/",RIGHT(C61,LEN(C61)-SEARCH("@",C61)-1))),"") -> 02 EE2 33.8 | B61: =LEFT(RIGHT(RIGHT(Tableau46[[#This Row],[file name]],LEN(Tableau46[[#This Row],[file name]])-SEARCH("@",Tableau46[[#This Row],[file name]])),LEN(RIGHT(Tableau46[[#This Row],[file name]],LEN(Tableau46[[#This Row],[file name]])-SEARCH("@",Tableau46[[#This Row],[file name]])))-SEARCH("/",RIGHT(Tableau46[[#This Row],[file name]],LEN(Tableau46[[#This Row],[file name]])-SEARCH("@",Tableau46[[#This Row],[file name]])))),1) | C61: F:\images\2021-CHG-ACH-Dutasteride 2\plaque 1/@02 EE2 33.8/ | E61: 65.7862 | F61: 2.6702 | G61: 211808.958 | H61: 152550.737 | I61: 24 | J61: 24
A62: =IFERROR(LEFT(RIGHT(C62,LEN(C62)-SEARCH("@",C62)),SEARCH("/",RIGHT(C62,LEN(C62)-SEARCH("@",C62)-1))),"") | B62: =LEFT(RIGHT(RIGHT(Tableau46[[#This Row],[file name]],LEN(Tableau46[[#This Row],[file name]])-SEARCH("@",Tableau46[[#This Row],[file name]])),LEN(RIGHT(Tableau46[[#This Row],[file name]],LEN(Tableau46[[#This Row],[file name]])-SEARCH("@",Tableau46[[#This Row],[file name]])))-SEARCH("/",RIGHT(Tableau46[[#This Row],[file name]],LEN(Tableau46[[#This Row],[file name]])-SEARCH("@",Tableau46[[#This Row],[file name]])))),1) -> #VALUE!
A63: =IFERROR(LEFT(RIGHT(C63,LEN(C63)-SEARCH("@",C63)),SEARCH("/",RIGHT(C63,LEN(C63)-SEARCH("@",C63)-1))),"") | B63: =LEFT(RIGHT(RIGHT(Tableau46[[#This Row],[file name]],LEN(Tableau46[[#This Row],[file name]])-SEARCH("@",Tableau46[[#This Row],[file name]])),LEN(RIGHT(Tableau46[[#This Row],[file name]],LEN(Tableau46[[#This Row],[file name]])-SEARCH("@",Tableau46[[#This Row],[file name]])))-SEARCH("/",RIGHT(Tableau46[[#This Row],[file name]],LEN(Tableau46[[#This Row],[file name]])-SEARCH("@",Tableau46[[#This Row],[file name]])))),1) -> #VALUE!
A64: =IFERROR(LEFT(RIGHT(C64,LEN(C64)-SEARCH("@",C64)),SEARCH("/",RIGHT(C64,LEN(C64)-SEARCH("@",C64)-1))),"") | B64: =LEFT(RIGHT(RIGHT(Tableau46[[#This Row],[file name]],LEN(Tableau46[[#This Row],[file name]])-SEARCH("@",Tableau46[[#This Row],[file name]])),LEN(RIGHT(Tableau46[[#This Row],[file name]],LEN(Tableau46[[#This Row],[file name]])-SEARCH("@",Tableau46[[#This Row],[file name]])))-SEARCH("/",RIGHT(Tableau46[[#This Row],[file name]],LEN(Tableau46[[#This Row],[file name]])-SEARCH("@",Tableau46[[#This Row],[file name]])))),1) -> #VALUE!
A65: =IFERROR(LEFT(RIGHT(C65,LEN(C65)-SEARCH("@",C65)),SEARCH("/",RIGHT(C65,LEN(C65)-SEARCH("@",C65)-1))),"") | B65: =LEFT(RIGHT(RIGHT(Tableau46[[#This Row],[file name]],LEN(Tableau46[[#This Row],[file name]])-SEARCH("@",Tableau46[[#This Row],[file name]])),LEN(RIGHT(Tableau46[[#This Row],[file name]],LEN(Tableau46[[#This Row],[file name]])-SEARCH("@",Tableau46[[#This Row],[file name]])))-SEARCH("/",RIGHT(Tableau46[[#This Row],[file name]],LEN(Tableau46[[#This Row],[file name]])-SEARCH("@",Tableau46[[#This Row],[file name]])))),1) -> #VALUE!
A66: =IFERROR(LEFT(RIGHT(C66,LEN(C66)-SEARCH("@",C66)),SEARCH("/",RIGHT(C66,LEN(C66)-SEARCH("@",C66)-1))),"") | B66: =LEFT(RIGHT(RIGHT(Tableau46[[#This Row],[file name]],LEN(Tableau46[[#This Row],[file name]])-SEARCH("@",Tableau46[[#This Row],[file name]])),LEN(RIGHT(Tableau46[[#This Row],[file name]],LEN(Tableau46[[#This Row],[file name]])-SEARCH("@",Tableau46[[#This Row],[file name]])))-SEARCH("/",RIGHT(Tableau46[[#This Row],[file name]],LEN(Tableau46[[#This Row],[file name]])-SEARCH("@",Tableau46[[#This Row],[file name]])))),1) -> #VALUE!
A67: =IFERROR(LEFT(RIGHT(C67,LEN(C67)-SEARCH("@",C67)),SEARCH("/",RIGHT(C67,LEN(C67)-SEARCH("@",C67)-1))),"") | B67: =LEFT(RIGHT(RIGHT(Tableau46[[#This Row],[file name]],LEN(Tableau46[[#This Row],[file name]])-SEARCH("@",Tableau46[[#This Row],[file name]])),LEN(RIGHT(Tableau46[[#This Row],[file name]],LEN(Tableau46[[#This Row],[file name]])-SEARCH("@",Tableau46[[#This Row],[file name]])))-SEARCH("/",RIGHT(Tableau46[[#This Row],[file name]],LEN(Tableau46[[#This Row],[file name]])-SEARCH("@",Tableau46[[#This Row],[file name]])))),1) -> #VALUE! | C67: file name | D67: total area | E67: mean intensity | G67: total fluorescence
A68: =IFERROR(LEFT(RIGHT(C68,LEN(C68)-SEARCH("@",C68)),SEARCH("/",RIGHT(C68,LEN(C68)-SEARCH("@",C68)-1))),"") -> 03 EE2 50.6 | B68: =LEFT(RIGHT(RIGHT(Tableau46[[#This Row],[file name]],LEN(Tableau46[[#This Row],[file name]])-SEARCH("@",Tableau46[[#This Row],[file name]])),LEN(RIGHT(Tableau46[[#This Row],[file name]],LEN(Tableau46[[#This Row],[file name]])-SEARCH("@",Tableau46[[#This Row],[file name]])))-SEARCH("/",RIGHT(Tableau46[[#This Row],[file name]],LEN(Tableau46[[#This Row],[file name]])-SEARCH("@",Tableau46[[#This Row],[file name]])))),1) -> A | C68: F:\images\2021-CHG-ACH-Dutasteride 2\plaque 1/@03 EE2 50.6/A3_01.tif | D68: 6207.7798 | E68: 67.6098 | G68: 419706
A69: =IFERROR(LEFT(RIGHT(C69,LEN(C69)-SEARCH("@",C69)),SEARCH("/",RIGHT(C69,LEN(C69)-SEARCH("@",C69)-1))),"") -> 03 EE2 50.6 | B69: =LEFT(RIGHT(RIGHT(Tableau46[[#This Row],[file name]],LEN(Tableau46[[#This Row],[file name]])-SEARCH("@",Tableau46[[#This Row],[file name]])),LEN(RIGHT(Tableau46[[#This Row],[file name]],LEN(Tableau46[[#This Row],[file name]])-SEARCH("@",Tableau46[[#This Row],[file name]])))-SEARCH("/",RIGHT(Tableau46[[#This Row],[file name]],LEN(Tableau46[[#This Row],[file name]])-SEARCH("@",Tableau46[[#This Row],[file name]])))),1) -> A | C69: F:\images\2021-CHG-ACH-Dutasteride 2\plaque 1/@03 EE2 50.6/A3_02.tif | D69: 562.3773 | E69: 68.9231 | G69: 38761
A70: =IFERROR(LEFT(RIGHT(C70,LEN(C70)-SEARCH("@",C70)),SEARCH("/",RIGHT(C70,LEN(C70)-SEARCH("@",C70)-1))),"") -> 03 EE2 50.6 | B70: =LEFT(RIGHT(RIGHT(Tableau46[[#This Row],[file name]],LEN(Tableau46[[#This Row],[file name]])-SEARCH("@",Tableau46[[#This Row],[file name]])),LEN(RIGHT(Tableau46[[#This Row],[file name]],LEN(Tableau46[[#This Row],[file name]])-SEARCH("@",Tableau46[[#This Row],[file name]])))-SEARCH("/",RIGHT(Tableau46[[#This Row],[file name]],LEN(Tableau46[[#This Row],[file name]])-SEARCH("@",Tableau46[[#This Row],[file name]])))),1) -> A | C70: F:\images\2021-CHG-ACH-Dutasteride 2\plaque 1/@03 EE2 50.6/A3_03.tif | D70: 4066.4202 | E70: 68.1489 | G70: 277122
A71: =IFERROR(LEFT(RIGHT(C71,LEN(C71)-SEARCH("@",C71)),SEARCH("/",RIGHT(C71,LEN(C71)-SEARCH("@",C71)-1))),"") -> 03 EE2 50.6 | B71: =LEFT(RIGHT(RIGHT(Tableau46[[#This Row],[file name]],LEN(Tableau46[[#This Row],[file name]])-SEARCH("@",Tableau46[[#This Row],[file name]])),LEN(RIGHT(Tableau46[[#This Row],[file name]],LEN(Tableau46[[#This Row],[file name]])-SEARCH("@",Tableau46[[#This Row],[file name]])))-SEARCH("/",RIGHT(Tableau46[[#This Row],[file name]],LEN(Tableau46[[#This Row],[file name]])-SEARCH("@",Tableau46[[#This Row],[file name]])))),1) -> B | C71: F:\images\2021-CHG-ACH-Dutasteride 2\plaque 1/@03 EE2 50.6/B3_01.tif | D71: 1449.2029 | E71: 66.597 | G71: 96513
A72: =IFERROR(LEFT(RIGHT(C72,LEN(C72)-SEARCH("@",C72)),SEARCH("/",RIGHT(C72,LEN(C72)-SEARCH("@",C72)-1))),"") -> 03 EE2 50.6 | B72: =LEFT(RIGHT(RIGHT(Tableau46[[#This Row],[file name]],LEN(Tableau46[[#This Row],[file name]])-SEARCH("@",Tableau46[[#This Row],[file name]])),LEN(RIGHT(Tableau46[[#This Row],[file name]],LEN(Tableau46[[#This Row],[file name]])-SEARCH("@",Tableau46[[#This Row],[file name]])))-SEARCH("/",RIGHT(Tableau46[[#This Row],[file name]],LEN(Tableau46[[#This Row],[file name]])-SEARCH("@",Tableau46[[#This Row],[file name]])))),1) -> B | C72: F:\images\2021-CHG-ACH-Dutasteride 2\plaque 1/@03 EE2 50.6/B3_02.tif | D72: 1492.4627 | E72: 64.6522 | G72: 96491
A73: =IFERROR(LEFT(RIGHT(C73,LEN(C73)-SEARCH("@",C73)),SEARCH("/",RIGHT(C73,LEN(C73)-SEARCH("@",C73)-1))),"") -> 03 EE2 50.6 | B73: =LEFT(RIGHT(RIGHT(Tableau46[[#This Row],[file name]],LEN(Tableau46[[#This Row],[file name]])-SEARCH("@",Tableau46[[#This Row],[file name]])),LEN(RIGHT(Tableau46[[#This Row],[file name]],LEN(Tableau46[[#This Row],[file name]])-SEARCH("@",Tableau46[[#This Row],[file name]])))-SEARCH("/",RIGHT(Tableau46[[#This Row],[file name]],LEN(Tableau46[[#This Row],[file name]])-SEARCH("@",Tableau46[[#This Row],[file name]])))),1) -> B | C73: F:\images\2021-CHG-ACH-Dutasteride 2\plaque 1/@03 EE2 50.6/B3_03.tif | D73: 1103.1246 | E73: 64.5686 | G73: 71227
A74: =IFERROR(LEFT(RIGHT(C74,LEN(C74)-SEARCH("@",C74)),SEARCH("/",RIGHT(C74,LEN(C74)-SEARCH("@",C74)-1))),"") -> 03 EE2 50.6 | B74: =LEFT(RIGHT(RIGHT(Tableau46[[#This Row],[file name]],LEN(Tableau46[[#This Row],[file name]])-SEARCH("@",Tableau46[[#This Row],[file name]])),LEN(RIGHT(Tableau46[[#This Row],[file name]],LEN(Tableau46[[#This Row],[file name]])-SEARCH("@",Tableau46[[#This Row],[file name]])))-SEARCH("/",RIGHT(Tableau46[[#This Row],[file name]],LEN(Tableau46[[#This Row],[file name]])-SEARCH("@",Tableau46[[#This Row],[file name]])))),1) -> C | C74: F:\images\2021-CHG-ACH-Dutasteride 2\plaque 1/@03 EE2 50.6/C3_01.tif | D74: 324.4484 | E74: 63.4 | G74: 20570
A75: =IFERROR(LEFT(RIGHT(C75,LEN(C75)-SEARCH("@",C75)),SEARCH("/",RIGHT(C75,LEN(C75)-SEARCH("@",C75)-1))),"") -> 03 EE2 50.6 | B75: =LEFT(RIGHT(RIGHT(Tableau46[[#This Row],[file name]],LEN(Tableau46[[#This Row],[file name]])-SEARCH("@",Tableau46[[#This Row],[file name]])),LEN(RIGHT(Tableau46[[#This Row],[file name]],LEN(Tableau46[[#This Row],[file name]])-SEARCH("@",Tableau46[[#This Row],[file name]])))-SEARCH("/",RIGHT(Tableau46[[#This Row],[file name]],LEN(Tableau46[[#This Row],[file name]])-SEARCH("@",Tableau46[[#This Row],[file name]])))),1) -> C | C75: F:\images\2021-CHG-ACH-Dutasteride 2\plaque 1/@03 EE2 50.6/C3_02.tif | D75: 757.0463 | E75: 64.3429 | G75: 48711
A76: =IFERROR(LEFT(RIGHT(C76,LEN(C76)-SEARCH("@",C76)),SEARCH("/",RIGHT(C76,LEN(C76)-SEARCH("@",C76)-1))),"") -> 03 EE2 50.6 | B76: =LEFT(RIGHT(RIGHT(Tableau46[[#This Row],[file name]],LEN(Tableau46[[#This Row],[file name]])-SEARCH("@",Tableau46[[#This Row],[file name]])),LEN(RIGHT(Tableau46[[#This Row],[file name]],LEN(Tableau46[[#This Row],[file name]])-SEARCH("@",Tableau46[[#This Row],[file name]])))-SEARCH("/",RIGHT(Tableau46[[#This Row],[file name]],LEN(Tableau46[[#This Row],[file name]])-SEARCH("@",Tableau46[[#This Row],[file name]])))),1) -> C | C76: F:\images\2021-CHG-ACH-Dutasteride 2\plaque 1/@03 EE2 50.6/C3_03.tif | D76: 562.3773 | E76: 65.2692 | G76: 36706
A77: =IFERROR(LEFT(RIGHT(C77,LEN(C77)-SEARCH("@",C77)),SEARCH("/",RIGHT(C77,LEN(C77)-SEARCH("@",C77)-1))),"") -> 03 EE2 50.6 | B77: =LEFT(RIGHT(RIGHT(Tableau46[[#This Row],[file name]],LEN(Tableau46[[#This Row],[file name]])-SEARCH("@",Tableau46[[#This Row],[file name]])),LEN(RIGHT(Tableau46[[#This Row],[file name]],LEN(Tableau46[[#This Row],[file name]])-SEARCH("@",Tableau46[[#This Row],[file name]])))-SEARCH("/",RIGHT(Tableau46[[#This Row],[file name]],LEN(Tableau46[[#This Row],[file name]])-SEARCH("@",Tableau46[[#This Row],[file name]])))),1) -> D | C77: F:\images\2021-CHG-ACH-Dutasteride 2\plaque 1/@03 EE2 50.6/D3_01.tif | D77: 8262.6197 | E77: 65.4031 | G77: 540401
A78: =IFERROR(LEFT(RIGHT(C78,LEN(C78)-SEARCH("@",C78)),SEARCH("/",RIGHT(C78,LEN(C78)-SEARCH("@",C78)-1))),"") -> 03 EE2 50.6 | B78: =LEFT(RIGHT(RIGHT(Tableau46[[#This Row],[file name]],LEN(Tableau46[[#This Row],[file name]])-SEARCH("@",Tableau46[[#This Row],[file name]])),LEN(RIGHT(Tableau46[[#This Row],[file name]],LEN(Tableau46[[#This Row],[file name]])-SEARCH("@",Tableau46[[#This Row],[file name]])))-SEARCH("/",RIGHT(Tableau46[[#This Row],[file name]],LEN(Tableau46[[#This Row],[file name]])-SEARCH("@",Tableau46[[#This Row],[file name]])))),1) -> D | C78: F:\images\2021-CHG-ACH-Dutasteride 2\plaque 1/@03 EE2 50.6/D3_02.tif | D78: 8824.997 | E78: 65.8897 | G78: 581476
A79: =IFERROR(LEFT(RIGHT(C79,LEN(C79)-SEARCH("@",C79)),SEARCH("/",RIGHT(C79,LEN(C79)-SEARCH("@",C79)-1))),"") -> 03 EE2 50.6 | B79: =LEFT(RIGHT(RIGHT(Tableau46[[#This Row],[file name]],LEN(Tableau46[[#This Row],[file name]])-SEARCH("@",Tableau46[[#This Row],[file name]])),LEN(RIGHT(Tableau46[[#This Row],[file name]],LEN(Tableau46[[#This Row],[file name]])-SEARCH("@",Tableau46[[#This Row],[file name]])))-SEARCH("/",RIGHT(Tableau46[[#This Row],[file name]],LEN(Tableau46[[#This Row],[file name]])-SEARCH("@",Tableau46[[#This Row],[file name]])))),1) -> D | C79: F:\images\2021-CHG-ACH-Dutasteride 2\plaque 1/@03 EE2 50.6/D3_03.tif | D79: 8695.2176 | E79: 65.2637 | G79: 567482
... A91: =IFERROR(LEFT(RIGHT(C91,LEN(C91)-SEARCH("@",C91)),SEARCH("/",RIGHT(C91,LEN(C91)-SEARCH("@",C91)-1))),"") -> 03 EE2 50.6 | B91: =LEFT(RIGHT(RIGHT(Tableau46[[#This Row],[file name]],LEN(Tableau46[[#This Row],[file name]])-SEARCH("@",Tableau46[[#This Row],[file name]])),LEN(RIGHT(Tableau46[[#This Row],[file name]],LEN(Tableau46[[#This Row],[file name]])-SEARCH("@",Tableau46[[#This Row],[file name]])))-SEARCH("/",RIGHT(Tableau46[[#This Row],[file name]],LEN(Tableau46[[#This Row],[file name]])-SEARCH("@",Tableau46[[#This Row],[file name]])))),1) -> H | C91: F:\images\2021-CHG-ACH-Dutasteride 2\plaque 1/@03 EE2 50.6/H3_03.tif | D91: 1968.3204 | E91: 68.5495 | G91: 134927
A92: =IFERROR(LEFT(RIGHT(C92,LEN(C92)-SEARCH("@",C92)),SEARCH("/",RIGHT(C92,LEN(C92)-SEARCH("@",C92)-1))),"") | B92: =LEFT(RIGHT(RIGHT(Tableau46[[#This Row],[file name]],LEN(Tableau46[[#This Row],[file name]])-SEARCH("@",Tableau46[[#This Row],[file name]])),LEN(RIGHT(Tableau46[[#This Row],[file name]],LEN(Tableau46[[#This Row],[file name]])-SEARCH("@",Tableau46[[#This Row],[file name]])))-SEARCH("/",RIGHT(Tableau46[[#This Row],[file name]],LEN(Tableau46[[#This Row],[file name]])-SEARCH("@",Tableau46[[#This Row],[file name]])))),1) -> #VALUE!
A93: =IFERROR(LEFT(RIGHT(C93,LEN(C93)-SEARCH("@",C93)),SEARCH("/",RIGHT(C93,LEN(C93)-SEARCH("@",C93)-1))),"") | B93: =LEFT(RIGHT(RIGHT(Tableau46[[#This Row],[file name]],LEN(Tableau46[[#This Row],[file name]])-SEARCH("@",Tableau46[[#This Row],[file name]])),LEN(RIGHT(Tableau46[[#This Row],[file name]],LEN(Tableau46[[#This Row],[file name]])-SEARCH("@",Tableau46[[#This Row],[file name]])))-SEARCH("/",RIGHT(Tableau46[[#This Row],[file name]],LEN(Tableau46[[#This Row],[file name]])-SEARCH("@",Tableau46[[#This Row],[file name]])))),1) -> #VALUE! | C93: group | E93: mean of mean fluo | F93: SD mean fluo | G93: mean of total fluo | H93: SD total fluo | I93: n fluorescent | J93: n total
A94: =IFERROR(LEFT(RIGHT(C94,LEN(C94)-SEARCH("@",C94)),SEARCH("/",RIGHT(C94,LEN(C94)-SEARCH("@",C94)-1))),"") -> 03 EE2 50.6 | B94: =LEFT(RIGHT(RIGHT(Tableau46[[#This Row],[file name]],LEN(Tableau46[[#This Row],[file name]])-SEARCH("@",Tableau46[[#This Row],[file name]])),LEN(RIGHT(Tableau46[[#This Row],[file name]],LEN(Tableau46[[#This Row],[file name]])-SEARCH("@",Tableau46[[#This Row],[file name]])))-SEARCH("/",RIGHT(Tableau46[[#This Row],[file name]],LEN(Tableau46[[#This Row],[file name]])-SEARCH("@",Tableau46[[#This Row],[file name]])))),1) | C94: F:\images\2021-CHG-ACH-Dutasteride 2\plaque 1/@03 EE2 50.6/ | E94: 65.4789 | F94: 2.4011 | G94: 149586.917 | H94: 190387.157 | I94: 24 | J94: 24
A95: =IFERROR(LEFT(RIGHT(C95,LEN(C95)-SEARCH("@",C95)),SEARCH("/",RIGHT(C95,LEN(C95)-SEARCH("@",C95)-1))),"") | B95: =LEFT(RIGHT(RIGHT(Tableau46[[#This Row],[file name]],LEN(Tableau46[[#This Row],[file name]])-SEARCH("@",Tableau46[[#This Row],[file name]])),LEN(RIGHT(Tableau46[[#This Row],[file name]],LEN(Tableau46[[#This Row],[file name]])-SEARCH("@",Tableau46[[#This Row],[file name]])))-SEARCH("/",RIGHT(Tableau46[[#This Row],[file name]],LEN(Tableau46[[#This Row],[file name]])-SEARCH("@",Tableau46[[#This Row],[file name]])))),1) -> #VALUE!
A96: =IFERROR(LEFT(RIGHT(C96,LEN(C96)-SEARCH("@",C96)),SEARCH("/",RIGHT(C96,LEN(C96)-SEARCH("@",C96)-1))),"") | B96: =LEFT(RIGHT(RIGHT(Tableau46[[#This Row],[file name]],LEN(Tableau46[[#This Row],[file name]])-SEARCH("@",Tableau46[[#This Row],[file name]])),LEN(RIGHT(Tableau46[[#This Row],[file name]],LEN(Tableau46[[#This Row],[file name]])-SEARCH("@",Tableau46[[#This Row],[file name]])))-SEARCH("/",RIGHT(Tableau46[[#This Row],[file name]],LEN(Tableau46[[#This Row],[file name]])-SEARCH("@",Tableau46[[#This Row],[file name]])))),1) -> #VALUE!
A97: =IFERROR(LEFT(RIGHT(C97,LEN(C97)-SEARCH("@",C97)),SEARCH("/",RIGHT(C97,LEN(C97)-SEARCH("@",C97)-1))),"") | B97: =LEFT(RIGHT(RIGHT(Tableau46[[#This Row],[file name]],LEN(Tableau46[[#This Row],[file name]])-SEARCH("@",Tableau46[[#This Row],[file name]])),LEN(RIGHT(Tableau46[[#This Row],[file name]],LEN(Tableau46[[#This Row],[file name]])-SEARCH("@",Tableau46[[#This Row],[file name]])))-SEARCH("/",RIGHT(Tableau46[[#This Row],[file name]],LEN(Tableau46[[#This Row],[file name]])-SEARCH("@",Tableau46[[#This Row],[file name]])))),1) -> #VALUE!
A98: =IFERROR(LEFT(RIGHT(C98,LEN(C98)-SEARCH("@",C98)),SEARCH("/",RIGHT(C98,LEN(C98)-SEARCH("@",C98)-1))),"") | B98: =LEFT(RIGHT(RIGHT(Tableau46[[#This Row],[file name]],LEN(Tableau46[[#This Row],[file name]])-SEARCH("@",Tableau46[[#This Row],[file name]])),LEN(RIGHT(Tableau46[[#This Row],[file name]],LEN(Tableau46[[#This Row],[file name]])-SEARCH("@",Tableau46[[#This Row],[file name]])))-SEARCH("/",RIGHT(Tableau46[[#This Row],[file name]],LEN(Tableau46[[#This Row],[file name]])-SEARCH("@",Tableau46[[#This Row],[file name]])))),1) -> #VALUE!
A99: =IFERROR(LEFT(RIGHT(C99,LEN(C99)-SEARCH("@",C99)),SEARCH("/",RIGHT(C99,LEN(C99)-SEARCH("@",C99)-1))),"") | B99: =LEFT(RIGHT(RIGHT(Tableau46[[#This Row],[file name]],LEN(Tableau46[[#This Row],[file name]])-SEARCH("@",Tableau46[[#This Row],[file name]])),LEN(RIGHT(Tableau46[[#This Row],[file name]],LEN(Tableau46[[#This Row],[file name]])-SEARCH("@",Tableau46[[#This Row],[file name]])))-SEARCH("/",RIGHT(Tableau46[[#This Row],[file name]],LEN(Tableau46[[#This Row],[file name]])-SEARCH("@",Tableau46[[#This Row],[file name]])))),1) -> #VALUE!
A100: =IFERROR(LEFT(RIGHT(C100,LEN(C100)-SEARCH("@",C100)),SEARCH("/",RIGHT(C100,LEN(C100)-SEARCH("@",C100)-1))),"") | B100: =LEFT(RIGHT(RIGHT(Tableau46[[#This Row],[file name]],LEN(Tableau46[[#This Row],[file name]])-SEARCH("@",Tableau46[[#This Row],[file name]])),LEN(RIGHT(Tableau46[[#This Row],[file name]],LEN(Tableau46[[#This Row],[file name]])-SEARCH("@",Tableau46[[#This Row],[file name]])))-SEARCH("/",RIGHT(Tableau46[[#This Row],[file name]],LEN(Tableau46[[#This Row],[file name]])-SEARCH("@",Tableau46[[#This Row],[file name]])))),1) -> #VALUE! | C100: file name | D100: total area | E100: mean intensity | G100: total fluorescence
A101: =IFERROR(LEFT(RIGHT(C101,LEN(C101)-SEARCH("@",C101)),SEARCH("/",RIGHT(C101,LEN(C101)-SEARCH("@",C101)-1))),"") -> 04 EE2 76 | B101: =LEFT(RIGHT(RIGHT(Tableau46[[#This Row],[file name]],LEN(Tableau46[[#This Row],[file name]])-SEARCH("@",Tableau46[[#This Row],[file name]])),LEN(RIGHT(Tableau46[[#This Row],[file name]],LEN(Tableau46[[#This Row],[file name]])-SEARCH("@",Tableau46[[#This Row],[file name]])))-SEARCH("/",RIGHT(Tableau46[[#This Row],[file name]],LEN(Tableau46[[#This Row],[file name]])-SEARCH("@",Tableau46[[#This Row],[file name]])))),1) -> A | C101: F:\images\2021-CHG-ACH-Dutasteride 2\plaque 1/@04 EE2 76/A4_01.tif | D101: 1730.3916 | E101: 66.05 | G101: 114292
A102: =IFERROR(LEFT(RIGHT(C102,LEN(C102)-SEARCH("@",C102)),SEARCH("/",RIGHT(C102,LEN(C102)-SEARCH("@",C102)-1))),"") -> 04 EE2 76 | B102: =LEFT(RIGHT(RIGHT(Tableau46[[#This Row],[file name]],LEN(Tableau46[[#This Row],[file name]])-SEARCH("@",Tableau46[[#This Row],[file name]])),LEN(RIGHT(Tableau46[[#This Row],[file name]],LEN(Tableau46[[#This Row],[file name]])-SEARCH("@",Tableau46[[#This Row],[file name]])))-SEARCH("/",RIGHT(Tableau46[[#This Row],[file name]],LEN(Tableau46[[#This Row],[file name]])-SEARCH("@",Tableau46[[#This Row],[file name]])))),1) -> A | C102: F:\images\2021-CHG-ACH-Dutasteride 2\plaque 1/@04 EE2 76/A4_02.tif | D102: 1081.4947 | E102: 64.72 | G102: 69994
A103: =IFERROR(LEFT(RIGHT(C103,LEN(C103)-SEARCH("@",C103)),SEARCH("/",RIGHT(C103,LEN(C103)-SEARCH("@",C103)-1))),"") -> 04 EE2 76 | B103: =LEFT(RIGHT(RIGHT(Tableau46[[#This Row],[file name]],LEN(Tableau46[[#This Row],[file name]])-SEARCH("@",Tableau46[[#This Row],[file name]])),LEN(RIGHT(Tableau46[[#This Row],[file name]],LEN(Tableau46[[#This Row],[file name]])-SEARCH("@",Tableau46[[#This Row],[file name]])))-SEARCH("/",RIGHT(Tableau46[[#This Row],[file name]],LEN(Tableau46[[#This Row],[file name]])-SEARCH("@",Tableau46[[#This Row],[file name]])))),1) -> A | C103: F:\images\2021-CHG-ACH-Dutasteride 2\plaque 1/@04 EE2 76/A4_03.tif | D103: 2465.808 | E103: 67.6404 | G103: 166788
A104: =IFERROR(LEFT(RIGHT(C104,LEN(C104)-SEARCH("@",C104)),SEARCH("/",RIGHT(C104,LEN(C104)-SEARCH("@",C104)-1))),"") -> 04 EE2 76 | B104: =LEFT(RIGHT(RIGHT(Tableau46[[#This Row],[file name]],LEN(Tableau46[[#This Row],[file name]])-SEARCH("@",Tableau46[[#This Row],[file name]])),LEN(RIGHT(Tableau46[[#This Row],[file name]],LEN(Tableau46[[#This Row],[file name]])-SEARCH("@",Tableau46[[#This Row],[file name]])))-SEARCH("/",RIGHT(Tableau46[[#This Row],[file name]],LEN(Tableau46[[#This Row],[file name]])-SEARCH("@",Tableau46[[#This Row],[file name]])))),1) -> B | C104: F:\images\2021-CHG-ACH-Dutasteride 2\plaque 1/@04 EE2 76/B4_01.tif | D104: 6359.189 | E104: 68.3197 | G104: 434458
A105: =IFERROR(LEFT(RIGHT(C105,LEN(C105)-SEARCH("@",C105)),SEARCH("/",RIGHT(C105,LEN(C105)-SEARCH("@",C105)-1))),"") -> 04 EE2 76 | B105: =LEFT(RIGHT(RIGHT(Tableau46[[#This Row],[file name]],LEN(Tableau46[[#This Row],[file name]])-SEARCH("@",Tableau46[[#This Row],[file name]])),LEN(RIGHT(Tableau46[[#This Row],[file name]],LEN(Tableau46[[#This Row],[file name]])-SEARCH("@",Tableau46[[#This Row],[file name]])))-SEARCH("/",RIGHT(Tableau46[[#This Row],[file name]],LEN(Tableau46[[#This Row],[file name]])-SEARCH("@",Tableau46[[#This Row],[file name]])))),1) -> B | C105: F:\images\2021-CHG-ACH-Dutasteride 2\plaque 1/@04 EE2 76/B4_02.tif | D105: 7527.2033 | E105: 71.3247 | G105: 536876
A106: =IFERROR(LEFT(RIGHT(C106,LEN(C106)-SEARCH("@",C106)),SEARCH("/",RIGHT(C106,LEN(C106)-SEARCH("@",C106)-1))),"") -> 04 EE2 76 | B106: =LEFT(RIGHT(RIGHT(Tableau46[[#This Row],[file name]],LEN(Tableau46[[#This Row],[file name]])-SEARCH("@",Tableau46[[#This Row],[file name]])),LEN(RIGHT(Tableau46[[#This Row],[file name]],LEN(Tableau46[[#This Row],[file name]])-SEARCH("@",Tableau46[[#This Row],[file name]])))-SEARCH("/",RIGHT(Tableau46[[#This Row],[file name]],LEN(Tableau46[[#This Row],[file name]])-SEARCH("@",Tableau46[[#This Row],[file name]])))),1) -> B | C106: F:\images\2021-CHG-ACH-Dutasteride 2\plaque 1/@04 EE2 76/B4_03.tif | D106: 7159.4951 | E106: 67.8066 | G106: 485461
A107: =IFERROR(LEFT(RIGHT(C107,LEN(C107)-SEARCH("@",C107)),SEARCH("/",RIGHT(C107,LEN(C107)-SEARCH("@",C107)-1))),"") -> 04 EE2 76 | B107: =LEFT(RIGHT(RIGHT(Tableau46[[#This Row],[file name]],LEN(Tableau46[[#This Row],[file name]])-SEARCH("@",Tableau46[[#This Row],[file name]])),LEN(RIGHT(Tableau46[[#This Row],[file name]],LEN(Tableau46[[#This Row],[file name]])-SEARCH("@",Tableau46[[#This Row],[file name]])))-SEARCH("/",RIGHT(Tableau46[[#This Row],[file name]],LEN(Tableau46[[#This Row],[file name]])-SEARCH("@",Tableau46[[#This Row],[file name]])))),1) -> C | C107: F:\images\2021-CHG-ACH-Dutasteride 2\plaque 1/@04 EE2 76/C4_01.tif | D107: 389.3381 | E107: 64.2222 | G107: 25004
A108: =IFERROR(LEFT(RIGHT(C108,LEN(C108)-SEARCH("@",C108)),SEARCH("/",RIGHT(C108,LEN(C108)-SEARCH("@",C108)-1))),"") -> 04 EE2 76 | B108: =LEFT(RIGHT(RIGHT(Tableau46[[#This Row],[file name]],LEN(Tableau46[[#This Row],[file name]])-SEARCH("@",Tableau46[[#This Row],[file name]])),LEN(RIGHT(Tableau46[[#This Row],[file name]],LEN(Tableau46[[#This Row],[file name]])-SEARCH("@",Tableau46[[#This Row],[file name]])))-SEARCH("/",RIGHT(Tableau46[[#This Row],[file name]],LEN(Tableau46[[#This Row],[file name]])-SEARCH("@",Tableau46[[#This Row],[file name]])))),1) -> C | C108: F:\images\2021-CHG-ACH-Dutasteride 2\plaque 1/@04 EE2 76/C4_02.tif | D108: 757.0463 | E108: 64.4571 | G108: 48797
A109: =IFERROR(LEFT(RIGHT(C109,LEN(C109)-SEARCH("@",C109)),SEARCH("/",RIGHT(C109,LEN(C109)-SEARCH("@",C109)-1))),"") -> 04 EE2 76 | B109: =LEFT(RIGHT(RIGHT(Tableau46[[#This Row],[file name]],LEN(Tableau46[[#This Row],[file name]])-SEARCH("@",Tableau46[[#This Row],[file name]])),LEN(RIGHT(Tableau46[[#This Row],[file name]],LEN(Tableau46[[#This Row],[file name]])-SEARCH("@",Tableau46[[#This Row],[file name]])))-SEARCH("/",RIGHT(Tableau46[[#This Row],[file name]],LEN(Tableau46[[#This Row],[file name]])-SEARCH("@",Tableau46[[#This Row],[file name]])))),1) -> C | C109: F:\images\2021-CHG-ACH-Dutasteride 2\plaque 1/@04 EE2 76/C4_03.tif | D109: 410.968 | E109: 62.0526 | G109: 25502
A110: =IFERROR(LEFT(RIGHT(C110,LEN(C110)-SEARCH("@",C110)),SEARCH("/",RIGHT(C110,LEN(C110)-SEARCH("@",C110)-1))),"") -> 04 EE2 76 | B110: =LEFT(RIGHT(RIGHT(Tableau46[[#This Row],[file name]],LEN(Tableau46[[#This Row],[file name]])-SEARCH("@",Tableau46[[#This Row],[file name]])),LEN(RIGHT(Tableau46[[#This Row],[file name]],LEN(Tableau46[[#This Row],[file name]])-SEARCH("@",Tableau46[[#This Row],[file name]])))-SEARCH("/",RIGHT(Tableau46[[#This Row],[file name]],LEN(Tableau46[[#This Row],[file name]])-SEARCH("@",Tableau46[[#This Row],[file name]])))),1) -> D | C110: F:\images\2021-CHG-ACH-Dutasteride 2\plaque 1/@04 EE2 76/D4_01.tif | D110: 14946.2572 | E110: 65.686 | G110: 981759
A111: =IFERROR(LEFT(RIGHT(C111,LEN(C111)-SEARCH("@",C111)),SEARCH("/",RIGHT(C111,LEN(C111)-SEARCH("@",C111)-1))),"") -> 04 EE2 76 | B111: =LEFT(RIGHT(RIGHT(Tableau46[[#This Row],[file name]],LEN(Tableau46[[#This Row],[file name]])-SEARCH("@",Tableau46[[#This Row],[file name]])),LEN(RIGHT(Tableau46[[#This Row],[file name]],LEN(Tableau46[[#This Row],[file name]])-SEARCH("@",Tableau46[[#This Row],[file name]])))-SEARCH("/",RIGHT(Tableau46[[#This Row],[file name]],LEN(Tableau46[[#This Row],[file name]])-SEARCH("@",Tableau46[[#This Row],[file name]])))),1) -> D | C111: F:\images\2021-CHG-ACH-Dutasteride 2\plaque 1/@04 EE2 76/D4_02.tif | D111: 13194.2357 | E111: 66.4787 | G111: 877135
...

Sheet R2
A1: 6. Expérimentateur 2 : copier et coller les valeurs des intensités totales de fluorescences obtenues dans le fichier raw data lors du traitement des images. Ne pas supprimer les colonnes correspondant aux concentrations non lues.
A3: R2 | B3: Non dopé | O3: avec testo
A4: Noms des groupes | B4: ='Page de garde'!A7 -> Témoin solvant | C4: ='Page de garde'!A9 -> EE2-33.8ng/L | D4: ='Page de garde'!A10 -> EE2-50.6ng/L | E4: ='Page de garde'!A11 -> EE2-76ng/L | F4: ='Page de garde'!A12 -> EE2-114ng/L | G4: ='Page de garde'!A13 -> EE2-170.9ng/L | H4: ='Page de garde'!A14 -> EE2-488ng/L | I4: ='Page de garde'!A15 -> Dutasteride-0,01mg/L | J4: ='Page de garde'!A16 -> Dutasteride-0,1mg/L | K4: ='Page de garde'!A17 -> Dutasteride-0,25mg/L | L4: ='Page de garde'!A18 -> Dutasteride-0,5mg/L | M4: ='Page de garde'!A19 -> Dutasteride-1mg/L | O4: ='Page de garde'!A36 -> Testo -30µg/L | P4: ='Page de garde'!A37 -> Testo 30µg/L + EE2 -64ng/L | Q4: ='Page de garde'!A38 -> Testo 30µg/L + FAD-10µg/L | R4: ='Page de garde'!A39 -> Dutasteride-0.01mg/L + Testostérone | S4: ='Page de garde'!A40 -> Dutasteride-0.1mg/L + Testostérone | T4: ='Page de garde'!A41 -> Dutasteride-0.25mg/L + Testostérone | U4: ='Page de garde'!A42 -> Dutasteride-0.5mg/L + Testostérone | V4: ='Page de garde'!A43 -> Dutasteride-1mg/L + Testostérone
A5: Données brutes | B5: 51970 | C5: 50425 | E5: 183884.5 | F5: 405783.5 | G5: 783171.67 | H5: 5788022 | I5: 37213.333 | J5: 565953 | K5: 22863 | L5: 14379 | M5: 60976 | O5: 3283881.3 | P5: 4764920.7 | Q5: 148541.67 | R5: 184341.33 | S5: 2917635.3 | T5: 4737105 | U5: 5066732.3 | V5: 5412428.7
B6: 77465 | C6: 37894.667 | D6: 143473.33 | E6: 498915 | F6: 1289900 | G6: 3589224.7 | H6: 8486429.7 | I6: 119283 | J6: 290456 | K6: 75202.667 | L6: 20086 | M6: 45712 | O6: 3004251.7 | P6: 4282313.7 | Q6: 98667.667 | R6: 330581 | S6: 2742235 | T6: 3600616.3 | U6: 2834434.3 | V6: 4093157.3
B7: 139920 | C7: 83937 | D7: 154161.67 | E7: 1629965.3 | F7: 181317.67 | G7: 3683650.3 | H7: 7449203.3 | I7: 93497.667 | J7: 93846 | K7: 55679 | L7: 137839 | M7: 53674 | O7: 5556815.3 | P7: 4278398 | Q7: 214158.33 | R7: 3111468.7 | S7: 5109130.3 | T7: 1237245 | U7: 3679531.3 | V7: 3545006.3
B8: 424633.5 | C8: 167536.5 | D8: 359909 | E8: 164219 | F8: 1131565 | G8: 4323957.7 | H8: 8503898.3 | I8: 156815.67 | J8: 125533.33 | K8: 75714 | L8: 207640 | M8: 155815 | O8: 1334789 | P8: 3145100 | Q8: 19382.667 | R8: 4680023.3 | S8: 1512937.7 | T8: 3731276.7 | U8: 329939 | V8: 3328070.7
B9: 168881.67 | C9: 93012 | D9: 81547.667 | E9: 92040 | F9: 1038256 | G9: 1915538 | H9: 4824732.5 | I9: 37035.5 | J9: 450433 | K9: 64470.667 | L9: 29230 | M9: 25198 | O9: 1747254.3 | P9: 4553902.3 | Q9: 85441.667 | R9: 2147502 | S9: 4592848.5 | T9: 3363449.7 | U9: 1915287.5 | V9: 1371639.3
B10: 86623 | C10: 121610.67 | D10: 305249 | E10: 488078 | F10: 1094159.5 | G10: 2849205.3 | H10: 4637647 | I10: 153980.33 | J10: 27682 | K10: 147563 | L10: 81402.667 | M10: 25821.5 | O10: 473405 | Q10: 62781.333 | R10: 2357433 | S10: 3718122.7 | T10: 2752691.3 | U10: 2650049.7 | V10: 3710248
B11: 34762.5 | C11: 89310 | D11: 106137 | E11: 46284.667 | F11: 194536.67 | G11: 3065517 | H11: 2932101.7 | I11: 35654.5 | J11: 248529.33 | K11: 165611 | L11: 234832 | M11: 185711.67 | O11: 139071.5 | P11: 3339005.7 | Q11: 180153.5 | R11: 3766129.5 | S11: 630293.33 | T11: 3875975.7 | U11: 3987891 | V11: 6435870
B12: 256585.5 | C12: 179262 | D12: 158715.67 | E12: 425014 | F12: 343172.67 | G12: 4402793.3 | H12: 6381826.7 | J12: 49925 | K12: 188743 | L12: 104816.67 | M12: 126955 | O12: 4198054 | P12: 4105637 | Q12: 33414 | R12: 4301739.7 | S12: 2302939.5 | T12: 3914385.3 | U12: 3850451 | V12: 3790802
O13: 1664760.5
O14: 2593591.3
O15: 3318129.3
O16: 4156511.5
O17: 3417004
O18: 2375959.3
O19: 4853545.5
O20: 1829926
A22: =A4 -> Noms des groupes | B22: =B4 -> Témoin solvant | C22: =C4 -> EE2-33.8ng/L | D22: =D4 -> EE2-50.6ng/L | E22: =E4 -> EE2-76ng/L | F22: =F4 -> EE2-114ng/L | G22: =G4 -> EE2-170.9ng/L | H22: =H4 -> EE2-488ng/L | ... M22: =M4 -> Dutasteride-1mg/L | N22: Noms des groupes | O22: =O4 -> Testo -30µg/L | P22: =P4 -> Testo 30µg/L + EE2 -64ng/L | Q22: =Q4 -> Testo 30µg/L + FAD-10µg/L | R22: =R4 -> Dutasteride-0.01mg/L + Testostérone | S22: =S4 -> Dutasteride-0.1mg/L + Testostérone | T22: =T4 -> Dutasteride-0.25mg/L + Testostérone | U22: =U4 -> Dutasteride-0.5mg/L + Testostérone | V22: =V4 -> Dutasteride-1mg/L + Testostérone
A23: mean | B23: =AVERAGE(B5:B20) -> 155105.15 | C23: =AVERAGE(C5:C20) -> 102873.48 | D23: =AVERAGE(D5:D20) -> 187027.62 | E23: =AVERAGE(E5:E20) -> 441050.06 | F23: =AVERAGE(F5:F20) -> 709836.38 | G23: =AVERAGE(G5:G20) -> 3076632.2 | H23: =AVERAGE(H5:H20) -> 6125482.6 | I23: =AVERAGE(I5:I20) -> 90497.143 | J23: =AVERAGE(J5:J20) -> 231544.71 | L23: =AVERAGE(L5:L20) -> 103778.17 | N23: mean | O23: =AVERAGE(O5:O20) -> 2746684.4 | P23: =AVERAGE(P5:P20) -> 4067039.6 | Q23: =AVERAGE(Q5:Q20) -> 105317.6 | R23: =AVERAGE(R5:R20) -> 2609902.3 | S23: =AVERAGE(S5:S20) -> 2940767.8 | T23: =AVERAGE(T5:T20) -> 3401593.1 | U23: =AVERAGE(U5:U20) -> 3039289.5 | V23: =AVERAGE(V5:V20) -> 3960902.8
A24: SD | B24: =STDEV(B5:B20) -> 130494.22 | C24: =STDEV(C5:C20) -> 50681.767 | D24: =STDEV(D5:D20) -> 104333.03 | E24: =STDEV(E5:E20) -> 512661.68 | F24: =STDEV(F5:F20) -> 469292.6 | G24: =STDEV(G5:G20) -> 1230893.6 | H24: =STDEV(H5:H20) -> 1973613.4 | I24: =STDEV(I5:I20) -> 54727.991 | J24: =STDEV(J5:J20) -> 195756.8 | L24: =STDEV(L5:L20) -> 84665.973 | N24: SD | O24: =STDEV(O5:O20) -> 1520794 | P24: =STDEV(P5:P20) -> 605059.83 | Q24: =STDEV(Q5:Q20) -> 69814.638 | R24: =STDEV(R5:R20) -> 1694206.6 | S24: =STDEV(S5:S20) -> 1505191.7 | T24: =STDEV(T5:T20) -> 1036947.4 | U24: =STDEV(U5:U20) -> 1457772.1 | V24: =STDEV(V5:V20) -> 1493766.8
B26: Non dopé | O26: avec testo
A27: Noms des groupes | B27: =B4 -> Témoin solvant | C27: =C4 -> EE2-33.8ng/L | D27: =D4 -> EE2-50.6ng/L | E27: =E4 -> EE2-76ng/L | F27: =F4 -> EE2-114ng/L | G27: =G4 -> EE2-170.9ng/L | H27: =H4 -> EE2-488ng/L | I27: =I4 -> Dutasteride-0,01mg/L | ... M27: =M4 -> Dutasteride-1mg/L | O27: =O4 -> Testo -30µg/L | P27: =P4 -> Testo 30µg/L + EE2 -64ng/L | Q27: =Q4 -> Testo 30µg/L + FAD-10µg/L | R27: =R4 -> Dutasteride-0.01mg/L + Testostérone | S27: =S4 -> Dutasteride-0.1mg/L + Testostérone | T27: =T4 -> Dutasteride-0.25mg/L + Testostérone | U27: =U4 -> Dutasteride-0.5mg/L + Testostérone | V27: =V4 -> Dutasteride-1mg/L + Testostérone
A28: Données normalisées sur la moyenne du groupe "Testo" | B28: =IF(B5="","",(B5/$O$23)) -> 0.018920995 | C28: =IF(C5="","",(C5/$O$23)) -> 0.018358498 | D28: =IF(D5="","",(D5/$O$23)) | E28: =IF(E5="","",(E5/$O$23)) -> 0.066947809 | F28: =IF(F5="","",(F5/$O$23)) -> 0.14773576 | G28: =IF(G5="","",(G5/$O$23)) -> 0.28513348 | H28: =IF(H5="","",(H5/$O$23)) -> 2.107276 | I28: =IF(I5="","",(I5/$O$23)) -> 0.013548456 | ... M28: =IF(M5="","",(M5/$O$23)) -> 0.022199857 | O28: =IF(O5="","",(O5/$O$23)) -> 1.1955802 | P28: =IF(P5="","",(P5/$O$23)) -> 1.73479 | Q28: =IF(Q5="","",(Q5/$O$23)) -> 0.054080356 | R28: =IF(R5="","",(R5/$O$23)) -> 0.067114131 | S28: =IF(S5="","",(S5/$O$23)) -> 1.062239 | T28: =IF(T5="","",(T5/$O$23)) -> 1.724663 | U28: =IF(U5="","",(U5/$O$23)) -> 1.8446722 | V28: =IF(V5="","",(V5/$O$23)) -> 1.9705317
B29: =IF(B6="","",(B6/$O$23)) -> 0.028203095 | C29: =IF(C6="","",(C6/$O$23)) -> 0.013796513 | D29: =IF(D6="","",(D6/$O$23)) -> 0.052235101 | E29: =IF(E6="","",(E6/$O$23)) -> 0.18164264 | F29: =IF(F6="","",(F6/$O$23)) -> 0.46962076 | G29: =IF(G6="","",(G6/$O$23)) -> 1.3067481 | H29: =IF(H6="","",(H6/$O$23)) -> 3.0896996 | I29: =IF(I6="","",(I6/$O$23)) -> 0.043427997 | ... M29: =IF(M6="","",(M6/$O$23)) -> 0.016642611 | O29: =IF(O6="","",(O6/$O$23)) -> 1.0937739 | P29: =IF(P6="","",(P6/$O$23)) -> 1.5590847 | Q29: =IF(Q6="","",(Q6/$O$23)) -> 0.035922463 | R29: =IF(R6="","",(R6/$O$23)) -> 0.12035639 | S29: =IF(S6="","",(S6/$O$23)) -> 0.9983801 | T29: =IF(T6="","",(T6/$O$23)) -> 1.3108956 | U29: =IF(U6="","",(U6/$O$23)) -> 1.0319476 | V29: =IF(V6="","",(V6/$O$23)) -> 1.4902176
B30: =IF(B7="","",(B7/$O$23)) -> 0.05094142 | C30: =IF(C7="","",(C7/$O$23)) -> 0.030559391 | D30: =IF(D7="","",(D7/$O$23)) -> 0.056126459 | E30: =IF(E7="","",(E7/$O$23)) -> 0.59343016 | F30: =IF(F7="","",(F7/$O$23)) -> 0.066013288 | G30: =IF(G7="","",(G7/$O$23)) -> 1.3411262 | H30: =IF(H7="","",(H7/$O$23)) -> 2.7120711 | I30: =IF(I7="","",(I7/$O$23)) -> 0.034040193 | ... M30: =IF(M7="","",(M7/$O$23)) -> 0.019541379 | O30: =IF(O7="","",(O7/$O$23)) -> 2.0230994 | P30: =IF(P7="","",(P7/$O$23)) -> 1.5576591 | Q30: =IF(Q7="","",(Q7/$O$23)) -> 0.077969765 | R30: =IF(R7="","",(R7/$O$23)) -> 1.132809 | S30: =IF(S7="","",(S7/$O$23)) -> 1.8601083 | T30: =IF(T7="","",(T7/$O$23)) -> 0.45045038 | U30: =IF(U7="","",(U7/$O$23)) -> 1.3396266 | V30: =IF(V7="","",(V7/$O$23)) -> 1.2906493
B31: =IF(B8="","",(B8/$O$23)) -> 0.15459858 | C31: =IF(C8="","",(C8/$O$23)) -> 0.060995906 | D31: =IF(D8="","",(D8/$O$23)) -> 0.13103399 | E31: =IF(E8="","",(E8/$O$23)) -> 0.059788086 | F31: =IF(F8="","",(F8/$O$23)) -> 0.4119749 | G31: =IF(G8="","",(G8/$O$23)) -> 1.5742463 | H31: =IF(H8="","",(H8/$O$23)) -> 3.0960596 | I31: =IF(I8="","",(I8/$O$23)) -> 0.057092715 | ... M31: =IF(M8="","",(M8/$O$23)) -> 0.056728397 | O31: =IF(O8="","",(O8/$O$23)) -> 0.48596374 | P31: =IF(P8="","",(P8/$O$23)) -> 1.1450533 | Q31: =IF(Q8="","",(Q8/$O$23)) -> 0.0070567507 | R31: =IF(R8="","",(R8/$O$23)) -> 1.703881 | S31: =IF(S8="","",(S8/$O$23)) -> 0.55082327 | T31: =IF(T8="","",(T8/$O$23)) -> 1.3584658 | U31: =IF(U8="","",(U8/$O$23)) -> 0.12012265 | V31: =IF(V8="","",(V8/$O$23)) -> 1.2116684
B32: =IF(B9="","",(B9/$O$23)) -> 0.061485648 | C32: =IF(C9="","",(C9/$O$23)) -> 0.033863374 | D32: =IF(D9="","",(D9/$O$23)) -> 0.029689493 | E32: =IF(E9="","",(E9/$O$23)) -> 0.033509493 | F32: =IF(F9="","",(F9/$O$23)) -> 0.37800339 | G32: =IF(G9="","",(G9/$O$23)) -> 0.69740012 | H32: =IF(H9="","",(H9/$O$23)) -> 1.7565661 | I32: =IF(I9="","",(I9/$O$23)) -> 0.013483712 | ... M32: =IF(M9="","",(M9/$O$23)) -> 0.00917397 | O32: =IF(O9="","",(O9/$O$23)) -> 0.63613219 | P32: =IF(P9="","",(P9/$O$23)) -> 1.6579635 | Q32: =IF(Q9="","",(Q9/$O$23)) -> 0.031107203 | R32: =IF(R9="","",(R9/$O$23)) -> 0.78185249 | S32: =IF(S9="","",(S9/$O$23)) -> 1.6721428 | T32: =IF(T9="","",(T9/$O$23)) -> 1.224549 | U32: =IF(U9="","",(U9/$O$23)) -> 0.69730892 | V32: =IF(V9="","",(V9/$O$23)) -> 0.49938004
B33: =IF(B10="","",(B10/$O$23)) -> 0.031537297 | C33: =IF(C10="","",(C10/$O$23)) -> 0.044275443 | D33: =IF(D10="","",(D10/$O$23)) -> 0.11113363 | E33: =IF(E10="","",(E10/$O$23)) -> 0.17769716 | F33: =IF(F10="","",(F10/$O$23)) -> 0.39835648 | G33: =IF(G10="","",(G10/$O$23)) -> 1.0373254 | H33: =IF(H10="","",(H10/$O$23)) -> 1.6884528 | I33: =IF(I10="","",(I10/$O$23)) -> 0.05606044 | ... M33: =IF(M10="","",(M10/$O$23)) -> 0.009400971 | O33: =IF(O10="","",(O10/$O$23)) -> 0.17235508 | P33: =IF(P10="","",(P10/$O$23)) | Q33: =IF(Q10="","",(Q10/$O$23)) -> 0.022857134 | R33: =IF(R10="","",(R10/$O$23)) -> 0.85828319 | S33: =IF(S10="","",(S10/$O$23)) -> 1.3536767 | T33: =IF(T10="","",(T10/$O$23)) -> 1.002187 | U33: =IF(U10="","",(U10/$O$23)) -> 0.96481769 | V33: =IF(V10="","",(V10/$O$23)) -> 1.3508097
B34: =IF(B11="","",(B11/$O$23)) -> 0.012656168 | C34: =IF(C11="","",(C11/$O$23)) -> 0.032515567 | D34: =IF(D11="","",(D11/$O$23)) -> 0.038641863 | E34: =IF(E11="","",(E11/$O$23)) -> 0.016851105 | F34: =IF(F11="","",(F11/$O$23)) -> 0.070826 | G34: =IF(G11="","",(G11/$O$23)) -> 1.1160791 | H34: =IF(H11="","",(H11/$O$23)) -> 1.0675059 | I34: =IF(I11="","",(I11/$O$23)) -> 0.012980924 | ... M34: =IF(M11="","",(M11/$O$23)) -> 0.067613035 | O34: =IF(O11="","",(O11/$O$23)) -> 0.050632502 | P34: =IF(P11="","",(P11/$O$23)) -> 1.2156496 | Q34: =IF(Q11="","",(Q11/$O$23)) -> 0.065589444 | R34: =IF(R11="","",(R11/$O$23)) -> 1.3711548 | S34: =IF(S11="","",(S11/$O$23)) -> 0.22947425 | T34: =IF(T11="","",(T11/$O$23)) -> 1.4111471 | U34: =IF(U11="","",(U11/$O$23)) -> 1.4518927 | V34: =IF(V11="","",(V11/$O$23)) -> 2.3431415
B35: =IF(B12="","",(B12/$O$23)) -> 0.093416449 | C35: =IF(C12="","",(C12/$O$23)) -> 0.065264871 | D35: =IF(D12="","",(D12/$O$23)) -> 0.057784458 | E35: =IF(E12="","",(E12/$O$23)) -> 0.15473711 | F35: =IF(F12="","",(F12/$O$23)) -> 0.1249407 | G35: =IF(G12="","",(G12/$O$23)) -> 1.6029484 | H35: =IF(H12="","",(H12/$O$23)) -> 2.3234656 | I35: =IF(I12="","",(I12/$O$23)) | ... M35: =IF(M12="","",(M12/$O$23)) -> 0.046221183 | O35: =IF(O12="","",(O12/$O$23)) -> 1.5284079 | P35: =IF(P12="","",(P12/$O$23)) -> 1.4947611 | Q35: =IF(Q12="","",(Q12/$O$23)) -> 0.012165213 | R35: =IF(R12="","",(R12/$O$23)) -> 1.5661573 | S35: =IF(S12="","",(S12/$O$23)) -> 0.83844345 | T35: =IF(T12="","",(T12/$O$23)) -> 1.4251311 | U35: =IF(U12="","",(U12/$O$23)) -> 1.4018542 | V35: =IF(V12="","",(V12/$O$23)) -> 1.3801375
B36: =IF(B13="","",(B13/$O$23)) | C36: =IF(C13="","",(C13/$O$23)) | D36: =IF(D13="","",(D13/$O$23)) | E36: =IF(E13="","",(E13/$O$23)) | F36: =IF(F13="","",(F13/$O$23)) | G36: =IF(G13="","",(G13/$O$23)) | H36: =IF(H13="","",(H13/$O$23)) | I36: =IF(I13="","",(I13/$O$23)) | ... M36: =IF(M13="","",(M13/$O$23)) | O36: =IF(O13="","",(O13/$O$23)) -> 0.60609822 | P36: =IF(P13="","",(P13/$O$23)) | Q36: =IF(Q13="","",(Q13/$O$23)) | R36: =IF(R13="","",(R13/$O$23)) | S36: =IF(S13="","",(S13/$O$23)) | T36: =IF(T13="","",(T13/$O$23)) | U36: =IF(U13="","",(U13/$O$23)) | V36: =IF(V13="","",(V13/$O$23))
B37: =IF(B14="","",(B14/$O$23)) | C37: =IF(C14="","",(C14/$O$23)) | D37: =IF(D14="","",(D14/$O$23)) | E37: =IF(E14="","",(E14/$O$23)) | F37: =IF(F14="","",(F14/$O$23)) | G37: =IF(G14="","",(G14/$O$23)) | H37: =IF(H14="","",(H14/$O$23)) | I37: =IF(I14="","",(I14/$O$23)) | ... M37: =IF(M14="","",(M14/$O$23)) | O37: =IF(O14="","",(O14/$O$23)) -> 0.94426261 | P37: =IF(P14="","",(P14/$O$23)) | Q37: =IF(Q14="","",(Q14/$O$23)) | R37: =IF(R14="","",(R14/$O$23)) | S37: =IF(S14="","",(S14/$O$23)) | T37: =IF(T14="","",(T14/$O$23)) | U37: =IF(U14="","",(U14/$O$23)) | V37: =IF(V14="","",(V14/$O$23))
B38: =IF(B15="","",(B15/$O$23)) | C38: =IF(C15="","",(C15/$O$23)) | D38: =IF(D15="","",(D15/$O$23)) | E38: =IF(E15="","",(E15/$O$23)) | F38: =IF(F15="","",(F15/$O$23)) | G38: =IF(G15="","",(G15/$O$23)) | H38: =IF(H15="","",(H15/$O$23)) | I38: =IF(I15="","",(I15/$O$23)) | ... M38: =IF(M15="","",(M15/$O$23)) | O38: =IF(O15="","",(O15/$O$23)) -> 1.208049 | P38: =IF(P15="","",(P15/$O$23)) | Q38: =IF(Q15="","",(Q15/$O$23)) | R38: =IF(R15="","",(R15/$O$23)) | S38: =IF(S15="","",(S15/$O$23)) | T38: =IF(T15="","",(T15/$O$23)) | U38: =IF(U15="","",(U15/$O$23)) | V38: =IF(V15="","",(V15/$O$23))
B39: =IF(B16="","",(B16/$O$23)) | C39: =IF(C16="","",(C16/$O$23)) | D39: =IF(D16="","",(D16/$O$23)) | E39: =IF(E16="","",(E16/$O$23)) | F39: =IF(F16="","",(F16/$O$23)) | G39: =IF(G16="","",(G16/$O$23)) | H39: =IF(H16="","",(H16/$O$23)) | I39: =IF(I16="","",(I16/$O$23)) | ... M39: =IF(M16="","",(M16/$O$23)) | O39: =IF(O16="","",(O16/$O$23)) -> 1.5132833 | P39: =IF(P16="","",(P16/$O$23)) | Q39: =IF(Q16="","",(Q16/$O$23)) | R39: =IF(R16="","",(R16/$O$23)) | S39: =IF(S16="","",(S16/$O$23)) | T39: =IF(T16="","",(T16/$O$23)) | U39: =IF(U16="","",(U16/$O$23)) | V39: =IF(V16="","",(V16/$O$23))
B40: =IF(B17="","",(B17/$O$23)) | C40: =IF(C17="","",(C17/$O$23)) | D40: =IF(D17="","",(D17/$O$23)) | E40: =IF(E17="","",(E17/$O$23)) | F40: =IF(F17="","",(F17/$O$23)) | G40: =IF(G17="","",(G17/$O$23)) | H40: =IF(H17="","",(H17/$O$23)) | I40: =IF(I17="","",(I17/$O$23)) | ... M40: =IF(M17="","",(M17/$O$23)) | O40: =IF(O17="","",(O17/$O$23)) -> 1.2440468 | P40: =IF(P17="","",(P17/$O$23)) | Q40: =IF(Q17="","",(Q17/$O$23)) | R40: =IF(R17="","",(R17/$O$23)) | S40: =IF(S17="","",(S17/$O$23)) | T40: =IF(T17="","",(T17/$O$23)) | U40: =IF(U17="","",(U17/$O$23)) | V40: =IF(V17="","",(V17/$O$23))
... B43: =IF(B20="","",(B20/$O$23)) | C43: =IF(C20="","",(C20/$O$23)) | D43: =IF(D20="","",(D20/$O$23)) | E43: =IF(E20="","",(E20/$O$23)) | F43: =IF(F20="","",(F20/$O$23)) | G43: =IF(G20="","",(G20/$O$23)) | H43: =IF(H20="","",(H20/$O$23)) | I43: =IF(I20="","",(I20/$O$23)) | ... M43: =IF(M20="","",(M20/$O$23)) | O43: =IF(O20="","",(O20/$O$23)) -> 0.6662309 | P43: =IF(P20="","",(P20/$O$23)) | Q43: =IF(Q20="","",(Q20/$O$23)) | R43: =IF(R20="","",(R20/$O$23)) | S43: =IF(S20="","",(S20/$O$23)) | T43: =IF(T20="","",(T20/$O$23)) | U43: =IF(U20="","",(U20/$O$23)) | V43: =IF(V20="","",(V20/$O$23))
A45: =A4 -> Noms des groupes | B45: =B4 -> Témoin solvant | C45: =C4 -> EE2-33.8ng/L | D45: =D4 -> EE2-50.6ng/L | E45: =E4 -> EE2-76ng/L | F45: =F4 -> EE2-114ng/L | G45: =G4 -> EE2-170.9ng/L | H45: =H4 -> EE2-488ng/L | ... M45: =M4 -> Dutasteride-1mg/L | O45: =O4 -> Testo -30µg/L | P45: =P4 -> Testo 30µg/L + EE2 -64ng/L | Q45: =Q4 -> Testo 30µg/L + FAD-10µg/L | R45: =R4 -> Dutasteride-0.01mg/L + Testostérone | S45: =S4 -> Dutasteride-0.1mg/L + Testostérone | T45: =T4 -> Dutasteride-0.25mg/L + Testostérone | U45: =U4 -> Dutasteride-0.5mg/L + Testostérone | V45: =V4 -> Dutasteride-1mg/L + Testostérone
A46: mean | B46: =AVERAGE(B28:B43) -> 0.056469956 | C46: =AVERAGE(C28:C43) -> 0.037453695 | D46: =AVERAGE(D28:D43) -> 0.068092141 | E46: =AVERAGE(E28:E43) -> 0.16057545 | F46: =AVERAGE(F28:F43) -> 0.25843391 | G46: =AVERAGE(G28:G43) -> 1.1201259 | H46: =AVERAGE(H28:H43) -> 2.2301371 | I46: =AVERAGE(I28:I43) -> 0.032947777 | ... M46: =AVERAGE(M28:M43) -> 0.030940175 | N46: mean | O46: =AVERAGE(O28:O43) -> 1 | P46: =AVERAGE(P28:P43) -> 1.4807088 | Q46: =AVERAGE(Q28:Q43) -> 0.038343541 | R46: =AVERAGE(R28:R43) -> 0.95020103 | S46: =AVERAGE(S28:S43) -> 1.070661 | T46: =AVERAGE(T28:T43) -> 1.2384361 | U46: =AVERAGE(U28:U43) -> 1.1065303 | V46: =AVERAGE(V28:V43) -> 1.442067
A47: SD | B47: =STDEV(B28:B43) -> 0.047509724 | C47: =STDEV(C28:C43) -> 0.018451981 | D47: =STDEV(D28:D43) -> 0.037985084 | E47: =STDEV(E28:E43) -> 0.18664747 | F47: =STDEV(F28:F43) -> 0.17085786 | G47: =STDEV(G28:G43) -> 0.44813799 | H47: =STDEV(H28:H43) -> 0.71854393 | I47: =STDEV(I28:I43) -> 0.019925111 | ... M47: =STDEV(M28:M43) -> 0.022652314 | N47: SD | O47: =STDEV(O28:O43) -> 0.55368359 | P47: =STDEV(P28:P43) -> 0.22028735 | Q47: =STDEV(Q28:Q43) -> 0.025417787 | R47: =STDEV(R28:R43) -> 0.61681881 | S47: =STDEV(S28:S43) -> 0.54800315 | T47: =STDEV(T28:T43) -> 0.37752696 | U47: =STDEV(U28:U43) -> 0.53073884 | V47: =STDEV(V28:V43) -> 0.54384364
A48: SEM | B48: =B47/SQRT(COUNT(B28:B43)) -> 0.016797224 | C48: =C47/SQRT(COUNT(C28:C43)) -> 0.0065237604 | D48: =D47/SQRT(COUNT(D28:D43)) -> 0.014357012 | E48: =E47/SQRT(COUNT(E28:E43)) -> 0.065989845 | F48: =F47/SQRT(COUNT(F28:F43)) -> 0.060407374 | G48: =G47/SQRT(COUNT(G28:G43)) -> 0.15844071 | H48: =H47/SQRT(COUNT(H28:H43)) -> 0.25404364 | I48: =I47/SQRT(COUNT(I28:I43)) -> 0.0075309841 | ... M48: =M47/SQRT(COUNT(M28:M43)) -> 0.0080088024 | N48: SEM | O48: =O47/SQRT(COUNT(O28:O43)) -> 0.1384209 | P48: =P47/SQRT(COUNT(P28:P43)) -> 0.083260794 | Q48: =Q47/SQRT(COUNT(Q28:Q43)) -> 0.0089865448 | R48: =R47/SQRT(COUNT(R28:R43)) -> 0.21807838 | S48: =S47/SQRT(COUNT(S28:S43)) -> 0.19374837 | T48: =T47/SQRT(COUNT(T28:T43)) -> 0.13347594 | U48: =U47/SQRT(COUNT(U28:U43)) -> 0.18764452 | V48: =V47/SQRT(COUNT(V28:V43)) -> 0.19227776
A50: 7. Expérimentateur 2 : réaliser les tests statistiques avec les données normalisées et renseigner les résultats ainsi que le test statistique utilisé dans le tableau violet.
