Workbook

Sheet Page de garde
A1: 1. Expérimentateur 1 : copier et coller le n° de prestation et renseigner la date de réalisation de chaque réplica ainsi que le visa de l'expérimentateur.
A2: R1 | B2: Numéro d'expérience : | E2: Date de réalisation :
A3: R2 | B3: Numéro d'expérience : | E3: Date de réalisation :
A4: R3 | B4: Numéro d'expérience : | E4: Date de réalisation :
A5: 2. Expérimentateur 1 : copier et coller la dilution appliquée et le nom donné pour chaque des échantillons par le client. Conserver la mise en forme de l'exemple en italique. Ne pas remplir la colonne "nom sur graphique".
A6: Nom sur le graphique | B6: Code WF | C6: Concentration | D6: Unité | E6: Nom de l'échantillon donné par le client | F6: Dopage (+Testostérone / + EE2, ….)
A7: =IF(ISBLANK(liste_groupe[[#This Row],[Code WF]])," ",IF(ISBLANK(liste_groupe[[#This Row],[Unité]]),CONCATENATE(liste_groupe[[#This Row],[Nom de l''échantillon donné par le client]],liste_groupe[[#This Row],[Dopage (+Testostérone / + EE2, ….)]]),CONCATENATE(liste_groupe[[#This Row],[Nom de l''échantillon donné par le client]],"-",liste_groupe[[#This Row],[Concentration]],liste_groupe[[#This Row],[Unité]],liste_groupe[[#This Row],[Dopage (+Testostérone / + EE2, ….)]]))) -> Témoin solvant | B7: Témoin | E7: Témoin solvant
A8: =IF(ISBLANK(liste_groupe[[#This Row],[Code WF]])," ",IF(ISBLANK(liste_groupe[[#This Row],[Unité]]),CONCATENATE(liste_groupe[[#This Row],[Nom de l''échantillon donné par le client]],liste_groupe[[#This Row],[Dopage (+Testostérone / + EE2, ….)]]),CONCATENATE(liste_groupe[[#This Row],[Nom de l''échantillon donné par le client]],"-",liste_groupe[[#This Row],[Concentration]],liste_groupe[[#This Row],[Unité]],liste_groupe[[#This Row],[Dopage (+Testostérone / + EE2, ….)]]))) -> EE2-22,5ng/L | B8: Témoin | C8: 22.5 | D8: ng/L | E8: EE2
A9: =IF(ISBLANK(liste_groupe[[#This Row],[Code WF]])," ",IF(ISBLANK(liste_groupe[[#This Row],[Unité]]),CONCATENATE(liste_groupe[[#This Row],[Nom de l''échantillon donné par le client]],liste_groupe[[#This Row],[Dopage (+Testostérone / + EE2, ….)]]),CONCATENATE(liste_groupe[[#This Row],[Nom de l''échantillon donné par le client]],"-",liste_groupe[[#This Row],[Concentration]],liste_groupe[[#This Row],[Unité]],liste_groupe[[#This Row],[Dopage (+Testostérone / + EE2, ….)]]))) -> EE2-33,8ng/L | B9: Témoin | C9: 33.8 | D9: ng/L | E9: EE2
A10: =IF(ISBLANK(liste_groupe[[#This Row],[Code WF]])," ",IF(ISBLANK(liste_groupe[[#This Row],[Unité]]),CONCATENATE(liste_groupe[[#This Row],[Nom de l''échantillon donné par le client]],liste_groupe[[#This Row],[Dopage (+Testostérone / + EE2, ….)]]),CONCATENATE(liste_groupe[[#This Row],[Nom de l''échantillon donné par le client]],"-",liste_groupe[[#This Row],[Concentration]],liste_groupe[[#This Row],[Unité]],liste_groupe[[#This Row],[Dopage (+Testostérone / + EE2, ….)]]))) -> EE2-50,6ng/L | B10: Témoin | C10: 50.6 | D10: ng/L | E10: EE2
A11: =IF(ISBLANK(liste_groupe[[#This Row],[Code WF]])," ",IF(ISBLANK(liste_groupe[[#This Row],[Unité]]),CONCATENATE(liste_groupe[[#This Row],[Nom de l''échantillon donné par le client]],liste_groupe[[#This Row],[Dopage (+Testostérone / + EE2, ….)]]),CONCATENATE(liste_groupe[[#This Row],[Nom de l''échantillon donné par le client]],"-",liste_groupe[[#This Row],[Concentration]],liste_groupe[[#This Row],[Unité]],liste_groupe[[#This Row],[Dopage (+Testostérone / + EE2, ….)]]))) -> EE2-76ng/L | B11: Témoin | C11: 76 | D11: ng/L | E11: EE2
A12: =IF(ISBLANK(liste_groupe[[#This Row],[Code WF]])," ",IF(ISBLANK(liste_groupe[[#This Row],[Unité]]),CONCATENATE(liste_groupe[[#This Row],[Nom de l''échantillon donné par le client]],liste_groupe[[#This Row],[Dopage (+Testostérone / + EE2, ….)]]),CONCATENATE(liste_groupe[[#This Row],[Nom de l''échantillon donné par le client]],"-",liste_groupe[[#This Row],[Concentration]],liste_groupe[[#This Row],[Unité]],liste_groupe[[#This Row],[Dopage (+Testostérone / + EE2, ….)]]))) -> EE2-114ng/L | B12: Témoin | C12: 114 | D12: ng/L | E12: EE2
A13: =IF(ISBLANK(liste_groupe[[#This Row],[Code WF]])," ",IF(ISBLANK(liste_groupe[[#This Row],[Unité]]),CONCATENATE(liste_groupe[[#This Row],[Nom de l''échantillon donné par le client]],liste_groupe[[#This Row],[Dopage (+Testostérone / + EE2, ….)]]),CONCATENATE(liste_groupe[[#This Row],[Nom de l''échantillon donné par le client]],"-",liste_groupe[[#This Row],[Concentration]],liste_groupe[[#This Row],[Unité]],liste_groupe[[#This Row],[Dopage (+Testostérone / + EE2, ….)]]))) -> EE2-170,9ng/L | B13: Témoin | C13: 170.9 | D13: ng/L | E13: EE2
A14: =IF(ISBLANK(liste_groupe[[#This Row],[Code WF]])," ",IF(ISBLANK(liste_groupe[[#This Row],[Unité]]),CONCATENATE(liste_groupe[[#This Row],[Nom de l''échantillon donné par le client]],liste_groupe[[#This Row],[Dopage (+Testostérone / + EE2, ….)]]),CONCATENATE(liste_groupe[[#This Row],[Nom de l''échantillon donné par le client]],"-",liste_groupe[[#This Row],[Concentration]],liste_groupe[[#This Row],[Unité]],liste_groupe[[#This Row],[Dopage (+Testostérone / + EE2, ….)]]))) -> EE2-488ng/L | B14: Témoin | C14: 488 | D14: ng/L | E14: EE2
A15: Triphénylphosphate-0,18mg/L | C15: 0.18 | D15: mg/L | E15: Triphénylphosphate
A16: Triphénylphosphate-0,26mg/L | C16: 0.26 | D16: mg/L | E16: Triphénylphosphate
A17: Triphénylphosphate-0,4mg/L | C17: 0.4 | D17: mg/L | E17: Triphénylphosphate
A18: Triphénylphosphate-0,59mg/L | C18: 0.59 | D18: mg/L | E18: Triphénylphosphate
A19: Triphénylphosphate-0,89mg/L | C19: 0.89 | D19: mg/L | E19: Triphénylphosphate
A20: =IF(ISBLANK(liste_groupe[[#This Row],[Code WF]])," ",IF(ISBLANK(liste_groupe[[#This Row],[Unité]]),CONCATENATE(liste_groupe[[#This Row],[Nom de l''échantillon donné par le client]],liste_groupe[[#This Row],[Dopage (+Testostérone / + EE2, ….)]]),CONCATENATE(liste_groupe[[#This Row],[Nom de l''échantillon donné par le client]],"-",liste_groupe[[#This Row],[Concentration]],liste_groupe[[#This Row],[Unité]],liste_groupe[[#This Row],[Dopage (+Testostérone / + EE2, ….)]])))
A21: =IF(ISBLANK(liste_groupe[[#This Row],[Code WF]])," ",IF(ISBLANK(liste_groupe[[#This Row],[Unité]]),CONCATENATE(liste_groupe[[#This Row],[Nom de l''échantillon donné par le client]],liste_groupe[[#This Row],[Dopage (+Testostérone / + EE2, ….)]]),CONCATENATE(liste_groupe[[#This Row],[Nom de l''échantillon donné par le client]],"-",liste_groupe[[#This Row],[Concentration]],liste_groupe[[#This Row],[Unité]],liste_groupe[[#This Row],[Dopage (+Testostérone / + EE2, ….)]])))
A22: =IF(ISBLANK(liste_groupe[[#This Row],[Code WF]])," ",IF(ISBLANK(liste_groupe[[#This Row],[Unité]]),CONCATENATE(liste_groupe[[#This Row],[Nom de l''échantillon donné par le client]],liste_groupe[[#This Row],[Dopage (+Testostérone / + EE2, ….)]]),CONCATENATE(liste_groupe[[#This Row],[Nom de l''échantillon donné par le client]],"-",liste_groupe[[#This Row],[Concentration]],liste_groupe[[#This Row],[Unité]],liste_groupe[[#This Row],[Dopage (+Testostérone / + EE2, ….)]])))
A23: =IF(ISBLANK(liste_groupe[[#This Row],[Code WF]])," ",IF(ISBLANK(liste_groupe[[#This Row],[Unité]]),CONCATENATE(liste_groupe[[#This Row],[Nom de l''échantillon donné par le client]],liste_groupe[[#This Row],[Dopage (+Testostérone / + EE2, ….)]]),CONCATENATE(liste_groupe[[#This Row],[Nom de l''échantillon donné par le client]],"-",liste_groupe[[#This Row],[Concentration]],liste_groupe[[#This Row],[Unité]],liste_groupe[[#This Row],[Dopage (+Testostérone / + EE2, ….)]])))
A24: =IF(ISBLANK(liste_groupe[[#This Row],[Code WF]])," ",IF(ISBLANK(liste_groupe[[#This Row],[Unité]]),CONCATENATE(liste_groupe[[#This Row],[Nom de l''échantillon donné par le client]],liste_groupe[[#This Row],[Dopage (+Testostérone / + EE2, ….)]]),CONCATENATE(liste_groupe[[#This Row],[Nom de l''échantillon donné par le client]],"-",liste_groupe[[#This Row],[Concentration]],liste_groupe[[#This Row],[Unité]],liste_groupe[[#This Row],[Dopage (+Testostérone / + EE2, ….)]])))
A25: =IF(ISBLANK(liste_groupe[[#This Row],[Code WF]])," ",IF(ISBLANK(liste_groupe[[#This Row],[Unité]]),CONCATENATE(liste_groupe[[#This Row],[Nom de l''échantillon donné par le client]],liste_groupe[[#This Row],[Dopage (+Testostérone / + EE2, ….)]]),CONCATENATE(liste_groupe[[#This Row],[Nom de l''échantillon donné par le client]],"-",liste_groupe[[#This Row],[Concentration]],liste_groupe[[#This Row],[Unité]],liste_groupe[[#This Row],[Dopage (+Testostérone / + EE2, ….)]])))
A26: =IF(ISBLANK(liste_groupe[[#This Row],[Code WF]])," ",IF(ISBLANK(liste_groupe[[#This Row],[Unité]]),CONCATENATE(liste_groupe[[#This Row],[Nom de l''échantillon donné par le client]],liste_groupe[[#This Row],[Dopage (+Testostérone / + EE2, ….)]]),CONCATENATE(liste_groupe[[#This Row],[Nom de l''échantillon donné par le client]],"-",liste_groupe[[#This Row],[Concentration]],liste_groupe[[#This Row],[Unité]],liste_groupe[[#This Row],[Dopage (+Testostérone / + EE2, ….)]])))
A27: =IF(ISBLANK(liste_groupe[[#This Row],[Code WF]])," ",IF(ISBLANK(liste_groupe[[#This Row],[Unité]]),CONCATENATE(liste_groupe[[#This Row],[Nom de l''échantillon donné par le client]],liste_groupe[[#This Row],[Dopage (+Testostérone / + EE2, ….)]]),CONCATENATE(liste_groupe[[#This Row],[Nom de l''échantillon donné par le client]],"-",liste_groupe[[#This Row],[Concentration]],liste_groupe[[#This Row],[Unité]],liste_groupe[[#This Row],[Dopage (+Testostérone / + EE2, ….)]])))
A28: =IF(ISBLANK(liste_groupe[[#This Row],[Code WF]])," ",IF(ISBLANK(liste_groupe[[#This Row],[Unité]]),CONCATENATE(liste_groupe[[#This Row],[Nom de l''échantillon donné par le client]],liste_groupe[[#This Row],[Dopage (+Testostérone / + EE2, ….)]]),CONCATENATE(liste_groupe[[#This Row],[Nom de l''échantillon donné par le client]],"-",liste_groupe[[#This Row],[Concentration]],liste_groupe[[#This Row],[Unité]],liste_groupe[[#This Row],[Dopage (+Testostérone / + EE2, ….)]])))
A29: =IF(ISBLANK(liste_groupe[[#This Row],[Code WF]])," ",IF(ISBLANK(liste_groupe[[#This Row],[Unité]]),CONCATENATE(liste_groupe[[#This Row],[Nom de l''échantillon donné par le client]],liste_groupe[[#This Row],[Dopage (+Testostérone / + EE2, ….)]]),CONCATENATE(liste_groupe[[#This Row],[Nom de l''échantillon donné par le client]],"-",liste_groupe[[#This Row],[Concentration]],liste_groupe[[#This Row],[Unité]],liste_groupe[[#This Row],[Dopage (+Testostérone / + EE2, ….)]])))
A30: =IF(ISBLANK(liste_groupe[[#This Row],[Code WF]])," ",IF(ISBLANK(liste_groupe[[#This Row],[Unité]]),CONCATENATE(liste_groupe[[#This Row],[Nom de l''échantillon donné par le client]],liste_groupe[[#This Row],[Dopage (+Testostérone / + EE2, ….)]]),CONCATENATE(liste_groupe[[#This Row],[Nom de l''échantillon donné par le client]],"-",liste_groupe[[#This Row],[Concentration]],liste_groupe[[#This Row],[Unité]],liste_groupe[[#This Row],[Dopage (+Testostérone / + EE2, ….)]])))
A31: =IF(ISBLANK(liste_groupe[[#This Row],[Code WF]])," ",IF(ISBLANK(liste_groupe[[#This Row],[Unité]]),CONCATENATE(liste_groupe[[#This Row],[Nom de l''échantillon donné par le client]],liste_groupe[[#This Row],[Dopage (+Testostérone / + EE2, ….)]]),CONCATENATE(liste_groupe[[#This Row],[Nom de l''échantillon donné par le client]],"-",liste_groupe[[#This Row],[Concentration]],liste_groupe[[#This Row],[Unité]],liste_groupe[[#This Row],[Dopage (+Testostérone / + EE2, ….)]])))
... A35: =IF(ISBLANK(liste_groupe[[#This Row],[Code WF]])," ",IF(ISBLANK(liste_groupe[[#This Row],[Unité]]),CONCATENATE(liste_groupe[[#This Row],[Nom de l''échantillon donné par le client]],liste_groupe[[#This Row],[Dopage (+Testostérone / + EE2, ….)]]),CONCATENATE(liste_groupe[[#This Row],[Nom de l''échantillon donné par le client]],"-",liste_groupe[[#This Row],[Concentration]],liste_groupe[[#This Row],[Unité]],liste_groupe[[#This Row],[Dopage (+Testostérone / + EE2, ….)]])))
A36: =IF(ISBLANK(liste_groupe[[#This Row],[Code WF]])," ",IF(ISBLANK(liste_groupe[[#This Row],[Unité]]),CONCATENATE(liste_groupe[[#This Row],[Nom de l''échantillon donné par le client]],liste_groupe[[#This Row],[Dopage (+Testostérone / + EE2, ….)]]),CONCATENATE(liste_groupe[[#This Row],[Nom de l''échantillon donné par le client]],"-",liste_groupe[[#This Row],[Concentration]],liste_groupe[[#This Row],[Unité]],liste_groupe[[#This Row],[Dopage (+Testostérone / + EE2, ….)]]))) -> Testo -30µg/L | B36: Témoin | C36: 30 | D36: µg/L | E36: Testo
A37: =IF(ISBLANK(liste_groupe[[#This Row],[Code WF]])," ",IF(ISBLANK(liste_groupe[[#This Row],[Unité]]),CONCATENATE(liste_groupe[[#This Row],[Nom de l''échantillon donné par le client]],liste_groupe[[#This Row],[Dopage (+Testostérone / + EE2, ….)]]),CONCATENATE(liste_groupe[[#This Row],[Nom de l''échantillon donné par le client]],"-",liste_groupe[[#This Row],[Concentration]],liste_groupe[[#This Row],[Unité]],liste_groupe[[#This Row],[Dopage (+Testostérone / + EE2, ….)]]))) -> Testo 30µg/L + EE2 -64ng/L | B37: Témoin | C37: 64 | D37: ng/L | E37: Testo 30µg/L + EE2
A38: =IF(ISBLANK(liste_groupe[[#This Row],[Code WF]])," ",IF(ISBLANK(liste_groupe[[#This Row],[Unité]]),CONCATENATE(liste_groupe[[#This Row],[Nom de l''échantillon donné par le client]],liste_groupe[[#This Row],[Dopage (+Testostérone / + EE2, ….)]]),CONCATENATE(liste_groupe[[#This Row],[Nom de l''échantillon donné par le client]],"-",liste_groupe[[#This Row],[Concentration]],liste_groupe[[#This Row],[Unité]],liste_groupe[[#This Row],[Dopage (+Testostérone / + EE2, ….)]]))) -> Testo 30µg/L + FAD-10mg/L | B38: Témoin | C38: 10 | D38: mg/L | E38: Testo 30µg/L + FAD
A39: =IF(ISBLANK(liste_groupe[[#This Row],[Code WF]])," ",IF(ISBLANK(liste_groupe[[#This Row],[Unité]]),CONCATENATE(liste_groupe[[#This Row],[Nom de l''échantillon donné par le client]],liste_groupe[[#This Row],[Dopage (+Testostérone / + EE2, ….)]]),CONCATENATE(liste_groupe[[#This Row],[Nom de l''échantillon donné par le client]],"-",liste_groupe[[#This Row],[Concentration]],liste_groupe[[#This Row],[Unité]],liste_groupe[[#This Row],[Dopage (+Testostérone / + EE2, ….)]]))) -> Triphénylphosphate-0,18mg/L + Testostérone | B39: =B15 -> 0 | C39: =C15 -> 0.18 | D39: =D15 -> mg/L | E39: =E15 -> Triphénylphosphate | F39: + Testostérone
A40: =IF(ISBLANK(liste_groupe[[#This Row],[Code WF]])," ",IF(ISBLANK(liste_groupe[[#This Row],[Unité]]),CONCATENATE(liste_groupe[[#This Row],[Nom de l''échantillon donné par le client]],liste_groupe[[#This Row],[Dopage (+Testostérone / + EE2, ….)]]),CONCATENATE(liste_groupe[[#This Row],[Nom de l''échantillon donné par le client]],"-",liste_groupe[[#This Row],[Concentration]],liste_groupe[[#This Row],[Unité]],liste_groupe[[#This Row],[Dopage (+Testostérone / + EE2, ….)]]))) -> Triphénylphosphate-0,26mg/L + Testostérone | B40: =B16 -> 0 | C40: =C16 -> 0.26 | D40: =D16 -> mg/L | E40: =E16 -> Triphénylphosphate | F40: + Testostérone
A41: =IF(ISBLANK(liste_groupe[[#This Row],[Code WF]])," ",IF(ISBLANK(liste_groupe[[#This Row],[Unité]]),CONCATENATE(liste_groupe[[#This Row],[Nom de l''échantillon donné par le client]],liste_groupe[[#This Row],[Dopage (+Testostérone / + EE2, ….)]]),CONCATENATE(liste_groupe[[#This Row],[Nom de l''échantillon donné par le client]],"-",liste_groupe[[#This Row],[Concentration]],liste_groupe[[#This Row],[Unité]],liste_groupe[[#This Row],[Dopage (+Testostérone / + EE2, ….)]]))) -> Triphénylphosphate-0,4mg/L + Testostérone | B41: =B17 -> 0 | C41: =C17 -> 0.4 | D41: =D17 -> mg/L | E41: =E17 -> Triphénylphosphate | F41: + Testostérone
A42: =IF(ISBLANK(liste_groupe[[#This Row],[Code WF]])," ",IF(ISBLANK(liste_groupe[[#This Row],[Unité]]),CONCATENATE(liste_groupe[[#This Row],[Nom de l''échantillon donné par le client]],liste_groupe[[#This Row],[Dopage (+Testostérone / + EE2, ….)]]),CONCATENATE(liste_groupe[[#This Row],[Nom de l''échantillon donné par le client]],"-",liste_groupe[[#This Row],[Concentration]],liste_groupe[[#This Row],[Unité]],liste_groupe[[#This Row],[Dopage (+Testostérone / + EE2, ….)]]))) -> Triphénylphosphate-0,59mg/L + Testostérone | B42: =B18 -> 0 | C42: =C18 -> 0.59 | D42: =D18 -> mg/L | E42: =E18 -> Triphénylphosphate | F42: + Testostérone
A43: =IF(ISBLANK(liste_groupe[[#This Row],[Code WF]])," ",IF(ISBLANK(liste_groupe[[#This Row],[Unité]]),CONCATENATE(liste_groupe[[#This Row],[Nom de l''échantillon donné par le client]],liste_groupe[[#This Row],[Dopage (+Testostérone / + EE2, ….)]]),CONCATENATE(liste_groupe[[#This Row],[Nom de l''échantillon donné par le client]],"-",liste_groupe[[#This Row],[Concentration]],liste_groupe[[#This Row],[Unité]],liste_groupe[[#This Row],[Dopage (+Testostérone / + EE2, ….)]]))) -> Triphénylphosphate-0,89mg/L + Testostérone | B43: =B19 -> 0 | C43: =C19 -> 0.89 | D43: =D19 -> mg/L | E43: =E19 -> Triphénylphosphate | F43: + Testostérone
A44: =IF(ISBLANK(liste_groupe[[#This Row],[Code WF]])," ",IF(ISBLANK(liste_groupe[[#This Row],[Unité]]),CONCATENATE(liste_groupe[[#This Row],[Nom de l''échantillon donné par le client]],liste_groupe[[#This Row],[Dopage (+Testostérone / + EE2, ….)]]),CONCATENATE(liste_groupe[[#This Row],[Nom de l''échantillon donné par le client]],"-",liste_groupe[[#This Row],[Concentration]],liste_groupe[[#This Row],[Unité]],liste_groupe[[#This Row],[Dopage (+Testostérone / + EE2, ….)]]))) -> 0-00 + Testostérone | B44: =B20 -> 0 | C44: =C20 -> 0 | D44: =D20 -> 0 | E44: =E20 -> 0 | F44: + Testostérone
A45: =IF(ISBLANK(liste_groupe[[#This Row],[Code WF]])," ",IF(ISBLANK(liste_groupe[[#This Row],[Unité]]),CONCATENATE(liste_groupe[[#This Row],[Nom de l''échantillon donné par le client]],liste_groupe[[#This Row],[Dopage (+Testostérone / + EE2, ….)]]),CONCATENATE(liste_groupe[[#This Row],[Nom de l''échantillon donné par le client]],"-",liste_groupe[[#This Row],[Concentration]],liste_groupe[[#This Row],[Unité]],liste_groupe[[#This Row],[Dopage (+Testostérone / + EE2, ….)]]))) -> 0-00 + Testostérone | B45: =B21 -> 0 | C45: =C21 -> 0 | D45: =D21 -> 0 | E45: =E21 -> 0 | F45: + Testostérone
A46: =IF(ISBLANK(liste_groupe[[#This Row],[Code WF]])," ",IF(ISBLANK(liste_groupe[[#This Row],[Unité]]),CONCATENATE(liste_groupe[[#This Row],[Nom de l''échantillon donné par le client]],liste_groupe[[#This Row],[Dopage (+Testostérone / + EE2, ….)]]),CONCATENATE(liste_groupe[[#This Row],[Nom de l''échantillon donné par le client]],"-",liste_groupe[[#This Row],[Concentration]],liste_groupe[[#This Row],[Unité]],liste_groupe[[#This Row],[Dopage (+Testostérone / + EE2, ….)]]))) -> 0-00 + Testostérone | B46: =B22 -> 0 | C46: =C22 -> 0 | D46: =D22 -> 0 | E46: =E22 -> 0 | F46: + Testostérone
A47: =IF(ISBLANK(liste_groupe[[#This Row],[Code WF]])," ",IF(ISBLANK(liste_groupe[[#This Row],[Unité]]),CONCATENATE(liste_groupe[[#This Row],[Nom de l''échantillon donné par le client]],liste_groupe[[#This Row],[Dopage (+Testostérone / + EE2, ….)]]),CONCATENATE(liste_groupe[[#This Row],[Nom de l''échantillon donné par le client]],"-",liste_groupe[[#This Row],[Concentration]],liste_groupe[[#This Row],[Unité]],liste_groupe[[#This Row],[Dopage (+Testostérone / + EE2, ….)]]))) -> 0-00 + Testostérone | B47: =B23 -> 0 | C47: =C23 -> 0 | D47: =D23 -> 0 | E47: =E23 -> 0 | F47: + Testostérone
A48: =IF(ISBLANK(liste_groupe[[#This Row],[Code WF]])," ",IF(ISBLANK(liste_groupe[[#This Row],[Unité]]),CONCATENATE(liste_groupe[[#This Row],[Nom de l''échantillon donné par le client]],liste_groupe[[#This Row],[Dopage (+Testostérone / + EE2, ….)]]),CONCATENATE(liste_groupe[[#This Row],[Nom de l''échantillon donné par le client]],"-",liste_groupe[[#This Row],[Concentration]],liste_groupe[[#This Row],[Unité]],liste_groupe[[#This Row],[Dopage (+Testostérone / + EE2, ….)]]))) -> 0-00 + Testostérone | B48: =B24 -> 0 | C48: =C24 -> 0 | D48: =D24 -> 0 | E48: =E24 -> 0 | F48: + Testostérone
A49: =IF(ISBLANK(liste_groupe[[#This Row],[Code WF]])," ",IF(ISBLANK(liste_groupe[[#This Row],[Unité]]),CONCATENATE(liste_groupe[[#This Row],[Nom de l''échantillon donné par le client]],liste_groupe[[#This Row],[Dopage (+Testostérone / + EE2, ….)]]),CONCATENATE(liste_groupe[[#This Row],[Nom de l''échantillon donné par le client]],"-",liste_groupe[[#This Row],[Concentration]],liste_groupe[[#This Row],[Unité]],liste_groupe[[#This Row],[Dopage (+Testostérone / + EE2, ….)]]))) -> 0-00 + Testostérone | B49: =B25 -> 0 | C49: =C25 -> 0 | D49: =D25 -> 0 | E49: =E25 -> 0 | F49: + Testostérone
A50: =IF(ISBLANK(liste_groupe[[#This Row],[Code WF]])," ",IF(ISBLANK(liste_groupe[[#This Row],[Unité]]),CONCATENATE(liste_groupe[[#This Row],[Nom de l''échantillon donné par le client]],liste_groupe[[#This Row],[Dopage (+Testostérone / + EE2, ….)]]),CONCATENATE(liste_groupe[[#This Row],[Nom de l''échantillon donné par le client]],"-",liste_groupe[[#This Row],[Concentration]],liste_groupe[[#This Row],[Unité]],liste_groupe[[#This Row],[Dopage (+Testostérone / + EE2, ….)]]))) -> 0-00 + Testostérone | B50: =B26 -> 0 | C50: =C26 -> 0 | D50: =D26 -> 0 | E50: =E26 -> 0 | F50: + Testostérone
... A58: =IF(ISBLANK(liste_groupe[[#This Row],[Code WF]])," ",IF(ISBLANK(liste_groupe[[#This Row],[Unité]]),CONCATENATE(liste_groupe[[#This Row],[Nom de l''échantillon donné par le client]],liste_groupe[[#This Row],[Dopage (+Testostérone / + EE2, ….)]]),CONCATENATE(liste_groupe[[#This Row],[Nom de l''échantillon donné par le client]],"-",liste_groupe[[#This Row],[Concentration]],liste_groupe[[#This Row],[Unité]],liste_groupe[[#This Row],[Dopage (+Testostérone / + EE2, ….)]]))) -> 0-00 + Testostérone | B58: =B34 -> 0 | C58: =C34 -> 0 | D58: =D34 -> 0 | E58: =E34 -> 0 | F58: + Testostérone

Sheet Feuil1
A1: Nom groupe | B1: N° de valeur | C1: file name | D1: total area | E1: mean intensity | G1: total fluorescence | I1: nbre de larves
A2: 01 EE2 0 | B2: A | C2: C:\Users\Olympus\Desktop\20190122\plaque1/@01 EE2 0/A1_1.tif | D2: 4931.616 | E2: 73.0526 | G2: 360268
A3: 01 EE2 0 | B3: A | C3: C:\Users\Olympus\Desktop\20190122\plaque1/@01 EE2 0/A1_2.tif | D3: 5234.4345 | E3: 71.1281 | G3: 372315
A4: 01 EE2 0 | B4: A | C4: C:\Users\Olympus\Desktop\20190122\plaque1/@01 EE2 0/A1_3.tif | D4: 3547.3027 | E4: 66.9878 | G4: 237626
A5: 01 EE2 0 | B5: A | C5: C:\Users\Olympus\Desktop\20190122\plaque3/@01 EE2 0/A1_3.tif | D5: 21456.8555 | E5: 67.0655 | G5: 1439015
A6: 01 EE2 0 | B6: A | C6: C:\Users\Olympus\Desktop\20190122\plaque3/@01 EE2 0/A1_2.tif | D6: 21586.6348 | E6: 66.4108 | G6: 1433586
A7: 01 EE2 0 | B7: A | C7: C:\Users\Olympus\Desktop\20190122\plaque3/@01 EE2 0/A1_1.tif | D7: 15984.4921 | E7: 69.7767 | G7: 1115346

Sheet Raw data R1
A1: Nom groupe | B1: N° de valeur | C1: file name | D1: total area | E1: mean intensity | G1: total fluorescence | I1: nbre de larves | J1: Colonne1 | L1: (Tous)
A2: =IFERROR(LEFT(RIGHT(C2,LEN(C2)-SEARCH("@",C2)),SEARCH("/",RIGHT(C2,LEN(C2)-SEARCH("@",C2)-1))),"") -> 01 TS | B2: =LEFT(RIGHT(RIGHT(Tableau4[[#This Row],[file name]],LEN(Tableau4[[#This Row],[file name]])-SEARCH("@",Tableau4[[#This Row],[file name]])),LEN(RIGHT(Tableau4[[#This Row],[file name]],LEN(Tableau4[[#This Row],[file name]])-SEARCH("@",Tableau4[[#This Row],[file name]])))-SEARCH("/",RIGHT(Tableau4[[#This Row],[file name]],LEN(Tableau4[[#This Row],[file name]])-SEARCH("@",Tableau4[[#This Row],[file name]])))),1) -> A | C2: \\192.168.24.208\images\R&D\Coralie\Triphenylphosphate\2021-CHG-CBA-TRIPHENYLP\plaque 1/@01 TS/A1_01- exclu.tif | K2: Filtre lignes : Enlever (vide) et Néant | L2: Filtre colonnes : Enlever (vide) et " "
A3: =IFERROR(LEFT(RIGHT(C3,LEN(C3)-SEARCH("@",C3)),SEARCH("/",RIGHT(C3,LEN(C3)-SEARCH("@",C3)-1))),"") -> 01 TS | B3: =LEFT(RIGHT(RIGHT(Tableau4[[#This Row],[file name]],LEN(Tableau4[[#This Row],[file name]])-SEARCH("@",Tableau4[[#This Row],[file name]])),LEN(RIGHT(Tableau4[[#This Row],[file name]],LEN(Tableau4[[#This Row],[file name]])-SEARCH("@",Tableau4[[#This Row],[file name]])))-SEARCH("/",RIGHT(Tableau4[[#This Row],[file name]],LEN(Tableau4[[#This Row],[file name]])-SEARCH("@",Tableau4[[#This Row],[file name]])))),1) -> A | C3: \\192.168.24.208\images\R&D\Coralie\Triphenylphosphate\2021-CHG-CBA-TRIPHENYLP\plaque 1/@01 TS/A1_02.tif | D3: 9062.9258 | E3: 76.9189 | G3: 697110 | K3: Moyenne de total fluorescence | L3: Étiquettes de colonnes
A4: =IFERROR(LEFT(RIGHT(C4,LEN(C4)-SEARCH("@",C4)),SEARCH("/",RIGHT(C4,LEN(C4)-SEARCH("@",C4)-1))),"") -> 01 TS | B4: =LEFT(RIGHT(RIGHT(Tableau4[[#This Row],[file name]],LEN(Tableau4[[#This Row],[file name]])-SEARCH("@",Tableau4[[#This Row],[file name]])),LEN(RIGHT(Tableau4[[#This Row],[file name]],LEN(Tableau4[[#This Row],[file name]])-SEARCH("@",Tableau4[[#This Row],[file name]])))-SEARCH("/",RIGHT(Tableau4[[#This Row],[file name]],LEN(Tableau4[[#This Row],[file name]])-SEARCH("@",Tableau4[[#This Row],[file name]])))),1) -> A | C4: \\192.168.24.208\images\R&D\Coralie\Triphenylphosphate\2021-CHG-CBA-TRIPHENYLP\plaque 1/@01 TS/A1_03.tif | D4: 9560.4134 | E4: 79.6335 | G4: 761329 | K4: Étiquettes de lignes | L4: 01 TS | M4: 02 EE2 34 | N4: 03 EE2 51 | O4: 04 EE2 76 | P4: 05 EE2 114 | Q4: 06 EE2 171 | R4: 07 EE2 488 | S4: 08 TRIPHENYLP 0.18 | T4: 09 TRIPHENYLP 0.26 | U4: 10 TRIPHENYLP 0.4 | V4: 11 TRIPHENYLP 0.59 | W4: 12 TRIPHENYLP 0.89 | X4: 01 TESTO | Y4: 02 TESTO | Z4: 03 TESTO + EE2 | AA4: 04 TESTO + FAD | AB4: 05 TRIPHENYLP 0.18 + TESTO | AC4: 06 TRIPHENYLP 0.26 + TESTO | AD4: 07 TRIPHENYLP 0.4 + TESTO | AE4: 08 TRIPHENYLP 0.59 + TESTO | AF4: 09 TRIPHENYLP 0.89 + TESTO
A5: =IFERROR(LEFT(RIGHT(C5,LEN(C5)-SEARCH("@",C5)),SEARCH("/",RIGHT(C5,LEN(C5)-SEARCH("@",C5)-1))),"") -> 01 TS | B5: =LEFT(RIGHT(RIGHT(Tableau4[[#This Row],[file name]],LEN(Tableau4[[#This Row],[file name]])-SEARCH("@",Tableau4[[#This Row],[file name]])),LEN(RIGHT(Tableau4[[#This Row],[file name]],LEN(Tableau4[[#This Row],[file name]])-SEARCH("@",Tableau4[[#This Row],[file name]])))-SEARCH("/",RIGHT(Tableau4[[#This Row],[file name]],LEN(Tableau4[[#This Row],[file name]])-SEARCH("@",Tableau4[[#This Row],[file name]])))),1) -> B | C5: \\192.168.24.208\images\R&D\Coralie\Triphenylphosphate\2021-CHG-CBA-TRIPHENYLP\plaque 1/@01 TS/B1_01.tif | D5: 3828.4913 | E5: 69.1695 | G5: 264815 | K5: A | L5: 729219.5 | M5: 413015.67 | N5: 908635.67 | O5: 475216 | P5: 1070932 | Q5: 2366973.7 | R5: 8194968.7 | S5: 292068.33 | T5: 896321 | U5: 593315.33 | V5: 420326.33 | W5: 5132716.3 | X5: 5700422 | Y5: 3447653.7 | Z5: 4565198.7 | AA5: 316575 | AB5: 3953894 | AC5: 3514468.7 | AD5: 5397495 | AE5: 3812146.3 | AF5: 5842440
A6: =IFERROR(LEFT(RIGHT(C6,LEN(C6)-SEARCH("@",C6)),SEARCH("/",RIGHT(C6,LEN(C6)-SEARCH("@",C6)-1))),"") -> 01 TS | B6: =LEFT(RIGHT(RIGHT(Tableau4[[#This Row],[file name]],LEN(Tableau4[[#This Row],[file name]])-SEARCH("@",Tableau4[[#This Row],[file name]])),LEN(RIGHT(Tableau4[[#This Row],[file name]],LEN(Tableau4[[#This Row],[file name]])-SEARCH("@",Tableau4[[#This Row],[file name]])))-SEARCH("/",RIGHT(Tableau4[[#This Row],[file name]],LEN(Tableau4[[#This Row],[file name]])-SEARCH("@",Tableau4[[#This Row],[file name]])))),1) -> B | C6: \\192.168.24.208\images\R&D\Coralie\Triphenylphosphate\2021-CHG-CBA-TRIPHENYLP\plaque 1/@01 TS/B1_02- exclu.tif | K6: B | L6: 282713.5 | M6: 660285 | N6: 567244.33 | O6: 450507.33 | P6: 3767459 | Q6: 2932336 | R6: 5952994 | S6: 639646.33 | T6: 185555.67 | U6: 231331.67 | V6: 1426614.3 | X6: 3054033 | Y6: 2711970.3 | Z6: 5159292.3 | AA6: 35084 | AB6: 5074611.3 | AC6: 5260779.7 | AD6: 6270838 | AE6: 6570052 | AF6: 3379541
A7: =IFERROR(LEFT(RIGHT(C7,LEN(C7)-SEARCH("@",C7)),SEARCH("/",RIGHT(C7,LEN(C7)-SEARCH("@",C7)-1))),"") -> 01 TS | B7: =LEFT(RIGHT(RIGHT(Tableau4[[#This Row],[file name]],LEN(Tableau4[[#This Row],[file name]])-SEARCH("@",Tableau4[[#This Row],[file name]])),LEN(RIGHT(Tableau4[[#This Row],[file name]],LEN(Tableau4[[#This Row],[file name]])-SEARCH("@",Tableau4[[#This Row],[file name]])))-SEARCH("/",RIGHT(Tableau4[[#This Row],[file name]],LEN(Tableau4[[#This Row],[file name]])-SEARCH("@",Tableau4[[#This Row],[file name]])))),1) -> B | C7: \\192.168.24.208\images\R&D\Coralie\Triphenylphosphate\2021-CHG-CBA-TRIPHENYLP\plaque 1/@01 TS/B1_03.tif | D7: 4434.1284 | E7: 67.7951 | G7: 300612 | K7: C | L7: 184106.67 | M7: 234886.33 | N7: 458954 | O7: 859478.33 | P7: 673187.33 | Q7: 3818195.7 | R7: 6442889.7 | S7: 35159.5 | T7: 171164.67 | U7: 555290 | V7: 793572 | W7: 3019079 | X7: 2811014 | Y7: 3509818.5 | Z7: 4033622.3 | AA7: 450990.67 | AB7: 5036405.3 | AC7: 5678474.3 | AD7: 5158686.3 | AE7: 4598523 | AF7: 6780049
A8: =IFERROR(LEFT(RIGHT(C8,LEN(C8)-SEARCH("@",C8)),SEARCH("/",RIGHT(C8,LEN(C8)-SEARCH("@",C8)-1))),"") -> 01 TS | B8: =LEFT(RIGHT(RIGHT(Tableau4[[#This Row],[file name]],LEN(Tableau4[[#This Row],[file name]])-SEARCH("@",Tableau4[[#This Row],[file name]])),LEN(RIGHT(Tableau4[[#This Row],[file name]],LEN(Tableau4[[#This Row],[file name]])-SEARCH("@",Tableau4[[#This Row],[file name]])))-SEARCH("/",RIGHT(Tableau4[[#This Row],[file name]],LEN(Tableau4[[#This Row],[file name]])-SEARCH("@",Tableau4[[#This Row],[file name]])))),1) -> C | C8: \\192.168.24.208\images\R&D\Coralie\Triphenylphosphate\2021-CHG-CBA-TRIPHENYLP\plaque 1/@01 TS/C1_01.tif | D8: 2638.8471 | E8: 67.082 | G8: 177019 | K8: D | L8: 537741 | M8: 378660 | N8: 947093.67 | O8: 855534.33 | P8: 1056014.7 | Q8: 4073961.7 | R8: 6987249 | S8: 680671 | T8: 75048.333 | U8: 835880 | V8: 3350946.5 | W8: 1340390 | X8: 2858974.3 | Y8: 3232868.7 | Z8: 3484035.3 | AA8: 423376.33 | AB8: 3682720.3 | AC8: 3979028 | AD8: 3793991.5 | AE8: 3533358.7 | AF8: 6393559
A9: =IFERROR(LEFT(RIGHT(C9,LEN(C9)-SEARCH("@",C9)),SEARCH("/",RIGHT(C9,LEN(C9)-SEARCH("@",C9)-1))),"") -> 01 TS | B9: =LEFT(RIGHT(RIGHT(Tableau4[[#This Row],[file name]],LEN(Tableau4[[#This Row],[file name]])-SEARCH("@",Tableau4[[#This Row],[file name]])),LEN(RIGHT(Tableau4[[#This Row],[file name]],LEN(Tableau4[[#This Row],[file name]])-SEARCH("@",Tableau4[[#This Row],[file name]])))-SEARCH("/",RIGHT(Tableau4[[#This Row],[file name]],LEN(Tableau4[[#This Row],[file name]])-SEARCH("@",Tableau4[[#This Row],[file name]])))),1) -> C | C9: \\192.168.24.208\images\R&D\Coralie\Triphenylphosphate\2021-CHG-CBA-TRIPHENYLP\plaque 1/@01 TS/C1_02.tif | D9: 735.4164 | E9: 63.6765 | G9: 46829 | K9: E | L9: 342650 | M9: 103830.33 | N9: 505836.67 | O9: 219406.33 | P9: 2359100.7 | Q9: 1528620.3 | R9: 4390977 | S9: 310281 | T9: 672437.33 | U9: 783420 | V9: 2390881.7 | W9: 4075836.3 | X9: 3195449 | Y9: 4445570.3 | Z9: 2478576.7 | AA9: 181958 | AB9: 4368892.7 | AC9: 5344628 | AD9: 4611962 | AE9: 3855204.3 | AF9: 3475859
A10: =IFERROR(LEFT(RIGHT(C10,LEN(C10)-SEARCH("@",C10)),SEARCH("/",RIGHT(C10,LEN(C10)-SEARCH("@",C10)-1))),"") -> 01 TS | B10: =LEFT(RIGHT(RIGHT(Tableau4[[#This Row],[file name]],LEN(Tableau4[[#This Row],[file name]])-SEARCH("@",Tableau4[[#This Row],[file name]])),LEN(RIGHT(Tableau4[[#This Row],[file name]],LEN(Tableau4[[#This Row],[file name]])-SEARCH("@",Tableau4[[#This Row],[file name]])))-SEARCH("/",RIGHT(Tableau4[[#This Row],[file name]],LEN(Tableau4[[#This Row],[file name]])-SEARCH("@",Tableau4[[#This Row],[file name]])))),1) -> C | C10: \\192.168.24.208\images\R&D\Coralie\Triphenylphosphate\2021-CHG-CBA-TRIPHENYLP\plaque 1/@01 TS/C1_03.tif | D10: 4866.7263 | E10: 67.4933 | G10: 328472 | K10: F | L10: 893282 | N10: 682279 | P10: 252074.67 | Q10: 2462916.7 | R10: 4346931 | S10: 333417.33 | T10: 1192686.7 | U10: 556616.67 | V10: 721277.67 | W10: 3379455 | X10: 3910728 | Y10: 3696188.7 | Z10: 3579639.3 | AA10: 105539.67 | AB10: 4825305 | AC10: 32802 | AD10: 3965898.7 | AE10: 2793083 | AF10: 5557628.3
A11: =IFERROR(LEFT(RIGHT(C11,LEN(C11)-SEARCH("@",C11)),SEARCH("/",RIGHT(C11,LEN(C11)-SEARCH("@",C11)-1))),"") -> 01 TS | B11: =LEFT(RIGHT(RIGHT(Tableau4[[#This Row],[file name]],LEN(Tableau4[[#This Row],[file name]])-SEARCH("@",Tableau4[[#This Row],[file name]])),LEN(RIGHT(Tableau4[[#This Row],[file name]],LEN(Tableau4[[#This Row],[file name]])-SEARCH("@",Tableau4[[#This Row],[file name]])))-SEARCH("/",RIGHT(Tableau4[[#This Row],[file name]],LEN(Tableau4[[#This Row],[file name]])-SEARCH("@",Tableau4[[#This Row],[file name]])))),1) -> D | C11: \\192.168.24.208\images\R&D\Coralie\Triphenylphosphate\2021-CHG-CBA-TRIPHENYLP\plaque 1/@01 TS/D1_01.tif | D11: 11615.2534 | E11: 74.4115 | G11: 864309 | K11: G | L11: 308961 | M11: 412864.33 | P11: 2308053.7 | Q11: 713058.33 | R11: 5154685 | S11: 201122 | T11: 893758 | U11: 1711963 | V11: 909148 | X11: 1448309 | Y11: 2895096.5 | Z11: 3431546.7 | AA11: 415878 | AB11: 2937739.5 | AC11: 5504902 | AD11: 5336751.3 | AE11: 4948985 | AF11: 4730234.3
A12: =IFERROR(LEFT(RIGHT(C12,LEN(C12)-SEARCH("@",C12)),SEARCH("/",RIGHT(C12,LEN(C12)-SEARCH("@",C12)-1))),"") -> 01 TS | B12: =LEFT(RIGHT(RIGHT(Tableau4[[#This Row],[file name]],LEN(Tableau4[[#This Row],[file name]])-SEARCH("@",Tableau4[[#This Row],[file name]])),LEN(RIGHT(Tableau4[[#This Row],[file name]],LEN(Tableau4[[#This Row],[file name]])-SEARCH("@",Tableau4[[#This Row],[file name]])))-SEARCH("/",RIGHT(Tableau4[[#This Row],[file name]],LEN(Tableau4[[#This Row],[file name]])-SEARCH("@",Tableau4[[#This Row],[file name]])))),1) -> D | C12: \\192.168.24.208\images\R&D\Coralie\Triphenylphosphate\2021-CHG-CBA-TRIPHENYLP\plaque 1/@01 TS/D1_02.tif | D12: 3201.2244 | E12: 65.9662 | G12: 211173 | K12: H | L12: 261159.33 | M12: 864258.67 | N12: 270784.67 | O12: 229633.5 | P12: 1703195.3 | Q12: 3234138 | R12: 5845320.7 | S12: 176817.33 | T12: 412648 | V12: 1172282.7 | X12: 4555724.3 | Y12: 3916799 | Z12: 4351188.5 | AA12: 90809.333 | AB12: 2767516.3 | AC12: 2103125 | AD12: 4050868.3 | AE12: 5272589.7 | AF12: 4674350
A13: =IFERROR(LEFT(RIGHT(C13,LEN(C13)-SEARCH("@",C13)),SEARCH("/",RIGHT(C13,LEN(C13)-SEARCH("@",C13)-1))),"") -> 01 TS | B13: =LEFT(RIGHT(RIGHT(Tableau4[[#This Row],[file name]],LEN(Tableau4[[#This Row],[file name]])-SEARCH("@",Tableau4[[#This Row],[file name]])),LEN(RIGHT(Tableau4[[#This Row],[file name]],LEN(Tableau4[[#This Row],[file name]])-SEARCH("@",Tableau4[[#This Row],[file name]])))-SEARCH("/",RIGHT(Tableau4[[#This Row],[file name]],LEN(Tableau4[[#This Row],[file name]])-SEARCH("@",Tableau4[[#This Row],[file name]])))),1) -> D | C13: \\192.168.24.208\images\R&D\Coralie\Triphenylphosphate\2021-CHG-CBA-TRIPHENYLP\plaque 1/@01 TS/D1_03- exclu.tif
A14: =IFERROR(LEFT(RIGHT(C14,LEN(C14)-SEARCH("@",C14)),SEARCH("/",RIGHT(C14,LEN(C14)-SEARCH("@",C14)-1))),"") -> 01 TS | B14: =LEFT(RIGHT(RIGHT(Tableau4[[#This Row],[file name]],LEN(Tableau4[[#This Row],[file name]])-SEARCH("@",Tableau4[[#This Row],[file name]])),LEN(RIGHT(Tableau4[[#This Row],[file name]],LEN(Tableau4[[#This Row],[file name]])-SEARCH("@",Tableau4[[#This Row],[file name]])))-SEARCH("/",RIGHT(Tableau4[[#This Row],[file name]],LEN(Tableau4[[#This Row],[file name]])-SEARCH("@",Tableau4[[#This Row],[file name]])))),1) -> E | C14: \\192.168.24.208\images\R&D\Coralie\Triphenylphosphate\2021-CHG-CBA-TRIPHENYLP\plaque 1/@01 TS/E1_01.tif | D14: 6597.1179 | E14: 68.3639 | G14: 451005
A15: =IFERROR(LEFT(RIGHT(C15,LEN(C15)-SEARCH("@",C15)),SEARCH("/",RIGHT(C15,LEN(C15)-SEARCH("@",C15)-1))),"") -> 01 TS | B15: =LEFT(RIGHT(RIGHT(Tableau4[[#This Row],[file name]],LEN(Tableau4[[#This Row],[file name]])-SEARCH("@",Tableau4[[#This Row],[file name]])),LEN(RIGHT(Tableau4[[#This Row],[file name]],LEN(Tableau4[[#This Row],[file name]])-SEARCH("@",Tableau4[[#This Row],[file name]])))-SEARCH("/",RIGHT(Tableau4[[#This Row],[file name]],LEN(Tableau4[[#This Row],[file name]])-SEARCH("@",Tableau4[[#This Row],[file name]])))),1) -> E | C15: \\192.168.24.208\images\R&D\Coralie\Triphenylphosphate\2021-CHG-CBA-TRIPHENYLP\plaque 1/@01 TS/E1_02.tif | D15: 3633.8223 | E15: 64.4762 | G15: 234295
A16: =IFERROR(LEFT(RIGHT(C16,LEN(C16)-SEARCH("@",C16)),SEARCH("/",RIGHT(C16,LEN(C16)-SEARCH("@",C16)-1))),"") -> 01 TS | B16: =LEFT(RIGHT(RIGHT(Tableau4[[#This Row],[file name]],LEN(Tableau4[[#This Row],[file name]])-SEARCH("@",Tableau4[[#This Row],[file name]])),LEN(RIGHT(Tableau4[[#This Row],[file name]],LEN(Tableau4[[#This Row],[file name]])-SEARCH("@",Tableau4[[#This Row],[file name]])))-SEARCH("/",RIGHT(Tableau4[[#This Row],[file name]],LEN(Tableau4[[#This Row],[file name]])-SEARCH("@",Tableau4[[#This Row],[file name]])))),1) -> E | C16: \\192.168.24.208\images\R&D\Coralie\Triphenylphosphate\2021-CHG-CBA-TRIPHENYLP\plaque 1/@01 TS/E1_03- exclu.tif
A17: =IFERROR(LEFT(RIGHT(C17,LEN(C17)-SEARCH("@",C17)),SEARCH("/",RIGHT(C17,LEN(C17)-SEARCH("@",C17)-1))),"") -> 01 TS | B17: =LEFT(RIGHT(RIGHT(Tableau4[[#This Row],[file name]],LEN(Tableau4[[#This Row],[file name]])-SEARCH("@",Tableau4[[#This Row],[file name]])),LEN(RIGHT(Tableau4[[#This Row],[file name]],LEN(Tableau4[[#This Row],[file name]])-SEARCH("@",Tableau4[[#This Row],[file name]])))-SEARCH("/",RIGHT(Tableau4[[#This Row],[file name]],LEN(Tableau4[[#This Row],[file name]])-SEARCH("@",Tableau4[[#This Row],[file name]])))),1) -> F | C17: \\192.168.24.208\images\R&D\Coralie\Triphenylphosphate\2021-CHG-CBA-TRIPHENYLP\plaque 1/@01 TS/F1_01.tif | D17: 12329.0399 | E17: 71.5526 | G17: 882175
A18: =IFERROR(LEFT(RIGHT(C18,LEN(C18)-SEARCH("@",C18)),SEARCH("/",RIGHT(C18,LEN(C18)-SEARCH("@",C18)-1))),"") -> 01 TS | B18: =LEFT(RIGHT(RIGHT(Tableau4[[#This Row],[file name]],LEN(Tableau4[[#This Row],[file name]])-SEARCH("@",Tableau4[[#This Row],[file name]])),LEN(RIGHT(Tableau4[[#This Row],[file name]],LEN(Tableau4[[#This Row],[file name]])-SEARCH("@",Tableau4[[#This Row],[file name]])))-SEARCH("/",RIGHT(Tableau4[[#This Row],[file name]],LEN(Tableau4[[#This Row],[file name]])-SEARCH("@",Tableau4[[#This Row],[file name]])))),1) -> F | C18: \\192.168.24.208\images\R&D\Coralie\Triphenylphosphate\2021-CHG-CBA-TRIPHENYLP\plaque 1/@01 TS/F1_02.tif | D18: 12631.8585 | E18: 71.5959 | G18: 904389
A19: =IFERROR(LEFT(RIGHT(C19,LEN(C19)-SEARCH("@",C19)),SEARCH("/",RIGHT(C19,LEN(C19)-SEARCH("@",C19)-1))),"") -> 01 TS | B19: =LEFT(RIGHT(RIGHT(Tableau4[[#This Row],[file name]],LEN(Tableau4[[#This Row],[file name]])-SEARCH("@",Tableau4[[#This Row],[file name]])),LEN(RIGHT(Tableau4[[#This Row],[file name]],LEN(Tableau4[[#This Row],[file name]])-SEARCH("@",Tableau4[[#This Row],[file name]])))-SEARCH("/",RIGHT(Tableau4[[#This Row],[file name]],LEN(Tableau4[[#This Row],[file name]])-SEARCH("@",Tableau4[[#This Row],[file name]])))),1) -> F | C19: \\192.168.24.208\images\R&D\Coralie\Triphenylphosphate\2021-CHG-CBA-TRIPHENYLP\plaque 1/@01 TS/F1_03- exclu.tif
A20: =IFERROR(LEFT(RIGHT(C20,LEN(C20)-SEARCH("@",C20)),SEARCH("/",RIGHT(C20,LEN(C20)-SEARCH("@",C20)-1))),"") -> 01 TS | B20: =LEFT(RIGHT(RIGHT(Tableau4[[#This Row],[file name]],LEN(Tableau4[[#This Row],[file name]])-SEARCH("@",Tableau4[[#This Row],[file name]])),LEN(RIGHT(Tableau4[[#This Row],[file name]],LEN(Tableau4[[#This Row],[file name]])-SEARCH("@",Tableau4[[#This Row],[file name]])))-SEARCH("/",RIGHT(Tableau4[[#This Row],[file name]],LEN(Tableau4[[#This Row],[file name]])-SEARCH("@",Tableau4[[#This Row],[file name]])))),1) -> G | C20: \\192.168.24.208\images\R&D\Coralie\Triphenylphosphate\2021-CHG-CBA-TRIPHENYLP\plaque 1/@01 TS/G1_01.tif | D20: 6056.3705 | E20: 67.525 | G20: 408956
A21: =IFERROR(LEFT(RIGHT(C21,LEN(C21)-SEARCH("@",C21)),SEARCH("/",RIGHT(C21,LEN(C21)-SEARCH("@",C21)-1))),"") -> 01 TS | B21: =LEFT(RIGHT(RIGHT(Tableau4[[#This Row],[file name]],LEN(Tableau4[[#This Row],[file name]])-SEARCH("@",Tableau4[[#This Row],[file name]])),LEN(RIGHT(Tableau4[[#This Row],[file name]],LEN(Tableau4[[#This Row],[file name]])-SEARCH("@",Tableau4[[#This Row],[file name]])))-SEARCH("/",RIGHT(Tableau4[[#This Row],[file name]],LEN(Tableau4[[#This Row],[file name]])-SEARCH("@",Tableau4[[#This Row],[file name]])))),1) -> G | C21: \\192.168.24.208\images\R&D\Coralie\Triphenylphosphate\2021-CHG-CBA-TRIPHENYLP\plaque 1/@01 TS/G1_02.tif | D21: 2768.6265 | E21: 65.0078 | G21: 179982
A22: =IFERROR(LEFT(RIGHT(C22,LEN(C22)-SEARCH("@",C22)),SEARCH("/",RIGHT(C22,LEN(C22)-SEARCH("@",C22)-1))),"") -> 01 TS | B22: =LEFT(RIGHT(RIGHT(Tableau4[[#This Row],[file name]],LEN(Tableau4[[#This Row],[file name]])-SEARCH("@",Tableau4[[#This Row],[file name]])),LEN(RIGHT(Tableau4[[#This Row],[file name]],LEN(Tableau4[[#This Row],[file name]])-SEARCH("@",Tableau4[[#This Row],[file name]])))-SEARCH("/",RIGHT(Tableau4[[#This Row],[file name]],LEN(Tableau4[[#This Row],[file name]])-SEARCH("@",Tableau4[[#This Row],[file name]])))),1) -> G | C22: \\192.168.24.208\images\R&D\Coralie\Triphenylphosphate\2021-CHG-CBA-TRIPHENYLP\plaque 1/@01 TS/G1_03.tif | D22: 4823.4665 | E22: 70.0628 | G22: 337945
A23: =IFERROR(LEFT(RIGHT(C23,LEN(C23)-SEARCH("@",C23)),SEARCH("/",RIGHT(C23,LEN(C23)-SEARCH("@",C23)-1))),"") -> 01 TS | B23: =LEFT(RIGHT(RIGHT(Tableau4[[#This Row],[file name]],LEN(Tableau4[[#This Row],[file name]])-SEARCH("@",Tableau4[[#This Row],[file name]])),LEN(RIGHT(Tableau4[[#This Row],[file name]],LEN(Tableau4[[#This Row],[file name]])-SEARCH("@",Tableau4[[#This Row],[file name]])))-SEARCH("/",RIGHT(Tableau4[[#This Row],[file name]],LEN(Tableau4[[#This Row],[file name]])-SEARCH("@",Tableau4[[#This Row],[file name]])))),1) -> H | C23: \\192.168.24.208\images\R&D\Coralie\Triphenylphosphate\2021-CHG-CBA-TRIPHENYLP\plaque 1/@01 TS/H1_01.tif | D23: 5796.8118 | E23: 70.2836 | G23: 407421
A24: =IFERROR(LEFT(RIGHT(C24,LEN(C24)-SEARCH("@",C24)),SEARCH("/",RIGHT(C24,LEN(C24)-SEARCH("@",C24)-1))),"") -> 01 TS | B24: =LEFT(RIGHT(RIGHT(Tableau4[[#This Row],[file name]],LEN(Tableau4[[#This Row],[file name]])-SEARCH("@",Tableau4[[#This Row],[file name]])),LEN(RIGHT(Tableau4[[#This Row],[file name]],LEN(Tableau4[[#This Row],[file name]])-SEARCH("@",Tableau4[[#This Row],[file name]])))-SEARCH("/",RIGHT(Tableau4[[#This Row],[file name]],LEN(Tableau4[[#This Row],[file name]])-SEARCH("@",Tableau4[[#This Row],[file name]])))),1) -> H | C24: \\192.168.24.208\images\R&D\Coralie\Triphenylphosphate\2021-CHG-CBA-TRIPHENYLP\plaque 1/@01 TS/H1_02.tif | D24: 1925.0606 | E24: 67.6404 | G24: 130212
A25: =IFERROR(LEFT(RIGHT(C25,LEN(C25)-SEARCH("@",C25)),SEARCH("/",RIGHT(C25,LEN(C25)-SEARCH("@",C25)-1))),"") -> 01 TS | B25: =LEFT(RIGHT(RIGHT(Tableau4[[#This Row],[file name]],LEN(Tableau4[[#This Row],[file name]])-SEARCH("@",Tableau4[[#This Row],[file name]])),LEN(RIGHT(Tableau4[[#This Row],[file name]],LEN(Tableau4[[#This Row],[file name]])-SEARCH("@",Tableau4[[#This Row],[file name]])))-SEARCH("/",RIGHT(Tableau4[[#This Row],[file name]],LEN(Tableau4[[#This Row],[file name]])-SEARCH("@",Tableau4[[#This Row],[file name]])))),1) -> H | C25: \\192.168.24.208\images\R&D\Coralie\Triphenylphosphate\2021-CHG-CBA-TRIPHENYLP\plaque 1/@01 TS/H1_03.tif | D25: 3655.4522 | E25: 67.2544 | G25: 245845
A26: =IFERROR(LEFT(RIGHT(C26,LEN(C26)-SEARCH("@",C26)),SEARCH("/",RIGHT(C26,LEN(C26)-SEARCH("@",C26)-1))),"") | B26: =LEFT(RIGHT(RIGHT(Tableau4[[#This Row],[file name]],LEN(Tableau4[[#This Row],[file name]])-SEARCH("@",Tableau4[[#This Row],[file name]])),LEN(RIGHT(Tableau4[[#This Row],[file name]],LEN(Tableau4[[#This Row],[file name]])-SEARCH("@",Tableau4[[#This Row],[file name]])))-SEARCH("/",RIGHT(Tableau4[[#This Row],[file name]],LEN(Tableau4[[#This Row],[file name]])-SEARCH("@",Tableau4[[#This Row],[file name]])))),1) -> #VALUE!
A27: =IFERROR(LEFT(RIGHT(C27,LEN(C27)-SEARCH("@",C27)),SEARCH("/",RIGHT(C27,LEN(C27)-SEARCH("@",C27)-1))),"") | B27: =LEFT(RIGHT(RIGHT(Tableau4[[#This Row],[file name]],LEN(Tableau4[[#This Row],[file name]])-SEARCH("@",Tableau4[[#This Row],[file name]])),LEN(RIGHT(Tableau4[[#This Row],[file name]],LEN(Tableau4[[#This Row],[file name]])-SEARCH("@",Tableau4[[#This Row],[file name]])))-SEARCH("/",RIGHT(Tableau4[[#This Row],[file name]],LEN(Tableau4[[#This Row],[file name]])-SEARCH("@",Tableau4[[#This Row],[file name]])))),1) -> #VALUE! | C27: group | E27: mean of mean fluo | F27: SD mean fluo | G27: mean of total fluo | H27: SD total fluo | I27: n fluorescent | J27: n total
A28: =IFERROR(LEFT(RIGHT(C28,LEN(C28)-SEARCH("@",C28)),SEARCH("/",RIGHT(C28,LEN(C28)-SEARCH("@",C28)-1))),"") -> 01 TS | B28: =LEFT(RIGHT(RIGHT(Tableau4[[#This Row],[file name]],LEN(Tableau4[[#This Row],[file name]])-SEARCH("@",Tableau4[[#This Row],[file name]])),LEN(RIGHT(Tableau4[[#This Row],[file name]],LEN(Tableau4[[#This Row],[file name]])-SEARCH("@",Tableau4[[#This Row],[file name]])))-SEARCH("/",RIGHT(Tableau4[[#This Row],[file name]],LEN(Tableau4[[#This Row],[file name]])-SEARCH("@",Tableau4[[#This Row],[file name]])))),1) | C28: \\192.168.24.208\images\R&D\Coralie\Triphenylphosphate\2021-CHG-CBA-TRIPHENYLP\plaque 1/@01 TS/ | E28: 69.2368 | F28: 5.948 | G28: 388801.792 | H28: 319828.217 | I28: 24 | J28: 24
A29: =IFERROR(LEFT(RIGHT(C29,LEN(C29)-SEARCH("@",C29)),SEARCH("/",RIGHT(C29,LEN(C29)-SEARCH("@",C29)-1))),"") | B29: =LEFT(RIGHT(RIGHT(Tableau4[[#This Row],[file name]],LEN(Tableau4[[#This Row],[file name]])-SEARCH("@",Tableau4[[#This Row],[file name]])),LEN(RIGHT(Tableau4[[#This Row],[file name]],LEN(Tableau4[[#This Row],[file name]])-SEARCH("@",Tableau4[[#This Row],[file name]])))-SEARCH("/",RIGHT(Tableau4[[#This Row],[file name]],LEN(Tableau4[[#This Row],[file name]])-SEARCH("@",Tableau4[[#This Row],[file name]])))),1) -> #VALUE!
A30: =IFERROR(LEFT(RIGHT(C30,LEN(C30)-SEARCH("@",C30)),SEARCH("/",RIGHT(C30,LEN(C30)-SEARCH("@",C30)-1))),"") | B30: =LEFT(RIGHT(RIGHT(Tableau4[[#This Row],[file name]],LEN(Tableau4[[#This Row],[file name]])-SEARCH("@",Tableau4[[#This Row],[file name]])),LEN(RIGHT(Tableau4[[#This Row],[file name]],LEN(Tableau4[[#This Row],[file name]])-SEARCH("@",Tableau4[[#This Row],[file name]])))-SEARCH("/",RIGHT(Tableau4[[#This Row],[file name]],LEN(Tableau4[[#This Row],[file name]])-SEARCH("@",Tableau4[[#This Row],[file name]])))),1) -> #VALUE!
A31: =IFERROR(LEFT(RIGHT(C31,LEN(C31)-SEARCH("@",C31)),SEARCH("/",RIGHT(C31,LEN(C31)-SEARCH("@",C31)-1))),"") | B31: =LEFT(RIGHT(RIGHT(Tableau4[[#This Row],[file name]],LEN(Tableau4[[#This Row],[file name]])-SEARCH("@",Tableau4[[#This Row],[file name]])),LEN(RIGHT(Tableau4[[#This Row],[file name]],LEN(Tableau4[[#This Row],[file name]])-SEARCH("@",Tableau4[[#This Row],[file name]])))-SEARCH("/",RIGHT(Tableau4[[#This Row],[file name]],LEN(Tableau4[[#This Row],[file name]])-SEARCH("@",Tableau4[[#This Row],[file name]])))),1) -> #VALUE!
A32: =IFERROR(LEFT(RIGHT(C32,LEN(C32)-SEARCH("@",C32)),SEARCH("/",RIGHT(C32,LEN(C32)-SEARCH("@",C32)-1))),"") | B32: =LEFT(RIGHT(RIGHT(Tableau4[[#This Row],[file name]],LEN(Tableau4[[#This Row],[file name]])-SEARCH("@",Tableau4[[#This Row],[file name]])),LEN(RIGHT(Tableau4[[#This Row],[file name]],LEN(Tableau4[[#This Row],[file name]])-SEARCH("@",Tableau4[[#This Row],[file name]])))-SEARCH("/",RIGHT(Tableau4[[#This Row],[file name]],LEN(Tableau4[[#This Row],[file name]])-SEARCH("@",Tableau4[[#This Row],[file name]])))),1) -> #VALUE!
A33: =IFERROR(LEFT(RIGHT(C33,LEN(C33)-SEARCH("@",C33)),SEARCH("/",RIGHT(C33,LEN(C33)-SEARCH("@",C33)-1))),"") | B33: =LEFT(RIGHT(RIGHT(Tableau4[[#This Row],[file name]],LEN(Tableau4[[#This Row],[file name]])-SEARCH("@",Tableau4[[#This Row],[file name]])),LEN(RIGHT(Tableau4[[#This Row],[file name]],LEN(Tableau4[[#This Row],[file name]])-SEARCH("@",Tableau4[[#This Row],[file name]])))-SEARCH("/",RIGHT(Tableau4[[#This Row],[file name]],LEN(Tableau4[[#This Row],[file name]])-SEARCH("@",Tableau4[[#This Row],[file name]])))),1) -> #VALUE!
A34: =IFERROR(LEFT(RIGHT(C34,LEN(C34)-SEARCH("@",C34)),SEARCH("/",RIGHT(C34,LEN(C34)-SEARCH("@",C34)-1))),"") | B34: =LEFT(RIGHT(RIGHT(Tableau4[[#This Row],[file name]],LEN(Tableau4[[#This Row],[file name]])-SEARCH("@",Tableau4[[#This Row],[file name]])),LEN(RIGHT(Tableau4[[#This Row],[file name]],LEN(Tableau4[[#This Row],[file name]])-SEARCH("@",Tableau4[[#This Row],[file name]])))-SEARCH("/",RIGHT(Tableau4[[#This Row],[file name]],LEN(Tableau4[[#This Row],[file name]])-SEARCH("@",Tableau4[[#This Row],[file name]])))),1) -> #VALUE! | C34: file name | D34: total area | E34: mean intensity | G34: total fluorescence
A35: =IFERROR(LEFT(RIGHT(C35,LEN(C35)-SEARCH("@",C35)),SEARCH("/",RIGHT(C35,LEN(C35)-SEARCH("@",C35)-1))),"") -> 02 EE2 34 | B35: =LEFT(RIGHT(RIGHT(Tableau4[[#This Row],[file name]],LEN(Tableau4[[#This Row],[file name]])-SEARCH("@",Tableau4[[#This Row],[file name]])),LEN(RIGHT(Tableau4[[#This Row],[file name]],LEN(Tableau4[[#This Row],[file name]])-SEARCH("@",Tableau4[[#This Row],[file name]])))-SEARCH("/",RIGHT(Tableau4[[#This Row],[file name]],LEN(Tableau4[[#This Row],[file name]])-SEARCH("@",Tableau4[[#This Row],[file name]])))),1) -> A | C35: \\192.168.24.208\images\R&D\Coralie\Triphenylphosphate\2021-CHG-CBA-TRIPHENYLP\plaque 1/@02 EE2 34/A2_01.tif | D35: 6186.1499 | E35: 68.9301 | G35: 426412
A36: =IFERROR(LEFT(RIGHT(C36,LEN(C36)-SEARCH("@",C36)),SEARCH("/",RIGHT(C36,LEN(C36)-SEARCH("@",C36)-1))),"") -> 02 EE2 34 | B36: =LEFT(RIGHT(RIGHT(Tableau4[[#This Row],[file name]],LEN(Tableau4[[#This Row],[file name]])-SEARCH("@",Tableau4[[#This Row],[file name]])),LEN(RIGHT(Tableau4[[#This Row],[file name]],LEN(Tableau4[[#This Row],[file name]])-SEARCH("@",Tableau4[[#This Row],[file name]])))-SEARCH("/",RIGHT(Tableau4[[#This Row],[file name]],LEN(Tableau4[[#This Row],[file name]])-SEARCH("@",Tableau4[[#This Row],[file name]])))),1) -> A | C36: \\192.168.24.208\images\R&D\Coralie\Triphenylphosphate\2021-CHG-CBA-TRIPHENYLP\plaque 1/@02 EE2 34/A2_02.tif | D36: 7267.6446 | E36: 71.8125 | G36: 521908
A37: =IFERROR(LEFT(RIGHT(C37,LEN(C37)-SEARCH("@",C37)),SEARCH("/",RIGHT(C37,LEN(C37)-SEARCH("@",C37)-1))),"") -> 02 EE2 34 | B37: =LEFT(RIGHT(RIGHT(Tableau4[[#This Row],[file name]],LEN(Tableau4[[#This Row],[file name]])-SEARCH("@",Tableau4[[#This Row],[file name]])),LEN(RIGHT(Tableau4[[#This Row],[file name]],LEN(Tableau4[[#This Row],[file name]])-SEARCH("@",Tableau4[[#This Row],[file name]])))-SEARCH("/",RIGHT(Tableau4[[#This Row],[file name]],LEN(Tableau4[[#This Row],[file name]])-SEARCH("@",Tableau4[[#This Row],[file name]])))),1) -> A | C37: \\192.168.24.208\images\R&D\Coralie\Triphenylphosphate\2021-CHG-CBA-TRIPHENYLP\plaque 1/@02 EE2 34/A2_03.tif | D37: 4390.8686 | E37: 66.2118 | G37: 290727
A38: =IFERROR(LEFT(RIGHT(C38,LEN(C38)-SEARCH("@",C38)),SEARCH("/",RIGHT(C38,LEN(C38)-SEARCH("@",C38)-1))),"") -> 02 EE2 34 | B38: =LEFT(RIGHT(RIGHT(Tableau4[[#This Row],[file name]],LEN(Tableau4[[#This Row],[file name]])-SEARCH("@",Tableau4[[#This Row],[file name]])),LEN(RIGHT(Tableau4[[#This Row],[file name]],LEN(Tableau4[[#This Row],[file name]])-SEARCH("@",Tableau4[[#This Row],[file name]])))-SEARCH("/",RIGHT(Tableau4[[#This Row],[file name]],LEN(Tableau4[[#This Row],[file name]])-SEARCH("@",Tableau4[[#This Row],[file name]])))),1) -> B | C38: \\192.168.24.208\images\R&D\Coralie\Triphenylphosphate\2021-CHG-CBA-TRIPHENYLP\plaque 1/@02 EE2 34/B2_01.tif | D38: 10490.4989 | E38: 72.6928 | G38: 762584
A39: =IFERROR(LEFT(RIGHT(C39,LEN(C39)-SEARCH("@",C39)),SEARCH("/",RIGHT(C39,LEN(C39)-SEARCH("@",C39)-1))),"") -> 02 EE2 34 | B39: =LEFT(RIGHT(RIGHT(Tableau4[[#This Row],[file name]],LEN(Tableau4[[#This Row],[file name]])-SEARCH("@",Tableau4[[#This Row],[file name]])),LEN(RIGHT(Tableau4[[#This Row],[file name]],LEN(Tableau4[[#This Row],[file name]])-SEARCH("@",Tableau4[[#This Row],[file name]])))-SEARCH("/",RIGHT(Tableau4[[#This Row],[file name]],LEN(Tableau4[[#This Row],[file name]])-SEARCH("@",Tableau4[[#This Row],[file name]])))),1) -> B | C39: \\192.168.24.208\images\R&D\Coralie\Triphenylphosphate\2021-CHG-CBA-TRIPHENYLP\plaque 1/@02 EE2 34/B2_02- exclu.tif
A40: =IFERROR(LEFT(RIGHT(C40,LEN(C40)-SEARCH("@",C40)),SEARCH("/",RIGHT(C40,LEN(C40)-SEARCH("@",C40)-1))),"") -> 02 EE2 34 | B40: =LEFT(RIGHT(RIGHT(Tableau4[[#This Row],[file name]],LEN(Tableau4[[#This Row],[file name]])-SEARCH("@",Tableau4[[#This Row],[file name]])),LEN(RIGHT(Tableau4[[#This Row],[file name]],LEN(Tableau4[[#This Row],[file name]])-SEARCH("@",Tableau4[[#This Row],[file name]])))-SEARCH("/",RIGHT(Tableau4[[#This Row],[file name]],LEN(Tableau4[[#This Row],[file name]])-SEARCH("@",Tableau4[[#This Row],[file name]])))),1) -> B | C40: \\192.168.24.208\images\R&D\Coralie\Triphenylphosphate\2021-CHG-CBA-TRIPHENYLP\plaque 1/@02 EE2 34/B2_03.tif | D40: 8067.9507 | E40: 69.1609 | G40: 557986
A41: =IFERROR(LEFT(RIGHT(C41,LEN(C41)-SEARCH("@",C41)),SEARCH("/",RIGHT(C41,LEN(C41)-SEARCH("@",C41)-1))),"") -> 02 EE2 34 | B41: =LEFT(RIGHT(RIGHT(Tableau4[[#This Row],[file name]],LEN(Tableau4[[#This Row],[file name]])-SEARCH("@",Tableau4[[#This Row],[file name]])),LEN(RIGHT(Tableau4[[#This Row],[file name]],LEN(Tableau4[[#This Row],[file name]])-SEARCH("@",Tableau4[[#This Row],[file name]])))-SEARCH("/",RIGHT(Tableau4[[#This Row],[file name]],LEN(Tableau4[[#This Row],[file name]])-SEARCH("@",Tableau4[[#This Row],[file name]])))),1) -> C | C41: \\192.168.24.208\images\R&D\Coralie\Triphenylphosphate\2021-CHG-CBA-TRIPHENYLP\plaque 1/@02 EE2 34/C2_01.tif | D41: 5493.9932 | E41: 71.9331 | G41: 395200
A42: =IFERROR(LEFT(RIGHT(C42,LEN(C42)-SEARCH("@",C42)),SEARCH("/",RIGHT(C42,LEN(C42)-SEARCH("@",C42)-1))),"") -> 02 EE2 34 | B42: =LEFT(RIGHT(RIGHT(Tableau4[[#This Row],[file name]],LEN(Tableau4[[#This Row],[file name]])-SEARCH("@",Tableau4[[#This Row],[file name]])),LEN(RIGHT(Tableau4[[#This Row],[file name]],LEN(Tableau4[[#This Row],[file name]])-SEARCH("@",Tableau4[[#This Row],[file name]])))-SEARCH("/",RIGHT(Tableau4[[#This Row],[file name]],LEN(Tableau4[[#This Row],[file name]])-SEARCH("@",Tableau4[[#This Row],[file name]])))),1) -> C | C42: \\192.168.24.208\images\R&D\Coralie\Triphenylphosphate\2021-CHG-CBA-TRIPHENYLP\plaque 1/@02 EE2 34/C2_02.tif | D42: 1773.6514 | E42: 67.4634 | G42: 119657
A43: =IFERROR(LEFT(RIGHT(C43,LEN(C43)-SEARCH("@",C43)),SEARCH("/",RIGHT(C43,LEN(C43)-SEARCH("@",C43)-1))),"") -> 02 EE2 34 | B43: =LEFT(RIGHT(RIGHT(Tableau4[[#This Row],[file name]],LEN(Tableau4[[#This Row],[file name]])-SEARCH("@",Tableau4[[#This Row],[file name]])),LEN(RIGHT(Tableau4[[#This Row],[file name]],LEN(Tableau4[[#This Row],[file name]])-SEARCH("@",Tableau4[[#This Row],[file name]])))-SEARCH("/",RIGHT(Tableau4[[#This Row],[file name]],LEN(Tableau4[[#This Row],[file name]])-SEARCH("@",Tableau4[[#This Row],[file name]])))),1) -> C | C43: \\192.168.24.208\images\R&D\Coralie\Triphenylphosphate\2021-CHG-CBA-TRIPHENYLP\plaque 1/@02 EE2 34/C2_03.tif | D43: 2898.4059 | E43: 65.4851 | G43: 189802
A44: =IFERROR(LEFT(RIGHT(C44,LEN(C44)-SEARCH("@",C44)),SEARCH("/",RIGHT(C44,LEN(C44)-SEARCH("@",C44)-1))),"") -> 02 EE2 34 | B44: =LEFT(RIGHT(RIGHT(Tableau4[[#This Row],[file name]],LEN(Tableau4[[#This Row],[file name]])-SEARCH("@",Tableau4[[#This Row],[file name]])),LEN(RIGHT(Tableau4[[#This Row],[file name]],LEN(Tableau4[[#This Row],[file name]])-SEARCH("@",Tableau4[[#This Row],[file name]])))-SEARCH("/",RIGHT(Tableau4[[#This Row],[file name]],LEN(Tableau4[[#This Row],[file name]])-SEARCH("@",Tableau4[[#This Row],[file name]])))),1) -> D | C44: \\192.168.24.208\images\R&D\Coralie\Triphenylphosphate\2021-CHG-CBA-TRIPHENYLP\plaque 1/@02 EE2 34/D2_01.tif | D44: 3244.4842 | E44: 63.8 | G44: 206998
A45: =IFERROR(LEFT(RIGHT(C45,LEN(C45)-SEARCH("@",C45)),SEARCH("/",RIGHT(C45,LEN(C45)-SEARCH("@",C45)-1))),"") -> 02 EE2 34 | B45: =LEFT(RIGHT(RIGHT(Tableau4[[#This Row],[file name]],LEN(Tableau4[[#This Row],[file name]])-SEARCH("@",Tableau4[[#This Row],[file name]])),LEN(RIGHT(Tableau4[[#This Row],[file name]],LEN(Tableau4[[#This Row],[file name]])-SEARCH("@",Tableau4[[#This Row],[file name]])))-SEARCH("/",RIGHT(Tableau4[[#This Row],[file name]],LEN(Tableau4[[#This Row],[file name]])-SEARCH("@",Tableau4[[#This Row],[file name]])))),1) -> D | C45: \\192.168.24.208\images\R&D\Coralie\Triphenylphosphate\2021-CHG-CBA-TRIPHENYLP\plaque 1/@02 EE2 34/D2_02.tif | D45: 10122.7907 | E45: 70.0833 | G45: 709439
A46: =IFERROR(LEFT(RIGHT(C46,LEN(C46)-SEARCH("@",C46)),SEARCH("/",RIGHT(C46,LEN(C46)-SEARCH("@",C46)-1))),"") -> 02 EE2 34 | B46: =LEFT(RIGHT(RIGHT(Tableau4[[#This Row],[file name]],LEN(Tableau4[[#This Row],[file name]])-SEARCH("@",Tableau4[[#This Row],[file name]])),LEN(RIGHT(Tableau4[[#This Row],[file name]],LEN(Tableau4[[#This Row],[file name]])-SEARCH("@",Tableau4[[#This Row],[file name]])))-SEARCH("/",RIGHT(Tableau4[[#This Row],[file name]],LEN(Tableau4[[#This Row],[file name]])-SEARCH("@",Tableau4[[#This Row],[file name]])))),1) -> D | C46: \\192.168.24.208\images\R&D\Coralie\Triphenylphosphate\2021-CHG-CBA-TRIPHENYLP\plaque 1/@02 EE2 34/D2_03.tif | D46: 3439.1532 | E46: 63.8365 | G46: 219543
A47: =IFERROR(LEFT(RIGHT(C47,LEN(C47)-SEARCH("@",C47)),SEARCH("/",RIGHT(C47,LEN(C47)-SEARCH("@",C47)-1))),"") -> 02 EE2 34 | B47: =LEFT(RIGHT(RIGHT(Tableau4[[#This Row],[file name]],LEN(Tableau4[[#This Row],[file name]])-SEARCH("@",Tableau4[[#This Row],[file name]])),LEN(RIGHT(Tableau4[[#This Row],[file name]],LEN(Tableau4[[#This Row],[file name]])-SEARCH("@",Tableau4[[#This Row],[file name]])))-SEARCH("/",RIGHT(Tableau4[[#This Row],[file name]],LEN(Tableau4[[#This Row],[file name]])-SEARCH("@",Tableau4[[#This Row],[file name]])))),1) -> E | C47: \\192.168.24.208\images\R&D\Coralie\Triphenylphosphate\2021-CHG-CBA-TRIPHENYLP\plaque 1/@02 EE2 34/E2_01.tif | D47: 1427.573 | E47: 66.1364 | G47: 94414
A48: =IFERROR(LEFT(RIGHT(C48,LEN(C48)-SEARCH("@",C48)),SEARCH("/",RIGHT(C48,LEN(C48)-SEARCH("@",C48)-1))),"") -> 02 EE2 34 | B48: =LEFT(RIGHT(RIGHT(Tableau4[[#This Row],[file name]],LEN(Tableau4[[#This Row],[file name]])-SEARCH("@",Tableau4[[#This Row],[file name]])),LEN(RIGHT(Tableau4[[#This Row],[file name]],LEN(Tableau4[[#This Row],[file name]])-SEARCH("@",Tableau4[[#This Row],[file name]])))-SEARCH("/",RIGHT(Tableau4[[#This Row],[file name]],LEN(Tableau4[[#This Row],[file name]])-SEARCH("@",Tableau4[[#This Row],[file name]])))),1) -> E | C48: \\192.168.24.208\images\R&D\Coralie\Triphenylphosphate\2021-CHG-CBA-TRIPHENYLP\plaque 1/@02 EE2 34/E2_02.tif | D48: 1168.0143 | E48: 64.537 | G48: 75380
A49: =IFERROR(LEFT(RIGHT(C49,LEN(C49)-SEARCH("@",C49)),SEARCH("/",RIGHT(C49,LEN(C49)-SEARCH("@",C49)-1))),"") -> 02 EE2 34 | B49: =LEFT(RIGHT(RIGHT(Tableau4[[#This Row],[file name]],LEN(Tableau4[[#This Row],[file name]])-SEARCH("@",Tableau4[[#This Row],[file name]])),LEN(RIGHT(Tableau4[[#This Row],[file name]],LEN(Tableau4[[#This Row],[file name]])-SEARCH("@",Tableau4[[#This Row],[file name]])))-SEARCH("/",RIGHT(Tableau4[[#This Row],[file name]],LEN(Tableau4[[#This Row],[file name]])-SEARCH("@",Tableau4[[#This Row],[file name]])))),1) -> E | C49: \\192.168.24.208\images\R&D\Coralie\Triphenylphosphate\2021-CHG-CBA-TRIPHENYLP\plaque 1/@02 EE2 34/E2_03.tif | D49: 2098.0998 | E49: 67.5361 | G49: 141697
A50: =IFERROR(LEFT(RIGHT(C50,LEN(C50)-SEARCH("@",C50)),SEARCH("/",RIGHT(C50,LEN(C50)-SEARCH("@",C50)-1))),"") -> 02 EE2 34 | B50: =LEFT(RIGHT(RIGHT(Tableau4[[#This Row],[file name]],LEN(Tableau4[[#This Row],[file name]])-SEARCH("@",Tableau4[[#This Row],[file name]])),LEN(RIGHT(Tableau4[[#This Row],[file name]],LEN(Tableau4[[#This Row],[file name]])-SEARCH("@",Tableau4[[#This Row],[file name]])))-SEARCH("/",RIGHT(Tableau4[[#This Row],[file name]],LEN(Tableau4[[#This Row],[file name]])-SEARCH("@",Tableau4[[#This Row],[file name]])))),1) -> F | C50: \\192.168.24.208\images\R&D\Coralie\Triphenylphosphate\2021-CHG-CBA-TRIPHENYLP\plaque 1/@02 EE2 34/F2_01- exclu.tif
A51: =IFERROR(LEFT(RIGHT(C51,LEN(C51)-SEARCH("@",C51)),SEARCH("/",RIGHT(C51,LEN(C51)-SEARCH("@",C51)-1))),"") -> 02 EE2 34 | B51: =LEFT(RIGHT(RIGHT(Tableau4[[#This Row],[file name]],LEN(Tableau4[[#This Row],[file name]])-SEARCH("@",Tableau4[[#This Row],[file name]])),LEN(RIGHT(Tableau4[[#This Row],[file name]],LEN(Tableau4[[#This Row],[file name]])-SEARCH("@",Tableau4[[#This Row],[file name]])))-SEARCH("/",RIGHT(Tableau4[[#This Row],[file name]],LEN(Tableau4[[#This Row],[file name]])-SEARCH("@",Tableau4[[#This Row],[file name]])))),1) -> F | C51: \\192.168.24.208\images\R&D\Coralie\Triphenylphosphate\2021-CHG-CBA-TRIPHENYLP\plaque 1/@02 EE2 34/F2_02- exclu.tif
A52: =IFERROR(LEFT(RIGHT(C52,LEN(C52)-SEARCH("@",C52)),SEARCH("/",RIGHT(C52,LEN(C52)-SEARCH("@",C52)-1))),"") -> 02 EE2 34 | B52: =LEFT(RIGHT(RIGHT(Tableau4[[#This Row],[file name]],LEN(Tableau4[[#This Row],[file name]])-SEARCH("@",Tableau4[[#This Row],[file name]])),LEN(RIGHT(Tableau4[[#This Row],[file name]],LEN(Tableau4[[#This Row],[file name]])-SEARCH("@",Tableau4[[#This Row],[file name]])))-SEARCH("/",RIGHT(Tableau4[[#This Row],[file name]],LEN(Tableau4[[#This Row],[file name]])-SEARCH("@",Tableau4[[#This Row],[file name]])))),1) -> F | C52: \\192.168.24.208\images\R&D\Coralie\Triphenylphosphate\2021-CHG-CBA-TRIPHENYLP\plaque 1/@02 EE2 34/F2_03- exclu.tif
A53: =IFERROR(LEFT(RIGHT(C53,LEN(C53)-SEARCH("@",C53)),SEARCH("/",RIGHT(C53,LEN(C53)-SEARCH("@",C53)-1))),"") -> 02 EE2 34 | B53: =LEFT(RIGHT(RIGHT(Tableau4[[#This Row],[file name]],LEN(Tableau4[[#This Row],[file name]])-SEARCH("@",Tableau4[[#This Row],[file name]])),LEN(RIGHT(Tableau4[[#This Row],[file name]],LEN(Tableau4[[#This Row],[file name]])-SEARCH("@",Tableau4[[#This Row],[file name]])))-SEARCH("/",RIGHT(Tableau4[[#This Row],[file name]],LEN(Tableau4[[#This Row],[file name]])-SEARCH("@",Tableau4[[#This Row],[file name]])))),1) -> G | C53: \\192.168.24.208\images\R&D\Coralie\Triphenylphosphate\2021-CHG-CBA-TRIPHENYLP\plaque 1/@02 EE2 34/G2_01.tif | D53: 886.8257 | E53: 63.9756 | G53: 56735
A54: =IFERROR(LEFT(RIGHT(C54,LEN(C54)-SEARCH("@",C54)),SEARCH("/",RIGHT(C54,LEN(C54)-SEARCH("@",C54)-1))),"") -> 02 EE2 34 | B54: =LEFT(RIGHT(RIGHT(Tableau4[[#This Row],[file name]],LEN(Tableau4[[#This Row],[file name]])-SEARCH("@",Tableau4[[#This Row],[file name]])),LEN(RIGHT(Tableau4[[#This Row],[file name]],LEN(Tableau4[[#This Row],[file name]])-SEARCH("@",Tableau4[[#This Row],[file name]])))-SEARCH("/",RIGHT(Tableau4[[#This Row],[file name]],LEN(Tableau4[[#This Row],[file name]])-SEARCH("@",Tableau4[[#This Row],[file name]])))),1) -> G | C54: \\192.168.24.208\images\R&D\Coralie\Triphenylphosphate\2021-CHG-CBA-TRIPHENYLP\plaque 1/@02 EE2 34/G2_02.tif | D54: 7808.392 | E54: 89.0914 | G54: 695661
A55: =IFERROR(LEFT(RIGHT(C55,LEN(C55)-SEARCH("@",C55)),SEARCH("/",RIGHT(C55,LEN(C55)-SEARCH("@",C55)-1))),"") -> 02 EE2 34 | B55: =LEFT(RIGHT(RIGHT(Tableau4[[#This Row],[file name]],LEN(Tableau4[[#This Row],[file name]])-SEARCH("@",Tableau4[[#This Row],[file name]])),LEN(RIGHT(Tableau4[[#This Row],[file name]],LEN(Tableau4[[#This Row],[file name]])-SEARCH("@",Tableau4[[#This Row],[file name]])))-SEARCH("/",RIGHT(Tableau4[[#This Row],[file name]],LEN(Tableau4[[#This Row],[file name]])-SEARCH("@",Tableau4[[#This Row],[file name]])))),1) -> G | C55: \\192.168.24.208\images\R&D\Coralie\Triphenylphosphate\2021-CHG-CBA-TRIPHENYLP\plaque 1/@02 EE2 34/G2_03.tif | D55: 6748.5271 | E55: 72.0449 | G55: 486197
A56: =IFERROR(LEFT(RIGHT(C56,LEN(C56)-SEARCH("@",C56)),SEARCH("/",RIGHT(C56,LEN(C56)-SEARCH("@",C56)-1))),"") -> 02 EE2 34 | B56: =LEFT(RIGHT(RIGHT(Tableau4[[#This Row],[file name]],LEN(Tableau4[[#This Row],[file name]])-SEARCH("@",Tableau4[[#This Row],[file name]])),LEN(RIGHT(Tableau4[[#This Row],[file name]],LEN(Tableau4[[#This Row],[file name]])-SEARCH("@",Tableau4[[#This Row],[file name]])))-SEARCH("/",RIGHT(Tableau4[[#This Row],[file name]],LEN(Tableau4[[#This Row],[file name]])-SEARCH("@",Tableau4[[#This Row],[file name]])))),1) -> H | C56: \\192.168.24.208\images\R&D\Coralie\Triphenylphosphate\2021-CHG-CBA-TRIPHENYLP\plaque 1/@02 EE2 34/H2_01.tif | D56: 9473.8938 | E56: 87.0594 | G56: 824791
A57: =IFERROR(LEFT(RIGHT(C57,LEN(C57)-SEARCH("@",C57)),SEARCH("/",RIGHT(C57,LEN(C57)-SEARCH("@",C57)-1))),"") -> 02 EE2 34 | B57: =LEFT(RIGHT(RIGHT(Tableau4[[#This Row],[file name]],LEN(Tableau4[[#This Row],[file name]])-SEARCH("@",Tableau4[[#This Row],[file name]])),LEN(RIGHT(Tableau4[[#This Row],[file name]],LEN(Tableau4[[#This Row],[file name]])-SEARCH("@",Tableau4[[#This Row],[file name]])))-SEARCH("/",RIGHT(Tableau4[[#This Row],[file name]],LEN(Tableau4[[#This Row],[file name]])-SEARCH("@",Tableau4[[#This Row],[file name]])))),1) -> H | C57: \\192.168.24.208\images\R&D\Coralie\Triphenylphosphate\2021-CHG-CBA-TRIPHENYLP\plaque 1/@02 EE2 34/H2_02.tif | D57: 10901.4669 | E57: 83.9821 | G57: 915529
A58: =IFERROR(LEFT(RIGHT(C58,LEN(C58)-SEARCH("@",C58)),SEARCH("/",RIGHT(C58,LEN(C58)-SEARCH("@",C58)-1))),"") -> 02 EE2 34 | B58: =LEFT(RIGHT(RIGHT(Tableau4[[#This Row],[file name]],LEN(Tableau4[[#This Row],[file name]])-SEARCH("@",Tableau4[[#This Row],[file name]])),LEN(RIGHT(Tableau4[[#This Row],[file name]],LEN(Tableau4[[#This Row],[file name]])-SEARCH("@",Tableau4[[#This Row],[file name]])))-SEARCH("/",RIGHT(Tableau4[[#This Row],[file name]],LEN(Tableau4[[#This Row],[file name]])-SEARCH("@",Tableau4[[#This Row],[file name]])))),1) -> H | C58: \\192.168.24.208\images\R&D\Coralie\Triphenylphosphate\2021-CHG-CBA-TRIPHENYLP\plaque 1/@02 EE2 34/H2_03.tif | D58: 10425.6092 | E58: 81.7656 | G58: 852456
A59: =IFERROR(LEFT(RIGHT(C59,LEN(C59)-SEARCH("@",C59)),SEARCH("/",RIGHT(C59,LEN(C59)-SEARCH("@",C59)-1))),"") | B59: =LEFT(RIGHT(RIGHT(Tableau4[[#This Row],[file name]],LEN(Tableau4[[#This Row],[file name]])-SEARCH("@",Tableau4[[#This Row],[file name]])),LEN(RIGHT(Tableau4[[#This Row],[file name]],LEN(Tableau4[[#This Row],[file name]])-SEARCH("@",Tableau4[[#This Row],[file name]])))-SEARCH("/",RIGHT(Tableau4[[#This Row],[file name]],LEN(Tableau4[[#This Row],[file name]])-SEARCH("@",Tableau4[[#This Row],[file name]])))),1) -> #VALUE!
A60: =IFERROR(LEFT(RIGHT(C60,LEN(C60)-SEARCH("@",C60)),SEARCH("/",RIGHT(C60,LEN(C60)-SEARCH("@",C60)-1))),"") | B60: =LEFT(RIGHT(RIGHT(Tableau4[[#This Row],[file name]],LEN(Tableau4[[#This Row],[file name]])-SEARCH("@",Tableau4[[#This Row],[file name]])),LEN(RIGHT(Tableau4[[#This Row],[file name]],LEN(Tableau4[[#This Row],[file name]])-SEARCH("@",Tableau4[[#This Row],[file name]])))-SEARCH("/",RIGHT(Tableau4[[#This Row],[file name]],LEN(Tableau4[[#This Row],[file name]])-SEARCH("@",Tableau4[[#This Row],[file name]])))),1) -> #VALUE! | C60: group | E60: mean of mean fluo | F60: SD mean fluo | G60: mean of total fluo | H60: SD total fluo | I60: n fluorescent | J60: n total
A61: =IFERROR(LEFT(RIGHT(C61,LEN(C61)-SEARCH("@",C61)),SEARCH("/",RIGHT(C61,LEN(C61)-SEARCH("@",C61)-1))),"") -> 02 EE2 34 | B61: =LEFT(RIGHT(RIGHT(Tableau4[[#This Row],[file name]],LEN(Tableau4[[#This Row],[file name]])-SEARCH("@",Tableau4[[#This Row],[file name]])),LEN(RIGHT(Tableau4[[#This Row],[file name]],LEN(Tableau4[[#This Row],[file name]])-SEARCH("@",Tableau4[[#This Row],[file name]])))-SEARCH("/",RIGHT(Tableau4[[#This Row],[file name]],LEN(Tableau4[[#This Row],[file name]])-SEARCH("@",Tableau4[[#This Row],[file name]])))),1) | C61: \\192.168.24.208\images\R&D\Coralie\Triphenylphosphate\2021-CHG-CBA-TRIPHENYLP\plaque 1/@02 EE2 34/ | E61: 70.0797 | F61: 7.747 | G61: 364642.208 | H61: 299980.713 | I61: 24 | J61: 24
A62: =IFERROR(LEFT(RIGHT(C62,LEN(C62)-SEARCH("@",C62)),SEARCH("/",RIGHT(C62,LEN(C62)-SEARCH("@",C62)-1))),"") | B62: =LEFT(RIGHT(RIGHT(Tableau4[[#This Row],[file name]],LEN(Tableau4[[#This Row],[file name]])-SEARCH("@",Tableau4[[#This Row],[file name]])),LEN(RIGHT(Tableau4[[#This Row],[file name]],LEN(Tableau4[[#This Row],[file name]])-SEARCH("@",Tableau4[[#This Row],[file name]])))-SEARCH("/",RIGHT(Tableau4[[#This Row],[file name]],LEN(Tableau4[[#This Row],[file name]])-SEARCH("@",Tableau4[[#This Row],[file name]])))),1) -> #VALUE!
A63: =IFERROR(LEFT(RIGHT(C63,LEN(C63)-SEARCH("@",C63)),SEARCH("/",RIGHT(C63,LEN(C63)-SEARCH("@",C63)-1))),"") | B63: =LEFT(RIGHT(RIGHT(Tableau4[[#This Row],[file name]],LEN(Tableau4[[#This Row],[file name]])-SEARCH("@",Tableau4[[#This Row],[file name]])),LEN(RIGHT(Tableau4[[#This Row],[file name]],LEN(Tableau4[[#This Row],[file name]])-SEARCH("@",Tableau4[[#This Row],[file name]])))-SEARCH("/",RIGHT(Tableau4[[#This Row],[file name]],LEN(Tableau4[[#This Row],[file name]])-SEARCH("@",Tableau4[[#This Row],[file name]])))),1) -> #VALUE!
A64: =IFERROR(LEFT(RIGHT(C64,LEN(C64)-SEARCH("@",C64)),SEARCH("/",RIGHT(C64,LEN(C64)-SEARCH("@",C64)-1))),"") | B64: =LEFT(RIGHT(RIGHT(Tableau4[[#This Row],[file name]],LEN(Tableau4[[#This Row],[file name]])-SEARCH("@",Tableau4[[#This Row],[file name]])),LEN(RIGHT(Tableau4[[#This Row],[file name]],LEN(Tableau4[[#This Row],[file name]])-SEARCH("@",Tableau4[[#This Row],[file name]])))-SEARCH("/",RIGHT(Tableau4[[#This Row],[file name]],LEN(Tableau4[[#This Row],[file name]])-SEARCH("@",Tableau4[[#This Row],[file name]])))),1) -> #VALUE!
A65: =IFERROR(LEFT(RIGHT(C65,LEN(C65)-SEARCH("@",C65)),SEARCH("/",RIGHT(C65,LEN(C65)-SEARCH("@",C65)-1))),"") | B65: =LEFT(RIGHT(RIGHT(Tableau4[[#This Row],[file name]],LEN(Tableau4[[#This Row],[file name]])-SEARCH("@",Tableau4[[#This Row],[file name]])),LEN(RIGHT(Tableau4[[#This Row],[file name]],LEN(Tableau4[[#This Row],[file name]])-SEARCH("@",Tableau4[[#This Row],[file name]])))-SEARCH("/",RIGHT(Tableau4[[#This Row],[file name]],LEN(Tableau4[[#This Row],[file name]])-SEARCH("@",Tableau4[[#This Row],[file name]])))),1) -> #VALUE!
A66: =IFERROR(LEFT(RIGHT(C66,LEN(C66)-SEARCH("@",C66)),SEARCH("/",RIGHT(C66,LEN(C66)-SEARCH("@",C66)-1))),"") | B66: =LEFT(RIGHT(RIGHT(Tableau4[[#This Row],[file name]],LEN(Tableau4[[#This Row],[file name]])-SEARCH("@",Tableau4[[#This Row],[file name]])),LEN(RIGHT(Tableau4[[#This Row],[file name]],LEN(Tableau4[[#This Row],[file name]])-SEARCH("@",Tableau4[[#This Row],[file name]])))-SEARCH("/",RIGHT(Tableau4[[#This Row],[file name]],LEN(Tableau4[[#This Row],[file name]])-SEARCH("@",Tableau4[[#This Row],[file name]])))),1) -> #VALUE!
A67: =IFERROR(LEFT(RIGHT(C67,LEN(C67)-SEARCH("@",C67)),SEARCH("/",RIGHT(C67,LEN(C67)-SEARCH("@",C67)-1))),"") | B67: =LEFT(RIGHT(RIGHT(Tableau4[[#This Row],[file name]],LEN(Tableau4[[#This Row],[file name]])-SEARCH("@",Tableau4[[#This Row],[file name]])),LEN(RIGHT(Tableau4[[#This Row],[file name]],LEN(Tableau4[[#This Row],[file name]])-SEARCH("@",Tableau4[[#This Row],[file name]])))-SEARCH("/",RIGHT(Tableau4[[#This Row],[file name]],LEN(Tableau4[[#This Row],[file name]])-SEARCH("@",Tableau4[[#This Row],[file name]])))),1) -> #VALUE! | C67: file name | D67: total area | E67: mean intensity | G67: total fluorescence
A68: =IFERROR(LEFT(RIGHT(C68,LEN(C68)-SEARCH("@",C68)),SEARCH("/",RIGHT(C68,LEN(C68)-SEARCH("@",C68)-1))),"") -> 03 EE2 51 | B68: =LEFT(RIGHT(RIGHT(Tableau4[[#This Row],[file name]],LEN(Tableau4[[#This Row],[file name]])-SEARCH("@",Tableau4[[#This Row],[file name]])),LEN(RIGHT(Tableau4[[#This Row],[file name]],LEN(Tableau4[[#This Row],[file name]])-SEARCH("@",Tableau4[[#This Row],[file name]])))-SEARCH("/",RIGHT(Tableau4[[#This Row],[file name]],LEN(Tableau4[[#This Row],[file name]])-SEARCH("@",Tableau4[[#This Row],[file name]])))),1) -> A | C68: \\192.168.24.208\images\R&D\Coralie\Triphenylphosphate\2021-CHG-CBA-TRIPHENYLP\plaque 1/@03 EE2 51/A3_01.tif | D68: 13021.1966 | E68: 71.8472 | G68: 935536
A69: =IFERROR(LEFT(RIGHT(C69,LEN(C69)-SEARCH("@",C69)),SEARCH("/",RIGHT(C69,LEN(C69)-SEARCH("@",C69)-1))),"") -> 03 EE2 51 | B69: =LEFT(RIGHT(RIGHT(Tableau4[[#This Row],[file name]],LEN(Tableau4[[#This Row],[file name]])-SEARCH("@",Tableau4[[#This Row],[file name]])),LEN(RIGHT(Tableau4[[#This Row],[file name]],LEN(Tableau4[[#This Row],[file name]])-SEARCH("@",Tableau4[[#This Row],[file name]])))-SEARCH("/",RIGHT(Tableau4[[#This Row],[file name]],LEN(Tableau4[[#This Row],[file name]])-SEARCH("@",Tableau4[[#This Row],[file name]])))),1) -> A | C69: \\192.168.24.208\images\R&D\Coralie\Triphenylphosphate\2021-CHG-CBA-TRIPHENYLP\plaque 1/@03 EE2 51/A3_02.tif | D69: 15205.8159 | E69: 70.3528 | G69: 1069771
A70: =IFERROR(LEFT(RIGHT(C70,LEN(C70)-SEARCH("@",C70)),SEARCH("/",RIGHT(C70,LEN(C70)-SEARCH("@",C70)-1))),"") -> 03 EE2 51 | B70: =LEFT(RIGHT(RIGHT(Tableau4[[#This Row],[file name]],LEN(Tableau4[[#This Row],[file name]])-SEARCH("@",Tableau4[[#This Row],[file name]])),LEN(RIGHT(Tableau4[[#This Row],[file name]],LEN(Tableau4[[#This Row],[file name]])-SEARCH("@",Tableau4[[#This Row],[file name]])))-SEARCH("/",RIGHT(Tableau4[[#This Row],[file name]],LEN(Tableau4[[#This Row],[file name]])-SEARCH("@",Tableau4[[#This Row],[file name]])))),1) -> A | C70: \\192.168.24.208\images\R&D\Coralie\Triphenylphosphate\2021-CHG-CBA-TRIPHENYLP\plaque 1/@03 EE2 51/A3_03.tif | D70: 10771.6875 | E70: 66.8976 | G70: 720600
A71: =IFERROR(LEFT(RIGHT(C71,LEN(C71)-SEARCH("@",C71)),SEARCH("/",RIGHT(C71,LEN(C71)-SEARCH("@",C71)-1))),"") -> 03 EE2 51 | B71: =LEFT(RIGHT(RIGHT(Tableau4[[#This Row],[file name]],LEN(Tableau4[[#This Row],[file name]])-SEARCH("@",Tableau4[[#This Row],[file name]])),LEN(RIGHT(Tableau4[[#This Row],[file name]],LEN(Tableau4[[#This Row],[file name]])-SEARCH("@",Tableau4[[#This Row],[file name]])))-SEARCH("/",RIGHT(Tableau4[[#This Row],[file name]],LEN(Tableau4[[#This Row],[file name]])-SEARCH("@",Tableau4[[#This Row],[file name]])))),1) -> B | C71: \\192.168.24.208\images\R&D\Coralie\Triphenylphosphate\2021-CHG-CBA-TRIPHENYLP\plaque 1/@03 EE2 51/B3_01.tif | D71: 9452.264 | E71: 75.6247 | G71: 714825
A72: =IFERROR(LEFT(RIGHT(C72,LEN(C72)-SEARCH("@",C72)),SEARCH("/",RIGHT(C72,LEN(C72)-SEARCH("@",C72)-1))),"") -> 03 EE2 51 | B72: =LEFT(RIGHT(RIGHT(Tableau4[[#This Row],[file name]],LEN(Tableau4[[#This Row],[file name]])-SEARCH("@",Tableau4[[#This Row],[file name]])),LEN(RIGHT(Tableau4[[#This Row],[file name]],LEN(Tableau4[[#This Row],[file name]])-SEARCH("@",Tableau4[[#This Row],[file name]])))-SEARCH("/",RIGHT(Tableau4[[#This Row],[file name]],LEN(Tableau4[[#This Row],[file name]])-SEARCH("@",Tableau4[[#This Row],[file name]])))),1) -> B | C72: \\192.168.24.208\images\R&D\Coralie\Triphenylphosphate\2021-CHG-CBA-TRIPHENYLP\plaque 1/@03 EE2 51/B3_02.tif | D72: 5320.9541 | E72: 68.4309 | G72: 364118
A73: =IFERROR(LEFT(RIGHT(C73,LEN(C73)-SEARCH("@",C73)),SEARCH("/",RIGHT(C73,LEN(C73)-SEARCH("@",C73)-1))),"") -> 03 EE2 51 | B73: =LEFT(RIGHT(RIGHT(Tableau4[[#This Row],[file name]],LEN(Tableau4[[#This Row],[file name]])-SEARCH("@",Tableau4[[#This Row],[file name]])),LEN(RIGHT(Tableau4[[#This Row],[file name]],LEN(Tableau4[[#This Row],[file name]])-SEARCH("@",Tableau4[[#This Row],[file name]])))-SEARCH("/",RIGHT(Tableau4[[#This Row],[file name]],LEN(Tableau4[[#This Row],[file name]])-SEARCH("@",Tableau4[[#This Row],[file name]])))),1) -> B | C73: \\192.168.24.208\images\R&D\Coralie\Triphenylphosphate\2021-CHG-CBA-TRIPHENYLP\plaque 1/@03 EE2 51/B3_03.tif | D73: 8435.6589 | E73: 73.8282 | G73: 622790
A74: =IFERROR(LEFT(RIGHT(C74,LEN(C74)-SEARCH("@",C74)),SEARCH("/",RIGHT(C74,LEN(C74)-SEARCH("@",C74)-1))),"") -> 03 EE2 51 | B74: =LEFT(RIGHT(RIGHT(Tableau4[[#This Row],[file name]],LEN(Tableau4[[#This Row],[file name]])-SEARCH("@",Tableau4[[#This Row],[file name]])),LEN(RIGHT(Tableau4[[#This Row],[file name]],LEN(Tableau4[[#This Row],[file name]])-SEARCH("@",Tableau4[[#This Row],[file name]])))-SEARCH("/",RIGHT(Tableau4[[#This Row],[file name]],LEN(Tableau4[[#This Row],[file name]])-SEARCH("@",Tableau4[[#This Row],[file name]])))),1) -> C | C74: \\192.168.24.208\images\R&D\Coralie\Triphenylphosphate\2021-CHG-CBA-TRIPHENYLP\plaque 1/@03 EE2 51/C3_01- exclu.tif
A75: =IFERROR(LEFT(RIGHT(C75,LEN(C75)-SEARCH("@",C75)),SEARCH("/",RIGHT(C75,LEN(C75)-SEARCH("@",C75)-1))),"") -> 03 EE2 51 | B75: =LEFT(RIGHT(RIGHT(Tableau4[[#This Row],[file name]],LEN(Tableau4[[#This Row],[file name]])-SEARCH("@",Tableau4[[#This Row],[file name]])),LEN(RIGHT(Tableau4[[#This Row],[file name]],LEN(Tableau4[[#This Row],[file name]])-SEARCH("@",Tableau4[[#This Row],[file name]])))-SEARCH("/",RIGHT(Tableau4[[#This Row],[file name]],LEN(Tableau4[[#This Row],[file name]])-SEARCH("@",Tableau4[[#This Row],[file name]])))),1) -> C | C75: \\192.168.24.208\images\R&D\Coralie\Triphenylphosphate\2021-CHG-CBA-TRIPHENYLP\plaque 1/@03 EE2 51/C3_02.tif | D75: 2249.509 | E75: 64.5096 | G75: 145115
A76: =IFERROR(LEFT(RIGHT(C76,LEN(C76)-SEARCH("@",C76)),SEARCH("/",RIGHT(C76,LEN(C76)-SEARCH("@",C76)-1))),"") -> 03 EE2 51 | B76: =LEFT(RIGHT(RIGHT(Tableau4[[#This Row],[file name]],LEN(Tableau4[[#This Row],[file name]])-SEARCH("@",Tableau4[[#This Row],[file name]])),LEN(RIGHT(Tableau4[[#This Row],[file name]],LEN(Tableau4[[#This Row],[file name]])-SEARCH("@",Tableau4[[#This Row],[file name]])))-SEARCH("/",RIGHT(Tableau4[[#This Row],[file name]],LEN(Tableau4[[#This Row],[file name]])-SEARCH("@",Tableau4[[#This Row],[file name]])))),1) -> C | C76: \\192.168.24.208\images\R&D\Coralie\Triphenylphosphate\2021-CHG-CBA-TRIPHENYLP\plaque 1/@03 EE2 51/C3_03.tif | D76: 10836.5772 | E76: 71.3134 | G76: 772793
A77: =IFERROR(LEFT(RIGHT(C77,LEN(C77)-SEARCH("@",C77)),SEARCH("/",RIGHT(C77,LEN(C77)-SEARCH("@",C77)-1))),"") -> 03 EE2 51 | B77: =LEFT(RIGHT(RIGHT(Tableau4[[#This Row],[file name]],LEN(Tableau4[[#This Row],[file name]])-SEARCH("@",Tableau4[[#This Row],[file name]])),LEN(RIGHT(Tableau4[[#This Row],[file name]],LEN(Tableau4[[#This Row],[file name]])-SEARCH("@",Tableau4[[#This Row],[file name]])))-SEARCH("/",RIGHT(Tableau4[[#This Row],[file name]],LEN(Tableau4[[#This Row],[file name]])-SEARCH("@",Tableau4[[#This Row],[file name]])))),1) -> D | C77: \\192.168.24.208\images\R&D\Coralie\Triphenylphosphate\2021-CHG-CBA-TRIPHENYLP\plaque 1/@03 EE2 51/D3_01.tif | D77: 11593.6235 | E77: 78.8713 | G77: 914404
A78: =IFERROR(LEFT(RIGHT(C78,LEN(C78)-SEARCH("@",C78)),SEARCH("/",RIGHT(C78,LEN(C78)-SEARCH("@",C78)-1))),"") -> 03 EE2 51 | B78: =LEFT(RIGHT(RIGHT(Tableau4[[#This Row],[file name]],LEN(Tableau4[[#This Row],[file name]])-SEARCH("@",Tableau4[[#This Row],[file name]])),LEN(RIGHT(Tableau4[[#This Row],[file name]],LEN(Tableau4[[#This Row],[file name]])-SEARCH("@",Tableau4[[#This Row],[file name]])))-SEARCH("/",RIGHT(Tableau4[[#This Row],[file name]],LEN(Tableau4[[#This Row],[file name]])-SEARCH("@",Tableau4[[#This Row],[file name]])))),1) -> D | C78: \\192.168.24.208\images\R&D\Coralie\Triphenylphosphate\2021-CHG-CBA-TRIPHENYLP\plaque 1/@03 EE2 51/D3_02.tif | D78: 12004.5915 | E78: 77.9063 | G78: 935233
A79: =IFERROR(LEFT(RIGHT(C79,LEN(C79)-SEARCH("@",C79)),SEARCH("/",RIGHT(C79,LEN(C79)-SEARCH("@",C79)-1))),"") -> 03 EE2 51 | B79: =LEFT(RIGHT(RIGHT(Tableau4[[#This Row],[file name]],LEN(Tableau4[[#This Row],[file name]])-SEARCH("@",Tableau4[[#This Row],[file name]])),LEN(RIGHT(Tableau4[[#This Row],[file name]],LEN(Tableau4[[#This Row],[file name]])-SEARCH("@",Tableau4[[#This Row],[file name]])))-SEARCH("/",RIGHT(Tableau4[[#This Row],[file name]],LEN(Tableau4[[#This Row],[file name]])-SEARCH("@",Tableau4[[#This Row],[file name]])))),1) -> D | C79: \\192.168.24.208\images\R&D\Coralie\Triphenylphosphate\2021-CHG-CBA-TRIPHENYLP\plaque 1/@03 EE2 51/D3_03.tif | D79: 12047.8513 | E79: 82.3088 | G79: 991644
A80: =IFERROR(LEFT(RIGHT(C80,LEN(C80)-SEARCH("@",C80)),SEARCH("/",RIGHT(C80,LEN(C80)-SEARCH("@",C80)-1))),"") -> 03 EE2 51 | B80: =LEFT(RIGHT(RIGHT(Tableau4[[#This Row],[file name]],LEN(Tableau4[[#This Row],[file name]])-SEARCH("@",Tableau4[[#This Row],[file name]])),LEN(RIGHT(Tableau4[[#This Row],[file name]],LEN(Tableau4[[#This Row],[file name]])-SEARCH("@",Tableau4[[#This Row],[file name]])))-SEARCH("/",RIGHT(Tableau4[[#This Row],[file name]],LEN(Tableau4[[#This Row],[file name]])-SEARCH("@",Tableau4[[#This Row],[file name]])))),1) -> E | C80: \\192.168.24.208\images\R&D\Coralie\Triphenylphosphate\2021-CHG-CBA-TRIPHENYLP\plaque 1/@03 EE2 51/E3_01.tif | D80: 7894.9115 | E80: 72.0055 | G80: 568477
A81: =IFERROR(LEFT(RIGHT(C81,LEN(C81)-SEARCH("@",C81)),SEARCH("/",RIGHT(C81,LEN(C81)-SEARCH("@",C81)-1))),"") -> 03 EE2 51 | B81: =LEFT(RIGHT(RIGHT(Tableau4[[#This Row],[file name]],LEN(Tableau4[[#This Row],[file name]])-SEARCH("@",Tableau4[[#This Row],[file name]])),LEN(RIGHT(Tableau4[[#This Row],[file name]],LEN(Tableau4[[#This Row],[file name]])-SEARCH("@",Tableau4[[#This Row],[file name]])))-SEARCH("/",RIGHT(Tableau4[[#This Row],[file name]],LEN(Tableau4[[#This Row],[file name]])-SEARCH("@",Tableau4[[#This Row],[file name]])))),1) -> E | C81: \\192.168.24.208\images\R&D\Coralie\Triphenylphosphate\2021-CHG-CBA-TRIPHENYLP\plaque 1/@03 EE2 51/E3_02.tif | D81: 8738.4774 | E81: 82.0916 | G81: 717355
A82: =IFERROR(LEFT(RIGHT(C82,LEN(C82)-SEARCH("@",C82)),SEARCH("/",RIGHT(C82,LEN(C82)-SEARCH("@",C82)-1))),"") -> 03 EE2 51 | B82: =LEFT(RIGHT(RIGHT(Tableau4[[#This Row],[file name]],LEN(Tableau4[[#This Row],[file name]])-SEARCH("@",Tableau4[[#This Row],[file name]])),LEN(RIGHT(Tableau4[[#This Row],[file name]],LEN(Tableau4[[#This Row],[file name]])-SEARCH("@",Tableau4[[#This Row],[file name]])))-SEARCH("/",RIGHT(Tableau4[[#This Row],[file name]],LEN(Tableau4[[#This Row],[file name]])-SEARCH("@",Tableau4[[#This Row],[file name]])))),1) -> E | C82: \\192.168.24.208\images\R&D\Coralie\Triphenylphosphate\2021-CHG-CBA-TRIPHENYLP\plaque 1/@03 EE2 51/E3_03.tif | D82: 3547.3027 | E82: 65.311 | G82: 231678
A83: =IFERROR(LEFT(RIGHT(C83,LEN(C83)-SEARCH("@",C83)),SEARCH("/",RIGHT(C83,LEN(C83)-SEARCH("@",C83)-1))),"") -> 03 EE2 51 | B83: =LEFT(RIGHT(RIGHT(Tableau4[[#This Row],[file name]],LEN(Tableau4[[#This Row],[file name]])-SEARCH("@",Tableau4[[#This Row],[file name]])),LEN(RIGHT(Tableau4[[#This Row],[file name]],LEN(Tableau4[[#This Row],[file name]])-SEARCH("@",Tableau4[[#This Row],[file name]])))-SEARCH("/",RIGHT(Tableau4[[#This Row],[file name]],LEN(Tableau4[[#This Row],[file name]])-SEARCH("@",Tableau4[[#This Row],[file name]])))),1) -> F | C83: \\192.168.24.208\images\R&D\Coralie\Triphenylphosphate\2021-CHG-CBA-TRIPHENYLP\plaque 1/@03 EE2 51/F3_01.tif | D83: 9084.5557 | E83: 74.0095 | G83: 672344
A84: =IFERROR(LEFT(RIGHT(C84,LEN(C84)-SEARCH("@",C84)),SEARCH("/",RIGHT(C84,LEN(C84)-SEARCH("@",C84)-1))),"") -> 03 EE2 51 | B84: =LEFT(RIGHT(RIGHT(Tableau4[[#This Row],[file name]],LEN(Tableau4[[#This Row],[file name]])-SEARCH("@",Tableau4[[#This Row],[file name]])),LEN(RIGHT(Tableau4[[#This Row],[file name]],LEN(Tableau4[[#This Row],[file name]])-SEARCH("@",Tableau4[[#This Row],[file name]])))-SEARCH("/",RIGHT(Tableau4[[#This Row],[file name]],LEN(Tableau4[[#This Row],[file name]])-SEARCH("@",Tableau4[[#This Row],[file name]])))),1) -> F | C84: \\192.168.24.208\images\R&D\Coralie\Triphenylphosphate\2021-CHG-CBA-TRIPHENYLP\plaque 1/@03 EE2 51/F3_02.tif | D84: 9755.0825 | E84: 73.2993 | G84: 715041
A85: =IFERROR(LEFT(RIGHT(C85,LEN(C85)-SEARCH("@",C85)),SEARCH("/",RIGHT(C85,LEN(C85)-SEARCH("@",C85)-1))),"") -> 03 EE2 51 | B85: =LEFT(RIGHT(RIGHT(Tableau4[[#This Row],[file name]],LEN(Tableau4[[#This Row],[file name]])-SEARCH("@",Tableau4[[#This Row],[file name]])),LEN(RIGHT(Tableau4[[#This Row],[file name]],LEN(Tableau4[[#This Row],[file name]])-SEARCH("@",Tableau4[[#This Row],[file name]])))-SEARCH("/",RIGHT(Tableau4[[#This Row],[file name]],LEN(Tableau4[[#This Row],[file name]])-SEARCH("@",Tableau4[[#This Row],[file name]])))),1) -> F | C85: \\192.168.24.208\images\R&D\Coralie\Triphenylphosphate\2021-CHG-CBA-TRIPHENYLP\plaque 1/@03 EE2 51/F3_03.tif | D85: 8976.4063 | E85: 73.4651 | G85: 659452
A86: =IFERROR(LEFT(RIGHT(C86,LEN(C86)-SEARCH("@",C86)),SEARCH("/",RIGHT(C86,LEN(C86)-SEARCH("@",C86)-1))),"") -> 03 EE2 51 | B86: =LEFT(RIGHT(RIGHT(Tableau4[[#This Row],[file name]],LEN(Tableau4[[#This Row],[file name]])-SEARCH("@",Tableau4[[#This Row],[file name]])),LEN(RIGHT(Tableau4[[#This Row],[file name]],LEN(Tableau4[[#This Row],[file name]])-SEARCH("@",Tableau4[[#This Row],[file name]])))-SEARCH("/",RIGHT(Tableau4[[#This Row],[file name]],LEN(Tableau4[[#This Row],[file name]])-SEARCH("@",Tableau4[[#This Row],[file name]])))),1) -> G | C86: \\192.168.24.208\images\R&D\Coralie\Triphenylphosphate\2021-CHG-CBA-TRIPHENYLP\plaque 1/@03 EE2 51/G3_01- exclu.tif
A87: =IFERROR(LEFT(RIGHT(C87,LEN(C87)-SEARCH("@",C87)),SEARCH("/",RIGHT(C87,LEN(C87)-SEARCH("@",C87)-1))),"") -> 03 EE2 51 | B87: =LEFT(RIGHT(RIGHT(Tableau4[[#This Row],[file name]],LEN(Tableau4[[#This Row],[file name]])-SEARCH("@",Tableau4[[#This Row],[file name]])),LEN(RIGHT(Tableau4[[#This Row],[file name]],LEN(Tableau4[[#This Row],[file name]])-SEARCH("@",Tableau4[[#This Row],[file name]])))-SEARCH("/",RIGHT(Tableau4[[#This Row],[file name]],LEN(Tableau4[[#This Row],[file name]])-SEARCH("@",Tableau4[[#This Row],[file name]])))),1) -> G | C87: \\192.168.24.208\images\R&D\Coralie\Triphenylphosphate\2021-CHG-CBA-TRIPHENYLP\plaque 1/@03 EE2 51/G3_02- exclu.tif
A88: =IFERROR(LEFT(RIGHT(C88,LEN(C88)-SEARCH("@",C88)),SEARCH("/",RIGHT(C88,LEN(C88)-SEARCH("@",C88)-1))),"") -> 03 EE2 51 | B88: =LEFT(RIGHT(RIGHT(Tableau4[[#This Row],[file name]],LEN(Tableau4[[#This Row],[file name]])-SEARCH("@",Tableau4[[#This Row],[file name]])),LEN(RIGHT(Tableau4[[#This Row],[file name]],LEN(Tableau4[[#This Row],[file name]])-SEARCH("@",Tableau4[[#This Row],[file name]])))-SEARCH("/",RIGHT(Tableau4[[#This Row],[file name]],LEN(Tableau4[[#This Row],[file name]])-SEARCH("@",Tableau4[[#This Row],[file name]])))),1) -> G | C88: \\192.168.24.208\images\R&D\Coralie\Triphenylphosphate\2021-CHG-CBA-TRIPHENYLP\plaque 1/@03 EE2 51/G3_03- exclu.tif
A89: =IFERROR(LEFT(RIGHT(C89,LEN(C89)-SEARCH("@",C89)),SEARCH("/",RIGHT(C89,LEN(C89)-SEARCH("@",C89)-1))),"") -> 03 EE2 51 | B89: =LEFT(RIGHT(RIGHT(Tableau4[[#This Row],[file name]],LEN(Tableau4[[#This Row],[file name]])-SEARCH("@",Tableau4[[#This Row],[file name]])),LEN(RIGHT(Tableau4[[#This Row],[file name]],LEN(Tableau4[[#This Row],[file name]])-SEARCH("@",Tableau4[[#This Row],[file name]])))-SEARCH("/",RIGHT(Tableau4[[#This Row],[file name]],LEN(Tableau4[[#This Row],[file name]])-SEARCH("@",Tableau4[[#This Row],[file name]])))),1) -> H | C89: \\192.168.24.208\images\R&D\Coralie\Triphenylphosphate\2021-CHG-CBA-TRIPHENYLP\plaque 1/@03 EE2 51/H3_01.tif | D89: 2076.4699 | E89: 67.3958 | G89: 139945
A90: =IFERROR(LEFT(RIGHT(C90,LEN(C90)-SEARCH("@",C90)),SEARCH("/",RIGHT(C90,LEN(C90)-SEARCH("@",C90)-1))),"") -> 03 EE2 51 | B90: =LEFT(RIGHT(RIGHT(Tableau4[[#This Row],[file name]],LEN(Tableau4[[#This Row],[file name]])-SEARCH("@",Tableau4[[#This Row],[file name]])),LEN(RIGHT(Tableau4[[#This Row],[file name]],LEN(Tableau4[[#This Row],[file name]])-SEARCH("@",Tableau4[[#This Row],[file name]])))-SEARCH("/",RIGHT(Tableau4[[#This Row],[file name]],LEN(Tableau4[[#This Row],[file name]])-SEARCH("@",Tableau4[[#This Row],[file name]])))),1) -> H | C90: \\192.168.24.208\images\R&D\Coralie\Triphenylphosphate\2021-CHG-CBA-TRIPHENYLP\plaque 1/@03 EE2 51/H3_02.tif | D90: 3157.9646 | E90: 66 | G90: 208426
A91: =IFERROR(LEFT(RIGHT(C91,LEN(C91)-SEARCH("@",C91)),SEARCH("/",RIGHT(C91,LEN(C91)-SEARCH("@",C91)-1))),"") -> 03 EE2 51 | B91: =LEFT(RIGHT(RIGHT(Tableau4[[#This Row],[file name]],LEN(Tableau4[[#This Row],[file name]])-SEARCH("@",Tableau4[[#This Row],[file name]])),LEN(RIGHT(Tableau4[[#This Row],[file name]],LEN(Tableau4[[#This Row],[file name]])-SEARCH("@",Tableau4[[#This Row],[file name]])))-SEARCH("/",RIGHT(Tableau4[[#This Row],[file name]],LEN(Tableau4[[#This Row],[file name]])-SEARCH("@",Tableau4[[#This Row],[file name]])))),1) -> H | C91: \\192.168.24.208\images\R&D\Coralie\Triphenylphosphate\2021-CHG-CBA-TRIPHENYLP\plaque 1/@03 EE2 51/H3_03.tif | D91: 6748.5271 | E91: 68.7532 | G91: 463983
A92: =IFERROR(LEFT(RIGHT(C92,LEN(C92)-SEARCH("@",C92)),SEARCH("/",RIGHT(C92,LEN(C92)-SEARCH("@",C92)-1))),"") | B92: =LEFT(RIGHT(RIGHT(Tableau4[[#This Row],[file name]],LEN(Tableau4[[#This Row],[file name]])-SEARCH("@",Tableau4[[#This Row],[file name]])),LEN(RIGHT(Tableau4[[#This Row],[file name]],LEN(Tableau4[[#This Row],[file name]])-SEARCH("@",Tableau4[[#This Row],[file name]])))-SEARCH("/",RIGHT(Tableau4[[#This Row],[file name]],LEN(Tableau4[[#This Row],[file name]])-SEARCH("@",Tableau4[[#This Row],[file name]])))),1) -> #VALUE!
A93: =IFERROR(LEFT(RIGHT(C93,LEN(C93)-SEARCH("@",C93)),SEARCH("/",RIGHT(C93,LEN(C93)-SEARCH("@",C93)-1))),"") | B93: =LEFT(RIGHT(RIGHT(Tableau4[[#This Row],[file name]],LEN(Tableau4[[#This Row],[file name]])-SEARCH("@",Tableau4[[#This Row],[file name]])),LEN(RIGHT(Tableau4[[#This Row],[file name]],LEN(Tableau4[[#This Row],[file name]])-SEARCH("@",Tableau4[[#This Row],[file name]])))-SEARCH("/",RIGHT(Tableau4[[#This Row],[file name]],LEN(Tableau4[[#This Row],[file name]])-SEARCH("@",Tableau4[[#This Row],[file name]])))),1) -> #VALUE! | C93: group | E93: mean of mean fluo | F93: SD mean fluo | G93: mean of total fluo | H93: SD total fluo | I93: n fluorescent | J93: n total
A94: =IFERROR(LEFT(RIGHT(C94,LEN(C94)-SEARCH("@",C94)),SEARCH("/",RIGHT(C94,LEN(C94)-SEARCH("@",C94)-1))),"") -> 03 EE2 51 | B94: =LEFT(RIGHT(RIGHT(Tableau4[[#This Row],[file name]],LEN(Tableau4[[#This Row],[file name]])-SEARCH("@",Tableau4[[#This Row],[file name]])),LEN(RIGHT(Tableau4[[#This Row],[file name]],LEN(Tableau4[[#This Row],[file name]])-SEARCH("@",Tableau4[[#This Row],[file name]])))-SEARCH("/",RIGHT(Tableau4[[#This Row],[file name]],LEN(Tableau4[[#This Row],[file name]])-SEARCH("@",Tableau4[[#This Row],[file name]])))),1) | C94: \\192.168.24.208\images\R&D\Coralie\Triphenylphosphate\2021-CHG-CBA-TRIPHENYLP\plaque 1/@03 EE2 51/ | E94: 73.4543 | F94: 6.2655 | G94: 668529.625 | H94: 293732.362 | I94: 24 | J94: 24
A95: =IFERROR(LEFT(RIGHT(C95,LEN(C95)-SEARCH("@",C95)),SEARCH("/",RIGHT(C95,LEN(C95)-SEARCH("@",C95)-1))),"") | B95: =LEFT(RIGHT(RIGHT(Tableau4[[#This Row],[file name]],LEN(Tableau4[[#This Row],[file name]])-SEARCH("@",Tableau4[[#This Row],[file name]])),LEN(RIGHT(Tableau4[[#This Row],[file name]],LEN(Tableau4[[#This Row],[file name]])-SEARCH("@",Tableau4[[#This Row],[file name]])))-SEARCH("/",RIGHT(Tableau4[[#This Row],[file name]],LEN(Tableau4[[#This Row],[file name]])-SEARCH("@",Tableau4[[#This Row],[file name]])))),1) -> #VALUE!
A96: =IFERROR(LEFT(RIGHT(C96,LEN(C96)-SEARCH("@",C96)),SEARCH("/",RIGHT(C96,LEN(C96)-SEARCH("@",C96)-1))),"") | B96: =LEFT(RIGHT(RIGHT(Tableau4[[#This Row],[file name]],LEN(Tableau4[[#This Row],[file name]])-SEARCH("@",Tableau4[[#This Row],[file name]])),LEN(RIGHT(Tableau4[[#This Row],[file name]],LEN(Tableau4[[#This Row],[file name]])-SEARCH("@",Tableau4[[#This Row],[file name]])))-SEARCH("/",RIGHT(Tableau4[[#This Row],[file name]],LEN(Tableau4[[#This Row],[file name]])-SEARCH("@",Tableau4[[#This Row],[file name]])))),1) -> #VALUE!
A97: =IFERROR(LEFT(RIGHT(C97,LEN(C97)-SEARCH("@",C97)),SEARCH("/",RIGHT(C97,LEN(C97)-SEARCH("@",C97)-1))),"") | B97: =LEFT(RIGHT(RIGHT(Tableau4[[#This Row],[file name]],LEN(Tableau4[[#This Row],[file name]])-SEARCH("@",Tableau4[[#This Row],[file name]])),LEN(RIGHT(Tableau4[[#This Row],[file name]],LEN(Tableau4[[#This Row],[file name]])-SEARCH("@",Tableau4[[#This Row],[file name]])))-SEARCH("/",RIGHT(Tableau4[[#This Row],[file name]],LEN(Tableau4[[#This Row],[file name]])-SEARCH("@",Tableau4[[#This Row],[file name]])))),1) -> #VALUE!
A98: =IFERROR(LEFT(RIGHT(C98,LEN(C98)-SEARCH("@",C98)),SEARCH("/",RIGHT(C98,LEN(C98)-SEARCH("@",C98)-1))),"") | B98: =LEFT(RIGHT(RIGHT(Tableau4[[#This Row],[file name]],LEN(Tableau4[[#This Row],[file name]])-SEARCH("@",Tableau4[[#This Row],[file name]])),LEN(RIGHT(Tableau4[[#This Row],[file name]],LEN(Tableau4[[#This Row],[file name]])-SEARCH("@",Tableau4[[#This Row],[file name]])))-SEARCH("/",RIGHT(Tableau4[[#This Row],[file name]],LEN(Tableau4[[#This Row],[file name]])-SEARCH("@",Tableau4[[#This Row],[file name]])))),1) -> #VALUE!
A99: =IFERROR(LEFT(RIGHT(C99,LEN(C99)-SEARCH("@",C99)),SEARCH("/",RIGHT(C99,LEN(C99)-SEARCH("@",C99)-1))),"") | B99: =LEFT(RIGHT(RIGHT(Tableau4[[#This Row],[file name]],LEN(Tableau4[[#This Row],[file name]])-SEARCH("@",Tableau4[[#This Row],[file name]])),LEN(RIGHT(Tableau4[[#This Row],[file name]],LEN(Tableau4[[#This Row],[file name]])-SEARCH("@",Tableau4[[#This Row],[file name]])))-SEARCH("/",RIGHT(Tableau4[[#This Row],[file name]],LEN(Tableau4[[#This Row],[file name]])-SEARCH("@",Tableau4[[#This Row],[file name]])))),1) -> #VALUE!
A100: =IFERROR(LEFT(RIGHT(C100,LEN(C100)-SEARCH("@",C100)),SEARCH("/",RIGHT(C100,LEN(C100)-SEARCH("@",C100)-1))),"") | B100: =LEFT(RIGHT(RIGHT(Tableau4[[#This Row],[file name]],LEN(Tableau4[[#This Row],[file name]])-SEARCH("@",Tableau4[[#This Row],[file name]])),LEN(RIGHT(Tableau4[[#This Row],[file name]],LEN(Tableau4[[#This Row],[file name]])-SEARCH("@",Tableau4[[#This Row],[file name]])))-SEARCH("/",RIGHT(Tableau4[[#This Row],[file name]],LEN(Tableau4[[#This Row],[file name]])-SEARCH("@",Tableau4[[#This Row],[file name]])))),1) -> #VALUE! | C100: file name | D100: total area | E100: mean intensity | G100: total fluorescence
...

Sheet R1
A1: 3. Expérimentateur 1 : copier et coller les valeurs des intensités totales de fluorescences obtenues dans le fichier raw data lors du traitement des images.
A3: R1 | B3: Non dopé | AE3: avec testo
A4: Noms des groupes | B4: ='Page de garde'!A7 -> Témoin solvant | C4: ='Page de garde'!A9 -> EE2-33,8ng/L | D4: ='Page de garde'!A10 -> EE2-50,6ng/L | E4: ='Page de garde'!A11 -> EE2-76ng/L | F4: ='Page de garde'!A12 -> EE2-114ng/L | G4: ='Page de garde'!A13 -> EE2-170,9ng/L | H4: ='Page de garde'!A14 -> EE2-488ng/L | I4: ='Page de garde'!A15 -> Triphénylphosphate-0,18mg/L | J4: ='Page de garde'!A16 -> Triphénylphosphate-0,26mg/L | K4: ='Page de garde'!A17 -> Triphénylphosphate-0,4mg/L | L4: ='Page de garde'!A18 -> Triphénylphosphate-0,59mg/L | M4: ='Page de garde'!A19 -> Triphénylphosphate-0,89mg/L | N4: ='Page de garde'!A20 | O4: ='Page de garde'!A36 -> Testo -30µg/L | P4: ='Page de garde'!A37 -> Testo 30µg/L + EE2 -64ng/L | Q4: ='Page de garde'!A38 -> Testo 30µg/L + FAD-10mg/L | R4: ='Page de garde'!A39 -> Triphénylphosphate-0,18mg/L + Testostérone | S4: ='Page de garde'!A40 -> Triphénylphosphate-0,26mg/L + Testostérone | T4: ='Page de garde'!A41 -> Triphénylphosphate-0,4mg/L + Testostérone | U4: ='Page de garde'!A42 -> Triphénylphosphate-0,59mg/L + Testostérone | V4: ='Page de garde'!A43 -> Triphénylphosphate-0,89mg/L + Testostérone | W4: ='Page de garde'!A44 -> 0-00 + Testostérone | X4: ='Page de garde'!A45 -> 0-00 + Testostérone | Y4: ='Page de garde'!A46 -> 0-00 + Testostérone | Z4: ='Page de garde'!A47 -> 0-00 + Testostérone | AA4: ='Page de garde'!A48 -> 0-00 + Testostérone | AB4: ='Page de garde'!A49 -> 0-00 + Testostérone | AC4: ='Page de garde'!A50 -> 0-00 + Testostérone | AD4: ='Page de garde'!A51 -> 0-00 + Testostérone | AE4: ='Page de garde'!A52 -> 0-00 + Testostérone | AF4: ='Page de garde'!A53 -> 0-00 + Testostérone | AG4: ='Page de garde'!A54 -> 0-00 + Testostérone | AH4: ='Page de garde'!A55 -> 0-00 + Testostérone | AI4: ='Page de garde'!A56 -> 0-00 + Testostérone | AJ4: ='Page de garde'!A57 -> 0-00 + Testostérone | AK4: ='Page de garde'!A58 -> 0-00 + Testostérone
A5: Données brutes | B5: 729219.5 | C5: 413015.67 | D5: 908635.67 | E5: 475216 | F5: 1070932 | G5: 2366973.7 | H5: 8194968.7 | I5: 292068.33 | J5: 896321 | K5: 593315.33 | L5: 420326.33 | M5: 5132716.3 | O5: 5700422 | P5: 4565198.7 | Q5: 316575 | R5: 3953894 | S5: 3514468.7 | T5: 5397495 | U5: 3812146.3 | V5: 5842440
B6: 282713.5 | C6: 660285 | D6: 567244.33 | E6: 450507.33 | F6: 3767459 | G6: 2932336 | H6: 5952994 | I6: 639646.33 | J6: 185555.67 | K6: 231331.67 | L6: 1426614.3 | O6: 3054033 | P6: 5159292.3 | Q6: 35084 | R6: 5074611.3 | S6: 5260779.7 | T6: 6270838 | U6: 6570052 | V6: 3379541
B7: 184106.67 | C7: 234886.33 | D7: 458954 | E7: 859478.33 | F7: 673187.33 | G7: 3818195.7 | H7: 6442889.7 | I7: 35159.5 | J7: 171164.67 | K7: 555290 | L7: 793572 | M7: 3019079 | O7: 2811014 | P7: 4033622.3 | Q7: 450990.67 | R7: 5036405.3 | S7: 5678474.3 | T7: 5158686.3 | U7: 4598523 | V7: 6780049
B8: 537741 | C8: 378660 | D8: 947093.67 | E8: 855534.33 | F8: 1056014.7 | G8: 4073961.7 | H8: 6987249 | I8: 680671 | J8: 75048.333 | K8: 835880 | L8: 3350946.5 | M8: 1340390 | O8: 2858974.3 | P8: 3484035.3 | Q8: 423376.33 | R8: 3682720.3 | S8: 3979028 | T8: 3793991.5 | U8: 3533358.7 | V8: 6393559
B9: 342650 | C9: 103830.33 | D9: 505836.67 | E9: 219406.33 | F9: 2359100.7 | G9: 1528620.3 | H9: 4390977 | I9: 310281 | J9: 672437.33 | K9: 783420 | L9: 2390881.7 | M9: 4075836.3 | O9: 3195449 | P9: 2478576.7 | Q9: 181958 | R9: 4368892.7 | S9: 5344628 | T9: 4611962 | U9: 3855204.3 | V9: 3475859
B10: 893282 | D10: 682279 | F10: 252074.67 | G10: 2462916.7 | H10: 4346931 | I10: 333417.33 | J10: 1192686.7 | K10: 556616.67 | L10: 721277.67 | M10: 3379455 | O10: 3910728 | P10: 3579639.3 | Q10: 105539.67 | R10: 4825305 | S10: 32802 | T10: 3965898.7 | U10: 2793083 | V10: 5557628.3
B11: 308961 | C11: 412864.33 | F11: 2308053.7 | G11: 713058.33 | H11: 5154685 | I11: 201122 | J11: 893758 | K11: 1711963 | L11: 909148 | O11: 1448309 | P11: 3431546.7 | Q11: 415878 | R11: 2937739.5 | S11: 5504902 | T11: 5336751.3 | U11: 4948985 | V11: 4730234.3
B12: 261159.33 | C12: 864258.67 | D12: 270784.67 | E12: 229633.5 | F12: 1703195.3 | G12: 3234138 | H12: 5845320.7 | I12: 176817.33 | J12: 412648 | L12: 1172282.7 | O12: 4555724.3 | P12: 4351188.5 | Q12: 90809.333 | R12: 2767516.3 | S12: 2103125 | T12: 4050868.3 | U12: 5272589.7 | V12: 4674350
O13: 3447653.7
O14: 2711970.3
O15: 3509818.5
O16: 3232868.7
O17: 4445570.3
O18: 3696188.7
O19: 2895096.5
O20: 3916799
A22: =A4 -> Noms des groupes | B22: =B4 -> Témoin solvant | C22: =C4 -> EE2-33,8ng/L | D22: =D4 -> EE2-50,6ng/L | E22: =E4 -> EE2-76ng/L | F22: =F4 -> EE2-114ng/L | G22: =G4 -> EE2-170,9ng/L | H22: =H4 -> EE2-488ng/L | ... N22: =N4 | O22: =#REF! -> #REF! | P22: =#REF! -> #REF! | Q22: =#REF! -> #REF! | R22: =#REF! -> #REF! | S22: =#REF! -> #REF! | T22: =#REF! -> #REF! | U22: =#REF! -> #REF! | V22: =#REF! -> #REF! | ... AC22: =#REF! -> #REF! | AD22: Nom des groupes | AE22: =O4 -> Testo -30µg/L | AF22: =P4 -> Testo 30µg/L + EE2 -64ng/L | AG22: =Q4 -> Testo 30µg/L + FAD-10mg/L | AH22: =R4 -> Triphénylphosphate-0,18mg/L + Testostérone | AI22: =S4 -> Triphénylphosphate-0,26mg/L + Testostérone | AJ22: =T4 -> Triphénylphosphate-0,4mg/L + Testostérone | AK22: =U4 -> Triphénylphosphate-0,59mg/L + Testostérone | AL22: =V4 -> Triphénylphosphate-0,89mg/L + Testostérone | ... BA22: =AK4 -> 0-00 + Testostérone
A23: mean | B23: =AVERAGE(B5:B20) -> 442479.13 | C23: =AVERAGE(C5:C20) -> 438257.19 | D23: =AVERAGE(D5:D20) -> 620118.29 | E23: =AVERAGE(E5:E20) -> 514962.64 | F23: =AVERAGE(F5:F20) -> 1648752.2 | G23: =AVERAGE(G5:G20) -> 2641275 | H23: =AVERAGE(H5:H20) -> 5914501.9 | I23: =AVERAGE(I5:I20) -> 333647.85 | ... N23: =AVERAGE(N5:N20) -> #DIV/0! | O23: =AVERAGE(#REF!) -> #REF! | P23: =AVERAGE(#REF!) -> #REF! | Q23: =AVERAGE(#REF!) -> #REF! | R23: =AVERAGE(#REF!) -> #REF! | S23: =AVERAGE(#REF!) -> #REF! | T23: =AVERAGE(#REF!) -> #REF! | U23: =AVERAGE(#REF!) -> #REF! | V23: =AVERAGE(#REF!) -> #REF! | ... AC23: =AVERAGE(#REF!) -> #REF! | AD23: mean | AE23: =AVERAGE(O5:O20) -> 3461913.7 | AF23: =AVERAGE(P5:P20) -> 3885387.5 | AG23: =AVERAGE(Q5:Q20) -> 252526.38 | AH23: =AVERAGE(R5:R20) -> 4080885.6 | AI23: =AVERAGE(S5:S20) -> 3927276 | AJ23: =AVERAGE(T5:T20) -> 4823311.4 | AK23: =AVERAGE(U5:U20) -> 4422992.8 | AL23: =AVERAGE(V5:V20) -> 5104207.6 | ... BA23: =AVERAGE(AK5:AK20) -> #DIV/0!
A24: SD | B24: =STDEV(B5:B20) -> 252832.33 | C24: =STDEV(C5:C20) -> 254561.19 | D24: =STDEV(D5:D20) -> 244227.69 | E24: =STDEV(E5:E20) -> 286070.16 | F24: =STDEV(F5:F20) -> 1135077.4 | G24: =STDEV(G5:G20) -> 1129918.4 | H24: =STDEV(H5:H20) -> 1308898.4 | I24: =STDEV(I5:I20) -> 222835.39 | ... N24: =STDEV(N5:N20) -> #DIV/0! | O24: =STDEV(#REF!) -> #REF! | P24: =STDEV(#REF!) -> #REF! | Q24: =STDEV(#REF!) -> #REF! | R24: =STDEV(#REF!) -> #REF! | S24: =STDEV(#REF!) -> #REF! | T24: =STDEV(#REF!) -> #REF! | U24: =STDEV(#REF!) -> #REF! | V24: =STDEV(#REF!) -> #REF! | ... AC24: =STDEV(#REF!) -> #REF! | AD24: SD | AE24: =STDEV(O5:O20) -> 954148.77 | AF24: =STDEV(P5:P20) -> 824930.7 | AG24: =STDEV(Q5:Q20) -> 168769.64 | AH24: =STDEV(R5:R20) -> 905854.09 | AI24: =STDEV(S5:S20) -> 2000366.4 | AJ24: =STDEV(T5:T20) -> 864961.59 | AK24: =STDEV(U5:U20) -> 1182172.9 | AL24: =STDEV(V5:V20) -> 1263333.3 | ... BA24: =STDEV(AK5:AK20) -> #DIV/0!
B26: Non dopé | AE26: avec testo
A27: Noms des groupes | B27: =B4 -> Témoin solvant | C27: =C4 -> EE2-33,8ng/L | D27: =D4 -> EE2-50,6ng/L | E27: =E4 -> EE2-76ng/L | F27: =F4 -> EE2-114ng/L | G27: =G4 -> EE2-170,9ng/L | H27: =H4 -> EE2-488ng/L | I27: =I4 -> Triphénylphosphate-0,18mg/L | ... N27: =N4 | P27: =O4 -> Testo -30µg/L | Q27: =P4 -> Testo 30µg/L + EE2 -64ng/L | R27: =Q4 -> Testo 30µg/L + FAD-10mg/L | S27: =R4 -> Triphénylphosphate-0,18mg/L + Testostérone | T27: =S4 -> Triphénylphosphate-0,26mg/L + Testostérone | U27: =T4 -> Triphénylphosphate-0,4mg/L + Testostérone | V27: =U4 -> Triphénylphosphate-0,59mg/L + Testostérone | W27: =V4 -> Triphénylphosphate-0,89mg/L + Testostérone | ... AL27: =AK4 -> 0-00 + Testostérone
A28: Données normalisées sur la moyenne du groupe "Testo" | B28: =IF(B5="","",(B5/$AE$23)) -> 0.21064058 | C28: =IF(C5="","",(C5/$AE$23)) -> 0.1193027 | D28: =IF(D5="","",(D5/$AE$23)) -> 0.2624663 | E28: =IF(E5="","",(E5/$AE$23)) -> 0.13726974 | F28: =IF(F5="","",(F5/$AE$23)) -> 0.30934682 | G28: =IF(G5="","",(G5/$AE$23)) -> 0.68371827 | H28: =IF(H5="","",(H5/$AE$23)) -> 2.3671788 | I28: =IF(I5="","",(I5/$AE$23)) -> 0.084366151 | ... N28: =IF(N5="","",(N5/$AE$23)) | P28: =IF(O5="","",(O5/$AE$23)) -> 1.6466101 | Q28: =IF(P5="","",(P5/$AE$23)) -> 1.3186922 | R28: =IF(Q5="","",(Q5/$AE$23)) -> 0.091445087 | S28: =IF(R5="","",(R5/$AE$23)) -> 1.1421122 | T28: =IF(S5="","",(S5/$AE$23)) -> 1.0151809 | U28: =IF(T5="","",(T5/$AE$23)) -> 1.5591073 | V28: =IF(U5="","",(U5/$AE$23)) -> 1.1011673 | W28: =IF(V5="","",(V5/$AE$23)) -> 1.6876331 | ... AL28: =IF(AK5="","",(AK5/$AE$23))
B29: =IF(B6="","",(B6/$AE$23)) -> 0.081663936 | C29: =IF(C6="","",(C6/$AE$23)) -> 0.19072832 | D29: =IF(D6="","",(D6/$AE$23)) -> 0.16385282 | E29: =IF(E6="","",(E6/$AE$23)) -> 0.13013246 | F29: =IF(F6="","",(F6/$AE$23)) -> 1.0882591 | G29: =IF(G6="","",(G6/$AE$23)) -> 0.84702747 | H29: =IF(H6="","",(H6/$AE$23)) -> 1.7195674 | I29: =IF(I6="","",(I6/$AE$23)) -> 0.18476669 | ... N29: =IF(N6="","",(N6/$AE$23)) | P29: =IF(O6="","",(O6/$AE$23)) -> 0.88218057 | Q29: =IF(P6="","",(P6/$AE$23)) -> 1.4903007 | R29: =IF(Q6="","",(Q6/$AE$23)) -> 0.010134279 | S29: =IF(R6="","",(R6/$AE$23)) -> 1.4658399 | T29: =IF(S6="","",(S6/$AE$23)) -> 1.5196161 | U29: =IF(T6="","",(T6/$AE$23)) -> 1.8113791 | V29: =IF(U6="","",(U6/$AE$23)) -> 1.8978093 | W29: =IF(V6="","",(V6/$AE$23)) -> 0.97620602 | ... AL29: =IF(AK6="","",(AK6/$AE$23))
B30: =IF(B7="","",(B7/$AE$23)) -> 0.053180605 | C30: =IF(C7="","",(C7/$AE$23)) -> 0.067848697 | D30: =IF(D7="","",(D7/$AE$23)) -> 0.13257234 | E30: =IF(E7="","",(E7/$AE$23)) -> 0.24826683 | F30: =IF(F7="","",(F7/$AE$23)) -> 0.19445526 | G30: =IF(G7="","",(G7/$AE$23)) -> 1.1029147 | H30: =IF(H7="","",(H7/$AE$23)) -> 1.8610775 | I30: =IF(I7="","",(I7/$AE$23)) -> 0.010156088 | ... N30: =IF(N7="","",(N7/$AE$23)) | P30: =IF(O7="","",(O7/$AE$23)) -> 0.81198269 | Q30: =IF(P7="","",(P7/$AE$23)) -> 1.1651424 | R30: =IF(Q7="","",(Q7/$AE$23)) -> 0.13027207 | S30: =IF(R7="","",(R7/$AE$23)) -> 1.4548038 | T30: =IF(S7="","",(S7/$AE$23)) -> 1.6402703 | U30: =IF(T7="","",(T7/$AE$23)) -> 1.4901256 | V30: =IF(U7="","",(U7/$AE$23)) -> 1.3283182 | W30: =IF(V7="","",(V7/$AE$23)) -> 1.9584685 | ... AL30: =IF(AK7="","",(AK7/$AE$23))
B31: =IF(B8="","",(B8/$AE$23)) -> 0.15533056 | C31: =IF(C8="","",(C8/$AE$23)) -> 0.10937881 | D31: =IF(D8="","",(D8/$AE$23)) -> 0.27357518 | E31: =IF(E8="","",(E8/$AE$23)) -> 0.24712757 | F31: =IF(F8="","",(F8/$AE$23)) -> 0.30503784 | G31: =IF(G8="","",(G8/$AE$23)) -> 1.1767947 | H31: =IF(H8="","",(H8/$AE$23)) -> 2.0183198 | I31: =IF(I8="","",(I8/$AE$23)) -> 0.19661697 | ... N31: =IF(N8="","",(N8/$AE$23)) | P31: =IF(O8="","",(O8/$AE$23)) -> 0.82583639 | Q31: =IF(P8="","",(P8/$AE$23)) -> 1.00639 | R31: =IF(Q8="","",(Q8/$AE$23)) -> 0.12229546 | S31: =IF(R8="","",(R8/$AE$23)) -> 1.0637817 | T31: =IF(S8="","",(S8/$AE$23)) -> 1.1493724 | U31: =IF(T8="","",(T8/$AE$23)) -> 1.0959232 | V31: =IF(U8="","",(U8/$AE$23)) -> 1.0206374 | W31: =IF(V8="","",(V8/$AE$23)) -> 1.846828 | ... AL31: =IF(AK8="","",(AK8/$AE$23))
B32: =IF(B9="","",(B9/$AE$23)) -> 0.098977048 | C32: =IF(C9="","",(C9/$AE$23)) -> 0.029992178 | D32: =IF(D9="","",(D9/$AE$23)) -> 0.14611475 | E32: =IF(E9="","",(E9/$AE$23)) -> 0.063377181 | F32: =IF(F9="","",(F9/$AE$23)) -> 0.6814441 | G32: =IF(G9="","",(G9/$AE$23)) -> 0.44155356 | H32: =IF(H9="","",(H9/$AE$23)) -> 1.268367 | I32: =IF(I9="","",(I9/$AE$23)) -> 0.089627017 | ... N32: =IF(N9="","",(N9/$AE$23)) | P32: =IF(O9="","",(O9/$AE$23)) -> 0.92302965 | Q32: =IF(P9="","",(P9/$AE$23)) -> 0.71595565 | R32: =IF(Q9="","",(Q9/$AE$23)) -> 0.052559947 | S32: =IF(R9="","",(R9/$AE$23)) -> 1.2619877 | T32: =IF(S9="","",(S9/$AE$23)) -> 1.5438363 | U32: =IF(T9="","",(T9/$AE$23)) -> 1.3322002 | V32: =IF(U9="","",(U9/$AE$23)) -> 1.113605 | W32: =IF(V9="","",(V9/$AE$23)) -> 1.0040282 | ... AL32: =IF(AK9="","",(AK9/$AE$23))
B33: =IF(B10="","",(B10/$AE$23)) -> 0.25803127 | C33: =IF(C10="","",(C10/$AE$23)) | D33: =IF(D10="","",(D10/$AE$23)) -> 0.19708146 | E33: =IF(E10="","",(E10/$AE$23)) | F33: =IF(F10="","",(F10/$AE$23)) -> 0.072813677 | G33: =IF(G10="","",(G10/$AE$23)) -> 0.71143214 | H33: =IF(H10="","",(H10/$AE$23)) -> 1.2556439 | I33: =IF(I10="","",(I10/$AE$23)) -> 0.096310122 | ... N33: =IF(N10="","",(N10/$AE$23)) | P33: =IF(O10="","",(O10/$AE$23)) -> 1.1296434 | Q33: =IF(P10="","",(P10/$AE$23)) -> 1.0340059 | R33: =IF(Q10="","",(Q10/$AE$23)) -> 0.030485932 | S33: =IF(R10="","",(R10/$AE$23)) -> 1.3938259 | T33: =IF(S10="","",(S10/$AE$23)) -> 0.0094751062 | U33: =IF(T10="","",(T10/$AE$23)) -> 1.1455799 | V33: =IF(U10="","",(U10/$AE$23)) -> 0.80680318 | W33: =IF(V10="","",(V10/$AE$23)) -> 1.605363 | ... AL33: =IF(AK10="","",(AK10/$AE$23))
B34: =IF(B11="","",(B11/$AE$23)) -> 0.089245725 | C34: =IF(C11="","",(C11/$AE$23)) -> 0.11925899 | D34: =IF(D11="","",(D11/$AE$23)) | E34: =IF(E11="","",(E11/$AE$23)) | F34: =IF(F11="","",(F11/$AE$23)) -> 0.66669879 | G34: =IF(G11="","",(G11/$AE$23)) -> 0.2059723 | H34: =IF(H11="","",(H11/$AE$23)) -> 1.4889698 | I34: =IF(I11="","",(I11/$AE$23)) -> 0.058095613 | ... N34: =IF(N11="","",(N11/$AE$23)) | P34: =IF(O11="","",(O11/$AE$23)) -> 0.41835503 | Q34: =IF(P11="","",(P11/$AE$23)) -> 0.99122825 | R34: =IF(Q11="","",(Q11/$AE$23)) -> 0.12012951 | S34: =IF(R11="","",(R11/$AE$23)) -> 0.84858831 | T34: =IF(S11="","",(S11/$AE$23)) -> 1.5901326 | U34: =IF(T11="","",(T11/$AE$23)) -> 1.5415611 | V34: =IF(U11="","",(U11/$AE$23)) -> 1.4295518 | W34: =IF(V11="","",(V11/$AE$23)) -> 1.366364 | ... AL34: =IF(AK11="","",(AK11/$AE$23))
B35: =IF(B12="","",(B12/$AE$23)) -> 0.075437852 | C35: =IF(C12="","",(C12/$AE$23)) -> 0.24964766 | D35: =IF(D12="","",(D12/$AE$23)) -> 0.078218202 | E35: =IF(E12="","",(E12/$AE$23)) -> 0.066331376 | F35: =IF(F12="","",(F12/$AE$23)) -> 0.49198087 | G35: =IF(G12="","",(G12/$AE$23)) -> 0.93420526 | H35: =IF(H12="","",(H12/$AE$23)) -> 1.6884652 | I35: =IF(I12="","",(I12/$AE$23)) -> 0.051075026 | ... N35: =IF(N12="","",(N12/$AE$23)) | P35: =IF(O12="","",(O12/$AE$23)) -> 1.3159555 | Q35: =IF(P12="","",(P12/$AE$23)) -> 1.2568738 | R35: =IF(Q12="","",(Q12/$AE$23)) -> 0.026230964 | S35: =IF(R12="","",(R12/$AE$23)) -> 0.79941806 | T35: =IF(S12="","",(S12/$AE$23)) -> 0.60750359 | U35: =IF(T12="","",(T12/$AE$23)) -> 1.170124 | V35: =IF(U12="","",(U12/$AE$23)) -> 1.5230275 | W35: =IF(V12="","",(V12/$AE$23)) -> 1.3502214 | ... AL35: =IF(AK12="","",(AK12/$AE$23))
B36: =IF(B13="","",(B13/$AE$23)) | C36: =IF(C13="","",(C13/$AE$23)) | D36: =IF(D13="","",(D13/$AE$23)) | E36: =IF(E13="","",(E13/$AE$23)) | F36: =IF(F13="","",(F13/$AE$23)) | G36: =IF(G13="","",(G13/$AE$23)) | H36: =IF(H13="","",(H13/$AE$23)) | I36: =IF(I13="","",(I13/$AE$23)) | ... N36: =IF(N13="","",(N13/$AE$23)) | P36: =IF(O13="","",(O13/$AE$23)) -> 0.99588088 | Q36: =IF(P13="","",(P13/$AE$23)) | R36: =IF(Q13="","",(Q13/$AE$23)) | S36: =IF(R13="","",(R13/$AE$23)) | T36: =IF(S13="","",(S13/$AE$23)) | U36: =IF(T13="","",(T13/$AE$23)) | V36: =IF(U13="","",(U13/$AE$23)) | W36: =IF(V13="","",(V13/$AE$23)) | ... AL36: =IF(AK13="","",(AK13/$AE$23))
B37: =IF(B14="","",(B14/$AE$23)) | C37: =IF(C14="","",(C14/$AE$23)) | D37: =IF(D14="","",(D14/$AE$23)) | E37: =IF(E14="","",(E14/$AE$23)) | F37: =IF(F14="","",(F14/$AE$23)) | G37: =IF(G14="","",(G14/$AE$23)) | H37: =IF(H14="","",(H14/$AE$23)) | I37: =IF(I14="","",(I14/$AE$23)) | ... N37: =IF(N14="","",(N14/$AE$23)) | P37: =IF(O14="","",(O14/$AE$23)) -> 0.78337318 | Q37: =IF(P14="","",(P14/$AE$23)) | R37: =IF(Q14="","",(Q14/$AE$23)) | S37: =IF(R14="","",(R14/$AE$23)) | T37: =IF(S14="","",(S14/$AE$23)) | U37: =IF(T14="","",(T14/$AE$23)) | V37: =IF(U14="","",(U14/$AE$23)) | W37: =IF(V14="","",(V14/$AE$23)) | ... AL37: =IF(AK14="","",(AK14/$AE$23))
B38: =IF(B15="","",(B15/$AE$23)) | C38: =IF(C15="","",(C15/$AE$23)) | D38: =IF(D15="","",(D15/$AE$23)) | E38: =IF(E15="","",(E15/$AE$23)) | F38: =IF(F15="","",(F15/$AE$23)) | G38: =IF(G15="","",(G15/$AE$23)) | H38: =IF(H15="","",(H15/$AE$23)) | I38: =IF(I15="","",(I15/$AE$23)) | ... N38: =IF(N15="","",(N15/$AE$23)) | P38: =IF(O15="","",(O15/$AE$23)) -> 1.0138377 | Q38: =IF(P15="","",(P15/$AE$23)) | R38: =IF(Q15="","",(Q15/$AE$23)) | S38: =IF(R15="","",(R15/$AE$23)) | T38: =IF(S15="","",(S15/$AE$23)) | U38: =IF(T15="","",(T15/$AE$23)) | V38: =IF(U15="","",(U15/$AE$23)) | W38: =IF(V15="","",(V15/$AE$23)) | ... AL38: =IF(AK15="","",(AK15/$AE$23))
B39: =IF(B16="","",(B16/$AE$23)) | C39: =IF(C16="","",(C16/$AE$23)) | D39: =IF(D16="","",(D16/$AE$23)) | E39: =IF(E16="","",(E16/$AE$23)) | F39: =IF(F16="","",(F16/$AE$23)) | G39: =IF(G16="","",(G16/$AE$23)) | H39: =IF(H16="","",(H16/$AE$23)) | I39: =IF(I16="","",(I16/$AE$23)) | ... N39: =IF(N16="","",(N16/$AE$23)) | P39: =IF(O16="","",(O16/$AE$23)) -> 0.9338386 | Q39: =IF(P16="","",(P16/$AE$23)) | R39: =IF(Q16="","",(Q16/$AE$23)) | S39: =IF(R16="","",(R16/$AE$23)) | T39: =IF(S16="","",(S16/$AE$23)) | U39: =IF(T16="","",(T16/$AE$23)) | V39: =IF(U16="","",(U16/$AE$23)) | W39: =IF(V16="","",(V16/$AE$23)) | ... AL39: =IF(AK16="","",(AK16/$AE$23))
B40: =IF(B17="","",(B17/$AE$23)) | C40: =IF(C17="","",(C17/$AE$23)) | D40: =IF(D17="","",(D17/$AE$23)) | E40: =IF(E17="","",(E17/$AE$23)) | F40: =IF(F17="","",(F17/$AE$23)) | G40: =IF(G17="","",(G17/$AE$23)) | H40: =IF(H17="","",(H17/$AE$23)) | I40: =IF(I17="","",(I17/$AE$23)) | ... N40: =IF(N17="","",(N17/$AE$23)) | P40: =IF(O17="","",(O17/$AE$23)) -> 1.2841367 | Q40: =IF(P17="","",(P17/$AE$23)) | R40: =IF(Q17="","",(Q17/$AE$23)) | S40: =IF(R17="","",(R17/$AE$23)) | T40: =IF(S17="","",(S17/$AE$23)) | U40: =IF(T17="","",(T17/$AE$23)) | V40: =IF(U17="","",(U17/$AE$23)) | W40: =IF(V17="","",(V17/$AE$23)) | ... AL40: =IF(AK17="","",(AK17/$AE$23))
... B43: =IF(B20="","",(B20/$AE$23)) | C43: =IF(C20="","",(C20/$AE$23)) | D43: =IF(D20="","",(D20/$AE$23)) | E43: =IF(E20="","",(E20/$AE$23)) | F43: =IF(F20="","",(F20/$AE$23)) | G43: =IF(G20="","",(G20/$AE$23)) | H43: =IF(H20="","",(H20/$AE$23)) | I43: =IF(I20="","",(I20/$AE$23)) | ... N43: =IF(N20="","",(N20/$AE$23)) | P43: =IF(O20="","",(O20/$AE$23)) -> 1.1313971 | Q43: =IF(P20="","",(P20/$AE$23)) | R43: =IF(Q20="","",(Q20/$AE$23)) | S43: =IF(R20="","",(R20/$AE$23)) | T43: =IF(S20="","",(S20/$AE$23)) | U43: =IF(T20="","",(T20/$AE$23)) | V43: =IF(U20="","",(U20/$AE$23)) | W43: =IF(V20="","",(V20/$AE$23)) | ... AL43: =IF(AK20="","",(AK20/$AE$23))
A45: =A4 -> Noms des groupes | B45: =B4 -> Témoin solvant | C45: =C4 -> EE2-33,8ng/L | D45: =D4 -> EE2-50,6ng/L | E45: =E4 -> EE2-76ng/L | F45: =F4 -> EE2-114ng/L | G45: =G4 -> EE2-170,9ng/L | H45: =H4 -> EE2-488ng/L | ... N45: =N4 | O45: =AD22 -> Nom des groupes | P45: =O4 -> Testo -30µg/L | Q45: =P4 -> Testo 30µg/L + EE2 -64ng/L | R45: =Q4 -> Testo 30µg/L + FAD-10mg/L | S45: =R4 -> Triphénylphosphate-0,18mg/L + Testostérone | T45: =S4 -> Triphénylphosphate-0,26mg/L + Testostérone | U45: =T4 -> Triphénylphosphate-0,4mg/L + Testostérone | V45: =U4 -> Triphénylphosphate-0,59mg/L + Testostérone | W45: =V4 -> Triphénylphosphate-0,89mg/L + Testostérone | ... AL45: =AK4 -> 0-00 + Testostérone
A46: mean | B46: =AVERAGE(B28:B43) -> 0.12781345 | C46: =AVERAGE(C28:C43) -> 0.12659391 | D46: =AVERAGE(D28:D43) -> 0.17912586 | E46: =AVERAGE(E28:E43) -> 0.14875086 | F46: =AVERAGE(F28:F43) -> 0.47625455 | G46: =AVERAGE(G28:G43) -> 0.7629523 | H46: =AVERAGE(H28:H43) -> 1.7084487 | I46: =AVERAGE(I28:I43) -> 0.09637671 | ... N46: =AVERAGE(N28:N43) -> #DIV/0! | O46: mean | P46: =AVERAGE(P28:P43) -> 1 | Q46: =AVERAGE(Q28:Q43) -> 1.1223236 | R46: =AVERAGE(R28:R43) -> 0.072944156 | S46: =AVERAGE(S28:S43) -> 1.1787947 | T46: =AVERAGE(T28:T43) -> 1.1344234 | U46: =AVERAGE(U28:U43) -> 1.39325 | V46: =AVERAGE(V28:V43) -> 1.277615 | W46: =AVERAGE(W28:W43) -> 1.474389 | ... AL46: =AVERAGE(AL28:AL43) -> #DIV/0!
A47: SD | B47: =STDEV(B28:B43) -> 0.073032532 | C47: =STDEV(C28:C43) -> 0.073531928 | D47: =STDEV(D28:D43) -> 0.070547018 | E47: =STDEV(E28:E43) -> 0.082633532 | F47: =STDEV(F28:F43) -> 0.3278757 | G47: =STDEV(G28:G43) -> 0.32638549 | H47: =STDEV(H28:H43) -> 0.37808521 | I47: =STDEV(I28:I43) -> 0.064367689 | ... N47: =STDEV(N28:N43) -> #DIV/0! | O47: SD | P47: =STDEV(P28:P43) -> 0.2756131 | Q47: =STDEV(Q28:Q43) -> 0.23828748 | R47: =STDEV(R28:R43) -> 0.048750389 | S47: =STDEV(S28:S43) -> 0.26166282 | T47: =STDEV(T28:T43) -> 0.577821 | U47: =STDEV(U28:U43) -> 0.24985071 | V47: =STDEV(V28:V43) -> 0.34147959 | W47: =STDEV(W28:W43) -> 0.36492338 | ... AL47: =STDEV(AL28:AL43) -> #DIV/0!
A48: SEM | B48: =B47/SQRT(COUNT(B28:B43)) -> 0.025820899 | C48: =C47/SQRT(COUNT(C28:C43)) -> 0.027792456 | D48: =D47/SQRT(COUNT(D28:D43)) -> 0.026664266 | E48: =E47/SQRT(COUNT(E28:E43)) -> 0.033734998 | F48: =F47/SQRT(COUNT(F28:F43)) -> 0.11592157 | G48: =G47/SQRT(COUNT(G28:G43)) -> 0.1153947 | H48: =H47/SQRT(COUNT(H28:H43)) -> 0.13367331 | I48: =I47/SQRT(COUNT(I28:I43)) -> 0.022757415 | ... N48: =N47/SQRT(COUNT(N28:N43)) -> #DIV/0! | O48: SEM | P48: =P47/SQRT(COUNT(P28:P43)) -> 0.068903275 | Q48: =Q47/SQRT(COUNT(Q28:Q43)) -> 0.084247347 | R48: =R47/SQRT(COUNT(R28:R43)) -> 0.017235865 | S48: =S47/SQRT(COUNT(S28:S43)) -> 0.092511776 | T48: =T47/SQRT(COUNT(T28:T43)) -> 0.20429057 | U48: =U47/SQRT(COUNT(U28:U43)) -> 0.088335565 | V48: =V47/SQRT(COUNT(V28:V43)) -> 0.12073127 | W48: =W47/SQRT(COUNT(W28:W43)) -> 0.1290199 | ... AL48: =AL47/SQRT(COUNT(AL28:AL43)) -> #DIV/0!
A50: 4. Expérimentateur 1 : réaliser les tests statistiques avec les données normalisées et renseigner les résultats ainsi que le test statistique utilisé dans le tableau violet.
A52: =A27 -> Noms des groupes | B52: =B27 -> Témoin solvant | C52: =C27 -> EE2-33,8ng/L | D52: =D27 -> EE2-50,6ng/L | E52: =E27 -> EE2-76ng/L | F52: =F27 -> EE2-114ng/L | G52: =G27 -> EE2-170,9ng/L | H52: =H27 -> EE2-488ng/L | I52: =I4 -> Triphénylphosphate-0,18mg/L | J52: =J4 -> Triphénylphosphate-0,26mg/L | K52: =K27 -> Triphénylphosphate-0,4mg/L | L52: =L27 -> Triphénylphosphate-0,59mg/L | M52: =M27 -> Triphénylphosphate-0,89mg/L | N52: =N27 | O52: =#REF! -> #REF! | P52: =#REF! -> #REF! | Q52: =#REF! -> #REF! | R52: =#REF! -> #REF! | S52: =#REF! -> #REF! | T52: =#REF! -> #REF! | U52: =#REF! -> #REF! | V52: =#REF! -> #REF! | ... AC52: =#REF! -> #REF! | AE52: =P27 -> Testo -30µg/L | AF52: =Q27 -> Testo 30µg/L + EE2 -64ng/L | AG52: =R27 -> Testo 30µg/L + FAD-10mg/L | AH52: =S27 -> Triphénylphosphate-0,18mg/L + Testostérone | AI52: =T27 -> Triphénylphosphate-0,26mg/L + Testostérone | AJ52: =U27 -> Triphénylphosphate-0,4mg/L + Testostérone | AK52: =V27 -> Triphénylphosphate-0,59mg/L + Testostérone | AL52: =W27 -> Triphénylphosphate-0,89mg/L + Testostérone | ... BA52: =AL27 -> 0-00 + Testostérone
A53: Mean | B53: =B46 -> 0.12781345 | C53: =C46 -> 0.12659391 | D53: =D46 -> 0.17912586 | E53: =E46 -> 0.14875086 | F53: =F46 -> 0.47625455 | G53: =G46 -> 0.7629523 | H53: =H46 -> 1.7084487 | I53: =I46 -> 0.09637671 | ... N53: =N46 -> #DIV/0! | O53: =#REF! -> #REF! | P53: =#REF! -> #REF! | Q53: =#REF! -> #REF! | R53: =#REF! -> #REF! | S53: =#REF! -> #REF! | T53: =#REF! -> #REF! | U53: =#REF! -> #REF! | V53: =#REF! -> #REF! | ... AC53: =#REF! -> #REF! | AE53: =P46 -> 1 | AF53: =Q46 -> 1.1223236 | AG53: =R46 -> 0.072944156 | AH53: =S46 -> 1.1787947 | AI53: =T46 -> 1.1344234 | AJ53: =U46 -> 1.39325 | AK53: =V46 -> 1.277615 | AL53: =W46 -> 1.474389 | ... BA53: =AL46 -> #DIV/0!
A54: SEM | B54: =B48 -> 0.025820899 | C54: =C48 -> 0.027792456 | D54: =D48 -> 0.026664266 | E54: =E48 -> 0.033734998 | F54: =F48 -> 0.11592157 | G54: =G48 -> 0.1153947 | H54: =H48 -> 0.13367331 | I54: =I48 -> 0.022757415 | ... N54: =N48 -> #DIV/0! | O54: =#REF! -> #REF! | P54: =#REF! -> #REF! | Q54: =#REF! -> #REF! | R54: =#REF! -> #REF! | S54: =#REF! -> #REF! | T54: =#REF! -> #REF! | U54: =#REF! -> #REF! | V54: =#REF! -> #REF! | ... AC54: =#REF! -> #REF! | AE54: =P48 -> 0.068903275 | AF54: =Q48 -> 0.084247347 | AG54: =R48 -> 0.017235865 | AH54: =S48 -> 0.092511776 | AI54: =T48 -> 0.20429057 | AJ54: =U48 -> 0.088335565 | AK54: =V48 -> 0.12073127 | AL54: =W48 -> 0.1290199 | ... BA54: =AL48 -> #DIV/0!
A55: % induction | B55: =(B53*100/$B$53)-100 -> 0 | C55: =(C53*100/$B$53)-100 -> -0.95415451 | D55: =(D53*100/$B$53)-100 -> 40.146337 | E55: =(E53*100/$B$53)-100 -> 16.381228 | F55: =(F53*100/$B$53)-100 -> 272.61694 | G55: =(G53*100/$B$53)-100 -> 496.92647 | H55: =(H53*100/$B$53)-100 -> 1236.6737 | I55: =(I53*100/$B$53)-100 -> -24.595798 | ... AC55: =(AC53*100/$B$53)-100 -> #REF! | AE55: =(AE53*100/$AE$53)-100 -> 0 | AF55: =(AF53*100/$AE$53)-100 -> 12.232361 | AG55: =(AG53*100/$AE$53)-100 -> -92.705584 | AH55: =(AH53*100/$AE$53)-100 -> 17.879471 | AI55: =(AI53*100/$AE$53)-100 -> 13.442341 | AJ55: =(AJ53*100/$AE$53)-100 -> 39.325004 | AK55: =(AK53*100/$AE$53)-100 -> 27.761496 | AL55: =(AL53*100/$AE$53)-100 -> 47.438903 | ... BA55: =(BA53*100/$AE$53)-100 -> #DIV/0!
A56: Test de normalité : valeur du p | B56: =[1]!SWTEST(B28:B43) -> #NAME? | C56: =[1]!SWTEST(C28:C43) -> #NAME? | D56: =[1]!SWTEST(D28:D43) -> #NAME? | E56: =[1]!SWTEST(E28:E43) -> #NAME? | F56: =[1]!SWTEST(F28:F43) -> #NAME? | G56: =[1]!SWTEST(G28:G43) -> #NAME? | H56: =[1]!SWTEST(H28:H43) -> #NAME? | I56: =[1]!SWTEST(I28:I43) -> #NAME? | ... N56: =[1]!SWTEST(N28:N43) -> #NAME? | O56: =[1]!SWTEST(#REF!) -> #NAME? | P56: =[1]!SWTEST(#REF!) -> #NAME? | Q56: =[1]!SWTEST(#REF!) -> #NAME? | R56: =[1]!SWTEST(#REF!) -> #NAME? | S56: =[1]!SWTEST(#REF!) -> #NAME? | T56: =[1]!SWTEST(#REF!) -> #NAME? | U56: =[1]!SWTEST(#REF!) -> #NAME? | V56: =[1]!SWTEST(#REF!) -> #NAME? | ... AC56: =[1]!SWTEST(#REF!) -> #NAME? | AE56: =[1]!SWTEST(P28:P43) -> #NAME? | AF56: =[1]!SWTEST(Q28:Q43) -> #NAME? | AG56: =[1]!SWTEST(R28:R43) -> #NAME? | AH56: =[1]!SWTEST(S28:S43) -> #NAME? | AI56: =[1]!SWTEST(T28:T43) -> #NAME? | AJ56: =[1]!SWTEST(U28:U43) -> #NAME? | AK56: =[1]!SWTEST(V28:V43) -> #NAME? | AL56: =[1]!SWTEST(W28:W43) -> #NAME? | ... BA56: =[1]!SWTEST(AL28:AL43) -> #NAME?
A57: Test de normalité : résultat normal? | B57: =IF(B56>0.05,"Oui","Non") -> #NAME? | C57: =IF(C56>0.05,"Oui","Non") -> #NAME? | D57: =IF(D56>0.05,"Oui","Non") -> #NAME? | E57: =IF(E56>0.05,"Oui","Non") -> #NAME? | F57: =IF(F56>0.05,"Oui","Non") -> #NAME? | G57: =IF(G56>0.05,"Oui","Non") -> #NAME? | H57: =IF(H56>0.05,"Oui","Non") -> #NAME? | I57: =IF(I56>0.05,"Oui","Non") -> #NAME? | ... AC57: =IF(AC56>0.05,"Oui","Non") -> #NAME? | AE57: =IF(AE56>0.05,"Oui","Non") -> #NAME? | AF57: =IF(AF56>0.05,"Oui","Non") -> #NAME? | AG57: =IF(AG56>0.05,"Oui","Non") -> #NAME? | AH57: =IF(AH56>0.05,"Oui","Non") -> #NAME? | AI57: =IF(AI56>0.05,"Oui","Non") -> #NAME? | AJ57: =IF(AJ56>0.05,"Oui","Non") -> #NAME? | AK57: =IF(AK56>0.05,"Oui","Non") -> #NAME? | AL57: =IF(AL56>0.05,"Oui","Non") -> #NAME? | ... BA57: =IF(BA56>0.05,"Oui","Non") -> #NAME?
A59: Test statistique utilisé | C59: =IF($B57="Non",IF(C$57="Non","Mann Withney",IF(C$57="Oui","Mann Withney","")),IF($B$57="Oui",IF(C$57="Oui","T-Test Welch",IF(C$57="Non","Mann Withney","")))) -> #NAME? | D59: =IF($B57="Non",IF(D$57="Non","Mann Withney",IF(D$57="Oui","Mann Withney","")),IF($B$57="Oui",IF(D$57="Oui","T-Test Welch",IF(D$57="Non","Mann Withney","")))) -> #NAME? | E59: =IF($B57="Non",IF(E$57="Non","Mann Withney",IF(E$57="Oui","Mann Withney","")),IF($B$57="Oui",IF(E$57="Oui","T-Test Welch",IF(E$57="Non","Mann Withney","")))) -> #NAME? | F59: =IF($B57="Non",IF(F$57="Non","Mann Withney",IF(F$57="Oui","Mann Withney","")),IF($B$57="Oui",IF(F$57="Oui","T-Test Welch",IF(F$57="Non","Mann Withney","")))) -> #NAME? | G59: =IF($B57="Non",IF(G$57="Non","Mann Withney",IF(G$57="Oui","Mann Withney","")),IF($B$57="Oui",IF(G$57="Oui","T-Test Welch",IF(G$57="Non","Mann Withney","")))) -> #NAME? | H59: =IF($B57="Non",IF(H$57="Non","Mann Withney",IF(H$57="Oui","Mann Withney","")),IF($B$57="Oui",IF(H$57="Oui","T-Test Welch",IF(H$57="Non","Mann Withney","")))) -> #NAME? | I59: =IF($B57="Non",IF(I$57="Non","Mann Withney",IF(I$57="Oui","Mann Withney","")),IF($B$57="Oui",IF(I$57="Oui","T-Test Welch",IF(I$57="Non","Mann Withney","")))) -> #NAME? | J59: =IF($B57="Non",IF(J$57="Non","Mann Withney",IF(J$57="Oui","Mann Withney","")),IF($B$57="Oui",IF(J$57="Oui","T-Test Welch",IF(J$57="Non","Mann Withney","")))) -> #NAME? | ... AC59: =IF($B57="Non",IF(AC$57="Non","Mann Withney",IF(AC$57="Oui","Mann Withney","")),IF($B$57="Oui",IF(AC$57="Oui","T-Test Welch",IF(AC$57="Non","Mann Withney","")))) -> #NAME? | AE59: =IF($B57="Non",IF(AE$57="Non","Mann Withney",IF(AE$57="Oui","Mann Withney","")),IF($B$57="Oui",IF(AE$57="Oui","T-Test Welch",IF(AE$57="Non","Mann Withney","")))) -> #NAME? | AF59: =IF($AE57="Non",IF(AF$57="Non","Mann Withney",IF(AF$57="Oui","Mann Withney","")),IF($AE$57="Oui",IF(AF$57="Oui","T-Test Welch",IF(AF$57="Non","Mann Withney","")))) -> #NAME? | AG59: =IF($AE57="Non",IF(AG$57="Non","Mann Withney",IF(AG$57="Oui","Mann Withney","")),IF($AE$57="Oui",IF(AG$57="Oui","T-Test Welch",IF(AG$57="Non","Mann Withney","")))) -> #NAME? | AH59: =IF($AE57="Non",IF(AH$57="Non","Mann Withney",IF(AH$57="Oui","Mann Withney","")),IF($AE$57="Oui",IF(AH$57="Oui","T-Test Welch",IF(AH$57="Non","Mann Withney","")))) -> #NAME? | AI59: =IF($AE57="Non",IF(AI$57="Non","Mann Withney",IF(AI$57="Oui","Mann Withney","")),IF($AE$57="Oui",IF(AI$57="Oui","T-Test Welch",IF(AI$57="Non","Mann Withney","")))) -> #NAME? | AJ59: =IF($AE57="Non",IF(AJ$57="Non","Mann Withney",IF(AJ$57="Oui","Mann Withney","")),IF($AE$57="Oui",IF(AJ$57="Oui","T-Test Welch",IF(AJ$57="Non","Mann Withney","")))) -> #NAME? | AK59: =IF($AE57="Non",IF(AK$57="Non","Mann Withney",IF(AK$57="Oui","Mann Withney","")),IF($AE$57="Oui",IF(AK$57="Oui","T-Test Welch",IF(AK$57="Non","Mann Withney","")))) -> #NAME? | AL59: =IF($AE57="Non",IF(AL$57="Non","Mann Withney",IF(AL$57="Oui","Mann Withney","")),IF($AE$57="Oui",IF(AL$57="Oui","T-Test Welch",IF(AL$57="Non","Mann Withney","")))) -> #NAME? | AM59: =IF($AE57="Non",IF(AM$57="Non","Mann Withney",IF(AM$57="Oui","Mann Withney","")),IF($AE$57="Oui",IF(AM$57="Oui","T-Test Welch",IF(AM$57="Non","Mann Withney","")))) -> #NAME? | ... BA59: =IF($AE57="Non",IF(BA$57="Non","Mann Withney",IF(BA$57="Oui","Mann Withney","")),IF($AE$57="Oui",IF(BA$57="Oui","T-Test Welch",IF(BA$57="Non","Mann Withney","")))) -> #NAME?
A60: Test statistique : valeur du p | C60: =IF(C59="Mann Withney",[1]!MTEST($B28:$B43,C28:C43,2), IF(C59="T-Test Welch",_xlfn.T.TEST($B28:$B43,C28:C43,2,3),"")) -> #NAME? | D60: =IF(D59="Mann Withney",[1]!MTEST($B28:$B43,D28:D43,2), IF(D59="T-Test Welch",_xlfn.T.TEST($B28:$B43,D28:D43,2,3),"")) -> #NAME? | E60: =IF(E59="Mann Withney",[1]!MTEST($B28:$B43,E28:E43,2), IF(E59="T-Test Welch",_xlfn.T.TEST($B28:$B43,E28:E43,2,3),"")) -> #NAME? | F60: =IF(F59="Mann Withney",[1]!MTEST($B28:$B43,F28:F43,2), IF(F59="T-Test Welch",_xlfn.T.TEST($B28:$B43,F28:F43,2,3),"")) -> #NAME? | G60: =IF(G59="Mann Withney",[1]!MTEST($B28:$B43,G28:G43,2), IF(G59="T-Test Welch",_xlfn.T.TEST($B28:$B43,G28:G43,2,3),"")) -> #NAME? | H60: =IF(H59="Mann Withney",[1]!MTEST($B28:$B43,H28:H43,2), IF(H59="T-Test Welch",_xlfn.T.TEST($B28:$B43,H28:H43,2,3),"")) -> #NAME? | I60: =IF(I59="Mann Withney",[1]!MTEST($B28:$B43,I28:I43,2), IF(I59="T-Test Welch",_xlfn.T.TEST($B28:$B43,I28:I43,2,3),"")) -> #NAME? | J60: =IF(J59="Mann Withney",[1]!MTEST($B28:$B43,J28:J43,2), IF(J59="T-Test Welch",_xlfn.T.TEST($B28:$B43,J28:J43,2,3),"")) -> #NAME? | ... N60: =IF(N59="Mann Withney",[1]!MTEST($B28:$B43,N28:N43,2), IF(N59="T-Test Welch",_xlfn.T.TEST($B28:$B43,N28:N43,2,3),"")) -> #NAME? | O60: =IF(O59="Mann Withney",[1]!MTEST($B28:$B43,#REF!,2), IF(O59="T-Test Welch",_xlfn.T.TEST($B28:$B43,#REF!,2,3),"")) -> #NAME? | P60: =IF(P59="Mann Withney",[1]!MTEST($B28:$B43,#REF!,2), IF(P59="T-Test Welch",_xlfn.T.TEST($B28:$B43,#REF!,2,3),"")) -> #NAME? | Q60: =IF(Q59="Mann Withney",[1]!MTEST($B28:$B43,#REF!,2), IF(Q59="T-Test Welch",_xlfn.T.TEST($B28:$B43,#REF!,2,3),"")) -> #NAME? | R60: =IF(R59="Mann Withney",[1]!MTEST($B28:$B43,#REF!,2), IF(R59="T-Test Welch",_xlfn.T.TEST($B28:$B43,#REF!,2,3),"")) -> #NAME? | S60: =IF(S59="Mann Withney",[1]!MTEST($B28:$B43,#REF!,2), IF(S59="T-Test Welch",_xlfn.T.TEST($B28:$B43,#REF!,2,3),"")) -> #NAME? | T60: =IF(T59="Mann Withney",[1]!MTEST($B28:$B43,#REF!,2), IF(T59="T-Test Welch",_xlfn.T.TEST($B28:$B43,#REF!,2,3),"")) -> #NAME? | U60: =IF(U59="Mann Withney",[1]!MTEST($B28:$B43,#REF!,2), IF(U59="T-Test Welch",_xlfn.T.TEST($B28:$B43,#REF!,2,3),"")) -> #NAME? | V60: =IF(V59="Mann Withney",[1]!MTEST($B28:$B43,#REF!,2), IF(V59="T-Test Welch",_xlfn.T.TEST($B28:$B43,#REF!,2,3),"")) -> #NAME? | ... AC60: =IF(AC59="Mann Withney",[1]!MTEST($B28:$B43,#REF!,2), IF(AC59="T-Test Welch",_xlfn.T.TEST($B28:$B43,#REF!,2,3),"")) -> #NAME? | AE60: =IF(AE59="Mann Withney",[1]!MTEST($B28:$B43,P28:P43,2), IF(AE59="T-Test Welch",_xlfn.T.TEST($B28:$B43,P28:P43,2,3),"")) -> #NAME? | AF60: =IF(AF59="Mann Withney",[1]!MTEST($P28:$P43,Q28:Q43,2), IF(AF59="T-Test Welch",_xlfn.T.TEST($P28:$P43,Q28:Q43,2,3),"")) -> #NAME? | AG60: =IF(AG59="Mann Withney",[1]!MTEST($P28:$P43,R28:R43,2), IF(AG59="T-Test Welch",_xlfn.T.TEST($P28:$P43,R28:R43,2,3),"")) -> #NAME? | AH60: =IF(AH59="Mann Withney",[1]!MTEST($P28:$P43,S28:S43,2), IF(AH59="T-Test Welch",_xlfn.T.TEST($P28:$P43,S28:S43,2,3),"")) -> #NAME? | AI60: =IF(AI59="Mann Withney",[1]!MTEST($P28:$P43,T28:T43,2), IF(AI59="T-Test Welch",_xlfn.T.TEST($P28:$P43,T28:T43,2,3),"")) -> #NAME? | AJ60: =IF(AJ59="Mann Withney",[1]!MTEST($P28:$P43,U28:U43,2), IF(AJ59="T-Test Welch",_xlfn.T.TEST($P28:$P43,U28:U43,2,3),"")) -> #NAME? | AK60: =IF(AK59="Mann Withney",[1]!MTEST($P28:$P43,V28:V43,2), IF(AK59="T-Test Welch",_xlfn.T.TEST($P28:$P43,V28:V43,2,3),"")) -> #NAME? | AL60: =IF(AL59="Mann Withney",[1]!MTEST($P28:$P43,W28:W43,2), IF(AL59="T-Test Welch",_xlfn.T.TEST($P28:$P43,W28:W43,2,3),"")) -> #NAME? | AM60: =IF(AM59="Mann Withney",[1]!MTEST($P28:$P43,X28:X43,2), IF(AM59="T-Test Welch",_xlfn.T.TEST($P28:$P43,X28:X43,2,3),"")) -> #NAME? | ... BA60: =IF(BA59="Mann Withney",[1]!MTEST($P28:$P43,AL28:AL43,2), IF(BA59="T-Test Welch",_xlfn.T.TEST($P28:$P43,AL28:AL43,2,3),"")) -> #NAME?
A61: Annotation | C61: =IF(C60>0.05,"NS",IF(C60>0.01,"*",IF(C60>0.001,"**","***"))) -> #NAME? | D61: =IF(D60>0.05,"NS",IF(D60>0.01,"*",IF(D60>0.001,"**","***"))) -> #NAME? | E61: =IF(E60>0.05,"NS",IF(E60>0.01,"*",IF(E60>0.001,"**","***"))) -> #NAME? | F61: =IF(F60>0.05,"NS",IF(F60>0.01,"*",IF(F60>0.001,"**","***"))) -> #NAME? | G61: =IF(G60>0.05,"NS",IF(G60>0.01,"*",IF(G60>0.001,"**","***"))) -> #NAME? | H61: =IF(H60>0.05,"NS",IF(H60>0.01,"*",IF(H60>0.001,"**","***"))) -> #NAME? | I61: =IF(I60>0.05,"NS",IF(I60>0.01,"*",IF(I60>0.001,"**","***"))) -> #NAME? | J61: =IF(J60>0.05,"NS",IF(J60>0.01,"*",IF(J60>0.001,"**","***"))) -> #NAME? | ... AC61: =IF(AC60>0.05,"NS",IF(AC60>0.01,"*",IF(AC60>0.001,"**","***"))) -> #NAME? | AE61: =IF(AE60>0.05,"NS",IF(AE60>0.01,"*",IF(AE60>0.001,"**","***"))) -> #NAME? | AF61: =IF(AF60>0.05,"NS",IF(AF60>0.01,"*",IF(AF60>0.001,"**","***"))) -> #NAME? | AG61: =IF(AG60>0.05,"NS",IF(AG60>0.01,"*",IF(AG60>0.001,"**","***"))) -> #NAME? | AH61: =IF(AH60>0.05,"NS",IF(AH60>0.01,"*",IF(AH60>0.001,"**","***"))) -> #NAME? | AI61: =IF(AI60>0.05,"NS",IF(AI60>0.01,"*",IF(AI60>0.001,"**","***"))) -> #NAME? | AJ61: =IF(AJ60>0.05,"NS",IF(AJ60>0.01,"*",IF(AJ60>0.001,"**","***"))) -> #NAME? | AK61: =IF(AK60>0.05,"NS",IF(AK60>0.01,"*",IF(AK60>0.001,"**","***"))) -> #NAME? | AL61: =IF(AL60>0.05,"NS",IF(AL60>0.01,"*",IF(AL60>0.001,"**","***"))) -> #NAME? | ... BA61: =IF(BA60>0.05,"NS",IF(BA60>0.01,"*",IF(BA60>0.001,"**","***"))) -> #NAME?
A63: Eléments pour la mise en forme conditionnelles des résutats - calcul équivalent hormonal (eqH)
A64: LOD | B64: =B46+(3*B47) -> 0.34691104
A65: LOQ | B65: =B46+(10*B47) -> 0.85813877
A67: 5. Expérimentateur 1 : remplissage du suivi qualité (SQ) et transmission à l'expérimenteur 2.

Sheet Raw data R2
A1: Nom groupe | B1: N° de valeur | C1: file name | D1: total area | E1: mean intensity | G1: total fluorescence | I1: nbre de larves | J1: Colonne1 | L1: (Tous)
A2: =IFERROR(LEFT(RIGHT(C2,LEN(C2)-SEARCH("@",C2)),SEARCH("/",RIGHT(C2,LEN(C2)-SEARCH("@",C2)-1))),"") -> 01 TS | B2: =LEFT(RIGHT(RIGHT(Tableau46[[#This Row],[file name]],LEN(Tableau46[[#This Row],[file name]])-SEARCH("@",Tableau46[[#This Row],[file name]])),LEN(RIGHT(Tableau46[[#This Row],[file name]],LEN(Tableau46[[#This Row],[file name]])-SEARCH("@",Tableau46[[#This Row],[file name]])))-SEARCH("/",RIGHT(Tableau46[[#This Row],[file name]],LEN(Tableau46[[#This Row],[file name]])-SEARCH("@",Tableau46[[#This Row],[file name]])))),1) -> A | C2: \\192.168.24.208\images\R&D\Coralie\Triphenylphosphate\2021-CHG-CBA-TRIPHENYLP 2\plaque 1/@01 TS/A1_01- exclu.tif | K2: Filtre lignes : Enlever (vide) et Néant | L2: Filtre colonnes : Enlever (vide) et " "
A3: =IFERROR(LEFT(RIGHT(C3,LEN(C3)-SEARCH("@",C3)),SEARCH("/",RIGHT(C3,LEN(C3)-SEARCH("@",C3)-1))),"") -> 01 TS | B3: =LEFT(RIGHT(RIGHT(Tableau46[[#This Row],[file name]],LEN(Tableau46[[#This Row],[file name]])-SEARCH("@",Tableau46[[#This Row],[file name]])),LEN(RIGHT(Tableau46[[#This Row],[file name]],LEN(Tableau46[[#This Row],[file name]])-SEARCH("@",Tableau46[[#This Row],[file name]])))-SEARCH("/",RIGHT(Tableau46[[#This Row],[file name]],LEN(Tableau46[[#This Row],[file name]])-SEARCH("@",Tableau46[[#This Row],[file name]])))),1) -> A | C3: \\192.168.24.208\images\R&D\Coralie\Triphenylphosphate\2021-CHG-CBA-TRIPHENYLP 2\plaque 1/@01 TS/A1_02.tif | D3: 519.1175 | E3: 63.9583 | G3: 33202 | K3: Moyenne de total fluorescence | L3: Étiquettes de colonnes
A4: =IFERROR(LEFT(RIGHT(C4,LEN(C4)-SEARCH("@",C4)),SEARCH("/",RIGHT(C4,LEN(C4)-SEARCH("@",C4)-1))),"") -> 01 TS | B4: =LEFT(RIGHT(RIGHT(Tableau46[[#This Row],[file name]],LEN(Tableau46[[#This Row],[file name]])-SEARCH("@",Tableau46[[#This Row],[file name]])),LEN(RIGHT(Tableau46[[#This Row],[file name]],LEN(Tableau46[[#This Row],[file name]])-SEARCH("@",Tableau46[[#This Row],[file name]])))-SEARCH("/",RIGHT(Tableau46[[#This Row],[file name]],LEN(Tableau46[[#This Row],[file name]])-SEARCH("@",Tableau46[[#This Row],[file name]])))),1) -> A | C4: \\192.168.24.208\images\R&D\Coralie\Triphenylphosphate\2021-CHG-CBA-TRIPHENYLP 2\plaque 1/@01 TS/A1_03- exclu.tif | K4: Étiquettes de lignes | L4: 01 TS | M4: 02 EE2 34 | N4: 03 EE2 51 | O4: 04 EE2 76 | P4: 05 EE2 114 | Q4: 06 EE2 171 | R4: 07 EE2 488 | S4: 08 TriphenylP 0.18 | T4: 09 TriphenylP 0.26 | U4: 10 TriphenylP 0.4 | V4: 11 TriphenylP 0.59 | W4: 12 TriphenylP 0.89 | X4: 13 TESTO | Y4: 14 TESTO | Z4: 15 TESTO + EE2 | AA4: 16 TESTO + FAD | AB4: 17 TriphenylP 0.18 + TESTO | AC4: 18 TriphenylP 0.26 + TESTO | AD4: 19 TriphenylP 0.4 + TESTO | AE4: 20 TriphenylP 0.59 + TESTO | AF4: 21 TriphenylP 0.89 + TESTO
A5: =IFERROR(LEFT(RIGHT(C5,LEN(C5)-SEARCH("@",C5)),SEARCH("/",RIGHT(C5,LEN(C5)-SEARCH("@",C5)-1))),"") -> 01 TS | B5: =LEFT(RIGHT(RIGHT(Tableau46[[#This Row],[file name]],LEN(Tableau46[[#This Row],[file name]])-SEARCH("@",Tableau46[[#This Row],[file name]])),LEN(RIGHT(Tableau46[[#This Row],[file name]],LEN(Tableau46[[#This Row],[file name]])-SEARCH("@",Tableau46[[#This Row],[file name]])))-SEARCH("/",RIGHT(Tableau46[[#This Row],[file name]],LEN(Tableau46[[#This Row],[file name]])-SEARCH("@",Tableau46[[#This Row],[file name]])))),1) -> B | C5: \\192.168.24.208\images\R&D\Coralie\Triphenylphosphate\2021-CHG-CBA-TRIPHENYLP 2\plaque 1/@01 TS/B1_01.tif | D5: 7051.3456 | E5: 73.2822 | G5: 516738 | K5: A | L5: 33202 | M5: 170898 | N5: 504452.33 | O5: 504722.5 | P5: 182066 | Q5: 3451965.3 | R5: 6819697 | S5: 330374.67 | U5: 137425.5 | V5: 392957.67 | W5: 5273044 | X5: 3560879 | Y5: 3470809 | Z5: 2030340.3 | AA5: 125669.5 | AB5: 1463349 | AC5: 3158873 | AD5: 4110318 | AE5: 3088727.3 | AF5: 4311854.7
A6: =IFERROR(LEFT(RIGHT(C6,LEN(C6)-SEARCH("@",C6)),SEARCH("/",RIGHT(C6,LEN(C6)-SEARCH("@",C6)-1))),"") -> 01 TS | B6: =LEFT(RIGHT(RIGHT(Tableau46[[#This Row],[file name]],LEN(Tableau46[[#This Row],[file name]])-SEARCH("@",Tableau46[[#This Row],[file name]])),LEN(RIGHT(Tableau46[[#This Row],[file name]],LEN(Tableau46[[#This Row],[file name]])-SEARCH("@",Tableau46[[#This Row],[file name]])))-SEARCH("/",RIGHT(Tableau46[[#This Row],[file name]],LEN(Tableau46[[#This Row],[file name]])-SEARCH("@",Tableau46[[#This Row],[file name]])))),1) -> B | C6: \\192.168.24.208\images\R&D\Coralie\Triphenylphosphate\2021-CHG-CBA-TRIPHENYLP 2\plaque 1/@01 TS/B1_02.tif | D6: 5407.4737 | E6: 70.388 | G6: 380621 | K6: B | L6: 425640 | M6: 271743.33 | N6: 78062.5 | O6: 639682.5 | P6: 1364403 | R6: 5777871.3 | S6: 341190 | T6: 68206 | U6: 258116.67 | V6: 375430 | W6: 964816 | X6: 1792159.7 | Y6: 1625670.5 | Z6: 806016.5 | AA6: 394111 | AB6: 4770610.3 | AC6: 3327038.3 | AD6: 2723823.7 | AE6: 544727 | AF6: 2326151
A7: =IFERROR(LEFT(RIGHT(C7,LEN(C7)-SEARCH("@",C7)),SEARCH("/",RIGHT(C7,LEN(C7)-SEARCH("@",C7)-1))),"") -> 01 TS | B7: =LEFT(RIGHT(RIGHT(Tableau46[[#This Row],[file name]],LEN(Tableau46[[#This Row],[file name]])-SEARCH("@",Tableau46[[#This Row],[file name]])),LEN(RIGHT(Tableau46[[#This Row],[file name]],LEN(Tableau46[[#This Row],[file name]])-SEARCH("@",Tableau46[[#This Row],[file name]])))-SEARCH("/",RIGHT(Tableau46[[#This Row],[file name]],LEN(Tableau46[[#This Row],[file name]])-SEARCH("@",Tableau46[[#This Row],[file name]])))),1) -> B | C7: \\192.168.24.208\images\R&D\Coralie\Triphenylphosphate\2021-CHG-CBA-TRIPHENYLP 2\plaque 1/@01 TS/B1_03.tif | D7: 5493.9932 | E7: 69.0866 | G7: 379561 | K7: C | L7: 285817.5 | M7: 933611.33 | N7: 73210 | O7: 282875.5 | P7: 3719556 | Q7: 3349634.3 | R7: 3553647.3 | S7: 359034.67 | T7: 776606.67 | U7: 185411.67 | V7: 327707 | W7: 3011645.7 | X7: 2669641 | Y7: 4036080.7 | Z7: 4208788 | AA7: 301650.67 | AB7: 3993001.3 | AC7: 6887903 | AD7: 412518.33 | AE7: 4179912 | AF7: 4782773.3
A8: =IFERROR(LEFT(RIGHT(C8,LEN(C8)-SEARCH("@",C8)),SEARCH("/",RIGHT(C8,LEN(C8)-SEARCH("@",C8)-1))),"") -> 01 TS | B8: =LEFT(RIGHT(RIGHT(Tableau46[[#This Row],[file name]],LEN(Tableau46[[#This Row],[file name]])-SEARCH("@",Tableau46[[#This Row],[file name]])),LEN(RIGHT(Tableau46[[#This Row],[file name]],LEN(Tableau46[[#This Row],[file name]])-SEARCH("@",Tableau46[[#This Row],[file name]])))-SEARCH("/",RIGHT(Tableau46[[#This Row],[file name]],LEN(Tableau46[[#This Row],[file name]])-SEARCH("@",Tableau46[[#This Row],[file name]])))),1) -> C | C8: \\192.168.24.208\images\R&D\Coralie\Triphenylphosphate\2021-CHG-CBA-TRIPHENYLP 2\plaque 1/@01 TS/C1_01.tif | D8: 4672.0572 | E8: 66.7315 | G8: 311773 | K8: D | L8: 479909.67 | M8: 82626.333 | N8: 306207 | O8: 718840.67 | P8: 816875 | Q8: 3728013 | R8: 4466573.5 | S8: 486211.33 | T8: 214492.5 | U8: 205671.33 | V8: 1295587.5 | W8: 2638111.7 | X8: 2762527 | Y8: 2514634 | Z8: 6301415.7 | AA8: 725091.67 | AB8: 2839453.5 | AC8: 2523466.3 | AD8: 6470183 | AE8: 3214144.7 | AF8: 5715418.7
A9: =IFERROR(LEFT(RIGHT(C9,LEN(C9)-SEARCH("@",C9)),SEARCH("/",RIGHT(C9,LEN(C9)-SEARCH("@",C9)-1))),"") -> 01 TS | B9: =LEFT(RIGHT(RIGHT(Tableau46[[#This Row],[file name]],LEN(Tableau46[[#This Row],[file name]])-SEARCH("@",Tableau46[[#This Row],[file name]])),LEN(RIGHT(Tableau46[[#This Row],[file name]],LEN(Tableau46[[#This Row],[file name]])-SEARCH("@",Tableau46[[#This Row],[file name]])))-SEARCH("/",RIGHT(Tableau46[[#This Row],[file name]],LEN(Tableau46[[#This Row],[file name]])-SEARCH("@",Tableau46[[#This Row],[file name]])))),1) -> C | C9: \\192.168.24.208\images\R&D\Coralie\Triphenylphosphate\2021-CHG-CBA-TRIPHENYLP 2\plaque 1/@01 TS/C1_02.tif | D9: 3936.6408 | E9: 66.011 | G9: 259862 | K9: E | L9: 169881.33 | M9: 245996.67 | N9: 58948.667 | O9: 1490761.3 | P9: 820184 | Q9: 4534152 | R9: 5336606.7 | S9: 279278 | T9: 79482.333 | U9: 624959.67 | V9: 690296.67 | W9: 3029843.7 | X9: 2908889 | Y9: 3077068.7 | Z9: 5237924 | AA9: 579043 | AB9: 3794972.3 | AC9: 5488557.3 | AD9: 5892113 | AE9: 6158301.5 | AF9: 4212083
A10: =IFERROR(LEFT(RIGHT(C10,LEN(C10)-SEARCH("@",C10)),SEARCH("/",RIGHT(C10,LEN(C10)-SEARCH("@",C10)-1))),"") -> 01 TS | B10: =LEFT(RIGHT(RIGHT(Tableau46[[#This Row],[file name]],LEN(Tableau46[[#This Row],[file name]])-SEARCH("@",Tableau46[[#This Row],[file name]])),LEN(RIGHT(Tableau46[[#This Row],[file name]],LEN(Tableau46[[#This Row],[file name]])-SEARCH("@",Tableau46[[#This Row],[file name]])))-SEARCH("/",RIGHT(Tableau46[[#This Row],[file name]],LEN(Tableau46[[#This Row],[file name]])-SEARCH("@",Tableau46[[#This Row],[file name]])))),1) -> C | C10: \\192.168.24.208\images\R&D\Coralie\Triphenylphosphate\2021-CHG-CBA-TRIPHENYLP 2\plaque 1/@01 TS/C1_03- exclu.tif | K10: F | L10: 110024.33 | M10: 135237.33 | N10: 73022.667 | O10: 486651 | P10: 2799925 | Q10: 3296450 | R10: 6855977.3 | S10: 547149.67 | T10: 197070 | U10: 262154.33 | V10: 59893.333 | W10: 5411961.5 | X10: 2610021.7 | Y10: 2922271 | Z10: 3647463.7 | AA10: 58545 | AB10: 3765051 | AC10: 2834662.3 | AD10: 4772672.3 | AE10: 3415749.7 | AF10: 5391511
A11: =IFERROR(LEFT(RIGHT(C11,LEN(C11)-SEARCH("@",C11)),SEARCH("/",RIGHT(C11,LEN(C11)-SEARCH("@",C11)-1))),"") -> 01 TS | B11: =LEFT(RIGHT(RIGHT(Tableau46[[#This Row],[file name]],LEN(Tableau46[[#This Row],[file name]])-SEARCH("@",Tableau46[[#This Row],[file name]])),LEN(RIGHT(Tableau46[[#This Row],[file name]],LEN(Tableau46[[#This Row],[file name]])-SEARCH("@",Tableau46[[#This Row],[file name]])))-SEARCH("/",RIGHT(Tableau46[[#This Row],[file name]],LEN(Tableau46[[#This Row],[file name]])-SEARCH("@",Tableau46[[#This Row],[file name]])))),1) -> D | C11: \\192.168.24.208\images\R&D\Coralie\Triphenylphosphate\2021-CHG-CBA-TRIPHENYLP 2\plaque 1/@01 TS/D1_01.tif | D11: 10144.4206 | E11: 67.6397 | G11: 686165 | K11: G | L11: 222708.67 | M11: 67521.333 | N11: 140378 | O11: 739872.33 | P11: 1411794 | Q11: 4051899.3 | R11: 5391359.3 | S11: 715877.33 | T11: 409475.67 | U11: 794523.67 | V11: 639437.33 | W11: 1185480.5 | X11: 3724055.3 | Y11: 1929559.7 | Z11: 5242661 | AA11: 122933.5 | AB11: 954938.5 | AC11: 5417755.3 | AD11: 3665668.7 | AE11: 2918687.3 | AF11: 2405525.5
A12: =IFERROR(LEFT(RIGHT(C12,LEN(C12)-SEARCH("@",C12)),SEARCH("/",RIGHT(C12,LEN(C12)-SEARCH("@",C12)-1))),"") -> 01 TS | B12: =LEFT(RIGHT(RIGHT(Tableau46[[#This Row],[file name]],LEN(Tableau46[[#This Row],[file name]])-SEARCH("@",Tableau46[[#This Row],[file name]])),LEN(RIGHT(Tableau46[[#This Row],[file name]],LEN(Tableau46[[#This Row],[file name]])-SEARCH("@",Tableau46[[#This Row],[file name]])))-SEARCH("/",RIGHT(Tableau46[[#This Row],[file name]],LEN(Tableau46[[#This Row],[file name]])-SEARCH("@",Tableau46[[#This Row],[file name]])))),1) -> D | C12: \\192.168.24.208\images\R&D\Coralie\Triphenylphosphate\2021-CHG-CBA-TRIPHENYLP 2\plaque 1/@01 TS/D1_02.tif | D12: 4477.3882 | E12: 64.6425 | G12: 289430 | K12: H | L12: 425081.5 | M12: 66858 | O12: 1312963.3 | P12: 3367212.3 | Q12: 3848463 | R12: 5871024 | S12: 289502 | T12: 377669 | U12: 792714 | V12: 1739779 | W12: 1208188 | X12: 24788 | Y12: 1750694.7 | Z12: 4066766.3 | AA12: 60700.667 | AB12: 3892876.3 | AC12: 4693651.3 | AD12: 2565060.3 | AE12: 5961660 | AF12: 4601507.7
A13: =IFERROR(LEFT(RIGHT(C13,LEN(C13)-SEARCH("@",C13)),SEARCH("/",RIGHT(C13,LEN(C13)-SEARCH("@",C13)-1))),"") -> 01 TS | B13: =LEFT(RIGHT(RIGHT(Tableau46[[#This Row],[file name]],LEN(Tableau46[[#This Row],[file name]])-SEARCH("@",Tableau46[[#This Row],[file name]])),LEN(RIGHT(Tableau46[[#This Row],[file name]],LEN(Tableau46[[#This Row],[file name]])-SEARCH("@",Tableau46[[#This Row],[file name]])))-SEARCH("/",RIGHT(Tableau46[[#This Row],[file name]],LEN(Tableau46[[#This Row],[file name]])-SEARCH("@",Tableau46[[#This Row],[file name]])))),1) -> D | C13: \\192.168.24.208\images\R&D\Coralie\Triphenylphosphate\2021-CHG-CBA-TRIPHENYLP 2\plaque 1/@01 TS/D1_03.tif | D13: 7137.8652 | E13: 65.0242 | G13: 464134
A14: =IFERROR(LEFT(RIGHT(C14,LEN(C14)-SEARCH("@",C14)),SEARCH("/",RIGHT(C14,LEN(C14)-SEARCH("@",C14)-1))),"") -> 01 TS | B14: =LEFT(RIGHT(RIGHT(Tableau46[[#This Row],[file name]],LEN(Tableau46[[#This Row],[file name]])-SEARCH("@",Tableau46[[#This Row],[file name]])),LEN(RIGHT(Tableau46[[#This Row],[file name]],LEN(Tableau46[[#This Row],[file name]])-SEARCH("@",Tableau46[[#This Row],[file name]])))-SEARCH("/",RIGHT(Tableau46[[#This Row],[file name]],LEN(Tableau46[[#This Row],[file name]])-SEARCH("@",Tableau46[[#This Row],[file name]])))),1) -> E | C14: \\192.168.24.208\images\R&D\Coralie\Triphenylphosphate\2021-CHG-CBA-TRIPHENYLP 2\plaque 1/@01 TS/E1_01.tif | D14: 3179.5945 | E14: 65.8435 | G14: 209356
A15: =IFERROR(LEFT(RIGHT(C15,LEN(C15)-SEARCH("@",C15)),SEARCH("/",RIGHT(C15,LEN(C15)-SEARCH("@",C15)-1))),"") -> 01 TS | B15: =LEFT(RIGHT(RIGHT(Tableau46[[#This Row],[file name]],LEN(Tableau46[[#This Row],[file name]])-SEARCH("@",Tableau46[[#This Row],[file name]])),LEN(RIGHT(Tableau46[[#This Row],[file name]],LEN(Tableau46[[#This Row],[file name]])-SEARCH("@",Tableau46[[#This Row],[file name]])))-SEARCH("/",RIGHT(Tableau46[[#This Row],[file name]],LEN(Tableau46[[#This Row],[file name]])-SEARCH("@",Tableau46[[#This Row],[file name]])))),1) -> E | C15: \\192.168.24.208\images\R&D\Coralie\Triphenylphosphate\2021-CHG-CBA-TRIPHENYLP 2\plaque 1/@01 TS/E1_02.tif | D15: 2552.3276 | E15: 68.4915 | G15: 174813
A16: =IFERROR(LEFT(RIGHT(C16,LEN(C16)-SEARCH("@",C16)),SEARCH("/",RIGHT(C16,LEN(C16)-SEARCH("@",C16)-1))),"") -> 01 TS | B16: =LEFT(RIGHT(RIGHT(Tableau46[[#This Row],[file name]],LEN(Tableau46[[#This Row],[file name]])-SEARCH("@",Tableau46[[#This Row],[file name]])),LEN(RIGHT(Tableau46[[#This Row],[file name]],LEN(Tableau46[[#This Row],[file name]])-SEARCH("@",Tableau46[[#This Row],[file name]])))-SEARCH("/",RIGHT(Tableau46[[#This Row],[file name]],LEN(Tableau46[[#This Row],[file name]])-SEARCH("@",Tableau46[[#This Row],[file name]])))),1) -> E | C16: \\192.168.24.208\images\R&D\Coralie\Triphenylphosphate\2021-CHG-CBA-TRIPHENYLP 2\plaque 1/@01 TS/E1_03.tif | D16: 1946.6905 | E16: 64.4556 | G16: 125475
A17: =IFERROR(LEFT(RIGHT(C17,LEN(C17)-SEARCH("@",C17)),SEARCH("/",RIGHT(C17,LEN(C17)-SEARCH("@",C17)-1))),"") -> 01 TS | B17: =LEFT(RIGHT(RIGHT(Tableau46[[#This Row],[file name]],LEN(Tableau46[[#This Row],[file name]])-SEARCH("@",Tableau46[[#This Row],[file name]])),LEN(RIGHT(Tableau46[[#This Row],[file name]],LEN(Tableau46[[#This Row],[file name]])-SEARCH("@",Tableau46[[#This Row],[file name]])))-SEARCH("/",RIGHT(Tableau46[[#This Row],[file name]],LEN(Tableau46[[#This Row],[file name]])-SEARCH("@",Tableau46[[#This Row],[file name]])))),1) -> F | C17: \\192.168.24.208\images\R&D\Coralie\Triphenylphosphate\2021-CHG-CBA-TRIPHENYLP 2\plaque 1/@01 TS/F1_01.tif | D17: 1405.9432 | E17: 62.5385 | G17: 87926
A18: =IFERROR(LEFT(RIGHT(C18,LEN(C18)-SEARCH("@",C18)),SEARCH("/",RIGHT(C18,LEN(C18)-SEARCH("@",C18)-1))),"") -> 01 TS | B18: =LEFT(RIGHT(RIGHT(Tableau46[[#This Row],[file name]],LEN(Tableau46[[#This Row],[file name]])-SEARCH("@",Tableau46[[#This Row],[file name]])),LEN(RIGHT(Tableau46[[#This Row],[file name]],LEN(Tableau46[[#This Row],[file name]])-SEARCH("@",Tableau46[[#This Row],[file name]])))-SEARCH("/",RIGHT(Tableau46[[#This Row],[file name]],LEN(Tableau46[[#This Row],[file name]])-SEARCH("@",Tableau46[[#This Row],[file name]])))),1) -> F | C18: \\192.168.24.208\images\R&D\Coralie\Triphenylphosphate\2021-CHG-CBA-TRIPHENYLP 2\plaque 1/@01 TS/F1_02.tif | D18: 1449.2029 | E18: 66.3433 | G18: 96145
A19: =IFERROR(LEFT(RIGHT(C19,LEN(C19)-SEARCH("@",C19)),SEARCH("/",RIGHT(C19,LEN(C19)-SEARCH("@",C19)-1))),"") -> 01 TS | B19: =LEFT(RIGHT(RIGHT(Tableau46[[#This Row],[file name]],LEN(Tableau46[[#This Row],[file name]])-SEARCH("@",Tableau46[[#This Row],[file name]])),LEN(RIGHT(Tableau46[[#This Row],[file name]],LEN(Tableau46[[#This Row],[file name]])-SEARCH("@",Tableau46[[#This Row],[file name]])))-SEARCH("/",RIGHT(Tableau46[[#This Row],[file name]],LEN(Tableau46[[#This Row],[file name]])-SEARCH("@",Tableau46[[#This Row],[file name]])))),1) -> F | C19: \\192.168.24.208\images\R&D\Coralie\Triphenylphosphate\2021-CHG-CBA-TRIPHENYLP 2\plaque 1/@01 TS/F1_03.tif | D19: 2249.509 | E19: 64.9038 | G19: 146002
A20: =IFERROR(LEFT(RIGHT(C20,LEN(C20)-SEARCH("@",C20)),SEARCH("/",RIGHT(C20,LEN(C20)-SEARCH("@",C20)-1))),"") -> 01 TS | B20: =LEFT(RIGHT(RIGHT(Tableau46[[#This Row],[file name]],LEN(Tableau46[[#This Row],[file name]])-SEARCH("@",Tableau46[[#This Row],[file name]])),LEN(RIGHT(Tableau46[[#This Row],[file name]],LEN(Tableau46[[#This Row],[file name]])-SEARCH("@",Tableau46[[#This Row],[file name]])))-SEARCH("/",RIGHT(Tableau46[[#This Row],[file name]],LEN(Tableau46[[#This Row],[file name]])-SEARCH("@",Tableau46[[#This Row],[file name]])))),1) -> G | C20: \\192.168.24.208\images\R&D\Coralie\Triphenylphosphate\2021-CHG-CBA-TRIPHENYLP 2\plaque 1/@01 TS/G1_01.tif | D20: 5256.0644 | E20: 78.9877 | G20: 415164
A21: =IFERROR(LEFT(RIGHT(C21,LEN(C21)-SEARCH("@",C21)),SEARCH("/",RIGHT(C21,LEN(C21)-SEARCH("@",C21)-1))),"") -> 01 TS | B21: =LEFT(RIGHT(RIGHT(Tableau46[[#This Row],[file name]],LEN(Tableau46[[#This Row],[file name]])-SEARCH("@",Tableau46[[#This Row],[file name]])),LEN(RIGHT(Tableau46[[#This Row],[file name]],LEN(Tableau46[[#This Row],[file name]])-SEARCH("@",Tableau46[[#This Row],[file name]])))-SEARCH("/",RIGHT(Tableau46[[#This Row],[file name]],LEN(Tableau46[[#This Row],[file name]])-SEARCH("@",Tableau46[[#This Row],[file name]])))),1) -> G | C21: \\192.168.24.208\images\R&D\Coralie\Triphenylphosphate\2021-CHG-CBA-TRIPHENYLP 2\plaque 1/@01 TS/G1_02.tif | D21: 3049.8151 | E21: 66.2128 | G21: 201937
A22: =IFERROR(LEFT(RIGHT(C22,LEN(C22)-SEARCH("@",C22)),SEARCH("/",RIGHT(C22,LEN(C22)-SEARCH("@",C22)-1))),"") -> 01 TS | B22: =LEFT(RIGHT(RIGHT(Tableau46[[#This Row],[file name]],LEN(Tableau46[[#This Row],[file name]])-SEARCH("@",Tableau46[[#This Row],[file name]])),LEN(RIGHT(Tableau46[[#This Row],[file name]],LEN(Tableau46[[#This Row],[file name]])-SEARCH("@",Tableau46[[#This Row],[file name]])))-SEARCH("/",RIGHT(Tableau46[[#This Row],[file name]],LEN(Tableau46[[#This Row],[file name]])-SEARCH("@",Tableau46[[#This Row],[file name]])))),1) -> G | C22: \\192.168.24.208\images\R&D\Coralie\Triphenylphosphate\2021-CHG-CBA-TRIPHENYLP 2\plaque 1/@01 TS/G1_03.tif | D22: 800.3061 | E22: 63.7568 | G22: 51025
A23: =IFERROR(LEFT(RIGHT(C23,LEN(C23)-SEARCH("@",C23)),SEARCH("/",RIGHT(C23,LEN(C23)-SEARCH("@",C23)-1))),"") -> 01 TS | B23: =LEFT(RIGHT(RIGHT(Tableau46[[#This Row],[file name]],LEN(Tableau46[[#This Row],[file name]])-SEARCH("@",Tableau46[[#This Row],[file name]])),LEN(RIGHT(Tableau46[[#This Row],[file name]],LEN(Tableau46[[#This Row],[file name]])-SEARCH("@",Tableau46[[#This Row],[file name]])))-SEARCH("/",RIGHT(Tableau46[[#This Row],[file name]],LEN(Tableau46[[#This Row],[file name]])-SEARCH("@",Tableau46[[#This Row],[file name]])))),1) -> H | C23: \\192.168.24.208\images\R&D\Coralie\Triphenylphosphate\2021-CHG-CBA-TRIPHENYLP 2\plaque 1/@01 TS/H1_01.tif | D23: 6813.4168 | E23: 70.8476 | G23: 482714
A24: =IFERROR(LEFT(RIGHT(C24,LEN(C24)-SEARCH("@",C24)),SEARCH("/",RIGHT(C24,LEN(C24)-SEARCH("@",C24)-1))),"") -> 01 TS | B24: =LEFT(RIGHT(RIGHT(Tableau46[[#This Row],[file name]],LEN(Tableau46[[#This Row],[file name]])-SEARCH("@",Tableau46[[#This Row],[file name]])),LEN(RIGHT(Tableau46[[#This Row],[file name]],LEN(Tableau46[[#This Row],[file name]])-SEARCH("@",Tableau46[[#This Row],[file name]])))-SEARCH("/",RIGHT(Tableau46[[#This Row],[file name]],LEN(Tableau46[[#This Row],[file name]])-SEARCH("@",Tableau46[[#This Row],[file name]])))),1) -> H | C24: \\192.168.24.208\images\R&D\Coralie\Triphenylphosphate\2021-CHG-CBA-TRIPHENYLP 2\plaque 1/@01 TS/H1_02- exclu.tif
A25: =IFERROR(LEFT(RIGHT(C25,LEN(C25)-SEARCH("@",C25)),SEARCH("/",RIGHT(C25,LEN(C25)-SEARCH("@",C25)-1))),"") -> 01 TS | B25: =LEFT(RIGHT(RIGHT(Tableau46[[#This Row],[file name]],LEN(Tableau46[[#This Row],[file name]])-SEARCH("@",Tableau46[[#This Row],[file name]])),LEN(RIGHT(Tableau46[[#This Row],[file name]],LEN(Tableau46[[#This Row],[file name]])-SEARCH("@",Tableau46[[#This Row],[file name]])))-SEARCH("/",RIGHT(Tableau46[[#This Row],[file name]],LEN(Tableau46[[#This Row],[file name]])-SEARCH("@",Tableau46[[#This Row],[file name]])))),1) -> H | C25: \\192.168.24.208\images\R&D\Coralie\Triphenylphosphate\2021-CHG-CBA-TRIPHENYLP 2\plaque 1/@01 TS/H1_03.tif | D25: 5256.0644 | E25: 69.9095 | G25: 367449
A26: =IFERROR(LEFT(RIGHT(C26,LEN(C26)-SEARCH("@",C26)),SEARCH("/",RIGHT(C26,LEN(C26)-SEARCH("@",C26)-1))),"") | B26: =LEFT(RIGHT(RIGHT(Tableau46[[#This Row],[file name]],LEN(Tableau46[[#This Row],[file name]])-SEARCH("@",Tableau46[[#This Row],[file name]])),LEN(RIGHT(Tableau46[[#This Row],[file name]],LEN(Tableau46[[#This Row],[file name]])-SEARCH("@",Tableau46[[#This Row],[file name]])))-SEARCH("/",RIGHT(Tableau46[[#This Row],[file name]],LEN(Tableau46[[#This Row],[file name]])-SEARCH("@",Tableau46[[#This Row],[file name]])))),1) -> #VALUE!
A27: =IFERROR(LEFT(RIGHT(C27,LEN(C27)-SEARCH("@",C27)),SEARCH("/",RIGHT(C27,LEN(C27)-SEARCH("@",C27)-1))),"") | B27: =LEFT(RIGHT(RIGHT(Tableau46[[#This Row],[file name]],LEN(Tableau46[[#This Row],[file name]])-SEARCH("@",Tableau46[[#This Row],[file name]])),LEN(RIGHT(Tableau46[[#This Row],[file name]],LEN(Tableau46[[#This Row],[file name]])-SEARCH("@",Tableau46[[#This Row],[file name]])))-SEARCH("/",RIGHT(Tableau46[[#This Row],[file name]],LEN(Tableau46[[#This Row],[file name]])-SEARCH("@",Tableau46[[#This Row],[file name]])))),1) -> #VALUE! | C27: group | E27: mean of mean fluo | F27: SD mean fluo | G27: mean of total fluo | H27: SD total fluo | I27: n fluorescent | J27: n total
A28: =IFERROR(LEFT(RIGHT(C28,LEN(C28)-SEARCH("@",C28)),SEARCH("/",RIGHT(C28,LEN(C28)-SEARCH("@",C28)-1))),"") -> 01 TS | B28: =LEFT(RIGHT(RIGHT(Tableau46[[#This Row],[file name]],LEN(Tableau46[[#This Row],[file name]])-SEARCH("@",Tableau46[[#This Row],[file name]])),LEN(RIGHT(Tableau46[[#This Row],[file name]],LEN(Tableau46[[#This Row],[file name]])-SEARCH("@",Tableau46[[#This Row],[file name]])))-SEARCH("/",RIGHT(Tableau46[[#This Row],[file name]],LEN(Tableau46[[#This Row],[file name]])-SEARCH("@",Tableau46[[#This Row],[file name]])))),1) | C28: \\192.168.24.208\images\R&D\Coralie\Triphenylphosphate\2021-CHG-CBA-TRIPHENYLP 2\plaque 1/@01 TS/ | E28: 66.9518 | F28: 3.746 | G28: 244009.542 | H28: 185008.09 | I28: 24 | J28: 24
A29: =IFERROR(LEFT(RIGHT(C29,LEN(C29)-SEARCH("@",C29)),SEARCH("/",RIGHT(C29,LEN(C29)-SEARCH("@",C29)-1))),"") | B29: =LEFT(RIGHT(RIGHT(Tableau46[[#This Row],[file name]],LEN(Tableau46[[#This Row],[file name]])-SEARCH("@",Tableau46[[#This Row],[file name]])),LEN(RIGHT(Tableau46[[#This Row],[file name]],LEN(Tableau46[[#This Row],[file name]])-SEARCH("@",Tableau46[[#This Row],[file name]])))-SEARCH("/",RIGHT(Tableau46[[#This Row],[file name]],LEN(Tableau46[[#This Row],[file name]])-SEARCH("@",Tableau46[[#This Row],[file name]])))),1) -> #VALUE!
A30: =IFERROR(LEFT(RIGHT(C30,LEN(C30)-SEARCH("@",C30)),SEARCH("/",RIGHT(C30,LEN(C30)-SEARCH("@",C30)-1))),"") | B30: =LEFT(RIGHT(RIGHT(Tableau46[[#This Row],[file name]],LEN(Tableau46[[#This Row],[file name]])-SEARCH("@",Tableau46[[#This Row],[file name]])),LEN(RIGHT(Tableau46[[#This Row],[file name]],LEN(Tableau46[[#This Row],[file name]])-SEARCH("@",Tableau46[[#This Row],[file name]])))-SEARCH("/",RIGHT(Tableau46[[#This Row],[file name]],LEN(Tableau46[[#This Row],[file name]])-SEARCH("@",Tableau46[[#This Row],[file name]])))),1) -> #VALUE!
A31: =IFERROR(LEFT(RIGHT(C31,LEN(C31)-SEARCH("@",C31)),SEARCH("/",RIGHT(C31,LEN(C31)-SEARCH("@",C31)-1))),"") | B31: =LEFT(RIGHT(RIGHT(Tableau46[[#This Row],[file name]],LEN(Tableau46[[#This Row],[file name]])-SEARCH("@",Tableau46[[#This Row],[file name]])),LEN(RIGHT(Tableau46[[#This Row],[file name]],LEN(Tableau46[[#This Row],[file name]])-SEARCH("@",Tableau46[[#This Row],[file name]])))-SEARCH("/",RIGHT(Tableau46[[#This Row],[file name]],LEN(Tableau46[[#This Row],[file name]])-SEARCH("@",Tableau46[[#This Row],[file name]])))),1) -> #VALUE!
A32: =IFERROR(LEFT(RIGHT(C32,LEN(C32)-SEARCH("@",C32)),SEARCH("/",RIGHT(C32,LEN(C32)-SEARCH("@",C32)-1))),"") | B32: =LEFT(RIGHT(RIGHT(Tableau46[[#This Row],[file name]],LEN(Tableau46[[#This Row],[file name]])-SEARCH("@",Tableau46[[#This Row],[file name]])),LEN(RIGHT(Tableau46[[#This Row],[file name]],LEN(Tableau46[[#This Row],[file name]])-SEARCH("@",Tableau46[[#This Row],[file name]])))-SEARCH("/",RIGHT(Tableau46[[#This Row],[file name]],LEN(Tableau46[[#This Row],[file name]])-SEARCH("@",Tableau46[[#This Row],[file name]])))),1) -> #VALUE!
A33: =IFERROR(LEFT(RIGHT(C33,LEN(C33)-SEARCH("@",C33)),SEARCH("/",RIGHT(C33,LEN(C33)-SEARCH("@",C33)-1))),"") | B33: =LEFT(RIGHT(RIGHT(Tableau46[[#This Row],[file name]],LEN(Tableau46[[#This Row],[file name]])-SEARCH("@",Tableau46[[#This Row],[file name]])),LEN(RIGHT(Tableau46[[#This Row],[file name]],LEN(Tableau46[[#This Row],[file name]])-SEARCH("@",Tableau46[[#This Row],[file name]])))-SEARCH("/",RIGHT(Tableau46[[#This Row],[file name]],LEN(Tableau46[[#This Row],[file name]])-SEARCH("@",Tableau46[[#This Row],[file name]])))),1) -> #VALUE!
A34: =IFERROR(LEFT(RIGHT(C34,LEN(C34)-SEARCH("@",C34)),SEARCH("/",RIGHT(C34,LEN(C34)-SEARCH("@",C34)-1))),"") | B34: =LEFT(RIGHT(RIGHT(Tableau46[[#This Row],[file name]],LEN(Tableau46[[#This Row],[file name]])-SEARCH("@",Tableau46[[#This Row],[file name]])),LEN(RIGHT(Tableau46[[#This Row],[file name]],LEN(Tableau46[[#This Row],[file name]])-SEARCH("@",Tableau46[[#This Row],[file name]])))-SEARCH("/",RIGHT(Tableau46[[#This Row],[file name]],LEN(Tableau46[[#This Row],[file name]])-SEARCH("@",Tableau46[[#This Row],[file name]])))),1) -> #VALUE! | C34: file name | D34: total area | E34: mean intensity | G34: total fluorescence
A35: =IFERROR(LEFT(RIGHT(C35,LEN(C35)-SEARCH("@",C35)),SEARCH("/",RIGHT(C35,LEN(C35)-SEARCH("@",C35)-1))),"") -> 02 EE2 34 | B35: =LEFT(RIGHT(RIGHT(Tableau46[[#This Row],[file name]],LEN(Tableau46[[#This Row],[file name]])-SEARCH("@",Tableau46[[#This Row],[file name]])),LEN(RIGHT(Tableau46[[#This Row],[file name]],LEN(Tableau46[[#This Row],[file name]])-SEARCH("@",Tableau46[[#This Row],[file name]])))-SEARCH("/",RIGHT(Tableau46[[#This Row],[file name]],LEN(Tableau46[[#This Row],[file name]])-SEARCH("@",Tableau46[[#This Row],[file name]])))),1) -> A | C35: \\192.168.24.208\images\R&D\Coralie\Triphenylphosphate\2021-CHG-CBA-TRIPHENYLP 2\plaque 1/@02 EE2 34/A2_01.tif | D35: 2638.8471 | E35: 64.7623 | G35: 170898
A36: =IFERROR(LEFT(RIGHT(C36,LEN(C36)-SEARCH("@",C36)),SEARCH("/",RIGHT(C36,LEN(C36)-SEARCH("@",C36)-1))),"") -> 02 EE2 34 | B36: =LEFT(RIGHT(RIGHT(Tableau46[[#This Row],[file name]],LEN(Tableau46[[#This Row],[file name]])-SEARCH("@",Tableau46[[#This Row],[file name]])),LEN(RIGHT(Tableau46[[#This Row],[file name]],LEN(Tableau46[[#This Row],[file name]])-SEARCH("@",Tableau46[[#This Row],[file name]])))-SEARCH("/",RIGHT(Tableau46[[#This Row],[file name]],LEN(Tableau46[[#This Row],[file name]])-SEARCH("@",Tableau46[[#This Row],[file name]])))),1) -> A | C36: \\192.168.24.208\images\R&D\Coralie\Triphenylphosphate\2021-CHG-CBA-TRIPHENYLP 2\plaque 1/@02 EE2 34/A2_02- exclu.tif
A37: =IFERROR(LEFT(RIGHT(C37,LEN(C37)-SEARCH("@",C37)),SEARCH("/",RIGHT(C37,LEN(C37)-SEARCH("@",C37)-1))),"") -> 02 EE2 34 | B37: =LEFT(RIGHT(RIGHT(Tableau46[[#This Row],[file name]],LEN(Tableau46[[#This Row],[file name]])-SEARCH("@",Tableau46[[#This Row],[file name]])),LEN(RIGHT(Tableau46[[#This Row],[file name]],LEN(Tableau46[[#This Row],[file name]])-SEARCH("@",Tableau46[[#This Row],[file name]])))-SEARCH("/",RIGHT(Tableau46[[#This Row],[file name]],LEN(Tableau46[[#This Row],[file name]])-SEARCH("@",Tableau46[[#This Row],[file name]])))),1) -> A | C37: \\192.168.24.208\images\R&D\Coralie\Triphenylphosphate\2021-CHG-CBA-TRIPHENYLP 2\plaque 1/@02 EE2 34/A2_03- exclu.tif
A38: =IFERROR(LEFT(RIGHT(C38,LEN(C38)-SEARCH("@",C38)),SEARCH("/",RIGHT(C38,LEN(C38)-SEARCH("@",C38)-1))),"") -> 02 EE2 34 | B38: =LEFT(RIGHT(RIGHT(Tableau46[[#This Row],[file name]],LEN(Tableau46[[#This Row],[file name]])-SEARCH("@",Tableau46[[#This Row],[file name]])),LEN(RIGHT(Tableau46[[#This Row],[file name]],LEN(Tableau46[[#This Row],[file name]])-SEARCH("@",Tableau46[[#This Row],[file name]])))-SEARCH("/",RIGHT(Tableau46[[#This Row],[file name]],LEN(Tableau46[[#This Row],[file name]])-SEARCH("@",Tableau46[[#This Row],[file name]])))),1) -> B | C38: \\192.168.24.208\images\R&D\Coralie\Triphenylphosphate\2021-CHG-CBA-TRIPHENYLP 2\plaque 1/@02 EE2 34/B2_01.tif | D38: 1925.0606 | E38: 64.1461 | G38: 123485
A39: =IFERROR(LEFT(RIGHT(C39,LEN(C39)-SEARCH("@",C39)),SEARCH("/",RIGHT(C39,LEN(C39)-SEARCH("@",C39)-1))),"") -> 02 EE2 34 | B39: =LEFT(RIGHT(RIGHT(Tableau46[[#This Row],[file name]],LEN(Tableau46[[#This Row],[file name]])-SEARCH("@",Tableau46[[#This Row],[file name]])),LEN(RIGHT(Tableau46[[#This Row],[file name]],LEN(Tableau46[[#This Row],[file name]])-SEARCH("@",Tableau46[[#This Row],[file name]])))-SEARCH("/",RIGHT(Tableau46[[#This Row],[file name]],LEN(Tableau46[[#This Row],[file name]])-SEARCH("@",Tableau46[[#This Row],[file name]])))),1) -> B | C39: \\192.168.24.208\images\R&D\Coralie\Triphenylphosphate\2021-CHG-CBA-TRIPHENYLP 2\plaque 1/@02 EE2 34/B2_02.tif | D39: 6488.9684 | E39: 75.1567 | G39: 487689
A40: =IFERROR(LEFT(RIGHT(C40,LEN(C40)-SEARCH("@",C40)),SEARCH("/",RIGHT(C40,LEN(C40)-SEARCH("@",C40)-1))),"") -> 02 EE2 34 | B40: =LEFT(RIGHT(RIGHT(Tableau46[[#This Row],[file name]],LEN(Tableau46[[#This Row],[file name]])-SEARCH("@",Tableau46[[#This Row],[file name]])),LEN(RIGHT(Tableau46[[#This Row],[file name]],LEN(Tableau46[[#This Row],[file name]])-SEARCH("@",Tableau46[[#This Row],[file name]])))-SEARCH("/",RIGHT(Tableau46[[#This Row],[file name]],LEN(Tableau46[[#This Row],[file name]])-SEARCH("@",Tableau46[[#This Row],[file name]])))),1) -> B | C40: \\192.168.24.208\images\R&D\Coralie\Triphenylphosphate\2021-CHG-CBA-TRIPHENYLP 2\plaque 1/@02 EE2 34/B2_03.tif | D40: 3157.9646 | E40: 64.6164 | G40: 204056
A41: =IFERROR(LEFT(RIGHT(C41,LEN(C41)-SEARCH("@",C41)),SEARCH("/",RIGHT(C41,LEN(C41)-SEARCH("@",C41)-1))),"") -> 02 EE2 34 | B41: =LEFT(RIGHT(RIGHT(Tableau46[[#This Row],[file name]],LEN(Tableau46[[#This Row],[file name]])-SEARCH("@",Tableau46[[#This Row],[file name]])),LEN(RIGHT(Tableau46[[#This Row],[file name]],LEN(Tableau46[[#This Row],[file name]])-SEARCH("@",Tableau46[[#This Row],[file name]])))-SEARCH("/",RIGHT(Tableau46[[#This Row],[file name]],LEN(Tableau46[[#This Row],[file name]])-SEARCH("@",Tableau46[[#This Row],[file name]])))),1) -> C | C41: \\192.168.24.208\images\R&D\Coralie\Triphenylphosphate\2021-CHG-CBA-TRIPHENYLP 2\plaque 1/@02 EE2 34/C2_01.tif | D41: 15573.5241 | E41: 65.625 | G41: 1022013
A42: =IFERROR(LEFT(RIGHT(C42,LEN(C42)-SEARCH("@",C42)),SEARCH("/",RIGHT(C42,LEN(C42)-SEARCH("@",C42)-1))),"") -> 02 EE2 34 | B42: =LEFT(RIGHT(RIGHT(Tableau46[[#This Row],[file name]],LEN(Tableau46[[#This Row],[file name]])-SEARCH("@",Tableau46[[#This Row],[file name]])),LEN(RIGHT(Tableau46[[#This Row],[file name]],LEN(Tableau46[[#This Row],[file name]])-SEARCH("@",Tableau46[[#This Row],[file name]])))-SEARCH("/",RIGHT(Tableau46[[#This Row],[file name]],LEN(Tableau46[[#This Row],[file name]])-SEARCH("@",Tableau46[[#This Row],[file name]])))),1) -> C | C42: \\192.168.24.208\images\R&D\Coralie\Triphenylphosphate\2021-CHG-CBA-TRIPHENYLP 2\plaque 1/@02 EE2 34/C2_02.tif | D42: 15703.3035 | E42: 66.1832 | G42: 1039295
A43: =IFERROR(LEFT(RIGHT(C43,LEN(C43)-SEARCH("@",C43)),SEARCH("/",RIGHT(C43,LEN(C43)-SEARCH("@",C43)-1))),"") -> 02 EE2 34 | B43: =LEFT(RIGHT(RIGHT(Tableau46[[#This Row],[file name]],LEN(Tableau46[[#This Row],[file name]])-SEARCH("@",Tableau46[[#This Row],[file name]])),LEN(RIGHT(Tableau46[[#This Row],[file name]],LEN(Tableau46[[#This Row],[file name]])-SEARCH("@",Tableau46[[#This Row],[file name]])))-SEARCH("/",RIGHT(Tableau46[[#This Row],[file name]],LEN(Tableau46[[#This Row],[file name]])-SEARCH("@",Tableau46[[#This Row],[file name]])))),1) -> C | C43: \\192.168.24.208\images\R&D\Coralie\Triphenylphosphate\2021-CHG-CBA-TRIPHENYLP 2\plaque 1/@02 EE2 34/C2_03.tif | D43: 11225.9153 | E43: 65.8767 | G43: 739526
A44: =IFERROR(LEFT(RIGHT(C44,LEN(C44)-SEARCH("@",C44)),SEARCH("/",RIGHT(C44,LEN(C44)-SEARCH("@",C44)-1))),"") -> 02 EE2 34 | B44: =LEFT(RIGHT(RIGHT(Tableau46[[#This Row],[file name]],LEN(Tableau46[[#This Row],[file name]])-SEARCH("@",Tableau46[[#This Row],[file name]])),LEN(RIGHT(Tableau46[[#This Row],[file name]],LEN(Tableau46[[#This Row],[file name]])-SEARCH("@",Tableau46[[#This Row],[file name]])))-SEARCH("/",RIGHT(Tableau46[[#This Row],[file name]],LEN(Tableau46[[#This Row],[file name]])-SEARCH("@",Tableau46[[#This Row],[file name]])))),1) -> D | C44: \\192.168.24.208\images\R&D\Coralie\Triphenylphosphate\2021-CHG-CBA-TRIPHENYLP 2\plaque 1/@02 EE2 34/D2_01.tif | D44: 1297.7937 | E44: 63.6833 | G44: 82648
A45: =IFERROR(LEFT(RIGHT(C45,LEN(C45)-SEARCH("@",C45)),SEARCH("/",RIGHT(C45,LEN(C45)-SEARCH("@",C45)-1))),"") -> 02 EE2 34 | B45: =LEFT(RIGHT(RIGHT(Tableau46[[#This Row],[file name]],LEN(Tableau46[[#This Row],[file name]])-SEARCH("@",Tableau46[[#This Row],[file name]])),LEN(RIGHT(Tableau46[[#This Row],[file name]],LEN(Tableau46[[#This Row],[file name]])-SEARCH("@",Tableau46[[#This Row],[file name]])))-SEARCH("/",RIGHT(Tableau46[[#This Row],[file name]],LEN(Tableau46[[#This Row],[file name]])-SEARCH("@",Tableau46[[#This Row],[file name]])))),1) -> D | C45: \\192.168.24.208\images\R&D\Coralie\Triphenylphosphate\2021-CHG-CBA-TRIPHENYLP 2\plaque 1/@02 EE2 34/D2_02.tif | D45: 1254.5339 | E45: 63.8103 | G45: 80052
A46: =IFERROR(LEFT(RIGHT(C46,LEN(C46)-SEARCH("@",C46)),SEARCH("/",RIGHT(C46,LEN(C46)-SEARCH("@",C46)-1))),"") -> 02 EE2 34 | B46: =LEFT(RIGHT(RIGHT(Tableau46[[#This Row],[file name]],LEN(Tableau46[[#This Row],[file name]])-SEARCH("@",Tableau46[[#This Row],[file name]])),LEN(RIGHT(Tableau46[[#This Row],[file name]],LEN(Tableau46[[#This Row],[file name]])-SEARCH("@",Tableau46[[#This Row],[file name]])))-SEARCH("/",RIGHT(Tableau46[[#This Row],[file name]],LEN(Tableau46[[#This Row],[file name]])-SEARCH("@",Tableau46[[#This Row],[file name]])))),1) -> D | C46: \\192.168.24.208\images\R&D\Coralie\Triphenylphosphate\2021-CHG-CBA-TRIPHENYLP 2\plaque 1/@02 EE2 34/D2_03.tif | D46: 1341.0535 | E46: 63.5161 | G46: 85179
A47: =IFERROR(LEFT(RIGHT(C47,LEN(C47)-SEARCH("@",C47)),SEARCH("/",RIGHT(C47,LEN(C47)-SEARCH("@",C47)-1))),"") -> 02 EE2 34 | B47: =LEFT(RIGHT(RIGHT(Tableau46[[#This Row],[file name]],LEN(Tableau46[[#This Row],[file name]])-SEARCH("@",Tableau46[[#This Row],[file name]])),LEN(RIGHT(Tableau46[[#This Row],[file name]],LEN(Tableau46[[#This Row],[file name]])-SEARCH("@",Tableau46[[#This Row],[file name]])))-SEARCH("/",RIGHT(Tableau46[[#This Row],[file name]],LEN(Tableau46[[#This Row],[file name]])-SEARCH("@",Tableau46[[#This Row],[file name]])))),1) -> E | C47: \\192.168.24.208\images\R&D\Coralie\Triphenylphosphate\2021-CHG-CBA-TRIPHENYLP 2\plaque 1/@02 EE2 34/E2_01.tif | D47: 4477.3882 | E47: 67.8213 | G47: 303662
A48: =IFERROR(LEFT(RIGHT(C48,LEN(C48)-SEARCH("@",C48)),SEARCH("/",RIGHT(C48,LEN(C48)-SEARCH("@",C48)-1))),"") -> 02 EE2 34 | B48: =LEFT(RIGHT(RIGHT(Tableau46[[#This Row],[file name]],LEN(Tableau46[[#This Row],[file name]])-SEARCH("@",Tableau46[[#This Row],[file name]])),LEN(RIGHT(Tableau46[[#This Row],[file name]],LEN(Tableau46[[#This Row],[file name]])-SEARCH("@",Tableau46[[#This Row],[file name]])))-SEARCH("/",RIGHT(Tableau46[[#This Row],[file name]],LEN(Tableau46[[#This Row],[file name]])-SEARCH("@",Tableau46[[#This Row],[file name]])))),1) -> E | C48: \\192.168.24.208\images\R&D\Coralie\Triphenylphosphate\2021-CHG-CBA-TRIPHENYLP 2\plaque 1/@02 EE2 34/E2_02.tif | D48: 5083.0252 | E48: 67.4298 | G48: 342747
A49: =IFERROR(LEFT(RIGHT(C49,LEN(C49)-SEARCH("@",C49)),SEARCH("/",RIGHT(C49,LEN(C49)-SEARCH("@",C49)-1))),"") -> 02 EE2 34 | B49: =LEFT(RIGHT(RIGHT(Tableau46[[#This Row],[file name]],LEN(Tableau46[[#This Row],[file name]])-SEARCH("@",Tableau46[[#This Row],[file name]])),LEN(RIGHT(Tableau46[[#This Row],[file name]],LEN(Tableau46[[#This Row],[file name]])-SEARCH("@",Tableau46[[#This Row],[file name]])))-SEARCH("/",RIGHT(Tableau46[[#This Row],[file name]],LEN(Tableau46[[#This Row],[file name]])-SEARCH("@",Tableau46[[#This Row],[file name]])))),1) -> E | C49: \\192.168.24.208\images\R&D\Coralie\Triphenylphosphate\2021-CHG-CBA-TRIPHENYLP 2\plaque 1/@02 EE2 34/E2_03.tif | D49: 1449.2029 | E49: 63.194 | G49: 91581
... A58: =IFERROR(LEFT(RIGHT(C58,LEN(C58)-SEARCH("@",C58)),SEARCH("/",RIGHT(C58,LEN(C58)-SEARCH("@",C58)-1))),"") -> 02 EE2 34 | B58: =LEFT(RIGHT(RIGHT(Tableau46[[#This Row],[file name]],LEN(Tableau46[[#This Row],[file name]])-SEARCH("@",Tableau46[[#This Row],[file name]])),LEN(RIGHT(Tableau46[[#This Row],[file name]],LEN(Tableau46[[#This Row],[file name]])-SEARCH("@",Tableau46[[#This Row],[file name]])))-SEARCH("/",RIGHT(Tableau46[[#This Row],[file name]],LEN(Tableau46[[#This Row],[file name]])-SEARCH("@",Tableau46[[#This Row],[file name]])))),1) -> H | C58: \\192.168.24.208\images\R&D\Coralie\Triphenylphosphate\2021-CHG-CBA-TRIPHENYLP 2\plaque 1/@02 EE2 34/H2_03.tif | D58: 346.0783 | E58: 65.3125 | G58: 22603
A59: =IFERROR(LEFT(RIGHT(C59,LEN(C59)-SEARCH("@",C59)),SEARCH("/",RIGHT(C59,LEN(C59)-SEARCH("@",C59)-1))),"") | B59: =LEFT(RIGHT(RIGHT(Tableau46[[#This Row],[file name]],LEN(Tableau46[[#This Row],[file name]])-SEARCH("@",Tableau46[[#This Row],[file name]])),LEN(RIGHT(Tableau46[[#This Row],[file name]],LEN(Tableau46[[#This Row],[file name]])-SEARCH("@",Tableau46[[#This Row],[file name]])))-SEARCH("/",RIGHT(Tableau46[[#This Row],[file name]],LEN(Tableau46[[#This Row],[file name]])-SEARCH("@",Tableau46[[#This Row],[file name]])))),1) -> #VALUE!
A60: =IFERROR(LEFT(RIGHT(C60,LEN(C60)-SEARCH("@",C60)),SEARCH("/",RIGHT(C60,LEN(C60)-SEARCH("@",C60)-1))),"") | B60: =LEFT(RIGHT(RIGHT(Tableau46[[#This Row],[file name]],LEN(Tableau46[[#This Row],[file name]])-SEARCH("@",Tableau46[[#This Row],[file name]])),LEN(RIGHT(Tableau46[[#This Row],[file name]],LEN(Tableau46[[#This Row],[file name]])-SEARCH("@",Tableau46[[#This Row],[file name]])))-SEARCH("/",RIGHT(Tableau46[[#This Row],[file name]],LEN(Tableau46[[#This Row],[file name]])-SEARCH("@",Tableau46[[#This Row],[file name]])))),1) -> #VALUE! | C60: group | E60: mean of mean fluo | F60: SD mean fluo | G60: mean of total fluo | H60: SD total fluo | I60: n fluorescent | J60: n total
A61: =IFERROR(LEFT(RIGHT(C61,LEN(C61)-SEARCH("@",C61)),SEARCH("/",RIGHT(C61,LEN(C61)-SEARCH("@",C61)-1))),"") -> 02 EE2 34 | B61: =LEFT(RIGHT(RIGHT(Tableau46[[#This Row],[file name]],LEN(Tableau46[[#This Row],[file name]])-SEARCH("@",Tableau46[[#This Row],[file name]])),LEN(RIGHT(Tableau46[[#This Row],[file name]],LEN(Tableau46[[#This Row],[file name]])-SEARCH("@",Tableau46[[#This Row],[file name]])))-SEARCH("/",RIGHT(Tableau46[[#This Row],[file name]],LEN(Tableau46[[#This Row],[file name]])-SEARCH("@",Tableau46[[#This Row],[file name]])))),1) | C61: \\192.168.24.208\images\R&D\Coralie\Triphenylphosphate\2021-CHG-CBA-TRIPHENYLP 2\plaque 1/@02 EE2 34/ | E61: 64.8413 | F61: 2.5938 | G61: 236357.042 | H61: 293873.664 | I61: 24 | J61: 24
A62: =IFERROR(LEFT(RIGHT(C62,LEN(C62)-SEARCH("@",C62)),SEARCH("/",RIGHT(C62,LEN(C62)-SEARCH("@",C62)-1))),"") | B62: =LEFT(RIGHT(RIGHT(Tableau46[[#This Row],[file name]],LEN(Tableau46[[#This Row],[file name]])-SEARCH("@",Tableau46[[#This Row],[file name]])),LEN(RIGHT(Tableau46[[#This Row],[file name]],LEN(Tableau46[[#This Row],[file name]])-SEARCH("@",Tableau46[[#This Row],[file name]])))-SEARCH("/",RIGHT(Tableau46[[#This Row],[file name]],LEN(Tableau46[[#This Row],[file name]])-SEARCH("@",Tableau46[[#This Row],[file name]])))),1) -> #VALUE!
A63: =IFERROR(LEFT(RIGHT(C63,LEN(C63)-SEARCH("@",C63)),SEARCH("/",RIGHT(C63,LEN(C63)-SEARCH("@",C63)-1))),"") | B63: =LEFT(RIGHT(RIGHT(Tableau46[[#This Row],[file name]],LEN(Tableau46[[#This Row],[file name]])-SEARCH("@",Tableau46[[#This Row],[file name]])),LEN(RIGHT(Tableau46[[#This Row],[file name]],LEN(Tableau46[[#This Row],[file name]])-SEARCH("@",Tableau46[[#This Row],[file name]])))-SEARCH("/",RIGHT(Tableau46[[#This Row],[file name]],LEN(Tableau46[[#This Row],[file name]])-SEARCH("@",Tableau46[[#This Row],[file name]])))),1) -> #VALUE!
A64: =IFERROR(LEFT(RIGHT(C64,LEN(C64)-SEARCH("@",C64)),SEARCH("/",RIGHT(C64,LEN(C64)-SEARCH("@",C64)-1))),"") | B64: =LEFT(RIGHT(RIGHT(Tableau46[[#This Row],[file name]],LEN(Tableau46[[#This Row],[file name]])-SEARCH("@",Tableau46[[#This Row],[file name]])),LEN(RIGHT(Tableau46[[#This Row],[file name]],LEN(Tableau46[[#This Row],[file name]])-SEARCH("@",Tableau46[[#This Row],[file name]])))-SEARCH("/",RIGHT(Tableau46[[#This Row],[file name]],LEN(Tableau46[[#This Row],[file name]])-SEARCH("@",Tableau46[[#This Row],[file name]])))),1) -> #VALUE!
A65: =IFERROR(LEFT(RIGHT(C65,LEN(C65)-SEARCH("@",C65)),SEARCH("/",RIGHT(C65,LEN(C65)-SEARCH("@",C65)-1))),"") | B65: =LEFT(RIGHT(RIGHT(Tableau46[[#This Row],[file name]],LEN(Tableau46[[#This Row],[file name]])-SEARCH("@",Tableau46[[#This Row],[file name]])),LEN(RIGHT(Tableau46[[#This Row],[file name]],LEN(Tableau46[[#This Row],[file name]])-SEARCH("@",Tableau46[[#This Row],[file name]])))-SEARCH("/",RIGHT(Tableau46[[#This Row],[file name]],LEN(Tableau46[[#This Row],[file name]])-SEARCH("@",Tableau46[[#This Row],[file name]])))),1) -> #VALUE!
A66: =IFERROR(LEFT(RIGHT(C66,LEN(C66)-SEARCH("@",C66)),SEARCH("/",RIGHT(C66,LEN(C66)-SEARCH("@",C66)-1))),"") | B66: =LEFT(RIGHT(RIGHT(Tableau46[[#This Row],[file name]],LEN(Tableau46[[#This Row],[file name]])-SEARCH("@",Tableau46[[#This Row],[file name]])),LEN(RIGHT(Tableau46[[#This Row],[file name]],LEN(Tableau46[[#This Row],[file name]])-SEARCH("@",Tableau46[[#This Row],[file name]])))-SEARCH("/",RIGHT(Tableau46[[#This Row],[file name]],LEN(Tableau46[[#This Row],[file name]])-SEARCH("@",Tableau46[[#This Row],[file name]])))),1) -> #VALUE!
A67: =IFERROR(LEFT(RIGHT(C67,LEN(C67)-SEARCH("@",C67)),SEARCH("/",RIGHT(C67,LEN(C67)-SEARCH("@",C67)-1))),"") | B67: =LEFT(RIGHT(RIGHT(Tableau46[[#This Row],[file name]],LEN(Tableau46[[#This Row],[file name]])-SEARCH("@",Tableau46[[#This Row],[file name]])),LEN(RIGHT(Tableau46[[#This Row],[file name]],LEN(Tableau46[[#This Row],[file name]])-SEARCH("@",Tableau46[[#This Row],[file name]])))-SEARCH("/",RIGHT(Tableau46[[#This Row],[file name]],LEN(Tableau46[[#This Row],[file name]])-SEARCH("@",Tableau46[[#This Row],[file name]])))),1) -> #VALUE! | C67: file name | D67: total area | E67: mean intensity | G67: total fluorescence
A68: =IFERROR(LEFT(RIGHT(C68,LEN(C68)-SEARCH("@",C68)),SEARCH("/",RIGHT(C68,LEN(C68)-SEARCH("@",C68)-1))),"") -> 03 EE2 51 | B68: =LEFT(RIGHT(RIGHT(Tableau46[[#This Row],[file name]],LEN(Tableau46[[#This Row],[file name]])-SEARCH("@",Tableau46[[#This Row],[file name]])),LEN(RIGHT(Tableau46[[#This Row],[file name]],LEN(Tableau46[[#This Row],[file name]])-SEARCH("@",Tableau46[[#This Row],[file name]])))-SEARCH("/",RIGHT(Tableau46[[#This Row],[file name]],LEN(Tableau46[[#This Row],[file name]])-SEARCH("@",Tableau46[[#This Row],[file name]])))),1) -> A | C68: \\192.168.24.208\images\R&D\Coralie\Triphenylphosphate\2021-CHG-CBA-TRIPHENYLP 2\plaque 1/@03 EE2 51/A3_01.tif | D68: 14773.218 | E68: 78.1332 | G68: 1154279
A69: =IFERROR(LEFT(RIGHT(C69,LEN(C69)-SEARCH("@",C69)),SEARCH("/",RIGHT(C69,LEN(C69)-SEARCH("@",C69)-1))),"") -> 03 EE2 51 | B69: =LEFT(RIGHT(RIGHT(Tableau46[[#This Row],[file name]],LEN(Tableau46[[#This Row],[file name]])-SEARCH("@",Tableau46[[#This Row],[file name]])),LEN(RIGHT(Tableau46[[#This Row],[file name]],LEN(Tableau46[[#This Row],[file name]])-SEARCH("@",Tableau46[[#This Row],[file name]])))-SEARCH("/",RIGHT(Tableau46[[#This Row],[file name]],LEN(Tableau46[[#This Row],[file name]])-SEARCH("@",Tableau46[[#This Row],[file name]])))),1) -> A | C69: \\192.168.24.208\images\R&D\Coralie\Triphenylphosphate\2021-CHG-CBA-TRIPHENYLP 2\plaque 1/@03 EE2 51/A3_02.tif | D69: 3244.4842 | E69: 64.7733 | G69: 210156
A70: =IFERROR(LEFT(RIGHT(C70,LEN(C70)-SEARCH("@",C70)),SEARCH("/",RIGHT(C70,LEN(C70)-SEARCH("@",C70)-1))),"") -> 03 EE2 51 | B70: =LEFT(RIGHT(RIGHT(Tableau46[[#This Row],[file name]],LEN(Tableau46[[#This Row],[file name]])-SEARCH("@",Tableau46[[#This Row],[file name]])),LEN(RIGHT(Tableau46[[#This Row],[file name]],LEN(Tableau46[[#This Row],[file name]])-SEARCH("@",Tableau46[[#This Row],[file name]])))-SEARCH("/",RIGHT(Tableau46[[#This Row],[file name]],LEN(Tableau46[[#This Row],[file name]])-SEARCH("@",Tableau46[[#This Row],[file name]])))),1) -> A | C70: \\192.168.24.208\images\R&D\Coralie\Triphenylphosphate\2021-CHG-CBA-TRIPHENYLP 2\plaque 1/@03 EE2 51/A3_03.tif | D70: 2314.3987 | E70: 64.3458 | G70: 148922
A71: =IFERROR(LEFT(RIGHT(C71,LEN(C71)-SEARCH("@",C71)),SEARCH("/",RIGHT(C71,LEN(C71)-SEARCH("@",C71)-1))),"") -> 03 EE2 51 | B71: =LEFT(RIGHT(RIGHT(Tableau46[[#This Row],[file name]],LEN(Tableau46[[#This Row],[file name]])-SEARCH("@",Tableau46[[#This Row],[file name]])),LEN(RIGHT(Tableau46[[#This Row],[file name]],LEN(Tableau46[[#This Row],[file name]])-SEARCH("@",Tableau46[[#This Row],[file name]])))-SEARCH("/",RIGHT(Tableau46[[#This Row],[file name]],LEN(Tableau46[[#This Row],[file name]])-SEARCH("@",Tableau46[[#This Row],[file name]])))),1) -> B | C71: \\192.168.24.208\images\R&D\Coralie\Triphenylphosphate\2021-CHG-CBA-TRIPHENYLP 2\plaque 1/@03 EE2 51/B3_01.tif | D71: 1124.7545 | E71: 63.1538 | G71: 71033
A72: =IFERROR(LEFT(RIGHT(C72,LEN(C72)-SEARCH("@",C72)),SEARCH("/",RIGHT(C72,LEN(C72)-SEARCH("@",C72)-1))),"") -> 03 EE2 51 | B72: =LEFT(RIGHT(RIGHT(Tableau46[[#This Row],[file name]],LEN(Tableau46[[#This Row],[file name]])-SEARCH("@",Tableau46[[#This Row],[file name]])),LEN(RIGHT(Tableau46[[#This Row],[file name]],LEN(Tableau46[[#This Row],[file name]])-SEARCH("@",Tableau46[[#This Row],[file name]])))-SEARCH("/",RIGHT(Tableau46[[#This Row],[file name]],LEN(Tableau46[[#This Row],[file name]])-SEARCH("@",Tableau46[[#This Row],[file name]])))),1) -> B | C72: \\192.168.24.208\images\R&D\Coralie\Triphenylphosphate\2021-CHG-CBA-TRIPHENYLP 2\plaque 1/@03 EE2 51/B3_02.tif | D72: 1341.0535 | E72: 63.4516 | G72: 85092
A73: =IFERROR(LEFT(RIGHT(C73,LEN(C73)-SEARCH("@",C73)),SEARCH("/",RIGHT(C73,LEN(C73)-SEARCH("@",C73)-1))),"") -> 03 EE2 51 | B73: =LEFT(RIGHT(RIGHT(Tableau46[[#This Row],[file name]],LEN(Tableau46[[#This Row],[file name]])-SEARCH("@",Tableau46[[#This Row],[file name]])),LEN(RIGHT(Tableau46[[#This Row],[file name]],LEN(Tableau46[[#This Row],[file name]])-SEARCH("@",Tableau46[[#This Row],[file name]])))-SEARCH("/",RIGHT(Tableau46[[#This Row],[file name]],LEN(Tableau46[[#This Row],[file name]])-SEARCH("@",Tableau46[[#This Row],[file name]])))),1) -> B | C73: \\192.168.24.208\images\R&D\Coralie\Triphenylphosphate\2021-CHG-CBA-TRIPHENYLP 2\plaque 1/@03 EE2 51/B3_03- exclu.tif
A74: =IFERROR(LEFT(RIGHT(C74,LEN(C74)-SEARCH("@",C74)),SEARCH("/",RIGHT(C74,LEN(C74)-SEARCH("@",C74)-1))),"") -> 03 EE2 51 | B74: =LEFT(RIGHT(RIGHT(Tableau46[[#This Row],[file name]],LEN(Tableau46[[#This Row],[file name]])-SEARCH("@",Tableau46[[#This Row],[file name]])),LEN(RIGHT(Tableau46[[#This Row],[file name]],LEN(Tableau46[[#This Row],[file name]])-SEARCH("@",Tableau46[[#This Row],[file name]])))-SEARCH("/",RIGHT(Tableau46[[#This Row],[file name]],LEN(Tableau46[[#This Row],[file name]])-SEARCH("@",Tableau46[[#This Row],[file name]])))),1) -> C | C74: \\192.168.24.208\images\R&D\Coralie\Triphenylphosphate\2021-CHG-CBA-TRIPHENYLP 2\plaque 1/@03 EE2 51/C3_01.tif | D74: 605.637 | E74: 64.5714 | G74: 39107
A75: =IFERROR(LEFT(RIGHT(C75,LEN(C75)-SEARCH("@",C75)),SEARCH("/",RIGHT(C75,LEN(C75)-SEARCH("@",C75)-1))),"") -> 03 EE2 51 | B75: =LEFT(RIGHT(RIGHT(Tableau46[[#This Row],[file name]],LEN(Tableau46[[#This Row],[file name]])-SEARCH("@",Tableau46[[#This Row],[file name]])),LEN(RIGHT(Tableau46[[#This Row],[file name]],LEN(Tableau46[[#This Row],[file name]])-SEARCH("@",Tableau46[[#This Row],[file name]])))-SEARCH("/",RIGHT(Tableau46[[#This Row],[file name]],LEN(Tableau46[[#This Row],[file name]])-SEARCH("@",Tableau46[[#This Row],[file name]])))),1) -> C | C75: \\192.168.24.208\images\R&D\Coralie\Triphenylphosphate\2021-CHG-CBA-TRIPHENYLP 2\plaque 1/@03 EE2 51/C3_02.tif | D75: 1881.8008 | E75: 64.8046 | G75: 121949
A76: =IFERROR(LEFT(RIGHT(C76,LEN(C76)-SEARCH("@",C76)),SEARCH("/",RIGHT(C76,LEN(C76)-SEARCH("@",C76)-1))),"") -> 03 EE2 51 | B76: =LEFT(RIGHT(RIGHT(Tableau46[[#This Row],[file name]],LEN(Tableau46[[#This Row],[file name]])-SEARCH("@",Tableau46[[#This Row],[file name]])),LEN(RIGHT(Tableau46[[#This Row],[file name]],LEN(Tableau46[[#This Row],[file name]])-SEARCH("@",Tableau46[[#This Row],[file name]])))-SEARCH("/",RIGHT(Tableau46[[#This Row],[file name]],LEN(Tableau46[[#This Row],[file name]])-SEARCH("@",Tableau46[[#This Row],[file name]])))),1) -> C | C76: \\192.168.24.208\images\R&D\Coralie\Triphenylphosphate\2021-CHG-CBA-TRIPHENYLP 2\plaque 1/@03 EE2 51/C3_03.tif | D76: 930.0855 | E76: 62.9767 | G76: 58574
A77: =IFERROR(LEFT(RIGHT(C77,LEN(C77)-SEARCH("@",C77)),SEARCH("/",RIGHT(C77,LEN(C77)-SEARCH("@",C77)-1))),"") -> 03 EE2 51 | B77: =LEFT(RIGHT(RIGHT(Tableau46[[#This Row],[file name]],LEN(Tableau46[[#This Row],[file name]])-SEARCH("@",Tableau46[[#This Row],[file name]])),LEN(RIGHT(Tableau46[[#This Row],[file name]],LEN(Tableau46[[#This Row],[file name]])-SEARCH("@",Tableau46[[#This Row],[file name]])))-SEARCH("/",RIGHT(Tableau46[[#This Row],[file name]],LEN(Tableau46[[#This Row],[file name]])-SEARCH("@",Tableau46[[#This Row],[file name]])))),1) -> D | C77: \\192.168.24.208\images\R&D\Coralie\Triphenylphosphate\2021-CHG-CBA-TRIPHENYLP 2\plaque 1/@03 EE2 51/D3_01.tif | D77: 4044.7903 | E77: 64.9947 | G77: 262890
A78: =IFERROR(LEFT(RIGHT(C78,LEN(C78)-SEARCH("@",C78)),SEARCH("/",RIGHT(C78,LEN(C78)-SEARCH("@",C78)-1))),"") -> 03 EE2 51 | B78: =LEFT(RIGHT(RIGHT(Tableau46[[#This Row],[file name]],LEN(Tableau46[[#This Row],[file name]])-SEARCH("@",Tableau46[[#This Row],[file name]])),LEN(RIGHT(Tableau46[[#This Row],[file name]],LEN(Tableau46[[#This Row],[file name]])-SEARCH("@",Tableau46[[#This Row],[file name]])))-SEARCH("/",RIGHT(Tableau46[[#This Row],[file name]],LEN(Tableau46[[#This Row],[file name]])-SEARCH("@",Tableau46[[#This Row],[file name]])))),1) -> D | C78: \\192.168.24.208\images\R&D\Coralie\Triphenylphosphate\2021-CHG-CBA-TRIPHENYLP 2\plaque 1/@03 EE2 51/D3_02.tif | D78: 5948.221 | E78: 65.1564 | G78: 387564
A79: =IFERROR(LEFT(RIGHT(C79,LEN(C79)-SEARCH("@",C79)),SEARCH("/",RIGHT(C79,LEN(C79)-SEARCH("@",C79)-1))),"") -> 03 EE2 51 | B79: =LEFT(RIGHT(RIGHT(Tableau46[[#This Row],[file name]],LEN(Tableau46[[#This Row],[file name]])-SEARCH("@",Tableau46[[#This Row],[file name]])),LEN(RIGHT(Tableau46[[#This Row],[file name]],LEN(Tableau46[[#This Row],[file name]])-SEARCH("@",Tableau46[[#This Row],[file name]])))-SEARCH("/",RIGHT(Tableau46[[#This Row],[file name]],LEN(Tableau46[[#This Row],[file name]])-SEARCH("@",Tableau46[[#This Row],[file name]])))),1) -> D | C79: \\192.168.24.208\images\R&D\Coralie\Triphenylphosphate\2021-CHG-CBA-TRIPHENYLP 2\plaque 1/@03 EE2 51/D3_03.tif | D79: 4152.9398 | E79: 64.5729 | G79: 268167
A80: =IFERROR(LEFT(RIGHT(C80,LEN(C80)-SEARCH("@",C80)),SEARCH("/",RIGHT(C80,LEN(C80)-SEARCH("@",C80)-1))),"") -> 03 EE2 51 | B80: =LEFT(RIGHT(RIGHT(Tableau46[[#This Row],[file name]],LEN(Tableau46[[#This Row],[file name]])-SEARCH("@",Tableau46[[#This Row],[file name]])),LEN(RIGHT(Tableau46[[#This Row],[file name]],LEN(Tableau46[[#This Row],[file name]])-SEARCH("@",Tableau46[[#This Row],[file name]])))-SEARCH("/",RIGHT(Tableau46[[#This Row],[file name]],LEN(Tableau46[[#This Row],[file name]])-SEARCH("@",Tableau46[[#This Row],[file name]])))),1) -> E | C80: \\192.168.24.208\images\R&D\Coralie\Triphenylphosphate\2021-CHG-CBA-TRIPHENYLP 2\plaque 1/@03 EE2 51/E3_01.tif | D80: 1016.605 | E80: 65.0426 | G80: 66123
A81: =IFERROR(LEFT(RIGHT(C81,LEN(C81)-SEARCH("@",C81)),SEARCH("/",RIGHT(C81,LEN(C81)-SEARCH("@",C81)-1))),"") -> 03 EE2 51 | B81: =LEFT(RIGHT(RIGHT(Tableau46[[#This Row],[file name]],LEN(Tableau46[[#This Row],[file name]])-SEARCH("@",Tableau46[[#This Row],[file name]])),LEN(RIGHT(Tableau46[[#This Row],[file name]],LEN(Tableau46[[#This Row],[file name]])-SEARCH("@",Tableau46[[#This Row],[file name]])))-SEARCH("/",RIGHT(Tableau46[[#This Row],[file name]],LEN(Tableau46[[#This Row],[file name]])-SEARCH("@",Tableau46[[#This Row],[file name]])))),1) -> E | C81: \\192.168.24.208\images\R&D\Coralie\Triphenylphosphate\2021-CHG-CBA-TRIPHENYLP 2\plaque 1/@03 EE2 51/E3_02.tif | D81: 757.0463 | E81: 67.0857 | G81: 50787
A82: =IFERROR(LEFT(RIGHT(C82,LEN(C82)-SEARCH("@",C82)),SEARCH("/",RIGHT(C82,LEN(C82)-SEARCH("@",C82)-1))),"") -> 03 EE2 51 | B82: =LEFT(RIGHT(RIGHT(Tableau46[[#This Row],[file name]],LEN(Tableau46[[#This Row],[file name]])-SEARCH("@",Tableau46[[#This Row],[file name]])),LEN(RIGHT(Tableau46[[#This Row],[file name]],LEN(Tableau46[[#This Row],[file name]])-SEARCH("@",Tableau46[[#This Row],[file name]])))-SEARCH("/",RIGHT(Tableau46[[#This Row],[file name]],LEN(Tableau46[[#This Row],[file name]])-SEARCH("@",Tableau46[[#This Row],[file name]])))),1) -> E | C82: \\192.168.24.208\images\R&D\Coralie\Triphenylphosphate\2021-CHG-CBA-TRIPHENYLP 2\plaque 1/@03 EE2 51/E3_03.tif | D82: 908.4556 | E82: 65.9762 | G82: 59936
A83: =IFERROR(LEFT(RIGHT(C83,LEN(C83)-SEARCH("@",C83)),SEARCH("/",RIGHT(C83,LEN(C83)-SEARCH("@",C83)-1))),"") -> 03 EE2 51 | B83: =LEFT(RIGHT(RIGHT(Tableau46[[#This Row],[file name]],LEN(Tableau46[[#This Row],[file name]])-SEARCH("@",Tableau46[[#This Row],[file name]])),LEN(RIGHT(Tableau46[[#This Row],[file name]],LEN(Tableau46[[#This Row],[file name]])-SEARCH("@",Tableau46[[#This Row],[file name]])))-SEARCH("/",RIGHT(Tableau46[[#This Row],[file name]],LEN(Tableau46[[#This Row],[file name]])-SEARCH("@",Tableau46[[#This Row],[file name]])))),1) -> F | C83: \\192.168.24.208\images\R&D\Coralie\Triphenylphosphate\2021-CHG-CBA-TRIPHENYLP 2\plaque 1/@03 EE2 51/F3_01.tif | D83: 1946.6905 | E83: 63.4889 | G83: 123593
A84: =IFERROR(LEFT(RIGHT(C84,LEN(C84)-SEARCH("@",C84)),SEARCH("/",RIGHT(C84,LEN(C84)-SEARCH("@",C84)-1))),"") -> 03 EE2 51 | B84: =LEFT(RIGHT(RIGHT(Tableau46[[#This Row],[file name]],LEN(Tableau46[[#This Row],[file name]])-SEARCH("@",Tableau46[[#This Row],[file name]])),LEN(RIGHT(Tableau46[[#This Row],[file name]],LEN(Tableau46[[#This Row],[file name]])-SEARCH("@",Tableau46[[#This Row],[file name]])))-SEARCH("/",RIGHT(Tableau46[[#This Row],[file name]],LEN(Tableau46[[#This Row],[file name]])-SEARCH("@",Tableau46[[#This Row],[file name]])))),1) -> F | C84: \\192.168.24.208\images\R&D\Coralie\Triphenylphosphate\2021-CHG-CBA-TRIPHENYLP 2\plaque 1/@03 EE2 51/F3_02.tif | D84: 562.3773 | E84: 63.3077 | G84: 35603
A85: =IFERROR(LEFT(RIGHT(C85,LEN(C85)-SEARCH("@",C85)),SEARCH("/",RIGHT(C85,LEN(C85)-SEARCH("@",C85)-1))),"") -> 03 EE2 51 | B85: =LEFT(RIGHT(RIGHT(Tableau46[[#This Row],[file name]],LEN(Tableau46[[#This Row],[file name]])-SEARCH("@",Tableau46[[#This Row],[file name]])),LEN(RIGHT(Tableau46[[#This Row],[file name]],LEN(Tableau46[[#This Row],[file name]])-SEARCH("@",Tableau46[[#This Row],[file name]])))-SEARCH("/",RIGHT(Tableau46[[#This Row],[file name]],LEN(Tableau46[[#This Row],[file name]])-SEARCH("@",Tableau46[[#This Row],[file name]])))),1) -> F | C85: \\192.168.24.208\images\R&D\Coralie\Triphenylphosphate\2021-CHG-CBA-TRIPHENYLP 2\plaque 1/@03 EE2 51/F3_03.tif | D85: 951.7154 | E85: 62.9091 | G85: 59872
... A88: =IFERROR(LEFT(RIGHT(C88,LEN(C88)-SEARCH("@",C88)),SEARCH("/",RIGHT(C88,LEN(C88)-SEARCH("@",C88)-1))),"") -> 03 EE2 51 | B88: =LEFT(RIGHT(RIGHT(Tableau46[[#This Row],[file name]],LEN(Tableau46[[#This Row],[file name]])-SEARCH("@",Tableau46[[#This Row],[file name]])),LEN(RIGHT(Tableau46[[#This Row],[file name]],LEN(Tableau46[[#This Row],[file name]])-SEARCH("@",Tableau46[[#This Row],[file name]])))-SEARCH("/",RIGHT(Tableau46[[#This Row],[file name]],LEN(Tableau46[[#This Row],[file name]])-SEARCH("@",Tableau46[[#This Row],[file name]])))),1) -> G | C88: \\192.168.24.208\images\R&D\Coralie\Triphenylphosphate\2021-CHG-CBA-TRIPHENYLP 2\plaque 1/@03 EE2 51/G3_03.tif | D88: 2682.1069 | E88: 65.5242 | G88: 175743
A89: =IFERROR(LEFT(RIGHT(C89,LEN(C89)-SEARCH("@",C89)),SEARCH("/",RIGHT(C89,LEN(C89)-SEARCH("@",C89)-1))),"") -> 03 EE2 51 | B89: =LEFT(RIGHT(RIGHT(Tableau46[[#This Row],[file name]],LEN(Tableau46[[#This Row],[file name]])-SEARCH("@",Tableau46[[#This Row],[file name]])),LEN(RIGHT(Tableau46[[#This Row],[file name]],LEN(Tableau46[[#This Row],[file name]])-SEARCH("@",Tableau46[[#This Row],[file name]])))-SEARCH("/",RIGHT(Tableau46[[#This Row],[file name]],LEN(Tableau46[[#This Row],[file name]])-SEARCH("@",Tableau46[[#This Row],[file name]])))),1) -> H | C89: \\192.168.24.208\images\R&D\Coralie\Triphenylphosphate\2021-CHG-CBA-TRIPHENYLP 2\plaque 1/@03 EE2 51/H3_01- exclu.tif
A90: =IFERROR(LEFT(RIGHT(C90,LEN(C90)-SEARCH("@",C90)),SEARCH("/",RIGHT(C90,LEN(C90)-SEARCH("@",C90)-1))),"") -> 03 EE2 51 | B90: =LEFT(RIGHT(RIGHT(Tableau46[[#This Row],[file name]],LEN(Tableau46[[#This Row],[file name]])-SEARCH("@",Tableau46[[#This Row],[file name]])),LEN(RIGHT(Tableau46[[#This Row],[file name]],LEN(Tableau46[[#This Row],[file name]])-SEARCH("@",Tableau46[[#This Row],[file name]])))-SEARCH("/",RIGHT(Tableau46[[#This Row],[file name]],LEN(Tableau46[[#This Row],[file name]])-SEARCH("@",Tableau46[[#This Row],[file name]])))),1) -> H | C90: \\192.168.24.208\images\R&D\Coralie\Triphenylphosphate\2021-CHG-CBA-TRIPHENYLP 2\plaque 1/@03 EE2 51/H3_02- exclu.tif
A91: =IFERROR(LEFT(RIGHT(C91,LEN(C91)-SEARCH("@",C91)),SEARCH("/",RIGHT(C91,LEN(C91)-SEARCH("@",C91)-1))),"") -> 03 EE2 51 | B91: =LEFT(RIGHT(RIGHT(Tableau46[[#This Row],[file name]],LEN(Tableau46[[#This Row],[file name]])-SEARCH("@",Tableau46[[#This Row],[file name]])),LEN(RIGHT(Tableau46[[#This Row],[file name]],LEN(Tableau46[[#This Row],[file name]])-SEARCH("@",Tableau46[[#This Row],[file name]])))-SEARCH("/",RIGHT(Tableau46[[#This Row],[file name]],LEN(Tableau46[[#This Row],[file name]])-SEARCH("@",Tableau46[[#This Row],[file name]])))),1) -> H | C91: \\192.168.24.208\images\R&D\Coralie\Triphenylphosphate\2021-CHG-CBA-TRIPHENYLP 2\plaque 1/@03 EE2 51/H3_03- exclu.tif
A92: =IFERROR(LEFT(RIGHT(C92,LEN(C92)-SEARCH("@",C92)),SEARCH("/",RIGHT(C92,LEN(C92)-SEARCH("@",C92)-1))),"") | B92: =LEFT(RIGHT(RIGHT(Tableau46[[#This Row],[file name]],LEN(Tableau46[[#This Row],[file name]])-SEARCH("@",Tableau46[[#This Row],[file name]])),LEN(RIGHT(Tableau46[[#This Row],[file name]],LEN(Tableau46[[#This Row],[file name]])-SEARCH("@",Tableau46[[#This Row],[file name]])))-SEARCH("/",RIGHT(Tableau46[[#This Row],[file name]],LEN(Tableau46[[#This Row],[file name]])-SEARCH("@",Tableau46[[#This Row],[file name]])))),1) -> #VALUE!
A93: =IFERROR(LEFT(RIGHT(C93,LEN(C93)-SEARCH("@",C93)),SEARCH("/",RIGHT(C93,LEN(C93)-SEARCH("@",C93)-1))),"") | B93: =LEFT(RIGHT(RIGHT(Tableau46[[#This Row],[file name]],LEN(Tableau46[[#This Row],[file name]])-SEARCH("@",Tableau46[[#This Row],[file name]])),LEN(RIGHT(Tableau46[[#This Row],[file name]],LEN(Tableau46[[#This Row],[file name]])-SEARCH("@",Tableau46[[#This Row],[file name]])))-SEARCH("/",RIGHT(Tableau46[[#This Row],[file name]],LEN(Tableau46[[#This Row],[file name]])-SEARCH("@",Tableau46[[#This Row],[file name]])))),1) -> #VALUE! | C93: group | E93: mean of mean fluo | F93: SD mean fluo | G93: mean of total fluo | H93: SD total fluo | I93: n fluorescent | J93: n total
A94: =IFERROR(LEFT(RIGHT(C94,LEN(C94)-SEARCH("@",C94)),SEARCH("/",RIGHT(C94,LEN(C94)-SEARCH("@",C94)-1))),"") -> 03 EE2 51 | B94: =LEFT(RIGHT(RIGHT(Tableau46[[#This Row],[file name]],LEN(Tableau46[[#This Row],[file name]])-SEARCH("@",Tableau46[[#This Row],[file name]])),LEN(RIGHT(Tableau46[[#This Row],[file name]],LEN(Tableau46[[#This Row],[file name]])-SEARCH("@",Tableau46[[#This Row],[file name]])))-SEARCH("/",RIGHT(Tableau46[[#This Row],[file name]],LEN(Tableau46[[#This Row],[file name]])-SEARCH("@",Tableau46[[#This Row],[file name]])))),1) | C94: \\192.168.24.208\images\R&D\Coralie\Triphenylphosphate\2021-CHG-CBA-TRIPHENYLP 2\plaque 1/@03 EE2 51/ | E94: 65.1859 | F94: 3.0444 | G94: 155283.708 | H94: 232095.468 | I94: 24 | J94: 24
A95: =IFERROR(LEFT(RIGHT(C95,LEN(C95)-SEARCH("@",C95)),SEARCH("/",RIGHT(C95,LEN(C95)-SEARCH("@",C95)-1))),"") | B95: =LEFT(RIGHT(RIGHT(Tableau46[[#This Row],[file name]],LEN(Tableau46[[#This Row],[file name]])-SEARCH("@",Tableau46[[#This Row],[file name]])),LEN(RIGHT(Tableau46[[#This Row],[file name]],LEN(Tableau46[[#This Row],[file name]])-SEARCH("@",Tableau46[[#This Row],[file name]])))-SEARCH("/",RIGHT(Tableau46[[#This Row],[file name]],LEN(Tableau46[[#This Row],[file name]])-SEARCH("@",Tableau46[[#This Row],[file name]])))),1) -> #VALUE!
A96: =IFERROR(LEFT(RIGHT(C96,LEN(C96)-SEARCH("@",C96)),SEARCH("/",RIGHT(C96,LEN(C96)-SEARCH("@",C96)-1))),"") | B96: =LEFT(RIGHT(RIGHT(Tableau46[[#This Row],[file name]],LEN(Tableau46[[#This Row],[file name]])-SEARCH("@",Tableau46[[#This Row],[file name]])),LEN(RIGHT(Tableau46[[#This Row],[file name]],LEN(Tableau46[[#This Row],[file name]])-SEARCH("@",Tableau46[[#This Row],[file name]])))-SEARCH("/",RIGHT(Tableau46[[#This Row],[file name]],LEN(Tableau46[[#This Row],[file name]])-SEARCH("@",Tableau46[[#This Row],[file name]])))),1) -> #VALUE!
A97: =IFERROR(LEFT(RIGHT(C97,LEN(C97)-SEARCH("@",C97)),SEARCH("/",RIGHT(C97,LEN(C97)-SEARCH("@",C97)-1))),"") | B97: =LEFT(RIGHT(RIGHT(Tableau46[[#This Row],[file name]],LEN(Tableau46[[#This Row],[file name]])-SEARCH("@",Tableau46[[#This Row],[file name]])),LEN(RIGHT(Tableau46[[#This Row],[file name]],LEN(Tableau46[[#This Row],[file name]])-SEARCH("@",Tableau46[[#This Row],[file name]])))-SEARCH("/",RIGHT(Tableau46[[#This Row],[file name]],LEN(Tableau46[[#This Row],[file name]])-SEARCH("@",Tableau46[[#This Row],[file name]])))),1) -> #VALUE!
A98: =IFERROR(LEFT(RIGHT(C98,LEN(C98)-SEARCH("@",C98)),SEARCH("/",RIGHT(C98,LEN(C98)-SEARCH("@",C98)-1))),"") | B98: =LEFT(RIGHT(RIGHT(Tableau46[[#This Row],[file name]],LEN(Tableau46[[#This Row],[file name]])-SEARCH("@",Tableau46[[#This Row],[file name]])),LEN(RIGHT(Tableau46[[#This Row],[file name]],LEN(Tableau46[[#This Row],[file name]])-SEARCH("@",Tableau46[[#This Row],[file name]])))-SEARCH("/",RIGHT(Tableau46[[#This Row],[file name]],LEN(Tableau46[[#This Row],[file name]])-SEARCH("@",Tableau46[[#This Row],[file name]])))),1) -> #VALUE!
A99: =IFERROR(LEFT(RIGHT(C99,LEN(C99)-SEARCH("@",C99)),SEARCH("/",RIGHT(C99,LEN(C99)-SEARCH("@",C99)-1))),"") | B99: =LEFT(RIGHT(RIGHT(Tableau46[[#This Row],[file name]],LEN(Tableau46[[#This Row],[file name]])-SEARCH("@",Tableau46[[#This Row],[file name]])),LEN(RIGHT(Tableau46[[#This Row],[file name]],LEN(Tableau46[[#This Row],[file name]])-SEARCH("@",Tableau46[[#This Row],[file name]])))-SEARCH("/",RIGHT(Tableau46[[#This Row],[file name]],LEN(Tableau46[[#This Row],[file name]])-SEARCH("@",Tableau46[[#This Row],[file name]])))),1) -> #VALUE!
A100: =IFERROR(LEFT(RIGHT(C100,LEN(C100)-SEARCH("@",C100)),SEARCH("/",RIGHT(C100,LEN(C100)-SEARCH("@",C100)-1))),"") | B100: =LEFT(RIGHT(RIGHT(Tableau46[[#This Row],[file name]],LEN(Tableau46[[#This Row],[file name]])-SEARCH("@",Tableau46[[#This Row],[file name]])),LEN(RIGHT(Tableau46[[#This Row],[file name]],LEN(Tableau46[[#This Row],[file name]])-SEARCH("@",Tableau46[[#This Row],[file name]])))-SEARCH("/",RIGHT(Tableau46[[#This Row],[file name]],LEN(Tableau46[[#This Row],[file name]])-SEARCH("@",Tableau46[[#This Row],[file name]])))),1) -> #VALUE! | C100: file name | D100: total area | E100: mean intensity | G100: total fluorescence
A101: =IFERROR(LEFT(RIGHT(C101,LEN(C101)-SEARCH("@",C101)),SEARCH("/",RIGHT(C101,LEN(C101)-SEARCH("@",C101)-1))),"") -> 04 EE2 76 | B101: =LEFT(RIGHT(RIGHT(Tableau46[[#This Row],[file name]],LEN(Tableau46[[#This Row],[file name]])-SEARCH("@",Tableau46[[#This Row],[file name]])),LEN(RIGHT(Tableau46[[#This Row],[file name]],LEN(Tableau46[[#This Row],[file name]])-SEARCH("@",Tableau46[[#This Row],[file name]])))-SEARCH("/",RIGHT(Tableau46[[#This Row],[file name]],LEN(Tableau46[[#This Row],[file name]])-SEARCH("@",Tableau46[[#This Row],[file name]])))),1) -> A | C101: \\192.168.24.208\images\R&D\Coralie\Triphenylphosphate\2021-CHG-CBA-TRIPHENYLP 2\plaque 1/@04 EE2 76/A4_01- exclu.tif
A102: =IFERROR(LEFT(RIGHT(C102,LEN(C102)-SEARCH("@",C102)),SEARCH("/",RIGHT(C102,LEN(C102)-SEARCH("@",C102)-1))),"") -> 04 EE2 76 | B102: =LEFT(RIGHT(RIGHT(Tableau46[[#This Row],[file name]],LEN(Tableau46[[#This Row],[file name]])-SEARCH("@",Tableau46[[#This Row],[file name]])),LEN(RIGHT(Tableau46[[#This Row],[file name]],LEN(Tableau46[[#This Row],[file name]])-SEARCH("@",Tableau46[[#This Row],[file name]])))-SEARCH("/",RIGHT(Tableau46[[#This Row],[file name]],LEN(Tableau46[[#This Row],[file name]])-SEARCH("@",Tableau46[[#This Row],[file name]])))),1) -> A | C102: \\192.168.24.208\images\R&D\Coralie\Triphenylphosphate\2021-CHG-CBA-TRIPHENYLP 2\plaque 1/@04 EE2 76/A4_02.tif | D102: 10771.6875 | E102: 68.9458 | G102: 742662
A103: =IFERROR(LEFT(RIGHT(C103,LEN(C103)-SEARCH("@",C103)),SEARCH("/",RIGHT(C103,LEN(C103)-SEARCH("@",C103)-1))),"") -> 04 EE2 76 | B103: =LEFT(RIGHT(RIGHT(Tableau46[[#This Row],[file name]],LEN(Tableau46[[#This Row],[file name]])-SEARCH("@",Tableau46[[#This Row],[file name]])),LEN(RIGHT(Tableau46[[#This Row],[file name]],LEN(Tableau46[[#This Row],[file name]])-SEARCH("@",Tableau46[[#This Row],[file name]])))-SEARCH("/",RIGHT(Tableau46[[#This Row],[file name]],LEN(Tableau46[[#This Row],[file name]])-SEARCH("@",Tableau46[[#This Row],[file name]])))),1) -> A | C103: \\192.168.24.208\images\R&D\Coralie\Triphenylphosphate\2021-CHG-CBA-TRIPHENYLP 2\plaque 1/@04 EE2 76/A4_03.tif | D103: 4196.1996 | E103: 63.5773 | G103: 266783
A104: =IFERROR(LEFT(RIGHT(C104,LEN(C104)-SEARCH("@",C104)),SEARCH("/",RIGHT(C104,LEN(C104)-SEARCH("@",C104)-1))),"") -> 04 EE2 76 | B104: =LEFT(RIGHT(RIGHT(Tableau46[[#This Row],[file name]],LEN(Tableau46[[#This Row],[file name]])-SEARCH("@",Tableau46[[#This Row],[file name]])),LEN(RIGHT(Tableau46[[#This Row],[file name]],LEN(Tableau46[[#This Row],[file name]])-SEARCH("@",Tableau46[[#This Row],[file name]])))-SEARCH("/",RIGHT(Tableau46[[#This Row],[file name]],LEN(Tableau46[[#This Row],[file name]])-SEARCH("@",Tableau46[[#This Row],[file name]])))),1) -> B | C104: \\192.168.24.208\images\R&D\Coralie\Triphenylphosphate\2021-CHG-CBA-TRIPHENYLP 2\plaque 1/@04 EE2 76/B4_01- exclu.tif
A105: =IFERROR(LEFT(RIGHT(C105,LEN(C105)-SEARCH("@",C105)),SEARCH("/",RIGHT(C105,LEN(C105)-SEARCH("@",C105)-1))),"") -> 04 EE2 76 | B105: =LEFT(RIGHT(RIGHT(Tableau46[[#This Row],[file name]],LEN(Tableau46[[#This Row],[file name]])-SEARCH("@",Tableau46[[#This Row],[file name]])),LEN(RIGHT(Tableau46[[#This Row],[file name]],LEN(Tableau46[[#This Row],[file name]])-SEARCH("@",Tableau46[[#This Row],[file name]])))-SEARCH("/",RIGHT(Tableau46[[#This Row],[file name]],LEN(Tableau46[[#This Row],[file name]])-SEARCH("@",Tableau46[[#This Row],[file name]])))),1) -> B | C105: \\192.168.24.208\images\R&D\Coralie\Triphenylphosphate\2021-CHG-CBA-TRIPHENYLP 2\plaque 1/@04 EE2 76/B4_02.tif | D105: 10468.869 | E105: 68.3202 | G105: 715236
A106: =IFERROR(LEFT(RIGHT(C106,LEN(C106)-SEARCH("@",C106)),SEARCH("/",RIGHT(C106,LEN(C106)-SEARCH("@",C106)-1))),"") -> 04 EE2 76 | B106: =LEFT(RIGHT(RIGHT(Tableau46[[#This Row],[file name]],LEN(Tableau46[[#This Row],[file name]])-SEARCH("@",Tableau46[[#This Row],[file name]])),LEN(RIGHT(Tableau46[[#This Row],[file name]],LEN(Tableau46[[#This Row],[file name]])-SEARCH("@",Tableau46[[#This Row],[file name]])))-SEARCH("/",RIGHT(Tableau46[[#This Row],[file name]],LEN(Tableau46[[#This Row],[file name]])-SEARCH("@",Tableau46[[#This Row],[file name]])))),1) -> B | C106: \\192.168.24.208\images\R&D\Coralie\Triphenylphosphate\2021-CHG-CBA-TRIPHENYLP 2\plaque 1/@04 EE2 76/B4_03.tif | D106: 8284.2496 | E106: 68.0966 | G106: 564129
A107: =IFERROR(LEFT(RIGHT(C107,LEN(C107)-SEARCH("@",C107)),SEARCH("/",RIGHT(C107,LEN(C107)-SEARCH("@",C107)-1))),"") -> 04 EE2 76 | B107: =LEFT(RIGHT(RIGHT(Tableau46[[#This Row],[file name]],LEN(Tableau46[[#This Row],[file name]])-SEARCH("@",Tableau46[[#This Row],[file name]])),LEN(RIGHT(Tableau46[[#This Row],[file name]],LEN(Tableau46[[#This Row],[file name]])-SEARCH("@",Tableau46[[#This Row],[file name]])))-SEARCH("/",RIGHT(Tableau46[[#This Row],[file name]],LEN(Tableau46[[#This Row],[file name]])-SEARCH("@",Tableau46[[#This Row],[file name]])))),1) -> C | C107: \\192.168.24.208\images\R&D\Coralie\Triphenylphosphate\2021-CHG-CBA-TRIPHENYLP 2\plaque 1/@04 EE2 76/C4_01- exclu.tif
A108: =IFERROR(LEFT(RIGHT(C108,LEN(C108)-SEARCH("@",C108)),SEARCH("/",RIGHT(C108,LEN(C108)-SEARCH("@",C108)-1))),"") -> 04 EE2 76 | B108: =LEFT(RIGHT(RIGHT(Tableau46[[#This Row],[file name]],LEN(Tableau46[[#This Row],[file name]])-SEARCH("@",Tableau46[[#This Row],[file name]])),LEN(RIGHT(Tableau46[[#This Row],[file name]],LEN(Tableau46[[#This Row],[file name]])-SEARCH("@",Tableau46[[#This Row],[file name]])))-SEARCH("/",RIGHT(Tableau46[[#This Row],[file name]],LEN(Tableau46[[#This Row],[file name]])-SEARCH("@",Tableau46[[#This Row],[file name]])))),1) -> C | C108: \\192.168.24.208\images\R&D\Coralie\Triphenylphosphate\2021-CHG-CBA-TRIPHENYLP 2\plaque 1/@04 EE2 76/C4_02.tif | D108: 3222.8543 | E108: 66.2752 | G108: 213595
A109: =IFERROR(LEFT(RIGHT(C109,LEN(C109)-SEARCH("@",C109)),SEARCH("/",RIGHT(C109,LEN(C109)-SEARCH("@",C109)-1))),"") -> 04 EE2 76 | B109: =LEFT(RIGHT(RIGHT(Tableau46[[#This Row],[file name]],LEN(Tableau46[[#This Row],[file name]])-SEARCH("@",Tableau46[[#This Row],[file name]])),LEN(RIGHT(Tableau46[[#This Row],[file name]],LEN(Tableau46[[#This Row],[file name]])-SEARCH("@",Tableau46[[#This Row],[file name]])))-SEARCH("/",RIGHT(Tableau46[[#This Row],[file name]],LEN(Tableau46[[#This Row],[file name]])-SEARCH("@",Tableau46[[#This Row],[file name]])))),1) -> C | C109: \\192.168.24.208\images\R&D\Coralie\Triphenylphosphate\2021-CHG-CBA-TRIPHENYLP 2\plaque 1/@04 EE2 76/C4_03.tif | D109: 5320.9541 | E109: 66.1829 | G109: 352156
A110: =IFERROR(LEFT(RIGHT(C110,LEN(C110)-SEARCH("@",C110)),SEARCH("/",RIGHT(C110,LEN(C110)-SEARCH("@",C110)-1))),"") -> 04 EE2 76 | B110: =LEFT(RIGHT(RIGHT(Tableau46[[#This Row],[file name]],LEN(Tableau46[[#This Row],[file name]])-SEARCH("@",Tableau46[[#This Row],[file name]])),LEN(RIGHT(Tableau46[[#This Row],[file name]],LEN(Tableau46[[#This Row],[file name]])-SEARCH("@",Tableau46[[#This Row],[file name]])))-SEARCH("/",RIGHT(Tableau46[[#This Row],[file name]],LEN(Tableau46[[#This Row],[file name]])-SEARCH("@",Tableau46[[#This Row],[file name]])))),1) -> D | C110: \\192.168.24.208\images\R&D\Coralie\Triphenylphosphate\2021-CHG-CBA-TRIPHENYLP 2\plaque 1/@04 EE2 76/D4_01.tif | D110: 14405.5098 | E110: 64.9234 | G110: 935255
...

Sheet R2
A1: 6. Expérimentateur 2 : copier et coller les valeurs des intensités totales de fluorescences obtenues dans le fichier raw data lors du traitement des images. Ne pas supprimer les colonnes correspondant aux concentrations non lues.
A3: R2 | B3: Non dopé | AE3: avec testo
