Workbook

Sheet Page de garde
A1: 1. Expérimentateur 1 : copier et coller le n° de prestation et renseigner la date de réalisation de chaque réplica ainsi que le visa de l'expérimentateur.
A2: R1 | B2: Numéro d'expérience : | E2: Date de réalisation :
A3: R2 | B3: Numéro d'expérience : | E3: Date de réalisation :
A4: R3 | B4: Numéro d'expérience : | E4: Date de réalisation :
A5: 2. Expérimentateur 1 : copier et coller la dilution appliquée et le nom donné pour chaque des échantillons par le client. Conserver la mise en forme de l'exemple en italique. Ne pas remplir la colonne "nom sur graphique".
A6: Nom sur le graphique | B6: Code WF | C6: Concentration | D6: Unité | E6: Nom de l'échantillon donné par le client | F6: Dopage (+Testostérone / + EE2, ….)
A7: =IF(ISBLANK(liste_groupe[[#This Row],[Code WF]])," ",IF(ISBLANK(liste_groupe[[#This Row],[Unité]]),CONCATENATE(liste_groupe[[#This Row],[Nom de l''échantillon donné par le client]],liste_groupe[[#This Row],[Dopage (+Testostérone / + EE2, ….)]]),CONCATENATE(liste_groupe[[#This Row],[Nom de l''échantillon donné par le client]],"-",liste_groupe[[#This Row],[Concentration]],liste_groupe[[#This Row],[Unité]],liste_groupe[[#This Row],[Dopage (+Testostérone / + EE2, ….)]]))) -> Témoin solvant | B7: Témoin | E7: Témoin solvant
A8: =IF(ISBLANK(liste_groupe[[#This Row],[Code WF]])," ",IF(ISBLANK(liste_groupe[[#This Row],[Unité]]),CONCATENATE(liste_groupe[[#This Row],[Nom de l''échantillon donné par le client]],liste_groupe[[#This Row],[Dopage (+Testostérone / + EE2, ….)]]),CONCATENATE(liste_groupe[[#This Row],[Nom de l''échantillon donné par le client]],"-",liste_groupe[[#This Row],[Concentration]],liste_groupe[[#This Row],[Unité]],liste_groupe[[#This Row],[Dopage (+Testostérone / + EE2, ….)]]))) -> EE2-22,5ng/L | B8: Témoin | C8: 22.5 | D8: ng/L | E8: EE2
A9: =IF(ISBLANK(liste_groupe[[#This Row],[Code WF]])," ",IF(ISBLANK(liste_groupe[[#This Row],[Unité]]),CONCATENATE(liste_groupe[[#This Row],[Nom de l''échantillon donné par le client]],liste_groupe[[#This Row],[Dopage (+Testostérone / + EE2, ….)]]),CONCATENATE(liste_groupe[[#This Row],[Nom de l''échantillon donné par le client]],"-",liste_groupe[[#This Row],[Concentration]],liste_groupe[[#This Row],[Unité]],liste_groupe[[#This Row],[Dopage (+Testostérone / + EE2, ….)]]))) -> EE2-33,8ng/L | B9: Témoin | C9: 33.8 | D9: ng/L | E9: EE2
A10: =IF(ISBLANK(liste_groupe[[#This Row],[Code WF]])," ",IF(ISBLANK(liste_groupe[[#This Row],[Unité]]),CONCATENATE(liste_groupe[[#This Row],[Nom de l''échantillon donné par le client]],liste_groupe[[#This Row],[Dopage (+Testostérone / + EE2, ….)]]),CONCATENATE(liste_groupe[[#This Row],[Nom de l''échantillon donné par le client]],"-",liste_groupe[[#This Row],[Concentration]],liste_groupe[[#This Row],[Unité]],liste_groupe[[#This Row],[Dopage (+Testostérone / + EE2, ….)]]))) -> EE2-50,6ng/L | B10: Témoin | C10: 50.6 | D10: ng/L | E10: EE2
A11: =IF(ISBLANK(liste_groupe[[#This Row],[Code WF]])," ",IF(ISBLANK(liste_groupe[[#This Row],[Unité]]),CONCATENATE(liste_groupe[[#This Row],[Nom de l''échantillon donné par le client]],liste_groupe[[#This Row],[Dopage (+Testostérone / + EE2, ….)]]),CONCATENATE(liste_groupe[[#This Row],[Nom de l''échantillon donné par le client]],"-",liste_groupe[[#This Row],[Concentration]],liste_groupe[[#This Row],[Unité]],liste_groupe[[#This Row],[Dopage (+Testostérone / + EE2, ….)]]))) -> EE2-76ng/L | B11: Témoin | C11: 76 | D11: ng/L | E11: EE2
A12: =IF(ISBLANK(liste_groupe[[#This Row],[Code WF]])," ",IF(ISBLANK(liste_groupe[[#This Row],[Unité]]),CONCATENATE(liste_groupe[[#This Row],[Nom de l''échantillon donné par le client]],liste_groupe[[#This Row],[Dopage (+Testostérone / + EE2, ….)]]),CONCATENATE(liste_groupe[[#This Row],[Nom de l''échantillon donné par le client]],"-",liste_groupe[[#This Row],[Concentration]],liste_groupe[[#This Row],[Unité]],liste_groupe[[#This Row],[Dopage (+Testostérone / + EE2, ….)]]))) -> EE2-114ng/L | B12: Témoin | C12: 114 | D12: ng/L | E12: EE2
A13: =IF(ISBLANK(liste_groupe[[#This Row],[Code WF]])," ",IF(ISBLANK(liste_groupe[[#This Row],[Unité]]),CONCATENATE(liste_groupe[[#This Row],[Nom de l''échantillon donné par le client]],liste_groupe[[#This Row],[Dopage (+Testostérone / + EE2, ….)]]),CONCATENATE(liste_groupe[[#This Row],[Nom de l''échantillon donné par le client]],"-",liste_groupe[[#This Row],[Concentration]],liste_groupe[[#This Row],[Unité]],liste_groupe[[#This Row],[Dopage (+Testostérone / + EE2, ….)]]))) -> EE2-170,9ng/L | B13: Témoin | C13: 170.9 | D13: ng/L | E13: EE2
A14: =IF(ISBLANK(liste_groupe[[#This Row],[Code WF]])," ",IF(ISBLANK(liste_groupe[[#This Row],[Unité]]),CONCATENATE(liste_groupe[[#This Row],[Nom de l''échantillon donné par le client]],liste_groupe[[#This Row],[Dopage (+Testostérone / + EE2, ….)]]),CONCATENATE(liste_groupe[[#This Row],[Nom de l''échantillon donné par le client]],"-",liste_groupe[[#This Row],[Concentration]],liste_groupe[[#This Row],[Unité]],liste_groupe[[#This Row],[Dopage (+Testostérone / + EE2, ….)]]))) -> EE2-488ng/L | B14: Témoin | C14: 488 | D14: ng/L | E14: EE2
A15: =IF(ISBLANK(liste_groupe[[#This Row],[Code WF]])," ",IF(ISBLANK(liste_groupe[[#This Row],[Unité]]),CONCATENATE(liste_groupe[[#This Row],[Nom de l''échantillon donné par le client]],liste_groupe[[#This Row],[Dopage (+Testostérone / + EE2, ….)]]),CONCATENATE(liste_groupe[[#This Row],[Nom de l''échantillon donné par le client]],"-",liste_groupe[[#This Row],[Concentration]],liste_groupe[[#This Row],[Unité]],liste_groupe[[#This Row],[Dopage (+Testostérone / + EE2, ….)]])))
A16: =IF(ISBLANK(liste_groupe[[#This Row],[Code WF]])," ",IF(ISBLANK(liste_groupe[[#This Row],[Unité]]),CONCATENATE(liste_groupe[[#This Row],[Nom de l''échantillon donné par le client]],liste_groupe[[#This Row],[Dopage (+Testostérone / + EE2, ….)]]),CONCATENATE(liste_groupe[[#This Row],[Nom de l''échantillon donné par le client]],"-",liste_groupe[[#This Row],[Concentration]],liste_groupe[[#This Row],[Unité]],liste_groupe[[#This Row],[Dopage (+Testostérone / + EE2, ….)]])))
A17: =IF(ISBLANK(liste_groupe[[#This Row],[Code WF]])," ",IF(ISBLANK(liste_groupe[[#This Row],[Unité]]),CONCATENATE(liste_groupe[[#This Row],[Nom de l''échantillon donné par le client]],liste_groupe[[#This Row],[Dopage (+Testostérone / + EE2, ….)]]),CONCATENATE(liste_groupe[[#This Row],[Nom de l''échantillon donné par le client]],"-",liste_groupe[[#This Row],[Concentration]],liste_groupe[[#This Row],[Unité]],liste_groupe[[#This Row],[Dopage (+Testostérone / + EE2, ….)]])))
A18: =IF(ISBLANK(liste_groupe[[#This Row],[Code WF]])," ",IF(ISBLANK(liste_groupe[[#This Row],[Unité]]),CONCATENATE(liste_groupe[[#This Row],[Nom de l''échantillon donné par le client]],liste_groupe[[#This Row],[Dopage (+Testostérone / + EE2, ….)]]),CONCATENATE(liste_groupe[[#This Row],[Nom de l''échantillon donné par le client]],"-",liste_groupe[[#This Row],[Concentration]],liste_groupe[[#This Row],[Unité]],liste_groupe[[#This Row],[Dopage (+Testostérone / + EE2, ….)]])))
A19: =IF(ISBLANK(liste_groupe[[#This Row],[Code WF]])," ",IF(ISBLANK(liste_groupe[[#This Row],[Unité]]),CONCATENATE(liste_groupe[[#This Row],[Nom de l''échantillon donné par le client]],liste_groupe[[#This Row],[Dopage (+Testostérone / + EE2, ….)]]),CONCATENATE(liste_groupe[[#This Row],[Nom de l''échantillon donné par le client]],"-",liste_groupe[[#This Row],[Concentration]],liste_groupe[[#This Row],[Unité]],liste_groupe[[#This Row],[Dopage (+Testostérone / + EE2, ….)]])))
A20: =IF(ISBLANK(liste_groupe[[#This Row],[Code WF]])," ",IF(ISBLANK(liste_groupe[[#This Row],[Unité]]),CONCATENATE(liste_groupe[[#This Row],[Nom de l''échantillon donné par le client]],liste_groupe[[#This Row],[Dopage (+Testostérone / + EE2, ….)]]),CONCATENATE(liste_groupe[[#This Row],[Nom de l''échantillon donné par le client]],"-",liste_groupe[[#This Row],[Concentration]],liste_groupe[[#This Row],[Unité]],liste_groupe[[#This Row],[Dopage (+Testostérone / + EE2, ….)]])))
A21: =IF(ISBLANK(liste_groupe[[#This Row],[Code WF]])," ",IF(ISBLANK(liste_groupe[[#This Row],[Unité]]),CONCATENATE(liste_groupe[[#This Row],[Nom de l''échantillon donné par le client]],liste_groupe[[#This Row],[Dopage (+Testostérone / + EE2, ….)]]),CONCATENATE(liste_groupe[[#This Row],[Nom de l''échantillon donné par le client]],"-",liste_groupe[[#This Row],[Concentration]],liste_groupe[[#This Row],[Unité]],liste_groupe[[#This Row],[Dopage (+Testostérone / + EE2, ….)]])))
A22: =IF(ISBLANK(liste_groupe[[#This Row],[Code WF]])," ",IF(ISBLANK(liste_groupe[[#This Row],[Unité]]),CONCATENATE(liste_groupe[[#This Row],[Nom de l''échantillon donné par le client]],liste_groupe[[#This Row],[Dopage (+Testostérone / + EE2, ….)]]),CONCATENATE(liste_groupe[[#This Row],[Nom de l''échantillon donné par le client]],"-",liste_groupe[[#This Row],[Concentration]],liste_groupe[[#This Row],[Unité]],liste_groupe[[#This Row],[Dopage (+Testostérone / + EE2, ….)]])))
A23: =IF(ISBLANK(liste_groupe[[#This Row],[Code WF]])," ",IF(ISBLANK(liste_groupe[[#This Row],[Unité]]),CONCATENATE(liste_groupe[[#This Row],[Nom de l''échantillon donné par le client]],liste_groupe[[#This Row],[Dopage (+Testostérone / + EE2, ….)]]),CONCATENATE(liste_groupe[[#This Row],[Nom de l''échantillon donné par le client]],"-",liste_groupe[[#This Row],[Concentration]],liste_groupe[[#This Row],[Unité]],liste_groupe[[#This Row],[Dopage (+Testostérone / + EE2, ….)]])))
A24: =IF(ISBLANK(liste_groupe[[#This Row],[Code WF]])," ",IF(ISBLANK(liste_groupe[[#This Row],[Unité]]),CONCATENATE(liste_groupe[[#This Row],[Nom de l''échantillon donné par le client]],liste_groupe[[#This Row],[Dopage (+Testostérone / + EE2, ….)]]),CONCATENATE(liste_groupe[[#This Row],[Nom de l''échantillon donné par le client]],"-",liste_groupe[[#This Row],[Concentration]],liste_groupe[[#This Row],[Unité]],liste_groupe[[#This Row],[Dopage (+Testostérone / + EE2, ….)]])))
A25: =IF(ISBLANK(liste_groupe[[#This Row],[Code WF]])," ",IF(ISBLANK(liste_groupe[[#This Row],[Unité]]),CONCATENATE(liste_groupe[[#This Row],[Nom de l''échantillon donné par le client]],liste_groupe[[#This Row],[Dopage (+Testostérone / + EE2, ….)]]),CONCATENATE(liste_groupe[[#This Row],[Nom de l''échantillon donné par le client]],"-",liste_groupe[[#This Row],[Concentration]],liste_groupe[[#This Row],[Unité]],liste_groupe[[#This Row],[Dopage (+Testostérone / + EE2, ….)]])))
A26: =IF(ISBLANK(liste_groupe[[#This Row],[Code WF]])," ",IF(ISBLANK(liste_groupe[[#This Row],[Unité]]),CONCATENATE(liste_groupe[[#This Row],[Nom de l''échantillon donné par le client]],liste_groupe[[#This Row],[Dopage (+Testostérone / + EE2, ….)]]),CONCATENATE(liste_groupe[[#This Row],[Nom de l''échantillon donné par le client]],"-",liste_groupe[[#This Row],[Concentration]],liste_groupe[[#This Row],[Unité]],liste_groupe[[#This Row],[Dopage (+Testostérone / + EE2, ….)]])))
... A35: =IF(ISBLANK(liste_groupe[[#This Row],[Code WF]])," ",IF(ISBLANK(liste_groupe[[#This Row],[Unité]]),CONCATENATE(liste_groupe[[#This Row],[Nom de l''échantillon donné par le client]],liste_groupe[[#This Row],[Dopage (+Testostérone / + EE2, ….)]]),CONCATENATE(liste_groupe[[#This Row],[Nom de l''échantillon donné par le client]],"-",liste_groupe[[#This Row],[Concentration]],liste_groupe[[#This Row],[Unité]],liste_groupe[[#This Row],[Dopage (+Testostérone / + EE2, ….)]])))
A36: =IF(ISBLANK(liste_groupe[[#This Row],[Code WF]])," ",IF(ISBLANK(liste_groupe[[#This Row],[Unité]]),CONCATENATE(liste_groupe[[#This Row],[Nom de l''échantillon donné par le client]],liste_groupe[[#This Row],[Dopage (+Testostérone / + EE2, ….)]]),CONCATENATE(liste_groupe[[#This Row],[Nom de l''échantillon donné par le client]],"-",liste_groupe[[#This Row],[Concentration]],liste_groupe[[#This Row],[Unité]],liste_groupe[[#This Row],[Dopage (+Testostérone / + EE2, ….)]]))) -> Testo -30µg/L | B36: Témoin | C36: 30 | D36: µg/L | E36: Testo
A37: =IF(ISBLANK(liste_groupe[[#This Row],[Code WF]])," ",IF(ISBLANK(liste_groupe[[#This Row],[Unité]]),CONCATENATE(liste_groupe[[#This Row],[Nom de l''échantillon donné par le client]],liste_groupe[[#This Row],[Dopage (+Testostérone / + EE2, ….)]]),CONCATENATE(liste_groupe[[#This Row],[Nom de l''échantillon donné par le client]],"-",liste_groupe[[#This Row],[Concentration]],liste_groupe[[#This Row],[Unité]],liste_groupe[[#This Row],[Dopage (+Testostérone / + EE2, ….)]]))) -> Testo 30µg/L + EE2 -64ng/L | B37: Témoin | C37: 64 | D37: ng/L | E37: Testo 30µg/L + EE2
A38: =IF(ISBLANK(liste_groupe[[#This Row],[Code WF]])," ",IF(ISBLANK(liste_groupe[[#This Row],[Unité]]),CONCATENATE(liste_groupe[[#This Row],[Nom de l''échantillon donné par le client]],liste_groupe[[#This Row],[Dopage (+Testostérone / + EE2, ….)]]),CONCATENATE(liste_groupe[[#This Row],[Nom de l''échantillon donné par le client]],"-",liste_groupe[[#This Row],[Concentration]],liste_groupe[[#This Row],[Unité]],liste_groupe[[#This Row],[Dopage (+Testostérone / + EE2, ….)]]))) -> Testo 30µg/L + FAD-10mg/L | B38: Témoin | C38: 10 | D38: mg/L | E38: Testo 30µg/L + FAD
A39: =IF(ISBLANK(liste_groupe[[#This Row],[Code WF]])," ",IF(ISBLANK(liste_groupe[[#This Row],[Unité]]),CONCATENATE(liste_groupe[[#This Row],[Nom de l''échantillon donné par le client]],liste_groupe[[#This Row],[Dopage (+Testostérone / + EE2, ….)]]),CONCATENATE(liste_groupe[[#This Row],[Nom de l''échantillon donné par le client]],"-",liste_groupe[[#This Row],[Concentration]],liste_groupe[[#This Row],[Unité]],liste_groupe[[#This Row],[Dopage (+Testostérone / + EE2, ….)]]))) -> 0-00 + Testostérone | B39: =B15 -> 0 | C39: =C15 -> 0 | D39: =D15 -> 0 | E39: =E15 -> 0 | F39: + Testostérone
A40: =IF(ISBLANK(liste_groupe[[#This Row],[Code WF]])," ",IF(ISBLANK(liste_groupe[[#This Row],[Unité]]),CONCATENATE(liste_groupe[[#This Row],[Nom de l''échantillon donné par le client]],liste_groupe[[#This Row],[Dopage (+Testostérone / + EE2, ….)]]),CONCATENATE(liste_groupe[[#This Row],[Nom de l''échantillon donné par le client]],"-",liste_groupe[[#This Row],[Concentration]],liste_groupe[[#This Row],[Unité]],liste_groupe[[#This Row],[Dopage (+Testostérone / + EE2, ….)]]))) -> 0-00 + Testostérone | B40: =B16 -> 0 | C40: =C16 -> 0 | D40: =D16 -> 0 | E40: =E16 -> 0 | F40: + Testostérone
A41: =IF(ISBLANK(liste_groupe[[#This Row],[Code WF]])," ",IF(ISBLANK(liste_groupe[[#This Row],[Unité]]),CONCATENATE(liste_groupe[[#This Row],[Nom de l''échantillon donné par le client]],liste_groupe[[#This Row],[Dopage (+Testostérone / + EE2, ….)]]),CONCATENATE(liste_groupe[[#This Row],[Nom de l''échantillon donné par le client]],"-",liste_groupe[[#This Row],[Concentration]],liste_groupe[[#This Row],[Unité]],liste_groupe[[#This Row],[Dopage (+Testostérone / + EE2, ….)]]))) -> 0-00 + Testostérone | B41: =B17 -> 0 | C41: =C17 -> 0 | D41: =D17 -> 0 | E41: =E17 -> 0 | F41: + Testostérone
A42: =IF(ISBLANK(liste_groupe[[#This Row],[Code WF]])," ",IF(ISBLANK(liste_groupe[[#This Row],[Unité]]),CONCATENATE(liste_groupe[[#This Row],[Nom de l''échantillon donné par le client]],liste_groupe[[#This Row],[Dopage (+Testostérone / + EE2, ….)]]),CONCATENATE(liste_groupe[[#This Row],[Nom de l''échantillon donné par le client]],"-",liste_groupe[[#This Row],[Concentration]],liste_groupe[[#This Row],[Unité]],liste_groupe[[#This Row],[Dopage (+Testostérone / + EE2, ….)]]))) -> 0-00 + Testostérone | B42: =B18 -> 0 | C42: =C18 -> 0 | D42: =D18 -> 0 | E42: =E18 -> 0 | F42: + Testostérone
A43: =IF(ISBLANK(liste_groupe[[#This Row],[Code WF]])," ",IF(ISBLANK(liste_groupe[[#This Row],[Unité]]),CONCATENATE(liste_groupe[[#This Row],[Nom de l''échantillon donné par le client]],liste_groupe[[#This Row],[Dopage (+Testostérone / + EE2, ….)]]),CONCATENATE(liste_groupe[[#This Row],[Nom de l''échantillon donné par le client]],"-",liste_groupe[[#This Row],[Concentration]],liste_groupe[[#This Row],[Unité]],liste_groupe[[#This Row],[Dopage (+Testostérone / + EE2, ….)]]))) -> 0-00 + Testostérone | B43: =B19 -> 0 | C43: =C19 -> 0 | D43: =D19 -> 0 | E43: =E19 -> 0 | F43: + Testostérone
A44: =IF(ISBLANK(liste_groupe[[#This Row],[Code WF]])," ",IF(ISBLANK(liste_groupe[[#This Row],[Unité]]),CONCATENATE(liste_groupe[[#This Row],[Nom de l''échantillon donné par le client]],liste_groupe[[#This Row],[Dopage (+Testostérone / + EE2, ….)]]),CONCATENATE(liste_groupe[[#This Row],[Nom de l''échantillon donné par le client]],"-",liste_groupe[[#This Row],[Concentration]],liste_groupe[[#This Row],[Unité]],liste_groupe[[#This Row],[Dopage (+Testostérone / + EE2, ….)]]))) -> 0-00 + Testostérone | B44: =B20 -> 0 | C44: =C20 -> 0 | D44: =D20 -> 0 | E44: =E20 -> 0 | F44: + Testostérone
A45: =IF(ISBLANK(liste_groupe[[#This Row],[Code WF]])," ",IF(ISBLANK(liste_groupe[[#This Row],[Unité]]),CONCATENATE(liste_groupe[[#This Row],[Nom de l''échantillon donné par le client]],liste_groupe[[#This Row],[Dopage (+Testostérone / + EE2, ….)]]),CONCATENATE(liste_groupe[[#This Row],[Nom de l''échantillon donné par le client]],"-",liste_groupe[[#This Row],[Concentration]],liste_groupe[[#This Row],[Unité]],liste_groupe[[#This Row],[Dopage (+Testostérone / + EE2, ….)]]))) -> 0-00 + Testostérone | B45: =B21 -> 0 | C45: =C21 -> 0 | D45: =D21 -> 0 | E45: =E21 -> 0 | F45: + Testostérone
A46: =IF(ISBLANK(liste_groupe[[#This Row],[Code WF]])," ",IF(ISBLANK(liste_groupe[[#This Row],[Unité]]),CONCATENATE(liste_groupe[[#This Row],[Nom de l''échantillon donné par le client]],liste_groupe[[#This Row],[Dopage (+Testostérone / + EE2, ….)]]),CONCATENATE(liste_groupe[[#This Row],[Nom de l''échantillon donné par le client]],"-",liste_groupe[[#This Row],[Concentration]],liste_groupe[[#This Row],[Unité]],liste_groupe[[#This Row],[Dopage (+Testostérone / + EE2, ….)]]))) -> 0-00 + Testostérone | B46: =B22 -> 0 | C46: =C22 -> 0 | D46: =D22 -> 0 | E46: =E22 -> 0 | F46: + Testostérone
A47: =IF(ISBLANK(liste_groupe[[#This Row],[Code WF]])," ",IF(ISBLANK(liste_groupe[[#This Row],[Unité]]),CONCATENATE(liste_groupe[[#This Row],[Nom de l''échantillon donné par le client]],liste_groupe[[#This Row],[Dopage (+Testostérone / + EE2, ….)]]),CONCATENATE(liste_groupe[[#This Row],[Nom de l''échantillon donné par le client]],"-",liste_groupe[[#This Row],[Concentration]],liste_groupe[[#This Row],[Unité]],liste_groupe[[#This Row],[Dopage (+Testostérone / + EE2, ….)]]))) -> 0-00 + Testostérone | B47: =B23 -> 0 | C47: =C23 -> 0 | D47: =D23 -> 0 | E47: =E23 -> 0 | F47: + Testostérone
A48: =IF(ISBLANK(liste_groupe[[#This Row],[Code WF]])," ",IF(ISBLANK(liste_groupe[[#This Row],[Unité]]),CONCATENATE(liste_groupe[[#This Row],[Nom de l''échantillon donné par le client]],liste_groupe[[#This Row],[Dopage (+Testostérone / + EE2, ….)]]),CONCATENATE(liste_groupe[[#This Row],[Nom de l''échantillon donné par le client]],"-",liste_groupe[[#This Row],[Concentration]],liste_groupe[[#This Row],[Unité]],liste_groupe[[#This Row],[Dopage (+Testostérone / + EE2, ….)]]))) -> 0-00 + Testostérone | B48: =B24 -> 0 | C48: =C24 -> 0 | D48: =D24 -> 0 | E48: =E24 -> 0 | F48: + Testostérone
A49: =IF(ISBLANK(liste_groupe[[#This Row],[Code WF]])," ",IF(ISBLANK(liste_groupe[[#This Row],[Unité]]),CONCATENATE(liste_groupe[[#This Row],[Nom de l''échantillon donné par le client]],liste_groupe[[#This Row],[Dopage (+Testostérone / + EE2, ….)]]),CONCATENATE(liste_groupe[[#This Row],[Nom de l''échantillon donné par le client]],"-",liste_groupe[[#This Row],[Concentration]],liste_groupe[[#This Row],[Unité]],liste_groupe[[#This Row],[Dopage (+Testostérone / + EE2, ….)]]))) -> 0-00 + Testostérone | B49: =B25 -> 0 | C49: =C25 -> 0 | D49: =D25 -> 0 | E49: =E25 -> 0 | F49: + Testostérone
A50: =IF(ISBLANK(liste_groupe[[#This Row],[Code WF]])," ",IF(ISBLANK(liste_groupe[[#This Row],[Unité]]),CONCATENATE(liste_groupe[[#This Row],[Nom de l''échantillon donné par le client]],liste_groupe[[#This Row],[Dopage (+Testostérone / + EE2, ….)]]),CONCATENATE(liste_groupe[[#This Row],[Nom de l''échantillon donné par le client]],"-",liste_groupe[[#This Row],[Concentration]],liste_groupe[[#This Row],[Unité]],liste_groupe[[#This Row],[Dopage (+Testostérone / + EE2, ….)]]))) -> 0-00 + Testostérone | B50: =B26 -> 0 | C50: =C26 -> 0 | D50: =D26 -> 0 | E50: =E26 -> 0 | F50: + Testostérone
... A58: =IF(ISBLANK(liste_groupe[[#This Row],[Code WF]])," ",IF(ISBLANK(liste_groupe[[#This Row],[Unité]]),CONCATENATE(liste_groupe[[#This Row],[Nom de l''échantillon donné par le client]],liste_groupe[[#This Row],[Dopage (+Testostérone / + EE2, ….)]]),CONCATENATE(liste_groupe[[#This Row],[Nom de l''échantillon donné par le client]],"-",liste_groupe[[#This Row],[Concentration]],liste_groupe[[#This Row],[Unité]],liste_groupe[[#This Row],[Dopage (+Testostérone / + EE2, ….)]]))) -> 0-00 + Testostérone | B58: =B34 -> 0 | C58: =C34 -> 0 | D58: =D34 -> 0 | E58: =E34 -> 0 | F58: + Testostérone

Sheet Feuil1
A1: Nom groupe | B1: N° de valeur | C1: file name | D1: total area | E1: mean intensity | G1: total fluorescence | I1: nbre de larves
A2: 01 EE2 0 | B2: A | C2: C:\Users\Olympus\Desktop\20190122\plaque1/@01 EE2 0/A1_1.tif | D2: 4931.616 | E2: 73.0526 | G2: 360268
A3: 01 EE2 0 | B3: A | C3: C:\Users\Olympus\Desktop\20190122\plaque1/@01 EE2 0/A1_2.tif | D3: 5234.4345 | E3: 71.1281 | G3: 372315
A4: 01 EE2 0 | B4: A | C4: C:\Users\Olympus\Desktop\20190122\plaque1/@01 EE2 0/A1_3.tif | D4: 3547.3027 | E4: 66.9878 | G4: 237626
A5: 01 EE2 0 | B5: A | C5: C:\Users\Olympus\Desktop\20190122\plaque3/@01 EE2 0/A1_3.tif | D5: 21456.8555 | E5: 67.0655 | G5: 1439015
A6: 01 EE2 0 | B6: A | C6: C:\Users\Olympus\Desktop\20190122\plaque3/@01 EE2 0/A1_2.tif | D6: 21586.6348 | E6: 66.4108 | G6: 1433586
A7: 01 EE2 0 | B7: A | C7: C:\Users\Olympus\Desktop\20190122\plaque3/@01 EE2 0/A1_1.tif | D7: 15984.4921 | E7: 69.7767 | G7: 1115346

Sheet Raw data R1
A1: Nom groupe | B1: N° de valeur | C1: file name | D1: total area | E1: mean intensity | G1: total fluorescence | I1: nbre de larves | L1: (Tous)
A2: =IFERROR(LEFT(RIGHT(C2,LEN(C2)-SEARCH("@",C2)),SEARCH("/",RIGHT(C2,LEN(C2)-SEARCH("@",C2)-1))),"") | B2: =LEFT(RIGHT(RIGHT(Tableau4[[#This Row],[file name]],LEN(Tableau4[[#This Row],[file name]])-SEARCH("@",Tableau4[[#This Row],[file name]])),LEN(RIGHT(Tableau4[[#This Row],[file name]],LEN(Tableau4[[#This Row],[file name]])-SEARCH("@",Tableau4[[#This Row],[file name]])))-SEARCH("/",RIGHT(Tableau4[[#This Row],[file name]],LEN(Tableau4[[#This Row],[file name]])-SEARCH("@",Tableau4[[#This Row],[file name]])))),1) -> #VALUE! | K2: Filtre lignes : Enlever (vide) et Néant | L2: Filtre colonnes : Enlever (vide) et " "
A3: =IFERROR(LEFT(RIGHT(C3,LEN(C3)-SEARCH("@",C3)),SEARCH("/",RIGHT(C3,LEN(C3)-SEARCH("@",C3)-1))),"") | B3: =LEFT(RIGHT(RIGHT(Tableau4[[#This Row],[file name]],LEN(Tableau4[[#This Row],[file name]])-SEARCH("@",Tableau4[[#This Row],[file name]])),LEN(RIGHT(Tableau4[[#This Row],[file name]],LEN(Tableau4[[#This Row],[file name]])-SEARCH("@",Tableau4[[#This Row],[file name]])))-SEARCH("/",RIGHT(Tableau4[[#This Row],[file name]],LEN(Tableau4[[#This Row],[file name]])-SEARCH("@",Tableau4[[#This Row],[file name]])))),1) -> #VALUE! | K3: Moyenne de total fluorescence | L3: Étiquettes de colonnes
A4: =IFERROR(LEFT(RIGHT(C4,LEN(C4)-SEARCH("@",C4)),SEARCH("/",RIGHT(C4,LEN(C4)-SEARCH("@",C4)-1))),"") | B4: =LEFT(RIGHT(RIGHT(Tableau4[[#This Row],[file name]],LEN(Tableau4[[#This Row],[file name]])-SEARCH("@",Tableau4[[#This Row],[file name]])),LEN(RIGHT(Tableau4[[#This Row],[file name]],LEN(Tableau4[[#This Row],[file name]])-SEARCH("@",Tableau4[[#This Row],[file name]])))-SEARCH("/",RIGHT(Tableau4[[#This Row],[file name]],LEN(Tableau4[[#This Row],[file name]])-SEARCH("@",Tableau4[[#This Row],[file name]])))),1) -> #VALUE! | K4: Étiquettes de lignes
A5: =IFERROR(LEFT(RIGHT(C5,LEN(C5)-SEARCH("@",C5)),SEARCH("/",RIGHT(C5,LEN(C5)-SEARCH("@",C5)-1))),"") | B5: =LEFT(RIGHT(RIGHT(Tableau4[[#This Row],[file name]],LEN(Tableau4[[#This Row],[file name]])-SEARCH("@",Tableau4[[#This Row],[file name]])),LEN(RIGHT(Tableau4[[#This Row],[file name]],LEN(Tableau4[[#This Row],[file name]])-SEARCH("@",Tableau4[[#This Row],[file name]])))-SEARCH("/",RIGHT(Tableau4[[#This Row],[file name]],LEN(Tableau4[[#This Row],[file name]])-SEARCH("@",Tableau4[[#This Row],[file name]])))),1) -> #VALUE! | K5: #VALEUR!
A6: =IFERROR(LEFT(RIGHT(C6,LEN(C6)-SEARCH("@",C6)),SEARCH("/",RIGHT(C6,LEN(C6)-SEARCH("@",C6)-1))),"") | B6: =LEFT(RIGHT(RIGHT(Tableau4[[#This Row],[file name]],LEN(Tableau4[[#This Row],[file name]])-SEARCH("@",Tableau4[[#This Row],[file name]])),LEN(RIGHT(Tableau4[[#This Row],[file name]],LEN(Tableau4[[#This Row],[file name]])-SEARCH("@",Tableau4[[#This Row],[file name]])))-SEARCH("/",RIGHT(Tableau4[[#This Row],[file name]],LEN(Tableau4[[#This Row],[file name]])-SEARCH("@",Tableau4[[#This Row],[file name]])))),1) -> #VALUE!
A7: =IFERROR(LEFT(RIGHT(C7,LEN(C7)-SEARCH("@",C7)),SEARCH("/",RIGHT(C7,LEN(C7)-SEARCH("@",C7)-1))),"") | B7: =LEFT(RIGHT(RIGHT(Tableau4[[#This Row],[file name]],LEN(Tableau4[[#This Row],[file name]])-SEARCH("@",Tableau4[[#This Row],[file name]])),LEN(RIGHT(Tableau4[[#This Row],[file name]],LEN(Tableau4[[#This Row],[file name]])-SEARCH("@",Tableau4[[#This Row],[file name]])))-SEARCH("/",RIGHT(Tableau4[[#This Row],[file name]],LEN(Tableau4[[#This Row],[file name]])-SEARCH("@",Tableau4[[#This Row],[file name]])))),1) -> #VALUE!
A8: =IFERROR(LEFT(RIGHT(C8,LEN(C8)-SEARCH("@",C8)),SEARCH("/",RIGHT(C8,LEN(C8)-SEARCH("@",C8)-1))),"") | B8: =LEFT(RIGHT(RIGHT(Tableau4[[#This Row],[file name]],LEN(Tableau4[[#This Row],[file name]])-SEARCH("@",Tableau4[[#This Row],[file name]])),LEN(RIGHT(Tableau4[[#This Row],[file name]],LEN(Tableau4[[#This Row],[file name]])-SEARCH("@",Tableau4[[#This Row],[file name]])))-SEARCH("/",RIGHT(Tableau4[[#This Row],[file name]],LEN(Tableau4[[#This Row],[file name]])-SEARCH("@",Tableau4[[#This Row],[file name]])))),1) -> #VALUE!
A9: =IFERROR(LEFT(RIGHT(C9,LEN(C9)-SEARCH("@",C9)),SEARCH("/",RIGHT(C9,LEN(C9)-SEARCH("@",C9)-1))),"") | B9: =LEFT(RIGHT(RIGHT(Tableau4[[#This Row],[file name]],LEN(Tableau4[[#This Row],[file name]])-SEARCH("@",Tableau4[[#This Row],[file name]])),LEN(RIGHT(Tableau4[[#This Row],[file name]],LEN(Tableau4[[#This Row],[file name]])-SEARCH("@",Tableau4[[#This Row],[file name]])))-SEARCH("/",RIGHT(Tableau4[[#This Row],[file name]],LEN(Tableau4[[#This Row],[file name]])-SEARCH("@",Tableau4[[#This Row],[file name]])))),1) -> #VALUE!
A10: =IFERROR(LEFT(RIGHT(C10,LEN(C10)-SEARCH("@",C10)),SEARCH("/",RIGHT(C10,LEN(C10)-SEARCH("@",C10)-1))),"") | B10: =LEFT(RIGHT(RIGHT(Tableau4[[#This Row],[file name]],LEN(Tableau4[[#This Row],[file name]])-SEARCH("@",Tableau4[[#This Row],[file name]])),LEN(RIGHT(Tableau4[[#This Row],[file name]],LEN(Tableau4[[#This Row],[file name]])-SEARCH("@",Tableau4[[#This Row],[file name]])))-SEARCH("/",RIGHT(Tableau4[[#This Row],[file name]],LEN(Tableau4[[#This Row],[file name]])-SEARCH("@",Tableau4[[#This Row],[file name]])))),1) -> #VALUE!
A11: =IFERROR(LEFT(RIGHT(C11,LEN(C11)-SEARCH("@",C11)),SEARCH("/",RIGHT(C11,LEN(C11)-SEARCH("@",C11)-1))),"") | B11: =LEFT(RIGHT(RIGHT(Tableau4[[#This Row],[file name]],LEN(Tableau4[[#This Row],[file name]])-SEARCH("@",Tableau4[[#This Row],[file name]])),LEN(RIGHT(Tableau4[[#This Row],[file name]],LEN(Tableau4[[#This Row],[file name]])-SEARCH("@",Tableau4[[#This Row],[file name]])))-SEARCH("/",RIGHT(Tableau4[[#This Row],[file name]],LEN(Tableau4[[#This Row],[file name]])-SEARCH("@",Tableau4[[#This Row],[file name]])))),1) -> #VALUE!
A12: =IFERROR(LEFT(RIGHT(C12,LEN(C12)-SEARCH("@",C12)),SEARCH("/",RIGHT(C12,LEN(C12)-SEARCH("@",C12)-1))),"") | B12: =LEFT(RIGHT(RIGHT(Tableau4[[#This Row],[file name]],LEN(Tableau4[[#This Row],[file name]])-SEARCH("@",Tableau4[[#This Row],[file name]])),LEN(RIGHT(Tableau4[[#This Row],[file name]],LEN(Tableau4[[#This Row],[file name]])-SEARCH("@",Tableau4[[#This Row],[file name]])))-SEARCH("/",RIGHT(Tableau4[[#This Row],[file name]],LEN(Tableau4[[#This Row],[file name]])-SEARCH("@",Tableau4[[#This Row],[file name]])))),1) -> #VALUE!
A13: =IFERROR(LEFT(RIGHT(C13,LEN(C13)-SEARCH("@",C13)),SEARCH("/",RIGHT(C13,LEN(C13)-SEARCH("@",C13)-1))),"") | B13: =LEFT(RIGHT(RIGHT(Tableau4[[#This Row],[file name]],LEN(Tableau4[[#This Row],[file name]])-SEARCH("@",Tableau4[[#This Row],[file name]])),LEN(RIGHT(Tableau4[[#This Row],[file name]],LEN(Tableau4[[#This Row],[file name]])-SEARCH("@",Tableau4[[#This Row],[file name]])))-SEARCH("/",RIGHT(Tableau4[[#This Row],[file name]],LEN(Tableau4[[#This Row],[file name]])-SEARCH("@",Tableau4[[#This Row],[file name]])))),1) -> #VALUE!
A14: =IFERROR(LEFT(RIGHT(C14,LEN(C14)-SEARCH("@",C14)),SEARCH("/",RIGHT(C14,LEN(C14)-SEARCH("@",C14)-1))),"") | B14: =LEFT(RIGHT(RIGHT(Tableau4[[#This Row],[file name]],LEN(Tableau4[[#This Row],[file name]])-SEARCH("@",Tableau4[[#This Row],[file name]])),LEN(RIGHT(Tableau4[[#This Row],[file name]],LEN(Tableau4[[#This Row],[file name]])-SEARCH("@",Tableau4[[#This Row],[file name]])))-SEARCH("/",RIGHT(Tableau4[[#This Row],[file name]],LEN(Tableau4[[#This Row],[file name]])-SEARCH("@",Tableau4[[#This Row],[file name]])))),1) -> #VALUE!
A15: =IFERROR(LEFT(RIGHT(C15,LEN(C15)-SEARCH("@",C15)),SEARCH("/",RIGHT(C15,LEN(C15)-SEARCH("@",C15)-1))),"") | B15: =LEFT(RIGHT(RIGHT(Tableau4[[#This Row],[file name]],LEN(Tableau4[[#This Row],[file name]])-SEARCH("@",Tableau4[[#This Row],[file name]])),LEN(RIGHT(Tableau4[[#This Row],[file name]],LEN(Tableau4[[#This Row],[file name]])-SEARCH("@",Tableau4[[#This Row],[file name]])))-SEARCH("/",RIGHT(Tableau4[[#This Row],[file name]],LEN(Tableau4[[#This Row],[file name]])-SEARCH("@",Tableau4[[#This Row],[file name]])))),1) -> #VALUE!
A16: =IFERROR(LEFT(RIGHT(C16,LEN(C16)-SEARCH("@",C16)),SEARCH("/",RIGHT(C16,LEN(C16)-SEARCH("@",C16)-1))),"") | B16: =LEFT(RIGHT(RIGHT(Tableau4[[#This Row],[file name]],LEN(Tableau4[[#This Row],[file name]])-SEARCH("@",Tableau4[[#This Row],[file name]])),LEN(RIGHT(Tableau4[[#This Row],[file name]],LEN(Tableau4[[#This Row],[file name]])-SEARCH("@",Tableau4[[#This Row],[file name]])))-SEARCH("/",RIGHT(Tableau4[[#This Row],[file name]],LEN(Tableau4[[#This Row],[file name]])-SEARCH("@",Tableau4[[#This Row],[file name]])))),1) -> #VALUE!
A17: =IFERROR(LEFT(RIGHT(C17,LEN(C17)-SEARCH("@",C17)),SEARCH("/",RIGHT(C17,LEN(C17)-SEARCH("@",C17)-1))),"") | B17: =LEFT(RIGHT(RIGHT(Tableau4[[#This Row],[file name]],LEN(Tableau4[[#This Row],[file name]])-SEARCH("@",Tableau4[[#This Row],[file name]])),LEN(RIGHT(Tableau4[[#This Row],[file name]],LEN(Tableau4[[#This Row],[file name]])-SEARCH("@",Tableau4[[#This Row],[file name]])))-SEARCH("/",RIGHT(Tableau4[[#This Row],[file name]],LEN(Tableau4[[#This Row],[file name]])-SEARCH("@",Tableau4[[#This Row],[file name]])))),1) -> #VALUE!
... A1557: =IFERROR(LEFT(RIGHT(C1557,LEN(C1557)-SEARCH("@",C1557)),SEARCH("/",RIGHT(C1557,LEN(C1557)-SEARCH("@",C1557)-1))),"") | B1557: =LEFT(RIGHT(RIGHT(Tableau4[[#This Row],[file name]],LEN(Tableau4[[#This Row],[file name]])-SEARCH("@",Tableau4[[#This Row],[file name]])),LEN(RIGHT(Tableau4[[#This Row],[file name]],LEN(Tableau4[[#This Row],[file name]])-SEARCH("@",Tableau4[[#This Row],[file name]])))-SEARCH("/",RIGHT(Tableau4[[#This Row],[file name]],LEN(Tableau4[[#This Row],[file name]])-SEARCH("@",Tableau4[[#This Row],[file name]])))),1) -> #VALUE!

Sheet Feuil2
A1: raw data
A3: Version 4.0, Macro for Choriogenin Analysis. 80-255, green - red jpg
A6: analysed:
A7: Date: Wed 30-Jun-2021
A8: Time: 09:38:00
A10: start date of exposure:
A11: date of read:
A12: line: | B12: ChgH homozygous
A13: crossed with: | B13: ChgH homozygous
A14: generation of embryos:
A15: exposure length in hours: | B15: 24
A18: file name | B18: total area | C18: mean intensity | E18: total fluorescence
A19: C:\Users\achikhaoui\Desktop\Calibration exp danemark\80-255\R1 Danemark/@01 Solvent control/Solvent_control__20210617_001- exclu.jpg
A20: C:\Users\achikhaoui\Desktop\Calibration exp danemark\80-255\R1 Danemark/@01 Solvent control/Solvent_control__20210617_003- exclu.jpg
A21: C:\Users\achikhaoui\Desktop\Calibration exp danemark\80-255\R1 Danemark/@01 Solvent control/Solvent_control__20210617_004- exclu.jpg
A22: C:\Users\achikhaoui\Desktop\Calibration exp danemark\80-255\R1 Danemark/@01 Solvent control/Solvent_control__20210617_005- exclu.jpg
A23: C:\Users\achikhaoui\Desktop\Calibration exp danemark\80-255\R1 Danemark/@01 Solvent control/Solvent_control__20210617_007.jpg | B23: 97 | C23: 85.6082 | E23: 8304
A24: C:\Users\achikhaoui\Desktop\Calibration exp danemark\80-255\R1 Danemark/@01 Solvent control/Solvent_control__20210617_008- exclu.jpg
A25: C:\Users\achikhaoui\Desktop\Calibration exp danemark\80-255\R1 Danemark/@01 Solvent control/Solvent_control__20210617_011.jpg | B25: 1 | C25: 81 | E25: 81
A26: C:\Users\achikhaoui\Desktop\Calibration exp danemark\80-255\R1 Danemark/@01 Solvent control/Solvent_control__20210617_012.jpg | B26: 0 | C26: 0 | E26: 0
A28: group | C28: mean of mean fluo | D28: SD mean fluo | E28: mean of total fluo | F28: SD total fluo | G28: n fluorescent | H28: n total
A29: C:\Users\achikhaoui\Desktop\Calibration exp danemark\80-255\R1 Danemark/@01 Solvent control/ | C29: 41.1698 | D29: 44.0381 | E29: 1109.375 | F29: 2909.3798 | G29: 4 | H29: 8
A35: file name | B35: total area | C35: mean intensity | E35: total fluorescence
A36: C:\Users\achikhaoui\Desktop\Calibration exp danemark\80-255\R1 Danemark/@02 EE2 34ngL/EE2_34ngL__20210617_002.jpg | B36: 0 | C36: 0 | E36: 0
A37: C:\Users\achikhaoui\Desktop\Calibration exp danemark\80-255\R1 Danemark/@02 EE2 34ngL/EE2_34ngL__20210617_003.jpg | B37: 31 | C37: 84.4194 | E37: 2617
A38: C:\Users\achikhaoui\Desktop\Calibration exp danemark\80-255\R1 Danemark/@02 EE2 34ngL/EE2_34ngL__20210617_005.jpg | B38: 18 | C38: 83.3333 | E38: 1500
A39: C:\Users\achikhaoui\Desktop\Calibration exp danemark\80-255\R1 Danemark/@02 EE2 34ngL/EE2_34ngL__20210617_006- exclu.jpg
A40: C:\Users\achikhaoui\Desktop\Calibration exp danemark\80-255\R1 Danemark/@02 EE2 34ngL/EE2_34ngL__20210617_007- exclu.jpg
A41: C:\Users\achikhaoui\Desktop\Calibration exp danemark\80-255\R1 Danemark/@02 EE2 34ngL/EE2_34ngL__20210617_008.jpg | B41: 132 | C41: 90.6212 | E41: 11962
A42: C:\Users\achikhaoui\Desktop\Calibration exp danemark\80-255\R1 Danemark/@02 EE2 34ngL/EE2_34ngL__20210617_009.jpg | B42: 0 | C42: 0 | E42: 0
A43: C:\Users\achikhaoui\Desktop\Calibration exp danemark\80-255\R1 Danemark/@02 EE2 34ngL/EE2_34ngL__20210617_013.jpg | B43: 29 | C43: 89.1379 | E43: 2585
A45: group | C45: mean of mean fluo | D45: SD mean fluo | E45: mean of total fluo | F45: SD total fluo | G45: n fluorescent | H45: n total
A46: C:\Users\achikhaoui\Desktop\Calibration exp danemark\80-255\R1 Danemark/@02 EE2 34ngL/ | C46: 64.2723 | D46: 39.7681 | E46: 2458 | F46: 3982.7531 | G46: 6 | H46: 8
A52: file name | B52: total area | C52: mean intensity | E52: total fluorescence
A53: C:\Users\achikhaoui\Desktop\Calibration exp danemark\80-255\R1 Danemark/@03 EE2 51ngL/EE2_51ngL__20210617_001.jpg | B53: 28 | C53: 82.4643 | E53: 2309
A54: C:\Users\achikhaoui\Desktop\Calibration exp danemark\80-255\R1 Danemark/@03 EE2 51ngL/EE2_51ngL__20210617_004.jpg | B54: 0 | C54: 0 | E54: 0
A55: C:\Users\achikhaoui\Desktop\Calibration exp danemark\80-255\R1 Danemark/@03 EE2 51ngL/EE2_51ngL__20210617_010.jpg | B55: 166 | C55: 84.7651 | E55: 14071
A56: C:\Users\achikhaoui\Desktop\Calibration exp danemark\80-255\R1 Danemark/@03 EE2 51ngL/EE2_51ngL__20210617_011.jpg | B56: 207 | C56: 94.6763 | E56: 19598
A57: C:\Users\achikhaoui\Desktop\Calibration exp danemark\80-255\R1 Danemark/@03 EE2 51ngL/EE2_51ngL__20210617_012.jpg | B57: 1593 | C57: 93.2825 | E57: 148599
A58: C:\Users\achikhaoui\Desktop\Calibration exp danemark\80-255\R1 Danemark/@03 EE2 51ngL/EE2_51ngL__20210617_013.jpg | B58: 82 | C58: 83.7927 | E58: 6871
A59: C:\Users\achikhaoui\Desktop\Calibration exp danemark\80-255\R1 Danemark/@03 EE2 51ngL/EE2_51ngL__20210617_014.jpg | B59: 252 | C59: 91.5952 | E59: 23082
A60: C:\Users\achikhaoui\Desktop\Calibration exp danemark\80-255\R1 Danemark/@03 EE2 51ngL/EE2_51ngL__20210617_015.jpg | B60: 0 | C60: 0 | E60: 0
A62: group | C62: mean of mean fluo | D62: SD mean fluo | E62: mean of total fluo | F62: SD total fluo | G62: n fluorescent | H62: n total
A63: C:\Users\achikhaoui\Desktop\Calibration exp danemark\80-255\R1 Danemark/@03 EE2 51ngL/ | C63: 66.322 | D63: 41.1838 | E63: 26816.25 | F63: 49994.5257 | G63: 6 | H63: 8
A69: file name | B69: total area | C69: mean intensity | E69: total fluorescence
A70: C:\Users\achikhaoui\Desktop\Calibration exp danemark\80-255\R1 Danemark/@04 EE2 76ngL/EE2_76ngL__20210617_002.jpg | B70: 0 | C70: 0 | E70: 0
A71: C:\Users\achikhaoui\Desktop\Calibration exp danemark\80-255\R1 Danemark/@04 EE2 76ngL/EE2_76ngL__20210617_006.jpg | B71: 821 | C71: 88.4141 | E71: 72588
A72: C:\Users\achikhaoui\Desktop\Calibration exp danemark\80-255\R1 Danemark/@04 EE2 76ngL/EE2_76ngL__20210617_007.jpg | B72: 388 | C72: 84.4021 | E72: 32748
A73: C:\Users\achikhaoui\Desktop\Calibration exp danemark\80-255\R1 Danemark/@04 EE2 76ngL/EE2_76ngL__20210617_008.jpg | B73: 36 | C73: 83 | E73: 2988
A74: C:\Users\achikhaoui\Desktop\Calibration exp danemark\80-255\R1 Danemark/@04 EE2 76ngL/EE2_76ngL__20210617_011.jpg | B74: 156 | C74: 89.75 | E74: 14001
A75: C:\Users\achikhaoui\Desktop\Calibration exp danemark\80-255\R1 Danemark/@04 EE2 76ngL/EE2_76ngL__20210617_013.jpg | B75: 2657 | C75: 113.8517 | E75: 302504
A76: C:\Users\achikhaoui\Desktop\Calibration exp danemark\80-255\R1 Danemark/@04 EE2 76ngL/EE2_76ngL__20210617_016.jpg | B76: 453 | C76: 84.287 | E76: 38182
A77: C:\Users\achikhaoui\Desktop\Calibration exp danemark\80-255\R1 Danemark/@04 EE2 76ngL/EE2_76ngL__20210617_017.jpg | B77: 2217 | C77: 113.9508 | E77: 252629
A79: group | C79: mean of mean fluo | D79: SD mean fluo | E79: mean of total fluo | F79: SD total fluo | G79: n fluorescent | H79: n total
A80: C:\Users\achikhaoui\Desktop\Calibration exp danemark\80-255\R1 Danemark/@04 EE2 76ngL/ | C80: 82.207 | D80: 35.6015 | E80: 89455 | F80: 119113.857 | G80: 7 | H80: 8
A86: file name | B86: total area | C86: mean intensity | E86: total fluorescence
A87: C:\Users\achikhaoui\Desktop\Calibration exp danemark\80-255\R1 Danemark/@05 EE2 114ngL/EE2_114ngL__20210617_001.jpg | B87: 813 | C87: 83.5609 | E87: 67935
A88: C:\Users\achikhaoui\Desktop\Calibration exp danemark\80-255\R1 Danemark/@05 EE2 114ngL/EE2_114ngL__20210617_002.jpg | B88: 1173 | C88: 93.1645 | E88: 109282
A89: C:\Users\achikhaoui\Desktop\Calibration exp danemark\80-255\R1 Danemark/@05 EE2 114ngL/EE2_114ngL__20210617_004.jpg | B89: 2175 | C89: 110.8993 | E89: 241206
A90: C:\Users\achikhaoui\Desktop\Calibration exp danemark\80-255\R1 Danemark/@05 EE2 114ngL/EE2_114ngL__20210617_005.jpg | B90: 2520 | C90: 102.9528 | E90: 259441
A91: C:\Users\achikhaoui\Desktop\Calibration exp danemark\80-255\R1 Danemark/@05 EE2 114ngL/EE2_114ngL__20210617_006.jpg | B91: 1677 | C91: 94.6524 | E91: 158732
A92: C:\Users\achikhaoui\Desktop\Calibration exp danemark\80-255\R1 Danemark/@05 EE2 114ngL/EE2_114ngL__20210617_007.jpg | B92: 1019 | C92: 90.6114 | E92: 92333
A93: C:\Users\achikhaoui\Desktop\Calibration exp danemark\80-255\R1 Danemark/@05 EE2 114ngL/EE2_114ngL__20210617_009.jpg | B93: 2420 | C93: 94.8335 | E93: 229497
A94: C:\Users\achikhaoui\Desktop\Calibration exp danemark\80-255\R1 Danemark/@05 EE2 114ngL/EE2_114ngL__20210617_011.jpg | B94: 398 | C94: 85.402 | E94: 33990
A96: group | C96: mean of mean fluo | D96: SD mean fluo | E96: mean of total fluo | F96: SD total fluo | G96: n fluorescent | H96: n total
A97: C:\Users\achikhaoui\Desktop\Calibration exp danemark\80-255\R1 Danemark/@05 EE2 114ngL/ | C97: 94.5096 | D97: 8.9432 | E97: 149052 | F97: 86073.9888 | G97: 8 | H97: 8
A103: file name | B103: total area | C103: mean intensity | E103: total fluorescence
A104: C:\Users\achikhaoui\Desktop\Calibration exp danemark\80-255\R1 Danemark/@06 EE2 171 ngL/EE2_171ngL__20210617_018.jpg | B104: 3062 | C104: 116.3119 | E104: 356147
A105: C:\Users\achikhaoui\Desktop\Calibration exp danemark\80-255\R1 Danemark/@06 EE2 171 ngL/EE2_171ngL__20210617_024.jpg | B105: 2836 | C105: 129.1118 | E105: 366161
A106: C:\Users\achikhaoui\Desktop\Calibration exp danemark\80-255\R1 Danemark/@06 EE2 171 ngL/EE2_171ngL__20210617_028.jpg | B106: 2557 | C106: 107.625 | E106: 275197
A107: C:\Users\achikhaoui\Desktop\Calibration exp danemark\80-255\R1 Danemark/@06 EE2 171 ngL/EE2_171ngL__20210617_029.jpg | B107: 2936 | C107: 112.7984 | E107: 331176
A108: C:\Users\achikhaoui\Desktop\Calibration exp danemark\80-255\R1 Danemark/@06 EE2 171 ngL/EE2_171ngL__20210617_030- exclu.jpg
A109: C:\Users\achikhaoui\Desktop\Calibration exp danemark\80-255\R1 Danemark/@06 EE2 171 ngL/EE2_171ngL__20210617_031.jpg | B109: 2187 | C109: 111.599 | E109: 244067
A110: C:\Users\achikhaoui\Desktop\Calibration exp danemark\80-255\R1 Danemark/@06 EE2 171 ngL/EE2_171ngL__20210617_032.jpg | B110: 2811 | C110: 109.058 | E110: 306562
A111: C:\Users\achikhaoui\Desktop\Calibration exp danemark\80-255\R1 Danemark/@06 EE2 171 ngL/EE2_171ngL__20210617_036.jpg | B111: 2108 | C111: 102.1618 | E111: 215357
A113: group | C113: mean of mean fluo | D113: SD mean fluo | E113: mean of total fluo | F113: SD total fluo | G113: n fluorescent | H113: n total
A114: C:\Users\achikhaoui\Desktop\Calibration exp danemark\80-255\R1 Danemark/@06 EE2 171 ngL/ | C114: 108.9551 | D114: 13.1206 | E114: 264343.375 | F114: 111890.853 | G114: 8 | H114: 8
A120: file name | B120: total area | C120: mean intensity | E120: total fluorescence
A121: C:\Users\achikhaoui\Desktop\Calibration exp danemark\80-255\R1 Danemark/@07 EE2 488ngL/EE2_488ngL__20210617_002.jpg | B121: 2204 | C121: 130.328 | E121: 287243
A122: C:\Users\achikhaoui\Desktop\Calibration exp danemark\80-255\R1 Danemark/@07 EE2 488ngL/EE2_488ngL__20210617_003.jpg | B122: 2212 | C122: 126.0298 | E122: 278778
A123: C:\Users\achikhaoui\Desktop\Calibration exp danemark\80-255\R1 Danemark/@07 EE2 488ngL/EE2_488ngL__20210617_004.jpg | B123: 3112 | C123: 137.8548 | E123: 429004
A124: C:\Users\achikhaoui\Desktop\Calibration exp danemark\80-255\R1 Danemark/@07 EE2 488ngL/EE2_488ngL__20210617_005.jpg | B124: 4220 | C124: 127.3893 | E124: 537583
A125: C:\Users\achikhaoui\Desktop\Calibration exp danemark\80-255\R1 Danemark/@07 EE2 488ngL/EE2_488ngL__20210617_007.jpg | B125: 2619 | C125: 128.9542 | E125: 337731
A126: C:\Users\achikhaoui\Desktop\Calibration exp danemark\80-255\R1 Danemark/@07 EE2 488ngL/EE2_488ngL__20210617_011.jpg | B126: 3099 | C126: 122.4347 | E126: 379425
A127: C:\Users\achikhaoui\Desktop\Calibration exp danemark\80-255\R1 Danemark/@07 EE2 488ngL/EE2_488ngL__20210617_013.jpg | B127: 2803 | C127: 130.1784 | E127: 364890
A128: C:\Users\achikhaoui\Desktop\Calibration exp danemark\80-255\R1 Danemark/@07 EE2 488ngL/EE2_488ngL__20210617_014.jpg | B128: 2735 | C128: 127.1876 | E128: 347858
A130: group | C130: mean of mean fluo | D130: SD mean fluo | E130: mean of total fluo | F130: SD total fluo | G130: n fluorescent | H130: n total
A131: C:\Users\achikhaoui\Desktop\Calibration exp danemark\80-255\R1 Danemark/@07 EE2 488ngL/ | C131: 128.7946 | D131: 4.4566 | E131: 370314 | F131: 83136.221 | G131: 8 | H131: 8
A137: file name | B137: total area | C137: mean intensity | E137: total fluorescence
A138: C:\Users\achikhaoui\Desktop\Calibration exp danemark\80-255\R1 Danemark/@Testo 30µgL+0.2% DMSO/Testo 30µgL__20210617_005.jpg | B138: 601 | C138: 89.9867 | E138: 54082
A139: C:\Users\achikhaoui\Desktop\Calibration exp danemark\80-255\R1 Danemark/@Testo 30µgL+0.2% DMSO/Testo 30µgL__20210617_006.jpg | B139: 2215 | C139: 119.2826 | E139: 264211
A140: C:\Users\achikhaoui\Desktop\Calibration exp danemark\80-255\R1 Danemark/@Testo 30µgL+0.2% DMSO/Testo 30µgL__20210617_009.jpg | B140: 2585 | C140: 111.7791 | E140: 288949
A141: C:\Users\achikhaoui\Desktop\Calibration exp danemark\80-255\R1 Danemark/@Testo 30µgL+0.2% DMSO/Testo 30µgL__20210617_013.jpg | B141: 1978 | C141: 103.9621 | E141: 205637
A142: C:\Users\achikhaoui\Desktop\Calibration exp danemark\80-255\R1 Danemark/@Testo 30µgL+0.2% DMSO/Testo 30µgL__20210617_014.jpg | B142: 2911 | C142: 117.3291 | E142: 341545
A143: C:\Users\achikhaoui\Desktop\Calibration exp danemark\80-255\R1 Danemark/@Testo 30µgL+0.2% DMSO/Testo 30µgL__20210617_015.jpg | B143: 815 | C143: 94.0479 | E143: 76649
A144: C:\Users\achikhaoui\Desktop\Calibration exp danemark\80-255\R1 Danemark/@Testo 30µgL+0.2% DMSO/Testo 30µgL__20210617_024.jpg | B144: 3096 | C144: 115.7532 | E144: 358372
A145: C:\Users\achikhaoui\Desktop\Calibration exp danemark\80-255\R1 Danemark/@Testo 30µgL+0.2% DMSO/Testo 30µgL__20210617_035.jpg | B145: 2504 | C145: 117.4513 | E145: 294098
A147: group | C147: mean of mean fluo | D147: SD mean fluo | E147: mean of total fluo | F147: SD total fluo | G147: n fluorescent | H147: n total
A148: C:\Users\achikhaoui\Desktop\Calibration exp danemark\80-255\R1 Danemark/@Testo 30µgL+0.2% DMSO/ | C148: 108.699 | D148: 11.3992 | E148: 235442.875 | F148: 114950.807 | G148: 8 | H148: 8
A154: file name | B154: total area | C154: mean intensity | E154: total fluorescence
...

Sheet R1
A1: 3. Expérimentateur 1 : copier et coller les valeurs des intensités totales de fluorescences obtenues dans le fichier raw data lors du traitement des images.
A3: R1 | B3: Non dopé | J3: avec testo
A4: Noms des groupes | B4: ='Page de garde'!A7 -> Témoin solvant | C4: ='Page de garde'!A9 -> EE2-33,8ng/L | D4: ='Page de garde'!A10 -> EE2-50,6ng/L | E4: ='Page de garde'!A11 -> EE2-76ng/L | F4: ='Page de garde'!A12 -> EE2-114ng/L | G4: ='Page de garde'!A13 -> EE2-170,9ng/L | H4: ='Page de garde'!A14 -> EE2-488ng/L | J4: ='Page de garde'!A36 -> Testo -30µg/L | K4: ='Page de garde'!A37 -> Testo 30µg/L + EE2 -64ng/L | L4: ='Page de garde'!A38 -> Testo 30µg/L + FAD-10mg/L
A5: Données brutes | B5: =Feuil2!E23 -> 8304 | C5: =Feuil2!E36 -> 0 | D5: =Feuil2!E53 -> 2309 | E5: =Feuil2!E70 -> 0 | F5: =Feuil2!E87 -> 67935 | G5: =Feuil2!E104 -> 356147 | H5: =Feuil2!E121 -> 287243 | J5: =Feuil2!E138 -> 54082 | L5: =Feuil2!E155 -> 3263
C6: =Feuil2!E37 -> 2617 | D6: =Feuil2!E54 -> 0 | E6: =Feuil2!E71 -> 72588 | F6: =Feuil2!E88 -> 109282 | G6: =Feuil2!E105 -> 366161 | H6: =Feuil2!E122 -> 278778 | J6: =Feuil2!E139 -> 264211 | L6: =Feuil2!E156 -> 81
B7: =Feuil2!E25 -> 81 | C7: =Feuil2!E38 -> 1500 | D7: =Feuil2!E55 -> 14071 | E7: =Feuil2!E72 -> 32748 | F7: =Feuil2!E89 -> 241206 | G7: =Feuil2!E106 -> 275197 | H7: =Feuil2!E123 -> 429004 | J7: =Feuil2!E140 -> 288949 | L7: =Feuil2!E157 -> 52926
B8: =Feuil2!E26 -> 0 | D8: =Feuil2!E56 -> 19598 | E8: =Feuil2!E73 -> 2988 | F8: =Feuil2!E90 -> 259441 | G8: =Feuil2!E107 -> 331176 | H8: =Feuil2!E124 -> 537583 | J8: =Feuil2!E141 -> 205637 | L8: =Feuil2!E158 -> 2557
D9: =Feuil2!E57 -> 148599 | E9: =Feuil2!E74 -> 14001 | F9: =Feuil2!E91 -> 158732 | H9: =Feuil2!E125 -> 337731 | J9: =Feuil2!E142 -> 341545 | L9: =Feuil2!E159 -> 17861
C10: =Feuil2!E41 -> 11962 | D10: =Feuil2!E58 -> 6871 | E10: =Feuil2!E75 -> 302504 | F10: =Feuil2!E92 -> 92333 | G10: =Feuil2!E109 -> 244067 | H10: =Feuil2!E126 -> 379425 | J10: =Feuil2!E143 -> 76649 | L10: =Feuil2!E160 -> 32128
C11: =Feuil2!E42 -> 0 | D11: =Feuil2!E59 -> 23082 | E11: =Feuil2!E76 -> 38182 | F11: =Feuil2!E93 -> 229497 | G11: =Feuil2!E110 -> 306562 | H11: =Feuil2!E127 -> 364890 | J11: =Feuil2!E144 -> 358372 | L11: =Feuil2!E161 -> 14960
C12: =Feuil2!E43 -> 2585 | D12: =Feuil2!E60 -> 0 | E12: =Feuil2!E77 -> 252629 | F12: =Feuil2!E94 -> 33990 | G12: =Feuil2!E111 -> 215357 | H12: =Feuil2!E128 -> 347858 | J12: =Feuil2!E145 -> 294098 | L12: =Feuil2!E162 -> 580
A22: =A4 -> Noms des groupes | B22: =B4 -> Témoin solvant | C22: =C4 -> EE2-33,8ng/L | D22: =D4 -> EE2-50,6ng/L | E22: =E4 -> EE2-76ng/L | F22: =F4 -> EE2-114ng/L | G22: =G4 -> EE2-170,9ng/L | H22: =H4 -> EE2-488ng/L | I22: Nom des groupes | J22: =J4 -> Testo -30µg/L | K22: =K4 -> Testo 30µg/L + EE2 -64ng/L | L22: =L4 -> Testo 30µg/L + FAD-10mg/L
A23: mean | B23: =AVERAGE(B5:B20) -> 2795 | C23: =AVERAGE(C5:C20) -> 3110.6667 | D23: =AVERAGE(D5:D20) -> 26816.25 | E23: =AVERAGE(E5:E20) -> 89455 | F23: =AVERAGE(F5:F20) -> 149052 | G23: =AVERAGE(G5:G20) -> 299238.14 | H23: =AVERAGE(H5:H20) -> 370314 | I23: mean | J23: =AVERAGE(J5:J20) -> 235442.88 | K23: =AVERAGE(K5:K20) -> #DIV/0! | L23: =AVERAGE(L5:L20) -> 15544.5
A24: SD | B24: =STDEV(B5:B20) -> 4771.1058 | C24: =STDEV(C5:C20) -> 4490.2756 | D24: =STDEV(D5:D20) -> 49994.526 | E24: =STDEV(E5:E20) -> 119113.86 | F24: =STDEV(F5:F20) -> 86073.989 | G24: =STDEV(G5:G20) -> 56933.924 | H24: =STDEV(H5:H20) -> 83136.221 | I24: SD | J24: =STDEV(J5:J20) -> 114950.81 | K24: =STDEV(K5:K20) -> #DIV/0! | L24: =STDEV(L5:L20) -> 18748.955
B26: Non dopé | J26: avec testo
A27: Noms des groupes | B27: =B4 -> Témoin solvant | C27: =C4 -> EE2-33,8ng/L | D27: =D4 -> EE2-50,6ng/L | E27: =E4 -> EE2-76ng/L | F27: =F4 -> EE2-114ng/L | G27: =G4 -> EE2-170,9ng/L | H27: =H4 -> EE2-488ng/L | J27: =J4 -> Testo -30µg/L | K27: =K4 -> Testo 30µg/L + EE2 -64ng/L | L27: =L4 -> Testo 30µg/L + FAD-10mg/L
A28: Données normalisées sur la moyenne du groupe "Testo" | B28: =IF(B5="","",(B5/$J$23)) -> 0.035269702 | C28: =IF(C5="","",(C5/$J$23)) -> 0 | D28: =IF(D5="","",(D5/$J$23)) -> 0.0098070498 | E28: =IF(E5="","",(E5/$J$23)) -> 0 | F28: =IF(F5="","",(F5/$J$23)) -> 0.28854133 | G28: =IF(G5="","",(G5/$J$23)) -> 1.5126684 | H28: =IF(H5="","",(H5/$J$23)) -> 1.2200114 | J28: =IF(J5="","",(J5/$J$23)) -> 0.22970328 | K28: =IF(K5="","",(K5/$J$23)) | L28: =IF(L5="","",(L5/$J$23)) -> 0.013858988
C29: =IF(C6="","",(C6/$J$23)) -> 0.011115223 | D29: =IF(D6="","",(D6/$J$23)) -> 0 | E29: =IF(E6="","",(E6/$J$23)) -> 0.30830408 | F29: =IF(F6="","",(F6/$J$23)) -> 0.46415505 | G29: =IF(G6="","",(G6/$J$23)) -> 1.555201 | H29: =IF(H6="","",(H6/$J$23)) -> 1.1840579 | J29: =IF(J6="","",(J6/$J$23)) -> 1.1221873 | K29: =IF(K6="","",(K6/$J$23)) | L29: =IF(L6="","",(L6/$J$23)) -> 0.0003440325
B30: =IF(B7="","",(B7/$J$23)) -> 0.0003440325 | C30: =IF(C7="","",(C7/$J$23)) -> 0.0063709722 | D30: =IF(D7="","",(D7/$J$23)) -> 0.059763966 | E30: =IF(E7="","",(E7/$J$23)) -> 0.13909106 | F30: =IF(F7="","",(F7/$J$23)) -> 1.0244778 | G30: =IF(G7="","",(G7/$J$23)) -> 1.1688483 | H30: =IF(H7="","",(H7/$J$23)) -> 1.822115 | J30: =IF(J7="","",(J7/$J$23)) -> 1.2272574 | K30: =IF(K7="","",(K7/$J$23)) | L30: =IF(L7="","",(L7/$J$23)) -> 0.22479338
B31: =IF(B8="","",(B8/$J$23)) -> 0 | D31: =IF(D8="","",(D8/$J$23)) -> 0.083238875 | E31: =IF(E8="","",(E8/$J$23)) -> 0.012690977 | F31: =IF(F8="","",(F8/$J$23)) -> 1.1019276 | G31: =IF(G8="","",(G8/$J$23)) -> 1.4066087 | H31: =IF(H8="","",(H8/$J$23)) -> 2.2832842 | J31: =IF(J8="","",(J8/$J$23)) -> 0.87340507 | K31: =IF(K8="","",(K8/$J$23)) | L31: =IF(L8="","",(L8/$J$23)) -> 0.010860384
D32: =IF(D9="","",(D9/$J$23)) -> 0.63114673 | E32: =IF(E9="","",(E9/$J$23)) -> 0.059466654 | F32: =IF(F9="","",(F9/$J$23)) -> 0.67418477 | H32: =IF(H9="","",(H9/$J$23)) -> 1.4344499 | J32: =IF(J9="","",(J9/$J$23)) -> 1.4506491 | K32: =IF(K9="","",(K9/$J$23)) | L32: =IF(L9="","",(L9/$J$23)) -> 0.075861289
C33: =IF(C10="","",(C10/$J$23)) -> 0.050806379 | D33: =IF(D10="","",(D10/$J$23)) -> 0.0291833 | E33: =IF(E10="","",(E10/$J$23)) -> 1.2848297 | F33: =IF(F10="","",(F10/$J$23)) -> 0.39216731 | G33: =IF(G10="","",(G10/$J$23)) -> 1.0366294 | H33: =IF(H10="","",(H10/$J$23)) -> 1.6115374 | J33: =IF(J10="","",(J10/$J$23)) -> 0.32555243 | K33: =IF(K10="","",(K10/$J$23)) | L33: =IF(L10="","",(L10/$J$23)) -> 0.13645773
C34: =IF(C11="","",(C11/$J$23)) -> 0 | D34: =IF(D11="","",(D11/$J$23)) -> 0.098036519 | E34: =IF(E11="","",(E11/$J$23)) -> 0.16217097 | F34: =IF(F11="","",(F11/$J$23)) -> 0.974746 | G34: =IF(G11="","",(G11/$J$23)) -> 1.3020653 | H34: =IF(H11="","",(H11/$J$23)) -> 1.5498027 | J34: =IF(J11="","",(J11/$J$23)) -> 1.5221187 | K34: =IF(K11="","",(K11/$J$23)) | L34: =IF(L11="","",(L11/$J$23)) -> 0.063539829
C35: =IF(C12="","",(C12/$J$23)) -> 0.010979309 | D35: =IF(D12="","",(D12/$J$23)) -> 0 | E35: =IF(E12="","",(E12/$J$23)) -> 1.0729949 | F35: =IF(F12="","",(F12/$J$23)) -> 0.14436623 | G35: =IF(G12="","",(G12/$J$23)) -> 0.91468897 | H35: =IF(H12="","",(H12/$J$23)) -> 1.4774624 | J35: =IF(J12="","",(J12/$J$23)) -> 1.2491268 | K35: =IF(K12="","",(K12/$J$23)) | L35: =IF(L12="","",(L12/$J$23)) -> 0.0024634426
G36: =IF(G13="","",(G13/$J$23)) | H36: =IF(H13="","",(H13/$J$23)) | J36: =IF(J13="","",(J13/$J$23)) | K36: =IF(K13="","",(K13/$J$23))
E37: =IF(E14="","",(E14/$J$23)) | F37: =IF(F14="","",(F14/$J$23)) | G37: =IF(G14="","",(G14/$J$23)) | H37: =IF(H14="","",(H14/$J$23)) | J37: =IF(J14="","",(J14/$J$23)) | K37: =IF(K14="","",(K14/$J$23)) | L37: =IF(L14="","",(L14/$J$23))
C38: =IF(C15="","",(C15/$J$23)) | E38: =IF(E15="","",(E15/$J$23)) | F38: =IF(F15="","",(F15/$J$23)) | G38: =IF(G15="","",(G15/$J$23)) | H38: =IF(H15="","",(H15/$J$23)) | J38: =IF(J15="","",(J15/$J$23)) | K38: =IF(K15="","",(K15/$J$23)) | L38: =IF(L15="","",(L15/$J$23))
C39: =IF(C16="","",(C16/$J$23)) | E39: =IF(E16="","",(E16/$J$23)) | F39: =IF(F16="","",(F16/$J$23)) | G39: =IF(G16="","",(G16/$J$23)) | H39: =IF(H16="","",(H16/$J$23)) | J39: =IF(J16="","",(J16/$J$23)) | K39: =IF(K16="","",(K16/$J$23)) | L39: =IF(L16="","",(L16/$J$23))
B40: =IF(B17="","",(B17/$J$23)) | C40: =IF(C17="","",(C17/$J$23)) | E40: =IF(E17="","",(E17/$J$23)) | F40: =IF(F17="","",(F17/$J$23)) | G40: =IF(G17="","",(G17/$J$23)) | H40: =IF(H17="","",(H17/$J$23)) | J40: =IF(J17="","",(J17/$J$23)) | K40: =IF(K17="","",(K17/$J$23)) | L40: =IF(L17="","",(L17/$J$23))
B41: =IF(B18="","",(B18/$J$23)) | C41: =IF(C18="","",(C18/$J$23)) | D41: =IF(D18="","",(D18/$J$23)) | E41: =IF(E18="","",(E18/$J$23)) | F41: =IF(F18="","",(F18/$J$23)) | G41: =IF(G18="","",(G18/$J$23)) | H41: =IF(H18="","",(H18/$J$23)) | J41: =IF(J18="","",(J18/$J$23)) | K41: =IF(K18="","",(K18/$J$23)) | L41: =IF(L18="","",(L18/$J$23))
B42: =IF(B19="","",(B19/$J$23)) | C42: =IF(C19="","",(C19/$J$23)) | D42: =IF(D19="","",(D19/$J$23)) | E42: =IF(E19="","",(E19/$J$23)) | F42: =IF(F19="","",(F19/$J$23)) | G42: =IF(G19="","",(G19/$J$23)) | H42: =IF(H19="","",(H19/$J$23)) | J42: =IF(J19="","",(J19/$J$23)) | K42: =IF(K19="","",(K19/$J$23)) | L42: =IF(L19="","",(L19/$J$23))
B43: =IF(B20="","",(B20/$J$23)) | C43: =IF(C20="","",(C20/$J$23)) | D43: =IF(D20="","",(D20/$J$23)) | E43: =IF(E20="","",(E20/$J$23)) | F43: =IF(F20="","",(F20/$J$23)) | G43: =IF(G20="","",(G20/$J$23)) | H43: =IF(H20="","",(H20/$J$23)) | J43: =IF(J20="","",(J20/$J$23)) | K43: =IF(K20="","",(K20/$J$23)) | L43: =IF(L20="","",(L20/$J$23))
A45: =A4 -> Noms des groupes | B45: =B4 -> Témoin solvant | C45: =C4 -> EE2-33,8ng/L | D45: =D4 -> EE2-50,6ng/L | E45: =E4 -> EE2-76ng/L | F45: =F4 -> EE2-114ng/L | G45: =G4 -> EE2-170,9ng/L | H45: =H4 -> EE2-488ng/L | I45: =I22 -> Nom des groupes | J45: =J4 -> Testo -30µg/L | K45: =K4 -> Testo 30µg/L + EE2 -64ng/L | L45: =L4 -> Testo 30µg/L + FAD-10mg/L
A46: mean | B46: =AVERAGE(B28:B43) -> 0.011871245 | C46: =AVERAGE(C28:C43) -> 0.01321198 | D46: =AVERAGE(D28:D43) -> 0.11389705 | E46: =AVERAGE(E28:E43) -> 0.37994354 | F46: =AVERAGE(F28:F43) -> 0.63307076 | G46: =AVERAGE(G28:G43) -> 1.2709586 | H46: =AVERAGE(H28:H43) -> 1.5728401 | I46: mean | J46: =AVERAGE(J28:J43) -> 1 | K46: =AVERAGE(K28:K43) -> #DIV/0! | L46: =AVERAGE(L28:L43) -> 0.066022384
A47: SD | B47: =STDEV(B28:B43) -> 0.020264388 | C47: =STDEV(C28:C43) -> 0.019071614 | D47: =STDEV(D28:D43) -> 0.21234249 | E47: =STDEV(E28:E43) -> 0.50591404 | F47: =STDEV(F28:F43) -> 0.36558332 | G47: =STDEV(G28:G43) -> 0.2418163 | H47: =STDEV(H28:H43) -> 0.3531057 | I47: SD | J47: =STDEV(J28:J43) -> 0.48823226 | K47: =STDEV(K28:K43) -> #DIV/0! | L47: =STDEV(L28:L43) -> 0.079632715
A48: SEM | B48: =B47/SQRT(COUNT(B28:B43)) -> 0.01169965 | C48: =C47/SQRT(COUNT(C28:C43)) -> 0.0077859538 | D48: =D47/SQRT(COUNT(D28:D43)) -> 0.075074406 | E48: =E47/SQRT(COUNT(E28:E43)) -> 0.17886763 | F48: =F47/SQRT(COUNT(F28:F43)) -> 0.12925322 | G48: =G47/SQRT(COUNT(G28:G43)) -> 0.091397969 | H48: =H47/SQRT(COUNT(H28:H43)) -> 0.12484172 | I48: SEM | J48: =J47/SQRT(COUNT(J28:J43)) -> 0.17261617 | K48: =K47/SQRT(COUNT(K28:K43)) -> #DIV/0! | L48: =L47/SQRT(COUNT(L28:L43)) -> 0.028154417
A50: 4. Expérimentateur 1 : réaliser les tests statistiques avec les données normalisées et renseigner les résultats ainsi que le test statistique utilisé dans le tableau violet.
A52: =A27 -> Noms des groupes | B52: =B27 -> Témoin solvant | C52: =C27 -> EE2-33,8ng/L | D52: =D27 -> EE2-50,6ng/L | E52: =E27 -> EE2-76ng/L | F52: =F27 -> EE2-114ng/L | G52: =G27 -> EE2-170,9ng/L | H52: =H27 -> EE2-488ng/L | J52: =J27 -> Testo -30µg/L | K52: =K27 -> Testo 30µg/L + EE2 -64ng/L | L52: =L27 -> Testo 30µg/L + FAD-10mg/L
A53: Mean | B53: =B46 -> 0.011871245 | C53: =C46 -> 0.01321198 | D53: =D46 -> 0.11389705 | E53: =E46 -> 0.37994354 | F53: =F46 -> 0.63307076 | G53: =G46 -> 1.2709586 | H53: =H46 -> 1.5728401 | J53: =J46 -> 1 | K53: =K46 -> #DIV/0! | L53: =L46 -> 0.066022384
A54: SEM | B54: =B48 -> 0.01169965 | C54: =C48 -> 0.0077859538 | D54: =D48 -> 0.075074406 | E54: =E48 -> 0.17886763 | F54: =F48 -> 0.12925322 | G54: =G48 -> 0.091397969 | H54: =H48 -> 0.12484172 | J54: =J48 -> 0.17261617 | K54: =K48 -> #DIV/0! | L54: =L48 -> 0.028154417
A55: % induction | B55: =(B53*100/$B$53)-100 -> 0 | C55: =(C53*100/$B$53)-100 -> 11.293977 | D55: =(D53*100/$B$53)-100 -> 859.43649 | E55: =(E53*100/$B$53)-100 -> 3100.5367 | F55: =(F53*100/$B$53)-100 -> 5232.8086 | G55: =(G53*100/$B$53)-100 -> 10606.195 | H55: =(H53*100/$B$53)-100 -> 13149.159 | J55: =(J53*100/$J$53)-100 -> 0 | K55: =(K53*100/$J$53)-100 -> #DIV/0! | L55: =(L53*100/$J$53)-100 -> -93.397762
A56: Test de normalité : valeur du p | B56: =[1]!SWTEST(B28:B43) -> #NAME? | C56: =[1]!SWTEST(C28:C43) -> #NAME? | D56: =[1]!SWTEST(D28:D43) -> #NAME? | E56: =[1]!SWTEST(E28:E43) -> #NAME? | F56: =[1]!SWTEST(F28:F43) -> #NAME? | G56: =[1]!SWTEST(G28:G43) -> #NAME? | H56: =[1]!SWTEST(H28:H43) -> #NAME? | J56: =[1]!SWTEST(J28:J43) -> #NAME? | K56: =[1]!SWTEST(K28:K43) -> #NAME? | L56: =[1]!SWTEST(L28:L43) -> #NAME?
A57: Test de normalité : résultat normal? | B57: =IF(B56>0.05,"Oui","Non") -> #NAME? | C57: =IF(C56>0.05,"Oui","Non") -> #NAME? | D57: =IF(D56>0.05,"Oui","Non") -> #NAME? | E57: =IF(E56>0.05,"Oui","Non") -> #NAME? | F57: =IF(F56>0.05,"Oui","Non") -> #NAME? | G57: =IF(G56>0.05,"Oui","Non") -> #NAME? | H57: =IF(H56>0.05,"Oui","Non") -> #NAME? | J57: =IF(J56>0.05,"Oui","Non") -> #NAME? | K57: =IF(K56>0.05,"Oui","Non") -> #NAME? | L57: =IF(L56>0.05,"Oui","Non") -> #NAME?
A59: Test statistique utilisé | C59: =IF($B57="Non",IF(C$57="Non","Mann Withney",IF(C$57="Oui","Mann Withney","")),IF($B$57="Oui",IF(C$57="Oui","T-Test Welch",IF(C$57="Non","Mann Withney","")))) -> #NAME? | D59: =IF($B57="Non",IF(D$57="Non","Mann Withney",IF(D$57="Oui","Mann Withney","")),IF($B$57="Oui",IF(D$57="Oui","T-Test Welch",IF(D$57="Non","Mann Withney","")))) -> #NAME? | E59: =IF($B57="Non",IF(E$57="Non","Mann Withney",IF(E$57="Oui","Mann Withney","")),IF($B$57="Oui",IF(E$57="Oui","T-Test Welch",IF(E$57="Non","Mann Withney","")))) -> #NAME? | F59: =IF($B57="Non",IF(F$57="Non","Mann Withney",IF(F$57="Oui","Mann Withney","")),IF($B$57="Oui",IF(F$57="Oui","T-Test Welch",IF(F$57="Non","Mann Withney","")))) -> #NAME? | G59: =IF($B57="Non",IF(G$57="Non","Mann Withney",IF(G$57="Oui","Mann Withney","")),IF($B$57="Oui",IF(G$57="Oui","T-Test Welch",IF(G$57="Non","Mann Withney","")))) -> #NAME? | H59: =IF($B57="Non",IF(H$57="Non","Mann Withney",IF(H$57="Oui","Mann Withney","")),IF($B$57="Oui",IF(H$57="Oui","T-Test Welch",IF(H$57="Non","Mann Withney","")))) -> #NAME? | J59: =IF($B57="Non",IF(J$57="Non","Mann Withney",IF(J$57="Oui","Mann Withney","")),IF($B$57="Oui",IF(J$57="Oui","T-Test Welch",IF(J$57="Non","Mann Withney","")))) -> #NAME? | K59: =IF($J57="Non",IF(K$57="Non","Mann Withney",IF(K$57="Oui","Mann Withney","")),IF($J$57="Oui",IF(K$57="Oui","T-Test Welch",IF(K$57="Non","Mann Withney","")))) -> #NAME? | L59: =IF($J57="Non",IF(L$57="Non","Mann Withney",IF(L$57="Oui","Mann Withney","")),IF($J$57="Oui",IF(L$57="Oui","T-Test Welch",IF(L$57="Non","Mann Withney","")))) -> #NAME?
A60: Test statistique : valeur du p | C60: =IF(C59="Mann Withney",[1]!MTEST($B28:$B43,C28:C43,2), IF(C59="T-Test Welch",_xlfn.T.TEST($B28:$B43,C28:C43,2,3),"")) -> #NAME? | D60: =IF(D59="Mann Withney",[1]!MTEST($B28:$B43,D28:D43,2), IF(D59="T-Test Welch",_xlfn.T.TEST($B28:$B43,D28:D43,2,3),"")) -> #NAME? | E60: =IF(E59="Mann Withney",[1]!MTEST($B28:$B43,E28:E43,2), IF(E59="T-Test Welch",_xlfn.T.TEST($B28:$B43,E28:E43,2,3),"")) -> #NAME? | F60: =IF(F59="Mann Withney",[1]!MTEST($B28:$B43,F28:F43,2), IF(F59="T-Test Welch",_xlfn.T.TEST($B28:$B43,F28:F43,2,3),"")) -> #NAME? | G60: =IF(G59="Mann Withney",[1]!MTEST($B28:$B43,G28:G43,2), IF(G59="T-Test Welch",_xlfn.T.TEST($B28:$B43,G28:G43,2,3),"")) -> #NAME? | H60: =IF(H59="Mann Withney",[1]!MTEST($B28:$B43,H28:H43,2), IF(H59="T-Test Welch",_xlfn.T.TEST($B28:$B43,H28:H43,2,3),"")) -> #NAME? | J60: =IF(J59="Mann Withney",[1]!MTEST($B28:$B43,J28:J43,2), IF(J59="T-Test Welch",_xlfn.T.TEST($B28:$B43,J28:J43,2,3),"")) -> #NAME? | K60: =IF(K59="Mann Withney",[1]!MTEST($J28:$J43,K28:K43,2), IF(K59="T-Test Welch",_xlfn.T.TEST($J28:$J43,K28:K43,2,3),"")) -> #NAME? | L60: =IF(L59="Mann Withney",[1]!MTEST($J28:$J43,L28:L43,2), IF(L59="T-Test Welch",_xlfn.T.TEST($J28:$J43,L28:L43,2,3),"")) -> #NAME?
A61: Annotation | C61: =IF(C60>0.05,"NS",IF(C60>0.01,"*",IF(C60>0.001,"**","***"))) -> #NAME? | D61: =IF(D60>0.05,"NS",IF(D60>0.01,"*",IF(D60>0.001,"**","***"))) -> #NAME? | E61: =IF(E60>0.05,"NS",IF(E60>0.01,"*",IF(E60>0.001,"**","***"))) -> #NAME? | F61: =IF(F60>0.05,"NS",IF(F60>0.01,"*",IF(F60>0.001,"**","***"))) -> #NAME? | G61: =IF(G60>0.05,"NS",IF(G60>0.01,"*",IF(G60>0.001,"**","***"))) -> #NAME? | H61: =IF(H60>0.05,"NS",IF(H60>0.01,"*",IF(H60>0.001,"**","***"))) -> #NAME? | J61: =IF(J60>0.05,"NS",IF(J60>0.01,"*",IF(J60>0.001,"**","***"))) -> #NAME? | K61: =IF(K60>0.05,"NS",IF(K60>0.01,"*",IF(K60>0.001,"**","***"))) -> #NAME? | L61: =IF(L60>0.05,"NS",IF(L60>0.01,"*",IF(L60>0.001,"**","***"))) -> #NAME?
A63: Eléments pour la mise en forme conditionnelles des résutats - calcul équivalent hormonal (eqH)
A64: LOD | B64: =B46+(3*B47) -> 0.07266441
A65: LOQ | B65: =B46+(10*B47) -> 0.21451513
A67: 5. Expérimentateur 1 : remplissage du suivi qualité (SQ) et transmission à l'expérimenteur 2.

Sheet Raw data R2
A1: Nom groupe | B1: N° de valeur | C1: file name | D1: total area | E1: mean intensity | G1: total fluorescence | I1: nbre de larves | L1: (Tous)
A2: =IFERROR(LEFT(RIGHT(C2,LEN(C2)-SEARCH("@",C2)),SEARCH("/",RIGHT(C2,LEN(C2)-SEARCH("@",C2)-1))),"") | B2: =LEFT(RIGHT(RIGHT(Tableau46[[#This Row],[file name]],LEN(Tableau46[[#This Row],[file name]])-SEARCH("@",Tableau46[[#This Row],[file name]])),LEN(RIGHT(Tableau46[[#This Row],[file name]],LEN(Tableau46[[#This Row],[file name]])-SEARCH("@",Tableau46[[#This Row],[file name]])))-SEARCH("/",RIGHT(Tableau46[[#This Row],[file name]],LEN(Tableau46[[#This Row],[file name]])-SEARCH("@",Tableau46[[#This Row],[file name]])))),1) -> #VALUE! | K2: Filtre lignes : Enlever (vide) et Néant | L2: Filtre colonnes : Enlever (vide) et " "
A3: =IFERROR(LEFT(RIGHT(C3,LEN(C3)-SEARCH("@",C3)),SEARCH("/",RIGHT(C3,LEN(C3)-SEARCH("@",C3)-1))),"") | B3: =LEFT(RIGHT(RIGHT(Tableau46[[#This Row],[file name]],LEN(Tableau46[[#This Row],[file name]])-SEARCH("@",Tableau46[[#This Row],[file name]])),LEN(RIGHT(Tableau46[[#This Row],[file name]],LEN(Tableau46[[#This Row],[file name]])-SEARCH("@",Tableau46[[#This Row],[file name]])))-SEARCH("/",RIGHT(Tableau46[[#This Row],[file name]],LEN(Tableau46[[#This Row],[file name]])-SEARCH("@",Tableau46[[#This Row],[file name]])))),1) -> #VALUE! | K3: Moyenne de total fluorescence | L3: Étiquettes de colonnes
A4: =IFERROR(LEFT(RIGHT(C4,LEN(C4)-SEARCH("@",C4)),SEARCH("/",RIGHT(C4,LEN(C4)-SEARCH("@",C4)-1))),"") | B4: =LEFT(RIGHT(RIGHT(Tableau46[[#This Row],[file name]],LEN(Tableau46[[#This Row],[file name]])-SEARCH("@",Tableau46[[#This Row],[file name]])),LEN(RIGHT(Tableau46[[#This Row],[file name]],LEN(Tableau46[[#This Row],[file name]])-SEARCH("@",Tableau46[[#This Row],[file name]])))-SEARCH("/",RIGHT(Tableau46[[#This Row],[file name]],LEN(Tableau46[[#This Row],[file name]])-SEARCH("@",Tableau46[[#This Row],[file name]])))),1) -> #VALUE! | K4: Étiquettes de lignes
A5: =IFERROR(LEFT(RIGHT(C5,LEN(C5)-SEARCH("@",C5)),SEARCH("/",RIGHT(C5,LEN(C5)-SEARCH("@",C5)-1))),"") | B5: =LEFT(RIGHT(RIGHT(Tableau46[[#This Row],[file name]],LEN(Tableau46[[#This Row],[file name]])-SEARCH("@",Tableau46[[#This Row],[file name]])),LEN(RIGHT(Tableau46[[#This Row],[file name]],LEN(Tableau46[[#This Row],[file name]])-SEARCH("@",Tableau46[[#This Row],[file name]])))-SEARCH("/",RIGHT(Tableau46[[#This Row],[file name]],LEN(Tableau46[[#This Row],[file name]])-SEARCH("@",Tableau46[[#This Row],[file name]])))),1) -> #VALUE! | K5: #VALEUR!
A6: =IFERROR(LEFT(RIGHT(C6,LEN(C6)-SEARCH("@",C6)),SEARCH("/",RIGHT(C6,LEN(C6)-SEARCH("@",C6)-1))),"") | B6: =LEFT(RIGHT(RIGHT(Tableau46[[#This Row],[file name]],LEN(Tableau46[[#This Row],[file name]])-SEARCH("@",Tableau46[[#This Row],[file name]])),LEN(RIGHT(Tableau46[[#This Row],[file name]],LEN(Tableau46[[#This Row],[file name]])-SEARCH("@",Tableau46[[#This Row],[file name]])))-SEARCH("/",RIGHT(Tableau46[[#This Row],[file name]],LEN(Tableau46[[#This Row],[file name]])-SEARCH("@",Tableau46[[#This Row],[file name]])))),1) -> #VALUE!
A7: =IFERROR(LEFT(RIGHT(C7,LEN(C7)-SEARCH("@",C7)),SEARCH("/",RIGHT(C7,LEN(C7)-SEARCH("@",C7)-1))),"") | B7: =LEFT(RIGHT(RIGHT(Tableau46[[#This Row],[file name]],LEN(Tableau46[[#This Row],[file name]])-SEARCH("@",Tableau46[[#This Row],[file name]])),LEN(RIGHT(Tableau46[[#This Row],[file name]],LEN(Tableau46[[#This Row],[file name]])-SEARCH("@",Tableau46[[#This Row],[file name]])))-SEARCH("/",RIGHT(Tableau46[[#This Row],[file name]],LEN(Tableau46[[#This Row],[file name]])-SEARCH("@",Tableau46[[#This Row],[file name]])))),1) -> #VALUE!
A8: =IFERROR(LEFT(RIGHT(C8,LEN(C8)-SEARCH("@",C8)),SEARCH("/",RIGHT(C8,LEN(C8)-SEARCH("@",C8)-1))),"") | B8: =LEFT(RIGHT(RIGHT(Tableau46[[#This Row],[file name]],LEN(Tableau46[[#This Row],[file name]])-SEARCH("@",Tableau46[[#This Row],[file name]])),LEN(RIGHT(Tableau46[[#This Row],[file name]],LEN(Tableau46[[#This Row],[file name]])-SEARCH("@",Tableau46[[#This Row],[file name]])))-SEARCH("/",RIGHT(Tableau46[[#This Row],[file name]],LEN(Tableau46[[#This Row],[file name]])-SEARCH("@",Tableau46[[#This Row],[file name]])))),1) -> #VALUE!
A9: =IFERROR(LEFT(RIGHT(C9,LEN(C9)-SEARCH("@",C9)),SEARCH("/",RIGHT(C9,LEN(C9)-SEARCH("@",C9)-1))),"") | B9: =LEFT(RIGHT(RIGHT(Tableau46[[#This Row],[file name]],LEN(Tableau46[[#This Row],[file name]])-SEARCH("@",Tableau46[[#This Row],[file name]])),LEN(RIGHT(Tableau46[[#This Row],[file name]],LEN(Tableau46[[#This Row],[file name]])-SEARCH("@",Tableau46[[#This Row],[file name]])))-SEARCH("/",RIGHT(Tableau46[[#This Row],[file name]],LEN(Tableau46[[#This Row],[file name]])-SEARCH("@",Tableau46[[#This Row],[file name]])))),1) -> #VALUE!
A10: =IFERROR(LEFT(RIGHT(C10,LEN(C10)-SEARCH("@",C10)),SEARCH("/",RIGHT(C10,LEN(C10)-SEARCH("@",C10)-1))),"") | B10: =LEFT(RIGHT(RIGHT(Tableau46[[#This Row],[file name]],LEN(Tableau46[[#This Row],[file name]])-SEARCH("@",Tableau46[[#This Row],[file name]])),LEN(RIGHT(Tableau46[[#This Row],[file name]],LEN(Tableau46[[#This Row],[file name]])-SEARCH("@",Tableau46[[#This Row],[file name]])))-SEARCH("/",RIGHT(Tableau46[[#This Row],[file name]],LEN(Tableau46[[#This Row],[file name]])-SEARCH("@",Tableau46[[#This Row],[file name]])))),1) -> #VALUE!
A11: =IFERROR(LEFT(RIGHT(C11,LEN(C11)-SEARCH("@",C11)),SEARCH("/",RIGHT(C11,LEN(C11)-SEARCH("@",C11)-1))),"") | B11: =LEFT(RIGHT(RIGHT(Tableau46[[#This Row],[file name]],LEN(Tableau46[[#This Row],[file name]])-SEARCH("@",Tableau46[[#This Row],[file name]])),LEN(RIGHT(Tableau46[[#This Row],[file name]],LEN(Tableau46[[#This Row],[file name]])-SEARCH("@",Tableau46[[#This Row],[file name]])))-SEARCH("/",RIGHT(Tableau46[[#This Row],[file name]],LEN(Tableau46[[#This Row],[file name]])-SEARCH("@",Tableau46[[#This Row],[file name]])))),1) -> #VALUE!
A12: =IFERROR(LEFT(RIGHT(C12,LEN(C12)-SEARCH("@",C12)),SEARCH("/",RIGHT(C12,LEN(C12)-SEARCH("@",C12)-1))),"") | B12: =LEFT(RIGHT(RIGHT(Tableau46[[#This Row],[file name]],LEN(Tableau46[[#This Row],[file name]])-SEARCH("@",Tableau46[[#This Row],[file name]])),LEN(RIGHT(Tableau46[[#This Row],[file name]],LEN(Tableau46[[#This Row],[file name]])-SEARCH("@",Tableau46[[#This Row],[file name]])))-SEARCH("/",RIGHT(Tableau46[[#This Row],[file name]],LEN(Tableau46[[#This Row],[file name]])-SEARCH("@",Tableau46[[#This Row],[file name]])))),1) -> #VALUE!
A13: =IFERROR(LEFT(RIGHT(C13,LEN(C13)-SEARCH("@",C13)),SEARCH("/",RIGHT(C13,LEN(C13)-SEARCH("@",C13)-1))),"") | B13: =LEFT(RIGHT(RIGHT(Tableau46[[#This Row],[file name]],LEN(Tableau46[[#This Row],[file name]])-SEARCH("@",Tableau46[[#This Row],[file name]])),LEN(RIGHT(Tableau46[[#This Row],[file name]],LEN(Tableau46[[#This Row],[file name]])-SEARCH("@",Tableau46[[#This Row],[file name]])))-SEARCH("/",RIGHT(Tableau46[[#This Row],[file name]],LEN(Tableau46[[#This Row],[file name]])-SEARCH("@",Tableau46[[#This Row],[file name]])))),1) -> #VALUE!
A14: =IFERROR(LEFT(RIGHT(C14,LEN(C14)-SEARCH("@",C14)),SEARCH("/",RIGHT(C14,LEN(C14)-SEARCH("@",C14)-1))),"") | B14: =LEFT(RIGHT(RIGHT(Tableau46[[#This Row],[file name]],LEN(Tableau46[[#This Row],[file name]])-SEARCH("@",Tableau46[[#This Row],[file name]])),LEN(RIGHT(Tableau46[[#This Row],[file name]],LEN(Tableau46[[#This Row],[file name]])-SEARCH("@",Tableau46[[#This Row],[file name]])))-SEARCH("/",RIGHT(Tableau46[[#This Row],[file name]],LEN(Tableau46[[#This Row],[file name]])-SEARCH("@",Tableau46[[#This Row],[file name]])))),1) -> #VALUE!
A15: =IFERROR(LEFT(RIGHT(C15,LEN(C15)-SEARCH("@",C15)),SEARCH("/",RIGHT(C15,LEN(C15)-SEARCH("@",C15)-1))),"") | B15: =LEFT(RIGHT(RIGHT(Tableau46[[#This Row],[file name]],LEN(Tableau46[[#This Row],[file name]])-SEARCH("@",Tableau46[[#This Row],[file name]])),LEN(RIGHT(Tableau46[[#This Row],[file name]],LEN(Tableau46[[#This Row],[file name]])-SEARCH("@",Tableau46[[#This Row],[file name]])))-SEARCH("/",RIGHT(Tableau46[[#This Row],[file name]],LEN(Tableau46[[#This Row],[file name]])-SEARCH("@",Tableau46[[#This Row],[file name]])))),1) -> #VALUE!
A16: =IFERROR(LEFT(RIGHT(C16,LEN(C16)-SEARCH("@",C16)),SEARCH("/",RIGHT(C16,LEN(C16)-SEARCH("@",C16)-1))),"") | B16: =LEFT(RIGHT(RIGHT(Tableau46[[#This Row],[file name]],LEN(Tableau46[[#This Row],[file name]])-SEARCH("@",Tableau46[[#This Row],[file name]])),LEN(RIGHT(Tableau46[[#This Row],[file name]],LEN(Tableau46[[#This Row],[file name]])-SEARCH("@",Tableau46[[#This Row],[file name]])))-SEARCH("/",RIGHT(Tableau46[[#This Row],[file name]],LEN(Tableau46[[#This Row],[file name]])-SEARCH("@",Tableau46[[#This Row],[file name]])))),1) -> #VALUE!
A17: =IFERROR(LEFT(RIGHT(C17,LEN(C17)-SEARCH("@",C17)),SEARCH("/",RIGHT(C17,LEN(C17)-SEARCH("@",C17)-1))),"") | B17: =LEFT(RIGHT(RIGHT(Tableau46[[#This Row],[file name]],LEN(Tableau46[[#This Row],[file name]])-SEARCH("@",Tableau46[[#This Row],[file name]])),LEN(RIGHT(Tableau46[[#This Row],[file name]],LEN(Tableau46[[#This Row],[file name]])-SEARCH("@",Tableau46[[#This Row],[file name]])))-SEARCH("/",RIGHT(Tableau46[[#This Row],[file name]],LEN(Tableau46[[#This Row],[file name]])-SEARCH("@",Tableau46[[#This Row],[file name]])))),1) -> #VALUE!
... A1531: =IFERROR(LEFT(RIGHT(C1531,LEN(C1531)-SEARCH("@",C1531)),SEARCH("/",RIGHT(C1531,LEN(C1531)-SEARCH("@",C1531)-1))),"") | B1531: =LEFT(RIGHT(RIGHT(Tableau46[[#This Row],[file name]],LEN(Tableau46[[#This Row],[file name]])-SEARCH("@",Tableau46[[#This Row],[file name]])),LEN(RIGHT(Tableau46[[#This Row],[file name]],LEN(Tableau46[[#This Row],[file name]])-SEARCH("@",Tableau46[[#This Row],[file name]])))-SEARCH("/",RIGHT(Tableau46[[#This Row],[file name]],LEN(Tableau46[[#This Row],[file name]])-SEARCH("@",Tableau46[[#This Row],[file name]])))),1) -> #VALUE!

Sheet R2
A1: 6. Expérimentateur 2 : copier et coller les valeurs des intensités totales de fluorescences obtenues dans le fichier raw data lors du traitement des images. Ne pas supprimer les colonnes correspondant aux concentrations non lues.
A3: R2 | B3: Non dopé | J3: avec testo
A4: Noms des groupes | B4: ='Page de garde'!A7 -> Témoin solvant | C4: ='Page de garde'!A9 -> EE2-33,8ng/L | D4: ='Page de garde'!A10 -> EE2-50,6ng/L | E4: ='Page de garde'!A11 -> EE2-76ng/L | F4: ='Page de garde'!A12 -> EE2-114ng/L | G4: ='Page de garde'!A13 -> EE2-170,9ng/L | H4: ='Page de garde'!A14 -> EE2-488ng/L | J4: ='Page de garde'!A36 -> Testo -30µg/L | K4: ='Page de garde'!A37 -> Testo 30µg/L + EE2 -64ng/L | L4: ='Page de garde'!A38 -> Testo 30µg/L + FAD-10mg/L
A5: Données brutes | B5: =Feuil2!E172 -> 18279 | C5: =Feuil2!E189 -> 34120 | D5: =Feuil2!E206 -> 21055 | E5: =Feuil2!E223 -> 20226 | F5: =Feuil2!E240 -> 39644 | G5: =Feuil2!E257 -> 390106 | H5: =Feuil2!E274 -> 379509 | J5: =Feuil2!E291 -> 245685 | K5: =Feuil2!E308 -> 257383 | L5: =Feuil2!E325 -> 4116
B6: =Feuil2!E173 -> 4789 | C6: =Feuil2!E190 -> 2778 | D6: =Feuil2!E207 -> 945 | E6: =Feuil2!E224 -> 117649 | F6: =Feuil2!E241 -> 31315 | G6: =Feuil2!E258 -> 169612 | H6: =Feuil2!E275 -> 23854 | J6: =Feuil2!E292 -> 343473 | K6: =Feuil2!E309 -> 336785 | L6: =Feuil2!E326 -> 7471
B7: =Feuil2!E174 -> 22740 | C7: =Feuil2!E191 -> 63199 | D7: =Feuil2!E208 -> 407 | E7: =Feuil2!E225 -> 16076 | F7: =Feuil2!E242 -> 33897 | G7: =Feuil2!E259 -> 241561 | H7: =Feuil2!E276 -> 360485 | J7: =Feuil2!E293 -> 339347 | K7: =Feuil2!E310 -> 316392 | L7: =Feuil2!E327 -> 6817
B8: =Feuil2!E175 -> 1336 | C8: =Feuil2!E192 -> 3347 | D8: =Feuil2!E209 -> 35100 | E8: =Feuil2!E226 -> 181441 | F8: =Feuil2!E243 -> 982 | G8: =Feuil2!E260 -> 331859 | H8: =Feuil2!E277 -> 499210 | J8: =Feuil2!E294 -> 190876 | K8: =Feuil2!E311 -> 273694 | L8: =Feuil2!E328 -> 24333
B9: =Feuil2!E176 -> 3881 | C9: =Feuil2!E193 -> 7554 | D9: =Feuil2!E210 -> 27172 | E9: =Feuil2!E227 -> 9132 | G9: =Feuil2!E261 -> 259330 | H9: =Feuil2!E278 -> 422387 | J9: =Feuil2!E295 -> 106258 | K9: =Feuil2!E312 -> 187466 | L9: =Feuil2!E329 -> 12430
B10: =Feuil2!E177 -> 3044 | C10: =Feuil2!E194 -> 27173 | D10: =Feuil2!E211 -> 15093 | E10: =Feuil2!E228 -> 9328 | F10: =Feuil2!E245 -> 13909 | G10: =Feuil2!E262 -> 306542 | H10: =Feuil2!E279 -> 373117 | J10: =Feuil2!E296 -> 341669 | K10: =Feuil2!E313 -> 182551 | L10: =Feuil2!E330 -> 25435
B11: =Feuil2!E178 -> 6920 | C11: =Feuil2!E195 -> 31183 | D11: =Feuil2!E212 -> 0 | E11: =Feuil2!E229 -> 9323 | F11: =Feuil2!E246 -> 20026 | G11: =Feuil2!E263 -> 270435 | H11: =Feuil2!E280 -> 275670 | J11: =Feuil2!E297 -> 285593 | K11: =Feuil2!E314 -> 325646 | L11: =Feuil2!E331 -> 42160
B12: =Feuil2!E179 -> 28071 | C12: =Feuil2!E196 -> 15452 | D12: =Feuil2!E213 -> 8043 | E12: =Feuil2!E230 -> 60405 | F12: =Feuil2!E247 -> 0 | G12: =Feuil2!E264 -> 175240 | H12: =Feuil2!E281 -> 440977 | J12: =Feuil2!E298 -> 239371 | K12: =Feuil2!E315 -> 326877 | L12: =Feuil2!E332 -> 54700
A22: =A4 -> Noms des groupes | B22: =B4 -> Témoin solvant | C22: =C4 -> EE2-33,8ng/L | D22: =D4 -> EE2-50,6ng/L | E22: =E4 -> EE2-76ng/L | F22: =F4 -> EE2-114ng/L | G22: =G4 -> EE2-170,9ng/L | H22: =H4 -> EE2-488ng/L | I22: Noms des groupes | J22: =J4 -> Testo -30µg/L | K22: =K4 -> Testo 30µg/L + EE2 -64ng/L | L22: =L4 -> Testo 30µg/L + FAD-10mg/L
A23: mean | B23: =AVERAGE(B5:B20) -> 11132.5 | C23: =AVERAGE(C5:C20) -> 23100.75 | D23: =AVERAGE(D5:D20) -> 13476.875 | E23: =AVERAGE(E5:E20) -> 52947.5 | F23: =AVERAGE(F5:F20) -> 19967.571 | G23: =AVERAGE(G5:G20) -> 268085.62 | H23: =AVERAGE(H5:H20) -> 346901.12 | I23: mean | J23: =AVERAGE(J5:J20) -> 261534 | K23: =AVERAGE(K5:K20) -> 275849.25 | L23: =AVERAGE(L5:L20) -> 22182.75
A24: SD | B24: =STDEV(B5:B20) -> 10314.234 | C24: =STDEV(C5:C20) -> 20405.283 | D24: =STDEV(D5:D20) -> 13385.378 | E24: =STDEV(E5:E20) -> 64263.117 | F24: =STDEV(F5:F20) -> 15842.035 | G24: =STDEV(G5:G20) -> 75155.087 | H24: =STDEV(H5:H20) -> 145952.42 | I24: SD | J24: =STDEV(J5:J20) -> 84189.323 | K24: =STDEV(K5:K20) -> 62452.539 | L24: =STDEV(L5:L20) -> 18305.847
B26: Non dopé | J26: avec testo
A27: Noms des groupes | B27: =B4 -> Témoin solvant | C27: =C4 -> EE2-33,8ng/L | D27: =D4 -> EE2-50,6ng/L | E27: =E4 -> EE2-76ng/L | F27: =F4 -> EE2-114ng/L | G27: =G4 -> EE2-170,9ng/L | H27: =H4 -> EE2-488ng/L | J27: =J4 -> Testo -30µg/L | K27: =K4 -> Testo 30µg/L + EE2 -64ng/L | L27: =L4 -> Testo 30µg/L + FAD-10mg/L
A28: Données normalisées sur la moyenne du groupe "Testo" | B28: =IF(B5="","",(B5/$J$23)) -> 0.069891486 | C28: =IF(C5="","",(C5/$J$23)) -> 0.13046105 | D28: =IF(D5="","",(D5/$J$23)) -> 0.080505785 | E28: =IF(E5="","",(E5/$J$23)) -> 0.077336025 | F28: =IF(F5="","",(F5/$J$23)) -> 0.15158259 | G28: =IF(G5="","",(G5/$J$23)) -> 1.4916072 | H28: =IF(H5="","",(H5/$J$23)) -> 1.4510886 | J28: =IF(J5="","",(J5/$J$23)) -> 0.93939985 | K28: =IF(K5="","",(K5/$J$23)) -> 0.98412826 | L28: =IF(L5="","",(L5/$J$23)) -> 0.015737916
B29: =IF(B6="","",(B6/$J$23)) -> 0.018311195 | C29: =IF(C6="","",(C6/$J$23)) -> 0.010621946 | D29: =IF(D6="","",(D6/$J$23)) -> 0.0036132969 | E29: =IF(E6="","",(E6/$J$23)) -> 0.44984209 | F29: =IF(F6="","",(F6/$J$23)) -> 0.11973587 | G29: =IF(G6="","",(G6/$J$23)) -> 0.64852753 | H29: =IF(H6="","",(H6/$J$23)) -> 0.091208026 | J29: =IF(J6="","",(J6/$J$23)) -> 1.3133015 | K29: =IF(K6="","",(K6/$J$23)) -> 1.2877293 | L29: =IF(L6="","",(L6/$J$23)) -> 0.028566076
B30: =IF(B7="","",(B7/$J$23)) -> 0.086948542 | C30: =IF(C7="","",(C7/$J$23)) -> 0.24164736 | D30: =IF(D7="","",(D7/$J$23)) -> 0.001556203 | E30: =IF(E7="","",(E7/$J$23)) -> 0.061468107 | F30: =IF(F7="","",(F7/$J$23)) -> 0.12960839 | G30: =IF(G7="","",(G7/$J$23)) -> 0.92363134 | H30: =IF(H7="","",(H7/$J$23)) -> 1.3783485 | J30: =IF(J7="","",(J7/$J$23)) -> 1.2975254 | K30: =IF(K7="","",(K7/$J$23)) -> 1.2097548 | L30: =IF(L7="","",(L7/$J$23)) -> 0.026065445
B31: =IF(B8="","",(B8/$J$23)) -> 0.0051083224 | C31: =IF(C8="","",(C8/$J$23)) -> 0.012797571 | D31: =IF(D8="","",(D8/$J$23)) -> 0.13420817 | E31: =IF(E8="","",(E8/$J$23)) -> 0.69375683 | F31: =IF(F8="","",(F8/$J$23)) -> 0.0037547699 | G31: =IF(G8="","",(G8/$J$23)) -> 1.2688943 | H31: =IF(H8="","",(H8/$J$23)) -> 1.9087767 | J31: =IF(J8="","",(J8/$J$23)) -> 0.72983245 | K31: =IF(K8="","",(K8/$J$23)) -> 1.0464949 | L31: =IF(L8="","",(L8/$J$23)) -> 0.093039528
B32: =IF(B9="","",(B9/$J$23)) -> 0.014839371 | C32: =IF(C9="","",(C9/$J$23)) -> 0.028883434 | D32: =IF(D9="","",(D9/$J$23)) -> 0.10389471 | E32: =IF(E9="","",(E9/$J$23)) -> 0.034917066 | G32: =IF(G9="","",(G9/$J$23)) -> 0.9915728 | H32: =IF(H9="","",(H9/$J$23)) -> 1.6150367 | J32: =IF(J9="","",(J9/$J$23)) -> 0.40628752 | K32: =IF(K9="","",(K9/$J$23)) -> 0.71679399 | L32: =IF(L9="","",(L9/$J$23)) -> 0.047527281
B33: =IF(B10="","",(B10/$J$23)) -> 0.011639022 | C33: =IF(C10="","",(C10/$J$23)) -> 0.10389854 | D33: =IF(D10="","",(D10/$J$23)) -> 0.057709514 | E33: =IF(E10="","",(E10/$J$23)) -> 0.035666491 | F33: =IF(F10="","",(F10/$J$23)) -> 0.053182378 | G33: =IF(G10="","",(G10/$J$23)) -> 1.1720923 | H33: =IF(H10="","",(H10/$J$23)) -> 1.4266482 | J33: =IF(J10="","",(J10/$J$23)) -> 1.3064038 | K33: =IF(K10="","",(K10/$J$23)) -> 0.69800102 | L33: =IF(L10="","",(L10/$J$23)) -> 0.09725313
B34: =IF(B11="","",(B11/$J$23)) -> 0.026459275 | C34: =IF(C11="","",(C11/$J$23)) -> 0.11923115 | D34: =IF(D11="","",(D11/$J$23)) -> 0 | E34: =IF(E11="","",(E11/$J$23)) -> 0.035647373 | F34: =IF(F11="","",(F11/$J$23)) -> 0.076571306 | G34: =IF(G11="","",(G11/$J$23)) -> 1.0340338 | H34: =IF(H11="","",(H11/$J$23)) -> 1.0540503 | J34: =IF(J11="","",(J11/$J$23)) -> 1.0919919 | K34: =IF(K11="","",(K11/$J$23)) -> 1.2451383 | L34: =IF(L11="","",(L11/$J$23)) -> 0.16120275
B35: =IF(B12="","",(B12/$J$23)) -> 0.10733213 | C35: =IF(C12="","",(C12/$J$23)) -> 0.059082184 | D35: =IF(D12="","",(D12/$J$23)) -> 0.030753172 | E35: =IF(E12="","",(E12/$J$23)) -> 0.23096423 | F35: =IF(F12="","",(F12/$J$23)) -> 0 | G35: =IF(G12="","",(G12/$J$23)) -> 0.67004672 | H35: =IF(H12="","",(H12/$J$23)) -> 1.6861173 | J35: =IF(J12="","",(J12/$J$23)) -> 0.91525767 | K35: =IF(K12="","",(K12/$J$23)) -> 1.2498451 | L35: =IF(L12="","",(L12/$J$23)) -> 0.20915063
C36: =IF(C13="","",(C13/$J$23)) | D36: =IF(D13="","",(D13/$J$23)) | E36: =IF(E13="","",(E13/$J$23)) | F36: =IF(F13="","",(F13/$J$23)) | G36: =IF(G13="","",(G13/$J$23)) | H36: =IF(H13="","",(H13/$J$23)) | J36: =IF(J13="","",(J13/$J$23)) | K36: =IF(K13="","",(K13/$J$23)) | L36: =IF(L13="","",(L13/$J$23))
B37: =IF(B14="","",(B14/$J$23)) | C37: =IF(C14="","",(C14/$J$23)) | D37: =IF(D14="","",(D14/$J$23)) | E37: =IF(E14="","",(E14/$J$23)) | F37: =IF(F14="","",(F14/$J$23)) | G37: =IF(G14="","",(G14/$J$23)) | H37: =IF(H14="","",(H14/$J$23)) | J37: =IF(J14="","",(J14/$J$23)) | K37: =IF(K14="","",(K14/$J$23)) | L37: =IF(L14="","",(L14/$J$23))
B38: =IF(B15="","",(B15/$J$23)) | C38: =IF(C15="","",(C15/$J$23)) | D38: =IF(D15="","",(D15/$J$23)) | E38: =IF(E15="","",(E15/$J$23)) | F38: =IF(F15="","",(F15/$J$23)) | G38: =IF(G15="","",(G15/$J$23)) | H38: =IF(H15="","",(H15/$J$23)) | J38: =IF(J15="","",(J15/$J$23)) | K38: =IF(K15="","",(K15/$J$23)) | L38: =IF(L15="","",(L15/$J$23))
B39: =IF(B16="","",(B16/$J$23)) | C39: =IF(C16="","",(C16/$J$23)) | D39: =IF(D16="","",(D16/$J$23)) | E39: =IF(E16="","",(E16/$J$23)) | F39: =IF(F16="","",(F16/$J$23)) | G39: =IF(G16="","",(G16/$J$23)) | H39: =IF(H16="","",(H16/$J$23)) | J39: =IF(J16="","",(J16/$J$23)) | K39: =IF(K16="","",(K16/$J$23)) | L39: =IF(L16="","",(L16/$J$23))
B40: =IF(B17="","",(B17/$J$23)) | C40: =IF(C17="","",(C17/$J$23)) | D40: =IF(D17="","",(D17/$J$23)) | E40: =IF(E17="","",(E17/$J$23)) | F40: =IF(F17="","",(F17/$J$23)) | G40: =IF(G17="","",(G17/$J$23)) | H40: =IF(H17="","",(H17/$J$23)) | J40: =IF(J17="","",(J17/$J$23)) | K40: =IF(K17="","",(K17/$J$23)) | L40: =IF(L17="","",(L17/$J$23))
B41: =IF(B18="","",(B18/$J$23)) | C41: =IF(C18="","",(C18/$J$23)) | D41: =IF(D18="","",(D18/$J$23)) | E41: =IF(E18="","",(E18/$J$23)) | F41: =IF(F18="","",(F18/$J$23)) | G41: =IF(G18="","",(G18/$J$23)) | H41: =IF(H18="","",(H18/$J$23)) | J41: =IF(J18="","",(J18/$J$23)) | K41: =IF(K18="","",(K18/$J$23)) | L41: =IF(L18="","",(L18/$J$23))
B42: =IF(B19="","",(B19/$J$23)) | C42: =IF(C19="","",(C19/$J$23)) | D42: =IF(D19="","",(D19/$J$23)) | E42: =IF(E19="","",(E19/$J$23)) | F42: =IF(F19="","",(F19/$J$23)) | G42: =IF(G19="","",(G19/$J$23)) | H42: =IF(H19="","",(H19/$J$23)) | J42: =IF(J19="","",(J19/$J$23)) | K42: =IF(K19="","",(K19/$J$23)) | L42: =IF(L19="","",(L19/$J$23))
B43: =IF(B20="","",(B20/$J$23)) | C43: =IF(C20="","",(C20/$J$23)) | D43: =IF(D20="","",(D20/$J$23)) | E43: =IF(E20="","",(E20/$J$23)) | F43: =IF(F20="","",(F20/$J$23)) | G43: =IF(G20="","",(G20/$J$23)) | H43: =IF(H20="","",(H20/$J$23)) | J43: =IF(J20="","",(J20/$J$23)) | K43: =IF(K20="","",(K20/$J$23)) | L43: =IF(L20="","",(L20/$J$23))
A45: =A4 -> Noms des groupes | B45: =B4 -> Témoin solvant | C45: =C4 -> EE2-33,8ng/L | D45: =D4 -> EE2-50,6ng/L | E45: =E4 -> EE2-76ng/L | F45: =F4 -> EE2-114ng/L | G45: =G4 -> EE2-170,9ng/L | H45: =H4 -> EE2-488ng/L | J45: =J4 -> Testo -30µg/L | K45: =K4 -> Testo 30µg/L + EE2 -64ng/L | L45: =L4 -> Testo 30µg/L + FAD-10mg/L
A46: mean | B46: =AVERAGE(B28:B43) -> 0.042566167 | C46: =AVERAGE(C28:C43) -> 0.088327904 | D46: =AVERAGE(D28:D43) -> 0.051530107 | E46: =AVERAGE(E28:E43) -> 0.20244978 | F46: =AVERAGE(F28:F43) -> 0.076347899 | G46: =AVERAGE(G28:G43) -> 1.0250508 | H46: =AVERAGE(H28:H43) -> 1.3264093 | I46: mean | J46: =AVERAGE(J28:J43) -> 1 | K46: =AVERAGE(K28:K43) -> 1.0547357 | L46: =AVERAGE(L28:L43) -> 0.084817844
A47: SD | B47: =STDEV(B28:B43) -> 0.039437449 | C47: =STDEV(C28:C43) -> 0.078021532 | D47: =STDEV(D28:D43) -> 0.051180261 | E47: =STDEV(E28:E43) -> 0.24571611 | F47: =STDEV(F28:F43) -> 0.060573521 | G47: =STDEV(G28:G43) -> 0.28736259 | H47: =STDEV(H28:H43) -> 0.5580629 | I47: SD | J47: =STDEV(J28:J43) -> 0.32190584 | K47: =STDEV(K28:K43) -> 0.23879319 | L47: =STDEV(L28:L43) -> 0.069994138
A48: SEM | B48: =B47/SQRT(COUNT(B28:B43)) -> 0.013943244 | C48: =C47/SQRT(COUNT(C28:C43)) -> 0.027584777 | D48: =D47/SQRT(COUNT(D28:D43)) -> 0.018094955 | E48: =E47/SQRT(COUNT(E28:E43)) -> 0.086873764 | F48: =F47/SQRT(COUNT(F28:F43)) -> 0.022894639 | G48: =G47/SQRT(COUNT(G28:G43)) -> 0.10159802 | H48: =H47/SQRT(COUNT(H28:H43)) -> 0.19730503 | I48: SEM | J48: =J47/SQRT(COUNT(J28:J43)) -> 0.1138109 | K48: =K47/SQRT(COUNT(K28:K43)) -> 0.084426143 | L48: =L47/SQRT(COUNT(L28:L43)) -> 0.024746665
A50: 7. Expérimentateur 2 : réaliser les tests statistiques avec les données normalisées et renseigner les résultats ainsi que le test statistique utilisé dans le tableau violet.
A52: =A27 -> Noms des groupes | B52: =B27 -> Témoin solvant | C52: =C27 -> EE2-33,8ng/L | D52: =D27 -> EE2-50,6ng/L | E52: =E27 -> EE2-76ng/L | F52: =F27 -> EE2-114ng/L | G52: =G27 -> EE2-170,9ng/L | H52: =H27 -> EE2-488ng/L | J52: =J27 -> Testo -30µg/L | K52: =K27 -> Testo 30µg/L + EE2 -64ng/L | L52: =L27 -> Testo 30µg/L + FAD-10mg/L
A53: Mean | B53: =B46 -> 0.042566167 | C53: =C46 -> 0.088327904 | D53: =D46 -> 0.051530107 | E53: =E46 -> 0.20244978 | F53: =F46 -> 0.076347899 | G53: =G46 -> 1.0250508 | H53: =H46 -> 1.3264093 | J53: =J46 -> 1 | K53: =K46 -> 1.0547357 | L53: =L46 -> 0.084817844
A54: SEM | B54: =B48 -> 0.013943244 | C54: =C48 -> 0.027584777 | D54: =D48 -> 0.018094955 | E54: =E48 -> 0.086873764 | F54: =F48 -> 0.022894639 | G54: =G48 -> 0.10159802 | H54: =H48 -> 0.19730503 | J54: =J48 -> 0.1138109 | K54: =K48 -> 0.084426143 | L54: =L48 -> 0.024746665
A55: % induction | B55: =(B53*100/$B53)-100 -> 0 | C55: =(C53*100/$B53)-100 -> 107.5073 | D55: =(D53*100/$B53)-100 -> 21.058837 | E55: =(E53*100/$B53)-100 -> 375.61195 | F55: =(F53*100/$B53)-100 -> 79.362869 | G55: =(G53*100/$B53)-100 -> 2308.135 | H55: =(H53*100/$B53)-100 -> 3016.1116 | J55: =(J53*100/$J53)-100 -> 0 | K55: =(K53*100/$J53)-100 -> 5.4735713 | L55: =(L53*100/$J53)-100 -> -91.518216
A56: Test de normalité : valeur du p | B56: =[1]!SWTEST(B28:B43) -> #NAME? | C56: =[1]!SWTEST(C28:C43) -> #NAME? | D56: =[1]!SWTEST(D28:D43) -> #NAME? | E56: =[1]!SWTEST(E28:E43) -> #NAME? | F56: =[1]!SWTEST(F28:F43) -> #NAME? | G56: =[1]!SWTEST(G28:G43) -> #NAME? | H56: =[1]!SWTEST(H28:H43) -> #NAME? | J56: =[1]!SWTEST(J28:J43) -> #NAME? | K56: =[1]!SWTEST(K28:K43) -> #NAME? | L56: =[1]!SWTEST(L28:L43) -> #NAME?
A57: Test de normalité : résultat normal? | B57: =IF(B56>0.05,"Oui","Non") -> #NAME? | C57: =IF(C56>0.05,"Oui","Non") -> #NAME? | D57: =IF(D56>0.05,"Oui","Non") -> #NAME? | E57: =IF(E56>0.05,"Oui","Non") -> #NAME? | F57: =IF(F56>0.05,"Oui","Non") -> #NAME? | G57: =IF(G56>0.05,"Oui","Non") -> #NAME? | H57: =IF(H56>0.05,"Oui","Non") -> #NAME? | J57: =IF(J56>0.05,"Oui","Non") -> #NAME? | K57: =IF(K56>0.05,"Oui","Non") -> #NAME? | L57: =IF(L56>0.05,"Oui","Non") -> #NAME?
A59: Test statistique utilisé | C59: =IF($B57="Non",IF(C57="Non","MW",IF(C57="Oui","MW","")),IF($B57="Oui",IF(C57="Oui","T-Test Welch",IF(C57="Non","MW","")))) -> #NAME? | D59: =IF($B57="Non",IF(D57="Non","MW",IF(D57="Oui","MW","")),IF($B57="Oui",IF(D57="Oui","T-Test Welch",IF(D57="Non","MW","")))) -> #NAME? | E59: =IF($B57="Non",IF(E57="Non","MW",IF(E57="Oui","MW","")),IF($B57="Oui",IF(E57="Oui","T-Test Welch",IF(E57="Non","MW","")))) -> #NAME? | F59: =IF($B57="Non",IF(F57="Non","MW",IF(F57="Oui","MW","")),IF($B57="Oui",IF(F57="Oui","T-Test Welch",IF(F57="Non","MW","")))) -> #NAME? | G59: =IF($B57="Non",IF(G57="Non","MW",IF(G57="Oui","MW","")),IF($B57="Oui",IF(G57="Oui","T-Test Welch",IF(G57="Non","MW","")))) -> #NAME? | H59: =IF($B57="Non",IF(H57="Non","MW",IF(H57="Oui","MW","")),IF($B57="Oui",IF(H57="Oui","T-Test Welch",IF(H57="Non","MW","")))) -> #NAME? | J59: =IF($B57="Non",IF(J57="Non","MW",IF(J57="Oui","MW","")),IF($B57="Oui",IF(J57="Oui","T-Test Welch",IF(J57="Non","MW","")))) -> #NAME? | K59: =IF($J57="Non",IF(K57="Non","MW",IF(K57="Oui","MW","")),IF($J57="Oui",IF(K57="Oui","T-Test Welch",IF(K57="Non","MW","")))) -> #NAME? | L59: =IF($J57="Non",IF(L57="Non","MW",IF(L57="Oui","MW","")),IF($J57="Oui",IF(L57="Oui","T-Test Welch",IF(L57="Non","MW","")))) -> #NAME?
A60: Test statistique : valeur du p | C60: =IF(C59="MW",[1]!MTEST($B28:$B43,C28:C43,2), IF(C59="T-Test Welch",_xlfn.T.TEST($B28:$B43,C28:C43,2,3),"")) -> #NAME? | D60: =IF(D59="MW",[1]!MTEST($B28:$B43,D28:D43,2), IF(D59="T-Test Welch",_xlfn.T.TEST($B28:$B43,D28:D43,2,3),"")) -> #NAME? | E60: =IF(E59="MW",[1]!MTEST($B28:$B43,E28:E43,2), IF(E59="T-Test Welch",_xlfn.T.TEST($B28:$B43,E28:E43,2,3),"")) -> #NAME? | F60: =IF(F59="MW",[1]!MTEST($B28:$B43,F28:F43,2), IF(F59="T-Test Welch",_xlfn.T.TEST($B28:$B43,F28:F43,2,3),"")) -> #NAME? | G60: =IF(G59="MW",[1]!MTEST($B28:$B43,G28:G43,2), IF(G59="T-Test Welch",_xlfn.T.TEST($B28:$B43,G28:G43,2,3),"")) -> #NAME? | H60: =IF(H59="MW",[1]!MTEST($B28:$B43,H28:H43,2), IF(H59="T-Test Welch",_xlfn.T.TEST($B28:$B43,H28:H43,2,3),"")) -> #NAME? | J60: =IF(J59="MW",[1]!MTEST($B28:$B43,J28:J43,2), IF(J59="T-Test Welch",_xlfn.T.TEST($B28:$B43,J28:J43,2,3),"")) -> #NAME? | K60: =IF(K59="MW",[1]!MTEST($J28:$J43,K28:K43,2), IF(K59="T-Test Welch",_xlfn.T.TEST($J28:$J43,K28:K43,2,3),"")) -> #NAME? | L60: =IF(L59="MW",[1]!MTEST($J28:$J43,L28:L43,2), IF(L59="T-Test Welch",_xlfn.T.TEST($J28:$J43,L28:L43,2,3),"")) -> #NAME?
A61: Annotation | C61: =IF(C60>0.05,"NS",IF(C60>0.01,"*",IF(C60>0.001,"**","***"))) -> #NAME? | D61: =IF(D60>0.05,"NS",IF(D60>0.01,"*",IF(D60>0.001,"**","***"))) -> #NAME? | E61: =IF(E60>0.05,"NS",IF(E60>0.01,"*",IF(E60>0.001,"**","***"))) -> #NAME? | F61: =IF(F60>0.05,"NS",IF(F60>0.01,"*",IF(F60>0.001,"**","***"))) -> #NAME? | G61: =IF(G60>0.05,"NS",IF(G60>0.01,"*",IF(G60>0.001,"**","***"))) -> #NAME? | H61: =IF(H60>0.05,"NS",IF(H60>0.01,"*",IF(H60>0.001,"**","***"))) -> #NAME? | J61: =IF(J60>0.05,"NS",IF(J60>0.01,"*",IF(J60>0.001,"**","***"))) -> #NAME? | K61: =IF(K60>0.05,"NS",IF(K60>0.01,"*",IF(K60>0.001,"**","***"))) -> #NAME? | L61: =IF(L60>0.05,"NS",IF(L60>0.01,"*",IF(L60>0.001,"**","***"))) -> #NAME?
A63: Eléments pour la mise en forme conditionnelles des résutats - calcul équivalent hormonal (eqH)
A64: LOD | B64: =B46+(3*B47) -> 0.16087852
A65: LOQ | B65: =B46+(10*B47) -> 0.43694066
A67: 8. Expérimentateur 2 : se reporter à l'onglet "pooled normalised values".

Sheet Raw data R3
A1: Nom groupe | B1: N° de valeur | C1: file name | D1: total area | E1: mean intensity | G1: total fluorescence | I1: nbre de larves | L1: (Tous)
A2: =IFERROR(LEFT(RIGHT(C2,LEN(C2)-SEARCH("@",C2)),SEARCH("/",RIGHT(C2,LEN(C2)-SEARCH("@",C2)-1))),"") | B2: =LEFT(RIGHT(RIGHT(Tableau467[[#This Row],[file name]],LEN(Tableau467[[#This Row],[file name]])-SEARCH("@",Tableau467[[#This Row],[file name]])),LEN(RIGHT(Tableau467[[#This Row],[file name]],LEN(Tableau467[[#This Row],[file name]])-SEARCH("@",Tableau467[[#This Row],[file name]])))-SEARCH("/",RIGHT(Tableau467[[#This Row],[file name]],LEN(Tableau467[[#This Row],[file name]])-SEARCH("@",Tableau467[[#This Row],[file name]])))),1) -> #VALUE! | K2: Filtre lignes : Enlever (vide) et Néant | L2: Filtre colonnes : Enlever (vide) et " "
A3: =IFERROR(LEFT(RIGHT(C3,LEN(C3)-SEARCH("@",C3)),SEARCH("/",RIGHT(C3,LEN(C3)-SEARCH("@",C3)-1))),"") | B3: =LEFT(RIGHT(RIGHT(Tableau467[[#This Row],[file name]],LEN(Tableau467[[#This Row],[file name]])-SEARCH("@",Tableau467[[#This Row],[file name]])),LEN(RIGHT(Tableau467[[#This Row],[file name]],LEN(Tableau467[[#This Row],[file name]])-SEARCH("@",Tableau467[[#This Row],[file name]])))-SEARCH("/",RIGHT(Tableau467[[#This Row],[file name]],LEN(Tableau467[[#This Row],[file name]])-SEARCH("@",Tableau467[[#This Row],[file name]])))),1) -> #VALUE! | K3: Moyenne de total fluorescence | L3: Étiquettes de colonnes
A4: =IFERROR(LEFT(RIGHT(C4,LEN(C4)-SEARCH("@",C4)),SEARCH("/",RIGHT(C4,LEN(C4)-SEARCH("@",C4)-1))),"") | B4: =LEFT(RIGHT(RIGHT(Tableau467[[#This Row],[file name]],LEN(Tableau467[[#This Row],[file name]])-SEARCH("@",Tableau467[[#This Row],[file name]])),LEN(RIGHT(Tableau467[[#This Row],[file name]],LEN(Tableau467[[#This Row],[file name]])-SEARCH("@",Tableau467[[#This Row],[file name]])))-SEARCH("/",RIGHT(Tableau467[[#This Row],[file name]],LEN(Tableau467[[#This Row],[file name]])-SEARCH("@",Tableau467[[#This Row],[file name]])))),1) -> #VALUE! | K4: Étiquettes de lignes
A5: =IFERROR(LEFT(RIGHT(C5,LEN(C5)-SEARCH("@",C5)),SEARCH("/",RIGHT(C5,LEN(C5)-SEARCH("@",C5)-1))),"") | B5: =LEFT(RIGHT(RIGHT(Tableau467[[#This Row],[file name]],LEN(Tableau467[[#This Row],[file name]])-SEARCH("@",Tableau467[[#This Row],[file name]])),LEN(RIGHT(Tableau467[[#This Row],[file name]],LEN(Tableau467[[#This Row],[file name]])-SEARCH("@",Tableau467[[#This Row],[file name]])))-SEARCH("/",RIGHT(Tableau467[[#This Row],[file name]],LEN(Tableau467[[#This Row],[file name]])-SEARCH("@",Tableau467[[#This Row],[file name]])))),1) -> #VALUE! | K5: #VALEUR!
A6: =IFERROR(LEFT(RIGHT(C6,LEN(C6)-SEARCH("@",C6)),SEARCH("/",RIGHT(C6,LEN(C6)-SEARCH("@",C6)-1))),"") | B6: =LEFT(RIGHT(RIGHT(Tableau467[[#This Row],[file name]],LEN(Tableau467[[#This Row],[file name]])-SEARCH("@",Tableau467[[#This Row],[file name]])),LEN(RIGHT(Tableau467[[#This Row],[file name]],LEN(Tableau467[[#This Row],[file name]])-SEARCH("@",Tableau467[[#This Row],[file name]])))-SEARCH("/",RIGHT(Tableau467[[#This Row],[file name]],LEN(Tableau467[[#This Row],[file name]])-SEARCH("@",Tableau467[[#This Row],[file name]])))),1) -> #VALUE!
A7: =IFERROR(LEFT(RIGHT(C7,LEN(C7)-SEARCH("@",C7)),SEARCH("/",RIGHT(C7,LEN(C7)-SEARCH("@",C7)-1))),"") | B7: =LEFT(RIGHT(RIGHT(Tableau467[[#This Row],[file name]],LEN(Tableau467[[#This Row],[file name]])-SEARCH("@",Tableau467[[#This Row],[file name]])),LEN(RIGHT(Tableau467[[#This Row],[file name]],LEN(Tableau467[[#This Row],[file name]])-SEARCH("@",Tableau467[[#This Row],[file name]])))-SEARCH("/",RIGHT(Tableau467[[#This Row],[file name]],LEN(Tableau467[[#This Row],[file name]])-SEARCH("@",Tableau467[[#This Row],[file name]])))),1) -> #VALUE!
A8: =IFERROR(LEFT(RIGHT(C8,LEN(C8)-SEARCH("@",C8)),SEARCH("/",RIGHT(C8,LEN(C8)-SEARCH("@",C8)-1))),"") | B8: =LEFT(RIGHT(RIGHT(Tableau467[[#This Row],[file name]],LEN(Tableau467[[#This Row],[file name]])-SEARCH("@",Tableau467[[#This Row],[file name]])),LEN(RIGHT(Tableau467[[#This Row],[file name]],LEN(Tableau467[[#This Row],[file name]])-SEARCH("@",Tableau467[[#This Row],[file name]])))-SEARCH("/",RIGHT(Tableau467[[#This Row],[file name]],LEN(Tableau467[[#This Row],[file name]])-SEARCH("@",Tableau467[[#This Row],[file name]])))),1) -> #VALUE!
A9: =IFERROR(LEFT(RIGHT(C9,LEN(C9)-SEARCH("@",C9)),SEARCH("/",RIGHT(C9,LEN(C9)-SEARCH("@",C9)-1))),"") | B9: =LEFT(RIGHT(RIGHT(Tableau467[[#This Row],[file name]],LEN(Tableau467[[#This Row],[file name]])-SEARCH("@",Tableau467[[#This Row],[file name]])),LEN(RIGHT(Tableau467[[#This Row],[file name]],LEN(Tableau467[[#This Row],[file name]])-SEARCH("@",Tableau467[[#This Row],[file name]])))-SEARCH("/",RIGHT(Tableau467[[#This Row],[file name]],LEN(Tableau467[[#This Row],[file name]])-SEARCH("@",Tableau467[[#This Row],[file name]])))),1) -> #VALUE!
A10: =IFERROR(LEFT(RIGHT(C10,LEN(C10)-SEARCH("@",C10)),SEARCH("/",RIGHT(C10,LEN(C10)-SEARCH("@",C10)-1))),"") | B10: =LEFT(RIGHT(RIGHT(Tableau467[[#This Row],[file name]],LEN(Tableau467[[#This Row],[file name]])-SEARCH("@",Tableau467[[#This Row],[file name]])),LEN(RIGHT(Tableau467[[#This Row],[file name]],LEN(Tableau467[[#This Row],[file name]])-SEARCH("@",Tableau467[[#This Row],[file name]])))-SEARCH("/",RIGHT(Tableau467[[#This Row],[file name]],LEN(Tableau467[[#This Row],[file name]])-SEARCH("@",Tableau467[[#This Row],[file name]])))),1) -> #VALUE!
A11: =IFERROR(LEFT(RIGHT(C11,LEN(C11)-SEARCH("@",C11)),SEARCH("/",RIGHT(C11,LEN(C11)-SEARCH("@",C11)-1))),"") | B11: =LEFT(RIGHT(RIGHT(Tableau467[[#This Row],[file name]],LEN(Tableau467[[#This Row],[file name]])-SEARCH("@",Tableau467[[#This Row],[file name]])),LEN(RIGHT(Tableau467[[#This Row],[file name]],LEN(Tableau467[[#This Row],[file name]])-SEARCH("@",Tableau467[[#This Row],[file name]])))-SEARCH("/",RIGHT(Tableau467[[#This Row],[file name]],LEN(Tableau467[[#This Row],[file name]])-SEARCH("@",Tableau467[[#This Row],[file name]])))),1) -> #VALUE!
A12: =IFERROR(LEFT(RIGHT(C12,LEN(C12)-SEARCH("@",C12)),SEARCH("/",RIGHT(C12,LEN(C12)-SEARCH("@",C12)-1))),"") | B12: =LEFT(RIGHT(RIGHT(Tableau467[[#This Row],[file name]],LEN(Tableau467[[#This Row],[file name]])-SEARCH("@",Tableau467[[#This Row],[file name]])),LEN(RIGHT(Tableau467[[#This Row],[file name]],LEN(Tableau467[[#This Row],[file name]])-SEARCH("@",Tableau467[[#This Row],[file name]])))-SEARCH("/",RIGHT(Tableau467[[#This Row],[file name]],LEN(Tableau467[[#This Row],[file name]])-SEARCH("@",Tableau467[[#This Row],[file name]])))),1) -> #VALUE!
A13: =IFERROR(LEFT(RIGHT(C13,LEN(C13)-SEARCH("@",C13)),SEARCH("/",RIGHT(C13,LEN(C13)-SEARCH("@",C13)-1))),"") | B13: =LEFT(RIGHT(RIGHT(Tableau467[[#This Row],[file name]],LEN(Tableau467[[#This Row],[file name]])-SEARCH("@",Tableau467[[#This Row],[file name]])),LEN(RIGHT(Tableau467[[#This Row],[file name]],LEN(Tableau467[[#This Row],[file name]])-SEARCH("@",Tableau467[[#This Row],[file name]])))-SEARCH("/",RIGHT(Tableau467[[#This Row],[file name]],LEN(Tableau467[[#This Row],[file name]])-SEARCH("@",Tableau467[[#This Row],[file name]])))),1) -> #VALUE!
A14: =IFERROR(LEFT(RIGHT(C14,LEN(C14)-SEARCH("@",C14)),SEARCH("/",RIGHT(C14,LEN(C14)-SEARCH("@",C14)-1))),"") | B14: =LEFT(RIGHT(RIGHT(Tableau467[[#This Row],[file name]],LEN(Tableau467[[#This Row],[file name]])-SEARCH("@",Tableau467[[#This Row],[file name]])),LEN(RIGHT(Tableau467[[#This Row],[file name]],LEN(Tableau467[[#This Row],[file name]])-SEARCH("@",Tableau467[[#This Row],[file name]])))-SEARCH("/",RIGHT(Tableau467[[#This Row],[file name]],LEN(Tableau467[[#This Row],[file name]])-SEARCH("@",Tableau467[[#This Row],[file name]])))),1) -> #VALUE!
A15: =IFERROR(LEFT(RIGHT(C15,LEN(C15)-SEARCH("@",C15)),SEARCH("/",RIGHT(C15,LEN(C15)-SEARCH("@",C15)-1))),"") | B15: =LEFT(RIGHT(RIGHT(Tableau467[[#This Row],[file name]],LEN(Tableau467[[#This Row],[file name]])-SEARCH("@",Tableau467[[#This Row],[file name]])),LEN(RIGHT(Tableau467[[#This Row],[file name]],LEN(Tableau467[[#This Row],[file name]])-SEARCH("@",Tableau467[[#This Row],[file name]])))-SEARCH("/",RIGHT(Tableau467[[#This Row],[file name]],LEN(Tableau467[[#This Row],[file name]])-SEARCH("@",Tableau467[[#This Row],[file name]])))),1) -> #VALUE!
A16: =IFERROR(LEFT(RIGHT(C16,LEN(C16)-SEARCH("@",C16)),SEARCH("/",RIGHT(C16,LEN(C16)-SEARCH("@",C16)-1))),"") | B16: =LEFT(RIGHT(RIGHT(Tableau467[[#This Row],[file name]],LEN(Tableau467[[#This Row],[file name]])-SEARCH("@",Tableau467[[#This Row],[file name]])),LEN(RIGHT(Tableau467[[#This Row],[file name]],LEN(Tableau467[[#This Row],[file name]])-SEARCH("@",Tableau467[[#This Row],[file name]])))-SEARCH("/",RIGHT(Tableau467[[#This Row],[file name]],LEN(Tableau467[[#This Row],[file name]])-SEARCH("@",Tableau467[[#This Row],[file name]])))),1) -> #VALUE!
A17: =IFERROR(LEFT(RIGHT(C17,LEN(C17)-SEARCH("@",C17)),SEARCH("/",RIGHT(C17,LEN(C17)-SEARCH("@",C17)-1))),"") | B17: =LEFT(RIGHT(RIGHT(Tableau467[[#This Row],[file name]],LEN(Tableau467[[#This Row],[file name]])-SEARCH("@",Tableau467[[#This Row],[file name]])),LEN(RIGHT(Tableau467[[#This Row],[file name]],LEN(Tableau467[[#This Row],[file name]])-SEARCH("@",Tableau467[[#This Row],[file name]])))-SEARCH("/",RIGHT(Tableau467[[#This Row],[file name]],LEN(Tableau467[[#This Row],[file name]])-SEARCH("@",Tableau467[[#This Row],[file name]])))),1) -> #VALUE!
... A1711: =IFERROR(LEFT(RIGHT(C1711,LEN(C1711)-SEARCH("@",C1711)),SEARCH("/",RIGHT(C1711,LEN(C1711)-SEARCH("@",C1711)-1))),"") | B1711: =LEFT(RIGHT(RIGHT(Tableau467[[#This Row],[file name]],LEN(Tableau467[[#This Row],[file name]])-SEARCH("@",Tableau467[[#This Row],[file name]])),LEN(RIGHT(Tableau467[[#This Row],[file name]],LEN(Tableau467[[#This Row],[file name]])-SEARCH("@",Tableau467[[#This Row],[file name]])))-SEARCH("/",RIGHT(Tableau467[[#This Row],[file name]],LEN(Tableau467[[#This Row],[file name]])-SEARCH("@",Tableau467[[#This Row],[file name]])))),1) -> #VALUE!

Sheet R3
A1: 6. Expérimentateur 2 : copier et coller les valeurs des intensités totales de fluorescences obtenues dans le fichier raw data lors du traitement des images. Ne pas supprimer les colonnes correspondant aux concentrations non lues.
A3: R3 | B3: Non dopé | J3: avec testo
A4: Noms des groupes | B4: ='Page de garde'!A7 -> Témoin solvant | C4: ='Page de garde'!A9 -> EE2-33,8ng/L | D4: ='Page de garde'!A10 -> EE2-50,6ng/L | E4: ='Page de garde'!A11 -> EE2-76ng/L | F4: ='Page de garde'!A12 -> EE2-114ng/L | G4: ='Page de garde'!A13 -> EE2-170,9ng/L | H4: ='Page de garde'!A14 -> EE2-488ng/L | J4: ='Page de garde'!A36 -> Testo -30µg/L | K4: ='Page de garde'!A37 -> Testo 30µg/L + EE2 -64ng/L | L4: ='Page de garde'!A38 -> Testo 30µg/L + FAD-10mg/L
A5: Données brutes | B5: =Feuil2!E342 -> 0 | C5: =Feuil2!E359 -> 0 | D5: =Feuil2!E376 -> 5783 | E5: =Feuil2!E393 -> 259875 | F5: =Feuil2!E410 -> 1134 | G5: =Feuil2!E427 -> 172249 | H5: =Feuil2!E444 -> 294182 | J5: =Feuil2!E461 -> 175719 | K5: =Feuil2!E478 -> 281738 | L5: =Feuil2!E495 -> 9019
B6: =Feuil2!E343 -> 0 | C6: =Feuil2!E360 -> 2179 | D6: =Feuil2!E377 -> 0 | F6: =Feuil2!E411 -> 15546 | G6: =Feuil2!E428 -> 150524 | H6: =Feuil2!E445 -> 297567 | J6: =Feuil2!E462 -> 128511 | K6: =Feuil2!E479 -> 184613 | L6: =Feuil2!E496 -> 5474
B7: =Feuil2!E344 -> 0 | C7: =Feuil2!E361 -> 9097 | D7: =Feuil2!E378 -> 7933 | E7: =Feuil2!E395 -> 12659 | F7: =Feuil2!E412 -> 7422 | G7: =Feuil2!E429 -> 162 | H7: =Feuil2!E446 -> 348959 | J7: =Feuil2!E463 -> 143016 | K7: =Feuil2!E480 -> 266720 | L7: =Feuil2!E497 -> 1919
B8: =Feuil2!E345 -> 0 | C8: =Feuil2!E362 -> 0 | D8: =Feuil2!E379 -> 577 | E8: =Feuil2!E396 -> 159516 | F8: =Feuil2!E413 -> 6067 | G8: =Feuil2!E430 -> 269741 | H8: =Feuil2!E447 -> 334472 | J8: =Feuil2!E464 -> 160852 | K8: =Feuil2!E481 -> 308508 | L8: =Feuil2!E498 -> 11159
B9: =Feuil2!E346 -> 0 | C9: =Feuil2!E363 -> 249 | D9: =Feuil2!E380 -> 8854 | E9: =Feuil2!E397 -> 0 | F9: =Feuil2!E414 -> 34512 | G9: =Feuil2!E431 -> 191604 | H9: =Feuil2!E448 -> 284606 | J9: =Feuil2!E465 -> 169885 | K9: =Feuil2!E482 -> 164600 | L9: =Feuil2!E499 -> 11995
B10: =Feuil2!E347 -> 0 | C10: =Feuil2!E364 -> 4604 | D10: =Feuil2!E381 -> 656 | E10: =Feuil2!E398 -> 0 | F10: =Feuil2!E415 -> 8570 | G10: =Feuil2!E432 -> 221439 | H10: =Feuil2!E449 -> 360871 | J10: =Feuil2!E466 -> 180924 | K10: =Feuil2!E483 -> 98330 | L10: =Feuil2!E500 -> 1614
B11: =Feuil2!E348 -> 161 | C11: =Feuil2!E365 -> 2575 | D11: =Feuil2!E382 -> 81 | E11: =Feuil2!E399 -> 406 | F11: =Feuil2!E416 -> 4212 | G11: =Feuil2!E433 -> 264552 | H11: =Feuil2!E450 -> 271538 | J11: =Feuil2!E467 -> 119051 | K11: =Feuil2!E484 -> 298991 | L11: =Feuil2!E501 -> 9606
B12: =Feuil2!E349 -> 0 | C12: =Feuil2!E366 -> 15809 | D12: =Feuil2!E383 -> 13301 | E12: =Feuil2!E400 -> 80 | F12: =Feuil2!E417 -> 4955 | G12: =Feuil2!E434 -> 178543 | H12: =Feuil2!E451 -> 283561 | J12: =Feuil2!E468 -> 205668 | K12: =Feuil2!E485 -> 158197 | L12: =Feuil2!E502 -> 11586
A22: =A4 -> Noms des groupes | B22: =B4 -> Témoin solvant | C22: =C4 -> EE2-33,8ng/L | D22: =D4 -> EE2-50,6ng/L | E22: =E4 -> EE2-76ng/L | F22: =F4 -> EE2-114ng/L | G22: =G4 -> EE2-170,9ng/L | H22: =H4 -> EE2-488ng/L | I22: Noms des groupes | J22: =J4 -> Testo -30µg/L | K22: =K4 -> Testo 30µg/L + EE2 -64ng/L | L22: =L4 -> Testo 30µg/L + FAD-10mg/L
A23: mean | B23: =AVERAGE(B5:B20) -> 20.125 | C23: =AVERAGE(C5:C20) -> 4314.125 | D23: =AVERAGE(D5:D20) -> 4648.125 | E23: =AVERAGE(E5:E20) -> 61790.857 | F23: =AVERAGE(F5:F20) -> 10302.25 | G23: =AVERAGE(G5:G20) -> 181101.75 | H23: =AVERAGE(H5:H20) -> 309469.5 | I23: mean | J23: =AVERAGE(J5:J20) -> 160453.25 | K23: =AVERAGE(K5:K20) -> 220212.12 | L23: =AVERAGE(L5:L20) -> 7796.5
A24: SD | B24: =STDEV(B5:B20) -> 56.922096 | C24: =STDEV(C5:C20) -> 5560.3697 | D24: =STDEV(D5:D20) -> 5065.4966 | E24: =STDEV(E5:E20) -> 105209.33 | F24: =STDEV(F5:F20) -> 10640.783 | G24: =STDEV(G5:G20) -> 84783.221 | H24: =STDEV(H5:H20) -> 33658.537 | I24: SD | J24: =STDEV(J5:J20) -> 28844.649 | K24: =STDEV(K5:K20) -> 78387.155 | L24: =STDEV(L5:L20) -> 4246.431
B26: Non dopé | J26: avec testo
A27: Noms des groupes | B27: =B4 -> Témoin solvant | C27: =C4 -> EE2-33,8ng/L | D27: =D4 -> EE2-50,6ng/L | E27: =E4 -> EE2-76ng/L | F27: =F4 -> EE2-114ng/L | G27: =G4 -> EE2-170,9ng/L | H27: =H4 -> EE2-488ng/L | J27: =J4 -> Testo -30µg/L | K27: =K4 -> Testo 30µg/L + EE2 -64ng/L | L27: =L4 -> Testo 30µg/L + FAD-10mg/L
A28: Données normalisées sur la moyenne du groupe "Testo" | B28: =IF(B5="","",(B5/$J$23)) -> 0 | C28: =IF(C5="","",(C5/$J$23)) -> 0 | D28: =IF(D5="","",(D5/$J$23)) -> 0.036041651 | E28: =IF(E5="","",(E5/$J$23)) -> 1.6196306 | F28: =IF(F5="","",(F5/$J$23)) -> 0.0070674792 | G28: =IF(G5="","",(G5/$J$23)) -> 1.0735152 | H28: =IF(H5="","",(H5/$J$23)) -> 1.8334437 | J28: =IF(J5="","",(J5/$J$23)) -> 1.0951414 | K28: =IF(K5="","",(K5/$J$23)) -> 1.7558884 | L28: =IF(L5="","",(L5/$J$23)) -> 0.056209519
B29: =IF(B6="","",(B6/$J$23)) -> 0 | C29: =IF(C6="","",(C6/$J$23)) -> 0.01358028 | D29: =IF(D6="","",(D6/$J$23)) -> 0 | F29: =IF(F6="","",(F6/$J$23)) -> 0.096888034 | G29: =IF(G6="","",(G6/$J$23)) -> 0.93811749 | H29: =IF(H6="","",(H6/$J$23)) -> 1.8545402 | J29: =IF(J6="","",(J6/$J$23)) -> 0.80092488 | K29: =IF(K6="","",(K6/$J$23)) -> 1.1505719 | L29: =IF(L6="","",(L6/$J$23)) -> 0.034115856
B30: =IF(B7="","",(B7/$J$23)) -> 0 | C30: =IF(C7="","",(C7/$J$23)) -> 0.056695642 | D30: =IF(D7="","",(D7/$J$23)) -> 0.049441192 | E30: =IF(E7="","",(E7/$J$23)) -> 0.078895255 | F30: =IF(F7="","",(F7/$J$23)) -> 0.046256464 | G30: =IF(G7="","",(G7/$J$23)) -> 0.0010096399 | H30: =IF(H7="","",(H7/$J$23)) -> 2.1748329 | J30: =IF(J7="","",(J7/$J$23)) -> 0.89132504 | K30: =IF(K7="","",(K7/$J$23)) -> 1.662291 | L30: =IF(L7="","",(L7/$J$23)) -> 0.01195987
B31: =IF(B8="","",(B8/$J$23)) -> 0 | C31: =IF(C8="","",(C8/$J$23)) -> 0 | D31: =IF(D8="","",(D8/$J$23)) -> 0.003596063 | E31: =IF(E8="","",(E8/$J$23)) -> 0.99415873 | F31: =IF(F8="","",(F8/$J$23)) -> 0.037811637 | G31: =IF(G8="","",(G8/$J$23)) -> 1.681119 | H31: =IF(H8="","",(H8/$J$23)) -> 2.0845449 | J31: =IF(J8="","",(J8/$J$23)) -> 1.0024851 | K31: =IF(K8="","",(K8/$J$23)) -> 1.9227283 | L31: =IF(L8="","",(L8/$J$23)) -> 0.069546737
B32: =IF(B9="","",(B9/$J$23)) -> 0 | C32: =IF(C9="","",(C9/$J$23)) -> 0.0015518539 | D32: =IF(D9="","",(D9/$J$23)) -> 0.055181182 | E32: =IF(E9="","",(E9/$J$23)) -> 0 | F32: =IF(F9="","",(F9/$J$23)) -> 0.21509069 | G32: =IF(G9="","",(G9/$J$23)) -> 1.1941422 | H32: =IF(H9="","",(H9/$J$23)) -> 1.7737628 | J32: =IF(J9="","",(J9/$J$23)) -> 1.0587819 | K32: =IF(K9="","",(K9/$J$23)) -> 1.025844 | L32: =IF(L9="","",(L9/$J$23)) -> 0.074756977
B33: =IF(B10="","",(B10/$J$23)) -> 0 | C33: =IF(C10="","",(C10/$J$23)) -> 0.028693716 | D33: =IF(D10="","",(D10/$J$23)) -> 0.0040884183 | E33: =IF(E10="","",(E10/$J$23)) -> 0 | F33: =IF(F10="","",(F10/$J$23)) -> 0.053411196 | G33: =IF(G10="","",(G10/$J$23)) -> 1.3800842 | H33: =IF(H10="","",(H10/$J$23)) -> 2.2490725 | J33: =IF(J10="","",(J10/$J$23)) -> 1.1275808 | K33: =IF(K10="","",(K10/$J$23)) -> 0.61282648 | L33: =IF(L10="","",(L10/$J$23)) -> 0.010059005
B34: =IF(B11="","",(B11/$J$23)) -> 0.0010034075 | C34: =IF(C11="","",(C11/$J$23)) -> 0.016048288 | D34: =IF(D11="","",(D11/$J$23)) -> 0.00050481994 | E34: =IF(E11="","",(E11/$J$23)) -> 0.002530332 | F34: =IF(F11="","",(F11/$J$23)) -> 0.026250637 | G34: =IF(G11="","",(G11/$J$23)) -> 1.6487793 | H34: =IF(H11="","",(H11/$J$23)) -> 1.6923185 | J34: =IF(J11="","",(J11/$J$23)) -> 0.7419669 | K34: =IF(K11="","",(K11/$J$23)) -> 1.863415 | L34: =IF(L11="","",(L11/$J$23)) -> 0.059867905
B35: =IF(B12="","",(B12/$J$23)) -> 0 | C35: =IF(C12="","",(C12/$J$23)) -> 0.098527141 | D35: =IF(D12="","",(D12/$J$23)) -> 0.08289642 | E35: =IF(E12="","",(E12/$J$23)) -> 0.00049858759 | F35: =IF(F12="","",(F12/$J$23)) -> 0.030881269 | G35: =IF(G12="","",(G12/$J$23)) -> 1.1127416 | H35: =IF(H12="","",(H12/$J$23)) -> 1.76725 | J35: =IF(J12="","",(J12/$J$23)) -> 1.2817939 | K35: =IF(K12="","",(K12/$J$23)) -> 0.98593827 | L35: =IF(L12="","",(L12/$J$23)) -> 0.072207948
C36: =IF(C13="","",(C13/$J$23)) | D36: =IF(D13="","",(D13/$J$23)) | F36: =IF(F13="","",(F13/$J$23)) | G36: =IF(G13="","",(G13/$J$23)) | H36: =IF(H13="","",(H13/$J$23)) | J36: =IF(J13="","",(J13/$J$23)) | K36: =IF(K13="","",(K13/$J$23)) | L36: =IF(L13="","",(L13/$J$23))
B37: =IF(B14="","",(B14/$J$23)) | C37: =IF(C14="","",(C14/$J$23)) | D37: =IF(D14="","",(D14/$J$23)) | E37: =IF(E14="","",(E14/$J$23)) | F37: =IF(F14="","",(F14/$J$23)) | G37: =IF(G14="","",(G14/$J$23)) | H37: =IF(H14="","",(H14/$J$23)) | J37: =IF(J14="","",(J14/$J$23)) | K37: =IF(K14="","",(K14/$J$23)) | L37: =IF(L14="","",(L14/$J$23))
B38: =IF(B15="","",(B15/$J$23)) | C38: =IF(C15="","",(C15/$J$23)) | D38: =IF(D15="","",(D15/$J$23)) | E38: =IF(E15="","",(E15/$J$23)) | F38: =IF(F15="","",(F15/$J$23)) | G38: =IF(G15="","",(G15/$J$23)) | H38: =IF(H15="","",(H15/$J$23)) | J38: =IF(J15="","",(J15/$J$23)) | K38: =IF(K15="","",(K15/$J$23)) | L38: =IF(L15="","",(L15/$J$23))
B39: =IF(B16="","",(B16/$J$23)) | C39: =IF(C16="","",(C16/$J$23)) | D39: =IF(D16="","",(D16/$J$23)) | E39: =IF(E16="","",(E16/$J$23)) | F39: =IF(F16="","",(F16/$J$23)) | G39: =IF(G16="","",(G16/$J$23)) | H39: =IF(H16="","",(H16/$J$23)) | J39: =IF(J16="","",(J16/$J$23)) | K39: =IF(K16="","",(K16/$J$23)) | L39: =IF(L16="","",(L16/$J$23))
B40: =IF(B17="","",(B17/$J$23)) | C40: =IF(C17="","",(C17/$J$23)) | D40: =IF(D17="","",(D17/$J$23)) | E40: =IF(E17="","",(E17/$J$23)) | F40: =IF(F17="","",(F17/$J$23)) | G40: =IF(G17="","",(G17/$J$23)) | H40: =IF(H17="","",(H17/$J$23)) | J40: =IF(J17="","",(J17/$J$23)) | K40: =IF(K17="","",(K17/$J$23)) | L40: =IF(L17="","",(L17/$J$23))
B41: =IF(B18="","",(B18/$J$23)) | C41: =IF(C18="","",(C18/$J$23)) | D41: =IF(D18="","",(D18/$J$23)) | E41: =IF(E18="","",(E18/$J$23)) | F41: =IF(F18="","",(F18/$J$23)) | G41: =IF(G18="","",(G18/$J$23)) | H41: =IF(H18="","",(H18/$J$23)) | J41: =IF(J18="","",(J18/$J$23)) | K41: =IF(K18="","",(K18/$J$23)) | L41: =IF(L18="","",(L18/$J$23))
B42: =IF(B19="","",(B19/$J$23)) | C42: =IF(C19="","",(C19/$J$23)) | D42: =IF(D19="","",(D19/$J$23)) | E42: =IF(E19="","",(E19/$J$23)) | F42: =IF(F19="","",(F19/$J$23)) | G42: =IF(G19="","",(G19/$J$23)) | H42: =IF(H19="","",(H19/$J$23)) | J42: =IF(J19="","",(J19/$J$23)) | K42: =IF(K19="","",(K19/$J$23)) | L42: =IF(L19="","",(L19/$J$23))
B43: =IF(B20="","",(B20/$J$23)) | C43: =IF(C20="","",(C20/$J$23)) | D43: =IF(D20="","",(D20/$J$23)) | E43: =IF(E20="","",(E20/$J$23)) | F43: =IF(F20="","",(F20/$J$23)) | G43: =IF(G20="","",(G20/$J$23)) | H43: =IF(H20="","",(H20/$J$23)) | J43: =IF(J20="","",(J20/$J$23)) | K43: =IF(K20="","",(K20/$J$23)) | L43: =IF(L20="","",(L20/$J$23))
A45: =A4 -> Noms des groupes | B45: =B4 -> Témoin solvant | C45: =C4 -> EE2-33,8ng/L | D45: =D4 -> EE2-50,6ng/L | E45: =E4 -> EE2-76ng/L | F45: =F4 -> EE2-114ng/L | G45: =G4 -> EE2-170,9ng/L | H45: =H4 -> EE2-488ng/L | J45: =J4 -> Testo -30µg/L | K45: =K4 -> Testo 30µg/L + EE2 -64ng/L | L45: =L4 -> Testo 30µg/L + FAD-10mg/L
A46: mean | B46: =AVERAGE(B28:B43) -> 0.00012542594 | C46: =AVERAGE(C28:C43) -> 0.026887115 | D46: =AVERAGE(D28:D43) -> 0.028968718 | E46: =AVERAGE(E28:E43) -> 0.38510194 | F46: =AVERAGE(F28:F43) -> 0.064207176 | G46: =AVERAGE(G28:G43) -> 1.1286886 | H46: =AVERAGE(H28:H43) -> 1.9287207 | I46: mean | J46: =AVERAGE(J28:J43) -> 1 | K46: =AVERAGE(K28:K43) -> 1.3724379 | L46: =AVERAGE(L28:L43) -> 0.048590477
A47: SD | B47: =STDEV(B28:B43) -> 0.00035475814 | C47: =STDEV(C28:C43) -> 0.034654142 | D47: =STDEV(D28:D43) -> 0.031569922 | E47: =STDEV(E28:E43) -> 0.65570085 | F47: =STDEV(F28:F43) -> 0.066317029 | G47: =STDEV(G28:G43) -> 0.52839828 | H47: =STDEV(H28:H43) -> 0.20977161 | I47: SD | J47: =STDEV(J28:J43) -> 0.1797698 | K47: =STDEV(K28:K43) -> 0.48853579 | L47: =STDEV(L28:L43) -> 0.026465223
A48: SEM | B48: =B47/SQRT(COUNT(B28:B43)) -> 0.00012542594 | C48: =C47/SQRT(COUNT(C28:C43)) -> 0.012252089 | D48: =D47/SQRT(COUNT(D28:D43)) -> 0.011161653 | E48: =E47/SQRT(COUNT(E28:E43)) -> 0.24783163 | F48: =F47/SQRT(COUNT(F28:F43)) -> 0.02344661 | G48: =G47/SQRT(COUNT(G28:G43)) -> 0.186817 | H48: =H47/SQRT(COUNT(H28:H43)) -> 0.074165464 | I48: SEM | J48: =J47/SQRT(COUNT(J28:J43)) -> 0.063558224 | K48: =K47/SQRT(COUNT(K28:K43)) -> 0.17272348 | L48: =L47/SQRT(COUNT(L28:L43)) -> 0.0093568692
A50: 7. Expérimentateur 2 : réaliser les tests statistiques avec les données normalisées et renseigner les résultats ainsi que le test statistique utilisé dans le tableau violet.
A52: =A27 -> Noms des groupes | B52: =B27 -> Témoin solvant | C52: =C27 -> EE2-33,8ng/L | D52: =D27 -> EE2-50,6ng/L | E52: =E27 -> EE2-76ng/L | F52: =F27 -> EE2-114ng/L | G52: =G27 -> EE2-170,9ng/L | H52: =H27 -> EE2-488ng/L | J52: =J27 -> Testo -30µg/L | K52: =K27 -> Testo 30µg/L + EE2 -64ng/L | L52: =L27 -> Testo 30µg/L + FAD-10mg/L
A53: Mean | B53: =B46 -> 0.00012542594 | C53: =C46 -> 0.026887115 | D53: =D46 -> 0.028968718 | E53: =E46 -> 0.38510194 | F53: =F46 -> 0.064207176 | G53: =G46 -> 1.1286886 | H53: =H46 -> 1.9287207 | J53: =J46 -> 1 | K53: =K46 -> 1.3724379 | L53: =L46 -> 0.048590477
A54: SEM | B54: =B48 -> 0.00012542594 | C54: =C48 -> 0.012252089 | D54: =D48 -> 0.011161653 | E54: =E48 -> 0.24783163 | F54: =F48 -> 0.02344661 | G54: =G48 -> 0.186817 | H54: =H48 -> 0.074165464 | J54: =J48 -> 0.063558224 | K54: =K48 -> 0.17272348 | L54: =L48 -> 0.0093568692
A55: % induction | B55: =(B53*100/$B53)-100 -> 0 | C55: =(C53*100/$B53)-100 -> 21336.646 | D55: =(D53*100/$B53)-100 -> 22996.273 | E55: =(E53*100/$B53)-100 -> 306935.31 | F55: =(F53*100/$B53)-100 -> 51091.304 | G55: =(G53*100/$B53)-100 -> 899784.47 | H55: =(H53*100/$B53)-100 -> 1537636.6 | J55: =(J53*100/$J53)-100 -> 0 | K55: =(K53*100/$J53)-100 -> 37.243792 | L55: =(L53*100/$J53)-100 -> -95.140952
A56: Test de normalité : valeur du p | B56: =[1]!SWTEST(B28:B43) -> #NAME? | C56: =[1]!SWTEST(C28:C43) -> #NAME? | D56: =[1]!SWTEST(D28:D43) -> #NAME? | E56: =[1]!SWTEST(E28:E43) -> #NAME? | F56: =[1]!SWTEST(F28:F43) -> #NAME? | G56: =[1]!SWTEST(G28:G43) -> #NAME? | H56: =[1]!SWTEST(H28:H43) -> #NAME? | J56: =[1]!SWTEST(J28:J43) -> #NAME? | K56: =[1]!SWTEST(K28:K43) -> #NAME? | L56: =[1]!SWTEST(L28:L43) -> #NAME?
A57: Test de normalité : résultat normal? | B57: =IF(B56>0.05,"Oui","Non") -> #NAME? | C57: =IF(C56>0.05,"Oui","Non") -> #NAME? | D57: =IF(D56>0.05,"Oui","Non") -> #NAME? | E57: =IF(E56>0.05,"Oui","Non") -> #NAME? | F57: =IF(F56>0.05,"Oui","Non") -> #NAME? | G57: =IF(G56>0.05,"Oui","Non") -> #NAME? | H57: =IF(H56>0.05,"Oui","Non") -> #NAME? | J57: =IF(J56>0.05,"Oui","Non") -> #NAME? | K57: =IF(K56>0.05,"Oui","Non") -> #NAME? | L57: =IF(L56>0.05,"Oui","Non") -> #NAME?
A59: Test statistique utilisé | C59: =IF($B57="Non",IF(C57="Non","MW",IF(C57="Oui","MW","")),IF($B57="Oui",IF(C57="Oui","T-Test Welch",IF(C57="Non","MW","")))) -> #NAME? | D59: =IF($B57="Non",IF(D57="Non","MW",IF(D57="Oui","MW","")),IF($B57="Oui",IF(D57="Oui","T-Test Welch",IF(D57="Non","MW","")))) -> #NAME? | E59: =IF($B57="Non",IF(E57="Non","MW",IF(E57="Oui","MW","")),IF($B57="Oui",IF(E57="Oui","T-Test Welch",IF(E57="Non","MW","")))) -> #NAME? | F59: =IF($B57="Non",IF(F57="Non","MW",IF(F57="Oui","MW","")),IF($B57="Oui",IF(F57="Oui","T-Test Welch",IF(F57="Non","MW","")))) -> #NAME? | G59: =IF($B57="Non",IF(G57="Non","MW",IF(G57="Oui","MW","")),IF($B57="Oui",IF(G57="Oui","T-Test Welch",IF(G57="Non","MW","")))) -> #NAME? | H59: =IF($B57="Non",IF(H57="Non","MW",IF(H57="Oui","MW","")),IF($B57="Oui",IF(H57="Oui","T-Test Welch",IF(H57="Non","MW","")))) -> #NAME? | J59: =IF($B57="Non",IF(J57="Non","MW",IF(J57="Oui","MW","")),IF($B57="Oui",IF(J57="Oui","T-Test Welch",IF(J57="Non","MW","")))) -> #NAME? | K59: =IF($J57="Non",IF(K57="Non","MW",IF(K57="Oui","MW","")),IF($J57="Oui",IF(K57="Oui","T-Test Welch",IF(K57="Non","MW","")))) -> #NAME? | L59: =IF($J57="Non",IF(L57="Non","MW",IF(L57="Oui","MW","")),IF($J57="Oui",IF(L57="Oui","T-Test Welch",IF(L57="Non","MW","")))) -> #NAME?
A60: Test statistique : valeur du p | C60: =IF(C59="MW",[1]!MTEST($B28:$B43,C28:C43,2), IF(C59="T-Test Welch",_xlfn.T.TEST($B28:$B43,C28:C43,2,3),"")) -> #NAME? | D60: =IF(D59="MW",[1]!MTEST($B28:$B43,D28:D43,2), IF(D59="T-Test Welch",_xlfn.T.TEST($B28:$B43,D28:D43,2,3),"")) -> #NAME? | E60: =IF(E59="MW",[1]!MTEST($B28:$B43,E28:E43,2), IF(E59="T-Test Welch",_xlfn.T.TEST($B28:$B43,E28:E43,2,3),"")) -> #NAME? | F60: =IF(F59="MW",[1]!MTEST($B28:$B43,F28:F43,2), IF(F59="T-Test Welch",_xlfn.T.TEST($B28:$B43,F28:F43,2,3),"")) -> #NAME? | G60: =IF(G59="MW",[1]!MTEST($B28:$B43,G28:G43,2), IF(G59="T-Test Welch",_xlfn.T.TEST($B28:$B43,G28:G43,2,3),"")) -> #NAME? | H60: =IF(H59="MW",[1]!MTEST($B28:$B43,H28:H43,2), IF(H59="T-Test Welch",_xlfn.T.TEST($B28:$B43,H28:H43,2,3),"")) -> #NAME? | J60: =IF(J59="MW",[1]!MTEST($B28:$B43,J28:J43,2), IF(J59="T-Test Welch",_xlfn.T.TEST($B28:$B43,J28:J43,2,3),"")) -> #NAME? | K60: =IF(K59="MW",[1]!MTEST($J28:$J43,K28:K43,2), IF(K59="T-Test Welch",_xlfn.T.TEST($J28:$J43,K28:K43,2,3),"")) -> #NAME? | L60: =IF(L59="MW",[1]!MTEST($J28:$J43,L28:L43,2), IF(L59="T-Test Welch",_xlfn.T.TEST($J28:$J43,L28:L43,2,3),"")) -> #NAME?
A61: Annotation | C61: =IF(C60>0.05,"NS",IF(C60>0.01,"*",IF(C60>0.001,"**","***"))) -> #NAME? | D61: =IF(D60>0.05,"NS",IF(D60>0.01,"*",IF(D60>0.001,"**","***"))) -> #NAME? | E61: =IF(E60>0.05,"NS",IF(E60>0.01,"*",IF(E60>0.001,"**","***"))) -> #NAME? | F61: =IF(F60>0.05,"NS",IF(F60>0.01,"*",IF(F60>0.001,"**","***"))) -> #NAME? | G61: =IF(G60>0.05,"NS",IF(G60>0.01,"*",IF(G60>0.001,"**","***"))) -> #NAME? | H61: =IF(H60>0.05,"NS",IF(H60>0.01,"*",IF(H60>0.001,"**","***"))) -> #NAME? | J61: =IF(J60>0.05,"NS",IF(J60>0.01,"*",IF(J60>0.001,"**","***"))) -> #NAME? | K61: =IF(K60>0.05,"NS",IF(K60>0.01,"*",IF(K60>0.001,"**","***"))) -> #NAME? | L61: =IF(L60>0.05,"NS",IF(L60>0.01,"*",IF(L60>0.001,"**","***"))) -> #NAME?
A63: Eléments pour la mise en forme conditionnelles des résutats - calcul équivalent hormonal (eqH)
A64: LOD | B64: =B46+(3*B47) -> 0.0011897003
A65: LOQ | B65: =B46+(10*B47) -> 0.0036730073
A67: 8. Expérimentateur 2 : se reporter à l'onglet "pooled normalised values".

Sheet pooled normalised values
A1: N°BDC : | B1: ='Page de garde'!#REF! -> #REF!
B3: Non dopé | J3: avec testo
A4: Noms des groupes | B4: ='R1'!B4 -> Témoin solvant | C4: ='R1'!C4 -> EE2-33,8ng/L | D4: ='R1'!D4 -> EE2-50,6ng/L | E4: ='R1'!E4 -> EE2-76ng/L | F4: ='R1'!F4 -> EE2-114ng/L | G4: ='R1'!G4 -> EE2-170,9ng/L | H4: ='R1'!H4 -> EE2-488ng/L | J4: ='R1'!J4 -> Testo -30µg/L | K4: ='R1'!K4 -> Testo 30µg/L + EE2 -64ng/L | L4: ='R1'!L4 -> Testo 30µg/L + FAD-10mg/L
C5: n'utilisez pas cette ligne SVP
A6: Rep1 | B6: ='R1'!B28 -> 0.035269702 | C6: ='R1'!C28 -> 0 | D6: ='R1'!D28 -> 0.0098070498 | E6: ='R1'!E28 -> 0 | F6: ='R1'!F28 -> 0.28854133 | G6: ='R1'!G28 -> 1.5126684 | H6: ='R1'!H28 -> 1.2200114 | J6: ='R1'!J28 -> 0.22970328 | K6: ='R1'!K28 | L6: ='R1'!L28 -> 0.013858988
A7: Données normalisées sur la moyenne du groupe "Testo" | B7: ='R1'!B29 | C7: ='R1'!C29 -> 0.011115223 | D7: ='R1'!D29 -> 0 | E7: ='R1'!E29 -> 0.30830408 | F7: ='R1'!F29 -> 0.46415505 | G7: ='R1'!G29 -> 1.555201 | H7: ='R1'!H29 -> 1.1840579 | J7: ='R1'!J29 -> 1.1221873 | K7: ='R1'!K29 | L7: ='R1'!L29 -> 0.0003440325
B8: ='R1'!B30 -> 0.0003440325 | C8: ='R1'!C30 -> 0.0063709722 | D8: ='R1'!D30 -> 0.059763966 | E8: ='R1'!E30 -> 0.13909106 | F8: ='R1'!F30 -> 1.0244778 | G8: ='R1'!G30 -> 1.1688483 | H8: ='R1'!H30 -> 1.822115 | J8: ='R1'!J30 -> 1.2272574 | K8: ='R1'!K30 | L8: ='R1'!L30 -> 0.22479338
B9: ='R1'!B31 -> 0 | C9: ='R1'!C31 | D9: ='R1'!D31 -> 0.083238875 | E9: ='R1'!E31 -> 0.012690977 | F9: ='R1'!F31 -> 1.1019276 | G9: ='R1'!G31 -> 1.4066087 | H9: ='R1'!H31 -> 2.2832842 | J9: ='R1'!J31 -> 0.87340507 | K9: ='R1'!K31 | L9: ='R1'!L31 -> 0.010860384
B10: ='R1'!B32 | C10: ='R1'!C32 | D10: ='R1'!D32 -> 0.63114673 | E10: ='R1'!E32 -> 0.059466654 | F10: ='R1'!F32 -> 0.67418477 | G10: ='R1'!G32 | H10: ='R1'!H32 -> 1.4344499 | J10: ='R1'!J32 -> 1.4506491 | K10: ='R1'!K32 | L10: ='R1'!L32 -> 0.075861289
B11: ='R1'!B33 | C11: ='R1'!C33 -> 0.050806379 | D11: ='R1'!D33 -> 0.0291833 | E11: ='R1'!E33 -> 1.2848297 | F11: ='R1'!F33 -> 0.39216731 | G11: ='R1'!G33 -> 1.0366294 | H11: ='R1'!H33 -> 1.6115374 | J11: ='R1'!J33 -> 0.32555243 | K11: ='R1'!K33 | L11: ='R1'!L33 -> 0.13645773
B12: ='R1'!B34 | C12: ='R1'!C34 -> 0 | D12: ='R1'!D34 -> 0.098036519 | E12: ='R1'!E34 -> 0.16217097 | F12: ='R1'!F34 -> 0.974746 | G12: ='R1'!G34 -> 1.3020653 | H12: ='R1'!H34 -> 1.5498027 | J12: ='R1'!J34 -> 1.5221187 | K12: ='R1'!K34 | L12: ='R1'!L34 -> 0.063539829
B13: ='R1'!B35 | C13: ='R1'!C35 -> 0.010979309 | D13: ='R1'!D35 -> 0 | E13: ='R1'!E35 -> 1.0729949 | F13: ='R1'!F35 -> 0.14436623 | G13: ='R1'!G35 -> 0.91468897 | H13: ='R1'!H35 -> 1.4774624 | J13: ='R1'!J35 -> 1.2491268 | K13: ='R1'!K35 | L13: ='R1'!L35 -> 0.0024634426
B14: ='R1'!B36 | C14: ='R1'!C36 | D14: ='R1'!D36 | E14: ='R1'!E36 | F14: ='R1'!F36 | G14: ='R1'!G36 | H14: ='R1'!H36 | J14: ='R1'!J36 | K14: ='R1'!K36 | L14: ='R1'!L36
B15: ='R1'!B37 | C15: ='R1'!C37 | D15: ='R1'!D37 | E15: ='R1'!E37 | F15: ='R1'!F37 | G15: ='R1'!G37 | H15: ='R1'!H37 | J15: ='R1'!J37 | K15: ='R1'!K37 | L15: ='R1'!L37
B16: ='R1'!B38 | C16: ='R1'!C38 | D16: ='R1'!D38 | E16: ='R1'!E38 | F16: ='R1'!F38 | G16: ='R1'!G38 | H16: ='R1'!H38 | J16: ='R1'!J38 | K16: ='R1'!K38 | L16: ='R1'!L38
B17: ='R1'!B39 | C17: ='R1'!C39 | D17: ='R1'!D39 | E17: ='R1'!E39 | F17: ='R1'!F39 | G17: ='R1'!G39 | H17: ='R1'!H39 | J17: ='R1'!J39 | K17: ='R1'!K39 | L17: ='R1'!L39
B18: ='R1'!B40 | C18: ='R1'!C40 | D18: ='R1'!D40 | E18: ='R1'!E40 | F18: ='R1'!F40 | G18: ='R1'!G40 | H18: ='R1'!H40 | J18: ='R1'!J40 | K18: ='R1'!K40 | L18: ='R1'!L40
B19: ='R1'!B41 | C19: ='R1'!C41 | D19: ='R1'!D41 | E19: ='R1'!E41 | F19: ='R1'!F41 | G19: ='R1'!G41 | H19: ='R1'!H41 | J19: ='R1'!J41 | K19: ='R1'!K41 | L19: ='R1'!L41
... B21: ='R1'!B43 | C21: ='R1'!C43 | D21: ='R1'!D43 | E21: ='R1'!E43 | F21: ='R1'!F43 | G21: ='R1'!G43 | H21: ='R1'!H43 | J21: ='R1'!J43 | K21: ='R1'!K43 | L21: ='R1'!L43
A22: Rep2 | B22: ='R2'!B28 -> 0.069891486 | C22: ='R2'!C28 -> 0.13046105 | D22: ='R2'!D28 -> 0.080505785 | E22: ='R2'!E28 -> 0.077336025 | F22: ='R2'!F28 -> 0.15158259 | G22: ='R2'!G28 -> 1.4916072 | H22: ='R2'!H28 -> 1.4510886 | J22: ='R2'!J28 -> 0.93939985 | K22: ='R2'!K28 -> 0.98412826 | L22: ='R2'!L28 -> 0.015737916
A23: Données normalisées sur la moyenne du groupe "Testo" | B23: ='R2'!B29 -> 0.018311195 | C23: ='R2'!C29 -> 0.010621946 | D23: ='R2'!D29 -> 0.0036132969 | E23: ='R2'!E29 -> 0.44984209 | F23: ='R2'!F29 -> 0.11973587 | G23: ='R2'!G29 -> 0.64852753 | H23: ='R2'!H29 -> 0.091208026 | J23: ='R2'!J29 -> 1.3133015 | K23: ='R2'!K29 -> 1.2877293 | L23: ='R2'!L29 -> 0.028566076
B24: ='R2'!B30 -> 0.086948542 | C24: ='R2'!C30 -> 0.24164736 | D24: ='R2'!D30 -> 0.001556203 | E24: ='R2'!E30 -> 0.061468107 | F24: ='R2'!F30 -> 0.12960839 | G24: ='R2'!G30 -> 0.92363134 | H24: ='R2'!H30 -> 1.3783485 | J24: ='R2'!J30 -> 1.2975254 | K24: ='R2'!K30 -> 1.2097548 | L24: ='R2'!L30 -> 0.026065445
B25: ='R2'!B31 -> 0.0051083224 | C25: ='R2'!C31 -> 0.012797571 | D25: ='R2'!D31 -> 0.13420817 | E25: ='R2'!E31 -> 0.69375683 | F25: ='R2'!F31 -> 0.0037547699 | G25: ='R2'!G31 -> 1.2688943 | H25: ='R2'!H31 -> 1.9087767 | J25: ='R2'!J31 -> 0.72983245 | K25: ='R2'!K31 -> 1.0464949 | L25: ='R2'!L31 -> 0.093039528
B26: ='R2'!B32 -> 0.014839371 | C26: ='R2'!C32 -> 0.028883434 | D26: ='R2'!D32 -> 0.10389471 | E26: ='R2'!E32 -> 0.034917066 | F26: ='R2'!F32 | G26: ='R2'!G32 -> 0.9915728 | H26: ='R2'!H32 -> 1.6150367 | J26: ='R2'!J32 -> 0.40628752 | K26: ='R2'!K32 -> 0.71679399 | L26: ='R2'!L32 -> 0.047527281
B27: ='R2'!B33 -> 0.011639022 | C27: ='R2'!C33 -> 0.10389854 | D27: ='R2'!D33 -> 0.057709514 | E27: ='R2'!E33 -> 0.035666491 | F27: ='R2'!F33 -> 0.053182378 | G27: ='R2'!G33 -> 1.1720923 | H27: ='R2'!H33 -> 1.4266482 | J27: ='R2'!J33 -> 1.3064038 | K27: ='R2'!K33 -> 0.69800102 | L27: ='R2'!L33 -> 0.09725313
B28: ='R2'!B34 -> 0.026459275 | C28: ='R2'!C34 -> 0.11923115 | D28: ='R2'!D34 -> 0 | E28: ='R2'!E34 -> 0.035647373 | F28: ='R2'!F34 -> 0.076571306 | G28: ='R2'!G34 -> 1.0340338 | H28: ='R2'!H34 -> 1.0540503 | J28: ='R2'!J34 -> 1.0919919 | K28: ='R2'!K34 -> 1.2451383 | L28: ='R2'!L34 -> 0.16120275
B29: ='R2'!B35 -> 0.10733213 | C29: ='R2'!C35 -> 0.059082184 | D29: ='R2'!D35 -> 0.030753172 | E29: ='R2'!E35 -> 0.23096423 | F29: ='R2'!F35 -> 0 | G29: ='R2'!G35 -> 0.67004672 | H29: ='R2'!H35 -> 1.6861173 | J29: ='R2'!J35 -> 0.91525767 | K29: ='R2'!K35 -> 1.2498451 | L29: ='R2'!L35 -> 0.20915063
B30: ='R2'!B36 | C30: ='R2'!C36 | D30: ='R2'!D36 | E30: ='R2'!E36 | F30: ='R2'!F36 | G30: ='R2'!G36 | H30: ='R2'!H36 | J30: ='R2'!J36 | K30: ='R2'!K36 | L30: ='R2'!L36
B31: ='R2'!B37 | C31: ='R2'!C37 | D31: ='R2'!D37 | E31: ='R2'!E37 | F31: ='R2'!F37 | G31: ='R2'!G37 | H31: ='R2'!H37 | J31: ='R2'!J37 | K31: ='R2'!K37 | L31: ='R2'!L37
B32: ='R2'!B38 | C32: ='R2'!C38 | D32: ='R2'!D38 | E32: ='R2'!E38 | F32: ='R2'!F38 | G32: ='R2'!G38 | H32: ='R2'!H38 | J32: ='R2'!J38 | K32: ='R2'!K38 | L32: ='R2'!L38
B33: ='R2'!B39 | C33: ='R2'!C39 | D33: ='R2'!D39 | E33: ='R2'!E39 | F33: ='R2'!F39 | G33: ='R2'!G39 | H33: ='R2'!H39 | J33: ='R2'!J39 | K33: ='R2'!K39 | L33: ='R2'!L39
B34: ='R2'!B40 | C34: ='R2'!C40 | D34: ='R2'!D40 | E34: ='R2'!E40 | F34: ='R2'!F40 | G34: ='R2'!G40 | H34: ='R2'!H40 | J34: ='R2'!J40 | K34: ='R2'!K40 | L34: ='R2'!L40
B35: ='R2'!B41 | C35: ='R2'!C41 | D35: ='R2'!D41 | E35: ='R2'!E41 | F35: ='R2'!F41 | G35: ='R2'!G41 | H35: ='R2'!H41 | J35: ='R2'!J41 | K35: ='R2'!K41 | L35: ='R2'!L41
... B37: ='R2'!B43 | C37: ='R2'!C43 | D37: ='R2'!D43 | E37: ='R2'!E43 | F37: ='R2'!F43 | G37: ='R2'!G43 | H37: ='R2'!H43 | J37: ='R2'!J43 | K37: ='R2'!K43 | L37: ='R2'!L43
A38: Rep3 | B38: ='R3'!B28 -> 0 | C38: ='R3'!C28 -> 0 | D38: ='R3'!D28 -> 0.036041651 | E38: ='R3'!E28 -> 1.6196306 | F38: ='R3'!F28 -> 0.0070674792 | G38: ='R3'!G28 -> 1.0735152 | H38: ='R3'!H28 -> 1.8334437 | J38: ='R3'!J28 -> 1.0951414 | K38: ='R3'!K28 -> 1.7558884 | L38: ='R3'!L28 -> 0.056209519
A39: Données normalisées sur la moyenne du groupe "Testo" | B39: ='R3'!B29 -> 0 | C39: ='R3'!C29 -> 0.01358028 | D39: ='R3'!D29 -> 0 | E39: ='R3'!E29 | F39: ='R3'!F29 -> 0.096888034 | G39: ='R3'!G29 -> 0.93811749 | H39: ='R3'!H29 -> 1.8545402 | J39: ='R3'!J29 -> 0.80092488 | K39: ='R3'!K29 -> 1.1505719 | L39: ='R3'!L29 -> 0.034115856
B40: ='R3'!B30 -> 0 | C40: ='R3'!C30 -> 0.056695642 | D40: ='R3'!D30 -> 0.049441192 | E40: ='R3'!E30 -> 0.078895255 | F40: ='R3'!F30 -> 0.046256464 | G40: ='R3'!G30 -> 0.0010096399 | H40: ='R3'!H30 -> 2.1748329 | J40: ='R3'!J30 -> 0.89132504 | K40: ='R3'!K30 -> 1.662291 | L40: ='R3'!L30 -> 0.01195987
B41: ='R3'!B31 -> 0 | C41: ='R3'!C31 -> 0 | D41: ='R3'!D31 -> 0.003596063 | E41: ='R3'!E31 -> 0.99415873 | F41: ='R3'!F31 -> 0.037811637 | G41: ='R3'!G31 -> 1.681119 | H41: ='R3'!H31 -> 2.0845449 | J41: ='R3'!J31 -> 1.0024851 | K41: ='R3'!K31 -> 1.9227283 | L41: ='R3'!L31 -> 0.069546737
B42: ='R3'!B32 -> 0 | C42: ='R3'!C32 -> 0.0015518539 | D42: ='R3'!D32 -> 0.055181182 | E42: ='R3'!E32 -> 0 | F42: ='R3'!F32 -> 0.21509069 | G42: ='R3'!G32 -> 1.1941422 | H42: ='R3'!H32 -> 1.7737628 | J42: ='R3'!J32 -> 1.0587819 | K42: ='R3'!K32 -> 1.025844 | L42: ='R3'!L32 -> 0.074756977
B43: ='R3'!B33 -> 0 | C43: ='R3'!C33 -> 0.028693716 | D43: ='R3'!D33 -> 0.0040884183 | E43: ='R3'!E33 -> 0 | F43: ='R3'!F33 -> 0.053411196 | G43: ='R3'!G33 -> 1.3800842 | H43: ='R3'!H33 -> 2.2490725 | J43: ='R3'!J33 -> 1.1275808 | K43: ='R3'!K33 -> 0.61282648 | L43: ='R3'!L33 -> 0.010059005
B44: ='R3'!B34 -> 0.0010034075 | C44: ='R3'!C34 -> 0.016048288 | D44: ='R3'!D34 -> 0.00050481994 | E44: ='R3'!E34 -> 0.002530332 | F44: ='R3'!F34 -> 0.026250637 | G44: ='R3'!G34 -> 1.6487793 | H44: ='R3'!H34 -> 1.6923185 | J44: ='R3'!J34 -> 0.7419669 | K44: ='R3'!K34 -> 1.863415 | L44: ='R3'!L34 -> 0.059867905
B45: ='R3'!B35 -> 0 | C45: ='R3'!C35 -> 0.098527141 | D45: ='R3'!D35 -> 0.08289642 | E45: ='R3'!E35 -> 0.00049858759 | F45: ='R3'!F35 -> 0.030881269 | G45: ='R3'!G35 -> 1.1127416 | H45: ='R3'!H35 -> 1.76725 | J45: ='R3'!J35 -> 1.2817939 | K45: ='R3'!K35 -> 0.98593827 | L45: ='R3'!L35 -> 0.072207948
B46: ='R3'!B36 -> 0 | C46: ='R3'!C36 | D46: ='R3'!D36 | E46: ='R3'!E36 | F46: ='R3'!F36 | G46: ='R3'!G36 | H46: ='R3'!H36 | J46: ='R3'!J36 | K46: ='R3'!K36 | L46: ='R3'!L36
B47: ='R3'!B37 | C47: ='R3'!C37 | D47: ='R3'!D37 | E47: ='R3'!E37 | F47: ='R3'!F37 | G47: ='R3'!G37 | H47: ='R3'!H37 | J47: ='R3'!J37 | K47: ='R3'!K37 | L47: ='R3'!L37
B48: ='R3'!B38 | C48: ='R3'!C38 | D48: ='R3'!D38 | E48: ='R3'!E38 | F48: ='R3'!F38 | G48: ='R3'!G38 | H48: ='R3'!H38 | J48: ='R3'!J38 | K48: ='R3'!K38 | L48: ='R3'!L38
B49: ='R3'!B39 | C49: ='R3'!C39 | D49: ='R3'!D39 | E49: ='R3'!E39 | F49: ='R3'!F39 | G49: ='R3'!G39 | H49: ='R3'!H39 | J49: ='R3'!J39 | K49: ='R3'!K39 | L49: ='R3'!L39
B50: ='R3'!B40 | C50: ='R3'!C40 | D50: ='R3'!D40 | E50: ='R3'!E40 | F50: ='R3'!F40 | G50: ='R3'!G40 | H50: ='R3'!H40 | J50: ='R3'!J40 | K50: ='R3'!K40 | L50: ='R3'!L40
B51: ='R3'!B41 | C51: ='R3'!C41 | D51: ='R3'!D41 | E51: ='R3'!E41 | F51: ='R3'!F41 | G51: ='R3'!G41 | H51: ='R3'!H41 | J51: ='R3'!J41 | K51: ='R3'!K41 | L51: ='R3'!L41
... B53: ='R3'!B43 | C53: ='R3'!C43 | D53: ='R3'!D43 | E53: ='R3'!E43 | F53: ='R3'!F43 | G53: ='R3'!G43 | H53: ='R3'!H43 | J53: ='R3'!J43 | K53: ='R3'!K43 | L53: ='R3'!L43
A55: Nom des groupes | B55: =B4 -> Témoin solvant | C55: =C4 -> EE2-33,8ng/L | D55: =D4 -> EE2-50,6ng/L | E55: =E4 -> EE2-76ng/L | F55: =F4 -> EE2-114ng/L | G55: =G4 -> EE2-170,9ng/L | H55: =H4 -> EE2-488ng/L | J55: =J4 -> Testo -30µg/L | K55: =K4 -> Testo 30µg/L + EE2 -64ng/L | L55: =L4 -> Testo 30µg/L + FAD-10mg/L
A56: Moy. | B56: =AVERAGE(B6:B53) -> 0.018857324 | C56: =AVERAGE(C6:C53) -> 0.045499638 | D56: =AVERAGE(D6:D53) -> 0.064798627 | E56: =AVERAGE(E6:E53) -> 0.31977653 | F56: =AVERAGE(F6:F53) -> 0.26576777 | G56: =AVERAGE(G6:G53) -> 1.1359402 | H56: =AVERAGE(H6:H53) -> 1.6093234 | J56: =AVERAGE(J6:J53) -> 1 | K56: =AVERAGE(K6:K53) -> 1.2135868 | L56: =AVERAGE(L6:L53) -> 0.066476902
A57: SD | B57: =STDEV(B6:B53) -> 0.032048745 | C57: =STDEV(C6:C53) -> 0.060370666 | D57: =STDEV(D6:D53) -> 0.12715991 | E57: =STDEV(E6:E53) -> 0.47495916 | F57: =STDEV(F6:F53) -> 0.3466609 | G57: =STDEV(G6:G53) -> 0.37596705 | H57: =STDEV(H6:H53) -> 0.45815993 | J57: =STDEV(J6:J53) -> 0.3375216 | K57: =STDEV(K6:K53) -> 0.40608411 | L57: =STDEV(L6:L53) -> 0.062149492
A58: SEM | B58: =B57/SQRT(COUNT(B6:B53)) -> 0.0071663173 | C58: =C57/SQRT(COUNT(C6:C53)) -> 0.012871069 | D58: =D57/SQRT(COUNT(D6:D53)) -> 0.025956409 | E58: =E57/SQRT(COUNT(E6:E53)) -> 0.099035832 | F58: =F57/SQRT(COUNT(F6:F53)) -> 0.072283795 | G58: =G57/SQRT(COUNT(G6:G53)) -> 0.078394549 | H58: =H57/SQRT(COUNT(H6:H53)) -> 0.093521505 | J58: =J57/SQRT(COUNT(J6:J53)) -> 0.068896308 | K58: =K57/SQRT(COUNT(K6:K53)) -> 0.10152103 | L58: =L57/SQRT(COUNT(L6:L53)) -> 0.012686212
A60: 9. Expérimentateur 2 : vérifier que le nombre de valeurs est > ou égale à 14. Vérifier que le nombre de valeurs est > ou égale à 27 pour le groupe "Testo".
A62: Nom des groupes | B62: =B4 -> Témoin solvant | C62: =C4 -> EE2-33,8ng/L | D62: =D4 -> EE2-50,6ng/L | E62: =E4 -> EE2-76ng/L | F62: =F4 -> EE2-114ng/L | G62: =G4 -> EE2-170,9ng/L | H62: =H4 -> EE2-488ng/L | J62: =J4 -> Testo -30µg/L | K62: =K4 -> Testo 30µg/L + EE2 -64ng/L | L62: =L4 -> Testo 30µg/L + FAD-10mg/L
A63: Nbre de valeurs | B63: =COUNT(B6:B53) -> 20 | C63: =COUNT(C6:C53) -> 22 | D63: =COUNT(D6:D53) -> 24 | E63: =COUNT(E6:E53) -> 23 | F63: =COUNT(F6:F53) -> 23 | G63: =COUNT(G6:G53) -> 23 | H63: =COUNT(H6:H53) -> 24 | J63: =COUNT(J6:J53) -> 24 | K63: =COUNT(K6:K53) -> 16 | L63: =COUNT(L6:L53) -> 24
B64: =IF(B63>=21,"OK","ATTENTION") -> ATTENTION | C64: =IF(C63>=21,"OK","ATTENTION") -> OK | D64: =IF(D63>=21,"OK","ATTENTION") -> OK | E64: =IF(E63>=21,"OK","ATTENTION") -> OK | F64: =IF(F63>=21,"OK","ATTENTION") -> OK | G64: =IF(G63>=21,"OK","ATTENTION") -> OK | H64: =IF(H63>=21,"OK","ATTENTION") -> OK | J64: =IF(J63>=41,"OK","ATTENTION") -> ATTENTION | K64: =IF(K63>=21,"OK","ATTENTION") -> ATTENTION | L64: =IF(L63>=21,"OK","ATTENTION") -> OK
A65: 10. Expérimentateur 2 : vérifier que le calcul des ratio s'affiche en vert.
B66: Ratio à atteindre
A67: Evian/EE2 488 ng /L >= | B67: 3.5
A68: Evian/Testo + EE2 64 ng/L >= | B68: 2
A69: Evian/ Testo + FAD <= | B69: 0.5
A70: 11. Expérimentateur 2 : vérifier les valeurs des écarts type. En cas de valeur abbéantes ou incohérent, consulter le référent test.
A72: 12. Expérimentateur 2 : réaliser les tests statistiques avec les données du pool et renseigner les résultats ainsi que le test statistique utilisé dans le tableau violet.
A74: Noms des groupes | B74: =B4 -> Témoin solvant | C74: =C4 -> EE2-33,8ng/L | D74: =D4 -> EE2-50,6ng/L | E74: =E4 -> EE2-76ng/L | F74: =F4 -> EE2-114ng/L | G74: =G4 -> EE2-170,9ng/L | H74: =H4 -> EE2-488ng/L | J74: =J4 -> Testo -30µg/L | K74: =K4 -> Testo 30µg/L + EE2 -64ng/L | L74: =L4 -> Testo 30µg/L + FAD-10mg/L
A75: Mean | B75: =B56 -> 0.018857324 | C75: =C56 -> 0.045499638 | D75: =D56 -> 0.064798627 | E75: =E56 -> 0.31977653 | F75: =F56 -> 0.26576777 | G75: =G56 -> 1.1359402 | H75: =H56 -> 1.6093234 | J75: =J56 -> 1 | K75: =K56 -> 1.2135868 | L75: =L56 -> 0.066476902
A76: SEM | B76: =B58 -> 0.0071663173 | C76: =C58 -> 0.012871069 | D76: =D58 -> 0.025956409 | E76: =E58 -> 0.099035832 | F76: =F58 -> 0.072283795 | G76: =G58 -> 0.078394549 | H76: =H58 -> 0.093521505 | J76: =J58 -> 0.068896308 | K76: =K58 -> 0.10152103 | L76: =L58 -> 0.012686212
A77: % induction | B77: =(B75*100/$B$75)-100 -> 0 | C77: =(C75*100/$B$75)-100 -> 141.28364 | D77: =(D75*100/$B$75)-100 -> 243.62578 | E77: =(E75*100/$B$75)-100 -> 1595.7683 | F77: =(F75*100/$B$75)-100 -> 1309.361 | G77: =(G75*100/$B$75)-100 -> 5923.8675 | H77: =(H75*100/$B$75)-100 -> 8434.2085 | J77: =(J75*100/$J$75)-100 -> 0 | K77: =(K75*100/$J$75)-100 -> 21.358682 | L77: =(L75*100/$J$75)-100 -> -93.35231
A78: Test de normalité : valeur du p | B78: =[2]!DPTEST(B6:B53) -> 0.00065831216 | C78: =[2]!DPTEST(C6:C53) -> 9.7071407e-05 | D78: =[2]!DPTEST(D6:D53) -> 5.5332405e-12 | E78: =[2]!DPTEST(E6:E53) -> 0.0026849971 | F78: =[2]!DPTEST(F6:F53) -> 0.0056007671 | G78: =[2]!DPTEST(G6:G53) -> 0.0097186388 | H78: =[2]!DPTEST(H6:H53) -> 0.00051735493 | J78: =[2]!DPTEST(J6:J53) -> 0.20611193 | K78: =[2]!DPTEST(K6:K53) -> 0.62774753 | L78: =[2]!DPTEST(L6:L53) -> 0.014526336
A79: Test de normalité : résultat normal? | B79: =IF(B78>0.05,"Oui","Non") -> Non | C79: =IF(C78>0.05,"Oui","Non") -> Non | D79: =IF(D78>0.05,"Oui","Non") -> Non | E79: =IF(E78>0.05,"Oui","Non") -> Non | F79: =IF(F78>0.05,"Oui","Non") -> Non | G79: =IF(G78>0.05,"Oui","Non") -> Non | H79: =IF(H78>0.05,"Oui","Non") -> Non | J79: =IF(J78>0.05,"Oui","Non") -> Oui | K79: =IF(K78>0.05,"Oui","Non") -> Oui | L79: =IF(L78>0.05,"Oui","Non") -> Non
A80: Tous les groupes du gamme sont normale? | B80: =IF(COUNTIF(B79:H79, "Non")=0, "Oui","Non") -> Non
A81: Test statistique utilisé | C81: Kruskal-Wallis | D81: Kruskal-Wallis | E81: Kruskal-Wallis | F81: Kruskal-Wallis | G81: Kruskal-Wallis | H81: Kruskal-Wallis | J81: MW | K81: T-Test Welch | L81: MW
A82: Test statistique : valeur du p | C82: >0,99 | D82: 0.98 | E82: 0.02 | F82: 0.006 | G82: <0,001 | H82: <0,001 | J82: <0,001 | K82: 0.09 | L82: <0,001
A83: Annotation | C83: ns | D83: ns | E83: * | F83: ** | G83: *** | H83: *** | J83: *** | K83: NS | L83: ***
A85: Eléments pour la mise en forme conditionnelles des résutats - calcul équivalent hormonal (eqH)
A86: LOD | B86: =B56+(3*B57) -> 0.11500356
A87: LOQ | B87: =B56+(10*B57) -> 0.33934478
A89: 13. Expérimentateur 2 : masquer les colonnes de la feuille R1 et R2 correspondant au groupe des échantilons n'ayant été lu que sur le réplica 1.
A91: 14. Expérimentateur 2 : vérifier la cohérence des deux réplicas et des réplicas avec le pool à l'aide des graphiques "Graph". En cas de divergences consulter le référent test.
A93: 15. Expérimentateur 2 : réaliser le calcul de l'équivalent hormonal (eqh) à l'aide du logiciel et PRISM. Seules les moyennes des témoins, des échantillons non dopées apparraissant en vert et les moyennes des échantillons dopées étant statiquement différentes des témoins (*, **, ***) pourrons être calculées en eqh. Se reporter à l'onglet "summary results".

Sheet summary results
A1: 16. Expérimentateur 2 : copier et coller les résultats obtenus dans prisme selon l'ordre défini.
A2: 17. Expérimentateur 2:
B5: ng/L EE2 | C5: upper limit | D5: lower limit | E5: Valeur fluo extrapolée | F5: Résultat stat si NS | G5: EqH - testo | H5: Dilution | I5: EqH Extrapolation à 100% | J5: Valeur du seuil de référence | K5: % atteinte du seuil | L5: Numéro ligne | M5: Valeur échelle | N5: Etiquette
A6: EE2 64ng/L | B6: 64 | G6: =IF(F6="NS","NC",ROUND(B6,2-(1+INT(LOG10(ABS(B6)))))) -> 64
A7: ='Page de garde'!A15 | F7: =HLOOKUP(A7,'pooled normalised values'!$B$74:$L$83,10,FALSE) -> #N/A | G7: =IF(F7="NS","NC",ROUND(B7,2-(1+INT(LOG10(ABS(B7)))))) -> #N/A | H7: =IF(VLOOKUP(A7,liste_groupe[],4,FALSE)="%",VLOOKUP(A7,liste_groupe[],3,FALSE)/100,IF(ISBLANK(VLOOKUP(A7,liste_groupe[],4,FALSE)),"Non","Non")) -> Non | I7: =IF(F7="NS","NC",IF(H7="Non",G7,G7*(1/H7))) -> #N/A | J7: 64 | K7: =IF(F7="NS",0,ROUND(I7/J7*100,0)) -> #N/A | L7: 1 | M7: =IF(K7>100,125,K7) -> #N/A | N7: =IF(H7="Non",CONCATENATE(VLOOKUP(A7,liste_groupe[],5,FALSE),"-",VLOOKUP(A7,liste_groupe[],3,FALSE),VLOOKUP(A7,liste_groupe[],4,FALSE)," : ",ROUND(K7,0),"%"),CONCATENATE(VLOOKUP(A7,liste_groupe[],5,FALSE)," : ",ROUND(K7,0),"%")) -> #N/A
A8: ='Page de garde'!A16 | F8: =HLOOKUP(A8,'pooled normalised values'!$B$74:$L$83,10,FALSE) -> #N/A | G8: =IF(F8="NS","NC",ROUND(B8,2-(1+INT(LOG10(ABS(B8)))))) -> #N/A | H8: =IF(VLOOKUP(A8,liste_groupe[],4,FALSE)="%",VLOOKUP(A8,liste_groupe[],3,FALSE)/100,IF(ISBLANK(VLOOKUP(A8,liste_groupe[],4,FALSE)),"Non","Non")) -> Non | I8: =IF(F8="NS","NC",IF(H8="Non",G8,G8*(1/H8))) -> #N/A | J8: 64 | K8: =IF(F8="NS",0,ROUND(I8/J8*100,0)) -> #N/A | M8: =IF(K8>100,125,K8) -> #N/A | N8: =IF(H8="Non",CONCATENATE(VLOOKUP(A8,liste_groupe[],5,FALSE),"-",VLOOKUP(A8,liste_groupe[],3,FALSE),VLOOKUP(A8,liste_groupe[],4,FALSE)," : ",ROUND(K8,0),"%"),CONCATENATE(VLOOKUP(A8,liste_groupe[],5,FALSE)," : ",ROUND(K8,0),"%")) -> #N/A
A9: ='Page de garde'!A17 | F9: =HLOOKUP(A9,'pooled normalised values'!$B$74:$L$83,10,FALSE) -> #N/A | G9: =IF(F9="NS","NC",ROUND(B9,2-(1+INT(LOG10(ABS(B9)))))) -> #N/A | H9: =IF(VLOOKUP(A9,liste_groupe[],4,FALSE)="%",VLOOKUP(A9,liste_groupe[],3,FALSE)/100,IF(ISBLANK(VLOOKUP(A9,liste_groupe[],4,FALSE)),"Non","Non")) -> Non | I9: =IF(F9="NS","NC",IF(H9="Non",G9,G9*(1/H9))) -> #N/A | J9: 64 | K9: =IF(F9="NS",0,ROUND(I9/J9*100,0)) -> #N/A | M9: =IF(K9>100,125,K9) -> #N/A | N9: =IF(H9="Non",CONCATENATE(VLOOKUP(A9,liste_groupe[],5,FALSE),"-",VLOOKUP(A9,liste_groupe[],3,FALSE),VLOOKUP(A9,liste_groupe[],4,FALSE)," : ",ROUND(K9,0),"%"),CONCATENATE(VLOOKUP(A9,liste_groupe[],5,FALSE)," : ",ROUND(K9,0),"%")) -> #N/A
A10: ='Page de garde'!A18 | F10: =HLOOKUP(A10,'pooled normalised values'!$B$74:$L$83,10,FALSE) -> #N/A | G10: =IF(F10="NS","NC",ROUND(B10,2-(1+INT(LOG10(ABS(B10)))))) -> #N/A | H10: =IF(VLOOKUP(A10,liste_groupe[],4,FALSE)="%",VLOOKUP(A10,liste_groupe[],3,FALSE)/100,IF(ISBLANK(VLOOKUP(A10,liste_groupe[],4,FALSE)),"Non","Non")) -> Non | I10: =IF(F10="NS","NC",IF(H10="Non",G10,G10*(1/H10))) -> #N/A | J10: 64 | K10: =IF(F10="NS",0,ROUND(I10/J10*100,0)) -> #N/A | M10: =IF(K10>100,125,K10) -> #N/A | N10: =IF(H10="Non",CONCATENATE(VLOOKUP(A10,liste_groupe[],5,FALSE),"-",VLOOKUP(A10,liste_groupe[],3,FALSE),VLOOKUP(A10,liste_groupe[],4,FALSE)," : ",ROUND(K10,0),"%"),CONCATENATE(VLOOKUP(A10,liste_groupe[],5,FALSE)," : ",ROUND(K10,0),"%")) -> #N/A
A11: ='Page de garde'!A19 | F11: =HLOOKUP(A11,'pooled normalised values'!$B$74:$L$83,10,FALSE) -> #N/A | G11: =IF(F11="NS","NC",ROUND(B11,2-(1+INT(LOG10(ABS(B11)))))) -> #N/A | H11: =IF(VLOOKUP(A11,liste_groupe[],4,FALSE)="%",VLOOKUP(A11,liste_groupe[],3,FALSE)/100,IF(ISBLANK(VLOOKUP(A11,liste_groupe[],4,FALSE)),"Non","Non")) -> Non | I11: =IF(F11="NS","NC",IF(H11="Non",G11,G11*(1/H11))) -> #N/A | J11: 64 | K11: =IF(F11="NS",0,ROUND(I11/J11*100,0)) -> #N/A | M11: =IF(K11>100,125,K11) -> #N/A | N11: =IF(H11="Non",CONCATENATE(VLOOKUP(A11,liste_groupe[],5,FALSE),"-",VLOOKUP(A11,liste_groupe[],3,FALSE),VLOOKUP(A11,liste_groupe[],4,FALSE)," : ",ROUND(K11,0),"%"),CONCATENATE(VLOOKUP(A11,liste_groupe[],5,FALSE)," : ",ROUND(K11,0),"%")) -> #N/A
A12: ='Page de garde'!A20 | F12: =HLOOKUP(A12,'pooled normalised values'!$B$74:$L$83,10,FALSE) -> #N/A | G12: =IF(F12="NS","NC",ROUND(B12,2-(1+INT(LOG10(ABS(B12)))))) -> #N/A | H12: =IF(VLOOKUP(A12,liste_groupe[],4,FALSE)="%",VLOOKUP(A12,liste_groupe[],3,FALSE)/100,IF(ISBLANK(VLOOKUP(A12,liste_groupe[],4,FALSE)),"Non","Non")) -> Non | I12: =IF(F12="NS","NC",IF(H12="Non",G12,G12*(1/H12))) -> #N/A | J12: 64 | K12: =IF(F12="NS",0,ROUND(I12/J12*100,0)) -> #N/A | M12: =IF(K12>100,125,K12) -> #N/A | N12: =IF(H12="Non",CONCATENATE(VLOOKUP(A12,liste_groupe[],5,FALSE),"-",VLOOKUP(A12,liste_groupe[],3,FALSE),VLOOKUP(A12,liste_groupe[],4,FALSE)," : ",ROUND(K12,0),"%"),CONCATENATE(VLOOKUP(A12,liste_groupe[],5,FALSE)," : ",ROUND(K12,0),"%")) -> #N/A
A13: ='Page de garde'!A21 | F13: =HLOOKUP(A13,'pooled normalised values'!$B$74:$L$83,10,FALSE) -> #N/A | G13: =IF(F13="NS","NC",ROUND(B13,2-(1+INT(LOG10(ABS(B13)))))) -> #N/A | H13: =IF(VLOOKUP(A13,liste_groupe[],4,FALSE)="%",VLOOKUP(A13,liste_groupe[],3,FALSE)/100,IF(ISBLANK(VLOOKUP(A13,liste_groupe[],4,FALSE)),"Non","Non")) -> Non | I13: =IF(F13="NS","NC",IF(H13="Non",G13,G13*(1/H13))) -> #N/A | J13: 64 | K13: =IF(F13="NS",0,ROUND(I13/J13*100,0)) -> #N/A | M13: =IF(K13>100,125,K13) -> #N/A | N13: =IF(H13="Non",CONCATENATE(VLOOKUP(A13,liste_groupe[],5,FALSE),"-",VLOOKUP(A13,liste_groupe[],3,FALSE),VLOOKUP(A13,liste_groupe[],4,FALSE)," : ",ROUND(K13,0),"%"),CONCATENATE(VLOOKUP(A13,liste_groupe[],5,FALSE)," : ",ROUND(K13,0),"%")) -> #N/A
A14: ='Page de garde'!A22 | F14: =HLOOKUP(A14,'pooled normalised values'!$B$74:$L$83,10,FALSE) -> #N/A | G14: =IF(F14="NS","NC",ROUND(B14,2-(1+INT(LOG10(ABS(B14)))))) -> #N/A | H14: =IF(VLOOKUP(A14,liste_groupe[],4,FALSE)="%",VLOOKUP(A14,liste_groupe[],3,FALSE)/100,IF(ISBLANK(VLOOKUP(A14,liste_groupe[],4,FALSE)),"Non","Non")) -> Non | I14: =IF(F14="NS","NC",IF(H14="Non",G14,G14*(1/H14))) -> #N/A | J14: 64 | K14: =IF(F14="NS",0,ROUND(I14/J14*100,0)) -> #N/A | M14: =IF(K14>100,125,K14) -> #N/A | N14: =IF(H14="Non",CONCATENATE(VLOOKUP(A14,liste_groupe[],5,FALSE),"-",VLOOKUP(A14,liste_groupe[],3,FALSE),VLOOKUP(A14,liste_groupe[],4,FALSE)," : ",ROUND(K14,0),"%"),CONCATENATE(VLOOKUP(A14,liste_groupe[],5,FALSE)," : ",ROUND(K14,0),"%")) -> #N/A
A15: ='Page de garde'!A23 | F15: =HLOOKUP(A15,'pooled normalised values'!$B$74:$L$83,10,FALSE) -> #N/A | G15: =IF(F15="NS","NC",ROUND(B15,2-(1+INT(LOG10(ABS(B15)))))) -> #N/A | H15: =IF(VLOOKUP(A15,liste_groupe[],4,FALSE)="%",VLOOKUP(A15,liste_groupe[],3,FALSE)/100,IF(ISBLANK(VLOOKUP(A15,liste_groupe[],4,FALSE)),"Non","Non")) -> Non | I15: =IF(F15="NS","NC",IF(H15="Non",G15,G15*(1/H15))) -> #N/A | J15: 64 | K15: =IF(F15="NS",0,ROUND(I15/J15*100,0)) -> #N/A | M15: =IF(K15>100,125,K15) -> #N/A | N15: =IF(H15="Non",CONCATENATE(VLOOKUP(A15,liste_groupe[],5,FALSE),"-",VLOOKUP(A15,liste_groupe[],3,FALSE),VLOOKUP(A15,liste_groupe[],4,FALSE)," : ",ROUND(K15,0),"%"),CONCATENATE(VLOOKUP(A15,liste_groupe[],5,FALSE)," : ",ROUND(K15,0),"%")) -> #N/A
A16: ='Page de garde'!A24 | F16: =HLOOKUP(A16,'pooled normalised values'!$B$74:$L$83,10,FALSE) -> #N/A | G16: =IF(F16="NS","NC",ROUND(B16,2-(1+INT(LOG10(ABS(B16)))))) -> #N/A | H16: =IF(VLOOKUP(A16,liste_groupe[],4,FALSE)="%",VLOOKUP(A16,liste_groupe[],3,FALSE)/100,IF(ISBLANK(VLOOKUP(A16,liste_groupe[],4,FALSE)),"Non","Non")) -> Non | I16: =IF(F16="NS","NC",IF(H16="Non",G16,G16*(1/H16))) -> #N/A | J16: 64 | K16: =IF(F16="NS",0,ROUND(I16/J16*100,0)) -> #N/A | M16: =IF(K16>100,125,K16) -> #N/A | N16: =IF(H16="Non",CONCATENATE(VLOOKUP(A16,liste_groupe[],5,FALSE),"-",VLOOKUP(A16,liste_groupe[],3,FALSE),VLOOKUP(A16,liste_groupe[],4,FALSE)," : ",ROUND(K16,0),"%"),CONCATENATE(VLOOKUP(A16,liste_groupe[],5,FALSE)," : ",ROUND(K16,0),"%")) -> #N/A
A17: ='Page de garde'!A25 | F17: =HLOOKUP(A17,'pooled normalised values'!$B$74:$L$83,10,FALSE) -> #N/A | G17: =IF(F17="NS","NC",ROUND(B17,2-(1+INT(LOG10(ABS(B17)))))) -> #N/A | H17: =IF(VLOOKUP(A17,liste_groupe[],4,FALSE)="%",VLOOKUP(A17,liste_groupe[],3,FALSE)/100,IF(ISBLANK(VLOOKUP(A17,liste_groupe[],4,FALSE)),"Non","Non")) -> Non | I17: =IF(F17="NS","NC",IF(H17="Non",G17,G17*(1/H17))) -> #N/A | J17: 64 | K17: =IF(F17="NS",0,ROUND(I17/J17*100,0)) -> #N/A | M17: =IF(K17>100,125,K17) -> #N/A | N17: =IF(H17="Non",CONCATENATE(VLOOKUP(A17,liste_groupe[],5,FALSE),"-",VLOOKUP(A17,liste_groupe[],3,FALSE),VLOOKUP(A17,liste_groupe[],4,FALSE)," : ",ROUND(K17,0),"%"),CONCATENATE(VLOOKUP(A17,liste_groupe[],5,FALSE)," : ",ROUND(K17,0),"%")) -> #N/A
A18: ='Page de garde'!A26 | F18: =HLOOKUP(A18,'pooled normalised values'!$B$74:$L$83,10,FALSE) -> #N/A | G18: =IF(F18="NS","NC",ROUND(B18,2-(1+INT(LOG10(ABS(B18)))))) -> #N/A | H18: =IF(VLOOKUP(A18,liste_groupe[],4,FALSE)="%",VLOOKUP(A18,liste_groupe[],3,FALSE)/100,IF(ISBLANK(VLOOKUP(A18,liste_groupe[],4,FALSE)),"Non","Non")) -> Non | I18: =IF(F18="NS","NC",IF(H18="Non",G18,G18*(1/H18))) -> #N/A | J18: 64 | K18: =IF(F18="NS",0,ROUND(I18/J18*100,0)) -> #N/A | M18: =IF(K18>100,125,K18) -> #N/A | N18: =IF(H18="Non",CONCATENATE(VLOOKUP(A18,liste_groupe[],5,FALSE),"-",VLOOKUP(A18,liste_groupe[],3,FALSE),VLOOKUP(A18,liste_groupe[],4,FALSE)," : ",ROUND(K18,0),"%"),CONCATENATE(VLOOKUP(A18,liste_groupe[],5,FALSE)," : ",ROUND(K18,0),"%")) -> #N/A
A19: ='Page de garde'!A27 | F19: =HLOOKUP(A19,'pooled normalised values'!$B$74:$L$83,10,FALSE) -> #N/A | G19: =IF(F19="NS","NC",ROUND(B19,2-(1+INT(LOG10(ABS(B19)))))) -> #N/A | H19: =IF(VLOOKUP(A19,liste_groupe[],4,FALSE)="%",VLOOKUP(A19,liste_groupe[],3,FALSE)/100,IF(ISBLANK(VLOOKUP(A19,liste_groupe[],4,FALSE)),"Non","Non")) -> Non | I19: =IF(F19="NS","NC",IF(H19="Non",G19,G19*(1/H19))) -> #N/A | J19: 64 | K19: =IF(F19="NS",0,ROUND(I19/J19*100,0)) -> #N/A | M19: =IF(K19>100,125,K19) -> #N/A | N19: =IF(H19="Non",CONCATENATE(VLOOKUP(A19,liste_groupe[],5,FALSE),"-",VLOOKUP(A19,liste_groupe[],3,FALSE),VLOOKUP(A19,liste_groupe[],4,FALSE)," : ",ROUND(K19,0),"%"),CONCATENATE(VLOOKUP(A19,liste_groupe[],5,FALSE)," : ",ROUND(K19,0),"%")) -> #N/A
... A26: ='Page de garde'!A34 | F26: =HLOOKUP(A26,'pooled normalised values'!$B$74:$L$83,10,FALSE) -> #N/A | G26: =IF(F26="NS","NC",ROUND(B26,2-(1+INT(LOG10(ABS(B26)))))) -> #N/A | H26: =IF(VLOOKUP(A26,liste_groupe[],4,FALSE)="%",VLOOKUP(A26,liste_groupe[],3,FALSE)/100,IF(ISBLANK(VLOOKUP(A26,liste_groupe[],4,FALSE)),"Non","Non")) -> Non | I26: =IF(F26="NS","NC",IF(H26="Non",G26,G26*(1/H26))) -> #N/A | J26: 64 | K26: =IF(F26="NS",0,ROUND(I26/J26*100,0)) -> #N/A | M26: =IF(K26>100,125,K26) -> #N/A | N26: =IF(H26="Non",CONCATENATE(VLOOKUP(A26,liste_groupe[],5,FALSE),"-",VLOOKUP(A26,liste_groupe[],3,FALSE),VLOOKUP(A26,liste_groupe[],4,FALSE)," : ",ROUND(K26,0),"%"),CONCATENATE(VLOOKUP(A26,liste_groupe[],5,FALSE)," : ",ROUND(K26,0),"%")) -> #N/A
B28: ng/L EE2 | C28: upper limit | D28: lower limit | E28: Valeur fluo extrapolée | F28: Résultat stat si NS | G28: EqH - testo | H28: Dilution | I28: EqH Extrapolation à 100% | J28: Valeur du seuil de référence | K28: % atteinte du seuil | L28: Numéro ligne | M28: Valeur échelle | N28: Etiquette
A29: Testosterone
A30: Testo+ EE2 | G30: =IF(F30="NS","NC",ROUND(B30-$B$29,2-(1+INT(LOG10(ABS(B30-$B$29)))))) -> #NUM!
A31: Testo+ Fad | G31: =IF(F31="NS","NC",ROUND(B31-$B$29,2-(1+INT(LOG10(ABS(B31-$B$29)))))) -> #NUM!
A32: ='Page de garde'!A39 -> 0-00 + Testostérone | F32: =HLOOKUP(A32,'pooled normalised values'!$B$74:$L$83,10,FALSE) -> #N/A | G32: =IF(F32="NS","NC",ROUND(B32-$B$29,2-(1+INT(LOG10(ABS(B32-$B$29)))))) -> #N/A | H32: =IF(VLOOKUP(A32,liste_groupe[],4,FALSE)="%",VLOOKUP(A32,liste_groupe[],3,FALSE)/100,IF(ISBLANK(VLOOKUP(A32,liste_groupe[],4,FALSE)),"Non","Non")) -> Non | I32: =IF(F32="NS","NC",IF(H32="Non",G32,G32*(1/H32))) -> #N/A | J32: =IF(G32<0,$G$31,$G$30) -> #N/A | K32: =IF(F32="NS",0,IF(I32<0,-ROUND(I32/J32*100,0),ROUND(I32/J32*100,0))) -> #N/A | L32: 1 | M32: =IF(I32<0,IF(K32<-100,-125,K32),IF(K32>100,125,K32)) -> #N/A | N32: =IF(H32="Non",CONCATENATE(VLOOKUP(A32,liste_groupe[],5,FALSE),"-",VLOOKUP(A32,liste_groupe[],3,FALSE),VLOOKUP(A32,liste_groupe[],4,FALSE)," : ",ROUND(K32,0),"%"),CONCATENATE(VLOOKUP(A32,liste_groupe[],5,FALSE)," : ",ROUND(K32,0),"%")) -> #N/A
A33: ='Page de garde'!A40 -> 0-00 + Testostérone | F33: =HLOOKUP(A33,'pooled normalised values'!$B$74:$L$83,10,FALSE) -> #N/A | G33: =IF(F33="NS","NC",ROUND(B33-$B$29,2-(1+INT(LOG10(ABS(B33-$B$29)))))) -> #N/A | H33: =IF(VLOOKUP(A33,liste_groupe[],4,FALSE)="%",VLOOKUP(A33,liste_groupe[],3,FALSE)/100,IF(ISBLANK(VLOOKUP(A33,liste_groupe[],4,FALSE)),"Non","Non")) -> Non | I33: =IF(F33="NS","NC",IF(H33="Non",G33,G33*(1/H33))) -> #N/A | J33: =IF(G33<0,$G$31,$G$30) -> #N/A | K33: =IF(F33="NS",0,IF(I33<0,-ROUND(I33/J33*100,0),ROUND(I33/J33*100,0))) -> #N/A | M33: =IF(I33<0,IF(K33<-100,-125,K33),IF(K33>100,125,K33)) -> #N/A | N33: =IF(H33="Non",CONCATENATE(VLOOKUP(A33,liste_groupe[],5,FALSE),"-",VLOOKUP(A33,liste_groupe[],3,FALSE),VLOOKUP(A33,liste_groupe[],4,FALSE)," : ",ROUND(K33,0),"%"),CONCATENATE(VLOOKUP(A33,liste_groupe[],5,FALSE)," : ",ROUND(K33,0),"%")) -> #N/A
A34: ='Page de garde'!A41 -> 0-00 + Testostérone | F34: =HLOOKUP(A34,'pooled normalised values'!$B$74:$L$83,10,FALSE) -> #N/A | G34: =IF(F34="NS","NC",ROUND(B34-$B$29,2-(1+INT(LOG10(ABS(B34-$B$29)))))) -> #N/A | H34: =IF(VLOOKUP(A34,liste_groupe[],4,FALSE)="%",VLOOKUP(A34,liste_groupe[],3,FALSE)/100,IF(ISBLANK(VLOOKUP(A34,liste_groupe[],4,FALSE)),"Non","Non")) -> Non | I34: =IF(F34="NS","NC",IF(H34="Non",G34,G34*(1/H34))) -> #N/A | J34: =IF(G34<0,$G$31,$G$30) -> #N/A | K34: =IF(F34="NS",0,IF(I34<0,-ROUND(I34/J34*100,0),ROUND(I34/J34*100,0))) -> #N/A | M34: =IF(I34<0,IF(K34<-100,-125,K34),IF(K34>100,125,K34)) -> #N/A | N34: =IF(H34="Non",CONCATENATE(VLOOKUP(A34,liste_groupe[],5,FALSE),"-",VLOOKUP(A34,liste_groupe[],3,FALSE),VLOOKUP(A34,liste_groupe[],4,FALSE)," : ",ROUND(K34,0),"%"),CONCATENATE(VLOOKUP(A34,liste_groupe[],5,FALSE)," : ",ROUND(K34,0),"%")) -> #N/A
A35: ='Page de garde'!A42 -> 0-00 + Testostérone | F35: =HLOOKUP(A35,'pooled normalised values'!$B$74:$L$83,10,FALSE) -> #N/A | G35: =IF(F35="NS","NC",ROUND(B35-$B$29,2-(1+INT(LOG10(ABS(B35-$B$29)))))) -> #N/A | H35: =IF(VLOOKUP(A35,liste_groupe[],4,FALSE)="%",VLOOKUP(A35,liste_groupe[],3,FALSE)/100,IF(ISBLANK(VLOOKUP(A35,liste_groupe[],4,FALSE)),"Non","Non")) -> Non | I35: =IF(F35="NS","NC",IF(H35="Non",G35,G35*(1/H35))) -> #N/A | J35: =IF(G35<0,$G$31,$G$30) -> #N/A | K35: =IF(F35="NS",0,IF(I35<0,-ROUND(I35/J35*100,0),ROUND(I35/J35*100,0))) -> #N/A | M35: =IF(I35<0,IF(K35<-100,-125,K35),IF(K35>100,125,K35)) -> #N/A | N35: =IF(H35="Non",CONCATENATE(VLOOKUP(A35,liste_groupe[],5,FALSE),"-",VLOOKUP(A35,liste_groupe[],3,FALSE),VLOOKUP(A35,liste_groupe[],4,FALSE)," : ",ROUND(K35,0),"%"),CONCATENATE(VLOOKUP(A35,liste_groupe[],5,FALSE)," : ",ROUND(K35,0),"%")) -> #N/A
A36: ='Page de garde'!A43 -> 0-00 + Testostérone | F36: =HLOOKUP(A36,'pooled normalised values'!$B$74:$L$83,10,FALSE) -> #N/A | G36: =IF(F36="NS","NC",ROUND(B36-$B$29,2-(1+INT(LOG10(ABS(B36-$B$29)))))) -> #N/A | H36: =IF(VLOOKUP(A36,liste_groupe[],4,FALSE)="%",VLOOKUP(A36,liste_groupe[],3,FALSE)/100,IF(ISBLANK(VLOOKUP(A36,liste_groupe[],4,FALSE)),"Non","Non")) -> Non | I36: =IF(F36="NS","NC",IF(H36="Non",G36,G36*(1/H36))) -> #N/A | J36: =IF(G36<0,$G$31,$G$30) -> #N/A | K36: =IF(F36="NS",0,IF(I36<0,-ROUND(I36/J36*100,0),ROUND(I36/J36*100,0))) -> #N/A | M36: =IF(I36<0,IF(K36<-100,-125,K36),IF(K36>100,125,K36)) -> #N/A | N36: =IF(H36="Non",CONCATENATE(VLOOKUP(A36,liste_groupe[],5,FALSE),"-",VLOOKUP(A36,liste_groupe[],3,FALSE),VLOOKUP(A36,liste_groupe[],4,FALSE)," : ",ROUND(K36,0),"%"),CONCATENATE(VLOOKUP(A36,liste_groupe[],5,FALSE)," : ",ROUND(K36,0),"%")) -> #N/A
A37: ='Page de garde'!A44 -> 0-00 + Testostérone | F37: =HLOOKUP(A37,'pooled normalised values'!$B$74:$L$83,10,FALSE) -> #N/A | G37: =IF(F37="NS","NC",ROUND(B37-$B$29,2-(1+INT(LOG10(ABS(B37-$B$29)))))) -> #N/A | H37: =IF(VLOOKUP(A37,liste_groupe[],4,FALSE)="%",VLOOKUP(A37,liste_groupe[],3,FALSE)/100,IF(ISBLANK(VLOOKUP(A37,liste_groupe[],4,FALSE)),"Non","Non")) -> Non | I37: =IF(F37="NS","NC",IF(H37="Non",G37,G37*(1/H37))) -> #N/A | J37: =IF(G37<0,$G$31,$G$30) -> #N/A | K37: =IF(F37="NS",0,IF(I37<0,-ROUND(I37/J37*100,0),ROUND(I37/J37*100,0))) -> #N/A | M37: =IF(I37<0,IF(K37<-100,-125,K37),IF(K37>100,125,K37)) -> #N/A | N37: =IF(H37="Non",CONCATENATE(VLOOKUP(A37,liste_groupe[],5,FALSE),"-",VLOOKUP(A37,liste_groupe[],3,FALSE),VLOOKUP(A37,liste_groupe[],4,FALSE)," : ",ROUND(K37,0),"%"),CONCATENATE(VLOOKUP(A37,liste_groupe[],5,FALSE)," : ",ROUND(K37,0),"%")) -> #N/A
A38: ='Page de garde'!A45 -> 0-00 + Testostérone | F38: =HLOOKUP(A38,'pooled normalised values'!$B$74:$L$83,10,FALSE) -> #N/A | G38: =IF(F38="NS","NC",ROUND(B38-$B$29,2-(1+INT(LOG10(ABS(B38-$B$29)))))) -> #N/A | H38: =IF(VLOOKUP(A38,liste_groupe[],4,FALSE)="%",VLOOKUP(A38,liste_groupe[],3,FALSE)/100,IF(ISBLANK(VLOOKUP(A38,liste_groupe[],4,FALSE)),"Non","Non")) -> Non | I38: =IF(F38="NS","NC",IF(H38="Non",G38,G38*(1/H38))) -> #N/A | J38: =IF(G38<0,$G$31,$G$30) -> #N/A | K38: =IF(F38="NS",0,IF(I38<0,-ROUND(I38/J38*100,0),ROUND(I38/J38*100,0))) -> #N/A | M38: =IF(I38<0,IF(K38<-100,-125,K38),IF(K38>100,125,K38)) -> #N/A | N38: =IF(H38="Non",CONCATENATE(VLOOKUP(A38,liste_groupe[],5,FALSE),"-",VLOOKUP(A38,liste_groupe[],3,FALSE),VLOOKUP(A38,liste_groupe[],4,FALSE)," : ",ROUND(K38,0),"%"),CONCATENATE(VLOOKUP(A38,liste_groupe[],5,FALSE)," : ",ROUND(K38,0),"%")) -> #N/A
A39: ='Page de garde'!A46 -> 0-00 + Testostérone | F39: =HLOOKUP(A39,'pooled normalised values'!$B$74:$L$83,10,FALSE) -> #N/A | G39: =IF(F39="NS","NC",ROUND(B39-$B$29,2-(1+INT(LOG10(ABS(B39-$B$29)))))) -> #N/A | H39: =IF(VLOOKUP(A39,liste_groupe[],4,FALSE)="%",VLOOKUP(A39,liste_groupe[],3,FALSE)/100,IF(ISBLANK(VLOOKUP(A39,liste_groupe[],4,FALSE)),"Non","Non")) -> Non | I39: =IF(F39="NS","NC",IF(H39="Non",G39,G39*(1/H39))) -> #N/A | J39: =IF(G39<0,$G$31,$G$30) -> #N/A | K39: =IF(F39="NS",0,IF(I39<0,-ROUND(I39/J39*100,0),ROUND(I39/J39*100,0))) -> #N/A | M39: =IF(I39<0,IF(K39<-100,-125,K39),IF(K39>100,125,K39)) -> #N/A | N39: =IF(H39="Non",CONCATENATE(VLOOKUP(A39,liste_groupe[],5,FALSE),"-",VLOOKUP(A39,liste_groupe[],3,FALSE),VLOOKUP(A39,liste_groupe[],4,FALSE)," : ",ROUND(K39,0),"%"),CONCATENATE(VLOOKUP(A39,liste_groupe[],5,FALSE)," : ",ROUND(K39,0),"%")) -> #N/A
A40: ='Page de garde'!A47 -> 0-00 + Testostérone | F40: =HLOOKUP(A40,'pooled normalised values'!$B$74:$L$83,10,FALSE) -> #N/A | G40: =IF(F40="NS","NC",ROUND(B40-$B$29,2-(1+INT(LOG10(ABS(B40-$B$29)))))) -> #N/A | H40: =IF(VLOOKUP(A40,liste_groupe[],4,FALSE)="%",VLOOKUP(A40,liste_groupe[],3,FALSE)/100,IF(ISBLANK(VLOOKUP(A40,liste_groupe[],4,FALSE)),"Non","Non")) -> Non | I40: =IF(F40="NS","NC",IF(H40="Non",G40,G40*(1/H40))) -> #N/A | J40: =IF(G40<0,$G$31,$G$30) -> #N/A | K40: =IF(F40="NS",0,IF(I40<0,-ROUND(I40/J40*100,0),ROUND(I40/J40*100,0))) -> #N/A | M40: =IF(I40<0,IF(K40<-100,-125,K40),IF(K40>100,125,K40)) -> #N/A | N40: =IF(H40="Non",CONCATENATE(VLOOKUP(A40,liste_groupe[],5,FALSE),"-",VLOOKUP(A40,liste_groupe[],3,FALSE),VLOOKUP(A40,liste_groupe[],4,FALSE)," : ",ROUND(K40,0),"%"),CONCATENATE(VLOOKUP(A40,liste_groupe[],5,FALSE)," : ",ROUND(K40,0),"%")) -> #N/A
A41: ='Page de garde'!A48 -> 0-00 + Testostérone | F41: =HLOOKUP(A41,'pooled normalised values'!$B$74:$L$83,10,FALSE) -> #N/A | G41: =IF(F41="NS","NC",ROUND(B41-$B$29,2-(1+INT(LOG10(ABS(B41-$B$29)))))) -> #N/A | H41: =IF(VLOOKUP(A41,liste_groupe[],4,FALSE)="%",VLOOKUP(A41,liste_groupe[],3,FALSE)/100,IF(ISBLANK(VLOOKUP(A41,liste_groupe[],4,FALSE)),"Non","Non")) -> Non | I41: =IF(F41="NS","NC",IF(H41="Non",G41,G41*(1/H41))) -> #N/A | J41: =IF(G41<0,$G$31,$G$30) -> #N/A | K41: =IF(F41="NS",0,IF(I41<0,-ROUND(I41/J41*100,0),ROUND(I41/J41*100,0))) -> #N/A | M41: =IF(I41<0,IF(K41<-100,-125,K41),IF(K41>100,125,K41)) -> #N/A | N41: =IF(H41="Non",CONCATENATE(VLOOKUP(A41,liste_groupe[],5,FALSE),"-",VLOOKUP(A41,liste_groupe[],3,FALSE),VLOOKUP(A41,liste_groupe[],4,FALSE)," : ",ROUND(K41,0),"%"),CONCATENATE(VLOOKUP(A41,liste_groupe[],5,FALSE)," : ",ROUND(K41,0),"%")) -> #N/A
A42: ='Page de garde'!A49 -> 0-00 + Testostérone | F42: =HLOOKUP(A42,'pooled normalised values'!$B$74:$L$83,10,FALSE) -> #N/A | G42: =IF(F42="NS","NC",ROUND(B42-$B$29,2-(1+INT(LOG10(ABS(B42-$B$29)))))) -> #N/A | H42: =IF(VLOOKUP(A42,liste_groupe[],4,FALSE)="%",VLOOKUP(A42,liste_groupe[],3,FALSE)/100,IF(ISBLANK(VLOOKUP(A42,liste_groupe[],4,FALSE)),"Non","Non")) -> Non | I42: =IF(F42="NS","NC",IF(H42="Non",G42,G42*(1/H42))) -> #N/A | J42: =IF(G42<0,$G$31,$G$30) -> #N/A | K42: =IF(F42="NS",0,IF(I42<0,-ROUND(I42/J42*100,0),ROUND(I42/J42*100,0))) -> #N/A | M42: =IF(I42<0,IF(K42<-100,-125,K42),IF(K42>100,125,K42)) -> #N/A | N42: =IF(H42="Non",CONCATENATE(VLOOKUP(A42,liste_groupe[],5,FALSE),"-",VLOOKUP(A42,liste_groupe[],3,FALSE),VLOOKUP(A42,liste_groupe[],4,FALSE)," : ",ROUND(K42,0),"%"),CONCATENATE(VLOOKUP(A42,liste_groupe[],5,FALSE)," : ",ROUND(K42,0),"%")) -> #N/A
A43: ='Page de garde'!A50 -> 0-00 + Testostérone | F43: =HLOOKUP(A43,'pooled normalised values'!$B$74:$L$83,10,FALSE) -> #N/A | G43: =IF(F43="NS","NC",ROUND(B43-$B$29,2-(1+INT(LOG10(ABS(B43-$B$29)))))) -> #N/A | H43: =IF(VLOOKUP(A43,liste_groupe[],4,FALSE)="%",VLOOKUP(A43,liste_groupe[],3,FALSE)/100,IF(ISBLANK(VLOOKUP(A43,liste_groupe[],4,FALSE)),"Non","Non")) -> Non | I43: =IF(F43="NS","NC",IF(H43="Non",G43,G43*(1/H43))) -> #N/A | J43: =IF(G43<0,$G$31,$G$30) -> #N/A | K43: =IF(F43="NS",0,IF(I43<0,-ROUND(I43/J43*100,0),ROUND(I43/J43*100,0))) -> #N/A | M43: =IF(I43<0,IF(K43<-100,-125,K43),IF(K43>100,125,K43)) -> #N/A | N43: =IF(H43="Non",CONCATENATE(VLOOKUP(A43,liste_groupe[],5,FALSE),"-",VLOOKUP(A43,liste_groupe[],3,FALSE),VLOOKUP(A43,liste_groupe[],4,FALSE)," : ",ROUND(K43,0),"%"),CONCATENATE(VLOOKUP(A43,liste_groupe[],5,FALSE)," : ",ROUND(K43,0),"%")) -> #N/A
A44: ='Page de garde'!A51 -> 0-00 + Testostérone | F44: =HLOOKUP(A44,'pooled normalised values'!$B$74:$L$83,10,FALSE) -> #N/A | G44: =IF(F44="NS","NC",ROUND(B44-$B$29,2-(1+INT(LOG10(ABS(B44-$B$29)))))) -> #N/A | H44: =IF(VLOOKUP(A44,liste_groupe[],4,FALSE)="%",VLOOKUP(A44,liste_groupe[],3,FALSE)/100,IF(ISBLANK(VLOOKUP(A44,liste_groupe[],4,FALSE)),"Non","Non")) -> Non | I44: =IF(F44="NS","NC",IF(H44="Non",G44,G44*(1/H44))) -> #N/A | J44: =IF(G44<0,$G$31,$G$30) -> #N/A | K44: =IF(F44="NS",0,IF(I44<0,-ROUND(I44/J44*100,0),ROUND(I44/J44*100,0))) -> #N/A | M44: =IF(I44<0,IF(K44<-100,-125,K44),IF(K44>100,125,K44)) -> #N/A | N44: =IF(H44="Non",CONCATENATE(VLOOKUP(A44,liste_groupe[],5,FALSE),"-",VLOOKUP(A44,liste_groupe[],3,FALSE),VLOOKUP(A44,liste_groupe[],4,FALSE)," : ",ROUND(K44,0),"%"),CONCATENATE(VLOOKUP(A44,liste_groupe[],5,FALSE)," : ",ROUND(K44,0),"%")) -> #N/A
... A51: ='Page de garde'!A58 -> 0-00 + Testostérone | F51: =HLOOKUP(A51,'pooled normalised values'!$B$74:$L$83,10,FALSE) -> #N/A | G51: =IF(F51="NS","NC",ROUND(B51-$B$29,2-(1+INT(LOG10(ABS(B51-$B$29)))))) -> #N/A | H51: =IF(VLOOKUP(A51,liste_groupe[],4,FALSE)="%",VLOOKUP(A51,liste_groupe[],3,FALSE)/100,IF(ISBLANK(VLOOKUP(A51,liste_groupe[],4,FALSE)),"Non","Non")) -> Non | I51: =IF(F51="NS","NC",IF(H51="Non",G51,G51*(1/H51))) -> #N/A | J51: =IF(G51<0,$G$31,$G$30) -> #N/A | K51: =IF(F51="NS",0,IF(I51<0,-ROUND(I51/J51*100,0),ROUND(I51/J51*100,0))) -> #N/A | M51: =IF(I51<0,IF(K51<-100,-125,K51),IF(K51>100,125,K51)) -> #N/A | N51: =IF(H51="Non",CONCATENATE(VLOOKUP(A51,liste_groupe[],5,FALSE),"-",VLOOKUP(A51,liste_groupe[],3,FALSE),VLOOKUP(A51,liste_groupe[],4,FALSE)," : ",ROUND(K51,0),"%"),CONCATENATE(VLOOKUP(A51,liste_groupe[],5,FALSE)," : ",ROUND(K51,0),"%")) -> #N/A
A53: 18. Expérimentateur 2 : transmission des résultats avec le SQ rempli au responsable du laboratoire.

Sheet Notice
A1: Description | B1: Problème | C1: EqH RAPPORT | D1: % atteinte du seuil RAPPORT | E1: Valeur échelle sur graphique RAPPORT | F1: EqH BASE DE DONNEES | G1: % BASE DE DONNEES
A2: Diminution de fluo en non dopé | B2: Impossible de calculer un EQH et pas de seuil déterminé donc impossible d'évaluer si l'échantillon dépasse un seuil | C2: Non calculable | D2: Mettre le % de variation de fluo avec un renvoi: "*: variation de fluorescence non-calibrée" | E2: % de variation de fluo | F2: Non calculable | G2: Non calculable

Sheet Graph format rapport CHG
A2: Evian | B2: ='pooled normalised values'!B75 -> 0.018857324 | D2: Etiquettes | F2: ='pooled normalised values'!#REF! -> #REF! | G2: ='pooled normalised values'!#REF! -> #REF! | H2: ='pooled normalised values'!#REF! -> #REF! | I2: ='pooled normalised values'!#REF! -> #REF! | J2: ='pooled normalised values'!#REF! -> #REF! | K2: ='pooled normalised values'!#REF! -> #REF! | L2: ='pooled normalised values'!#REF! -> #REF! | M2: ='pooled normalised values'!#REF! -> #REF! | ... S2: ='pooled normalised values'!#REF! -> #REF! | V2: ='pooled normalised values'!#REF! -> #REF! | W2: ='pooled normalised values'!#REF! -> #REF! | X2: ='pooled normalised values'!#REF! -> #REF! | Y2: ='pooled normalised values'!#REF! -> #REF! | Z2: ='pooled normalised values'!#REF! -> #REF! | AA2: ='pooled normalised values'!#REF! -> #REF! | AB2: ='pooled normalised values'!#REF! -> #REF! | AC2: ='pooled normalised values'!#REF! -> #REF! | ... AI2: ='pooled normalised values'!#REF! -> #REF! | AK2: Etiquettes
A3: EE2 64ng/l | B3: ='summary results'!E6 -> 0 | D3: Moyenne | F3: =HLOOKUP(F2,'pooled normalised values'!B74:L83,2,FALSE) -> #REF! | G3: =HLOOKUP(G2,'pooled normalised values'!C74:M83,2,FALSE) -> #REF! | H3: =HLOOKUP(H2,'pooled normalised values'!C74:N83,2,FALSE) -> #REF! | I3: =HLOOKUP(I2,'pooled normalised values'!D74:O83,2,FALSE) -> #REF! | J3: =HLOOKUP(J2,'pooled normalised values'!E74:P83,2,FALSE) -> #REF! | K3: =HLOOKUP(K2,'pooled normalised values'!F74:Q83,2,FALSE) -> #REF! | L3: =HLOOKUP(L2,'pooled normalised values'!G74:R83,2,FALSE) -> #REF! | M3: =HLOOKUP(M2,'pooled normalised values'!H74:S83,2,FALSE) -> #REF! | N3: =HLOOKUP(N2,'pooled normalised values'!I74:T83,2,FALSE) -> #REF! | O3: =HLOOKUP(O2,'pooled normalised values'!I74:U83,2,FALSE) -> #REF! | P3: =HLOOKUP(P2,'pooled normalised values'!I74:V83,2,FALSE) -> #REF! | Q3: =HLOOKUP(Q2,'pooled normalised values'!I74:W83,2,FALSE) -> #REF! | R3: =HLOOKUP(R2,'pooled normalised values'!I74:X83,2,FALSE) -> #REF! | S3: =HLOOKUP(S2,'pooled normalised values'!I74:Y83,2,FALSE) -> #REF! | V3: =HLOOKUP(V2,'pooled normalised values'!I74:AB83,2,FALSE) -> #REF! | W3: =HLOOKUP(W2,'pooled normalised values'!I74:AC83,2,FALSE) -> #REF! | X3: =HLOOKUP(X2,'pooled normalised values'!I74:AD83,2,FALSE) -> #REF! | Y3: =HLOOKUP(Y2,'pooled normalised values'!I74:AE83,2,FALSE) -> #REF! | Z3: =HLOOKUP(Z2,'pooled normalised values'!I74:AF83,2,FALSE) -> #REF! | AA3: =HLOOKUP(AA2,'pooled normalised values'!I74:AG83,2,FALSE) -> #REF! | AB3: =HLOOKUP(AB2,'pooled normalised values'!I74:AH83,2,FALSE) -> #REF! | AC3: =HLOOKUP(AC2,'pooled normalised values'!I74:AI83,2,FALSE) -> #REF! | AD3: =HLOOKUP(AD2,'pooled normalised values'!I74:AJ83,2,FALSE) -> #REF! | AE3: =HLOOKUP(AE2,'pooled normalised values'!I74:AK83,2,FALSE) -> #REF! | AF3: =HLOOKUP(AF2,'pooled normalised values'!I74:AL83,2,FALSE) -> #REF! | AG3: =HLOOKUP(AG2,'pooled normalised values'!I74:AM83,2,FALSE) -> #REF! | AH3: =HLOOKUP(AH2,'pooled normalised values'!I74:AN83,2,FALSE) -> #REF! | AI3: =HLOOKUP(AI2,'pooled normalised values'!I74:AO83,2,FALSE) -> #REF! | AK3: Moyenne
A4: Testostérone | B4: ='pooled normalised values'!J75 -> 1 | D4: SEM | F4: =HLOOKUP(F2,'pooled normalised values'!B74:L83,3,FALSE) -> #REF! | G4: =HLOOKUP(G2,'pooled normalised values'!C74:M83,3,FALSE) -> #REF! | H4: =HLOOKUP(H2,'pooled normalised values'!C74:N83,3,FALSE) -> #REF! | I4: =HLOOKUP(I2,'pooled normalised values'!D74:O83,3,FALSE) -> #REF! | J4: =HLOOKUP(J2,'pooled normalised values'!E74:P83,3,FALSE) -> #REF! | K4: =HLOOKUP(K2,'pooled normalised values'!F74:Q83,3,FALSE) -> #REF! | L4: =HLOOKUP(L2,'pooled normalised values'!G74:R83,3,FALSE) -> #REF! | M4: =HLOOKUP(M2,'pooled normalised values'!H74:S83,3,FALSE) -> #REF! | N4: =HLOOKUP(N2,'pooled normalised values'!I74:T83,3,FALSE) -> #REF! | O4: =HLOOKUP(O2,'pooled normalised values'!I74:U83,3,FALSE) -> #REF! | P4: =HLOOKUP(P2,'pooled normalised values'!I74:V83,3,FALSE) -> #REF! | Q4: =HLOOKUP(Q2,'pooled normalised values'!I74:W83,3,FALSE) -> #REF! | R4: =HLOOKUP(R2,'pooled normalised values'!I74:X83,3,FALSE) -> #REF! | S4: =HLOOKUP(S2,'pooled normalised values'!I74:Y83,3,FALSE) -> #REF! | V4: =HLOOKUP(V2,'pooled normalised values'!I74:AB83,3,FALSE) -> #REF! | W4: =HLOOKUP(W2,'pooled normalised values'!I74:AC83,3,FALSE) -> #REF! | X4: =HLOOKUP(X2,'pooled normalised values'!I74:AD83,3,FALSE) -> #REF! | Y4: =HLOOKUP(Y2,'pooled normalised values'!I74:AE83,3,FALSE) -> #REF! | Z4: =HLOOKUP(Z2,'pooled normalised values'!I74:AF83,3,FALSE) -> #REF! | AA4: =HLOOKUP(AA2,'pooled normalised values'!I74:AG83,3,FALSE) -> #REF! | AB4: =HLOOKUP(AB2,'pooled normalised values'!I74:AH83,3,FALSE) -> #REF! | AC4: =HLOOKUP(AC2,'pooled normalised values'!I74:AI83,3,FALSE) -> #REF! | AD4: =HLOOKUP(AD2,'pooled normalised values'!I74:AJ83,3,FALSE) -> #REF! | AE4: =HLOOKUP(AE2,'pooled normalised values'!I74:AK83,3,FALSE) -> #REF! | AF4: =HLOOKUP(AF2,'pooled normalised values'!I74:AL83,3,FALSE) -> #REF! | AG4: =HLOOKUP(AG2,'pooled normalised values'!I74:AM83,3,FALSE) -> #REF! | AH4: =HLOOKUP(AH2,'pooled normalised values'!I74:AN83,3,FALSE) -> #REF! | AI4: =HLOOKUP(AI2,'pooled normalised values'!I74:AO83,3,FALSE) -> #REF! | AK4: SEM
A5: Testostérone+EE2 | B5: ='pooled normalised values'!K75 -> 1.2135868 | D5: STAT | F5: =HLOOKUP(F2,'pooled normalised values'!B74:L83,10,FALSE) -> #REF! | G5: =HLOOKUP(G2,'pooled normalised values'!C74:M83,10,FALSE) -> #REF! | H5: =HLOOKUP(H2,'pooled normalised values'!C74:N83,10,FALSE) -> #REF! | I5: =HLOOKUP(I2,'pooled normalised values'!D74:O83,10,FALSE) -> #REF! | J5: =HLOOKUP(J2,'pooled normalised values'!E74:P83,10,FALSE) -> #REF! | K5: =HLOOKUP(K2,'pooled normalised values'!F74:Q83,10,FALSE) -> #REF! | L5: =HLOOKUP(L2,'pooled normalised values'!G74:R83,10,FALSE) -> #REF! | M5: =HLOOKUP(M2,'pooled normalised values'!H74:S83,10,FALSE) -> #REF! | N5: =HLOOKUP(N2,'pooled normalised values'!I74:T83,10,FALSE) -> #REF! | O5: =HLOOKUP(O2,'pooled normalised values'!I74:U83,10,FALSE) -> #REF! | P5: =HLOOKUP(P2,'pooled normalised values'!I74:V83,10,FALSE) -> #REF! | Q5: =HLOOKUP(Q2,'pooled normalised values'!I74:W83,10,FALSE) -> #REF! | R5: =HLOOKUP(R2,'pooled normalised values'!I74:X83,10,FALSE) -> #REF! | S5: =HLOOKUP(S2,'pooled normalised values'!I74:Y83,10,FALSE) -> #REF! | V5: =HLOOKUP(V2,'pooled normalised values'!I74:AB83,10,FALSE) -> #REF! | W5: =HLOOKUP(W2,'pooled normalised values'!I74:AC83,10,FALSE) -> #REF! | X5: =HLOOKUP(X2,'pooled normalised values'!I74:AD83,10,FALSE) -> #REF! | Y5: =HLOOKUP(Y2,'pooled normalised values'!I74:AE83,10,FALSE) -> #REF! | Z5: =HLOOKUP(Z2,'pooled normalised values'!I74:AF83,10,FALSE) -> #REF! | AA5: =HLOOKUP(AA2,'pooled normalised values'!I74:AG83,10,FALSE) -> #REF! | AB5: =HLOOKUP(AB2,'pooled normalised values'!I74:AH83,10,FALSE) -> #REF! | AC5: =HLOOKUP(AC2,'pooled normalised values'!I74:AI83,10,FALSE) -> #REF! | AD5: =HLOOKUP(AD2,'pooled normalised values'!I74:AJ83,10,FALSE) -> #REF! | AE5: =HLOOKUP(AE2,'pooled normalised values'!I74:AK83,10,FALSE) -> #REF! | AF5: =HLOOKUP(AF2,'pooled normalised values'!I74:AL83,10,FALSE) -> #REF! | AG5: =HLOOKUP(AG2,'pooled normalised values'!I74:AM83,10,FALSE) -> #REF! | AH5: =HLOOKUP(AH2,'pooled normalised values'!I74:AN83,10,FALSE) -> #REF! | AI5: =HLOOKUP(AI2,'pooled normalised values'!I74:AO83,10,FALSE) -> #REF! | AK5: STAT
A6: Testostérone+FAD | B6: ='pooled normalised values'!L75 -> 0.066476902 | D6: Témoin Evian | E6: =$B$2 -> 0.018857324 | F6: =$B$2 -> 0.018857324 | G6: =$B$2 -> 0.018857324 | H6: =$B$2 -> 0.018857324 | I6: =$B$2 -> 0.018857324 | J6: =$B$2 -> 0.018857324 | K6: =$B$2 -> 0.018857324 | L6: =$B$2 -> 0.018857324 | ... T6: =$B$2 -> 0.018857324 | AK6: Témoin Evian
D7: Témoin Testo | U7: =$B$4 -> 1 | V7: =$B$4 -> 1 | W7: =$B$4 -> 1 | X7: =$B$4 -> 1 | Y7: =$B$4 -> 1 | Z7: =$B$4 -> 1 | AA7: =$B$4 -> 1 | AB7: =$B$4 -> 1 | ... AJ7: =$B$4 -> 1 | AK7: Témoin Testo
D8: Zone rouge anti | E8: 0 | F8: 0 | G8: 0 | H8: 0 | I8: 0 | J8: 0 | K8: 0 | L8: 0 | M8: 0 | N8: 0 | O8: 0 | P8: 0 | Q8: 0 | R8: 0 | S8: 0 | T8: 0 | U8: =$B$6 -> 0.066476902 | V8: =$B$6 -> 0.066476902 | W8: =$B$6 -> 0.066476902 | X8: =$B$6 -> 0.066476902 | Y8: =$B$6 -> 0.066476902 | Z8: =$B$6 -> 0.066476902 | AA8: =$B$6 -> 0.066476902 | AB8: =$B$6 -> 0.066476902 | ... AJ8: =$B$6 -> 0.066476902 | AK8: Zone rouge anti
D9: Zone verte | E9: =$B$3-E8 -> 0 | F9: =$B$3-F8 -> 0 | G9: =$B$3-G8 -> 0 | H9: =$B$3-H8 -> 0 | I9: =$B$3-I8 -> 0 | J9: =$B$3-J8 -> 0 | K9: =$B$3-K8 -> 0 | L9: =$B$3-L8 -> 0 | ... T9: =$B$3-T8 -> 0 | U9: =$B$5-U8 -> 1.1471099 | V9: =$B$5-V8 -> 1.1471099 | W9: =$B$5-W8 -> 1.1471099 | X9: =$B$5-X8 -> 1.1471099 | Y9: =$B$5-Y8 -> 1.1471099 | Z9: =$B$5-Z8 -> 1.1471099 | AA9: =$B$5-AA8 -> 1.1471099 | AB9: =$B$5-AB8 -> 1.1471099 | ... AJ9: =$B$5-AJ8 -> 1.1471099 | AK9: Zone verte
D10: Zone rouge pro | E10: =2.5-E9 -> 2.5 | F10: =2.5-F9 -> 2.5 | G10: =2.5-G9 -> 2.5 | H10: =2.5-H9 -> 2.5 | I10: =2.5-I9 -> 2.5 | J10: =2.5-J9 -> 2.5 | K10: =2.5-K9 -> 2.5 | L10: =2.5-L9 -> 2.5 | ... AJ10: =2.5-AJ9 -> 1.3528901 | AK10: Zone rouge pro

Sheet Graph format rapport CHG 1éch
A2: Evian | B2: ='pooled normalised values'!B75 -> 0.018857324 | D2: Etiquettes | F2: ='pooled normalised values'!#REF! -> #REF! | I2: ='pooled normalised values'!#REF! -> #REF! | K2: Etiquettes
A3: EE2 64ng/l | B3: ='summary results'!E6 -> 0 | D3: Moyenne | F3: =HLOOKUP(F2,'pooled normalised values'!B74:L83,2,FALSE) -> #REF! | I3: =HLOOKUP(I2,'pooled normalised values'!I74:AB83,2,FALSE) -> #REF! | K3: Moyenne
A4: Testostérone | B4: ='pooled normalised values'!J75 -> 1 | D4: SEM | F4: =HLOOKUP(F2,'pooled normalised values'!B74:L83,3,FALSE) -> #REF! | I4: =HLOOKUP(I2,'pooled normalised values'!I74:AB83,3,FALSE) -> #REF! | K4: SEM
A5: Testostérone+EE2 | B5: ='pooled normalised values'!K75 -> 1.2135868 | D5: STAT | F5: =HLOOKUP(F2,'pooled normalised values'!B74:L83,10,FALSE) -> #REF! | I5: =HLOOKUP(I2,'pooled normalised values'!I74:AB83,10,FALSE) -> #REF! | K5: STAT
A6: Testostérone+FAD | B6: ='pooled normalised values'!L75 -> 0.066476902 | D6: Témoin Evian | E6: =$B$2 -> 0.018857324 | F6: =$B$2 -> 0.018857324 | G6: =$B$2 -> 0.018857324 | K6: Témoin Evian
D7: Témoin Testo | H7: =$B$4 -> 1 | I7: =$B$4 -> 1 | J7: =$B$4 -> 1 | K7: Témoin Testo
D8: Zone rouge anti | E8: 0 | F8: 0 | G8: 0 | H8: =$B$6 -> 0.066476902 | I8: =$B$6 -> 0.066476902 | J8: =$B$6 -> 0.066476902 | K8: Zone rouge anti
D9: Zone verte | E9: =$B$3-E8 -> 0 | F9: =$B$3-F8 -> 0 | G9: =$B$3-G8 -> 0 | H9: =$B$5-H8 -> 1.1471099 | I9: =$B$5-I8 -> 1.1471099 | J9: =$B$5-J8 -> 1.1471099 | K9: Zone verte
D10: Zone rouge pro | E10: =2.5-E9 -> 2.5 | F10: =2.5-F9 -> 2.5 | G10: =2.5-G9 -> 2.5 | H10: =2.5-H9 -> 1.3528901 | I10: =2.5-I9 -> 1.3528901 | J10: =2.5-J9 -> 1.3528901 | K10: Zone rouge pro

Sheet Récap
A1: Nom ND | B1: Nom D | C1: CHG-protocole | D1: CHG-dilution | E1: CHG-induction ND | F1: CHG-test ND | G1: CHG-EQH ND | H1: CHG-% atteinte du seuil ND | I1: CHG-induction D | J1: CHG-test D | K1: CHG-EQH D | L1: CHG-% atteinte seuil D | M1: CHG-Testo+EE2 | N1: CHG-Testo+Fad | Q1: Liste groupes non dopés | U1: Liste groupes dopés
A2: =Q6 | B2: =U6 -> 0-00 + Testostérone | D2: =CONCATENATE(VLOOKUP(Tableau3[[#This Row],[Nom ND]],liste_groupe[],3,FALSE),VLOOKUP(Tableau3[[#This Row],[Nom ND]],liste_groupe[],4,FALSE)) | E2: =HLOOKUP(Tableau3[[#This Row],[Nom ND]],'pooled normalised values'!$B$74:$L$83,4,FALSE) -> #N/A | F2: =HLOOKUP(Tableau3[[#This Row],[Nom ND]],'pooled normalised values'!$B$74:$L$83,8,FALSE) -> #N/A | G2: =VLOOKUP(Tableau3[[#This Row],[Nom ND]],'summary results'!$A$6:$N$26,9,FALSE) -> #N/A | H2: =VLOOKUP(Tableau3[[#This Row],[Nom ND]],'summary results'!$A$6:$N$26,11,FALSE) -> #N/A | I2: =HLOOKUP(Tableau3[[#This Row],[Nom D]],'pooled normalised values'!$B$74:$L$83,4,FALSE) -> #N/A | J2: =HLOOKUP(Tableau3[[#This Row],[Nom D]],'pooled normalised values'!$B$74:$L$83,8,FALSE) -> #N/A | K2: =VLOOKUP(Tableau3[[#This Row],[Nom D]],'summary results'!$A$29:$N$51,9,FALSE) -> #N/A | L2: =VLOOKUP(Tableau3[[#This Row],[Nom D]],'summary results'!$A$29:$N$51,11,FALSE) -> #N/A | M2: ='summary results'!$G$30 -> #NUM! | N2: ='summary results'!$G$31 -> #NUM! | Q2: Code WF | R2: (Plusieurs éléments) | U2: Code WF | V2: (Plusieurs éléments)
A3: =Q7 -> 0 | B3: =U7 -> 0 | D3: =CONCATENATE(VLOOKUP(Tableau3[[#This Row],[Nom ND]],liste_groupe[],3,FALSE),VLOOKUP(Tableau3[[#This Row],[Nom ND]],liste_groupe[],4,FALSE)) -> #N/A | E3: =HLOOKUP(Tableau3[[#This Row],[Nom ND]],'pooled normalised values'!$B$74:$L$83,4,FALSE) -> #N/A | F3: =HLOOKUP(Tableau3[[#This Row],[Nom ND]],'pooled normalised values'!$B$74:$L$83,8,FALSE) -> #N/A | G3: =VLOOKUP(Tableau3[[#This Row],[Nom ND]],'summary results'!$A$6:$N$26,9,FALSE) -> #N/A | H3: =VLOOKUP(Tableau3[[#This Row],[Nom ND]],'summary results'!$A$6:$N$26,11,FALSE) -> #N/A | I3: =HLOOKUP(Tableau3[[#This Row],[Nom D]],'pooled normalised values'!$B$74:$L$83,4,FALSE) -> #N/A | J3: =HLOOKUP(Tableau3[[#This Row],[Nom D]],'pooled normalised values'!$B$74:$L$83,8,FALSE) -> #N/A | K3: =VLOOKUP(Tableau3[[#This Row],[Nom D]],'summary results'!$A$29:$N$51,9,FALSE) -> #N/A | L3: =VLOOKUP(Tableau3[[#This Row],[Nom D]],'summary results'!$A$29:$N$51,11,FALSE) -> #N/A | M3: ='summary results'!$G$30 -> #NUM! | N3: ='summary results'!$G$31 -> #NUM! | Q3: Dopage (+Testostérone / + EE2, ….) | R3: (vide) | U3: Dopage (+Testostérone / + EE2, ….) | V3: + Testostérone
A4: =Q8 -> 0 | B4: =U8 -> 0 | D4: =CONCATENATE(VLOOKUP(Tableau3[[#This Row],[Nom ND]],liste_groupe[],3,FALSE),VLOOKUP(Tableau3[[#This Row],[Nom ND]],liste_groupe[],4,FALSE)) -> #N/A | E4: =HLOOKUP(Tableau3[[#This Row],[Nom ND]],'pooled normalised values'!$B$74:$L$83,4,FALSE) -> #N/A | F4: =HLOOKUP(Tableau3[[#This Row],[Nom ND]],'pooled normalised values'!$B$74:$L$83,8,FALSE) -> #N/A | G4: =VLOOKUP(Tableau3[[#This Row],[Nom ND]],'summary results'!$A$6:$N$26,9,FALSE) -> #N/A | H4: =VLOOKUP(Tableau3[[#This Row],[Nom ND]],'summary results'!$A$6:$N$26,11,FALSE) -> #N/A | I4: =HLOOKUP(Tableau3[[#This Row],[Nom D]],'pooled normalised values'!$B$74:$L$83,4,FALSE) -> #N/A | J4: =HLOOKUP(Tableau3[[#This Row],[Nom D]],'pooled normalised values'!$B$74:$L$83,8,FALSE) -> #N/A | K4: =VLOOKUP(Tableau3[[#This Row],[Nom D]],'summary results'!$A$29:$N$51,9,FALSE) -> #N/A | L4: =VLOOKUP(Tableau3[[#This Row],[Nom D]],'summary results'!$A$29:$N$51,11,FALSE) -> #N/A | M4: ='summary results'!$G$30 -> #NUM! | N4: ='summary results'!$G$31 -> #NUM!
A5: =Q9 -> 0 | B5: =U9 -> 0 | D5: =CONCATENATE(VLOOKUP(Tableau3[[#This Row],[Nom ND]],liste_groupe[],3,FALSE),VLOOKUP(Tableau3[[#This Row],[Nom ND]],liste_groupe[],4,FALSE)) -> #N/A | E5: =HLOOKUP(Tableau3[[#This Row],[Nom ND]],'pooled normalised values'!$B$74:$L$83,4,FALSE) -> #N/A | F5: =HLOOKUP(Tableau3[[#This Row],[Nom ND]],'pooled normalised values'!$B$74:$L$83,8,FALSE) -> #N/A | G5: =VLOOKUP(Tableau3[[#This Row],[Nom ND]],'summary results'!$A$6:$N$26,9,FALSE) -> #N/A | H5: =VLOOKUP(Tableau3[[#This Row],[Nom ND]],'summary results'!$A$6:$N$26,11,FALSE) -> #N/A | I5: =HLOOKUP(Tableau3[[#This Row],[Nom D]],'pooled normalised values'!$B$74:$L$83,4,FALSE) -> #N/A | J5: =HLOOKUP(Tableau3[[#This Row],[Nom D]],'pooled normalised values'!$B$74:$L$83,8,FALSE) -> #N/A | K5: =VLOOKUP(Tableau3[[#This Row],[Nom D]],'summary results'!$A$29:$N$51,9,FALSE) -> #N/A | L5: =VLOOKUP(Tableau3[[#This Row],[Nom D]],'summary results'!$A$29:$N$51,11,FALSE) -> #N/A | M5: ='summary results'!$G$30 -> #NUM! | N5: ='summary results'!$G$31 -> #NUM! | Q5: Étiquettes de lignes | U5: Étiquettes de lignes
A6: =Q10 -> 0 | B6: =U10 -> 0 | D6: =CONCATENATE(VLOOKUP(Tableau3[[#This Row],[Nom ND]],liste_groupe[],3,FALSE),VLOOKUP(Tableau3[[#This Row],[Nom ND]],liste_groupe[],4,FALSE)) -> #N/A | E6: =HLOOKUP(Tableau3[[#This Row],[Nom ND]],'pooled normalised values'!$B$74:$L$83,4,FALSE) -> #N/A | F6: =HLOOKUP(Tableau3[[#This Row],[Nom ND]],'pooled normalised values'!$B$74:$L$83,8,FALSE) -> #N/A | G6: =VLOOKUP(Tableau3[[#This Row],[Nom ND]],'summary results'!$A$6:$N$26,9,FALSE) -> #N/A | H6: =VLOOKUP(Tableau3[[#This Row],[Nom ND]],'summary results'!$A$6:$N$26,11,FALSE) -> #N/A | I6: =HLOOKUP(Tableau3[[#This Row],[Nom D]],'pooled normalised values'!$B$74:$L$83,4,FALSE) -> #N/A | J6: =HLOOKUP(Tableau3[[#This Row],[Nom D]],'pooled normalised values'!$B$74:$L$83,8,FALSE) -> #N/A | K6: =VLOOKUP(Tableau3[[#This Row],[Nom D]],'summary results'!$A$29:$N$51,9,FALSE) -> #N/A | L6: =VLOOKUP(Tableau3[[#This Row],[Nom D]],'summary results'!$A$29:$N$51,11,FALSE) -> #N/A | M6: ='summary results'!$G$30 -> #NUM! | N6: ='summary results'!$G$31 -> #NUM! | U6: 0-00 + Testostérone
A7: =Q11 -> 0 | B7: =U11 -> 0 | D7: =CONCATENATE(VLOOKUP(Tableau3[[#This Row],[Nom ND]],liste_groupe[],3,FALSE),VLOOKUP(Tableau3[[#This Row],[Nom ND]],liste_groupe[],4,FALSE)) -> #N/A | E7: =HLOOKUP(Tableau3[[#This Row],[Nom ND]],'pooled normalised values'!$B$74:$L$83,4,FALSE) -> #N/A | F7: =HLOOKUP(Tableau3[[#This Row],[Nom ND]],'pooled normalised values'!$B$74:$L$83,8,FALSE) -> #N/A | G7: =VLOOKUP(Tableau3[[#This Row],[Nom ND]],'summary results'!$A$6:$N$26,9,FALSE) -> #N/A | H7: =VLOOKUP(Tableau3[[#This Row],[Nom ND]],'summary results'!$A$6:$N$26,11,FALSE) -> #N/A | I7: =HLOOKUP(Tableau3[[#This Row],[Nom D]],'pooled normalised values'!$B$74:$L$83,4,FALSE) -> #N/A | J7: =HLOOKUP(Tableau3[[#This Row],[Nom D]],'pooled normalised values'!$B$74:$L$83,8,FALSE) -> #N/A | K7: =VLOOKUP(Tableau3[[#This Row],[Nom D]],'summary results'!$A$29:$N$51,9,FALSE) -> #N/A | L7: =VLOOKUP(Tableau3[[#This Row],[Nom D]],'summary results'!$A$29:$N$51,11,FALSE) -> #N/A | M7: ='summary results'!$G$30 -> #NUM! | N7: ='summary results'!$G$31 -> #NUM!
A8: =Q12 -> 0 | B8: =U12 -> 0 | D8: =CONCATENATE(VLOOKUP(Tableau3[[#This Row],[Nom ND]],liste_groupe[],3,FALSE),VLOOKUP(Tableau3[[#This Row],[Nom ND]],liste_groupe[],4,FALSE)) -> #N/A | E8: =HLOOKUP(Tableau3[[#This Row],[Nom ND]],'pooled normalised values'!$B$74:$L$83,4,FALSE) -> #N/A | F8: =HLOOKUP(Tableau3[[#This Row],[Nom ND]],'pooled normalised values'!$B$74:$L$83,8,FALSE) -> #N/A | G8: =VLOOKUP(Tableau3[[#This Row],[Nom ND]],'summary results'!$A$6:$N$26,9,FALSE) -> #N/A | H8: =VLOOKUP(Tableau3[[#This Row],[Nom ND]],'summary results'!$A$6:$N$26,11,FALSE) -> #N/A | I8: =HLOOKUP(Tableau3[[#This Row],[Nom D]],'pooled normalised values'!$B$74:$L$83,4,FALSE) -> #N/A | J8: =HLOOKUP(Tableau3[[#This Row],[Nom D]],'pooled normalised values'!$B$74:$L$83,8,FALSE) -> #N/A | K8: =VLOOKUP(Tableau3[[#This Row],[Nom D]],'summary results'!$A$29:$N$51,9,FALSE) -> #N/A | L8: =VLOOKUP(Tableau3[[#This Row],[Nom D]],'summary results'!$A$29:$N$51,11,FALSE) -> #N/A | M8: ='summary results'!$G$30 -> #NUM! | N8: ='summary results'!$G$31 -> #NUM!
A9: =Q13 -> 0 | B9: =U13 -> 0 | D9: =CONCATENATE(VLOOKUP(Tableau3[[#This Row],[Nom ND]],liste_groupe[],3,FALSE),VLOOKUP(Tableau3[[#This Row],[Nom ND]],liste_groupe[],4,FALSE)) -> #N/A | E9: =HLOOKUP(Tableau3[[#This Row],[Nom ND]],'pooled normalised values'!$B$74:$L$83,4,FALSE) -> #N/A | F9: =HLOOKUP(Tableau3[[#This Row],[Nom ND]],'pooled normalised values'!$B$74:$L$83,8,FALSE) -> #N/A | G9: =VLOOKUP(Tableau3[[#This Row],[Nom ND]],'summary results'!$A$6:$N$26,9,FALSE) -> #N/A | H9: =VLOOKUP(Tableau3[[#This Row],[Nom ND]],'summary results'!$A$6:$N$26,11,FALSE) -> #N/A | I9: =HLOOKUP(Tableau3[[#This Row],[Nom D]],'pooled normalised values'!$B$74:$L$83,4,FALSE) -> #N/A | J9: =HLOOKUP(Tableau3[[#This Row],[Nom D]],'pooled normalised values'!$B$74:$L$83,8,FALSE) -> #N/A | K9: =VLOOKUP(Tableau3[[#This Row],[Nom D]],'summary results'!$A$29:$N$51,9,FALSE) -> #N/A | L9: =VLOOKUP(Tableau3[[#This Row],[Nom D]],'summary results'!$A$29:$N$51,11,FALSE) -> #N/A | M9: ='summary results'!$G$30 -> #NUM! | N9: ='summary results'!$G$31 -> #NUM!
A10: =Q14 -> 0 | B10: =U14 -> 0 | D10: =CONCATENATE(VLOOKUP(Tableau3[[#This Row],[Nom ND]],liste_groupe[],3,FALSE),VLOOKUP(Tableau3[[#This Row],[Nom ND]],liste_groupe[],4,FALSE)) -> #N/A | E10: =HLOOKUP(Tableau3[[#This Row],[Nom ND]],'pooled normalised values'!$B$74:$L$83,4,FALSE) -> #N/A | F10: =HLOOKUP(Tableau3[[#This Row],[Nom ND]],'pooled normalised values'!$B$74:$L$83,8,FALSE) -> #N/A | G10: =VLOOKUP(Tableau3[[#This Row],[Nom ND]],'summary results'!$A$6:$N$26,9,FALSE) -> #N/A | H10: =VLOOKUP(Tableau3[[#This Row],[Nom ND]],'summary results'!$A$6:$N$26,11,FALSE) -> #N/A | I10: =HLOOKUP(Tableau3[[#This Row],[Nom D]],'pooled normalised values'!$B$74:$L$83,4,FALSE) -> #N/A | J10: =HLOOKUP(Tableau3[[#This Row],[Nom D]],'pooled normalised values'!$B$74:$L$83,8,FALSE) -> #N/A | K10: =VLOOKUP(Tableau3[[#This Row],[Nom D]],'summary results'!$A$29:$N$51,9,FALSE) -> #N/A | L10: =VLOOKUP(Tableau3[[#This Row],[Nom D]],'summary results'!$A$29:$N$51,11,FALSE) -> #N/A | M10: ='summary results'!$G$30 -> #NUM! | N10: ='summary results'!$G$31 -> #NUM!
A11: =Q15 -> 0 | B11: =U15 -> 0 | D11: =CONCATENATE(VLOOKUP(Tableau3[[#This Row],[Nom ND]],liste_groupe[],3,FALSE),VLOOKUP(Tableau3[[#This Row],[Nom ND]],liste_groupe[],4,FALSE)) -> #N/A | E11: =HLOOKUP(Tableau3[[#This Row],[Nom ND]],'pooled normalised values'!$B$74:$L$83,4,FALSE) -> #N/A | F11: =HLOOKUP(Tableau3[[#This Row],[Nom ND]],'pooled normalised values'!$B$74:$L$83,8,FALSE) -> #N/A | G11: =VLOOKUP(Tableau3[[#This Row],[Nom ND]],'summary results'!$A$6:$N$26,9,FALSE) -> #N/A | H11: =VLOOKUP(Tableau3[[#This Row],[Nom ND]],'summary results'!$A$6:$N$26,11,FALSE) -> #N/A | I11: =HLOOKUP(Tableau3[[#This Row],[Nom D]],'pooled normalised values'!$B$74:$L$83,4,FALSE) -> #N/A | J11: =HLOOKUP(Tableau3[[#This Row],[Nom D]],'pooled normalised values'!$B$74:$L$83,8,FALSE) -> #N/A | K11: =VLOOKUP(Tableau3[[#This Row],[Nom D]],'summary results'!$A$29:$N$51,9,FALSE) -> #N/A | L11: =VLOOKUP(Tableau3[[#This Row],[Nom D]],'summary results'!$A$29:$N$51,11,FALSE) -> #N/A | M11: ='summary results'!$G$30 -> #NUM! | N11: ='summary results'!$G$31 -> #NUM!
A12: =Q16 -> 0 | B12: =U16 -> 0 | D12: =CONCATENATE(VLOOKUP(Tableau3[[#This Row],[Nom ND]],liste_groupe[],3,FALSE),VLOOKUP(Tableau3[[#This Row],[Nom ND]],liste_groupe[],4,FALSE)) -> #N/A | E12: =HLOOKUP(Tableau3[[#This Row],[Nom ND]],'pooled normalised values'!$B$74:$L$83,4,FALSE) -> #N/A | F12: =HLOOKUP(Tableau3[[#This Row],[Nom ND]],'pooled normalised values'!$B$74:$L$83,8,FALSE) -> #N/A | G12: =VLOOKUP(Tableau3[[#This Row],[Nom ND]],'summary results'!$A$6:$N$26,9,FALSE) -> #N/A | H12: =VLOOKUP(Tableau3[[#This Row],[Nom ND]],'summary results'!$A$6:$N$26,11,FALSE) -> #N/A | I12: =HLOOKUP(Tableau3[[#This Row],[Nom D]],'pooled normalised values'!$B$74:$L$83,4,FALSE) -> #N/A | J12: =HLOOKUP(Tableau3[[#This Row],[Nom D]],'pooled normalised values'!$B$74:$L$83,8,FALSE) -> #N/A | K12: =VLOOKUP(Tableau3[[#This Row],[Nom D]],'summary results'!$A$29:$N$51,9,FALSE) -> #N/A | L12: =VLOOKUP(Tableau3[[#This Row],[Nom D]],'summary results'!$A$29:$N$51,11,FALSE) -> #N/A | M12: ='summary results'!$G$30 -> #NUM! | N12: ='summary results'!$G$31 -> #NUM!
A13: =Q17 -> 0 | B13: =U17 -> 0 | D13: =CONCATENATE(VLOOKUP(Tableau3[[#This Row],[Nom ND]],liste_groupe[],3,FALSE),VLOOKUP(Tableau3[[#This Row],[Nom ND]],liste_groupe[],4,FALSE)) -> #N/A | E13: =HLOOKUP(Tableau3[[#This Row],[Nom ND]],'pooled normalised values'!$B$74:$L$83,4,FALSE) -> #N/A | F13: =HLOOKUP(Tableau3[[#This Row],[Nom ND]],'pooled normalised values'!$B$74:$L$83,8,FALSE) -> #N/A | G13: =VLOOKUP(Tableau3[[#This Row],[Nom ND]],'summary results'!$A$6:$N$26,9,FALSE) -> #N/A | H13: =VLOOKUP(Tableau3[[#This Row],[Nom ND]],'summary results'!$A$6:$N$26,11,FALSE) -> #N/A | I13: =HLOOKUP(Tableau3[[#This Row],[Nom D]],'pooled normalised values'!$B$74:$L$83,4,FALSE) -> #N/A | J13: =HLOOKUP(Tableau3[[#This Row],[Nom D]],'pooled normalised values'!$B$74:$L$83,8,FALSE) -> #N/A | K13: =VLOOKUP(Tableau3[[#This Row],[Nom D]],'summary results'!$A$29:$N$51,9,FALSE) -> #N/A | L13: =VLOOKUP(Tableau3[[#This Row],[Nom D]],'summary results'!$A$29:$N$51,11,FALSE) -> #N/A | M13: ='summary results'!$G$30 -> #NUM! | N13: ='summary results'!$G$31 -> #NUM!
A14: =Q18 -> 0 | B14: =U18 -> 0 | D14: =CONCATENATE(VLOOKUP(Tableau3[[#This Row],[Nom ND]],liste_groupe[],3,FALSE),VLOOKUP(Tableau3[[#This Row],[Nom ND]],liste_groupe[],4,FALSE)) -> #N/A | E14: =HLOOKUP(Tableau3[[#This Row],[Nom ND]],'pooled normalised values'!$B$74:$L$83,4,FALSE) -> #N/A | F14: =HLOOKUP(Tableau3[[#This Row],[Nom ND]],'pooled normalised values'!$B$74:$L$83,8,FALSE) -> #N/A | G14: =VLOOKUP(Tableau3[[#This Row],[Nom ND]],'summary results'!$A$6:$N$26,9,FALSE) -> #N/A | H14: =VLOOKUP(Tableau3[[#This Row],[Nom ND]],'summary results'!$A$6:$N$26,11,FALSE) -> #N/A | I14: =HLOOKUP(Tableau3[[#This Row],[Nom D]],'pooled normalised values'!$B$74:$L$83,4,FALSE) -> #N/A | J14: =HLOOKUP(Tableau3[[#This Row],[Nom D]],'pooled normalised values'!$B$74:$L$83,8,FALSE) -> #N/A | K14: =VLOOKUP(Tableau3[[#This Row],[Nom D]],'summary results'!$A$29:$N$51,9,FALSE) -> #N/A | L14: =VLOOKUP(Tableau3[[#This Row],[Nom D]],'summary results'!$A$29:$N$51,11,FALSE) -> #N/A | M14: ='summary results'!$G$30 -> #NUM! | N14: ='summary results'!$G$31 -> #NUM!
A15: =Q19 -> 0 | B15: =U19 -> 0 | D15: =CONCATENATE(VLOOKUP(Tableau3[[#This Row],[Nom ND]],liste_groupe[],3,FALSE),VLOOKUP(Tableau3[[#This Row],[Nom ND]],liste_groupe[],4,FALSE)) -> #N/A | E15: =HLOOKUP(Tableau3[[#This Row],[Nom ND]],'pooled normalised values'!$B$74:$L$83,4,FALSE) -> #N/A | F15: =HLOOKUP(Tableau3[[#This Row],[Nom ND]],'pooled normalised values'!$B$74:$L$83,8,FALSE) -> #N/A | G15: =VLOOKUP(Tableau3[[#This Row],[Nom ND]],'summary results'!$A$6:$N$26,9,FALSE) -> #N/A | H15: =VLOOKUP(Tableau3[[#This Row],[Nom ND]],'summary results'!$A$6:$N$26,11,FALSE) -> #N/A | I15: =HLOOKUP(Tableau3[[#This Row],[Nom D]],'pooled normalised values'!$B$74:$L$83,4,FALSE) -> #N/A | J15: =HLOOKUP(Tableau3[[#This Row],[Nom D]],'pooled normalised values'!$B$74:$L$83,8,FALSE) -> #N/A | K15: =VLOOKUP(Tableau3[[#This Row],[Nom D]],'summary results'!$A$29:$N$51,9,FALSE) -> #N/A | L15: =VLOOKUP(Tableau3[[#This Row],[Nom D]],'summary results'!$A$29:$N$51,11,FALSE) -> #N/A | M15: ='summary results'!$G$30 -> #NUM! | N15: ='summary results'!$G$31 -> #NUM!
