Workbook

Sheet Front page
A2: R1 | B2: Experiment number : | C2: Prochloraz_01 | E2: Date performed : 01-09-2021
A3: R2 | B3: Experiment number : | C3: Prochloraz_02 | E3: Date performed : 15-09-2021
A4: R3 | B4: Experiment number : | C4: Prochloraz_03 | E4: Date performed : 17-09-2021
A5: 2. Expérimentateur 1 : copier et coller la dilution appliquée et le nom donné pour chaque des échantillons par le client. Conserver la mise en forme de l'exemple en italique. Ne pas remplir la colonne "nom sur graphique".
A6: Do not fill in | B6: Do not fill in2 | C6: Concentration | D6: Units | E6: Chemical name | F6: Do not fill in3
A7: =IF(ISBLANK(liste_groupe[[#This Row],[Do not fill in2]])," ",IF(ISBLANK(liste_groupe[[#This Row],[Units]]),CONCATENATE(liste_groupe[[#This Row],[Chemical name]],liste_groupe[[#This Row],[Do not fill in3]]),CONCATENATE(liste_groupe[[#This Row],[Chemical name]],"-",liste_groupe[[#This Row],[Concentration]],liste_groupe[[#This Row],[Units]],liste_groupe[[#This Row],[Do not fill in3]]))) -> Solvent control | B7: Témoin | E7: Solvent control
A8: =IF(ISBLANK(liste_groupe[[#This Row],[Do not fill in2]])," ",IF(ISBLANK(liste_groupe[[#This Row],[Units]]),CONCATENATE(liste_groupe[[#This Row],[Chemical name]],liste_groupe[[#This Row],[Do not fill in3]]),CONCATENATE(liste_groupe[[#This Row],[Chemical name]],"-",liste_groupe[[#This Row],[Concentration]],liste_groupe[[#This Row],[Units]],liste_groupe[[#This Row],[Do not fill in3]]))) -> EE2-33.8ng/L | B8: Témoin | C8: 33.8 | D8: ng/L | E8: EE2
A9: =IF(ISBLANK(liste_groupe[[#This Row],[Do not fill in2]])," ",IF(ISBLANK(liste_groupe[[#This Row],[Units]]),CONCATENATE(liste_groupe[[#This Row],[Chemical name]],liste_groupe[[#This Row],[Do not fill in3]]),CONCATENATE(liste_groupe[[#This Row],[Chemical name]],"-",liste_groupe[[#This Row],[Concentration]],liste_groupe[[#This Row],[Units]],liste_groupe[[#This Row],[Do not fill in3]]))) -> EE2-50.6ng/L | B9: Témoin | C9: 50.6 | D9: ng/L | E9: EE2
A10: =IF(ISBLANK(liste_groupe[[#This Row],[Do not fill in2]])," ",IF(ISBLANK(liste_groupe[[#This Row],[Units]]),CONCATENATE(liste_groupe[[#This Row],[Chemical name]],liste_groupe[[#This Row],[Do not fill in3]]),CONCATENATE(liste_groupe[[#This Row],[Chemical name]],"-",liste_groupe[[#This Row],[Concentration]],liste_groupe[[#This Row],[Units]],liste_groupe[[#This Row],[Do not fill in3]]))) -> EE2-76ng/L | B10: Témoin | C10: 76 | D10: ng/L | E10: EE2
A11: =IF(ISBLANK(liste_groupe[[#This Row],[Do not fill in2]])," ",IF(ISBLANK(liste_groupe[[#This Row],[Units]]),CONCATENATE(liste_groupe[[#This Row],[Chemical name]],liste_groupe[[#This Row],[Do not fill in3]]),CONCATENATE(liste_groupe[[#This Row],[Chemical name]],"-",liste_groupe[[#This Row],[Concentration]],liste_groupe[[#This Row],[Units]],liste_groupe[[#This Row],[Do not fill in3]]))) -> EE2-114ng/L | B11: Témoin | C11: 114 | D11: ng/L | E11: EE2
A12: =IF(ISBLANK(liste_groupe[[#This Row],[Do not fill in2]])," ",IF(ISBLANK(liste_groupe[[#This Row],[Units]]),CONCATENATE(liste_groupe[[#This Row],[Chemical name]],liste_groupe[[#This Row],[Do not fill in3]]),CONCATENATE(liste_groupe[[#This Row],[Chemical name]],"-",liste_groupe[[#This Row],[Concentration]],liste_groupe[[#This Row],[Units]],liste_groupe[[#This Row],[Do not fill in3]]))) -> EE2-170.9ng/L | B12: Témoin | C12: 170.9 | D12: ng/L | E12: EE2
A13: =IF(ISBLANK(liste_groupe[[#This Row],[Do not fill in2]])," ",IF(ISBLANK(liste_groupe[[#This Row],[Units]]),CONCATENATE(liste_groupe[[#This Row],[Chemical name]],liste_groupe[[#This Row],[Do not fill in3]]),CONCATENATE(liste_groupe[[#This Row],[Chemical name]],"-",liste_groupe[[#This Row],[Concentration]],liste_groupe[[#This Row],[Units]],liste_groupe[[#This Row],[Do not fill in3]]))) -> EE2-488ng/L | B13: Témoin | C13: 488 | D13: ng/L | E13: EE2
A14: =IF(ISBLANK(liste_groupe[[#This Row],[Do not fill in2]])," ",IF(ISBLANK(liste_groupe[[#This Row],[Units]]),CONCATENATE(liste_groupe[[#This Row],[Chemical name]],liste_groupe[[#This Row],[Do not fill in3]]),CONCATENATE(liste_groupe[[#This Row],[Chemical name]],"-",liste_groupe[[#This Row],[Concentration]],liste_groupe[[#This Row],[Units]],liste_groupe[[#This Row],[Do not fill in3]]))) -> Prochloraz-0.063mg/L | B14: test chemical | C14: 0.063 | D14: mg/L | E14: Prochloraz
A15: =IF(ISBLANK(liste_groupe[[#This Row],[Do not fill in2]])," ",IF(ISBLANK(liste_groupe[[#This Row],[Units]]),CONCATENATE(liste_groupe[[#This Row],[Chemical name]],liste_groupe[[#This Row],[Do not fill in3]]),CONCATENATE(liste_groupe[[#This Row],[Chemical name]],"-",liste_groupe[[#This Row],[Concentration]],liste_groupe[[#This Row],[Units]],liste_groupe[[#This Row],[Do not fill in3]]))) -> Prochloraz-0.13mg/L | B15: test chemical | C15: 0.13 | D15: mg/L | E15: Prochloraz
A16: =IF(ISBLANK(liste_groupe[[#This Row],[Do not fill in2]])," ",IF(ISBLANK(liste_groupe[[#This Row],[Units]]),CONCATENATE(liste_groupe[[#This Row],[Chemical name]],liste_groupe[[#This Row],[Do not fill in3]]),CONCATENATE(liste_groupe[[#This Row],[Chemical name]],"-",liste_groupe[[#This Row],[Concentration]],liste_groupe[[#This Row],[Units]],liste_groupe[[#This Row],[Do not fill in3]]))) -> Prochloraz-0.25mg/L | B16: test chemical | C16: 0.25 | D16: mg/L | E16: Prochloraz
A17: =IF(ISBLANK(liste_groupe[[#This Row],[Do not fill in2]])," ",IF(ISBLANK(liste_groupe[[#This Row],[Units]]),CONCATENATE(liste_groupe[[#This Row],[Chemical name]],liste_groupe[[#This Row],[Do not fill in3]]),CONCATENATE(liste_groupe[[#This Row],[Chemical name]],"-",liste_groupe[[#This Row],[Concentration]],liste_groupe[[#This Row],[Units]],liste_groupe[[#This Row],[Do not fill in3]]))) -> Prochloraz-0.5mg/L | B17: test chemical | C17: 0.5 | D17: mg/L | E17: Prochloraz
A18: =IF(ISBLANK(liste_groupe[[#This Row],[Do not fill in2]])," ",IF(ISBLANK(liste_groupe[[#This Row],[Units]]),CONCATENATE(liste_groupe[[#This Row],[Chemical name]],liste_groupe[[#This Row],[Do not fill in3]]),CONCATENATE(liste_groupe[[#This Row],[Chemical name]],"-",liste_groupe[[#This Row],[Concentration]],liste_groupe[[#This Row],[Units]],liste_groupe[[#This Row],[Do not fill in3]]))) -> Prochloraz-1.0mg/L | B18: test chemical | C18: 1.0 | D18: mg/L | E18: Prochloraz
A19: =IF(ISBLANK(liste_groupe[[#This Row],[Do not fill in2]])," ",IF(ISBLANK(liste_groupe[[#This Row],[Units]]),CONCATENATE(liste_groupe[[#This Row],[Chemical name]],liste_groupe[[#This Row],[Do not fill in3]]),CONCATENATE(liste_groupe[[#This Row],[Chemical name]],"-",liste_groupe[[#This Row],[Concentration]],liste_groupe[[#This Row],[Units]],liste_groupe[[#This Row],[Do not fill in3]]))) | B19: test chemical
A20: =IF(ISBLANK(liste_groupe[[#This Row],[Do not fill in2]])," ",IF(ISBLANK(liste_groupe[[#This Row],[Units]]),CONCATENATE(liste_groupe[[#This Row],[Chemical name]],liste_groupe[[#This Row],[Do not fill in3]]),CONCATENATE(liste_groupe[[#This Row],[Chemical name]],"-",liste_groupe[[#This Row],[Concentration]],liste_groupe[[#This Row],[Units]],liste_groupe[[#This Row],[Do not fill in3]]))) | B20: test chemical
A21: =IF(ISBLANK(liste_groupe[[#This Row],[Do not fill in2]])," ",IF(ISBLANK(liste_groupe[[#This Row],[Units]]),CONCATENATE(liste_groupe[[#This Row],[Chemical name]],liste_groupe[[#This Row],[Do not fill in3]]),CONCATENATE(liste_groupe[[#This Row],[Chemical name]],"-",liste_groupe[[#This Row],[Concentration]],liste_groupe[[#This Row],[Units]],liste_groupe[[#This Row],[Do not fill in3]]))) | B21: test chemical
A22: =IF(ISBLANK(liste_groupe[[#This Row],[Do not fill in2]])," ",IF(ISBLANK(liste_groupe[[#This Row],[Units]]),CONCATENATE(liste_groupe[[#This Row],[Chemical name]],liste_groupe[[#This Row],[Do not fill in3]]),CONCATENATE(liste_groupe[[#This Row],[Chemical name]],"-",liste_groupe[[#This Row],[Concentration]],liste_groupe[[#This Row],[Units]],liste_groupe[[#This Row],[Do not fill in3]]))) | B22: test chemical
A23: =IF(ISBLANK(liste_groupe[[#This Row],[Do not fill in2]])," ",IF(ISBLANK(liste_groupe[[#This Row],[Units]]),CONCATENATE(liste_groupe[[#This Row],[Chemical name]],liste_groupe[[#This Row],[Do not fill in3]]),CONCATENATE(liste_groupe[[#This Row],[Chemical name]],"-",liste_groupe[[#This Row],[Concentration]],liste_groupe[[#This Row],[Units]],liste_groupe[[#This Row],[Do not fill in3]]))) | B23: test chemical
A24: =IF(ISBLANK(liste_groupe[[#This Row],[Do not fill in2]])," ",IF(ISBLANK(liste_groupe[[#This Row],[Units]]),CONCATENATE(liste_groupe[[#This Row],[Chemical name]],liste_groupe[[#This Row],[Do not fill in3]]),CONCATENATE(liste_groupe[[#This Row],[Chemical name]],"-",liste_groupe[[#This Row],[Concentration]],liste_groupe[[#This Row],[Units]],liste_groupe[[#This Row],[Do not fill in3]]))) | B24: test chemical
A25: =IF(ISBLANK(liste_groupe[[#This Row],[Do not fill in2]])," ",IF(ISBLANK(liste_groupe[[#This Row],[Units]]),CONCATENATE(liste_groupe[[#This Row],[Chemical name]],liste_groupe[[#This Row],[Do not fill in3]]),CONCATENATE(liste_groupe[[#This Row],[Chemical name]],"-",liste_groupe[[#This Row],[Concentration]],liste_groupe[[#This Row],[Units]],liste_groupe[[#This Row],[Do not fill in3]]))) | B25: test chemical
A26: =IF(ISBLANK(liste_groupe[[#This Row],[Do not fill in2]])," ",IF(ISBLANK(liste_groupe[[#This Row],[Units]]),CONCATENATE(liste_groupe[[#This Row],[Chemical name]],liste_groupe[[#This Row],[Do not fill in3]]),CONCATENATE(liste_groupe[[#This Row],[Chemical name]],"-",liste_groupe[[#This Row],[Concentration]],liste_groupe[[#This Row],[Units]],liste_groupe[[#This Row],[Do not fill in3]]))) | B26: test chemical
A27: =IF(ISBLANK(liste_groupe[[#This Row],[Do not fill in2]])," ",IF(ISBLANK(liste_groupe[[#This Row],[Units]]),CONCATENATE(liste_groupe[[#This Row],[Chemical name]],liste_groupe[[#This Row],[Do not fill in3]]),CONCATENATE(liste_groupe[[#This Row],[Chemical name]],"-",liste_groupe[[#This Row],[Concentration]],liste_groupe[[#This Row],[Units]],liste_groupe[[#This Row],[Do not fill in3]]))) | B27: test chemical
A28: =IF(ISBLANK(liste_groupe[[#This Row],[Do not fill in2]])," ",IF(ISBLANK(liste_groupe[[#This Row],[Units]]),CONCATENATE(liste_groupe[[#This Row],[Chemical name]],liste_groupe[[#This Row],[Do not fill in3]]),CONCATENATE(liste_groupe[[#This Row],[Chemical name]],"-",liste_groupe[[#This Row],[Concentration]],liste_groupe[[#This Row],[Units]],liste_groupe[[#This Row],[Do not fill in3]]))) | B28: test chemical
A29: =IF(ISBLANK(liste_groupe[[#This Row],[Do not fill in2]])," ",IF(ISBLANK(liste_groupe[[#This Row],[Units]]),CONCATENATE(liste_groupe[[#This Row],[Chemical name]],liste_groupe[[#This Row],[Do not fill in3]]),CONCATENATE(liste_groupe[[#This Row],[Chemical name]],"-",liste_groupe[[#This Row],[Concentration]],liste_groupe[[#This Row],[Units]],liste_groupe[[#This Row],[Do not fill in3]]))) | B29: test chemical
A30: =IF(ISBLANK(liste_groupe[[#This Row],[Do not fill in2]])," ",IF(ISBLANK(liste_groupe[[#This Row],[Units]]),CONCATENATE(liste_groupe[[#This Row],[Chemical name]],liste_groupe[[#This Row],[Do not fill in3]]),CONCATENATE(liste_groupe[[#This Row],[Chemical name]],"-",liste_groupe[[#This Row],[Concentration]],liste_groupe[[#This Row],[Units]],liste_groupe[[#This Row],[Do not fill in3]]))) | B30: test chemical
... A34: =IF(ISBLANK(liste_groupe[[#This Row],[Do not fill in2]])," ",IF(ISBLANK(liste_groupe[[#This Row],[Units]]),CONCATENATE(liste_groupe[[#This Row],[Chemical name]],liste_groupe[[#This Row],[Do not fill in3]]),CONCATENATE(liste_groupe[[#This Row],[Chemical name]],"-",liste_groupe[[#This Row],[Concentration]],liste_groupe[[#This Row],[Units]],liste_groupe[[#This Row],[Do not fill in3]]))) | B34: test chemical
A35: =IF(ISBLANK(liste_groupe[[#This Row],[Do not fill in2]])," ",IF(ISBLANK(liste_groupe[[#This Row],[Units]]),CONCATENATE(liste_groupe[[#This Row],[Chemical name]],liste_groupe[[#This Row],[Do not fill in3]]),CONCATENATE(liste_groupe[[#This Row],[Chemical name]],"-",liste_groupe[[#This Row],[Concentration]],liste_groupe[[#This Row],[Units]],liste_groupe[[#This Row],[Do not fill in3]]))) -> Testo -30µg/L | B35: Témoin | C35: 30 | D35: µg/L | E35: Testo
A36: =IF(ISBLANK(liste_groupe[[#This Row],[Do not fill in2]])," ",IF(ISBLANK(liste_groupe[[#This Row],[Units]]),CONCATENATE(liste_groupe[[#This Row],[Chemical name]],liste_groupe[[#This Row],[Do not fill in3]]),CONCATENATE(liste_groupe[[#This Row],[Chemical name]],"-",liste_groupe[[#This Row],[Concentration]],liste_groupe[[#This Row],[Units]],liste_groupe[[#This Row],[Do not fill in3]]))) -> Testo 30µg/L + EE2 -64ng/L | B36: Témoin | C36: 64 | D36: ng/L | E36: Testo 30µg/L + EE2
A37: =IF(ISBLANK(liste_groupe[[#This Row],[Do not fill in2]])," ",IF(ISBLANK(liste_groupe[[#This Row],[Units]]),CONCATENATE(liste_groupe[[#This Row],[Chemical name]],liste_groupe[[#This Row],[Do not fill in3]]),CONCATENATE(liste_groupe[[#This Row],[Chemical name]],"-",liste_groupe[[#This Row],[Concentration]],liste_groupe[[#This Row],[Units]],liste_groupe[[#This Row],[Do not fill in3]]))) -> Testo 30µg/L + FAD-10mg/L | B37: Témoin | C37: 10 | D37: mg/L | E37: Testo 30µg/L + FAD
A38: =IF(ISBLANK(liste_groupe[[#This Row],[Do not fill in2]])," ",IF(ISBLANK(liste_groupe[[#This Row],[Units]]),CONCATENATE(liste_groupe[[#This Row],[Chemical name]],liste_groupe[[#This Row],[Do not fill in3]]),CONCATENATE(liste_groupe[[#This Row],[Chemical name]],"-",liste_groupe[[#This Row],[Concentration]],liste_groupe[[#This Row],[Units]],liste_groupe[[#This Row],[Do not fill in3]]))) -> Prochloraz-0.063mg/L + Testostérone | B38: =B14 -> test chemical | C38: =C14 -> 0.063 | D38: =D14 -> mg/L | E38: =E14 -> Prochloraz | F38: + Testostérone
A39: =IF(ISBLANK(liste_groupe[[#This Row],[Do not fill in2]])," ",IF(ISBLANK(liste_groupe[[#This Row],[Units]]),CONCATENATE(liste_groupe[[#This Row],[Chemical name]],liste_groupe[[#This Row],[Do not fill in3]]),CONCATENATE(liste_groupe[[#This Row],[Chemical name]],"-",liste_groupe[[#This Row],[Concentration]],liste_groupe[[#This Row],[Units]],liste_groupe[[#This Row],[Do not fill in3]]))) -> Prochloraz-0.13mg/L + Testostérone | B39: =B15 -> test chemical | C39: =C15 -> 0.13 | D39: =D15 -> mg/L | E39: =E15 -> Prochloraz | F39: + Testostérone
A40: =IF(ISBLANK(liste_groupe[[#This Row],[Do not fill in2]])," ",IF(ISBLANK(liste_groupe[[#This Row],[Units]]),CONCATENATE(liste_groupe[[#This Row],[Chemical name]],liste_groupe[[#This Row],[Do not fill in3]]),CONCATENATE(liste_groupe[[#This Row],[Chemical name]],"-",liste_groupe[[#This Row],[Concentration]],liste_groupe[[#This Row],[Units]],liste_groupe[[#This Row],[Do not fill in3]]))) -> Prochloraz-0.25mg/L + Testostérone | B40: =B16 -> test chemical | C40: =C16 -> 0.25 | D40: =D16 -> mg/L | E40: =E16 -> Prochloraz | F40: + Testostérone
A41: =IF(ISBLANK(liste_groupe[[#This Row],[Do not fill in2]])," ",IF(ISBLANK(liste_groupe[[#This Row],[Units]]),CONCATENATE(liste_groupe[[#This Row],[Chemical name]],liste_groupe[[#This Row],[Do not fill in3]]),CONCATENATE(liste_groupe[[#This Row],[Chemical name]],"-",liste_groupe[[#This Row],[Concentration]],liste_groupe[[#This Row],[Units]],liste_groupe[[#This Row],[Do not fill in3]]))) -> Prochloraz-0.5mg/L + Testostérone | B41: =B17 -> test chemical | C41: =C17 -> 0.5 | D41: =D17 -> mg/L | E41: =E17 -> Prochloraz | F41: + Testostérone
A42: =IF(ISBLANK(liste_groupe[[#This Row],[Do not fill in2]])," ",IF(ISBLANK(liste_groupe[[#This Row],[Units]]),CONCATENATE(liste_groupe[[#This Row],[Chemical name]],liste_groupe[[#This Row],[Do not fill in3]]),CONCATENATE(liste_groupe[[#This Row],[Chemical name]],"-",liste_groupe[[#This Row],[Concentration]],liste_groupe[[#This Row],[Units]],liste_groupe[[#This Row],[Do not fill in3]]))) -> Prochloraz-1.0mg/L + Testostérone | B42: =B18 -> test chemical | C42: =C18 -> 1.0 | D42: =D18 -> mg/L | E42: =E18 -> Prochloraz | F42: + Testostérone
A43: =IF(ISBLANK(liste_groupe[[#This Row],[Do not fill in2]])," ",IF(ISBLANK(liste_groupe[[#This Row],[Units]]),CONCATENATE(liste_groupe[[#This Row],[Chemical name]],liste_groupe[[#This Row],[Do not fill in3]]),CONCATENATE(liste_groupe[[#This Row],[Chemical name]],"-",liste_groupe[[#This Row],[Concentration]],liste_groupe[[#This Row],[Units]],liste_groupe[[#This Row],[Do not fill in3]]))) -> 0-00 + Testostérone | B43: =B19 -> test chemical | C43: =C19 -> 0 | D43: =D19 -> 0 | E43: =E19 -> 0 | F43: + Testostérone
A44: =IF(ISBLANK(liste_groupe[[#This Row],[Do not fill in2]])," ",IF(ISBLANK(liste_groupe[[#This Row],[Units]]),CONCATENATE(liste_groupe[[#This Row],[Chemical name]],liste_groupe[[#This Row],[Do not fill in3]]),CONCATENATE(liste_groupe[[#This Row],[Chemical name]],"-",liste_groupe[[#This Row],[Concentration]],liste_groupe[[#This Row],[Units]],liste_groupe[[#This Row],[Do not fill in3]]))) -> 0-00 + Testostérone | B44: =B20 -> test chemical | C44: =C20 -> 0 | D44: =D20 -> 0 | E44: =E20 -> 0 | F44: + Testostérone
A45: =IF(ISBLANK(liste_groupe[[#This Row],[Do not fill in2]])," ",IF(ISBLANK(liste_groupe[[#This Row],[Units]]),CONCATENATE(liste_groupe[[#This Row],[Chemical name]],liste_groupe[[#This Row],[Do not fill in3]]),CONCATENATE(liste_groupe[[#This Row],[Chemical name]],"-",liste_groupe[[#This Row],[Concentration]],liste_groupe[[#This Row],[Units]],liste_groupe[[#This Row],[Do not fill in3]]))) -> 0-00 + Testostérone | B45: =B21 -> test chemical | C45: =C21 -> 0 | D45: =D21 -> 0 | E45: =E21 -> 0 | F45: + Testostérone
A46: =IF(ISBLANK(liste_groupe[[#This Row],[Do not fill in2]])," ",IF(ISBLANK(liste_groupe[[#This Row],[Units]]),CONCATENATE(liste_groupe[[#This Row],[Chemical name]],liste_groupe[[#This Row],[Do not fill in3]]),CONCATENATE(liste_groupe[[#This Row],[Chemical name]],"-",liste_groupe[[#This Row],[Concentration]],liste_groupe[[#This Row],[Units]],liste_groupe[[#This Row],[Do not fill in3]]))) -> 0-00 + Testostérone | B46: =B22 -> test chemical | C46: =C22 -> 0 | D46: =D22 -> 0 | E46: =E22 -> 0 | F46: + Testostérone
A47: =IF(ISBLANK(liste_groupe[[#This Row],[Do not fill in2]])," ",IF(ISBLANK(liste_groupe[[#This Row],[Units]]),CONCATENATE(liste_groupe[[#This Row],[Chemical name]],liste_groupe[[#This Row],[Do not fill in3]]),CONCATENATE(liste_groupe[[#This Row],[Chemical name]],"-",liste_groupe[[#This Row],[Concentration]],liste_groupe[[#This Row],[Units]],liste_groupe[[#This Row],[Do not fill in3]]))) -> 0-00 + Testostérone | B47: =B23 -> test chemical | C47: =C23 -> 0 | D47: =D23 -> 0 | E47: =E23 -> 0 | F47: + Testostérone
A48: =IF(ISBLANK(liste_groupe[[#This Row],[Do not fill in2]])," ",IF(ISBLANK(liste_groupe[[#This Row],[Units]]),CONCATENATE(liste_groupe[[#This Row],[Chemical name]],liste_groupe[[#This Row],[Do not fill in3]]),CONCATENATE(liste_groupe[[#This Row],[Chemical name]],"-",liste_groupe[[#This Row],[Concentration]],liste_groupe[[#This Row],[Units]],liste_groupe[[#This Row],[Do not fill in3]]))) -> 0-00 + Testostérone | B48: =B24 -> test chemical | C48: =C24 -> 0 | D48: =D24 -> 0 | E48: =E24 -> 0 | F48: + Testostérone
A49: =IF(ISBLANK(liste_groupe[[#This Row],[Do not fill in2]])," ",IF(ISBLANK(liste_groupe[[#This Row],[Units]]),CONCATENATE(liste_groupe[[#This Row],[Chemical name]],liste_groupe[[#This Row],[Do not fill in3]]),CONCATENATE(liste_groupe[[#This Row],[Chemical name]],"-",liste_groupe[[#This Row],[Concentration]],liste_groupe[[#This Row],[Units]],liste_groupe[[#This Row],[Do not fill in3]]))) -> 0-00 + Testostérone | B49: =B25 -> test chemical | C49: =C25 -> 0 | D49: =D25 -> 0 | E49: =E25 -> 0 | F49: + Testostérone
... A57: =IF(ISBLANK(liste_groupe[[#This Row],[Do not fill in2]])," ",IF(ISBLANK(liste_groupe[[#This Row],[Units]]),CONCATENATE(liste_groupe[[#This Row],[Chemical name]],liste_groupe[[#This Row],[Do not fill in3]]),CONCATENATE(liste_groupe[[#This Row],[Chemical name]],"-",liste_groupe[[#This Row],[Concentration]],liste_groupe[[#This Row],[Units]],liste_groupe[[#This Row],[Do not fill in3]]))) -> 0-00 + Testostérone | B57: =B33 -> test chemical | C57: =C33 -> 0 | D57: =D33 -> 0 | E57: =E33 -> 0 | F57: + Testostérone

Sheet R1
A1: 3. Expérimentateur 1 : copier et coller les valeurs des intensités totales de fluorescences obtenues dans le fichier raw data lors du traitement des images.
A3: R1 | B3: Non dopé | O3: avec testo
A4: Noms des groupes | B4: ='Front page'!A7 -> Solvent control | C4: ='Front page'!A8 -> EE2-33.8ng/L | D4: ='Front page'!A9 -> EE2-50.6ng/L | E4: ='Front page'!A10 -> EE2-76ng/L | F4: ='Front page'!A11 -> EE2-114ng/L | G4: ='Front page'!A12 -> EE2-170.9ng/L | H4: ='Front page'!A13 -> EE2-488ng/L | I4: ='Front page'!A14 -> Prochloraz-0.063mg/L | J4: ='Front page'!A15 -> Prochloraz-0.13mg/L | K4: ='Front page'!A16 -> Prochloraz-0.25mg/L | L4: ='Front page'!A17 -> Prochloraz-0.5mg/L | M4: ='Front page'!A18 -> Prochloraz-1.0mg/L | O4: ='Front page'!A35 -> Testo -30µg/L | P4: ='Front page'!A36 -> Testo 30µg/L + EE2 -64ng/L | Q4: ='Front page'!A37 -> Testo 30µg/L + FAD-10mg/L | R4: ='Front page'!A38 -> Prochloraz-0.063mg/L + Testostérone | S4: ='Front page'!A39 -> Prochloraz-0.13mg/L + Testostérone | T4: ='Front page'!A40 -> Prochloraz-0.25mg/L + Testostérone | U4: ='Front page'!A41 -> Prochloraz-0.5mg/L + Testostérone | V4: ='Front page'!A42 -> Prochloraz-1.0mg/L + Testostérone | W4: ='Front page'!A43 -> 0-00 + Testostérone | X4: ='Front page'!A44 -> 0-00 + Testostérone | Y4: ='Front page'!A45 -> 0-00 + Testostérone | Z4: ='Front page'!A46 -> 0-00 + Testostérone | AA4: ='Front page'!A47 -> 0-00 + Testostérone | AB4: ='Front page'!A48 -> 0-00 + Testostérone | AC4: ='Front page'!A49 -> 0-00 + Testostérone | AD4: ='Front page'!A50 -> 0-00 + Testostérone | AE4: ='Front page'!A51 -> 0-00 + Testostérone | AF4: ='Front page'!A52 -> 0-00 + Testostérone | AG4: ='Front page'!A53 -> 0-00 + Testostérone | AH4: ='Front page'!A54 -> 0-00 + Testostérone | AI4: ='Front page'!A55 -> 0-00 + Testostérone | AJ4: ='Front page'!A56 -> 0-00 + Testostérone | AK4: ='Front page'!A57 -> 0-00 + Testostérone
A5: Données brutes | B5: 0 | C5: 0 | D5: 0 | E5: 0 | F5: 841 | G5: 165441 | H5: 156931 | I5: 0 | J5: 0 | K5: 0 | L5: 0 | M5: 2041 | O5: 0 | P5: 230263 | Q5: 0 | R5: 10964 | S5: 0 | T5: 160 | U5: 0 | V5: 5472
B6: 413 | C6: 402 | D6: 0 | E6: 0 | F6: 128071 | G6: 266292 | H6: 286760 | I6: 0 | J6: 0 | K6: 0 | L6: 80 | M6: 841 | O6: 110643 | P6: 251514 | Q6: 0 | R6: 43264 | S6: 241 | T6: 1626 | U6: 80 | V6: 0
B7: 0 | C7: 82 | D7: 0 | E7: 322 | F7: 63763 | G7: 240013 | H7: 260200 | I7: 8515 | J7: 7800 | K7: 18063 | L7: 0 | M7: 5404 | O7: 21268 | P7: 255082 | Q7: 0 | R7: 0 | S7: 0 | T7: 0 | U7: 0 | V7: 84
B8: 0 | C8: 0 | D8: 11307 | E8: 0 | F8: 0 | G8: 222169 | H8: 193671 | I8: 570 | J8: 1535 | K8: 0 | L8: 1395 | M8: 0 | O8: 97611 | P8: 172537 | Q8: 4342 | R8: 74374 | S8: 404 | T8: 0 | U8: 0 | V8: 81
B9: 0 | C9: 81 | D9: 0 | E9: 255 | F9: 182835 | G9: 116056 | H9: 340831 | I9: 6889 | J9: 0 | K9: 5812 | L9: 0 | M9: 12527 | O9: 238539 | P9: 194599 | Q9: 0 | R9: 510 | S9: 12378 | T9: 0 | U9: 0 | V9: 0
B10: 4412 | C10: 0 | D10: 0 | E10: 249333 | F10: 71495 | G10: 134293 | H10: 204993 | I10: 0 | J10: 0 | K10: 405 | L10: 0 | M10: 0 | O10: 136199 | P10: 206544 | Q10: 819 | R10: 1463 | S10: 15399 | T10: 0 | U10: 0 | V10: 0
B11: 0 | C11: 0 | D11: 5836 | E11: 80 | F11: 3967 | G11: 218940 | H11: 276626 | I11: 7969 | J11: 0 | K11: 0 | L11: 20529 | M11: 0 | O11: 154618 | P11: 124267 | Q11: 0 | R11: 11152 | S11: 0 | T11: 2053 | U11: 0 | V11: 0
B12: 1237 | C12: 15885 | D12: 0 | E12: 246730 | F12: 0 | G12: 147158 | H12: 306586 | I12: 0 | J12: 0 | K12: 0 | L12: 0 | M12: 723 | O12: 189521 | P12: 186430 | Q12: 0 | R12: 8752 | S12: 0 | T12: 0 | U12: 0 | V12: 325
O13: 93987
O14: 125914
O15: 0
O16: 209100
O17: 68435
O18: 170717
O19: 189227
O20: 152068
A22: =A4 -> Noms des groupes | B22: =B4 -> Solvent control | C22: =C4 -> EE2-33.8ng/L | D22: =D4 -> EE2-50.6ng/L | E22: =E4 -> EE2-76ng/L | F22: =F4 -> EE2-114ng/L | G22: =G4 -> EE2-170.9ng/L | H22: =H4 -> EE2-488ng/L | ... M22: =M4 -> Prochloraz-1.0mg/L | O22: =O4 -> Testo -30µg/L | P22: =P4 -> Testo 30µg/L + EE2 -64ng/L | Q22: =Q4 -> Testo 30µg/L + FAD-10mg/L | R22: =R4 -> Prochloraz-0.063mg/L + Testostérone | S22: =S4 -> Prochloraz-0.13mg/L + Testostérone | T22: =T4 -> Prochloraz-0.25mg/L + Testostérone | U22: =U4 -> Prochloraz-0.5mg/L + Testostérone | V22: =V4 -> Prochloraz-1.0mg/L + Testostérone | ... AK22: =AK4 -> 0-00 + Testostérone
A23: mean | B23: =AVERAGE(B5:B20) -> 757.75 | C23: =AVERAGE(C5:C20) -> 2056.25 | D23: =AVERAGE(D5:D20) -> 2142.875 | E23: =AVERAGE(E5:E20) -> 62090 | F23: =AVERAGE(F5:F20) -> 56371.5 | G23: =AVERAGE(G5:G20) -> 188795.25 | H23: =AVERAGE(H5:H20) -> 253324.75 | I23: =AVERAGE(I5:I20) -> 2992.875 | ... M23: =AVERAGE(M5:M20) -> 2692 | O23: =AVERAGE(O5:O20) -> 122365.44 | P23: =AVERAGE(P5:P20) -> 202654.5 | Q23: =AVERAGE(Q5:Q20) -> 645.125 | R23: =AVERAGE(R5:R20) -> 18809.875 | S23: =AVERAGE(S5:S20) -> 3552.75 | T23: =AVERAGE(T5:T20) -> 479.875 | U23: =AVERAGE(U5:U20) -> 10 | V23: =AVERAGE(V5:V20) -> 745.25 | ... AK23: =AVERAGE(AK5:AK20) -> #DIV/0!
A24: SD | B24: =STDEV(B5:B20) -> 1538.6915 | C24: =STDEV(C5:C20) -> 5589.3112 | D24: =STDEV(D5:D20) -> 4228.6749 | E24: =STDEV(E5:E20) -> 114767.76 | F24: =STDEV(F5:F20) -> 69284.661 | G24: =STDEV(G5:G20) -> 55022.194 | H24: =STDEV(H5:H20) -> 62551.146 | I24: =STDEV(I5:I20) -> 4002.41 | ... M24: =STDEV(M5:M20) -> 4367.8979 | O24: =STDEV(O5:O20) -> 72615.49 | P24: =STDEV(P5:P20) -> 43577.583 | Q24: =STDEV(Q5:Q20) -> 1521.0069 | R24: =STDEV(R5:R20) -> 26447.654 | S24: =STDEV(S5:S20) -> 6431.9417 | T24: =STDEV(T5:T20) -> 848.70026 | U24: =STDEV(U5:U20) -> 28.284271 | V24: =STDEV(V5:V20) -> 1913.0695 | ... AK24: =STDEV(AK5:AK20) -> #DIV/0!
B26: Non dopé | O26: avec testo
A27: Noms des groupes | B27: =B4 -> Solvent control | C27: =C4 -> EE2-33.8ng/L | D27: =D4 -> EE2-50.6ng/L | E27: =E4 -> EE2-76ng/L | F27: =F4 -> EE2-114ng/L | G27: =G4 -> EE2-170.9ng/L | H27: =H4 -> EE2-488ng/L | I27: =I4 -> Prochloraz-0.063mg/L | ... M27: =M4 -> Prochloraz-1.0mg/L | O27: =O4 -> Testo -30µg/L | P27: =P4 -> Testo 30µg/L + EE2 -64ng/L | Q27: =Q4 -> Testo 30µg/L + FAD-10mg/L | R27: =R4 -> Prochloraz-0.063mg/L + Testostérone | S27: =S4 -> Prochloraz-0.13mg/L + Testostérone | T27: =T4 -> Prochloraz-0.25mg/L + Testostérone | U27: =U4 -> Prochloraz-0.5mg/L + Testostérone | V27: =V4 -> Prochloraz-1.0mg/L + Testostérone | ... AK27: =AK4 -> 0-00 + Testostérone
A28: Données normalisées sur la moyenne du groupe "Testo" | B28: =IF(B5="","",(B5/$O$23)) -> 0 | C28: =IF(C5="","",(C5/$O$23)) -> 0 | D28: =IF(D5="","",(D5/$O$23)) -> 0 | E28: =IF(E5="","",(E5/$O$23)) -> 0 | F28: =IF(F5="","",(F5/$O$23)) -> 0.0068728557 | G28: =IF(G5="","",(G5/$O$23)) -> 1.3520239 | H28: =IF(H5="","",(H5/$O$23)) -> 1.2824782 | I28: =IF(I5="","",(I5/$O$23)) -> 0 | ... M28: =IF(M5="","",(M5/$O$23)) -> 0.016679546 | O28: =IF(O5="","",(O5/$O$23)) -> 0 | P28: =IF(P5="","",(P5/$O$23)) -> 1.881765 | Q28: =IF(Q5="","",(Q5/$O$23)) -> 0 | R28: =IF(R5="","",(R5/$O$23)) -> 0.089600464 | S28: =IF(S5="","",(S5/$O$23)) -> 0 | T28: =IF(T5="","",(T5/$O$23)) -> 0.0013075588 | U28: =IF(U5="","",(U5/$O$23)) -> 0 | V28: =IF(V5="","",(V5/$O$23)) -> 0.04471851 | ... AK28: =IF(AK5="","",(AK5/$O$23))
B29: =IF(B6="","",(B6/$O$23)) -> 0.0033751361 | C29: =IF(C6="","",(C6/$O$23)) -> 0.0032852414 | D29: =IF(D6="","",(D6/$O$23)) -> 0 | E29: =IF(E6="","",(E6/$O$23)) -> 0 | F29: =IF(F6="","",(F6/$O$23)) -> 1.0466272 | G29: =IF(G6="","",(G6/$O$23)) -> 2.1762027 | H29: =IF(H6="","",(H6/$O$23)) -> 2.3434722 | I29: =IF(I6="","",(I6/$O$23)) -> 0 | ... M29: =IF(M6="","",(M6/$O$23)) -> 0.0068728557 | O29: =IF(O6="","",(O6/$O$23)) -> 0.9042014 | P29: =IF(P6="","",(P6/$O$23)) -> 2.0554333 | Q29: =IF(Q6="","",(Q6/$O$23)) -> 0 | R29: =IF(R6="","",(R6/$O$23)) -> 0.35356389 | S29: =IF(S6="","",(S6/$O$23)) -> 0.0019695104 | T29: =IF(T6="","",(T6/$O$23)) -> 0.013288066 | U29: =IF(U6="","",(U6/$O$23)) -> 0.00065377938 | V29: =IF(V6="","",(V6/$O$23)) -> 0 | ... AK29: =IF(AK6="","",(AK6/$O$23))
B30: =IF(B7="","",(B7/$O$23)) -> 0 | C30: =IF(C7="","",(C7/$O$23)) -> 0.00067012387 | D30: =IF(D7="","",(D7/$O$23)) -> 0 | E30: =IF(E7="","",(E7/$O$23)) -> 0.002631462 | F30: =IF(F7="","",(F7/$O$23)) -> 0.52108668 | G30: =IF(G7="","",(G7/$O$23)) -> 1.9614444 | H30: =IF(H7="","",(H7/$O$23)) -> 2.1264174 | I30: =IF(I7="","",(I7/$O$23)) -> 0.069586643 | ... M30: =IF(M7="","",(M7/$O$23)) -> 0.044162797 | O30: =IF(O7="","",(O7/$O$23)) -> 0.17380725 | P30: =IF(P7="","",(P7/$O$23)) -> 2.0845919 | Q30: =IF(Q7="","",(Q7/$O$23)) -> 0 | R30: =IF(R7="","",(R7/$O$23)) -> 0 | S30: =IF(S7="","",(S7/$O$23)) -> 0 | T30: =IF(T7="","",(T7/$O$23)) -> 0 | U30: =IF(U7="","",(U7/$O$23)) -> 0 | V30: =IF(V7="","",(V7/$O$23)) -> 0.00068646835 | ... AK30: =IF(AK7="","",(AK7/$O$23))
B31: =IF(B8="","",(B8/$O$23)) -> 0 | C31: =IF(C8="","",(C8/$O$23)) -> 0 | D31: =IF(D8="","",(D8/$O$23)) -> 0.092403543 | E31: =IF(E8="","",(E8/$O$23)) -> 0 | F31: =IF(F8="","",(F8/$O$23)) -> 0 | G31: =IF(G8="","",(G8/$O$23)) -> 1.8156189 | H31: =IF(H8="","",(H8/$O$23)) -> 1.5827263 | I31: =IF(I8="","",(I8/$O$23)) -> 0.0046581781 | ... M31: =IF(M8="","",(M8/$O$23)) -> 0 | O31: =IF(O8="","",(O8/$O$23)) -> 0.79770074 | P31: =IF(P8="","",(P8/$O$23)) -> 1.4100142 | Q31: =IF(Q8="","",(Q8/$O$23)) -> 0.035483876 | R31: =IF(R8="","",(R8/$O$23)) -> 0.60780235 | S31: =IF(S8="","",(S8/$O$23)) -> 0.0033015859 | T31: =IF(T8="","",(T8/$O$23)) -> 0 | U31: =IF(U8="","",(U8/$O$23)) -> 0 | V31: =IF(V8="","",(V8/$O$23)) -> 0.00066195162 | ... AK31: =IF(AK8="","",(AK8/$O$23))
B32: =IF(B9="","",(B9/$O$23)) -> 0 | C32: =IF(C9="","",(C9/$O$23)) -> 0.00066195162 | D32: =IF(D9="","",(D9/$O$23)) -> 0 | E32: =IF(E9="","",(E9/$O$23)) -> 0.0020839218 | F32: =IF(F9="","",(F9/$O$23)) -> 1.4941719 | G32: =IF(G9="","",(G9/$O$23)) -> 0.94843775 | H32: =IF(H9="","",(H9/$O$23)) -> 2.7853535 | I32: =IF(I9="","",(I9/$O$23)) -> 0.056298577 | ... M32: =IF(M9="","",(M9/$O$23)) -> 0.10237368 | O32: =IF(O9="","",(O9/$O$23)) -> 1.9493985 | P32: =IF(P9="","",(P9/$O$23)) -> 1.5903102 | Q32: =IF(Q9="","",(Q9/$O$23)) -> 0 | R32: =IF(R9="","",(R9/$O$23)) -> 0.0041678436 | S32: =IF(S9="","",(S9/$O$23)) -> 0.10115601 | T32: =IF(T9="","",(T9/$O$23)) -> 0 | U32: =IF(U9="","",(U9/$O$23)) -> 0 | V32: =IF(V9="","",(V9/$O$23)) -> 0 | ... AK32: =IF(AK9="","",(AK9/$O$23))
B33: =IF(B10="","",(B10/$O$23)) -> 0.036055933 | C33: =IF(C10="","",(C10/$O$23)) -> 0 | D33: =IF(D10="","",(D10/$O$23)) -> 0 | E33: =IF(E10="","",(E10/$O$23)) -> 2.0376097 | F33: =IF(F10="","",(F10/$O$23)) -> 0.58427446 | G33: =IF(G10="","",(G10/$O$23)) -> 1.0974749 | H33: =IF(H10="","",(H10/$O$23)) -> 1.6752525 | I33: =IF(I10="","",(I10/$O$23)) -> 0 | ... M33: =IF(M10="","",(M10/$O$23)) -> 0 | O33: =IF(O10="","",(O10/$O$23)) -> 1.1130512 | P33: =IF(P10="","",(P10/$O$23)) -> 1.6879276 | Q33: =IF(Q10="","",(Q10/$O$23)) -> 0.0066930664 | R33: =IF(R10="","",(R10/$O$23)) -> 0.01195599 | S33: =IF(S10="","",(S10/$O$23)) -> 0.12584436 | T33: =IF(T10="","",(T10/$O$23)) -> 0 | U33: =IF(U10="","",(U10/$O$23)) -> 0 | V33: =IF(V10="","",(V10/$O$23)) -> 0 | ... AK33: =IF(AK10="","",(AK10/$O$23))
B34: =IF(B11="","",(B11/$O$23)) -> 0 | C34: =IF(C11="","",(C11/$O$23)) -> 0 | D34: =IF(D11="","",(D11/$O$23)) -> 0.047693206 | E34: =IF(E11="","",(E11/$O$23)) -> 0.00065377938 | F34: =IF(F11="","",(F11/$O$23)) -> 0.032419285 | G34: =IF(G11="","",(G11/$O$23)) -> 1.7892307 | H34: =IF(H11="","",(H11/$O$23)) -> 2.2606547 | I34: =IF(I11="","",(I11/$O$23)) -> 0.065124599 | ... M34: =IF(M11="","",(M11/$O$23)) -> 0 | O34: =IF(O11="","",(O11/$O$23)) -> 1.2635758 | P34: =IF(P11="","",(P11/$O$23)) -> 1.01554 | Q34: =IF(Q11="","",(Q11/$O$23)) -> 0 | R34: =IF(R11="","",(R11/$O$23)) -> 0.091136846 | S34: =IF(S11="","",(S11/$O$23)) -> 0 | T34: =IF(T11="","",(T11/$O$23)) -> 0.016777613 | U34: =IF(U11="","",(U11/$O$23)) -> 0 | V34: =IF(V11="","",(V11/$O$23)) -> 0 | ... AK34: =IF(AK11="","",(AK11/$O$23))
B35: =IF(B12="","",(B12/$O$23)) -> 0.010109064 | C35: =IF(C12="","",(C12/$O$23)) -> 0.12981607 | D35: =IF(D12="","",(D12/$O$23)) -> 0 | E35: =IF(E12="","",(E12/$O$23)) -> 2.0163373 | F35: =IF(F12="","",(F12/$O$23)) -> 0 | G35: =IF(G12="","",(G12/$O$23)) -> 1.2026108 | H35: =IF(H12="","",(H12/$O$23)) -> 2.5054951 | I35: =IF(I12="","",(I12/$O$23)) -> 0 | ... M35: =IF(M12="","",(M12/$O$23)) -> 0.0059085312 | O35: =IF(O12="","",(O12/$O$23)) -> 1.5488115 | P35: =IF(P12="","",(P12/$O$23)) -> 1.5235511 | Q35: =IF(Q12="","",(Q12/$O$23)) -> 0 | R35: =IF(R12="","",(R12/$O$23)) -> 0.071523464 | S35: =IF(S12="","",(S12/$O$23)) -> 0 | T35: =IF(T12="","",(T12/$O$23)) -> 0 | U35: =IF(U12="","",(U12/$O$23)) -> 0 | V35: =IF(V12="","",(V12/$O$23)) -> 0.0026559787 | ... AK35: =IF(AK12="","",(AK12/$O$23))
B36: =IF(B13="","",(B13/$O$23)) | C36: =IF(C13="","",(C13/$O$23)) | D36: =IF(D13="","",(D13/$O$23)) | E36: =IF(E13="","",(E13/$O$23)) | F36: =IF(F13="","",(F13/$O$23)) | G36: =IF(G13="","",(G13/$O$23)) | H36: =IF(H13="","",(H13/$O$23)) | I36: =IF(I13="","",(I13/$O$23)) | ... M36: =IF(M13="","",(M13/$O$23)) | O36: =IF(O13="","",(O13/$O$23)) -> 0.76808453 | P36: =IF(P13="","",(P13/$O$23)) | Q36: =IF(Q13="","",(Q13/$O$23)) | R36: =IF(R13="","",(R13/$O$23)) | S36: =IF(S13="","",(S13/$O$23)) | T36: =IF(T13="","",(T13/$O$23)) | U36: =IF(U13="","",(U13/$O$23)) | V36: =IF(V13="","",(V13/$O$23)) | ... AK36: =IF(AK13="","",(AK13/$O$23))
B37: =IF(B14="","",(B14/$O$23)) | C37: =IF(C14="","",(C14/$O$23)) | D37: =IF(D14="","",(D14/$O$23)) | E37: =IF(E14="","",(E14/$O$23)) | F37: =IF(F14="","",(F14/$O$23)) | G37: =IF(G14="","",(G14/$O$23)) | H37: =IF(H14="","",(H14/$O$23)) | I37: =IF(I14="","",(I14/$O$23)) | ... M37: =IF(M14="","",(M14/$O$23)) | O37: =IF(O14="","",(O14/$O$23)) -> 1.0289997 | P37: =IF(P14="","",(P14/$O$23)) | Q37: =IF(Q14="","",(Q14/$O$23)) | R37: =IF(R14="","",(R14/$O$23)) | S37: =IF(S14="","",(S14/$O$23)) | T37: =IF(T14="","",(T14/$O$23)) | U37: =IF(U14="","",(U14/$O$23)) | V37: =IF(V14="","",(V14/$O$23)) | ... AK37: =IF(AK14="","",(AK14/$O$23))
B38: =IF(B15="","",(B15/$O$23)) | C38: =IF(C15="","",(C15/$O$23)) | D38: =IF(D15="","",(D15/$O$23)) | E38: =IF(E15="","",(E15/$O$23)) | F38: =IF(F15="","",(F15/$O$23)) | G38: =IF(G15="","",(G15/$O$23)) | H38: =IF(H15="","",(H15/$O$23)) | I38: =IF(I15="","",(I15/$O$23)) | ... M38: =IF(M15="","",(M15/$O$23)) | O38: =IF(O15="","",(O15/$O$23)) -> 0 | P38: =IF(P15="","",(P15/$O$23)) | Q38: =IF(Q15="","",(Q15/$O$23)) | R38: =IF(R15="","",(R15/$O$23)) | S38: =IF(S15="","",(S15/$O$23)) | T38: =IF(T15="","",(T15/$O$23)) | U38: =IF(U15="","",(U15/$O$23)) | V38: =IF(V15="","",(V15/$O$23)) | ... AK38: =IF(AK15="","",(AK15/$O$23))
B39: =IF(B16="","",(B16/$O$23)) | C39: =IF(C16="","",(C16/$O$23)) | D39: =IF(D16="","",(D16/$O$23)) | E39: =IF(E16="","",(E16/$O$23)) | F39: =IF(F16="","",(F16/$O$23)) | G39: =IF(G16="","",(G16/$O$23)) | H39: =IF(H16="","",(H16/$O$23)) | I39: =IF(I16="","",(I16/$O$23)) | ... M39: =IF(M16="","",(M16/$O$23)) | O39: =IF(O16="","",(O16/$O$23)) -> 1.7088159 | P39: =IF(P16="","",(P16/$O$23)) | Q39: =IF(Q16="","",(Q16/$O$23)) | R39: =IF(R16="","",(R16/$O$23)) | S39: =IF(S16="","",(S16/$O$23)) | T39: =IF(T16="","",(T16/$O$23)) | U39: =IF(U16="","",(U16/$O$23)) | V39: =IF(V16="","",(V16/$O$23)) | ... AK39: =IF(AK16="","",(AK16/$O$23))
B40: =IF(B17="","",(B17/$O$23)) | C40: =IF(C17="","",(C17/$O$23)) | D40: =IF(D17="","",(D17/$O$23)) | E40: =IF(E17="","",(E17/$O$23)) | F40: =IF(F17="","",(F17/$O$23)) | G40: =IF(G17="","",(G17/$O$23)) | H40: =IF(H17="","",(H17/$O$23)) | I40: =IF(I17="","",(I17/$O$23)) | ... M40: =IF(M17="","",(M17/$O$23)) | O40: =IF(O17="","",(O17/$O$23)) -> 0.5592674 | P40: =IF(P17="","",(P17/$O$23)) | Q40: =IF(Q17="","",(Q17/$O$23)) | R40: =IF(R17="","",(R17/$O$23)) | S40: =IF(S17="","",(S17/$O$23)) | T40: =IF(T17="","",(T17/$O$23)) | U40: =IF(U17="","",(U17/$O$23)) | V40: =IF(V17="","",(V17/$O$23)) | ... AK40: =IF(AK17="","",(AK17/$O$23))
... B43: =IF(B20="","",(B20/$O$23)) | C43: =IF(C20="","",(C20/$O$23)) | D43: =IF(D20="","",(D20/$O$23)) | E43: =IF(E20="","",(E20/$O$23)) | F43: =IF(F20="","",(F20/$O$23)) | G43: =IF(G20="","",(G20/$O$23)) | H43: =IF(H20="","",(H20/$O$23)) | I43: =IF(I20="","",(I20/$O$23)) | ... M43: =IF(M20="","",(M20/$O$23)) | O43: =IF(O20="","",(O20/$O$23)) -> 1.2427365 | P43: =IF(P20="","",(P20/$O$23)) | Q43: =IF(Q20="","",(Q20/$O$23)) | R43: =IF(R20="","",(R20/$O$23)) | S43: =IF(S20="","",(S20/$O$23)) | T43: =IF(T20="","",(T20/$O$23)) | U43: =IF(U20="","",(U20/$O$23)) | V43: =IF(V20="","",(V20/$O$23)) | ... AK43: =IF(AK20="","",(AK20/$O$23))
A45: =A4 -> Noms des groupes | B45: =B4 -> Solvent control | C45: =C4 -> EE2-33.8ng/L | D45: =D4 -> EE2-50.6ng/L | E45: =E4 -> EE2-76ng/L | F45: =F4 -> EE2-114ng/L | G45: =G4 -> EE2-170.9ng/L | H45: =H4 -> EE2-488ng/L | ... M45: =M4 -> Prochloraz-1.0mg/L | O45: =O4 -> Testo -30µg/L | P45: =P4 -> Testo 30µg/L + EE2 -64ng/L | Q45: =Q4 -> Testo 30µg/L + FAD-10mg/L | R45: =R4 -> Prochloraz-0.063mg/L + Testostérone | S45: =S4 -> Prochloraz-0.13mg/L + Testostérone | T45: =T4 -> Prochloraz-0.25mg/L + Testostérone | U45: =U4 -> Prochloraz-0.5mg/L + Testostérone | V45: =V4 -> Prochloraz-1.0mg/L + Testostérone | ... AK45: =AK4 -> 0-00 + Testostérone
A46: mean | B46: =AVERAGE(B28:B43) -> 0.0061925166 | C46: =AVERAGE(C28:C43) -> 0.016804173 | D46: =AVERAGE(D28:D43) -> 0.017512094 | E46: =AVERAGE(E28:E43) -> 0.50741452 | F46: =AVERAGE(F28:F43) -> 0.46068155 | G46: =AVERAGE(G28:G43) -> 1.5428805 | H46: =AVERAGE(H28:H43) -> 2.0702312 | I46: =AVERAGE(I28:I43) -> 0.0244585 | ... M46: =AVERAGE(M28:M43) -> 0.021999676 | O46: =AVERAGE(O28:O43) -> 1 | P46: =AVERAGE(P28:P43) -> 1.6561417 | Q46: =AVERAGE(Q28:Q43) -> 0.0052721178 | R46: =AVERAGE(R28:R43) -> 0.15371886 | S46: =AVERAGE(S28:S43) -> 0.029033934 | T46: =AVERAGE(T28:T43) -> 0.0039216548 | U46: =AVERAGE(U28:U43) -> 8.1722423e-05 | V46: =AVERAGE(V28:V43) -> 0.0060903635 | ... AK46: =AVERAGE(AK28:AK43) -> #DIV/0!
A47: SD | B47: =STDEV(B28:B43) -> 0.01257456 | C47: =STDEV(C28:C43) -> 0.045677206 | D47: =STDEV(D28:D43) -> 0.034557756 | E47: =STDEV(E28:E43) -> 0.93790992 | F47: =STDEV(F28:F43) -> 0.56621103 | G47: =STDEV(G28:G43) -> 0.4496547 | H47: =STDEV(H28:H43) -> 0.51118312 | I47: =STDEV(I28:I43) -> 0.032708664 | ... M47: =STDEV(M28:M43) -> 0.03569552 | O47: =STDEV(O28:O43) -> 0.59343137 | P47: =STDEV(P28:P43) -> 0.35612657 | Q47: =STDEV(Q28:Q43) -> 0.012430037 | R47: =STDEV(R28:R43) -> 0.21613663 | S47: =STDEV(S28:S43) -> 0.052563386 | T47: =STDEV(T28:T43) -> 0.0069357841 | U47: =STDEV(U28:U43) -> 0.00023114592 | V47: =STDEV(V28:V43) -> 0.015634068 | ... AK47: =STDEV(AK28:AK43) -> #DIV/0!
A48: SEM | B48: =B47/SQRT(COUNT(B28:B43)) -> 0.0044457783 | C48: =C47/SQRT(COUNT(C28:C43)) -> 0.016149331 | D48: =D47/SQRT(COUNT(D28:D43)) -> 0.012218012 | E48: =E47/SQRT(COUNT(E28:E43)) -> 0.33160123 | F48: =F47/SQRT(COUNT(F28:F43)) -> 0.20018583 | G48: =G47/SQRT(COUNT(G28:G43)) -> 0.15897694 | H48: =H47/SQRT(COUNT(H28:H43)) -> 0.18073052 | I48: =I47/SQRT(COUNT(I28:I43)) -> 0.011564259 | ... M48: =M47/SQRT(COUNT(M28:M43)) -> 0.012620272 | O48: =O47/SQRT(COUNT(O28:O43)) -> 0.14835784 | P48: =P47/SQRT(COUNT(P28:P43)) -> 0.12590976 | Q48: =Q47/SQRT(COUNT(Q28:Q43)) -> 0.0043946818 | R48: =R47/SQRT(COUNT(R28:R43)) -> 0.07641584 | S48: =S47/SQRT(COUNT(S28:S43)) -> 0.018583963 | T48: =T47/SQRT(COUNT(T28:T43)) -> 0.00245217 | U48: =U47/SQRT(COUNT(U28:U43)) -> 8.1722423e-05 | V48: =V47/SQRT(COUNT(V28:V43)) -> 0.0055274777 | ... AK48: =AK47/SQRT(COUNT(AK28:AK43)) -> #DIV/0!
A50: 4. Expérimentateur 1 : réaliser les tests statistiques avec les données normalisées et renseigner les résultats ainsi que le test statistique utilisé dans le tableau violet.
A52: =A27 -> Noms des groupes | B52: =B27 -> Solvent control | C52: =C27 -> EE2-33.8ng/L | D52: =D27 -> EE2-50.6ng/L | E52: =E27 -> EE2-76ng/L | F52: =F27 -> EE2-114ng/L | G52: =G27 -> EE2-170.9ng/L | H52: =H27 -> EE2-488ng/L | I52: =I4 -> Prochloraz-0.063mg/L | J52: =J4 -> Prochloraz-0.13mg/L | K52: =K27 -> Prochloraz-0.25mg/L | L52: =L27 -> Prochloraz-0.5mg/L | M52: =M27 -> Prochloraz-1.0mg/L | O52: =O27 -> Testo -30µg/L | P52: =P27 -> Testo 30µg/L + EE2 -64ng/L | Q52: =Q27 -> Testo 30µg/L + FAD-10mg/L | R52: =R27 -> Prochloraz-0.063mg/L + Testostérone | S52: =S27 -> Prochloraz-0.13mg/L + Testostérone | T52: =T27 -> Prochloraz-0.25mg/L + Testostérone | U52: =U27 -> Prochloraz-0.5mg/L + Testostérone | V52: =V27 -> Prochloraz-1.0mg/L + Testostérone | ... AK52: =AK27 -> 0-00 + Testostérone
A53: Mean | B53: =B46 -> 0.0061925166 | C53: =C46 -> 0.016804173 | D53: =D46 -> 0.017512094 | E53: =E46 -> 0.50741452 | F53: =F46 -> 0.46068155 | G53: =G46 -> 1.5428805 | H53: =H46 -> 2.0702312 | I53: =I46 -> 0.0244585 | ... M53: =M46 -> 0.021999676 | O53: =O46 -> 1 | P53: =P46 -> 1.6561417 | Q53: =Q46 -> 0.0052721178 | R53: =R46 -> 0.15371886 | S53: =S46 -> 0.029033934 | T53: =T46 -> 0.0039216548 | U53: =U46 -> 8.1722423e-05 | V53: =V46 -> 0.0060903635 | ... AK53: =AK46 -> #DIV/0!
A54: SEM | B54: =B48 -> 0.0044457783 | C54: =C48 -> 0.016149331 | D54: =D48 -> 0.012218012 | E54: =E48 -> 0.33160123 | F54: =F48 -> 0.20018583 | G54: =G48 -> 0.15897694 | H54: =H48 -> 0.18073052 | I54: =I48 -> 0.011564259 | ... M54: =M48 -> 0.012620272 | O54: =O48 -> 0.14835784 | P54: =P48 -> 0.12590976 | Q54: =Q48 -> 0.0043946818 | R54: =R48 -> 0.07641584 | S54: =S48 -> 0.018583963 | T54: =T48 -> 0.00245217 | U54: =U48 -> 8.1722423e-05 | V54: =V48 -> 0.0055274777 | ... AK54: =AK48 -> #DIV/0!
A55: % induction | B55: =(B53*100/$B$53)-100 -> 0 | C55: =(C53*100/$B$53)-100 -> 171.36259 | D55: =(D53*100/$B$53)-100 -> 182.79446 | E55: =(E53*100/$B$53)-100 -> 8093.9954 | F55: =(F53*100/$B$53)-100 -> 7339.327 | G55: =(G53*100/$B$53)-100 -> 24815.242 | H55: =(H53*100/$B$53)-100 -> 33331.178 | I55: =(I53*100/$B$53)-100 -> 294.96866 | ... M55: =(M53*100/$B$53)-100 -> 255.26229 | O55: =(O53*100/$O$53)-100 -> 0 | P55: =(P53*100/$O$53)-100 -> 65.614167 | Q55: =(Q53*100/$O$53)-100 -> -99.472788 | R55: =(R53*100/$O$53)-100 -> -84.628114 | S55: =(S53*100/$O$53)-100 -> -97.096607 | T55: =(T53*100/$O$53)-100 -> -99.607835 | U55: =(U53*100/$O$53)-100 -> -99.991828 | V55: =(V53*100/$O$53)-100 -> -99.390964 | ... AK55: =(AK53*100/$O$53)-100 -> #DIV/0!
A56: Test de normalité : valeur du p | B56: =[1]!SWTEST(B28:B43) -> #NAME? | C56: =[1]!SWTEST(C28:C43) -> #NAME? | D56: =[1]!SWTEST(D28:D43) -> #NAME? | E56: =[1]!SWTEST(E28:E43) -> #NAME? | F56: =[1]!SWTEST(F28:F43) -> #NAME? | G56: =[1]!SWTEST(G28:G43) -> #NAME? | H56: =[1]!SWTEST(H28:H43) -> #NAME? | I56: =[1]!SWTEST(I28:I43) -> #NAME? | ... M56: =[1]!SWTEST(M28:M43) -> #NAME? | O56: =[1]!SWTEST(O28:O43) -> #NAME? | P56: =[1]!SWTEST(P28:P43) -> #NAME? | Q56: =[1]!SWTEST(Q28:Q43) -> #NAME? | R56: =[1]!SWTEST(R28:R43) -> #NAME? | S56: =[1]!SWTEST(S28:S43) -> #NAME? | T56: =[1]!SWTEST(T28:T43) -> #NAME? | U56: =[1]!SWTEST(U28:U43) -> #NAME? | V56: =[1]!SWTEST(V28:V43) -> #NAME? | ... AK56: =[1]!SWTEST(AK28:AK43) -> #NAME?
A57: Test de normalité : résultat normal? | B57: =IF(B56>0.05,"Oui","Non") -> #NAME? | C57: =IF(C56>0.05,"Oui","Non") -> #NAME? | D57: =IF(D56>0.05,"Oui","Non") -> #NAME? | E57: =IF(E56>0.05,"Oui","Non") -> #NAME? | F57: =IF(F56>0.05,"Oui","Non") -> #NAME? | G57: =IF(G56>0.05,"Oui","Non") -> #NAME? | H57: =IF(H56>0.05,"Oui","Non") -> #NAME? | I57: =IF(I56>0.05,"Oui","Non") -> #NAME? | ... M57: =IF(M56>0.05,"Oui","Non") -> #NAME? | O57: =IF(O56>0.05,"Oui","Non") -> #NAME? | P57: =IF(P56>0.05,"Oui","Non") -> #NAME? | Q57: =IF(Q56>0.05,"Oui","Non") -> #NAME? | R57: =IF(R56>0.05,"Oui","Non") -> #NAME? | S57: =IF(S56>0.05,"Oui","Non") -> #NAME? | T57: =IF(T56>0.05,"Oui","Non") -> #NAME? | U57: =IF(U56>0.05,"Oui","Non") -> #NAME? | V57: =IF(V56>0.05,"Oui","Non") -> #NAME? | ... AK57: =IF(AK56>0.05,"Oui","Non") -> #NAME?
A59: Test statistique utilisé | C59: =IF($B57="Non",IF(C$57="Non","Mann Withney",IF(C$57="Oui","Mann Withney","")),IF($B$57="Oui",IF(C$57="Oui","T-Test Welch",IF(C$57="Non","Mann Withney","")))) -> #NAME? | D59: =IF($B57="Non",IF(D$57="Non","Mann Withney",IF(D$57="Oui","Mann Withney","")),IF($B$57="Oui",IF(D$57="Oui","T-Test Welch",IF(D$57="Non","Mann Withney","")))) -> #NAME? | E59: =IF($B57="Non",IF(E$57="Non","Mann Withney",IF(E$57="Oui","Mann Withney","")),IF($B$57="Oui",IF(E$57="Oui","T-Test Welch",IF(E$57="Non","Mann Withney","")))) -> #NAME? | F59: =IF($B57="Non",IF(F$57="Non","Mann Withney",IF(F$57="Oui","Mann Withney","")),IF($B$57="Oui",IF(F$57="Oui","T-Test Welch",IF(F$57="Non","Mann Withney","")))) -> #NAME? | G59: =IF($B57="Non",IF(G$57="Non","Mann Withney",IF(G$57="Oui","Mann Withney","")),IF($B$57="Oui",IF(G$57="Oui","T-Test Welch",IF(G$57="Non","Mann Withney","")))) -> #NAME? | H59: =IF($B57="Non",IF(H$57="Non","Mann Withney",IF(H$57="Oui","Mann Withney","")),IF($B$57="Oui",IF(H$57="Oui","T-Test Welch",IF(H$57="Non","Mann Withney","")))) -> #NAME? | I59: =IF($B57="Non",IF(I$57="Non","Mann Withney",IF(I$57="Oui","Mann Withney","")),IF($B$57="Oui",IF(I$57="Oui","T-Test Welch",IF(I$57="Non","Mann Withney","")))) -> #NAME? | J59: =IF($B57="Non",IF(J$57="Non","Mann Withney",IF(J$57="Oui","Mann Withney","")),IF($B$57="Oui",IF(J$57="Oui","T-Test Welch",IF(J$57="Non","Mann Withney","")))) -> #NAME? | ... M59: =IF($B57="Non",IF(M$57="Non","Mann Withney",IF(M$57="Oui","Mann Withney","")),IF($B$57="Oui",IF(M$57="Oui","T-Test Welch",IF(M$57="Non","Mann Withney","")))) -> #NAME? | O59: =IF($B57="Non",IF(O$57="Non","Mann Withney",IF(O$57="Oui","Mann Withney","")),IF($B$57="Oui",IF(O$57="Oui","T-Test Welch",IF(O$57="Non","Mann Withney","")))) -> #NAME? | P59: =IF($O57="Non",IF(P$57="Non","Mann Withney",IF(P$57="Oui","Mann Withney","")),IF($O$57="Oui",IF(P$57="Oui","T-Test Welch",IF(P$57="Non","Mann Withney","")))) -> #NAME? | Q59: =IF($O57="Non",IF(Q$57="Non","Mann Withney",IF(Q$57="Oui","Mann Withney","")),IF($O$57="Oui",IF(Q$57="Oui","T-Test Welch",IF(Q$57="Non","Mann Withney","")))) -> #NAME? | R59: =IF($O57="Non",IF(R$57="Non","Mann Withney",IF(R$57="Oui","Mann Withney","")),IF($O$57="Oui",IF(R$57="Oui","T-Test Welch",IF(R$57="Non","Mann Withney","")))) -> #NAME? | S59: =IF($O57="Non",IF(S$57="Non","Mann Withney",IF(S$57="Oui","Mann Withney","")),IF($O$57="Oui",IF(S$57="Oui","T-Test Welch",IF(S$57="Non","Mann Withney","")))) -> #NAME? | T59: =IF($O57="Non",IF(T$57="Non","Mann Withney",IF(T$57="Oui","Mann Withney","")),IF($O$57="Oui",IF(T$57="Oui","T-Test Welch",IF(T$57="Non","Mann Withney","")))) -> #NAME? | U59: =IF($O57="Non",IF(U$57="Non","Mann Withney",IF(U$57="Oui","Mann Withney","")),IF($O$57="Oui",IF(U$57="Oui","T-Test Welch",IF(U$57="Non","Mann Withney","")))) -> #NAME? | V59: =IF($O57="Non",IF(V$57="Non","Mann Withney",IF(V$57="Oui","Mann Withney","")),IF($O$57="Oui",IF(V$57="Oui","T-Test Welch",IF(V$57="Non","Mann Withney","")))) -> #NAME? | W59: =IF($O57="Non",IF(W$57="Non","Mann Withney",IF(W$57="Oui","Mann Withney","")),IF($O$57="Oui",IF(W$57="Oui","T-Test Welch",IF(W$57="Non","Mann Withney","")))) -> #NAME? | ... AK59: =IF($O57="Non",IF(AK$57="Non","Mann Withney",IF(AK$57="Oui","Mann Withney","")),IF($O$57="Oui",IF(AK$57="Oui","T-Test Welch",IF(AK$57="Non","Mann Withney","")))) -> #NAME?
A60: Test statistique : valeur du p | C60: =IF(C59="Mann Withney",[1]!MTEST($B28:$B43,C28:C43,2), IF(C59="T-Test Welch",_xlfn.T.TEST($B28:$B43,C28:C43,2,3),"")) -> #NAME? | D60: =IF(D59="Mann Withney",[1]!MTEST($B28:$B43,D28:D43,2), IF(D59="T-Test Welch",_xlfn.T.TEST($B28:$B43,D28:D43,2,3),"")) -> #NAME? | E60: =IF(E59="Mann Withney",[1]!MTEST($B28:$B43,E28:E43,2), IF(E59="T-Test Welch",_xlfn.T.TEST($B28:$B43,E28:E43,2,3),"")) -> #NAME? | F60: =IF(F59="Mann Withney",[1]!MTEST($B28:$B43,F28:F43,2), IF(F59="T-Test Welch",_xlfn.T.TEST($B28:$B43,F28:F43,2,3),"")) -> #NAME? | G60: =IF(G59="Mann Withney",[1]!MTEST($B28:$B43,G28:G43,2), IF(G59="T-Test Welch",_xlfn.T.TEST($B28:$B43,G28:G43,2,3),"")) -> #NAME? | H60: =IF(H59="Mann Withney",[1]!MTEST($B28:$B43,H28:H43,2), IF(H59="T-Test Welch",_xlfn.T.TEST($B28:$B43,H28:H43,2,3),"")) -> #NAME? | I60: =IF(I59="Mann Withney",[1]!MTEST($B28:$B43,I28:I43,2), IF(I59="T-Test Welch",_xlfn.T.TEST($B28:$B43,I28:I43,2,3),"")) -> #NAME? | J60: =IF(J59="Mann Withney",[1]!MTEST($B28:$B43,J28:J43,2), IF(J59="T-Test Welch",_xlfn.T.TEST($B28:$B43,J28:J43,2,3),"")) -> #NAME? | ... M60: =IF(M59="Mann Withney",[1]!MTEST($B28:$B43,M28:M43,2), IF(M59="T-Test Welch",_xlfn.T.TEST($B28:$B43,M28:M43,2,3),"")) -> #NAME? | O60: =IF(O59="Mann Withney",[1]!MTEST($B28:$B43,O28:O43,2), IF(O59="T-Test Welch",_xlfn.T.TEST($B28:$B43,O28:O43,2,3),"")) -> #NAME? | P60: =IF(P59="Mann Withney",[1]!MTEST($O28:$O43,P28:P43,2), IF(P59="T-Test Welch",_xlfn.T.TEST($O28:$O43,P28:P43,2,3),"")) -> #NAME? | Q60: =IF(Q59="Mann Withney",[1]!MTEST($O28:$O43,Q28:Q43,2), IF(Q59="T-Test Welch",_xlfn.T.TEST($O28:$O43,Q28:Q43,2,3),"")) -> #NAME? | R60: =IF(R59="Mann Withney",[1]!MTEST($O28:$O43,R28:R43,2), IF(R59="T-Test Welch",_xlfn.T.TEST($O28:$O43,R28:R43,2,3),"")) -> #NAME? | S60: =IF(S59="Mann Withney",[1]!MTEST($O28:$O43,S28:S43,2), IF(S59="T-Test Welch",_xlfn.T.TEST($O28:$O43,S28:S43,2,3),"")) -> #NAME? | T60: =IF(T59="Mann Withney",[1]!MTEST($O28:$O43,T28:T43,2), IF(T59="T-Test Welch",_xlfn.T.TEST($O28:$O43,T28:T43,2,3),"")) -> #NAME? | U60: =IF(U59="Mann Withney",[1]!MTEST($O28:$O43,U28:U43,2), IF(U59="T-Test Welch",_xlfn.T.TEST($O28:$O43,U28:U43,2,3),"")) -> #NAME? | V60: =IF(V59="Mann Withney",[1]!MTEST($O28:$O43,V28:V43,2), IF(V59="T-Test Welch",_xlfn.T.TEST($O28:$O43,V28:V43,2,3),"")) -> #NAME? | W60: =IF(W59="Mann Withney",[1]!MTEST($O28:$O43,W28:W43,2), IF(W59="T-Test Welch",_xlfn.T.TEST($O28:$O43,W28:W43,2,3),"")) -> #NAME? | ... AK60: =IF(AK59="Mann Withney",[1]!MTEST($O28:$O43,AK28:AK43,2), IF(AK59="T-Test Welch",_xlfn.T.TEST($O28:$O43,AK28:AK43,2,3),"")) -> #NAME?
A61: Annotation | C61: =IF(C60>0.05,"NS",IF(C60>0.01,"*",IF(C60>0.001,"**","***"))) -> #NAME? | D61: =IF(D60>0.05,"NS",IF(D60>0.01,"*",IF(D60>0.001,"**","***"))) -> #NAME? | E61: =IF(E60>0.05,"NS",IF(E60>0.01,"*",IF(E60>0.001,"**","***"))) -> #NAME? | F61: =IF(F60>0.05,"NS",IF(F60>0.01,"*",IF(F60>0.001,"**","***"))) -> #NAME? | G61: =IF(G60>0.05,"NS",IF(G60>0.01,"*",IF(G60>0.001,"**","***"))) -> #NAME? | H61: =IF(H60>0.05,"NS",IF(H60>0.01,"*",IF(H60>0.001,"**","***"))) -> #NAME? | I61: =IF(I60>0.05,"NS",IF(I60>0.01,"*",IF(I60>0.001,"**","***"))) -> #NAME? | J61: =IF(J60>0.05,"NS",IF(J60>0.01,"*",IF(J60>0.001,"**","***"))) -> #NAME? | ... M61: =IF(M60>0.05,"NS",IF(M60>0.01,"*",IF(M60>0.001,"**","***"))) -> #NAME? | O61: =IF(O60>0.05,"NS",IF(O60>0.01,"*",IF(O60>0.001,"**","***"))) -> #NAME? | P61: =IF(P60>0.05,"NS",IF(P60>0.01,"*",IF(P60>0.001,"**","***"))) -> #NAME? | Q61: =IF(Q60>0.05,"NS",IF(Q60>0.01,"*",IF(Q60>0.001,"**","***"))) -> #NAME? | R61: =IF(R60>0.05,"NS",IF(R60>0.01,"*",IF(R60>0.001,"**","***"))) -> #NAME? | S61: =IF(S60>0.05,"NS",IF(S60>0.01,"*",IF(S60>0.001,"**","***"))) -> #NAME? | T61: =IF(T60>0.05,"NS",IF(T60>0.01,"*",IF(T60>0.001,"**","***"))) -> #NAME? | U61: =IF(U60>0.05,"NS",IF(U60>0.01,"*",IF(U60>0.001,"**","***"))) -> #NAME? | V61: =IF(V60>0.05,"NS",IF(V60>0.01,"*",IF(V60>0.001,"**","***"))) -> #NAME? | ... AK61: =IF(AK60>0.05,"NS",IF(AK60>0.01,"*",IF(AK60>0.001,"**","***"))) -> #NAME?
A63: Eléments pour la mise en forme conditionnelles des résutats - calcul équivalent hormonal (eqH)
A64: LOD | B64: =B46+(3*B47) -> 0.043916197
A65: LOQ | B65: =B46+(10*B47) -> 0.13193812
A67: 5. Expérimentateur 1 : remplissage du suivi qualité (SQ) et transmission à l'expérimenteur 2.

Sheet R2
A1: 6. Expérimentateur 2 : copier et coller les valeurs des intensités totales de fluorescences obtenues dans le fichier raw data lors du traitement des images. Ne pas supprimer les colonnes correspondant aux concentrations non lues.
A3: R2 | B3: Non dopé | O3: avec testo
A4: Noms des groupes | B4: ='Front page'!A7 -> Solvent control | C4: ='Front page'!A8 -> EE2-33.8ng/L | D4: ='Front page'!A9 -> EE2-50.6ng/L | E4: ='Front page'!A10 -> EE2-76ng/L | F4: ='Front page'!A11 -> EE2-114ng/L | G4: ='Front page'!A12 -> EE2-170.9ng/L | H4: ='Front page'!A13 -> EE2-488ng/L | I4: ='Front page'!A14 -> Prochloraz-0.063mg/L | J4: ='Front page'!A15 -> Prochloraz-0.13mg/L | K4: ='Front page'!A16 -> Prochloraz-0.25mg/L | L4: ='Front page'!A17 -> Prochloraz-0.5mg/L | M4: ='Front page'!A18 -> Prochloraz-1.0mg/L | O4: ='Front page'!A35 -> Testo -30µg/L | P4: ='Front page'!A36 -> Testo 30µg/L + EE2 -64ng/L | Q4: ='Front page'!A37 -> Testo 30µg/L + FAD-10mg/L | R4: ='Front page'!A38 -> Prochloraz-0.063mg/L + Testostérone | S4: ='Front page'!A39 -> Prochloraz-0.13mg/L + Testostérone | T4: ='Front page'!A40 -> Prochloraz-0.25mg/L + Testostérone | U4: ='Front page'!A41 -> Prochloraz-0.5mg/L + Testostérone | V4: ='Front page'!A42 -> Prochloraz-1.0mg/L + Testostérone | W4: ='Front page'!A43 -> 0-00 + Testostérone | X4: ='Front page'!A44 -> 0-00 + Testostérone | Y4: ='Front page'!A45 -> 0-00 + Testostérone | Z4: ='Front page'!A46 -> 0-00 + Testostérone | AA4: ='Front page'!A47 -> 0-00 + Testostérone | AB4: ='Front page'!A48 -> 0-00 + Testostérone | AC4: ='Front page'!A49 -> 0-00 + Testostérone | AD4: ='Front page'!A50 -> 0-00 + Testostérone | AE4: ='Front page'!A51 -> 0-00 + Testostérone | AF4: ='Front page'!A52 -> 0-00 + Testostérone | AG4: ='Front page'!A53 -> 0-00 + Testostérone | AH4: ='Front page'!A54 -> 0-00 + Testostérone | AI4: ='Front page'!A55 -> 0-00 + Testostérone | AJ4: ='Front page'!A56 -> 0-00 + Testostérone | AK4: ='Front page'!A57 -> 0-00 + Testostérone
A5: Données brutes | B5: 26845 | C5: 13590 | D5: 28511 | E5: 277882 | F5: 262927 | G5: 348222 | H5: 285950 | I5: 0 | J5: 2461 | K5: 40408 | L5: 15391 | M5: 1897 | O5: 231768 | P5: 388480 | Q5: 10047 | R5: 116139 | S5: 54908 | T5: 37271 | U5: 23476 | V5: 40700
B6: 12180 | C6: 28850 | D6: 13800 | E6: 263637 | F6: 313319 | G6: 289878 | H6: 343588 | I6: 4263 | J6: 37713 | K6: 1091 | L6: 2337 | M6: 21733 | O6: 338433 | P6: 359984 | Q6: 36014 | R6: 173789 | S6: 4530 | T6: 76636 | U6: 26042 | V6: 3669
B7: 11823 | C7: 200156 | D7: 74335 | E7: 197995 | F7: 189445 | G7: 311846 | H7: 354496 | I7: 11738 | J7: 10207 | K7: 0 | L7: 70624 | M7: 34838 | O7: 181358 | P7: 321057 | Q7: 35801 | R7: 198452 | S7: 142859 | T7: 57786 | U7: 30605 | V7: 196549
B8: 32493 | C8: 5588 | D8: 38928 | E8: 11085 | F8: 330421 | G8: 323298 | H8: 471806 | I8: 34057 | J8: 7804 | K8: 251 | L8: 57924 | M8: 10608 | O8: 251994 | P8: 288305 | Q8: 20954 | R8: 10336 | S8: 39697 | T8: 76784 | U8: 7073 | V8: 729
B9: 9892 | C9: 10998 | D9: 51416 | E9: 180251 | F9: 101761 | G9: 397463 | H9: 465778 | I9: 28401 | J9: 3455 | K9: 13042 | L9: 21144 | M9: 31018 | O9: 290456 | P9: 358008 | Q9: 17500 | R9: 278257 | S9: 121121 | T9: 36031 | U9: 16399 | V9: 126900
B10: 30442 | C10: 8027 | D10: 18895 | E10: 237398 | F10: 306327 | G10: 346056 | H10: 431746 | I10: 13105 | J10: 20290 | K10: 36443 | L10: 7668 | M10: 23922 | O10: 271772 | P10: 302750 | Q10: 53666 | R10: 110035 | S10: 14356 | T10: 34152 | U10: 50141 | V10: 30029
B11: 30282 | C11: 8767 | D11: 39559 | E11: 172279 | F11: 368635 | G11: 292374 | H11: 423648 | I11: 27606 | J11: 22707 | K11: 10238 | L11: 6682 | M11: 22272 | O11: 238751 | P11: 377678 | Q11: 19197 | R11: 187887 | S11: 18506 | T11: 18820 | U11: 35233 | V11: 72340
B12: 21571 | C12: 9519 | D12: 7423 | E12: 280381 | F12: 195040 | G12: 349338 | H12: 359645 | I12: 12727 | K12: 26251 | L12: 18093 | M12: 0 | O12: 275166 | P12: 317767 | Q12: 33133 | R12: 214853 | S12: 24458 | T12: 184119 | U12: 23558 | V12: 26700
O13: 242292
O14: 255389
O15: 338695
O16: 305780
O17: 383153
O18: 207444
O19: 235598
O20: 248680
A22: =A4 -> Noms des groupes | B22: =B4 -> Solvent control | C22: =C4 -> EE2-33.8ng/L | D22: =D4 -> EE2-50.6ng/L | E22: =E4 -> EE2-76ng/L | F22: =F4 -> EE2-114ng/L | G22: =G4 -> EE2-170.9ng/L | H22: =H4 -> EE2-488ng/L | ... M22: =M4 -> Prochloraz-1.0mg/L | N22: Noms des groupes | O22: =O4 -> Testo -30µg/L | P22: =P4 -> Testo 30µg/L + EE2 -64ng/L | Q22: =Q4 -> Testo 30µg/L + FAD-10mg/L | R22: =R4 -> Prochloraz-0.063mg/L + Testostérone | S22: =S4 -> Prochloraz-0.13mg/L + Testostérone | T22: =T4 -> Prochloraz-0.25mg/L + Testostérone | U22: =U4 -> Prochloraz-0.5mg/L + Testostérone | V22: =V4 -> Prochloraz-1.0mg/L + Testostérone | ... AK22: =AK4 -> 0-00 + Testostérone
A23: mean | B23: =AVERAGE(B5:B20) -> 21941 | C23: =AVERAGE(C5:C20) -> 35686.875 | D23: =AVERAGE(D5:D20) -> 34108.375 | E23: =AVERAGE(E5:E20) -> 202613.5 | F23: =AVERAGE(F5:F20) -> 258484.38 | G23: =AVERAGE(G5:G20) -> 332309.38 | H23: =AVERAGE(H5:H20) -> 392082.12 | I23: =AVERAGE(I5:I20) -> 16487.125 | J23: =AVERAGE(J5:J20) -> 14948.143 | L23: =AVERAGE(L5:L20) -> 24982.875 | N23: mean | O23: =AVERAGE(O5:O20) -> 268545.56 | P23: =AVERAGE(P5:P20) -> 339253.62 | Q23: =AVERAGE(Q5:Q20) -> 28289 | R23: =AVERAGE(R5:R20) -> 161218.5 | S23: =AVERAGE(S5:S20) -> 52554.375 | T23: =AVERAGE(T5:T20) -> 65199.875 | U23: =AVERAGE(U5:U20) -> 26565.875 | V23: =AVERAGE(V5:V20) -> 62202 | ... AK23: =AVERAGE(AK5:AK20) -> #DIV/0!
A24: SD | B24: =STDEV(B5:B20) -> 9412.7539 | C24: =STDEV(C5:C20) -> 66842.135 | D24: =STDEV(D5:D20) -> 21902.348 | E24: =STDEV(E5:E20) -> 88456.382 | F24: =STDEV(F5:F20) -> 89424.644 | G24: =STDEV(G5:G20) -> 35601.687 | H24: =STDEV(H5:H20) -> 65940.663 | I24: =STDEV(I5:I20) -> 12210.396 | J24: =STDEV(J5:J20) -> 12705.067 | L24: =STDEV(L5:L20) -> 25269.982 | N24: SD | O24: =STDEV(O5:O20) -> 52314.836 | P24: =STDEV(P5:P20) -> 36649.328 | Q24: =STDEV(Q5:Q20) -> 13985.717 | R24: =STDEV(R5:R20) -> 81282.287 | S24: =STDEV(S5:S20) -> 51742.927 | T24: =STDEV(T5:T20) -> 52382.671 | U24: =STDEV(U5:U20) -> 12814.204 | V24: =STDEV(V5:V20) -> 67929.163 | ... AK24: =STDEV(AK5:AK20) -> #DIV/0!
B26: Non dopé | O26: avec testo
A27: Noms des groupes | B27: =B4 -> Solvent control | C27: =C4 -> EE2-33.8ng/L | D27: =D4 -> EE2-50.6ng/L | E27: =E4 -> EE2-76ng/L | F27: =F4 -> EE2-114ng/L | G27: =G4 -> EE2-170.9ng/L | H27: =H4 -> EE2-488ng/L | I27: =I4 -> Prochloraz-0.063mg/L | ... M27: =M4 -> Prochloraz-1.0mg/L | O27: =O4 -> Testo -30µg/L | P27: =P4 -> Testo 30µg/L + EE2 -64ng/L | Q27: =Q4 -> Testo 30µg/L + FAD-10mg/L | R27: =R4 -> Prochloraz-0.063mg/L + Testostérone | S27: =S4 -> Prochloraz-0.13mg/L + Testostérone | T27: =T4 -> Prochloraz-0.25mg/L + Testostérone | U27: =U4 -> Prochloraz-0.5mg/L + Testostérone | V27: =V4 -> Prochloraz-1.0mg/L + Testostérone | ... AK27: =AK4 -> 0-00 + Testostérone
A28: Données normalisées sur la moyenne du groupe "Testo" | B28: =IF(B5="","",(B5/$O$23)) -> 0.099964415 | C28: =IF(C5="","",(C5/$O$23)) -> 0.050605938 | D28: =IF(D5="","",(D5/$O$23)) -> 0.1061682 | E28: =IF(E5="","",(E5/$O$23)) -> 1.0347667 | F28: =IF(F5="","",(F5/$O$23)) -> 0.97907781 | G28: =IF(G5="","",(G5/$O$23)) -> 1.2966962 | H28: =IF(H5="","",(H5/$O$23)) -> 1.06481 | I28: =IF(I5="","",(I5/$O$23)) -> 0 | ... M28: =IF(M5="","",(M5/$O$23)) -> 0.0070639782 | O28: =IF(O5="","",(O5/$O$23)) -> 0.86304908 | P28: =IF(P5="","",(P5/$O$23)) -> 1.4466074 | Q28: =IF(Q5="","",(Q5/$O$23)) -> 0.037412646 | R28: =IF(R5="","",(R5/$O$23)) -> 0.4324741 | S28: =IF(S5="","",(S5/$O$23)) -> 0.20446437 | T28: =IF(T5="","",(T5/$O$23)) -> 0.13878837 | U28: =IF(U5="","",(U5/$O$23)) -> 0.087419058 | V28: =IF(V5="","",(V5/$O$23)) -> 0.15155715 | ... AK28: =IF(AK5="","",(AK5/$O$23))
B29: =IF(B6="","",(B6/$O$23)) -> 0.045355432 | C29: =IF(C6="","",(C6/$O$23)) -> 0.10743056 | D29: =IF(D6="","",(D6/$O$23)) -> 0.051387928 | E29: =IF(E6="","",(E6/$O$23)) -> 0.98172168 | F29: =IF(F6="","",(F6/$O$23)) -> 1.1667257 | G29: =IF(G6="","",(G6/$O$23)) -> 1.0794369 | H29: =IF(H6="","",(H6/$O$23)) -> 1.2794402 | I29: =IF(I6="","",(I6/$O$23)) -> 0.015874401 | ... M29: =IF(M6="","",(M6/$O$23)) -> 0.080928539 | O29: =IF(O6="","",(O6/$O$23)) -> 1.2602442 | P29: =IF(P6="","",(P6/$O$23)) -> 1.3404951 | Q29: =IF(Q6="","",(Q6/$O$23)) -> 0.1341076 | R29: =IF(R6="","",(R6/$O$23)) -> 0.64714903 | S29: =IF(S6="","",(S6/$O$23)) -> 0.016868646 | T29: =IF(T6="","",(T6/$O$23)) -> 0.28537429 | U29: =IF(U6="","",(U6/$O$23)) -> 0.096974233 | V29: =IF(V6="","",(V6/$O$23)) -> 0.013662486 | ... AK29: =IF(AK6="","",(AK6/$O$23))
B30: =IF(B7="","",(B7/$O$23)) -> 0.044026049 | C30: =IF(C7="","",(C7/$O$23)) -> 0.74533349 | D30: =IF(D7="","",(D7/$O$23)) -> 0.27680591 | E30: =IF(E7="","",(E7/$O$23)) -> 0.73728643 | F30: =IF(F7="","",(F7/$O$23)) -> 0.70544826 | G30: =IF(G7="","",(G7/$O$23)) -> 1.1612406 | H30: =IF(H7="","",(H7/$O$23)) -> 1.320059 | I30: =IF(I7="","",(I7/$O$23)) -> 0.043709529 | ... M30: =IF(M7="","",(M7/$O$23)) -> 0.12972845 | O30: =IF(O7="","",(O7/$O$23)) -> 0.67533419 | P30: =IF(P7="","",(P7/$O$23)) -> 1.1955401 | Q30: =IF(Q7="","",(Q7/$O$23)) -> 0.13331444 | R30: =IF(R7="","",(R7/$O$23)) -> 0.73898819 | S30: =IF(S7="","",(S7/$O$23)) -> 0.53197304 | T30: =IF(T7="","",(T7/$O$23)) -> 0.21518136 | U30: =IF(U7="","",(U7/$O$23)) -> 0.11396576 | V30: =IF(V7="","",(V7/$O$23)) -> 0.73190187 | ... AK30: =IF(AK7="","",(AK7/$O$23))
B31: =IF(B8="","",(B8/$O$23)) -> 0.12099623 | C31: =IF(C8="","",(C8/$O$23)) -> 0.020808387 | D31: =IF(D8="","",(D8/$O$23)) -> 0.14495864 | E31: =IF(E8="","",(E8/$O$23)) -> 0.041277912 | F31: =IF(F8="","",(F8/$O$23)) -> 1.2304095 | G31: =IF(G8="","",(G8/$O$23)) -> 1.2038851 | H31: =IF(H8="","",(H8/$O$23)) -> 1.7568937 | I31: =IF(I8="","",(I8/$O$23)) -> 0.12682019 | ... M31: =IF(M8="","",(M8/$O$23)) -> 0.039501677 | O31: =IF(O8="","",(O8/$O$23)) -> 0.93836591 | P31: =IF(P8="","",(P8/$O$23)) -> 1.0735795 | Q31: =IF(Q8="","",(Q8/$O$23)) -> 0.078027728 | R31: =IF(R8="","",(R8/$O$23)) -> 0.038488813 | S31: =IF(S8="","",(S8/$O$23)) -> 0.14782222 | T31: =IF(T8="","",(T8/$O$23)) -> 0.28592541 | U31: =IF(U8="","",(U8/$O$23)) -> 0.026338175 | V31: =IF(V8="","",(V8/$O$23)) -> 0.0027146231 | ... AK31: =IF(AK8="","",(AK8/$O$23))
B32: =IF(B9="","",(B9/$O$23)) -> 0.036835463 | C32: =IF(C9="","",(C9/$O$23)) -> 0.040953944 | D32: =IF(D9="","",(D9/$O$23)) -> 0.19146099 | E32: =IF(E9="","",(E9/$O$23)) -> 0.67121198 | F32: =IF(F9="","",(F9/$O$23)) -> 0.37893384 | G32: =IF(G9="","",(G9/$O$23)) -> 1.480058 | H32: =IF(H9="","",(H9/$O$23)) -> 1.7344468 | I32: =IF(I9="","",(I9/$O$23)) -> 0.10575859 | ... M32: =IF(M9="","",(M9/$O$23)) -> 0.11550368 | O32: =IF(O9="","",(O9/$O$23)) -> 1.0815893 | P32: =IF(P9="","",(P9/$O$23)) -> 1.3331369 | Q32: =IF(Q9="","",(Q9/$O$23)) -> 0.065165851 | R32: =IF(R9="","",(R9/$O$23)) -> 1.0361631 | S32: =IF(S9="","",(S9/$O$23)) -> 0.45102589 | T32: =IF(T9="","",(T9/$O$23)) -> 0.1341709 | U32: =IF(U9="","",(U9/$O$23)) -> 0.061065988 | V32: =IF(V9="","",(V9/$O$23)) -> 0.47254551 | ... AK32: =IF(AK9="","",(AK9/$O$23))
B33: =IF(B10="","",(B10/$O$23)) -> 0.11335879 | C33: =IF(C10="","",(C10/$O$23)) -> 0.029890645 | D33: =IF(D10="","",(D10/$O$23)) -> 0.0703605 | E33: =IF(E10="","",(E10/$O$23)) -> 0.88401386 | F33: =IF(F10="","",(F10/$O$23)) -> 1.1406891 | G33: =IF(G10="","",(G10/$O$23)) -> 1.2886305 | H33: =IF(H10="","",(H10/$O$23)) -> 1.6077197 | I33: =IF(I10="","",(I10/$O$23)) -> 0.048799913 | ... M33: =IF(M10="","",(M10/$O$23)) -> 0.089079856 | O33: =IF(O10="","",(O10/$O$23)) -> 1.0120145 | P33: =IF(P10="","",(P10/$O$23)) -> 1.1273692 | Q33: =IF(Q10="","",(Q10/$O$23)) -> 0.19983946 | R33: =IF(R10="","",(R10/$O$23)) -> 0.40974425 | S33: =IF(S10="","",(S10/$O$23)) -> 0.05345834 | T33: =IF(T10="","",(T10/$O$23)) -> 0.12717395 | U33: =IF(U10="","",(U10/$O$23)) -> 0.1867132 | V33: =IF(V10="","",(V10/$O$23)) -> 0.11182088 | ... AK33: =IF(AK10="","",(AK10/$O$23))
B34: =IF(B11="","",(B11/$O$23)) -> 0.11276299 | C34: =IF(C11="","",(C11/$O$23)) -> 0.032646229 | D34: =IF(D11="","",(D11/$O$23)) -> 0.14730834 | E34: =IF(E11="","",(E11/$O$23)) -> 0.64152615 | F34: =IF(F11="","",(F11/$O$23)) -> 1.3727093 | G34: =IF(G11="","",(G11/$O$23)) -> 1.0887315 | H34: =IF(H11="","",(H11/$O$23)) -> 1.5775647 | I34: =IF(I11="","",(I11/$O$23)) -> 0.1027982 | ... M34: =IF(M11="","",(M11/$O$23)) -> 0.082935647 | O34: =IF(O11="","",(O11/$O$23)) -> 0.88905211 | P34: =IF(P11="","",(P11/$O$23)) -> 1.4063833 | Q34: =IF(Q11="","",(Q11/$O$23)) -> 0.071485076 | R34: =IF(R11="","",(R11/$O$23)) -> 0.69964664 | S34: =IF(S11="","",(S11/$O$23)) -> 0.068911956 | T34: =IF(T11="","",(T11/$O$23)) -> 0.070081218 | U34: =IF(U11="","",(U11/$O$23)) -> 0.13119934 | V34: =IF(V11="","",(V11/$O$23)) -> 0.26937701 | ... AK34: =IF(AK11="","",(AK11/$O$23))
B35: =IF(B12="","",(B12/$O$23)) -> 0.080325289 | C35: =IF(C12="","",(C12/$O$23)) -> 0.035446499 | D35: =IF(D12="","",(D12/$O$23)) -> 0.027641492 | E35: =IF(E12="","",(E12/$O$23)) -> 1.0440724 | F35: =IF(F12="","",(F12/$O$23)) -> 0.72628271 | G35: =IF(G12="","",(G12/$O$23)) -> 1.3008519 | H35: =IF(H12="","",(H12/$O$23)) -> 1.3392327 | I35: =IF(I12="","",(I12/$O$23)) -> 0.04739233 | ... M35: =IF(M12="","",(M12/$O$23)) -> 0 | O35: =IF(O12="","",(O12/$O$23)) -> 1.0246529 | P35: =IF(P12="","",(P12/$O$23)) -> 1.183289 | Q35: =IF(Q12="","",(Q12/$O$23)) -> 0.12337944 | R35: =IF(R12="","",(R12/$O$23)) -> 0.80006163 | S35: =IF(S12="","",(S12/$O$23)) -> 0.091075793 | T35: =IF(T12="","",(T12/$O$23)) -> 0.6856155 | U35: =IF(U12="","",(U12/$O$23)) -> 0.087724406 | V35: =IF(V12="","",(V12/$O$23)) -> 0.099424469 | ... AK35: =IF(AK12="","",(AK12/$O$23))
B36: =IF(B13="","",(B13/$O$23)) | C36: =IF(C13="","",(C13/$O$23)) | D36: =IF(D13="","",(D13/$O$23)) | E36: =IF(E13="","",(E13/$O$23)) | F36: =IF(F13="","",(F13/$O$23)) | G36: =IF(G13="","",(G13/$O$23)) | H36: =IF(H13="","",(H13/$O$23)) | I36: =IF(I13="","",(I13/$O$23)) | ... M36: =IF(M13="","",(M13/$O$23)) | O36: =IF(O13="","",(O13/$O$23)) -> 0.90223796 | P36: =IF(P13="","",(P13/$O$23)) | Q36: =IF(Q13="","",(Q13/$O$23)) | R36: =IF(R13="","",(R13/$O$23)) | S36: =IF(S13="","",(S13/$O$23)) | T36: =IF(T13="","",(T13/$O$23)) | U36: =IF(U13="","",(U13/$O$23)) | V36: =IF(V13="","",(V13/$O$23)) | ... AK36: =IF(AK13="","",(AK13/$O$23))
B37: =IF(B14="","",(B14/$O$23)) | C37: =IF(C14="","",(C14/$O$23)) | D37: =IF(D14="","",(D14/$O$23)) | E37: =IF(E14="","",(E14/$O$23)) | F37: =IF(F14="","",(F14/$O$23)) | G37: =IF(G14="","",(G14/$O$23)) | H37: =IF(H14="","",(H14/$O$23)) | I37: =IF(I14="","",(I14/$O$23)) | ... M37: =IF(M14="","",(M14/$O$23)) | O37: =IF(O14="","",(O14/$O$23)) -> 0.95100808 | P37: =IF(P14="","",(P14/$O$23)) | Q37: =IF(Q14="","",(Q14/$O$23)) | R37: =IF(R14="","",(R14/$O$23)) | S37: =IF(S14="","",(S14/$O$23)) | T37: =IF(T14="","",(T14/$O$23)) | U37: =IF(U14="","",(U14/$O$23)) | V37: =IF(V14="","",(V14/$O$23)) | ... AK37: =IF(AK14="","",(AK14/$O$23))
B38: =IF(B15="","",(B15/$O$23)) | C38: =IF(C15="","",(C15/$O$23)) | D38: =IF(D15="","",(D15/$O$23)) | E38: =IF(E15="","",(E15/$O$23)) | F38: =IF(F15="","",(F15/$O$23)) | G38: =IF(G15="","",(G15/$O$23)) | H38: =IF(H15="","",(H15/$O$23)) | I38: =IF(I15="","",(I15/$O$23)) | ... M38: =IF(M15="","",(M15/$O$23)) | O38: =IF(O15="","",(O15/$O$23)) -> 1.2612199 | P38: =IF(P15="","",(P15/$O$23)) | Q38: =IF(Q15="","",(Q15/$O$23)) | R38: =IF(R15="","",(R15/$O$23)) | S38: =IF(S15="","",(S15/$O$23)) | T38: =IF(T15="","",(T15/$O$23)) | U38: =IF(U15="","",(U15/$O$23)) | V38: =IF(V15="","",(V15/$O$23)) | ... AK38: =IF(AK15="","",(AK15/$O$23))
B39: =IF(B16="","",(B16/$O$23)) | C39: =IF(C16="","",(C16/$O$23)) | D39: =IF(D16="","",(D16/$O$23)) | E39: =IF(E16="","",(E16/$O$23)) | F39: =IF(F16="","",(F16/$O$23)) | G39: =IF(G16="","",(G16/$O$23)) | H39: =IF(H16="","",(H16/$O$23)) | I39: =IF(I16="","",(I16/$O$23)) | ... M39: =IF(M16="","",(M16/$O$23)) | O39: =IF(O16="","",(O16/$O$23)) -> 1.1386522 | P39: =IF(P16="","",(P16/$O$23)) | Q39: =IF(Q16="","",(Q16/$O$23)) | R39: =IF(R16="","",(R16/$O$23)) | S39: =IF(S16="","",(S16/$O$23)) | T39: =IF(T16="","",(T16/$O$23)) | U39: =IF(U16="","",(U16/$O$23)) | V39: =IF(V16="","",(V16/$O$23)) | ... AK39: =IF(AK16="","",(AK16/$O$23))
B40: =IF(B17="","",(B17/$O$23)) | C40: =IF(C17="","",(C17/$O$23)) | D40: =IF(D17="","",(D17/$O$23)) | E40: =IF(E17="","",(E17/$O$23)) | F40: =IF(F17="","",(F17/$O$23)) | G40: =IF(G17="","",(G17/$O$23)) | H40: =IF(H17="","",(H17/$O$23)) | I40: =IF(I17="","",(I17/$O$23)) | ... M40: =IF(M17="","",(M17/$O$23)) | O40: =IF(O17="","",(O17/$O$23)) -> 1.4267709 | P40: =IF(P17="","",(P17/$O$23)) | Q40: =IF(Q17="","",(Q17/$O$23)) | R40: =IF(R17="","",(R17/$O$23)) | S40: =IF(S17="","",(S17/$O$23)) | T40: =IF(T17="","",(T17/$O$23)) | U40: =IF(U17="","",(U17/$O$23)) | V40: =IF(V17="","",(V17/$O$23)) | ... AK40: =IF(AK17="","",(AK17/$O$23))
... B43: =IF(B20="","",(B20/$O$23)) | C43: =IF(C20="","",(C20/$O$23)) | D43: =IF(D20="","",(D20/$O$23)) | E43: =IF(E20="","",(E20/$O$23)) | F43: =IF(F20="","",(F20/$O$23)) | G43: =IF(G20="","",(G20/$O$23)) | H43: =IF(H20="","",(H20/$O$23)) | I43: =IF(I20="","",(I20/$O$23)) | ... M43: =IF(M20="","",(M20/$O$23)) | O43: =IF(O20="","",(O20/$O$23)) -> 0.92602536 | P43: =IF(P20="","",(P20/$O$23)) | Q43: =IF(Q20="","",(Q20/$O$23)) | R43: =IF(R20="","",(R20/$O$23)) | S43: =IF(S20="","",(S20/$O$23)) | T43: =IF(T20="","",(T20/$O$23)) | U43: =IF(U20="","",(U20/$O$23)) | V43: =IF(V20="","",(V20/$O$23)) | ... AK43: =IF(AK20="","",(AK20/$O$23))
A45: =A4 -> Noms des groupes | B45: =B4 -> Solvent control | C45: =C4 -> EE2-33.8ng/L | D45: =D4 -> EE2-50.6ng/L | E45: =E4 -> EE2-76ng/L | F45: =F4 -> EE2-114ng/L | G45: =G4 -> EE2-170.9ng/L | H45: =H4 -> EE2-488ng/L | ... M45: =M4 -> Prochloraz-1.0mg/L | O45: =O4 -> Testo -30µg/L | P45: =P4 -> Testo 30µg/L + EE2 -64ng/L | Q45: =Q4 -> Testo 30µg/L + FAD-10mg/L | R45: =R4 -> Prochloraz-0.063mg/L + Testostérone | S45: =S4 -> Prochloraz-0.13mg/L + Testostérone | T45: =T4 -> Prochloraz-0.25mg/L + Testostérone | U45: =U4 -> Prochloraz-0.5mg/L + Testostérone | V45: =V4 -> Prochloraz-1.0mg/L + Testostérone | ... AK45: =AK4 -> 0-00 + Testostérone
A46: mean | B46: =AVERAGE(B28:B43) -> 0.081703082 | C46: =AVERAGE(C28:C43) -> 0.13288946 | D46: =AVERAGE(D28:D43) -> 0.1270115 | E46: =AVERAGE(E28:E43) -> 0.75448463 | F46: =AVERAGE(F28:F43) -> 0.96253452 | G46: =AVERAGE(G28:G43) -> 1.2374413 | H46: =AVERAGE(H28:H43) -> 1.4600209 | I46: =AVERAGE(I28:I43) -> 0.061394144 | ... M46: =AVERAGE(M28:M43) -> 0.068092728 | N46: mean | O46: =AVERAGE(O28:O43) -> 1 | P46: =AVERAGE(P28:P43) -> 1.2633001 | Q46: =AVERAGE(Q28:Q43) -> 0.10534153 | R46: =AVERAGE(R28:R43) -> 0.60033947 | S46: =AVERAGE(S28:S43) -> 0.19570003 | T46: =AVERAGE(T28:T43) -> 0.24278887 | U46: =AVERAGE(U28:U43) -> 0.098925019 | V46: =AVERAGE(V28:V43) -> 0.2316255 | ... AK46: =AVERAGE(AK28:AK43) -> #DIV/0!
A47: SD | B47: =STDEV(B28:B43) -> 0.035050864 | C47: =STDEV(C28:C43) -> 0.24890426 | D47: =STDEV(D28:D43) -> 0.081559152 | E47: =STDEV(E28:E43) -> 0.32939059 | F47: =STDEV(F28:F43) -> 0.33299617 | G47: =STDEV(G28:G43) -> 0.13257224 | H47: =STDEV(H28:H43) -> 0.2455474 | I47: =STDEV(I28:I43) -> 0.045468618 | ... M47: =STDEV(M28:M43) -> 0.04788508 | N47: SD | O47: =STDEV(O28:O43) -> 0.19480805 | P47: =STDEV(P28:P43) -> 0.13647341 | Q47: =STDEV(Q28:Q43) -> 0.052079495 | R47: =STDEV(R28:R43) -> 0.30267596 | S47: =STDEV(S28:S43) -> 0.19267839 | T47: =STDEV(T28:T43) -> 0.19506065 | U47: =STDEV(U28:U43) -> 0.047717056 | V47: =STDEV(V28:V43) -> 0.2529521 | ... AK47: =STDEV(AK28:AK43) -> #DIV/0!
A48: SEM | B48: =B47/SQRT(COUNT(B28:B43)) -> 0.012392352 | C48: =C47/SQRT(COUNT(C28:C43)) -> 0.088000945 | D48: =D47/SQRT(COUNT(D28:D43)) -> 0.028835515 | E48: =E47/SQRT(COUNT(E28:E43)) -> 0.11645716 | F48: =F47/SQRT(COUNT(F28:F43)) -> 0.11773192 | G48: =G47/SQRT(COUNT(G28:G43)) -> 0.046871365 | H48: =H47/SQRT(COUNT(H28:H43)) -> 0.086814114 | I48: =I47/SQRT(COUNT(I28:I43)) -> 0.016075584 | ... M48: =M47/SQRT(COUNT(M28:M43)) -> 0.016929933 | N48: SEM | O48: =O47/SQRT(COUNT(O28:O43)) -> 0.048702011 | P48: =P47/SQRT(COUNT(P28:P43)) -> 0.048250636 | Q48: =Q47/SQRT(COUNT(Q28:Q43)) -> 0.018412882 | R48: =R47/SQRT(COUNT(R28:R43)) -> 0.10701211 | S48: =S47/SQRT(COUNT(S28:S43)) -> 0.068122099 | T48: =T47/SQRT(COUNT(T28:T43)) -> 0.068964353 | U48: =U47/SQRT(COUNT(U28:U43)) -> 0.016870527 | V48: =V47/SQRT(COUNT(V28:V43)) -> 0.089432071 | ... AK48: =AK47/SQRT(COUNT(AK28:AK43)) -> #DIV/0!
A50: 7. Expérimentateur 2 : réaliser les tests statistiques avec les données normalisées et renseigner les résultats ainsi que le test statistique utilisé dans le tableau violet.
A52: =A27 -> Noms des groupes | B52: =B27 -> Solvent control | C52: =C27 -> EE2-33.8ng/L | D52: =D27 -> EE2-50.6ng/L | E52: =E27 -> EE2-76ng/L | F52: =F27 -> EE2-114ng/L | G52: =G27 -> EE2-170.9ng/L | H52: =H27 -> EE2-488ng/L | I52: =I4 -> Prochloraz-0.063mg/L | J52: =J4 -> Prochloraz-0.13mg/L | K52: =K4 -> Prochloraz-0.25mg/L | L52: =L4 -> Prochloraz-0.5mg/L | M52: =M4 -> Prochloraz-1.0mg/L | O52: =O27 -> Testo -30µg/L | P52: =P27 -> Testo 30µg/L + EE2 -64ng/L | Q52: =Q27 -> Testo 30µg/L + FAD-10mg/L | R52: =R27 -> Prochloraz-0.063mg/L + Testostérone | S52: =S27 -> Prochloraz-0.13mg/L + Testostérone | T52: =T27 -> Prochloraz-0.25mg/L + Testostérone | U52: =U27 -> Prochloraz-0.5mg/L + Testostérone | V52: =V27 -> Prochloraz-1.0mg/L + Testostérone | ... AK52: =AK27 -> 0-00 + Testostérone
A53: Mean | B53: =B46 -> 0.081703082 | C53: =C46 -> 0.13288946 | D53: =D46 -> 0.1270115 | E53: =E46 -> 0.75448463 | F53: =F46 -> 0.96253452 | G53: =G46 -> 1.2374413 | H53: =H46 -> 1.4600209 | I53: =I46 -> 0.061394144 | ... M53: =M46 -> 0.068092728 | O53: =O46 -> 1 | P53: =P46 -> 1.2633001 | Q53: =Q46 -> 0.10534153 | R53: =R46 -> 0.60033947 | S53: =S46 -> 0.19570003 | T53: =T46 -> 0.24278887 | U53: =U46 -> 0.098925019 | V53: =V46 -> 0.2316255 | ... AK53: =AK46 -> #DIV/0!
A54: SEM | B54: =B48 -> 0.012392352 | C54: =C48 -> 0.088000945 | D54: =D48 -> 0.028835515 | E54: =E48 -> 0.11645716 | F54: =F48 -> 0.11773192 | G54: =G48 -> 0.046871365 | H54: =H48 -> 0.086814114 | I54: =I48 -> 0.016075584 | ... M54: =M48 -> 0.016929933 | O54: =O48 -> 0.048702011 | P54: =P48 -> 0.048250636 | Q54: =Q48 -> 0.018412882 | R54: =R48 -> 0.10701211 | S54: =S48 -> 0.068122099 | T54: =T48 -> 0.068964353 | U54: =U48 -> 0.016870527 | V54: =V48 -> 0.089432071 | ... AK54: =AK48 -> #DIV/0!
A55: % induction | B55: =(B53*100/$B53)-100 -> 0 | C55: =(C53*100/$B53)-100 -> 62.649264 | D55: =(D53*100/$B53)-100 -> 55.45497 | E55: =(E53*100/$B53)-100 -> 823.44697 | F55: =(F53*100/$B53)-100 -> 1078.0884 | G55: =(G53*100/$B53)-100 -> 1414.5589 | H55: =(H53*100/$B53)-100 -> 1686.9838 | I55: =(I53*100/$B53)-100 -> -24.857003 | ... M55: =(M53*100/$B53)-100 -> -16.658311 | O55: =(O53*100/$O53)-100 -> 0 | P55: =(P53*100/$O53)-100 -> 26.330006 | Q55: =(Q53*100/$O53)-100 -> -89.465847 | R55: =(R53*100/$O53)-100 -> -39.966053 | S55: =(S53*100/$O53)-100 -> -80.429997 | T55: =(T53*100/$O53)-100 -> -75.721113 | U55: =(U53*100/$O53)-100 -> -90.107498 | V55: =(V53*100/$O53)-100 -> -76.83745 | ... AK55: =(AK53*100/$O53)-100 -> #DIV/0!
A56: Test de normalité : valeur du p | B56: =[1]!SWTEST(B28:B43) -> #NAME? | C56: =[1]!SWTEST(C28:C43) -> #NAME? | D56: =[1]!SWTEST(D28:D43) -> #NAME? | E56: =[1]!SWTEST(E28:E43) -> #NAME? | F56: =[1]!SWTEST(F28:F43) -> #NAME? | G56: =[1]!SWTEST(G28:G43) -> #NAME? | H56: =[1]!SWTEST(H28:H43) -> #NAME? | I56: =[1]!SWTEST(I28:I43) -> #NAME? | ... M56: =[1]!SWTEST(M28:M43) -> #NAME? | O56: =[1]!SWTEST(O28:O43) -> #NAME? | P56: =[1]!SWTEST(P28:P43) -> #NAME? | Q56: =[1]!SWTEST(Q28:Q43) -> #NAME? | R56: =[1]!SWTEST(R28:R43) -> #NAME? | S56: =[1]!SWTEST(S28:S43) -> #NAME? | T56: =[1]!SWTEST(T28:T43) -> #NAME? | U56: =[1]!SWTEST(U28:U43) -> #NAME? | V56: =[1]!SWTEST(V28:V43) -> #NAME? | ... AK56: =[1]!SWTEST(AK28:AK43) -> #NAME?
A57: Test de normalité : résultat normal? | B57: =IF(B56>0.05,"Oui","Non") -> #NAME? | C57: =IF(C56>0.05,"Oui","Non") -> #NAME? | D57: =IF(D56>0.05,"Oui","Non") -> #NAME? | E57: =IF(E56>0.05,"Oui","Non") -> #NAME? | F57: =IF(F56>0.05,"Oui","Non") -> #NAME? | G57: =IF(G56>0.05,"Oui","Non") -> #NAME? | H57: =IF(H56>0.05,"Oui","Non") -> #NAME? | I57: =IF(I56>0.05,"Oui","Non") -> #NAME? | ... M57: =IF(M56>0.05,"Oui","Non") -> #NAME? | O57: =IF(O56>0.05,"Oui","Non") -> #NAME? | P57: =IF(P56>0.05,"Oui","Non") -> #NAME? | Q57: =IF(Q56>0.05,"Oui","Non") -> #NAME? | R57: =IF(R56>0.05,"Oui","Non") -> #NAME? | S57: =IF(S56>0.05,"Oui","Non") -> #NAME? | T57: =IF(T56>0.05,"Oui","Non") -> #NAME? | U57: =IF(U56>0.05,"Oui","Non") -> #NAME? | V57: =IF(V56>0.05,"Oui","Non") -> #NAME? | ... AK57: =IF(AK56>0.05,"Oui","Non") -> #NAME?
A59: Test statistique utilisé | C59: =IF($B57="Non",IF(C57="Non","MW",IF(C57="Oui","MW","")),IF($B57="Oui",IF(C57="Oui","T-Test Welch",IF(C57="Non","MW","")))) -> #NAME? | D59: =IF($B57="Non",IF(D57="Non","MW",IF(D57="Oui","MW","")),IF($B57="Oui",IF(D57="Oui","T-Test Welch",IF(D57="Non","MW","")))) -> #NAME? | E59: =IF($B57="Non",IF(E57="Non","MW",IF(E57="Oui","MW","")),IF($B57="Oui",IF(E57="Oui","T-Test Welch",IF(E57="Non","MW","")))) -> #NAME? | F59: =IF($B57="Non",IF(F57="Non","MW",IF(F57="Oui","MW","")),IF($B57="Oui",IF(F57="Oui","T-Test Welch",IF(F57="Non","MW","")))) -> #NAME? | G59: =IF($B57="Non",IF(G57="Non","MW",IF(G57="Oui","MW","")),IF($B57="Oui",IF(G57="Oui","T-Test Welch",IF(G57="Non","MW","")))) -> #NAME? | H59: =IF($B57="Non",IF(H57="Non","MW",IF(H57="Oui","MW","")),IF($B57="Oui",IF(H57="Oui","T-Test Welch",IF(H57="Non","MW","")))) -> #NAME? | I59: =IF($B57="Non",IF(I57="Non","MW",IF(I57="Oui","MW","")),IF($B57="Oui",IF(I57="Oui","T-Test Welch",IF(I57="Non","MW","")))) -> #NAME? | J59: =IF($B57="Non",IF(J57="Non","MW",IF(J57="Oui","MW","")),IF($B57="Oui",IF(J57="Oui","T-Test Welch",IF(J57="Non","MW","")))) -> #NAME? | ... M59: =IF($B57="Non",IF(M57="Non","MW",IF(M57="Oui","MW","")),IF($B57="Oui",IF(M57="Oui","T-Test Welch",IF(M57="Non","MW","")))) -> #NAME? | O59: =IF($B57="Non",IF(O57="Non","MW",IF(O57="Oui","MW","")),IF($B57="Oui",IF(O57="Oui","T-Test Welch",IF(O57="Non","MW","")))) -> #NAME? | P59: =IF($O57="Non",IF(P57="Non","MW",IF(P57="Oui","MW","")),IF($O57="Oui",IF(P57="Oui","T-Test Welch",IF(P57="Non","MW","")))) -> #NAME? | Q59: =IF($O57="Non",IF(Q57="Non","MW",IF(Q57="Oui","MW","")),IF($O57="Oui",IF(Q57="Oui","T-Test Welch",IF(Q57="Non","MW","")))) -> #NAME? | R59: =IF($O57="Non",IF(R57="Non","MW",IF(R57="Oui","MW","")),IF($O57="Oui",IF(R57="Oui","T-Test Welch",IF(R57="Non","MW","")))) -> #NAME? | S59: =IF($O57="Non",IF(S57="Non","MW",IF(S57="Oui","MW","")),IF($O57="Oui",IF(S57="Oui","T-Test Welch",IF(S57="Non","MW","")))) -> #NAME? | T59: =IF($O57="Non",IF(T57="Non","MW",IF(T57="Oui","MW","")),IF($O57="Oui",IF(T57="Oui","T-Test Welch",IF(T57="Non","MW","")))) -> #NAME? | U59: =IF($O57="Non",IF(U57="Non","MW",IF(U57="Oui","MW","")),IF($O57="Oui",IF(U57="Oui","T-Test Welch",IF(U57="Non","MW","")))) -> #NAME? | V59: =IF($O57="Non",IF(V57="Non","MW",IF(V57="Oui","MW","")),IF($O57="Oui",IF(V57="Oui","T-Test Welch",IF(V57="Non","MW","")))) -> #NAME? | W59: =IF($O57="Non",IF(W57="Non","MW",IF(W57="Oui","MW","")),IF($O57="Oui",IF(W57="Oui","T-Test Welch",IF(W57="Non","MW","")))) -> #NAME? | ... AK59: =IF($O57="Non",IF(AK57="Non","MW",IF(AK57="Oui","MW","")),IF($O57="Oui",IF(AK57="Oui","T-Test Welch",IF(AK57="Non","MW","")))) -> #NAME?
A60: Test statistique : valeur du p | C60: =IF(C59="MW",[1]!MTEST($B28:$B43,C28:C43,2), IF(C59="T-Test Welch",_xlfn.T.TEST($B28:$B43,C28:C43,2,3),"")) -> #NAME? | D60: =IF(D59="MW",[1]!MTEST($B28:$B43,D28:D43,2), IF(D59="T-Test Welch",_xlfn.T.TEST($B28:$B43,D28:D43,2,3),"")) -> #NAME? | E60: =IF(E59="MW",[1]!MTEST($B28:$B43,E28:E43,2), IF(E59="T-Test Welch",_xlfn.T.TEST($B28:$B43,E28:E43,2,3),"")) -> #NAME? | F60: =IF(F59="MW",[1]!MTEST($B28:$B43,F28:F43,2), IF(F59="T-Test Welch",_xlfn.T.TEST($B28:$B43,F28:F43,2,3),"")) -> #NAME? | G60: =IF(G59="MW",[1]!MTEST($B28:$B43,G28:G43,2), IF(G59="T-Test Welch",_xlfn.T.TEST($B28:$B43,G28:G43,2,3),"")) -> #NAME? | H60: =IF(H59="MW",[1]!MTEST($B28:$B43,H28:H43,2), IF(H59="T-Test Welch",_xlfn.T.TEST($B28:$B43,H28:H43,2,3),"")) -> #NAME? | I60: =IF(I59="MW",[1]!MTEST($B28:$B43,I28:I43,2), IF(I59="T-Test Welch",_xlfn.T.TEST($B28:$B43,I28:I43,2,3),"")) -> #NAME? | J60: =IF(J59="MW",[1]!MTEST($B28:$B43,J28:J43,2), IF(J59="T-Test Welch",_xlfn.T.TEST($B28:$B43,J28:J43,2,3),"")) -> #NAME? | ... M60: =IF(M59="MW",[1]!MTEST($B28:$B43,M28:M43,2), IF(M59="T-Test Welch",_xlfn.T.TEST($B28:$B43,M28:M43,2,3),"")) -> #NAME? | O60: =IF(O59="MW",[1]!MTEST($B28:$B43,O28:O43,2), IF(O59="T-Test Welch",_xlfn.T.TEST($B28:$B43,O28:O43,2,3),"")) -> #NAME? | P60: =IF(P59="MW",[1]!MTEST($O28:$O43,P28:P43,2), IF(P59="T-Test Welch",_xlfn.T.TEST($O28:$O43,P28:P43,2,3),"")) -> #NAME? | Q60: =IF(Q59="MW",[1]!MTEST($O28:$O43,Q28:Q43,2), IF(Q59="T-Test Welch",_xlfn.T.TEST($O28:$O43,Q28:Q43,2,3),"")) -> #NAME? | R60: =IF(R59="MW",[1]!MTEST($O28:$O43,R28:R43,2), IF(R59="T-Test Welch",_xlfn.T.TEST($O28:$O43,R28:R43,2,3),"")) -> #NAME? | S60: =IF(S59="MW",[1]!MTEST($O28:$O43,S28:S43,2), IF(S59="T-Test Welch",_xlfn.T.TEST($O28:$O43,S28:S43,2,3),"")) -> #NAME? | T60: =IF(T59="MW",[1]!MTEST($O28:$O43,T28:T43,2), IF(T59="T-Test Welch",_xlfn.T.TEST($O28:$O43,T28:T43,2,3),"")) -> #NAME? | U60: =IF(U59="MW",[1]!MTEST($O28:$O43,U28:U43,2), IF(U59="T-Test Welch",_xlfn.T.TEST($O28:$O43,U28:U43,2,3),"")) -> #NAME? | V60: =IF(V59="MW",[1]!MTEST($O28:$O43,V28:V43,2), IF(V59="T-Test Welch",_xlfn.T.TEST($O28:$O43,V28:V43,2,3),"")) -> #NAME? | W60: =IF(W59="MW",[1]!MTEST($O28:$O43,W28:W43,2), IF(W59="T-Test Welch",_xlfn.T.TEST($O28:$O43,W28:W43,2,3),"")) -> #NAME? | ... AK60: =IF(AK59="MW",[1]!MTEST($O28:$O43,AK28:AK43,2), IF(AK59="T-Test Welch",_xlfn.T.TEST($O28:$O43,AK28:AK43,2,3),"")) -> #NAME?
A61: Annotation | C61: =IF(C60>0.05,"NS",IF(C60>0.01,"*",IF(C60>0.001,"**","***"))) -> #NAME? | D61: =IF(D60>0.05,"NS",IF(D60>0.01,"*",IF(D60>0.001,"**","***"))) -> #NAME? | E61: =IF(E60>0.05,"NS",IF(E60>0.01,"*",IF(E60>0.001,"**","***"))) -> #NAME? | F61: =IF(F60>0.05,"NS",IF(F60>0.01,"*",IF(F60>0.001,"**","***"))) -> #NAME? | G61: =IF(G60>0.05,"NS",IF(G60>0.01,"*",IF(G60>0.001,"**","***"))) -> #NAME? | H61: =IF(H60>0.05,"NS",IF(H60>0.01,"*",IF(H60>0.001,"**","***"))) -> #NAME? | I61: =IF(I60>0.05,"NS",IF(I60>0.01,"*",IF(I60>0.001,"**","***"))) -> #NAME? | J61: =IF(J60>0.05,"NS",IF(J60>0.01,"*",IF(J60>0.001,"**","***"))) -> #NAME? | ... M61: =IF(M60>0.05,"NS",IF(M60>0.01,"*",IF(M60>0.001,"**","***"))) -> #NAME? | O61: =IF(O60>0.05,"NS",IF(O60>0.01,"*",IF(O60>0.001,"**","***"))) -> #NAME? | P61: =IF(P60>0.05,"NS",IF(P60>0.01,"*",IF(P60>0.001,"**","***"))) -> #NAME? | Q61: =IF(Q60>0.05,"NS",IF(Q60>0.01,"*",IF(Q60>0.001,"**","***"))) -> #NAME? | R61: =IF(R60>0.05,"NS",IF(R60>0.01,"*",IF(R60>0.001,"**","***"))) -> #NAME? | S61: =IF(S60>0.05,"NS",IF(S60>0.01,"*",IF(S60>0.001,"**","***"))) -> #NAME? | T61: =IF(T60>0.05,"NS",IF(T60>0.01,"*",IF(T60>0.001,"**","***"))) -> #NAME? | U61: =IF(U60>0.05,"NS",IF(U60>0.01,"*",IF(U60>0.001,"**","***"))) -> #NAME? | V61: =IF(V60>0.05,"NS",IF(V60>0.01,"*",IF(V60>0.001,"**","***"))) -> #NAME? | ... AK61: =IF(AK60>0.05,"NS",IF(AK60>0.01,"*",IF(AK60>0.001,"**","***"))) -> #NAME?
A63: Eléments pour la mise en forme conditionnelles des résutats - calcul équivalent hormonal (eqH)
A64: LOD | B64: =B46+(3*B47) -> 0.18685567
A65: LOQ | B65: =B46+(10*B47) -> 0.43221172
A67: 8. Expérimentateur 2 : se reporter à l'onglet "pooled normalised values".

Sheet R3
A1: 6. Expérimentateur 2 : copier et coller les valeurs des intensités totales de fluorescences obtenues dans le fichier raw data lors du traitement des images. Ne pas supprimer les colonnes correspondant aux concentrations non lues.
A3: R3 | B3: Non dopé | O3: avec testo
A4: Noms des groupes | B4: ='Front page'!A7 -> Solvent control | C4: ='Front page'!A8 -> EE2-33.8ng/L | D4: ='Front page'!A9 -> EE2-50.6ng/L | E4: ='Front page'!A10 -> EE2-76ng/L | F4: ='Front page'!A11 -> EE2-114ng/L | G4: ='Front page'!A12 -> EE2-170.9ng/L | H4: ='Front page'!A13 -> EE2-488ng/L | I4: ='Front page'!A14 -> Prochloraz-0.063mg/L | J4: ='Front page'!A15 -> Prochloraz-0.13mg/L | K4: ='Front page'!A16 -> Prochloraz-0.25mg/L | L4: ='Front page'!A17 -> Prochloraz-0.5mg/L | M4: ='Front page'!A18 -> Prochloraz-1.0mg/L | O4: ='Front page'!A35 -> Testo -30µg/L | P4: ='Front page'!A36 -> Testo 30µg/L + EE2 -64ng/L | Q4: ='Front page'!A37 -> Testo 30µg/L + FAD-10mg/L | R4: ='Front page'!A38 -> Prochloraz-0.063mg/L + Testostérone | S4: ='Front page'!A39 -> Prochloraz-0.13mg/L + Testostérone | T4: ='Front page'!A40 -> Prochloraz-0.25mg/L + Testostérone | U4: ='Front page'!A41 -> Prochloraz-0.5mg/L + Testostérone | V4: ='Front page'!A42 -> Prochloraz-1.0mg/L + Testostérone | W4: ='Front page'!A43 -> 0-00 + Testostérone | X4: ='Front page'!A44 -> 0-00 + Testostérone | Y4: ='Front page'!A45 -> 0-00 + Testostérone | Z4: ='Front page'!A46 -> 0-00 + Testostérone | AA4: ='Front page'!A47 -> 0-00 + Testostérone | AB4: ='Front page'!A48 -> 0-00 + Testostérone | AC4: ='Front page'!A49 -> 0-00 + Testostérone | AD4: ='Front page'!A50 -> 0-00 + Testostérone | AE4: ='Front page'!A51 -> 0-00 + Testostérone | AF4: ='Front page'!A52 -> 0-00 + Testostérone | AG4: ='Front page'!A53 -> 0-00 + Testostérone | AH4: ='Front page'!A54 -> 0-00 + Testostérone | AI4: ='Front page'!A55 -> 0-00 + Testostérone | AJ4: ='Front page'!A56 -> 0-00 + Testostérone | AK4: ='Front page'!A57 -> 0-00 + Testostérone
A5: Données brutes | B5: 8996 | D5: 1902 | E5: 12968 | F5: 173295 | G5: 2906 | H5: 253804 | I5: 2426 | J5: 1840 | K5: 82 | L5: 1816 | M5: 0 | O5: 203055 | P5: 111683 | Q5: 0 | R5: 14801 | S5: 11802 | T5: 578 | U5: 0 | V5: 40136
B6: 5484 | D6: 1338 | E6: 0 | F6: 1508 | G6: 384499 | H6: 282945 | I6: 0 | J6: 1739 | K6: 335 | L6: 2764 | M6: 3553 | O6: 144189 | P6: 256201 | Q6: 99735 | R6: 40980 | S6: 245 | T6: 21662 | U6: 1833 | V6: 490
B7: 422 | D7: 242 | E7: 30668 | F7: 169276 | G7: 243198 | H7: 223912 | I7: 4381 | J7: 1171 | K7: 9141 | L7: 0 | M7: 0 | O7: 221053 | P7: 276536 | Q7: 839 | R7: 56078 | S7: 30588 | T7: 566 | U7: 562 | V7: 4909
B8: 734 | D8: 8791 | E8: 1473 | F8: 273980 | G8: 251816 | H8: 402101 | I8: 920 | J8: 253 | K8: 5814 | L8: 0 | M8: 4543 | O8: 162948 | P8: 249176 | Q8: 322 | R8: 27783 | S8: 6571 | T8: 19775 | U8: 12710 | V8: 0
B9: 9934 | D9: 814 | E9: 0 | F9: 143728 | G9: 60661 | H9: 319761 | I9: 8673 | J9: 2328 | K9: 487 | L9: 1645 | M9: 3758 | O9: 178232 | P9: 240916 | Q9: 0 | R9: 131607 | S9: 168322 | T9: 72554 | U9: 3176 | V9: 18033
B10: 2025 | D10: 164 | E10: 15240 | F10: 31364 | G10: 182330 | H10: 168932 | I10: 1429 | J10: 4418 | K10: 335 | L10: 9212 | M10: 0 | O10: 78581 | P10: 197655 | Q10: 18038 | R10: 24251 | S10: 56968 | T10: 0 | U10: 326 | V10: 12515
B11: 5565 | D11: 11287 | E11: 247232 | F11: 150063 | G11: 139396 | H11: 400259 | I11: 3298 | J11: 80 | K11: 569 | L11: 81 | M11: 15097 | O11: 69173 | P11: 214172 | Q11: 0 | R11: 54914 | S11: 13540 | T11: 59761 | U11: 9194 | V11: 4851
B12: 247 | D12: 15995 | E12: 73568 | F12: 206765 | G12: 176759 | H12: 202632 | I12: 832 | K12: 5207 | L12: 0 | M12: 7191 | O12: 119524 | P12: 233263 | Q12: 2618 | R12: 150692 | S12: 22153 | T12: 26771 | U12: 1660 | V12: 0
O13: 239567
O14: 249233
O15: 108959
O16: 176288
O17: 238737
O18: 176305
O19: 157188
O20: 220295
A22: =A4 -> Noms des groupes | B22: =B4 -> Solvent control | C22: =C4 -> EE2-33.8ng/L | D22: =D4 -> EE2-50.6ng/L | E22: =E4 -> EE2-76ng/L | F22: =F4 -> EE2-114ng/L | G22: =G4 -> EE2-170.9ng/L | H22: =H4 -> EE2-488ng/L | ... M22: =M4 -> Prochloraz-1.0mg/L | N22: Noms des groupes | O22: =O4 -> Testo -30µg/L | P22: =P4 -> Testo 30µg/L + EE2 -64ng/L | Q22: =Q4 -> Testo 30µg/L + FAD-10mg/L | R22: =R4 -> Prochloraz-0.063mg/L + Testostérone | S22: =S4 -> Prochloraz-0.13mg/L + Testostérone | T22: =T4 -> Prochloraz-0.25mg/L + Testostérone | U22: =U4 -> Prochloraz-0.5mg/L + Testostérone | V22: =V4 -> Prochloraz-1.0mg/L + Testostérone | ... AK22: =AK4 -> 0-00 + Testostérone
A23: mean | B23: =AVERAGE(B5:B20) -> 4175.875 | C23: =AVERAGE(C5:C20) -> #DIV/0! | D23: =AVERAGE(D5:D20) -> 5066.625 | E23: =AVERAGE(E5:E20) -> 47643.625 | F23: =AVERAGE(F5:F20) -> 143747.38 | G23: =AVERAGE(G5:G20) -> 180195.62 | H23: =AVERAGE(H5:H20) -> 281793.25 | I23: =AVERAGE(I5:I20) -> 2744.875 | ... M23: =AVERAGE(M5:M20) -> 4267.75 | N23: mean | O23: =AVERAGE(O5:O20) -> 171457.94 | P23: =AVERAGE(P5:P20) -> 222450.25 | Q23: =AVERAGE(Q5:Q20) -> 15194 | R23: =AVERAGE(R5:R20) -> 62638.25 | S23: =AVERAGE(S5:S20) -> 38773.625 | T23: =AVERAGE(T5:T20) -> 25208.375 | U23: =AVERAGE(U5:U20) -> 3682.625 | V23: =AVERAGE(V5:V20) -> 10116.75 | ... AK23: =AVERAGE(AK5:AK20) -> #DIV/0!
A24: SD | B24: =STDEV(B5:B20) -> 3891.949 | C24: =STDEV(C5:C20) -> #DIV/0! | D24: =STDEV(D5:D20) -> 6109.8102 | E24: =STDEV(E5:E20) -> 84278.209 | F24: =STDEV(F5:F20) -> 88928.929 | G24: =STDEV(G5:G20) -> 118466.25 | H24: =STDEV(H5:H20) -> 87086.794 | I24: =STDEV(I5:I20) -> 2789.8368 | ... M24: =STDEV(M5:M20) -> 5089.2827 | N24: SD | O24: =STDEV(O5:O20) -> 56486.766 | P24: =STDEV(P5:P20) -> 50975.154 | Q24: =STDEV(Q5:Q20) -> 34709.488 | R24: =STDEV(R5:R20) -> 50792.018 | S24: =STDEV(S5:S20) -> 55217.408 | T24: =STDEV(T5:T20) -> 27592.433 | U24: =STDEV(U5:U20) -> 4693.5291 | V24: =STDEV(V5:V20) -> 13741.461 | ... AK24: =STDEV(AK5:AK20) -> #DIV/0!
B26: Non dopé | O26: avec testo
A27: Noms des groupes | B27: =B4 -> Solvent control | C27: =C4 -> EE2-33.8ng/L | D27: =D4 -> EE2-50.6ng/L | E27: =E4 -> EE2-76ng/L | F27: =F4 -> EE2-114ng/L | G27: =G4 -> EE2-170.9ng/L | H27: =H4 -> EE2-488ng/L | I27: =I4 -> Prochloraz-0.063mg/L | ... M27: =M4 -> Prochloraz-1.0mg/L | O27: =O4 -> Testo -30µg/L | P27: =P4 -> Testo 30µg/L + EE2 -64ng/L | Q27: =Q4 -> Testo 30µg/L + FAD-10mg/L | R27: =R4 -> Prochloraz-0.063mg/L + Testostérone | S27: =S4 -> Prochloraz-0.13mg/L + Testostérone | T27: =T4 -> Prochloraz-0.25mg/L + Testostérone | U27: =U4 -> Prochloraz-0.5mg/L + Testostérone | V27: =V4 -> Prochloraz-1.0mg/L + Testostérone | ... AK27: =AK4 -> 0-00 + Testostérone
A28: Données normalisées sur la moyenne du groupe "Testo" | B28: =IF(B5="","",(B5/$O$23)) -> 0.052467679 | C28: =IF(C5="","",(C5/$O$23)) | D28: =IF(D5="","",(D5/$O$23)) -> 0.0110931 | E28: =IF(E5="","",(E5/$O$23)) -> 0.07563371 | F28: =IF(F5="","",(F5/$O$23)) -> 1.0107144 | G28: =IF(G5="","",(G5/$O$23)) -> 0.016948763 | H28: =IF(H5="","",(H5/$O$23)) -> 1.4802698 | I28: =IF(I5="","",(I5/$O$23)) -> 0.014149243 | ... M28: =IF(M5="","",(M5/$O$23)) -> 0 | O28: =IF(O5="","",(O5/$O$23)) -> 1.1842846 | P28: =IF(P5="","",(P5/$O$23)) -> 0.65137259 | Q28: =IF(Q5="","",(Q5/$O$23)) -> 0 | R28: =IF(R5="","",(R5/$O$23)) -> 0.086324379 | S28: =IF(S5="","",(S5/$O$23)) -> 0.068833209 | T28: =IF(T5="","",(T5/$O$23)) -> 0.0033710892 | U28: =IF(U5="","",(U5/$O$23)) -> 0 | V28: =IF(V5="","",(V5/$O$23)) -> 0.23408657 | ... AK28: =IF(AK5="","",(AK5/$O$23))
B29: =IF(B6="","",(B6/$O$23)) -> 0.031984521 | C29: =IF(C6="","",(C6/$O$23)) | D29: =IF(D6="","",(D6/$O$23)) -> 0.0078036632 | E29: =IF(E6="","",(E6/$O$23)) -> 0 | F29: =IF(F6="","",(F6/$O$23)) -> 0.00879516 | G29: =IF(G6="","",(G6/$O$23)) -> 2.2425267 | H29: =IF(H6="","",(H6/$O$23)) -> 1.6502298 | I29: =IF(I6="","",(I6/$O$23)) -> 0 | ... M29: =IF(M6="","",(M6/$O$23)) -> 0.020722284 | O29: =IF(O6="","",(O6/$O$23)) -> 0.84095844 | P29: =IF(P6="","",(P6/$O$23)) -> 1.4942499 | Q29: =IF(Q6="","",(Q6/$O$23)) -> 0.58168786 | R29: =IF(R6="","",(R6/$O$23)) -> 0.23900906 | S29: =IF(S6="","",(S6/$O$23)) -> 0.0014289219 | T29: =IF(T6="","",(T6/$O$23)) -> 0.12634002 | U29: =IF(U6="","",(U6/$O$23)) -> 0.010690669 | V29: =IF(V6="","",(V6/$O$23)) -> 0.0028578438 | ... AK29: =IF(AK6="","",(AK6/$O$23))
B30: =IF(B7="","",(B7/$O$23)) -> 0.0024612451 | C30: =IF(C7="","",(C7/$O$23)) | D30: =IF(D7="","",(D7/$O$23)) -> 0.0014114249 | E30: =IF(E7="","",(E7/$O$23)) -> 0.17886603 | F30: =IF(F7="","",(F7/$O$23)) -> 0.98727421 | G30: =IF(G7="","",(G7/$O$23)) -> 1.418412 | H30: =IF(H7="","",(H7/$O$23)) -> 1.3059296 | I30: =IF(I7="","",(I7/$O$23)) -> 0.025551456 | ... M30: =IF(M7="","",(M7/$O$23)) -> 0 | O30: =IF(O7="","",(O7/$O$23)) -> 1.289255 | P30: =IF(P7="","",(P7/$O$23)) -> 1.6128504 | Q30: =IF(Q7="","",(Q7/$O$23)) -> 0.0048933284 | R30: =IF(R7="","",(R7/$O$23)) -> 0.32706564 | S30: =IF(S7="","",(S7/$O$23)) -> 0.17839944 | T30: =IF(T7="","",(T7/$O$23)) -> 0.0033011012 | U30: =IF(U7="","",(U7/$O$23)) -> 0.0032777718 | V30: =IF(V7="","",(V7/$O$23)) -> 0.028630929 | ... AK30: =IF(AK7="","",(AK7/$O$23))
B31: =IF(B8="","",(B8/$O$23)) -> 0.0042809333 | C31: =IF(C8="","",(C8/$O$23)) | D31: =IF(D8="","",(D8/$O$23)) -> 0.05127205 | E31: =IF(E8="","",(E8/$O$23)) -> 0.0085910283 | F31: =IF(F8="","",(F8/$O$23)) -> 1.5979429 | G31: =IF(G8="","",(G8/$O$23)) -> 1.4686751 | H31: =IF(H8="","",(H8/$O$23)) -> 2.3451874 | I31: =IF(I8="","",(I8/$O$23)) -> 0.0053657475 | ... M31: =IF(M8="","",(M8/$O$23)) -> 0.026496294 | O31: =IF(O8="","",(O8/$O$23)) -> 0.9503672 | P31: =IF(P8="","",(P8/$O$23)) -> 1.4532777 | Q31: =IF(Q8="","",(Q8/$O$23)) -> 0.0018780116 | R31: =IF(R8="","",(R8/$O$23)) -> 0.16203974 | S31: =IF(S8="","",(S8/$O$23)) -> 0.038324268 | T31: =IF(T8="","",(T8/$O$23)) -> 0.11533441 | U31: =IF(U8="","",(U8/$O$23)) -> 0.074128968 | V31: =IF(V8="","",(V8/$O$23)) -> 0 | ... AK31: =IF(AK8="","",(AK8/$O$23))
B32: =IF(B9="","",(B9/$O$23)) -> 0.057938408 | C32: =IF(C9="","",(C9/$O$23)) | D32: =IF(D9="","",(D9/$O$23)) -> 0.0047475201 | E32: =IF(E9="","",(E9/$O$23)) -> 0 | F32: =IF(F9="","",(F9/$O$23)) -> 0.83826974 | G32: =IF(G9="","",(G9/$O$23)) -> 0.35379523 | H32: =IF(H9="","",(H9/$O$23)) -> 1.864953 | I32: =IF(I9="","",(I9/$O$23)) -> 0.050583835 | ... M32: =IF(M9="","",(M9/$O$23)) -> 0.021917912 | O32: =IF(O9="","",(O9/$O$23)) -> 1.0395086 | P32: =IF(P9="","",(P9/$O$23)) -> 1.4051026 | Q32: =IF(Q9="","",(Q9/$O$23)) -> 0 | R32: =IF(R9="","",(R9/$O$23)) -> 0.76757601 | S32: =IF(S9="","",(S9/$O$23)) -> 0.98171016 | T32: =IF(T9="","",(T9/$O$23)) -> 0.42315918 | U32: =IF(U9="","",(U9/$O$23)) -> 0.018523494 | V32: =IF(V9="","",(V9/$O$23)) -> 0.10517448 | ... AK32: =IF(AK9="","",(AK9/$O$23))
B33: =IF(B10="","",(B10/$O$23)) -> 0.011810477 | C33: =IF(C10="","",(C10/$O$23)) | D33: =IF(D10="","",(D10/$O$23)) -> 0.00095650282 | E33: =IF(E10="","",(E10/$O$23)) -> 0.088884774 | F33: =IF(F10="","",(F10/$O$23)) -> 0.18292533 | G33: =IF(G10="","",(G10/$O$23)) -> 1.0634095 | H33: =IF(H10="","",(H10/$O$23)) -> 0.98526789 | I33: =IF(I10="","",(I10/$O$23)) -> 0.0083344056 | ... M33: =IF(M10="","",(M10/$O$23)) -> 0 | O33: =IF(O10="","",(O10/$O$23)) -> 0.45831066 | P33: =IF(P10="","",(P10/$O$23)) -> 1.15279 | Q33: =IF(Q10="","",(Q10/$O$23)) -> 0.10520365 | R33: =IF(R10="","",(R10/$O$23)) -> 0.14143994 | S33: =IF(S10="","",(S10/$O$23)) -> 0.33225642 | T33: =IF(T10="","",(T10/$O$23)) -> 0 | U33: =IF(U10="","",(U10/$O$23)) -> 0.001901341 | V33: =IF(V10="","",(V10/$O$23)) -> 0.072991663 | ... AK33: =IF(AK10="","",(AK10/$O$23))
B34: =IF(B11="","",(B11/$O$23)) -> 0.03245694 | C34: =IF(C11="","",(C11/$O$23)) | D34: =IF(D11="","",(D11/$O$23)) -> 0.065829557 | E34: =IF(E11="","",(E11/$O$23)) -> 1.4419397 | F34: =IF(F11="","",(F11/$O$23)) -> 0.87521757 | G34: =IF(G11="","",(G11/$O$23)) -> 0.81300406 | H34: =IF(H11="","",(H11/$O$23)) -> 2.3344443 | I34: =IF(I11="","",(I11/$O$23)) -> 0.019235038 | ... M34: =IF(M11="","",(M11/$O$23)) -> 0.08805075 | O34: =IF(O11="","",(O11/$O$23)) -> 0.40344006 | P34: =IF(P11="","",(P11/$O$23)) -> 1.2491227 | Q34: =IF(Q11="","",(Q11/$O$23)) -> 0 | R34: =IF(R11="","",(R11/$O$23)) -> 0.3202768 | S34: =IF(S11="","",(S11/$O$23)) -> 0.078969806 | T34: =IF(T11="","",(T11/$O$23)) -> 0.34854613 | U34: =IF(U11="","",(U11/$O$23)) -> 0.053622481 | V34: =IF(V11="","",(V11/$O$23)) -> 0.028292653 | ... AK34: =IF(AK11="","",(AK11/$O$23))
B35: =IF(B12="","",(B12/$O$23)) -> 0.0014405866 | C35: =IF(C12="","",(C12/$O$23)) | D35: =IF(D12="","",(D12/$O$23)) -> 0.093288186 | E35: =IF(E12="","",(E12/$O$23)) -> 0.42907317 | F35: =IF(F12="","",(F12/$O$23)) -> 1.2059226 | G35: =IF(G12="","",(G12/$O$23)) -> 1.0309176 | H35: =IF(H12="","",(H12/$O$23)) -> 1.1818176 | I35: =IF(I12="","",(I12/$O$23)) -> 0.0048525021 | ... M35: =IF(M12="","",(M12/$O$23)) -> 0.041940316 | O35: =IF(O12="","",(O12/$O$23)) -> 0.69710392 | P35: =IF(P12="","",(P12/$O$23)) -> 1.3604678 | Q35: =IF(Q12="","",(Q12/$O$23)) -> 0.015269051 | R35: =IF(R12="","",(R12/$O$23)) -> 0.87888611 | S35: =IF(S12="","",(S12/$O$23)) -> 0.1292037 | T35: =IF(T12="","",(T12/$O$23)) -> 0.15613742 | U35: =IF(U12="","",(U12/$O$23)) -> 0.0096816748 | V35: =IF(V12="","",(V12/$O$23)) -> 0 | ... AK35: =IF(AK12="","",(AK12/$O$23))
B36: =IF(B13="","",(B13/$O$23)) | C36: =IF(C13="","",(C13/$O$23)) | D36: =IF(D13="","",(D13/$O$23)) | E36: =IF(E13="","",(E13/$O$23)) | F36: =IF(F13="","",(F13/$O$23)) | G36: =IF(G13="","",(G13/$O$23)) | H36: =IF(H13="","",(H13/$O$23)) | I36: =IF(I13="","",(I13/$O$23)) | ... M36: =IF(M13="","",(M13/$O$23)) | O36: =IF(O13="","",(O13/$O$23)) -> 1.3972348 | P36: =IF(P13="","",(P13/$O$23)) | Q36: =IF(Q13="","",(Q13/$O$23)) | R36: =IF(R13="","",(R13/$O$23)) | S36: =IF(S13="","",(S13/$O$23)) | T36: =IF(T13="","",(T13/$O$23)) | U36: =IF(U13="","",(U13/$O$23)) | V36: =IF(V13="","",(V13/$O$23)) | ... AK36: =IF(AK13="","",(AK13/$O$23))
B37: =IF(B14="","",(B14/$O$23)) | C37: =IF(C14="","",(C14/$O$23)) | D37: =IF(D14="","",(D14/$O$23)) | E37: =IF(E14="","",(E14/$O$23)) | F37: =IF(F14="","",(F14/$O$23)) | G37: =IF(G14="","",(G14/$O$23)) | H37: =IF(H14="","",(H14/$O$23)) | I37: =IF(I14="","",(I14/$O$23)) | ... M37: =IF(M14="","",(M14/$O$23)) | O37: =IF(O14="","",(O14/$O$23)) -> 1.4536102 | P37: =IF(P14="","",(P14/$O$23)) | Q37: =IF(Q14="","",(Q14/$O$23)) | R37: =IF(R14="","",(R14/$O$23)) | S37: =IF(S14="","",(S14/$O$23)) | T37: =IF(T14="","",(T14/$O$23)) | U37: =IF(U14="","",(U14/$O$23)) | V37: =IF(V14="","",(V14/$O$23)) | ... AK37: =IF(AK14="","",(AK14/$O$23))
B38: =IF(B15="","",(B15/$O$23)) | C38: =IF(C15="","",(C15/$O$23)) | D38: =IF(D15="","",(D15/$O$23)) | E38: =IF(E15="","",(E15/$O$23)) | F38: =IF(F15="","",(F15/$O$23)) | G38: =IF(G15="","",(G15/$O$23)) | H38: =IF(H15="","",(H15/$O$23)) | I38: =IF(I15="","",(I15/$O$23)) | ... M38: =IF(M15="","",(M15/$O$23)) | O38: =IF(O15="","",(O15/$O$23)) -> 0.63548531 | P38: =IF(P15="","",(P15/$O$23)) | Q38: =IF(Q15="","",(Q15/$O$23)) | R38: =IF(R15="","",(R15/$O$23)) | S38: =IF(S15="","",(S15/$O$23)) | T38: =IF(T15="","",(T15/$O$23)) | U38: =IF(U15="","",(U15/$O$23)) | V38: =IF(V15="","",(V15/$O$23)) | ... AK38: =IF(AK15="","",(AK15/$O$23))
B39: =IF(B16="","",(B16/$O$23)) | C39: =IF(C16="","",(C16/$O$23)) | D39: =IF(D16="","",(D16/$O$23)) | E39: =IF(E16="","",(E16/$O$23)) | F39: =IF(F16="","",(F16/$O$23)) | G39: =IF(G16="","",(G16/$O$23)) | H39: =IF(H16="","",(H16/$O$23)) | I39: =IF(I16="","",(I16/$O$23)) | ... M39: =IF(M16="","",(M16/$O$23)) | O39: =IF(O16="","",(O16/$O$23)) -> 1.0281705 | P39: =IF(P16="","",(P16/$O$23)) | Q39: =IF(Q16="","",(Q16/$O$23)) | R39: =IF(R16="","",(R16/$O$23)) | S39: =IF(S16="","",(S16/$O$23)) | T39: =IF(T16="","",(T16/$O$23)) | U39: =IF(U16="","",(U16/$O$23)) | V39: =IF(V16="","",(V16/$O$23)) | ... AK39: =IF(AK16="","",(AK16/$O$23))
B40: =IF(B17="","",(B17/$O$23)) | C40: =IF(C17="","",(C17/$O$23)) | D40: =IF(D17="","",(D17/$O$23)) | E40: =IF(E17="","",(E17/$O$23)) | F40: =IF(F17="","",(F17/$O$23)) | G40: =IF(G17="","",(G17/$O$23)) | H40: =IF(H17="","",(H17/$O$23)) | I40: =IF(I17="","",(I17/$O$23)) | ... M40: =IF(M17="","",(M17/$O$23)) | O40: =IF(O17="","",(O17/$O$23)) -> 1.392394 | P40: =IF(P17="","",(P17/$O$23)) | Q40: =IF(Q17="","",(Q17/$O$23)) | R40: =IF(R17="","",(R17/$O$23)) | S40: =IF(S17="","",(S17/$O$23)) | T40: =IF(T17="","",(T17/$O$23)) | U40: =IF(U17="","",(U17/$O$23)) | V40: =IF(V17="","",(V17/$O$23)) | ... AK40: =IF(AK17="","",(AK17/$O$23))
... B43: =IF(B20="","",(B20/$O$23)) | C43: =IF(C20="","",(C20/$O$23)) | D43: =IF(D20="","",(D20/$O$23)) | E43: =IF(E20="","",(E20/$O$23)) | F43: =IF(F20="","",(F20/$O$23)) | G43: =IF(G20="","",(G20/$O$23)) | H43: =IF(H20="","",(H20/$O$23)) | I43: =IF(I20="","",(I20/$O$23)) | ... M43: =IF(M20="","",(M20/$O$23)) | O43: =IF(O20="","",(O20/$O$23)) -> 1.2848341 | P43: =IF(P20="","",(P20/$O$23)) | Q43: =IF(Q20="","",(Q20/$O$23)) | R43: =IF(R20="","",(R20/$O$23)) | S43: =IF(S20="","",(S20/$O$23)) | T43: =IF(T20="","",(T20/$O$23)) | U43: =IF(U20="","",(U20/$O$23)) | V43: =IF(V20="","",(V20/$O$23)) | ... AK43: =IF(AK20="","",(AK20/$O$23))
A45: =A4 -> Noms des groupes | B45: =B4 -> Solvent control | C45: =C4 -> EE2-33.8ng/L | D45: =D4 -> EE2-50.6ng/L | E45: =E4 -> EE2-76ng/L | F45: =F4 -> EE2-114ng/L | G45: =G4 -> EE2-170.9ng/L | H45: =H4 -> EE2-488ng/L | ... M45: =M4 -> Prochloraz-1.0mg/L | O45: =O4 -> Testo -30µg/L | P45: =P4 -> Testo 30µg/L + EE2 -64ng/L | Q45: =Q4 -> Testo 30µg/L + FAD-10mg/L | R45: =R4 -> Prochloraz-0.063mg/L + Testostérone | S45: =S4 -> Prochloraz-0.13mg/L + Testostérone | T45: =T4 -> Prochloraz-0.25mg/L + Testostérone | U45: =U4 -> Prochloraz-0.5mg/L + Testostérone | V45: =V4 -> Prochloraz-1.0mg/L + Testostérone | ... AK45: =AK4 -> 0-00 + Testostérone
A46: mean | B46: =AVERAGE(B28:B43) -> 0.024355099 | C46: =AVERAGE(C28:C43) -> #DIV/0! | D46: =AVERAGE(D28:D43) -> 0.02955025 | E46: =AVERAGE(E28:E43) -> 0.27787355 | F46: =AVERAGE(F28:F43) -> 0.83838274 | G46: =AVERAGE(G28:G43) -> 1.0509611 | H46: =AVERAGE(H28:H43) -> 1.6435124 | I46: =AVERAGE(I28:I43) -> 0.016009028 | ... M46: =AVERAGE(M28:M43) -> 0.024890944 | N46: mean | O46: =AVERAGE(O28:O43) -> 1 | P46: =AVERAGE(P28:P43) -> 1.2974042 | Q46: =AVERAGE(Q28:Q43) -> 0.088616486 | R46: =AVERAGE(R28:R43) -> 0.36532721 | S46: =AVERAGE(S28:S43) -> 0.22614074 | T46: =AVERAGE(T28:T43) -> 0.14702367 | U46: =AVERAGE(U28:U43) -> 0.0214783 | V46: =AVERAGE(V28:V43) -> 0.059004267 | ... AK46: =AVERAGE(AK28:AK43) -> #DIV/0!
A47: SD | B47: =STDEV(B28:B43) -> 0.022699148 | C47: =STDEV(C28:C43) -> #DIV/0! | D47: =STDEV(D28:D43) -> 0.035634455 | E47: =STDEV(E28:E43) -> 0.49153868 | F47: =STDEV(F28:F43) -> 0.51866324 | G47: =STDEV(G28:G43) -> 0.69093474 | H47: =STDEV(H28:H43) -> 0.50791929 | I47: =STDEV(I28:I43) -> 0.016271261 | ... M47: =STDEV(M28:M43) -> 0.029682398 | N47: SD | O47: =STDEV(O28:O43) -> 0.3294497 | P47: =STDEV(P28:P43) -> 0.29730414 | Q47: =STDEV(Q28:Q43) -> 0.20243734 | R47: =STDEV(R28:R43) -> 0.29623603 | S47: =STDEV(S28:S43) -> 0.32204638 | T47: =STDEV(T28:T43) -> 0.16092829 | U47: =STDEV(U28:U43) -> 0.02737423 | V47: =STDEV(V28:V43) -> 0.080144796 | ... AK47: =STDEV(AK28:AK43) -> #DIV/0!
A48: SEM | B48: =B47/SQRT(COUNT(B28:B43)) -> 0.0080253606 | C48: =C47/SQRT(COUNT(C28:C43)) -> #DIV/0! | D48: =D47/SQRT(COUNT(D28:D43)) -> 0.012598683 | E48: =E47/SQRT(COUNT(E28:E43)) -> 0.17378517 | F48: =F47/SQRT(COUNT(F28:F43)) -> 0.18337515 | G48: =G47/SQRT(COUNT(G28:G43)) -> 0.24428232 | H48: =H47/SQRT(COUNT(H28:H43)) -> 0.17957659 | I48: =I47/SQRT(COUNT(I28:I43)) -> 0.0057527594 | ... M48: =M47/SQRT(COUNT(M28:M43)) -> 0.010494312 | N48: SEM | O48: =O47/SQRT(COUNT(O28:O43)) -> 0.082362426 | P48: =P47/SQRT(COUNT(P28:P43)) -> 0.10511289 | Q48: =Q47/SQRT(COUNT(Q28:Q43)) -> 0.071572407 | R48: =R47/SQRT(COUNT(R28:R43)) -> 0.10473525 | S48: =S47/SQRT(COUNT(S28:S43)) -> 0.11386059 | T48: =T47/SQRT(COUNT(T28:T43)) -> 0.056896743 | U48: =U47/SQRT(COUNT(U28:U43)) -> 0.0096782519 | V48: =V47/SQRT(COUNT(V28:V43)) -> 0.028335465 | ... AK48: =AK47/SQRT(COUNT(AK28:AK43)) -> #DIV/0!
A50: 7. Expérimentateur 2 : réaliser les tests statistiques avec les données normalisées et renseigner les résultats ainsi que le test statistique utilisé dans le tableau violet.
A52: =A27 -> Noms des groupes | B52: =B27 -> Solvent control | C52: =C27 -> EE2-33.8ng/L | D52: =D27 -> EE2-50.6ng/L | E52: =E27 -> EE2-76ng/L | F52: =F27 -> EE2-114ng/L | G52: =G27 -> EE2-170.9ng/L | H52: =H27 -> EE2-488ng/L | I52: =I4 -> Prochloraz-0.063mg/L | J52: =J4 -> Prochloraz-0.13mg/L | K52: =K4 -> Prochloraz-0.25mg/L | L52: =L4 -> Prochloraz-0.5mg/L | M52: =M4 -> Prochloraz-1.0mg/L | O52: =O27 -> Testo -30µg/L | P52: =P27 -> Testo 30µg/L + EE2 -64ng/L | Q52: =Q27 -> Testo 30µg/L + FAD-10mg/L | R52: =R27 -> Prochloraz-0.063mg/L + Testostérone | S52: =S27 -> Prochloraz-0.13mg/L + Testostérone | T52: =T27 -> Prochloraz-0.25mg/L + Testostérone | U52: =U27 -> Prochloraz-0.5mg/L + Testostérone | V52: =V27 -> Prochloraz-1.0mg/L + Testostérone | ... AK52: =AK27 -> 0-00 + Testostérone
A53: Mean | B53: =B46 -> 0.024355099 | C53: =C46 -> #DIV/0! | D53: =D46 -> 0.02955025 | E53: =E46 -> 0.27787355 | F53: =F46 -> 0.83838274 | G53: =G46 -> 1.0509611 | H53: =H46 -> 1.6435124 | I53: =I46 -> 0.016009028 | ... M53: =M46 -> 0.024890944 | O53: =O46 -> 1 | P53: =P46 -> 1.2974042 | Q53: =Q46 -> 0.088616486 | R53: =R46 -> 0.36532721 | S53: =S46 -> 0.22614074 | T53: =T46 -> 0.14702367 | U53: =U46 -> 0.0214783 | V53: =V46 -> 0.059004267 | ... AK53: =AK46 -> #DIV/0!
A54: SEM | B54: =B48 -> 0.0080253606 | C54: =C48 -> #DIV/0! | D54: =D48 -> 0.012598683 | E54: =E48 -> 0.17378517 | F54: =F48 -> 0.18337515 | G54: =G48 -> 0.24428232 | H54: =H48 -> 0.17957659 | I54: =I48 -> 0.0057527594 | ... M54: =M48 -> 0.010494312 | O54: =O48 -> 0.082362426 | P54: =P48 -> 0.10511289 | Q54: =Q48 -> 0.071572407 | R54: =R48 -> 0.10473525 | S54: =S48 -> 0.11386059 | T54: =T48 -> 0.056896743 | U54: =U48 -> 0.0096782519 | V54: =V48 -> 0.028335465 | ... AK54: =AK48 -> #DIV/0!
A55: % induction | B55: =(B53*100/$B53)-100 -> 0 | C55: =(C53*100/$B53)-100 -> #DIV/0! | D55: =(D53*100/$B53)-100 -> 21.330859 | E55: =(E53*100/$B53)-100 -> 1040.9256 | F55: =(F53*100/$B53)-100 -> 3342.3295 | G55: =(G53*100/$B53)-100 -> 4215.1585 | H55: =(H53*100/$B53)-100 -> 6648.1246 | I55: =(I53*100/$B53)-100 -> -34.268267 | ... M55: =(M53*100/$B53)-100 -> 2.2001377 | O55: =(O53*100/$O53)-100 -> 0 | P55: =(P53*100/$O53)-100 -> 29.740421 | Q55: =(Q53*100/$O53)-100 -> -91.138351 | R55: =(R53*100/$O53)-100 -> -63.467279 | S55: =(S53*100/$O53)-100 -> -77.385926 | T55: =(T53*100/$O53)-100 -> -85.297633 | U55: =(U53*100/$O53)-100 -> -97.85217 | V55: =(V53*100/$O53)-100 -> -94.099573 | ... AK55: =(AK53*100/$O53)-100 -> #DIV/0!
A56: Test de normalité : valeur du p | B56: =[1]!SWTEST(B28:B43) -> #NAME? | C56: =[1]!SWTEST(C28:C43) -> #NAME? | D56: =[1]!SWTEST(D28:D43) -> #NAME? | E56: =[1]!SWTEST(E28:E43) -> #NAME? | F56: =[1]!SWTEST(F28:F43) -> #NAME? | G56: =[1]!SWTEST(G28:G43) -> #NAME? | H56: =[1]!SWTEST(H28:H43) -> #NAME? | I56: =[1]!SWTEST(I28:I43) -> #NAME? | ... M56: =[1]!SWTEST(M28:M43) -> #NAME? | O56: =[1]!SWTEST(O28:O43) -> #NAME? | P56: =[1]!SWTEST(P28:P43) -> #NAME? | Q56: =[1]!SWTEST(Q28:Q43) -> #NAME? | R56: =[1]!SWTEST(R28:R43) -> #NAME? | S56: =[1]!SWTEST(S28:S43) -> #NAME? | T56: =[1]!SWTEST(T28:T43) -> #NAME? | U56: =[1]!SWTEST(U28:U43) -> #NAME? | V56: =[1]!SWTEST(V28:V43) -> #NAME? | ... AK56: =[1]!SWTEST(AK28:AK43) -> #NAME?
A57: Test de normalité : résultat normal? | B57: =IF(B56>0.05,"Oui","Non") -> #NAME? | C57: =IF(C56>0.05,"Oui","Non") -> #NAME? | D57: =IF(D56>0.05,"Oui","Non") -> #NAME? | E57: =IF(E56>0.05,"Oui","Non") -> #NAME? | F57: =IF(F56>0.05,"Oui","Non") -> #NAME? | G57: =IF(G56>0.05,"Oui","Non") -> #NAME? | H57: =IF(H56>0.05,"Oui","Non") -> #NAME? | I57: =IF(I56>0.05,"Oui","Non") -> #NAME? | ... M57: =IF(M56>0.05,"Oui","Non") -> #NAME? | O57: =IF(O56>0.05,"Oui","Non") -> #NAME? | P57: =IF(P56>0.05,"Oui","Non") -> #NAME? | Q57: =IF(Q56>0.05,"Oui","Non") -> #NAME? | R57: =IF(R56>0.05,"Oui","Non") -> #NAME? | S57: =IF(S56>0.05,"Oui","Non") -> #NAME? | T57: =IF(T56>0.05,"Oui","Non") -> #NAME? | U57: =IF(U56>0.05,"Oui","Non") -> #NAME? | V57: =IF(V56>0.05,"Oui","Non") -> #NAME? | ... AK57: =IF(AK56>0.05,"Oui","Non") -> #NAME?
A59: Test statistique utilisé | C59: =IF($B57="Non",IF(C57="Non","MW",IF(C57="Oui","MW","")),IF($B57="Oui",IF(C57="Oui","T-Test Welch",IF(C57="Non","MW","")))) -> #NAME? | D59: =IF($B57="Non",IF(D57="Non","MW",IF(D57="Oui","MW","")),IF($B57="Oui",IF(D57="Oui","T-Test Welch",IF(D57="Non","MW","")))) -> #NAME? | E59: =IF($B57="Non",IF(E57="Non","MW",IF(E57="Oui","MW","")),IF($B57="Oui",IF(E57="Oui","T-Test Welch",IF(E57="Non","MW","")))) -> #NAME? | F59: =IF($B57="Non",IF(F57="Non","MW",IF(F57="Oui","MW","")),IF($B57="Oui",IF(F57="Oui","T-Test Welch",IF(F57="Non","MW","")))) -> #NAME? | G59: =IF($B57="Non",IF(G57="Non","MW",IF(G57="Oui","MW","")),IF($B57="Oui",IF(G57="Oui","T-Test Welch",IF(G57="Non","MW","")))) -> #NAME? | H59: =IF($B57="Non",IF(H57="Non","MW",IF(H57="Oui","MW","")),IF($B57="Oui",IF(H57="Oui","T-Test Welch",IF(H57="Non","MW","")))) -> #NAME? | I59: =IF($B57="Non",IF(I57="Non","MW",IF(I57="Oui","MW","")),IF($B57="Oui",IF(I57="Oui","T-Test Welch",IF(I57="Non","MW","")))) -> #NAME? | J59: =IF($B57="Non",IF(J57="Non","MW",IF(J57="Oui","MW","")),IF($B57="Oui",IF(J57="Oui","T-Test Welch",IF(J57="Non","MW","")))) -> #NAME? | ... M59: =IF($B57="Non",IF(M57="Non","MW",IF(M57="Oui","MW","")),IF($B57="Oui",IF(M57="Oui","T-Test Welch",IF(M57="Non","MW","")))) -> #NAME? | O59: =IF($B57="Non",IF(O57="Non","MW",IF(O57="Oui","MW","")),IF($B57="Oui",IF(O57="Oui","T-Test Welch",IF(O57="Non","MW","")))) -> #NAME? | P59: =IF($O57="Non",IF(P57="Non","MW",IF(P57="Oui","MW","")),IF($O57="Oui",IF(P57="Oui","T-Test Welch",IF(P57="Non","MW","")))) -> #NAME? | Q59: =IF($O57="Non",IF(Q57="Non","MW",IF(Q57="Oui","MW","")),IF($O57="Oui",IF(Q57="Oui","T-Test Welch",IF(Q57="Non","MW","")))) -> #NAME? | R59: =IF($O57="Non",IF(R57="Non","MW",IF(R57="Oui","MW","")),IF($O57="Oui",IF(R57="Oui","T-Test Welch",IF(R57="Non","MW","")))) -> #NAME? | S59: =IF($O57="Non",IF(S57="Non","MW",IF(S57="Oui","MW","")),IF($O57="Oui",IF(S57="Oui","T-Test Welch",IF(S57="Non","MW","")))) -> #NAME? | T59: =IF($O57="Non",IF(T57="Non","MW",IF(T57="Oui","MW","")),IF($O57="Oui",IF(T57="Oui","T-Test Welch",IF(T57="Non","MW","")))) -> #NAME? | U59: =IF($O57="Non",IF(U57="Non","MW",IF(U57="Oui","MW","")),IF($O57="Oui",IF(U57="Oui","T-Test Welch",IF(U57="Non","MW","")))) -> #NAME? | V59: =IF($O57="Non",IF(V57="Non","MW",IF(V57="Oui","MW","")),IF($O57="Oui",IF(V57="Oui","T-Test Welch",IF(V57="Non","MW","")))) -> #NAME? | W59: =IF($O57="Non",IF(W57="Non","MW",IF(W57="Oui","MW","")),IF($O57="Oui",IF(W57="Oui","T-Test Welch",IF(W57="Non","MW","")))) -> #NAME? | ... AK59: =IF($O57="Non",IF(AK57="Non","MW",IF(AK57="Oui","MW","")),IF($O57="Oui",IF(AK57="Oui","T-Test Welch",IF(AK57="Non","MW","")))) -> #NAME?
A60: Test statistique : valeur du p | C60: =IF(C59="MW",[1]!MTEST($B28:$B43,C28:C43,2), IF(C59="T-Test Welch",_xlfn.T.TEST($B28:$B43,C28:C43,2,3),"")) -> #NAME? | D60: =IF(D59="MW",[1]!MTEST($B28:$B43,D28:D43,2), IF(D59="T-Test Welch",_xlfn.T.TEST($B28:$B43,D28:D43,2,3),"")) -> #NAME? | E60: =IF(E59="MW",[1]!MTEST($B28:$B43,E28:E43,2), IF(E59="T-Test Welch",_xlfn.T.TEST($B28:$B43,E28:E43,2,3),"")) -> #NAME? | F60: =IF(F59="MW",[1]!MTEST($B28:$B43,F28:F43,2), IF(F59="T-Test Welch",_xlfn.T.TEST($B28:$B43,F28:F43,2,3),"")) -> #NAME? | G60: =IF(G59="MW",[1]!MTEST($B28:$B43,G28:G43,2), IF(G59="T-Test Welch",_xlfn.T.TEST($B28:$B43,G28:G43,2,3),"")) -> #NAME? | H60: =IF(H59="MW",[1]!MTEST($B28:$B43,H28:H43,2), IF(H59="T-Test Welch",_xlfn.T.TEST($B28:$B43,H28:H43,2,3),"")) -> #NAME? | I60: =IF(I59="MW",[1]!MTEST($B28:$B43,I28:I43,2), IF(I59="T-Test Welch",_xlfn.T.TEST($B28:$B43,I28:I43,2,3),"")) -> #NAME? | J60: =IF(J59="MW",[1]!MTEST($B28:$B43,J28:J43,2), IF(J59="T-Test Welch",_xlfn.T.TEST($B28:$B43,J28:J43,2,3),"")) -> #NAME? | ... M60: =IF(M59="MW",[1]!MTEST($B28:$B43,M28:M43,2), IF(M59="T-Test Welch",_xlfn.T.TEST($B28:$B43,M28:M43,2,3),"")) -> #NAME? | O60: =IF(O59="MW",[1]!MTEST($B28:$B43,O28:O43,2), IF(O59="T-Test Welch",_xlfn.T.TEST($B28:$B43,O28:O43,2,3),"")) -> #NAME? | P60: =IF(P59="MW",[1]!MTEST($O28:$O43,P28:P43,2), IF(P59="T-Test Welch",_xlfn.T.TEST($O28:$O43,P28:P43,2,3),"")) -> #NAME? | Q60: =IF(Q59="MW",[1]!MTEST($O28:$O43,Q28:Q43,2), IF(Q59="T-Test Welch",_xlfn.T.TEST($O28:$O43,Q28:Q43,2,3),"")) -> #NAME? | R60: =IF(R59="MW",[1]!MTEST($O28:$O43,R28:R43,2), IF(R59="T-Test Welch",_xlfn.T.TEST($O28:$O43,R28:R43,2,3),"")) -> #NAME? | S60: =IF(S59="MW",[1]!MTEST($O28:$O43,S28:S43,2), IF(S59="T-Test Welch",_xlfn.T.TEST($O28:$O43,S28:S43,2,3),"")) -> #NAME? | T60: =IF(T59="MW",[1]!MTEST($O28:$O43,T28:T43,2), IF(T59="T-Test Welch",_xlfn.T.TEST($O28:$O43,T28:T43,2,3),"")) -> #NAME? | U60: =IF(U59="MW",[1]!MTEST($O28:$O43,U28:U43,2), IF(U59="T-Test Welch",_xlfn.T.TEST($O28:$O43,U28:U43,2,3),"")) -> #NAME? | V60: =IF(V59="MW",[1]!MTEST($O28:$O43,V28:V43,2), IF(V59="T-Test Welch",_xlfn.T.TEST($O28:$O43,V28:V43,2,3),"")) -> #NAME? | W60: =IF(W59="MW",[1]!MTEST($O28:$O43,W28:W43,2), IF(W59="T-Test Welch",_xlfn.T.TEST($O28:$O43,W28:W43,2,3),"")) -> #NAME? | ... AK60: =IF(AK59="MW",[1]!MTEST($O28:$O43,AK28:AK43,2), IF(AK59="T-Test Welch",_xlfn.T.TEST($O28:$O43,AK28:AK43,2,3),"")) -> #NAME?
A61: Annotation | C61: =IF(C60>0.05,"NS",IF(C60>0.01,"*",IF(C60>0.001,"**","***"))) -> #NAME? | D61: =IF(D60>0.05,"NS",IF(D60>0.01,"*",IF(D60>0.001,"**","***"))) -> #NAME? | E61: =IF(E60>0.05,"NS",IF(E60>0.01,"*",IF(E60>0.001,"**","***"))) -> #NAME? | F61: =IF(F60>0.05,"NS",IF(F60>0.01,"*",IF(F60>0.001,"**","***"))) -> #NAME? | G61: =IF(G60>0.05,"NS",IF(G60>0.01,"*",IF(G60>0.001,"**","***"))) -> #NAME? | H61: =IF(H60>0.05,"NS",IF(H60>0.01,"*",IF(H60>0.001,"**","***"))) -> #NAME? | I61: =IF(I60>0.05,"NS",IF(I60>0.01,"*",IF(I60>0.001,"**","***"))) -> #NAME? | J61: =IF(J60>0.05,"NS",IF(J60>0.01,"*",IF(J60>0.001,"**","***"))) -> #NAME? | ... M61: =IF(M60>0.05,"NS",IF(M60>0.01,"*",IF(M60>0.001,"**","***"))) -> #NAME? | O61: =IF(O60>0.05,"NS",IF(O60>0.01,"*",IF(O60>0.001,"**","***"))) -> #NAME? | P61: =IF(P60>0.05,"NS",IF(P60>0.01,"*",IF(P60>0.001,"**","***"))) -> #NAME? | Q61: =IF(Q60>0.05,"NS",IF(Q60>0.01,"*",IF(Q60>0.001,"**","***"))) -> #NAME? | R61: =IF(R60>0.05,"NS",IF(R60>0.01,"*",IF(R60>0.001,"**","***"))) -> #NAME? | S61: =IF(S60>0.05,"NS",IF(S60>0.01,"*",IF(S60>0.001,"**","***"))) -> #NAME? | T61: =IF(T60>0.05,"NS",IF(T60>0.01,"*",IF(T60>0.001,"**","***"))) -> #NAME? | U61: =IF(U60>0.05,"NS",IF(U60>0.01,"*",IF(U60>0.001,"**","***"))) -> #NAME? | V61: =IF(V60>0.05,"NS",IF(V60>0.01,"*",IF(V60>0.001,"**","***"))) -> #NAME? | ... AK61: =IF(AK60>0.05,"NS",IF(AK60>0.01,"*",IF(AK60>0.001,"**","***"))) -> #NAME?
A63: Eléments pour la mise en forme conditionnelles des résutats - calcul équivalent hormonal (eqH)
A64: LOD | B64: =B46+(3*B47) -> 0.092452542
A65: LOQ | B65: =B46+(10*B47) -> 0.25134657
A67: 8. Expérimentateur 2 : se reporter à l'onglet "pooled normalised values".

Sheet pooled normalised values
A1: N°BDC : | B1: ='Front page'!#REF! -> #REF!
B3: Non dopé | AE3: avec testo
A4: Noms des groupes | B4: ='R1'!B4 -> Solvent control | C4: ='R1'!C4 -> EE2-33.8ng/L | D4: ='R1'!D4 -> EE2-50.6ng/L | E4: ='R1'!E4 -> EE2-76ng/L | F4: ='R1'!F4 -> EE2-114ng/L | G4: ='R1'!G4 -> EE2-170.9ng/L | H4: ='R1'!H4 -> EE2-488ng/L | I4: ='R1'!I4 -> Prochloraz-0.063mg/L | ... M4: ='R1'!M4 -> Prochloraz-1.0mg/L | N4: ='R1'!#REF! -> #REF! | O4: ='R1'!#REF! -> #REF! | P4: ='R1'!#REF! -> #REF! | Q4: ='R1'!#REF! -> #REF! | R4: ='R1'!#REF! -> #REF! | S4: ='R1'!#REF! -> #REF! | T4: ='R1'!#REF! -> #REF! | U4: ='R1'!#REF! -> #REF! | ... AC4: ='R1'!#REF! -> #REF! | AE4: ='R1'!O4 -> Testo -30µg/L | AF4: ='R1'!P4 -> Testo 30µg/L + EE2 -64ng/L | AG4: ='R1'!Q4 -> Testo 30µg/L + FAD-10mg/L | AH4: ='R1'!R4 -> Prochloraz-0.063mg/L + Testostérone | AI4: ='R1'!S4 -> Prochloraz-0.13mg/L + Testostérone | AJ4: ='R1'!T4 -> Prochloraz-0.25mg/L + Testostérone | AK4: ='R1'!U4 -> Prochloraz-0.5mg/L + Testostérone | AL4: ='R1'!V4 -> Prochloraz-1.0mg/L + Testostérone | ... BA4: ='R1'!AK4 -> 0-00 + Testostérone
A6: Rep1 | B6: ='R1'!B28 -> 0 | C6: ='R1'!C28 -> 0 | D6: ='R1'!D28 -> 0 | E6: ='R1'!E28 -> 0 | F6: ='R1'!F28 -> 0.0068728557 | G6: ='R1'!G28 -> 1.3520239 | H6: ='R1'!H28 -> 1.2824782 | I6: ='R1'!I28 -> 0 | ... M6: ='R1'!M28 -> 0.016679546 | N6: ='R1'!#REF! -> #REF! | O6: ='R1'!#REF! -> #REF! | P6: ='R1'!#REF! -> #REF! | Q6: ='R1'!#REF! -> #REF! | R6: ='R1'!#REF! -> #REF! | S6: ='R1'!#REF! -> #REF! | T6: ='R1'!#REF! -> #REF! | U6: ='R1'!#REF! -> #REF! | ... AC6: ='R1'!#REF! -> #REF! | AE6: ='R1'!O28 -> 0 | AF6: ='R1'!P28 -> 1.881765 | AG6: ='R1'!Q28 -> 0 | AH6: ='R1'!R28 -> 0.089600464 | AI6: ='R1'!S28 -> 0 | AJ6: ='R1'!T28 -> 0.0013075588 | AK6: ='R1'!U28 -> 0 | AL6: ='R1'!V28 -> 0.04471851 | ... BA6: ='R1'!AK28
A7: Données normalisées sur la moyenne du groupe "Testo" | B7: ='R1'!B29 -> 0.0033751361 | C7: ='R1'!C29 -> 0.0032852414 | D7: ='R1'!D29 -> 0 | E7: ='R1'!E29 -> 0 | F7: ='R1'!F29 -> 1.0466272 | G7: ='R1'!G29 -> 2.1762027 | H7: ='R1'!H29 -> 2.3434722 | I7: ='R1'!I29 -> 0 | ... M7: ='R1'!M29 -> 0.0068728557 | N7: ='R1'!#REF! -> #REF! | O7: ='R1'!#REF! -> #REF! | P7: ='R1'!#REF! -> #REF! | Q7: ='R1'!#REF! -> #REF! | R7: ='R1'!#REF! -> #REF! | S7: ='R1'!#REF! -> #REF! | T7: ='R1'!#REF! -> #REF! | U7: ='R1'!#REF! -> #REF! | ... AC7: ='R1'!#REF! -> #REF! | AE7: ='R1'!O29 -> 0.9042014 | AF7: ='R1'!P29 -> 2.0554333 | AG7: ='R1'!Q29 -> 0 | AH7: ='R1'!R29 -> 0.35356389 | AI7: ='R1'!S29 -> 0.0019695104 | AJ7: ='R1'!T29 -> 0.013288066 | AK7: ='R1'!U29 -> 0.00065377938 | AL7: ='R1'!V29 -> 0 | ... BA7: ='R1'!AK29
B8: ='R1'!B30 -> 0 | C8: ='R1'!C30 -> 0.00067012387 | D8: ='R1'!D30 -> 0 | E8: ='R1'!E30 -> 0.002631462 | F8: ='R1'!F30 -> 0.52108668 | G8: ='R1'!G30 -> 1.9614444 | H8: ='R1'!H30 -> 2.1264174 | I8: ='R1'!I30 -> 0.069586643 | ... M8: ='R1'!M30 -> 0.044162797 | N8: ='R1'!#REF! -> #REF! | O8: ='R1'!#REF! -> #REF! | P8: ='R1'!#REF! -> #REF! | Q8: ='R1'!#REF! -> #REF! | R8: ='R1'!#REF! -> #REF! | S8: ='R1'!#REF! -> #REF! | T8: ='R1'!#REF! -> #REF! | U8: ='R1'!#REF! -> #REF! | ... AC8: ='R1'!#REF! -> #REF! | AE8: ='R1'!O30 -> 0.17380725 | AF8: ='R1'!P30 -> 2.0845919 | AG8: ='R1'!Q30 -> 0 | AH8: ='R1'!R30 -> 0 | AI8: ='R1'!S30 -> 0 | AJ8: ='R1'!T30 -> 0 | AK8: ='R1'!U30 -> 0 | AL8: ='R1'!V30 -> 0.00068646835 | ... BA8: ='R1'!AK30
B9: ='R1'!B31 -> 0 | C9: ='R1'!C31 -> 0 | D9: ='R1'!D31 -> 0.092403543 | E9: ='R1'!E31 -> 0 | F9: ='R1'!F31 -> 0 | G9: ='R1'!G31 -> 1.8156189 | H9: ='R1'!H31 -> 1.5827263 | I9: ='R1'!I31 -> 0.0046581781 | ... M9: ='R1'!M31 -> 0 | N9: ='R1'!#REF! -> #REF! | O9: ='R1'!#REF! -> #REF! | P9: ='R1'!#REF! -> #REF! | Q9: ='R1'!#REF! -> #REF! | R9: ='R1'!#REF! -> #REF! | S9: ='R1'!#REF! -> #REF! | T9: ='R1'!#REF! -> #REF! | U9: ='R1'!#REF! -> #REF! | ... AC9: ='R1'!#REF! -> #REF! | AE9: ='R1'!O31 -> 0.79770074 | AF9: ='R1'!P31 -> 1.4100142 | AG9: ='R1'!Q31 -> 0.035483876 | AH9: ='R1'!R31 -> 0.60780235 | AI9: ='R1'!S31 -> 0.0033015859 | AJ9: ='R1'!T31 -> 0 | AK9: ='R1'!U31 -> 0 | AL9: ='R1'!V31 -> 0.00066195162 | ... BA9: ='R1'!AK31
B10: ='R1'!B32 -> 0 | C10: ='R1'!C32 -> 0.00066195162 | D10: ='R1'!D32 -> 0 | E10: ='R1'!E32 -> 0.0020839218 | F10: ='R1'!F32 -> 1.4941719 | G10: ='R1'!G32 -> 0.94843775 | H10: ='R1'!H32 -> 2.7853535 | I10: ='R1'!I32 -> 0.056298577 | ... M10: ='R1'!M32 -> 0.10237368 | N10: ='R1'!#REF! -> #REF! | O10: ='R1'!#REF! -> #REF! | P10: ='R1'!#REF! -> #REF! | Q10: ='R1'!#REF! -> #REF! | R10: ='R1'!#REF! -> #REF! | S10: ='R1'!#REF! -> #REF! | T10: ='R1'!#REF! -> #REF! | U10: ='R1'!#REF! -> #REF! | ... AC10: ='R1'!#REF! -> #REF! | AE10: ='R1'!O32 -> 1.9493985 | AF10: ='R1'!P32 -> 1.5903102 | AG10: ='R1'!Q32 -> 0 | AH10: ='R1'!R32 -> 0.0041678436 | AI10: ='R1'!S32 -> 0.10115601 | AJ10: ='R1'!T32 -> 0 | AK10: ='R1'!U32 -> 0 | AL10: ='R1'!V32 -> 0 | ... BA10: ='R1'!AK32
B11: ='R1'!B33 -> 0.036055933 | C11: ='R1'!C33 -> 0 | D11: ='R1'!D33 -> 0 | E11: ='R1'!E33 -> 2.0376097 | F11: ='R1'!F33 -> 0.58427446 | G11: ='R1'!G33 -> 1.0974749 | H11: ='R1'!H33 -> 1.6752525 | I11: ='R1'!I33 -> 0 | ... M11: ='R1'!M33 -> 0 | N11: ='R1'!#REF! -> #REF! | O11: ='R1'!#REF! -> #REF! | P11: ='R1'!#REF! -> #REF! | Q11: ='R1'!#REF! -> #REF! | R11: ='R1'!#REF! -> #REF! | S11: ='R1'!#REF! -> #REF! | T11: ='R1'!#REF! -> #REF! | U11: ='R1'!#REF! -> #REF! | ... AC11: ='R1'!#REF! -> #REF! | AE11: ='R1'!O33 -> 1.1130512 | AF11: ='R1'!P33 -> 1.6879276 | AG11: ='R1'!Q33 -> 0.0066930664 | AH11: ='R1'!R33 -> 0.01195599 | AI11: ='R1'!S33 -> 0.12584436 | AJ11: ='R1'!T33 -> 0 | AK11: ='R1'!U33 -> 0 | AL11: ='R1'!V33 -> 0 | ... BA11: ='R1'!AK33
B12: ='R1'!B34 -> 0 | C12: ='R1'!C34 -> 0 | D12: ='R1'!D34 -> 0.047693206 | E12: ='R1'!E34 -> 0.00065377938 | F12: ='R1'!F34 -> 0.032419285 | G12: ='R1'!G34 -> 1.7892307 | H12: ='R1'!H34 -> 2.2606547 | I12: ='R1'!I34 -> 0.065124599 | ... M12: ='R1'!M34 -> 0 | N12: ='R1'!#REF! -> #REF! | O12: ='R1'!#REF! -> #REF! | P12: ='R1'!#REF! -> #REF! | Q12: ='R1'!#REF! -> #REF! | R12: ='R1'!#REF! -> #REF! | S12: ='R1'!#REF! -> #REF! | T12: ='R1'!#REF! -> #REF! | U12: ='R1'!#REF! -> #REF! | ... AC12: ='R1'!#REF! -> #REF! | AE12: ='R1'!O34 -> 1.2635758 | AF12: ='R1'!P34 -> 1.01554 | AG12: ='R1'!Q34 -> 0 | AH12: ='R1'!R34 -> 0.091136846 | AI12: ='R1'!S34 -> 0 | AJ12: ='R1'!T34 -> 0.016777613 | AK12: ='R1'!U34 -> 0 | AL12: ='R1'!V34 -> 0 | ... BA12: ='R1'!AK34
B13: ='R1'!B35 -> 0.010109064 | C13: ='R1'!C35 -> 0.12981607 | D13: ='R1'!D35 -> 0 | E13: ='R1'!E35 -> 2.0163373 | F13: ='R1'!F35 -> 0 | G13: ='R1'!G35 -> 1.2026108 | H13: ='R1'!H35 -> 2.5054951 | I13: ='R1'!I35 -> 0 | ... M13: ='R1'!M35 -> 0.0059085312 | N13: ='R1'!#REF! -> #REF! | O13: ='R1'!#REF! -> #REF! | P13: ='R1'!#REF! -> #REF! | Q13: ='R1'!#REF! -> #REF! | R13: ='R1'!#REF! -> #REF! | S13: ='R1'!#REF! -> #REF! | T13: ='R1'!#REF! -> #REF! | U13: ='R1'!#REF! -> #REF! | ... AC13: ='R1'!#REF! -> #REF! | AE13: ='R1'!O35 -> 1.5488115 | AF13: ='R1'!P35 -> 1.5235511 | AG13: ='R1'!Q35 -> 0 | AH13: ='R1'!R35 -> 0.071523464 | AI13: ='R1'!S35 -> 0 | AJ13: ='R1'!T35 -> 0 | AK13: ='R1'!U35 -> 0 | AL13: ='R1'!V35 -> 0.0026559787 | ... BA13: ='R1'!AK35
B14: ='R1'!B36 | C14: ='R1'!C36 | D14: ='R1'!D36 | E14: ='R1'!E36 | F14: ='R1'!F36 | G14: ='R1'!G36 | H14: ='R1'!H36 | I14: ='R1'!I36 | ... M14: ='R1'!M36 | N14: ='R1'!#REF! -> #REF! | O14: ='R1'!#REF! -> #REF! | P14: ='R1'!#REF! -> #REF! | Q14: ='R1'!#REF! -> #REF! | R14: ='R1'!#REF! -> #REF! | S14: ='R1'!#REF! -> #REF! | T14: ='R1'!#REF! -> #REF! | U14: ='R1'!#REF! -> #REF! | ... AC14: ='R1'!#REF! -> #REF! | AE14: ='R1'!O36 -> 0.76808453 | AF14: ='R1'!P36 | AG14: ='R1'!Q36 | AH14: ='R1'!R36 | AI14: ='R1'!S36 | AJ14: ='R1'!T36 | AK14: ='R1'!U36 | AL14: ='R1'!V36 | ... BA14: ='R1'!AK36
B15: ='R1'!B37 | C15: ='R1'!C37 | D15: ='R1'!D37 | E15: ='R1'!E37 | F15: ='R1'!F37 | G15: ='R1'!G37 | H15: ='R1'!H37 | I15: ='R1'!I37 | ... M15: ='R1'!M37 | N15: ='R1'!#REF! -> #REF! | O15: ='R1'!#REF! -> #REF! | P15: ='R1'!#REF! -> #REF! | Q15: ='R1'!#REF! -> #REF! | R15: ='R1'!#REF! -> #REF! | S15: ='R1'!#REF! -> #REF! | T15: ='R1'!#REF! -> #REF! | U15: ='R1'!#REF! -> #REF! | ... AC15: ='R1'!#REF! -> #REF! | AE15: ='R1'!O37 -> 1.0289997 | AF15: ='R1'!P37 | AG15: ='R1'!Q37 | AH15: ='R1'!R37 | AI15: ='R1'!S37 | AJ15: ='R1'!T37 | AK15: ='R1'!U37 | AL15: ='R1'!V37 | ... BA15: ='R1'!AK37
B16: ='R1'!B38 | C16: ='R1'!C38 | D16: ='R1'!D38 | E16: ='R1'!E38 | F16: ='R1'!F38 | G16: ='R1'!G38 | H16: ='R1'!H38 | I16: ='R1'!I38 | ... M16: ='R1'!M38 | N16: ='R1'!#REF! -> #REF! | O16: ='R1'!#REF! -> #REF! | P16: ='R1'!#REF! -> #REF! | Q16: ='R1'!#REF! -> #REF! | R16: ='R1'!#REF! -> #REF! | S16: ='R1'!#REF! -> #REF! | T16: ='R1'!#REF! -> #REF! | U16: ='R1'!#REF! -> #REF! | ... AC16: ='R1'!#REF! -> #REF! | AE16: ='R1'!O38 -> 0 | AF16: ='R1'!P38 | AG16: ='R1'!Q38 | AH16: ='R1'!R38 | AI16: ='R1'!S38 | AJ16: ='R1'!T38 | AK16: ='R1'!U38 | AL16: ='R1'!V38 | ... BA16: ='R1'!AK38
B17: ='R1'!B39 | C17: ='R1'!C39 | D17: ='R1'!D39 | E17: ='R1'!E39 | F17: ='R1'!F39 | G17: ='R1'!G39 | H17: ='R1'!H39 | I17: ='R1'!I39 | ... M17: ='R1'!M39 | N17: ='R1'!#REF! -> #REF! | O17: ='R1'!#REF! -> #REF! | P17: ='R1'!#REF! -> #REF! | Q17: ='R1'!#REF! -> #REF! | R17: ='R1'!#REF! -> #REF! | S17: ='R1'!#REF! -> #REF! | T17: ='R1'!#REF! -> #REF! | U17: ='R1'!#REF! -> #REF! | ... AC17: ='R1'!#REF! -> #REF! | AE17: ='R1'!O39 -> 1.7088159 | AF17: ='R1'!P39 | AG17: ='R1'!Q39 | AH17: ='R1'!R39 | AI17: ='R1'!S39 | AJ17: ='R1'!T39 | AK17: ='R1'!U39 | AL17: ='R1'!V39 | ... BA17: ='R1'!AK39
B18: ='R1'!B40 | C18: ='R1'!C40 | D18: ='R1'!D40 | E18: ='R1'!E40 | F18: ='R1'!F40 | G18: ='R1'!G40 | H18: ='R1'!H40 | I18: ='R1'!I40 | ... M18: ='R1'!M40 | N18: ='R1'!#REF! -> #REF! | O18: ='R1'!#REF! -> #REF! | P18: ='R1'!#REF! -> #REF! | Q18: ='R1'!#REF! -> #REF! | R18: ='R1'!#REF! -> #REF! | S18: ='R1'!#REF! -> #REF! | T18: ='R1'!#REF! -> #REF! | U18: ='R1'!#REF! -> #REF! | ... AC18: ='R1'!#REF! -> #REF! | AE18: ='R1'!O40 -> 0.5592674 | AF18: ='R1'!P40 | AG18: ='R1'!Q40 | AH18: ='R1'!R40 | AI18: ='R1'!S40 | AJ18: ='R1'!T40 | AK18: ='R1'!U40 | AL18: ='R1'!V40 | ... BA18: ='R1'!AK40
B19: ='R1'!B41 | C19: ='R1'!C41 | D19: ='R1'!D41 | E19: ='R1'!E41 | F19: ='R1'!F41 | G19: ='R1'!G41 | H19: ='R1'!H41 | I19: ='R1'!I41 | ... M19: ='R1'!M41 | N19: ='R1'!#REF! -> #REF! | O19: ='R1'!#REF! -> #REF! | P19: ='R1'!#REF! -> #REF! | Q19: ='R1'!#REF! -> #REF! | R19: ='R1'!#REF! -> #REF! | S19: ='R1'!#REF! -> #REF! | T19: ='R1'!#REF! -> #REF! | U19: ='R1'!#REF! -> #REF! | ... AC19: ='R1'!#REF! -> #REF! | AE19: ='R1'!O41 -> 1.3951407 | AF19: ='R1'!P41 | AG19: ='R1'!Q41 | AH19: ='R1'!R41 | AI19: ='R1'!S41 | AJ19: ='R1'!T41 | AK19: ='R1'!U41 | AL19: ='R1'!V41 | ... BA19: ='R1'!AK41
... B21: ='R1'!B43 | C21: ='R1'!C43 | D21: ='R1'!D43 | E21: ='R1'!E43 | F21: ='R1'!F43 | G21: ='R1'!G43 | H21: ='R1'!H43 | I21: ='R1'!I43 | ... M21: ='R1'!M43 | N21: ='R1'!#REF! -> #REF! | O21: ='R1'!#REF! -> #REF! | P21: ='R1'!#REF! -> #REF! | Q21: ='R1'!#REF! -> #REF! | R21: ='R1'!#REF! -> #REF! | S21: ='R1'!#REF! -> #REF! | T21: ='R1'!#REF! -> #REF! | U21: ='R1'!#REF! -> #REF! | ... AC21: ='R1'!#REF! -> #REF! | AE21: ='R1'!O43 -> 1.2427365 | AF21: ='R1'!P43 | AG21: ='R1'!Q43 | AH21: ='R1'!R43 | AI21: ='R1'!S43 | AJ21: ='R1'!T43 | AK21: ='R1'!U43 | AL21: ='R1'!V43 | ... BA21: ='R1'!AK43
A22: Rep2 | B22: ='R2'!B28 -> 0.099964415 | C22: ='R2'!C28 -> 0.050605938 | D22: ='R2'!D28 -> 0.1061682 | E22: ='R2'!E28 -> 1.0347667 | F22: ='R2'!F28 -> 0.97907781 | G22: ='R2'!G28 -> 1.2966962 | H22: ='R2'!H28 -> 1.06481 | I22: ='R2'!I28 -> 0 | ... M22: ='R2'!M28 -> 0.0070639782 | N22: ='R2'!#REF! -> #REF! | O22: ='R2'!#REF! -> #REF! | P22: ='R2'!#REF! -> #REF! | Q22: ='R2'!#REF! -> #REF! | R22: ='R2'!#REF! -> #REF! | S22: ='R2'!#REF! -> #REF! | T22: ='R2'!#REF! -> #REF! | U22: ='R2'!#REF! -> #REF! | ... AC22: ='R2'!#REF! -> #REF! | AE22: ='R2'!O28 -> 0.86304908 | AF22: ='R2'!P28 -> 1.4466074 | AG22: ='R2'!Q28 -> 0.037412646 | AH22: ='R2'!R28 -> 0.4324741 | AI22: ='R2'!S28 -> 0.20446437 | AJ22: ='R2'!T28 -> 0.13878837 | AK22: ='R2'!U28 -> 0.087419058 | AL22: ='R2'!V28 -> 0.15155715 | ... BA22: ='R2'!AK28
A23: Données normalisées sur la moyenne du groupe "Testo" | B23: ='R2'!B29 -> 0.045355432 | C23: ='R2'!C29 -> 0.10743056 | D23: ='R2'!D29 -> 0.051387928 | E23: ='R2'!E29 -> 0.98172168 | F23: ='R2'!F29 -> 1.1667257 | G23: ='R2'!G29 -> 1.0794369 | H23: ='R2'!H29 -> 1.2794402 | I23: ='R2'!I29 -> 0.015874401 | ... M23: ='R2'!M29 -> 0.080928539 | N23: ='R2'!#REF! -> #REF! | O23: ='R2'!#REF! -> #REF! | P23: ='R2'!#REF! -> #REF! | Q23: ='R2'!#REF! -> #REF! | R23: ='R2'!#REF! -> #REF! | S23: ='R2'!#REF! -> #REF! | T23: ='R2'!#REF! -> #REF! | U23: ='R2'!#REF! -> #REF! | ... AC23: ='R2'!#REF! -> #REF! | AE23: ='R2'!O29 -> 1.2602442 | AF23: ='R2'!P29 -> 1.3404951 | AG23: ='R2'!Q29 -> 0.1341076 | AH23: ='R2'!R29 -> 0.64714903 | AI23: ='R2'!S29 -> 0.016868646 | AJ23: ='R2'!T29 -> 0.28537429 | AK23: ='R2'!U29 -> 0.096974233 | AL23: ='R2'!V29 -> 0.013662486 | ... BA23: ='R2'!AK29
B24: ='R2'!B30 -> 0.044026049 | C24: ='R2'!C30 -> 0.74533349 | D24: ='R2'!D30 -> 0.27680591 | E24: ='R2'!E30 -> 0.73728643 | F24: ='R2'!F30 -> 0.70544826 | G24: ='R2'!G30 -> 1.1612406 | H24: ='R2'!H30 -> 1.320059 | I24: ='R2'!I30 -> 0.043709529 | ... M24: ='R2'!M30 -> 0.12972845 | N24: ='R2'!#REF! -> #REF! | O24: ='R2'!#REF! -> #REF! | P24: ='R2'!#REF! -> #REF! | Q24: ='R2'!#REF! -> #REF! | R24: ='R2'!#REF! -> #REF! | S24: ='R2'!#REF! -> #REF! | T24: ='R2'!#REF! -> #REF! | U24: ='R2'!#REF! -> #REF! | ... AC24: ='R2'!#REF! -> #REF! | AE24: ='R2'!O30 -> 0.67533419 | AF24: ='R2'!P30 -> 1.1955401 | AG24: ='R2'!Q30 -> 0.13331444 | AH24: ='R2'!R30 -> 0.73898819 | AI24: ='R2'!S30 -> 0.53197304 | AJ24: ='R2'!T30 -> 0.21518136 | AK24: ='R2'!U30 -> 0.11396576 | AL24: ='R2'!V30 -> 0.73190187 | ... BA24: ='R2'!AK30
B25: ='R2'!B31 -> 0.12099623 | C25: ='R2'!C31 -> 0.020808387 | D25: ='R2'!D31 -> 0.14495864 | E25: ='R2'!E31 -> 0.041277912 | F25: ='R2'!F31 -> 1.2304095 | G25: ='R2'!G31 -> 1.2038851 | H25: ='R2'!H31 -> 1.7568937 | I25: ='R2'!I31 -> 0.12682019 | ... M25: ='R2'!M31 -> 0.039501677 | N25: ='R2'!#REF! -> #REF! | O25: ='R2'!#REF! -> #REF! | P25: ='R2'!#REF! -> #REF! | Q25: ='R2'!#REF! -> #REF! | R25: ='R2'!#REF! -> #REF! | S25: ='R2'!#REF! -> #REF! | T25: ='R2'!#REF! -> #REF! | U25: ='R2'!#REF! -> #REF! | ... AC25: ='R2'!#REF! -> #REF! | AE25: ='R2'!O31 -> 0.93836591 | AF25: ='R2'!P31 -> 1.0735795 | AG25: ='R2'!Q31 -> 0.078027728 | AH25: ='R2'!R31 -> 0.038488813 | AI25: ='R2'!S31 -> 0.14782222 | AJ25: ='R2'!T31 -> 0.28592541 | AK25: ='R2'!U31 -> 0.026338175 | AL25: ='R2'!V31 -> 0.0027146231 | ... BA25: ='R2'!AK31
B26: ='R2'!B32 -> 0.036835463 | C26: ='R2'!C32 -> 0.040953944 | D26: ='R2'!D32 -> 0.19146099 | E26: ='R2'!E32 -> 0.67121198 | F26: ='R2'!F32 -> 0.37893384 | G26: ='R2'!G32 -> 1.480058 | H26: ='R2'!H32 -> 1.7344468 | I26: ='R2'!I32 -> 0.10575859 | ... M26: ='R2'!M32 -> 0.11550368 | N26: ='R2'!#REF! -> #REF! | O26: ='R2'!#REF! -> #REF! | P26: ='R2'!#REF! -> #REF! | Q26: ='R2'!#REF! -> #REF! | R26: ='R2'!#REF! -> #REF! | S26: ='R2'!#REF! -> #REF! | T26: ='R2'!#REF! -> #REF! | U26: ='R2'!#REF! -> #REF! | ... AC26: ='R2'!#REF! -> #REF! | AE26: ='R2'!O32 -> 1.0815893 | AF26: ='R2'!P32 -> 1.3331369 | AG26: ='R2'!Q32 -> 0.065165851 | AH26: ='R2'!R32 -> 1.0361631 | AI26: ='R2'!S32 -> 0.45102589 | AJ26: ='R2'!T32 -> 0.1341709 | AK26: ='R2'!U32 -> 0.061065988 | AL26: ='R2'!V32 -> 0.47254551 | ... BA26: ='R2'!AK32
B27: ='R2'!B33 -> 0.11335879 | C27: ='R2'!C33 -> 0.029890645 | D27: ='R2'!D33 -> 0.0703605 | E27: ='R2'!E33 -> 0.88401386 | F27: ='R2'!F33 -> 1.1406891 | G27: ='R2'!G33 -> 1.2886305 | H27: ='R2'!H33 -> 1.6077197 | I27: ='R2'!I33 -> 0.048799913 | ... M27: ='R2'!M33 -> 0.089079856 | N27: ='R2'!#REF! -> #REF! | O27: ='R2'!#REF! -> #REF! | P27: ='R2'!#REF! -> #REF! | Q27: ='R2'!#REF! -> #REF! | R27: ='R2'!#REF! -> #REF! | S27: ='R2'!#REF! -> #REF! | T27: ='R2'!#REF! -> #REF! | U27: ='R2'!#REF! -> #REF! | ... AC27: ='R2'!#REF! -> #REF! | AE27: ='R2'!O33 -> 1.0120145 | AF27: ='R2'!P33 -> 1.1273692 | AG27: ='R2'!Q33 -> 0.19983946 | AH27: ='R2'!R33 -> 0.40974425 | AI27: ='R2'!S33 -> 0.05345834 | AJ27: ='R2'!T33 -> 0.12717395 | AK27: ='R2'!U33 -> 0.1867132 | AL27: ='R2'!V33 -> 0.11182088 | ... BA27: ='R2'!AK33
B28: ='R2'!B34 -> 0.11276299 | C28: ='R2'!C34 -> 0.032646229 | D28: ='R2'!D34 -> 0.14730834 | E28: ='R2'!E34 -> 0.64152615 | F28: ='R2'!F34 -> 1.3727093 | G28: ='R2'!G34 -> 1.0887315 | H28: ='R2'!H34 -> 1.5775647 | I28: ='R2'!I34 -> 0.1027982 | ... M28: ='R2'!M34 -> 0.082935647 | N28: ='R2'!#REF! -> #REF! | O28: ='R2'!#REF! -> #REF! | P28: ='R2'!#REF! -> #REF! | Q28: ='R2'!#REF! -> #REF! | R28: ='R2'!#REF! -> #REF! | S28: ='R2'!#REF! -> #REF! | T28: ='R2'!#REF! -> #REF! | U28: ='R2'!#REF! -> #REF! | ... AC28: ='R2'!#REF! -> #REF! | AE28: ='R2'!O34 -> 0.88905211 | AF28: ='R2'!P34 -> 1.4063833 | AG28: ='R2'!Q34 -> 0.071485076 | AH28: ='R2'!R34 -> 0.69964664 | AI28: ='R2'!S34 -> 0.068911956 | AJ28: ='R2'!T34 -> 0.070081218 | AK28: ='R2'!U34 -> 0.13119934 | AL28: ='R2'!V34 -> 0.26937701 | ... BA28: ='R2'!AK34
B29: ='R2'!B35 -> 0.080325289 | C29: ='R2'!C35 -> 0.035446499 | D29: ='R2'!D35 -> 0.027641492 | E29: ='R2'!E35 -> 1.0440724 | F29: ='R2'!F35 -> 0.72628271 | G29: ='R2'!G35 -> 1.3008519 | H29: ='R2'!H35 -> 1.3392327 | I29: ='R2'!I35 -> 0.04739233 | ... M29: ='R2'!M35 -> 0 | N29: ='R2'!#REF! -> #REF! | O29: ='R2'!#REF! -> #REF! | P29: ='R2'!#REF! -> #REF! | Q29: ='R2'!#REF! -> #REF! | R29: ='R2'!#REF! -> #REF! | S29: ='R2'!#REF! -> #REF! | T29: ='R2'!#REF! -> #REF! | U29: ='R2'!#REF! -> #REF! | ... AC29: ='R2'!#REF! -> #REF! | AE29: ='R2'!O35 -> 1.0246529 | AF29: ='R2'!P35 -> 1.183289 | AG29: ='R2'!Q35 -> 0.12337944 | AH29: ='R2'!R35 -> 0.80006163 | AI29: ='R2'!S35 -> 0.091075793 | AJ29: ='R2'!T35 -> 0.6856155 | AK29: ='R2'!U35 -> 0.087724406 | AL29: ='R2'!V35 -> 0.099424469 | ... BA29: ='R2'!AK35
B30: ='R2'!B36 | C30: ='R2'!C36 | D30: ='R2'!D36 | E30: ='R2'!E36 | F30: ='R2'!F36 | G30: ='R2'!G36 | H30: ='R2'!H36 | I30: ='R2'!I36 | ... M30: ='R2'!M36 | N30: ='R2'!#REF! -> #REF! | O30: ='R2'!#REF! -> #REF! | P30: ='R2'!#REF! -> #REF! | Q30: ='R2'!#REF! -> #REF! | R30: ='R2'!#REF! -> #REF! | S30: ='R2'!#REF! -> #REF! | T30: ='R2'!#REF! -> #REF! | U30: ='R2'!#REF! -> #REF! | ... AC30: ='R2'!#REF! -> #REF! | AE30: ='R2'!O36 -> 0.90223796 | AF30: ='R2'!P36 | AG30: ='R2'!Q36 | AH30: ='R2'!R36 | AI30: ='R2'!S36 | AJ30: ='R2'!T36 | AK30: ='R2'!U36 | AL30: ='R2'!V36 | ... BA30: ='R2'!AK36
B31: ='R2'!B37 | C31: ='R2'!C37 | D31: ='R2'!D37 | E31: ='R2'!E37 | F31: ='R2'!F37 | G31: ='R2'!G37 | H31: ='R2'!H37 | I31: ='R2'!I37 | ... M31: ='R2'!M37 | N31: ='R2'!#REF! -> #REF! | O31: ='R2'!#REF! -> #REF! | P31: ='R2'!#REF! -> #REF! | Q31: ='R2'!#REF! -> #REF! | R31: ='R2'!#REF! -> #REF! | S31: ='R2'!#REF! -> #REF! | T31: ='R2'!#REF! -> #REF! | U31: ='R2'!#REF! -> #REF! | ... AC31: ='R2'!#REF! -> #REF! | AE31: ='R2'!O37 -> 0.95100808 | AF31: ='R2'!P37 | AG31: ='R2'!Q37 | AH31: ='R2'!R37 | AI31: ='R2'!S37 | AJ31: ='R2'!T37 | AK31: ='R2'!U37 | AL31: ='R2'!V37 | ... BA31: ='R2'!AK37
B32: ='R2'!B38 | C32: ='R2'!C38 | D32: ='R2'!D38 | E32: ='R2'!E38 | F32: ='R2'!F38 | G32: ='R2'!G38 | H32: ='R2'!H38 | I32: ='R2'!I38 | ... M32: ='R2'!M38 | N32: ='R2'!#REF! -> #REF! | O32: ='R2'!#REF! -> #REF! | P32: ='R2'!#REF! -> #REF! | Q32: ='R2'!#REF! -> #REF! | R32: ='R2'!#REF! -> #REF! | S32: ='R2'!#REF! -> #REF! | T32: ='R2'!#REF! -> #REF! | U32: ='R2'!#REF! -> #REF! | ... AC32: ='R2'!#REF! -> #REF! | AE32: ='R2'!O38 -> 1.2612199 | AF32: ='R2'!P38 | AG32: ='R2'!Q38 | AH32: ='R2'!R38 | AI32: ='R2'!S38 | AJ32: ='R2'!T38 | AK32: ='R2'!U38 | AL32: ='R2'!V38 | ... BA32: ='R2'!AK38
B33: ='R2'!B39 | C33: ='R2'!C39 | D33: ='R2'!D39 | E33: ='R2'!E39 | F33: ='R2'!F39 | G33: ='R2'!G39 | H33: ='R2'!H39 | I33: ='R2'!I39 | ... M33: ='R2'!M39 | N33: ='R2'!#REF! -> #REF! | O33: ='R2'!#REF! -> #REF! | P33: ='R2'!#REF! -> #REF! | Q33: ='R2'!#REF! -> #REF! | R33: ='R2'!#REF! -> #REF! | S33: ='R2'!#REF! -> #REF! | T33: ='R2'!#REF! -> #REF! | U33: ='R2'!#REF! -> #REF! | ... AC33: ='R2'!#REF! -> #REF! | AE33: ='R2'!O39 -> 1.1386522 | AF33: ='R2'!P39 | AG33: ='R2'!Q39 | AH33: ='R2'!R39 | AI33: ='R2'!S39 | AJ33: ='R2'!T39 | AK33: ='R2'!U39 | AL33: ='R2'!V39 | ... BA33: ='R2'!AK39
B34: ='R2'!B40 | C34: ='R2'!C40 | D34: ='R2'!D40 | E34: ='R2'!E40 | F34: ='R2'!F40 | G34: ='R2'!G40 | H34: ='R2'!H40 | I34: ='R2'!I40 | ... M34: ='R2'!M40 | N34: ='R2'!#REF! -> #REF! | O34: ='R2'!#REF! -> #REF! | P34: ='R2'!#REF! -> #REF! | Q34: ='R2'!#REF! -> #REF! | R34: ='R2'!#REF! -> #REF! | S34: ='R2'!#REF! -> #REF! | T34: ='R2'!#REF! -> #REF! | U34: ='R2'!#REF! -> #REF! | ... AC34: ='R2'!#REF! -> #REF! | AE34: ='R2'!O40 -> 1.4267709 | AF34: ='R2'!P40 | AG34: ='R2'!Q40 | AH34: ='R2'!R40 | AI34: ='R2'!S40 | AJ34: ='R2'!T40 | AK34: ='R2'!U40 | AL34: ='R2'!V40 | ... BA34: ='R2'!AK40
B35: ='R2'!B41 | C35: ='R2'!C41 | D35: ='R2'!D41 | E35: ='R2'!E41 | F35: ='R2'!F41 | G35: ='R2'!G41 | H35: ='R2'!H41 | I35: ='R2'!I41 | ... M35: ='R2'!M41 | N35: ='R2'!#REF! -> #REF! | O35: ='R2'!#REF! -> #REF! | P35: ='R2'!#REF! -> #REF! | Q35: ='R2'!#REF! -> #REF! | R35: ='R2'!#REF! -> #REF! | S35: ='R2'!#REF! -> #REF! | T35: ='R2'!#REF! -> #REF! | U35: ='R2'!#REF! -> #REF! | ... AC35: ='R2'!#REF! -> #REF! | AE35: ='R2'!O41 -> 0.77247227 | AF35: ='R2'!P41 | AG35: ='R2'!Q41 | AH35: ='R2'!R41 | AI35: ='R2'!S41 | AJ35: ='R2'!T41 | AK35: ='R2'!U41 | AL35: ='R2'!V41 | ... BA35: ='R2'!AK41
... B37: ='R2'!B43 | C37: ='R2'!C43 | D37: ='R2'!D43 | E37: ='R2'!E43 | F37: ='R2'!F43 | G37: ='R2'!G43 | H37: ='R2'!H43 | I37: ='R2'!I43 | ... M37: ='R2'!M43 | N37: ='R2'!#REF! -> #REF! | O37: ='R2'!#REF! -> #REF! | P37: ='R2'!#REF! -> #REF! | Q37: ='R2'!#REF! -> #REF! | R37: ='R2'!#REF! -> #REF! | S37: ='R2'!#REF! -> #REF! | T37: ='R2'!#REF! -> #REF! | U37: ='R2'!#REF! -> #REF! | ... AC37: ='R2'!#REF! -> #REF! | AE37: ='R2'!O43 -> 0.92602536 | AF37: ='R2'!P43 | AG37: ='R2'!Q43 | AH37: ='R2'!R43 | AI37: ='R2'!S43 | AJ37: ='R2'!T43 | AK37: ='R2'!U43 | AL37: ='R2'!V43 | ... BA37: ='R2'!AK43
A38: Rep3 | B38: ='R3'!B28 -> 0.052467679 | C38: ='R3'!C28 | D38: ='R3'!D28 -> 0.0110931 | E38: ='R3'!E28 -> 0.07563371 | F38: ='R3'!F28 -> 1.0107144 | G38: ='R3'!G28 -> 0.016948763 | H38: ='R3'!H28 -> 1.4802698 | I38: ='R3'!I28 -> 0.014149243 | ... M38: ='R3'!M28 -> 0 | N38: ='R3'!#REF! -> #REF! | O38: ='R3'!#REF! -> #REF! | P38: ='R3'!#REF! -> #REF! | Q38: ='R3'!#REF! -> #REF! | R38: ='R3'!#REF! -> #REF! | S38: ='R3'!#REF! -> #REF! | T38: ='R3'!#REF! -> #REF! | U38: ='R3'!#REF! -> #REF! | ... AC38: ='R3'!#REF! -> #REF! | AE38: ='R3'!O28 -> 1.1842846 | AF38: ='R3'!P28 -> 0.65137259 | AG38: ='R3'!Q28 -> 0 | AH38: ='R3'!R28 -> 0.086324379 | AI38: ='R3'!S28 -> 0.068833209 | AJ38: ='R3'!T28 -> 0.0033710892 | AK38: ='R3'!U28 -> 0 | AL38: ='R3'!V28 -> 0.23408657 | ... BA38: ='R3'!AK28
A39: Données normalisées sur la moyenne du groupe "Testo" | B39: ='R3'!B29 -> 0.031984521 | C39: ='R3'!C29 | D39: ='R3'!D29 -> 0.0078036632 | E39: ='R3'!E29 -> 0 | F39: ='R3'!F29 -> 0.00879516 | G39: ='R3'!G29 -> 2.2425267 | H39: ='R3'!H29 -> 1.6502298 | I39: ='R3'!I29 -> 0 | ... M39: ='R3'!M29 -> 0.020722284 | N39: ='R3'!#REF! -> #REF! | O39: ='R3'!#REF! -> #REF! | P39: ='R3'!#REF! -> #REF! | Q39: ='R3'!#REF! -> #REF! | R39: ='R3'!#REF! -> #REF! | S39: ='R3'!#REF! -> #REF! | T39: ='R3'!#REF! -> #REF! | U39: ='R3'!#REF! -> #REF! | ... AC39: ='R3'!#REF! -> #REF! | AE39: ='R3'!O29 -> 0.84095844 | AF39: ='R3'!P29 -> 1.4942499 | AG39: ='R3'!Q29 -> 0.58168786 | AH39: ='R3'!R29 -> 0.23900906 | AI39: ='R3'!S29 -> 0.0014289219 | AJ39: ='R3'!T29 -> 0.12634002 | AK39: ='R3'!U29 -> 0.010690669 | AL39: ='R3'!V29 -> 0.0028578438 | ... BA39: ='R3'!AK29
B40: ='R3'!B30 -> 0.0024612451 | C40: ='R3'!C30 | D40: ='R3'!D30 -> 0.0014114249 | E40: ='R3'!E30 -> 0.17886603 | F40: ='R3'!F30 -> 0.98727421 | G40: ='R3'!G30 -> 1.418412 | H40: ='R3'!H30 -> 1.3059296 | I40: ='R3'!I30 -> 0.025551456 | ... M40: ='R3'!M30 -> 0 | N40: ='R3'!#REF! -> #REF! | O40: ='R3'!#REF! -> #REF! | P40: ='R3'!#REF! -> #REF! | Q40: ='R3'!#REF! -> #REF! | R40: ='R3'!#REF! -> #REF! | S40: ='R3'!#REF! -> #REF! | T40: ='R3'!#REF! -> #REF! | U40: ='R3'!#REF! -> #REF! | ... AC40: ='R3'!#REF! -> #REF! | AE40: ='R3'!O30 -> 1.289255 | AF40: ='R3'!P30 -> 1.6128504 | AG40: ='R3'!Q30 -> 0.0048933284 | AH40: ='R3'!R30 -> 0.32706564 | AI40: ='R3'!S30 -> 0.17839944 | AJ40: ='R3'!T30 -> 0.0033011012 | AK40: ='R3'!U30 -> 0.0032777718 | AL40: ='R3'!V30 -> 0.028630929 | ... BA40: ='R3'!AK30
B41: ='R3'!B31 -> 0.0042809333 | C41: ='R3'!C31 | D41: ='R3'!D31 -> 0.05127205 | E41: ='R3'!E31 -> 0.0085910283 | F41: ='R3'!F31 -> 1.5979429 | G41: ='R3'!G31 -> 1.4686751 | H41: ='R3'!H31 -> 2.3451874 | I41: ='R3'!I31 -> 0.0053657475 | ... M41: ='R3'!M31 -> 0.026496294 | N41: ='R3'!#REF! -> #REF! | O41: ='R3'!#REF! -> #REF! | P41: ='R3'!#REF! -> #REF! | Q41: ='R3'!#REF! -> #REF! | R41: ='R3'!#REF! -> #REF! | S41: ='R3'!#REF! -> #REF! | T41: ='R3'!#REF! -> #REF! | U41: ='R3'!#REF! -> #REF! | ... AC41: ='R3'!#REF! -> #REF! | AE41: ='R3'!O31 -> 0.9503672 | AF41: ='R3'!P31 -> 1.4532777 | AG41: ='R3'!Q31 -> 0.0018780116 | AH41: ='R3'!R31 -> 0.16203974 | AI41: ='R3'!S31 -> 0.038324268 | AJ41: ='R3'!T31 -> 0.11533441 | AK41: ='R3'!U31 -> 0.074128968 | AL41: ='R3'!V31 -> 0 | ... BA41: ='R3'!AK31
B42: ='R3'!B32 -> 0.057938408 | C42: ='R3'!C32 | D42: ='R3'!D32 -> 0.0047475201 | E42: ='R3'!E32 -> 0 | F42: ='R3'!F32 -> 0.83826974 | G42: ='R3'!G32 -> 0.35379523 | H42: ='R3'!H32 -> 1.864953 | I42: ='R3'!I32 -> 0.050583835 | ... M42: ='R3'!M32 -> 0.021917912 | N42: ='R3'!#REF! -> #REF! | O42: ='R3'!#REF! -> #REF! | P42: ='R3'!#REF! -> #REF! | Q42: ='R3'!#REF! -> #REF! | R42: ='R3'!#REF! -> #REF! | S42: ='R3'!#REF! -> #REF! | T42: ='R3'!#REF! -> #REF! | U42: ='R3'!#REF! -> #REF! | ... AC42: ='R3'!#REF! -> #REF! | AE42: ='R3'!O32 -> 1.0395086 | AF42: ='R3'!P32 -> 1.4051026 | AG42: ='R3'!Q32 -> 0 | AH42: ='R3'!R32 -> 0.76757601 | AI42: ='R3'!S32 -> 0.98171016 | AJ42: ='R3'!T32 -> 0.42315918 | AK42: ='R3'!U32 -> 0.018523494 | AL42: ='R3'!V32 -> 0.10517448 | ... BA42: ='R3'!AK32
B43: ='R3'!B33 -> 0.011810477 | C43: ='R3'!C33 | D43: ='R3'!D33 -> 0.00095650282 | E43: ='R3'!E33 -> 0.088884774 | F43: ='R3'!F33 -> 0.18292533 | G43: ='R3'!G33 -> 1.0634095 | H43: ='R3'!H33 -> 0.98526789 | I43: ='R3'!I33 -> 0.0083344056 | ... M43: ='R3'!M33 -> 0 | N43: ='R3'!#REF! -> #REF! | O43: ='R3'!#REF! -> #REF! | P43: ='R3'!#REF! -> #REF! | Q43: ='R3'!#REF! -> #REF! | R43: ='R3'!#REF! -> #REF! | S43: ='R3'!#REF! -> #REF! | T43: ='R3'!#REF! -> #REF! | U43: ='R3'!#REF! -> #REF! | ... AC43: ='R3'!#REF! -> #REF! | AE43: ='R3'!O33 -> 0.45831066 | AF43: ='R3'!P33 -> 1.15279 | AG43: ='R3'!Q33 -> 0.10520365 | AH43: ='R3'!R33 -> 0.14143994 | AI43: ='R3'!S33 -> 0.33225642 | AJ43: ='R3'!T33 -> 0 | AK43: ='R3'!U33 -> 0.001901341 | AL43: ='R3'!V33 -> 0.072991663 | ... BA43: ='R3'!AK33
B44: ='R3'!B34 -> 0.03245694 | C44: ='R3'!C34 | D44: ='R3'!D34 -> 0.065829557 | E44: ='R3'!E34 -> 1.4419397 | F44: ='R3'!F34 -> 0.87521757 | G44: ='R3'!G34 -> 0.81300406 | H44: ='R3'!H34 -> 2.3344443 | I44: ='R3'!I34 -> 0.019235038 | ... M44: ='R3'!M34 -> 0.08805075 | N44: ='R3'!#REF! -> #REF! | O44: ='R3'!#REF! -> #REF! | P44: ='R3'!#REF! -> #REF! | Q44: ='R3'!#REF! -> #REF! | R44: ='R3'!#REF! -> #REF! | S44: ='R3'!#REF! -> #REF! | T44: ='R3'!#REF! -> #REF! | U44: ='R3'!#REF! -> #REF! | ... AC44: ='R3'!#REF! -> #REF! | AE44: ='R3'!O34 -> 0.40344006 | AF44: ='R3'!P34 -> 1.2491227 | AG44: ='R3'!Q34 -> 0 | AH44: ='R3'!R34 -> 0.3202768 | AI44: ='R3'!S34 -> 0.078969806 | AJ44: ='R3'!T34 -> 0.34854613 | AK44: ='R3'!U34 -> 0.053622481 | AL44: ='R3'!V34 -> 0.028292653 | ... BA44: ='R3'!AK34
B45: ='R3'!B35 -> 0.0014405866 | C45: ='R3'!C35 | D45: ='R3'!D35 -> 0.093288186 | E45: ='R3'!E35 -> 0.42907317 | F45: ='R3'!F35 -> 1.2059226 | G45: ='R3'!G35 -> 1.0309176 | H45: ='R3'!H35 -> 1.1818176 | I45: ='R3'!I35 -> 0.0048525021 | ... M45: ='R3'!M35 -> 0.041940316 | N45: ='R3'!#REF! -> #REF! | O45: ='R3'!#REF! -> #REF! | P45: ='R3'!#REF! -> #REF! | Q45: ='R3'!#REF! -> #REF! | R45: ='R3'!#REF! -> #REF! | S45: ='R3'!#REF! -> #REF! | T45: ='R3'!#REF! -> #REF! | U45: ='R3'!#REF! -> #REF! | ... AC45: ='R3'!#REF! -> #REF! | AE45: ='R3'!O35 -> 0.69710392 | AF45: ='R3'!P35 -> 1.3604678 | AG45: ='R3'!Q35 -> 0.015269051 | AH45: ='R3'!R35 -> 0.87888611 | AI45: ='R3'!S35 -> 0.1292037 | AJ45: ='R3'!T35 -> 0.15613742 | AK45: ='R3'!U35 -> 0.0096816748 | AL45: ='R3'!V35 -> 0 | ... BA45: ='R3'!AK35
B46: ='R3'!B36 | C46: ='R3'!C36 | D46: ='R3'!D36 | E46: ='R3'!E36 | F46: ='R3'!F36 | G46: ='R3'!G36 | H46: ='R3'!H36 | I46: ='R3'!I36 | ... M46: ='R3'!M36 | N46: ='R3'!#REF! -> #REF! | O46: ='R3'!#REF! -> #REF! | P46: ='R3'!#REF! -> #REF! | Q46: ='R3'!#REF! -> #REF! | R46: ='R3'!#REF! -> #REF! | S46: ='R3'!#REF! -> #REF! | T46: ='R3'!#REF! -> #REF! | U46: ='R3'!#REF! -> #REF! | ... AC46: ='R3'!#REF! -> #REF! | AE46: ='R3'!O36 -> 1.3972348 | AF46: ='R3'!P36 | AG46: ='R3'!Q36 | AH46: ='R3'!R36 | AI46: ='R3'!S36 | AJ46: ='R3'!T36 | AK46: ='R3'!U36 | AL46: ='R3'!V36 | ... BA46: ='R3'!AK36
B47: ='R3'!B37 | C47: ='R3'!C37 | D47: ='R3'!D37 | E47: ='R3'!E37 | F47: ='R3'!F37 | G47: ='R3'!G37 | H47: ='R3'!H37 | I47: ='R3'!I37 | ... M47: ='R3'!M37 | N47: ='R3'!#REF! -> #REF! | O47: ='R3'!#REF! -> #REF! | P47: ='R3'!#REF! -> #REF! | Q47: ='R3'!#REF! -> #REF! | R47: ='R3'!#REF! -> #REF! | S47: ='R3'!#REF! -> #REF! | T47: ='R3'!#REF! -> #REF! | U47: ='R3'!#REF! -> #REF! | ... AC47: ='R3'!#REF! -> #REF! | AE47: ='R3'!O37 -> 1.4536102 | AF47: ='R3'!P37 | AG47: ='R3'!Q37 | AH47: ='R3'!R37 | AI47: ='R3'!S37 | AJ47: ='R3'!T37 | AK47: ='R3'!U37 | AL47: ='R3'!V37 | ... BA47: ='R3'!AK37
B48: ='R3'!B38 | C48: ='R3'!C38 | D48: ='R3'!D38 | E48: ='R3'!E38 | F48: ='R3'!F38 | G48: ='R3'!G38 | H48: ='R3'!H38 | I48: ='R3'!I38 | ... M48: ='R3'!M38 | N48: ='R3'!#REF! -> #REF! | O48: ='R3'!#REF! -> #REF! | P48: ='R3'!#REF! -> #REF! | Q48: ='R3'!#REF! -> #REF! | R48: ='R3'!#REF! -> #REF! | S48: ='R3'!#REF! -> #REF! | T48: ='R3'!#REF! -> #REF! | U48: ='R3'!#REF! -> #REF! | ... AC48: ='R3'!#REF! -> #REF! | AE48: ='R3'!O38 -> 0.63548531 | AF48: ='R3'!P38 | AG48: ='R3'!Q38 | AH48: ='R3'!R38 | AI48: ='R3'!S38 | AJ48: ='R3'!T38 | AK48: ='R3'!U38 | AL48: ='R3'!V38 | ... BA48: ='R3'!AK38
B49: ='R3'!B39 | C49: ='R3'!C39 | D49: ='R3'!D39 | E49: ='R3'!E39 | F49: ='R3'!F39 | G49: ='R3'!G39 | H49: ='R3'!H39 | I49: ='R3'!I39 | ... M49: ='R3'!M39 | N49: ='R3'!#REF! -> #REF! | O49: ='R3'!#REF! -> #REF! | P49: ='R3'!#REF! -> #REF! | Q49: ='R3'!#REF! -> #REF! | R49: ='R3'!#REF! -> #REF! | S49: ='R3'!#REF! -> #REF! | T49: ='R3'!#REF! -> #REF! | U49: ='R3'!#REF! -> #REF! | ... AC49: ='R3'!#REF! -> #REF! | AE49: ='R3'!O39 -> 1.0281705 | AF49: ='R3'!P39 | AG49: ='R3'!Q39 | AH49: ='R3'!R39 | AI49: ='R3'!S39 | AJ49: ='R3'!T39 | AK49: ='R3'!U39 | AL49: ='R3'!V39 | ... BA49: ='R3'!AK39
B50: ='R3'!B40 | C50: ='R3'!C40 | D50: ='R3'!D40 | E50: ='R3'!E40 | F50: ='R3'!F40 | G50: ='R3'!G40 | H50: ='R3'!H40 | I50: ='R3'!I40 | ... M50: ='R3'!M40 | N50: ='R3'!#REF! -> #REF! | O50: ='R3'!#REF! -> #REF! | P50: ='R3'!#REF! -> #REF! | Q50: ='R3'!#REF! -> #REF! | R50: ='R3'!#REF! -> #REF! | S50: ='R3'!#REF! -> #REF! | T50: ='R3'!#REF! -> #REF! | U50: ='R3'!#REF! -> #REF! | ... AC50: ='R3'!#REF! -> #REF! | AE50: ='R3'!O40 -> 1.392394 | AF50: ='R3'!P40 | AG50: ='R3'!Q40 | AH50: ='R3'!R40 | AI50: ='R3'!S40 | AJ50: ='R3'!T40 | AK50: ='R3'!U40 | AL50: ='R3'!V40 | ... BA50: ='R3'!AK40
B51: ='R3'!B41 | C51: ='R3'!C41 | D51: ='R3'!D41 | E51: ='R3'!E41 | F51: ='R3'!F41 | G51: ='R3'!G41 | H51: ='R3'!H41 | I51: ='R3'!I41 | ... M51: ='R3'!M41 | N51: ='R3'!#REF! -> #REF! | O51: ='R3'!#REF! -> #REF! | P51: ='R3'!#REF! -> #REF! | Q51: ='R3'!#REF! -> #REF! | R51: ='R3'!#REF! -> #REF! | S51: ='R3'!#REF! -> #REF! | T51: ='R3'!#REF! -> #REF! | U51: ='R3'!#REF! -> #REF! | ... AC51: ='R3'!#REF! -> #REF! | AE51: ='R3'!O41 -> 1.0282697 | AF51: ='R3'!P41 | AG51: ='R3'!Q41 | AH51: ='R3'!R41 | AI51: ='R3'!S41 | AJ51: ='R3'!T41 | AK51: ='R3'!U41 | AL51: ='R3'!V41 | ... BA51: ='R3'!AK41
... B53: ='R3'!B43 | C53: ='R3'!C43 | D53: ='R3'!D43 | E53: ='R3'!E43 | F53: ='R3'!F43 | G53: ='R3'!G43 | H53: ='R3'!H43 | I53: ='R3'!I43 | ... M53: ='R3'!M43 | N53: ='R3'!#REF! -> #REF! | O53: ='R3'!#REF! -> #REF! | P53: ='R3'!#REF! -> #REF! | Q53: ='R3'!#REF! -> #REF! | R53: ='R3'!#REF! -> #REF! | S53: ='R3'!#REF! -> #REF! | T53: ='R3'!#REF! -> #REF! | U53: ='R3'!#REF! -> #REF! | ... AC53: ='R3'!#REF! -> #REF! | AE53: ='R3'!O43 -> 1.2848341 | AF53: ='R3'!P43 | AG53: ='R3'!Q43 | AH53: ='R3'!R43 | AI53: ='R3'!S43 | AJ53: ='R3'!T43 | AK53: ='R3'!U43 | AL53: ='R3'!V43 | ... BA53: ='R3'!AK43
A55: Nom des groupes | B55: =B4 -> Solvent control | C55: =C4 -> EE2-33.8ng/L | D55: =D4 -> EE2-50.6ng/L | E55: =E4 -> EE2-76ng/L | F55: =F4 -> EE2-114ng/L | G55: =G4 -> EE2-170.9ng/L | H55: =H4 -> EE2-488ng/L | I55: =I4 -> Prochloraz-0.063mg/L | ... AC55: =AC4 -> #REF! | AE55: =AE4 -> Testo -30µg/L | AF55: =AF4 -> Testo 30µg/L + EE2 -64ng/L | AG55: =AG4 -> Testo 30µg/L + FAD-10mg/L | AH55: =AH4 -> Prochloraz-0.063mg/L + Testostérone | AI55: =AI4 -> Prochloraz-0.13mg/L + Testostérone | AJ55: =AJ4 -> Prochloraz-0.25mg/L + Testostérone | AK55: =AK4 -> Prochloraz-0.5mg/L + Testostérone | AL55: =AL4 -> Prochloraz-1.0mg/L + Testostérone | ... BA55: =BA4 -> 0-00 + Testostérone
A56: Moy. | B56: =AVERAGE(B6:B53) -> 0.037416899 | C56: =AVERAGE(C6:C53) -> 0.074846817 | D56: =AVERAGE(D6:D53) -> 0.058024615 | E56: =AVERAGE(E6:E53) -> 0.51325757 | F56: =AVERAGE(F6:F53) -> 0.75386627 | G56: =AVERAGE(G6:G53) -> 1.2770943 | H56: =AVERAGE(H6:H53) -> 1.7245882 | I56: =AVERAGE(I6:I53) -> 0.033953891 | ... AC56: =AVERAGE(AC6:AC53) -> #REF! | AE56: =AVERAGE(AE6:AE53) -> 1 | AF56: =AVERAGE(AF6:AF53) -> 1.4056153 | AG56: =AVERAGE(AG6:AG53) -> 0.066410044 | AH56: =AVERAGE(AH6:AH53) -> 0.37312851 | AI56: =AVERAGE(AI6:AI53) -> 0.15029157 | AJ56: =AVERAGE(AJ6:AJ53) -> 0.13124473 | AK56: =AVERAGE(AK6:AK53) -> 0.040161681 | AL56: =AVERAGE(AL6:AL53) -> 0.09890671 | ... BA56: =AVERAGE(BA6:BA53) -> #DIV/0!
A57: SD | B57: =STDEV(B6:B53) -> 0.040736826 | C57: =STDEV(C6:C53) -> 0.18297201 | D57: =STDEV(D6:D53) -> 0.072682033 | E57: =STDEV(E6:E53) -> 0.64327715 | F57: =STDEV(F6:F53) -> 0.51060887 | G57: =STDEV(G6:G53) -> 0.50505687 | H57: =STDEV(H6:H53) -> 0.49455259 | I57: =STDEV(I6:I53) -> 0.037956053 | ... AC57: =STDEV(AC6:AC53) -> #REF! | AE57: =STDEV(AE6:AE53) -> 0.39892732 | AF57: =STDEV(AF6:AF53) -> 0.32267226 | AG57: =STDEV(AG6:AG53) -> 0.12386996 | AH57: =STDEV(AH6:AH53) -> 0.32176113 | AI57: =STDEV(AI6:AI53) -> 0.22701845 | AJ57: =STDEV(AJ6:AJ53) -> 0.17184176 | AK57: =STDEV(AK6:AK53) -> 0.052936816 | AL57: =STDEV(AL6:AL53) -> 0.17657828 | ... BA57: =STDEV(BA6:BA53) -> #DIV/0!
A58: SEM | B58: =B57/SQRT(COUNT(B6:B53)) -> 0.0083153697 | C58: =C57/SQRT(COUNT(C6:C53)) -> 0.045743002 | D58: =D57/SQRT(COUNT(D6:D53)) -> 0.014836158 | E58: =E57/SQRT(COUNT(E6:E53)) -> 0.1313084 | F58: =F57/SQRT(COUNT(F6:F53)) -> 0.1042276 | G58: =G57/SQRT(COUNT(G6:G53)) -> 0.1030943 | H58: =H57/SQRT(COUNT(H6:H53)) -> 0.10095012 | I58: =I57/SQRT(COUNT(I6:I53)) -> 0.0077477469 | ... AC58: =AC57/SQRT(COUNT(AC6:AC53)) -> #REF! | AE58: =AE57/SQRT(COUNT(AE6:AE53)) -> 0.057580198 | AF58: =AF57/SQRT(COUNT(AF6:AF53)) -> 0.0658652 | AG58: =AG57/SQRT(COUNT(AG6:AG53)) -> 0.02528485 | AH58: =AH57/SQRT(COUNT(AH6:AH53)) -> 0.065679216 | AI58: =AI57/SQRT(COUNT(AI6:AI53)) -> 0.046339948 | AJ58: =AJ57/SQRT(COUNT(AJ6:AJ53)) -> 0.035077053 | AK58: =AK57/SQRT(COUNT(AK6:AK53)) -> 0.010805682 | AL58: =AL57/SQRT(COUNT(AL6:AL53)) -> 0.036043891 | ... BA58: =BA57/SQRT(COUNT(BA6:BA53)) -> #DIV/0!
A60: 9. Expérimentateur 2 : vérifier que le nombre de valeurs est > ou égale à 14. Vérifier que le nombre de valeurs est > ou égale à 27 pour le groupe "Testo".
A62: Nom des groupes | B62: =B4 -> Solvent control | C62: =C4 -> EE2-33.8ng/L | D62: =D4 -> EE2-50.6ng/L | E62: =E4 -> EE2-76ng/L | F62: =F4 -> EE2-114ng/L | G62: =G4 -> EE2-170.9ng/L | H62: =H4 -> EE2-488ng/L | I62: =I4 -> Prochloraz-0.063mg/L | ... AC62: =AC4 -> #REF! | AE62: =AE4 -> Testo -30µg/L | AF62: =AF4 -> Testo 30µg/L + EE2 -64ng/L | AG62: =AG4 -> Testo 30µg/L + FAD-10mg/L | AH62: =AH4 -> Prochloraz-0.063mg/L + Testostérone | AI62: =AI4 -> Prochloraz-0.13mg/L + Testostérone | AJ62: =AJ4 -> Prochloraz-0.25mg/L + Testostérone | AK62: =AK4 -> Prochloraz-0.5mg/L + Testostérone | AL62: =AL4 -> Prochloraz-1.0mg/L + Testostérone | ... BA62: =BA4 -> 0-00 + Testostérone
A63: Nbre de valeurs | B63: =COUNT(B6:B53) -> 24 | C63: =COUNT(C6:C53) -> 16 | D63: =COUNT(D6:D53) -> 24 | E63: =COUNT(E6:E53) -> 24 | F63: =COUNT(F6:F53) -> 24 | G63: =COUNT(G6:G53) -> 24 | H63: =COUNT(H6:H53) -> 24 | I63: =COUNT(I6:I53) -> 24 | ... AC63: =COUNT(AC6:AC53) -> 0 | AE63: =COUNT(AE6:AE53) -> 48 | AF63: =COUNT(AF6:AF53) -> 24 | AG63: =COUNT(AG6:AG53) -> 24 | AH63: =COUNT(AH6:AH53) -> 24 | AI63: =COUNT(AI6:AI53) -> 24 | AJ63: =COUNT(AJ6:AJ53) -> 24 | AK63: =COUNT(AK6:AK53) -> 24 | AL63: =COUNT(AL6:AL53) -> 24 | ... BA63: =COUNT(BA6:BA53) -> 0
B64: =IF(B63>=21,"OK","ATTENTION") -> OK | C64: =IF(C63>=21,"OK","ATTENTION") -> ATTENTION | D64: =IF(D63>=21,"OK","ATTENTION") -> OK | E64: =IF(E63>=21,"OK","ATTENTION") -> OK | F64: =IF(F63>=21,"OK","ATTENTION") -> OK | G64: =IF(G63>=21,"OK","ATTENTION") -> OK | H64: =IF(H63>=21,"OK","ATTENTION") -> OK | I64: =IF(I63>=21,"OK","ATTENTION") -> OK | ... AC64: =IF(AC63>=21,"OK","ATTENTION") -> ATTENTION | AE64: =IF(AE63>=41,"OK","ATTENTION") -> OK | AF64: =IF(AF63>=21,"OK","ATTENTION") -> OK | AG64: =IF(AG63>=21,"OK","ATTENTION") -> OK | AH64: =IF(AH63>=21,"OK","ATTENTION") -> OK | AI64: =IF(AI63>=21,"OK","ATTENTION") -> OK | AJ64: =IF(AJ63>=21,"OK","ATTENTION") -> OK | AK64: =IF(AK63>=21,"OK","ATTENTION") -> OK | AL64: =IF(AL63>=21,"OK","ATTENTION") -> OK | AM64: =IF(AM63>=21,"OK","ATTENTION") -> ATTENTION | ... BA64: =IF(BA63>=21,"OK","ATTENTION") -> ATTENTION
A65: 10. Expérimentateur 2 : vérifier que le calcul des ratio s'affiche en vert.
B66: Ratio à atteindre
A67: Evian/EE2 488 ng /L >= | B67: 3.5
A68: Evian/Testo + EE2 64 ng/L >= | B68: 2
A69: Evian/ Testo + FAD <= | B69: 0.5
A70: 11. Expérimentateur 2 : vérifier les valeurs des écarts type. En cas de valeur abbéantes ou incohérent, consulter le référent test.
A72: 12. Expérimentateur 2 : réaliser les tests statistiques avec les données du pool et renseigner les résultats ainsi que le test statistique utilisé dans le tableau violet.
J73: 1 | K73: 2 | L73: 3 | M73: 4 | N73: 5 | O73: 1 | P73: 2 | Q73: 3 | R73: 4 | S73: 5 | T73: 1 | U73: 2 | V73: 3 | W73: 4 | X73: 5 | Y73: 1 | Z73: 2 | AA73: 3 | AB73: 4 | AC73: 5 | AH73: 1 | AI73: 2 | AJ73: 3 | AK73: 4 | AL73: 5 | AM73: 1 | AN73: 2 | AO73: 3 | AP73: 4 | AQ73: 5 | AR73: 1 | AS73: 2 | AT73: 3 | AU73: 4 | AV73: 5 | AW73: 1 | AX73: 2 | AY73: 3 | AZ73: 4 | BA73: 5
A74: Noms des groupes | B74: =B4 -> Solvent control | C74: =C4 -> EE2-33.8ng/L | D74: =D4 -> EE2-50.6ng/L | E74: =E4 -> EE2-76ng/L | F74: =F4 -> EE2-114ng/L | G74: =G4 -> EE2-170.9ng/L | H74: =H4 -> EE2-488ng/L | I74: =I4 -> Prochloraz-0.063mg/L | ... AC74: =AC4 -> #REF! | AE74: =AE4 -> Testo -30µg/L | AF74: =AF4 -> Testo 30µg/L + EE2 -64ng/L | AG74: =AG4 -> Testo 30µg/L + FAD-10mg/L | AH74: =AH4 -> Prochloraz-0.063mg/L + Testostérone | AI74: =AI4 -> Prochloraz-0.13mg/L + Testostérone | AJ74: =AJ4 -> Prochloraz-0.25mg/L + Testostérone | AK74: =AK4 -> Prochloraz-0.5mg/L + Testostérone | AL74: =AL4 -> Prochloraz-1.0mg/L + Testostérone | ... BA74: =BA4 -> 0-00 + Testostérone
A75: Mean | B75: =B56 -> 0.037416899 | C75: =C56 -> 0.074846817 | D75: =D56 -> 0.058024615 | E75: =E56 -> 0.51325757 | F75: =F56 -> 0.75386627 | G75: =G56 -> 1.2770943 | H75: =H56 -> 1.7245882 | I75: =I56 -> 0.033953891 | ... AC75: =AC56 -> #REF! | AE75: =AE56 -> 1 | AF75: =AF56 -> 1.4056153 | AG75: =AG56 -> 0.066410044 | AH75: =AH56 -> 0.37312851 | AI75: =AI56 -> 0.15029157 | AJ75: =AJ56 -> 0.13124473 | AK75: =AK56 -> 0.040161681 | AL75: =AL56 -> 0.09890671 | ... BA75: =BA56 -> #DIV/0!
A76: SEM | B76: =B58 -> 0.0083153697 | C76: =C58 -> 0.045743002 | D76: =D58 -> 0.014836158 | E76: =E58 -> 0.1313084 | F76: =F58 -> 0.1042276 | G76: =G58 -> 0.1030943 | H76: =H58 -> 0.10095012 | I76: =I58 -> 0.0077477469 | ... AC76: =AC58 -> #REF! | AE76: =AE58 -> 0.057580198 | AF76: =AF58 -> 0.0658652 | AG76: =AG58 -> 0.02528485 | AH76: =AH58 -> 0.065679216 | AI76: =AI58 -> 0.046339948 | AJ76: =AJ58 -> 0.035077053 | AK76: =AK58 -> 0.010805682 | AL76: =AL58 -> 0.036043891 | ... BA76: =BA58 -> #DIV/0!
A77: % induction | B77: =(B75*100/$B$75)-100 -> 0 | C77: =(C75*100/$B$75)-100 -> 100.03479 | D77: =(D75*100/$B$75)-100 -> 55.075959 | E77: =(E75*100/$B$75)-100 -> 1271.7266 | F77: =(F75*100/$B$75)-100 -> 1914.7749 | G77: =(G75*100/$B$75)-100 -> 3313.1485 | H77: =(H75*100/$B$75)-100 -> 4509.1157 | I77: =(I75*100/$B$75)-100 -> -9.2551983 | ... AC77: =(AC75*100/$B$75)-100 -> #REF! | AE77: =(AE75*100/$AE$75)-100 -> 0 | AF77: =(AF75*100/$AE$75)-100 -> 40.561531 | AG77: =(AG75*100/$AE$75)-100 -> -93.358996 | AH77: =(AH75*100/$AE$75)-100 -> -62.687149 | AI77: =(AI75*100/$AE$75)-100 -> -84.970843 | AJ77: =(AJ75*100/$AE$75)-100 -> -86.875527 | AK77: =(AK75*100/$AE$75)-100 -> -95.983832 | AL77: =(AL75*100/$AE$75)-100 -> -90.109329 | ... BA77: =(BA75*100/$AE$75)-100 -> #DIV/0!
A78: Test de normalité : valeur du p | B78: =[1]!DPTEST(B6:B53) -> #NAME? | C78: =[1]!DPTEST(C6:C53) -> #NAME? | D78: =[1]!DPTEST(D6:D53) -> #NAME? | E78: =[1]!DPTEST(E6:E53) -> #NAME? | F78: =[1]!DPTEST(F6:F53) -> #NAME? | G78: =[1]!DPTEST(G6:G53) -> #NAME? | H78: =[1]!DPTEST(H6:H53) -> #NAME? | I78: =[1]!DPTEST(I6:I53) -> #NAME? | ... AC78: =[1]!DPTEST(AC6:AC53) -> #NAME? | AE78: =[1]!DPTEST(AE6:AE53) -> #NAME? | AF78: =[1]!DPTEST(AF6:AF53) -> #NAME? | AG78: =[1]!DPTEST(AG6:AG53) -> #NAME? | AH78: =[1]!DPTEST(AH6:AH53) -> #NAME? | AI78: =[1]!DPTEST(AI6:AI53) -> #NAME? | AJ78: =[1]!DPTEST(AJ6:AJ53) -> #NAME? | AK78: =[1]!DPTEST(AK6:AK53) -> #NAME? | AL78: =[1]!DPTEST(AL6:AL53) -> #NAME? | ... BA78: =[1]!DPTEST(BA6:BA53) -> #NAME?
A79: Test de normalité : résultat normal? | B79: =IF(B78>0.05,"Oui","Non") -> #NAME? | C79: =IF(C78>0.05,"Oui","Non") -> #NAME? | D79: =IF(D78>0.05,"Oui","Non") -> #NAME? | E79: =IF(E78>0.05,"Oui","Non") -> #NAME? | F79: =IF(F78>0.05,"Oui","Non") -> #NAME? | G79: =IF(G78>0.05,"Oui","Non") -> #NAME? | H79: =IF(H78>0.05,"Oui","Non") -> #NAME? | I79: =IF(I78>0.05,"Oui","Non") -> #NAME? | ... AC79: =IF(AC78>0.05,"Oui","Non") -> #NAME? | AE79: =IF(AE78>0.05,"Oui","Non") -> #NAME? | AF79: =IF(AF78>0.05,"Oui","Non") -> #NAME? | AG79: =IF(AG78>0.05,"Oui","Non") -> #NAME? | AH79: =IF(AH78>0.05,"Oui","Non") -> #NAME? | AI79: =IF(AI78>0.05,"Oui","Non") -> #NAME? | AJ79: =IF(AJ78>0.05,"Oui","Non") -> #NAME? | AK79: =IF(AK78>0.05,"Oui","Non") -> #NAME? | AL79: =IF(AL78>0.05,"Oui","Non") -> #NAME? | ... BA79: =IF(BA78>0.05,"Oui","Non") -> #NAME?
A80: Tous les groupes du gamme sont normale? | B80: =IF(COUNTIF(B79:I79, "Non")=0, "Oui","Non") -> Oui | J80: =IF(COUNTIF(J79:N79, "Non")>0, "Oui","Non") -> Non | O80: =IF(COUNTIF(O79:S79, "Non")>0, "Oui","Non") -> Non | T80: =IF(COUNTIF(T79:X79, "Non")>0, "Oui","Non") -> Non | Y80: =IF(COUNTIF(Y79:AC79, "Non")>0, "Oui","Non") -> Non | AH80: =IF(COUNTIF(AH79:AL79, "Non")>0, "Oui","Non") -> Non | AM80: =IF(COUNTIF(AM79:AQ79, "Non")>0, "Oui","Non") -> Non | AR80: =IF(COUNTIF(AR79:AV79, "Non")>0, "Oui","Non") -> Non | AW80: =IF(COUNTIF(AW79:BA79, "Non")>0, "Oui","Non") -> Non
A81: Test statistique utilisé | C81: =IF($B80="Non","Kruskal-Wallis","ANOVA") -> ANOVA | D81: =IF($B80="Non","Kruskal-Wallis","ANOVA") -> ANOVA | E81: =IF($B80="Non","Kruskal-Wallis","ANOVA") -> ANOVA | F81: =IF($B80="Non","Kruskal-Wallis","ANOVA") -> ANOVA | G81: =IF($B80="Non","Kruskal-Wallis","ANOVA") -> ANOVA | H81: =IF($B80="Non","Kruskal-Wallis","ANOVA") -> ANOVA | I81: =IF($B80="Non","Kruskal-Wallis","ANOVA") -> ANOVA | J81: =IF($B79="Non",IF(J79="Non","Mann Withney",IF(J79="Oui","Mann Withney","")),IF($B79="Oui",IF(J79="Oui","T-Test Welch",IF(J79="Non","Mann Withney","")))) -> #NAME? | K81: =IF($B79="Non",IF(K79="Non","Mann Withney",IF(K79="Oui","Mann Withney","")),IF($B79="Oui",IF(K79="Oui","T-Test Welch",IF(K79="Non","Mann Withney","")))) -> #NAME? | L81: =IF($B79="Non",IF(L79="Non","Mann Withney",IF(L79="Oui","Mann Withney","")),IF($B79="Oui",IF(L79="Oui","T-Test Welch",IF(L79="Non","Mann Withney","")))) -> #NAME? | M81: =IF($B79="Non",IF(M79="Non","Mann Withney",IF(M79="Oui","Mann Withney","")),IF($B79="Oui",IF(M79="Oui","T-Test Welch",IF(M79="Non","Mann Withney","")))) -> #NAME? | N81: =IF($B79="Non",IF(N79="Non","Mann Withney",IF(N79="Oui","Mann Withney","")),IF($B79="Oui",IF(N79="Oui","T-Test Welch",IF(N79="Non","Mann Withney","")))) -> #NAME? | O81: =IF($B79="Non",IF(O79="Non","Mann Withney",IF(O79="Oui","Mann Withney","")),IF($B79="Oui",IF(O79="Oui","T-Test Welch",IF(O79="Non","Mann Withney","")))) -> #NAME? | P81: =IF($B79="Non",IF(P79="Non","Mann Withney",IF(P79="Oui","Mann Withney","")),IF($B79="Oui",IF(P79="Oui","T-Test Welch",IF(P79="Non","Mann Withney","")))) -> #NAME? | Q81: =IF($B79="Non",IF(Q79="Non","Mann Withney",IF(Q79="Oui","Mann Withney","")),IF($B79="Oui",IF(Q79="Oui","T-Test Welch",IF(Q79="Non","Mann Withney","")))) -> #NAME? | ... AC81: =IF($B79="Non",IF(AC79="Non","Mann Withney",IF(AC79="Oui","Mann Withney","")),IF($B79="Oui",IF(AC79="Oui","T-Test Welch",IF(AC79="Non","Mann Withney","")))) -> #NAME? | AE81: =IF($B79="Non",IF(AE79="Non","Mann Withney",IF(AE79="Oui","Mann Withney","")),IF($B79="Oui",IF(AE79="Oui","T-Test Welch",IF(AE79="Non","Mann Withney","")))) -> #NAME? | AF81: =IF($AE79="Non",IF(AF79="Non","Mann Withney",IF(AF$79="Oui","Mann Withney","")),IF($AE79="Oui",IF(AF79="Oui","T-Test Welch",IF(AF79="Non","Mann Withney","")))) -> #NAME? | AG81: =IF($AE79="Non",IF(AG79="Non","Mann Withney",IF(AG$79="Oui","Mann Withney","")),IF($AE79="Oui",IF(AG79="Oui","T-Test Welch",IF(AG79="Non","Mann Withney","")))) -> #NAME? | AH81: =IF($AE79="Non",IF(AH79="Non","Mann Withney",IF(AH$79="Oui","Mann Withney","")),IF($AE79="Oui",IF(AH79="Oui","T-Test Welch",IF(AH79="Non","Mann Withney","")))) -> #NAME? | AI81: =IF($AE79="Non",IF(AI79="Non","Mann Withney",IF(AI$79="Oui","Mann Withney","")),IF($AE79="Oui",IF(AI79="Oui","T-Test Welch",IF(AI79="Non","Mann Withney","")))) -> #NAME? | AJ81: =IF($AE79="Non",IF(AJ79="Non","Mann Withney",IF(AJ$79="Oui","Mann Withney","")),IF($AE79="Oui",IF(AJ79="Oui","T-Test Welch",IF(AJ79="Non","Mann Withney","")))) -> #NAME? | AK81: =IF($AE79="Non",IF(AK79="Non","Mann Withney",IF(AK$79="Oui","Mann Withney","")),IF($AE79="Oui",IF(AK79="Oui","T-Test Welch",IF(AK79="Non","Mann Withney","")))) -> #NAME? | AL81: =IF($AE79="Non",IF(AL79="Non","Mann Withney",IF(AL$79="Oui","Mann Withney","")),IF($AE79="Oui",IF(AL79="Oui","T-Test Welch",IF(AL79="Non","Mann Withney","")))) -> #NAME? | AM81: =IF($AE79="Non",IF(AM79="Non","Mann Withney",IF(AM$79="Oui","Mann Withney","")),IF($AE79="Oui",IF(AM79="Oui","T-Test Welch",IF(AM79="Non","Mann Withney","")))) -> #NAME? | ... BA81: =IF($AE79="Non",IF(BA79="Non","Mann Withney",IF(BA$79="Oui","Mann Withney","")),IF($AE79="Oui",IF(BA79="Oui","T-Test Welch",IF(BA79="Non","Mann Withney","")))) -> #NAME?
A82: Test statistique : valeur du p | C82: >0,9999 | D82: >0,9999 | E82: 0.404 | F82: 0.004 | G82: <0,0001 | H82: <0,0001 | I82: >0,9999 | J82: >0,9999 | K82: >0,9999 | L82: >0,9999 | M82: >0,9999 | N82: =IF(N81="Mann Withney",[1]!MTEST($B6:$B53,N6:N53,2), IF(N81="T-Test Welch",_xlfn.T.TEST($B6:$B53,N6:N53,2,3),"")) -> #NAME? | O82: =IF(O81="Mann Withney",[1]!MTEST($B6:$B53,O6:O53,2), IF(O81="T-Test Welch",_xlfn.T.TEST($B6:$B53,O6:O53,2,3),"")) -> #NAME? | P82: =IF(P81="Mann Withney",[1]!MTEST($B6:$B53,P6:P53,2), IF(P81="T-Test Welch",_xlfn.T.TEST($B6:$B53,P6:P53,2,3),"")) -> #NAME? | Q82: =IF(Q81="Mann Withney",[1]!MTEST($B6:$B53,Q6:Q53,2), IF(Q81="T-Test Welch",_xlfn.T.TEST($B6:$B53,Q6:Q53,2,3),"")) -> #NAME? | R82: =IF(R81="Mann Withney",[1]!MTEST($B6:$B53,R6:R53,2), IF(R81="T-Test Welch",_xlfn.T.TEST($B6:$B53,R6:R53,2,3),"")) -> #NAME? | S82: =IF(S81="Mann Withney",[1]!MTEST($B6:$B53,S6:S53,2), IF(S81="T-Test Welch",_xlfn.T.TEST($B6:$B53,S6:S53,2,3),"")) -> #NAME? | T82: =IF(T81="Mann Withney",[1]!MTEST($B6:$B53,T6:T53,2), IF(T81="T-Test Welch",_xlfn.T.TEST($B6:$B53,T6:T53,2,3),"")) -> #NAME? | U82: =IF(U81="Mann Withney",[1]!MTEST($B6:$B53,U6:U53,2), IF(U81="T-Test Welch",_xlfn.T.TEST($B6:$B53,U6:U53,2,3),"")) -> #NAME? | ... AC82: =IF(AC81="Mann Withney",[1]!MTEST($B6:$B53,AC6:AC53,2), IF(AC81="T-Test Welch",_xlfn.T.TEST($B6:$B53,AC6:AC53,2,3),"")) -> #NAME? | AE82: <0,0001 | AF82: <0,0001 | AG82: <0,0001 | AH82: 0.0017 | AI82: <0,0001 | AJ82: <0,0001 | AK82: <0,0001 | AL82: <0,0001 | AM82: =IF(AM81="Mann Withney",[1]!MTEST($AE6:$AE53,AM6:AM53,2), IF(AM81="T-Test Welch",_xlfn.T.TEST($AE6:$AE53,AM6:AM53,2,3),"")) -> #NAME? | AN82: =IF(AN81="Mann Withney",[1]!MTEST($AE6:$AE53,AN6:AN53,2), IF(AN81="T-Test Welch",_xlfn.T.TEST($AE6:$AE53,AN6:AN53,2,3),"")) -> #NAME? | AO82: =IF(AO81="Mann Withney",[1]!MTEST($AE6:$AE53,AO6:AO53,2), IF(AO81="T-Test Welch",_xlfn.T.TEST($AE6:$AE53,AO6:AO53,2,3),"")) -> #NAME? | AP82: =IF(AP81="Mann Withney",[1]!MTEST($AE6:$AE53,AP6:AP53,2), IF(AP81="T-Test Welch",_xlfn.T.TEST($AE6:$AE53,AP6:AP53,2,3),"")) -> #NAME? | AQ82: =IF(AQ81="Mann Withney",[1]!MTEST($AE6:$AE53,AQ6:AQ53,2), IF(AQ81="T-Test Welch",_xlfn.T.TEST($AE6:$AE53,AQ6:AQ53,2,3),"")) -> #NAME? | AR82: =IF(AR81="Mann Withney",[1]!MTEST($AE6:$AE53,AR6:AR53,2), IF(AR81="T-Test Welch",_xlfn.T.TEST($AE6:$AE53,AR6:AR53,2,3),"")) -> #NAME? | AS82: =IF(AS81="Mann Withney",[1]!MTEST($AE6:$AE53,AS6:AS53,2), IF(AS81="T-Test Welch",_xlfn.T.TEST($AE6:$AE53,AS6:AS53,2,3),"")) -> #NAME? | AT82: =IF(AT81="Mann Withney",[1]!MTEST($AE6:$AE53,AT6:AT53,2), IF(AT81="T-Test Welch",_xlfn.T.TEST($AE6:$AE53,AT6:AT53,2,3),"")) -> #NAME? | ... BA82: =IF(BA81="Mann Withney",[1]!MTEST($AE6:$AE53,BA6:BA53,2), IF(BA81="T-Test Welch",_xlfn.T.TEST($AE6:$AE53,BA6:BA53,2,3),"")) -> #NAME?
A83: Annotation | C83: =IF(C82>0.05,"NS",IF(C82>0.01,"*",IF(C82>0.001,"**","***"))) -> NS | D83: =IF(D82>0.05,"NS",IF(D82>0.01,"*",IF(D82>0.001,"**","***"))) -> NS | E83: =IF(E82>0.05,"NS",IF(E82>0.01,"*",IF(E82>0.001,"**","***"))) -> NS | F83: =IF(F82>0.05,"NS",IF(F82>0.01,"*",IF(F82>0.001,"**","***"))) -> ** | G83: *** | H83: *** | I83: =IF(I82>0.05,"NS",IF(I82>0.01,"*",IF(I82>0.001,"**","***"))) -> NS | J83: =IF(J82>0.05,"NS",IF(J82>0.01,"*",IF(J82>0.001,"**","***"))) -> NS | K83: =IF(K82>0.05,"NS",IF(K82>0.01,"*",IF(K82>0.001,"**","***"))) -> NS | L83: =IF(L82>0.05,"NS",IF(L82>0.01,"*",IF(L82>0.001,"**","***"))) -> NS | M83: =IF(M82>0.05,"NS",IF(M82>0.01,"*",IF(M82>0.001,"**","***"))) -> NS | N83: =IF(N82>0.05,"NS",IF(N82>0.01,"*",IF(N82>0.001,"**","***"))) -> #NAME? | O83: =IF(O82>0.05,"NS",IF(O82>0.01,"*",IF(O82>0.001,"**","***"))) -> #NAME? | P83: =IF(P82>0.05,"NS",IF(P82>0.01,"*",IF(P82>0.001,"**","***"))) -> #NAME? | ... AC83: =IF(AC82>0.05,"NS",IF(AC82>0.01,"*",IF(AC82>0.001,"**","***"))) -> #NAME? | AE83: *** | AF83: *** | AG83: *** | AH83: =IF(AH82>0.05,"NS",IF(AH82>0.01,"*",IF(AH82>0.001,"**","***"))) -> ** | AI83: *** | AJ83: *** | AK83: *** | AL83: *** | AM83: =IF(AM82>0.05,"NS",IF(AM82>0.01,"*",IF(AM82>0.001,"**","***"))) -> #NAME? | AN83: =IF(AN82>0.05,"NS",IF(AN82>0.01,"*",IF(AN82>0.001,"**","***"))) -> #NAME? | AO83: =IF(AO82>0.05,"NS",IF(AO82>0.01,"*",IF(AO82>0.001,"**","***"))) -> #NAME? | AP83: =IF(AP82>0.05,"NS",IF(AP82>0.01,"*",IF(AP82>0.001,"**","***"))) -> #NAME? | AQ83: =IF(AQ82>0.05,"NS",IF(AQ82>0.01,"*",IF(AQ82>0.001,"**","***"))) -> #NAME? | AR83: =IF(AR82>0.05,"NS",IF(AR82>0.01,"*",IF(AR82>0.001,"**","***"))) -> #NAME? | AS83: =IF(AS82>0.05,"NS",IF(AS82>0.01,"*",IF(AS82>0.001,"**","***"))) -> #NAME? | AT83: =IF(AT82>0.05,"NS",IF(AT82>0.01,"*",IF(AT82>0.001,"**","***"))) -> #NAME? | ... BA83: =IF(BA82>0.05,"NS",IF(BA82>0.01,"*",IF(BA82>0.001,"**","***"))) -> #NAME?
A85: Eléments pour la mise en forme conditionnelles des résutats - calcul équivalent hormonal (eqH)
A86: LOD | B86: =B56+(3*B57) -> 0.15962738
A87: LOQ | B87: =B56+(10*B57) -> 0.44478516
A89: 13. Expérimentateur 2 : masquer les colonnes de la feuille R1 et R2 correspondant au groupe des échantilons n'ayant été lu que sur le réplica 1.
A91: 14. Expérimentateur 2 : vérifier la cohérence des deux réplicas et des réplicas avec le pool à l'aide des graphiques "Graph". En cas de divergences consulter le référent test.
A93: 15. Expérimentateur 2 : réaliser le calcul de l'équivalent hormonal (eqh) à l'aide du logiciel et PRISM. Seules les moyennes des témoins, des échantillons non dopées apparraissant en vert et les moyennes des échantillons dopées étant statiquement différentes des témoins (*, **, ***) pourrons être calculées en eqh. Se reporter à l'onglet "summary results".
