Workbook

Sheet Front page
A2: R1 | B2: Experiment number : | C2: saccharin_01 | E2: Date performed : 23-09-2021
A3: R2 | B3: Experiment number : | C3: saccharin_02 | E3: Date performed : 30-09-2021
A4: R3 | B4: Experiment number : | C4: saccharin_03 | E4: Date performed : 07-10-2021
A6: Do not fill in | B6: Do not fill in2 | C6: Concentration | D6: Units | E6: Chemical name | F6: Do not fill in3
A7: =IF(ISBLANK(liste_groupe[[#This Row],[Do not fill in2]])," ",IF(ISBLANK(liste_groupe[[#This Row],[Units]]),CONCATENATE(liste_groupe[[#This Row],[Chemical name]],liste_groupe[[#This Row],[Do not fill in3]]),CONCATENATE(liste_groupe[[#This Row],[Chemical name]],"-",liste_groupe[[#This Row],[Concentration]],liste_groupe[[#This Row],[Units]],liste_groupe[[#This Row],[Do not fill in3]]))) -> Solvent control | B7: Control | E7: Solvent control
A8: =IF(ISBLANK(liste_groupe[[#This Row],[Do not fill in2]])," ",IF(ISBLANK(liste_groupe[[#This Row],[Units]]),CONCATENATE(liste_groupe[[#This Row],[Chemical name]],liste_groupe[[#This Row],[Do not fill in3]]),CONCATENATE(liste_groupe[[#This Row],[Chemical name]],"-",liste_groupe[[#This Row],[Concentration]],liste_groupe[[#This Row],[Units]],liste_groupe[[#This Row],[Do not fill in3]]))) -> EE2-33.8ng/L | B8: Control | C8: 33.8 | D8: ng/L | E8: EE2
A9: =IF(ISBLANK(liste_groupe[[#This Row],[Do not fill in2]])," ",IF(ISBLANK(liste_groupe[[#This Row],[Units]]),CONCATENATE(liste_groupe[[#This Row],[Chemical name]],liste_groupe[[#This Row],[Do not fill in3]]),CONCATENATE(liste_groupe[[#This Row],[Chemical name]],"-",liste_groupe[[#This Row],[Concentration]],liste_groupe[[#This Row],[Units]],liste_groupe[[#This Row],[Do not fill in3]]))) -> EE2-50.6ng/L | B9: Control | C9: 50.6 | D9: ng/L | E9: EE2
A10: =IF(ISBLANK(liste_groupe[[#This Row],[Do not fill in2]])," ",IF(ISBLANK(liste_groupe[[#This Row],[Units]]),CONCATENATE(liste_groupe[[#This Row],[Chemical name]],liste_groupe[[#This Row],[Do not fill in3]]),CONCATENATE(liste_groupe[[#This Row],[Chemical name]],"-",liste_groupe[[#This Row],[Concentration]],liste_groupe[[#This Row],[Units]],liste_groupe[[#This Row],[Do not fill in3]]))) -> EE2-76ng/L | B10: Control | C10: 76 | D10: ng/L | E10: EE2
A11: =IF(ISBLANK(liste_groupe[[#This Row],[Do not fill in2]])," ",IF(ISBLANK(liste_groupe[[#This Row],[Units]]),CONCATENATE(liste_groupe[[#This Row],[Chemical name]],liste_groupe[[#This Row],[Do not fill in3]]),CONCATENATE(liste_groupe[[#This Row],[Chemical name]],"-",liste_groupe[[#This Row],[Concentration]],liste_groupe[[#This Row],[Units]],liste_groupe[[#This Row],[Do not fill in3]]))) -> EE2-114ng/L | B11: Control | C11: 114 | D11: ng/L | E11: EE2
A12: =IF(ISBLANK(liste_groupe[[#This Row],[Do not fill in2]])," ",IF(ISBLANK(liste_groupe[[#This Row],[Units]]),CONCATENATE(liste_groupe[[#This Row],[Chemical name]],liste_groupe[[#This Row],[Do not fill in3]]),CONCATENATE(liste_groupe[[#This Row],[Chemical name]],"-",liste_groupe[[#This Row],[Concentration]],liste_groupe[[#This Row],[Units]],liste_groupe[[#This Row],[Do not fill in3]]))) -> EE2-170.9ng/L | B12: Control | C12: 170.9 | D12: ng/L | E12: EE2
A13: =IF(ISBLANK(liste_groupe[[#This Row],[Do not fill in2]])," ",IF(ISBLANK(liste_groupe[[#This Row],[Units]]),CONCATENATE(liste_groupe[[#This Row],[Chemical name]],liste_groupe[[#This Row],[Do not fill in3]]),CONCATENATE(liste_groupe[[#This Row],[Chemical name]],"-",liste_groupe[[#This Row],[Concentration]],liste_groupe[[#This Row],[Units]],liste_groupe[[#This Row],[Do not fill in3]]))) -> EE2-488ng/L | B13: Control | C13: 488 | D13: ng/L | E13: EE2
A14: =IF(ISBLANK(liste_groupe[[#This Row],[Do not fill in2]])," ",IF(ISBLANK(liste_groupe[[#This Row],[Units]]),CONCATENATE(liste_groupe[[#This Row],[Chemical name]],liste_groupe[[#This Row],[Do not fill in3]]),CONCATENATE(liste_groupe[[#This Row],[Chemical name]],"-",liste_groupe[[#This Row],[Concentration]],liste_groupe[[#This Row],[Units]],liste_groupe[[#This Row],[Do not fill in3]]))) -> saccharin-0.01mg/L | B14: test chemical | C14: 0.01 | D14: mg/L | E14: saccharin
A15: =IF(ISBLANK(liste_groupe[[#This Row],[Do not fill in2]])," ",IF(ISBLANK(liste_groupe[[#This Row],[Units]]),CONCATENATE(liste_groupe[[#This Row],[Chemical name]],liste_groupe[[#This Row],[Do not fill in3]]),CONCATENATE(liste_groupe[[#This Row],[Chemical name]],"-",liste_groupe[[#This Row],[Concentration]],liste_groupe[[#This Row],[Units]],liste_groupe[[#This Row],[Do not fill in3]]))) -> saccharin-0.1mg/L | B15: test chemical | C15: 0.1 | D15: mg/L | E15: saccharin
A16: =IF(ISBLANK(liste_groupe[[#This Row],[Do not fill in2]])," ",IF(ISBLANK(liste_groupe[[#This Row],[Units]]),CONCATENATE(liste_groupe[[#This Row],[Chemical name]],liste_groupe[[#This Row],[Do not fill in3]]),CONCATENATE(liste_groupe[[#This Row],[Chemical name]],"-",liste_groupe[[#This Row],[Concentration]],liste_groupe[[#This Row],[Units]],liste_groupe[[#This Row],[Do not fill in3]]))) -> saccharin-1mg/L | B16: test chemical | C16: 1 | D16: mg/L | E16: saccharin
A17: =IF(ISBLANK(liste_groupe[[#This Row],[Do not fill in2]])," ",IF(ISBLANK(liste_groupe[[#This Row],[Units]]),CONCATENATE(liste_groupe[[#This Row],[Chemical name]],liste_groupe[[#This Row],[Do not fill in3]]),CONCATENATE(liste_groupe[[#This Row],[Chemical name]],"-",liste_groupe[[#This Row],[Concentration]],liste_groupe[[#This Row],[Units]],liste_groupe[[#This Row],[Do not fill in3]]))) -> saccharin-10mg/L | B17: test chemical | C17: 10 | D17: mg/L | E17: saccharin
A18: =IF(ISBLANK(liste_groupe[[#This Row],[Do not fill in2]])," ",IF(ISBLANK(liste_groupe[[#This Row],[Units]]),CONCATENATE(liste_groupe[[#This Row],[Chemical name]],liste_groupe[[#This Row],[Do not fill in3]]),CONCATENATE(liste_groupe[[#This Row],[Chemical name]],"-",liste_groupe[[#This Row],[Concentration]],liste_groupe[[#This Row],[Units]],liste_groupe[[#This Row],[Do not fill in3]]))) -> saccharin-100mg/L | B18: test chemical | C18: 100 | D18: mg/L | E18: saccharin
A19: =IF(ISBLANK(liste_groupe[[#This Row],[Do not fill in2]])," ",IF(ISBLANK(liste_groupe[[#This Row],[Units]]),CONCATENATE(liste_groupe[[#This Row],[Chemical name]],liste_groupe[[#This Row],[Do not fill in3]]),CONCATENATE(liste_groupe[[#This Row],[Chemical name]],"-",liste_groupe[[#This Row],[Concentration]],liste_groupe[[#This Row],[Units]],liste_groupe[[#This Row],[Do not fill in3]]))) | B19: test chemical
A20: =IF(ISBLANK(liste_groupe[[#This Row],[Do not fill in2]])," ",IF(ISBLANK(liste_groupe[[#This Row],[Units]]),CONCATENATE(liste_groupe[[#This Row],[Chemical name]],liste_groupe[[#This Row],[Do not fill in3]]),CONCATENATE(liste_groupe[[#This Row],[Chemical name]],"-",liste_groupe[[#This Row],[Concentration]],liste_groupe[[#This Row],[Units]],liste_groupe[[#This Row],[Do not fill in3]]))) | B20: test chemical
A21: =IF(ISBLANK(liste_groupe[[#This Row],[Do not fill in2]])," ",IF(ISBLANK(liste_groupe[[#This Row],[Units]]),CONCATENATE(liste_groupe[[#This Row],[Chemical name]],liste_groupe[[#This Row],[Do not fill in3]]),CONCATENATE(liste_groupe[[#This Row],[Chemical name]],"-",liste_groupe[[#This Row],[Concentration]],liste_groupe[[#This Row],[Units]],liste_groupe[[#This Row],[Do not fill in3]]))) | B21: test chemical
A22: =IF(ISBLANK(liste_groupe[[#This Row],[Do not fill in2]])," ",IF(ISBLANK(liste_groupe[[#This Row],[Units]]),CONCATENATE(liste_groupe[[#This Row],[Chemical name]],liste_groupe[[#This Row],[Do not fill in3]]),CONCATENATE(liste_groupe[[#This Row],[Chemical name]],"-",liste_groupe[[#This Row],[Concentration]],liste_groupe[[#This Row],[Units]],liste_groupe[[#This Row],[Do not fill in3]]))) | B22: test chemical
A23: =IF(ISBLANK(liste_groupe[[#This Row],[Do not fill in2]])," ",IF(ISBLANK(liste_groupe[[#This Row],[Units]]),CONCATENATE(liste_groupe[[#This Row],[Chemical name]],liste_groupe[[#This Row],[Do not fill in3]]),CONCATENATE(liste_groupe[[#This Row],[Chemical name]],"-",liste_groupe[[#This Row],[Concentration]],liste_groupe[[#This Row],[Units]],liste_groupe[[#This Row],[Do not fill in3]]))) | B23: test chemical
A24: =IF(ISBLANK(liste_groupe[[#This Row],[Do not fill in2]])," ",IF(ISBLANK(liste_groupe[[#This Row],[Units]]),CONCATENATE(liste_groupe[[#This Row],[Chemical name]],liste_groupe[[#This Row],[Do not fill in3]]),CONCATENATE(liste_groupe[[#This Row],[Chemical name]],"-",liste_groupe[[#This Row],[Concentration]],liste_groupe[[#This Row],[Units]],liste_groupe[[#This Row],[Do not fill in3]]))) | B24: test chemical
A25: =IF(ISBLANK(liste_groupe[[#This Row],[Do not fill in2]])," ",IF(ISBLANK(liste_groupe[[#This Row],[Units]]),CONCATENATE(liste_groupe[[#This Row],[Chemical name]],liste_groupe[[#This Row],[Do not fill in3]]),CONCATENATE(liste_groupe[[#This Row],[Chemical name]],"-",liste_groupe[[#This Row],[Concentration]],liste_groupe[[#This Row],[Units]],liste_groupe[[#This Row],[Do not fill in3]]))) | B25: test chemical
A26: =IF(ISBLANK(liste_groupe[[#This Row],[Do not fill in2]])," ",IF(ISBLANK(liste_groupe[[#This Row],[Units]]),CONCATENATE(liste_groupe[[#This Row],[Chemical name]],liste_groupe[[#This Row],[Do not fill in3]]),CONCATENATE(liste_groupe[[#This Row],[Chemical name]],"-",liste_groupe[[#This Row],[Concentration]],liste_groupe[[#This Row],[Units]],liste_groupe[[#This Row],[Do not fill in3]]))) | B26: test chemical
A27: =IF(ISBLANK(liste_groupe[[#This Row],[Do not fill in2]])," ",IF(ISBLANK(liste_groupe[[#This Row],[Units]]),CONCATENATE(liste_groupe[[#This Row],[Chemical name]],liste_groupe[[#This Row],[Do not fill in3]]),CONCATENATE(liste_groupe[[#This Row],[Chemical name]],"-",liste_groupe[[#This Row],[Concentration]],liste_groupe[[#This Row],[Units]],liste_groupe[[#This Row],[Do not fill in3]]))) | B27: test chemical
A28: =IF(ISBLANK(liste_groupe[[#This Row],[Do not fill in2]])," ",IF(ISBLANK(liste_groupe[[#This Row],[Units]]),CONCATENATE(liste_groupe[[#This Row],[Chemical name]],liste_groupe[[#This Row],[Do not fill in3]]),CONCATENATE(liste_groupe[[#This Row],[Chemical name]],"-",liste_groupe[[#This Row],[Concentration]],liste_groupe[[#This Row],[Units]],liste_groupe[[#This Row],[Do not fill in3]]))) | B28: test chemical
A29: =IF(ISBLANK(liste_groupe[[#This Row],[Do not fill in2]])," ",IF(ISBLANK(liste_groupe[[#This Row],[Units]]),CONCATENATE(liste_groupe[[#This Row],[Chemical name]],liste_groupe[[#This Row],[Do not fill in3]]),CONCATENATE(liste_groupe[[#This Row],[Chemical name]],"-",liste_groupe[[#This Row],[Concentration]],liste_groupe[[#This Row],[Units]],liste_groupe[[#This Row],[Do not fill in3]]))) | B29: test chemical
A30: =IF(ISBLANK(liste_groupe[[#This Row],[Do not fill in2]])," ",IF(ISBLANK(liste_groupe[[#This Row],[Units]]),CONCATENATE(liste_groupe[[#This Row],[Chemical name]],liste_groupe[[#This Row],[Do not fill in3]]),CONCATENATE(liste_groupe[[#This Row],[Chemical name]],"-",liste_groupe[[#This Row],[Concentration]],liste_groupe[[#This Row],[Units]],liste_groupe[[#This Row],[Do not fill in3]]))) | B30: test chemical
... A34: =IF(ISBLANK(liste_groupe[[#This Row],[Do not fill in2]])," ",IF(ISBLANK(liste_groupe[[#This Row],[Units]]),CONCATENATE(liste_groupe[[#This Row],[Chemical name]],liste_groupe[[#This Row],[Do not fill in3]]),CONCATENATE(liste_groupe[[#This Row],[Chemical name]],"-",liste_groupe[[#This Row],[Concentration]],liste_groupe[[#This Row],[Units]],liste_groupe[[#This Row],[Do not fill in3]]))) | B34: test chemical
A35: =IF(ISBLANK(liste_groupe[[#This Row],[Do not fill in2]])," ",IF(ISBLANK(liste_groupe[[#This Row],[Units]]),CONCATENATE(liste_groupe[[#This Row],[Chemical name]],liste_groupe[[#This Row],[Do not fill in3]]),CONCATENATE(liste_groupe[[#This Row],[Chemical name]],"-",liste_groupe[[#This Row],[Concentration]],liste_groupe[[#This Row],[Units]],liste_groupe[[#This Row],[Do not fill in3]]))) -> Testo -30µg/L | B35: Control | C35: 30 | D35: µg/L | E35: Testo
A36: =IF(ISBLANK(liste_groupe[[#This Row],[Do not fill in2]])," ",IF(ISBLANK(liste_groupe[[#This Row],[Units]]),CONCATENATE(liste_groupe[[#This Row],[Chemical name]],liste_groupe[[#This Row],[Do not fill in3]]),CONCATENATE(liste_groupe[[#This Row],[Chemical name]],"-",liste_groupe[[#This Row],[Concentration]],liste_groupe[[#This Row],[Units]],liste_groupe[[#This Row],[Do not fill in3]]))) -> Testo 30µg/L + EE2 -64ng/L | B36: Control | C36: 64 | D36: ng/L | E36: Testo 30µg/L + EE2
A37: =IF(ISBLANK(liste_groupe[[#This Row],[Do not fill in2]])," ",IF(ISBLANK(liste_groupe[[#This Row],[Units]]),CONCATENATE(liste_groupe[[#This Row],[Chemical name]],liste_groupe[[#This Row],[Do not fill in3]]),CONCATENATE(liste_groupe[[#This Row],[Chemical name]],"-",liste_groupe[[#This Row],[Concentration]],liste_groupe[[#This Row],[Units]],liste_groupe[[#This Row],[Do not fill in3]]))) -> Testo 30µg/L + FAD-10mg/L | B37: Control | C37: 10 | D37: mg/L | E37: Testo 30µg/L + FAD
A38: =IF(ISBLANK(liste_groupe[[#This Row],[Do not fill in2]])," ",IF(ISBLANK(liste_groupe[[#This Row],[Units]]),CONCATENATE(liste_groupe[[#This Row],[Chemical name]],liste_groupe[[#This Row],[Do not fill in3]]),CONCATENATE(liste_groupe[[#This Row],[Chemical name]],"-",liste_groupe[[#This Row],[Concentration]],liste_groupe[[#This Row],[Units]],liste_groupe[[#This Row],[Do not fill in3]]))) -> saccharin-0.01mg/L + Testostérone | B38: =B14 -> test chemical | C38: =C14 -> 0.01 | D38: =D14 -> mg/L | E38: =E14 -> saccharin | F38: + Testostérone
A39: =IF(ISBLANK(liste_groupe[[#This Row],[Do not fill in2]])," ",IF(ISBLANK(liste_groupe[[#This Row],[Units]]),CONCATENATE(liste_groupe[[#This Row],[Chemical name]],liste_groupe[[#This Row],[Do not fill in3]]),CONCATENATE(liste_groupe[[#This Row],[Chemical name]],"-",liste_groupe[[#This Row],[Concentration]],liste_groupe[[#This Row],[Units]],liste_groupe[[#This Row],[Do not fill in3]]))) -> saccharin-0.1mg/L + Testostérone | B39: =B15 -> test chemical | C39: =C15 -> 0.1 | D39: =D15 -> mg/L | E39: =E15 -> saccharin | F39: + Testostérone
A40: =IF(ISBLANK(liste_groupe[[#This Row],[Do not fill in2]])," ",IF(ISBLANK(liste_groupe[[#This Row],[Units]]),CONCATENATE(liste_groupe[[#This Row],[Chemical name]],liste_groupe[[#This Row],[Do not fill in3]]),CONCATENATE(liste_groupe[[#This Row],[Chemical name]],"-",liste_groupe[[#This Row],[Concentration]],liste_groupe[[#This Row],[Units]],liste_groupe[[#This Row],[Do not fill in3]]))) -> saccharin-1mg/L + Testostérone | B40: =B16 -> test chemical | C40: =C16 -> 1 | D40: =D16 -> mg/L | E40: =E16 -> saccharin | F40: + Testostérone
A41: =IF(ISBLANK(liste_groupe[[#This Row],[Do not fill in2]])," ",IF(ISBLANK(liste_groupe[[#This Row],[Units]]),CONCATENATE(liste_groupe[[#This Row],[Chemical name]],liste_groupe[[#This Row],[Do not fill in3]]),CONCATENATE(liste_groupe[[#This Row],[Chemical name]],"-",liste_groupe[[#This Row],[Concentration]],liste_groupe[[#This Row],[Units]],liste_groupe[[#This Row],[Do not fill in3]]))) -> saccharin-10mg/L + Testostérone | B41: =B17 -> test chemical | C41: =C17 -> 10 | D41: =D17 -> mg/L | E41: =E17 -> saccharin | F41: + Testostérone
A42: =IF(ISBLANK(liste_groupe[[#This Row],[Do not fill in2]])," ",IF(ISBLANK(liste_groupe[[#This Row],[Units]]),CONCATENATE(liste_groupe[[#This Row],[Chemical name]],liste_groupe[[#This Row],[Do not fill in3]]),CONCATENATE(liste_groupe[[#This Row],[Chemical name]],"-",liste_groupe[[#This Row],[Concentration]],liste_groupe[[#This Row],[Units]],liste_groupe[[#This Row],[Do not fill in3]]))) -> saccharin-100mg/L + Testostérone | B42: =B18 -> test chemical | C42: =C18 -> 100 | D42: =D18 -> mg/L | E42: =E18 -> saccharin | F42: + Testostérone
A43: =IF(ISBLANK(liste_groupe[[#This Row],[Do not fill in2]])," ",IF(ISBLANK(liste_groupe[[#This Row],[Units]]),CONCATENATE(liste_groupe[[#This Row],[Chemical name]],liste_groupe[[#This Row],[Do not fill in3]]),CONCATENATE(liste_groupe[[#This Row],[Chemical name]],"-",liste_groupe[[#This Row],[Concentration]],liste_groupe[[#This Row],[Units]],liste_groupe[[#This Row],[Do not fill in3]]))) -> 0-00 + Testostérone | B43: =B19 -> test chemical | C43: =C19 -> 0 | D43: =D19 -> 0 | E43: =E19 -> 0 | F43: + Testostérone
A44: =IF(ISBLANK(liste_groupe[[#This Row],[Do not fill in2]])," ",IF(ISBLANK(liste_groupe[[#This Row],[Units]]),CONCATENATE(liste_groupe[[#This Row],[Chemical name]],liste_groupe[[#This Row],[Do not fill in3]]),CONCATENATE(liste_groupe[[#This Row],[Chemical name]],"-",liste_groupe[[#This Row],[Concentration]],liste_groupe[[#This Row],[Units]],liste_groupe[[#This Row],[Do not fill in3]]))) -> 0-00 + Testostérone | B44: =B20 -> test chemical | C44: =C20 -> 0 | D44: =D20 -> 0 | E44: =E20 -> 0 | F44: + Testostérone
A45: =IF(ISBLANK(liste_groupe[[#This Row],[Do not fill in2]])," ",IF(ISBLANK(liste_groupe[[#This Row],[Units]]),CONCATENATE(liste_groupe[[#This Row],[Chemical name]],liste_groupe[[#This Row],[Do not fill in3]]),CONCATENATE(liste_groupe[[#This Row],[Chemical name]],"-",liste_groupe[[#This Row],[Concentration]],liste_groupe[[#This Row],[Units]],liste_groupe[[#This Row],[Do not fill in3]]))) -> 0-00 + Testostérone | B45: =B21 -> test chemical | C45: =C21 -> 0 | D45: =D21 -> 0 | E45: =E21 -> 0 | F45: + Testostérone
A46: =IF(ISBLANK(liste_groupe[[#This Row],[Do not fill in2]])," ",IF(ISBLANK(liste_groupe[[#This Row],[Units]]),CONCATENATE(liste_groupe[[#This Row],[Chemical name]],liste_groupe[[#This Row],[Do not fill in3]]),CONCATENATE(liste_groupe[[#This Row],[Chemical name]],"-",liste_groupe[[#This Row],[Concentration]],liste_groupe[[#This Row],[Units]],liste_groupe[[#This Row],[Do not fill in3]]))) -> 0-00 + Testostérone | B46: =B22 -> test chemical | C46: =C22 -> 0 | D46: =D22 -> 0 | E46: =E22 -> 0 | F46: + Testostérone
A47: =IF(ISBLANK(liste_groupe[[#This Row],[Do not fill in2]])," ",IF(ISBLANK(liste_groupe[[#This Row],[Units]]),CONCATENATE(liste_groupe[[#This Row],[Chemical name]],liste_groupe[[#This Row],[Do not fill in3]]),CONCATENATE(liste_groupe[[#This Row],[Chemical name]],"-",liste_groupe[[#This Row],[Concentration]],liste_groupe[[#This Row],[Units]],liste_groupe[[#This Row],[Do not fill in3]]))) -> 0-00 + Testostérone | B47: =B23 -> test chemical | C47: =C23 -> 0 | D47: =D23 -> 0 | E47: =E23 -> 0 | F47: + Testostérone
A48: =IF(ISBLANK(liste_groupe[[#This Row],[Do not fill in2]])," ",IF(ISBLANK(liste_groupe[[#This Row],[Units]]),CONCATENATE(liste_groupe[[#This Row],[Chemical name]],liste_groupe[[#This Row],[Do not fill in3]]),CONCATENATE(liste_groupe[[#This Row],[Chemical name]],"-",liste_groupe[[#This Row],[Concentration]],liste_groupe[[#This Row],[Units]],liste_groupe[[#This Row],[Do not fill in3]]))) -> 0-00 + Testostérone | B48: =B24 -> test chemical | C48: =C24 -> 0 | D48: =D24 -> 0 | E48: =E24 -> 0 | F48: + Testostérone
A49: =IF(ISBLANK(liste_groupe[[#This Row],[Do not fill in2]])," ",IF(ISBLANK(liste_groupe[[#This Row],[Units]]),CONCATENATE(liste_groupe[[#This Row],[Chemical name]],liste_groupe[[#This Row],[Do not fill in3]]),CONCATENATE(liste_groupe[[#This Row],[Chemical name]],"-",liste_groupe[[#This Row],[Concentration]],liste_groupe[[#This Row],[Units]],liste_groupe[[#This Row],[Do not fill in3]]))) -> 0-00 + Testostérone | B49: =B25 -> test chemical | C49: =C25 -> 0 | D49: =D25 -> 0 | E49: =E25 -> 0 | F49: + Testostérone
... A57: =IF(ISBLANK(liste_groupe[[#This Row],[Do not fill in2]])," ",IF(ISBLANK(liste_groupe[[#This Row],[Units]]),CONCATENATE(liste_groupe[[#This Row],[Chemical name]],liste_groupe[[#This Row],[Do not fill in3]]),CONCATENATE(liste_groupe[[#This Row],[Chemical name]],"-",liste_groupe[[#This Row],[Concentration]],liste_groupe[[#This Row],[Units]],liste_groupe[[#This Row],[Do not fill in3]]))) -> 0-00 + Testostérone | B57: =B33 -> test chemical | C57: =C33 -> 0 | D57: =D33 -> 0 | E57: =E33 -> 0 | F57: + Testostérone

Sheet R1
A3: R1 | B3: Unspiked | O3: Testosterone spiked
A4: Group names | B4: ='Front page'!A7 -> Solvent control | C4: ='Front page'!A8 -> EE2-33.8ng/L | D4: ='Front page'!A9 -> EE2-50.6ng/L | E4: ='Front page'!A10 -> EE2-76ng/L | F4: ='Front page'!A11 -> EE2-114ng/L | G4: ='Front page'!A12 -> EE2-170.9ng/L | H4: ='Front page'!A13 -> EE2-488ng/L | I4: ='Front page'!A14 -> saccharin-0.01mg/L | J4: ='Front page'!A15 -> saccharin-0.1mg/L | K4: ='Front page'!A16 -> saccharin-1mg/L | L4: ='Front page'!A17 -> saccharin-10mg/L | M4: ='Front page'!A18 -> saccharin-100mg/L | O4: ='Front page'!A35 -> Testo -30µg/L | P4: ='Front page'!A36 -> Testo 30µg/L + EE2 -64ng/L | Q4: ='Front page'!A37 -> Testo 30µg/L + FAD-10mg/L | R4: ='Front page'!A38 -> saccharin-0.01mg/L + Testostérone | S4: ='Front page'!A39 -> saccharin-0.1mg/L + Testostérone | T4: ='Front page'!A40 -> saccharin-1mg/L + Testostérone | U4: ='Front page'!A41 -> saccharin-10mg/L + Testostérone | V4: ='Front page'!A42 -> saccharin-100mg/L + Testostérone
A5: Raw data | B5: 0 | C5: 412 | D5: 0 | E5: 240 | F5: 574 | G5: 49042 | H5: 316725 | I5: 0 | J5: 0 | K5: 0 | L5: 0 | M5: 0 | O5: 47300 | P5: 120135 | Q5: 163 | R5: 81710 | S5: 120089 | T5: 151592 | U5: 43390 | V5: 91251
B6: 0 | C6: 0 | D6: 0 | E6: 0 | F6: 147643 | G6: 187620 | H6: 228388 | I6: 1573 | J6: 0 | K6: 0 | L6: 0 | M6: 0 | O6: 133172 | P6: 201927 | Q6: 0 | R6: 93010 | S6: 7530 | T6: 80259 | U6: 0 | V6: 161516
B7: 0 | C7: 0 | D7: 3251 | E7: 80 | F7: 0 | G7: 234509 | H7: 50593 | I7: 0 | J7: 5636 | K7: 0 | L7: 0 | M7: 0 | O7: 82577 | P7: 184295 | Q7: 5491 | R7: 155151 | S7: 132685 | T7: 6279 | U7: 45731 | V7: 49502
B8: 0 | C8: 163 | D8: 0 | E8: 172872 | F8: 21014 | G8: 208582 | H8: 288909 | I8: 0 | J8: 0 | K8: 0 | L8: 241 | M8: 0 | O8: 147545 | P8: 197921 | Q8: 4190 | R8: 29908 | S8: 71045 | T8: 12517 | U8: 2038 | V8: 98289
B9: 0 | C9: 0 | D9: 0 | E9: 0 | F9: 88180 | G9: 178873 | H9: 251307 | I9: 164 | J9: 0 | K9: 80 | L9: 0 | M9: 0 | O9: 81914 | P9: 107180 | Q9: 0 | R9: 68940 | S9: 23406 | T9: 97129 | U9: 62989 | V9: 7750
B10: 0 | C10: 0 | D10: 162 | E10: 0 | F10: 140995 | G10: 247182 | H10: 309778 | I10: 0 | J10: 0 | K10: 810 | L10: 0 | M10: 82 | O10: 107928 | P10: 192833 | Q10: 0 | R10: 10842 | S10: 166888 | T10: 176498 | U10: 119953 | V10: 56093
B11: 0 | C11: 0 | D11: 80 | E11: 0 | F11: 122114 | G11: 52136 | H11: 287905 | I11: 0 | J11: 0 | K11: 162 | L11: 0 | M11: 6740 | O11: 93964 | P11: 232079 | Q11: 0 | R11: 82336 | S11: 12157 | T11: 188741 | U11: 48843 | V11: 129690
B12: 0 | C12: 0 | D12: 0 | E12: 0 | G12: 262260 | H12: 258863 | I12: 0 | J12: 0 | K12: 0 | L12: 0 | M12: 0 | O12: 66465 | P12: 83977 | Q12: 0 | R12: 147172 | S12: 4387 | T12: 2268 | U12: 50701 | V12: 0
O13: 117910
O14: 140043
O15: 128382
O16: 80736
O17: 130331
O18: 32112
O19: 98243
O20: 7034
A22: =A4 -> Group names | B22: =B4 -> Solvent control | C22: =C4 -> EE2-33.8ng/L | D22: =D4 -> EE2-50.6ng/L | E22: =E4 -> EE2-76ng/L | F22: =F4 -> EE2-114ng/L | G22: =G4 -> EE2-170.9ng/L | H22: =H4 -> EE2-488ng/L | ... M22: =M4 -> saccharin-100mg/L | N22: Nom des groupes | O22: =O4 -> Testo -30µg/L | P22: =P4 -> Testo 30µg/L + EE2 -64ng/L | Q22: =Q4 -> Testo 30µg/L + FAD-10mg/L | R22: =R4 -> saccharin-0.01mg/L + Testostérone | S22: =S4 -> saccharin-0.1mg/L + Testostérone | T22: =T4 -> saccharin-1mg/L + Testostérone | U22: =U4 -> saccharin-10mg/L + Testostérone | V22: =V4 -> saccharin-100mg/L + Testostérone
A23: mean | B23: =AVERAGE(B5:B20) -> 0 | C23: =AVERAGE(C5:C20) -> 71.875 | D23: =AVERAGE(D5:D20) -> 436.625 | E23: =AVERAGE(E5:E20) -> 21649 | F23: =AVERAGE(F5:F20) -> 74360 | G23: =AVERAGE(G5:G20) -> 177525.5 | H23: =AVERAGE(H5:H20) -> 249058.5 | I23: =AVERAGE(I5:I20) -> 217.125 | ... M23: =AVERAGE(M5:M20) -> 852.75 | N23: mean | O23: =AVERAGE(O5:O20) -> 93478.5 | P23: =AVERAGE(P5:P20) -> 165043.38 | Q23: =AVERAGE(Q5:Q20) -> 1230.5 | R23: =AVERAGE(R5:R20) -> 83633.625 | S23: =AVERAGE(S5:S20) -> 67273.375 | T23: =AVERAGE(T5:T20) -> 89410.375 | U23: =AVERAGE(U5:U20) -> 46705.625 | V23: =AVERAGE(V5:V20) -> 74261.375
A24: SD | B24: =STDEV(B5:B20) -> 0 | C24: =STDEV(C5:C20) -> 148.7975 | D24: =STDEV(D5:D20) -> 1138.7031 | E24: =STDEV(E5:E20) -> 61103.377 | F24: =STDEV(F5:F20) -> 65956.599 | G24: =STDEV(G5:G20) -> 83304.81 | H24: =STDEV(H5:H20) -> 85590.165 | I24: =STDEV(I5:I20) -> 550.85374 | ... M24: =STDEV(M5:M20) -> 2378.9813 | N24: SD | O24: =STDEV(O5:O20) -> 40486.73 | P24: =STDEV(P5:P20) -> 53471.879 | Q24: =STDEV(Q5:Q20) -> 2255.8086 | R24: =STDEV(R5:R20) -> 50208.318 | S24: =STDEV(S5:S20) -> 64908.285 | T24: =STDEV(T5:T20) -> 77347.007 | U24: =STDEV(U5:U20) -> 37491.738 | V24: =STDEV(V5:V20) -> 56610.584
B26: Unspiked | O26: Testosterone spiked
A27: =A4 -> Group names | B27: =B4 -> Solvent control | C27: =C4 -> EE2-33.8ng/L | D27: =D4 -> EE2-50.6ng/L | E27: =E4 -> EE2-76ng/L | F27: =F4 -> EE2-114ng/L | G27: =G4 -> EE2-170.9ng/L | H27: =H4 -> EE2-488ng/L | ... M27: =M4 -> saccharin-100mg/L | O27: =O4 -> Testo -30µg/L | P27: =P4 -> Testo 30µg/L + EE2 -64ng/L | Q27: =Q4 -> Testo 30µg/L + FAD-10mg/L | R27: =R4 -> saccharin-0.01mg/L + Testostérone | S27: =S4 -> saccharin-0.1mg/L + Testostérone | T27: =T4 -> saccharin-1mg/L + Testostérone | U27: =U4 -> saccharin-10mg/L + Testostérone | V27: =V4 -> saccharin-100mg/L + Testostérone
A28: Data normalised to the "Testo" group | B28: =IF(B5="","",(B5/$O$23)) -> 0 | C28: =IF(C5="","",(C5/$O$23)) -> 0.0044074306 | D28: =IF(D5="","",(D5/$O$23)) -> 0 | E28: =IF(E5="","",(E5/$O$23)) -> 0.0025674353 | F28: =IF(F5="","",(F5/$O$23)) -> 0.0061404494 | G28: =IF(G5="","",(G5/$O$23)) -> 0.52463401 | H28: =IF(H5="","",(H5/$O$23)) -> 3.3882123 | I28: =IF(I5="","",(I5/$O$23)) -> 0 | ... M28: =IF(M5="","",(M5/$O$23)) -> 0 | O28: =IF(O5="","",(O5/$O$23)) -> 0.50599871 | P28: =IF(P5="","",(P5/$O$23)) -> 1.2851618 | Q28: =IF(Q5="","",(Q5/$O$23)) -> 0.0017437165 | R28: =IF(R5="","",(R5/$O$23)) -> 0.87410474 | S28: =IF(S5="","",(S5/$O$23)) -> 1.2846697 | T28: =IF(T5="","",(T5/$O$23)) -> 1.6216777 | U28: =IF(U5="","",(U5/$O$23)) -> 0.46417091 | V28: =IF(V5="","",(V5/$O$23)) -> 0.97617099
B29: =IF(B6="","",(B6/$O$23)) -> 0 | C29: =IF(C6="","",(C6/$O$23)) -> 0 | D29: =IF(D6="","",(D6/$O$23)) -> 0 | E29: =IF(E6="","",(E6/$O$23)) -> 0 | F29: =IF(F6="","",(F6/$O$23)) -> 1.5794327 | G29: =IF(G6="","",(G6/$O$23)) -> 2.0070925 | H29: =IF(H6="","",(H6/$O$23)) -> 2.4432142 | I29: =IF(I6="","",(I6/$O$23)) -> 0.016827399 | ... M29: =IF(M6="","",(M6/$O$23)) -> 0 | O29: =IF(O6="","",(O6/$O$23)) -> 1.4246271 | P29: =IF(P6="","",(P6/$O$23)) -> 2.1601438 | Q29: =IF(Q6="","",(Q6/$O$23)) -> 0 | R29: =IF(R6="","",(R6/$O$23)) -> 0.99498815 | S29: =IF(S6="","",(S6/$O$23)) -> 0.080553282 | T29: =IF(T6="","",(T6/$O$23)) -> 0.85858245 | U29: =IF(U6="","",(U6/$O$23)) -> 0 | V29: =IF(V6="","",(V6/$O$23)) -> 1.7278412
B30: =IF(B7="","",(B7/$O$23)) -> 0 | C30: =IF(C7="","",(C7/$O$23)) -> 0 | D30: =IF(D7="","",(D7/$O$23)) -> 0.034778051 | E30: =IF(E7="","",(E7/$O$23)) -> 0.00085581176 | F30: =IF(F7="","",(F7/$O$23)) -> 0 | G30: =IF(G7="","",(G7/$O$23)) -> 2.5086945 | H30: =IF(H7="","",(H7/$O$23)) -> 0.54122606 | I30: =IF(I7="","",(I7/$O$23)) -> 0 | ... M30: =IF(M7="","",(M7/$O$23)) -> 0 | O30: =IF(O7="","",(O7/$O$23)) -> 0.8833796 | P30: =IF(P7="","",(P7/$O$23)) -> 1.9715229 | Q30: =IF(Q7="","",(Q7/$O$23)) -> 0.05874078 | R30: =IF(R7="","",(R7/$O$23)) -> 1.6597506 | S30: =IF(S7="","",(S7/$O$23)) -> 1.4194173 | T30: =IF(T7="","",(T7/$O$23)) -> 0.067170526 | U30: =IF(U7="","",(U7/$O$23)) -> 0.4892141 | V30: =IF(V7="","",(V7/$O$23)) -> 0.52955492
B31: =IF(B8="","",(B8/$O$23)) -> 0 | C31: =IF(C8="","",(C8/$O$23)) -> 0.0017437165 | D31: =IF(D8="","",(D8/$O$23)) -> 0 | E31: =IF(E8="","",(E8/$O$23)) -> 1.8493236 | F31: =IF(F8="","",(F8/$O$23)) -> 0.22480036 | G31: =IF(G8="","",(G8/$O$23)) -> 2.2313366 | H31: =IF(H8="","",(H8/$O$23)) -> 3.0906465 | I31: =IF(I8="","",(I8/$O$23)) -> 0 | ... M31: =IF(M8="","",(M8/$O$23)) -> 0 | O31: =IF(O8="","",(O8/$O$23)) -> 1.5783843 | P31: =IF(P8="","",(P8/$O$23)) -> 2.117289 | Q31: =IF(Q8="","",(Q8/$O$23)) -> 0.044823141 | R31: =IF(R8="","",(R8/$O$23)) -> 0.31994523 | S31: =IF(S8="","",(S8/$O$23)) -> 0.76001433 | T31: =IF(T8="","",(T8/$O$23)) -> 0.13390245 | U31: =IF(U8="","",(U8/$O$23)) -> 0.021801805 | V31: =IF(V8="","",(V8/$O$23)) -> 1.051461
B32: =IF(B9="","",(B9/$O$23)) -> 0 | C32: =IF(C9="","",(C9/$O$23)) -> 0 | D32: =IF(D9="","",(D9/$O$23)) -> 0 | E32: =IF(E9="","",(E9/$O$23)) -> 0 | F32: =IF(F9="","",(F9/$O$23)) -> 0.94331852 | G32: =IF(G9="","",(G9/$O$23)) -> 1.9135202 | H32: =IF(H9="","",(H9/$O$23)) -> 2.6883936 | I32: =IF(I9="","",(I9/$O$23)) -> 0.0017544141 | ... M32: =IF(M9="","",(M9/$O$23)) -> 0 | O32: =IF(O9="","",(O9/$O$23)) -> 0.87628706 | P32: =IF(P9="","",(P9/$O$23)) -> 1.1465738 | Q32: =IF(Q9="","",(Q9/$O$23)) -> 0 | R32: =IF(R9="","",(R9/$O$23)) -> 0.73749579 | S32: =IF(S9="","",(S9/$O$23)) -> 0.25038913 | T32: =IF(T9="","",(T9/$O$23)) -> 1.0390518 | U32: =IF(U9="","",(U9/$O$23)) -> 0.67383409 | V32: =IF(V9="","",(V9/$O$23)) -> 0.082906765
B33: =IF(B10="","",(B10/$O$23)) -> 0 | C33: =IF(C10="","",(C10/$O$23)) -> 0 | D33: =IF(D10="","",(D10/$O$23)) -> 0.0017330188 | E33: =IF(E10="","",(E10/$O$23)) -> 0 | F33: =IF(F10="","",(F10/$O$23)) -> 1.5083147 | G33: =IF(G10="","",(G10/$O$23)) -> 2.6442658 | H33: =IF(H10="","",(H10/$O$23)) -> 3.3138957 | I33: =IF(I10="","",(I10/$O$23)) -> 0 | ... M33: =IF(M10="","",(M10/$O$23)) -> 0.00087720706 | O33: =IF(O10="","",(O10/$O$23)) -> 1.1545757 | P33: =IF(P10="","",(P10/$O$23)) -> 2.0628594 | Q33: =IF(Q10="","",(Q10/$O$23)) -> 0 | R33: =IF(R10="","",(R10/$O$23)) -> 0.11598389 | S33: =IF(S10="","",(S10/$O$23)) -> 1.7853089 | T33: =IF(T10="","",(T10/$O$23)) -> 1.8881133 | U33: =IF(U10="","",(U10/$O$23)) -> 1.2832149 | V33: =IF(V10="","",(V10/$O$23)) -> 0.60006312
B34: =IF(B11="","",(B11/$O$23)) -> 0 | C34: =IF(C11="","",(C11/$O$23)) -> 0 | D34: =IF(D11="","",(D11/$O$23)) -> 0.00085581176 | E34: =IF(E11="","",(E11/$O$23)) -> 0 | F34: =IF(F11="","",(F11/$O$23)) -> 1.3063325 | G34: =IF(G11="","",(G11/$O$23)) -> 0.55773253 | H34: =IF(H11="","",(H11/$O$23)) -> 3.0799061 | I34: =IF(I11="","",(I11/$O$23)) -> 0 | ... M34: =IF(M11="","",(M11/$O$23)) -> 0.072102141 | O34: =IF(O11="","",(O11/$O$23)) -> 1.0051937 | P34: =IF(P11="","",(P11/$O$23)) -> 2.4826992 | Q34: =IF(Q11="","",(Q11/$O$23)) -> 0 | R34: =IF(R11="","",(R11/$O$23)) -> 0.88080147 | S34: =IF(S11="","",(S11/$O$23)) -> 0.1300513 | T34: =IF(T11="","",(T11/$O$23)) -> 2.0190846 | U34: =IF(U11="","",(U11/$O$23)) -> 0.52250517 | V34: =IF(V11="","",(V11/$O$23)) -> 1.3873778
B35: =IF(B12="","",(B12/$O$23)) -> 0 | C35: =IF(C12="","",(C12/$O$23)) -> 0 | D35: =IF(D12="","",(D12/$O$23)) -> 0 | E35: =IF(E12="","",(E12/$O$23)) -> 0 | F35: =IF(F12="","",(F12/$O$23)) | G35: =IF(G12="","",(G12/$O$23)) -> 2.8055649 | H35: =IF(H12="","",(H12/$O$23)) -> 2.769225 | I35: =IF(I12="","",(I12/$O$23)) -> 0 | ... M35: =IF(M12="","",(M12/$O$23)) -> 0 | O35: =IF(O12="","",(O12/$O$23)) -> 0.71101911 | P35: =IF(P12="","",(P12/$O$23)) -> 0.89835631 | Q35: =IF(Q12="","",(Q12/$O$23)) -> 0 | R35: =IF(R12="","",(R12/$O$23)) -> 1.5743941 | S35: =IF(S12="","",(S12/$O$23)) -> 0.046930578 | T35: =IF(T12="","",(T12/$O$23)) -> 0.024262264 | U35: =IF(U12="","",(U12/$O$23)) -> 0.5423814 | V35: =IF(V12="","",(V12/$O$23)) -> 0
B36: =IF(B13="","",(B13/$O$23)) | C36: =IF(C13="","",(C13/$O$23)) | D36: =IF(D13="","",(D13/$O$23)) | E36: =IF(E13="","",(E13/$O$23)) | F36: =IF(F13="","",(F13/$O$23)) | G36: =IF(G13="","",(G13/$O$23)) | H36: =IF(H13="","",(H13/$O$23)) | I36: =IF(I13="","",(I13/$O$23)) | ... M36: =IF(M13="","",(M13/$O$23)) | O36: =IF(O13="","",(O13/$O$23)) -> 1.2613596 | P36: =IF(P13="","",(P13/$O$23)) | Q36: =IF(Q13="","",(Q13/$O$23)) | R36: =IF(R13="","",(R13/$O$23)) | S36: =IF(S13="","",(S13/$O$23)) | T36: =IF(T13="","",(T13/$O$23)) | U36: =IF(U13="","",(U13/$O$23)) | V36: =IF(V13="","",(V13/$O$23))
B37: =IF(B14="","",(B14/$O$23)) | C37: =IF(C14="","",(C14/$O$23)) | D37: =IF(D14="","",(D14/$O$23)) | E37: =IF(E14="","",(E14/$O$23)) | F37: =IF(F14="","",(F14/$O$23)) | G37: =IF(G14="","",(G14/$O$23)) | H37: =IF(H14="","",(H14/$O$23)) | I37: =IF(I14="","",(I14/$O$23)) | ... M37: =IF(M14="","",(M14/$O$23)) | O37: =IF(O14="","",(O14/$O$23)) -> 1.4981306 | P37: =IF(P14="","",(P14/$O$23)) | Q37: =IF(Q14="","",(Q14/$O$23)) | R37: =IF(R14="","",(R14/$O$23)) | S37: =IF(S14="","",(S14/$O$23)) | T37: =IF(T14="","",(T14/$O$23)) | U37: =IF(U14="","",(U14/$O$23)) | V37: =IF(V14="","",(V14/$O$23))
B38: =IF(B15="","",(B15/$O$23)) | C38: =IF(C15="","",(C15/$O$23)) | D38: =IF(D15="","",(D15/$O$23)) | E38: =IF(E15="","",(E15/$O$23)) | F38: =IF(F15="","",(F15/$O$23)) | G38: =IF(G15="","",(G15/$O$23)) | H38: =IF(H15="","",(H15/$O$23)) | I38: =IF(I15="","",(I15/$O$23)) | ... M38: =IF(M15="","",(M15/$O$23)) | O38: =IF(O15="","",(O15/$O$23)) -> 1.3733853 | P38: =IF(P15="","",(P15/$O$23)) | Q38: =IF(Q15="","",(Q15/$O$23)) | R38: =IF(R15="","",(R15/$O$23)) | S38: =IF(S15="","",(S15/$O$23)) | T38: =IF(T15="","",(T15/$O$23)) | U38: =IF(U15="","",(U15/$O$23)) | V38: =IF(V15="","",(V15/$O$23))
B39: =IF(B16="","",(B16/$O$23)) | C39: =IF(C16="","",(C16/$O$23)) | D39: =IF(D16="","",(D16/$O$23)) | E39: =IF(E16="","",(E16/$O$23)) | F39: =IF(F16="","",(F16/$O$23)) | G39: =IF(G16="","",(G16/$O$23)) | H39: =IF(H16="","",(H16/$O$23)) | I39: =IF(I16="","",(I16/$O$23)) | ... M39: =IF(M16="","",(M16/$O$23)) | O39: =IF(O16="","",(O16/$O$23)) -> 0.86368523 | P39: =IF(P16="","",(P16/$O$23)) | Q39: =IF(Q16="","",(Q16/$O$23)) | R39: =IF(R16="","",(R16/$O$23)) | S39: =IF(S16="","",(S16/$O$23)) | T39: =IF(T16="","",(T16/$O$23)) | U39: =IF(U16="","",(U16/$O$23)) | V39: =IF(V16="","",(V16/$O$23))
B40: =IF(B17="","",(B17/$O$23)) | C40: =IF(C17="","",(C17/$O$23)) | D40: =IF(D17="","",(D17/$O$23)) | E40: =IF(E17="","",(E17/$O$23)) | F40: =IF(F17="","",(F17/$O$23)) | G40: =IF(G17="","",(G17/$O$23)) | H40: =IF(H17="","",(H17/$O$23)) | I40: =IF(I17="","",(I17/$O$23)) | ... M40: =IF(M17="","",(M17/$O$23)) | O40: =IF(O17="","",(O17/$O$23)) -> 1.394235 | P40: =IF(P17="","",(P17/$O$23)) | Q40: =IF(Q17="","",(Q17/$O$23)) | R40: =IF(R17="","",(R17/$O$23)) | S40: =IF(S17="","",(S17/$O$23)) | T40: =IF(T17="","",(T17/$O$23)) | U40: =IF(U17="","",(U17/$O$23)) | V40: =IF(V17="","",(V17/$O$23))
... B43: =IF(B20="","",(B20/$O$23)) | C43: =IF(C20="","",(C20/$O$23)) | D43: =IF(D20="","",(D20/$O$23)) | E43: =IF(E20="","",(E20/$O$23)) | F43: =IF(F20="","",(F20/$O$23)) | G43: =IF(G20="","",(G20/$O$23)) | H43: =IF(H20="","",(H20/$O$23)) | I43: =IF(I20="","",(I20/$O$23)) | ... M43: =IF(M20="","",(M20/$O$23)) | O43: =IF(O20="","",(O20/$O$23)) -> 0.075247249 | P43: =IF(P20="","",(P20/$O$23)) | Q43: =IF(Q20="","",(Q20/$O$23)) | R43: =IF(R20="","",(R20/$O$23)) | S43: =IF(S20="","",(S20/$O$23)) | T43: =IF(T20="","",(T20/$O$23)) | U43: =IF(U20="","",(U20/$O$23)) | V43: =IF(V20="","",(V20/$O$23))
A45: =A4 -> Group names | B45: =B4 -> Solvent control | C45: =C4 -> EE2-33.8ng/L | D45: =D4 -> EE2-50.6ng/L | E45: =E4 -> EE2-76ng/L | F45: =F4 -> EE2-114ng/L | G45: =G4 -> EE2-170.9ng/L | H45: =H4 -> EE2-488ng/L | ... M45: =M4 -> saccharin-100mg/L | N45: =N22 -> Nom des groupes | O45: =O4 -> Testo -30µg/L | P45: =P4 -> Testo 30µg/L + EE2 -64ng/L | Q45: =Q4 -> Testo 30µg/L + FAD-10mg/L | R45: =R4 -> saccharin-0.01mg/L + Testostérone | S45: =S4 -> saccharin-0.1mg/L + Testostérone | T45: =T4 -> saccharin-1mg/L + Testostérone | U45: =U4 -> saccharin-10mg/L + Testostérone | V45: =V4 -> saccharin-100mg/L + Testostérone
A46: mean | B46: =AVERAGE(B28:B43) -> 0 | C46: =AVERAGE(C28:C43) -> 0.00076889338 | D46: =AVERAGE(D28:D43) -> 0.0046708601 | E46: =AVERAGE(E28:E43) -> 0.23159336 | F46: =AVERAGE(F28:F43) -> 0.79547703 | G46: =AVERAGE(G28:G43) -> 1.8991051 | H46: =AVERAGE(H28:H43) -> 2.6643399 | I46: =AVERAGE(I28:I43) -> 0.0023227266 | ... M46: =AVERAGE(M28:M43) -> 0.0091224185 | N46: mean | O46: =AVERAGE(O28:O43) -> 1 | P46: =AVERAGE(P28:P43) -> 1.7655758 | Q46: =AVERAGE(Q28:Q43) -> 0.013163455 | R46: =AVERAGE(R28:R43) -> 0.894683 | S46: =AVERAGE(S28:S43) -> 0.71966682 | T46: =AVERAGE(T28:T43) -> 0.95648063 | U46: =AVERAGE(U28:U43) -> 0.49964029 | V46: =AVERAGE(V28:V43) -> 0.79442198
A47: SD | B47: =STDEV(B28:B43) -> 0 | C47: =STDEV(C28:C43) -> 0.0015917832 | D47: =STDEV(D28:D43) -> 0.012181444 | E47: =STDEV(E28:E43) -> 0.65366236 | F47: =STDEV(F28:F43) -> 0.70558041 | G47: =STDEV(G28:G43) -> 0.89116546 | H47: =STDEV(H28:H43) -> 0.91561337 | I47: =STDEV(I28:I43) -> 0.0058928389 | ... M47: =STDEV(M28:M43) -> 0.025449502 | N47: SD | O47: =STDEV(O28:O43) -> 0.43311275 | P47: =STDEV(P28:P43) -> 0.57202329 | Q47: =STDEV(Q28:Q43) -> 0.024131845 | R47: =STDEV(R28:R43) -> 0.53711087 | S47: =STDEV(S28:S43) -> 0.69436592 | T47: =STDEV(T28:T43) -> 0.82743099 | U47: =STDEV(U28:U43) -> 0.40107338 | V47: =STDEV(V28:V43) -> 0.60560005
A48: SEM | B48: =B47/SQRT(COUNT(B28:B43)) -> 0 | C48: =C47/SQRT(COUNT(C28:C43)) -> 0.00056278033 | D48: =D47/SQRT(COUNT(D28:D43)) -> 0.0043067909 | E48: =E47/SQRT(COUNT(E28:E43)) -> 0.23110454 | F48: =F47/SQRT(COUNT(F28:F43)) -> 0.26668433 | G48: =G47/SQRT(COUNT(G28:G43)) -> 0.31507457 | H48: =H47/SQRT(COUNT(H28:H43)) -> 0.32371821 | I48: =I47/SQRT(COUNT(I28:I43)) -> 0.0020834332 | ... M48: =M47/SQRT(COUNT(M28:M43)) -> 0.0089977577 | N48: SEM | O48: =O47/SQRT(COUNT(O28:O43)) -> 0.10827819 | P48: =P47/SQRT(COUNT(P28:P43)) -> 0.20224077 | Q48: =Q47/SQRT(COUNT(Q28:Q43)) -> 0.0085318955 | R48: =R47/SQRT(COUNT(R28:R43)) -> 0.18989737 | S48: =S47/SQRT(COUNT(S28:S43)) -> 0.24549543 | T48: =T47/SQRT(COUNT(T28:T43)) -> 0.29254103 | U48: =U47/SQRT(COUNT(U28:U43)) -> 0.14180085 | V48: =V47/SQRT(COUNT(V28:V43)) -> 0.21411195
A52: =A27 -> Group names | B52: =B27 -> Solvent control | C52: =C27 -> EE2-33.8ng/L | D52: =D27 -> EE2-50.6ng/L | E52: =E27 -> EE2-76ng/L | F52: =F27 -> EE2-114ng/L | G52: =G27 -> EE2-170.9ng/L | H52: =H27 -> EE2-488ng/L | I52: =I4 -> saccharin-0.01mg/L | J52: =J4 -> saccharin-0.1mg/L | K52: =K27 -> saccharin-1mg/L | L52: =L27 -> saccharin-10mg/L | M52: =M27 -> saccharin-100mg/L | O52: =O27 -> Testo -30µg/L | P52: =P27 -> Testo 30µg/L + EE2 -64ng/L | Q52: =Q27 -> Testo 30µg/L + FAD-10mg/L | R52: =R27 -> saccharin-0.01mg/L + Testostérone | S52: =S27 -> saccharin-0.1mg/L + Testostérone | T52: =T27 -> saccharin-1mg/L + Testostérone | U52: =U27 -> saccharin-10mg/L + Testostérone | V52: =V27 -> saccharin-100mg/L + Testostérone
A53: Mean | B53: =B46 -> 0 | C53: =C46 -> 0.00076889338 | D53: =D46 -> 0.0046708601 | E53: =E46 -> 0.23159336 | F53: =F46 -> 0.79547703 | G53: =G46 -> 1.8991051 | H53: =H46 -> 2.6643399 | I53: =I46 -> 0.0023227266 | ... M53: =M46 -> 0.0091224185 | O53: =O46 -> 1 | P53: =P46 -> 1.7655758 | Q53: =Q46 -> 0.013163455 | R53: =R46 -> 0.894683 | S53: =S46 -> 0.71966682 | T53: =T46 -> 0.95648063 | U53: =U46 -> 0.49964029 | V53: =V46 -> 0.79442198
A54: SEM | B54: =B48 -> 0 | C54: =C48 -> 0.00056278033 | D54: =D48 -> 0.0043067909 | E54: =E48 -> 0.23110454 | F54: =F48 -> 0.26668433 | G54: =G48 -> 0.31507457 | H54: =H48 -> 0.32371821 | I54: =I48 -> 0.0020834332 | ... M54: =M48 -> 0.0089977577 | O54: =O48 -> 0.10827819 | P54: =P48 -> 0.20224077 | Q54: =Q48 -> 0.0085318955 | R54: =R48 -> 0.18989737 | S54: =S48 -> 0.24549543 | T54: =T48 -> 0.29254103 | U54: =U48 -> 0.14180085 | V54: =V48 -> 0.21411195
A55: % induction | B55: =(B53*100/$B$53)-100 -> #DIV/0! | C55: =(C53*100/$B$53)-100 -> #DIV/0! | D55: =(D53*100/$B$53)-100 -> #DIV/0! | E55: =(E53*100/$B$53)-100 -> #DIV/0! | F55: =(F53*100/$B$53)-100 -> #DIV/0! | G55: =(G53*100/$B$53)-100 -> #DIV/0! | H55: =(H53*100/$B$53)-100 -> #DIV/0! | I55: =(I53*100/$B$53)-100 -> #DIV/0! | ... M55: =(M53*100/$B$53)-100 -> #DIV/0! | O55: =(O53*100/$O$53)-100 -> 0 | P55: =(P53*100/$O$53)-100 -> 76.557577 | Q55: =(Q53*100/$O$53)-100 -> -98.683655 | R55: =(R53*100/$O$53)-100 -> -10.5317 | S55: =(S53*100/$O$53)-100 -> -28.033318 | T55: =(T53*100/$O$53)-100 -> -4.3519365 | U55: =(U53*100/$O$53)-100 -> -50.035971 | V55: =(V53*100/$O$53)-100 -> -20.557802
A56: Normality test : p value | B56: =[1]!SWTEST(B28:B43) -> #VALUE! | C56: =[1]!SWTEST(C28:C43) -> 0.00010313252 | D56: =[1]!SWTEST(D28:D43) -> 2.9473688e-06 | E56: =[1]!SWTEST(E28:E43) -> 1.0755629e-06 | F56: =[1]!SWTEST(F28:F43) -> 0.11896738 | G56: =[1]!SWTEST(G28:G43) -> 0.069980079 | H56: =[1]!SWTEST(H28:H43) -> 0.0065726432 | I56: =[1]!SWTEST(I28:I43) -> 5.0425377e-06 | ... M56: =[1]!SWTEST(M28:M43) -> 1.2682716e-06 | O56: =[1]!SWTEST(O28:O43) -> 0.46154565 | P56: =[1]!SWTEST(P28:P43) -> 0.24895504 | Q56: =[1]!SWTEST(Q28:Q43) -> 0.00023098143 | R56: =[1]!SWTEST(R28:R43) -> 0.59180916 | S56: =[1]!SWTEST(S28:S43) -> 0.12753981 | T56: =[1]!SWTEST(T28:T43) -> 0.18849291 | U56: =[1]!SWTEST(U28:U43) -> 0.20990535 | V56: =[1]!SWTEST(V28:V43) -> 0.81933825
A57: Normality test : normal distibution? | B57: =IF(B56>0.05,"Oui","Non") -> #VALUE! | C57: =IF(C56>0.05,"Oui","Non") -> Non | D57: =IF(D56>0.05,"Oui","Non") -> Non | E57: =IF(E56>0.05,"Oui","Non") -> Non | F57: =IF(F56>0.05,"Oui","Non") -> Oui | G57: =IF(G56>0.05,"Oui","Non") -> Oui | H57: =IF(H56>0.05,"Oui","Non") -> Non | I57: =IF(I56>0.05,"Oui","Non") -> Non | ... M57: =IF(M56>0.05,"Oui","Non") -> Non | O57: =IF(O56>0.05,"Oui","Non") -> Oui | P57: =IF(P56>0.05,"Oui","Non") -> Oui | Q57: =IF(Q56>0.05,"Oui","Non") -> Non | R57: =IF(R56>0.05,"Oui","Non") -> Oui | S57: =IF(S56>0.05,"Oui","Non") -> Oui | T57: =IF(T56>0.05,"Oui","Non") -> Oui | U57: =IF(U56>0.05,"Oui","Non") -> Oui | V57: =IF(V56>0.05,"Oui","Non") -> Oui
A59: Statistical test used | C59: =IF($B57="Non",IF(C$57="Non","Mann Withney",IF(C$57="Oui","Mann Withney","")),IF($B$57="Oui",IF(C$57="Oui","T-Test Welch",IF(C$57="Non","Mann Withney","")))) -> #VALUE! | D59: =IF($B57="Non",IF(D$57="Non","Mann Withney",IF(D$57="Oui","Mann Withney","")),IF($B$57="Oui",IF(D$57="Oui","T-Test Welch",IF(D$57="Non","Mann Withney","")))) -> #VALUE! | E59: =IF($B57="Non",IF(E$57="Non","Mann Withney",IF(E$57="Oui","Mann Withney","")),IF($B$57="Oui",IF(E$57="Oui","T-Test Welch",IF(E$57="Non","Mann Withney","")))) -> #VALUE! | F59: =IF($B57="Non",IF(F$57="Non","Mann Withney",IF(F$57="Oui","Mann Withney","")),IF($B$57="Oui",IF(F$57="Oui","T-Test Welch",IF(F$57="Non","Mann Withney","")))) -> #VALUE! | G59: =IF($B57="Non",IF(G$57="Non","Mann Withney",IF(G$57="Oui","Mann Withney","")),IF($B$57="Oui",IF(G$57="Oui","T-Test Welch",IF(G$57="Non","Mann Withney","")))) -> #VALUE! | H59: =IF($B57="Non",IF(H$57="Non","Mann Withney",IF(H$57="Oui","Mann Withney","")),IF($B$57="Oui",IF(H$57="Oui","T-Test Welch",IF(H$57="Non","Mann Withney","")))) -> #VALUE! | I59: =IF($B57="Non",IF(I$57="Non","Mann Withney",IF(I$57="Oui","Mann Withney","")),IF($B$57="Oui",IF(I$57="Oui","T-Test Welch",IF(I$57="Non","Mann Withney","")))) -> #VALUE! | J59: =IF($B57="Non",IF(J$57="Non","Mann Withney",IF(J$57="Oui","Mann Withney","")),IF($B$57="Oui",IF(J$57="Oui","T-Test Welch",IF(J$57="Non","Mann Withney","")))) -> #VALUE! | ... M59: =IF($B57="Non",IF(M$57="Non","Mann Withney",IF(M$57="Oui","Mann Withney","")),IF($B$57="Oui",IF(M$57="Oui","T-Test Welch",IF(M$57="Non","Mann Withney","")))) -> #VALUE! | O59: =IF($B57="Non",IF(O$57="Non","Mann Withney",IF(O$57="Oui","Mann Withney","")),IF($B$57="Oui",IF(O$57="Oui","T-Test Welch",IF(O$57="Non","Mann Withney","")))) -> #VALUE! | P59: =IF($O57="Non",IF(P$57="Non","Mann Withney",IF(P$57="Oui","Mann Withney","")),IF($O$57="Oui",IF(P$57="Oui","T-Test Welch",IF(P$57="Non","Mann Withney","")))) -> T-Test Welch | Q59: =IF($O57="Non",IF(Q$57="Non","Mann Withney",IF(Q$57="Oui","Mann Withney","")),IF($O$57="Oui",IF(Q$57="Oui","T-Test Welch",IF(Q$57="Non","Mann Withney","")))) -> Mann Withney | R59: =IF($O57="Non",IF(R$57="Non","Mann Withney",IF(R$57="Oui","Mann Withney","")),IF($O$57="Oui",IF(R$57="Oui","T-Test Welch",IF(R$57="Non","Mann Withney","")))) -> T-Test Welch | S59: =IF($O57="Non",IF(S$57="Non","Mann Withney",IF(S$57="Oui","Mann Withney","")),IF($O$57="Oui",IF(S$57="Oui","T-Test Welch",IF(S$57="Non","Mann Withney","")))) -> T-Test Welch | T59: =IF($O57="Non",IF(T$57="Non","Mann Withney",IF(T$57="Oui","Mann Withney","")),IF($O$57="Oui",IF(T$57="Oui","T-Test Welch",IF(T$57="Non","Mann Withney","")))) -> T-Test Welch | U59: =IF($O57="Non",IF(U$57="Non","Mann Withney",IF(U$57="Oui","Mann Withney","")),IF($O$57="Oui",IF(U$57="Oui","T-Test Welch",IF(U$57="Non","Mann Withney","")))) -> T-Test Welch | V59: =IF($O57="Non",IF(V$57="Non","Mann Withney",IF(V$57="Oui","Mann Withney","")),IF($O$57="Oui",IF(V$57="Oui","T-Test Welch",IF(V$57="Non","Mann Withney","")))) -> T-Test Welch
A60: Statistical test : p value | C60: =IF(C59="Mann Withney",[1]!MTEST($B28:$B43,C28:C43,2), IF(C59="T-Test Welch",_xlfn.T.TEST($B28:$B43,C28:C43,2,3),"")) -> #VALUE! | D60: =IF(D59="Mann Withney",[1]!MTEST($B28:$B43,D28:D43,2), IF(D59="T-Test Welch",_xlfn.T.TEST($B28:$B43,D28:D43,2,3),"")) -> #VALUE! | E60: =IF(E59="Mann Withney",[1]!MTEST($B28:$B43,E28:E43,2), IF(E59="T-Test Welch",_xlfn.T.TEST($B28:$B43,E28:E43,2,3),"")) -> #VALUE! | F60: =IF(F59="Mann Withney",[1]!MTEST($B28:$B43,F28:F43,2), IF(F59="T-Test Welch",_xlfn.T.TEST($B28:$B43,F28:F43,2,3),"")) -> #VALUE! | G60: =IF(G59="Mann Withney",[1]!MTEST($B28:$B43,G28:G43,2), IF(G59="T-Test Welch",_xlfn.T.TEST($B28:$B43,G28:G43,2,3),"")) -> #VALUE! | H60: =IF(H59="Mann Withney",[1]!MTEST($B28:$B43,H28:H43,2), IF(H59="T-Test Welch",_xlfn.T.TEST($B28:$B43,H28:H43,2,3),"")) -> #VALUE! | I60: =IF(I59="Mann Withney",[1]!MTEST($B28:$B43,I28:I43,2), IF(I59="T-Test Welch",_xlfn.T.TEST($B28:$B43,I28:I43,2,3),"")) -> #VALUE! | J60: =IF(J59="Mann Withney",[1]!MTEST($B28:$B43,J28:J43,2), IF(J59="T-Test Welch",_xlfn.T.TEST($B28:$B43,J28:J43,2,3),"")) -> #VALUE! | ... M60: =IF(M59="Mann Withney",[1]!MTEST($B28:$B43,M28:M43,2), IF(M59="T-Test Welch",_xlfn.T.TEST($B28:$B43,M28:M43,2,3),"")) -> #VALUE! | O60: =IF(O59="Mann Withney",[1]!MTEST($B28:$B43,O28:O43,2), IF(O59="T-Test Welch",_xlfn.T.TEST($B28:$B43,O28:O43,2,3),"")) -> #VALUE! | P60: =IF(P59="Mann Withney",[1]!MTEST($O28:$O43,P28:P43,2), IF(P59="T-Test Welch",_xlfn.T.TEST($O28:$O43,P28:P43,2,3),"")) -> 0.0065007743 | Q60: =IF(Q59="Mann Withney",[1]!MTEST($O28:$O43,Q28:Q43,2), IF(Q59="T-Test Welch",_xlfn.T.TEST($O28:$O43,Q28:Q43,2,3),"")) -> 8.8849419e-05 | R60: =IF(R59="Mann Withney",[1]!MTEST($O28:$O43,R28:R43,2), IF(R59="T-Test Welch",_xlfn.T.TEST($O28:$O43,R28:R43,2,3),"")) -> 0.63883554 | S60: =IF(S59="Mann Withney",[1]!MTEST($O28:$O43,S28:S43,2), IF(S59="T-Test Welch",_xlfn.T.TEST($O28:$O43,S28:S43,2,3),"")) -> 0.32116579 | T60: =IF(T59="Mann Withney",[1]!MTEST($O28:$O43,T28:T43,2), IF(T59="T-Test Welch",_xlfn.T.TEST($O28:$O43,T28:T43,2,3),"")) -> 0.89212636 | U60: =IF(U59="Mann Withney",[1]!MTEST($O28:$O43,U28:U43,2), IF(U59="T-Test Welch",_xlfn.T.TEST($O28:$O43,U28:U43,2,3),"")) -> 0.013246289 | V60: =IF(V59="Mann Withney",[1]!MTEST($O28:$O43,V28:V43,2), IF(V59="T-Test Welch",_xlfn.T.TEST($O28:$O43,V28:V43,2,3),"")) -> 0.41030833
A61: Annotation | C61: =IF(C60>0.05,"NS",IF(C60>0.01,"*",IF(C60>0.001,"**","***"))) -> #VALUE! | D61: =IF(D60>0.05,"NS",IF(D60>0.01,"*",IF(D60>0.001,"**","***"))) -> #VALUE! | E61: =IF(E60>0.05,"NS",IF(E60>0.01,"*",IF(E60>0.001,"**","***"))) -> #VALUE! | F61: =IF(F60>0.05,"NS",IF(F60>0.01,"*",IF(F60>0.001,"**","***"))) -> #VALUE! | G61: =IF(G60>0.05,"NS",IF(G60>0.01,"*",IF(G60>0.001,"**","***"))) -> #VALUE! | H61: =IF(H60>0.05,"NS",IF(H60>0.01,"*",IF(H60>0.001,"**","***"))) -> #VALUE! | I61: =IF(I60>0.05,"NS",IF(I60>0.01,"*",IF(I60>0.001,"**","***"))) -> #VALUE! | J61: =IF(J60>0.05,"NS",IF(J60>0.01,"*",IF(J60>0.001,"**","***"))) -> #VALUE! | ... M61: =IF(M60>0.05,"NS",IF(M60>0.01,"*",IF(M60>0.001,"**","***"))) -> #VALUE! | O61: =IF(O60>0.05,"NS",IF(O60>0.01,"*",IF(O60>0.001,"**","***"))) -> #VALUE! | P61: =IF(P60>0.05,"NS",IF(P60>0.01,"*",IF(P60>0.001,"**","***"))) -> ** | Q61: =IF(Q60>0.05,"NS",IF(Q60>0.01,"*",IF(Q60>0.001,"**","***"))) -> *** | R61: =IF(R60>0.05,"NS",IF(R60>0.01,"*",IF(R60>0.001,"**","***"))) -> NS | S61: =IF(S60>0.05,"NS",IF(S60>0.01,"*",IF(S60>0.001,"**","***"))) -> NS | T61: =IF(T60>0.05,"NS",IF(T60>0.01,"*",IF(T60>0.001,"**","***"))) -> NS | U61: =IF(U60>0.05,"NS",IF(U60>0.01,"*",IF(U60>0.001,"**","***"))) -> * | V61: =IF(V60>0.05,"NS",IF(V60>0.01,"*",IF(V60>0.001,"**","***"))) -> NS

Sheet R2
A3: R2 | B3: Unspiked | O3: Testosterone spiked
A4: Group names | B4: ='Front page'!A7 -> Solvent control | C4: ='Front page'!A8 -> EE2-33.8ng/L | D4: ='Front page'!A9 -> EE2-50.6ng/L | E4: ='Front page'!A10 -> EE2-76ng/L | F4: ='Front page'!A11 -> EE2-114ng/L | G4: ='Front page'!A12 -> EE2-170.9ng/L | H4: ='Front page'!A13 -> EE2-488ng/L | I4: ='Front page'!A14 -> saccharin-0.01mg/L | J4: ='Front page'!A15 -> saccharin-0.1mg/L | K4: ='Front page'!A16 -> saccharin-1mg/L | L4: ='Front page'!A17 -> saccharin-10mg/L | M4: ='Front page'!A18 -> saccharin-100mg/L | O4: ='Front page'!A35 -> Testo -30µg/L | P4: ='Front page'!A36 -> Testo 30µg/L + EE2 -64ng/L | Q4: ='Front page'!A37 -> Testo 30µg/L + FAD-10mg/L | R4: ='Front page'!A38 -> saccharin-0.01mg/L + Testostérone | S4: ='Front page'!A39 -> saccharin-0.1mg/L + Testostérone | T4: ='Front page'!A40 -> saccharin-1mg/L + Testostérone | U4: ='Front page'!A41 -> saccharin-10mg/L + Testostérone | V4: ='Front page'!A42 -> saccharin-100mg/L + Testostérone
A5: Raw data | B5: 0 | C5: 0 | D5: 2331 | E5: 258753 | F5: 198059 | G5: 249128 | H5: 237395 | I5: 1765 | J5: 1374 | K5: 401 | L5: 0 | M5: 0 | O5: 83373 | P5: 174007 | Q5: 407 | R5: 126529 | S5: 44940 | T5: 112552 | U5: 19813 | V5: 115995
B6: 0 | C6: 166 | D6: 0 | E6: 158472 | F6: 212090 | G6: 180908 | H6: 223344 | I6: 7346 | J6: 327 | K6: 0 | L6: 1140 | M6: 0 | O6: 0 | P6: 261706 | Q6: 0 | R6: 131617 | S6: 30458 | T6: 59584 | U6: 126696 | V6: 173046
B7: 0 | C7: 0 | D7: 0 | E7: 167178 | F7: 885 | G7: 153207 | H7: 255809 | I7: 163 | J7: 2237 | K7: 0 | L7: 0 | M7: 410 | O7: 40291 | P7: 149587 | Q7: 10333 | R7: 65607 | S7: 61415 | T7: 28899 | U7: 93600 | V7: 154441
B8: 0 | C8: 0 | D8: 0 | E8: 209241 | F8: 114671 | G8: 202187 | H8: 332490 | I8: 1010 | J8: 0 | K8: 6675 | L8: 1298 | M8: 0 | O8: 199795 | P8: 269003 | Q8: 0 | R8: 118303 | S8: 159813 | T8: 69153 | U8: 124016 | V8: 40171
B9: 0 | C9: 1059 | D9: 97478 | E9: 136024 | F9: 5589 | G9: 102537 | H9: 251072 | I9: 0 | J9: 0 | K9: 0 | L9: 0 | M9: 3704 | O9: 136530 | P9: 247474 | Q9: 5399 | R9: 29672 | S9: 168144 | T9: 163241 | U9: 71480 | V9: 167317
B10: 0 | C10: 13490 | D10: 0 | E10: 211579 | F10: 22437 | G10: 214678 | H10: 249573 | I10: 0 | J10: 0 | K10: 0 | L10: 0 | M10: 0 | O10: 187266 | P10: 184463 | Q10: 0 | R10: 115300 | S10: 151795 | T10: 83931 | U10: 131552 | V10: 0
B11: 0 | C11: 0 | D11: 330 | E11: 250327 | F11: 176938 | G11: 282967 | H11: 307494 | I11: 0 | J11: 0 | K11: 0 | L11: 502 | M11: 0 | O11: 0 | P11: 194592 | Q11: 2181 | R11: 107996 | S11: 223632 | T11: 66076 | U11: 16073 | V11: 103213
B12: 87 | C12: 0 | D12: 647 | E12: 96794 | F12: 15818 | G12: 80695 | H12: 284809 | I12: 856 | J12: 0 | K12: 3275 | L12: 0 | M12: 4347 | O12: 133251 | P12: 246845 | Q12: 0 | R12: 110025 | S12: 129518 | T12: 0 | U12: 118186 | V12: 42546
O13: 192609
O14: 216661
O15: 262265
O16: 64732
O17: 173287
O18: 81271
O19: 106225
O20: 26482
A22: =A4 -> Group names | B22: =B4 -> Solvent control | C22: =C4 -> EE2-33.8ng/L | D22: =D4 -> EE2-50.6ng/L | E22: =E4 -> EE2-76ng/L | F22: =F4 -> EE2-114ng/L | G22: =G4 -> EE2-170.9ng/L | H22: =H4 -> EE2-488ng/L | ... M22: =M4 -> saccharin-100mg/L | N22: Noms des groupes | O22: =O4 -> Testo -30µg/L | P22: =P4 -> Testo 30µg/L + EE2 -64ng/L | Q22: =Q4 -> Testo 30µg/L + FAD-10mg/L | R22: =R4 -> saccharin-0.01mg/L + Testostérone | S22: =S4 -> saccharin-0.1mg/L + Testostérone | T22: =T4 -> saccharin-1mg/L + Testostérone | U22: =U4 -> saccharin-10mg/L + Testostérone | V22: =V4 -> saccharin-100mg/L + Testostérone
A23: mean | B23: =AVERAGE(B5:B20) -> 10.875 | C23: =AVERAGE(C5:C20) -> 1839.375 | D23: =AVERAGE(D5:D20) -> 12598.25 | E23: =AVERAGE(E5:E20) -> 186046 | F23: =AVERAGE(F5:F20) -> 93310.875 | G23: =AVERAGE(G5:G20) -> 183288.38 | H23: =AVERAGE(H5:H20) -> 267748.25 | I23: =AVERAGE(I5:I20) -> 1392.5 | J23: =AVERAGE(J5:J20) -> 492.25 | L23: =AVERAGE(L5:L20) -> 367.5 | N23: mean | O23: =AVERAGE(O5:O20) -> 119002.38 | P23: =AVERAGE(P5:P20) -> 215959.62 | Q23: =AVERAGE(Q5:Q20) -> 2290 | R23: =AVERAGE(R5:R20) -> 100631.12 | S23: =AVERAGE(S5:S20) -> 121214.38 | T23: =AVERAGE(T5:T20) -> 72929.5 | U23: =AVERAGE(U5:U20) -> 87677 | V23: =AVERAGE(V5:V20) -> 99591.125
A24: SD | B24: =STDEV(B5:B20) -> 30.759145 | C24: =STDEV(C5:C20) -> 4721.7239 | D24: =STDEV(D5:D20) -> 34305.756 | E24: =STDEV(E5:E20) -> 56306.234 | F24: =STDEV(F5:F20) -> 92424.736 | G24: =STDEV(G5:G20) -> 69250.984 | H24: =STDEV(H5:H20) -> 37237.324 | I24: =STDEV(I5:I20) -> 2488.4274 | J24: =STDEV(J5:J20) -> 850.25152 | L24: =STDEV(L5:L20) -> 554.97207 | N24: SD | O24: =STDEV(O5:O20) -> 81242.037 | P24: =STDEV(P5:P20) -> 45461.685 | Q24: =STDEV(Q5:Q20) -> 3758.6035 | R24: =STDEV(R5:R20) -> 34974.825 | S24: =STDEV(S5:S20) -> 68469.183 | T24: =STDEV(T5:T20) -> 49776.463 | U24: =STDEV(U5:U20) -> 47402.381 | V24: =STDEV(V5:V20) -> 65439.63
B26: Unspiked | O26: Testosterone spiked
A27: =A4 -> Group names | B27: =B4 -> Solvent control | C27: =C4 -> EE2-33.8ng/L | D27: =D4 -> EE2-50.6ng/L | E27: =E4 -> EE2-76ng/L | F27: =F4 -> EE2-114ng/L | G27: =G4 -> EE2-170.9ng/L | H27: =H4 -> EE2-488ng/L | ... M27: =M4 -> saccharin-100mg/L | O27: =O4 -> Testo -30µg/L | P27: =P4 -> Testo 30µg/L + EE2 -64ng/L | Q27: =Q4 -> Testo 30µg/L + FAD-10mg/L | R27: =R4 -> saccharin-0.01mg/L + Testostérone | S27: =S4 -> saccharin-0.1mg/L + Testostérone | T27: =T4 -> saccharin-1mg/L + Testostérone | U27: =U4 -> saccharin-10mg/L + Testostérone | V27: =V4 -> saccharin-100mg/L + Testostérone
A28: Data normalised to the "Testo" group | B28: =IF(B5="","",(B5/$O$23)) -> 0 | C28: =IF(C5="","",(C5/$O$23)) -> 0 | D28: =IF(D5="","",(D5/$O$23)) -> 0.019587844 | E28: =IF(E5="","",(E5/$O$23)) -> 2.1743516 | F28: =IF(F5="","",(F5/$O$23)) -> 1.6643281 | G28: =IF(G5="","",(G5/$O$23)) -> 2.0934708 | H28: =IF(H5="","",(H5/$O$23)) -> 1.9948762 | I28: =IF(I5="","",(I5/$O$23)) -> 0.014831637 | ... M28: =IF(M5="","",(M5/$O$23)) -> 0 | O28: =IF(O5="","",(O5/$O$23)) -> 0.70059946 | P28: =IF(P5="","",(P5/$O$23)) -> 1.4622145 | Q28: =IF(Q5="","",(Q5/$O$23)) -> 0.0034200998 | R28: =IF(R5="","",(R5/$O$23)) -> 1.0632477 | S28: =IF(S5="","",(S5/$O$23)) -> 0.37763952 | T28: =IF(T5="","",(T5/$O$23)) -> 0.94579625 | U28: =IF(U5="","",(U5/$O$23)) -> 0.16649248 | V28: =IF(V5="","",(V5/$O$23)) -> 0.97472845
B29: =IF(B6="","",(B6/$O$23)) -> 0 | C29: =IF(C6="","",(C6/$O$23)) -> 0.0013949301 | D29: =IF(D6="","",(D6/$O$23)) -> 0 | E29: =IF(E6="","",(E6/$O$23)) -> 1.3316709 | F29: =IF(F6="","",(F6/$O$23)) -> 1.7822333 | G29: =IF(G6="","",(G6/$O$23)) -> 1.520205 | H29: =IF(H6="","",(H6/$O$23)) -> 1.8768029 | I29: =IF(I6="","",(I6/$O$23)) -> 0.06172986 | ... M29: =IF(M6="","",(M6/$O$23)) -> 0 | O29: =IF(O6="","",(O6/$O$23)) -> 0 | P29: =IF(P6="","",(P6/$O$23)) -> 2.1991662 | Q29: =IF(Q6="","",(Q6/$O$23)) -> 0 | R29: =IF(R6="","",(R6/$O$23)) -> 1.1060031 | S29: =IF(S6="","",(S6/$O$23)) -> 0.25594447 | T29: =IF(T6="","",(T6/$O$23)) -> 0.50069589 | U29: =IF(U6="","",(U6/$O$23)) -> 1.064651 | V29: =IF(V6="","",(V6/$O$23)) -> 1.454139
B30: =IF(B7="","",(B7/$O$23)) -> 0 | C30: =IF(C7="","",(C7/$O$23)) -> 0 | D30: =IF(D7="","",(D7/$O$23)) -> 0 | E30: =IF(E7="","",(E7/$O$23)) -> 1.4048291 | F30: =IF(F7="","",(F7/$O$23)) -> 0.0074368264 | G30: =IF(G7="","",(G7/$O$23)) -> 1.2874281 | H30: =IF(H7="","",(H7/$O$23)) -> 2.1496126 | I30: =IF(I7="","",(I7/$O$23)) -> 0.0013697206 | ... M30: =IF(M7="","",(M7/$O$23)) -> 0.0034453094 | O30: =IF(O7="","",(O7/$O$23)) -> 0.33857307 | P30: =IF(P7="","",(P7/$O$23)) -> 1.2570085 | Q30: =IF(Q7="","",(Q7/$O$23)) -> 0.0868302 | R30: =IF(R7="","",(R7/$O$23)) -> 0.55130832 | S30: =IF(S7="","",(S7/$O$23)) -> 0.51608214 | T30: =IF(T7="","",(T7/$O$23)) -> 0.24284389 | U30: =IF(U7="","",(U7/$O$23)) -> 0.78653892 | V30: =IF(V7="","",(V7/$O$23)) -> 1.2977976
B31: =IF(B8="","",(B8/$O$23)) -> 0 | C31: =IF(C8="","",(C8/$O$23)) -> 0 | D31: =IF(D8="","",(D8/$O$23)) -> 0 | E31: =IF(E8="","",(E8/$O$23)) -> 1.7582926 | F31: =IF(F8="","",(F8/$O$23)) -> 0.96360262 | G31: =IF(G8="","",(G8/$O$23)) -> 1.6990165 | H31: =IF(H8="","",(H8/$O$23)) -> 2.7939779 | I31: =IF(I8="","",(I8/$O$23)) -> 0.0084872256 | ... M31: =IF(M8="","",(M8/$O$23)) -> 0 | O31: =IF(O8="","",(O8/$O$23)) -> 1.6789161 | P31: =IF(P8="","",(P8/$O$23)) -> 2.2604843 | Q31: =IF(Q8="","",(Q8/$O$23)) -> 0 | R31: =IF(R8="","",(R8/$O$23)) -> 0.99412302 | S31: =IF(S8="","",(S8/$O$23)) -> 1.3429396 | T31: =IF(T8="","",(T8/$O$23)) -> 0.58110605 | U31: =IF(U8="","",(U8/$O$23)) -> 1.0421305 | V31: =IF(V8="","",(V8/$O$23)) -> 0.33756469
B32: =IF(B9="","",(B9/$O$23)) -> 0 | C32: =IF(C9="","",(C9/$O$23)) -> 0.0088989821 | D32: =IF(D9="","",(D9/$O$23)) -> 0.81912651 | E32: =IF(E9="","",(E9/$O$23)) -> 1.143036 | F32: =IF(F9="","",(F9/$O$23)) -> 0.046965449 | G32: =IF(G9="","",(G9/$O$23)) -> 0.86163827 | H32: =IF(H9="","",(H9/$O$23)) -> 2.1098066 | I32: =IF(I9="","",(I9/$O$23)) -> 0 | ... M32: =IF(M9="","",(M9/$O$23)) -> 0.031125429 | O32: =IF(O9="","",(O9/$O$23)) -> 1.147288 | P32: =IF(P9="","",(P9/$O$23)) -> 2.0795719 | Q32: =IF(Q9="","",(Q9/$O$23)) -> 0.045368842 | R32: =IF(R9="","",(R9/$O$23)) -> 0.24933956 | S32: =IF(S9="","",(S9/$O$23)) -> 1.4129466 | T32: =IF(T9="","",(T9/$O$23)) -> 1.3717457 | U32: =IF(U9="","",(U9/$O$23)) -> 0.60066028 | V32: =IF(V9="","",(V9/$O$23)) -> 1.4059971
B33: =IF(B10="","",(B10/$O$23)) -> 0 | C33: =IF(C10="","",(C10/$O$23)) -> 0.11335908 | D33: =IF(D10="","",(D10/$O$23)) -> 0 | E33: =IF(E10="","",(E10/$O$23)) -> 1.7779393 | F33: =IF(F10="","",(F10/$O$23)) -> 0.18854246 | G33: =IF(G10="","",(G10/$O$23)) -> 1.8039808 | H33: =IF(H10="","",(H10/$O$23)) -> 2.0972102 | I33: =IF(I10="","",(I10/$O$23)) -> 0 | ... M33: =IF(M10="","",(M10/$O$23)) -> 0 | O33: =IF(O10="","",(O10/$O$23)) -> 1.5736325 | P33: =IF(P10="","",(P10/$O$23)) -> 1.5500783 | Q33: =IF(Q10="","",(Q10/$O$23)) -> 0 | R33: =IF(R10="","",(R10/$O$23)) -> 0.96888823 | S33: =IF(S10="","",(S10/$O$23)) -> 1.2755628 | T33: =IF(T10="","",(T10/$O$23)) -> 0.70528844 | U33: =IF(U10="","",(U10/$O$23)) -> 1.1054569 | V33: =IF(V10="","",(V10/$O$23)) -> 0
B34: =IF(B11="","",(B11/$O$23)) -> 0 | C34: =IF(C11="","",(C11/$O$23)) -> 0 | D34: =IF(D11="","",(D11/$O$23)) -> 0.0027730539 | E34: =IF(E11="","",(E11/$O$23)) -> 2.1035463 | F34: =IF(F11="","",(F11/$O$23)) -> 1.4868443 | G34: =IF(G11="","",(G11/$O$23)) -> 2.3778265 | H34: =IF(H11="","",(H11/$O$23)) -> 2.5839316 | I34: =IF(I11="","",(I11/$O$23)) -> 0 | ... M34: =IF(M11="","",(M11/$O$23)) -> 0 | O34: =IF(O11="","",(O11/$O$23)) -> 0 | P34: =IF(P11="","",(P11/$O$23)) -> 1.6351943 | Q34: =IF(Q11="","",(Q11/$O$23)) -> 0.018327365 | R34: =IF(R11="","",(R11/$O$23)) -> 0.9075113 | S34: =IF(S11="","",(S11/$O$23)) -> 1.879223 | T34: =IF(T11="","",(T11/$O$23)) -> 0.55524942 | U34: =IF(U11="","",(U11/$O$23)) -> 0.13506453 | V34: =IF(V11="","",(V11/$O$23)) -> 0.86731882
B35: =IF(B12="","",(B12/$O$23)) -> 0.00073107785 | C35: =IF(C12="","",(C12/$O$23)) -> 0 | D35: =IF(D12="","",(D12/$O$23)) -> 0.0054368663 | E35: =IF(E12="","",(E12/$O$23)) -> 0.81337872 | F35: =IF(F12="","",(F12/$O$23)) -> 0.13292172 | G35: =IF(G12="","",(G12/$O$23)) -> 0.67809571 | H35: =IF(H12="","",(H12/$O$23)) -> 2.3933052 | I35: =IF(I12="","",(I12/$O$23)) -> 0.0071931338 | ... M35: =IF(M12="","",(M12/$O$23)) -> 0.036528683 | O35: =IF(O12="","",(O12/$O$23)) -> 1.119734 | P35: =IF(P12="","",(P12/$O$23)) -> 2.0742863 | Q35: =IF(Q12="","",(Q12/$O$23)) -> 0 | R35: =IF(R12="","",(R12/$O$23)) -> 0.92456138 | S35: =IF(S12="","",(S12/$O$23)) -> 1.0883648 | T35: =IF(T12="","",(T12/$O$23)) -> 0 | U35: =IF(U12="","",(U12/$O$23)) -> 0.99313984 | V35: =IF(V12="","",(V12/$O$23)) -> 0.35752228
B36: =IF(B13="","",(B13/$O$23)) | C36: =IF(C13="","",(C13/$O$23)) | D36: =IF(D13="","",(D13/$O$23)) | E36: =IF(E13="","",(E13/$O$23)) | F36: =IF(F13="","",(F13/$O$23)) | G36: =IF(G13="","",(G13/$O$23)) | H36: =IF(H13="","",(H13/$O$23)) | I36: =IF(I13="","",(I13/$O$23)) | ... M36: =IF(M13="","",(M13/$O$23)) | O36: =IF(O13="","",(O13/$O$23)) -> 1.6185307 | P36: =IF(P13="","",(P13/$O$23)) | Q36: =IF(Q13="","",(Q13/$O$23)) | R36: =IF(R13="","",(R13/$O$23)) | S36: =IF(S13="","",(S13/$O$23)) | T36: =IF(T13="","",(T13/$O$23)) | U36: =IF(U13="","",(U13/$O$23)) | V36: =IF(V13="","",(V13/$O$23))
B37: =IF(B14="","",(B14/$O$23)) | C37: =IF(C14="","",(C14/$O$23)) | D37: =IF(D14="","",(D14/$O$23)) | E37: =IF(E14="","",(E14/$O$23)) | F37: =IF(F14="","",(F14/$O$23)) | G37: =IF(G14="","",(G14/$O$23)) | H37: =IF(H14="","",(H14/$O$23)) | I37: =IF(I14="","",(I14/$O$23)) | ... M37: =IF(M14="","",(M14/$O$23)) | O37: =IF(O14="","",(O14/$O$23)) -> 1.8206443 | P37: =IF(P14="","",(P14/$O$23)) | Q37: =IF(Q14="","",(Q14/$O$23)) | R37: =IF(R14="","",(R14/$O$23)) | S37: =IF(S14="","",(S14/$O$23)) | T37: =IF(T14="","",(T14/$O$23)) | U37: =IF(U14="","",(U14/$O$23)) | V37: =IF(V14="","",(V14/$O$23))
B38: =IF(B15="","",(B15/$O$23)) | C38: =IF(C15="","",(C15/$O$23)) | D38: =IF(D15="","",(D15/$O$23)) | E38: =IF(E15="","",(E15/$O$23)) | F38: =IF(F15="","",(F15/$O$23)) | G38: =IF(G15="","",(G15/$O$23)) | H38: =IF(H15="","",(H15/$O$23)) | I38: =IF(I15="","",(I15/$O$23)) | ... M38: =IF(M15="","",(M15/$O$23)) | O38: =IF(O15="","",(O15/$O$23)) -> 2.2038636 | P38: =IF(P15="","",(P15/$O$23)) | Q38: =IF(Q15="","",(Q15/$O$23)) | R38: =IF(R15="","",(R15/$O$23)) | S38: =IF(S15="","",(S15/$O$23)) | T38: =IF(T15="","",(T15/$O$23)) | U38: =IF(U15="","",(U15/$O$23)) | V38: =IF(V15="","",(V15/$O$23))
B39: =IF(B16="","",(B16/$O$23)) | C39: =IF(C16="","",(C16/$O$23)) | D39: =IF(D16="","",(D16/$O$23)) | E39: =IF(E16="","",(E16/$O$23)) | F39: =IF(F16="","",(F16/$O$23)) | G39: =IF(G16="","",(G16/$O$23)) | H39: =IF(H16="","",(H16/$O$23)) | I39: =IF(I16="","",(I16/$O$23)) | ... M39: =IF(M16="","",(M16/$O$23)) | O39: =IF(O16="","",(O16/$O$23)) -> 0.54395553 | P39: =IF(P16="","",(P16/$O$23)) | Q39: =IF(Q16="","",(Q16/$O$23)) | R39: =IF(R16="","",(R16/$O$23)) | S39: =IF(S16="","",(S16/$O$23)) | T39: =IF(T16="","",(T16/$O$23)) | U39: =IF(U16="","",(U16/$O$23)) | V39: =IF(V16="","",(V16/$O$23))
B40: =IF(B17="","",(B17/$O$23)) | C40: =IF(C17="","",(C17/$O$23)) | D40: =IF(D17="","",(D17/$O$23)) | E40: =IF(E17="","",(E17/$O$23)) | F40: =IF(F17="","",(F17/$O$23)) | G40: =IF(G17="","",(G17/$O$23)) | H40: =IF(H17="","",(H17/$O$23)) | I40: =IF(I17="","",(I17/$O$23)) | ... M40: =IF(M17="","",(M17/$O$23)) | O40: =IF(O17="","",(O17/$O$23)) -> 1.4561642 | P40: =IF(P17="","",(P17/$O$23)) | Q40: =IF(Q17="","",(Q17/$O$23)) | R40: =IF(R17="","",(R17/$O$23)) | S40: =IF(S17="","",(S17/$O$23)) | T40: =IF(T17="","",(T17/$O$23)) | U40: =IF(U17="","",(U17/$O$23)) | V40: =IF(V17="","",(V17/$O$23))
... B43: =IF(B20="","",(B20/$O$23)) | C43: =IF(C20="","",(C20/$O$23)) | D43: =IF(D20="","",(D20/$O$23)) | E43: =IF(E20="","",(E20/$O$23)) | F43: =IF(F20="","",(F20/$O$23)) | G43: =IF(G20="","",(G20/$O$23)) | H43: =IF(H20="","",(H20/$O$23)) | I43: =IF(I20="","",(I20/$O$23)) | ... M43: =IF(M20="","",(M20/$O$23)) | O43: =IF(O20="","",(O20/$O$23)) -> 0.22253337 | P43: =IF(P20="","",(P20/$O$23)) | Q43: =IF(Q20="","",(Q20/$O$23)) | R43: =IF(R20="","",(R20/$O$23)) | S43: =IF(S20="","",(S20/$O$23)) | T43: =IF(T20="","",(T20/$O$23)) | U43: =IF(U20="","",(U20/$O$23)) | V43: =IF(V20="","",(V20/$O$23))
A45: =A4 -> Group names | B45: =B4 -> Solvent control | C45: =C4 -> EE2-33.8ng/L | D45: =D4 -> EE2-50.6ng/L | E45: =E4 -> EE2-76ng/L | F45: =F4 -> EE2-114ng/L | G45: =G4 -> EE2-170.9ng/L | H45: =H4 -> EE2-488ng/L | ... M45: =M4 -> saccharin-100mg/L | O45: =O4 -> Testo -30µg/L | P45: =P4 -> Testo 30µg/L + EE2 -64ng/L | Q45: =Q4 -> Testo 30µg/L + FAD-10mg/L | R45: =R4 -> saccharin-0.01mg/L + Testostérone | S45: =S4 -> saccharin-0.1mg/L + Testostérone | T45: =T4 -> saccharin-1mg/L + Testostérone | U45: =U4 -> saccharin-10mg/L + Testostérone | V45: =V4 -> saccharin-100mg/L + Testostérone
A46: mean | B46: =AVERAGE(B28:B43) -> 9.1384731e-05 | C46: =AVERAGE(C28:C43) -> 0.015456624 | D46: =AVERAGE(D28:D43) -> 0.10586553 | E46: =AVERAGE(E28:E43) -> 1.5633806 | F46: =AVERAGE(F28:F43) -> 0.78410935 | G46: =AVERAGE(G28:G43) -> 1.5402077 | H46: =AVERAGE(H28:H43) -> 2.2499404 | I46: =AVERAGE(I28:I43) -> 0.011701447 | ... M46: =AVERAGE(M28:M43) -> 0.0088874277 | N46: mean | O46: =AVERAGE(O28:O43) -> 1 | P46: =AVERAGE(P28:P43) -> 1.8147505 | Q46: =AVERAGE(Q28:Q43) -> 0.019243313 | R46: =AVERAGE(R28:R43) -> 0.84562283 | S46: =AVERAGE(S28:S43) -> 1.0185879 | T46: =AVERAGE(T28:T43) -> 0.61284071 | U46: =AVERAGE(U28:U43) -> 0.73676681 | V46: =AVERAGE(V28:V43) -> 0.83688351
A47: SD | B47: =STDEV(B28:B43) -> 0.00025847505 | C47: =STDEV(C28:C43) -> 0.03967756 | D47: =STDEV(D28:D43) -> 0.28827791 | E47: =STDEV(E28:E43) -> 0.47315219 | F47: =STDEV(F28:F43) -> 0.77666295 | G47: =STDEV(G28:G43) -> 0.58192943 | H47: =STDEV(H28:H43) -> 0.31291244 | I47: =STDEV(I28:I43) -> 0.020910737 | ... M47: =STDEV(M28:M43) -> 0.015506295 | N47: SD | O47: =STDEV(O28:O43) -> 0.68269257 | P47: =STDEV(P28:P43) -> 0.38202334 | Q47: =STDEV(Q28:Q43) -> 0.031584273 | R47: =STDEV(R28:R43) -> 0.29390022 | S47: =STDEV(S28:S43) -> 0.57535981 | T47: =STDEV(T28:T43) -> 0.41828126 | U47: =STDEV(U28:U43) -> 0.39833139 | V47: =STDEV(V28:V43) -> 0.54990188
A48: SEM | B48: =B47/SQRT(COUNT(B28:B43)) -> 9.1384731e-05 | C48: =C47/SQRT(COUNT(C28:C43)) -> 0.014028136 | D48: =D47/SQRT(COUNT(D28:D43)) -> 0.10192163 | E48: =E47/SQRT(COUNT(E28:E43)) -> 0.16728456 | F48: =F47/SQRT(COUNT(F28:F43)) -> 0.27459182 | G48: =G47/SQRT(COUNT(G28:G43)) -> 0.20574312 | H48: =H47/SQRT(COUNT(H28:H43)) -> 0.11063125 | I48: =I47/SQRT(COUNT(I28:I43)) -> 0.007393062 | ... M48: =M47/SQRT(COUNT(M28:M43)) -> 0.005482303 | N48: SEM | O48: =O47/SQRT(COUNT(O28:O43)) -> 0.17067314 | P48: =P47/SQRT(COUNT(P28:P43)) -> 0.13506565 | Q48: =Q47/SQRT(COUNT(Q28:Q43)) -> 0.011166727 | R48: =R47/SQRT(COUNT(R28:R43)) -> 0.10390942 | S48: =S47/SQRT(COUNT(S28:S43)) -> 0.20342041 | T48: =T47/SQRT(COUNT(T28:T43)) -> 0.14788476 | U48: =U47/SQRT(COUNT(U28:U43)) -> 0.14083141 | V48: =V47/SQRT(COUNT(V28:V43)) -> 0.19441968
A52: =A27 -> Group names | B52: =B27 -> Solvent control | C52: =C27 -> EE2-33.8ng/L | D52: =D27 -> EE2-50.6ng/L | E52: =E27 -> EE2-76ng/L | F52: =F27 -> EE2-114ng/L | G52: =G27 -> EE2-170.9ng/L | H52: =H27 -> EE2-488ng/L | I52: =I4 -> saccharin-0.01mg/L | J52: =J4 -> saccharin-0.1mg/L | K52: =K4 -> saccharin-1mg/L | L52: =L4 -> saccharin-10mg/L | M52: =M4 -> saccharin-100mg/L | O52: =O27 -> Testo -30µg/L | P52: =P27 -> Testo 30µg/L + EE2 -64ng/L | Q52: =Q27 -> Testo 30µg/L + FAD-10mg/L | R52: =R27 -> saccharin-0.01mg/L + Testostérone | S52: =S27 -> saccharin-0.1mg/L + Testostérone | T52: =T27 -> saccharin-1mg/L + Testostérone | U52: =U27 -> saccharin-10mg/L + Testostérone | V52: =V27 -> saccharin-100mg/L + Testostérone
A53: Mean | B53: =B46 -> 9.1384731e-05 | C53: =C46 -> 0.015456624 | D53: =D46 -> 0.10586553 | E53: =E46 -> 1.5633806 | F53: =F46 -> 0.78410935 | G53: =G46 -> 1.5402077 | H53: =H46 -> 2.2499404 | I53: =I46 -> 0.011701447 | ... M53: =M46 -> 0.0088874277 | O53: =O46 -> 1 | P53: =P46 -> 1.8147505 | Q53: =Q46 -> 0.019243313 | R53: =R46 -> 0.84562283 | S53: =S46 -> 1.0185879 | T53: =T46 -> 0.61284071 | U53: =U46 -> 0.73676681 | V53: =V46 -> 0.83688351
A54: SEM | B54: =B48 -> 9.1384731e-05 | C54: =C48 -> 0.014028136 | D54: =D48 -> 0.10192163 | E54: =E48 -> 0.16728456 | F54: =F48 -> 0.27459182 | G54: =G48 -> 0.20574312 | H54: =H48 -> 0.11063125 | I54: =I48 -> 0.007393062 | ... M54: =M48 -> 0.005482303 | O54: =O48 -> 0.17067314 | P54: =P48 -> 0.13506565 | Q54: =Q48 -> 0.011166727 | R54: =R48 -> 0.10390942 | S54: =S48 -> 0.20342041 | T54: =T48 -> 0.14788476 | U54: =U48 -> 0.14083141 | V54: =V48 -> 0.19441968
A55: % induction | B55: =(B53*100/$B53)-100 -> 0 | C55: =(C53*100/$B53)-100 -> 16813.793 | D55: =(D53*100/$B53)-100 -> 115745.98 | E55: =(E53*100/$B53)-100 -> 1710667.8 | F55: =(F53*100/$B53)-100 -> 857931.03 | G55: =(G53*100/$B53)-100 -> 1685310.3 | H55: =(H53*100/$B53)-100 -> 2461952.9 | I55: =(I53*100/$B53)-100 -> 12704.598 | ... M55: =(M53*100/$B53)-100 -> 9625.2874 | O55: =(O53*100/$O53)-100 -> 0 | P55: =(P53*100/$O53)-100 -> 81.475055 | Q55: =(Q53*100/$O53)-100 -> -98.075669 | R55: =(R53*100/$O53)-100 -> -15.437717 | S55: =(S53*100/$O53)-100 -> 1.8587864 | T55: =(T53*100/$O53)-100 -> -38.715929 | U55: =(U53*100/$O53)-100 -> -26.323319 | V55: =(V53*100/$O53)-100 -> -16.311649
A56: Normality test : p value | B56: =[1]!SWTEST(B28:B43) -> 1.0472313e-06 | C56: =[1]!SWTEST(C28:C43) -> 3.9872557e-06 | D56: =[1]!SWTEST(D28:D43) -> 1.6661186e-06 | E56: =[1]!SWTEST(E28:E43) -> 0.79270396 | F56: =[1]!SWTEST(F28:F43) -> 0.052520313 | G56: =[1]!SWTEST(G28:G43) -> 0.91966016 | H56: =[1]!SWTEST(H28:H43) -> 0.45443494 | I56: =[1]!SWTEST(I28:I43) -> 0.00034058028 | ... M56: =[1]!SWTEST(M28:M43) -> 0.00035078831 | O56: =[1]!SWTEST(O28:O43) -> 0.60544598 | P56: =[1]!SWTEST(P28:P43) -> 0.27696984 | Q56: =[1]!SWTEST(Q28:Q43) -> 0.0027404489 | R56: =[1]!SWTEST(R28:R43) -> 0.032864597 | S56: =[1]!SWTEST(S28:S43) -> 0.48222314 | T56: =[1]!SWTEST(T28:T43) -> 0.89350642 | U56: =[1]!SWTEST(U28:U43) -> 0.059555251 | V56: =[1]!SWTEST(V28:V43) -> 0.35982074
A57: Normality test : normal distibution? | B57: =IF(B56>0.05,"Oui","Non") -> Non | C57: =IF(C56>0.05,"Oui","Non") -> Non | D57: =IF(D56>0.05,"Oui","Non") -> Non | E57: =IF(E56>0.05,"Oui","Non") -> Oui | F57: =IF(F56>0.05,"Oui","Non") -> Oui | G57: =IF(G56>0.05,"Oui","Non") -> Oui | H57: =IF(H56>0.05,"Oui","Non") -> Oui | I57: =IF(I56>0.05,"Oui","Non") -> Non | ... M57: =IF(M56>0.05,"Oui","Non") -> Non | O57: =IF(O56>0.05,"Oui","Non") -> Oui | P57: =IF(P56>0.05,"Oui","Non") -> Oui | Q57: =IF(Q56>0.05,"Oui","Non") -> Non | R57: =IF(R56>0.05,"Oui","Non") -> Non | S57: =IF(S56>0.05,"Oui","Non") -> Oui | T57: =IF(T56>0.05,"Oui","Non") -> Oui | U57: =IF(U56>0.05,"Oui","Non") -> Oui | V57: =IF(V56>0.05,"Oui","Non") -> Oui
A59: Statistical test used | C59: =IF($B57="Non",IF(C57="Non","MW",IF(C57="Oui","MW","")),IF($B57="Oui",IF(C57="Oui","T-Test Welch",IF(C57="Non","MW","")))) -> MW | D59: =IF($B57="Non",IF(D57="Non","MW",IF(D57="Oui","MW","")),IF($B57="Oui",IF(D57="Oui","T-Test Welch",IF(D57="Non","MW","")))) -> MW | E59: =IF($B57="Non",IF(E57="Non","MW",IF(E57="Oui","MW","")),IF($B57="Oui",IF(E57="Oui","T-Test Welch",IF(E57="Non","MW","")))) -> MW | F59: =IF($B57="Non",IF(F57="Non","MW",IF(F57="Oui","MW","")),IF($B57="Oui",IF(F57="Oui","T-Test Welch",IF(F57="Non","MW","")))) -> MW | G59: =IF($B57="Non",IF(G57="Non","MW",IF(G57="Oui","MW","")),IF($B57="Oui",IF(G57="Oui","T-Test Welch",IF(G57="Non","MW","")))) -> MW | H59: =IF($B57="Non",IF(H57="Non","MW",IF(H57="Oui","MW","")),IF($B57="Oui",IF(H57="Oui","T-Test Welch",IF(H57="Non","MW","")))) -> MW | I59: =IF($B57="Non",IF(I57="Non","MW",IF(I57="Oui","MW","")),IF($B57="Oui",IF(I57="Oui","T-Test Welch",IF(I57="Non","MW","")))) -> MW | J59: =IF($B57="Non",IF(J57="Non","MW",IF(J57="Oui","MW","")),IF($B57="Oui",IF(J57="Oui","T-Test Welch",IF(J57="Non","MW","")))) -> MW | ... M59: =IF($B57="Non",IF(M57="Non","MW",IF(M57="Oui","MW","")),IF($B57="Oui",IF(M57="Oui","T-Test Welch",IF(M57="Non","MW","")))) -> MW | O59: =IF($B57="Non",IF(O57="Non","MW",IF(O57="Oui","MW","")),IF($B57="Oui",IF(O57="Oui","T-Test Welch",IF(O57="Non","MW","")))) -> MW | P59: =IF($O57="Non",IF(P57="Non","MW",IF(P57="Oui","MW","")),IF($O57="Oui",IF(P57="Oui","T-Test Welch",IF(P57="Non","MW","")))) -> T-Test Welch | Q59: =IF($O57="Non",IF(Q57="Non","MW",IF(Q57="Oui","MW","")),IF($O57="Oui",IF(Q57="Oui","T-Test Welch",IF(Q57="Non","MW","")))) -> MW | R59: =IF($O57="Non",IF(R57="Non","MW",IF(R57="Oui","MW","")),IF($O57="Oui",IF(R57="Oui","T-Test Welch",IF(R57="Non","MW","")))) -> MW | S59: =IF($O57="Non",IF(S57="Non","MW",IF(S57="Oui","MW","")),IF($O57="Oui",IF(S57="Oui","T-Test Welch",IF(S57="Non","MW","")))) -> T-Test Welch | T59: =IF($O57="Non",IF(T57="Non","MW",IF(T57="Oui","MW","")),IF($O57="Oui",IF(T57="Oui","T-Test Welch",IF(T57="Non","MW","")))) -> T-Test Welch | U59: =IF($O57="Non",IF(U57="Non","MW",IF(U57="Oui","MW","")),IF($O57="Oui",IF(U57="Oui","T-Test Welch",IF(U57="Non","MW","")))) -> T-Test Welch | V59: =IF($O57="Non",IF(V57="Non","MW",IF(V57="Oui","MW","")),IF($O57="Oui",IF(V57="Oui","T-Test Welch",IF(V57="Non","MW","")))) -> T-Test Welch
A60: Statistical test : p value | C60: =IF(C59="MW",[1]!MTEST($B28:$B43,C28:C43,2), IF(C59="T-Test Welch",_xlfn.T.TEST($B28:$B43,C28:C43,2,3),"")) -> 0.31842507 | D60: =IF(D59="MW",[1]!MTEST($B28:$B43,D28:D43,2), IF(D59="T-Test Welch",_xlfn.T.TEST($B28:$B43,D28:D43,2,3),"")) -> 0.14148212 | E60: =IF(E59="MW",[1]!MTEST($B28:$B43,E28:E43,2), IF(E59="T-Test Welch",_xlfn.T.TEST($B28:$B43,E28:E43,2,3),"")) -> 0.00077753045 | F60: =IF(F59="MW",[1]!MTEST($B28:$B43,F28:F43,2), IF(F59="T-Test Welch",_xlfn.T.TEST($B28:$B43,F28:F43,2,3),"")) -> 0.00077753045 | G60: =IF(G59="MW",[1]!MTEST($B28:$B43,G28:G43,2), IF(G59="T-Test Welch",_xlfn.T.TEST($B28:$B43,G28:G43,2,3),"")) -> 0.00077753045 | H60: =IF(H59="MW",[1]!MTEST($B28:$B43,H28:H43,2), IF(H59="T-Test Welch",_xlfn.T.TEST($B28:$B43,H28:H43,2,3),"")) -> 0.00077753045 | I60: =IF(I59="MW",[1]!MTEST($B28:$B43,I28:I43,2), IF(I59="T-Test Welch",_xlfn.T.TEST($B28:$B43,I28:I43,2,3),"")) -> 0.052029618 | J60: =IF(J59="MW",[1]!MTEST($B28:$B43,J28:J43,2), IF(J59="T-Test Welch",_xlfn.T.TEST($B28:$B43,J28:J43,2,3),"")) -> 0.31842507 | ... M60: =IF(M59="MW",[1]!MTEST($B28:$B43,M28:M43,2), IF(M59="T-Test Welch",_xlfn.T.TEST($B28:$B43,M28:M43,2,3),"")) -> 0.31842507 | O60: =IF(O59="MW",[1]!MTEST($B28:$B43,O28:O43,2), IF(O59="T-Test Welch",_xlfn.T.TEST($B28:$B43,O28:O43,2,3),"")) -> 0.00075702306 | P60: =IF(P59="MW",[1]!MTEST($O28:$O43,P28:P43,2), IF(P59="T-Test Welch",_xlfn.T.TEST($O28:$O43,P28:P43,2,3),"")) -> 0.0011565689 | Q60: =IF(Q59="MW",[1]!MTEST($O28:$O43,Q28:Q43,2), IF(Q59="T-Test Welch",_xlfn.T.TEST($O28:$O43,Q28:Q43,2,3),"")) -> 0.0014508616 | R60: =IF(R59="MW",[1]!MTEST($O28:$O43,R28:R43,2), IF(R59="T-Test Welch",_xlfn.T.TEST($O28:$O43,R28:R43,2,3),"")) -> 0.62420611 | S60: =IF(S59="MW",[1]!MTEST($O28:$O43,S28:S43,2), IF(S59="T-Test Welch",_xlfn.T.TEST($O28:$O43,S28:S43,2,3),"")) -> 0.94503361 | T60: =IF(T59="MW",[1]!MTEST($O28:$O43,T28:T43,2), IF(T59="T-Test Welch",_xlfn.T.TEST($O28:$O43,T28:T43,2,3),"")) -> 0.10130446 | U60: =IF(U59="MW",[1]!MTEST($O28:$O43,U28:U43,2), IF(U59="T-Test Welch",_xlfn.T.TEST($O28:$O43,U28:U43,2,3),"")) -> 0.24731299 | V60: =IF(V59="MW",[1]!MTEST($O28:$O43,V28:V43,2), IF(V59="T-Test Welch",_xlfn.T.TEST($O28:$O43,V28:V43,2,3),"")) -> 0.53665604
A61: Annotation | C61: =IF(C60>0.05,"NS",IF(C60>0.01,"*",IF(C60>0.001,"**","***"))) -> NS | D61: =IF(D60>0.05,"NS",IF(D60>0.01,"*",IF(D60>0.001,"**","***"))) -> NS | E61: =IF(E60>0.05,"NS",IF(E60>0.01,"*",IF(E60>0.001,"**","***"))) -> *** | F61: =IF(F60>0.05,"NS",IF(F60>0.01,"*",IF(F60>0.001,"**","***"))) -> *** | G61: =IF(G60>0.05,"NS",IF(G60>0.01,"*",IF(G60>0.001,"**","***"))) -> *** | H61: =IF(H60>0.05,"NS",IF(H60>0.01,"*",IF(H60>0.001,"**","***"))) -> *** | I61: =IF(I60>0.05,"NS",IF(I60>0.01,"*",IF(I60>0.001,"**","***"))) -> NS | J61: =IF(J60>0.05,"NS",IF(J60>0.01,"*",IF(J60>0.001,"**","***"))) -> NS | ... M61: =IF(M60>0.05,"NS",IF(M60>0.01,"*",IF(M60>0.001,"**","***"))) -> NS | O61: =IF(O60>0.05,"NS",IF(O60>0.01,"*",IF(O60>0.001,"**","***"))) -> *** | P61: =IF(P60>0.05,"NS",IF(P60>0.01,"*",IF(P60>0.001,"**","***"))) -> ** | Q61: =IF(Q60>0.05,"NS",IF(Q60>0.01,"*",IF(Q60>0.001,"**","***"))) -> ** | R61: =IF(R60>0.05,"NS",IF(R60>0.01,"*",IF(R60>0.001,"**","***"))) -> NS | S61: =IF(S60>0.05,"NS",IF(S60>0.01,"*",IF(S60>0.001,"**","***"))) -> NS | T61: =IF(T60>0.05,"NS",IF(T60>0.01,"*",IF(T60>0.001,"**","***"))) -> NS | U61: =IF(U60>0.05,"NS",IF(U60>0.01,"*",IF(U60>0.001,"**","***"))) -> NS | V61: =IF(V60>0.05,"NS",IF(V60>0.01,"*",IF(V60>0.001,"**","***"))) -> NS

Sheet R3
A3: R3 | B3: Unspiked | O3: Testosterone spiked
A4: Group names | B4: ='Front page'!A7 -> Solvent control | C4: ='Front page'!A8 -> EE2-33.8ng/L | D4: ='Front page'!A9 -> EE2-50.6ng/L | E4: ='Front page'!A10 -> EE2-76ng/L | F4: ='Front page'!A11 -> EE2-114ng/L | G4: ='Front page'!A12 -> EE2-170.9ng/L | H4: ='Front page'!A13 -> EE2-488ng/L | I4: ='Front page'!A14 -> saccharin-0.01mg/L | J4: ='Front page'!A15 -> saccharin-0.1mg/L | K4: ='Front page'!A16 -> saccharin-1mg/L | L4: ='Front page'!A17 -> saccharin-10mg/L | M4: ='Front page'!A18 -> saccharin-100mg/L | O4: ='Front page'!A35 -> Testo -30µg/L | P4: ='Front page'!A36 -> Testo 30µg/L + EE2 -64ng/L | Q4: ='Front page'!A37 -> Testo 30µg/L + FAD-10mg/L | R4: ='Front page'!A38 -> saccharin-0.01mg/L + Testostérone | S4: ='Front page'!A39 -> saccharin-0.1mg/L + Testostérone | T4: ='Front page'!A40 -> saccharin-1mg/L + Testostérone | U4: ='Front page'!A41 -> saccharin-10mg/L + Testostérone | V4: ='Front page'!A42 -> saccharin-100mg/L + Testostérone
A5: Raw data | B5: 0 | C5: 0 | D5: 0 | E5: 0 | F5: 52475 | G5: 54307 | H5: 106122 | I5: 0 | J5: 0 | K5: 0 | L5: 0 | M5: 0 | O5: 47835 | P5: 5883 | Q5: 0 | R5: 96860 | S5: 66062 | T5: 42480 | U5: 0 | V5: 163
B6: 0 | C6: 0 | D6: 0 | E6: 0 | F6: 211081 | G6: 92689 | H6: 192967 | I6: 0 | J6: 0 | K6: 0 | L6: 0 | M6: 0 | O6: 10534 | P6: 1529 | Q6: 0 | R6: 7005 | S6: 8986 | T6: 18706 | U6: 114151 | V6: 48290
B7: 0 | C7: 0 | D7: 0 | E7: 0 | F7: 0 | G7: 136990 | H7: 172745 | I7: 0 | J7: 0 | K7: 0 | L7: 0 | M7: 0 | O7: 44609 | P7: 126357 | Q7: 0 | R7: 2011 | S7: 45794 | T7: 90455 | U7: 11776 | V7: 40156
B8: 0 | C8: 0 | D8: 0 | E8: 0 | F8: 0 | G8: 70243 | H8: 209811 | I8: 0 | J8: 0 | K8: 0 | L8: 0 | M8: 0 | O8: 57787 | P8: 90174 | Q8: 0 | R8: 1702 | S8: 0 | T8: 0 | U8: 18398 | V8: 0
B9: 0 | C9: 81 | D9: 0 | E9: 0 | F9: 106698 | G9: 69626 | H9: 172250 | I9: 0 | J9: 0 | K9: 0 | L9: 0 | M9: 0 | O9: 0 | P9: 153928 | Q9: 0 | R9: 0 | S9: 0 | T9: 320 | U9: 651 | V9: 88565
B10: 0 | C10: 0 | D10: 83 | E10: 82 | F10: 123728 | G10: 157763 | H10: 259945 | I10: 0 | J10: 0 | K10: 0 | L10: 0 | M10: 0 | O10: 60007 | P10: 129585 | Q10: 0 | R10: 3134 | S10: 35224 | T10: 0 | U10: 2285 | V10: 17754
B11: 0 | C11: 0 | D11: 0 | E11: 0 | F11: 3823 | G11: 149843 | H11: 103603 | I11: 0 | J11: 0 | K11: 0 | L11: 0 | M11: 0 | O11: 2507 | P11: 145089 | Q11: 0 | R11: 0 | S11: 0 | T11: 0 | U11: 15190 | V11: 4885
B12: 0 | C12: 0 | D12: 0 | E12: 0 | F12: 0 | G12: 159596 | H12: 208410 | I12: 0 | K12: 0 | L12: 0 | M12: 0 | O12: 40737 | P12: 90735 | Q12: 4885 | R12: 0 | S12: 11039 | T12: 0 | U12: 9549 | V12: 484
O13: 322
O14: 44157
O15: 15081
O16: 94613
O17: 100512
O18: 405
O19: 77951
O20: 97388
A22: =A4 -> Group names | B22: =B4 -> Solvent control | C22: =C4 -> EE2-33.8ng/L | D22: =D4 -> EE2-50.6ng/L | E22: =E4 -> EE2-76ng/L | F22: =F4 -> EE2-114ng/L | G22: =G4 -> EE2-170.9ng/L | H22: =H4 -> EE2-488ng/L | ... M22: =M4 -> saccharin-100mg/L | N22: Noms des groupes | O22: =O4 -> Testo -30µg/L | P22: =P4 -> Testo 30µg/L + EE2 -64ng/L | Q22: =Q4 -> Testo 30µg/L + FAD-10mg/L | R22: =R4 -> saccharin-0.01mg/L + Testostérone | S22: =S4 -> saccharin-0.1mg/L + Testostérone | T22: =T4 -> saccharin-1mg/L + Testostérone | U22: =U4 -> saccharin-10mg/L + Testostérone | V22: =V4 -> saccharin-100mg/L + Testostérone
A23: mean | B23: =AVERAGE(B5:B20) -> 0 | C23: =AVERAGE(C5:C20) -> 10.125 | D23: =AVERAGE(D5:D20) -> 10.375 | E23: =AVERAGE(E5:E20) -> 10.25 | F23: =AVERAGE(F5:F20) -> 62225.625 | G23: =AVERAGE(G5:G20) -> 111382.12 | H23: =AVERAGE(H5:H20) -> 178231.62 | I23: =AVERAGE(I5:I20) -> 0 | J23: =AVERAGE(J5:J20) -> 0 | L23: =AVERAGE(L5:L20) -> 0 | N23: mean | O23: =AVERAGE(O5:O20) -> 43402.812 | P23: =AVERAGE(P5:P20) -> 92910 | Q23: =AVERAGE(Q5:Q20) -> 610.625 | R23: =AVERAGE(R5:R20) -> 13839 | S23: =AVERAGE(S5:S20) -> 20888.125 | T23: =AVERAGE(T5:T20) -> 18995.125 | U23: =AVERAGE(U5:U20) -> 21500 | V23: =AVERAGE(V5:V20) -> 25037.125
A24: SD | B24: =STDEV(B5:B20) -> 0 | C24: =STDEV(C5:C20) -> 28.637825 | D24: =STDEV(D5:D20) -> 29.344931 | E24: =STDEV(E5:E20) -> 28.991378 | F24: =STDEV(F5:F20) -> 78413.085 | G24: =STDEV(G5:G20) -> 44164.902 | H24: =STDEV(H5:H20) -> 52965.367 | I24: =STDEV(I5:I20) -> 0 | J24: =STDEV(J5:J20) -> 0 | L24: =STDEV(L5:L20) -> 0 | N24: SD | O24: =STDEV(O5:O20) -> 36190.996 | P24: =STDEV(P5:P20) -> 59577.086 | Q24: =STDEV(Q5:Q20) -> 1727.1083 | R24: =STDEV(R5:R20) -> 33627.262 | S24: =STDEV(S5:S20) -> 25111.483 | T24: =STDEV(T5:T20) -> 32623.734 | U24: =STDEV(U5:U20) -> 38054.802 | V24: =STDEV(V5:V20) -> 31876.223
B26: Unspiked | O26: Testosterone spiked
A27: =A4 -> Group names | B27: =B4 -> Solvent control | C27: =C4 -> EE2-33.8ng/L | D27: =D4 -> EE2-50.6ng/L | E27: =E4 -> EE2-76ng/L | F27: =F4 -> EE2-114ng/L | G27: =G4 -> EE2-170.9ng/L | H27: =H4 -> EE2-488ng/L | ... M27: =M4 -> saccharin-100mg/L | O27: =O4 -> Testo -30µg/L | P27: =P4 -> Testo 30µg/L + EE2 -64ng/L | Q27: =Q4 -> Testo 30µg/L + FAD-10mg/L | R27: =R4 -> saccharin-0.01mg/L + Testostérone | S27: =S4 -> saccharin-0.1mg/L + Testostérone | T27: =T4 -> saccharin-1mg/L + Testostérone | U27: =U4 -> saccharin-10mg/L + Testostérone | V27: =V4 -> saccharin-100mg/L + Testostérone
A28: Data normalised to the "Testo" group | B28: =IF(B5="","",(B5/$O$23)) -> 0 | C28: =IF(C5="","",(C5/$O$23)) -> 0 | D28: =IF(D5="","",(D5/$O$23)) -> 0 | E28: =IF(E5="","",(E5/$O$23)) -> 0 | F28: =IF(F5="","",(F5/$O$23)) -> 1.209023 | G28: =IF(G5="","",(G5/$O$23)) -> 1.2512323 | H28: =IF(H5="","",(H5/$O$23)) -> 2.4450489 | I28: =IF(I5="","",(I5/$O$23)) -> 0 | ... M28: =IF(M5="","",(M5/$O$23)) -> 0 | O28: =IF(O5="","",(O5/$O$23)) -> 1.1021175 | P28: =IF(P5="","",(P5/$O$23)) -> 0.13554421 | Q28: =IF(Q5="","",(Q5/$O$23)) -> 0 | R28: =IF(R5="","",(R5/$O$23)) -> 2.2316526 | S28: =IF(S5="","",(S5/$O$23)) -> 1.5220673 | T28: =IF(T5="","",(T5/$O$23)) -> 0.97873842 | U28: =IF(U5="","",(U5/$O$23)) -> 0 | V28: =IF(V5="","",(V5/$O$23)) -> 0.003755517
B29: =IF(B6="","",(B6/$O$23)) -> 0 | C29: =IF(C6="","",(C6/$O$23)) -> 0 | D29: =IF(D6="","",(D6/$O$23)) -> 0 | E29: =IF(E6="","",(E6/$O$23)) -> 0 | F29: =IF(F6="","",(F6/$O$23)) -> 4.8633023 | G29: =IF(G6="","",(G6/$O$23)) -> 2.1355529 | H29: =IF(H6="","",(H6/$O$23)) -> 4.4459561 | I29: =IF(I6="","",(I6/$O$23)) -> 0 | ... M29: =IF(M6="","",(M6/$O$23)) -> 0 | O29: =IF(O6="","",(O6/$O$23)) -> 0.24270317 | P29: =IF(P6="","",(P6/$O$23)) -> 0.035228132 | Q29: =IF(Q6="","",(Q6/$O$23)) -> 0 | R29: =IF(R6="","",(R6/$O$23)) -> 0.16139507 | S29: =IF(S6="","",(S6/$O$23)) -> 0.20703727 | T29: =IF(T6="","",(T6/$O$23)) -> 0.4309859 | U29: =IF(U6="","",(U6/$O$23)) -> 2.6300369 | V29: =IF(V6="","",(V6/$O$23)) -> 1.1126007
B30: =IF(B7="","",(B7/$O$23)) -> 0 | C30: =IF(C7="","",(C7/$O$23)) -> 0 | D30: =IF(D7="","",(D7/$O$23)) -> 0 | E30: =IF(E7="","",(E7/$O$23)) -> 0 | F30: =IF(F7="","",(F7/$O$23)) -> 0 | G30: =IF(G7="","",(G7/$O$23)) -> 3.1562471 | H30: =IF(H7="","",(H7/$O$23)) -> 3.9800416 | I30: =IF(I7="","",(I7/$O$23)) -> 0 | ... M30: =IF(M7="","",(M7/$O$23)) -> 0 | O30: =IF(O7="","",(O7/$O$23)) -> 1.0277905 | P30: =IF(P7="","",(P7/$O$23)) -> 2.911263 | Q30: =IF(Q7="","",(Q7/$O$23)) -> 0 | R30: =IF(R7="","",(R7/$O$23)) -> 0.046333403 | S30: =IF(S7="","",(S7/$O$23)) -> 1.0550929 | T30: =IF(T7="","",(T7/$O$23)) -> 2.0840815 | U30: =IF(U7="","",(U7/$O$23)) -> 0.27131882 | V30: =IF(V7="","",(V7/$O$23)) -> 0.9251935
B31: =IF(B8="","",(B8/$O$23)) -> 0 | C31: =IF(C8="","",(C8/$O$23)) -> 0 | D31: =IF(D8="","",(D8/$O$23)) -> 0 | E31: =IF(E8="","",(E8/$O$23)) -> 0 | F31: =IF(F8="","",(F8/$O$23)) -> 0 | G31: =IF(G8="","",(G8/$O$23)) -> 1.6183974 | H31: =IF(H8="","",(H8/$O$23)) -> 4.8340416 | I31: =IF(I8="","",(I8/$O$23)) -> 0 | ... M31: =IF(M8="","",(M8/$O$23)) -> 0 | O31: =IF(O8="","",(O8/$O$23)) -> 1.3314114 | P31: =IF(P8="","",(P8/$O$23)) -> 2.0776073 | Q31: =IF(Q8="","",(Q8/$O$23)) -> 0 | R31: =IF(R8="","",(R8/$O$23)) -> 0.039214049 | S31: =IF(S8="","",(S8/$O$23)) -> 0 | T31: =IF(T8="","",(T8/$O$23)) -> 0 | U31: =IF(U8="","",(U8/$O$23)) -> 0.42388958 | V31: =IF(V8="","",(V8/$O$23)) -> 0
B32: =IF(B9="","",(B9/$O$23)) -> 0 | C32: =IF(C9="","",(C9/$O$23)) -> 0.0018662385 | D32: =IF(D9="","",(D9/$O$23)) -> 0 | E32: =IF(E9="","",(E9/$O$23)) -> 0 | F32: =IF(F9="","",(F9/$O$23)) -> 2.45832 | G32: =IF(G9="","",(G9/$O$23)) -> 1.6041818 | H32: =IF(H9="","",(H9/$O$23)) -> 3.9686368 | I32: =IF(I9="","",(I9/$O$23)) -> 0 | ... M32: =IF(M9="","",(M9/$O$23)) -> 0 | O32: =IF(O9="","",(O9/$O$23)) -> 0 | P32: =IF(P9="","",(P9/$O$23)) -> 3.5464983 | Q32: =IF(Q9="","",(Q9/$O$23)) -> 0 | R32: =IF(R9="","",(R9/$O$23)) -> 0 | S32: =IF(S9="","",(S9/$O$23)) -> 0 | T32: =IF(T9="","",(T9/$O$23)) -> 0.0073727941 | U32: =IF(U9="","",(U9/$O$23)) -> 0.014999028 | V32: =IF(V9="","",(V9/$O$23)) -> 2.040536
B33: =IF(B10="","",(B10/$O$23)) -> 0 | C33: =IF(C10="","",(C10/$O$23)) -> 0 | D33: =IF(D10="","",(D10/$O$23)) -> 0.0019123185 | E33: =IF(E10="","",(E10/$O$23)) -> 0.0018892785 | F33: =IF(F10="","",(F10/$O$23)) -> 2.8506908 | G33: =IF(G10="","",(G10/$O$23)) -> 3.6348566 | H33: =IF(H10="","",(H10/$O$23)) -> 5.989128 | I33: =IF(I10="","",(I10/$O$23)) -> 0 | ... M33: =IF(M10="","",(M10/$O$23)) -> 0 | O33: =IF(O10="","",(O10/$O$23)) -> 1.3825602 | P33: =IF(P10="","",(P10/$O$23)) -> 2.985636 | Q33: =IF(Q10="","",(Q10/$O$23)) -> 0 | R33: =IF(R10="","",(R10/$O$23)) -> 0.072207302 | S33: =IF(S10="","",(S10/$O$23)) -> 0.81156031 | T33: =IF(T10="","",(T10/$O$23)) -> 0 | U33: =IF(U10="","",(U10/$O$23)) -> 0.052646358 | V33: =IF(V10="","",(V10/$O$23)) -> 0.40905183
B34: =IF(B11="","",(B11/$O$23)) -> 0 | C34: =IF(C11="","",(C11/$O$23)) -> 0 | D34: =IF(D11="","",(D11/$O$23)) -> 0 | E34: =IF(E11="","",(E11/$O$23)) -> 0 | F34: =IF(F11="","",(F11/$O$23)) -> 0.08808185 | G34: =IF(G11="","",(G11/$O$23)) -> 3.45238 | H34: =IF(H11="","",(H11/$O$23)) -> 2.3870112 | I34: =IF(I11="","",(I11/$O$23)) -> 0 | ... M34: =IF(M11="","",(M11/$O$23)) -> 0 | O34: =IF(O11="","",(O11/$O$23)) -> 0.057761234 | P34: =IF(P11="","",(P11/$O$23)) -> 3.3428479 | Q34: =IF(Q11="","",(Q11/$O$23)) -> 0 | R34: =IF(R11="","",(R11/$O$23)) -> 0 | S34: =IF(S11="","",(S11/$O$23)) -> 0 | T34: =IF(T11="","",(T11/$O$23)) -> 0 | U34: =IF(U11="","",(U11/$O$23)) -> 0.34997732 | V34: =IF(V11="","",(V11/$O$23)) -> 0.11255031
B35: =IF(B12="","",(B12/$O$23)) -> 0 | C35: =IF(C12="","",(C12/$O$23)) -> 0 | D35: =IF(D12="","",(D12/$O$23)) -> 0 | E35: =IF(E12="","",(E12/$O$23)) -> 0 | F35: =IF(F12="","",(F12/$O$23)) -> 0 | G35: =IF(G12="","",(G12/$O$23)) -> 3.6770889 | H35: =IF(H12="","",(H12/$O$23)) -> 4.8017626 | I35: =IF(I12="","",(I12/$O$23)) -> 0 | ... M35: =IF(M12="","",(M12/$O$23)) -> 0 | O35: =IF(O12="","",(O12/$O$23)) -> 0.93857973 | P35: =IF(P12="","",(P12/$O$23)) -> 2.0905327 | Q35: =IF(Q12="","",(Q12/$O$23)) -> 0.11255031 | R35: =IF(R12="","",(R12/$O$23)) -> 0 | S35: =IF(S12="","",(S12/$O$23)) -> 0.25433836 | T35: =IF(T12="","",(T12/$O$23)) -> 0 | U35: =IF(U12="","",(U12/$O$23)) -> 0.22000878 | V35: =IF(V12="","",(V12/$O$23)) -> 0.011151351
B36: =IF(B13="","",(B13/$O$23)) | C36: =IF(C13="","",(C13/$O$23)) | D36: =IF(D13="","",(D13/$O$23)) | E36: =IF(E13="","",(E13/$O$23)) | F36: =IF(F13="","",(F13/$O$23)) | G36: =IF(G13="","",(G13/$O$23)) | H36: =IF(H13="","",(H13/$O$23)) | I36: =IF(I13="","",(I13/$O$23)) | ... M36: =IF(M13="","",(M13/$O$23)) | O36: =IF(O13="","",(O13/$O$23)) -> 0.0074188741 | P36: =IF(P13="","",(P13/$O$23)) | Q36: =IF(Q13="","",(Q13/$O$23)) | R36: =IF(R13="","",(R13/$O$23)) | S36: =IF(S13="","",(S13/$O$23)) | T36: =IF(T13="","",(T13/$O$23)) | U36: =IF(U13="","",(U13/$O$23)) | V36: =IF(V13="","",(V13/$O$23))
B37: =IF(B14="","",(B14/$O$23)) | C37: =IF(C14="","",(C14/$O$23)) | D37: =IF(D14="","",(D14/$O$23)) | E37: =IF(E14="","",(E14/$O$23)) | F37: =IF(F14="","",(F14/$O$23)) | G37: =IF(G14="","",(G14/$O$23)) | H37: =IF(H14="","",(H14/$O$23)) | I37: =IF(I14="","",(I14/$O$23)) | ... M37: =IF(M14="","",(M14/$O$23)) | O37: =IF(O14="","",(O14/$O$23)) -> 1.0173765 | P37: =IF(P14="","",(P14/$O$23)) | Q37: =IF(Q14="","",(Q14/$O$23)) | R37: =IF(R14="","",(R14/$O$23)) | S37: =IF(S14="","",(S14/$O$23)) | T37: =IF(T14="","",(T14/$O$23)) | U37: =IF(U14="","",(U14/$O$23)) | V37: =IF(V14="","",(V14/$O$23))
B38: =IF(B15="","",(B15/$O$23)) | C38: =IF(C15="","",(C15/$O$23)) | D38: =IF(D15="","",(D15/$O$23)) | E38: =IF(E15="","",(E15/$O$23)) | F38: =IF(F15="","",(F15/$O$23)) | G38: =IF(G15="","",(G15/$O$23)) | H38: =IF(H15="","",(H15/$O$23)) | I38: =IF(I15="","",(I15/$O$23)) | ... M38: =IF(M15="","",(M15/$O$23)) | O38: =IF(O15="","",(O15/$O$23)) -> 0.34746596 | P38: =IF(P15="","",(P15/$O$23)) | Q38: =IF(Q15="","",(Q15/$O$23)) | R38: =IF(R15="","",(R15/$O$23)) | S38: =IF(S15="","",(S15/$O$23)) | T38: =IF(T15="","",(T15/$O$23)) | U38: =IF(U15="","",(U15/$O$23)) | V38: =IF(V15="","",(V15/$O$23))
B39: =IF(B16="","",(B16/$O$23)) | C39: =IF(C16="","",(C16/$O$23)) | D39: =IF(D16="","",(D16/$O$23)) | E39: =IF(E16="","",(E16/$O$23)) | F39: =IF(F16="","",(F16/$O$23)) | G39: =IF(G16="","",(G16/$O$23)) | H39: =IF(H16="","",(H16/$O$23)) | I39: =IF(I16="","",(I16/$O$23)) | ... M39: =IF(M16="","",(M16/$O$23)) | O39: =IF(O16="","",(O16/$O$23)) -> 2.1798818 | P39: =IF(P16="","",(P16/$O$23)) | Q39: =IF(Q16="","",(Q16/$O$23)) | R39: =IF(R16="","",(R16/$O$23)) | S39: =IF(S16="","",(S16/$O$23)) | T39: =IF(T16="","",(T16/$O$23)) | U39: =IF(U16="","",(U16/$O$23)) | V39: =IF(V16="","",(V16/$O$23))
B40: =IF(B17="","",(B17/$O$23)) | C40: =IF(C17="","",(C17/$O$23)) | D40: =IF(D17="","",(D17/$O$23)) | E40: =IF(E17="","",(E17/$O$23)) | F40: =IF(F17="","",(F17/$O$23)) | G40: =IF(G17="","",(G17/$O$23)) | H40: =IF(H17="","",(H17/$O$23)) | I40: =IF(I17="","",(I17/$O$23)) | ... M40: =IF(M17="","",(M17/$O$23)) | O40: =IF(O17="","",(O17/$O$23)) -> 2.3157946 | P40: =IF(P17="","",(P17/$O$23)) | Q40: =IF(Q17="","",(Q17/$O$23)) | R40: =IF(R17="","",(R17/$O$23)) | S40: =IF(S17="","",(S17/$O$23)) | T40: =IF(T17="","",(T17/$O$23)) | U40: =IF(U17="","",(U17/$O$23)) | V40: =IF(V17="","",(V17/$O$23))
... B43: =IF(B20="","",(B20/$O$23)) | C43: =IF(C20="","",(C20/$O$23)) | D43: =IF(D20="","",(D20/$O$23)) | E43: =IF(E20="","",(E20/$O$23)) | F43: =IF(F20="","",(F20/$O$23)) | G43: =IF(G20="","",(G20/$O$23)) | H43: =IF(H20="","",(H20/$O$23)) | I43: =IF(I20="","",(I20/$O$23)) | ... M43: =IF(M20="","",(M20/$O$23)) | O43: =IF(O20="","",(O20/$O$23)) -> 2.2438177 | P43: =IF(P20="","",(P20/$O$23)) | Q43: =IF(Q20="","",(Q20/$O$23)) | R43: =IF(R20="","",(R20/$O$23)) | S43: =IF(S20="","",(S20/$O$23)) | T43: =IF(T20="","",(T20/$O$23)) | U43: =IF(U20="","",(U20/$O$23)) | V43: =IF(V20="","",(V20/$O$23))
A45: =A4 -> Group names | B45: =B4 -> Solvent control | C45: =C4 -> EE2-33.8ng/L | D45: =D4 -> EE2-50.6ng/L | E45: =E4 -> EE2-76ng/L | F45: =F4 -> EE2-114ng/L | G45: =G4 -> EE2-170.9ng/L | H45: =H4 -> EE2-488ng/L | ... M45: =M4 -> saccharin-100mg/L | O45: =O4 -> Testo -30µg/L | P45: =P4 -> Testo 30µg/L + EE2 -64ng/L | Q45: =Q4 -> Testo 30µg/L + FAD-10mg/L | R45: =R4 -> saccharin-0.01mg/L + Testostérone | S45: =S4 -> saccharin-0.1mg/L + Testostérone | T45: =T4 -> saccharin-1mg/L + Testostérone | U45: =U4 -> saccharin-10mg/L + Testostérone | V45: =V4 -> saccharin-100mg/L + Testostérone
A46: mean | B46: =AVERAGE(B28:B43) -> 0 | C46: =AVERAGE(C28:C43) -> 0.00023327981 | D46: =AVERAGE(D28:D43) -> 0.00023903981 | E46: =AVERAGE(E28:E43) -> 0.00023615981 | F46: =AVERAGE(F28:F43) -> 1.4336773 | G46: =AVERAGE(G28:G43) -> 2.5662421 | H46: =AVERAGE(H28:H43) -> 4.1064534 | I46: =AVERAGE(I28:I43) -> 0 | ... M46: =AVERAGE(M28:M43) -> 0 | N46: mean | O46: =AVERAGE(O28:O43) -> 1 | P46: =AVERAGE(P28:P43) -> 2.1406447 | Q46: =AVERAGE(Q28:Q43) -> 0.014068789 | R46: =AVERAGE(R28:R43) -> 0.3188503 | S46: =AVERAGE(S28:S43) -> 0.48126201 | T46: =AVERAGE(T28:T43) -> 0.43764733 | U46: =AVERAGE(U28:U43) -> 0.4953596 | V46: =AVERAGE(V28:V43) -> 0.5768549
A47: SD | B47: =STDEV(B28:B43) -> 0 | C47: =STDEV(C28:C43) -> 0.00065981495 | D47: =STDEV(D28:D43) -> 0.00067610668 | E47: =STDEV(E28:E43) -> 0.00066796082 | F47: =STDEV(F28:F43) -> 1.806636 | G47: =STDEV(G28:G43) -> 1.0175585 | H47: =STDEV(H28:H43) -> 1.2203211 | I47: =STDEV(I28:I43) -> 0 | ... M47: =STDEV(M28:M43) -> 0 | N47: SD | O47: =STDEV(O28:O43) -> 0.83383987 | P47: =STDEV(P28:P43) -> 1.372655 | Q47: =STDEV(Q28:Q43) -> 0.039792544 | R47: =STDEV(R28:R43) -> 0.77477149 | S47: =STDEV(S28:S43) -> 0.57856811 | T47: =STDEV(T28:T43) -> 0.75165023 | U47: =STDEV(U28:U43) -> 0.87678195 | V47: =STDEV(V28:V43) -> 0.73442759
A48: SEM | B48: =B47/SQRT(COUNT(B28:B43)) -> 0 | C48: =C47/SQRT(COUNT(C28:C43)) -> 0.00023327981 | D48: =D47/SQRT(COUNT(D28:D43)) -> 0.00023903981 | E48: =E47/SQRT(COUNT(E28:E43)) -> 0.00023615981 | F48: =F47/SQRT(COUNT(F28:F43)) -> 0.6387423 | G48: =G47/SQRT(COUNT(G28:G43)) -> 0.35976127 | H48: =H47/SQRT(COUNT(H28:H43)) -> 0.43144866 | I48: =I47/SQRT(COUNT(I28:I43)) -> 0 | ... M48: =M47/SQRT(COUNT(M28:M43)) -> 0 | N48: SEM | O48: =O47/SQRT(COUNT(O28:O43)) -> 0.20845997 | P48: =P47/SQRT(COUNT(P28:P43)) -> 0.48530681 | Q48: =Q47/SQRT(COUNT(Q28:Q43)) -> 0.014068789 | R48: =R47/SQRT(COUNT(R28:R43)) -> 0.27392309 | S48: =S47/SQRT(COUNT(S28:S43)) -> 0.20455472 | T48: =T47/SQRT(COUNT(T28:T43)) -> 0.26574849 | U48: =U47/SQRT(COUNT(U28:U43)) -> 0.30998923 | V48: =V47/SQRT(COUNT(V28:V43)) -> 0.25965937
A52: =A27 -> Group names | B52: =B27 -> Solvent control | C52: =C27 -> EE2-33.8ng/L | D52: =D27 -> EE2-50.6ng/L | E52: =E27 -> EE2-76ng/L | F52: =F27 -> EE2-114ng/L | G52: =G27 -> EE2-170.9ng/L | H52: =H27 -> EE2-488ng/L | I52: =I4 -> saccharin-0.01mg/L | J52: =J4 -> saccharin-0.1mg/L | K52: =K4 -> saccharin-1mg/L | L52: =L4 -> saccharin-10mg/L | M52: =M4 -> saccharin-100mg/L | O52: =O27 -> Testo -30µg/L | P52: =P27 -> Testo 30µg/L + EE2 -64ng/L | Q52: =Q27 -> Testo 30µg/L + FAD-10mg/L | R52: =R27 -> saccharin-0.01mg/L + Testostérone | S52: =S27 -> saccharin-0.1mg/L + Testostérone | T52: =T27 -> saccharin-1mg/L + Testostérone | U52: =U27 -> saccharin-10mg/L + Testostérone | V52: =V27 -> saccharin-100mg/L + Testostérone
A53: Mean | B53: =B46 -> 0 | C53: =C46 -> 0.00023327981 | D53: =D46 -> 0.00023903981 | E53: =E46 -> 0.00023615981 | F53: =F46 -> 1.4336773 | G53: =G46 -> 2.5662421 | H53: =H46 -> 4.1064534 | I53: =I46 -> 0 | ... M53: =M46 -> 0 | O53: =O46 -> 1 | P53: =P46 -> 2.1406447 | Q53: =Q46 -> 0.014068789 | R53: =R46 -> 0.3188503 | S53: =S46 -> 0.48126201 | T53: =T46 -> 0.43764733 | U53: =U46 -> 0.4953596 | V53: =V46 -> 0.5768549
A54: SEM | B54: =B48 -> 0 | C54: =C48 -> 0.00023327981 | D54: =D48 -> 0.00023903981 | E54: =E48 -> 0.00023615981 | F54: =F48 -> 0.6387423 | G54: =G48 -> 0.35976127 | H54: =H48 -> 0.43144866 | I54: =I48 -> 0 | ... M54: =M48 -> 0 | O54: =O48 -> 0.20845997 | P54: =P48 -> 0.48530681 | Q54: =Q48 -> 0.014068789 | R54: =R48 -> 0.27392309 | S54: =S48 -> 0.20455472 | T54: =T48 -> 0.26574849 | U54: =U48 -> 0.30998923 | V54: =V48 -> 0.25965937
A55: % induction | B55: =(B53*100/$B53)-100 -> #DIV/0! | C55: =(C53*100/$B53)-100 -> #DIV/0! | D55: =(D53*100/$B53)-100 -> #DIV/0! | E55: =(E53*100/$B53)-100 -> #DIV/0! | F55: =(F53*100/$B53)-100 -> #DIV/0! | G55: =(G53*100/$B53)-100 -> #DIV/0! | H55: =(H53*100/$B53)-100 -> #DIV/0! | I55: =(I53*100/$B53)-100 -> #DIV/0! | ... M55: =(M53*100/$B53)-100 -> #DIV/0! | O55: =(O53*100/$O53)-100 -> 0 | P55: =(P53*100/$O53)-100 -> 114.06447 | Q55: =(Q53*100/$O53)-100 -> -98.593121 | R55: =(R53*100/$O53)-100 -> -68.11497 | S55: =(S53*100/$O53)-100 -> -51.873799 | T55: =(T53*100/$O53)-100 -> -56.235267 | U55: =(U53*100/$O53)-100 -> -50.46404 | V55: =(V53*100/$O53)-100 -> -42.31451
A56: Normality test : p value | B56: =[1]!SWTEST(B28:B43) -> #VALUE! | C56: =[1]!SWTEST(C28:C43) -> 1.0472313e-06 | D56: =[1]!SWTEST(D28:D43) -> 1.0472313e-06 | E56: =[1]!SWTEST(E28:E43) -> 1.0472313e-06 | F56: =[1]!SWTEST(F28:F43) -> 0.050989782 | G56: =[1]!SWTEST(G28:G43) -> 0.10619025 | H56: =[1]!SWTEST(H28:H43) -> 0.48270274 | I56: =[1]!SWTEST(I28:I43) -> #VALUE! | ... M56: =[1]!SWTEST(M28:M43) -> #VALUE! | O56: =[1]!SWTEST(O28:O43) -> 0.081699168 | P56: =[1]!SWTEST(P28:P43) -> 0.090975202 | Q56: =[1]!SWTEST(Q28:Q43) -> 1.0472313e-06 | R56: =[1]!SWTEST(R28:R43) -> 5.3125876e-06 | S56: =[1]!SWTEST(S28:S43) -> 0.068208888 | T56: =[1]!SWTEST(T28:T43) -> 0.0015401861 | U56: =[1]!SWTEST(U28:U43) -> 0.00010866801 | V56: =[1]!SWTEST(V28:V43) -> 0.049504941
A57: Normality test : normal distibution? | B57: =IF(B56>0.05,"Oui","Non") -> #VALUE! | C57: =IF(C56>0.05,"Oui","Non") -> Non | D57: =IF(D56>0.05,"Oui","Non") -> Non | E57: =IF(E56>0.05,"Oui","Non") -> Non | F57: =IF(F56>0.05,"Oui","Non") -> Oui | G57: =IF(G56>0.05,"Oui","Non") -> Oui | H57: =IF(H56>0.05,"Oui","Non") -> Oui | I57: =IF(I56>0.05,"Oui","Non") -> #VALUE! | ... M57: =IF(M56>0.05,"Oui","Non") -> #VALUE! | O57: =IF(O56>0.05,"Oui","Non") -> Oui | P57: =IF(P56>0.05,"Oui","Non") -> Oui | Q57: =IF(Q56>0.05,"Oui","Non") -> Non | R57: =IF(R56>0.05,"Oui","Non") -> Non | S57: =IF(S56>0.05,"Oui","Non") -> Oui | T57: =IF(T56>0.05,"Oui","Non") -> Non | U57: =IF(U56>0.05,"Oui","Non") -> Non | V57: =IF(V56>0.05,"Oui","Non") -> Non
A59: Statistical test used | C59: =IF($B57="Non",IF(C57="Non","MW",IF(C57="Oui","MW","")),IF($B57="Oui",IF(C57="Oui","T-Test Welch",IF(C57="Non","MW","")))) -> #VALUE! | D59: =IF($B57="Non",IF(D57="Non","MW",IF(D57="Oui","MW","")),IF($B57="Oui",IF(D57="Oui","T-Test Welch",IF(D57="Non","MW","")))) -> #VALUE! | E59: =IF($B57="Non",IF(E57="Non","MW",IF(E57="Oui","MW","")),IF($B57="Oui",IF(E57="Oui","T-Test Welch",IF(E57="Non","MW","")))) -> #VALUE! | F59: =IF($B57="Non",IF(F57="Non","MW",IF(F57="Oui","MW","")),IF($B57="Oui",IF(F57="Oui","T-Test Welch",IF(F57="Non","MW","")))) -> #VALUE! | G59: =IF($B57="Non",IF(G57="Non","MW",IF(G57="Oui","MW","")),IF($B57="Oui",IF(G57="Oui","T-Test Welch",IF(G57="Non","MW","")))) -> #VALUE! | H59: =IF($B57="Non",IF(H57="Non","MW",IF(H57="Oui","MW","")),IF($B57="Oui",IF(H57="Oui","T-Test Welch",IF(H57="Non","MW","")))) -> #VALUE! | I59: =IF($B57="Non",IF(I57="Non","MW",IF(I57="Oui","MW","")),IF($B57="Oui",IF(I57="Oui","T-Test Welch",IF(I57="Non","MW","")))) -> #VALUE! | J59: =IF($B57="Non",IF(J57="Non","MW",IF(J57="Oui","MW","")),IF($B57="Oui",IF(J57="Oui","T-Test Welch",IF(J57="Non","MW","")))) -> #VALUE! | ... M59: =IF($B57="Non",IF(M57="Non","MW",IF(M57="Oui","MW","")),IF($B57="Oui",IF(M57="Oui","T-Test Welch",IF(M57="Non","MW","")))) -> #VALUE! | O59: =IF($B57="Non",IF(O57="Non","MW",IF(O57="Oui","MW","")),IF($B57="Oui",IF(O57="Oui","T-Test Welch",IF(O57="Non","MW","")))) -> #VALUE! | P59: =IF($O57="Non",IF(P57="Non","MW",IF(P57="Oui","MW","")),IF($O57="Oui",IF(P57="Oui","T-Test Welch",IF(P57="Non","MW","")))) -> T-Test Welch | Q59: =IF($O57="Non",IF(Q57="Non","MW",IF(Q57="Oui","MW","")),IF($O57="Oui",IF(Q57="Oui","T-Test Welch",IF(Q57="Non","MW","")))) -> MW | R59: =IF($O57="Non",IF(R57="Non","MW",IF(R57="Oui","MW","")),IF($O57="Oui",IF(R57="Oui","T-Test Welch",IF(R57="Non","MW","")))) -> MW | S59: =IF($O57="Non",IF(S57="Non","MW",IF(S57="Oui","MW","")),IF($O57="Oui",IF(S57="Oui","T-Test Welch",IF(S57="Non","MW","")))) -> T-Test Welch | T59: =IF($O57="Non",IF(T57="Non","MW",IF(T57="Oui","MW","")),IF($O57="Oui",IF(T57="Oui","T-Test Welch",IF(T57="Non","MW","")))) -> MW | U59: =IF($O57="Non",IF(U57="Non","MW",IF(U57="Oui","MW","")),IF($O57="Oui",IF(U57="Oui","T-Test Welch",IF(U57="Non","MW","")))) -> MW | V59: =IF($O57="Non",IF(V57="Non","MW",IF(V57="Oui","MW","")),IF($O57="Oui",IF(V57="Oui","T-Test Welch",IF(V57="Non","MW","")))) -> MW
A60: Statistical test : p value | C60: =IF(C59="MW",[1]!MTEST($B28:$B43,C28:C43,2), IF(C59="T-Test Welch",_xlfn.T.TEST($B28:$B43,C28:C43,2,3),"")) -> #VALUE! | D60: =IF(D59="MW",[1]!MTEST($B28:$B43,D28:D43,2), IF(D59="T-Test Welch",_xlfn.T.TEST($B28:$B43,D28:D43,2,3),"")) -> #VALUE! | E60: =IF(E59="MW",[1]!MTEST($B28:$B43,E28:E43,2), IF(E59="T-Test Welch",_xlfn.T.TEST($B28:$B43,E28:E43,2,3),"")) -> #VALUE! | F60: =IF(F59="MW",[1]!MTEST($B28:$B43,F28:F43,2), IF(F59="T-Test Welch",_xlfn.T.TEST($B28:$B43,F28:F43,2,3),"")) -> #VALUE! | G60: =IF(G59="MW",[1]!MTEST($B28:$B43,G28:G43,2), IF(G59="T-Test Welch",_xlfn.T.TEST($B28:$B43,G28:G43,2,3),"")) -> #VALUE! | H60: =IF(H59="MW",[1]!MTEST($B28:$B43,H28:H43,2), IF(H59="T-Test Welch",_xlfn.T.TEST($B28:$B43,H28:H43,2,3),"")) -> #VALUE! | I60: =IF(I59="MW",[1]!MTEST($B28:$B43,I28:I43,2), IF(I59="T-Test Welch",_xlfn.T.TEST($B28:$B43,I28:I43,2,3),"")) -> #VALUE! | J60: =IF(J59="MW",[1]!MTEST($B28:$B43,J28:J43,2), IF(J59="T-Test Welch",_xlfn.T.TEST($B28:$B43,J28:J43,2,3),"")) -> #VALUE! | ... M60: =IF(M59="MW",[1]!MTEST($B28:$B43,M28:M43,2), IF(M59="T-Test Welch",_xlfn.T.TEST($B28:$B43,M28:M43,2,3),"")) -> #VALUE! | O60: =IF(O59="MW",[1]!MTEST($B28:$B43,O28:O43,2), IF(O59="T-Test Welch",_xlfn.T.TEST($B28:$B43,O28:O43,2,3),"")) -> #VALUE! | P60: =IF(P59="MW",[1]!MTEST($O28:$O43,P28:P43,2), IF(P59="T-Test Welch",_xlfn.T.TEST($O28:$O43,P28:P43,2,3),"")) -> 0.057064161 | Q60: =IF(Q59="MW",[1]!MTEST($O28:$O43,Q28:Q43,2), IF(Q59="T-Test Welch",_xlfn.T.TEST($O28:$O43,Q28:Q43,2,3),"")) -> 0.00054036747 | R60: =IF(R59="MW",[1]!MTEST($O28:$O43,R28:R43,2), IF(R59="T-Test Welch",_xlfn.T.TEST($O28:$O43,R28:R43,2,3),"")) -> 0.034627746 | S60: =IF(S59="MW",[1]!MTEST($O28:$O43,S28:S43,2), IF(S59="T-Test Welch",_xlfn.T.TEST($O28:$O43,S28:S43,2,3),"")) -> 0.091437174 | T60: =IF(T59="MW",[1]!MTEST($O28:$O43,T28:T43,2), IF(T59="T-Test Welch",_xlfn.T.TEST($O28:$O43,T28:T43,2,3),"")) -> 0.032088734 | U60: =IF(U59="MW",[1]!MTEST($O28:$O43,U28:U43,2), IF(U59="T-Test Welch",_xlfn.T.TEST($O28:$O43,U28:U43,2,3),"")) -> 0.20934684 | V60: =IF(V59="MW",[1]!MTEST($O28:$O43,V28:V43,2), IF(V59="T-Test Welch",_xlfn.T.TEST($O28:$O43,V28:V43,2,3),"")) -> 0.20934684
A61: Annotation | C61: =IF(C60>0.05,"NS",IF(C60>0.01,"*",IF(C60>0.001,"**","***"))) -> #VALUE! | D61: =IF(D60>0.05,"NS",IF(D60>0.01,"*",IF(D60>0.001,"**","***"))) -> #VALUE! | E61: =IF(E60>0.05,"NS",IF(E60>0.01,"*",IF(E60>0.001,"**","***"))) -> #VALUE! | F61: =IF(F60>0.05,"NS",IF(F60>0.01,"*",IF(F60>0.001,"**","***"))) -> #VALUE! | G61: =IF(G60>0.05,"NS",IF(G60>0.01,"*",IF(G60>0.001,"**","***"))) -> #VALUE! | H61: =IF(H60>0.05,"NS",IF(H60>0.01,"*",IF(H60>0.001,"**","***"))) -> #VALUE! | I61: =IF(I60>0.05,"NS",IF(I60>0.01,"*",IF(I60>0.001,"**","***"))) -> #VALUE! | J61: =IF(J60>0.05,"NS",IF(J60>0.01,"*",IF(J60>0.001,"**","***"))) -> #VALUE! | ... M61: =IF(M60>0.05,"NS",IF(M60>0.01,"*",IF(M60>0.001,"**","***"))) -> #VALUE! | O61: =IF(O60>0.05,"NS",IF(O60>0.01,"*",IF(O60>0.001,"**","***"))) -> #VALUE! | P61: =IF(P60>0.05,"NS",IF(P60>0.01,"*",IF(P60>0.001,"**","***"))) -> NS | Q61: =IF(Q60>0.05,"NS",IF(Q60>0.01,"*",IF(Q60>0.001,"**","***"))) -> *** | R61: =IF(R60>0.05,"NS",IF(R60>0.01,"*",IF(R60>0.001,"**","***"))) -> * | S61: =IF(S60>0.05,"NS",IF(S60>0.01,"*",IF(S60>0.001,"**","***"))) -> NS | T61: =IF(T60>0.05,"NS",IF(T60>0.01,"*",IF(T60>0.001,"**","***"))) -> * | U61: =IF(U60>0.05,"NS",IF(U60>0.01,"*",IF(U60>0.001,"**","***"))) -> NS | V61: =IF(V60>0.05,"NS",IF(V60>0.01,"*",IF(V60>0.001,"**","***"))) -> NS

Sheet pooled normalised values
B3: Unspiked | O3: Testosterone spiked
B4: ='R1'!B4 -> Solvent control | C4: ='R1'!C4 -> EE2-33.8ng/L | D4: ='R1'!D4 -> EE2-50.6ng/L | E4: ='R1'!E4 -> EE2-76ng/L | F4: ='R1'!F4 -> EE2-114ng/L | G4: ='R1'!G4 -> EE2-170.9ng/L | H4: ='R1'!H4 -> EE2-488ng/L | I4: ='R1'!I4 -> saccharin-0.01mg/L | ... M4: ='R1'!M4 -> saccharin-100mg/L | O4: ='R1'!O4 -> Testo -30µg/L | P4: ='R1'!P4 -> Testo 30µg/L + EE2 -64ng/L | Q4: ='R1'!Q4 -> Testo 30µg/L + FAD-10mg/L | R4: ='R1'!R4 -> saccharin-0.01mg/L + Testostérone | S4: ='R1'!S4 -> saccharin-0.1mg/L + Testostérone | T4: ='R1'!T4 -> saccharin-1mg/L + Testostérone | U4: ='R1'!U4 -> saccharin-10mg/L + Testostérone | V4: ='R1'!V4 -> saccharin-100mg/L + Testostérone
A6: Rep1 | B6: ='R1'!B28 -> 0 | C6: ='R1'!C28 -> 0.0044074306 | D6: ='R1'!D28 -> 0 | E6: ='R1'!E28 -> 0.0025674353 | F6: ='R1'!F28 -> 0.0061404494 | G6: ='R1'!G28 -> 0.52463401 | H6: ='R1'!H28 -> 3.3882123 | I6: ='R1'!I28 -> 0 | ... M6: ='R1'!M28 -> 0 | O6: ='R1'!O28 -> 0.50599871 | P6: ='R1'!P28 -> 1.2851618 | Q6: ='R1'!Q28 -> 0.0017437165 | R6: ='R1'!R28 -> 0.87410474 | S6: ='R1'!S28 -> 1.2846697 | T6: ='R1'!T28 -> 1.6216777 | U6: ='R1'!U28 -> 0.46417091 | V6: ='R1'!V28 -> 0.97617099
B7: ='R1'!B29 -> 0 | C7: ='R1'!C29 -> 0 | D7: ='R1'!D29 -> 0 | E7: ='R1'!E29 -> 0 | F7: ='R1'!F29 -> 1.5794327 | G7: ='R1'!G29 -> 2.0070925 | H7: ='R1'!H29 -> 2.4432142 | I7: ='R1'!I29 -> 0.016827399 | ... M7: ='R1'!M29 -> 0 | O7: ='R1'!O29 -> 1.4246271 | P7: ='R1'!P29 -> 2.1601438 | Q7: ='R1'!Q29 -> 0 | R7: ='R1'!R29 -> 0.99498815 | S7: ='R1'!S29 -> 0.080553282 | T7: ='R1'!T29 -> 0.85858245 | U7: ='R1'!U29 -> 0 | V7: ='R1'!V29 -> 1.7278412
B8: ='R1'!B30 -> 0 | C8: ='R1'!C30 -> 0 | D8: ='R1'!D30 -> 0.034778051 | E8: ='R1'!E30 -> 0.00085581176 | F8: ='R1'!F30 -> 0 | G8: ='R1'!G30 -> 2.5086945 | H8: ='R1'!H30 -> 0.54122606 | I8: ='R1'!I30 -> 0 | ... M8: ='R1'!M30 -> 0 | O8: ='R1'!O30 -> 0.8833796 | P8: ='R1'!P30 -> 1.9715229 | Q8: ='R1'!Q30 -> 0.05874078 | R8: ='R1'!R30 -> 1.6597506 | S8: ='R1'!S30 -> 1.4194173 | T8: ='R1'!T30 -> 0.067170526 | U8: ='R1'!U30 -> 0.4892141 | V8: ='R1'!V30 -> 0.52955492
B9: ='R1'!B31 -> 0 | C9: ='R1'!C31 -> 0.0017437165 | D9: ='R1'!D31 -> 0 | E9: ='R1'!E31 -> 1.8493236 | F9: ='R1'!F31 -> 0.22480036 | G9: ='R1'!G31 -> 2.2313366 | H9: ='R1'!H31 -> 3.0906465 | I9: ='R1'!I31 -> 0 | ... M9: ='R1'!M31 -> 0 | O9: ='R1'!O31 -> 1.5783843 | P9: ='R1'!P31 -> 2.117289 | Q9: ='R1'!Q31 -> 0.044823141 | R9: ='R1'!R31 -> 0.31994523 | S9: ='R1'!S31 -> 0.76001433 | T9: ='R1'!T31 -> 0.13390245 | U9: ='R1'!U31 -> 0.021801805 | V9: ='R1'!V31 -> 1.051461
B10: ='R1'!B32 -> 0 | C10: ='R1'!C32 -> 0 | D10: ='R1'!D32 -> 0 | E10: ='R1'!E32 -> 0 | F10: ='R1'!F32 -> 0.94331852 | G10: ='R1'!G32 -> 1.9135202 | H10: ='R1'!H32 -> 2.6883936 | I10: ='R1'!I32 -> 0.0017544141 | ... M10: ='R1'!M32 -> 0 | O10: ='R1'!O32 -> 0.87628706 | P10: ='R1'!P32 -> 1.1465738 | Q10: ='R1'!Q32 -> 0 | R10: ='R1'!R32 -> 0.73749579 | S10: ='R1'!S32 -> 0.25038913 | T10: ='R1'!T32 -> 1.0390518 | U10: ='R1'!U32 -> 0.67383409 | V10: ='R1'!V32 -> 0.082906765
B11: ='R1'!B33 -> 0 | C11: ='R1'!C33 -> 0 | D11: ='R1'!D33 -> 0.0017330188 | E11: ='R1'!E33 -> 0 | F11: ='R1'!F33 -> 1.5083147 | G11: ='R1'!G33 -> 2.6442658 | H11: ='R1'!H33 -> 3.3138957 | I11: ='R1'!I33 -> 0 | ... M11: ='R1'!M33 -> 0.00087720706 | O11: ='R1'!O33 -> 1.1545757 | P11: ='R1'!P33 -> 2.0628594 | Q11: ='R1'!Q33 -> 0 | R11: ='R1'!R33 -> 0.11598389 | S11: ='R1'!S33 -> 1.7853089 | T11: ='R1'!T33 -> 1.8881133 | U11: ='R1'!U33 -> 1.2832149 | V11: ='R1'!V33 -> 0.60006312
B12: ='R1'!B34 -> 0 | C12: ='R1'!C34 -> 0 | D12: ='R1'!D34 -> 0.00085581176 | E12: ='R1'!E34 -> 0 | F12: ='R1'!F34 -> 1.3063325 | G12: ='R1'!G34 -> 0.55773253 | H12: ='R1'!H34 -> 3.0799061 | I12: ='R1'!I34 -> 0 | ... M12: ='R1'!M34 -> 0.072102141 | O12: ='R1'!O34 -> 1.0051937 | P12: ='R1'!P34 -> 2.4826992 | Q12: ='R1'!Q34 -> 0 | R12: ='R1'!R34 -> 0.88080147 | S12: ='R1'!S34 -> 0.1300513 | T12: ='R1'!T34 -> 2.0190846 | U12: ='R1'!U34 -> 0.52250517 | V12: ='R1'!V34 -> 1.3873778
B13: ='R1'!B35 -> 0 | C13: ='R1'!C35 -> 0 | D13: ='R1'!D35 -> 0 | E13: ='R1'!E35 -> 0 | F13: ='R1'!F35 | G13: ='R1'!G35 -> 2.8055649 | H13: ='R1'!H35 -> 2.769225 | I13: ='R1'!I35 -> 0 | ... M13: ='R1'!M35 -> 0 | O13: ='R1'!O35 -> 0.71101911 | P13: ='R1'!P35 -> 0.89835631 | Q13: ='R1'!Q35 -> 0 | R13: ='R1'!R35 -> 1.5743941 | S13: ='R1'!S35 -> 0.046930578 | T13: ='R1'!T35 -> 0.024262264 | U13: ='R1'!U35 -> 0.5423814 | V13: ='R1'!V35 -> 0
B14: ='R1'!B36 | C14: ='R1'!C36 | D14: ='R1'!D36 | E14: ='R1'!E36 | F14: ='R1'!F36 | G14: ='R1'!G36 | H14: ='R1'!H36 | I14: ='R1'!I36 | ... M14: ='R1'!M36 | O14: ='R1'!O36 -> 1.2613596 | P14: ='R1'!P36 | Q14: ='R1'!Q36 | R14: ='R1'!R36 | S14: ='R1'!S36 | T14: ='R1'!T36 | U14: ='R1'!U36 | V14: ='R1'!V36
B15: ='R1'!B37 | C15: ='R1'!C37 | D15: ='R1'!D37 | E15: ='R1'!E37 | F15: ='R1'!F37 | G15: ='R1'!G37 | H15: ='R1'!H37 | I15: ='R1'!I37 | ... M15: ='R1'!M37 | O15: ='R1'!O37 -> 1.4981306 | P15: ='R1'!P37 | Q15: ='R1'!Q37 | R15: ='R1'!R37 | S15: ='R1'!S37 | T15: ='R1'!T37 | U15: ='R1'!U37 | V15: ='R1'!V37
B16: ='R1'!B38 | C16: ='R1'!C38 | D16: ='R1'!D38 | E16: ='R1'!E38 | F16: ='R1'!F38 | G16: ='R1'!G38 | H16: ='R1'!H38 | I16: ='R1'!I38 | ... M16: ='R1'!M38 | O16: ='R1'!O38 -> 1.3733853 | P16: ='R1'!P38 | Q16: ='R1'!Q38 | R16: ='R1'!R38 | S16: ='R1'!S38 | T16: ='R1'!T38 | U16: ='R1'!U38 | V16: ='R1'!V38
B17: ='R1'!B39 | C17: ='R1'!C39 | D17: ='R1'!D39 | E17: ='R1'!E39 | F17: ='R1'!F39 | G17: ='R1'!G39 | H17: ='R1'!H39 | I17: ='R1'!I39 | ... M17: ='R1'!M39 | O17: ='R1'!O39 -> 0.86368523 | P17: ='R1'!P39 | Q17: ='R1'!Q39 | R17: ='R1'!R39 | S17: ='R1'!S39 | T17: ='R1'!T39 | U17: ='R1'!U39 | V17: ='R1'!V39
B18: ='R1'!B40 | C18: ='R1'!C40 | D18: ='R1'!D40 | E18: ='R1'!E40 | F18: ='R1'!F40 | G18: ='R1'!G40 | H18: ='R1'!H40 | I18: ='R1'!I40 | ... M18: ='R1'!M40 | O18: ='R1'!O40 -> 1.394235 | P18: ='R1'!P40 | Q18: ='R1'!Q40 | R18: ='R1'!R40 | S18: ='R1'!S40 | T18: ='R1'!T40 | U18: ='R1'!U40 | V18: ='R1'!V40
... B21: ='R1'!B43 | C21: ='R1'!C43 | D21: ='R1'!D43 | E21: ='R1'!E43 | F21: ='R1'!F43 | G21: ='R1'!G43 | H21: ='R1'!H43 | I21: ='R1'!I43 | ... M21: ='R1'!M43 | O21: ='R1'!O43 -> 0.075247249 | P21: ='R1'!P43 | Q21: ='R1'!Q43 | R21: ='R1'!R43 | S21: ='R1'!S43 | T21: ='R1'!T43 | U21: ='R1'!U43 | V21: ='R1'!V43
A22: Rep2 | B22: ='R2'!B28 -> 0 | C22: ='R2'!C28 -> 0 | D22: ='R2'!D28 -> 0.019587844 | E22: ='R2'!E28 -> 2.1743516 | F22: ='R2'!F28 -> 1.6643281 | G22: ='R2'!G28 -> 2.0934708 | H22: ='R2'!H28 -> 1.9948762 | I22: ='R2'!I28 -> 0.014831637 | ... M22: ='R2'!M28 -> 0 | O22: ='R2'!O28 -> 0.70059946 | P22: ='R2'!P28 -> 1.4622145 | Q22: ='R2'!Q28 -> 0.0034200998 | R22: ='R2'!R28 -> 1.0632477 | S22: ='R2'!S28 -> 0.37763952 | T22: ='R2'!T28 -> 0.94579625 | U22: ='R2'!U28 -> 0.16649248 | V22: ='R2'!V28 -> 0.97472845
B23: ='R2'!B29 -> 0 | C23: ='R2'!C29 -> 0.0013949301 | D23: ='R2'!D29 -> 0 | E23: ='R2'!E29 -> 1.3316709 | F23: ='R2'!F29 -> 1.7822333 | G23: ='R2'!G29 -> 1.520205 | H23: ='R2'!H29 -> 1.8768029 | I23: ='R2'!I29 -> 0.06172986 | ... M23: ='R2'!M29 -> 0 | O23: ='R2'!O29 -> 0 | P23: ='R2'!P29 -> 2.1991662 | Q23: ='R2'!Q29 -> 0 | R23: ='R2'!R29 -> 1.1060031 | S23: ='R2'!S29 -> 0.25594447 | T23: ='R2'!T29 -> 0.50069589 | U23: ='R2'!U29 -> 1.064651 | V23: ='R2'!V29 -> 1.454139
B24: ='R2'!B30 -> 0 | C24: ='R2'!C30 -> 0 | D24: ='R2'!D30 -> 0 | E24: ='R2'!E30 -> 1.4048291 | F24: ='R2'!F30 -> 0.0074368264 | G24: ='R2'!G30 -> 1.2874281 | H24: ='R2'!H30 -> 2.1496126 | I24: ='R2'!I30 -> 0.0013697206 | ... M24: ='R2'!M30 -> 0.0034453094 | O24: ='R2'!O30 -> 0.33857307 | P24: ='R2'!P30 -> 1.2570085 | Q24: ='R2'!Q30 -> 0.0868302 | R24: ='R2'!R30 -> 0.55130832 | S24: ='R2'!S30 -> 0.51608214 | T24: ='R2'!T30 -> 0.24284389 | U24: ='R2'!U30 -> 0.78653892 | V24: ='R2'!V30 -> 1.2977976
B25: ='R2'!B31 -> 0 | C25: ='R2'!C31 -> 0 | D25: ='R2'!D31 -> 0 | E25: ='R2'!E31 -> 1.7582926 | F25: ='R2'!F31 -> 0.96360262 | G25: ='R2'!G31 -> 1.6990165 | H25: ='R2'!H31 -> 2.7939779 | I25: ='R2'!I31 -> 0.0084872256 | ... M25: ='R2'!M31 -> 0 | O25: ='R2'!O31 -> 1.6789161 | P25: ='R2'!P31 -> 2.2604843 | Q25: ='R2'!Q31 -> 0 | R25: ='R2'!R31 -> 0.99412302 | S25: ='R2'!S31 -> 1.3429396 | T25: ='R2'!T31 -> 0.58110605 | U25: ='R2'!U31 -> 1.0421305 | V25: ='R2'!V31 -> 0.33756469
B26: ='R2'!B32 -> 0 | C26: ='R2'!C32 -> 0.0088989821 | D26: ='R2'!D32 -> 0.81912651 | E26: ='R2'!E32 -> 1.143036 | F26: ='R2'!F32 -> 0.046965449 | G26: ='R2'!G32 -> 0.86163827 | H26: ='R2'!H32 -> 2.1098066 | I26: ='R2'!I32 -> 0 | ... M26: ='R2'!M32 -> 0.031125429 | O26: ='R2'!O32 -> 1.147288 | P26: ='R2'!P32 -> 2.0795719 | Q26: ='R2'!Q32 -> 0.045368842 | R26: ='R2'!R32 -> 0.24933956 | S26: ='R2'!S32 -> 1.4129466 | T26: ='R2'!T32 -> 1.3717457 | U26: ='R2'!U32 -> 0.60066028 | V26: ='R2'!V32 -> 1.4059971
B27: ='R2'!B33 -> 0 | C27: ='R2'!C33 -> 0.11335908 | D27: ='R2'!D33 -> 0 | E27: ='R2'!E33 -> 1.7779393 | F27: ='R2'!F33 -> 0.18854246 | G27: ='R2'!G33 -> 1.8039808 | H27: ='R2'!H33 -> 2.0972102 | I27: ='R2'!I33 -> 0 | ... M27: ='R2'!M33 -> 0 | O27: ='R2'!O33 -> 1.5736325 | P27: ='R2'!P33 -> 1.5500783 | Q27: ='R2'!Q33 -> 0 | R27: ='R2'!R33 -> 0.96888823 | S27: ='R2'!S33 -> 1.2755628 | T27: ='R2'!T33 -> 0.70528844 | U27: ='R2'!U33 -> 1.1054569 | V27: ='R2'!V33 -> 0
B28: ='R2'!B34 -> 0 | C28: ='R2'!C34 -> 0 | D28: ='R2'!D34 -> 0.0027730539 | E28: ='R2'!E34 -> 2.1035463 | F28: ='R2'!F34 -> 1.4868443 | G28: ='R2'!G34 -> 2.3778265 | H28: ='R2'!H34 -> 2.5839316 | I28: ='R2'!I34 -> 0 | ... M28: ='R2'!M34 -> 0 | O28: ='R2'!O34 -> 0 | P28: ='R2'!P34 -> 1.6351943 | Q28: ='R2'!Q34 -> 0.018327365 | R28: ='R2'!R34 -> 0.9075113 | S28: ='R2'!S34 -> 1.879223 | T28: ='R2'!T34 -> 0.55524942 | U28: ='R2'!U34 -> 0.13506453 | V28: ='R2'!V34 -> 0.86731882
B29: ='R2'!B35 -> 0.00073107785 | C29: ='R2'!C35 -> 0 | D29: ='R2'!D35 -> 0.0054368663 | E29: ='R2'!E35 -> 0.81337872 | F29: ='R2'!F35 -> 0.13292172 | G29: ='R2'!G35 -> 0.67809571 | H29: ='R2'!H35 -> 2.3933052 | I29: ='R2'!I35 -> 0.0071931338 | ... M29: ='R2'!M35 -> 0.036528683 | O29: ='R2'!O35 -> 1.119734 | P29: ='R2'!P35 -> 2.0742863 | Q29: ='R2'!Q35 -> 0 | R29: ='R2'!R35 -> 0.92456138 | S29: ='R2'!S35 -> 1.0883648 | T29: ='R2'!T35 -> 0 | U29: ='R2'!U35 -> 0.99313984 | V29: ='R2'!V35 -> 0.35752228
B30: ='R2'!B36 | C30: ='R2'!C36 | D30: ='R2'!D36 | E30: ='R2'!E36 | F30: ='R2'!F36 | G30: ='R2'!G36 | H30: ='R2'!H36 | I30: ='R2'!I36 | ... M30: ='R2'!M36 | O30: ='R2'!O36 -> 1.6185307 | P30: ='R2'!P36 | Q30: ='R2'!Q36 | R30: ='R2'!R36 | S30: ='R2'!S36 | T30: ='R2'!T36 | U30: ='R2'!U36 | V30: ='R2'!V36
B31: ='R2'!B37 | C31: ='R2'!C37 | D31: ='R2'!D37 | E31: ='R2'!E37 | F31: ='R2'!F37 | G31: ='R2'!G37 | H31: ='R2'!H37 | I31: ='R2'!I37 | ... M31: ='R2'!M37 | O31: ='R2'!O37 -> 1.8206443 | P31: ='R2'!P37 | Q31: ='R2'!Q37 | R31: ='R2'!R37 | S31: ='R2'!S37 | T31: ='R2'!T37 | U31: ='R2'!U37 | V31: ='R2'!V37
B32: ='R2'!B38 | C32: ='R2'!C38 | D32: ='R2'!D38 | E32: ='R2'!E38 | F32: ='R2'!F38 | G32: ='R2'!G38 | H32: ='R2'!H38 | I32: ='R2'!I38 | ... M32: ='R2'!M38 | O32: ='R2'!O38 -> 2.2038636 | P32: ='R2'!P38 | Q32: ='R2'!Q38 | R32: ='R2'!R38 | S32: ='R2'!S38 | T32: ='R2'!T38 | U32: ='R2'!U38 | V32: ='R2'!V38
B33: ='R2'!B39 | C33: ='R2'!C39 | D33: ='R2'!D39 | E33: ='R2'!E39 | F33: ='R2'!F39 | G33: ='R2'!G39 | H33: ='R2'!H39 | I33: ='R2'!I39 | ... M33: ='R2'!M39 | O33: ='R2'!O39 -> 0.54395553 | P33: ='R2'!P39 | Q33: ='R2'!Q39 | R33: ='R2'!R39 | S33: ='R2'!S39 | T33: ='R2'!T39 | U33: ='R2'!U39 | V33: ='R2'!V39
B34: ='R2'!B40 | C34: ='R2'!C40 | D34: ='R2'!D40 | E34: ='R2'!E40 | F34: ='R2'!F40 | G34: ='R2'!G40 | H34: ='R2'!H40 | I34: ='R2'!I40 | ... M34: ='R2'!M40 | O34: ='R2'!O40 -> 1.4561642 | P34: ='R2'!P40 | Q34: ='R2'!Q40 | R34: ='R2'!R40 | S34: ='R2'!S40 | T34: ='R2'!T40 | U34: ='R2'!U40 | V34: ='R2'!V40
... B37: ='R2'!B43 | C37: ='R2'!C43 | D37: ='R2'!D43 | E37: ='R2'!E43 | F37: ='R2'!F43 | G37: ='R2'!G43 | H37: ='R2'!H43 | I37: ='R2'!I43 | ... M37: ='R2'!M43 | O37: ='R2'!O43 -> 0.22253337 | P37: ='R2'!P43 | Q37: ='R2'!Q43 | R37: ='R2'!R43 | S37: ='R2'!S43 | T37: ='R2'!T43 | U37: ='R2'!U43 | V37: ='R2'!V43
A38: Rep3 | B38: ='R3'!B28 -> 0 | C38: ='R3'!C28 -> 0 | D38: ='R3'!D28 -> 0 | E38: ='R3'!E28 -> 0 | F38: ='R3'!F28 -> 1.209023 | G38: ='R3'!G28 -> 1.2512323 | H38: ='R3'!H28 -> 2.4450489 | I38: ='R3'!I28 -> 0 | ... M38: ='R3'!M28 -> 0 | O38: ='R3'!O28 -> 1.1021175 | P38: ='R3'!P28 -> 0.13554421 | Q38: ='R3'!Q28 -> 0 | R38: ='R3'!R28 -> 2.2316526 | S38: ='R3'!S28 -> 1.5220673 | T38: ='R3'!T28 -> 0.97873842 | U38: ='R3'!U28 -> 0 | V38: ='R3'!V28 -> 0.003755517
B39: ='R3'!B29 -> 0 | C39: ='R3'!C29 -> 0 | D39: ='R3'!D29 -> 0 | E39: ='R3'!E29 -> 0 | F39: ='R3'!F29 -> 4.8633023 | G39: ='R3'!G29 -> 2.1355529 | H39: ='R3'!H29 -> 4.4459561 | I39: ='R3'!I29 -> 0 | ... M39: ='R3'!M29 -> 0 | O39: ='R3'!O29 -> 0.24270317 | P39: ='R3'!P29 -> 0.035228132 | Q39: ='R3'!Q29 -> 0 | R39: ='R3'!R29 -> 0.16139507 | S39: ='R3'!S29 -> 0.20703727 | T39: ='R3'!T29 -> 0.4309859 | U39: ='R3'!U29 -> 2.6300369 | V39: ='R3'!V29 -> 1.1126007
B40: ='R3'!B30 -> 0 | C40: ='R3'!C30 -> 0 | D40: ='R3'!D30 -> 0 | E40: ='R3'!E30 -> 0 | F40: ='R3'!F30 -> 0 | G40: ='R3'!G30 -> 3.1562471 | H40: ='R3'!H30 -> 3.9800416 | I40: ='R3'!I30 -> 0 | ... M40: ='R3'!M30 -> 0 | O40: ='R3'!O30 -> 1.0277905 | P40: ='R3'!P30 -> 2.911263 | Q40: ='R3'!Q30 -> 0 | R40: ='R3'!R30 -> 0.046333403 | S40: ='R3'!S30 -> 1.0550929 | T40: ='R3'!T30 -> 2.0840815 | U40: ='R3'!U30 -> 0.27131882 | V40: ='R3'!V30 -> 0.9251935
B41: ='R3'!B31 -> 0 | C41: ='R3'!C31 -> 0 | D41: ='R3'!D31 -> 0 | E41: ='R3'!E31 -> 0 | F41: ='R3'!F31 -> 0 | G41: ='R3'!G31 -> 1.6183974 | H41: ='R3'!H31 -> 4.8340416 | I41: ='R3'!I31 -> 0 | ... M41: ='R3'!M31 -> 0 | O41: ='R3'!O31 -> 1.3314114 | P41: ='R3'!P31 -> 2.0776073 | Q41: ='R3'!Q31 -> 0 | R41: ='R3'!R31 -> 0.039214049 | S41: ='R3'!S31 -> 0 | T41: ='R3'!T31 -> 0 | U41: ='R3'!U31 -> 0.42388958 | V41: ='R3'!V31 -> 0
B42: ='R3'!B32 -> 0 | C42: ='R3'!C32 -> 0.0018662385 | D42: ='R3'!D32 -> 0 | E42: ='R3'!E32 -> 0 | F42: ='R3'!F32 -> 2.45832 | G42: ='R3'!G32 -> 1.6041818 | H42: ='R3'!H32 -> 3.9686368 | I42: ='R3'!I32 -> 0 | ... M42: ='R3'!M32 -> 0 | O42: ='R3'!O32 -> 0 | P42: ='R3'!P32 -> 3.5464983 | Q42: ='R3'!Q32 -> 0 | R42: ='R3'!R32 -> 0 | S42: ='R3'!S32 -> 0 | T42: ='R3'!T32 -> 0.0073727941 | U42: ='R3'!U32 -> 0.014999028 | V42: ='R3'!V32 -> 2.040536
B43: ='R3'!B33 -> 0 | C43: ='R3'!C33 -> 0 | D43: ='R3'!D33 -> 0.0019123185 | E43: ='R3'!E33 -> 0.0018892785 | F43: ='R3'!F33 -> 2.8506908 | G43: ='R3'!G33 -> 3.6348566 | H43: ='R3'!H33 -> 5.989128 | I43: ='R3'!I33 -> 0 | ... M43: ='R3'!M33 -> 0 | O43: ='R3'!O33 -> 1.3825602 | P43: ='R3'!P33 -> 2.985636 | Q43: ='R3'!Q33 -> 0 | R43: ='R3'!R33 -> 0.072207302 | S43: ='R3'!S33 -> 0.81156031 | T43: ='R3'!T33 -> 0 | U43: ='R3'!U33 -> 0.052646358 | V43: ='R3'!V33 -> 0.40905183
B44: ='R3'!B34 -> 0 | C44: ='R3'!C34 -> 0 | D44: ='R3'!D34 -> 0 | E44: ='R3'!E34 -> 0 | F44: ='R3'!F34 -> 0.08808185 | G44: ='R3'!G34 -> 3.45238 | H44: ='R3'!H34 -> 2.3870112 | I44: ='R3'!I34 -> 0 | ... M44: ='R3'!M34 -> 0 | O44: ='R3'!O34 -> 0.057761234 | P44: ='R3'!P34 -> 3.3428479 | Q44: ='R3'!Q34 -> 0 | R44: ='R3'!R34 -> 0 | S44: ='R3'!S34 -> 0 | T44: ='R3'!T34 -> 0 | U44: ='R3'!U34 -> 0.34997732 | V44: ='R3'!V34 -> 0.11255031
B45: ='R3'!B35 -> 0 | C45: ='R3'!C35 -> 0 | D45: ='R3'!D35 -> 0 | E45: ='R3'!E35 -> 0 | F45: ='R3'!F35 -> 0 | G45: ='R3'!G35 -> 3.6770889 | H45: ='R3'!H35 -> 4.8017626 | I45: ='R3'!I35 -> 0 | ... M45: ='R3'!M35 -> 0 | O45: ='R3'!O35 -> 0.93857973 | P45: ='R3'!P35 -> 2.0905327 | Q45: ='R3'!Q35 -> 0.11255031 | R45: ='R3'!R35 -> 0 | S45: ='R3'!S35 -> 0.25433836 | T45: ='R3'!T35 -> 0 | U45: ='R3'!U35 -> 0.22000878 | V45: ='R3'!V35 -> 0.011151351
B46: ='R3'!B36 | C46: ='R3'!C36 | D46: ='R3'!D36 | E46: ='R3'!E36 | F46: ='R3'!F36 | G46: ='R3'!G36 | H46: ='R3'!H36 | I46: ='R3'!I36 | ... M46: ='R3'!M36 | O46: ='R3'!O36 -> 0.0074188741 | P46: ='R3'!P36 | Q46: ='R3'!Q36 | R46: ='R3'!R36 | S46: ='R3'!S36 | T46: ='R3'!T36 | U46: ='R3'!U36 | V46: ='R3'!V36
B47: ='R3'!B37 | C47: ='R3'!C37 | D47: ='R3'!D37 | E47: ='R3'!E37 | F47: ='R3'!F37 | G47: ='R3'!G37 | H47: ='R3'!H37 | I47: ='R3'!I37 | ... M47: ='R3'!M37 | O47: ='R3'!O37 -> 1.0173765 | P47: ='R3'!P37 | Q47: ='R3'!Q37 | R47: ='R3'!R37 | S47: ='R3'!S37 | T47: ='R3'!T37 | U47: ='R3'!U37 | V47: ='R3'!V37
B48: ='R3'!B38 | C48: ='R3'!C38 | D48: ='R3'!D38 | E48: ='R3'!E38 | F48: ='R3'!F38 | G48: ='R3'!G38 | H48: ='R3'!H38 | I48: ='R3'!I38 | ... M48: ='R3'!M38 | O48: ='R3'!O38 -> 0.34746596 | P48: ='R3'!P38 | Q48: ='R3'!Q38 | R48: ='R3'!R38 | S48: ='R3'!S38 | T48: ='R3'!T38 | U48: ='R3'!U38 | V48: ='R3'!V38
B49: ='R3'!B39 | C49: ='R3'!C39 | D49: ='R3'!D39 | E49: ='R3'!E39 | F49: ='R3'!F39 | G49: ='R3'!G39 | H49: ='R3'!H39 | I49: ='R3'!I39 | ... M49: ='R3'!M39 | O49: ='R3'!O39 -> 2.1798818 | P49: ='R3'!P39 | Q49: ='R3'!Q39 | R49: ='R3'!R39 | S49: ='R3'!S39 | T49: ='R3'!T39 | U49: ='R3'!U39 | V49: ='R3'!V39
B50: ='R3'!B40 | C50: ='R3'!C40 | D50: ='R3'!D40 | E50: ='R3'!E40 | F50: ='R3'!F40 | G50: ='R3'!G40 | H50: ='R3'!H40 | I50: ='R3'!I40 | ... M50: ='R3'!M40 | O50: ='R3'!O40 -> 2.3157946 | P50: ='R3'!P40 | Q50: ='R3'!Q40 | R50: ='R3'!R40 | S50: ='R3'!S40 | T50: ='R3'!T40 | U50: ='R3'!U40 | V50: ='R3'!V40
... B53: ='R3'!B43 | C53: ='R3'!C43 | D53: ='R3'!D43 | E53: ='R3'!E43 | F53: ='R3'!F43 | G53: ='R3'!G43 | H53: ='R3'!H43 | I53: ='R3'!I43 | ... M53: ='R3'!M43 | O53: ='R3'!O43 -> 2.2438177 | P53: ='R3'!P43 | Q53: ='R3'!Q43 | R53: ='R3'!R43 | S53: ='R3'!S43 | T53: ='R3'!T43 | U53: ='R3'!U43 | V53: ='R3'!V43
A55: Group names | B55: =B4 -> Solvent control | C55: =C4 -> EE2-33.8ng/L | D55: =D4 -> EE2-50.6ng/L | E55: =E4 -> EE2-76ng/L | F55: =F4 -> EE2-114ng/L | G55: =G4 -> EE2-170.9ng/L | H55: =H4 -> EE2-488ng/L | I55: =I4 -> saccharin-0.01mg/L | ... M55: =M4 -> saccharin-100mg/L | O55: =O4 -> Testo -30µg/L | P55: =P4 -> Testo 30µg/L + EE2 -64ng/L | Q55: =Q4 -> Testo 30µg/L + FAD-10mg/L | R55: =R4 -> saccharin-0.01mg/L + Testostérone | S55: =S4 -> saccharin-0.1mg/L + Testostérone | T55: =T4 -> saccharin-1mg/L + Testostérone | U55: =U4 -> saccharin-10mg/L + Testostérone | V55: =V4 -> saccharin-100mg/L + Testostérone
A56: Mean | B56: =AVERAGE(B6:B53) -> 3.0461577e-05 | C56: =AVERAGE(C6:C53) -> 0.0054862658 | D56: =AVERAGE(D6:D53) -> 0.036925145 | E56: =AVERAGE(E6:E53) -> 0.59840336 | F56: =AVERAGE(F6:F53) -> 1.0135057 | G56: =AVERAGE(G6:G53) -> 2.0018517 | H56: =AVERAGE(H6:H53) -> 3.0069112 | I56: =AVERAGE(I6:I53) -> 0.0046747246 | ... M56: =AVERAGE(M6:M53) -> 0.0060032821 | O56: =AVERAGE(O6:O53) -> 1 | P56: =AVERAGE(P6:P53) -> 1.9069903 | Q56: =AVERAGE(Q6:Q53) -> 0.015491852 | R56: =AVERAGE(R6:R53) -> 0.68638538 | S56: =AVERAGE(S6:S53) -> 0.7398389 | T56: =AVERAGE(T6:T53) -> 0.66898956 | U56: =AVERAGE(U6:U53) -> 0.57725557 | V56: =AVERAGE(V6:V53) -> 0.73605346
A57: SD | B57: =STDEV(B6:B53) -> 0.00014923064 | C57: =STDEV(C6:C53) -> 0.023064173 | D57: =STDEV(D6:D53) -> 0.16679627 | E57: =STDEV(E6:E53) -> 0.83265714 | F57: =STDEV(F6:F53) -> 1.2102428 | G57: =STDEV(G6:G53) -> 0.92113753 | H57: =STDEV(H6:H53) -> 1.1827187 | I57: =STDEV(I6:I53) -> 0.013051686 | ... M57: =STDEV(M6:M53) -> 0.01700326 | O57: =STDEV(O6:O53) -> 0.65613587 | P57: =STDEV(P6:P53) -> 0.86391786 | Q57: =STDEV(Q6:Q53) -> 0.031148781 | R57: =STDEV(R6:R53) -> 0.60636357 | S57: =STDEV(S6:S53) -> 0.63229146 | T57: =STDEV(T6:T53) -> 0.69428222 | U57: =STDEV(U6:U53) -> 0.58693454 | V57: =STDEV(V6:V53) -> 0.61753485
A58: SEM | B58: =B57/SQRT(COUNT(B6:B53)) -> 3.0461577e-05 | C58: =C57/SQRT(COUNT(C6:C53)) -> 0.0047079545 | D58: =D57/SQRT(COUNT(D6:D53)) -> 0.034047146 | E58: =E57/SQRT(COUNT(E6:E53)) -> 0.16996543 | F58: =F57/SQRT(COUNT(F6:F53)) -> 0.25235306 | G58: =G57/SQRT(COUNT(G6:G53)) -> 0.18802641 | H58: =H57/SQRT(COUNT(H6:H53)) -> 0.24142145 | I58: =I57/SQRT(COUNT(I6:I53)) -> 0.0026641642 | ... M58: =M57/SQRT(COUNT(M6:M53)) -> 0.003470776 | O58: =O57/SQRT(COUNT(O6:O53)) -> 0.094705055 | P58: =P57/SQRT(COUNT(P6:P53)) -> 0.1763465 | Q58: =Q57/SQRT(COUNT(Q6:Q53)) -> 0.0063582183 | R58: =R57/SQRT(COUNT(R6:R53)) -> 0.12377345 | S58: =S57/SQRT(COUNT(S6:S53)) -> 0.12906595 | T58: =T57/SQRT(COUNT(T6:T53)) -> 0.14171977 | U58: =U57/SQRT(COUNT(U6:U53)) -> 0.11980751 | V58: =V57/SQRT(COUNT(V6:V53)) -> 0.12605377
A62: Group names | B62: =B4 -> Solvent control | C62: =C4 -> EE2-33.8ng/L | D62: =D4 -> EE2-50.6ng/L | E62: =E4 -> EE2-76ng/L | F62: =F4 -> EE2-114ng/L | G62: =G4 -> EE2-170.9ng/L | H62: =H4 -> EE2-488ng/L | I62: =I4 -> saccharin-0.01mg/L | ... M62: =M4 -> saccharin-100mg/L | O62: =O4 -> Testo -30µg/L | P62: =P4 -> Testo 30µg/L + EE2 -64ng/L | Q62: =Q4 -> Testo 30µg/L + FAD-10mg/L | R62: =R4 -> saccharin-0.01mg/L + Testostérone | S62: =S4 -> saccharin-0.1mg/L + Testostérone | T62: =T4 -> saccharin-1mg/L + Testostérone | U62: =U4 -> saccharin-10mg/L + Testostérone | V62: =V4 -> saccharin-100mg/L + Testostérone
A63: N | B63: =COUNT(B6:B53) -> 24 | C63: =COUNT(C6:C53) -> 24 | D63: =COUNT(D6:D53) -> 24 | E63: =COUNT(E6:E53) -> 24 | F63: =COUNT(F6:F53) -> 23 | G63: =COUNT(G6:G53) -> 24 | H63: =COUNT(H6:H53) -> 24 | I63: =COUNT(I6:I53) -> 24 | ... M63: =COUNT(M6:M53) -> 24 | O63: =COUNT(O6:O53) -> 48 | P63: =COUNT(P6:P53) -> 24 | Q63: =COUNT(Q6:Q53) -> 24 | R63: =COUNT(R6:R53) -> 24 | S63: =COUNT(S6:S53) -> 24 | T63: =COUNT(T6:T53) -> 24 | U63: =COUNT(U6:U53) -> 24 | V63: =COUNT(V6:V53) -> 24
B64: =IF(B63>=21,"OK","ATTENTION") -> OK | C64: =IF(C63>=21,"OK","ATTENTION") -> OK | D64: =IF(D63>=21,"OK","ATTENTION") -> OK | E64: =IF(E63>=21,"OK","ATTENTION") -> OK | F64: =IF(F63>=21,"OK","ATTENTION") -> OK | G64: =IF(G63>=21,"OK","ATTENTION") -> OK | H64: =IF(H63>=21,"OK","ATTENTION") -> OK | I64: =IF(I63>=21,"OK","ATTENTION") -> OK | ... M64: =IF(M63>=21,"OK","ATTENTION") -> OK | O64: =IF(O63>=41,"OK","ATTENTION") -> OK | P64: =IF(P63>=21,"OK","ATTENTION") -> OK | Q64: =IF(Q63>=21,"OK","ATTENTION") -> OK | R64: =IF(R63>=21,"OK","ATTENTION") -> OK | S64: =IF(S63>=21,"OK","ATTENTION") -> OK | T64: =IF(T63>=21,"OK","ATTENTION") -> OK | U64: =IF(U63>=21,"OK","ATTENTION") -> OK | V64: =IF(V63>=21,"OK","ATTENTION") -> OK
J73: 1 | K73: 2 | L73: 3 | M73: 4 | R73: 1 | S73: 2 | T73: 3 | U73: 4 | V73: 5
A74: Group Name | B74: =B4 -> Solvent control | C74: =C4 -> EE2-33.8ng/L | D74: =D4 -> EE2-50.6ng/L | E74: =E4 -> EE2-76ng/L | F74: =F4 -> EE2-114ng/L | G74: =G4 -> EE2-170.9ng/L | H74: =H4 -> EE2-488ng/L | I74: =I4 -> saccharin-0.01mg/L | ... M74: =M4 -> saccharin-100mg/L | O74: =O4 -> Testo -30µg/L | P74: =P4 -> Testo 30µg/L + EE2 -64ng/L | Q74: =Q4 -> Testo 30µg/L + FAD-10mg/L | R74: =R4 -> saccharin-0.01mg/L + Testostérone | S74: =S4 -> saccharin-0.1mg/L + Testostérone | T74: =T4 -> saccharin-1mg/L + Testostérone | U74: =U4 -> saccharin-10mg/L + Testostérone | V74: =V4 -> saccharin-100mg/L + Testostérone
A75: Mean | B75: =B56 -> 3.0461577e-05 | C75: =C56 -> 0.0054862658 | D75: =D56 -> 0.036925145 | E75: =E56 -> 0.59840336 | F75: =F56 -> 1.0135057 | G75: =G56 -> 2.0018517 | H75: =H56 -> 3.0069112 | I75: =I56 -> 0.0046747246 | ... M75: =M56 -> 0.0060032821 | O75: =O56 -> 1 | P75: =P56 -> 1.9069903 | Q75: =Q56 -> 0.015491852 | R75: =R56 -> 0.68638538 | S75: =S56 -> 0.7398389 | T75: =T56 -> 0.66898956 | U75: =U56 -> 0.57725557 | V75: =V56 -> 0.73605346
A76: SEM | B76: =B58 -> 3.0461577e-05 | C76: =C58 -> 0.0047079545 | D76: =D58 -> 0.034047146 | E76: =E58 -> 0.16996543 | F76: =F58 -> 0.25235306 | G76: =G58 -> 0.18802641 | H76: =H58 -> 0.24142145 | I76: =I58 -> 0.0026641642 | ... M76: =M58 -> 0.003470776 | O76: =O58 -> 0.094705055 | P76: =P58 -> 0.1763465 | Q76: =Q58 -> 0.0063582183 | R76: =R58 -> 0.12377345 | S76: =S58 -> 0.12906595 | T76: =T58 -> 0.14171977 | U76: =U58 -> 0.11980751 | V76: =V58 -> 0.12605377
A77: % induction | B77: =(B75*100/$B$75)-100 -> 0 | C77: =(C75*100/$B$75)-100 -> 17910.446 | D77: =(D75*100/$B$75)-100 -> 121118.76 | E77: =(E75*100/$B$75)-100 -> 1964353 | F77: =(F75*100/$B$75)-100 -> 3327061.1 | G77: =(G75*100/$B$75)-100 -> 6571626.9 | H77: =(H75*100/$B$75)-100 -> 9871060.7 | I77: =(I75*100/$B$75)-100 -> 15246.299 | ... M77: =(M75*100/$B$75)-100 -> 19607.719 | O77: =(O75*100/$O$75)-100 -> 0 | P77: =(P75*100/$O$75)-100 -> 90.699034 | Q77: =(Q75*100/$O$75)-100 -> -98.450815 | R77: =(R75*100/$O$75)-100 -> -31.361462 | S77: =(S75*100/$O$75)-100 -> -26.01611 | T77: =(T75*100/$O$75)-100 -> -33.101044 | U77: =(U75*100/$O$75)-100 -> -42.274443 | V77: =(V75*100/$O$75)-100 -> -26.394654
A78: Normality test : p value | B78: =[1]!DPTEST(B6:B53) -> 9.3036689e-14 | C78: =[1]!DPTEST(C6:C53) -> 1.2556622e-13 | D78: =[1]!DPTEST(D6:D53) -> 1.0180745e-13 | E78: =[1]!DPTEST(E6:E53) -> 0.056724375 | F78: =[1]!DPTEST(F6:F53) -> 0.00061022979 | G78: =[1]!DPTEST(G6:G53) -> 0.75067697 | H78: =[1]!DPTEST(H6:H53) -> 0.20977127 | I78: =[1]!DPTEST(I6:I53) -> 1.6185164e-11 | ... M78: =[1]!DPTEST(M6:M53) -> 6.4634086e-09 | O78: =[1]!DPTEST(O6:O53) -> 0.36182503 | P78: =[1]!DPTEST(P6:P53) -> 0.62430445 | Q78: =[1]!DPTEST(Q6:Q53) -> 4.2530597e-05 | R78: =[1]!DPTEST(R6:R53) -> 0.27751254 | S78: =[1]!DPTEST(S6:S53) -> 0.022223288 | T78: =[1]!DPTEST(T6:T53) -> 0.19374717 | U78: =[1]!DPTEST(U6:U53) -> 2.1145734e-05 | V78: =[1]!DPTEST(V6:V53) -> 0.33543593
A79: Normality test : normal distibution? | B79: =IF(B78>0.05,"Oui","Non") -> Non | C79: =IF(C78>0.05,"Oui","Non") -> Non | D79: =IF(D78>0.05,"Oui","Non") -> Non | E79: =IF(E78>0.05,"Oui","Non") -> Oui | F79: =IF(F78>0.05,"Oui","Non") -> Non | G79: =IF(G78>0.05,"Oui","Non") -> Oui | H79: =IF(H78>0.05,"Oui","Non") -> Oui | I79: =IF(I78>0.05,"Oui","Non") -> Non | ... M79: =IF(M78>0.05,"Oui","Non") -> Non | O79: =IF(O78>0.05,"Oui","Non") -> Oui | P79: =IF(P78>0.05,"Oui","Non") -> Oui | Q79: =IF(Q78>0.05,"Oui","Non") -> Non | R79: =IF(R78>0.05,"Oui","Non") -> Oui | S79: =IF(S78>0.05,"Oui","Non") -> Non | T79: =IF(T78>0.05,"Oui","Non") -> Oui | U79: =IF(U78>0.05,"Oui","Non") -> Non | V79: =IF(V78>0.05,"Oui","Non") -> Oui
A81: Statistical test used | C81: =IF($B79="Non",IF(C79="Non","Mann Withney",IF(C79="Oui","Mann Withney","")),IF($B79="Oui",IF(C79="Oui","T-Test Welch",IF(C79="Non","Mann Withney","")))) -> Mann Withney | D81: =IF($B79="Non",IF(D79="Non","Mann Withney",IF(D79="Oui","Mann Withney","")),IF($B79="Oui",IF(D79="Oui","T-Test Welch",IF(D79="Non","Mann Withney","")))) -> Mann Withney | E81: =IF($B79="Non",IF(E79="Non","Mann Withney",IF(E79="Oui","Mann Withney","")),IF($B79="Oui",IF(E79="Oui","T-Test Welch",IF(E79="Non","Mann Withney","")))) -> Mann Withney | F81: =IF($B79="Non",IF(F79="Non","Mann Withney",IF(F79="Oui","Mann Withney","")),IF($B79="Oui",IF(F79="Oui","T-Test Welch",IF(F79="Non","Mann Withney","")))) -> Mann Withney | G81: =IF($B79="Non",IF(G79="Non","Mann Withney",IF(G79="Oui","Mann Withney","")),IF($B79="Oui",IF(G79="Oui","T-Test Welch",IF(G79="Non","Mann Withney","")))) -> Mann Withney | H81: =IF($B79="Non",IF(H79="Non","Mann Withney",IF(H79="Oui","Mann Withney","")),IF($B79="Oui",IF(H79="Oui","T-Test Welch",IF(H79="Non","Mann Withney","")))) -> Mann Withney | I81: =IF($B79="Non",IF(I79="Non","Mann Withney",IF(I79="Oui","Mann Withney","")),IF($B79="Oui",IF(I79="Oui","T-Test Welch",IF(I79="Non","Mann Withney","")))) -> Mann Withney | J81: =IF($B79="Non",IF(J79="Non","Mann Withney",IF(J79="Oui","Mann Withney","")),IF($B79="Oui",IF(J79="Oui","T-Test Welch",IF(J79="Non","Mann Withney","")))) -> Mann Withney | ... M81: =IF($B79="Non",IF(M79="Non","Mann Withney",IF(M79="Oui","Mann Withney","")),IF($B79="Oui",IF(M79="Oui","T-Test Welch",IF(M79="Non","Mann Withney","")))) -> Mann Withney | O81: =IF($B79="Non",IF(O79="Non","Mann Withney",IF(O79="Oui","Mann Withney","")),IF($B79="Oui",IF(O79="Oui","T-Test Welch",IF(O79="Non","Mann Withney","")))) -> Mann Withney | P81: =IF($O79="Non",IF(P79="Non","Mann Withney",IF(P$79="Oui","Mann Withney","")),IF($O79="Oui",IF(P79="Oui","T-Test Welch",IF(P79="Non","Mann Withney","")))) -> T-Test Welch | Q81: =IF($O79="Non",IF(Q79="Non","Mann Withney",IF(Q$79="Oui","Mann Withney","")),IF($O79="Oui",IF(Q79="Oui","T-Test Welch",IF(Q79="Non","Mann Withney","")))) -> Mann Withney | R81: =IF($O79="Non",IF(R79="Non","Mann Withney",IF(R$79="Oui","Mann Withney","")),IF($O79="Oui",IF(R79="Oui","T-Test Welch",IF(R79="Non","Mann Withney","")))) -> T-Test Welch | S81: =IF($O79="Non",IF(S79="Non","Mann Withney",IF(S$79="Oui","Mann Withney","")),IF($O79="Oui",IF(S79="Oui","T-Test Welch",IF(S79="Non","Mann Withney","")))) -> Mann Withney | T81: =IF($O79="Non",IF(T79="Non","Mann Withney",IF(T$79="Oui","Mann Withney","")),IF($O79="Oui",IF(T79="Oui","T-Test Welch",IF(T79="Non","Mann Withney","")))) -> T-Test Welch | U81: =IF($O79="Non",IF(U79="Non","Mann Withney",IF(U$79="Oui","Mann Withney","")),IF($O79="Oui",IF(U79="Oui","T-Test Welch",IF(U79="Non","Mann Withney","")))) -> Mann Withney | V81: =IF($O79="Non",IF(V79="Non","Mann Withney",IF(V$79="Oui","Mann Withney","")),IF($O79="Oui",IF(V79="Oui","T-Test Welch",IF(V79="Non","Mann Withney","")))) -> T-Test Welch
A82: Statistical test : p value | C82: =IF(C81="Mann Withney",[1]!MTEST($B6:$B53,C6:C53,2), IF(C81="T-Test Welch",_xlfn.T.TEST($B6:$B53,C6:C53,2,3),"")) -> 0.19393085 | D82: =IF(D81="Mann Withney",[1]!MTEST($B6:$B53,D6:D53,2), IF(D81="T-Test Welch",_xlfn.T.TEST($B6:$B53,D6:D53,2,3),"")) -> 0.069596258 | E82: =IF(E81="Mann Withney",[1]!MTEST($B6:$B53,E6:E53,2), IF(E81="T-Test Welch",_xlfn.T.TEST($B6:$B53,E6:E53,2,3),"")) -> 0.0044340083 | F82: =IF(F81="Mann Withney",[1]!MTEST($B6:$B53,F6:F53,2), IF(F81="T-Test Welch",_xlfn.T.TEST($B6:$B53,F6:F53,2,3),"")) -> 1.5123308e-06 | G82: =IF(G81="Mann Withney",[1]!MTEST($B6:$B53,G6:G53,2), IF(G81="T-Test Welch",_xlfn.T.TEST($B6:$B53,G6:G53,2,3),"")) -> 2.8771199e-09 | H82: =IF(H81="Mann Withney",[1]!MTEST($B6:$B53,H6:H53,2), IF(H81="T-Test Welch",_xlfn.T.TEST($B6:$B53,H6:H53,2,3),"")) -> 2.8771199e-09 | I82: =IF(I81="Mann Withney",[1]!MTEST($B6:$B53,I6:I53,2), IF(I81="T-Test Welch",_xlfn.T.TEST($B6:$B53,I6:I53,2,3),"")) -> 0.11952183 | J82: =IF(J81="Mann Withney",[1]!MTEST($B6:$B53,J6:J53,2), IF(J81="T-Test Welch",_xlfn.T.TEST($B6:$B53,J6:J53,2,3),"")) -> 0.41259564 | ... M82: =IF(M81="Mann Withney",[1]!MTEST($B6:$B53,M6:M53,2), IF(M81="T-Test Welch",_xlfn.T.TEST($B6:$B53,M6:M53,2,3),"")) -> 0.29773984 | O82: =IF(O81="Mann Withney",[1]!MTEST($B6:$B37,O6:O53,2), IF(O81="T-Test Welch",_xlfn.T.TEST($B6:$B37,O6:O53,2,3),"")) -> 2.7240466e-08 | P82: =IF(P81="Mann Withney",[1]!MTEST($O6:$O53,P6:P53,2), IF(P81="T-Test Welch",_xlfn.T.TEST($O6:$O53,P6:P53,2,3),"")) -> 6.0303445e-05 | Q82: =IF(Q81="Mann Withney",[1]!MTEST($O6:$O53,Q6:Q53,2), IF(Q81="T-Test Welch",_xlfn.T.TEST($O6:$O53,Q6:Q53,2,3),"")) -> 1.0336141e-09 | R82: =IF(R81="Mann Withney",[1]!MTEST($O6:$O53,R6:R53,2), IF(R81="T-Test Welch",_xlfn.T.TEST($O6:$O53,R6:R53,2,3),"")) -> 0.04964506 | S82: =IF(S81="Mann Withney",[1]!MTEST($O6:$O53,S6:S53,2), IF(S81="T-Test Welch",_xlfn.T.TEST($O6:$O53,S6:S53,2,3),"")) -> 0.1534408 | T82: =IF(T81="Mann Withney",[1]!MTEST($O6:$O53,T6:T53,2), IF(T81="T-Test Welch",_xlfn.T.TEST($O6:$O53,T6:T53,2,3),"")) -> 0.058582185 | U82: =IF(U81="Mann Withney",[1]!MTEST($O6:$O53,U6:U53,2), IF(U81="T-Test Welch",_xlfn.T.TEST($O6:$O53,U6:U53,2,3),"")) -> 0.0060059517 | V82: =IF(V81="Mann Withney",[1]!MTEST($O6:$O53,V6:V53,2), IF(V81="T-Test Welch",_xlfn.T.TEST($O6:$O53,V6:V53,2,3),"")) -> 0.10052543
A83: Annotation | C83: =IF(C82>0.05,"NS",IF(C82>0.01,"*",IF(C82>0.001,"**","***"))) -> NS | D83: =IF(D82>0.05,"NS",IF(D82>0.01,"*",IF(D82>0.001,"**","***"))) -> NS | E83: =IF(E82>0.05,"NS",IF(E82>0.01,"*",IF(E82>0.001,"**","***"))) -> ** | F83: =IF(F82>0.05,"NS",IF(F82>0.01,"*",IF(F82>0.001,"**","***"))) -> *** | G83: =IF(G82>0.05,"NS",IF(G82>0.01,"*",IF(G82>0.001,"**","***"))) -> *** | H83: =IF(H82>0.05,"NS",IF(H82>0.01,"*",IF(H82>0.001,"**","***"))) -> *** | I83: =IF(I82>0.05,"NS",IF(I82>0.01,"*",IF(I82>0.001,"**","***"))) -> NS | J83: =IF(J82>0.05,"NS",IF(J82>0.01,"*",IF(J82>0.001,"**","***"))) -> NS | ... M83: =IF(M82>0.05,"NS",IF(M82>0.01,"*",IF(M82>0.001,"**","***"))) -> NS | O83: =IF(O82>0.05,"NS",IF(O82>0.01,"*",IF(O82>0.001,"**","***"))) -> *** | P83: =IF(P82>0.05,"NS",IF(P82>0.01,"*",IF(P82>0.001,"**","***"))) -> *** | Q83: =IF(Q82>0.05,"NS",IF(Q82>0.01,"*",IF(Q82>0.001,"**","***"))) -> *** | R83: =IF(R82>0.05,"NS",IF(R82>0.01,"*",IF(R82>0.001,"**","***"))) -> * | S83: =IF(S82>0.05,"NS",IF(S82>0.01,"*",IF(S82>0.001,"**","***"))) -> NS | T83: =IF(T82>0.05,"NS",IF(T82>0.01,"*",IF(T82>0.001,"**","***"))) -> NS | U83: =IF(U82>0.05,"NS",IF(U82>0.01,"*",IF(U82>0.001,"**","***"))) -> ** | V83: =IF(V82>0.05,"NS",IF(V82>0.01,"*",IF(V82>0.001,"**","***"))) -> NS
